pattern_id,hole_id,x,y,rl_top_m,rl_floor_m,sample_index,depth_m,pen,torque,rpm,wob,mse
A185-001-15,15-H-001,363695.67,6591869.481,200.018,199.268,0,0.75,0.867189,37.046559,71.278265,16.610545,0.524147
A185-001-15,15-H-001,363695.67,6591869.481,199.268,198.518,1,1.5,0.840257,38.601857,71.818312,15.580766,0.567634
A185-001-15,15-H-001,363695.67,6591869.481,198.518,197.768,2,2.25,0.850807,35.765179,71.669904,16.262549,0.518574
A185-001-15,15-H-001,363695.67,6591869.481,197.768,197.018,3,3.0,0.80236,38.332437,71.809178,16.217257,0.590223
A185-001-15,15-H-001,363695.67,6591869.481,197.018,196.268,4,3.75,0.80288,38.288674,70.001835,14.715703,0.57421
A185-001-15,15-H-001,363695.67,6591869.481,196.268,195.518,5,4.5,0.7714,38.973526,70.269613,16.488546,0.610761
A185-001-15,15-H-001,363695.67,6591869.481,195.518,194.768,6,5.25,0.748744,39.568281,69.554917,16.695875,0.632302
A185-001-15,15-H-001,363695.67,6591869.481,194.768,194.018,7,6.0,0.778449,39.097246,70.362841,16.44161,0.607961
A185-001-15,15-H-001,363695.67,6591869.481,194.018,193.268,8,6.75,0.78598,39.810289,70.769615,15.980485,0.616577
A185-001-15,15-H-001,363695.67,6591869.481,193.268,192.518,9,7.5,0.735824,40.089383,70.231199,17.253378,0.6582
A185-001-15,15-H-001,363695.67,6591869.481,192.518,191.768,10,8.25,0.711572,40.4981,69.665887,16.899806,0.681918
A185-001-15,15-H-001,363695.67,6591869.481,191.768,191.018,11,9.0,0.686846,41.205352,69.998333,18.113058,0.722261
A185-001-15,15-H-001,363695.67,6591869.481,191.018,190.268,12,9.75,0.704115,41.434182,69.24416,17.646853,0.700836
A185-001-15,15-H-001,363695.67,6591869.481,190.268,189.518,13,10.5,0.693338,41.213734,68.299844,16.972601,0.698213
A185-001-15,15-H-001,363695.67,6591869.481,189.518,188.768,14,11.25,0.701155,41.08496,68.866553,19.00912,0.694243
A185-001-15,15-H-001,363695.67,6591869.481,188.768,188.018,15,12.0,0.687234,42.709298,69.380339,19.327462,0.741683
A185-001-15,15-H-001,363695.67,6591869.481,188.018,187.268,16,12.75,0.685645,42.165602,67.613242,19.045109,0.715295
A185-001-15,15-H-001,363695.67,6591869.481,187.268,186.518,17,13.5,0.712665,41.983868,69.930347,16.980494,0.708461
A185-001-15,15-H-001,363695.67,6591869.481,186.518,185.768,18,14.25,0.722574,41.64802,68.681707,17.094161,0.680874
A185-001-15,15-H-001,363695.67,6591869.481,185.768,185.018,19,15.0,0.725697,39.806061,70.904009,17.56384,0.66902
A185-001-15,15-H-001,363695.67,6591869.481,185.018,184.268,20,15.75,0.738759,40.189661,68.52703,16.989008,0.641299
A185-001-15,15-H-001,363695.67,6591869.481,184.268,184.249,21,15.769,0.737633,41.050955,71.082361,17.230075,0.680409
A185-001-15,15-H-002,363695.006,6591862.493,199.965,199.215,0,0.75,0.79782,37.77445,70.436333,16.4637,0.573843
A185-001-15,15-H-002,363695.006,6591862.493,199.215,198.465,1,1.5,0.757862,38.791107,70.19815,16.977351,0.618167
A185-001-15,15-H-002,363695.006,6591862.493,198.465,197.715,2,2.25,0.74303,41.148537,70.668178,17.594016,0.673194
A185-001-15,15-H-002,363695.006,6591862.493,197.715,196.965,3,3.0,0.77853,40.13459,70.386562,16.832206,0.624231
A185-001-15,15-H-002,363695.006,6591862.493,196.965,196.215,4,3.75,0.737718,40.108822,68.59222,17.056963,0.64153
A185-001-15,15-H-002,363695.006,6591862.493,196.215,195.465,5,4.5,0.745829,38.777198,70.226022,16.22594,0.62804
A185-001-15,15-H-002,363695.006,6591862.493,195.465,194.715,6,5.25,0.714492,41.519324,68.877034,17.816756,0.688465
A185-001-15,15-H-002,363695.006,6591862.493,194.715,193.965,7,6.0,0.77616,39.981457,69.484205,17.322566,0.615839
A185-001-15,15-H-002,363695.006,6591862.493,193.965,193.215,8,6.75,0.755365,42.031332,71.122473,17.14966,0.680678
A185-001-15,15-H-002,363695.006,6591862.493,193.215,192.465,9,7.5,0.746211,39.61216,69.285856,17.037183,0.632735
A185-001-15,15-H-002,363695.006,6591862.493,192.465,191.715,10,8.25,0.704155,41.59602,68.716595,18.466061,0.69828
A185-001-15,15-H-002,363695.006,6591862.493,191.715,190.965,11,9.0,0.703151,42.544727,69.762725,17.635076,0.725925
A185-001-15,15-H-002,363695.006,6591862.493,190.965,190.215,12,9.75,0.683137,44.023561,67.926547,19.231894,0.752928
A185-001-15,15-H-002,363695.006,6591862.493,190.215,189.465,13,10.5,0.677839,44.647073,68.582517,17.801234,0.776744
A185-001-15,15-H-002,363695.006,6591862.493,189.465,188.715,14,11.25,0.670231,43.929799,69.639565,18.783849,0.784951
A185-001-15,15-H-002,363695.006,6591862.493,188.715,187.965,15,12.0,0.675161,43.835578,69.546144,18.382323,0.77648
A185-001-15,15-H-002,363695.006,6591862.493,187.965,187.215,16,12.75,0.649935,44.009994,68.237521,18.114291,0.794504
A185-001-15,15-H-002,363695.006,6591862.493,187.215,186.465,17,13.5,0.673522,42.497723,69.240768,18.127497,0.751342
A185-001-15,15-H-002,363695.006,6591862.493,186.465,185.715,18,14.25,0.69286,42.024081,68.727777,18.23322,0.716995
A185-001-15,15-H-002,363695.006,6591862.493,185.715,184.965,19,15.0,0.702359,44.531281,68.329549,18.517516,0.7451
A185-001-15,15-H-002,363695.006,6591862.493,184.965,184.215,20,15.75,0.683786,41.471126,69.25506,17.822338,0.722384
A185-001-15,15-H-002,363695.006,6591862.493,184.215,183.465,21,16.5,0.698663,42.509595,70.438067,18.051008,0.737068
A185-001-15,15-H-002,363695.006,6591862.493,183.465,183.039,22,16.926,0.672033,43.355169,69.542237,18.986846,0.771589
A185-001-15,15-H-003,363695.821,6591853.406,199.949,199.199,0,0.75,0.777894,39.633492,70.642512,18.067189,0.619351
A185-001-15,15-H-003,363695.821,6591853.406,199.199,198.449,1,1.5,0.792687,40.079667,70.173871,16.236824,0.610367
A185-001-15,15-H-003,363695.821,6591853.406,198.449,197.699,2,2.25,0.789285,39.137402,70.328425,17.143062,0.600048
A185-001-15,15-H-003,363695.821,6591853.406,197.699,196.949,3,3.0,0.736367,41.542635,68.61277,17.142361,0.665813
A185-001-15,15-H-003,363695.821,6591853.406,196.949,196.199,4,3.75,0.738396,40.358778,69.158309,17.641874,0.6503
A185-001-15,15-H-003,363695.821,6591853.406,196.199,195.449,5,4.5,0.736599,39.560219,69.503892,16.62723,0.642085
A185-001-15,15-H-003,363695.821,6591853.406,195.449,194.699,6,5.25,0.763991,40.823371,70.012156,17.974824,0.643661
A185-001-15,15-H-003,363695.821,6591853.406,194.699,193.949,7,6.0,0.682819,41.943509,68.242351,17.253189,0.720883
A185-001-15,15-H-003,363695.821,6591853.406,193.949,193.199,8,6.75,0.762408,41.373859,68.905665,17.418238,0.643296
A185-001-15,15-H-003,363695.821,6591853.406,193.199,192.449,9,7.5,0.684466,42.503934,69.073478,18.531855,0.73774
A185-001-15,15-H-003,363695.821,6591853.406,192.449,191.699,10,8.25,0.660442,42.448624,68.163036,17.820828,0.753381
A185-001-15,15-H-003,363695.821,6591853.406,191.699,190.949,11,9.0,0.70024,43.676442,68.948123,17.572897,0.739547
A185-001-15,15-H-003,363695.821,6591853.406,190.949,190.199,12,9.75,0.663734,46.149545,69.081047,18.882572,0.8259
A185-001-15,15-H-003,363695.821,6591853.406,190.199,189.449,13,10.5,0.64396,43.310899,68.355185,18.812076,0.790595
A185-001-15,15-H-003,363695.821,6591853.406,189.449,188.699,14,11.25,0.647078,43.681015,67.702344,18.913591,0.785957
A185-001-15,15-H-003,363695.821,6591853.406,188.699,187.949,15,12.0,0.644459,44.896433,68.76361,19.749484,0.823813
A185-001-15,15-H-003,363695.821,6591853.406,187.949,187.199,16,12.75,0.645508,44.91155,69.012098,19.494716,0.825688
A185-001-15,15-H-003,363695.821,6591853.406,187.199,186.449,17,13.5,0.652145,43.702366,68.120637,19.123988,0.78508
A185-001-15,15-H-003,363695.821,6591853.406,186.449,185.699,18,14.25,0.68315,45.262062,68.532477,18.133495,0.780781
A185-001-15,15-H-003,363695.821,6591853.406,185.699,184.949,19,15.0,0.650087,43.212562,68.222164,19.072815,0.779908
A185-001-15,15-H-003,363695.821,6591853.406,184.949,184.199,20,15.75,0.692264,43.367715,70.046446,18.640303,0.754697
A185-001-15,15-H-003,363695.821,6591853.406,184.199,184.13,21,15.819,0.663869,44.395477,67.48338,17.813096,0.775984
A185-001-15,15-H-004,363695.871,6591845.531,199.915,199.165,0,0.75,0.843752,36.35701,70.900463,16.007508,0.525798
A185-001-15,15-H-004,363695.871,6591845.531,199.165,198.415,1,1.5,0.819434,40.213915,69.921511,15.694092,0.59029
A185-001-15,15-H-004,363695.871,6591845.531,198.415,197.665,2,2.25,0.801868,37.717954,70.419836,16.496188,0.569977
A185-001-15,15-H-004,363695.871,6591845.531,197.665,196.915,3,3.0,0.810279,37.705688,71.432511,16.09058,0.571929
A185-001-15,15-H-004,363695.871,6591845.531,196.915,196.165,4,3.75,0.782068,38.336903,70.038145,15.778498,0.590617
A185-001-15,15-H-004,363695.871,6591845.531,196.165,195.415,5,4.5,0.765375,39.31538,69.486334,16.453399,0.614032
A185-001-15,15-H-004,363695.871,6591845.531,195.415,194.665,6,5.25,0.78306,39.203438,69.357929,17.323261,0.597509
A185-001-15,15-H-004,363695.871,6591845.531,194.665,193.915,7,6.0,0.786987,39.7286,70.98873,16.626436,0.616506
A185-001-15,15-H-004,363695.871,6591845.531,193.915,193.165,8,6.75,0.773158,39.4409,70.328781,16.454981,0.617174
A185-001-15,15-H-004,363695.871,6591845.531,193.165,192.415,9,7.5,0.746212,40.184627,70.662378,16.367277,0.654477
A185-001-15,15-H-004,363695.871,6591845.531,192.415,191.665,10,8.25,0.750184,40.908525,70.159927,17.485158,0.658152
A185-001-15,15-H-004,363695.871,6591845.531,191.665,190.915,11,9.0,0.731029,41.674786,68.906031,17.362555,0.67568
A185-001-15,15-H-004,363695.871,6591845.531,190.915,190.165,12,9.75,0.693451,42.816059,68.972123,16.773512,0.732255
A185-001-15,15-H-004,363695.871,6591845.531,190.165,189.415,13,10.5,0.685255,42.834571,70.033448,18.167504,0.752852
A185-001-15,15-H-004,363695.871,6591845.531,189.415,188.665,14,11.25,0.697122,43.782878,67.80981,18.554658,0.73251
A185-001-15,15-H-004,363695.871,6591845.531,188.665,187.915,15,12.0,0.699685,43.541675,68.899565,19.649135,0.737588
A185-001-15,15-H-004,363695.871,6591845.531,187.915,187.165,16,12.75,0.691201,41.815417,69.19529,17.177539,0.719874
A185-001-15,15-H-004,363695.871,6591845.531,187.165,186.415,17,13.5,0.68541,42.206141,69.921054,17.736132,0.740434
A185-001-15,15-H-004,363695.871,6591845.531,186.415,185.665,18,14.25,0.671035,42.614998,69.496165,17.645685,0.758916
A185-001-15,15-H-004,363695.871,6591845.531,185.665,184.941,19,14.974,0.695407,41.128006,69.328017,17.860474,0.705233
A185-001-15,15-H-005,363688.908,6591865.59,200.013,199.263,0,0.75,0.790197,38.742977,70.436208,17.085885,0.594237
A185-001-15,15-H-005,363688.908,6591865.59,199.263,198.513,1,1.5,0.762517,39.429845,67.992638,16.592314,0.604886
A185-001-15,15-H-005,363688.908,6591865.59,198.513,197.763,2,2.25,0.75912,40.884177,70.518917,16.967268,0.653296
A185-001-15,15-H-005,363688.908,6591865.59,197.763,197.013,3,3.0,0.765996,41.531519,69.143535,17.648498,0.644965
A185-001-15,15-H-005,363688.908,6591865.59,197.013,196.263,4,3.75,0.74111,38.855855,70.499037,17.475047,0.635911
A185-001-15,15-H-005,363688.908,6591865.59,196.263,195.513,5,4.5,0.770164,40.749147,69.957615,17.385386,0.636796
A185-001-15,15-H-005,363688.908,6591865.59,195.513,194.763,6,5.25,0.748049,38.98946,70.439506,15.861687,0.631463
A185-001-15,15-H-005,363688.908,6591865.59,194.763,194.013,7,6.0,0.770959,39.910721,70.377395,17.711461,0.626862
A185-001-15,15-H-005,363688.908,6591865.59,194.013,193.263,8,6.75,0.731704,41.883815,70.674157,18.239901,0.695895
A185-001-15,15-H-005,363688.908,6591865.59,193.263,192.513,9,7.5,0.751865,41.248267,67.359897,17.947329,0.635837
A185-001-15,15-H-005,363688.908,6591865.59,192.513,191.763,10,8.25,0.686499,42.120717,68.771519,18.077054,0.725717
A185-001-15,15-H-005,363688.908,6591865.59,191.763,191.013,11,9.0,0.686488,43.274478,70.141106,18.44889,0.760397
A185-001-15,15-H-005,363688.908,6591865.59,191.013,190.263,12,9.75,0.691008,42.459853,70.628353,17.718401,0.746304
A185-001-15,15-H-005,363688.908,6591865.59,190.263,189.513,13,10.5,0.696273,43.006573,69.324529,17.711624,0.736377
A185-001-15,15-H-005,363688.908,6591865.59,189.513,188.763,14,11.25,0.677454,42.431582,69.67364,18.907793,0.750579
A185-001-15,15-H-005,363688.908,6591865.59,188.763,188.013,15,12.0,0.665579,43.137684,68.507538,18.416322,0.763584
A185-001-15,15-H-005,363688.908,6591865.59,188.013,187.263,16,12.75,0.664133,45.052177,67.965682,19.30514,0.79291
A185-001-15,15-H-005,363688.908,6591865.59,187.263,186.513,17,13.5,0.63283,44.088578,68.078479,19.801168,0.815678
A185-001-15,15-H-005,363688.908,6591865.59,186.513,185.763,18,14.25,0.650951,44.788874,67.571758,18.505868,0.79946
A185-001-15,15-H-005,363688.908,6591865.59,185.763,185.013,19,15.0,0.659479,45.096014,67.010523,18.49126,0.787966
A185-001-15,15-H-005,363688.908,6591865.59,185.013,184.263,20,15.75,0.667021,43.576614,68.914741,18.420398,0.774231
A185-001-15,15-H-005,363688.908,6591865.59,184.263,184.237,21,15.776,0.676305,44.014378,69.249138,17.873825,0.774947
A185-001-15,15-H-006,363689.011,6591857.634,199.982,199.232,0,0.75,0.82134,38.117568,70.750851,16.901964,0.565069
A185-001-15,15-H-006,363689.011,6591857.634,199.232,198.482,1,1.5,0.75178,39.977092,70.563895,16.208532,0.645383
A185-001-15,15-H-006,363689.011,6591857.634,198.482,197.732,2,2.25,0.769143,40.35493,70.031666,16.962741,0.632105
A185-001-15,15-H-006,363689.011,6591857.634,197.732,196.982,3,3.0,0.763066,40.264892,68.317866,18.445199,0.620379
A185-001-15,15-H-006,363689.011,6591857.634,196.982,196.232,4,3.75,0.77563,39.422881,68.318838,16.655502,0.59744
A185-001-15,15-H-006,363689.011,6591857.634,196.232,195.482,5,4.5,0.768503,39.072136,69.045746,16.615806,0.603948
A185-001-15,15-H-006,363689.011,6591857.634,195.482,194.732,6,5.25,0.769776,39.437782,70.605053,17.92517,0.622434
A185-001-15,15-H-006,363689.011,6591857.634,194.732,193.982,7,6.0,0.707018,41.924685,70.305491,18.025184,0.717041
A185-001-15,15-H-006,363689.011,6591857.634,193.982,193.232,8,6.75,0.71728,43.275816,69.109934,16.512162,0.71697
A185-001-15,15-H-006,363689.011,6591857.634,193.232,192.482,9,7.5,0.676974,43.217109,68.78529,18.145423,0.755155
A185-001-15,15-H-006,363689.011,6591857.634,192.482,191.732,10,8.25,0.672235,43.770966,68.685535,18.492893,0.769109
A185-001-15,15-H-006,363689.011,6591857.634,191.732,190.982,11,9.0,0.67081,42.425658,68.54468,18.536558,0.745596
A185-001-15,15-H-006,363689.011,6591857.634,190.982,190.232,12,9.75,0.691328,40.788199,69.571031,19.026145,0.706138
A185-001-15,15-H-006,363689.011,6591857.634,190.232,189.482,13,10.5,0.673783,43.705176,68.211229,18.449046,0.760917
A185-001-15,15-H-006,363689.011,6591857.634,189.482,188.732,14,11.25,0.663649,43.781374,67.63089,18.052415,0.767232
A185-001-15,15-H-006,363689.011,6591857.634,188.732,187.982,15,12.0,0.657498,44.130734,68.261887,18.586764,0.787878
A185-001-15,15-H-006,363689.011,6591857.634,187.982,187.232,16,12.75,0.627794,44.874123,67.211704,20.455003,0.826264
A185-001-15,15-H-006,363689.011,6591857.634,187.232,186.482,17,13.5,0.630728,44.519063,66.756867,19.836294,0.810364
A185-001-15,15-H-006,363689.011,6591857.634,186.482,185.732,18,14.25,0.656279,43.600162,69.00861,18.129028,0.788325
A185-001-15,15-H-006,363689.011,6591857.634,185.732,184.982,19,15.0,0.668714,44.138057,68.687815,19.309383,0.779737
A185-001-15,15-H-006,363689.011,6591857.634,184.982,184.232,20,15.75,0.669123,42.606549,69.354948,18.846228,0.759532
A185-001-15,15-H-006,363689.011,6591857.634,184.232,183.859,21,16.123,0.65949,44.538261,69.20027,18.138707,0.803549
A185-001-15,15-H-007,363688.876,6591849.274,199.996,199.246,0,0.75,0.841538,36.715639,71.794032,15.651528,0.538999
A185-001-15,15-H-007,363688.876,6591849.274,199.246,198.496,1,1.5,0.758874,38.15381,71.141023,15.393885,0.615173
A185-001-15,15-H-007,363688.876,6591849.274,198.496,197.746,2,2.25,0.818289,37.935221,70.306296,16.120323,0.560836
A185-001-15,15-H-007,363688.876,6591849.274,197.746,196.996,3,3.0,0.796791,39.316688,71.295132,16.456977,0.605224
A185-001-15,15-H-007,363688.876,6591849.274,196.996,196.246,4,3.75,0.78445,38.160538,69.729478,16.292923,0.583617
A185-001-15,15-H-007,363688.876,6591849.274,196.246,195.496,5,4.5,0.790512,39.059652,70.873808,16.557173,0.602484
A185-001-15,15-H-007,363688.876,6591849.274,195.496,194.746,6,5.25,0.768012,36.804628,70.355606,17.341963,0.58023
A185-001-15,15-H-007,363688.876,6591849.274,194.746,193.996,7,6.0,0.764071,39.323687,70.219508,16.255054,0.621652
A185-001-15,15-H-007,363688.876,6591849.274,193.996,193.246,8,6.75,0.778673,39.342825,69.047113,15.580537,0.600088
A185-001-15,15-H-007,363688.876,6591849.274,193.246,192.496,9,7.5,0.766067,37.054301,69.355644,17.119551,0.577309
A185-001-15,15-H-007,363688.876,6591849.274,192.496,191.746,10,8.25,0.732231,38.176437,68.758687,16.416686,0.616693
A185-001-15,15-H-007,363688.876,6591849.274,191.746,190.996,11,9.0,0.765586,40.254266,69.304371,16.61774,0.626854
A185-001-15,15-H-007,363688.876,6591849.274,190.996,190.246,12,9.75,0.717798,41.751348,69.570459,17.408647,0.695988
A185-001-15,15-H-007,363688.876,6591849.274,190.246,189.496,13,10.5,0.6753,43.234061,69.444532,18.678862,0.764619
A185-001-15,15-H-007,363688.876,6591849.274,189.496,188.746,14,11.25,0.718317,42.310984,70.718341,18.022571,0.716449
A185-001-15,15-H-007,363688.876,6591849.274,188.746,187.996,15,12.0,0.691722,42.54246,69.134215,19.191463,0.731404
A185-001-15,15-H-007,363688.876,6591849.274,187.996,187.246,16,12.75,0.675915,43.034432,68.426592,17.713216,0.749179
A185-001-15,15-H-007,363688.876,6591849.274,187.246,186.496,17,13.5,0.647036,42.362721,69.111469,17.528784,0.778006
A185-001-15,15-H-007,363688.876,6591849.274,186.496,185.746,18,14.25,0.662074,43.536543,68.622006,17.244303,0.77584
A185-001-15,15-H-007,363688.876,6591849.274,185.746,184.996,19,15.0,0.687002,43.405591,69.781061,17.653369,0.758128
A185-001-15,15-H-007,363688.876,6591849.274,184.996,184.246,20,15.75,0.725769,41.230373,69.53536,17.613926,0.679487
A185-001-15,15-H-007,363688.876,6591849.274,184.246,183.598,21,16.398,0.715943,41.624303,69.544329,17.433308,0.695412
A185-001-15,15-H-008,363689.629,6591841.447,200.023,199.273,0,0.75,0.854935,36.054864,71.134807,14.387301,0.516147
A185-001-15,15-H-008,363689.629,6591841.447,199.273,198.523,1,1.5,0.837502,36.900848,71.431387,15.473956,0.541548
A185-001-15,15-H-008,363689.629,6591841.447,198.523,197.773,2,2.25,0.819235,37.558523,70.632398,17.479302,0.557376
A185-001-15,15-H-008,363689.629,6591841.447,197.773,197.023,3,3.0,0.837109,37.445443,71.340069,16.010696,0.549134
A185-001-15,15-H-008,363689.629,6591841.447,197.023,196.273,4,3.75,0.808944,38.353015,70.992811,16.188665,0.579109
A185-001-15,15-H-008,363689.629,6591841.447,196.273,195.523,5,4.5,0.784447,37.641652,69.393133,16.923051,0.573019
A185-001-15,15-H-008,363689.629,6591841.447,195.523,194.773,6,5.25,0.793913,39.459138,68.7893,17.390225,0.588362
A185-001-15,15-H-008,363689.629,6591841.447,194.773,194.023,7,6.0,0.799979,40.086906,70.370597,16.692415,0.606675
A185-001-15,15-H-008,363689.629,6591841.447,194.023,193.273,8,6.75,0.775981,38.821517,71.451343,17.134348,0.615023
A185-001-15,15-H-008,363689.629,6591841.447,193.273,192.523,9,7.5,0.753628,39.62083,69.531543,17.171137,0.628895
A185-001-15,15-H-008,363689.629,6591841.447,192.523,191.773,10,8.25,0.785089,37.413692,70.135957,15.877347,0.575041
A185-001-15,15-H-008,363689.629,6591841.447,191.773,191.023,11,9.0,0.750073,39.761468,68.736608,17.524759,0.626919
A185-001-15,15-H-008,363689.629,6591841.447,191.023,190.273,12,9.75,0.77209,40.351205,68.48129,17.299699,0.615789
A185-001-15,15-H-008,363689.629,6591841.447,190.273,189.523,13,10.5,0.760699,40.41297,69.912711,17.265173,0.638968
A185-001-15,15-H-008,363689.629,6591841.447,189.523,188.773,14,11.25,0.761442,39.837799,70.004787,16.590758,0.630035
A185-001-15,15-H-008,363689.629,6591841.447,188.773,188.023,15,12.0,0.700295,42.065809,69.286766,18.132807,0.715854
A185-001-15,15-H-008,363689.629,6591841.447,188.023,187.273,16,12.75,0.74153,41.4723,68.037429,18.556694,0.65473
A185-001-15,15-H-008,363689.629,6591841.447,187.273,186.523,17,13.5,0.72229,40.651437,68.847816,17.101984,0.666495
A185-001-15,15-H-008,363689.629,6591841.447,186.523,185.773,18,14.25,0.739937,42.740549,69.670796,17.435521,0.692172
A185-001-15,15-H-008,363689.629,6591841.447,185.773,185.023,19,15.0,0.742023,42.320043,69.877405,17.45289,0.685485
A185-001-15,15-H-008,363689.629,6591841.447,185.023,184.273,20,15.75,0.768688,39.025151,68.214906,16.555721,0.59584
A185-001-15,15-H-008,363689.629,6591841.447,184.273,184.264,21,15.759,0.702194,40.563424,69.616266,17.405882,0.69168
A185-001-15,15-H-009,363681.79,6591869.671,199.947,199.197,0,0.75,0.840365,36.018702,69.513229,16.194477,0.512842
A185-001-15,15-H-009,363681.79,6591869.671,199.197,198.447,1,1.5,0.853722,34.658172,70.229316,15.944828,0.490808
A185-001-15,15-H-009,363681.79,6591869.671,198.447,197.697,2,2.25,0.826071,37.983823,72.639878,14.955817,0.574539
A185-001-15,15-H-009,363681.79,6591869.671,197.697,196.947,3,3.0,0.791619,38.586594,69.856543,16.922571,0.585923
A185-001-15,15-H-009,363681.79,6591869.671,196.947,196.197,4,3.75,0.803595,38.525944,70.196384,16.029312,0.579003
A185-001-15,15-H-009,363681.79,6591869.671,196.197,195.447,5,4.5,0.812073,39.553823,70.006413,15.996415,0.586623
A185-001-15,15-H-009,363681.79,6591869.671,195.447,194.697,6,5.25,0.794996,40.419904,72.017653,16.923111,0.629906
A185-001-15,15-H-009,363681.79,6591869.671,194.697,193.947,7,6.0,0.797314,36.917056,69.820747,16.375819,0.55632
A185-001-15,15-H-009,363681.79,6591869.671,193.947,193.197,8,6.75,0.783136,39.46912,70.98559,17.182924,0.615535
A185-001-15,15-H-009,363681.79,6591869.671,193.197,192.447,9,7.5,0.754981,39.860291,69.728871,16.942098,0.633312
A185-001-15,15-H-009,363681.79,6591869.671,192.447,191.697,10,8.25,0.770625,39.540922,69.215885,16.07263,0.610923
A185-001-15,15-H-009,363681.79,6591869.671,191.697,190.947,11,9.0,0.74467,39.883397,68.900008,17.051925,0.634825
A185-001-15,15-H-009,363681.79,6591869.671,190.947,190.197,12,9.75,0.717597,41.533758,69.72409,17.187294,0.694063
A185-001-15,15-H-009,363681.79,6591869.671,190.197,189.447,13,10.5,0.736454,41.474527,69.002786,17.267842,0.668428
A185-001-15,15-H-009,363681.79,6591869.671,189.447,188.697,14,11.25,0.73609,42.837465,69.5562,17.555592,0.696223
A185-001-15,15-H-009,363681.79,6591869.671,188.697,187.947,15,12.0,0.694954,42.007663,69.526315,18.233158,0.722839
A185-001-15,15-H-009,363681.79,6591869.671,187.947,187.197,16,12.75,0.718766,42.093276,69.655588,17.937631,0.701647
A185-001-15,15-H-009,363681.79,6591869.671,187.197,186.447,17,13.5,0.699874,41.098269,69.112085,17.836819,0.698063
A185-001-15,15-H-009,363681.79,6591869.671,186.447,185.697,18,14.25,0.74347,40.33988,69.632472,16.852288,0.649891
A185-001-15,15-H-009,363681.79,6591869.671,185.697,184.947,19,15.0,0.761372,41.316953,69.096523,17.240184,0.64504
A185-001-15,15-H-009,363681.79,6591869.671,184.947,184.634,20,15.313,0.704223,40.938424,68.54138,16.95024,0.68528
A185-001-15,15-H-010,363681.738,6591861.549,199.962,199.212,0,0.75,0.828863,38.659027,70.462211,16.401925,0.565515
A185-001-15,15-H-010,363681.738,6591861.549,199.212,198.462,1,1.5,0.752817,39.029856,70.130888,16.339529,0.625439
A185-001-15,15-H-010,363681.738,6591861.549,198.462,197.712,2,2.25,0.785496,39.699499,68.655001,16.779715,0.597016
A185-001-15,15-H-010,363681.738,6591861.549,197.712,196.962,3,3.0,0.778604,39.928477,70.429728,17.406755,0.621426
A185-001-15,15-H-010,363681.738,6591861.549,196.962,196.212,4,3.75,0.798348,39.209674,69.554621,16.9906,0.587816
A185-001-15,15-H-010,363681.738,6591861.549,196.212,195.462,5,4.5,0.791525,39.032285,69.598466,15.680542,0.590404
A185-001-15,15-H-010,363681.738,6591861.549,195.462,194.712,6,5.25,0.771438,39.517078,71.518937,16.202088,0.63016
A185-001-15,15-H-010,363681.738,6591861.549,194.712,193.962,7,6.0,0.746132,38.064528,71.622368,16.780194,0.628567
A185-001-15,15-H-010,363681.738,6591861.549,193.962,193.212,8,6.75,0.738444,39.948035,69.478054,18.008077,0.646672
A185-001-15,15-H-010,363681.738,6591861.549,193.212,192.462,9,7.5,0.765262,42.150442,68.211777,17.211645,0.646317
A185-001-15,15-H-010,363681.738,6591861.549,192.462,191.712,10,8.25,0.72625,40.567976,68.134309,17.144857,0.654688
A185-001-15,15-H-010,363681.738,6591861.549,191.712,190.962,11,9.0,0.733306,41.473044,70.257195,18.29187,0.683554
A185-001-15,15-H-010,363681.738,6591861.549,190.962,190.212,12,9.75,0.730263,41.903241,69.360226,17.388984,0.684555
A185-001-15,15-H-010,363681.738,6591861.549,190.212,189.462,13,10.5,0.712791,42.435288,69.353162,16.531956,0.709984
A185-001-15,15-H-010,363681.738,6591861.549,189.462,188.712,14,11.25,0.669737,43.260358,69.71282,17.573571,0.774256
A185-001-15,15-H-010,363681.738,6591861.549,188.712,187.962,15,12.0,0.668903,41.022488,69.121616,16.803977,0.728916
A185-001-15,15-H-010,363681.738,6591861.549,187.962,187.212,16,12.75,0.670849,41.457146,69.445157,18.471167,0.738118
A185-001-15,15-H-010,363681.738,6591861.549,187.212,186.462,17,13.5,0.69306,42.738716,68.409816,18.122378,0.725564
A185-001-15,15-H-010,363681.738,6591861.549,186.462,185.712,18,14.25,0.675206,41.306899,68.946433,17.121805,0.725325
A185-001-15,15-H-010,363681.738,6591861.549,185.712,184.962,19,15.0,0.716671,43.800545,69.373916,17.834945,0.729181
A185-001-15,15-H-010,363681.738,6591861.549,184.962,184.212,20,15.75,0.707633,43.376166,69.211486,17.262972,0.729556
A185-001-15,15-H-010,363681.738,6591861.549,184.212,184.202,21,15.76,0.698734,41.749731,69.717784,16.859019,0.716335
A185-001-15,15-H-011,363681.566,6591854.18,199.962,199.212,0,0.75,0.78924,40.268086,69.824312,16.140409,0.612826
A185-001-15,15-H-011,363681.566,6591854.18,199.212,198.462,1,1.5,0.751524,41.989424,70.704387,16.020822,0.679323
A185-001-15,15-H-011,363681.566,6591854.18,198.462,197.712,2,2.25,0.733332,40.808114,69.084937,18.393533,0.661433
A185-001-15,15-H-011,363681.566,6591854.18,197.712,196.962,3,3.0,0.722018,40.061101,70.269231,16.810404,0.670582
A185-001-15,15-H-011,363681.566,6591854.18,196.962,196.212,4,3.75,0.693289,42.286546,69.593097,17.716086,0.730001
A185-001-15,15-H-011,363681.566,6591854.18,196.212,195.462,5,4.5,0.681223,43.753894,68.51345,18.330885,0.756781
A185-001-15,15-H-011,363681.566,6591854.18,195.462,194.712,6,5.25,0.692701,43.645153,68.478546,17.514766,0.741958
A185-001-15,15-H-011,363681.566,6591854.18,194.712,193.962,7,6.0,0.650088,43.335766,69.648001,17.801987,0.798267
A185-001-15,15-H-011,363681.566,6591854.18,193.962,193.212,8,6.75,0.683664,44.589559,69.567371,18.118877,0.780208
A185-001-15,15-H-011,363681.566,6591854.18,193.212,192.462,9,7.5,0.646267,43.18603,69.574709,19.114279,0.799527
A185-001-15,15-H-011,363681.566,6591854.18,192.462,191.712,10,8.25,0.64889,43.786789,68.039939,18.123199,0.789471
A185-001-15,15-H-011,363681.566,6591854.18,191.712,190.962,11,9.0,0.640825,45.161695,67.899661,19.316835,0.82286
A185-001-15,15-H-011,363681.566,6591854.18,190.962,190.212,12,9.75,0.618926,45.921704,68.117827,18.512563,0.868867
A185-001-15,15-H-011,363681.566,6591854.18,190.212,189.462,13,10.5,0.596098,45.611185,67.733619,18.268944,0.890898
A185-001-15,15-H-011,363681.566,6591854.18,189.462,188.712,14,11.25,0.625724,46.631576,67.591033,18.834339,0.866009
A185-001-15,15-H-011,363681.566,6591854.18,188.712,187.962,15,12.0,0.615833,47.736422,68.175918,19.570199,0.908538
A185-001-15,15-H-011,363681.566,6591854.18,187.962,187.212,16,12.75,0.609337,46.075529,67.115016,20.222092,0.872658
A185-001-15,15-H-011,363681.566,6591854.18,187.212,186.462,17,13.5,0.584382,45.470311,66.457301,19.725023,0.889064
A185-001-15,15-H-011,363681.566,6591854.18,186.462,185.712,18,14.25,0.616973,45.327841,69.573476,19.232659,0.878791
A185-001-15,15-H-011,363681.566,6591854.18,185.712,184.962,19,15.0,0.644376,45.704467,67.834777,19.028642,0.827322
A185-001-15,15-H-011,363681.566,6591854.18,184.962,184.212,20,15.75,0.643857,44.929555,68.53071,19.226619,0.822338
A185-001-15,15-H-011,363681.566,6591854.18,184.212,183.462,21,16.5,0.659932,43.619953,67.434271,18.566778,0.766538
A185-001-15,15-H-011,363681.566,6591854.18,183.462,183.356,22,16.606,0.66595,43.533583,69.692052,18.906828,0.78348
A185-001-15,15-H-012,363682.034,6591845.43,200.081,199.331,0,0.75,0.829719,37.383302,69.888627,16.36557,0.541921
A185-001-15,15-H-012,363682.034,6591845.43,199.331,198.581,1,1.5,0.805695,36.704454,70.874035,14.535563,0.555399
A185-001-15,15-H-012,363682.034,6591845.43,198.581,197.831,2,2.25,0.805819,37.525589,70.61583,17.38633,0.565982
A185-001-15,15-H-012,363682.034,6591845.43,197.831,197.081,3,3.0,0.805173,38.830261,69.676692,16.944297,0.578235
A185-001-15,15-H-012,363682.034,6591845.43,197.081,196.331,4,3.75,0.776845,37.721279,70.382355,16.41132,0.588001
A185-001-15,15-H-012,363682.034,6591845.43,196.331,195.581,5,4.5,0.762486,38.488084,70.946602,15.462496,0.615942
A185-001-15,15-H-012,363682.034,6591845.43,195.581,194.831,6,5.25,0.785511,38.633254,71.280403,16.873454,0.603177
A185-001-15,15-H-012,363682.034,6591845.43,194.831,194.081,7,6.0,0.787094,38.918532,70.243755,16.614731,0.597577
A185-001-15,15-H-012,363682.034,6591845.43,194.081,193.331,8,6.75,0.784995,38.122641,71.700701,17.129495,0.599153
A185-001-15,15-H-012,363682.034,6591845.43,193.331,192.581,9,7.5,0.748198,41.315916,70.230477,17.523621,0.667116
A185-001-15,15-H-012,363682.034,6591845.43,192.581,191.831,10,8.25,0.694984,41.215828,69.76279,17.535563,0.711545
A185-001-15,15-H-012,363682.034,6591845.43,191.831,191.081,11,9.0,0.702241,41.390386,69.279017,17.890148,0.702342
A185-001-15,15-H-012,363682.034,6591845.43,191.081,190.331,12,9.75,0.692232,42.471431,68.968757,18.430038,0.727818
A185-001-15,15-H-012,363682.034,6591845.43,190.331,189.581,13,10.5,0.718639,42.43124,69.447927,18.310835,0.705331
A185-001-15,15-H-012,363682.034,6591845.43,189.581,188.831,14,11.25,0.678222,42.948876,69.20756,18.078414,0.753682
A185-001-15,15-H-012,363682.034,6591845.43,188.831,188.081,15,12.0,0.679626,42.945755,69.443952,19.44669,0.754802
A185-001-15,15-H-012,363682.034,6591845.43,188.081,187.331,16,12.75,0.655724,44.271138,69.114127,18.481971,0.802363
A185-001-15,15-H-012,363682.034,6591845.43,187.331,186.581,17,13.5,0.702006,43.599712,68.18231,18.209598,0.728321
A185-001-15,15-H-012,363682.034,6591845.43,186.581,185.831,18,14.25,0.684974,42.814717,69.956115,17.983893,0.751961
A185-001-15,15-H-012,363682.034,6591845.43,185.831,185.081,19,15.0,0.702972,41.913795,69.613099,18.031714,0.71389
A185-001-15,15-H-012,363682.034,6591845.43,185.081,184.331,20,15.75,0.685833,44.372078,67.848872,17.400481,0.754813
A185-001-15,15-H-012,363682.034,6591845.43,184.331,183.581,21,16.5,0.690701,43.067956,67.558397,17.790472,0.724483
A185-001-15,15-H-012,363682.034,6591845.43,183.581,183.189,22,16.892,0.682995,42.742995,68.82235,18.354647,0.740753
A185-001-15,15-H-013,363682.121,6591837.623,200.05,199.3,0,0.75,0.894839,34.069811,72.575073,14.442121,0.475559
A185-001-15,15-H-013,363682.121,6591837.623,199.3,198.55,1,1.5,0.882859,34.322669,70.93951,15.160943,0.474737
A185-001-15,15-H-013,363682.121,6591837.623,198.55,197.8,2,2.25,0.8499,35.103537,71.452244,16.004219,0.507985
A185-001-15,15-H-013,363682.121,6591837.623,197.8,197.05,3,3.0,0.881884,36.762834,70.559725,15.757706,0.506275
A185-001-15,15-H-013,363682.121,6591837.623,197.05,196.3,4,3.75,0.827806,37.115728,70.871013,16.482625,0.546862
A185-001-15,15-H-013,363682.121,6591837.623,196.3,195.55,5,4.5,0.810257,36.924165,70.623389,15.879912,0.553782
A185-001-15,15-H-013,363682.121,6591837.623,195.55,194.8,6,5.25,0.801182,37.149212,69.622773,15.500068,0.555433
A185-001-15,15-H-013,363682.121,6591837.623,194.8,194.05,7,6.0,0.795924,38.31338,70.770335,17.123181,0.586221
A185-001-15,15-H-013,363682.121,6591837.623,194.05,193.3,8,6.75,0.785335,37.287028,71.438186,17.30788,0.583697
A185-001-15,15-H-013,363682.121,6591837.623,193.3,192.55,9,7.5,0.78438,39.28709,71.062073,16.440531,0.612304
A185-001-15,15-H-013,363682.121,6591837.623,192.55,191.8,10,8.25,0.780626,40.461866,70.082643,16.231318,0.624846
A185-001-15,15-H-013,363682.121,6591837.623,191.8,191.05,11,9.0,0.763264,39.476333,70.355365,16.973559,0.626007
A185-001-15,15-H-013,363682.121,6591837.623,191.05,190.3,12,9.75,0.747942,39.496407,69.137482,17.901616,0.628198
A185-001-15,15-H-013,363682.121,6591837.623,190.3,189.55,13,10.5,0.727844,40.699796,71.055539,17.737611,0.683456
A185-001-15,15-H-013,363682.121,6591837.623,189.55,188.8,14,11.25,0.733319,40.865192,68.919337,17.387383,0.660662
A185-001-15,15-H-013,363682.121,6591837.623,188.8,188.05,15,12.0,0.71371,40.115381,68.932495,17.629926,0.666497
A185-001-15,15-H-013,363682.121,6591837.623,188.05,187.3,16,12.75,0.704177,42.529088,70.114651,17.896067,0.72828
A185-001-15,15-H-013,363682.121,6591837.623,187.3,186.55,17,13.5,0.738856,41.112937,70.3412,17.237716,0.673238
A185-001-15,15-H-013,363682.121,6591837.623,186.55,185.8,18,14.25,0.730489,41.239215,69.243735,18.452068,0.672533
A185-001-15,15-H-013,363682.121,6591837.623,185.8,185.281,19,14.769,0.719036,39.537334,70.391018,17.2326,0.665777
A185-001-15,15-H-014,363675.071,6591865.496,200.073,199.323,0,0.75,0.844176,36.489099,71.578807,15.279466,0.532376
A185-001-15,15-H-014,363675.071,6591865.496,199.323,198.573,1,1.5,0.887982,36.555551,70.016352,15.387331,0.496106
A185-001-15,15-H-014,363675.071,6591865.496,198.573,197.823,2,2.25,0.816868,36.681403,69.330898,16.399746,0.535828
A185-001-15,15-H-014,363675.071,6591865.496,197.823,197.073,3,3.0,0.817337,35.750782,71.797602,15.985406,0.540436
A185-001-15,15-H-014,363675.071,6591865.496,197.073,196.323,4,3.75,0.84573,37.022711,71.712388,15.818872,0.540213
A185-001-15,15-H-014,363675.071,6591865.496,196.323,195.573,5,4.5,0.822247,37.322824,70.130903,16.139921,0.547805
A185-001-15,15-H-014,363675.071,6591865.496,195.573,194.823,6,5.25,0.817035,36.402369,71.673036,16.348216,0.549546
A185-001-15,15-H-014,363675.071,6591865.496,194.823,194.073,7,6.0,0.782194,38.939659,70.989071,16.582098,0.607992
A185-001-15,15-H-014,363675.071,6591865.496,194.073,193.323,8,6.75,0.761876,40.128477,69.363724,17.08442,0.628527
A185-001-15,15-H-014,363675.071,6591865.496,193.323,192.573,9,7.5,0.775319,38.526815,69.285678,15.574665,0.592247
A185-001-15,15-H-014,363675.071,6591865.496,192.573,191.823,10,8.25,0.756152,38.949274,68.887014,16.894215,0.610488
A185-001-15,15-H-014,363675.071,6591865.496,191.823,191.073,11,9.0,0.740424,40.693398,70.591441,17.057347,0.667319
A185-001-15,15-H-014,363675.071,6591865.496,191.073,190.323,12,9.75,0.711333,40.893919,69.706319,18.188829,0.68935
A185-001-15,15-H-014,363675.071,6591865.496,190.323,189.573,13,10.5,0.700696,42.32169,69.255274,17.021537,0.719323
A185-001-15,15-H-014,363675.071,6591865.496,189.573,188.823,14,11.25,0.731849,41.853578,68.347852,18.433949,0.672468
A185-001-15,15-H-014,363675.071,6591865.496,188.823,188.073,15,12.0,0.715953,42.041203,69.359389,17.430637,0.700484
A185-001-15,15-H-014,363675.071,6591865.496,188.073,187.323,16,12.75,0.691897,41.213925,68.505999,17.635577,0.701853
A185-001-15,15-H-014,363675.071,6591865.496,187.323,186.573,17,13.5,0.703717,41.613436,69.971104,18.190569,0.711691
A185-001-15,15-H-014,363675.071,6591865.496,186.573,185.823,18,14.25,0.724786,40.330563,69.453871,16.636308,0.664707
A185-001-15,15-H-014,363675.071,6591865.496,185.823,185.073,19,15.0,0.736071,42.437896,69.941296,16.791676,0.693481
A185-001-15,15-H-014,363675.071,6591865.496,185.073,184.323,20,15.75,0.745158,39.777161,70.403078,17.258331,0.646509
A185-001-15,15-H-014,363675.071,6591865.496,184.323,183.573,21,16.5,0.744482,40.292923,70.749807,15.971023,0.658519
A185-001-15,15-H-014,363675.071,6591865.496,183.573,183.204,22,16.869,0.726188,39.574428,70.680367,17.67762,0.662615
A185-001-15,15-H-015,363675.569,6591857.521,200.103,199.353,0,0.75,0.760763,39.015921,70.022203,15.690419,0.617672
A185-001-15,15-H-015,363675.569,6591857.521,199.353,198.603,1,1.5,0.773271,39.79562,70.028226,16.653423,0.619988
A185-001-15,15-H-015,363675.569,6591857.521,198.603,197.853,2,2.25,0.734218,40.709016,70.913158,17.164058,0.67627
A185-001-15,15-H-015,363675.569,6591857.521,197.853,197.103,3,3.0,0.737258,41.329484,69.708324,17.508342,0.672185
A185-001-15,15-H-015,363675.569,6591857.521,197.103,196.353,4,3.75,0.745068,40.73022,70.913077,16.389853,0.666704
A185-001-15,15-H-015,363675.569,6591857.521,196.353,195.603,5,4.5,0.737193,40.897025,69.921807,17.6587,0.667281
A185-001-15,15-H-015,363675.569,6591857.521,195.603,194.853,6,5.25,0.734144,39.498843,70.331873,17.468556,0.650969
A185-001-15,15-H-015,363675.569,6591857.521,194.853,194.103,7,6.0,0.719785,41.547857,69.364686,16.991062,0.688613
A185-001-15,15-H-015,363675.569,6591857.521,194.103,193.353,8,6.75,0.735835,42.766731,69.174235,17.686858,0.691526
A185-001-15,15-H-015,363675.569,6591857.521,193.353,192.603,9,7.5,0.709758,40.629043,69.241163,18.099337,0.681837
A185-001-15,15-H-015,363675.569,6591857.521,192.603,191.853,10,8.25,0.667969,42.887264,68.63915,16.933383,0.757725
A185-001-15,15-H-015,363675.569,6591857.521,191.853,191.103,11,9.0,0.689587,43.221119,69.398831,18.031567,0.748032
A185-001-15,15-H-015,363675.569,6591857.521,191.103,190.353,12,9.75,0.681444,42.641789,68.092459,18.086392,0.732817
A185-001-15,15-H-015,363675.569,6591857.521,190.353,189.603,13,10.5,0.647113,45.501054,69.141889,19.563457,0.836
A185-001-15,15-H-015,363675.569,6591857.521,189.603,188.853,14,11.25,0.67592,44.042857,67.254682,18.454729,0.753674
A185-001-15,15-H-015,363675.569,6591857.521,188.853,188.103,15,12.0,0.698107,44.348009,69.004775,18.705939,0.753927
A185-001-15,15-H-015,363675.569,6591857.521,188.103,187.353,16,12.75,0.677844,42.675419,68.327033,18.689586,0.739882
A185-001-15,15-H-015,363675.569,6591857.521,187.353,186.603,17,13.5,0.626338,45.553298,66.833817,18.389799,0.835714
A185-001-15,15-H-015,363675.569,6591857.521,186.603,185.853,18,14.25,0.638707,45.620162,67.59163,18.952078,0.830121
A185-001-15,15-H-015,363675.569,6591857.521,185.853,185.103,19,15.0,0.657858,45.650494,68.374662,18.604001,0.815831
A185-001-15,15-H-015,363675.569,6591857.521,185.103,184.353,20,15.75,0.665291,43.896622,68.226179,18.358731,0.774125
A185-001-15,15-H-015,363675.569,6591857.521,184.353,183.933,21,16.17,0.677292,44.446511,68.265534,18.118773,0.770359
A185-001-15,15-H-016,363674.377,6591850.015,199.995,199.245,0,0.75,0.790768,37.644918,69.692564,16.495094,0.570897
A185-001-15,15-H-016,363674.377,6591850.015,199.245,198.495,1,1.5,0.724646,40.979764,71.190827,16.904267,0.69238
A185-001-15,15-H-016,363674.377,6591850.015,198.495,197.745,2,2.25,0.735453,40.714465,70.925982,17.716583,0.675418
A185-001-15,15-H-016,363674.377,6591850.015,197.745,196.995,3,3.0,0.776262,40.366883,70.609438,16.431662,0.631599
A185-001-15,15-H-016,363674.377,6591850.015,196.995,196.245,4,3.75,0.738608,41.477754,70.145234,16.585714,0.677455
A185-001-15,15-H-016,363674.377,6591850.015,196.245,195.495,5,4.5,0.732051,40.52619,70.033938,18.172949,0.667006
A185-001-15,15-H-016,363674.377,6591850.015,195.495,194.745,6,5.25,0.75475,41.189263,69.727852,17.094909,0.654567
A185-001-15,15-H-016,363674.377,6591850.015,194.745,193.995,7,6.0,0.718201,41.564347,68.91907,17.270585,0.686012
A185-001-15,15-H-016,363674.377,6591850.015,193.995,193.245,8,6.75,0.696747,40.218688,69.958423,17.570833,0.694571
A185-001-15,15-H-016,363674.377,6591850.015,193.245,192.495,9,7.5,0.67625,41.140648,69.808474,17.72772,0.730368
A185-001-15,15-H-016,363674.377,6591850.015,192.495,191.745,10,8.25,0.67908,43.550834,67.686914,18.932718,0.746633
A185-001-15,15-H-016,363674.377,6591850.015,191.745,190.995,11,9.0,0.668044,43.072567,68.661464,17.953411,0.761276
A185-001-15,15-H-016,363674.377,6591850.015,190.995,190.245,12,9.75,0.641014,45.118382,68.06213,18.62064,0.823708
A185-001-15,15-H-016,363674.377,6591850.015,190.245,189.495,13,10.5,0.647813,42.544032,68.178299,18.743998,0.770032
A185-001-15,15-H-016,363674.377,6591850.015,189.495,188.745,14,11.25,0.621452,45.179405,67.631184,18.303156,0.8453
A185-001-15,15-H-016,363674.377,6591850.015,188.745,187.995,15,12.0,0.660043,44.981013,67.763648,18.963483,0.794151
A185-001-15,15-H-016,363674.377,6591850.015,187.995,187.245,16,12.75,0.649416,45.151229,69.168169,18.376157,0.826826
A185-001-15,15-H-016,363674.377,6591850.015,187.245,186.495,17,13.5,0.623183,43.738458,68.538478,18.406319,0.827076
A185-001-15,15-H-016,363674.377,6591850.015,186.495,185.745,18,14.25,0.6651,43.772,68.042536,19.815853,0.770258
A185-001-15,15-H-016,363674.377,6591850.015,185.745,184.995,19,15.0,0.653093,43.24835,68.250317,17.886425,0.777146
A185-001-15,15-H-016,363674.377,6591850.015,184.995,184.245,20,15.75,0.667539,42.850983,69.332353,18.732405,0.765421
A185-001-15,15-H-016,363674.377,6591850.015,184.245,184.07,21,15.925,0.691355,41.159934,69.135694,18.047081,0.707962
A185-001-15,15-H-017,363674.885,6591841.408,199.988,199.238,0,0.75,0.814397,38.872612,70.919545,16.189362,0.582411
A185-001-15,15-H-017,363674.885,6591841.408,199.238,198.488,1,1.5,0.808732,39.057792,69.608375,16.028744,0.578384
A185-001-15,15-H-017,363674.885,6591841.408,198.488,197.738,2,2.25,0.794056,41.315047,70.170769,16.541924,0.628047
A185-001-15,15-H-017,363674.885,6591841.408,197.738,196.988,3,3.0,0.756893,40.050687,70.978477,16.935454,0.646062
A185-001-15,15-H-017,363674.885,6591841.408,196.988,196.238,4,3.75,0.802578,39.435095,68.106351,16.682188,0.575839
A185-001-15,15-H-017,363674.885,6591841.408,196.238,195.488,5,4.5,0.756623,39.574442,69.073741,16.45414,0.621491
A185-001-15,15-H-017,363674.885,6591841.408,195.488,194.738,6,5.25,0.808657,38.5211,68.508989,17.035798,0.561658
A185-001-15,15-H-017,363674.885,6591841.408,194.738,193.988,7,6.0,0.756846,41.76944,70.041812,17.354532,0.664929
A185-001-15,15-H-017,363674.885,6591841.408,193.988,193.238,8,6.75,0.747724,40.9767,69.92908,17.549978,0.659246
A185-001-15,15-H-017,363674.885,6591841.408,193.238,192.488,9,7.5,0.748915,43.019673,70.110747,17.425387,0.692684
A185-001-15,15-H-017,363674.885,6591841.408,192.488,191.738,10,8.25,0.742173,41.005494,69.910526,17.646971,0.664462
A185-001-15,15-H-017,363674.885,6591841.408,191.738,190.988,11,9.0,0.729388,41.950656,69.15765,17.707745,0.684187
A185-001-15,15-H-017,363674.885,6591841.408,190.988,190.238,12,9.75,0.681715,43.380965,70.21617,18.054404,0.768355
A185-001-15,15-H-017,363674.885,6591841.408,190.238,189.488,13,10.5,0.679311,43.38361,69.331257,19.156503,0.761557
A185-001-15,15-H-017,363674.885,6591841.408,189.488,188.738,14,11.25,0.664738,43.270059,66.883907,19.206503,0.748861
A185-001-15,15-H-017,363674.885,6591841.408,188.738,187.988,15,12.0,0.671699,44.713405,68.112133,18.0325,0.779645
A185-001-15,15-H-017,363674.885,6591841.408,187.988,187.238,16,12.75,0.644054,44.237443,68.012407,18.555644,0.803274
A185-001-15,15-H-017,363674.885,6591841.408,187.238,186.488,17,13.5,0.678927,44.071836,68.162582,18.911317,0.760999
A185-001-15,15-H-017,363674.885,6591841.408,186.488,185.738,18,14.25,0.647636,42.899856,68.72988,17.534627,0.782783
A185-001-15,15-H-017,363674.885,6591841.408,185.738,184.988,19,15.0,0.690798,42.395258,68.642631,17.731712,0.724504
A185-001-15,15-H-017,363674.885,6591841.408,184.988,184.238,20,15.75,0.729152,39.468375,68.941786,16.929491,0.64194
A185-001-15,15-H-017,363674.885,6591841.408,184.238,183.993,21,15.995,0.728154,41.894697,69.873648,17.607654,0.691483
A185-001-15,15-H-018,363667.448,6591869.539,199.957,199.207,0,0.75,0.89323,34.297174,71.973457,14.918954,0.475677
A185-001-15,15-H-018,363667.448,6591869.539,199.207,198.457,1,1.5,0.85296,35.280273,72.288499,15.85809,0.514622
A185-001-15,15-H-018,363667.448,6591869.539,198.457,197.707,2,2.25,0.856551,34.587117,71.92784,14.77085,0.499813
A185-001-15,15-H-018,363667.448,6591869.539,197.707,196.957,3,3.0,0.873649,34.081738,72.513467,14.037503,0.48676
A185-001-15,15-H-018,363667.448,6591869.539,196.957,196.207,4,3.75,0.859705,34.091907,71.161394,14.502535,0.485637
A185-001-15,15-H-018,363667.448,6591869.539,196.207,195.457,5,4.5,0.844775,35.508044,71.321353,15.293179,0.515892
A185-001-15,15-H-018,363667.448,6591869.539,195.457,194.707,6,5.25,0.837538,35.237934,72.378065,16.003144,0.524099
A185-001-15,15-H-018,363667.448,6591869.539,194.707,193.957,7,6.0,0.844501,34.226025,71.377018,14.558335,0.497791
A185-001-15,15-H-018,363667.448,6591869.539,193.957,193.207,8,6.75,0.836341,35.731429,70.772334,16.208944,0.520432
A185-001-15,15-H-018,363667.448,6591869.539,193.207,192.457,9,7.5,0.831981,36.894815,71.29529,16.091816,0.54408
A185-001-15,15-H-018,363667.448,6591869.539,192.457,191.707,10,8.25,0.829098,37.315643,70.718913,16.967007,0.547828
A185-001-15,15-H-018,363667.448,6591869.539,191.707,190.957,11,9.0,0.804184,38.44688,69.6123,16.754711,0.572697
A185-001-15,15-H-018,363667.448,6591869.539,190.957,190.207,12,9.75,0.783386,39.395658,70.838386,16.765631,0.612878
A185-001-15,15-H-018,363667.448,6591869.539,190.207,189.457,13,10.5,0.770757,38.455308,70.468755,17.108368,0.604947
A185-001-15,15-H-018,363667.448,6591869.539,189.457,188.707,14,11.25,0.774216,39.588485,70.452833,17.003137,0.619787
A185-001-15,15-H-018,363667.448,6591869.539,188.707,187.957,15,12.0,0.776358,37.441615,71.504164,16.874183,0.593354
A185-001-15,15-H-018,363667.448,6591869.539,187.957,187.207,16,12.75,0.762457,38.815974,69.937487,17.062866,0.612582
A185-001-15,15-H-018,363667.448,6591869.539,187.207,186.457,17,13.5,0.789453,40.134501,69.914052,16.223028,0.611428
A185-001-15,15-H-018,363667.448,6591869.539,186.457,185.707,18,14.25,0.774194,36.511862,69.327238,16.571682,0.562641
A185-001-15,15-H-018,363667.448,6591869.539,185.707,184.957,19,15.0,0.800494,37.987039,69.8893,17.719863,0.570842
A185-001-15,15-H-018,363667.448,6591869.539,184.957,184.207,20,15.75,0.809743,37.332752,70.601208,17.383335,0.56025
A185-001-15,15-H-018,363667.448,6591869.539,184.207,183.457,21,16.5,0.78929,38.191245,70.923542,15.529857,0.59033
A185-001-15,15-H-018,363667.448,6591869.539,183.457,183.388,22,16.569,0.807986,38.706849,69.963791,16.362664,0.576692
A185-001-15,15-H-019,363667.769,6591861.595,199.951,199.201,0,0.75,0.79884,38.445957,70.647111,15.982974,0.584947
A185-001-15,15-H-019,363667.769,6591861.595,199.201,198.451,1,1.5,0.772766,40.188311,71.091154,17.143945,0.636032
A185-001-15,15-H-019,363667.769,6591861.595,198.451,197.701,2,2.25,0.775657,41.537595,68.615775,17.633078,0.632203
A185-001-15,15-H-019,363667.769,6591861.595,197.701,196.951,3,3.0,0.766228,40.961125,71.003048,16.080405,0.652799
A185-001-15,15-H-019,363667.769,6591861.595,196.951,196.201,4,3.75,0.722238,40.825873,69.855864,17.045129,0.679158
A185-001-15,15-H-019,363667.769,6591861.595,196.201,195.451,5,4.5,0.740879,42.593854,68.717492,16.874872,0.679464
A185-001-15,15-H-019,363667.769,6591861.595,195.451,194.701,6,5.25,0.704817,42.183056,69.753718,17.513549,0.717968
A185-001-15,15-H-019,363667.769,6591861.595,194.701,193.951,7,6.0,0.712095,40.150463,70.050812,17.910263,0.679432
A185-001-15,15-H-019,363667.769,6591861.595,193.951,193.201,8,6.75,0.744684,41.625736,69.591688,17.556728,0.669146
A185-001-15,15-H-019,363667.769,6591861.595,193.201,192.451,9,7.5,0.718986,40.263057,69.370691,17.674458,0.668262
A185-001-15,15-H-019,363667.769,6591861.595,192.451,191.701,10,8.25,0.693451,44.257214,67.943762,17.962373,0.745723
A185-001-15,15-H-019,363667.769,6591861.595,191.701,190.951,11,9.0,0.689265,44.535012,69.118471,17.628712,0.767909
A185-001-15,15-H-019,363667.769,6591861.595,190.951,190.201,12,9.75,0.667195,43.307852,68.153148,16.910713,0.760609
A185-001-15,15-H-019,363667.769,6591861.595,190.201,189.451,13,10.5,0.667408,43.704993,68.279334,19.105957,0.769004
A185-001-15,15-H-019,363667.769,6591861.595,189.451,188.701,14,11.25,0.677292,43.245803,68.543996,18.756049,0.752733
A185-001-15,15-H-019,363667.769,6591861.595,188.701,187.951,15,12.0,0.66043,43.431869,68.901181,18.871005,0.779247
A185-001-15,15-H-019,363667.769,6591861.595,187.951,187.201,16,12.75,0.686423,42.669558,68.498444,18.426572,0.732359
A185-001-15,15-H-019,363667.769,6591861.595,187.201,186.451,17,13.5,0.658744,43.419082,69.088448,18.182273,0.783039
A185-001-15,15-H-019,363667.769,6591861.595,186.451,185.701,18,14.25,0.657135,43.791191,67.062191,18.453168,0.768539
A185-001-15,15-H-019,363667.769,6591861.595,185.701,184.951,19,15.0,0.673818,43.952662,68.359048,17.968343,0.766768
A185-001-15,15-H-019,363667.769,6591861.595,184.951,184.201,20,15.75,0.661933,43.84196,68.549281,18.971255,0.780818
A185-001-15,15-H-019,363667.769,6591861.595,184.201,183.841,21,16.11,0.712504,42.244092,68.894362,19.233615,0.702741
A185-001-15,15-H-020,363668.294,6591852.867,200.105,199.355,0,0.75,0.714543,41.756818,68.66737,17.400154,0.69019
A185-001-15,15-H-020,363668.294,6591852.867,199.355,198.605,1,1.5,0.695507,42.296624,69.601834,17.85117,0.727961
A185-001-15,15-H-020,363668.294,6591852.867,198.605,197.855,2,2.25,0.663597,44.250954,68.744947,18.168253,0.78825
A185-001-15,15-H-020,363668.294,6591852.867,197.855,197.105,3,3.0,0.664522,42.752436,67.916028,17.861871,0.751393
A185-001-15,15-H-020,363668.294,6591852.867,197.105,196.355,4,3.75,0.636824,44.088137,68.74586,18.775537,0.818367
A185-001-15,15-H-020,363668.294,6591852.867,196.355,195.605,5,4.5,0.648086,43.538903,67.37495,19.076892,0.778441
A185-001-15,15-H-020,363668.294,6591852.867,195.605,194.855,6,5.25,0.677142,43.364885,68.338589,18.874027,0.752725
A185-001-15,15-H-020,363668.294,6591852.867,194.855,194.105,7,6.0,0.653845,44.143698,68.953129,18.236427,0.800458
A185-001-15,15-H-020,363668.294,6591852.867,194.105,193.355,8,6.75,0.640022,45.081781,68.171877,19.736322,0.825774
A185-001-15,15-H-020,363668.294,6591852.867,193.355,192.605,9,7.5,0.618812,46.386876,67.643256,18.949536,0.87176
A185-001-15,15-H-020,363668.294,6591852.867,192.605,191.855,10,8.25,0.650514,45.634514,67.583198,19.063895,0.815264
A185-001-15,15-H-020,363668.294,6591852.867,191.855,191.105,11,9.0,0.609291,46.482258,67.868141,19.135714,0.890126
A185-001-15,15-H-020,363668.294,6591852.867,191.105,190.355,12,9.75,0.619563,47.679309,67.049448,19.163183,0.887091
A185-001-15,15-H-020,363668.294,6591852.867,190.355,189.605,13,10.5,0.581993,46.585014,67.625287,19.033014,0.930477
A185-001-15,15-H-020,363668.294,6591852.867,189.605,188.855,14,11.25,0.592096,46.708922,67.076598,19.25717,0.909672
A185-001-15,15-H-020,363668.294,6591852.867,188.855,188.105,15,12.0,0.584756,46.410789,69.39183,20.124271,0.94681
A185-001-15,15-H-020,363668.294,6591852.867,188.105,187.355,16,12.75,0.571651,45.543186,66.795634,20.239883,0.914948
A185-001-15,15-H-020,363668.294,6591852.867,187.355,186.605,17,13.5,0.580005,46.284887,67.651536,19.935378,0.928126
A185-001-15,15-H-020,363668.294,6591852.867,186.605,185.855,18,14.25,0.633674,45.588644,67.417139,19.287794,0.834008
A185-001-15,15-H-020,363668.294,6591852.867,185.855,185.105,19,15.0,0.628739,45.009781,68.441429,17.808445,0.842286
A185-001-15,15-H-020,363668.294,6591852.867,185.105,184.355,20,15.75,0.645248,45.376826,69.707737,18.00639,0.842762
A185-001-15,15-H-020,363668.294,6591852.867,184.355,184.217,21,15.888,0.639023,44.531635,68.693074,18.185489,0.823038
A185-001-15,15-H-021,363667.751,6591845.182,199.951,199.201,0,0.75,0.800291,40.35139,70.650604,16.998714,0.612885
A185-001-15,15-H-021,363667.751,6591845.182,199.201,198.451,1,1.5,0.746245,41.007955,69.400988,17.318472,0.656046
A185-001-15,15-H-021,363667.751,6591845.182,198.451,197.701,2,2.25,0.725241,40.346642,69.436438,17.51794,0.664497
A185-001-15,15-H-021,363667.751,6591845.182,197.701,196.951,3,3.0,0.749171,40.087528,69.917832,17.744468,0.643665
A185-001-15,15-H-021,363667.751,6591845.182,196.951,196.201,4,3.75,0.727456,41.723699,69.8621,17.715186,0.689228
A185-001-15,15-H-021,363667.751,6591845.182,196.201,195.451,5,4.5,0.726392,41.982404,68.644217,16.644546,0.682302
A185-001-15,15-H-021,363667.751,6591845.182,195.451,194.701,6,5.25,0.720158,41.125548,69.50136,17.455905,0.682677
A185-001-15,15-H-021,363667.751,6591845.182,194.701,193.951,7,6.0,0.729274,40.420727,70.445771,18.942676,0.671809
A185-001-15,15-H-021,363667.751,6591845.182,193.951,193.201,8,6.75,0.68674,42.378981,68.766539,17.794925,0.729812
A185-001-15,15-H-021,363667.751,6591845.182,193.201,192.451,9,7.5,0.690741,41.642485,68.386688,18.148173,0.70914
A185-001-15,15-H-021,363667.751,6591845.182,192.451,191.701,10,8.25,0.707901,41.231772,68.914581,18.731069,0.690544
A185-001-15,15-H-021,363667.751,6591845.182,191.701,190.951,11,9.0,0.678934,43.875729,69.472157,19.298394,0.772175
A185-001-15,15-H-021,363667.751,6591845.182,190.951,190.201,12,9.75,0.709473,44.09399,67.992517,18.264714,0.726808
A185-001-15,15-H-021,363667.751,6591845.182,190.201,189.451,13,10.5,0.667473,43.69723,68.616409,19.773001,0.772658
A185-001-15,15-H-021,363667.751,6591845.182,189.451,188.701,14,11.25,0.646889,44.192694,68.071587,18.873783,0.799689
A185-001-15,15-H-021,363667.751,6591845.182,188.701,187.951,15,12.0,0.638564,43.340227,68.451349,18.92314,0.798928
A185-001-15,15-H-021,363667.751,6591845.182,187.951,187.201,16,12.75,0.665736,43.368453,68.036465,18.858631,0.762269
A185-001-15,15-H-021,363667.751,6591845.182,187.201,186.451,17,13.5,0.65532,44.578016,67.667194,18.044747,0.791475
A185-001-15,15-H-021,363667.751,6591845.182,186.451,185.701,18,14.25,0.68363,43.466783,67.975586,18.864365,0.743391
A185-001-15,15-H-021,363667.751,6591845.182,185.701,184.951,19,15.0,0.710065,41.273031,68.16705,17.317951,0.68151
A185-001-15,15-H-021,363667.751,6591845.182,184.951,184.403,20,15.548,0.67455,42.929271,69.061922,17.159811,0.755727
A185-001-15,15-H-022,363668.088,6591837.476,199.97,199.22,0,0.75,0.853673,35.028989,70.545957,14.70146,0.498144
A185-001-15,15-H-022,363668.088,6591837.476,199.22,198.47,1,1.5,0.83664,35.478058,70.088591,15.993349,0.511573
A185-001-15,15-H-022,363668.088,6591837.476,198.47,197.72,2,2.25,0.799865,37.122216,70.311008,15.129751,0.561373
A185-001-15,15-H-022,363668.088,6591837.476,197.72,196.97,3,3.0,0.799898,39.328419,70.499929,15.78239,0.596275
A185-001-15,15-H-022,363668.088,6591837.476,196.97,196.22,4,3.75,0.796625,37.991254,70.569582,15.412783,0.57895
A185-001-15,15-H-022,363668.088,6591837.476,196.22,195.47,5,4.5,0.804524,37.529726,71.78262,16.185203,0.576139
A185-001-15,15-H-022,363668.088,6591837.476,195.47,194.72,6,5.25,0.799176,38.031975,70.157567,16.308196,0.574471
A185-001-15,15-H-022,363668.088,6591837.476,194.72,193.97,7,6.0,0.769796,38.336875,70.473801,16.02886,0.603753
A185-001-15,15-H-022,363668.088,6591837.476,193.97,193.22,8,6.75,0.792094,39.075078,71.398261,15.970747,0.605886
A185-001-15,15-H-022,363668.088,6591837.476,193.22,192.47,9,7.5,0.804292,38.64045,70.618916,16.492674,0.583754
A185-001-15,15-H-022,363668.088,6591837.476,192.47,191.72,10,8.25,0.784757,39.573137,69.083652,15.906486,0.599281
A185-001-15,15-H-022,363668.088,6591837.476,191.72,190.97,11,9.0,0.778683,41.531483,69.6165,16.482973,0.638674
A185-001-15,15-H-022,363668.088,6591837.476,190.97,190.22,12,9.75,0.741985,40.097743,69.968124,16.91529,0.650408
A185-001-15,15-H-022,363668.088,6591837.476,190.22,189.47,13,10.5,0.754233,39.986086,69.702034,17.545841,0.635761
A185-001-15,15-H-022,363668.088,6591837.476,189.47,188.72,14,11.25,0.743174,37.575777,69.995239,16.527014,0.608846
A185-001-15,15-H-022,363668.088,6591837.476,188.72,187.97,15,12.0,0.737681,40.673244,69.113018,17.674969,0.655559
A185-001-15,15-H-022,363668.088,6591837.476,187.97,187.22,16,12.75,0.745226,41.471937,69.866659,15.83982,0.668613
A185-001-15,15-H-022,363668.088,6591837.476,187.22,186.47,17,13.5,0.759127,39.879397,69.223593,17.651427,0.6257
A185-001-15,15-H-022,363668.088,6591837.476,186.47,185.72,18,14.25,0.751358,38.1547,69.92427,17.123943,0.610938
A185-001-15,15-H-022,363668.088,6591837.476,185.72,184.97,19,15.0,0.715236,39.982565,69.281461,17.63106,0.666229
A185-001-15,15-H-022,363668.088,6591837.476,184.97,184.22,20,15.75,0.731836,40.648722,69.425305,17.880532,0.66338
A185-001-15,15-H-022,363668.088,6591837.476,184.22,183.692,21,16.278,0.746091,41.752233,69.026495,16.347621,0.664341
A185-001-15,15-H-023,363660.615,6591864.286,200.02,199.27,0,0.75,0.846358,35.246063,70.993633,15.748282,0.508861
A185-001-15,15-H-023,363660.615,6591864.286,199.27,198.52,1,1.5,0.832079,38.127528,70.081033,16.658478,0.552655
A185-001-15,15-H-023,363660.615,6591864.286,198.52,197.77,2,2.25,0.821898,37.470504,70.237352,16.253142,0.551043
A185-001-15,15-H-023,363660.615,6591864.286,197.77,197.02,3,3.0,0.791824,36.165489,69.728029,16.421535,0.54808
A185-001-15,15-H-023,363660.615,6591864.286,197.02,196.27,4,3.75,0.814107,37.952936,70.983809,16.056633,0.569378
A185-001-15,15-H-023,363660.615,6591864.286,196.27,195.52,5,4.5,0.812714,37.218902,70.508393,15.572297,0.555565
A185-001-15,15-H-023,363660.615,6591864.286,195.52,194.77,6,5.25,0.828868,37.988501,69.119455,16.485951,0.545195
A185-001-15,15-H-023,363660.615,6591864.286,194.77,194.02,7,6.0,0.829249,38.319976,71.049389,15.421645,0.564846
A185-001-15,15-H-023,363660.615,6591864.286,194.02,193.27,8,6.75,0.817529,36.99324,69.30163,15.495081,0.539595
A185-001-15,15-H-023,363660.615,6591864.286,193.27,192.52,9,7.5,0.804625,39.499772,69.432355,17.150542,0.586537
A185-001-15,15-H-023,363660.615,6591864.286,192.52,191.77,10,8.25,0.714594,40.061767,69.045164,17.312284,0.665833
A185-001-15,15-H-023,363660.615,6591864.286,191.77,191.02,11,9.0,0.7545,40.328946,69.790337,16.521561,0.641654
A185-001-15,15-H-023,363660.615,6591864.286,191.02,190.27,12,9.75,0.743546,39.246991,69.26357,17.166174,0.628974
A185-001-15,15-H-023,363660.615,6591864.286,190.27,189.52,13,10.5,0.694744,40.065334,69.762242,16.500158,0.691849
A185-001-15,15-H-023,363660.615,6591864.286,189.52,188.77,14,11.25,0.703205,41.042314,68.003558,17.136064,0.682645
A185-001-15,15-H-023,363660.615,6591864.286,188.77,188.02,15,12.0,0.70554,40.122602,68.61296,18.104269,0.671253
A185-001-15,15-H-023,363660.615,6591864.286,188.02,187.27,16,12.75,0.731773,41.96919,69.570561,18.554118,0.686428
A185-001-15,15-H-023,363660.615,6591864.286,187.27,186.52,17,13.5,0.717983,42.237782,70.579734,17.975033,0.714142
A185-001-15,15-H-023,363660.615,6591864.286,186.52,185.77,18,14.25,0.747057,39.851933,68.490665,18.148135,0.628694
A185-001-15,15-H-023,363660.615,6591864.286,185.77,185.02,19,15.0,0.717759,40.088226,69.770206,17.962852,0.670365
A185-001-15,15-H-023,363660.615,6591864.286,185.02,184.27,20,15.75,0.783127,39.309157,69.308251,16.705167,0.598561
A185-001-15,15-H-023,363660.615,6591864.286,184.27,183.52,21,16.5,0.753835,38.755523,70.003325,16.603939,0.619128
A185-001-15,15-H-023,363660.615,6591864.286,183.52,183.364,22,16.656,0.745585,38.622967,69.315811,15.658416,0.617601
A185-001-15,15-H-024,363660.71,6591857.845,200.005,199.255,0,0.75,0.759314,41.015076,69.035491,17.220406,0.641505
A185-001-15,15-H-024,363660.71,6591857.845,199.255,198.505,1,1.5,0.717973,40.958777,69.490276,18.681224,0.682021
A185-001-15,15-H-024,363660.71,6591857.845,198.505,197.755,2,2.25,0.690716,43.232156,69.630312,18.692007,0.749567
A185-001-15,15-H-024,363660.71,6591857.845,197.755,197.005,3,3.0,0.701217,43.36704,67.600363,17.495658,0.719
A185-001-15,15-H-024,363660.71,6591857.845,197.005,196.255,4,3.75,0.706822,42.958533,67.975498,19.029247,0.710712
A185-001-15,15-H-024,363660.71,6591857.845,196.255,195.505,5,4.5,0.691356,42.297375,68.963716,18.84587,0.725758
A185-001-15,15-H-024,363660.71,6591857.845,195.505,194.755,6,5.25,0.689937,43.091905,68.500303,17.797588,0.735773
A185-001-15,15-H-024,363660.71,6591857.845,194.755,194.005,7,6.0,0.69359,45.076093,68.70308,17.994524,0.767795
A185-001-15,15-H-024,363660.71,6591857.845,194.005,193.255,8,6.75,0.67268,44.077464,70.317717,18.596332,0.792319
A185-001-15,15-H-024,363660.71,6591857.845,193.255,192.505,9,7.5,0.676736,45.539249,68.318577,18.922982,0.790601
A185-001-15,15-H-024,363660.71,6591857.845,192.505,191.755,10,8.25,0.650279,45.764267,67.51736,19.223338,0.817094
A185-001-15,15-H-024,363660.71,6591857.845,191.755,191.005,11,9.0,0.644269,43.921948,68.30634,19.138225,0.800802
A185-001-15,15-H-024,363660.71,6591857.845,191.005,190.255,12,9.75,0.621537,44.907074,67.173991,18.936836,0.834516
A185-001-15,15-H-024,363660.71,6591857.845,190.255,189.505,13,10.5,0.600103,46.662225,68.048507,19.946069,0.909713
A185-001-15,15-H-024,363660.71,6591857.845,189.505,188.755,14,11.25,0.555418,47.001009,67.776482,19.457907,0.985816
A185-001-15,15-H-024,363660.71,6591857.845,188.755,188.005,15,12.0,0.590023,47.020302,67.842818,19.682579,0.92945
A185-001-15,15-H-024,363660.71,6591857.845,188.005,187.255,16,12.75,0.602171,47.206752,68.706503,20.468013,0.926056
A185-001-15,15-H-024,363660.71,6591857.845,187.255,186.505,17,13.5,0.576842,48.036974,67.387833,20.005204,0.96468
A185-001-15,15-H-024,363660.71,6591857.845,186.505,185.755,18,14.25,0.61701,46.569801,66.841234,19.413578,0.867413
A185-001-15,15-H-024,363660.71,6591857.845,185.755,185.005,19,15.0,0.634606,45.17208,67.579343,19.227604,0.82717
A185-001-15,15-H-024,363660.71,6591857.845,185.005,184.255,20,15.75,0.68909,44.367581,67.711605,18.201646,0.749761
A185-001-15,15-H-024,363660.71,6591857.845,184.255,183.988,21,16.017,0.64442,44.732883,68.366193,17.781146,0.815901
A185-001-15,15-H-025,363660.696,6591849.587,200.044,199.294,0,0.75,0.787147,37.474167,69.068547,16.544139,0.565834
A185-001-15,15-H-025,363660.696,6591849.587,199.294,198.544,1,1.5,0.810996,37.375645,68.946394,16.798907,0.54688
A185-001-15,15-H-025,363660.696,6591849.587,198.544,197.794,2,2.25,0.784462,38.730744,70.83149,16.552281,0.60166
A185-001-15,15-H-025,363660.696,6591849.587,197.794,197.044,3,3.0,0.775223,38.544856,70.870695,17.54221,0.606349
A185-001-15,15-H-025,363660.696,6591849.587,197.044,196.294,4,3.75,0.759879,39.693425,70.804365,16.103395,0.636149
A185-001-15,15-H-025,363660.696,6591849.587,196.294,195.544,5,4.5,0.756451,40.158591,69.237969,16.470635,0.632275
A185-001-15,15-H-025,363660.696,6591849.587,195.544,194.794,6,5.25,0.738963,42.486175,68.642057,17.439542,0.678828
A185-001-15,15-H-025,363660.696,6591849.587,194.794,194.044,7,6.0,0.723477,42.329642,69.39925,17.387719,0.698357
A185-001-15,15-H-025,363660.696,6591849.587,194.044,193.294,8,6.75,0.702896,42.552782,68.597461,18.14358,0.71429
A185-001-15,15-H-025,363660.696,6591849.587,193.294,192.544,9,7.5,0.676531,42.102932,69.717128,19.09259,0.746283
A185-001-15,15-H-025,363660.696,6591849.587,192.544,191.794,10,8.25,0.698179,43.626941,69.369494,18.098672,0.745464
A185-001-15,15-H-025,363660.696,6591849.587,191.794,191.044,11,9.0,0.68542,43.100133,68.786495,17.584099,0.743809
A185-001-15,15-H-025,363660.696,6591849.587,191.044,190.294,12,9.75,0.666933,45.524249,67.33261,18.230008,0.7903
A185-001-15,15-H-025,363660.696,6591849.587,190.294,189.544,13,10.5,0.620917,46.118871,66.442747,19.150257,0.84854
A185-001-15,15-H-025,363660.696,6591849.587,189.544,188.794,14,11.25,0.614503,45.466882,67.169579,19.464584,0.854543
A185-001-15,15-H-025,363660.696,6591849.587,188.794,188.044,15,12.0,0.617767,44.317507,67.747761,19.431384,0.83572
A185-001-15,15-H-025,363660.696,6591849.587,188.044,187.294,16,12.75,0.625242,44.134928,66.969861,18.465184,0.812832
A185-001-15,15-H-025,363660.696,6591849.587,187.294,186.544,17,13.5,0.605514,45.225029,69.277601,18.511483,0.889476
A185-001-15,15-H-025,363660.696,6591849.587,186.544,185.794,18,14.25,0.655394,43.478514,67.734922,18.31304,0.772724
A185-001-15,15-H-025,363660.696,6591849.587,185.794,185.044,19,15.0,0.696544,44.006707,69.122699,18.913456,0.751118
A185-001-15,15-H-025,363660.696,6591849.587,185.044,184.294,20,15.75,0.681738,43.77204,68.853326,17.477734,0.760162
A185-001-15,15-H-025,363660.696,6591849.587,184.294,183.978,21,16.066,0.699717,43.420162,69.18279,18.012137,0.738317
A185-001-15,15-H-026,363660.632,6591840.991,199.998,199.248,0,0.75,0.870552,37.717518,70.2478,15.438988,0.523752
A185-001-15,15-H-026,363660.632,6591840.991,199.248,198.498,1,1.5,0.827137,36.98236,71.140947,16.032464,0.547359
A185-001-15,15-H-026,363660.632,6591840.991,198.498,197.748,2,2.25,0.80681,36.963413,70.872944,16.829602,0.558805
A185-001-15,15-H-026,363660.632,6591840.991,197.748,196.998,3,3.0,0.821539,38.882641,70.439074,16.280521,0.573625
A185-001-15,15-H-026,363660.632,6591840.991,196.998,196.248,4,3.75,0.825905,38.293363,70.242263,16.081222,0.560397
A185-001-15,15-H-026,363660.632,6591840.991,196.248,195.498,5,4.5,0.770191,38.770167,69.917438,16.176394,0.605457
A185-001-15,15-H-026,363660.632,6591840.991,195.498,194.748,6,5.25,0.838385,39.228179,69.946392,15.966602,0.563126
A185-001-15,15-H-026,363660.632,6591840.991,194.748,193.998,7,6.0,0.786508,39.685087,69.204136,16.704574,0.600776
A185-001-15,15-H-026,363660.632,6591840.991,193.998,193.248,8,6.75,0.76589,40.697238,69.214654,16.447537,0.632641
A185-001-15,15-H-026,363660.632,6591840.991,193.248,192.498,9,7.5,0.766672,39.836074,70.034728,16.550554,0.625986
A185-001-15,15-H-026,363660.632,6591840.991,192.498,191.748,10,8.25,0.744817,38.030616,70.39618,16.980529,0.618402
A185-001-15,15-H-026,363660.632,6591840.991,191.748,190.998,11,9.0,0.763456,41.027044,69.886474,17.449931,0.646091
A185-001-15,15-H-026,363660.632,6591840.991,190.998,190.248,12,9.75,0.686559,39.960865,69.420565,17.319322,0.694943
A185-001-15,15-H-026,363660.632,6591840.991,190.248,189.498,13,10.5,0.693825,41.508693,69.535315,18.148488,0.71552
A185-001-15,15-H-026,363660.632,6591840.991,189.498,188.748,14,11.25,0.720879,41.44836,69.143307,17.816572,0.683847
A185-001-15,15-H-026,363660.632,6591840.991,188.748,187.998,15,12.0,0.687852,42.042022,69.497418,17.191739,0.730446
A185-001-15,15-H-026,363660.632,6591840.991,187.998,187.248,16,12.75,0.685922,40.818162,69.191159,17.816345,0.708183
A185-001-15,15-H-026,363660.632,6591840.991,187.248,186.498,17,13.5,0.695018,41.43137,68.036113,18.140483,0.697644
A185-001-15,15-H-026,363660.632,6591840.991,186.498,185.748,18,14.25,0.717343,41.301722,68.187449,17.716589,0.675335
A185-001-15,15-H-026,363660.632,6591840.991,185.748,184.998,19,15.0,0.697245,41.097509,69.729372,16.849867,0.706793
A185-001-15,15-H-026,363660.632,6591840.991,184.998,184.248,20,15.75,0.724713,39.532622,68.938261,16.656725,0.646841
A185-001-15,15-H-026,363660.632,6591840.991,184.248,183.498,21,16.5,0.710794,40.880261,68.545607,17.232834,0.678078
A185-001-15,15-H-026,363660.632,6591840.991,183.498,182.748,22,17.25,0.73551,41.843277,70.297408,17.718074,0.687898
A185-001-15,15-H-026,363660.632,6591840.991,182.748,182.703,23,17.295,0.727291,41.511089,69.434288,17.639441,0.681686
A185-001-15,15-H-027,363660.716,6591833.676,200.085,199.335,0,0.75,0.881158,34.136808,71.912923,14.26486,0.479441
A185-001-15,15-H-027,363660.716,6591833.676,199.335,198.585,1,1.5,0.884046,36.121249,72.032083,14.529033,0.506428
A185-001-15,15-H-027,363660.716,6591833.676,198.585,197.835,2,2.25,0.890652,33.472391,72.387934,14.945829,0.468294
A185-001-15,15-H-027,363660.716,6591833.676,197.835,197.085,3,3.0,0.892959,35.19879,70.015897,15.343598,0.475102
A185-001-15,15-H-027,363660.716,6591833.676,197.085,196.335,4,3.75,0.858341,34.600294,71.664128,15.44266,0.497222
A185-001-15,15-H-027,363660.716,6591833.676,196.335,195.585,5,4.5,0.884945,34.328184,70.54032,14.63597,0.470979
A185-001-15,15-H-027,363660.716,6591833.676,195.585,194.835,6,5.25,0.849383,35.052385,71.292603,15.857664,0.506408
A185-001-15,15-H-027,363660.716,6591833.676,194.835,194.085,7,6.0,0.854576,35.817989,70.658173,15.25186,0.509661
A185-001-15,15-H-027,363660.716,6591833.676,194.085,193.335,8,6.75,0.823401,37.231403,71.071469,16.044285,0.552985
A185-001-15,15-H-027,363660.716,6591833.676,193.335,192.585,9,7.5,0.81038,35.753842,70.621922,15.517908,0.536155
A185-001-15,15-H-027,363660.716,6591833.676,192.585,191.835,10,8.25,0.817333,35.104282,71.51667,15.920682,0.528624
A185-001-15,15-H-027,363660.716,6591833.676,191.835,191.085,11,9.0,0.786003,38.655557,70.166738,15.611067,0.593603
A185-001-15,15-H-027,363660.716,6591833.676,191.085,190.335,12,9.75,0.829302,37.946233,69.711827,16.008982,0.548897
A185-001-15,15-H-027,363660.716,6591833.676,190.335,189.585,13,10.5,0.802536,36.822957,70.545807,15.780354,0.556942
A185-001-15,15-H-027,363660.716,6591833.676,189.585,188.835,14,11.25,0.774331,36.256234,70.218359,17.353322,0.565867
A185-001-15,15-H-027,363660.716,6591833.676,188.835,188.085,15,12.0,0.756496,38.66377,69.434046,16.767607,0.610532
A185-001-15,15-H-027,363660.716,6591833.676,188.085,187.335,16,12.75,0.802229,39.010846,69.261131,16.880614,0.579566
A185-001-15,15-H-027,363660.716,6591833.676,187.335,186.585,17,13.5,0.75866,40.948758,70.195443,16.605838,0.651683
A185-001-15,15-H-027,363660.716,6591833.676,186.585,185.835,18,14.25,0.801609,38.382344,69.931389,15.883597,0.576083
A185-001-15,15-H-027,363660.716,6591833.676,185.835,185.085,19,15.0,0.823546,38.418657,69.942767,16.544927,0.56149
A185-001-15,15-H-027,363660.716,6591833.676,185.085,184.335,20,15.75,0.785642,37.112477,69.988188,16.106061,0.568858
A185-001-15,15-H-027,363660.716,6591833.676,184.335,183.761,21,16.324,0.819569,34.392352,70.661193,16.522296,0.510452
A185-001-15,15-H-028,363653.807,6591869.662,199.923,199.173,0,0.75,0.854631,36.842665,69.86675,15.242902,0.518304
A185-001-15,15-H-028,363653.807,6591869.662,199.173,198.423,1,1.5,0.820409,37.598125,70.857697,15.46011,0.558692
A185-001-15,15-H-028,363653.807,6591869.662,198.423,197.673,2,2.25,0.804471,37.915817,71.339241,16.965182,0.578596
A185-001-15,15-H-028,363653.807,6591869.662,197.673,196.923,3,3.0,0.818926,38.565764,69.973436,15.519428,0.566923
A185-001-15,15-H-028,363653.807,6591869.662,196.923,196.173,4,3.75,0.785441,39.348312,69.261918,17.248092,0.597064
A185-001-15,15-H-028,363653.807,6591869.662,196.173,195.423,5,4.5,0.803601,37.669961,70.793337,16.382959,0.571019
A185-001-15,15-H-028,363653.807,6591869.662,195.423,194.673,6,5.25,0.775504,39.651708,70.62635,16.522669,0.621208
A185-001-15,15-H-028,363653.807,6591869.662,194.673,193.923,7,6.0,0.776215,39.394001,70.340181,16.560297,0.614134
A185-001-15,15-H-028,363653.807,6591869.662,193.923,193.173,8,6.75,0.771939,41.084316,68.872361,16.815971,0.630571
A185-001-15,15-H-028,363653.807,6591869.662,193.173,192.423,9,7.5,0.749494,39.048349,70.825528,16.336106,0.634704
A185-001-15,15-H-028,363653.807,6591869.662,192.423,191.673,10,8.25,0.727454,41.597201,69.802333,16.469729,0.686409
A185-001-15,15-H-028,363653.807,6591869.662,191.673,190.923,11,9.0,0.752676,39.457155,69.2522,17.461085,0.62462
A185-001-15,15-H-028,363653.807,6591869.662,190.923,190.173,12,9.75,0.727865,40.793895,69.00566,17.910557,0.665332
A185-001-15,15-H-028,363653.807,6591869.662,190.173,189.423,13,10.5,0.707359,44.002226,68.119793,17.80146,0.728762
A185-001-15,15-H-028,363653.807,6591869.662,189.423,188.673,14,11.25,0.704284,41.602672,69.683152,17.634208,0.707953
A185-001-15,15-H-028,363653.807,6591869.662,188.673,187.923,15,12.0,0.703983,43.765548,68.438516,18.179644,0.731763
A185-001-15,15-H-028,363653.807,6591869.662,187.923,187.173,16,12.75,0.687792,41.698275,68.770712,18.34834,0.717139
A185-001-15,15-H-028,363653.807,6591869.662,187.173,186.423,17,13.5,0.745388,40.627301,69.616092,17.174428,0.652714
A185-001-15,15-H-028,363653.807,6591869.662,186.423,185.673,18,14.25,0.717569,39.62409,69.862338,16.320182,0.663477
A185-001-15,15-H-028,363653.807,6591869.662,185.673,184.923,19,15.0,0.7232,41.654948,68.729028,17.224183,0.680883
A185-001-15,15-H-028,363653.807,6591869.662,184.923,184.173,20,15.75,0.726661,41.64063,68.546601,17.712006,0.675684
A185-001-15,15-H-028,363653.807,6591869.662,184.173,183.423,21,16.5,0.715726,41.40858,68.755801,17.423017,0.684204
A185-001-15,15-H-028,363653.807,6591869.662,183.423,182.994,22,16.929,0.702972,39.480215,69.837084,17.659296,0.67468
A185-001-15,15-H-029,363654.267,6591861.464,200.083,199.333,0,0.75,0.763625,39.570568,69.862767,16.947275,0.622821
A185-001-15,15-H-029,363654.267,6591861.464,199.333,198.583,1,1.5,0.798861,39.816565,71.169172,17.100732,0.610313
A185-001-15,15-H-029,363654.267,6591861.464,198.583,197.833,2,2.25,0.770352,40.31655,70.114302,17.095295,0.631275
A185-001-15,15-H-029,363654.267,6591861.464,197.833,197.083,3,3.0,0.744338,40.805002,70.198427,17.734616,0.662023
A185-001-15,15-H-029,363654.267,6591861.464,197.083,196.333,4,3.75,0.816368,40.593289,71.694181,17.483784,0.613403
A185-001-15,15-H-029,363654.267,6591861.464,196.333,195.583,5,4.5,0.75794,40.715358,68.410948,17.133821,0.63222
A185-001-15,15-H-029,363654.267,6591861.464,195.583,194.833,6,5.25,0.738728,42.031037,70.14739,17.456821,0.68648
A185-001-15,15-H-029,363654.267,6591861.464,194.833,194.083,7,6.0,0.756146,41.637904,70.429684,18.011204,0.667194
A185-001-15,15-H-029,363654.267,6591861.464,194.083,193.333,8,6.75,0.742541,41.240065,70.184287,17.453126,0.670504
A185-001-15,15-H-029,363654.267,6591861.464,193.333,192.583,9,7.5,0.726815,42.120686,70.786545,17.484282,0.705535
A185-001-15,15-H-029,363654.267,6591861.464,192.583,191.833,10,8.25,0.71989,41.361351,68.732859,17.431841,0.67926
A185-001-15,15-H-029,363654.267,6591861.464,191.833,191.083,11,9.0,0.700863,42.188553,68.51862,18.13154,0.709427
A185-001-15,15-H-029,363654.267,6591861.464,191.083,190.333,12,9.75,0.659775,44.372154,70.031127,18.607067,0.809854
A185-001-15,15-H-029,363654.267,6591861.464,190.333,189.583,13,10.5,0.683308,43.009127,69.182773,18.828876,0.748959
A185-001-15,15-H-029,363654.267,6591861.464,189.583,188.833,14,11.25,0.643861,45.110799,68.414204,18.385167,0.824139
A185-001-15,15-H-029,363654.267,6591861.464,188.833,188.083,15,12.0,0.653014,45.087446,67.173772,18.305077,0.797504
A185-001-15,15-H-029,363654.267,6591861.464,188.083,187.333,16,12.75,0.643288,43.564886,68.852896,19.034017,0.801853
A185-001-15,15-H-029,363654.267,6591861.464,187.333,186.583,17,13.5,0.693549,44.513082,68.697492,19.137756,0.758354
A185-001-15,15-H-029,363654.267,6591861.464,186.583,185.833,18,14.25,0.690477,43.591225,68.506314,18.539158,0.743848
A185-001-15,15-H-029,363654.267,6591861.464,185.833,185.083,19,15.0,0.659463,42.208626,69.970511,18.01574,0.770103
A185-001-15,15-H-029,363654.267,6591861.464,185.083,184.333,20,15.75,0.715573,41.412333,69.741555,18.755257,0.694355
A185-001-15,15-H-029,363654.267,6591861.464,184.333,184.178,21,15.905,0.660476,43.528047,68.90294,18.089984,0.780839
A185-001-15,15-H-030,363653.813,6591853.708,200.097,199.347,0,0.75,0.787291,40.12289,69.843581,17.799793,0.6125
A185-001-15,15-H-030,363653.813,6591853.708,199.347,198.597,1,1.5,0.757779,40.538799,69.413795,17.553958,0.638871
A185-001-15,15-H-030,363653.813,6591853.708,198.597,197.847,2,2.25,0.737397,40.628301,69.059748,17.55493,0.654571
A185-001-15,15-H-030,363653.813,6591853.708,197.847,197.097,3,3.0,0.695959,41.662575,71.215118,16.885665,0.733059
A185-001-15,15-H-030,363653.813,6591853.708,197.097,196.347,4,3.75,0.740563,42.74058,70.388423,18.32814,0.6988
A185-001-15,15-H-030,363653.813,6591853.708,196.347,195.597,5,4.5,0.716475,40.773871,68.058683,17.723671,0.666281
A185-001-15,15-H-030,363653.813,6591853.708,195.597,194.847,6,5.25,0.732883,41.607906,68.906621,17.657683,0.67294
A185-001-15,15-H-030,363653.813,6591853.708,194.847,194.097,7,6.0,0.683967,41.60299,68.429133,16.699121,0.715732
A185-001-15,15-H-030,363653.813,6591853.708,194.097,193.347,8,6.75,0.689914,41.727706,68.833888,17.441151,0.715989
A185-001-15,15-H-030,363653.813,6591853.708,193.347,192.597,9,7.5,0.694498,41.555897,69.40235,18.686703,0.714341
A185-001-15,15-H-030,363653.813,6591853.708,192.597,191.847,10,8.25,0.676777,43.314258,69.608769,17.991161,0.766086
A185-001-15,15-H-030,363653.813,6591853.708,191.847,191.097,11,9.0,0.699624,45.672551,68.493714,17.87692,0.768877
A185-001-15,15-H-030,363653.813,6591853.708,191.097,190.347,12,9.75,0.650304,45.099244,67.357599,17.987467,0.803175
A185-001-15,15-H-030,363653.813,6591853.708,190.347,189.597,13,10.5,0.617437,46.306612,68.778805,19.131796,0.886813
A185-001-15,15-H-030,363653.813,6591853.708,189.597,188.847,14,11.25,0.622765,46.406213,67.594114,18.558065,0.865925
A185-001-15,15-H-030,363653.813,6591853.708,188.847,188.097,15,12.0,0.646677,46.39611,67.765952,18.666164,0.835936
A185-001-15,15-H-030,363653.813,6591853.708,188.097,187.347,16,12.75,0.640555,43.992377,67.681556,18.576728,0.799294
A185-001-15,15-H-030,363653.813,6591853.708,187.347,186.597,17,13.5,0.619386,46.132468,67.709935,19.702624,0.867132
A185-001-15,15-H-030,363653.813,6591853.708,186.597,185.847,18,14.25,0.632332,44.863715,67.789677,18.573137,0.826966
A185-001-15,15-H-030,363653.813,6591853.708,185.847,185.097,19,15.0,0.649877,44.559777,67.648389,19.133965,0.797671
A185-001-15,15-H-030,363653.813,6591853.708,185.097,184.347,20,15.75,0.661764,44.325965,69.666576,19.147661,0.802468
A185-001-15,15-H-030,363653.813,6591853.708,184.347,183.739,21,16.358,0.633478,43.580955,68.628848,20.103013,0.812021
A185-001-15,15-H-031,363654.279,6591845.333,200.072,199.322,0,0.75,0.854948,37.58865,69.823299,16.615522,0.528405
A185-001-15,15-H-031,363654.279,6591845.333,199.322,198.572,1,1.5,0.840657,37.33164,70.26421,16.273034,0.537009
A185-001-15,15-H-031,363654.279,6591845.333,198.572,197.822,2,2.25,0.800028,37.083398,71.370354,16.848293,0.569303
A185-001-15,15-H-031,363654.279,6591845.333,197.822,197.072,3,3.0,0.763395,37.819676,70.20749,16.01812,0.598348
A185-001-15,15-H-031,363654.279,6591845.333,197.072,196.322,4,3.75,0.744186,35.905806,70.473971,16.832414,0.585086
A185-001-15,15-H-031,363654.279,6591845.333,196.322,195.572,5,4.5,0.771627,38.419085,70.084157,16.360095,0.600325
A185-001-15,15-H-031,363654.279,6591845.333,195.572,194.822,6,5.25,0.771846,39.998886,69.937349,17.254268,0.623556
A185-001-15,15-H-031,363654.279,6591845.333,194.822,194.072,7,6.0,0.713611,39.001416,70.535986,18.377724,0.663255
A185-001-15,15-H-031,363654.279,6591845.333,194.072,193.322,8,6.75,0.775575,39.532683,70.338708,17.387086,0.616884
A185-001-15,15-H-031,363654.279,6591845.333,193.322,192.572,9,7.5,0.705904,41.345298,68.383647,17.646676,0.688927
A185-001-15,15-H-031,363654.279,6591845.333,192.572,191.822,10,8.25,0.695806,42.936424,68.413957,17.236395,0.725979
A185-001-15,15-H-031,363654.279,6591845.333,191.822,191.072,11,9.0,0.68478,41.964216,68.84819,17.697095,0.725598
A185-001-15,15-H-031,363654.279,6591845.333,191.072,190.322,12,9.75,0.686912,43.111265,68.938828,18.082405,0.744088
A185-001-15,15-H-031,363654.279,6591845.333,190.322,189.572,13,10.5,0.677524,44.519,68.530484,18.231456,0.774347
A185-001-15,15-H-031,363654.279,6591845.333,189.572,188.822,14,11.25,0.640589,44.046043,68.653252,19.287819,0.811767
A185-001-15,15-H-031,363654.279,6591845.333,188.822,188.072,15,12.0,0.644536,43.442065,68.837172,18.467283,0.797804
A185-001-15,15-H-031,363654.279,6591845.333,188.072,187.322,16,12.75,0.656768,43.787903,68.543625,18.142427,0.785808
A185-001-15,15-H-031,363654.279,6591845.333,187.322,186.572,17,13.5,0.670053,42.588536,69.631395,19.371095,0.761238
A185-001-15,15-H-031,363654.279,6591845.333,186.572,185.822,18,14.25,0.682697,43.323718,68.546268,16.734826,0.747913
A185-001-15,15-H-031,363654.279,6591845.333,185.822,185.072,19,15.0,0.684468,43.594966,69.094703,18.733018,0.756873
A185-001-15,15-H-031,363654.279,6591845.333,185.072,184.43,20,15.642,0.69014,41.404909,68.78401,18.584426,0.70986
A185-001-15,15-H-032,363653.766,6591837.67,199.968,199.218,0,0.75,0.884254,33.187728,72.403867,15.262955,0.467815
A185-001-15,15-H-032,363653.766,6591837.67,199.218,198.468,1,1.5,0.896192,34.177112,71.470006,14.951346,0.469169
A185-001-15,15-H-032,363653.766,6591837.67,198.468,197.718,2,2.25,0.86097,35.125964,72.192298,15.766152,0.506946
A185-001-15,15-H-032,363653.766,6591837.67,197.718,196.968,3,3.0,0.89765,34.756496,72.118347,15.62902,0.480707
A185-001-15,15-H-032,363653.766,6591837.67,196.968,196.218,4,3.75,0.846851,36.691354,72.535514,14.676737,0.540666
A185-001-15,15-H-032,363653.766,6591837.67,196.218,195.468,5,4.5,0.847782,34.834811,70.718717,15.518331,0.500139
A185-001-15,15-H-032,363653.766,6591837.67,195.468,194.718,6,5.25,0.820125,37.862321,70.049713,16.081449,0.556478
A185-001-15,15-H-032,363653.766,6591837.67,194.718,193.968,7,6.0,0.798584,37.985822,71.269271,16.26221,0.583262
A185-001-15,15-H-032,363653.766,6591837.67,193.968,193.218,8,6.75,0.770942,38.812282,72.346862,15.653352,0.626433
A185-001-15,15-H-032,363653.766,6591837.67,193.218,192.468,9,7.5,0.800386,37.397821,70.842188,15.901479,0.56951
A185-001-15,15-H-032,363653.766,6591837.67,192.468,191.718,10,8.25,0.785542,38.965687,70.368942,16.463222,0.600523
A185-001-15,15-H-032,363653.766,6591837.67,191.718,190.968,11,9.0,0.743368,40.205971,69.933533,16.965447,0.650635
A185-001-15,15-H-032,363653.766,6591837.67,190.968,190.218,12,9.75,0.708068,41.282294,71.222623,17.149068,0.714106
A185-001-15,15-H-032,363653.766,6591837.67,190.218,189.468,13,10.5,0.716516,41.287714,69.279176,16.861742,0.686566
A185-001-15,15-H-032,363653.766,6591837.67,189.468,188.718,14,11.25,0.740699,40.863543,67.970755,18.024847,0.645178
A185-001-15,15-H-032,363653.766,6591837.67,188.718,187.968,15,12.0,0.713721,40.236011,69.093032,17.843035,0.670062
A185-001-15,15-H-032,363653.766,6591837.67,187.968,187.218,16,12.75,0.740609,40.008018,68.674498,16.822181,0.638166
A185-001-15,15-H-032,363653.766,6591837.67,187.218,186.468,17,13.5,0.74721,41.994156,70.26351,17.682692,0.679265
A185-001-15,15-H-032,363653.766,6591837.67,186.468,185.718,18,14.25,0.733476,40.337438,70.480705,16.716019,0.66666
A185-001-15,15-H-032,363653.766,6591837.67,185.718,184.968,19,15.0,0.778643,38.631341,70.644014,16.161618,0.602949
A185-001-15,15-H-032,363653.766,6591837.67,184.968,184.218,20,15.75,0.785401,40.062553,69.83561,16.920784,0.612873
A185-001-15,15-H-032,363653.766,6591837.67,184.218,183.872,21,16.096,0.785274,37.862084,71.376103,18.013886,0.592285
A185-001-15,15-H-033,363646.502,6591865.317,199.984,199.234,0,0.75,0.771903,37.976503,70.26736,16.612052,0.594797
A185-001-15,15-H-033,363646.502,6591865.317,199.234,198.484,1,1.5,0.73713,40.288065,70.418238,17.510573,0.662068
A185-001-15,15-H-033,363646.502,6591865.317,198.484,197.734,2,2.25,0.777206,39.015439,69.036609,16.446875,0.596245
A185-001-15,15-H-033,363646.502,6591865.317,197.734,196.984,3,3.0,0.710861,39.574491,70.54388,18.092697,0.675604
A185-001-15,15-H-033,363646.502,6591865.317,196.984,196.234,4,3.75,0.719809,41.519433,68.848011,17.345895,0.683053
A185-001-15,15-H-033,363646.502,6591865.317,196.234,195.484,5,4.5,0.752778,41.862283,69.524792,19.023169,0.665264
A185-001-15,15-H-033,363646.502,6591865.317,195.484,194.734,6,5.25,0.677936,42.167115,68.665392,17.576193,0.734471
A185-001-15,15-H-033,363646.502,6591865.317,194.734,193.984,7,6.0,0.710365,41.681798,68.94781,17.685609,0.695849
A185-001-15,15-H-033,363646.502,6591865.317,193.984,193.234,8,6.75,0.681608,41.193268,68.766649,17.982196,0.714802
A185-001-15,15-H-033,363646.502,6591865.317,193.234,192.484,9,7.5,0.69762,44.888839,68.468995,18.186181,0.757651
A185-001-15,15-H-033,363646.502,6591865.317,192.484,191.734,10,8.25,0.691765,42.787403,68.976083,18.772822,0.733829
A185-001-15,15-H-033,363646.502,6591865.317,191.734,190.984,11,9.0,0.671437,41.926051,68.82763,18.039962,0.739126
A185-001-15,15-H-033,363646.502,6591865.317,190.984,190.234,12,9.75,0.657842,45.272424,69.098954,17.718442,0.817553
A185-001-15,15-H-033,363646.502,6591865.317,190.234,189.484,13,10.5,0.669198,44.449068,67.917328,19.54457,0.775902
A185-001-15,15-H-033,363646.502,6591865.317,189.484,188.734,14,11.25,0.653325,44.408278,66.873671,18.329422,0.781656
A185-001-15,15-H-033,363646.502,6591865.317,188.734,187.984,15,12.0,0.607424,43.167681,69.160471,18.75808,0.845055
A185-001-15,15-H-033,363646.502,6591865.317,187.984,187.234,16,12.75,0.650982,43.391574,68.697782,18.550761,0.787428
A185-001-15,15-H-033,363646.502,6591865.317,187.234,186.484,17,13.5,0.661432,44.630015,68.837035,19.353791,0.798787
A185-001-15,15-H-033,363646.502,6591865.317,186.484,185.734,18,14.25,0.680815,42.938832,69.502442,18.71575,0.753911
A185-001-15,15-H-033,363646.502,6591865.317,185.734,184.984,19,15.0,0.660985,44.791449,67.824971,17.182436,0.790186
A185-001-15,15-H-033,363646.502,6591865.317,184.984,184.234,20,15.75,0.67338,43.087322,68.285732,18.079221,0.751411
A185-001-15,15-H-033,363646.502,6591865.317,184.234,183.607,21,16.377,0.681176,43.287691,68.084724,17.907386,0.74407
A185-001-15,15-H-034,363646.849,6591857.387,199.895,199.145,0,0.75,0.786742,39.742961,69.386882,16.724476,0.603056
A185-001-15,15-H-034,363646.849,6591857.387,199.145,198.395,1,1.5,0.737454,41.537777,69.932629,16.785789,0.677461
A185-001-15,15-H-034,363646.849,6591857.387,198.395,197.645,2,2.25,0.722128,41.006323,68.579369,18.14645,0.669959
A185-001-15,15-H-034,363646.849,6591857.387,197.645,196.895,3,3.0,0.718725,40.639615,69.141886,17.683646,0.672519
A185-001-15,15-H-034,363646.849,6591857.387,196.895,196.145,4,3.75,0.706993,43.649787,69.630047,18.068665,0.739337
A185-001-15,15-H-034,363646.849,6591857.387,196.145,195.395,5,4.5,0.733238,41.748079,68.818131,17.333111,0.67397
A185-001-15,15-H-034,363646.849,6591857.387,195.395,194.645,6,5.25,0.727038,40.914604,70.675647,17.465579,0.684112
A185-001-15,15-H-034,363646.849,6591857.387,194.645,193.895,7,6.0,0.709007,40.27822,68.805747,18.559878,0.672496
A185-001-15,15-H-034,363646.849,6591857.387,193.895,193.145,8,6.75,0.705897,42.391397,68.445984,17.853921,0.706978
A185-001-15,15-H-034,363646.849,6591857.387,193.145,192.395,9,7.5,0.684041,43.273915,69.105119,18.482437,0.751865
A185-001-15,15-H-034,363646.849,6591857.387,192.395,191.645,10,8.25,0.669038,43.768511,68.011074,19.895354,0.765334
A185-001-15,15-H-034,363646.849,6591857.387,191.645,190.895,11,9.0,0.666564,44.653045,68.325789,18.806404,0.787124
A185-001-15,15-H-034,363646.849,6591857.387,190.895,190.145,12,9.75,0.640867,44.257389,68.782639,19.015993,0.816796
A185-001-15,15-H-034,363646.849,6591857.387,190.145,189.395,13,10.5,0.620212,45.981796,69.468972,19.705049,0.885522
A185-001-15,15-H-034,363646.849,6591857.387,189.395,188.645,14,11.25,0.639736,45.606867,67.848722,19.668807,0.831779
A185-001-15,15-H-034,363646.849,6591857.387,188.645,187.895,15,12.0,0.599425,46.436311,67.143528,18.675283,0.894166
A185-001-15,15-H-034,363646.849,6591857.387,187.895,187.145,16,12.75,0.611709,46.88399,67.297325,19.118386,0.886755
A185-001-15,15-H-034,363646.849,6591857.387,187.145,186.395,17,13.5,0.638482,45.525331,67.820124,18.242929,0.831399
A185-001-15,15-H-034,363646.849,6591857.387,186.395,185.645,18,14.25,0.632248,45.987098,68.218099,17.799456,0.852978
A185-001-15,15-H-034,363646.849,6591857.387,185.645,184.895,19,15.0,0.639554,43.930662,68.338156,19.436362,0.80726
A185-001-15,15-H-034,363646.849,6591857.387,184.895,184.145,20,15.75,0.63473,45.122526,67.839854,18.635158,0.829208
A185-001-15,15-H-034,363646.849,6591857.387,184.145,183.872,21,16.023,0.625952,45.314864,68.228249,19.124263,0.849261
A185-001-15,15-H-035,363646.871,6591849.515,199.973,199.223,0,0.75,0.799651,37.355113,71.202904,15.810276,0.572261
A185-001-15,15-H-035,363646.871,6591849.515,199.223,198.473,1,1.5,0.817358,37.458965,71.06138,15.434212,0.560299
A185-001-15,15-H-035,363646.871,6591849.515,198.473,197.723,2,2.25,0.822024,38.095523,69.949832,16.287313,0.557836
A185-001-15,15-H-035,363646.871,6591849.515,197.723,196.973,3,3.0,0.784143,38.449236,71.627948,15.976591,0.60417
A185-001-15,15-H-035,363646.871,6591849.515,196.973,196.223,4,3.75,0.796513,38.646209,70.141191,16.432367,0.585541
A185-001-15,15-H-035,363646.871,6591849.515,196.223,195.473,5,4.5,0.768625,39.212515,69.252172,17.890845,0.607975
A185-001-15,15-H-035,363646.871,6591849.515,195.473,194.723,6,5.25,0.77745,39.380641,68.332646,16.63529,0.595528
A185-001-15,15-H-035,363646.871,6591849.515,194.723,193.973,7,6.0,0.720919,40.823193,69.409128,16.64537,0.675967
A185-001-15,15-H-035,363646.871,6591849.515,193.973,193.223,8,6.75,0.787328,39.665892,70.043043,17.521886,0.60721
A185-001-15,15-H-035,363646.871,6591849.515,193.223,192.473,9,7.5,0.704806,43.188829,68.572556,17.979225,0.722693
A185-001-15,15-H-035,363646.871,6591849.515,192.473,191.723,10,8.25,0.71746,41.584791,69.358797,17.631286,0.691469
A185-001-15,15-H-035,363646.871,6591849.515,191.723,190.973,11,9.0,0.693466,43.556604,68.938389,19.039319,0.74478
A185-001-15,15-H-035,363646.871,6591849.515,190.973,190.223,12,9.75,0.684581,42.35415,68.820975,18.930735,0.732395
A185-001-15,15-H-035,363646.871,6591849.515,190.223,189.473,13,10.5,0.686731,42.387274,68.914543,19.767016,0.73177
A185-001-15,15-H-035,363646.871,6591849.515,189.473,188.723,14,11.25,0.66981,43.042161,69.513557,17.907845,0.768123
A185-001-15,15-H-035,363646.871,6591849.515,188.723,187.973,15,12.0,0.685363,43.491816,68.245538,17.718917,0.744741
A185-001-15,15-H-035,363646.871,6591849.515,187.973,187.223,16,12.75,0.679275,42.196759,68.334653,17.993733,0.730069
A185-001-15,15-H-035,363646.871,6591849.515,187.223,186.473,17,13.5,0.669547,43.531202,69.791386,17.64767,0.780196
A185-001-15,15-H-035,363646.871,6591849.515,186.473,185.723,18,14.25,0.737746,41.081111,69.997715,18.492479,0.6706
A185-001-15,15-H-035,363646.871,6591849.515,185.723,184.973,19,15.0,0.731415,42.094651,67.824307,17.839152,0.67149
A185-001-15,15-H-035,363646.871,6591849.515,184.973,184.223,20,15.75,0.736536,41.794901,67.621166,17.155754,0.660044
A185-001-15,15-H-035,363646.871,6591849.515,184.223,183.637,21,16.336,0.703581,41.004998,69.346559,16.805405,0.695044
A185-001-15,15-H-036,363647.341,6591841.07,199.921,199.171,0,0.75,0.897712,33.30154,72.514906,14.779231,0.463051
A185-001-15,15-H-036,363647.341,6591841.07,199.171,198.421,1,1.5,0.848451,35.624897,72.912651,16.173825,0.526913
A185-001-15,15-H-036,363647.341,6591841.07,198.421,197.671,2,2.25,0.859906,34.586211,71.302309,15.565383,0.493639
A185-001-15,15-H-036,363647.341,6591841.07,197.671,196.921,3,3.0,0.817981,36.218165,71.546727,15.966062,0.54514
A185-001-15,15-H-036,363647.341,6591841.07,196.921,196.171,4,3.75,0.845877,35.506521,71.354397,17.400195,0.515694
A185-001-15,15-H-036,363647.341,6591841.07,196.171,195.421,5,4.5,0.842012,35.535314,71.619884,16.150478,0.52024
A185-001-15,15-H-036,363647.341,6591841.07,195.421,194.671,6,5.25,0.796395,37.189582,70.330276,15.301638,0.565006
A185-001-15,15-H-036,363647.341,6591841.07,194.671,193.921,7,6.0,0.806267,39.052001,70.21221,16.744959,0.585162
A185-001-15,15-H-036,363647.341,6591841.07,193.921,193.171,8,6.75,0.767224,36.910082,69.609231,16.418306,0.576212
A185-001-15,15-H-036,363647.341,6591841.07,193.171,192.421,9,7.5,0.791462,39.031074,70.187719,16.805277,0.595552
A185-001-15,15-H-036,363647.341,6591841.07,192.421,191.671,10,8.25,0.753524,39.843738,70.599403,16.854218,0.642152
A185-001-15,15-H-036,363647.341,6591841.07,191.671,190.921,11,9.0,0.764176,40.91157,69.485586,16.358108,0.639861
A185-001-15,15-H-036,363647.341,6591841.07,190.921,190.171,12,9.75,0.789523,39.782055,71.416436,17.465609,0.619153
A185-001-15,15-H-036,363647.341,6591841.07,190.171,189.421,13,10.5,0.733079,39.332656,71.169307,17.738876,0.656915
A185-001-15,15-H-036,363647.341,6591841.07,189.421,188.671,14,11.25,0.714706,39.969356,69.139909,16.579016,0.665017
A185-001-15,15-H-036,363647.341,6591841.07,188.671,187.921,15,12.0,0.728553,41.129884,70.003226,16.724084,0.679675
A185-001-15,15-H-036,363647.341,6591841.07,187.921,187.171,16,12.75,0.752112,40.014582,68.894373,17.698135,0.630651
A185-001-15,15-H-036,363647.341,6591841.07,187.171,186.421,17,13.5,0.77,38.544772,69.160672,16.555107,0.595649
A185-001-15,15-H-036,363647.341,6591841.07,186.421,185.671,18,14.25,0.774486,36.87246,69.38486,17.201152,0.568512
A185-001-15,15-H-036,363647.341,6591841.07,185.671,184.921,19,15.0,0.802838,38.154125,69.113356,15.848072,0.565125
A185-001-15,15-H-036,363647.341,6591841.07,184.921,184.171,20,15.75,0.810218,37.667013,70.665581,16.671673,0.565344
A185-001-15,15-H-036,363647.341,6591841.07,184.171,184.071,21,15.85,0.759688,38.068666,69.730323,15.075501,0.600989
A185-001-15,15-H-037,363646.997,6591833.769,200.031,199.281,0,0.75,0.884614,35.386208,70.319839,14.789222,0.484127
A185-001-15,15-H-037,363646.997,6591833.769,199.281,198.531,1,1.5,0.88614,36.192703,70.778884,15.664993,0.497592
A185-001-15,15-H-037,363646.997,6591833.769,198.531,197.781,2,2.25,0.854582,34.906152,70.778382,15.316878,0.49758
A185-001-15,15-H-037,363646.997,6591833.769,197.781,197.031,3,3.0,0.831856,37.359574,71.064187,15.729376,0.549168
A185-001-15,15-H-037,363646.997,6591833.769,197.031,196.281,4,3.75,0.834595,34.061366,70.110706,15.745947,0.492546
A185-001-15,15-H-037,363646.997,6591833.769,196.281,195.531,5,4.5,0.801921,37.064324,71.669162,15.56437,0.569885
A185-001-15,15-H-037,363646.997,6591833.769,195.531,194.781,6,5.25,0.79942,37.701497,69.294768,15.996853,0.562309
A185-001-15,15-H-037,363646.997,6591833.769,194.781,194.031,7,6.0,0.830819,38.515635,71.463688,15.674294,0.569976
A185-001-15,15-H-037,363646.997,6591833.769,194.031,193.281,8,6.75,0.786103,37.914969,70.323112,17.169969,0.583675
A185-001-15,15-H-037,363646.997,6591833.769,193.281,192.531,9,7.5,0.792831,40.159445,70.501684,16.89697,0.614394
A185-001-15,15-H-037,363646.997,6591833.769,192.531,191.781,10,8.25,0.774526,38.271424,69.628626,17.114966,0.592027
A185-001-15,15-H-037,363646.997,6591833.769,191.781,191.031,11,9.0,0.759861,38.895843,69.525485,16.995297,0.612304
A185-001-15,15-H-037,363646.997,6591833.769,191.031,190.281,12,9.75,0.795612,40.174916,70.711687,17.173698,0.614341
A185-001-15,15-H-037,363646.997,6591833.769,190.281,189.531,13,10.5,0.718383,40.476016,69.806715,17.686406,0.676561
A185-001-15,15-H-037,363646.997,6591833.769,189.531,188.781,14,11.25,0.788832,39.841726,69.901209,17.097394,0.607453
A185-001-15,15-H-037,363646.997,6591833.769,188.781,188.031,15,12.0,0.733577,39.799345,69.399031,18.972792,0.647915
A185-001-15,15-H-037,363646.997,6591833.769,188.031,187.281,16,12.75,0.723083,42.455404,69.903075,17.616839,0.705906
A185-001-15,15-H-037,363646.997,6591833.769,187.281,186.531,17,13.5,0.710244,41.889725,69.608964,17.355809,0.706076
A185-001-15,15-H-037,363646.997,6591833.769,186.531,185.781,18,14.25,0.735389,40.469927,71.222926,16.731845,0.674115
A185-001-15,15-H-037,363646.997,6591833.769,185.781,185.031,19,15.0,0.753689,40.274519,71.203911,17.656523,0.654568
A185-001-15,15-H-037,363646.997,6591833.769,185.031,184.281,20,15.75,0.771597,39.928619,69.571892,16.294936,0.619306
A185-001-15,15-H-037,363646.997,6591833.769,184.281,183.648,21,16.383,0.734484,39.472499,69.650355,18.991895,0.644141
A185-001-15,15-H-038,363639.683,6591869.53,199.929,199.179,0,0.75,0.819271,37.466957,69.435664,16.936354,0.546548
A185-001-15,15-H-038,363639.683,6591869.53,199.179,198.429,1,1.5,0.78423,39.343597,69.674625,15.961835,0.601305
A185-001-15,15-H-038,363639.683,6591869.53,198.429,197.679,2,2.25,0.786764,37.676972,70.589058,16.775564,0.581675
A185-001-15,15-H-038,363639.683,6591869.53,197.679,196.929,3,3.0,0.777812,37.582059,69.940016,16.24328,0.581427
A185-001-15,15-H-038,363639.683,6591869.53,196.929,196.179,4,3.75,0.757651,39.206999,69.370245,17.345893,0.617645
A185-001-15,15-H-038,363639.683,6591869.53,196.179,195.429,5,4.5,0.757273,41.196875,69.174607,17.734465,0.647431
A185-001-15,15-H-038,363639.683,6591869.53,195.429,194.679,6,5.25,0.741723,41.081107,70.6412,16.484849,0.672884
A185-001-15,15-H-038,363639.683,6591869.53,194.679,193.929,7,6.0,0.740739,39.344609,69.570359,17.798791,0.635786
A185-001-15,15-H-038,363639.683,6591869.53,193.929,193.179,8,6.75,0.732275,41.117154,69.97467,17.129562,0.675797
A185-001-15,15-H-038,363639.683,6591869.53,193.179,192.429,9,7.5,0.73299,40.647943,70.14138,17.687861,0.669112
A185-001-15,15-H-038,363639.683,6591869.53,192.429,191.679,10,8.25,0.675521,41.411239,69.714075,17.342614,0.734909
A185-001-15,15-H-038,363639.683,6591869.53,191.679,190.929,11,9.0,0.716698,41.93549,69.273236,17.72535,0.697175
A185-001-15,15-H-038,363639.683,6591869.53,190.929,190.179,12,9.75,0.692528,42.66808,67.525385,19.215397,0.715713
A185-001-15,15-H-038,363639.683,6591869.53,190.179,189.429,13,10.5,0.68543,43.405502,68.819183,18.233337,0.749486
A185-001-15,15-H-038,363639.683,6591869.53,189.429,188.679,14,11.25,0.671223,41.389682,68.804527,18.38993,0.729728
A185-001-15,15-H-038,363639.683,6591869.53,188.679,187.929,15,12.0,0.682857,43.703816,67.753391,18.306498,0.74577
A185-001-15,15-H-038,363639.683,6591869.53,187.929,187.179,16,12.75,0.684505,42.265738,68.893875,17.970402,0.731606
A185-001-15,15-H-038,363639.683,6591869.53,187.179,186.429,17,13.5,0.701057,41.412399,69.795302,17.194173,0.709041
A185-001-15,15-H-038,363639.683,6591869.53,186.429,185.679,18,14.25,0.676899,41.141292,68.791309,18.370084,0.719158
A185-001-15,15-H-038,363639.683,6591869.53,185.679,184.929,19,15.0,0.723327,42.366698,68.84261,19.063781,0.693724
A185-001-15,15-H-038,363639.683,6591869.53,184.929,184.179,20,15.75,0.679318,41.812108,69.559181,18.275042,0.736346
A185-001-15,15-H-038,363639.683,6591869.53,184.179,183.429,21,16.5,0.702367,41.478843,68.497111,18.121003,0.695822
A185-001-15,15-H-038,363639.683,6591869.53,183.429,183.095,22,16.834,0.679722,40.732668,69.388851,18.659857,0.715264
A185-001-15,15-H-039,363640.607,6591860.888,199.948,199.198,0,0.75,0.78542,36.370272,71.262544,15.923564,0.567774
A185-001-15,15-H-039,363640.607,6591860.888,199.198,198.448,1,1.5,0.767911,39.951596,69.858515,16.827411,0.625248
A185-001-15,15-H-039,363640.607,6591860.888,198.448,197.698,2,2.25,0.773401,39.691772,70.358032,17.747024,0.621307
A185-001-15,15-H-039,363640.607,6591860.888,197.698,196.948,3,3.0,0.7645,38.997434,70.090307,17.308836,0.615164
A185-001-15,15-H-039,363640.607,6591860.888,196.948,196.198,4,3.75,0.736081,40.280293,71.006464,16.536319,0.668281
A185-001-15,15-H-039,363640.607,6591860.888,196.198,195.448,5,4.5,0.765216,41.053935,70.455233,18.170733,0.650351
A185-001-15,15-H-039,363640.607,6591860.888,195.448,194.698,6,5.25,0.71277,39.510188,69.302597,16.164692,0.660677
A185-001-15,15-H-039,363640.607,6591860.888,194.698,193.948,7,6.0,0.720796,41.786555,69.024614,17.28744,0.688244
A185-001-15,15-H-039,363640.607,6591860.888,193.948,193.198,8,6.75,0.686966,40.741712,68.217582,18.884486,0.69602
A185-001-15,15-H-039,363640.607,6591860.888,193.198,192.448,9,7.5,0.713994,41.959693,68.276134,19.026993,0.69032
A185-001-15,15-H-039,363640.607,6591860.888,192.448,191.698,10,8.25,0.760916,41.960305,67.787396,17.211328,0.643061
A185-001-15,15-H-039,363640.607,6591860.888,191.698,190.948,11,9.0,0.69761,41.532961,69.785243,18.390999,0.714645
A185-001-15,15-H-039,363640.607,6591860.888,190.948,190.198,12,9.75,0.636324,44.140425,69.299278,18.397324,0.826513
A185-001-15,15-H-039,363640.607,6591860.888,190.198,189.448,13,10.5,0.66034,43.737201,68.137906,18.058708,0.776049
A185-001-15,15-H-039,363640.607,6591860.888,189.448,188.698,14,11.25,0.625073,44.152504,68.140789,18.25449,0.827531
A185-001-15,15-H-039,363640.607,6591860.888,188.698,187.948,15,12.0,0.668373,43.280832,67.29516,19.51436,0.749589
A185-001-15,15-H-039,363640.607,6591860.888,187.948,187.198,16,12.75,0.690637,42.792253,67.865855,18.542235,0.723283
A185-001-15,15-H-039,363640.607,6591860.888,187.198,186.448,17,13.5,0.684677,43.186028,68.914873,18.214055,0.747558
A185-001-15,15-H-039,363640.607,6591860.888,186.448,185.698,18,14.25,0.666132,41.825908,69.379733,18.29236,0.749195
A185-001-15,15-H-039,363640.607,6591860.888,185.698,184.948,19,15.0,0.673083,43.471657,68.829211,18.191186,0.76446
A185-001-15,15-H-039,363640.607,6591860.888,184.948,184.387,20,15.561,0.666735,42.659422,69.04192,18.472124,0.759708
A185-001-15,15-H-040,363640.037,6591853.653,199.839,199.089,0,0.75,0.78127,37.802712,69.689211,16.206592,0.580164
A185-001-15,15-H-040,363640.037,6591853.653,199.089,198.339,1,1.5,0.771261,38.108483,69.904891,16.790679,0.594303
A185-001-15,15-H-040,363640.037,6591853.653,198.339,197.589,2,2.25,0.787362,38.239031,68.659015,17.282937,0.573864
A185-001-15,15-H-040,363640.037,6591853.653,197.589,196.839,3,3.0,0.758781,40.163912,69.452797,17.334309,0.632477
A185-001-15,15-H-040,363640.037,6591853.653,196.839,196.089,4,3.75,0.734161,40.944789,69.967668,17.972426,0.671284
A185-001-15,15-H-040,363640.037,6591853.653,196.089,195.339,5,4.5,0.735497,41.715094,69.931268,18.024541,0.682287
A185-001-15,15-H-040,363640.037,6591853.653,195.339,194.589,6,5.25,0.69552,41.01896,68.790372,16.943895,0.697706
A185-001-15,15-H-040,363640.037,6591853.653,194.589,193.839,7,6.0,0.732167,41.429902,68.97516,18.227422,0.671457
A185-001-15,15-H-040,363640.037,6591853.653,193.839,193.089,8,6.75,0.703805,42.581533,67.706367,17.293098,0.704503
A185-001-15,15-H-040,363640.037,6591853.653,193.089,192.339,9,7.5,0.702153,42.796927,68.893427,17.592932,0.722159
A185-001-15,15-H-040,363640.037,6591853.653,192.339,191.589,10,8.25,0.679777,40.989199,69.8932,18.157932,0.724851
A185-001-15,15-H-040,363640.037,6591853.653,191.589,190.839,11,9.0,0.665965,44.123943,69.605308,18.1078,0.792974
A185-001-15,15-H-040,363640.037,6591853.653,190.839,190.089,12,9.75,0.656545,42.007073,68.898193,18.851169,0.758171
A185-001-15,15-H-040,363640.037,6591853.653,190.089,189.339,13,10.5,0.660452,43.839525,67.958437,18.682776,0.77576
A185-001-15,15-H-040,363640.037,6591853.653,189.339,188.589,14,11.25,0.643144,42.603523,69.102043,18.809883,0.787187
A185-001-15,15-H-040,363640.037,6591853.653,188.589,187.839,15,12.0,0.671141,43.874663,69.205201,18.332606,0.777985
A185-001-15,15-H-040,363640.037,6591853.653,187.839,187.089,16,12.75,0.637259,44.257463,68.498294,18.141549,0.817917
A185-001-15,15-H-040,363640.037,6591853.653,187.089,186.339,17,13.5,0.653142,43.664889,68.19315,18.155967,0.783929
A185-001-15,15-H-040,363640.037,6591853.653,186.339,185.589,18,14.25,0.667126,44.681146,68.348544,18.791903,0.787216
A185-001-15,15-H-040,363640.037,6591853.653,185.589,184.839,19,15.0,0.645086,44.086752,68.359071,18.615557,0.803338
A185-001-15,15-H-040,363640.037,6591853.653,184.839,184.089,20,15.75,0.685257,43.24067,68.481587,17.96904,0.743151
A185-001-15,15-H-040,363640.037,6591853.653,184.089,183.339,21,16.5,0.696451,41.36828,69.570089,17.073509,0.71065
A185-001-15,15-H-040,363640.037,6591853.653,183.339,183.271,22,16.568,0.689234,42.686975,68.620716,18.750605,0.731015
A185-001-15,15-H-041,363639.956,6591845.288,199.946,199.196,0,0.75,0.837391,36.163746,69.566211,15.865036,0.517073
A185-001-15,15-H-041,363639.956,6591845.288,199.196,198.446,1,1.5,0.803368,38.868123,70.409929,15.817218,0.586039
A185-001-15,15-H-041,363639.956,6591845.288,198.446,197.696,2,2.25,0.78877,39.001842,70.141436,17.075595,0.596772
A185-001-15,15-H-041,363639.956,6591845.288,197.696,196.946,3,3.0,0.791017,39.271802,70.028592,17.023868,0.598221
A185-001-15,15-H-041,363639.956,6591845.288,196.946,196.196,4,3.75,0.762345,39.532287,70.655627,16.938319,0.63031
A185-001-15,15-H-041,363639.956,6591845.288,196.196,195.446,5,4.5,0.693991,40.860318,70.123238,18.268494,0.71016
A185-001-15,15-H-041,363639.956,6591845.288,195.446,194.696,6,5.25,0.758335,40.019032,68.87418,16.421868,0.625226
A185-001-15,15-H-041,363639.956,6591845.288,194.696,193.946,7,6.0,0.772699,40.07063,68.214126,15.692187,0.608471
A185-001-15,15-H-041,363639.956,6591845.288,193.946,193.196,8,6.75,0.750434,41.47826,69.50065,18.2149,0.660907
A185-001-15,15-H-041,363639.956,6591845.288,193.196,192.446,9,7.5,0.753364,40.230692,69.785402,19.34213,0.641354
A185-001-15,15-H-041,363639.956,6591845.288,192.446,191.696,10,8.25,0.727205,39.470817,67.807378,17.127341,0.633159
A185-001-15,15-H-041,363639.956,6591845.288,191.696,190.946,11,9.0,0.718446,40.183843,68.448757,17.402666,0.658577
A185-001-15,15-H-041,363639.956,6591845.288,190.946,190.196,12,9.75,0.695232,40.838566,70.086484,18.366899,0.708162
A185-001-15,15-H-041,363639.956,6591845.288,190.196,189.446,13,10.5,0.674884,42.557001,70.549068,18.682461,0.765087
A185-001-15,15-H-041,363639.956,6591845.288,189.446,188.696,14,11.25,0.695677,43.255426,68.629579,18.142911,0.733902
A185-001-15,15-H-041,363639.956,6591845.288,188.696,187.946,15,12.0,0.691119,41.328783,67.584823,18.793841,0.695287
A185-001-15,15-H-041,363639.956,6591845.288,187.946,187.196,16,12.75,0.689625,43.257512,69.075999,17.81154,0.74512
A185-001-15,15-H-041,363639.956,6591845.288,187.196,186.446,17,13.5,0.676789,41.180533,69.136427,18.112285,0.723528
A185-001-15,15-H-041,363639.956,6591845.288,186.446,185.696,18,14.25,0.714092,41.318493,68.307913,18.677529,0.679986
A185-001-15,15-H-041,363639.956,6591845.288,185.696,184.946,19,15.0,0.701994,41.065076,69.521785,17.129327,0.699425
A185-001-15,15-H-041,363639.956,6591845.288,184.946,184.266,20,15.68,0.7034,41.638665,69.922194,18.996224,0.712043
A185-001-15,15-H-042,363639.657,6591837.588,199.95,199.2,0,0.75,0.864377,34.718254,69.836258,15.531255,0.482862
A185-001-15,15-H-042,363639.657,6591837.588,199.2,198.45,1,1.5,0.863203,35.622653,71.250222,15.195008,0.506027
A185-001-15,15-H-042,363639.657,6591837.588,198.45,197.7,2,2.25,0.84782,35.015611,70.970136,16.020394,0.504544
A185-001-15,15-H-042,363639.657,6591837.588,197.7,196.95,3,3.0,0.880368,34.417782,71.927855,15.310224,0.484033
A185-001-15,15-H-042,363639.657,6591837.588,196.95,196.2,4,3.75,0.863891,35.441595,71.180539,15.317883,0.50259
A185-001-15,15-H-042,363639.657,6591837.588,196.2,195.45,5,4.5,0.824292,36.19973,70.644443,15.540042,0.533861
A185-001-15,15-H-042,363639.657,6591837.588,195.45,194.7,6,5.25,0.830998,36.090671,69.692576,15.274423,0.520857
A185-001-15,15-H-042,363639.657,6591837.588,194.7,193.95,7,6.0,0.83294,37.872596,70.394428,15.723128,0.550739
A185-001-15,15-H-042,363639.657,6591837.588,193.95,193.2,8,6.75,0.824325,36.908258,70.275086,15.518648,0.541412
A185-001-15,15-H-042,363639.657,6591837.588,193.2,192.45,9,7.5,0.813684,38.21661,70.317785,16.237819,0.568275
A185-001-15,15-H-042,363639.657,6591837.588,192.45,191.7,10,8.25,0.794125,39.376027,70.752156,15.799109,0.603467
A185-001-15,15-H-042,363639.657,6591837.588,191.7,190.95,11,9.0,0.763053,38.201981,69.708352,16.274822,0.600393
A185-001-15,15-H-042,363639.657,6591837.588,190.95,190.2,12,9.75,0.775735,38.219282,68.88508,15.932393,0.58388
A185-001-15,15-H-042,363639.657,6591837.588,190.2,189.45,13,10.5,0.792674,40.005611,69.557313,16.525339,0.603951
A185-001-15,15-H-042,363639.657,6591837.588,189.45,188.7,14,11.25,0.734395,41.255134,71.118897,17.361145,0.687156
A185-001-15,15-H-042,363639.657,6591837.588,188.7,187.95,15,12.0,0.761233,39.690053,70.73333,16.760764,0.634412
A185-001-15,15-H-042,363639.657,6591837.588,187.95,187.2,16,12.75,0.756404,40.292139,70.206195,15.541296,0.64314
A185-001-15,15-H-042,363639.657,6591837.588,187.2,186.45,17,13.5,0.781222,38.995676,71.286348,16.28161,0.612126
A185-001-15,15-H-042,363639.657,6591837.588,186.45,185.7,18,14.25,0.780555,38.807408,71.599856,16.752256,0.612429
A185-001-15,15-H-042,363639.657,6591837.588,185.7,184.95,19,15.0,0.773391,38.284936,69.823422,16.87302,0.594725
A185-001-15,15-H-042,363639.657,6591837.588,184.95,184.2,20,15.75,0.781391,39.558376,71.956593,17.107052,0.626715
A185-001-15,15-H-042,363639.657,6591837.588,184.2,183.636,21,16.314,0.78561,37.98707,70.236038,16.376474,0.584328
A185-001-15,15-H-043,363639.824,6591829.67,200.029,199.279,0,0.75,0.903178,34.353258,72.27868,14.297998,0.473139
A185-001-15,15-H-043,363639.824,6591829.67,199.279,198.529,1,1.5,0.904418,33.023287,72.294842,15.147643,0.454472
A185-001-15,15-H-043,363639.824,6591829.67,198.529,197.779,2,2.25,0.872215,34.127834,70.639198,14.050947,0.475641
A185-001-15,15-H-043,363639.824,6591829.67,197.779,197.029,3,3.0,0.845546,36.09776,71.223082,15.055855,0.523205
A185-001-15,15-H-043,363639.824,6591829.67,197.029,196.279,4,3.75,0.836064,37.352306,71.694476,14.925766,0.551038
A185-001-15,15-H-043,363639.824,6591829.67,196.279,195.529,5,4.5,0.805455,38.282574,70.455123,16.101461,0.576151
A185-001-15,15-H-043,363639.824,6591829.67,195.529,194.779,6,5.25,0.8361,36.469388,70.514045,15.129784,0.529229
A185-001-15,15-H-043,363639.824,6591829.67,194.779,194.029,7,6.0,0.848729,35.696958,70.552739,15.525381,0.510704
A185-001-15,15-H-043,363639.824,6591829.67,194.029,193.279,8,6.75,0.833708,36.945176,70.677866,15.001398,0.538872
A185-001-15,15-H-043,363639.824,6591829.67,193.279,192.529,9,7.5,0.817421,35.461181,69.463432,15.573246,0.518606
A185-001-15,15-H-043,363639.824,6591829.67,192.529,191.779,10,8.25,0.82105,36.434812,70.773283,15.634496,0.540421
A185-001-15,15-H-043,363639.824,6591829.67,191.779,191.029,11,9.0,0.814356,33.877684,70.133342,15.871896,0.502206
A185-001-15,15-H-043,363639.824,6591829.67,191.029,190.279,12,9.75,0.810793,37.541326,69.847449,16.307093,0.556527
A185-001-15,15-H-043,363639.824,6591829.67,190.279,189.529,13,10.5,0.747876,39.401164,70.149652,16.943599,0.635771
A185-001-15,15-H-043,363639.824,6591829.67,189.529,188.779,14,11.25,0.759413,38.516125,68.799875,15.324708,0.600189
A185-001-15,15-H-043,363639.824,6591829.67,188.779,188.029,15,12.0,0.752064,39.407576,70.819973,16.757393,0.638344
A185-001-15,15-H-043,363639.824,6591829.67,188.029,187.279,16,12.75,0.78636,39.230609,70.59792,16.05344,0.605874
A185-001-15,15-H-043,363639.824,6591829.67,187.279,186.529,17,13.5,0.759872,37.692887,69.546238,16.310222,0.593515
A185-001-15,15-H-043,363639.824,6591829.67,186.529,185.779,18,14.25,0.761478,38.955582,69.991511,16.458348,0.615966
A185-001-15,15-H-043,363639.824,6591829.67,185.779,185.029,19,15.0,0.79124,38.856906,71.163696,15.695036,0.601153
A185-001-15,15-H-043,363639.824,6591829.67,185.029,184.279,20,15.75,0.753153,39.261439,70.547687,17.147524,0.632681
A185-001-15,15-H-043,363639.824,6591829.67,184.279,183.791,21,16.238,0.792562,39.803938,68.986048,17.391803,0.596187
A185-001-15,15-H-044,363632.857,6591865.526,200.063,199.313,0,0.75,0.838952,37.866499,70.306008,15.886945,0.546054
A185-001-15,15-H-044,363632.857,6591865.526,199.313,198.563,1,1.5,0.819683,36.303699,70.237334,16.843429,0.535455
A185-001-15,15-H-044,363632.857,6591865.526,198.563,197.813,2,2.25,0.782753,36.892856,70.581925,15.46937,0.572304
A185-001-15,15-H-044,363632.857,6591865.526,197.813,197.063,3,3.0,0.809161,37.269728,71.287264,15.596176,0.56491
A185-001-15,15-H-044,363632.857,6591865.526,197.063,196.313,4,3.75,0.827573,38.373044,70.288955,15.139808,0.560688
A185-001-15,15-H-044,363632.857,6591865.526,196.313,195.563,5,4.5,0.801583,38.399745,69.928943,15.665014,0.576316
A185-001-15,15-H-044,363632.857,6591865.526,195.563,194.813,6,5.25,0.808955,39.209825,70.861693,15.890667,0.590868
A185-001-15,15-H-044,363632.857,6591865.526,194.813,194.063,7,6.0,0.792445,39.276993,69.289383,16.32775,0.590858
A185-001-15,15-H-044,363632.857,6591865.526,194.063,193.313,8,6.75,0.740514,39.542011,70.872741,16.816636,0.650963
A185-001-15,15-H-044,363632.857,6591865.526,193.313,192.563,9,7.5,0.767694,39.876135,70.282739,16.987049,0.628044
A185-001-15,15-H-044,363632.857,6591865.526,192.563,191.813,10,8.25,0.72238,40.769832,70.507346,17.217415,0.684422
A185-001-15,15-H-044,363632.857,6591865.526,191.813,191.063,11,9.0,0.694986,41.896637,69.656367,18.574783,0.722287
A185-001-15,15-H-044,363632.857,6591865.526,191.063,190.313,12,9.75,0.690949,42.751193,68.500772,18.188743,0.728959
A185-001-15,15-H-044,363632.857,6591865.526,190.313,189.563,13,10.5,0.67203,41.788215,68.612305,18.607998,0.733828
A185-001-15,15-H-044,363632.857,6591865.526,189.563,188.813,14,11.25,0.676732,43.521327,70.330004,18.435243,0.777796
A185-001-15,15-H-044,363632.857,6591865.526,188.813,188.063,15,12.0,0.680535,43.402065,69.804867,18.336304,0.765594
A185-001-15,15-H-044,363632.857,6591865.526,188.063,187.313,16,12.75,0.659648,44.164903,68.758902,18.183144,0.791581
A185-001-15,15-H-044,363632.857,6591865.526,187.313,186.563,17,13.5,0.683819,41.414273,69.232525,17.377616,0.721073
A185-001-15,15-H-044,363632.857,6591865.526,186.563,185.813,18,14.25,0.712606,41.987631,68.081822,18.658151,0.690111
A185-001-15,15-H-044,363632.857,6591865.526,185.813,185.063,19,15.0,0.717639,42.207275,70.253802,16.786976,0.710537
A185-001-15,15-H-044,363632.857,6591865.526,185.063,184.313,20,15.75,0.719112,41.772275,69.937759,17.438009,0.69873
A185-001-15,15-H-044,363632.857,6591865.526,184.313,183.993,21,16.07,0.696107,40.949722,69.740807,19.026793,0.705787
A185-001-15,15-H-045,363632.783,6591857.603,200.106,199.356,0,0.75,0.770573,40.365116,70.370265,16.356078,0.634062
A185-001-15,15-H-045,363632.783,6591857.603,199.356,198.606,1,1.5,0.755985,40.256891,71.585077,17.22106,0.655729
A185-001-15,15-H-045,363632.783,6591857.603,198.606,197.856,2,2.25,0.771512,41.154381,70.314654,17.098453,0.645218
A185-001-15,15-H-045,363632.783,6591857.603,197.856,197.106,3,3.0,0.750599,40.58373,69.635932,16.835468,0.647646
A185-001-15,15-H-045,363632.783,6591857.603,197.106,196.356,4,3.75,0.738229,41.550615,71.032826,16.548908,0.68755
A185-001-15,15-H-045,363632.783,6591857.603,196.356,195.606,5,4.5,0.710153,41.223876,69.202279,16.311977,0.6908
A185-001-15,15-H-045,363632.783,6591857.603,195.606,194.856,6,5.25,0.710183,42.290175,69.464908,17.66125,0.711432
A185-001-15,15-H-045,363632.783,6591857.603,194.856,194.106,7,6.0,0.696945,41.167379,69.066025,18.094857,0.701728
A185-001-15,15-H-045,363632.783,6591857.603,194.106,193.356,8,6.75,0.725703,43.188881,69.019264,17.384782,0.706432
A185-001-15,15-H-045,363632.783,6591857.603,193.356,192.606,9,7.5,0.70247,41.954123,69.422095,18.663718,0.713205
A185-001-15,15-H-045,363632.783,6591857.603,192.606,191.856,10,8.25,0.699406,41.306729,67.888058,18.615714,0.68976
A185-001-15,15-H-045,363632.783,6591857.603,191.856,191.106,11,9.0,0.678823,42.653911,69.199727,18.820298,0.747866
A185-001-15,15-H-045,363632.783,6591857.603,191.106,190.356,12,9.75,0.675951,44.174534,70.007218,18.687231,0.786759
A185-001-15,15-H-045,363632.783,6591857.603,190.356,189.606,13,10.5,0.65166,42.818787,67.563194,19.342469,0.763571
A185-001-15,15-H-045,363632.783,6591857.603,189.606,188.856,14,11.25,0.64544,42.699984,67.977623,18.46247,0.773368
A185-001-15,15-H-045,363632.783,6591857.603,188.856,188.106,15,12.0,0.615799,46.893354,66.882144,20.385625,0.875789
A185-001-15,15-H-045,363632.783,6591857.603,188.106,187.356,16,12.75,0.630977,44.080017,67.300933,18.308084,0.808413
A185-001-15,15-H-045,363632.783,6591857.603,187.356,186.606,17,13.5,0.647082,45.797887,67.511841,20.23479,0.821777
A185-001-15,15-H-045,363632.783,6591857.603,186.606,185.856,18,14.25,0.674456,44.808272,68.018091,19.58536,0.777227
A185-001-15,15-H-045,363632.783,6591857.603,185.856,185.106,19,15.0,0.672225,43.742034,68.659649,18.505125,0.768326
A185-001-15,15-H-045,363632.783,6591857.603,185.106,184.779,20,15.327,0.685835,43.592015,68.724287,18.570555,0.751261
A185-001-15,15-H-046,363632.993,6591849.964,199.954,199.204,0,0.75,0.755803,39.69673,69.058098,16.780204,0.623978
A185-001-15,15-H-046,363632.993,6591849.964,199.204,198.454,1,1.5,0.752972,40.22229,69.696121,16.909709,0.64044
A185-001-15,15-H-046,363632.993,6591849.964,198.454,197.704,2,2.25,0.763959,40.606376,68.861046,16.839695,0.629648
A185-001-15,15-H-046,363632.993,6591849.964,197.704,196.954,3,3.0,0.753304,42.126067,69.915617,16.715493,0.672443
A185-001-15,15-H-046,363632.993,6591849.964,196.954,196.204,4,3.75,0.785929,40.15899,69.281437,17.752713,0.609177
A185-001-15,15-H-046,363632.993,6591849.964,196.204,195.454,5,4.5,0.711923,40.025737,69.343821,16.709555,0.67053
A185-001-15,15-H-046,363632.993,6591849.964,195.454,194.704,6,5.25,0.694677,41.143998,70.03044,16.891326,0.713261
A185-001-15,15-H-046,363632.993,6591849.964,194.704,193.954,7,6.0,0.728643,42.70114,69.779671,17.574689,0.703333
A185-001-15,15-H-046,363632.993,6591849.964,193.954,193.204,8,6.75,0.693876,42.465799,69.734705,17.609188,0.733942
A185-001-15,15-H-046,363632.993,6591849.964,193.204,192.454,9,7.5,0.684748,42.704933,68.999592,17.390912,0.739985
A185-001-15,15-H-046,363632.993,6591849.964,192.454,191.704,10,8.25,0.687889,43.394149,68.799138,17.874027,0.74636
A185-001-15,15-H-046,363632.993,6591849.964,191.704,190.954,11,9.0,0.648764,42.797175,68.307408,18.81572,0.774936
A185-001-15,15-H-046,363632.993,6591849.964,190.954,190.204,12,9.75,0.654208,44.678244,69.284853,18.371165,0.813577
A185-001-15,15-H-046,363632.993,6591849.964,190.204,189.454,13,10.5,0.648553,42.131263,66.056219,18.60737,0.73806
A185-001-15,15-H-046,363632.993,6591849.964,189.454,188.704,14,11.25,0.64344,45.474241,69.98004,19.694645,0.850437
A185-001-15,15-H-046,363632.993,6591849.964,188.704,187.954,15,12.0,0.660167,44.862416,68.450226,19.451351,0.799974
A185-001-15,15-H-046,363632.993,6591849.964,187.954,187.204,16,12.75,0.656975,45.968984,67.27915,18.853135,0.809495
A185-001-15,15-H-046,363632.993,6591849.964,187.204,186.454,17,13.5,0.621726,45.045445,67.45037,19.951077,0.840384
A185-001-15,15-H-046,363632.993,6591849.964,186.454,185.704,18,14.25,0.666211,43.852971,68.686751,17.775999,0.77742
A185-001-15,15-H-046,363632.993,6591849.964,185.704,184.954,19,15.0,0.651913,43.9489,68.929283,18.95878,0.799103
A185-001-15,15-H-046,363632.993,6591849.964,184.954,184.204,20,15.75,0.66014,44.218907,68.770174,19.077831,0.792194
A185-001-15,15-H-046,363632.993,6591849.964,184.204,183.81,21,16.144,0.6535,42.524408,68.248441,17.839003,0.763671
A185-001-15,15-H-047,363632.618,6591841.689,199.908,199.158,0,0.75,0.85766,34.852023,72.032496,14.523165,0.503677
A185-001-15,15-H-047,363632.618,6591841.689,199.158,198.408,1,1.5,0.870205,35.427592,71.786416,13.640674,0.502786
A185-001-15,15-H-047,363632.618,6591841.689,198.408,197.658,2,2.25,0.878315,35.278175,71.881627,14.192358,0.496787
A185-001-15,15-H-047,363632.618,6591841.689,197.658,196.908,3,3.0,0.834719,36.315145,72.090045,15.690377,0.539692
A185-001-15,15-H-047,363632.618,6591841.689,196.908,196.158,4,3.75,0.845618,35.367487,70.45702,14.996197,0.507112
A185-001-15,15-H-047,363632.618,6591841.689,196.158,195.408,5,4.5,0.819326,35.513834,70.660654,15.631367,0.527075
A185-001-15,15-H-047,363632.618,6591841.689,195.408,194.658,6,5.25,0.860626,35.808739,70.254954,15.232378,0.503082
A185-001-15,15-H-047,363632.618,6591841.689,194.658,193.908,7,6.0,0.800055,37.410277,71.258529,15.67306,0.573245
A185-001-15,15-H-047,363632.618,6591841.689,193.908,193.158,8,6.75,0.801975,37.976944,69.638835,16.496495,0.567458
A185-001-15,15-H-047,363632.618,6591841.689,193.158,192.408,9,7.5,0.763984,40.098014,69.197137,16.180816,0.624716
A185-001-15,15-H-047,363632.618,6591841.689,192.408,191.658,10,8.25,0.752695,39.0651,69.429718,16.713604,0.619908
A185-001-15,15-H-047,363632.618,6591841.689,191.658,190.908,11,9.0,0.7495,40.618211,71.255695,16.400658,0.664142
A185-001-15,15-H-047,363632.618,6591841.689,190.908,190.158,12,9.75,0.712175,39.965742,69.341849,17.488569,0.669367
A185-001-15,15-H-047,363632.618,6591841.689,190.158,189.408,13,10.5,0.726292,41.459503,70.307581,17.012555,0.690247
A185-001-15,15-H-047,363632.618,6591841.689,189.408,188.658,14,11.25,0.696392,41.725483,70.035308,17.614743,0.721674
A185-001-15,15-H-047,363632.618,6591841.689,188.658,187.908,15,12.0,0.745771,40.653124,70.10296,18.18792,0.657467
A185-001-15,15-H-047,363632.618,6591841.689,187.908,187.158,16,12.75,0.721576,42.502879,69.708677,17.058192,0.706134
A185-001-15,15-H-047,363632.618,6591841.689,187.158,186.408,17,13.5,0.732348,39.637658,69.471354,16.814349,0.646781
A185-001-15,15-H-047,363632.618,6591841.689,186.408,185.658,18,14.25,0.744215,37.75211,70.435343,17.53525,0.614791
A185-001-15,15-H-047,363632.618,6591841.689,185.658,184.908,19,15.0,0.793627,39.142999,71.22478,16.244824,0.604333
A185-001-15,15-H-047,363632.618,6591841.689,184.908,184.158,20,15.75,0.75905,37.688405,70.704839,17.214261,0.60406
A185-001-15,15-H-047,363632.618,6591841.689,184.158,183.408,21,16.5,0.772726,38.862941,70.512631,16.395849,0.610077
A185-001-15,15-H-047,363632.618,6591841.689,183.408,183.17,22,16.738,0.754324,40.488468,70.464381,17.307136,0.650633
A185-001-15,15-H-048,363632.854,6591833.656,200.041,199.291,0,0.75,0.876929,35.4307,71.699782,14.898955,0.49854
A185-001-15,15-H-048,363632.854,6591833.656,199.291,198.541,1,1.5,0.885211,33.826543,71.300744,14.809627,0.468987
A185-001-15,15-H-048,363632.854,6591833.656,198.541,197.791,2,2.25,0.872737,35.146556,71.572692,14.906434,0.496046
A185-001-15,15-H-048,363632.854,6591833.656,197.791,197.041,3,3.0,0.859819,35.199084,72.22679,15.682988,0.508907
A185-001-15,15-H-048,363632.854,6591833.656,197.041,196.291,4,3.75,0.844492,36.495117,71.40107,14.755137,0.530884
A185-001-15,15-H-048,363632.854,6591833.656,196.291,195.541,5,4.5,0.81147,36.505996,70.783637,17.088014,0.5481
A185-001-15,15-H-048,363632.854,6591833.656,195.541,194.791,6,5.25,0.809231,37.96085,71.009101,14.806603,0.572968
A185-001-15,15-H-048,363632.854,6591833.656,194.791,194.041,7,6.0,0.820951,37.85489,71.683323,16.654237,0.568797
A185-001-15,15-H-048,363632.854,6591833.656,194.041,193.291,8,6.75,0.800637,39.027698,69.801791,16.884479,0.585484
A185-001-15,15-H-048,363632.854,6591833.656,193.291,192.541,9,7.5,0.797282,38.74719,69.904685,16.97956,0.584597
A185-001-15,15-H-048,363632.854,6591833.656,192.541,191.791,10,8.25,0.763148,40.315132,68.588392,17.072681,0.623368
A185-001-15,15-H-048,363632.854,6591833.656,191.791,191.041,11,9.0,0.773339,39.360324,69.640341,16.231764,0.609738
A185-001-15,15-H-048,363632.854,6591833.656,191.041,190.291,12,9.75,0.722587,40.605,70.127013,16.902659,0.677766
A185-001-15,15-H-048,363632.854,6591833.656,190.291,189.541,13,10.5,0.700748,39.902202,69.429255,17.68168,0.680047
A185-001-15,15-H-048,363632.854,6591833.656,189.541,188.791,14,11.25,0.735906,41.939324,69.799058,17.371558,0.684191
A185-001-15,15-H-048,363632.854,6591833.656,188.791,188.041,15,12.0,0.756093,40.697131,69.009264,16.699235,0.638946
A185-001-15,15-H-048,363632.854,6591833.656,188.041,187.291,16,12.75,0.710008,40.91429,69.930721,16.285466,0.69296
A185-001-15,15-H-048,363632.854,6591833.656,187.291,186.541,17,13.5,0.77316,38.601821,70.396047,17.647768,0.604806
A185-001-15,15-H-048,363632.854,6591833.656,186.541,185.791,18,14.25,0.767452,39.258592,70.028356,15.809486,0.616169
A185-001-15,15-H-048,363632.854,6591833.656,185.791,185.041,19,15.0,0.774243,38.025079,70.710045,16.913972,0.597526
A185-001-15,15-H-048,363632.854,6591833.656,185.041,184.291,20,15.75,0.761541,39.512489,70.797699,15.944864,0.631802
A185-001-15,15-H-048,363632.854,6591833.656,184.291,183.649,21,16.392,0.807893,37.405725,70.00583,16.469875,0.557784
A185-001-15,15-H-049,363625.525,6591869.364,200.014,199.264,0,0.75,0.846628,35.773109,70.968041,16.539113,0.516187
A185-001-15,15-H-049,363625.525,6591869.364,199.264,198.514,1,1.5,0.852273,35.127288,71.67462,16.176812,0.50851
A185-001-15,15-H-049,363625.525,6591869.364,198.514,197.764,2,2.25,0.846871,37.468678,70.371431,15.019119,0.535693
A185-001-15,15-H-049,363625.525,6591869.364,197.764,197.014,3,3.0,0.853364,37.441134,68.978107,15.03881,0.520762
A185-001-15,15-H-049,363625.525,6591869.364,197.014,196.264,4,3.75,0.80766,38.206832,70.184074,15.942617,0.571233
A185-001-15,15-H-049,363625.525,6591869.364,196.264,195.514,5,4.5,0.78805,38.625514,70.158668,15.601126,0.591538
A185-001-15,15-H-049,363625.525,6591869.364,195.514,194.764,6,5.25,0.79536,36.97566,68.924322,16.095471,0.551384
A185-001-15,15-H-049,363625.525,6591869.364,194.764,194.014,7,6.0,0.790276,38.034622,70.284596,16.241643,0.581999
A185-001-15,15-H-049,363625.525,6591869.364,194.014,193.264,8,6.75,0.788229,38.412756,69.836716,16.614038,0.585589
A185-001-15,15-H-049,363625.525,6591869.364,193.264,192.514,9,7.5,0.752368,39.553162,69.71231,16.901357,0.63047
A185-001-15,15-H-049,363625.525,6591869.364,192.514,191.764,10,8.25,0.767398,36.691683,69.463779,15.69146,0.571405
A185-001-15,15-H-049,363625.525,6591869.364,191.764,191.014,11,9.0,0.741484,40.093909,69.477619,16.789305,0.646221
A185-001-15,15-H-049,363625.525,6591869.364,191.014,190.264,12,9.75,0.707548,39.255195,68.753344,16.378679,0.656057
A185-001-15,15-H-049,363625.525,6591869.364,190.264,189.514,13,10.5,0.706931,40.57917,69.642801,17.615968,0.687612
A185-001-15,15-H-049,363625.525,6591869.364,189.514,188.764,14,11.25,0.733917,41.561522,69.359979,17.094765,0.675582
A185-001-15,15-H-049,363625.525,6591869.364,188.764,188.014,15,12.0,0.7605,41.016566,70.499592,17.016642,0.654047
A185-001-15,15-H-049,363625.525,6591869.364,188.014,187.264,16,12.75,0.742918,40.409335,69.823832,17.013099,0.653292
A185-001-15,15-H-049,363625.525,6591869.364,187.264,186.514,17,13.5,0.758894,40.774714,69.623964,16.927928,0.643496
A185-001-15,15-H-049,363625.525,6591869.364,186.514,185.764,18,14.25,0.717511,41.559728,68.475275,17.201402,0.682177
A185-001-15,15-H-049,363625.525,6591869.364,185.764,185.014,19,15.0,0.752003,39.473609,70.293435,16.764171,0.634724
A185-001-15,15-H-049,363625.525,6591869.364,185.014,184.264,20,15.75,0.774717,40.1671,69.489734,17.514239,0.619909
A185-001-15,15-H-049,363625.525,6591869.364,184.264,184.107,21,15.907,0.758855,39.918085,70.903577,15.91418,0.641471
A185-001-15,15-H-050,363625.646,6591861.455,199.92,199.17,0,0.75,0.818737,38.403852,69.0576,16.961192,0.55749
A185-001-15,15-H-050,363625.646,6591861.455,199.17,198.42,1,1.5,0.790352,40.938138,70.044034,17.231154,0.624201
A185-001-15,15-H-050,363625.646,6591861.455,198.42,197.67,2,2.25,0.746907,39.542837,70.937521,16.644272,0.64599
A185-001-15,15-H-050,363625.646,6591861.455,197.67,196.92,3,3.0,0.748824,39.959274,68.647114,17.353789,0.630235
A185-001-15,15-H-050,363625.646,6591861.455,196.92,196.17,4,3.75,0.74549,41.264944,71.124319,17.679015,0.677211
A185-001-15,15-H-050,363625.646,6591861.455,196.17,195.42,5,4.5,0.7548,41.633153,70.652827,17.729057,0.670381
A185-001-15,15-H-050,363625.646,6591861.455,195.42,194.67,6,5.25,0.735818,40.6472,68.383439,17.821907,0.649901
A185-001-15,15-H-050,363625.646,6591861.455,194.67,193.92,7,6.0,0.742498,41.266582,70.478665,17.672921,0.673804
A185-001-15,15-H-050,363625.646,6591861.455,193.92,193.17,8,6.75,0.729033,41.305047,69.355576,16.791959,0.67583
A185-001-15,15-H-050,363625.646,6591861.455,193.17,192.42,9,7.5,0.72296,42.644177,69.40971,16.922212,0.704082
A185-001-15,15-H-050,363625.646,6591861.455,192.42,191.67,10,8.25,0.674173,42.949371,69.729845,18.290781,0.763935
A185-001-15,15-H-050,363625.646,6591861.455,191.67,190.92,11,9.0,0.657209,43.19889,67.766617,18.209912,0.765999
A185-001-15,15-H-050,363625.646,6591861.455,190.92,190.17,12,9.75,0.618357,45.01015,66.257137,18.175823,0.82918
A185-001-15,15-H-050,363625.646,6591861.455,190.17,189.42,13,10.5,0.637407,45.17146,67.631809,19.023565,0.824148
A185-001-15,15-H-050,363625.646,6591861.455,189.42,188.67,14,11.25,0.641042,45.76248,67.562959,18.793755,0.829309
A185-001-15,15-H-050,363625.646,6591861.455,188.67,187.92,15,12.0,0.647917,43.884399,69.196909,18.884995,0.80594
A185-001-15,15-H-050,363625.646,6591861.455,187.92,187.17,16,12.75,0.654922,44.424701,68.973122,18.628954,0.804499
A185-001-15,15-H-050,363625.646,6591861.455,187.17,186.42,17,13.5,0.654976,44.784053,68.020354,18.208553,0.7997
A185-001-15,15-H-050,363625.646,6591861.455,186.42,185.67,18,14.25,0.680629,44.4956,68.975797,19.008334,0.775507
A185-001-15,15-H-050,363625.646,6591861.455,185.67,184.92,19,15.0,0.656685,44.02561,69.030274,17.715819,0.795704
A185-001-15,15-H-050,363625.646,6591861.455,184.92,184.241,20,15.679,0.686715,43.667576,69.527465,17.9292,0.760278
A185-001-15,15-H-051,363625.483,6591853.496,199.99,199.24,0,0.75,0.752994,40.213181,70.913625,17.347676,0.651479
A185-001-15,15-H-051,363625.483,6591853.496,199.24,198.49,1,1.5,0.705509,42.181264,69.847955,16.967537,0.718135
A185-001-15,15-H-051,363625.483,6591853.496,198.49,197.74,2,2.25,0.723326,42.976009,69.943004,18.865688,0.714855
A185-001-15,15-H-051,363625.483,6591853.496,197.74,196.99,3,3.0,0.696226,43.692347,70.205517,17.980414,0.757648
A185-001-15,15-H-051,363625.483,6591853.496,196.99,196.24,4,3.75,0.714869,40.898692,68.020454,18.725863,0.669557
A185-001-15,15-H-051,363625.483,6591853.496,196.24,195.49,5,4.5,0.688432,43.013428,70.879962,17.274292,0.761469
A185-001-15,15-H-051,363625.483,6591853.496,195.49,194.74,6,5.25,0.696483,41.761931,67.847725,18.739597,0.699854
A185-001-15,15-H-051,363625.483,6591853.496,194.74,193.99,7,6.0,0.694492,43.753054,69.400373,18.332684,0.751932
A185-001-15,15-H-051,363625.483,6591853.496,193.99,193.24,8,6.75,0.685215,43.006188,69.315251,18.075087,0.748164
A185-001-15,15-H-051,363625.483,6591853.496,193.24,192.49,9,7.5,0.654818,42.135371,68.668491,19.322875,0.760002
A185-001-15,15-H-051,363625.483,6591853.496,192.49,191.74,10,8.25,0.670195,45.151119,68.250864,19.210394,0.790763
A185-001-15,15-H-051,363625.483,6591853.496,191.74,190.99,11,9.0,0.650127,46.058196,67.321696,19.511049,0.820177
A185-001-15,15-H-051,363625.483,6591853.496,190.99,190.24,12,9.75,0.583968,45.820768,69.178295,19.449995,0.933107
A185-001-15,15-H-051,363625.483,6591853.496,190.24,189.49,13,10.5,0.618361,45.861663,67.713303,19.796583,0.863536
A185-001-15,15-H-051,363625.483,6591853.496,189.49,188.74,14,11.25,0.607105,46.555058,67.797476,19.666649,0.893854
A185-001-15,15-H-051,363625.483,6591853.496,188.74,187.99,15,12.0,0.636617,45.967661,68.46171,20.397633,0.850114
A185-001-15,15-H-051,363625.483,6591853.496,187.99,187.24,16,12.75,0.624341,46.790227,69.835063,18.543366,0.899669
A185-001-15,15-H-051,363625.483,6591853.496,187.24,186.49,17,13.5,0.631522,45.313369,68.328434,19.747509,0.843071
A185-001-15,15-H-051,363625.483,6591853.496,186.49,185.74,18,14.25,0.596449,45.011604,67.780929,19.954125,0.879517
A185-001-15,15-H-051,363625.483,6591853.496,185.74,184.99,19,15.0,0.607242,44.540186,68.04401,19.091536,0.85811
A185-001-15,15-H-051,363625.483,6591853.496,184.99,184.24,20,15.75,0.645507,45.549458,67.710941,18.24026,0.821488
A185-001-15,15-H-051,363625.483,6591853.496,184.24,183.758,21,16.232,0.659111,43.496553,66.912589,18.963565,0.75947
A185-001-15,15-H-052,363626.025,6591845.612,200.013,199.263,0,0.75,0.757066,39.251697,70.073245,16.497987,0.62497
A185-001-15,15-H-052,363626.025,6591845.612,199.263,198.513,1,1.5,0.758577,39.924058,69.90812,17.918477,0.633061
A185-001-15,15-H-052,363626.025,6591845.612,198.513,197.763,2,2.25,0.745499,41.957513,68.522812,17.730991,0.663433
A185-001-15,15-H-052,363626.025,6591845.612,197.763,197.013,3,3.0,0.732115,40.324124,69.538999,18.192603,0.658961
A185-001-15,15-H-052,363626.025,6591845.612,197.013,196.263,4,3.75,0.723278,39.847158,68.6185,16.83127,0.650261
A185-001-15,15-H-052,363626.025,6591845.612,196.263,195.513,5,4.5,0.715278,41.873271,70.09732,17.4442,0.70576
A185-001-15,15-H-052,363626.025,6591845.612,195.513,194.763,6,5.25,0.745861,39.614686,68.558926,17.448023,0.6265
A185-001-15,15-H-052,363626.025,6591845.612,194.763,194.013,7,6.0,0.72208,42.254087,69.657982,17.695465,0.701092
A185-001-15,15-H-052,363626.025,6591845.612,194.013,193.263,8,6.75,0.728877,43.597384,70.094461,17.675342,0.721062
A185-001-15,15-H-052,363626.025,6591845.612,193.263,192.513,9,7.5,0.721483,40.104189,70.032211,17.954955,0.669677
A185-001-15,15-H-052,363626.025,6591845.612,192.513,191.763,10,8.25,0.70938,43.338942,69.064252,18.389558,0.725736
A185-001-15,15-H-052,363626.025,6591845.612,191.763,191.013,11,9.0,0.682563,43.700233,68.638702,17.481897,0.755648
A185-001-15,15-H-052,363626.025,6591845.612,191.013,190.263,12,9.75,0.633599,44.740875,68.359062,19.013138,0.83001
A185-001-15,15-H-052,363626.025,6591845.612,190.263,189.513,13,10.5,0.607398,45.939976,66.562318,19.025862,0.865554
A185-001-15,15-H-052,363626.025,6591845.612,189.513,188.763,14,11.25,0.629857,44.657115,68.923966,18.777552,0.840209
A185-001-15,15-H-052,363626.025,6591845.612,188.763,188.013,15,12.0,0.642873,44.806792,68.919458,19.312255,0.826005
A185-001-15,15-H-052,363626.025,6591845.612,188.013,187.263,16,12.75,0.621374,44.339943,67.608866,19.551935,0.829617
A185-001-15,15-H-052,363626.025,6591845.612,187.263,186.513,17,13.5,0.632766,45.842948,67.066339,18.554581,0.8354
A185-001-15,15-H-052,363626.025,6591845.612,186.513,185.763,18,14.25,0.616567,44.359735,68.323969,18.561727,0.845141
A185-001-15,15-H-052,363626.025,6591845.612,185.763,185.013,19,15.0,0.670062,44.057205,68.587821,18.53809,0.77553
A185-001-15,15-H-052,363626.025,6591845.612,185.013,184.263,20,15.75,0.662657,43.920832,69.7575,17.241812,0.794888
A185-001-15,15-H-052,363626.025,6591845.612,184.263,183.706,21,16.307,0.659038,42.727245,68.552487,18.144478,0.764292
A185-001-15,15-H-053,363625.591,6591837.522,199.981,199.231,0,0.75,0.84875,35.197723,71.981025,15.022369,0.513672
A185-001-15,15-H-053,363625.591,6591837.522,199.231,198.481,1,1.5,0.867908,37.147159,71.316502,15.582983,0.525287
A185-001-15,15-H-053,363625.591,6591837.522,198.481,197.731,2,2.25,0.802982,35.886063,71.123509,15.996188,0.546973
A185-001-15,15-H-053,363625.591,6591837.522,197.731,196.981,3,3.0,0.811382,36.213863,71.355662,16.653819,0.548114
A185-001-15,15-H-053,363625.591,6591837.522,196.981,196.231,4,3.75,0.797593,39.032627,70.147537,16.142658,0.590596
A185-001-15,15-H-053,363625.591,6591837.522,196.231,195.481,5,4.5,0.809116,38.421409,70.063755,16.178076,0.572448
A185-001-15,15-H-053,363625.591,6591837.522,195.481,194.731,6,5.25,0.787942,37.454424,71.04466,15.737248,0.580977
A185-001-15,15-H-053,363625.591,6591837.522,194.731,193.981,7,6.0,0.82328,36.273615,69.532462,15.877046,0.527241
A185-001-15,15-H-053,363625.591,6591837.522,193.981,193.231,8,6.75,0.793524,37.429894,71.159459,16.026675,0.57749
A185-001-15,15-H-053,363625.591,6591837.522,193.231,192.481,9,7.5,0.781365,40.887702,72.252518,16.459961,0.650304
A185-001-15,15-H-053,363625.591,6591837.522,192.481,191.731,10,8.25,0.781762,37.61271,68.287321,16.613026,0.565379
A185-001-15,15-H-053,363625.591,6591837.522,191.731,190.981,11,9.0,0.711822,40.609092,70.478891,18.069732,0.691637
A185-001-15,15-H-053,363625.591,6591837.522,190.981,190.231,12,9.75,0.714169,42.663285,68.643346,17.692197,0.705284
A185-001-15,15-H-053,363625.591,6591837.522,190.231,189.481,13,10.5,0.689035,41.362629,70.398064,17.882218,0.7268
A185-001-15,15-H-053,363625.591,6591837.522,189.481,188.731,14,11.25,0.697888,42.138869,70.233951,17.680119,0.72931
A185-001-15,15-H-053,363625.591,6591837.522,188.731,187.981,15,12.0,0.673875,42.386444,69.090966,17.792783,0.747332
A185-001-15,15-H-053,363625.591,6591837.522,187.981,187.231,16,12.75,0.713883,41.386877,69.779118,18.080089,0.695859
A185-001-15,15-H-053,363625.591,6591837.522,187.231,186.481,17,13.5,0.725912,41.509987,69.150256,16.692084,0.680059
A185-001-15,15-H-053,363625.591,6591837.522,186.481,185.731,18,14.25,0.731796,41.403175,68.377188,17.273778,0.665447
A185-001-15,15-H-053,363625.591,6591837.522,185.731,184.981,19,15.0,0.721978,41.237856,68.789073,16.764516,0.675755
A185-001-15,15-H-053,363625.591,6591837.522,184.981,184.231,20,15.75,0.733541,40.525341,69.179758,17.236415,0.657437
A185-001-15,15-H-053,363625.591,6591837.522,184.231,183.804,21,16.177,0.736032,40.920215,70.365686,17.392466,0.672907
A185-001-15,15-H-054,363618.893,6591865.575,200.049,199.299,0,0.75,0.782484,38.326743,70.069915,16.786285,0.590537
A185-001-15,15-H-054,363618.893,6591865.575,199.299,198.549,1,1.5,0.760265,40.750213,69.634787,17.372623,0.642107
A185-001-15,15-H-054,363618.893,6591865.575,198.549,197.799,2,2.25,0.733409,40.920867,69.078951,18.020103,0.663082
A185-001-15,15-H-054,363618.893,6591865.575,197.799,197.049,3,3.0,0.704272,40.699499,69.815781,17.547226,0.693946
A185-001-15,15-H-054,363618.893,6591865.575,197.049,196.299,4,3.75,0.742543,40.809795,69.963022,17.726097,0.661476
A185-001-15,15-H-054,363618.893,6591865.575,196.299,195.549,5,4.5,0.709632,41.599213,68.845977,16.983951,0.694081
A185-001-15,15-H-054,363618.893,6591865.575,195.549,194.799,6,5.25,0.732347,43.29793,69.324129,17.295633,0.704885
A185-001-15,15-H-054,363618.893,6591865.575,194.799,194.049,7,6.0,0.726951,41.044002,68.483542,17.842311,0.665174
A185-001-15,15-H-054,363618.893,6591865.575,194.049,193.299,8,6.75,0.747879,41.443167,68.342005,16.935219,0.651434
A185-001-15,15-H-054,363618.893,6591865.575,193.299,192.549,9,7.5,0.707378,40.909393,70.789545,16.84235,0.704031
A185-001-15,15-H-054,363618.893,6591865.575,192.549,191.799,10,8.25,0.675623,42.752961,69.565231,18.49979,0.757064
A185-001-15,15-H-054,363618.893,6591865.575,191.799,191.049,11,9.0,0.679311,42.42437,68.166107,18.277509,0.732186
A185-001-15,15-H-054,363618.893,6591865.575,191.049,190.299,12,9.75,0.650635,44.226933,68.881339,17.852861,0.805025
A185-001-15,15-H-054,363618.893,6591865.575,190.299,189.549,13,10.5,0.639818,45.500632,69.22575,19.512501,0.846513
A185-001-15,15-H-054,363618.893,6591865.575,189.549,188.799,14,11.25,0.629351,44.980547,69.017536,19.168699,0.848149
A185-001-15,15-H-054,363618.893,6591865.575,188.799,188.049,15,12.0,0.61662,45.232372,67.817476,19.27537,0.855365
A185-001-15,15-H-054,363618.893,6591865.575,188.049,187.299,16,12.75,0.6452,46.108432,67.71821,19.004063,0.832119
A185-001-15,15-H-054,363618.893,6591865.575,187.299,186.549,17,13.5,0.663852,44.605177,70.219076,19.351855,0.811365
A185-001-15,15-H-054,363618.893,6591865.575,186.549,185.799,18,14.25,0.638407,43.665025,69.263859,18.011656,0.814514
A185-001-15,15-H-054,363618.893,6591865.575,185.799,185.049,19,15.0,0.706561,42.59726,69.065443,17.866653,0.716141
A185-001-15,15-H-054,363618.893,6591865.575,185.049,184.793,20,15.256,0.657456,43.195554,69.792834,18.764789,0.788547
A185-001-15,15-H-055,363619.127,6591857.216,199.958,199.208,0,0.75,0.696981,40.952081,69.124642,17.949005,0.698607
A185-001-15,15-H-055,363619.127,6591857.216,199.208,198.458,1,1.5,0.702691,42.621911,67.967941,19.006511,0.709212
A185-001-15,15-H-055,363619.127,6591857.216,198.458,197.708,2,2.25,0.697895,41.846534,69.735678,17.942881,0.719167
A185-001-15,15-H-055,363619.127,6591857.216,197.708,196.958,3,3.0,0.707457,43.348832,68.356535,18.347089,0.720428
A185-001-15,15-H-055,363619.127,6591857.216,196.958,196.208,4,3.75,0.696244,43.272458,69.66125,17.809589,0.744547
A185-001-15,15-H-055,363619.127,6591857.216,196.208,195.458,5,4.5,0.663929,43.999198,68.816783,18.07395,0.784192
A185-001-15,15-H-055,363619.127,6591857.216,195.458,194.708,6,5.25,0.678315,42.646546,67.841213,19.887964,0.733779
A185-001-15,15-H-055,363619.127,6591857.216,194.708,193.958,7,6.0,0.668391,43.545942,68.400503,19.021373,0.766434
A185-001-15,15-H-055,363619.127,6591857.216,193.958,193.208,8,6.75,0.633408,44.685849,67.257279,18.196525,0.815814
A185-001-15,15-H-055,363619.127,6591857.216,193.208,192.458,9,7.5,0.643362,45.677118,68.415741,18.552229,0.835142
A185-001-15,15-H-055,363619.127,6591857.216,192.458,191.708,10,8.25,0.670873,45.333948,68.622055,18.65217,0.797389
A185-001-15,15-H-055,363619.127,6591857.216,191.708,190.958,11,9.0,0.627641,45.830069,67.984148,19.072097,0.853522
A185-001-15,15-H-055,363619.127,6591857.216,190.958,190.208,12,9.75,0.61414,46.932088,68.258689,20.066778,0.896871
A185-001-15,15-H-055,363619.127,6591857.216,190.208,189.458,13,10.5,0.612544,47.705587,68.020139,19.328438,0.910705
A185-001-15,15-H-055,363619.127,6591857.216,189.458,188.708,14,11.25,0.564065,46.544267,67.247652,20.277662,0.953948
A185-001-15,15-H-055,363619.127,6591857.216,188.708,187.958,15,12.0,0.598444,46.518393,68.192081,19.297508,0.911257
A185-001-15,15-H-055,363619.127,6591857.216,187.958,187.208,16,12.75,0.546821,48.654289,67.499453,19.895173,1.032242
A185-001-15,15-H-055,363619.127,6591857.216,187.208,186.458,17,13.5,0.576841,47.127188,65.792506,19.764933,0.924079
A185-001-15,15-H-055,363619.127,6591857.216,186.458,185.708,18,14.25,0.580139,46.088636,68.169392,20.237257,0.931079
A185-001-15,15-H-055,363619.127,6591857.216,185.708,184.958,19,15.0,0.596424,46.829914,68.256822,19.607485,0.921353
A185-001-15,15-H-055,363619.127,6591857.216,184.958,184.208,20,15.75,0.590463,45.55405,65.845302,20.091788,0.873498
A185-001-15,15-H-055,363619.127,6591857.216,184.208,184.092,21,15.866,0.600126,47.308899,67.595129,19.089451,0.916018
A185-001-15,15-H-056,363618.921,6591849.522,200.031,199.281,0,0.75,0.781585,39.662537,70.974056,17.119023,0.619657
A185-001-15,15-H-056,363618.921,6591849.522,199.281,198.531,1,1.5,0.76475,38.618308,71.01954,17.14207,0.617031
A185-001-15,15-H-056,363618.921,6591849.522,198.531,197.781,2,2.25,0.765374,40.039771,69.688299,17.024801,0.62719
A185-001-15,15-H-056,363618.921,6591849.522,197.781,197.031,3,3.0,0.744044,40.868757,70.781786,17.338218,0.668762
A185-001-15,15-H-056,363618.921,6591849.522,197.031,196.281,4,3.75,0.745205,42.521757,68.706612,16.204316,0.674204
A185-001-15,15-H-056,363618.921,6591849.522,196.281,195.531,5,4.5,0.725247,42.617002,69.873304,17.828048,0.706202
A185-001-15,15-H-056,363618.921,6591849.522,195.531,194.781,6,5.25,0.72481,40.14704,69.298536,17.894646,0.660347
A185-001-15,15-H-056,363618.921,6591849.522,194.781,194.031,7,6.0,0.746394,38.476292,69.243894,18.165568,0.614266
A185-001-15,15-H-056,363618.921,6591849.522,194.031,193.281,8,6.75,0.718063,41.98972,70.285283,17.347405,0.706853
A185-001-15,15-H-056,363618.921,6591849.522,193.281,192.531,9,7.5,0.707134,43.091755,69.369183,17.924491,0.727024
A185-001-15,15-H-056,363618.921,6591849.522,192.531,191.781,10,8.25,0.684093,43.598096,69.774054,17.711141,0.764641
A185-001-15,15-H-056,363618.921,6591849.522,191.781,191.031,11,9.0,0.665936,43.49094,68.367836,19.261325,0.767946
A185-001-15,15-H-056,363618.921,6591849.522,191.031,190.281,12,9.75,0.665806,43.906477,68.622696,19.198958,0.778286
A185-001-15,15-H-056,363618.921,6591849.522,190.281,189.531,13,10.5,0.624074,47.096182,67.666276,19.94509,0.87803
A185-001-15,15-H-056,363618.921,6591849.522,189.531,188.781,14,11.25,0.631905,45.194262,67.555008,18.751852,0.830748
A185-001-15,15-H-056,363618.921,6591849.522,188.781,188.031,15,12.0,0.697016,44.555943,68.898059,18.681924,0.757461
A185-001-15,15-H-056,363618.921,6591849.522,188.031,187.281,16,12.75,0.599651,44.461436,67.358883,19.017492,0.858692
A185-001-15,15-H-056,363618.921,6591849.522,187.281,186.531,17,13.5,0.630996,44.183657,68.381698,18.792805,0.823319
A185-001-15,15-H-056,363618.921,6591849.522,186.531,185.781,18,14.25,0.630087,44.145201,67.710212,19.469556,0.815803
A185-001-15,15-H-056,363618.921,6591849.522,185.781,185.031,19,15.0,0.653518,43.429506,67.671881,18.396539,0.773356
A185-001-15,15-H-056,363618.921,6591849.522,185.031,184.281,20,15.75,0.723903,43.329226,69.409522,18.23329,0.714587
A185-001-15,15-H-056,363618.921,6591849.522,184.281,183.531,21,16.5,0.678292,42.76387,68.157572,18.204756,0.739031
A185-001-15,15-H-056,363618.921,6591849.522,183.531,182.781,22,17.25,0.683281,43.162501,68.671443,17.980996,0.746009
A185-001-15,15-H-056,363618.921,6591849.522,182.781,182.219,23,17.812,0.645911,42.556118,69.593582,18.079555,0.78842
A185-001-15,15-H-057,363618.94,6591841.464,199.975,199.225,0,0.75,0.852974,36.655089,70.730553,14.648933,0.522965
A185-001-15,15-H-057,363618.94,6591841.464,199.225,198.475,1,1.5,0.855764,36.654299,71.098257,16.104081,0.524132
A185-001-15,15-H-057,363618.94,6591841.464,198.475,197.725,2,2.25,0.828599,37.378656,70.472796,15.155255,0.546956
A185-001-15,15-H-057,363618.94,6591841.464,197.725,196.975,3,3.0,0.809312,36.174386,70.539681,14.95299,0.542453
A185-001-15,15-H-057,363618.94,6591841.464,196.975,196.225,4,3.75,0.830538,37.736787,70.583166,16.241896,0.551886
A185-001-15,15-H-057,363618.94,6591841.464,196.225,195.475,5,4.5,0.800473,38.745539,69.506371,15.81886,0.578804
A185-001-15,15-H-057,363618.94,6591841.464,195.475,194.725,6,5.25,0.759992,41.113765,69.945645,16.548511,0.650833
A185-001-15,15-H-057,363618.94,6591841.464,194.725,193.975,7,6.0,0.776276,39.297446,69.918042,16.85006,0.608957
A185-001-15,15-H-057,363618.94,6591841.464,193.975,193.225,8,6.75,0.741364,37.634912,70.297636,15.702437,0.613817
A185-001-15,15-H-057,363618.94,6591841.464,193.225,192.475,9,7.5,0.741111,42.389122,69.251137,16.846129,0.681227
A185-001-15,15-H-057,363618.94,6591841.464,192.475,191.725,10,8.25,0.734254,43.157962,69.016672,17.862665,0.697764
A185-001-15,15-H-057,363618.94,6591841.464,191.725,190.975,11,9.0,0.667166,42.083781,68.6157,18.145944,0.744354
A185-001-15,15-H-057,363618.94,6591841.464,190.975,190.225,12,9.75,0.687361,45.194715,69.557811,19.836649,0.786626
A185-001-15,15-H-057,363618.94,6591841.464,190.225,189.475,13,10.5,0.686089,43.00128,69.032455,18.229292,0.744107
A185-001-15,15-H-057,363618.94,6591841.464,189.475,188.725,14,11.25,0.666899,43.974369,68.772322,19.029366,0.779884
A185-001-15,15-H-057,363618.94,6591841.464,188.725,187.975,15,12.0,0.67065,42.600045,69.429122,18.020648,0.7584
A185-001-15,15-H-057,363618.94,6591841.464,187.975,187.225,16,12.75,0.674512,42.288898,68.339591,18.716287,0.73695
A185-001-15,15-H-057,363618.94,6591841.464,187.225,186.475,17,13.5,0.70893,40.935836,68.715518,17.40448,0.68248
A185-001-15,15-H-057,363618.94,6591841.464,186.475,185.725,18,14.25,0.72633,42.245171,69.435596,17.580576,0.694624
A185-001-15,15-H-057,363618.94,6591841.464,185.725,184.975,19,15.0,0.736943,40.545995,68.87991,17.790541,0.651982
A185-001-15,15-H-057,363618.94,6591841.464,184.975,184.225,20,15.75,0.693835,40.987311,68.508673,17.88896,0.69612
A185-001-15,15-H-057,363618.94,6591841.464,184.225,184.008,21,15.967,0.723669,39.820557,69.399384,17.599179,0.65694
A185-001-15,15-H-058,363618.904,6591833.513,199.978,199.228,0,0.75,0.887246,33.847037,72.860255,15.255071,0.478454
A185-001-15,15-H-058,363618.904,6591833.513,199.228,198.478,1,1.5,0.8743,35.360067,72.014331,14.403628,0.501162
A185-001-15,15-H-058,363618.904,6591833.513,198.478,197.728,2,2.25,0.866943,36.142684,70.692385,15.06595,0.507177
A185-001-15,15-H-058,363618.904,6591833.513,197.728,196.978,3,3.0,0.867647,34.962315,71.044513,14.909916,0.49269
A185-001-15,15-H-058,363618.904,6591833.513,196.978,196.228,4,3.75,0.824708,34.112978,70.038301,15.496857,0.498637
A185-001-15,15-H-058,363618.904,6591833.513,196.228,195.478,5,4.5,0.850604,35.387264,71.314875,16.947728,0.510788
A185-001-15,15-H-058,363618.904,6591833.513,195.478,194.728,6,5.25,0.870196,35.64752,71.276658,15.087765,0.502497
A185-001-15,15-H-058,363618.904,6591833.513,194.728,193.978,7,6.0,0.82588,35.763344,70.233763,15.500453,0.523383
A185-001-15,15-H-058,363618.904,6591833.513,193.978,193.228,8,6.75,0.81981,37.275628,70.220086,16.006278,0.549414
A185-001-15,15-H-058,363618.904,6591833.513,193.228,192.478,9,7.5,0.808086,37.273695,70.848088,16.35909,0.562338
A185-001-15,15-H-058,363618.904,6591833.513,192.478,191.728,10,8.25,0.807707,38.844215,70.12252,15.961531,0.580191
A185-001-15,15-H-058,363618.904,6591833.513,191.728,190.978,11,9.0,0.792623,37.377409,69.981118,16.512741,0.567868
A185-001-15,15-H-058,363618.904,6591833.513,190.978,190.228,12,9.75,0.795685,38.330554,70.524651,15.873963,0.584477
A185-001-15,15-H-058,363618.904,6591833.513,190.228,189.478,13,10.5,0.723481,39.527193,70.801644,16.840699,0.66533
A185-001-15,15-H-058,363618.904,6591833.513,189.478,188.728,14,11.25,0.739588,39.844661,69.401535,18.169475,0.643323
A185-001-15,15-H-058,363618.904,6591833.513,188.728,187.978,15,12.0,0.750907,40.126905,70.062856,16.522134,0.643992
A185-001-15,15-H-058,363618.904,6591833.513,187.978,187.228,16,12.75,0.731722,40.516004,70.510527,16.456549,0.671454
A185-001-15,15-H-058,363618.904,6591833.513,187.228,186.478,17,13.5,0.759611,40.047239,69.865823,17.56681,0.633721
A185-001-15,15-H-058,363618.904,6591833.513,186.478,185.728,18,14.25,0.772454,39.276174,70.864984,17.810166,0.620002
A185-001-15,15-H-058,363618.904,6591833.513,185.728,184.978,19,15.0,0.777245,37.149457,71.991986,16.401444,0.592011
A185-001-15,15-H-058,363618.904,6591833.513,184.978,184.412,20,15.566,0.753957,38.213441,71.226853,15.542019,0.620902
A185-001-15,15-H-059,363611.875,6591869.398,199.966,199.216,0,0.75,0.787414,38.576165,69.980487,16.13453,0.589828
A185-001-15,15-H-059,363611.875,6591869.398,199.216,198.466,1,1.5,0.777218,39.537112,70.314881,16.538407,0.615342
A185-001-15,15-H-059,363611.875,6591869.398,198.466,197.716,2,2.25,0.749473,38.588752,69.613691,16.931493,0.616649
A185-001-15,15-H-059,363611.875,6591869.398,197.716,196.966,3,3.0,0.774573,38.291051,70.616044,16.201091,0.600552
A185-001-15,15-H-059,363611.875,6591869.398,196.966,196.216,4,3.75,0.780569,39.026474,68.81721,17.398191,0.592086
A185-001-15,15-H-059,363611.875,6591869.398,196.216,195.466,5,4.5,0.758187,41.667897,69.805021,16.601519,0.659824
A185-001-15,15-H-059,363611.875,6591869.398,195.466,194.716,6,5.25,0.73533,40.480342,70.284727,17.563698,0.665587
A185-001-15,15-H-059,363611.875,6591869.398,194.716,193.966,7,6.0,0.728242,40.488917,68.548101,17.737919,0.655651
A185-001-15,15-H-059,363611.875,6591869.398,193.966,193.216,8,6.75,0.711245,41.270221,69.083905,17.889192,0.689529
A185-001-15,15-H-059,363611.875,6591869.398,193.216,192.466,9,7.5,0.69305,42.105239,69.158199,18.439984,0.722688
A185-001-15,15-H-059,363611.875,6591869.398,192.466,191.716,10,8.25,0.682772,42.619619,69.472419,19.236092,0.745927
A185-001-15,15-H-059,363611.875,6591869.398,191.716,190.966,11,9.0,0.676893,45.028774,69.013109,17.469168,0.789329
A185-001-15,15-H-059,363611.875,6591869.398,190.966,190.216,12,9.75,0.649491,43.920847,68.396025,18.21454,0.795291
A185-001-15,15-H-059,363611.875,6591869.398,190.216,189.466,13,10.5,0.660285,42.938053,67.973508,19.296966,0.760289
A185-001-15,15-H-059,363611.875,6591869.398,189.466,188.716,14,11.25,0.673413,41.875723,68.849599,18.139941,0.736328
A185-001-15,15-H-059,363611.875,6591869.398,188.716,187.966,15,12.0,0.684566,43.486525,69.178447,17.646913,0.755668
A185-001-15,15-H-059,363611.875,6591869.398,187.966,187.216,16,12.75,0.681189,43.454691,69.457413,17.91672,0.761934
A185-001-15,15-H-059,363611.875,6591869.398,187.216,186.466,17,13.5,0.681252,40.938742,70.627287,17.180248,0.729845
A185-001-15,15-H-059,363611.875,6591869.398,186.466,185.716,18,14.25,0.726952,40.577947,69.435173,17.969345,0.666768
A185-001-15,15-H-059,363611.875,6591869.398,185.716,184.966,19,15.0,0.736467,42.400287,70.018731,16.226528,0.693192
A185-001-15,15-H-059,363611.875,6591869.398,184.966,184.216,20,15.75,0.720856,43.738621,69.708543,18.70368,0.727526
A185-001-15,15-H-059,363611.875,6591869.398,184.216,183.649,21,16.317,0.738843,42.68919,68.205459,17.531022,0.677858
A185-001-15,15-H-060,363611.939,6591860.989,199.981,199.231,0,0.75,0.750357,39.48353,69.852891,18.309985,0.632484
A185-001-15,15-H-060,363611.939,6591860.989,199.231,198.481,1,1.5,0.749686,42.733967,69.345963,17.258931,0.679898
A185-001-15,15-H-060,363611.939,6591860.989,198.481,197.731,2,2.25,0.719261,41.253342,69.91711,17.976791,0.689795
A185-001-15,15-H-060,363611.939,6591860.989,197.731,196.981,3,3.0,0.727768,40.226278,68.678911,18.011438,0.653107
A185-001-15,15-H-060,363611.939,6591860.989,196.981,196.231,4,3.75,0.736619,42.419385,69.666369,16.802255,0.689951
A185-001-15,15-H-060,363611.939,6591860.989,196.231,195.481,5,4.5,0.702712,40.981391,68.673763,16.794475,0.688773
A185-001-15,15-H-060,363611.939,6591860.989,195.481,194.731,6,5.25,0.684147,43.178743,69.235772,17.975795,0.751454
A185-001-15,15-H-060,363611.939,6591860.989,194.731,193.981,7,6.0,0.66573,43.093327,69.538007,18.154803,0.774035
A185-001-15,15-H-060,363611.939,6591860.989,193.981,193.231,8,6.75,0.672363,42.713697,69.048024,18.399046,0.754381
A185-001-15,15-H-060,363611.939,6591860.989,193.231,192.481,9,7.5,0.629223,45.501192,66.979761,18.51977,0.832768
A185-001-15,15-H-060,363611.939,6591860.989,192.481,191.731,10,8.25,0.609644,46.956131,66.807821,20.163401,0.884779
A185-001-15,15-H-060,363611.939,6591860.989,191.731,190.981,11,9.0,0.591432,47.843421,67.746519,20.040954,0.94214
A185-001-15,15-H-060,363611.939,6591860.989,190.981,190.231,12,9.75,0.609781,46.720105,67.808163,19.560623,0.893215
A185-001-15,15-H-060,363611.939,6591860.989,190.231,189.481,13,10.5,0.577749,47.455447,67.384963,20.223727,0.951524
A185-001-15,15-H-060,363611.939,6591860.989,189.481,188.731,14,11.25,0.586464,48.809234,67.867749,19.406559,0.970884
A185-001-15,15-H-060,363611.939,6591860.989,188.731,187.981,15,12.0,0.594184,47.951897,68.484778,19.660801,0.950078
A185-001-15,15-H-060,363611.939,6591860.989,187.981,187.231,16,12.75,0.617388,47.109665,67.555164,19.600419,0.88627
A185-001-15,15-H-060,363611.939,6591860.989,187.231,186.481,17,13.5,0.653719,45.590619,67.971828,19.688925,0.815224
A185-001-15,15-H-060,363611.939,6591860.989,186.481,185.731,18,14.25,0.646736,45.143638,67.947344,19.281741,0.815601
A185-001-15,15-H-060,363611.939,6591860.989,185.731,184.981,19,15.0,0.602943,44.583491,68.751354,19.593604,0.874079
A185-001-15,15-H-060,363611.939,6591860.989,184.981,184.231,20,15.75,0.620282,45.030175,67.548482,19.383566,0.843203
A185-001-15,15-H-060,363611.939,6591860.989,184.231,183.481,21,16.5,0.626627,44.941314,67.644699,19.437381,0.834236
A185-001-15,15-H-060,363611.939,6591860.989,183.481,182.731,22,17.25,0.613635,43.946577,70.127311,19.123355,0.863494
A185-001-15,15-H-060,363611.939,6591860.989,182.731,182.713,23,17.268,0.654341,45.629875,68.82062,19.068986,0.825223
A185-001-15,15-H-061,363611.587,6591853.582,200.087,199.337,0,0.75,0.733164,41.711339,70.027802,17.76432,0.6853
A185-001-15,15-H-061,363611.587,6591853.582,199.337,198.587,1,1.5,0.733331,41.769053,68.846776,17.439978,0.674515
A185-001-15,15-H-061,363611.587,6591853.582,198.587,197.837,2,2.25,0.755617,42.873906,70.040772,17.752696,0.6836
A185-001-15,15-H-061,363611.587,6591853.582,197.837,197.087,3,3.0,0.68817,42.365327,69.602434,19.22431,0.737063
A185-001-15,15-H-061,363611.587,6591853.582,197.087,196.337,4,3.75,0.691947,41.919039,69.146557,17.408448,0.720399
A185-001-15,15-H-061,363611.587,6591853.582,196.337,195.587,5,4.5,0.736164,43.609904,69.588036,16.747755,0.708893
A185-001-15,15-H-061,363611.587,6591853.582,195.587,194.837,6,5.25,0.701664,43.052931,70.399154,17.446122,0.742795
A185-001-15,15-H-061,363611.587,6591853.582,194.837,194.087,7,6.0,0.68099,43.442445,68.74817,18.327592,0.754233
A185-001-15,15-H-061,363611.587,6591853.582,194.087,193.337,8,6.75,0.697639,42.040246,68.339322,18.306041,0.708366
A185-001-15,15-H-061,363611.587,6591853.582,193.337,192.587,9,7.5,0.661864,44.594239,67.608737,19.05287,0.783402
A185-001-15,15-H-061,363611.587,6591853.582,192.587,191.837,10,8.25,0.667178,43.696651,68.380716,19.40937,0.770298
A185-001-15,15-H-061,363611.587,6591853.582,191.837,191.087,11,9.0,0.598139,46.378037,68.983889,19.972144,0.919587
A185-001-15,15-H-061,363611.587,6591853.582,191.087,190.337,12,9.75,0.574797,47.935231,66.761325,18.991363,0.956976
A185-001-15,15-H-061,363611.587,6591853.582,190.337,189.587,13,10.5,0.584052,47.468392,66.402813,20.492943,0.927884
A185-001-15,15-H-061,363611.587,6591853.582,189.587,188.837,14,11.25,0.565538,47.518456,68.004826,20.181674,0.98223
A185-001-15,15-H-061,363611.587,6591853.582,188.837,188.087,15,12.0,0.583521,48.085885,67.414641,20.001698,0.955013
A185-001-15,15-H-061,363611.587,6591853.582,188.087,187.337,16,12.75,0.587149,45.98362,66.197167,19.834407,0.891368
A185-001-15,15-H-061,363611.587,6591853.582,187.337,186.587,17,13.5,0.609041,45.440963,68.033046,19.699883,0.872772
A185-001-15,15-H-061,363611.587,6591853.582,186.587,185.837,18,14.25,0.598057,46.273285,67.427454,19.461755,0.896929
A185-001-15,15-H-061,363611.587,6591853.582,185.837,185.087,19,15.0,0.614862,44.863739,68.444178,20.146702,0.858778
A185-001-15,15-H-061,363611.587,6591853.582,185.087,184.337,20,15.75,0.601857,46.811571,68.851236,18.618315,0.920508
A185-001-15,15-H-061,363611.587,6591853.582,184.337,183.624,21,16.463,0.621479,46.337246,67.740501,19.777127,0.868445
A185-001-15,15-H-062,363611.546,6591845.847,200.054,199.304,0,0.75,0.801949,38.05117,71.645201,15.931382,0.584837
A185-001-15,15-H-062,363611.546,6591845.847,199.304,198.554,1,1.5,0.762093,39.792604,70.376109,16.493299,0.632099
A185-001-15,15-H-062,363611.546,6591845.847,198.554,197.804,2,2.25,0.788856,39.30548,70.676162,16.706231,0.60586
A185-001-15,15-H-062,363611.546,6591845.847,197.804,197.054,3,3.0,0.750661,40.631186,70.279801,16.001266,0.654223
A185-001-15,15-H-062,363611.546,6591845.847,197.054,196.304,4,3.75,0.788524,40.44294,68.267126,16.777313,0.602419
A185-001-15,15-H-062,363611.546,6591845.847,196.304,195.554,5,4.5,0.741054,40.481925,68.184397,17.640361,0.640823
A185-001-15,15-H-062,363611.546,6591845.847,195.554,194.804,6,5.25,0.719301,40.044635,68.665942,17.308051,0.657587
A185-001-15,15-H-062,363611.546,6591845.847,194.804,194.054,7,6.0,0.740082,41.049145,70.497113,17.078049,0.67255
A185-001-15,15-H-062,363611.546,6591845.847,194.054,193.304,8,6.75,0.733087,41.574555,68.867549,17.361312,0.671799
A185-001-15,15-H-062,363611.546,6591845.847,193.304,192.554,9,7.5,0.735434,41.851967,68.047201,17.630924,0.666144
A185-001-15,15-H-062,363611.546,6591845.847,192.554,191.804,10,8.25,0.672794,41.34238,69.23519,18.055771,0.731697
A185-001-15,15-H-062,363611.546,6591845.847,191.804,191.054,11,9.0,0.688819,45.003569,68.872474,18.590467,0.773828
A185-001-15,15-H-062,363611.546,6591845.847,191.054,190.304,12,9.75,0.65928,44.158743,69.651616,17.95211,0.802135
A185-001-15,15-H-062,363611.546,6591845.847,190.304,189.554,13,10.5,0.642792,45.464701,67.584661,19.730323,0.822067
A185-001-15,15-H-062,363611.546,6591845.847,189.554,188.804,14,11.25,0.620609,44.850426,67.025142,19.769542,0.832967
A185-001-15,15-H-062,363611.546,6591845.847,188.804,188.054,15,12.0,0.635793,44.89734,67.750508,19.312249,0.822706
A185-001-15,15-H-062,363611.546,6591845.847,188.054,187.304,16,12.75,0.658072,45.169706,69.014413,18.551526,0.814525
A185-001-15,15-H-062,363611.546,6591845.847,187.304,186.554,17,13.5,0.671228,44.959701,69.510853,17.812756,0.800514
A185-001-15,15-H-062,363611.546,6591845.847,186.554,185.804,18,14.25,0.671447,42.541374,68.773901,18.096047,0.749353
A185-001-15,15-H-062,363611.546,6591845.847,185.804,185.054,19,15.0,0.710715,41.911625,68.832924,17.555715,0.698154
A185-001-15,15-H-062,363611.546,6591845.847,185.054,184.304,20,15.75,0.679518,42.278585,69.645743,18.606494,0.745282
A185-001-15,15-H-062,363611.546,6591845.847,184.304,183.554,21,16.5,0.691335,41.509392,69.857838,18.227792,0.721431
A185-001-15,15-H-062,363611.546,6591845.847,183.554,183.276,22,16.778,0.682835,41.039218,68.562585,17.493981,0.708699
A185-001-15,15-H-063,363611.822,6591837.53,199.991,199.241,0,0.75,0.892407,34.079666,70.831157,15.254274,0.465667
A185-001-15,15-H-063,363611.822,6591837.53,199.241,198.491,1,1.5,0.876443,37.279179,71.799327,16.080132,0.525614
A185-001-15,15-H-063,363611.822,6591837.53,198.491,197.741,2,2.25,0.845496,36.802619,71.050439,17.081439,0.532374
A185-001-15,15-H-063,363611.822,6591837.53,197.741,196.991,3,3.0,0.808868,36.904558,70.35987,15.670764,0.552349
A185-001-15,15-H-063,363611.822,6591837.53,196.991,196.241,4,3.75,0.810265,38.555228,71.090623,15.663319,0.58194
A185-001-15,15-H-063,363611.822,6591837.53,196.241,195.491,5,4.5,0.789327,36.613051,70.721402,17.105292,0.56457
A185-001-15,15-H-063,363611.822,6591837.53,195.491,194.741,6,5.25,0.788696,37.392511,70.476232,16.175578,0.574899
A185-001-15,15-H-063,363611.822,6591837.53,194.741,193.991,7,6.0,0.773091,39.875454,71.452418,16.228347,0.633917
A185-001-15,15-H-063,363611.822,6591837.53,193.991,193.241,8,6.75,0.789023,38.131104,69.685893,16.810132,0.579502
A185-001-15,15-H-063,363611.822,6591837.53,193.241,192.491,9,7.5,0.798663,38.766899,68.994577,16.526174,0.576255
A185-001-15,15-H-063,363611.822,6591837.53,192.491,191.741,10,8.25,0.708634,42.338943,68.336508,17.673809,0.702243
A185-001-15,15-H-063,363611.822,6591837.53,191.741,190.991,11,9.0,0.725431,40.295297,69.470969,17.921912,0.663859
A185-001-15,15-H-063,363611.822,6591837.53,190.991,190.241,12,9.75,0.743497,41.714432,69.492656,17.057206,0.670621
A185-001-15,15-H-063,363611.822,6591837.53,190.241,189.491,13,10.5,0.68411,41.512538,68.845343,17.657734,0.718479
A185-001-15,15-H-063,363611.822,6591837.53,189.491,188.741,14,11.25,0.678642,43.176771,69.449863,16.862926,0.759697
A185-001-15,15-H-063,363611.822,6591837.53,188.741,187.991,15,12.0,0.701311,42.358105,69.587712,17.880047,0.722857
A185-001-15,15-H-063,363611.822,6591837.53,187.991,187.241,16,12.75,0.723069,41.014411,69.975086,17.968969,0.682776
A185-001-15,15-H-063,363611.822,6591837.53,187.241,186.491,17,13.5,0.734928,40.523324,71.332359,17.318498,0.676529
A185-001-15,15-H-063,363611.822,6591837.53,186.491,185.741,18,14.25,0.729033,39.857575,71.624785,15.709905,0.67336
A185-001-15,15-H-063,363611.822,6591837.53,185.741,184.991,19,15.0,0.755048,39.80768,69.799038,17.42655,0.633116
A185-001-15,15-H-063,363611.822,6591837.53,184.991,184.241,20,15.75,0.767076,38.82064,70.83853,17.091129,0.616801
A185-001-15,15-H-063,363611.822,6591837.53,184.241,183.992,21,15.999,0.7141,39.637511,69.627281,16.906229,0.664749
A185-001-15,15-H-064,363604.66,6591865.769,200.025,199.275,0,0.75,0.806292,38.025635,71.215989,16.589388,0.577917
A185-001-15,15-H-064,363604.66,6591865.769,199.275,198.525,1,1.5,0.761837,42.106559,69.423743,17.077323,0.660009
A185-001-15,15-H-064,363604.66,6591865.769,198.525,197.775,2,2.25,0.759835,40.438727,68.71894,18.348538,0.629336
A185-001-15,15-H-064,363604.66,6591865.769,197.775,197.025,3,3.0,0.758011,40.448466,68.97912,16.985144,0.633212
A185-001-15,15-H-064,363604.66,6591865.769,197.025,196.275,4,3.75,0.748041,42.021349,69.070978,17.991968,0.667501
A185-001-15,15-H-064,363604.66,6591865.769,196.275,195.525,5,4.5,0.689687,43.245528,68.262028,17.678787,0.736079
A185-001-15,15-H-064,363604.66,6591865.769,195.525,194.775,6,5.25,0.691333,42.808981,68.345973,18.959704,0.727987
A185-001-15,15-H-064,363604.66,6591865.769,194.775,194.025,7,6.0,0.697076,42.467156,67.345721,18.017075,0.705699
A185-001-15,15-H-064,363604.66,6591865.769,194.025,193.275,8,6.75,0.702287,44.200492,69.038072,16.740119,0.747088
A185-001-15,15-H-064,363604.66,6591865.769,193.275,192.525,9,7.5,0.676341,44.486796,67.110422,18.395537,0.759142
A185-001-15,15-H-064,363604.66,6591865.769,192.525,191.775,10,8.25,0.671473,43.686746,68.679951,18.4294,0.768432
A185-001-15,15-H-064,363604.66,6591865.769,191.775,191.025,11,9.0,0.653938,44.791026,68.131801,19.004664,0.802495
A185-001-15,15-H-064,363604.66,6591865.769,191.025,190.275,12,9.75,0.601455,46.001686,68.598373,19.949328,0.90207
A185-001-15,15-H-064,363604.66,6591865.769,190.275,189.525,13,10.5,0.621944,44.934726,67.003446,19.853515,0.832483
A185-001-15,15-H-064,363604.66,6591865.769,189.525,188.775,14,11.25,0.621342,45.455597,67.256406,20.054929,0.846116
A185-001-15,15-H-064,363604.66,6591865.769,188.775,188.025,15,12.0,0.622905,46.244263,68.513733,19.449726,0.874532
A185-001-15,15-H-064,363604.66,6591865.769,188.025,187.275,16,12.75,0.69018,43.882481,67.142824,18.881666,0.734301
A185-001-15,15-H-064,363604.66,6591865.769,187.275,186.525,17,13.5,0.676506,42.987827,69.98688,19.183385,0.764897
A185-001-15,15-H-064,363604.66,6591865.769,186.525,185.775,18,14.25,0.670052,45.218564,68.804213,18.761838,0.798457
A185-001-15,15-H-064,363604.66,6591865.769,185.775,185.025,19,15.0,0.624439,45.464542,67.558072,18.211133,0.845639
A185-001-15,15-H-064,363604.66,6591865.769,185.025,184.275,20,15.75,0.673796,43.191802,70.411506,18.242226,0.776149
A185-001-15,15-H-064,363604.66,6591865.769,184.275,183.865,21,16.16,0.676277,44.333279,68.668968,19.397761,0.774242
A185-001-15,15-H-065,363604.744,6591857.305,200.097,199.347,0,0.75,0.747713,40.657773,69.760421,17.418994,0.652552
A185-001-15,15-H-065,363604.744,6591857.305,199.347,198.597,1,1.5,0.731823,41.993612,69.475387,17.199418,0.685679
A185-001-15,15-H-065,363604.744,6591857.305,198.597,197.847,2,2.25,0.7097,41.752664,69.220912,16.435543,0.700283
A185-001-15,15-H-065,363604.744,6591857.305,197.847,197.097,3,3.0,0.691238,41.311067,68.781688,17.948926,0.707033
A185-001-15,15-H-065,363604.744,6591857.305,197.097,196.347,4,3.75,0.704093,42.949477,69.665514,18.04764,0.730866
A185-001-15,15-H-065,363604.744,6591857.305,196.347,195.597,5,4.5,0.695829,41.957087,67.259275,17.68586,0.69756
A185-001-15,15-H-065,363604.744,6591857.305,195.597,194.847,6,5.25,0.682657,44.755891,68.946693,17.823168,0.777249
A185-001-15,15-H-065,363604.744,6591857.305,194.847,194.097,7,6.0,0.691022,42.977353,68.702444,19.232173,0.735004
A185-001-15,15-H-065,363604.744,6591857.305,194.097,193.347,8,6.75,0.66264,43.439603,68.823601,18.868496,0.775921
A185-001-15,15-H-065,363604.744,6591857.305,193.347,192.597,9,7.5,0.622649,44.01534,68.381208,18.615445,0.831128
A185-001-15,15-H-065,363604.744,6591857.305,192.597,191.847,10,8.25,0.629961,43.675004,68.604058,18.184845,0.81777
A185-001-15,15-H-065,363604.744,6591857.305,191.847,191.097,11,9.0,0.634407,47.200624,67.033125,18.833397,0.857467
A185-001-15,15-H-065,363604.744,6591857.305,191.097,190.347,12,9.75,0.589589,47.20529,68.045413,19.479963,0.93654
A185-001-15,15-H-065,363604.744,6591857.305,190.347,189.597,13,10.5,0.592001,48.147971,67.742094,20.425975,0.947198
A185-001-15,15-H-065,363604.744,6591857.305,189.597,188.847,14,11.25,0.585647,46.17898,67.296605,19.640353,0.912277
A185-001-15,15-H-065,363604.744,6591857.305,188.847,188.097,15,12.0,0.606559,46.102322,66.286278,19.914822,0.866314
A185-001-15,15-H-065,363604.744,6591857.305,188.097,187.347,16,12.75,0.59743,46.623782,68.255677,19.02611,0.915681
A185-001-15,15-H-065,363604.744,6591857.305,187.347,186.597,17,13.5,0.605019,45.900239,68.183025,19.183518,0.889301
A185-001-15,15-H-065,363604.744,6591857.305,186.597,185.847,18,14.25,0.609975,45.415084,67.554882,19.369914,0.864799
A185-001-15,15-H-065,363604.744,6591857.305,185.847,185.097,19,15.0,0.637255,45.359732,66.994982,18.210878,0.819899
A185-001-15,15-H-065,363604.744,6591857.305,185.097,184.364,20,15.733,0.62078,44.63273,67.331368,19.279331,0.832423
A185-001-15,15-H-066,363605.204,6591849.325,200.042,199.292,0,0.75,0.775624,37.386083,70.437291,16.058003,0.584119
A185-001-15,15-H-066,363605.204,6591849.325,199.292,198.542,1,1.5,0.778302,39.698252,69.775567,16.521609,0.612265
A185-001-15,15-H-066,363605.204,6591849.325,198.542,197.792,2,2.25,0.749042,40.649971,69.22508,16.530581,0.646184
A185-001-15,15-H-066,363605.204,6591849.325,197.792,197.042,3,3.0,0.727083,41.471125,69.511563,17.022095,0.681907
A185-001-15,15-H-066,363605.204,6591849.325,197.042,196.292,4,3.75,0.732647,42.109812,68.860957,17.37943,0.680766
A185-001-15,15-H-066,363605.204,6591849.325,196.292,195.542,5,4.5,0.722599,39.329896,68.943213,17.634366,0.645576
A185-001-15,15-H-066,363605.204,6591849.325,195.542,194.792,6,5.25,0.742967,39.725175,70.153612,17.52485,0.64531
A185-001-15,15-H-066,363605.204,6591849.325,194.792,194.042,7,6.0,0.780109,39.522352,70.126191,17.018343,0.61126
A185-001-15,15-H-066,363605.204,6591849.325,194.042,193.292,8,6.75,0.706003,42.366374,68.802425,18.04226,0.710147
A185-001-15,15-H-066,363605.204,6591849.325,193.292,192.542,9,7.5,0.69183,42.623075,68.82261,18.319655,0.729274
A185-001-15,15-H-066,363605.204,6591849.325,192.542,191.792,10,8.25,0.725275,42.798817,68.709583,17.808305,0.697401
A185-001-15,15-H-066,363605.204,6591849.325,191.792,191.042,11,9.0,0.658131,44.954853,68.513127,18.695159,0.804735
A185-001-15,15-H-066,363605.204,6591849.325,191.042,190.292,12,9.75,0.654037,46.446057,65.978786,19.274242,0.805753
A185-001-15,15-H-066,363605.204,6591849.325,190.292,189.542,13,10.5,0.627483,45.57681,66.671519,18.992909,0.832673
A185-001-15,15-H-066,363605.204,6591849.325,189.542,188.792,14,11.25,0.651037,43.367572,67.878936,19.429017,0.777681
A185-001-15,15-H-066,363605.204,6591849.325,188.792,188.042,15,12.0,0.646317,43.207308,69.425186,19.168404,0.79815
A185-001-15,15-H-066,363605.204,6591849.325,188.042,187.292,16,12.75,0.631053,45.592887,68.508969,18.073101,0.850919
A185-001-15,15-H-066,363605.204,6591849.325,187.292,186.542,17,13.5,0.710888,43.207067,68.115681,19.40715,0.712242
A185-001-15,15-H-066,363605.204,6591849.325,186.542,185.792,18,14.25,0.65686,44.531918,68.444701,18.660203,0.797923
A185-001-15,15-H-066,363605.204,6591849.325,185.792,185.042,19,15.0,0.673827,43.452596,70.200674,17.868636,0.77841
A185-001-15,15-H-066,363605.204,6591849.325,185.042,184.292,20,15.75,0.705731,40.688487,69.741509,18.39766,0.691698
A185-001-15,15-H-066,363605.204,6591849.325,184.292,183.542,21,16.5,0.68007,43.255849,70.062938,17.540981,0.76626
A185-001-15,15-H-066,363605.204,6591849.325,183.542,183.45,22,16.592,0.675703,41.907728,67.989377,18.104656,0.725246
A185-001-15,15-H-067,363604.542,6591841.545,200.027,199.277,0,0.75,0.905946,34.689968,71.206316,15.537779,0.469415
A185-001-15,15-H-067,363604.542,6591841.545,199.277,198.527,1,1.5,0.865467,35.833868,71.764972,15.087024,0.511331
A185-001-15,15-H-067,363604.542,6591841.545,198.527,197.777,2,2.25,0.843426,36.218348,70.457523,16.467826,0.520796
A185-001-15,15-H-067,363604.542,6591841.545,197.777,197.027,3,3.0,0.847364,34.923137,70.787901,14.754935,0.502045
A185-001-15,15-H-067,363604.542,6591841.545,197.027,196.277,4,3.75,0.860682,35.925542,71.179736,16.261374,0.511428
A185-001-15,15-H-067,363604.542,6591841.545,196.277,195.527,5,4.5,0.856963,34.973456,71.177018,15.410155,0.499957
A185-001-15,15-H-067,363604.542,6591841.545,195.527,194.777,6,5.25,0.826142,36.778618,70.655513,15.851913,0.54128
A185-001-15,15-H-067,363604.542,6591841.545,194.777,194.027,7,6.0,0.838452,37.033143,68.929676,16.281912,0.52402
A185-001-15,15-H-067,363604.542,6591841.545,194.027,193.277,8,6.75,0.819807,37.514484,70.460354,16.058223,0.554816
A185-001-15,15-H-067,363604.542,6591841.545,193.277,192.527,9,7.5,0.821756,38.050933,69.78558,16.692144,0.556111
A185-001-15,15-H-067,363604.542,6591841.545,192.527,191.777,10,8.25,0.775364,38.523236,68.794201,16.226619,0.58805
A185-001-15,15-H-067,363604.542,6591841.545,191.777,191.027,11,9.0,0.757714,38.571347,68.76782,17.456636,0.60237
A185-001-15,15-H-067,363604.542,6591841.545,191.027,190.277,12,9.75,0.706677,40.699495,69.723638,17.291207,0.69065
A185-001-15,15-H-067,363604.542,6591841.545,190.277,189.527,13,10.5,0.731299,39.691977,69.620537,17.1599,0.650021
A185-001-15,15-H-067,363604.542,6591841.545,189.527,188.777,14,11.25,0.722257,41.966469,68.358378,17.652469,0.683211
A185-001-15,15-H-067,363604.542,6591841.545,188.777,188.027,15,12.0,0.741905,39.37356,70.686307,17.495814,0.645373
A185-001-15,15-H-067,363604.542,6591841.545,188.027,187.277,16,12.75,0.759484,39.912551,69.72157,16.871422,0.630318
A185-001-15,15-H-067,363604.542,6591841.545,187.277,186.527,17,13.5,0.735516,39.205224,71.046664,17.780248,0.651515
A185-001-15,15-H-067,363604.542,6591841.545,186.527,185.777,18,14.25,0.793618,39.613346,70.389424,16.557969,0.604467
A185-001-15,15-H-067,363604.542,6591841.545,185.777,185.027,19,15.0,0.755546,40.623588,70.867819,16.170293,0.655326
A185-001-15,15-H-067,363604.542,6591841.545,185.027,184.277,20,15.75,0.733534,39.401307,69.431972,17.249893,0.64159
A185-001-15,15-H-067,363604.542,6591841.545,184.277,183.527,21,16.5,0.74422,40.05679,70.690673,17.594121,0.654553
A185-001-15,15-H-067,363604.542,6591841.545,183.527,183.501,22,16.526,0.733317,39.407234,68.794386,17.229291,0.635998
A185-001-15,15-H-068,363604.718,6591833.307,199.969,199.219,0,0.75,0.87512,34.315524,72.189074,14.425594,0.487132
A185-001-15,15-H-068,363604.718,6591833.307,199.219,198.469,1,1.5,0.869949,34.938219,72.524256,13.968781,0.50113
A185-001-15,15-H-068,363604.718,6591833.307,198.469,197.719,2,2.25,0.874016,34.870946,70.804598,14.966815,0.486206
A185-001-15,15-H-068,363604.718,6591833.307,197.719,196.969,3,3.0,0.851861,36.056829,71.728401,15.199677,0.522438
A185-001-15,15-H-068,363604.718,6591833.307,196.969,196.219,4,3.75,0.835365,33.995408,70.873839,14.612765,0.496333
A185-001-15,15-H-068,363604.718,6591833.307,196.219,195.469,5,4.5,0.856311,36.703322,73.928531,14.453562,0.545098
A185-001-15,15-H-068,363604.718,6591833.307,195.469,194.719,6,5.25,0.843494,37.801352,71.145559,15.150188,0.548554
A185-001-15,15-H-068,363604.718,6591833.307,194.719,193.969,7,6.0,0.839444,34.192267,72.178056,16.505828,0.506119
A185-001-15,15-H-068,363604.718,6591833.307,193.969,193.219,8,6.75,0.843151,38.108897,71.347442,15.846193,0.554876
A185-001-15,15-H-068,363604.718,6591833.307,193.219,192.469,9,7.5,0.816576,38.789297,70.139268,16.569894,0.573312
A185-001-15,15-H-068,363604.718,6591833.307,192.469,191.719,10,8.25,0.78625,37.953118,70.393085,15.890871,0.584575
A185-001-15,15-H-068,363604.718,6591833.307,191.719,190.969,11,9.0,0.773164,39.579044,70.344444,15.92536,0.619397
A185-001-15,15-H-068,363604.718,6591833.307,190.969,190.219,12,9.75,0.734321,40.709848,69.077589,18.077107,0.658852
A185-001-15,15-H-068,363604.718,6591833.307,190.219,189.469,13,10.5,0.698545,41.310333,69.596529,16.996527,0.707796
A185-001-15,15-H-068,363604.718,6591833.307,189.469,188.719,14,11.25,0.713302,42.216392,69.818679,17.114072,0.710622
A185-001-15,15-H-068,363604.718,6591833.307,188.719,187.969,15,12.0,0.695132,40.543022,70.068961,18.774357,0.703029
A185-001-15,15-H-068,363604.718,6591833.307,187.969,187.219,16,12.75,0.748647,40.065806,69.707681,16.933696,0.64174
A185-001-15,15-H-068,363604.718,6591833.307,187.219,186.469,17,13.5,0.730819,40.882865,68.348442,16.635102,0.657633
A185-001-15,15-H-068,363604.718,6591833.307,186.469,185.719,18,14.25,0.743371,40.344149,69.867509,16.614122,0.652204
A185-001-15,15-H-068,363604.718,6591833.307,185.719,185.693,19,14.276,0.764273,39.569286,70.154487,16.810093,0.624847
A185-001-15,15-H-069,363597.127,6591868.899,199.937,199.187,0,0.75,0.777625,38.376818,70.862398,15.453684,0.601533
A185-001-15,15-H-069,363597.127,6591868.899,199.187,198.437,1,1.5,0.794176,38.263093,68.922104,17.398043,0.571502
A185-001-15,15-H-069,363597.127,6591868.899,198.437,197.687,2,2.25,0.754652,39.212416,69.231786,17.069645,0.618909
A185-001-15,15-H-069,363597.127,6591868.899,197.687,196.937,3,3.0,0.762394,38.400905,70.931602,16.193197,0.614584
A185-001-15,15-H-069,363597.127,6591868.899,196.937,196.187,4,3.75,0.793268,40.785455,67.925221,16.046699,0.600779
A185-001-15,15-H-069,363597.127,6591868.899,196.187,195.437,5,4.5,0.762709,38.299652,71.821035,16.835001,0.620452
A185-001-15,15-H-069,363597.127,6591868.899,195.437,194.687,6,5.25,0.747137,40.828627,69.421715,16.634499,0.65252
A185-001-15,15-H-069,363597.127,6591868.899,194.687,193.937,7,6.0,0.745665,39.68454,69.208954,17.197164,0.633667
A185-001-15,15-H-069,363597.127,6591868.899,193.937,193.187,8,6.75,0.719223,39.868383,69.547086,16.790973,0.663085
A185-001-15,15-H-069,363597.127,6591868.899,193.187,192.437,9,7.5,0.721516,41.305471,69.570028,18.359567,0.685152
A185-001-15,15-H-069,363597.127,6591868.899,192.437,191.687,10,8.25,0.652273,42.946823,69.071001,18.074701,0.781998
A185-001-15,15-H-069,363597.127,6591868.899,191.687,190.937,11,9.0,0.666572,42.147274,68.377405,17.247873,0.743444
A185-001-15,15-H-069,363597.127,6591868.899,190.937,190.187,12,9.75,0.673918,43.31822,68.987985,18.267804,0.762588
A185-001-15,15-H-069,363597.127,6591868.899,190.187,189.437,13,10.5,0.657986,43.900545,70.658508,18.941173,0.810661
A185-001-15,15-H-069,363597.127,6591868.899,189.437,188.687,14,11.25,0.697685,43.275694,68.983111,17.559593,0.735827
A185-001-15,15-H-069,363597.127,6591868.899,188.687,187.937,15,12.0,0.657257,44.93153,69.08227,18.02658,0.811975
A185-001-15,15-H-069,363597.127,6591868.899,187.937,187.187,16,12.75,0.681767,43.959635,68.162186,18.796711,0.755898
A185-001-15,15-H-069,363597.127,6591868.899,187.187,186.437,17,13.5,0.685806,42.427423,69.002315,17.918581,0.734152
A185-001-15,15-H-069,363597.127,6591868.899,186.437,185.687,18,14.25,0.721209,41.983531,68.435049,16.682173,0.685125
A185-001-15,15-H-069,363597.127,6591868.899,185.687,184.937,19,15.0,0.713015,42.192394,68.470992,17.318861,0.696855
A185-001-15,15-H-069,363597.127,6591868.899,184.937,184.187,20,15.75,0.703124,41.487754,68.593111,17.617547,0.696134
A185-001-15,15-H-069,363597.127,6591868.899,184.187,183.827,21,16.11,0.694525,42.866691,68.70701,17.42278,0.729261
A185-001-15,15-H-070,363597.713,6591861.336,200.02,199.27,0,0.75,0.796451,37.550271,71.175364,16.463837,0.577401
A185-001-15,15-H-070,363597.713,6591861.336,199.27,198.52,1,1.5,0.77697,39.521053,69.686932,16.425358,0.609798
A185-001-15,15-H-070,363597.713,6591861.336,198.52,197.77,2,2.25,0.741781,38.986213,69.304419,18.061343,0.626767
A185-001-15,15-H-070,363597.713,6591861.336,197.77,197.02,3,3.0,0.691546,41.497875,69.848681,18.085233,0.720901
A185-001-15,15-H-070,363597.713,6591861.336,197.02,196.27,4,3.75,0.72049,41.743716,70.30139,17.188462,0.700504
A185-001-15,15-H-070,363597.713,6591861.336,196.27,195.52,5,4.5,0.728843,42.248197,70.678419,17.991819,0.704689
A185-001-15,15-H-070,363597.713,6591861.336,195.52,194.77,6,5.25,0.717349,42.749989,69.95902,18.669874,0.717153
A185-001-15,15-H-070,363597.713,6591861.336,194.77,194.02,7,6.0,0.69695,43.068229,68.021107,18.49287,0.722999
A185-001-15,15-H-070,363597.713,6591861.336,194.02,193.27,8,6.75,0.708555,43.491428,68.500387,17.817288,0.723123
A185-001-15,15-H-070,363597.713,6591861.336,193.27,192.52,9,7.5,0.676406,43.130799,67.2151,18.838008,0.737198
A185-001-15,15-H-070,363597.713,6591861.336,192.52,191.77,10,8.25,0.663793,43.793412,66.723611,18.150519,0.757024
A185-001-15,15-H-070,363597.713,6591861.336,191.77,191.02,11,9.0,0.629975,44.428744,67.957298,19.529262,0.824169
A185-001-15,15-H-070,363597.713,6591861.336,191.02,190.27,12,9.75,0.67805,46.362327,69.168438,19.296666,0.813303
A185-001-15,15-H-070,363597.713,6591861.336,190.27,189.52,13,10.5,0.624843,46.458377,67.860171,20.800447,0.867684
A185-001-15,15-H-070,363597.713,6591861.336,189.52,188.77,14,11.25,0.607333,43.943797,69.702744,18.992711,0.867092
A185-001-15,15-H-070,363597.713,6591861.336,188.77,188.02,15,12.0,0.648339,44.692365,69.269756,18.614551,0.821032
A185-001-15,15-H-070,363597.713,6591861.336,188.02,187.27,16,12.75,0.629964,43.885695,67.937348,19.556799,0.813902
A185-001-15,15-H-070,363597.713,6591861.336,187.27,186.52,17,13.5,0.652612,44.148608,68.475273,18.074656,0.796492
A185-001-15,15-H-070,363597.713,6591861.336,186.52,185.77,18,14.25,0.684309,43.589936,68.649861,18.056117,0.75202
A185-001-15,15-H-070,363597.713,6591861.336,185.77,185.02,19,15.0,0.672657,41.212173,68.926759,17.379748,0.726225
A185-001-15,15-H-070,363597.713,6591861.336,185.02,184.27,20,15.75,0.722306,42.921616,68.973416,17.495756,0.704912
A185-001-15,15-H-070,363597.713,6591861.336,184.27,184.016,21,16.004,0.692367,41.57283,68.855071,17.863739,0.711089
A185-001-15,15-H-071,363597.873,6591853.38,199.879,199.129,0,0.75,0.759284,41.466133,69.471222,18.521701,0.652801
A185-001-15,15-H-071,363597.873,6591853.38,199.129,198.379,1,1.5,0.725566,41.559053,68.256249,18.357081,0.672606
A185-001-15,15-H-071,363597.873,6591853.38,198.379,197.629,2,2.25,0.695057,42.334023,69.433448,17.271867,0.727244
A185-001-15,15-H-071,363597.873,6591853.38,197.629,196.879,3,3.0,0.716205,41.430587,69.624419,18.248898,0.692826
A185-001-15,15-H-071,363597.873,6591853.38,196.879,196.129,4,3.75,0.706253,41.455605,70.235492,17.711354,0.709066
A185-001-15,15-H-071,363597.873,6591853.38,196.129,195.379,5,4.5,0.674656,42.219678,69.89847,17.875138,0.752216
A185-001-15,15-H-071,363597.873,6591853.38,195.379,194.629,6,5.25,0.696923,42.339028,68.071624,18.045961,0.711295
A185-001-15,15-H-071,363597.873,6591853.38,194.629,193.879,7,6.0,0.690804,43.66302,67.961536,19.006472,0.738871
A185-001-15,15-H-071,363597.873,6591853.38,193.879,193.129,8,6.75,0.676228,45.042067,68.991955,17.765141,0.79013
A185-001-15,15-H-071,363597.873,6591853.38,193.129,192.379,9,7.5,0.636814,43.745409,68.297168,19.461695,0.806834
A185-001-15,15-H-071,363597.873,6591853.38,192.379,191.629,10,8.25,0.615433,44.771886,69.363688,20.052202,0.86769
A185-001-15,15-H-071,363597.873,6591853.38,191.629,190.879,11,9.0,0.609437,46.931075,68.571218,20.682739,0.907955
A185-001-15,15-H-071,363597.873,6591853.38,190.879,190.129,12,9.75,0.606868,46.759542,66.985357,21.09663,0.887563
A185-001-15,15-H-071,363597.873,6591853.38,190.129,189.379,13,10.5,0.60146,47.454794,68.482926,19.884744,0.92891
A185-001-15,15-H-071,363597.873,6591853.38,189.379,188.629,14,11.25,0.585002,46.321105,66.789594,18.413514,0.909051
A185-001-15,15-H-071,363597.873,6591853.38,188.629,187.879,15,12.0,0.585086,46.035251,66.981096,19.525157,0.906043
A185-001-15,15-H-071,363597.873,6591853.38,187.879,187.129,16,12.75,0.620549,45.784481,68.385689,21.191942,0.867731
A185-001-15,15-H-071,363597.873,6591853.38,187.129,186.379,17,13.5,0.638143,47.330892,68.468289,19.750781,0.873169
A185-001-15,15-H-071,363597.873,6591853.38,186.379,185.629,18,14.25,0.614903,45.598095,69.379885,20.509109,0.884679
A185-001-15,15-H-071,363597.873,6591853.38,185.629,184.879,19,15.0,0.650219,45.298208,69.180341,18.881802,0.828696
A185-001-15,15-H-071,363597.873,6591853.38,184.879,184.129,20,15.75,0.628626,46.1973,67.101056,19.401137,0.84791
A185-001-15,15-H-071,363597.873,6591853.38,184.129,183.379,21,16.5,0.639513,45.609454,68.674043,19.794073,0.842222
A185-001-15,15-H-071,363597.873,6591853.38,183.379,183.115,22,16.764,0.596446,46.266457,67.91193,19.121441,0.905616
A185-001-15,15-H-072,363597.759,6591845.538,199.981,199.231,0,0.75,0.816413,37.545862,69.37276,16.013536,0.548997
A185-001-15,15-H-072,363597.759,6591845.538,199.231,198.481,1,1.5,0.830697,37.148319,71.698631,15.723,0.551697
A185-001-15,15-H-072,363597.759,6591845.538,198.481,197.731,2,2.25,0.776663,36.5992,71.031322,16.602501,0.575969
A185-001-15,15-H-072,363597.759,6591845.538,197.731,196.981,3,3.0,0.758855,37.484421,68.598894,15.645054,0.582927
A185-001-15,15-H-072,363597.759,6591845.538,196.981,196.231,4,3.75,0.747182,39.218282,69.131428,18.269104,0.624412
A185-001-15,15-H-072,363597.759,6591845.538,196.231,195.481,5,4.5,0.72553,39.032706,69.443057,16.935019,0.642661
A185-001-15,15-H-072,363597.759,6591845.538,195.481,194.731,6,5.25,0.748246,39.94594,69.606582,17.555316,0.639318
A185-001-15,15-H-072,363597.759,6591845.538,194.731,193.981,7,6.0,0.759275,39.648542,69.96906,16.272229,0.628477
A185-001-15,15-H-072,363597.759,6591845.538,193.981,193.231,8,6.75,0.77791,39.899667,70.405154,16.316758,0.621183
A185-001-15,15-H-072,363597.759,6591845.538,193.231,192.481,9,7.5,0.749128,39.878066,69.811724,16.628701,0.639246
A185-001-15,15-H-072,363597.759,6591845.538,192.481,191.731,10,8.25,0.73129,43.411969,68.475104,17.442998,0.69913
A185-001-15,15-H-072,363597.759,6591845.538,191.731,190.981,11,9.0,0.712462,43.704376,69.554553,17.035665,0.733673
A185-001-15,15-H-072,363597.759,6591845.538,190.981,190.231,12,9.75,0.66629,43.238888,68.722143,18.492623,0.766953
A185-001-15,15-H-072,363597.759,6591845.538,190.231,189.481,13,10.5,0.64777,44.80378,69.288867,18.136626,0.823962
A185-001-15,15-H-072,363597.759,6591845.538,189.481,188.731,14,11.25,0.663768,43.472325,68.059607,18.062665,0.766511
A185-001-15,15-H-072,363597.759,6591845.538,188.731,187.981,15,12.0,0.679808,43.248174,68.528346,18.419918,0.749785
A185-001-15,15-H-072,363597.759,6591845.538,187.981,187.231,16,12.75,0.657631,42.925377,67.883612,18.567386,0.762028
A185-001-15,15-H-072,363597.759,6591845.538,187.231,186.481,17,13.5,0.671154,44.288318,69.642939,18.373051,0.790241
A185-001-15,15-H-072,363597.759,6591845.538,186.481,185.731,18,14.25,0.644094,44.490396,69.504835,18.601545,0.825486
A185-001-15,15-H-072,363597.759,6591845.538,185.731,184.981,19,15.0,0.690278,40.870546,68.716949,17.771233,0.699808
A185-001-15,15-H-072,363597.759,6591845.538,184.981,184.231,20,15.75,0.682811,41.136713,70.020065,16.423592,0.725329
A185-001-15,15-H-072,363597.759,6591845.538,184.231,183.481,21,16.5,0.727464,41.643009,68.78581,16.484357,0.677178
A185-001-15,15-H-072,363597.759,6591845.538,183.481,183.406,22,16.575,0.689486,41.478357,69.519783,17.696147,0.719269
A185-001-15,15-H-073,363597.839,6591837.642,200.018,199.268,0,0.75,0.864606,34.267252,70.258272,15.185982,0.479314
A185-001-15,15-H-073,363597.839,6591837.642,199.268,198.518,1,1.5,0.81386,35.497171,71.010809,14.833702,0.532877
A185-001-15,15-H-073,363597.839,6591837.642,198.518,197.768,2,2.25,0.838029,35.413249,71.171828,15.058519,0.517535
A185-001-15,15-H-073,363597.839,6591837.642,197.768,197.018,3,3.0,0.874733,35.334165,70.765962,15.226721,0.492002
A185-001-15,15-H-073,363597.839,6591837.642,197.018,196.268,4,3.75,0.831634,36.396151,71.312966,15.219194,0.537003
A185-001-15,15-H-073,363597.839,6591837.642,196.268,195.518,5,4.5,0.808297,36.622504,69.381826,15.492453,0.540908
A185-001-15,15-H-073,363597.839,6591837.642,195.518,194.768,6,5.25,0.837548,37.137354,70.335109,16.235237,0.536734
A185-001-15,15-H-073,363597.839,6591837.642,194.768,194.018,7,6.0,0.804807,37.568337,70.933494,16.557699,0.569776
A185-001-15,15-H-073,363597.839,6591837.642,194.018,193.268,8,6.75,0.802218,38.729835,69.003355,17.276452,0.573328
A185-001-15,15-H-073,363597.839,6591837.642,193.268,192.518,9,7.5,0.771217,38.61238,70.086817,15.693654,0.603597
A185-001-15,15-H-073,363597.839,6591837.642,192.518,191.768,10,8.25,0.771895,38.771218,68.384558,17.015411,0.591042
A185-001-15,15-H-073,363597.839,6591837.642,191.768,191.018,11,9.0,0.725831,39.444664,68.719352,17.331067,0.642458
A185-001-15,15-H-073,363597.839,6591837.642,191.018,190.268,12,9.75,0.744447,41.317379,69.739622,17.233808,0.665784
A185-001-15,15-H-073,363597.839,6591837.642,190.268,189.518,13,10.5,0.733754,40.796143,70.145587,18.811107,0.671023
A185-001-15,15-H-073,363597.839,6591837.642,189.518,188.768,14,11.25,0.70405,43.116331,69.21175,18.411123,0.729021
A185-001-15,15-H-073,363597.839,6591837.642,188.768,188.018,15,12.0,0.706704,42.831714,69.283423,17.032942,0.722089
A185-001-15,15-H-073,363597.839,6591837.642,188.018,187.268,16,12.75,0.708476,41.326455,70.318501,17.19475,0.70542
A185-001-15,15-H-073,363597.839,6591837.642,187.268,186.518,17,13.5,0.744322,40.91743,69.323329,17.900391,0.655627
A185-001-15,15-H-073,363597.839,6591837.642,186.518,185.768,18,14.25,0.738372,41.51192,68.517025,17.012295,0.662582
A185-001-15,15-H-073,363597.839,6591837.642,185.768,185.018,19,15.0,0.722816,40.923758,68.846248,17.308989,0.67047
A185-001-15,15-H-073,363597.839,6591837.642,185.018,184.298,20,15.72,0.70302,40.127259,68.990738,17.448526,0.677346
A185-001-15,15-H-074,363590.703,6591865.641,199.994,199.244,0,0.75,0.793469,37.968429,69.80069,15.834202,0.57464
A185-001-15,15-H-074,363590.703,6591865.641,199.244,198.494,1,1.5,0.77328,38.593403,70.222783,16.642162,0.602976
A185-001-15,15-H-074,363590.703,6591865.641,198.494,197.744,2,2.25,0.753884,41.449991,70.783165,17.13,0.669405
A185-001-15,15-H-074,363590.703,6591865.641,197.744,196.994,3,3.0,0.756549,41.208283,70.235396,16.998007,0.658045
A185-001-15,15-H-074,363590.703,6591865.641,196.994,196.244,4,3.75,0.742878,40.097132,69.558021,16.865804,0.645818
A185-001-15,15-H-074,363590.703,6591865.641,196.244,195.494,5,4.5,0.729402,41.339824,70.004701,17.407007,0.682439
A185-001-15,15-H-074,363590.703,6591865.641,195.494,194.744,6,5.25,0.74971,41.773761,69.410898,17.109401,0.665249
A185-001-15,15-H-074,363590.703,6591865.641,194.744,193.994,7,6.0,0.709603,42.21792,70.568569,18.018395,0.722102
A185-001-15,15-H-074,363590.703,6591865.641,193.994,193.244,8,6.75,0.692134,43.029672,70.59812,17.53521,0.75472
A185-001-15,15-H-074,363590.703,6591865.641,193.244,192.494,9,7.5,0.665859,43.320329,68.127752,18.048472,0.762205
A185-001-15,15-H-074,363590.703,6591865.641,192.494,191.744,10,8.25,0.649067,44.968644,67.236017,19.062584,0.801063
A185-001-15,15-H-074,363590.703,6591865.641,191.744,190.994,11,9.0,0.65541,46.726533,69.753436,18.47481,0.854959
A185-001-15,15-H-074,363590.703,6591865.641,190.994,190.244,12,9.75,0.668897,45.250507,67.009743,19.099779,0.779622
A185-001-15,15-H-074,363590.703,6591865.641,190.244,189.494,13,10.5,0.679742,45.202574,67.299451,18.599871,0.769653
A185-001-15,15-H-074,363590.703,6591865.641,189.494,188.744,14,11.25,0.664215,45.077607,68.295938,19.097074,0.797077
A185-001-15,15-H-074,363590.703,6591865.641,188.744,187.994,15,12.0,0.653595,45.348212,69.265235,17.545642,0.826182
A185-001-15,15-H-074,363590.703,6591865.641,187.994,187.244,16,12.75,0.668901,43.440549,68.866105,18.81455,0.769164
A185-001-15,15-H-074,363590.703,6591865.641,187.244,186.494,17,13.5,0.681552,44.012368,69.976989,18.343234,0.777079
A185-001-15,15-H-074,363590.703,6591865.641,186.494,185.744,18,14.25,0.696644,43.744532,69.409344,18.478338,0.749584
A185-001-15,15-H-074,363590.703,6591865.641,185.744,184.994,19,15.0,0.707796,42.823941,69.317564,18.272174,0.721353
A185-001-15,15-H-074,363590.703,6591865.641,184.994,184.244,20,15.75,0.72099,42.496706,70.876968,18.18354,0.718548
A185-001-15,15-H-074,363590.703,6591865.641,184.244,183.561,21,16.433,0.703312,42.400181,69.338017,19.015161,0.719078
A185-001-15,15-H-075,363590.751,6591857.378,199.966,199.216,0,0.75,0.745188,40.984272,69.592893,18.110292,0.658502
A185-001-15,15-H-075,363590.751,6591857.378,199.216,198.466,1,1.5,0.696156,42.262837,68.586961,18.060029,0.716165
A185-001-15,15-H-075,363590.751,6591857.378,198.466,197.716,2,2.25,0.694386,42.689232,70.224928,18.663183,0.742546
A185-001-15,15-H-075,363590.751,6591857.378,197.716,196.966,3,3.0,0.692663,41.778272,67.823753,18.619399,0.703713
A185-001-15,15-H-075,363590.751,6591857.378,196.966,196.216,4,3.75,0.68437,43.689286,68.954113,17.826018,0.756964
A185-001-15,15-H-075,363590.751,6591857.378,196.216,195.466,5,4.5,0.704911,42.799834,68.448187,18.108468,0.714818
A185-001-15,15-H-075,363590.751,6591857.378,195.466,194.716,6,5.25,0.680738,44.449639,67.638745,18.221869,0.759519
A185-001-15,15-H-075,363590.751,6591857.378,194.716,193.966,7,6.0,0.668964,42.929586,70.537673,18.189777,0.77839
A185-001-15,15-H-075,363590.751,6591857.378,193.966,193.216,8,6.75,0.678085,44.190562,68.022039,18.189182,0.76233
A185-001-15,15-H-075,363590.751,6591857.378,193.216,192.466,9,7.5,0.66624,44.489121,69.015997,19.387494,0.792597
A185-001-15,15-H-075,363590.751,6591857.378,192.466,191.716,10,8.25,0.620063,45.883782,68.021347,18.210422,0.865302
A185-001-15,15-H-075,363590.751,6591857.378,191.716,190.966,11,9.0,0.650396,44.97862,68.287665,18.440019,0.812003
A185-001-15,15-H-075,363590.751,6591857.378,190.966,190.216,12,9.75,0.6345,45.947788,67.805768,18.676918,0.84422
A185-001-15,15-H-075,363590.751,6591857.378,190.216,189.466,13,10.5,0.57438,47.400173,69.307513,19.987367,0.983155
A185-001-15,15-H-075,363590.751,6591857.378,189.466,188.716,14,11.25,0.605755,47.99086,68.281407,20.107314,0.930023
A185-001-15,15-H-075,363590.751,6591857.378,188.716,187.966,15,12.0,0.609345,46.418918,68.516735,18.499478,0.897233
A185-001-15,15-H-075,363590.751,6591857.378,187.966,187.216,16,12.75,0.583778,47.707948,66.433083,18.743544,0.933203
A185-001-15,15-H-075,363590.751,6591857.378,187.216,186.466,17,13.5,0.592616,47.475572,67.585471,19.607488,0.930787
A185-001-15,15-H-075,363590.751,6591857.378,186.466,185.716,18,14.25,0.604521,44.519409,67.226819,19.963817,0.851347
A185-001-15,15-H-075,363590.751,6591857.378,185.716,184.966,19,15.0,0.599713,46.638916,67.425542,20.349352,0.90159
A185-001-15,15-H-075,363590.751,6591857.378,184.966,184.216,20,15.75,0.600704,48.398143,67.019751,20.291833,0.928352
A185-001-15,15-H-075,363590.751,6591857.378,184.216,184.045,21,15.921,0.583128,47.310974,68.038783,18.627229,0.948809
A185-001-15,15-H-076,363590.602,6591849.54,199.928,199.178,0,0.75,0.765869,40.097476,68.697939,16.226357,0.618699
A185-001-15,15-H-076,363590.602,6591849.54,199.178,198.428,1,1.5,0.762568,40.310419,68.440772,17.216728,0.622447
A185-001-15,15-H-076,363590.602,6591849.54,198.428,197.678,2,2.25,0.765451,41.129171,69.374894,17.993132,0.641364
A185-001-15,15-H-076,363590.602,6591849.54,197.678,196.928,3,3.0,0.720136,41.512695,68.993951,17.434942,0.684087
A185-001-15,15-H-076,363590.602,6591849.54,196.928,196.178,4,3.75,0.709991,42.701658,68.981347,18.158095,0.713601
A185-001-15,15-H-076,363590.602,6591849.54,196.178,195.428,5,4.5,0.714181,41.735378,69.989274,16.821025,0.703361
A185-001-15,15-H-076,363590.602,6591849.54,195.428,194.678,6,5.25,0.70114,42.273859,67.557444,18.446653,0.700678
A185-001-15,15-H-076,363590.602,6591849.54,194.678,193.928,7,6.0,0.690901,43.458003,68.231848,18.059781,0.73811
A185-001-15,15-H-076,363590.602,6591849.54,193.928,193.178,8,6.75,0.696162,43.069422,68.588948,17.771197,0.729771
A185-001-15,15-H-076,363590.602,6591849.54,193.178,192.428,9,7.5,0.654068,43.879698,68.779181,18.053518,0.79339
A185-001-15,15-H-076,363590.602,6591849.54,192.428,191.678,10,8.25,0.639817,44.638925,68.583362,19.103702,0.822793
A185-001-15,15-H-076,363590.602,6591849.54,191.678,190.928,11,9.0,0.625629,45.665197,67.697776,18.696898,0.849558
A185-001-15,15-H-076,363590.602,6591849.54,190.928,190.178,12,9.75,0.640072,45.313328,68.225677,18.819686,0.83048
A185-001-15,15-H-076,363590.602,6591849.54,190.178,189.428,13,10.5,0.618397,44.927721,66.861714,18.460696,0.835179
A185-001-15,15-H-076,363590.602,6591849.54,189.428,188.678,14,11.25,0.60137,44.638354,67.660648,18.799481,0.863456
A185-001-15,15-H-076,363590.602,6591849.54,188.678,187.928,15,12.0,0.619714,46.781049,68.544906,18.969789,0.889545
A185-001-15,15-H-076,363590.602,6591849.54,187.928,187.178,16,12.75,0.650155,43.753355,69.056303,18.122568,0.799067
A185-001-15,15-H-076,363590.602,6591849.54,187.178,186.428,17,13.5,0.660422,44.351882,67.701591,16.928851,0.781665
A185-001-15,15-H-076,363590.602,6591849.54,186.428,185.678,18,14.25,0.66443,44.601983,68.476071,18.683116,0.79046
A185-001-15,15-H-076,363590.602,6591849.54,185.678,184.928,19,15.0,0.695808,43.403578,68.819684,18.698933,0.73837
A185-001-15,15-H-076,363590.602,6591849.54,184.928,184.252,20,15.676,0.643972,45.299548,69.025366,18.782203,0.834855
A185-001-15,15-H-078,363590.953,6591833.526,199.998,199.248,0,0.75,0.894274,33.024481,72.194214,14.565689,0.458915
A185-001-15,15-H-078,363590.953,6591833.526,199.248,198.498,1,1.5,0.897801,35.289403,70.50999,16.107221,0.477184
A185-001-15,15-H-078,363590.953,6591833.526,198.498,197.748,2,2.25,0.846027,37.082968,70.380361,14.668199,0.530749
A185-001-15,15-H-078,363590.953,6591833.526,197.748,196.998,3,3.0,0.848769,37.067173,70.148424,15.946554,0.527234
A185-001-15,15-H-078,363590.953,6591833.526,196.998,196.248,4,3.75,0.826274,34.835198,71.001956,15.716489,0.515186
A185-001-15,15-H-078,363590.953,6591833.526,196.248,195.498,5,4.5,0.836465,36.017509,71.325436,15.125075,0.528457
A185-001-15,15-H-078,363590.953,6591833.526,195.498,194.748,6,5.25,0.839913,37.751994,70.414149,16.122283,0.544649
A185-001-15,15-H-078,363590.953,6591833.526,194.748,193.998,7,6.0,0.797015,38.266468,70.319732,15.373825,0.580784
A185-001-15,15-H-078,363590.953,6591833.526,193.998,193.248,8,6.75,0.802251,36.998451,71.059683,16.528041,0.563939
A185-001-15,15-H-078,363590.953,6591833.526,193.248,192.498,9,7.5,0.794074,39.994834,69.331795,16.746067,0.600808
A185-001-15,15-H-078,363590.953,6591833.526,192.498,191.748,10,8.25,0.802419,39.987034,70.479919,17.152916,0.604325
A185-001-15,15-H-078,363590.953,6591833.526,191.748,190.998,11,9.0,0.768211,39.289957,70.06964,16.626618,0.616514
A185-001-15,15-H-078,363590.953,6591833.526,190.998,190.248,12,9.75,0.738601,39.994543,68.889099,18.212504,0.641842
A185-001-15,15-H-078,363590.953,6591833.526,190.248,189.498,13,10.5,0.737709,40.986857,69.962285,16.924262,0.668573
A185-001-15,15-H-078,363590.953,6591833.526,189.498,188.748,14,11.25,0.700729,42.776741,70.16395,18.048168,0.736636
A185-001-15,15-H-078,363590.953,6591833.526,188.748,187.998,15,12.0,0.705266,39.842757,70.647564,16.919337,0.68641
A185-001-15,15-H-078,363590.953,6591833.526,187.998,187.248,16,12.75,0.733128,41.61445,69.876293,17.307132,0.682216
A185-001-15,15-H-078,363590.953,6591833.526,187.248,186.498,17,13.5,0.782266,39.399765,70.062045,17.117574,0.607154
A185-001-15,15-H-078,363590.953,6591833.526,186.498,185.748,18,14.25,0.776044,37.974608,71.023239,16.288569,0.597908
A185-001-15,15-H-078,363590.953,6591833.526,185.748,184.998,19,15.0,0.769518,38.636245,68.964768,16.687012,0.595759
A185-001-15,15-H-078,363590.953,6591833.526,184.998,184.248,20,15.75,0.762828,37.608342,70.931476,16.912724,0.601685
A185-001-15,15-H-078,363590.953,6591833.526,184.248,183.498,21,16.5,0.807011,38.286207,70.240423,17.1185,0.573475
A185-001-15,15-H-078,363590.953,6591833.526,183.498,182.952,22,17.046,0.812482,37.64255,69.239174,16.548007,0.552063
A185-001-15,15-H-079,363583.589,6591869.453,200.026,199.276,0,0.75,0.81507,37.480937,71.078489,15.963961,0.562394
A185-001-15,15-H-079,363583.589,6591869.453,199.276,198.526,1,1.5,0.800586,37.595091,70.946344,16.635715,0.573289
A185-001-15,15-H-079,363583.589,6591869.453,198.526,197.776,2,2.25,0.811068,37.979985,70.791931,16.006733,0.570363
A185-001-15,15-H-079,363583.589,6591869.453,197.776,197.026,3,3.0,0.792244,39.386341,70.1095,16.177649,0.59962
A185-001-15,15-H-079,363583.589,6591869.453,197.026,196.276,4,3.75,0.758912,40.181152,70.279072,16.267652,0.64001
A185-001-15,15-H-079,363583.589,6591869.453,196.276,195.526,5,4.5,0.77927,38.624302,70.227414,17.879384,0.599024
A185-001-15,15-H-079,363583.589,6591869.453,195.526,194.776,6,5.25,0.762382,38.976416,71.067641,18.171184,0.625208
A185-001-15,15-H-079,363583.589,6591869.453,194.776,194.026,7,6.0,0.769858,39.865187,67.894378,17.48788,0.604967
A185-001-15,15-H-079,363583.589,6591869.453,194.026,193.276,8,6.75,0.754759,39.953014,68.73384,16.402897,0.62587
A185-001-15,15-H-079,363583.589,6591869.453,193.276,192.526,9,7.5,0.717512,40.649969,67.72011,17.221785,0.659956
A185-001-15,15-H-079,363583.589,6591869.453,192.526,191.776,10,8.25,0.712907,42.576124,69.900266,19.084163,0.718131
A185-001-15,15-H-079,363583.589,6591869.453,191.776,191.026,11,9.0,0.688309,42.766882,68.513763,17.893434,0.732117
A185-001-15,15-H-079,363583.589,6591869.453,191.026,190.276,12,9.75,0.675921,42.38063,67.965859,19.096658,0.733038
A185-001-15,15-H-079,363583.589,6591869.453,190.276,189.526,13,10.5,0.68264,43.175139,69.061851,18.757166,0.751254
A185-001-15,15-H-079,363583.589,6591869.453,189.526,188.776,14,11.25,0.660817,44.190872,67.900917,18.433409,0.780839
A185-001-15,15-H-079,363583.589,6591869.453,188.776,188.026,15,12.0,0.636404,43.841389,68.224023,18.856138,0.808181
A185-001-15,15-H-079,363583.589,6591869.453,188.026,187.276,16,12.75,0.656416,43.225012,69.70184,18.915845,0.789321
A185-001-15,15-H-079,363583.589,6591869.453,187.276,186.526,17,13.5,0.667506,44.570491,67.328187,18.580499,0.773118
A185-001-15,15-H-079,363583.589,6591869.453,186.526,185.776,18,14.25,0.669782,41.716998,69.37769,17.521115,0.743075
A185-001-15,15-H-079,363583.589,6591869.453,185.776,185.026,19,15.0,0.681973,41.830744,69.283382,18.284768,0.730914
A185-001-15,15-H-079,363583.589,6591869.453,185.026,184.537,20,15.489,0.704888,41.29724,70.498148,17.74427,0.710371
A185-001-15,15-H-080,363583.873,6591861.642,200.038,199.288,0,0.75,0.78487,40.265656,70.866875,15.86245,0.625328
A185-001-15,15-H-080,363583.873,6591861.642,199.288,198.538,1,1.5,0.743742,41.093501,69.219247,17.862984,0.65796
A185-001-15,15-H-080,363583.873,6591861.642,198.538,197.788,2,2.25,0.752264,42.113077,69.954597,16.800506,0.673547
A185-001-15,15-H-080,363583.873,6591861.642,197.788,197.038,3,3.0,0.740078,39.051428,69.958901,17.14153,0.635061
A185-001-15,15-H-080,363583.873,6591861.642,197.038,196.288,4,3.75,0.743875,41.569979,70.974915,17.572483,0.682233
A185-001-15,15-H-080,363583.873,6591861.642,196.288,195.538,5,4.5,0.708417,41.454639,68.550875,16.884732,0.689886
A185-001-15,15-H-080,363583.873,6591861.642,195.538,194.788,6,5.25,0.757912,41.483268,69.036744,18.129113,0.650122
A185-001-15,15-H-080,363583.873,6591861.642,194.788,194.038,7,6.0,0.689756,43.394576,69.044907,17.754879,0.74699
A185-001-15,15-H-080,363583.873,6591861.642,194.038,193.288,8,6.75,0.727054,42.24724,68.645938,17.964798,0.686147
A185-001-15,15-H-080,363583.873,6591861.642,193.288,192.538,9,7.5,0.668793,43.605113,69.116037,19.269905,0.775043
A185-001-15,15-H-080,363583.873,6591861.642,192.538,191.788,10,8.25,0.616996,45.0553,68.689649,18.901089,0.862383
A185-001-15,15-H-080,363583.873,6591861.642,191.788,191.038,11,9.0,0.638798,44.2133,69.05284,19.490501,0.821886
A185-001-15,15-H-080,363583.873,6591861.642,191.038,190.288,12,9.75,0.584412,48.176237,66.574631,20.051306,0.943479
A185-001-15,15-H-080,363583.873,6591861.642,190.288,189.538,13,10.5,0.615089,46.056874,66.773791,19.644688,0.859721
A185-001-15,15-H-080,363583.873,6591861.642,189.538,188.788,14,11.25,0.585265,47.062535,68.338007,18.918759,0.944562
A185-001-15,15-H-080,363583.873,6591861.642,188.788,188.038,15,12.0,0.639236,46.869856,68.026504,18.808092,0.857544
A185-001-15,15-H-080,363583.873,6591861.642,188.038,187.288,16,12.75,0.655098,44.784582,68.392598,18.690248,0.803983
A185-001-15,15-H-080,363583.873,6591861.642,187.288,186.538,17,13.5,0.63432,46.140953,66.741556,18.72222,0.834731
A185-001-15,15-H-080,363583.873,6591861.642,186.538,185.788,18,14.25,0.654752,44.755613,66.057213,18.444494,0.776485
A185-001-15,15-H-080,363583.873,6591861.642,185.788,185.038,19,15.0,0.665259,45.0959,69.696305,17.84061,0.812276
A185-001-15,15-H-080,363583.873,6591861.642,185.038,184.288,20,15.75,0.642761,44.064878,69.018569,19.387403,0.813682
A185-001-15,15-H-080,363583.873,6591861.642,184.288,183.549,21,16.489,0.662883,43.595388,68.805163,18.694077,0.778181
A185-001-15,15-H-081,363583.813,6591853.194,200.032,199.282,0,0.75,0.707668,42.581049,70.315566,17.907785,0.727656
A185-001-15,15-H-081,363583.813,6591853.194,199.282,198.532,1,1.5,0.707704,42.154563,69.762334,16.771166,0.714565
A185-001-15,15-H-081,363583.813,6591853.194,198.532,197.782,2,2.25,0.71303,42.796847,70.626079,17.707731,0.72902
A185-001-15,15-H-081,363583.813,6591853.194,197.782,197.032,3,3.0,0.684879,43.164317,69.416489,18.548739,0.752426
A185-001-15,15-H-081,363583.813,6591853.194,197.032,196.282,4,3.75,0.674218,42.498672,68.175916,18.39132,0.739108
A185-001-15,15-H-081,363583.813,6591853.194,196.282,195.532,5,4.5,0.677748,43.816282,68.406841,18.168618,0.76053
A185-001-15,15-H-081,363583.813,6591853.194,195.532,194.782,6,5.25,0.666176,44.107314,68.484056,19.166915,0.779825
A185-001-15,15-H-081,363583.813,6591853.194,194.782,194.032,7,6.0,0.648111,43.954715,69.826449,19.20822,0.814348
A185-001-15,15-H-081,363583.813,6591853.194,194.032,193.282,8,6.75,0.64944,43.021648,69.487282,18.893553,0.791592
A185-001-15,15-H-081,363583.813,6591853.194,193.282,192.532,9,7.5,0.609783,45.408991,69.052441,19.221837,0.884059
A185-001-15,15-H-081,363583.813,6591853.194,192.532,191.782,10,8.25,0.64954,46.150412,66.333738,19.001382,0.810457
A185-001-15,15-H-081,363583.813,6591853.194,191.782,191.032,11,9.0,0.636253,45.373515,68.568036,19.094059,0.840778
A185-001-15,15-H-081,363583.813,6591853.194,191.032,190.282,12,9.75,0.591978,50.373127,67.331879,20.59706,0.984932
A185-001-15,15-H-081,363583.813,6591853.194,190.282,189.532,13,10.5,0.556331,47.944308,66.33206,19.63896,0.982585
A185-001-15,15-H-081,363583.813,6591853.194,189.532,188.782,14,11.25,0.597717,47.007721,67.225797,19.782397,0.908963
A185-001-15,15-H-081,363583.813,6591853.194,188.782,188.032,15,12.0,0.580757,48.321173,68.318306,20.60695,0.977196
A185-001-15,15-H-081,363583.813,6591853.194,188.032,187.282,16,12.75,0.579876,46.478673,67.645762,20.073012,0.932146
A185-001-15,15-H-081,363583.813,6591853.194,187.282,186.532,17,13.5,0.632384,46.479732,68.15499,19.369173,0.861303
A185-001-15,15-H-081,363583.813,6591853.194,186.532,185.782,18,14.25,0.616481,46.037888,67.887717,19.265797,0.87165
A185-001-15,15-H-081,363583.813,6591853.194,185.782,185.032,19,15.0,0.598668,47.71896,68.157691,19.322818,0.9339
A185-001-15,15-H-081,363583.813,6591853.194,185.032,184.282,20,15.75,0.630708,46.231221,66.382111,17.821989,0.836509
A185-001-15,15-H-081,363583.813,6591853.194,184.282,184.125,21,15.907,0.619464,44.916537,67.340084,19.902836,0.83966
A185-001-15,15-H-082,363583.807,6591845.096,200.148,199.398,0,0.75,0.763669,37.870212,70.19055,16.131815,0.5988
A185-001-15,15-H-082,363583.807,6591845.096,199.398,198.648,1,1.5,0.799945,39.871945,68.465525,16.558187,0.58716
A185-001-15,15-H-082,363583.807,6591845.096,198.648,197.898,2,2.25,0.764241,40.645397,68.44803,16.706216,0.626237
A185-001-15,15-H-082,363583.807,6591845.096,197.898,197.148,3,3.0,0.774829,38.389444,69.987182,16.142917,0.596543
A185-001-15,15-H-082,363583.807,6591845.096,197.148,196.398,4,3.75,0.76875,40.50154,70.355586,17.819481,0.637748
A185-001-15,15-H-082,363583.807,6591845.096,196.398,195.648,5,4.5,0.722556,40.669193,69.249356,17.144515,0.670422
A185-001-15,15-H-082,363583.807,6591845.096,195.648,194.898,6,5.25,0.744746,41.607701,68.734222,17.183805,0.660542
A185-001-15,15-H-082,363583.807,6591845.096,194.898,194.148,7,6.0,0.699616,42.089284,70.007934,18.579737,0.724439
A185-001-15,15-H-082,363583.807,6591845.096,194.148,193.398,8,6.75,0.709482,42.217261,68.799519,17.827656,0.70414
A185-001-15,15-H-082,363583.807,6591845.096,193.398,192.648,9,7.5,0.655312,43.912492,69.472085,18.4928,0.800494
A185-001-15,15-H-082,363583.807,6591845.096,192.648,191.898,10,8.25,0.682456,42.442377,69.630718,17.747833,0.744684
A185-001-15,15-H-082,363583.807,6591845.096,191.898,191.148,11,9.0,0.665766,44.51435,67.62751,18.290897,0.777556
A185-001-15,15-H-082,363583.807,6591845.096,191.148,190.398,12,9.75,0.64231,43.720542,69.794977,18.854238,0.816905
A185-001-15,15-H-082,363583.807,6591845.096,190.398,189.648,13,10.5,0.606829,44.875694,68.465253,19.091098,0.870484
A185-001-15,15-H-082,363583.807,6591845.096,189.648,188.898,14,11.25,0.660408,45.14487,68.117466,19.109791,0.80076
A185-001-15,15-H-082,363583.807,6591845.096,188.898,188.148,15,12.0,0.644268,44.932222,68.952269,19.466548,0.826934
A185-001-15,15-H-082,363583.807,6591845.096,188.148,187.398,16,12.75,0.691465,44.727583,68.409974,18.344373,0.761002
A185-001-15,15-H-082,363583.807,6591845.096,187.398,186.648,17,13.5,0.640864,45.48635,67.231588,18.402946,0.820466
A185-001-15,15-H-082,363583.807,6591845.096,186.648,185.898,18,14.25,0.664654,43.468015,68.475714,19.066449,0.770204
A185-001-15,15-H-082,363583.807,6591845.096,185.898,185.148,19,15.0,0.642789,44.534195,69.669755,18.06301,0.829864
A185-001-15,15-H-082,363583.807,6591845.096,185.148,184.398,20,15.75,0.699236,43.285161,68.434313,18.535307,0.728653
A185-001-15,15-H-082,363583.807,6591845.096,184.398,183.847,21,16.301,0.661532,43.440365,69.07744,18.266694,0.780016
A185-001-15,15-H-083,363583.693,6591837.846,199.939,199.189,0,0.75,0.826211,37.23232,70.719,15.008295,0.548276
A185-001-15,15-H-083,363583.693,6591837.846,199.189,198.439,1,1.5,0.810265,38.105332,71.520907,16.39442,0.57873
A185-001-15,15-H-083,363583.693,6591837.846,198.439,197.689,2,2.25,0.79879,38.095936,70.460769,16.639129,0.578231
A185-001-15,15-H-083,363583.693,6591837.846,197.689,196.939,3,3.0,0.847571,37.172393,71.264294,14.962796,0.537742
A185-001-15,15-H-083,363583.693,6591837.846,196.939,196.189,4,3.75,0.839696,37.105942,70.435795,16.387011,0.535696
A185-001-15,15-H-083,363583.693,6591837.846,196.189,195.439,5,4.5,0.835198,37.127129,70.826767,15.091526,0.5417
A185-001-15,15-H-083,363583.693,6591837.846,195.439,194.689,6,5.25,0.835971,35.487243,70.68292,15.631205,0.516395
A185-001-15,15-H-083,363583.693,6591837.846,194.689,193.939,7,6.0,0.818692,35.17948,71.060363,16.932812,0.525637
A185-001-15,15-H-083,363583.693,6591837.846,193.939,193.189,8,6.75,0.821774,36.927028,70.071217,17.760774,0.542064
A185-001-15,15-H-083,363583.693,6591837.846,193.189,192.439,9,7.5,0.771553,40.027701,70.184358,15.907574,0.626274
A185-001-15,15-H-083,363583.693,6591837.846,192.439,191.689,10,8.25,0.75694,38.136632,70.329013,16.757402,0.609614
A185-001-15,15-H-083,363583.693,6591837.846,191.689,190.939,11,9.0,0.743427,39.140762,69.444861,16.709071,0.628958
A185-001-15,15-H-083,363583.693,6591837.846,190.939,190.189,12,9.75,0.736275,40.707683,70.220262,18.384903,0.667944
A185-001-15,15-H-083,363583.693,6591837.846,190.189,189.439,13,10.5,0.721361,40.149873,70.625204,16.608218,0.676046
A185-001-15,15-H-083,363583.693,6591837.846,189.439,188.689,14,11.25,0.717415,42.719953,70.125735,17.260965,0.718116
A185-001-15,15-H-083,363583.693,6591837.846,188.689,187.939,15,12.0,0.71402,40.943218,68.804051,17.505254,0.678635
A185-001-15,15-H-083,363583.693,6591837.846,187.939,187.189,16,12.75,0.692694,41.001257,70.524978,17.679055,0.717938
A185-001-15,15-H-083,363583.693,6591837.846,187.189,186.439,17,13.5,0.722667,42.306388,69.266671,16.340582,0.697296
A185-001-15,15-H-083,363583.693,6591837.846,186.439,185.689,18,14.25,0.716004,40.763504,68.611071,17.180506,0.671875
A185-001-15,15-H-083,363583.693,6591837.846,185.689,184.939,19,15.0,0.734261,39.509832,69.386293,17.549872,0.642331
A185-001-15,15-H-083,363583.693,6591837.846,184.939,184.189,20,15.75,0.74475,39.603011,70.892558,17.981012,0.64859
A185-001-15,15-H-083,363583.693,6591837.846,184.189,183.439,21,16.5,0.721965,39.776718,69.086091,17.408612,0.65478
A185-001-15,15-H-083,363583.693,6591837.846,183.439,182.755,22,17.184,0.729783,41.499932,69.52887,16.062178,0.679914
A185-001-15,15-H-084,363576.85,6591865.422,199.957,199.207,0,0.75,0.780484,39.219211,70.247549,16.600884,0.607292
A185-001-15,15-H-084,363576.85,6591865.422,199.207,198.457,1,1.5,0.763394,40.642622,70.268013,17.036691,0.643542
A185-001-15,15-H-084,363576.85,6591865.422,198.457,197.707,2,2.25,0.74955,40.260334,70.225898,17.302151,0.648888
A185-001-15,15-H-084,363576.85,6591865.422,197.707,196.957,3,3.0,0.768868,41.134861,69.449343,16.962466,0.639169
A185-001-15,15-H-084,363576.85,6591865.422,196.957,196.207,4,3.75,0.761556,42.072693,70.037118,17.318868,0.665562
A185-001-15,15-H-084,363576.85,6591865.422,196.207,195.457,5,4.5,0.687955,42.056533,69.472281,17.532519,0.730366
A185-001-15,15-H-084,363576.85,6591865.422,195.457,194.707,6,5.25,0.7332,41.481957,69.211994,18.434536,0.673676
A185-001-15,15-H-084,363576.85,6591865.422,194.707,193.957,7,6.0,0.669566,42.685205,67.739324,18.70043,0.742749
A185-001-15,15-H-084,363576.85,6591865.422,193.957,193.207,8,6.75,0.706566,40.738392,68.251353,18.380102,0.676994
A185-001-15,15-H-084,363576.85,6591865.422,193.207,192.457,9,7.5,0.687958,42.701101,69.885313,18.22928,0.746004
A185-001-15,15-H-084,363576.85,6591865.422,192.457,191.707,10,8.25,0.683993,44.662733,69.151457,19.253269,0.77659
A185-001-15,15-H-084,363576.85,6591865.422,191.707,190.957,11,9.0,0.686464,44.47947,70.497915,18.847512,0.785548
A185-001-15,15-H-084,363576.85,6591865.422,190.957,190.207,12,9.75,0.655485,45.323735,66.648661,18.750288,0.792486
A185-001-15,15-H-084,363576.85,6591865.422,190.207,189.457,13,10.5,0.649247,45.508585,67.217527,19.445549,0.810254
A185-001-15,15-H-084,363576.85,6591865.422,189.457,188.707,14,11.25,0.623061,46.100428,68.150096,18.443704,0.866866
A185-001-15,15-H-084,363576.85,6591865.422,188.707,187.957,15,12.0,0.627308,44.463972,68.675223,19.493481,0.837038
A185-001-15,15-H-084,363576.85,6591865.422,187.957,187.207,16,12.75,0.628105,45.09678,68.710357,18.447817,0.848148
A185-001-15,15-H-084,363576.85,6591865.422,187.207,186.457,17,13.5,0.664353,42.48707,68.622034,18.829387,0.754791
A185-001-15,15-H-084,363576.85,6591865.422,186.457,185.707,18,14.25,0.708173,42.329933,70.025248,17.597255,0.71985
A185-001-15,15-H-084,363576.85,6591865.422,185.707,184.957,19,15.0,0.728379,43.237617,67.763667,17.675155,0.691891
A185-001-15,15-H-084,363576.85,6591865.422,184.957,184.207,20,15.75,0.658962,43.833282,68.348303,19.249962,0.781914
A185-001-15,15-H-084,363576.85,6591865.422,184.207,183.583,21,16.374,0.684683,42.628714,68.31605,18.410438,0.731564
A185-001-15,15-H-085,363576.675,6591857.522,199.978,199.228,0,0.75,0.760506,39.614922,68.900945,17.280101,0.617514
A185-001-15,15-H-085,363576.675,6591857.522,199.228,198.478,1,1.5,0.733547,40.244716,69.336864,16.980896,0.65434
A185-001-15,15-H-085,363576.675,6591857.522,198.478,197.728,2,2.25,0.742601,40.982233,70.982319,18.428481,0.673942
A185-001-15,15-H-085,363576.675,6591857.522,197.728,196.978,3,3.0,0.732094,41.987764,69.27809,18.002936,0.683488
A185-001-15,15-H-085,363576.675,6591857.522,196.978,196.228,4,3.75,0.687178,41.809908,69.145349,17.751608,0.723529
A185-001-15,15-H-085,363576.675,6591857.522,196.228,195.478,5,4.5,0.716351,42.315982,68.347779,18.939074,0.694594
A185-001-15,15-H-085,363576.675,6591857.522,195.478,194.728,6,5.25,0.698416,40.997932,68.514716,18.166261,0.691841
A185-001-15,15-H-085,363576.675,6591857.522,194.728,193.978,7,6.0,0.68849,42.453427,67.343507,17.797221,0.714192
A185-001-15,15-H-085,363576.675,6591857.522,193.978,193.228,8,6.75,0.679015,43.954562,67.89333,18.966002,0.7559
A185-001-15,15-H-085,363576.675,6591857.522,193.228,192.478,9,7.5,0.663235,44.948758,68.286533,19.002402,0.795855
A185-001-15,15-H-085,363576.675,6591857.522,192.478,191.728,10,8.25,0.631602,44.699424,66.95517,19.762381,0.814913
A185-001-15,15-H-085,363576.675,6591857.522,191.728,190.978,11,9.0,0.61599,45.679921,68.084088,19.712976,0.868129
A185-001-15,15-H-085,363576.675,6591857.522,190.978,190.228,12,9.75,0.597511,46.65212,67.478848,19.530229,0.905773
A185-001-15,15-H-085,363576.675,6591857.522,190.228,189.478,13,10.5,0.586594,46.51127,66.524007,19.21739,0.906788
A185-001-15,15-H-085,363576.675,6591857.522,189.478,188.728,14,11.25,0.616016,47.476775,67.01477,19.102151,0.88794
A185-001-15,15-H-085,363576.675,6591857.522,188.728,187.978,15,12.0,0.643935,46.897599,68.033621,19.810081,0.852016
A185-001-15,15-H-085,363576.675,6591857.522,187.978,187.228,16,12.75,0.631935,46.638531,67.429049,19.413212,0.855668
A185-001-15,15-H-085,363576.675,6591857.522,187.228,186.478,17,13.5,0.604203,44.247781,66.85075,19.595056,0.841845
A185-001-15,15-H-085,363576.675,6591857.522,186.478,185.728,18,14.25,0.646435,44.593285,69.320047,19.309065,0.822301
A185-001-15,15-H-085,363576.675,6591857.522,185.728,184.978,19,15.0,0.676099,44.290273,70.134903,18.139278,0.79001
A185-001-15,15-H-085,363576.675,6591857.522,184.978,184.228,20,15.75,0.690751,41.877433,69.821672,18.515193,0.728081
A185-001-15,15-H-085,363576.675,6591857.522,184.228,183.832,21,16.146,0.632961,43.761217,68.035713,20.13622,0.809006
A185-001-15,15-H-086,363576.832,6591849.301,200.05,199.3,0,0.75,0.744133,41.021597,68.934807,16.801947,0.653651
A185-001-15,15-H-086,363576.832,6591849.301,199.3,198.55,1,1.5,0.715848,42.226244,68.087803,17.11449,0.69076
A185-001-15,15-H-086,363576.832,6591849.301,198.55,197.8,2,2.25,0.710581,42.468544,70.615107,17.710549,0.725818
A185-001-15,15-H-086,363576.832,6591849.301,197.8,197.05,3,3.0,0.718817,42.035598,69.24762,18.645824,0.696635
A185-001-15,15-H-086,363576.832,6591849.301,197.05,196.3,4,3.75,0.716857,43.336536,69.314617,17.724868,0.720665
A185-001-15,15-H-086,363576.832,6591849.301,196.3,195.55,5,4.5,0.707076,44.759956,68.830949,18.362227,0.749358
A185-001-15,15-H-086,363576.832,6591849.301,195.55,194.8,6,5.25,0.681568,43.871102,68.414434,18.570649,0.757356
A185-001-15,15-H-086,363576.832,6591849.301,194.8,194.05,7,6.0,0.678392,44.045393,67.92176,19.13877,0.758489
A185-001-15,15-H-086,363576.832,6591849.301,194.05,193.3,8,6.75,0.679967,43.349714,68.880235,18.214422,0.755187
A185-001-15,15-H-086,363576.832,6591849.301,193.3,192.55,9,7.5,0.677631,44.670782,67.583856,19.368831,0.766295
A185-001-15,15-H-086,363576.832,6591849.301,192.55,191.8,10,8.25,0.63053,46.274328,67.656078,20.725723,0.853908
A185-001-15,15-H-086,363576.832,6591849.301,191.8,191.05,11,9.0,0.615503,44.987762,67.917419,19.286758,0.853545
A185-001-15,15-H-086,363576.832,6591849.301,191.05,190.3,12,9.75,0.595793,46.409356,66.259319,19.421328,0.887362
A185-001-15,15-H-086,363576.832,6591849.301,190.3,189.55,13,10.5,0.595318,45.096318,67.666188,20.304297,0.88139
A185-001-15,15-H-086,363576.832,6591849.301,189.55,188.8,14,11.25,0.567662,47.257261,67.41559,20.118885,0.964779
A185-001-15,15-H-086,363576.832,6591849.301,188.8,188.05,15,12.0,0.550509,49.334055,66.885431,21.014346,1.030336
A185-001-15,15-H-086,363576.832,6591849.301,188.05,187.3,16,12.75,0.593684,47.220499,67.767976,19.681694,0.926636
A185-001-15,15-H-086,363576.832,6591849.301,187.3,186.55,17,13.5,0.62811,47.968452,68.324381,19.765098,0.897113
A185-001-15,15-H-086,363576.832,6591849.301,186.55,185.8,18,14.25,0.609076,44.071698,68.174061,19.623647,0.848236
A185-001-15,15-H-086,363576.832,6591849.301,185.8,185.05,19,15.0,0.634329,45.199029,69.230447,18.912227,0.848158
A185-001-15,15-H-086,363576.832,6591849.301,185.05,184.3,20,15.75,0.625931,45.356229,67.638599,17.793171,0.842574
A185-001-15,15-H-086,363576.832,6591849.301,184.3,184.052,21,15.998,0.606064,46.06338,66.978798,18.832637,0.875183
A185-001-15,15-H-087,363576.791,6591841.453,199.994,199.244,0,0.75,0.88047,36.586773,70.733569,15.648287,0.505891
A185-001-15,15-H-087,363576.791,6591841.453,199.244,198.494,1,1.5,0.837984,36.946261,70.315018,16.887031,0.533633
A185-001-15,15-H-087,363576.791,6591841.453,198.494,197.744,2,2.25,0.855714,37.336398,72.659375,15.77173,0.54552
A185-001-15,15-H-087,363576.791,6591841.453,197.744,196.994,3,3.0,0.817263,37.671865,71.871062,16.284728,0.570041
A185-001-15,15-H-087,363576.791,6591841.453,196.994,196.244,4,3.75,0.80846,38.237682,70.260531,16.116859,0.57177
A185-001-15,15-H-087,363576.791,6591841.453,196.244,195.494,5,4.5,0.828131,37.785944,70.138954,16.184917,0.55072
A185-001-15,15-H-087,363576.791,6591841.453,195.494,194.744,6,5.25,0.783236,38.845014,71.054307,16.472272,0.606256
A185-001-15,15-H-087,363576.791,6591841.453,194.744,193.994,7,6.0,0.72508,39.387353,70.256678,16.598295,0.65642
A185-001-15,15-H-087,363576.791,6591841.453,193.994,193.244,8,6.75,0.764763,40.403997,70.259823,16.423047,0.638486
A185-001-15,15-H-087,363576.791,6591841.453,193.244,192.494,9,7.5,0.76861,39.589246,71.126076,17.985999,0.630369
A185-001-15,15-H-087,363576.791,6591841.453,192.494,191.744,10,8.25,0.753233,41.158189,69.576876,17.22029,0.653989
A185-001-15,15-H-087,363576.791,6591841.453,191.744,190.994,11,9.0,0.716677,41.796596,69.812306,17.902903,0.700305
A185-001-15,15-H-087,363576.791,6591841.453,190.994,190.244,12,9.75,0.684831,41.378018,69.047794,17.266012,0.717456
A185-001-15,15-H-087,363576.791,6591841.453,190.244,189.494,13,10.5,0.672564,43.932487,69.106494,17.693658,0.77618
A185-001-15,15-H-087,363576.791,6591841.453,189.494,188.744,14,11.25,0.71224,41.98869,70.180789,18.336729,0.71166
A185-001-15,15-H-087,363576.791,6591841.453,188.744,187.994,15,12.0,0.677486,43.320486,69.975756,17.662641,0.769379
A185-001-15,15-H-087,363576.791,6591841.453,187.994,187.244,16,12.75,0.702249,41.140756,70.22985,17.306983,0.707591
A185-001-15,15-H-087,363576.791,6591841.453,187.244,186.494,17,13.5,0.744789,41.929925,70.151818,18.833176,0.679487
A185-001-15,15-H-087,363576.791,6591841.453,186.494,185.744,18,14.25,0.732271,41.773982,69.523096,16.657827,0.682088
A185-001-15,15-H-087,363576.791,6591841.453,185.744,184.994,19,15.0,0.758,39.241444,68.922546,17.373035,0.613931
A185-001-15,15-H-087,363576.791,6591841.453,184.994,184.244,20,15.75,0.743813,41.476548,71.120423,17.016345,0.682085
A185-001-15,15-H-087,363576.791,6591841.453,184.244,184.165,21,15.829,0.731397,40.755944,70.781418,17.995333,0.678493
A185-001-15,15-H-088,363577.424,6591833.188,199.959,199.209,0,0.75,0.869704,34.668235,71.972515,15.855981,0.493868
A185-001-15,15-H-088,363577.424,6591833.188,199.209,198.459,1,1.5,0.892738,34.758993,72.148647,15.359781,0.483546
A185-001-15,15-H-088,363577.424,6591833.188,198.459,197.709,2,2.25,0.833659,35.213419,71.43745,15.100362,0.519242
A185-001-15,15-H-088,363577.424,6591833.188,197.709,196.959,3,3.0,0.847058,35.721296,72.965937,15.26878,0.529475
A185-001-15,15-H-088,363577.424,6591833.188,196.959,196.209,4,3.75,0.853706,36.964121,70.270899,15.2807,0.523573
A185-001-15,15-H-088,363577.424,6591833.188,196.209,195.459,5,4.5,0.831892,36.266379,70.885116,15.98499,0.531824
A185-001-15,15-H-088,363577.424,6591833.188,195.459,194.709,6,5.25,0.80946,36.179705,70.246446,16.122739,0.540329
A185-001-15,15-H-088,363577.424,6591833.188,194.709,193.959,7,6.0,0.819746,35.236981,71.177336,17.363665,0.526733
A185-001-15,15-H-088,363577.424,6591833.188,193.959,193.209,8,6.75,0.808696,37.569433,70.920483,16.015286,0.566893
A185-001-15,15-H-088,363577.424,6591833.188,193.209,192.459,9,7.5,0.780857,38.872011,69.421476,16.156641,0.594542
A185-001-15,15-H-088,363577.424,6591833.188,192.459,191.709,10,8.25,0.761908,39.095331,71.552312,16.371441,0.631543
A185-001-15,15-H-088,363577.424,6591833.188,191.709,190.959,11,9.0,0.756172,39.802198,70.229844,17.187144,0.635951
A185-001-15,15-H-088,363577.424,6591833.188,190.959,190.209,12,9.75,0.730432,41.234841,69.325008,16.290636,0.67304
A185-001-15,15-H-088,363577.424,6591833.188,190.209,189.459,13,10.5,0.744228,40.72574,68.396031,16.836943,0.643818
A185-001-15,15-H-088,363577.424,6591833.188,189.459,188.709,14,11.25,0.699302,41.469241,69.689209,17.900578,0.710796
A185-001-15,15-H-088,363577.424,6591833.188,188.709,187.959,15,12.0,0.74358,40.352646,69.067862,16.82882,0.644743
A185-001-15,15-H-088,363577.424,6591833.188,187.959,187.209,16,12.75,0.725325,40.251205,70.414595,17.589836,0.67217
A185-001-15,15-H-088,363577.424,6591833.188,187.209,186.459,17,13.5,0.761179,39.644409,70.32537,16.653855,0.630073
A185-001-15,15-H-088,363577.424,6591833.188,186.459,185.709,18,14.25,0.767244,39.525513,70.834696,17.016639,0.627783
A185-001-15,15-H-088,363577.424,6591833.188,185.709,184.959,19,15.0,0.766443,37.198915,70.313366,16.21499,0.587131
A185-001-15,15-H-088,363577.424,6591833.188,184.959,184.209,20,15.75,0.767,38.583083,72.108127,14.776037,0.62377
A185-001-15,15-H-088,363577.424,6591833.188,184.209,183.459,21,16.5,0.773295,37.373226,71.126003,17.230656,0.591521
A185-001-15,15-H-088,363577.424,6591833.188,183.459,183.216,22,16.743,0.783196,38.905787,69.20367,17.449207,0.591587
A185-001-15,15-H-089,363570.215,6591869.458,200.021,199.271,0,0.75,0.844245,36.406027,71.584234,16.270712,0.531286
A185-001-15,15-H-089,363570.215,6591869.458,199.271,198.521,1,1.5,0.776016,37.210421,69.842571,15.78479,0.576168
A185-001-15,15-H-089,363570.215,6591869.458,198.521,197.771,2,2.25,0.793466,38.852574,70.316577,16.166334,0.59235
A185-001-15,15-H-089,363570.215,6591869.458,197.771,197.021,3,3.0,0.803542,38.641545,70.10566,17.121914,0.580157
A185-001-15,15-H-089,363570.215,6591869.458,197.021,196.271,4,3.75,0.79845,37.167703,68.952587,15.833551,0.552295
A185-001-15,15-H-089,363570.215,6591869.458,196.271,195.521,5,4.5,0.764475,40.094275,70.212773,15.596335,0.633321
A185-001-15,15-H-089,363570.215,6591869.458,195.521,194.771,6,5.25,0.78379,38.30224,69.62497,15.312651,0.585274
A185-001-15,15-H-089,363570.215,6591869.458,194.771,194.021,7,6.0,0.773051,40.282575,70.097041,16.598993,0.628336
A185-001-15,15-H-089,363570.215,6591869.458,194.021,193.271,8,6.75,0.759563,40.058618,69.216051,17.131529,0.628011
A185-001-15,15-H-089,363570.215,6591869.458,193.271,192.521,9,7.5,0.759609,41.295828,70.22921,17.49863,0.656794
A185-001-15,15-H-089,363570.215,6591869.458,192.521,191.771,10,8.25,0.739594,40.368223,70.138391,17.655044,0.658576
A185-001-15,15-H-089,363570.215,6591869.458,191.771,191.021,11,9.0,0.734995,41.551241,70.659895,17.889126,0.687124
A185-001-15,15-H-089,363570.215,6591869.458,191.021,190.271,12,9.75,0.688177,41.269461,68.399534,17.760975,0.705503
A185-001-15,15-H-089,363570.215,6591869.458,190.271,189.521,13,10.5,0.701674,41.722109,67.876622,17.539655,0.694182
A185-001-15,15-H-089,363570.215,6591869.458,189.521,188.771,14,11.25,0.665509,43.774561,69.144777,17.706626,0.782007
A185-001-15,15-H-089,363570.215,6591869.458,188.771,188.021,15,12.0,0.681548,43.320753,69.396709,18.750146,0.758633
A185-001-15,15-H-089,363570.215,6591869.458,188.021,187.271,16,12.75,0.72106,42.819425,69.492691,19.450824,0.709976
A185-001-15,15-H-089,363570.215,6591869.458,187.271,186.521,17,13.5,0.717248,40.576665,68.544015,17.163531,0.666996
A185-001-15,15-H-089,363570.215,6591869.458,186.521,185.771,18,14.25,0.712688,40.573477,70.34474,17.25926,0.688788
A185-001-15,15-H-089,363570.215,6591869.458,185.771,185.021,19,15.0,0.73786,39.883201,69.624499,18.70933,0.647578
A185-001-15,15-H-089,363570.215,6591869.458,185.021,184.271,20,15.75,0.717912,41.450774,70.926719,17.063923,0.704269
A185-001-15,15-H-089,363570.215,6591869.458,184.271,183.65,21,16.371,0.72406,41.591802,69.76206,16.893175,0.689183
A185-001-15,15-H-090,363569.854,6591861.15,199.974,199.224,0,0.75,0.766029,40.171581,70.55865,16.433905,0.636466
A185-001-15,15-H-090,363569.854,6591861.15,199.224,198.474,1,1.5,0.753086,40.219766,69.404823,17.887455,0.637755
A185-001-15,15-H-090,363569.854,6591861.15,198.474,197.724,2,2.25,0.725336,40.716214,70.069264,17.392758,0.676552
A185-001-15,15-H-090,363569.854,6591861.15,197.724,196.974,3,3.0,0.700354,43.669348,70.450674,18.443991,0.755477
A185-001-15,15-H-090,363569.854,6591861.15,196.974,196.224,4,3.75,0.690773,42.721873,68.795111,18.684147,0.731827
A185-001-15,15-H-090,363569.854,6591861.15,196.224,195.474,5,4.5,0.742276,40.449595,69.227493,17.383405,0.648978
A185-001-15,15-H-090,363569.854,6591861.15,195.474,194.724,6,5.25,0.721643,41.20437,69.702624,16.942102,0.684486
A185-001-15,15-H-090,363569.854,6591861.15,194.724,193.974,7,6.0,0.711444,44.331033,68.256136,17.722122,0.731435
A185-001-15,15-H-090,363569.854,6591861.15,193.974,193.224,8,6.75,0.698291,42.686368,69.576342,17.912397,0.731468
A185-001-15,15-H-090,363569.854,6591861.15,193.224,192.474,9,7.5,0.677689,41.679289,68.329654,18.227803,0.722801
A185-001-15,15-H-090,363569.854,6591861.15,192.474,191.724,10,8.25,0.631622,45.320807,68.393381,19.460958,0.84384
A185-001-15,15-H-090,363569.854,6591861.15,191.724,190.974,11,9.0,0.634092,46.698757,65.935864,18.869544,0.834942
A185-001-15,15-H-090,363569.854,6591861.15,190.974,190.224,12,9.75,0.599149,47.199134,67.884846,20.66568,0.919489
A185-001-15,15-H-090,363569.854,6591861.15,190.224,189.474,13,10.5,0.624606,46.880907,67.535273,19.53165,0.871548
A185-001-15,15-H-090,363569.854,6591861.15,189.474,188.724,14,11.25,0.614612,46.510572,68.343514,19.619581,0.889203
A185-001-15,15-H-090,363569.854,6591861.15,188.724,187.974,15,12.0,0.625801,45.239383,67.38667,18.997391,0.837606
A185-001-15,15-H-090,363569.854,6591861.15,187.974,187.224,16,12.75,0.645421,45.052983,68.554509,20.190516,0.823
A185-001-15,15-H-090,363569.854,6591861.15,187.224,186.474,17,13.5,0.676258,43.285949,68.276107,18.013756,0.751549
A185-001-15,15-H-090,363569.854,6591861.15,186.474,185.724,18,14.25,0.675089,44.005828,68.282278,18.845141,0.765499
A185-001-15,15-H-090,363569.854,6591861.15,185.724,184.974,19,15.0,0.620792,42.825419,69.364316,19.314906,0.822847
A185-001-15,15-H-090,363569.854,6591861.15,184.974,184.224,20,15.75,0.664922,43.016532,68.646123,19.281973,0.763839
A185-001-15,15-H-090,363569.854,6591861.15,184.224,183.598,21,16.376,0.635999,44.374858,68.319994,19.465627,0.819729
A185-001-15,15-H-091,363569.775,6591853.667,199.91,199.16,0,0.75,0.696556,42.926897,70.112551,18.246328,0.743112
A185-001-15,15-H-091,363569.775,6591853.667,199.16,198.41,1,1.5,0.710042,43.345435,69.356821,17.850359,0.728166
A185-001-15,15-H-091,363569.775,6591853.667,198.41,197.66,2,2.25,0.677795,46.41009,67.311087,17.648535,0.792437
A185-001-15,15-H-091,363569.775,6591853.667,197.66,196.91,3,3.0,0.670512,44.261202,67.885717,19.495114,0.770759
A185-001-15,15-H-091,363569.775,6591853.667,196.91,196.16,4,3.75,0.668086,43.333274,67.434813,18.889341,0.752294
A185-001-15,15-H-091,363569.775,6591853.667,196.16,195.41,5,4.5,0.679443,44.394085,68.739104,18.374579,0.77236
A185-001-15,15-H-091,363569.775,6591853.667,195.41,194.66,6,5.25,0.660783,44.488861,66.778576,17.639463,0.773076
A185-001-15,15-H-091,363569.775,6591853.667,194.66,193.91,7,6.0,0.63173,46.916504,68.306087,17.551714,0.871975
A185-001-15,15-H-091,363569.775,6591853.667,193.91,193.16,8,6.75,0.589083,44.913408,68.352443,19.447735,0.895957
A185-001-15,15-H-091,363569.775,6591853.667,193.16,192.41,9,7.5,0.587321,45.72973,67.024849,20.589331,0.897342
A185-001-15,15-H-091,363569.775,6591853.667,192.41,191.66,10,8.25,0.571885,46.797382,67.510859,20.368222,0.949744
A185-001-15,15-H-091,363569.775,6591853.667,191.66,190.91,11,9.0,0.587355,48.755001,67.305549,19.652273,0.960368
A185-001-15,15-H-091,363569.775,6591853.667,190.91,190.16,12,9.75,0.577991,48.219775,67.674981,20.678509,0.970611
A185-001-15,15-H-091,363569.775,6591853.667,190.16,189.41,13,10.5,0.576193,48.991022,67.011009,20.678864,0.979484
A185-001-15,15-H-091,363569.775,6591853.667,189.41,188.66,14,11.25,0.569145,49.322329,67.128215,21.443174,1.000105
A185-001-15,15-H-091,363569.775,6591853.667,188.66,187.91,15,12.0,0.559672,48.529204,67.874606,20.472152,1.011657
A185-001-15,15-H-091,363569.775,6591853.667,187.91,187.16,16,12.75,0.574695,48.124752,67.665217,20.175484,0.974044
A185-001-15,15-H-091,363569.775,6591853.667,187.16,186.41,17,13.5,0.590393,48.191972,67.161449,20.080349,0.942467
A185-001-15,15-H-091,363569.775,6591853.667,186.41,185.66,18,14.25,0.569711,46.263621,66.819938,20.125505,0.932863
A185-001-15,15-H-091,363569.775,6591853.667,185.66,184.91,19,15.0,0.530985,48.404766,68.498674,20.968789,1.073266
A185-001-15,15-H-091,363569.775,6591853.667,184.91,184.16,20,15.75,0.573239,48.200958,68.03283,19.259974,0.983243
A185-001-15,15-H-091,363569.775,6591853.667,184.16,183.41,21,16.5,0.563498,46.25815,66.824089,19.041992,0.942938
A185-001-15,15-H-091,363569.775,6591853.667,183.41,183.323,22,16.587,0.562268,47.496151,66.989045,20.989668,0.97285
A185-001-15,15-H-092,363569.503,6591845.578,200.102,199.352,0,0.75,0.760651,38.87086,70.46271,17.269454,0.619525
A185-001-15,15-H-092,363569.503,6591845.578,199.352,198.602,1,1.5,0.787379,38.230552,69.939073,17.178996,0.584369
A185-001-15,15-H-092,363569.503,6591845.578,198.602,197.852,2,2.25,0.767107,41.956261,69.51654,17.570496,0.654087
A185-001-15,15-H-092,363569.503,6591845.578,197.852,197.102,3,3.0,0.741085,42.203994,68.868326,18.353122,0.674729
A185-001-15,15-H-092,363569.503,6591845.578,197.102,196.352,4,3.75,0.749415,40.365827,69.295757,16.619704,0.642027
A185-001-15,15-H-092,363569.503,6591845.578,196.352,195.602,5,4.5,0.727022,39.420489,69.695505,17.686101,0.650136
A185-001-15,15-H-092,363569.503,6591845.578,195.602,194.852,6,5.25,0.70854,42.519944,69.364387,17.406068,0.715875
A185-001-15,15-H-092,363569.503,6591845.578,194.852,194.102,7,6.0,0.732336,43.109713,69.605847,17.840388,0.70475
A185-001-15,15-H-092,363569.503,6591845.578,194.102,193.352,8,6.75,0.694668,41.316114,69.767479,18.568809,0.713768
A185-001-15,15-H-092,363569.503,6591845.578,193.352,192.602,9,7.5,0.686,43.330131,67.838409,18.15288,0.736937
A185-001-15,15-H-092,363569.503,6591845.578,192.602,191.852,10,8.25,0.659675,43.445556,67.955866,19.993026,0.769842
A185-001-15,15-H-092,363569.503,6591845.578,191.852,191.102,11,9.0,0.609436,44.415033,68.393096,19.193216,0.857008
A185-001-15,15-H-092,363569.503,6591845.578,191.102,190.352,12,9.75,0.596338,46.254825,68.942227,20.011249,0.919363
A185-001-15,15-H-092,363569.503,6591845.578,190.352,189.602,13,10.5,0.625241,47.071437,66.106351,19.135719,0.8557
A185-001-15,15-H-092,363569.503,6591845.578,189.602,188.852,14,11.25,0.604043,46.549898,67.255671,19.593995,0.891104
A185-001-15,15-H-092,363569.503,6591845.578,188.852,188.102,15,12.0,0.607182,46.606732,67.845356,19.200135,0.895302
A185-001-15,15-H-092,363569.503,6591845.578,188.102,187.352,16,12.75,0.621486,43.707392,69.013917,18.62423,0.8345
A185-001-15,15-H-092,363569.503,6591845.578,187.352,186.602,17,13.5,0.646723,44.091753,68.28227,19.045358,0.800555
A185-001-15,15-H-092,363569.503,6591845.578,186.602,185.852,18,14.25,0.656526,44.31625,67.493404,19.408743,0.783554
A185-001-15,15-H-092,363569.503,6591845.578,185.852,185.102,19,15.0,0.669081,43.861239,68.618448,18.249442,0.773529
A185-001-15,15-H-092,363569.503,6591845.578,185.102,184.352,20,15.75,0.671059,42.538776,68.63579,19.313816,0.748386
A185-001-15,15-H-092,363569.503,6591845.578,184.352,183.857,21,16.245,0.688494,41.610412,68.54018,18.115595,0.712488
A185-001-15,15-H-093,363569.672,6591837.246,199.975,199.225,0,0.75,0.884198,34.477888,70.864179,15.203762,0.475658
A185-001-15,15-H-093,363569.672,6591837.246,199.225,198.475,1,1.5,0.830123,36.491958,70.983464,15.488848,0.536937
A185-001-15,15-H-093,363569.672,6591837.246,198.475,197.725,2,2.25,0.849653,36.702425,71.605915,16.277865,0.53236
A185-001-15,15-H-093,363569.672,6591837.246,197.725,196.975,3,3.0,0.829315,37.117951,71.575781,15.955107,0.551249
A185-001-15,15-H-093,363569.672,6591837.246,196.975,196.225,4,3.75,0.818312,36.773796,71.894743,16.281939,0.55597
A185-001-15,15-H-093,363569.672,6591837.246,196.225,195.475,5,4.5,0.797811,38.910068,69.431107,16.294145,0.582614
A185-001-15,15-H-093,363569.672,6591837.246,195.475,194.725,6,5.25,0.780145,39.920999,68.585526,17.142959,0.603874
A185-001-15,15-H-093,363569.672,6591837.246,194.725,193.975,7,6.0,0.761241,40.183065,70.702452,16.142756,0.641906
A185-001-15,15-H-093,363569.672,6591837.246,193.975,193.225,8,6.75,0.745014,39.589406,68.891173,17.045175,0.629789
A185-001-15,15-H-093,363569.672,6591837.246,193.225,192.475,9,7.5,0.738278,41.288389,70.154469,17.154131,0.674829
A185-001-15,15-H-093,363569.672,6591837.246,192.475,191.725,10,8.25,0.706628,41.198312,68.878778,17.7975,0.690752
A185-001-15,15-H-093,363569.672,6591837.246,191.725,190.975,11,9.0,0.666701,41.766789,67.809984,19.414416,0.730776
A185-001-15,15-H-093,363569.672,6591837.246,190.975,190.225,12,9.75,0.655114,44.671579,68.370437,18.354205,0.80164
A185-001-15,15-H-093,363569.672,6591837.246,190.225,189.475,13,10.5,0.645514,45.670359,69.034789,18.579974,0.839756
A185-001-15,15-H-093,363569.672,6591837.246,189.475,188.725,14,11.25,0.656223,45.225253,69.188486,19.493114,0.819986
A185-001-15,15-H-093,363569.672,6591837.246,188.725,187.975,15,12.0,0.662902,44.043573,68.01132,18.88286,0.777115
A185-001-15,15-H-093,363569.672,6591837.246,187.975,187.225,16,12.75,0.656337,42.141472,69.216209,19.284488,0.764382
A185-001-15,15-H-093,363569.672,6591837.246,187.225,186.475,17,13.5,0.712523,40.953944,69.055418,17.664264,0.68273
A185-001-15,15-H-093,363569.672,6591837.246,186.475,185.725,18,14.25,0.720306,43.188673,70.742068,16.54973,0.729318
A185-001-15,15-H-093,363569.672,6591837.246,185.725,184.975,19,15.0,0.688557,40.625259,69.200159,18.091191,0.702283
A185-001-15,15-H-093,363569.672,6591837.246,184.975,184.292,20,15.683,0.712108,41.467745,68.898627,16.058329,0.689909
