pattern_id,hole_id,x,y,rl_top_m,rl_floor_m,sample_index,depth_m,pen,torque,rpm,wob,mse
A185-001-23,23-H-001,363333.481,6591820.174,200.069,199.319,0,0.75,0.985951,27.746358,72.726437,12.560195,0.352463
A185-001-23,23-H-001,363333.481,6591820.174,199.319,198.569,1,1.5,0.967134,30.644046,72.171961,12.558347,0.393642
A185-001-23,23-H-001,363333.481,6591820.174,198.569,197.819,2,2.25,0.967204,30.247934,72.248662,12.875856,0.388995
A185-001-23,23-H-001,363333.481,6591820.174,197.819,197.069,3,3.0,0.935922,29.56033,70.450237,14.505619,0.383301
A185-001-23,23-H-001,363333.481,6591820.174,197.069,196.319,4,3.75,0.914844,30.770482,70.623337,14.164367,0.409028
A185-001-23,23-H-001,363333.481,6591820.174,196.319,195.569,5,4.5,0.922372,31.476263,70.627893,14.470174,0.415034
A185-001-23,23-H-001,363333.481,6591820.174,195.569,194.819,6,5.25,0.917811,32.362114,69.730722,15.306895,0.423454
A185-001-23,23-H-001,363333.481,6591820.174,194.819,194.069,7,6.0,0.878827,32.356167,71.061156,14.458175,0.450371
A185-001-23,23-H-001,363333.481,6591820.174,194.069,193.319,8,6.75,0.848134,32.676541,70.776903,15.190003,0.469419
A185-001-23,23-H-001,363333.481,6591820.174,193.319,192.569,9,7.5,0.848501,34.174691,69.62143,15.014017,0.482643
A185-001-23,23-H-001,363333.481,6591820.174,192.569,191.819,10,8.25,0.854347,33.975893,70.186904,14.480753,0.480367
A185-001-23,23-H-001,363333.481,6591820.174,191.819,191.069,11,9.0,0.896999,32.665309,70.505444,15.268703,0.44211
A185-001-23,23-H-001,363333.481,6591820.174,191.069,190.319,12,9.75,0.863797,32.258551,69.866566,14.609662,0.449168
A185-001-23,23-H-001,363333.481,6591820.174,190.319,189.569,13,10.5,0.897838,32.432915,69.765693,14.546478,0.4339
A185-001-23,23-H-001,363333.481,6591820.174,189.569,188.819,14,11.25,0.837303,32.291313,69.892905,14.315687,0.463932
A185-001-23,23-H-001,363333.481,6591820.174,188.819,188.069,15,12.0,0.908129,33.580264,71.526845,14.271239,0.45525
A185-001-23,23-H-001,363333.481,6591820.174,188.069,187.319,16,12.75,0.893754,32.363884,71.342338,13.686821,0.444635
A185-001-23,23-H-001,363333.481,6591820.174,187.319,186.569,17,13.5,0.897508,32.603527,70.827242,15.237251,0.443029
A185-001-23,23-H-001,363333.481,6591820.174,186.569,185.819,18,14.25,0.884801,31.390627,69.541548,13.534294,0.424688
A185-001-23,23-H-001,363333.481,6591820.174,185.819,185.069,19,15.0,0.910919,32.682281,71.368703,15.049756,0.440892
A185-001-23,23-H-001,363333.481,6591820.174,185.069,184.319,20,15.75,0.882144,32.227529,71.566379,14.015884,0.450018
A185-001-23,23-H-001,363333.481,6591820.174,184.319,183.722,21,16.347,0.900492,32.658367,71.185725,13.893984,0.444373
A185-001-23,23-H-002,363335.962,6591827.826,200.007,199.257,0,0.75,0.952559,31.829485,73.581055,12.745253,0.423139
A185-001-23,23-H-002,363335.962,6591827.826,199.257,198.507,1,1.5,0.937175,32.94195,71.135149,14.126656,0.430462
A185-001-23,23-H-002,363335.962,6591827.826,198.507,197.757,2,2.25,0.914385,31.401838,71.708048,14.337716,0.424002
A185-001-23,23-H-002,363335.962,6591827.826,197.757,197.007,3,3.0,0.890446,31.286886,70.607633,14.341074,0.427138
A185-001-23,23-H-002,363335.962,6591827.826,197.007,196.257,4,3.75,0.919795,31.229514,71.261317,13.835154,0.416554
A185-001-23,23-H-002,363335.962,6591827.826,196.257,195.507,5,4.5,0.91116,31.05823,70.279161,14.323661,0.412507
A185-001-23,23-H-002,363335.962,6591827.826,195.507,194.757,6,5.25,0.946695,32.215598,71.501164,13.483943,0.418849
A185-001-23,23-H-002,363335.962,6591827.826,194.757,194.007,7,6.0,0.926194,31.714522,71.765946,13.862168,0.423052
A185-001-23,23-H-002,363335.962,6591827.826,194.007,193.257,8,6.75,0.900508,33.109589,70.602632,14.182726,0.44684
A185-001-23,23-H-002,363335.962,6591827.826,193.257,192.507,9,7.5,0.871341,32.545221,70.007119,13.756293,0.450033
A185-001-23,23-H-002,363335.962,6591827.826,192.507,191.757,10,8.25,0.882831,33.174534,72.083834,13.729439,0.466132
A185-001-23,23-H-002,363335.962,6591827.826,191.757,191.007,11,9.0,0.859804,32.759075,70.13567,14.282066,0.459938
A185-001-23,23-H-002,363335.962,6591827.826,191.007,190.257,12,9.75,0.864198,33.930129,70.024916,14.936684,0.473239
A185-001-23,23-H-002,363335.962,6591827.826,190.257,189.507,13,10.5,0.8485,33.067264,70.463776,14.398248,0.472617
A185-001-23,23-H-002,363335.962,6591827.826,189.507,188.757,14,11.25,0.852174,33.36995,70.524572,13.961727,0.475234
A185-001-23,23-H-002,363335.962,6591827.826,188.757,188.007,15,12.0,0.864915,32.447507,71.503668,15.175518,0.461807
A185-001-23,23-H-002,363335.962,6591827.826,188.007,187.257,16,12.75,0.865918,33.806101,71.411012,14.524168,0.479811
A185-001-23,23-H-002,363335.962,6591827.826,187.257,186.507,17,13.5,0.873695,32.690931,71.132834,14.457612,0.458134
A185-001-23,23-H-002,363335.962,6591827.826,186.507,185.757,18,14.25,0.888524,34.688569,71.229538,14.284244,0.478566
A185-001-23,23-H-002,363335.962,6591827.826,185.757,185.007,19,15.0,0.851734,32.049543,70.414429,15.011567,0.456148
A185-001-23,23-H-002,363335.962,6591827.826,185.007,184.257,20,15.75,0.864755,34.027059,70.159648,14.359027,0.47512
A185-001-23,23-H-002,363335.962,6591827.826,184.257,183.983,21,16.024,0.858047,33.477183,70.614138,15.397963,0.474277
A185-001-23,23-H-003,363337.651,6591835.683,200.016,199.266,0,0.75,0.933564,31.813712,71.184653,13.093512,0.417543
A185-001-23,23-H-003,363337.651,6591835.683,199.266,198.516,1,1.5,0.894005,32.711647,70.815764,13.663109,0.445963
A185-001-23,23-H-003,363337.651,6591835.683,198.516,197.766,2,2.25,0.88833,32.203143,70.067203,14.047245,0.437244
A185-001-23,23-H-003,363337.651,6591835.683,197.766,197.016,3,3.0,0.875576,33.924632,71.140441,14.36079,0.474378
A185-001-23,23-H-003,363337.651,6591835.683,197.016,196.266,4,3.75,0.861662,33.915786,69.323142,14.310285,0.469614
A185-001-23,23-H-003,363337.651,6591835.683,196.266,195.516,5,4.5,0.876665,32.57972,69.802697,15.302858,0.446667
A185-001-23,23-H-003,363337.651,6591835.683,195.516,194.766,6,5.25,0.872223,33.942334,69.92755,14.414021,0.468356
A185-001-23,23-H-003,363337.651,6591835.683,194.766,194.016,7,6.0,0.830752,35.926891,71.974018,15.731157,0.535628
A185-001-23,23-H-003,363337.651,6591835.683,194.016,193.266,8,6.75,0.854598,34.831276,70.617982,15.515302,0.49541
A185-001-23,23-H-003,363337.651,6591835.683,193.266,192.516,9,7.5,0.86426,35.348254,70.346384,15.499742,0.49523
A185-001-23,23-H-003,363337.651,6591835.683,192.516,191.766,10,8.25,0.833521,35.581495,70.28758,14.944728,0.516301
A185-001-23,23-H-003,363337.651,6591835.683,191.766,191.016,11,9.0,0.842851,33.085603,70.895055,14.521786,0.478954
A185-001-23,23-H-003,363337.651,6591835.683,191.016,190.266,12,9.75,0.829476,34.121995,69.987869,16.117416,0.495632
A185-001-23,23-H-003,363337.651,6591835.683,190.266,189.516,13,10.5,0.822986,36.422312,70.826678,14.737337,0.539266
A185-001-23,23-H-003,363337.651,6591835.683,189.516,188.766,14,11.25,0.858942,33.871829,70.443198,15.149421,0.478163
A185-001-23,23-H-003,363337.651,6591835.683,188.766,188.016,15,12.0,0.861295,37.113154,71.354124,15.221715,0.529057
A185-001-23,23-H-003,363337.651,6591835.683,188.016,187.266,16,12.75,0.836374,35.795399,69.786454,15.89111,0.514066
A185-001-23,23-H-003,363337.651,6591835.683,187.266,186.516,17,13.5,0.888966,33.276764,68.06503,14.965123,0.438702
A185-001-23,23-H-003,363337.651,6591835.683,186.516,185.766,18,14.25,0.844954,34.898916,70.342789,15.631092,0.500078
A185-001-23,23-H-003,363337.651,6591835.683,185.766,185.016,19,15.0,0.821008,34.875323,69.004386,14.121836,0.504329
A185-001-23,23-H-003,363337.651,6591835.683,185.016,184.266,20,15.75,0.804301,34.812692,69.613627,15.993591,0.518598
A185-001-23,23-H-003,363337.651,6591835.683,184.266,183.516,21,16.5,0.827819,35.57076,69.432893,14.921609,0.513388
A185-001-23,23-H-003,363337.651,6591835.683,183.516,183.222,22,16.794,0.821569,36.133996,69.866827,15.800801,0.528822
A185-001-23,23-H-004,363341.422,6591822.247,200.088,199.338,0,0.75,0.954619,29.697429,72.381132,14.473808,0.387859
A185-001-23,23-H-004,363341.422,6591822.247,199.338,198.588,1,1.5,0.917093,30.03961,70.955724,14.206971,0.400251
A185-001-23,23-H-004,363341.422,6591822.247,198.588,197.838,2,2.25,0.930461,33.193004,71.462696,14.577065,0.438905
A185-001-23,23-H-004,363341.422,6591822.247,197.838,197.088,3,3.0,0.904809,33.244194,71.700747,14.015903,0.453423
A185-001-23,23-H-004,363341.422,6591822.247,197.088,196.338,4,3.75,0.947239,31.545524,70.747101,14.479376,0.405752
A185-001-23,23-H-004,363341.422,6591822.247,196.338,195.588,5,4.5,0.888572,31.712326,70.14251,13.407287,0.430872
A185-001-23,23-H-004,363341.422,6591822.247,195.588,194.838,6,5.25,0.86467,33.987337,70.521597,14.828116,0.47711
A185-001-23,23-H-004,363341.422,6591822.247,194.838,194.088,7,6.0,0.860169,34.247233,71.873273,15.261355,0.492532
A185-001-23,23-H-004,363341.422,6591822.247,194.088,193.338,8,6.75,0.847046,33.696683,69.451016,13.66978,0.475407
A185-001-23,23-H-004,363341.422,6591822.247,193.338,192.588,9,7.5,0.807144,35.844098,69.4568,15.492434,0.530776
A185-001-23,23-H-004,363341.422,6591822.247,192.588,191.838,10,8.25,0.842942,35.425514,69.225633,14.08494,0.500564
A185-001-23,23-H-004,363341.422,6591822.247,191.838,191.088,11,9.0,0.831105,34.294495,72.078217,15.092988,0.511821
A185-001-23,23-H-004,363341.422,6591822.247,191.088,190.338,12,9.75,0.837298,34.95526,70.037923,15.341269,0.503227
A185-001-23,23-H-004,363341.422,6591822.247,190.338,189.588,13,10.5,0.808395,35.880686,70.098528,15.076538,0.53533
A185-001-23,23-H-004,363341.422,6591822.247,189.588,188.838,14,11.25,0.795702,33.742781,69.666722,15.537568,0.508462
A185-001-23,23-H-004,363341.422,6591822.247,188.838,188.088,15,12.0,0.839758,35.418904,70.526663,16.06216,0.512011
A185-001-23,23-H-004,363341.422,6591822.247,188.088,187.338,16,12.75,0.8503,34.520463,71.809843,15.625916,0.501789
A185-001-23,23-H-004,363341.422,6591822.247,187.338,186.588,17,13.5,0.823906,34.011704,69.438542,16.191953,0.493483
A185-001-23,23-H-004,363341.422,6591822.247,186.588,185.838,18,14.25,0.821497,33.494304,69.760479,15.225566,0.489559
A185-001-23,23-H-004,363341.422,6591822.247,185.838,185.088,19,15.0,0.849337,33.590396,68.710276,14.451032,0.46771
A185-001-23,23-H-004,363341.422,6591822.247,185.088,185.075,20,15.013,0.842379,34.792935,69.892884,14.64787,0.496777
A185-001-23,23-H-005,363343.262,6591829.953,200.067,199.317,0,0.75,0.952032,30.180364,71.973186,13.126748,0.392823
A185-001-23,23-H-005,363343.262,6591829.953,199.317,198.567,1,1.5,0.956924,30.017136,72.6698,13.374466,0.392495
A185-001-23,23-H-005,363343.262,6591829.953,198.567,197.817,2,2.25,0.922018,31.99168,70.452509,14.862569,0.420967
A185-001-23,23-H-005,363343.262,6591829.953,197.817,197.067,3,3.0,0.878554,32.446809,70.151562,13.843856,0.445932
A185-001-23,23-H-005,363343.262,6591829.953,197.067,196.317,4,3.75,0.906959,33.285471,70.928757,14.802392,0.448149
A185-001-23,23-H-005,363343.262,6591829.953,196.317,195.567,5,4.5,0.920585,32.095276,70.525936,14.603205,0.423386
A185-001-23,23-H-005,363343.262,6591829.953,195.567,194.817,6,5.25,0.878123,30.725937,71.504667,13.085876,0.430603
A185-001-23,23-H-005,363343.262,6591829.953,194.817,194.067,7,6.0,0.897715,32.087099,70.499397,14.340047,0.433822
A185-001-23,23-H-005,363343.262,6591829.953,194.067,193.317,8,6.75,0.893682,31.642657,69.093638,14.601059,0.421257
A185-001-23,23-H-005,363343.262,6591829.953,193.317,192.567,9,7.5,0.889723,31.977504,70.87555,14.985149,0.438611
A185-001-23,23-H-005,363343.262,6591829.953,192.567,191.817,10,8.25,0.880612,33.472658,69.225293,14.631533,0.452965
A185-001-23,23-H-005,363343.262,6591829.953,191.817,191.067,11,9.0,0.865302,32.876667,69.916288,14.762448,0.45729
A185-001-23,23-H-005,363343.262,6591829.953,191.067,190.317,12,9.75,0.827197,34.424151,70.845253,14.872595,0.507343
A185-001-23,23-H-005,363343.262,6591829.953,190.317,189.567,13,10.5,0.886474,33.482605,70.923826,14.5453,0.461105
A185-001-23,23-H-005,363343.262,6591829.953,189.567,188.817,14,11.25,0.886675,34.655648,70.016346,16.203253,0.471209
A185-001-23,23-H-005,363343.262,6591829.953,188.817,188.067,15,12.0,0.889121,34.562785,71.366437,14.602369,0.477469
A185-001-23,23-H-005,363343.262,6591829.953,188.067,187.317,16,12.75,0.874286,32.645654,71.419901,15.442454,0.459151
A185-001-23,23-H-005,363343.262,6591829.953,187.317,186.567,17,13.5,0.87461,33.339618,70.784971,15.082314,0.464505
A185-001-23,23-H-005,363343.262,6591829.953,186.567,185.817,18,14.25,0.857988,32.331661,71.682811,14.225685,0.464907
A185-001-23,23-H-005,363343.262,6591829.953,185.817,185.067,19,15.0,0.846453,34.730649,71.931734,15.246158,0.50793
A185-001-23,23-H-005,363343.262,6591829.953,185.067,184.317,20,15.75,0.830733,32.98068,71.097971,14.444809,0.485751
A185-001-23,23-H-005,363343.262,6591829.953,184.317,183.579,21,16.488,0.834406,32.054894,71.278339,15.321126,0.471389
A185-001-23,23-H-006,363345.615,6591837.811,200.023,199.273,0,0.75,0.947313,31.018539,71.683993,13.679147,0.404135
A185-001-23,23-H-006,363345.615,6591837.811,199.273,198.523,1,1.5,0.901577,31.121288,71.952822,13.662032,0.427542
A185-001-23,23-H-006,363345.615,6591837.811,198.523,197.773,2,2.25,0.887791,31.539993,71.427498,13.34122,0.436735
A185-001-23,23-H-006,363345.615,6591837.811,197.773,197.023,3,3.0,0.882077,32.113306,71.484777,13.707341,0.447916
A185-001-23,23-H-006,363345.615,6591837.811,197.023,196.273,4,3.75,0.891949,31.92567,70.587222,14.498245,0.434985
A185-001-23,23-H-006,363345.615,6591837.811,196.273,195.523,5,4.5,0.882358,33.099023,70.219518,14.863261,0.453469
A185-001-23,23-H-006,363345.615,6591837.811,195.523,194.773,6,5.25,0.8891,33.451644,70.544409,15.031991,0.456936
A185-001-23,23-H-006,363345.615,6591837.811,194.773,194.023,7,6.0,0.85449,34.189479,69.846566,15.163758,0.481043
A185-001-23,23-H-006,363345.615,6591837.811,194.023,193.273,8,6.75,0.849956,35.697037,68.979167,15.893232,0.498684
A185-001-23,23-H-006,363345.615,6591837.811,193.273,192.523,9,7.5,0.826342,35.523547,70.365747,15.301359,0.520545
A185-001-23,23-H-006,363345.615,6591837.811,192.523,191.773,10,8.25,0.844732,35.483956,70.302696,14.951681,0.508191
A185-001-23,23-H-006,363345.615,6591837.811,191.773,191.023,11,9.0,0.844602,35.848687,70.432259,14.774739,0.514396
A185-001-23,23-H-006,363345.615,6591837.811,191.023,190.273,12,9.75,0.838418,35.001515,70.58544,15.104233,0.50711
A185-001-23,23-H-006,363345.615,6591837.811,190.273,189.523,13,10.5,0.845381,34.729259,70.949922,13.717226,0.50145
A185-001-23,23-H-006,363345.615,6591837.811,189.523,188.773,14,11.25,0.843154,36.251679,70.261352,15.414716,0.519867
A185-001-23,23-H-006,363345.615,6591837.811,188.773,188.023,15,12.0,0.81305,34.911356,69.544333,14.947588,0.513849
A185-001-23,23-H-006,363345.615,6591837.811,188.023,187.273,16,12.75,0.837273,33.534143,67.584098,15.188978,0.465988
A185-001-23,23-H-006,363345.615,6591837.811,187.273,186.523,17,13.5,0.856117,33.998039,69.698711,15.108332,0.47644
A185-001-23,23-H-006,363345.615,6591837.811,186.523,185.773,18,14.25,0.852351,33.882527,70.080329,15.444915,0.47956
A185-001-23,23-H-006,363345.615,6591837.811,185.773,185.023,19,15.0,0.811506,33.368387,70.802279,14.921573,0.501016
A185-001-23,23-H-006,363345.615,6591837.811,185.023,184.273,20,15.75,0.807332,34.402728,71.073189,15.730051,0.521229
A185-001-23,23-H-006,363345.615,6591837.811,184.273,183.523,21,16.5,0.82899,34.89648,69.9797,16.280409,0.507094
A185-001-23,23-H-006,363345.615,6591837.811,183.523,183.276,22,16.747,0.805333,37.573344,69.712339,15.940389,0.559637
A185-001-23,23-H-007,363347.587,6591846.075,199.951,199.201,0,0.75,0.880572,32.241594,69.601603,14.789772,0.438773
A185-001-23,23-H-007,363347.587,6591846.075,199.201,198.451,1,1.5,0.8572,33.051024,70.825715,14.596516,0.470026
A185-001-23,23-H-007,363347.587,6591846.075,198.451,197.701,2,2.25,0.834873,35.468081,69.727141,15.299382,0.509791
A185-001-23,23-H-007,363347.587,6591846.075,197.701,196.951,3,3.0,0.827695,34.239153,70.195204,15.775482,0.499822
A185-001-23,23-H-007,363347.587,6591846.075,196.951,196.201,4,3.75,0.823015,35.143949,69.894838,15.637406,0.513669
A185-001-23,23-H-007,363347.587,6591846.075,196.201,195.451,5,4.5,0.847155,33.958921,70.116422,16.208691,0.483914
A185-001-23,23-H-007,363347.587,6591846.075,195.451,194.701,6,5.25,0.807156,35.654289,68.995142,16.293507,0.524568
A185-001-23,23-H-007,363347.587,6591846.075,194.701,193.951,7,6.0,0.785856,34.134472,70.026294,16.308605,0.523534
A185-001-23,23-H-007,363347.587,6591846.075,193.951,193.201,8,6.75,0.79268,35.811972,70.5224,15.897338,0.548248
A185-001-23,23-H-007,363347.587,6591846.075,193.201,192.451,9,7.5,0.769525,36.285986,70.511279,16.442024,0.572111
A185-001-23,23-H-007,363347.587,6591846.075,192.451,191.701,10,8.25,0.78368,36.397291,69.106686,16.396709,0.55234
A185-001-23,23-H-007,363347.587,6591846.075,191.701,190.951,11,9.0,0.769685,35.054973,69.982202,15.671829,0.548431
A185-001-23,23-H-007,363347.587,6591846.075,190.951,190.201,12,9.75,0.784841,37.624139,68.565467,15.353057,0.565474
A185-001-23,23-H-007,363347.587,6591846.075,190.201,189.451,13,10.5,0.79829,36.40013,69.642122,15.45218,0.546382
A185-001-23,23-H-007,363347.587,6591846.075,189.451,188.701,14,11.25,0.78761,35.279378,68.983771,16.092647,0.531793
A185-001-23,23-H-007,363347.587,6591846.075,188.701,187.951,15,12.0,0.781382,38.06696,69.67132,16.202557,0.583972
A185-001-23,23-H-007,363347.587,6591846.075,187.951,187.201,16,12.75,0.762688,36.974836,69.773041,16.760987,0.582044
A185-001-23,23-H-007,363347.587,6591846.075,187.201,186.451,17,13.5,0.780214,36.280441,68.488085,15.842852,0.548011
A185-001-23,23-H-007,363347.587,6591846.075,186.451,185.701,18,14.25,0.78396,35.750701,69.629411,15.926566,0.546401
A185-001-23,23-H-007,363347.587,6591846.075,185.701,184.951,19,15.0,0.801017,36.438622,69.441767,16.140484,0.543622
A185-001-23,23-H-007,363347.587,6591846.075,184.951,184.201,20,15.75,0.779875,36.36305,69.483737,16.115326,0.557485
A185-001-23,23-H-007,363347.587,6591846.075,184.201,183.939,21,16.012,0.771024,37.994362,67.630616,15.591495,0.573349
A185-001-23,23-H-008,363349.351,6591853.19,199.922,199.172,0,0.75,0.880454,31.284201,70.662881,14.896632,0.432333
A185-001-23,23-H-008,363349.351,6591853.19,199.172,198.422,1,1.5,0.878759,33.563697,70.87912,13.747604,0.46587
A185-001-23,23-H-008,363349.351,6591853.19,198.422,197.672,2,2.25,0.862951,34.520669,69.543662,15.05337,0.47885
A185-001-23,23-H-008,363349.351,6591853.19,197.672,196.922,3,3.0,0.847891,35.197695,70.738574,14.640611,0.505299
A185-001-23,23-H-008,363349.351,6591853.19,196.922,196.172,4,3.75,0.878461,32.879005,69.743,15.832789,0.449517
A185-001-23,23-H-008,363349.351,6591853.19,196.172,195.422,5,4.5,0.859327,35.25083,70.350018,15.348556,0.496702
A185-001-23,23-H-008,363349.351,6591853.19,195.422,194.672,6,5.25,0.852675,34.588246,70.193157,15.654873,0.490134
A185-001-23,23-H-008,363349.351,6591853.19,194.672,193.922,7,6.0,0.819754,35.212187,69.733199,15.09954,0.515447
A185-001-23,23-H-008,363349.351,6591853.19,193.922,193.172,8,6.75,0.836713,34.301401,69.816212,14.965074,0.492589
A185-001-23,23-H-008,363349.351,6591853.19,193.172,192.422,9,7.5,0.80223,35.515539,69.054168,15.92282,0.526134
A185-001-23,23-H-008,363349.351,6591853.19,192.422,191.672,10,8.25,0.807114,37.407773,69.398192,14.818885,0.553321
A185-001-23,23-H-008,363349.351,6591853.19,191.672,190.922,11,9.0,0.810961,37.745987,69.617873,16.6115,0.557639
A185-001-23,23-H-008,363349.351,6591853.19,190.922,190.172,12,9.75,0.816665,35.963248,70.827693,15.403171,0.536688
A185-001-23,23-H-008,363349.351,6591853.19,190.172,189.422,13,10.5,0.809369,34.900965,68.867122,16.418624,0.511196
A185-001-23,23-H-008,363349.351,6591853.19,189.422,188.672,14,11.25,0.82537,37.218021,69.416569,14.907124,0.538539
A185-001-23,23-H-008,363349.351,6591853.19,188.672,187.922,15,12.0,0.791027,37.624641,70.353218,16.281975,0.575767
A185-001-23,23-H-008,363349.351,6591853.19,187.922,187.172,16,12.75,0.77168,37.324932,69.621585,16.381526,0.579411
A185-001-23,23-H-008,363349.351,6591853.19,187.172,186.422,17,13.5,0.786561,35.909303,67.706243,15.735338,0.531929
A185-001-23,23-H-008,363349.351,6591853.19,186.422,185.672,18,14.25,0.756375,34.284843,70.040752,16.470793,0.546382
A185-001-23,23-H-008,363349.351,6591853.19,185.672,184.922,19,15.0,0.793145,35.868923,69.531533,15.108237,0.541016
A185-001-23,23-H-008,363349.351,6591853.19,184.922,184.275,20,15.647,0.771807,35.328682,69.17366,16.687323,0.54496
A185-001-23,23-H-009,363347.225,6591816.766,199.964,199.214,0,0.75,0.997108,28.111942,71.321762,12.808735,0.346348
A185-001-23,23-H-009,363347.225,6591816.766,199.214,198.464,1,1.5,0.959082,28.007949,72.758082,12.70131,0.365872
A185-001-23,23-H-009,363347.225,6591816.766,198.464,197.714,2,2.25,0.949867,29.343476,70.783996,13.820694,0.376626
A185-001-23,23-H-009,363347.225,6591816.766,197.714,196.964,3,3.0,0.947034,29.685267,70.953927,13.429902,0.382994
A185-001-23,23-H-009,363347.225,6591816.766,196.964,196.214,4,3.75,0.93841,29.982572,70.628202,13.755161,0.388609
A185-001-23,23-H-009,363347.225,6591816.766,196.214,195.464,5,4.5,0.934332,29.771904,70.342737,13.805051,0.386013
A185-001-23,23-H-009,363347.225,6591816.766,195.464,194.714,6,5.25,0.902252,31.193065,71.586498,12.807997,0.425929
A185-001-23,23-H-009,363347.225,6591816.766,194.714,193.964,7,6.0,0.90036,30.130868,72.85,13.947708,0.419729
A185-001-23,23-H-009,363347.225,6591816.766,193.964,193.214,8,6.75,0.910303,33.80111,71.299584,14.227362,0.45569
A185-001-23,23-H-009,363347.225,6591816.766,193.214,192.464,9,7.5,0.896022,31.610572,70.404595,14.408653,0.427645
A185-001-23,23-H-009,363347.225,6591816.766,192.464,191.714,10,8.25,0.875658,32.605351,70.039572,13.532329,0.448826
A185-001-23,23-H-009,363347.225,6591816.766,191.714,190.964,11,9.0,0.869485,34.181965,70.288967,14.78422,0.475611
A185-001-23,23-H-009,363347.225,6591816.766,190.964,190.214,12,9.75,0.825305,33.83933,72.339391,14.25119,0.510323
A185-001-23,23-H-009,363347.225,6591816.766,190.214,189.464,13,10.5,0.887669,33.300805,70.741765,15.029296,0.456883
A185-001-23,23-H-009,363347.225,6591816.766,189.464,188.714,14,11.25,0.898677,30.853719,70.764358,14.950836,0.418403
A185-001-23,23-H-009,363347.225,6591816.766,188.714,187.964,15,12.0,0.896064,34.192714,71.450388,14.987795,0.469325
A185-001-23,23-H-009,363347.225,6591816.766,187.964,187.214,16,12.75,0.926814,29.988435,71.907158,15.109701,0.400787
A185-001-23,23-H-009,363347.225,6591816.766,187.214,186.464,17,13.5,0.904839,32.335587,71.701245,14.235289,0.441092
A185-001-23,23-H-009,363347.225,6591816.766,186.464,185.714,18,14.25,0.887928,30.788599,70.704263,13.960599,0.422078
A185-001-23,23-H-009,363347.225,6591816.766,185.714,184.964,19,15.0,0.875848,31.507642,70.984271,13.33196,0.439481
A185-001-23,23-H-009,363347.225,6591816.766,184.964,184.214,20,15.75,0.89999,31.856827,70.851455,14.059681,0.43174
A185-001-23,23-H-009,363347.225,6591816.766,184.214,183.708,21,16.256,0.88532,30.797036,72.249987,13.631484,0.432612
A185-001-23,23-H-010,363349.402,6591824.073,199.949,199.199,0,0.75,0.934996,30.274896,70.866593,13.757458,0.395132
A185-001-23,23-H-010,363349.402,6591824.073,199.199,198.449,1,1.5,0.94986,32.155262,71.517713,13.395696,0.416766
A185-001-23,23-H-010,363349.402,6591824.073,198.449,197.699,2,2.25,0.934102,29.953901,72.67817,13.862209,0.401306
A185-001-23,23-H-010,363349.402,6591824.073,197.699,196.949,3,3.0,0.924494,31.14505,71.66533,13.747201,0.415651
A185-001-23,23-H-010,363349.402,6591824.073,196.949,196.199,4,3.75,0.917398,31.127538,70.689261,14.034922,0.412975
A185-001-23,23-H-010,363349.402,6591824.073,196.199,195.449,5,4.5,0.945674,30.203621,71.722387,14.087545,0.3945
A185-001-23,23-H-010,363349.402,6591824.073,195.449,194.699,6,5.25,0.895583,31.616488,70.645511,14.14714,0.429359
A185-001-23,23-H-010,363349.402,6591824.073,194.699,193.949,7,6.0,0.909575,32.432818,70.696504,13.529077,0.433889
A185-001-23,23-H-010,363349.402,6591824.073,193.949,193.199,8,6.75,0.86955,33.459646,71.29441,14.37584,0.472149
A185-001-23,23-H-010,363349.402,6591824.073,193.199,192.449,9,7.5,0.868506,33.722642,71.277295,15.858168,0.476482
A185-001-23,23-H-010,363349.402,6591824.073,192.449,191.699,10,8.25,0.840385,34.098742,70.245077,15.165858,0.490565
A185-001-23,23-H-010,363349.402,6591824.073,191.699,190.949,11,9.0,0.888795,33.486294,70.670257,14.631961,0.458328
A185-001-23,23-H-010,363349.402,6591824.073,190.949,190.199,12,9.75,0.860884,33.928326,69.114075,14.450066,0.468814
A185-001-23,23-H-010,363349.402,6591824.073,190.199,189.449,13,10.5,0.881076,33.582022,70.3391,15.482973,0.461584
A185-001-23,23-H-010,363349.402,6591824.073,189.449,188.699,14,11.25,0.880405,32.141489,70.155854,14.991017,0.440992
A185-001-23,23-H-010,363349.402,6591824.073,188.699,187.949,15,12.0,0.890877,33.643841,70.864625,15.133444,0.460724
A185-001-23,23-H-010,363349.402,6591824.073,187.949,187.199,16,12.75,0.866991,34.36756,70.905023,14.119126,0.483661
A185-001-23,23-H-010,363349.402,6591824.073,187.199,186.449,17,13.5,0.871979,33.493355,70.947421,13.836635,0.46896
A185-001-23,23-H-010,363349.402,6591824.073,186.449,185.699,18,14.25,0.845094,32.423111,69.773572,14.079076,0.460726
A185-001-23,23-H-010,363349.402,6591824.073,185.699,184.949,19,15.0,0.877583,33.852625,70.959723,15.108964,0.471192
A185-001-23,23-H-010,363349.402,6591824.073,184.949,184.199,20,15.75,0.848237,34.389529,69.90645,15.38909,0.487844
A185-001-23,23-H-010,363349.402,6591824.073,184.199,184.132,21,15.817,0.790418,35.132422,70.566082,15.49602,0.539699
A185-001-23,23-H-011,363351.183,6591832.148,199.96,199.21,0,0.75,0.923526,30.925904,71.004188,13.847078,0.409385
A185-001-23,23-H-011,363351.183,6591832.148,199.21,198.46,1,1.5,0.880614,33.719001,71.317805,13.742573,0.469915
A185-001-23,23-H-011,363351.183,6591832.148,198.46,197.71,2,2.25,0.870046,35.115845,69.137713,15.035321,0.480305
A185-001-23,23-H-011,363351.183,6591832.148,197.71,196.96,3,3.0,0.870604,33.287244,70.655344,15.245919,0.465074
A185-001-23,23-H-011,363351.183,6591832.148,196.96,196.21,4,3.75,0.84534,32.818201,69.699091,15.733445,0.465889
A185-001-23,23-H-011,363351.183,6591832.148,196.21,195.46,5,4.5,0.882569,35.106899,70.903014,13.794266,0.485286
A185-001-23,23-H-011,363351.183,6591832.148,195.46,194.71,6,5.25,0.874496,32.280128,70.578502,14.591686,0.448494
A185-001-23,23-H-011,363351.183,6591832.148,194.71,193.96,7,6.0,0.841496,34.792683,70.010525,14.686586,0.498132
A185-001-23,23-H-011,363351.183,6591832.148,193.96,193.21,8,6.75,0.858986,33.317254,71.194075,16.00503,0.475438
A185-001-23,23-H-011,363351.183,6591832.148,193.21,192.46,9,7.5,0.838532,34.269854,71.245595,15.062066,0.501102
A185-001-23,23-H-011,363351.183,6591832.148,192.46,191.71,10,8.25,0.826712,35.476819,69.387855,14.235484,0.512306
A185-001-23,23-H-011,363351.183,6591832.148,191.71,190.96,11,9.0,0.816823,34.766434,70.201374,15.601768,0.514243
A185-001-23,23-H-011,363351.183,6591832.148,190.96,190.21,12,9.75,0.782207,36.993278,69.403282,16.254617,0.564793
A185-001-23,23-H-011,363351.183,6591832.148,190.21,189.46,13,10.5,0.796474,37.110374,69.447674,16.672684,0.556866
A185-001-23,23-H-011,363351.183,6591832.148,189.46,188.71,14,11.25,0.785774,39.150216,68.763459,16.122499,0.589423
A185-001-23,23-H-011,363351.183,6591832.148,188.71,187.96,15,12.0,0.807598,35.811829,69.964406,15.399372,0.533851
A185-001-23,23-H-011,363351.183,6591832.148,187.96,187.21,16,12.75,0.815806,37.161198,71.731048,16.31928,0.562252
A185-001-23,23-H-011,363351.183,6591832.148,187.21,186.46,17,13.5,0.84523,35.835153,70.352332,15.389911,0.513316
A185-001-23,23-H-011,363351.183,6591832.148,186.46,185.71,18,14.25,0.82035,34.535945,70.850264,15.082916,0.513279
A185-001-23,23-H-011,363351.183,6591832.148,185.71,184.96,19,15.0,0.8194,36.260576,69.594701,15.595696,0.529977
A185-001-23,23-H-011,363351.183,6591832.148,184.96,184.21,20,15.75,0.862262,34.726709,71.718813,15.050819,0.497101
A185-001-23,23-H-011,363351.183,6591832.148,184.21,183.813,21,16.147,0.807725,34.586402,70.265784,16.640097,0.51793
A185-001-23,23-H-012,363353.02,6591839.715,199.982,199.232,0,0.75,0.916462,32.6143,71.705698,14.3365,0.439298
A185-001-23,23-H-012,363353.02,6591839.715,199.232,198.482,1,1.5,0.880344,32.188822,70.863655,14.425401,0.446039
A185-001-23,23-H-012,363353.02,6591839.715,198.482,197.732,2,2.25,0.877144,35.095033,69.466198,13.626538,0.478235
A185-001-23,23-H-012,363353.02,6591839.715,197.732,196.982,3,3.0,0.861715,34.415781,71.001756,14.934231,0.488054
A185-001-23,23-H-012,363353.02,6591839.715,196.982,196.232,4,3.75,0.859391,33.333093,70.277094,15.328119,0.469259
A185-001-23,23-H-012,363353.02,6591839.715,196.232,195.482,5,4.5,0.864872,34.158477,70.365427,14.978076,0.478353
A185-001-23,23-H-012,363353.02,6591839.715,195.482,194.732,6,5.25,0.836139,33.518466,70.402965,17.156057,0.486015
A185-001-23,23-H-012,363353.02,6591839.715,194.732,193.982,7,6.0,0.812406,36.423232,69.804277,15.199265,0.538475
A185-001-23,23-H-012,363353.02,6591839.715,193.982,193.232,8,6.75,0.806735,37.215525,69.904562,15.875141,0.554879
A185-001-23,23-H-012,363353.02,6591839.715,193.232,192.482,9,7.5,0.829465,35.910911,70.217293,16.394517,0.523257
A185-001-23,23-H-012,363353.02,6591839.715,192.482,191.732,10,8.25,0.81207,36.489327,71.171204,16.188386,0.550324
A185-001-23,23-H-012,363353.02,6591839.715,191.732,190.982,11,9.0,0.818103,36.453325,69.411551,15.419829,0.532206
A185-001-23,23-H-012,363353.02,6591839.715,190.982,190.232,12,9.75,0.843647,37.689536,70.247252,15.134912,0.539955
A185-001-23,23-H-012,363353.02,6591839.715,190.232,189.482,13,10.5,0.839078,33.870168,69.706112,14.895544,0.484282
A185-001-23,23-H-012,363353.02,6591839.715,189.482,188.732,14,11.25,0.868786,35.041925,70.207037,13.94502,0.487254
A185-001-23,23-H-012,363353.02,6591839.715,188.732,187.982,15,12.0,0.814954,35.149665,70.12555,14.666624,0.520404
A185-001-23,23-H-012,363353.02,6591839.715,187.982,187.232,16,12.75,0.810747,35.722014,70.948488,15.261196,0.537873
A185-001-23,23-H-012,363353.02,6591839.715,187.232,186.482,17,13.5,0.84463,34.194239,70.146371,14.257298,0.488676
A185-001-23,23-H-012,363353.02,6591839.715,186.482,185.732,18,14.25,0.80633,34.866249,68.091825,14.613736,0.506639
A185-001-23,23-H-012,363353.02,6591839.715,185.732,184.982,19,15.0,0.812451,37.118237,70.017625,14.636213,0.550288
A185-001-23,23-H-012,363353.02,6591839.715,184.982,184.232,20,15.75,0.865807,34.879035,70.642041,14.274421,0.489705
A185-001-23,23-H-012,363353.02,6591839.715,184.232,183.605,21,16.377,0.792078,35.642581,70.056337,15.275961,0.542406
A185-001-23,23-H-013,363355.324,6591847.853,199.988,199.238,0,0.75,0.937012,31.347023,72.336667,14.166998,0.416672
A185-001-23,23-H-013,363355.324,6591847.853,199.238,198.488,1,1.5,0.903789,31.553904,71.338053,13.965592,0.428762
A185-001-23,23-H-013,363355.324,6591847.853,198.488,197.738,2,2.25,0.913799,32.255887,70.674417,14.396321,0.429516
A185-001-23,23-H-013,363355.324,6591847.853,197.738,196.988,3,3.0,0.901748,32.938349,68.674784,14.438632,0.431885
A185-001-23,23-H-013,363355.324,6591847.853,196.988,196.238,4,3.75,0.883076,32.690802,70.292381,14.82553,0.447994
A185-001-23,23-H-013,363355.324,6591847.853,196.238,195.488,5,4.5,0.886847,31.933983,71.157248,13.487341,0.440988
A185-001-23,23-H-013,363355.324,6591847.853,195.488,194.738,6,5.25,0.844767,33.661817,71.498454,14.906647,0.490333
A185-001-23,23-H-013,363355.324,6591847.853,194.738,193.988,7,6.0,0.853688,35.173118,71.209579,15.55446,0.50497
A185-001-23,23-H-013,363355.324,6591847.853,193.988,193.238,8,6.75,0.843854,35.623898,70.760481,15.268729,0.514069
A185-001-23,23-H-013,363355.324,6591847.853,193.238,192.488,9,7.5,0.830491,32.646658,69.354232,15.688729,0.469386
A185-001-23,23-H-013,363355.324,6591847.853,192.488,191.738,10,8.25,0.843343,35.544706,70.453695,15.820586,0.51109
A185-001-23,23-H-013,363355.324,6591847.853,191.738,190.988,11,9.0,0.822548,36.221955,69.808894,14.960016,0.528936
A185-001-23,23-H-013,363355.324,6591847.853,190.988,190.238,12,9.75,0.822529,35.28511,69.716531,15.691679,0.514724
A185-001-23,23-H-013,363355.324,6591847.853,190.238,189.488,13,10.5,0.801464,35.94134,69.982482,15.729353,0.54004
A185-001-23,23-H-013,363355.324,6591847.853,189.488,188.738,14,11.25,0.830336,35.72794,69.548459,16.162863,0.515095
A185-001-23,23-H-013,363355.324,6591847.853,188.738,187.988,15,12.0,0.830892,34.344469,70.339874,14.782682,0.500337
A185-001-23,23-H-013,363355.324,6591847.853,187.988,187.238,16,12.75,0.829744,35.083896,70.355968,14.641234,0.511875
A185-001-23,23-H-013,363355.324,6591847.853,187.238,186.488,17,13.5,0.808054,34.642177,70.118522,15.253695,0.517301
A185-001-23,23-H-013,363355.324,6591847.853,186.488,185.738,18,14.25,0.847762,32.788158,71.117841,15.493344,0.47352
A185-001-23,23-H-013,363355.324,6591847.853,185.738,185.008,19,14.98,0.837662,35.133283,69.471063,14.758288,0.501414
A185-001-23,23-H-014,363357.631,6591855.837,200.032,199.282,0,0.75,0.935241,31.570816,70.758208,13.846269,0.41125
A185-001-23,23-H-014,363357.631,6591855.837,199.282,198.532,1,1.5,0.895303,31.691505,71.117176,14.920073,0.433465
A185-001-23,23-H-014,363357.631,6591855.837,198.532,197.782,2,2.25,0.870196,32.894455,70.346595,14.178634,0.457692
A185-001-23,23-H-014,363357.631,6591855.837,197.782,197.032,3,3.0,0.881123,32.406851,69.810607,15.002014,0.442082
A185-001-23,23-H-014,363357.631,6591855.837,197.032,196.282,4,3.75,0.818312,34.171363,70.2339,15.129463,0.504733
A185-001-23,23-H-014,363357.631,6591855.837,196.282,195.532,5,4.5,0.848859,36.036671,69.142307,15.523108,0.505201
A185-001-23,23-H-014,363357.631,6591855.837,195.532,194.782,6,5.25,0.826709,34.967498,69.538703,15.894783,0.506273
A185-001-23,23-H-014,363357.631,6591855.837,194.782,194.032,7,6.0,0.817311,35.488215,70.584063,15.323996,0.527383
A185-001-23,23-H-014,363357.631,6591855.837,194.032,193.282,8,6.75,0.814304,37.469756,69.896268,14.708762,0.553274
A185-001-23,23-H-014,363357.631,6591855.837,193.282,192.532,9,7.5,0.803234,35.63239,70.386128,15.928637,0.537333
A185-001-23,23-H-014,363357.631,6591855.837,192.532,191.782,10,8.25,0.795889,34.934197,68.791681,15.982531,0.519693
A185-001-23,23-H-014,363357.631,6591855.837,191.782,191.032,11,9.0,0.797057,36.448656,71.027289,15.827679,0.558857
A185-001-23,23-H-014,363357.631,6591855.837,191.032,190.282,12,9.75,0.786757,35.565821,69.166114,15.395288,0.538003
A185-001-23,23-H-014,363357.631,6591855.837,190.282,189.532,13,10.5,0.817459,35.509595,70.166944,15.851135,0.524562
A185-001-23,23-H-014,363357.631,6591855.837,189.532,188.782,14,11.25,0.845276,35.471692,70.140358,15.536521,0.506593
A185-001-23,23-H-014,363357.631,6591855.837,188.782,188.032,15,12.0,0.840781,34.449524,69.576338,15.509695,0.490704
A185-001-23,23-H-014,363357.631,6591855.837,188.032,187.282,16,12.75,0.813628,36.251056,69.029408,15.023926,0.529195
A185-001-23,23-H-014,363357.631,6591855.837,187.282,186.532,17,13.5,0.826541,34.703901,69.908398,15.442213,0.50518
A185-001-23,23-H-014,363357.631,6591855.837,186.532,185.782,18,14.25,0.831971,35.709018,69.767771,15.622801,0.515363
A185-001-23,23-H-014,363357.631,6591855.837,185.782,185.032,19,15.0,0.833873,33.275371,69.803755,15.538947,0.479514
A185-001-23,23-H-014,363357.631,6591855.837,185.032,184.745,20,15.287,0.8333,34.875473,69.116323,15.917434,0.497939
A185-001-23,23-H-015,363359.501,6591862.907,200.03,199.28,0,0.75,0.914385,31.323505,70.334244,13.561427,0.414785
A185-001-23,23-H-015,363359.501,6591862.907,199.28,198.53,1,1.5,0.907741,31.682874,70.253584,13.383794,0.42208
A185-001-23,23-H-015,363359.501,6591862.907,198.53,197.78,2,2.25,0.873316,33.641828,71.821879,15.458713,0.476286
A185-001-23,23-H-015,363359.501,6591862.907,197.78,197.03,3,3.0,0.854438,35.230543,70.736262,15.597072,0.502008
A185-001-23,23-H-015,363359.501,6591862.907,197.03,196.28,4,3.75,0.841866,34.294711,70.363875,16.160592,0.49346
A185-001-23,23-H-015,363359.501,6591862.907,196.28,195.53,5,4.5,0.839588,34.696592,70.487722,14.503983,0.501246
A185-001-23,23-H-015,363359.501,6591862.907,195.53,194.78,6,5.25,0.840459,35.182906,70.000817,14.654471,0.504245
A185-001-23,23-H-015,363359.501,6591862.907,194.78,194.03,7,6.0,0.811964,35.017754,71.240369,15.379464,0.528692
A185-001-23,23-H-015,363359.501,6591862.907,194.03,193.28,8,6.75,0.83784,34.871167,70.074342,15.244639,0.501945
A185-001-23,23-H-015,363359.501,6591862.907,193.28,192.53,9,7.5,0.806997,34.792966,70.511116,15.688707,0.523178
A185-001-23,23-H-015,363359.501,6591862.907,192.53,191.78,10,8.25,0.798072,34.534119,69.939191,15.53732,0.520823
A185-001-23,23-H-015,363359.501,6591862.907,191.78,191.03,11,9.0,0.784444,34.778917,69.968612,16.099081,0.533873
A185-001-23,23-H-015,363359.501,6591862.907,191.03,190.28,12,9.75,0.826293,35.124824,69.399974,15.424812,0.507729
A185-001-23,23-H-015,363359.501,6591862.907,190.28,189.53,13,10.5,0.814909,34.865395,69.684675,16.361286,0.51321
A185-001-23,23-H-015,363359.501,6591862.907,189.53,188.78,14,11.25,0.84202,34.734406,69.040264,15.60147,0.490241
A185-001-23,23-H-015,363359.501,6591862.907,188.78,188.03,15,12.0,0.822569,34.856349,70.423833,15.012621,0.513524
A185-001-23,23-H-015,363359.501,6591862.907,188.03,187.28,16,12.75,0.810241,33.821582,70.083576,15.094212,0.503463
A185-001-23,23-H-015,363359.501,6591862.907,187.28,186.53,17,13.5,0.842496,34.24492,69.725803,15.258044,0.487823
A185-001-23,23-H-015,363359.501,6591862.907,186.53,186.371,18,13.659,0.816645,34.588677,70.609924,15.42093,0.51468
A185-001-23,23-H-016,363355.16,6591818.816,200.027,199.277,0,0.75,0.991735,28.319551,72.784124,13.570744,0.358029
A185-001-23,23-H-016,363355.16,6591818.816,199.277,198.527,1,1.5,0.952799,30.099403,71.283497,13.741189,0.387798
A185-001-23,23-H-016,363355.16,6591818.816,198.527,197.777,2,2.25,0.967678,29.8075,72.118124,13.485084,0.382551
A185-001-23,23-H-016,363355.16,6591818.816,197.777,197.027,3,3.0,0.973322,29.165361,72.145458,14.088393,0.372398
A185-001-23,23-H-016,363355.16,6591818.816,197.027,196.277,4,3.75,0.944165,29.560697,71.50808,13.8014,0.385568
A185-001-23,23-H-016,363355.16,6591818.816,196.277,195.527,5,4.5,0.921954,30.86768,70.443686,13.529893,0.406055
A185-001-23,23-H-016,363355.16,6591818.816,195.527,194.777,6,5.25,0.915416,31.09717,70.72074,14.106152,0.413655
A185-001-23,23-H-016,363355.16,6591818.816,194.777,194.027,7,6.0,0.900654,31.413049,70.415748,13.564825,0.422771
A185-001-23,23-H-016,363355.16,6591818.816,194.027,193.277,8,6.75,0.864697,33.756186,71.107233,14.486924,0.477741
A185-001-23,23-H-016,363355.16,6591818.816,193.277,192.527,9,7.5,0.867403,33.950931,69.520818,15.141168,0.468426
A185-001-23,23-H-016,363355.16,6591818.816,192.527,191.777,10,8.25,0.872289,33.804393,70.477343,15.164546,0.470169
A185-001-23,23-H-016,363355.16,6591818.816,191.777,191.027,11,9.0,0.820548,35.680373,69.470854,15.384901,0.519851
A185-001-23,23-H-016,363355.16,6591818.816,191.027,190.277,12,9.75,0.825955,34.59585,69.51334,15.987013,0.501197
A185-001-23,23-H-016,363355.16,6591818.816,190.277,189.527,13,10.5,0.794654,35.757803,70.085366,16.593182,0.542779
A185-001-23,23-H-016,363355.16,6591818.816,189.527,188.777,14,11.25,0.85765,33.851432,68.124337,14.233004,0.462788
A185-001-23,23-H-016,363355.16,6591818.816,188.777,188.027,15,12.0,0.858126,33.361924,69.427222,15.14552,0.464665
A185-001-23,23-H-016,363355.16,6591818.816,188.027,187.277,16,12.75,0.865366,33.462739,71.38679,14.821111,0.475133
A185-001-23,23-H-016,363355.16,6591818.816,187.277,186.527,17,13.5,0.877064,33.909224,70.368958,14.320841,0.468243
A185-001-23,23-H-016,363355.16,6591818.816,186.527,185.777,18,14.25,0.906862,32.458578,70.889365,14.200395,0.436792
A185-001-23,23-H-016,363355.16,6591818.816,185.777,185.027,19,15.0,0.887809,32.995492,71.211809,14.511351,0.455573
A185-001-23,23-H-016,363355.16,6591818.816,185.027,184.277,20,15.75,0.876198,32.444687,71.604514,14.191596,0.456365
A185-001-23,23-H-016,363355.16,6591818.816,184.277,183.527,21,16.5,0.886545,32.877814,71.485132,14.59218,0.456347
A185-001-23,23-H-016,363355.16,6591818.816,183.527,182.777,22,17.25,0.862578,34.009239,70.913108,15.885908,0.481345
A185-001-23,23-H-016,363355.16,6591818.816,182.777,182.027,23,18.0,0.860894,32.783468,70.944127,14.361898,0.464988
A185-001-23,23-H-016,363355.16,6591818.816,182.027,181.767,24,18.26,0.884707,34.521865,71.282717,14.558477,0.478711
A185-001-23,23-H-017,363357.232,6591826.903,200.015,199.265,0,0.75,0.899863,31.914578,72.170615,13.82669,0.440574
A185-001-23,23-H-017,363357.232,6591826.903,199.265,198.515,1,1.5,0.910655,31.717531,70.987523,14.565766,0.425719
A185-001-23,23-H-017,363357.232,6591826.903,198.515,197.765,2,2.25,0.874319,32.74192,70.431695,15.317646,0.454122
A185-001-23,23-H-017,363357.232,6591826.903,197.765,197.015,3,3.0,0.862116,33.189689,69.857281,15.007594,0.462966
A185-001-23,23-H-017,363357.232,6591826.903,197.015,196.265,4,3.75,0.892098,32.18301,71.295274,15.716158,0.442932
A185-001-23,23-H-017,363357.232,6591826.903,196.265,195.515,5,4.5,0.84679,32.42143,70.067295,14.111675,0.461715
A185-001-23,23-H-017,363357.232,6591826.903,195.515,194.765,6,5.25,0.914069,32.145673,71.361815,14.023535,0.432029
A185-001-23,23-H-017,363357.232,6591826.903,194.765,194.015,7,6.0,0.86718,32.635805,69.996936,14.168955,0.453422
A185-001-23,23-H-017,363357.232,6591826.903,194.015,193.265,8,6.75,0.838561,34.06413,69.99333,15.60087,0.489431
A185-001-23,23-H-017,363357.232,6591826.903,193.265,192.515,9,7.5,0.811622,35.190896,71.061699,15.30899,0.530182
A185-001-23,23-H-017,363357.232,6591826.903,192.515,191.765,10,8.25,0.767216,35.767525,69.991703,14.136797,0.561224
A185-001-23,23-H-017,363357.232,6591826.903,191.765,191.015,11,9.0,0.840065,35.809236,70.600209,14.894516,0.51784
A185-001-23,23-H-017,363357.232,6591826.903,191.015,190.265,12,9.75,0.822945,35.920086,68.568248,15.811617,0.515109
A185-001-23,23-H-017,363357.232,6591826.903,190.265,189.515,13,10.5,0.819621,34.510687,69.82183,15.58318,0.505995
A185-001-23,23-H-017,363357.232,6591826.903,189.515,188.765,14,11.25,0.864705,34.475526,70.630664,15.175673,0.484705
A185-001-23,23-H-017,363357.232,6591826.903,188.765,188.015,15,12.0,0.808859,36.130363,70.716109,16.249814,0.543606
A185-001-23,23-H-017,363357.232,6591826.903,188.015,187.265,16,12.75,0.902784,35.472292,69.427845,15.492287,0.469645
A185-001-23,23-H-017,363357.232,6591826.903,187.265,186.515,17,13.5,0.844173,33.479061,70.83074,15.212635,0.483519
A185-001-23,23-H-017,363357.232,6591826.903,186.515,185.765,18,14.25,0.828233,32.948556,70.148522,14.449662,0.480264
A185-001-23,23-H-017,363357.232,6591826.903,185.765,185.015,19,15.0,0.845625,35.67303,70.056195,15.969005,0.508692
A185-001-23,23-H-017,363357.232,6591826.903,185.015,184.265,20,15.75,0.824662,35.12983,69.511125,15.068765,0.509571
A185-001-23,23-H-017,363357.232,6591826.903,184.265,183.515,21,16.5,0.823143,35.459837,69.276321,16.043716,0.51367
A185-001-23,23-H-017,363357.232,6591826.903,183.515,183.427,22,16.588,0.816895,34.041934,69.771315,16.282262,0.500532
A185-001-23,23-H-018,363359.161,6591834.348,200.063,199.313,0,0.75,0.939897,29.809183,71.416999,14.170962,0.390103
A185-001-23,23-H-018,363359.161,6591834.348,199.313,198.563,1,1.5,0.953575,30.800403,71.946541,13.069833,0.40006
A185-001-23,23-H-018,363359.161,6591834.348,198.563,197.813,2,2.25,0.923917,31.172016,72.165137,13.896206,0.419178
A185-001-23,23-H-018,363359.161,6591834.348,197.813,197.063,3,3.0,0.915603,31.493131,70.362058,14.209831,0.416713
A185-001-23,23-H-018,363359.161,6591834.348,197.063,196.313,4,3.75,0.903819,31.603317,69.923878,14.210568,0.420967
A185-001-23,23-H-018,363359.161,6591834.348,196.313,195.563,5,4.5,0.894899,32.168933,70.758594,14.53591,0.437909
A185-001-23,23-H-018,363359.161,6591834.348,195.563,194.813,6,5.25,0.87988,32.451391,71.36535,13.972602,0.453017
A185-001-23,23-H-018,363359.161,6591834.348,194.813,194.063,7,6.0,0.892529,34.257007,70.389616,15.646393,0.465158
A185-001-23,23-H-018,363359.161,6591834.348,194.063,193.313,8,6.75,0.832126,35.589698,69.968157,15.312549,0.514985
A185-001-23,23-H-018,363359.161,6591834.348,193.313,192.563,9,7.5,0.84453,34.572619,70.993254,15.134067,0.500173
A185-001-23,23-H-018,363359.161,6591834.348,192.563,191.813,10,8.25,0.851396,35.771312,69.824204,14.875853,0.50484
A185-001-23,23-H-018,363359.161,6591834.348,191.813,191.063,11,9.0,0.813993,36.44497,69.006082,15.647974,0.531676
A185-001-23,23-H-018,363359.161,6591834.348,191.063,190.313,12,9.75,0.807204,35.243616,69.415453,15.307932,0.521545
A185-001-23,23-H-018,363359.161,6591834.348,190.313,189.563,13,10.5,0.803691,35.656245,69.61979,14.828596,0.531424
A185-001-23,23-H-018,363359.161,6591834.348,189.563,188.813,14,11.25,0.793237,34.062663,68.98309,15.302637,0.509791
A185-001-23,23-H-018,363359.161,6591834.348,188.813,188.063,15,12.0,0.813921,34.339264,69.873782,15.384015,0.507356
A185-001-23,23-H-018,363359.161,6591834.348,188.063,187.313,16,12.75,0.824119,35.281719,70.219679,14.230778,0.517201
A185-001-23,23-H-018,363359.161,6591834.348,187.313,186.563,17,13.5,0.83407,34.526473,69.672645,14.409293,0.496288
A185-001-23,23-H-018,363359.161,6591834.348,186.563,185.813,18,14.25,0.847035,33.674852,70.03943,15.502945,0.47934
A185-001-23,23-H-018,363359.161,6591834.348,185.813,185.063,19,15.0,0.828706,33.814187,69.225252,15.520761,0.486225
A185-001-23,23-H-018,363359.161,6591834.348,185.063,184.313,20,15.75,0.82865,35.594902,71.031418,15.820411,0.525105
A185-001-23,23-H-018,363359.161,6591834.348,184.313,183.988,21,16.075,0.814268,36.289588,68.574587,14.796282,0.525838
A185-001-23,23-H-019,363361.684,6591842.139,200.036,199.286,0,0.75,0.969818,30.686161,72.620036,14.088172,0.395711
A185-001-23,23-H-019,363361.684,6591842.139,199.286,198.536,1,1.5,0.920579,29.963422,70.893329,13.557772,0.397307
A185-001-23,23-H-019,363361.684,6591842.139,198.536,197.786,2,2.25,0.94393,30.590855,72.128758,15.186145,0.402663
A185-001-23,23-H-019,363361.684,6591842.139,197.786,197.036,3,3.0,0.90965,33.365249,70.026502,14.169996,0.442144
A185-001-23,23-H-019,363361.684,6591842.139,197.036,196.286,4,3.75,0.908505,33.070932,70.255549,13.454294,0.440152
A185-001-23,23-H-019,363361.684,6591842.139,196.286,195.536,5,4.5,0.860989,33.185413,70.45025,14.733228,0.467396
A185-001-23,23-H-019,363361.684,6591842.139,195.536,194.786,6,5.25,0.84582,32.74581,70.07358,14.529727,0.466943
A185-001-23,23-H-019,363361.684,6591842.139,194.786,194.036,7,6.0,0.873596,34.292466,71.007569,14.409819,0.479697
A185-001-23,23-H-019,363361.684,6591842.139,194.036,193.286,8,6.75,0.877783,32.573036,70.74156,14.075872,0.451835
A185-001-23,23-H-019,363361.684,6591842.139,193.286,192.536,9,7.5,0.860755,33.744412,69.731382,14.480329,0.470505
A185-001-23,23-H-019,363361.684,6591842.139,192.536,191.786,10,8.25,0.841972,35.9642,69.902913,15.805904,0.513902
A185-001-23,23-H-019,363361.684,6591842.139,191.786,191.036,11,9.0,0.835716,35.411905,70.295394,14.96573,0.512563
A185-001-23,23-H-019,363361.684,6591842.139,191.036,190.286,12,9.75,0.851034,34.317593,68.997629,15.597885,0.478974
A185-001-23,23-H-019,363361.684,6591842.139,190.286,189.536,13,10.5,0.859092,33.690757,70.049056,15.859535,0.472969
A185-001-23,23-H-019,363361.684,6591842.139,189.536,188.786,14,11.25,0.843663,32.970304,69.090721,15.389162,0.464847
A185-001-23,23-H-019,363361.684,6591842.139,188.786,188.036,15,12.0,0.873608,32.246963,69.695642,14.262133,0.44286
A185-001-23,23-H-019,363361.684,6591842.139,188.036,187.286,16,12.75,0.827893,33.396324,70.60624,15.346644,0.49024
A185-001-23,23-H-019,363361.684,6591842.139,187.286,186.536,17,13.5,0.863088,33.973302,69.852648,13.370614,0.473093
A185-001-23,23-H-019,363361.684,6591842.139,186.536,185.786,18,14.25,0.865115,35.420461,70.342046,15.651382,0.495737
A185-001-23,23-H-019,363361.684,6591842.139,185.786,185.036,19,15.0,0.80086,34.549721,70.632869,15.338939,0.524358
A185-001-23,23-H-019,363361.684,6591842.139,185.036,184.286,20,15.75,0.847197,34.388787,69.153348,14.762671,0.483112
A185-001-23,23-H-019,363361.684,6591842.139,184.286,184.273,21,15.763,0.848459,34.996863,70.72906,15.748823,0.502159
A185-001-23,23-H-020,363362.822,6591849.788,200.041,199.291,0,0.75,0.968315,28.682502,70.668546,13.974212,0.360631
A185-001-23,23-H-020,363362.822,6591849.788,199.291,198.541,1,1.5,0.892034,29.779182,71.812352,12.935215,0.412643
A185-001-23,23-H-020,363362.822,6591849.788,198.541,197.791,2,2.25,0.913673,31.681557,70.968666,14.846725,0.423762
A185-001-23,23-H-020,363362.822,6591849.788,197.791,197.041,3,3.0,0.937589,32.146501,69.816309,13.945624,0.412149
A185-001-23,23-H-020,363362.822,6591849.788,197.041,196.291,4,3.75,0.891636,31.99719,71.107349,13.475717,0.439185
A185-001-23,23-H-020,363362.822,6591849.788,196.291,195.541,5,4.5,0.872098,32.139669,69.920329,15.611314,0.443738
A185-001-23,23-H-020,363362.822,6591849.788,195.541,194.791,6,5.25,0.843773,33.914024,70.46947,15.354279,0.487536
A185-001-23,23-H-020,363362.822,6591849.788,194.791,194.041,7,6.0,0.850278,36.045324,71.223569,15.392022,0.519594
A185-001-23,23-H-020,363362.822,6591849.788,194.041,193.291,8,6.75,0.850562,33.999176,68.861296,15.396154,0.473851
A185-001-23,23-H-020,363362.822,6591849.788,193.291,192.541,9,7.5,0.809712,35.12344,70.182535,15.122972,0.523851
A185-001-23,23-H-020,363362.822,6591849.788,192.541,191.791,10,8.25,0.844158,33.75848,70.374044,15.72705,0.484478
A185-001-23,23-H-020,363362.822,6591849.788,191.791,191.041,11,9.0,0.852373,35.395803,70.143583,14.930824,0.501269
A185-001-23,23-H-020,363362.822,6591849.788,191.041,190.291,12,9.75,0.846507,36.117889,69.253062,14.670314,0.508444
A185-001-23,23-H-020,363362.822,6591849.788,190.291,189.541,13,10.5,0.816625,33.667223,71.986588,15.029746,0.510715
A185-001-23,23-H-020,363362.822,6591849.788,189.541,188.791,14,11.25,0.83157,35.09802,71.057008,15.056841,0.516083
A185-001-23,23-H-020,363362.822,6591849.788,188.791,188.041,15,12.0,0.845892,33.382126,70.652582,15.373398,0.479962
A185-001-23,23-H-020,363362.822,6591849.788,188.041,187.291,16,12.75,0.852161,34.327894,70.585658,15.023125,0.489386
A185-001-23,23-H-020,363362.822,6591849.788,187.291,186.541,17,13.5,0.849941,35.563052,69.966029,13.998104,0.503678
A185-001-23,23-H-020,363362.822,6591849.788,186.541,185.791,18,14.25,0.807175,34.3834,69.426724,14.76384,0.508895
A185-001-23,23-H-020,363362.822,6591849.788,185.791,185.041,19,15.0,0.818291,36.154063,70.077664,16.739717,0.532937
A185-001-23,23-H-020,363362.822,6591849.788,185.041,184.291,20,15.75,0.791079,35.512246,71.177731,15.572765,0.549777
A185-001-23,23-H-020,363362.822,6591849.788,184.291,183.956,21,16.085,0.855279,34.779296,69.958347,14.138046,0.489515
A185-001-23,23-H-021,363365.311,6591858.102,199.923,199.173,0,0.75,0.898739,31.273428,70.782435,13.652726,0.423991
A185-001-23,23-H-021,363365.311,6591858.102,199.173,198.423,1,1.5,0.916202,33.136928,70.523523,13.530191,0.439007
A185-001-23,23-H-021,363365.311,6591858.102,198.423,197.673,2,2.25,0.888251,34.380181,71.224648,14.935178,0.474519
A185-001-23,23-H-021,363365.311,6591858.102,197.673,196.923,3,3.0,0.908292,31.242451,70.054745,13.214148,0.41479
A185-001-23,23-H-021,363365.311,6591858.102,196.923,196.173,4,3.75,0.866111,33.992483,70.267954,15.621982,0.474781
A185-001-23,23-H-021,363365.311,6591858.102,196.173,195.423,5,4.5,0.891119,31.730553,70.926649,14.91569,0.434862
A185-001-23,23-H-021,363365.311,6591858.102,195.423,194.673,6,5.25,0.842822,33.310947,70.310176,14.04607,0.478199
A185-001-23,23-H-021,363365.311,6591858.102,194.673,193.923,7,6.0,0.834836,31.544559,70.546519,15.676632,0.458978
A185-001-23,23-H-021,363365.311,6591858.102,193.923,193.173,8,6.75,0.822753,34.700483,69.215851,15.75659,0.502477
A185-001-23,23-H-021,363365.311,6591858.102,193.173,192.423,9,7.5,0.82206,35.915113,70.229606,14.989726,0.527937
A185-001-23,23-H-021,363365.311,6591858.102,192.423,191.673,10,8.25,0.806689,34.550527,70.414368,15.545364,0.519015
A185-001-23,23-H-021,363365.311,6591858.102,191.673,190.923,11,9.0,0.823993,33.732284,70.615736,15.165152,0.497533
A185-001-23,23-H-021,363365.311,6591858.102,190.923,190.173,12,9.75,0.813365,36.368257,69.548554,15.869476,0.535155
A185-001-23,23-H-021,363365.311,6591858.102,190.173,189.423,13,10.5,0.806625,35.251556,69.953797,16.182988,0.526175
A185-001-23,23-H-021,363365.311,6591858.102,189.423,188.673,14,11.25,0.825748,34.529793,70.170209,15.546176,0.505025
A185-001-23,23-H-021,363365.311,6591858.102,188.673,187.923,15,12.0,0.809952,35.530972,68.312291,16.476319,0.515848
A185-001-23,23-H-021,363365.311,6591858.102,187.923,187.173,16,12.75,0.780948,35.443936,70.101915,16.380293,0.547543
A185-001-23,23-H-021,363365.311,6591858.102,187.173,186.423,17,13.5,0.778523,37.810654,70.293914,16.506523,0.587398
A185-001-23,23-H-021,363365.311,6591858.102,186.423,185.673,18,14.25,0.793159,35.967378,69.654368,15.857604,0.543533
A185-001-23,23-H-021,363365.311,6591858.102,185.673,184.923,19,15.0,0.79657,36.330613,69.680501,16.004156,0.546882
A185-001-23,23-H-021,363365.311,6591858.102,184.923,184.173,20,15.75,0.756149,36.589901,69.391882,15.390632,0.577641
A185-001-23,23-H-021,363365.311,6591858.102,184.173,183.423,21,16.5,0.787309,37.33503,68.98338,17.114924,0.563002
A185-001-23,23-H-021,363365.311,6591858.102,183.423,183.338,22,16.585,0.776541,36.807363,70.023303,16.639773,0.571136
A185-001-23,23-H-022,363367.22,6591865.083,199.944,199.194,0,0.75,0.918931,31.226731,71.853304,14.870568,0.420481
A185-001-23,23-H-022,363367.22,6591865.083,199.194,198.444,1,1.5,0.874226,31.299739,70.767448,14.342225,0.43619
A185-001-23,23-H-022,363367.22,6591865.083,198.444,197.694,2,2.25,0.878137,34.270666,70.73377,15.598555,0.475236
A185-001-23,23-H-022,363367.22,6591865.083,197.694,196.944,3,3.0,0.838988,34.457541,69.980842,15.114856,0.494663
A185-001-23,23-H-022,363367.22,6591865.083,196.944,196.194,4,3.75,0.846588,33.264142,71.693651,15.340779,0.484891
A185-001-23,23-H-022,363367.22,6591865.083,196.194,195.444,5,4.5,0.84581,36.088715,70.764613,15.922933,0.519662
A185-001-23,23-H-022,363367.22,6591865.083,195.444,194.694,6,5.25,0.831581,34.575254,69.586149,15.829824,0.498025
A185-001-23,23-H-022,363367.22,6591865.083,194.694,193.944,7,6.0,0.814336,35.675139,70.44811,15.310256,0.531058
A185-001-23,23-H-022,363367.22,6591865.083,193.944,193.194,8,6.75,0.797404,36.572185,70.040899,15.873627,0.55275
A185-001-23,23-H-022,363367.22,6591865.083,193.194,192.444,9,7.5,0.806685,36.976812,70.314376,16.72105,0.55469
A185-001-23,23-H-022,363367.22,6591865.083,192.444,191.694,10,8.25,0.809005,37.343257,69.79166,15.54848,0.554286
A185-001-23,23-H-022,363367.22,6591865.083,191.694,190.944,11,9.0,0.792053,36.922985,68.582642,16.438886,0.550203
A185-001-23,23-H-022,363367.22,6591865.083,190.944,190.194,12,9.75,0.794185,37.573552,69.80167,16.705801,0.568286
A185-001-23,23-H-022,363367.22,6591865.083,190.194,189.444,13,10.5,0.791944,38.46873,68.48852,15.039497,0.572278
A185-001-23,23-H-022,363367.22,6591865.083,189.444,188.694,14,11.25,0.799877,35.235411,69.781109,14.918382,0.528898
A185-001-23,23-H-022,363367.22,6591865.083,188.694,187.944,15,12.0,0.812633,35.571095,69.812517,15.521114,0.525876
A185-001-23,23-H-022,363367.22,6591865.083,187.944,187.194,16,12.75,0.831292,34.602161,68.991254,15.499054,0.494297
A185-001-23,23-H-022,363367.22,6591865.083,187.194,186.444,17,13.5,0.817556,34.47699,69.42363,15.934138,0.503938
A185-001-23,23-H-022,363367.22,6591865.083,186.444,185.694,18,14.25,0.816248,34.036477,70.510076,14.923564,0.505964
A185-001-23,23-H-022,363367.22,6591865.083,185.694,184.944,19,15.0,0.802971,33.860854,69.727449,15.108367,0.506019
A185-001-23,23-H-022,363367.22,6591865.083,184.944,184.325,20,15.619,0.778607,36.352864,69.940966,15.668958,0.56184
A185-001-23,23-H-023,363369.301,6591873.032,200.004,199.254,0,0.75,0.862336,32.927309,71.108553,13.562857,0.467221
A185-001-23,23-H-023,363369.301,6591873.032,199.254,198.504,1,1.5,0.885832,34.582071,69.969239,15.432862,0.47025
A185-001-23,23-H-023,363369.301,6591873.032,198.504,197.754,2,2.25,0.857957,33.16755,71.650542,14.812144,0.476756
A185-001-23,23-H-023,363369.301,6591873.032,197.754,197.004,3,3.0,0.831299,33.798014,69.588669,15.481923,0.487012
A185-001-23,23-H-023,363369.301,6591873.032,197.004,196.254,4,3.75,0.870105,32.689225,69.044275,14.528408,0.446547
A185-001-23,23-H-023,363369.301,6591873.032,196.254,195.504,5,4.5,0.79324,35.664855,69.285954,15.325522,0.536017
A185-001-23,23-H-023,363369.301,6591873.032,195.504,194.754,6,5.25,0.835566,35.369743,69.532539,14.915088,0.506503
A185-001-23,23-H-023,363369.301,6591873.032,194.754,194.004,7,6.0,0.809088,35.77077,68.357639,16.296884,0.520191
A185-001-23,23-H-023,363369.301,6591873.032,194.004,193.254,8,6.75,0.798262,33.878747,70.551473,15.736954,0.515334
A185-001-23,23-H-023,363369.301,6591873.032,193.254,192.504,9,7.5,0.804235,37.532767,69.446622,15.318223,0.557594
A185-001-23,23-H-023,363369.301,6591873.032,192.504,191.754,10,8.25,0.758438,36.102394,68.391958,15.514508,0.560108
A185-001-23,23-H-023,363369.301,6591873.032,191.754,191.004,11,9.0,0.79408,35.661958,69.060308,15.721832,0.53372
A185-001-23,23-H-023,363369.301,6591873.032,191.004,190.254,12,9.75,0.787068,37.974007,68.856828,16.357067,0.571637
A185-001-23,23-H-023,363369.301,6591873.032,190.254,189.504,13,10.5,0.806487,36.671023,67.092576,16.498486,0.525107
A185-001-23,23-H-023,363369.301,6591873.032,189.504,188.754,14,11.25,0.813028,37.376058,70.398068,16.662053,0.556951
A185-001-23,23-H-023,363369.301,6591873.032,188.754,188.004,15,12.0,0.793168,35.36462,69.002416,15.731525,0.52945
A185-001-23,23-H-023,363369.301,6591873.032,188.004,187.254,16,12.75,0.794764,35.995338,69.657679,15.855034,0.542885
A185-001-23,23-H-023,363369.301,6591873.032,187.254,186.504,17,13.5,0.815733,36.961187,68.690212,16.262156,0.535654
A185-001-23,23-H-023,363369.301,6591873.032,186.504,185.754,18,14.25,0.794437,34.557552,69.073929,15.797385,0.517129
A185-001-23,23-H-023,363369.301,6591873.032,185.754,185.004,19,15.0,0.816047,36.687398,69.111908,15.777118,0.534689
A185-001-23,23-H-023,363369.301,6591873.032,185.004,184.254,20,15.75,0.756028,37.476276,70.683316,15.802374,0.60271
A185-001-23,23-H-023,363369.301,6591873.032,184.254,183.504,21,16.5,0.804086,37.247559,69.125681,15.720838,0.550972
A185-001-23,23-H-023,363369.301,6591873.032,183.504,183.452,22,16.552,0.751075,36.344182,68.326701,17.102568,0.569007
A185-001-23,23-H-024,363365.152,6591828.574,200.03,199.28,0,0.75,0.963396,30.836509,71.687463,12.431711,0.394961
A185-001-23,23-H-024,363365.152,6591828.574,199.28,198.53,1,1.5,0.932874,30.828847,71.618555,14.573128,0.407603
A185-001-23,23-H-024,363365.152,6591828.574,198.53,197.78,2,2.25,0.910529,32.215581,71.676636,13.772419,0.43652
A185-001-23,23-H-024,363365.152,6591828.574,197.78,197.03,3,3.0,0.880399,32.494564,69.946055,14.002143,0.444372
A185-001-23,23-H-024,363365.152,6591828.574,197.03,196.28,4,3.75,0.932001,31.5577,69.821902,13.296776,0.407
A185-001-23,23-H-024,363365.152,6591828.574,196.28,195.53,5,4.5,0.88296,33.133174,70.421343,14.153248,0.454839
A185-001-23,23-H-024,363365.152,6591828.574,195.53,194.78,6,5.25,0.882923,32.774905,70.817081,14.680221,0.452542
A185-001-23,23-H-024,363365.152,6591828.574,194.78,194.03,7,6.0,0.881657,33.31334,71.521228,14.664861,0.465165
A185-001-23,23-H-024,363365.152,6591828.574,194.03,193.28,8,6.75,0.868857,32.990421,69.433872,14.479188,0.453821
A185-001-23,23-H-024,363365.152,6591828.574,193.28,192.53,9,7.5,0.856299,32.423262,69.415907,15.271369,0.452544
A185-001-23,23-H-024,363365.152,6591828.574,192.53,191.78,10,8.25,0.846771,35.292732,68.426242,15.875996,0.490951
A185-001-23,23-H-024,363365.152,6591828.574,191.78,191.03,11,9.0,0.820756,34.354462,69.408595,16.176389,0.500125
A185-001-23,23-H-024,363365.152,6591828.574,191.03,190.28,12,9.75,0.852054,34.668597,71.167835,15.506096,0.498407
A185-001-23,23-H-024,363365.152,6591828.574,190.28,189.53,13,10.5,0.84309,34.462378,69.546872,15.348008,0.489321
A185-001-23,23-H-024,363365.152,6591828.574,189.53,188.78,14,11.25,0.806384,35.941321,70.152536,15.8548,0.538071
A185-001-23,23-H-024,363365.152,6591828.574,188.78,188.03,15,12.0,0.814448,35.240319,71.490242,14.485744,0.532168
A185-001-23,23-H-024,363365.152,6591828.574,188.03,187.28,16,12.75,0.850879,33.380372,71.190879,15.306745,0.480748
A185-001-23,23-H-024,363365.152,6591828.574,187.28,186.53,17,13.5,0.807189,34.27802,70.899862,15.413927,0.518138
A185-001-23,23-H-024,363365.152,6591828.574,186.53,185.78,18,14.25,0.858472,34.620191,69.954658,15.063233,0.485564
A185-001-23,23-H-024,363365.152,6591828.574,185.78,185.03,19,15.0,0.837086,34.411722,70.470059,14.467761,0.498496
A185-001-23,23-H-024,363365.152,6591828.574,185.03,184.28,20,15.75,0.883627,33.605032,71.613089,14.581059,0.468769
A185-001-23,23-H-024,363365.152,6591828.574,184.28,183.823,21,16.207,0.866541,32.592976,70.49476,15.20506,0.456499
A185-001-23,23-H-025,363368.107,6591835.732,199.968,199.218,0,0.75,0.971633,29.553339,70.848476,12.496586,0.371024
A185-001-23,23-H-025,363368.107,6591835.732,199.218,198.468,1,1.5,0.949471,29.5089,72.344646,13.393446,0.387163
A185-001-23,23-H-025,363368.107,6591835.732,198.468,197.718,2,2.25,0.896304,33.006025,71.417165,13.851865,0.452632
A185-001-23,23-H-025,363368.107,6591835.732,197.718,196.968,3,3.0,0.909611,33.250175,71.72301,14.623962,0.451332
A185-001-23,23-H-025,363368.107,6591835.732,196.968,196.218,4,3.75,0.899434,33.627459,71.509229,14.372653,0.460177
A185-001-23,23-H-025,363368.107,6591835.732,196.218,195.468,5,4.5,0.871779,31.681919,69.515591,13.329992,0.434805
A185-001-23,23-H-025,363368.107,6591835.732,195.468,194.718,6,5.25,0.867477,33.69182,70.021601,14.585279,0.468093
A185-001-23,23-H-025,363368.107,6591835.732,194.718,193.968,7,6.0,0.843433,33.869079,70.708475,14.574784,0.488639
A185-001-23,23-H-025,363368.107,6591835.732,193.968,193.218,8,6.75,0.812242,32.897776,70.010594,15.24382,0.488071
A185-001-23,23-H-025,363368.107,6591835.732,193.218,192.468,9,7.5,0.855903,34.293943,68.881447,14.248761,0.474972
A185-001-23,23-H-025,363368.107,6591835.732,192.468,191.718,10,8.25,0.854187,35.114725,70.084896,15.529451,0.49591
A185-001-23,23-H-025,363368.107,6591835.732,191.718,190.968,11,9.0,0.824633,33.1741,70.65583,15.029036,0.489212
A185-001-23,23-H-025,363368.107,6591835.732,190.968,190.218,12,9.75,0.871724,32.579254,70.056371,14.40593,0.450699
A185-001-23,23-H-025,363368.107,6591835.732,190.218,189.468,13,10.5,0.8439,32.957293,71.074374,15.153666,0.47779
A185-001-23,23-H-025,363368.107,6591835.732,189.468,188.718,14,11.25,0.870433,33.738397,70.617094,15.003452,0.471161
A185-001-23,23-H-025,363368.107,6591835.732,188.718,187.968,15,12.0,0.933234,33.476882,71.136348,13.475173,0.439192
A185-001-23,23-H-025,363368.107,6591835.732,187.968,187.218,16,12.75,0.897026,31.52217,70.885475,15.238401,0.428976
A185-001-23,23-H-025,363368.107,6591835.732,187.218,186.468,17,13.5,0.892412,32.524967,71.928577,14.355971,0.451255
A185-001-23,23-H-025,363368.107,6591835.732,186.468,185.718,18,14.25,0.868047,33.699429,70.431521,14.906207,0.47066
A185-001-23,23-H-025,363368.107,6591835.732,185.718,184.968,19,15.0,0.900653,33.124152,71.055952,14.391255,0.449848
A185-001-23,23-H-025,363368.107,6591835.732,184.968,184.458,20,15.51,0.849971,32.815037,70.868317,15.015327,0.47097
A185-001-23,23-H-026,363369.054,6591844.003,200.016,199.266,0,0.75,0.922295,30.410397,69.750374,14.255914,0.396085
A185-001-23,23-H-026,363369.054,6591844.003,199.266,198.516,1,1.5,0.885466,31.551104,71.743706,14.12482,0.440058
A185-001-23,23-H-026,363369.054,6591844.003,198.516,197.766,2,2.25,0.916798,32.295026,70.835717,14.817343,0.429659
A185-001-23,23-H-026,363369.054,6591844.003,197.766,197.016,3,3.0,0.876417,34.58641,68.983898,14.257906,0.468531
A185-001-23,23-H-026,363369.054,6591844.003,197.016,196.266,4,3.75,0.881314,34.160744,70.29893,15.21738,0.46908
A185-001-23,23-H-026,363369.054,6591844.003,196.266,195.516,5,4.5,0.851967,34.521722,69.570754,15.155921,0.485215
A185-001-23,23-H-026,363369.054,6591844.003,195.516,194.766,6,5.25,0.845132,34.753075,69.740624,14.679782,0.49353
A185-001-23,23-H-026,363369.054,6591844.003,194.766,194.016,7,6.0,0.843939,34.698689,70.646491,15.140254,0.499897
A185-001-23,23-H-026,363369.054,6591844.003,194.016,193.266,8,6.75,0.852292,33.505716,69.097299,14.946156,0.467593
A185-001-23,23-H-026,363369.054,6591844.003,193.266,192.516,9,7.5,0.818705,35.111103,70.525957,15.688578,0.52053
A185-001-23,23-H-026,363369.054,6591844.003,192.516,191.766,10,8.25,0.809309,35.219068,69.329917,15.108888,0.51917
A185-001-23,23-H-026,363369.054,6591844.003,191.766,191.016,11,9.0,0.816533,36.685454,71.185265,15.807706,0.55032
A185-001-23,23-H-026,363369.054,6591844.003,191.016,190.266,12,9.75,0.784055,36.125819,69.535698,14.871762,0.551178
A185-001-23,23-H-026,363369.054,6591844.003,190.266,189.516,13,10.5,0.82717,35.638367,69.530044,14.862665,0.515473
A185-001-23,23-H-026,363369.054,6591844.003,189.516,188.766,14,11.25,0.830856,34.385488,69.229645,14.972181,0.493098
A185-001-23,23-H-026,363369.054,6591844.003,188.766,188.016,15,12.0,0.811196,34.478596,70.009315,14.676529,0.512014
A185-001-23,23-H-026,363369.054,6591844.003,188.016,187.266,16,12.75,0.828284,34.323597,68.815104,15.003394,0.490795
A185-001-23,23-H-026,363369.054,6591844.003,187.266,186.516,17,13.5,0.828277,36.078662,69.765444,15.502334,0.52296
A185-001-23,23-H-026,363369.054,6591844.003,186.516,185.766,18,14.25,0.797211,36.176558,69.691328,16.061267,0.544226
A185-001-23,23-H-026,363369.054,6591844.003,185.766,185.016,19,15.0,0.801246,36.354645,70.63359,14.965566,0.551349
A185-001-23,23-H-026,363369.054,6591844.003,185.016,184.266,20,15.75,0.82752,34.110598,68.552473,16.054169,0.48648
A185-001-23,23-H-026,363369.054,6591844.003,184.266,183.516,21,16.5,0.814065,35.086163,69.570935,14.393585,0.515901
A185-001-23,23-H-026,363369.054,6591844.003,183.516,183.208,22,16.808,0.799598,36.283184,71.725741,15.241134,0.559931
A185-001-23,23-H-027,363371.09,6591851.845,199.947,199.197,0,0.75,0.903542,30.356257,69.980312,14.70014,0.404932
A185-001-23,23-H-027,363371.09,6591851.845,199.197,198.447,1,1.5,0.876207,33.613551,70.34415,14.416392,0.464476
A185-001-23,23-H-027,363371.09,6591851.845,198.447,197.697,2,2.25,0.893144,33.304789,70.913587,14.314984,0.45516
A185-001-23,23-H-027,363371.09,6591851.845,197.697,196.947,3,3.0,0.876224,32.251246,70.899447,14.283767,0.449202
A185-001-23,23-H-027,363371.09,6591851.845,196.947,196.197,4,3.75,0.874932,33.517164,71.08232,14.492595,0.46868
A185-001-23,23-H-027,363371.09,6591851.845,196.197,195.447,5,4.5,0.87981,33.239714,68.961803,14.393916,0.448498
A185-001-23,23-H-027,363371.09,6591851.845,195.447,194.697,6,5.25,0.852672,34.674879,69.098734,14.982512,0.483646
A185-001-23,23-H-027,363371.09,6591851.845,194.697,193.947,7,6.0,0.851068,34.844987,69.496169,14.70913,0.489679
A185-001-23,23-H-027,363371.09,6591851.845,193.947,193.197,8,6.75,0.833978,34.27771,69.8262,16.358243,0.494097
A185-001-23,23-H-027,363371.09,6591851.845,193.197,192.447,9,7.5,0.803422,36.085011,69.146709,14.693213,0.534312
A185-001-23,23-H-027,363371.09,6591851.845,192.447,191.697,10,8.25,0.812469,35.646634,68.73473,15.475397,0.51898
A185-001-23,23-H-027,363371.09,6591851.845,191.697,190.947,11,9.0,0.802947,36.140472,70.634862,15.583586,0.547039
A185-001-23,23-H-027,363371.09,6591851.845,190.947,190.197,12,9.75,0.789471,36.50121,70.720686,15.917299,0.5626
A185-001-23,23-H-027,363371.09,6591851.845,190.197,189.447,13,10.5,0.793647,37.110609,69.985663,15.807984,0.563055
A185-001-23,23-H-027,363371.09,6591851.845,189.447,188.697,14,11.25,0.810978,35.990556,70.37105,16.209023,0.53747
A185-001-23,23-H-027,363371.09,6591851.845,188.697,187.947,15,12.0,0.814642,34.050743,68.8352,16.099973,0.495308
A185-001-23,23-H-027,363371.09,6591851.845,187.947,187.197,16,12.75,0.805995,36.88393,69.523877,15.222408,0.547388
A185-001-23,23-H-027,363371.09,6591851.845,187.197,186.447,17,13.5,0.811947,35.241141,67.593172,15.568406,0.504942
A185-001-23,23-H-027,363371.09,6591851.845,186.447,185.697,18,14.25,0.775771,35.176215,69.657672,15.826744,0.543514
A185-001-23,23-H-027,363371.09,6591851.845,185.697,184.947,19,15.0,0.797591,36.531835,69.851774,14.977738,0.55042
A185-001-23,23-H-027,363371.09,6591851.845,184.947,184.197,20,15.75,0.859624,35.895905,71.260503,15.700969,0.512144
A185-001-23,23-H-027,363371.09,6591851.845,184.197,183.447,21,16.5,0.83831,35.179893,70.422553,15.067254,0.508575
A185-001-23,23-H-027,363371.09,6591851.845,183.447,182.697,22,17.25,0.811556,35.150445,69.77317,15.597842,0.520083
A185-001-23,23-H-027,363371.09,6591851.845,182.697,182.346,23,17.601,0.804124,36.088962,69.673982,16.481242,0.53818
A185-001-23,23-H-028,363373.231,6591859.317,199.975,199.225,0,0.75,0.925775,31.630089,70.110708,14.352884,0.412483
A185-001-23,23-H-028,363373.231,6591859.317,199.225,198.475,1,1.5,0.919866,32.760045,71.333017,14.226928,0.437338
A185-001-23,23-H-028,363373.231,6591859.317,198.475,197.725,2,2.25,0.894689,32.220849,72.28124,14.619574,0.448128
A185-001-23,23-H-028,363373.231,6591859.317,197.725,196.975,3,3.0,0.864019,32.77811,69.994899,13.63556,0.456974
A185-001-23,23-H-028,363373.231,6591859.317,196.975,196.225,4,3.75,0.869009,33.85131,69.942434,15.679433,0.469079
A185-001-23,23-H-028,363373.231,6591859.317,196.225,195.475,5,4.5,0.85775,34.049486,71.024547,14.916704,0.485255
A185-001-23,23-H-028,363373.231,6591859.317,195.475,194.725,6,5.25,0.834944,33.428121,70.219663,15.191566,0.483905
A185-001-23,23-H-028,363373.231,6591859.317,194.725,193.975,7,6.0,0.824066,36.628193,70.236785,15.308532,0.537169
A185-001-23,23-H-028,363373.231,6591859.317,193.975,193.225,8,6.75,0.841562,34.958971,70.944741,15.811714,0.507256
A185-001-23,23-H-028,363373.231,6591859.317,193.225,192.475,9,7.5,0.815514,35.106429,69.558189,16.035157,0.515389
A185-001-23,23-H-028,363373.231,6591859.317,192.475,191.725,10,8.25,0.804141,37.90519,69.664713,16.139704,0.565035
A185-001-23,23-H-028,363373.231,6591859.317,191.725,190.975,11,9.0,0.801092,35.016931,68.411128,15.848101,0.514679
A185-001-23,23-H-028,363373.231,6591859.317,190.975,190.225,12,9.75,0.794535,36.594661,69.8374,16.193168,0.553511
A185-001-23,23-H-028,363373.231,6591859.317,190.225,189.475,13,10.5,0.828259,37.659399,70.409248,15.406057,0.550811
A185-001-23,23-H-028,363373.231,6591859.317,189.475,188.725,14,11.25,0.806296,36.873051,69.126036,16.681707,0.544081
A185-001-23,23-H-028,363373.231,6591859.317,188.725,187.975,15,12.0,0.844006,35.691215,69.083369,14.261057,0.502661
A185-001-23,23-H-028,363373.231,6591859.317,187.975,187.225,16,12.75,0.82545,34.347937,69.792379,14.404307,0.499722
A185-001-23,23-H-028,363373.231,6591859.317,187.225,186.475,17,13.5,0.802511,34.741175,69.51893,14.437164,0.517794
A185-001-23,23-H-028,363373.231,6591859.317,186.475,185.725,18,14.25,0.827774,34.725281,69.322842,15.151978,0.500493
A185-001-23,23-H-028,363373.231,6591859.317,185.725,184.975,19,15.0,0.836295,36.85857,71.298705,15.355968,0.54069
A185-001-23,23-H-028,363373.231,6591859.317,184.975,184.225,20,15.75,0.837298,35.299118,69.885649,15.315746,0.507055
A185-001-23,23-H-028,363373.231,6591859.317,184.225,183.475,21,16.5,0.810679,35.342749,69.759594,16.004185,0.52343
A185-001-23,23-H-028,363373.231,6591859.317,183.475,182.725,22,17.25,0.797044,36.244044,70.301435,15.166635,0.55
A185-001-23,23-H-028,363373.231,6591859.317,182.725,181.975,23,18.0,0.801042,35.571013,68.670458,15.392375,0.524745
A185-001-23,23-H-028,363373.231,6591859.317,181.975,181.398,24,18.577,0.783517,35.86485,70.263087,16.106208,0.553443
A185-001-23,23-H-029,363375.249,6591867.598,200.058,199.308,0,0.75,0.900873,34.974865,69.821593,15.27952,0.46666
A185-001-23,23-H-029,363375.249,6591867.598,199.308,198.558,1,1.5,0.871535,33.569317,70.840584,14.607229,0.469646
A185-001-23,23-H-029,363375.249,6591867.598,198.558,197.808,2,2.25,0.888781,33.979633,69.765157,15.238365,0.459202
A185-001-23,23-H-029,363375.249,6591867.598,197.808,197.058,3,3.0,0.859078,34.903458,69.429569,15.484995,0.485571
A185-001-23,23-H-029,363375.249,6591867.598,197.058,196.308,4,3.75,0.840831,34.424606,70.783865,16.477555,0.498916
A185-001-23,23-H-029,363375.249,6591867.598,196.308,195.558,5,4.5,0.833315,34.552134,70.408943,15.717953,0.502498
A185-001-23,23-H-029,363375.249,6591867.598,195.558,194.808,6,5.25,0.799401,36.953704,70.702067,16.391367,0.56241
A185-001-23,23-H-029,363375.249,6591867.598,194.808,194.058,7,6.0,0.801843,37.1403,69.815313,16.995325,0.556555
A185-001-23,23-H-029,363375.249,6591867.598,194.058,193.308,8,6.75,0.774338,39.158142,68.12816,16.060345,0.592703
A185-001-23,23-H-029,363375.249,6591867.598,193.308,192.558,9,7.5,0.763684,37.621688,69.129873,16.391485,0.585944
A185-001-23,23-H-029,363375.249,6591867.598,192.558,191.808,10,8.25,0.787168,37.849583,69.614171,16.488616,0.575958
A185-001-23,23-H-029,363375.249,6591867.598,191.808,191.058,11,9.0,0.784516,36.412495,69.167008,15.955572,0.55241
A185-001-23,23-H-029,363375.249,6591867.598,191.058,190.308,12,9.75,0.764434,37.63921,68.865074,16.797811,0.583456
A185-001-23,23-H-029,363375.249,6591867.598,190.308,189.558,13,10.5,0.816831,38.444962,69.568531,15.248631,0.563298
A185-001-23,23-H-029,363375.249,6591867.598,189.558,188.808,14,11.25,0.833652,37.229192,69.339056,16.033944,0.53291
A185-001-23,23-H-029,363375.249,6591867.598,188.808,188.058,15,12.0,0.791521,36.193223,70.138281,15.970649,0.55187
A185-001-23,23-H-029,363375.249,6591867.598,188.058,187.308,16,12.75,0.85121,35.927673,69.039123,15.844783,0.501585
A185-001-23,23-H-029,363375.249,6591867.598,187.308,186.558,17,13.5,0.785699,36.667182,67.457965,15.885136,0.54174
A185-001-23,23-H-029,363375.249,6591867.598,186.558,185.808,18,14.25,0.793439,36.807207,68.932895,15.519766,0.550204
A185-001-23,23-H-029,363375.249,6591867.598,185.808,185.058,19,15.0,0.802638,36.539352,70.51725,16.38772,0.552448
A185-001-23,23-H-029,363375.249,6591867.598,185.058,184.308,20,15.75,0.777547,36.425316,68.827439,15.678969,0.554778
A185-001-23,23-H-029,363375.249,6591867.598,184.308,183.558,21,16.5,0.79626,36.309993,68.153903,15.716942,0.534813
A185-001-23,23-H-029,363375.249,6591867.598,183.558,182.9,22,17.158,0.758345,37.969322,69.743113,15.856929,0.600688
A185-001-23,23-H-030,363377.077,6591875.387,200.042,199.292,0,0.75,0.933983,30.075326,70.929521,14.227697,0.393367
A185-001-23,23-H-030,363377.077,6591875.387,199.292,198.542,1,1.5,0.913002,32.435507,71.349269,13.352073,0.436258
A185-001-23,23-H-030,363377.077,6591875.387,198.542,197.792,2,2.25,0.905262,31.43084,71.939571,14.794821,0.430086
A185-001-23,23-H-030,363377.077,6591875.387,197.792,197.042,3,3.0,0.906323,34.28524,71.443707,13.51041,0.465062
A185-001-23,23-H-030,363377.077,6591875.387,197.042,196.292,4,3.75,0.845809,32.212428,71.050775,14.895223,0.465798
A185-001-23,23-H-030,363377.077,6591875.387,196.292,195.542,5,4.5,0.883299,30.545155,69.638812,14.871148,0.414733
A185-001-23,23-H-030,363377.077,6591875.387,195.542,194.792,6,5.25,0.854329,33.463793,70.988908,12.787753,0.478344
A185-001-23,23-H-030,363377.077,6591875.387,194.792,194.042,7,6.0,0.870706,34.978538,69.676218,16.111517,0.481914
A185-001-23,23-H-030,363377.077,6591875.387,194.042,193.292,8,6.75,0.88808,32.647877,72.251978,14.942526,0.457264
A185-001-23,23-H-030,363377.077,6591875.387,193.292,192.542,9,7.5,0.820532,33.541179,69.251813,15.422333,0.487275
A185-001-23,23-H-030,363377.077,6591875.387,192.542,191.792,10,8.25,0.809979,35.868245,69.363913,16.491992,0.528696
A185-001-23,23-H-030,363377.077,6591875.387,191.792,191.042,11,9.0,0.810565,35.409309,69.442379,14.753593,0.521958
A185-001-23,23-H-030,363377.077,6591875.387,191.042,190.292,12,9.75,0.862898,34.722257,69.548052,14.528165,0.481631
A185-001-23,23-H-030,363377.077,6591875.387,190.292,189.542,13,10.5,0.794892,35.313461,69.409128,15.404484,0.530604
A185-001-23,23-H-030,363377.077,6591875.387,189.542,188.792,14,11.25,0.833648,35.79749,70.371607,14.987871,0.519969
A185-001-23,23-H-030,363377.077,6591875.387,188.792,188.042,15,12.0,0.805008,35.851424,70.120902,16.047858,0.537426
A185-001-23,23-H-030,363377.077,6591875.387,188.042,187.292,16,12.75,0.821041,33.805093,70.627033,15.155234,0.500468
A185-001-23,23-H-030,363377.077,6591875.387,187.292,186.542,17,13.5,0.821902,35.942283,69.556257,14.874887,0.523373
A185-001-23,23-H-030,363377.077,6591875.387,186.542,185.792,18,14.25,0.841421,37.104421,68.786889,15.328353,0.521984
A185-001-23,23-H-030,363377.077,6591875.387,185.792,185.042,19,15.0,0.792384,37.413626,68.846766,14.54089,0.559164
A185-001-23,23-H-030,363377.077,6591875.387,185.042,184.292,20,15.75,0.783161,36.720401,69.162099,16.104219,0.558003
A185-001-23,23-H-030,363377.077,6591875.387,184.292,184.264,21,15.778,0.80549,35.54587,70.852339,15.324822,0.537992
A185-001-23,23-H-031,363376.864,6591846.512,200.095,199.345,0,0.75,0.918844,31.317323,70.647514,13.49025,0.414521
A185-001-23,23-H-031,363376.864,6591846.512,199.345,198.595,1,1.5,0.901589,33.60042,70.263858,15.534449,0.450896
A185-001-23,23-H-031,363376.864,6591846.512,198.595,197.845,2,2.25,0.88188,31.683258,70.93043,14.770794,0.438753
A185-001-23,23-H-031,363376.864,6591846.512,197.845,197.095,3,3.0,0.863344,32.779781,70.334759,15.27743,0.459765
A185-001-23,23-H-031,363376.864,6591846.512,197.095,196.345,4,3.75,0.861034,34.039606,70.90489,14.197915,0.482373
A185-001-23,23-H-031,363376.864,6591846.512,196.345,195.595,5,4.5,0.838301,33.697692,71.449889,14.776116,0.494275
A185-001-23,23-H-031,363376.864,6591846.512,195.595,194.845,6,5.25,0.81723,35.217476,70.758034,16.313706,0.524831
A185-001-23,23-H-031,363376.864,6591846.512,194.845,194.095,7,6.0,0.846845,35.861059,70.698796,15.312388,0.515216
A185-001-23,23-H-031,363376.864,6591846.512,194.095,193.345,8,6.75,0.839521,36.407808,69.745805,15.805088,0.520562
A185-001-23,23-H-031,363376.864,6591846.512,193.345,192.595,9,7.5,0.765078,35.236711,69.182493,16.499382,0.548357
A185-001-23,23-H-031,363376.864,6591846.512,192.595,191.845,10,8.25,0.839037,34.781645,70.59379,15.331641,0.503653
A185-001-23,23-H-031,363376.864,6591846.512,191.845,191.095,11,9.0,0.82372,35.742894,70.697727,16.083005,0.527974
A185-001-23,23-H-031,363376.864,6591846.512,191.095,190.345,12,9.75,0.843826,36.213055,70.257098,15.894795,0.51893
A185-001-23,23-H-031,363376.864,6591846.512,190.345,189.595,13,10.5,0.839838,36.269428,70.064109,15.35422,0.520698
A185-001-23,23-H-031,363376.864,6591846.512,189.595,188.845,14,11.25,0.841716,35.784476,68.825905,15.285111,0.503584
A185-001-23,23-H-031,363376.864,6591846.512,188.845,188.095,15,12.0,0.874584,33.919329,70.729987,16.337049,0.472351
A185-001-23,23-H-031,363376.864,6591846.512,188.095,187.345,16,12.75,0.854537,33.625893,68.198824,15.56763,0.462049
A185-001-23,23-H-031,363376.864,6591846.512,187.345,186.595,17,13.5,0.866094,34.114551,70.197536,15.549895,0.476003
A185-001-23,23-H-031,363376.864,6591846.512,186.595,185.845,18,14.25,0.8498,32.840902,70.033334,15.563589,0.465967
A185-001-23,23-H-031,363376.864,6591846.512,185.845,185.095,19,15.0,0.837374,34.374541,71.314054,15.226291,0.503822
A185-001-23,23-H-031,363376.864,6591846.512,185.095,184.345,20,15.75,0.829985,34.963423,70.565841,15.479503,0.511593
A185-001-23,23-H-031,363376.864,6591846.512,184.345,184.09,21,16.005,0.8089,35.84238,69.879815,15.366441,0.532801
A185-001-23,23-H-032,363378.843,6591853.715,199.988,199.238,0,0.75,0.892059,29.884891,69.811734,14.020662,0.40273
A185-001-23,23-H-032,363378.843,6591853.715,199.238,198.488,1,1.5,0.879469,33.596918,70.825073,14.676625,0.465713
A185-001-23,23-H-032,363378.843,6591853.715,198.488,197.738,2,2.25,0.875031,34.259542,71.44133,15.425246,0.481491
A185-001-23,23-H-032,363378.843,6591853.715,197.738,196.988,3,3.0,0.858139,33.965057,70.624256,14.988479,0.48113
A185-001-23,23-H-032,363378.843,6591853.715,196.988,196.238,4,3.75,0.836731,34.347161,68.917351,16.060253,0.487039
A185-001-23,23-H-032,363378.843,6591853.715,196.238,195.488,5,4.5,0.84615,32.956633,70.138653,15.540755,0.470312
A185-001-23,23-H-032,363378.843,6591853.715,195.488,194.738,6,5.25,0.823863,34.473598,70.037297,15.600973,0.504409
A185-001-23,23-H-032,363378.843,6591853.715,194.738,193.988,7,6.0,0.820407,36.017282,68.557117,17.169334,0.518171
A185-001-23,23-H-032,363378.843,6591853.715,193.988,193.238,8,6.75,0.802566,34.956781,69.903542,16.180291,0.524045
A185-001-23,23-H-032,363378.843,6591853.715,193.238,192.488,9,7.5,0.788059,35.954379,69.784941,15.515556,0.547821
A185-001-23,23-H-032,363378.843,6591853.715,192.488,191.738,10,8.25,0.785289,35.811213,69.513235,15.78387,0.545473
A185-001-23,23-H-032,363378.843,6591853.715,191.738,190.988,11,9.0,0.787435,37.138081,68.834375,16.078206,0.558623
A185-001-23,23-H-032,363378.843,6591853.715,190.988,190.238,12,9.75,0.77979,37.043028,68.529742,16.159198,0.560169
A185-001-23,23-H-032,363378.843,6591853.715,190.238,189.488,13,10.5,0.766568,36.703767,68.76244,16.070342,0.566497
A185-001-23,23-H-032,363378.843,6591853.715,189.488,188.738,14,11.25,0.758422,36.459371,68.968252,15.69636,0.570412
A185-001-23,23-H-032,363378.843,6591853.715,188.738,187.988,15,12.0,0.762831,37.190692,69.225257,16.468301,0.580706
A185-001-23,23-H-032,363378.843,6591853.715,187.988,187.238,16,12.75,0.782625,37.508229,68.614742,14.854055,0.565673
A185-001-23,23-H-032,363378.843,6591853.715,187.238,186.488,17,13.5,0.76648,36.162092,70.339262,16.448663,0.571031
A185-001-23,23-H-032,363378.843,6591853.715,186.488,185.738,18,14.25,0.775847,36.556742,69.858767,15.81382,0.566337
A185-001-23,23-H-032,363378.843,6591853.715,185.738,184.988,19,15.0,0.820818,38.811022,69.037595,16.061496,0.561684
A185-001-23,23-H-032,363378.843,6591853.715,184.988,184.238,20,15.75,0.80709,35.290612,70.500876,15.271446,0.530445
A185-001-23,23-H-032,363378.843,6591853.715,184.238,183.753,21,16.235,0.817549,35.803803,68.405895,15.649912,0.515585
A185-001-23,23-H-033,363381.072,6591861.48,200.07,199.32,0,0.75,0.894963,33.220886,70.143911,13.703443,0.448125
A185-001-23,23-H-033,363381.072,6591861.48,199.32,198.57,1,1.5,0.853278,33.847315,70.743842,14.783627,0.482978
A185-001-23,23-H-033,363381.072,6591861.48,198.57,197.82,2,2.25,0.84766,33.051938,69.923979,14.698133,0.469293
A185-001-23,23-H-033,363381.072,6591861.48,197.82,197.07,3,3.0,0.87343,36.006171,69.729356,14.773412,0.494686
A185-001-23,23-H-033,363381.072,6591861.48,197.07,196.32,4,3.75,0.852835,31.65937,70.718588,15.867039,0.452078
A185-001-23,23-H-033,363381.072,6591861.48,196.32,195.57,5,4.5,0.819106,35.421826,69.994316,15.467671,0.520895
A185-001-23,23-H-033,363381.072,6591861.48,195.57,194.82,6,5.25,0.848024,35.416566,70.388982,15.73136,0.50598
A185-001-23,23-H-033,363381.072,6591861.48,194.82,194.07,7,6.0,0.793601,35.441513,69.456258,15.971523,0.533814
A185-001-23,23-H-033,363381.072,6591861.48,194.07,193.32,8,6.75,0.766503,38.402438,69.428733,15.732492,0.598357
A185-001-23,23-H-033,363381.072,6591861.48,193.32,192.57,9,7.5,0.761239,38.364355,69.867722,16.523425,0.605776
A185-001-23,23-H-033,363381.072,6591861.48,192.57,191.82,10,8.25,0.786686,38.284987,69.548931,15.720633,0.582279
A185-001-23,23-H-033,363381.072,6591861.48,191.82,191.07,11,9.0,0.791037,36.433162,68.506655,16.508297,0.543034
A185-001-23,23-H-033,363381.072,6591861.48,191.07,190.32,12,9.75,0.803689,38.641218,69.198312,17.445255,0.572605
A185-001-23,23-H-033,363381.072,6591861.48,190.32,189.57,13,10.5,0.77739,38.637942,70.140848,15.497984,0.599651
A185-001-23,23-H-033,363381.072,6591861.48,189.57,188.82,14,11.25,0.801233,36.587085,69.30791,15.970967,0.544614
A185-001-23,23-H-033,363381.072,6591861.48,188.82,188.07,15,12.0,0.784758,37.099669,69.004149,15.938217,0.561302
A185-001-23,23-H-033,363381.072,6591861.48,188.07,187.32,16,12.75,0.796076,37.188998,68.799619,16.117694,0.553062
A185-001-23,23-H-033,363381.072,6591861.48,187.32,186.57,17,13.5,0.78216,36.80323,68.502809,16.229479,0.554667
A185-001-23,23-H-033,363381.072,6591861.48,186.57,185.82,18,14.25,0.798317,36.193098,69.753654,16.47695,0.544258
A185-001-23,23-H-033,363381.072,6591861.48,185.82,185.07,19,15.0,0.773205,38.488334,68.05217,16.290677,0.582828
A185-001-23,23-H-033,363381.072,6591861.48,185.07,184.49,20,15.58,0.779086,37.454568,70.161919,16.837132,0.580418
A185-001-23,23-H-034,363382.427,6591869.536,200.098,199.348,0,0.75,0.863792,34.665649,70.572313,14.831118,0.487438
A185-001-23,23-H-034,363382.427,6591869.536,199.348,198.598,1,1.5,0.828152,37.281794,70.504018,14.88109,0.546044
A185-001-23,23-H-034,363382.427,6591869.536,198.598,197.848,2,2.25,0.826944,36.010458,69.358345,16.060863,0.519842
A185-001-23,23-H-034,363382.427,6591869.536,197.848,197.098,3,3.0,0.856754,33.867596,69.179129,14.747179,0.470702
A185-001-23,23-H-034,363382.427,6591869.536,197.098,196.348,4,3.75,0.804641,34.513851,69.845872,15.767952,0.515626
A185-001-23,23-H-034,363382.427,6591869.536,196.348,195.598,5,4.5,0.785053,35.294733,69.567966,15.902327,0.538231
A185-001-23,23-H-034,363382.427,6591869.536,195.598,194.848,6,5.25,0.800975,37.485494,68.74404,16.181526,0.553619
A185-001-23,23-H-034,363382.427,6591869.536,194.848,194.098,7,6.0,0.767866,37.930289,68.921119,16.975008,0.58583
A185-001-23,23-H-034,363382.427,6591869.536,194.098,193.348,8,6.75,0.77063,38.678877,69.243918,16.073618,0.597885
A185-001-23,23-H-034,363382.427,6591869.536,193.348,192.598,9,7.5,0.754524,37.969688,69.669607,17.782427,0.603326
A185-001-23,23-H-034,363382.427,6591869.536,192.598,191.848,10,8.25,0.75074,37.570609,68.530642,16.177439,0.590037
A185-001-23,23-H-034,363382.427,6591869.536,191.848,191.098,11,9.0,0.774858,37.114969,67.728061,16.810583,0.558308
A185-001-23,23-H-034,363382.427,6591869.536,191.098,190.348,12,9.75,0.747912,38.888029,68.879849,16.758373,0.616144
A185-001-23,23-H-034,363382.427,6591869.536,190.348,189.598,13,10.5,0.735868,38.405512,70.946989,17.141636,0.636996
A185-001-23,23-H-034,363382.427,6591869.536,189.598,188.848,14,11.25,0.729064,37.567181,69.275888,17.00018,0.614151
A185-001-23,23-H-034,363382.427,6591869.536,188.848,188.098,15,12.0,0.739315,37.343704,67.865903,15.416394,0.589669
A185-001-23,23-H-034,363382.427,6591869.536,188.098,187.348,16,12.75,0.747856,37.308092,68.99196,16.385431,0.592152
A185-001-23,23-H-034,363382.427,6591869.536,187.348,186.598,17,13.5,0.751663,37.741105,69.23776,16.759562,0.598139
A185-001-23,23-H-034,363382.427,6591869.536,186.598,185.848,18,14.25,0.750427,39.399213,69.594212,16.328855,0.62851
A185-001-23,23-H-034,363382.427,6591869.536,185.848,185.098,19,15.0,0.725624,38.092741,70.206968,16.460581,0.633972
A185-001-23,23-H-034,363382.427,6591869.536,185.098,184.348,20,15.75,0.690197,38.043916,68.95897,15.485561,0.653645
A185-001-23,23-H-034,363382.427,6591869.536,184.348,183.716,21,16.382,0.733625,38.339295,67.424647,17.743597,0.606348
A185-001-23,23-H-035,363384.831,6591876.65,199.975,199.225,0,0.75,0.890083,32.122786,70.318032,14.320807,0.436887
A185-001-23,23-H-035,363384.831,6591876.65,199.225,198.475,1,1.5,0.888984,34.392846,71.896832,14.12769,0.478664
A185-001-23,23-H-035,363384.831,6591876.65,198.475,197.725,2,2.25,0.847779,34.893127,69.018223,14.527041,0.488853
A185-001-23,23-H-035,363384.831,6591876.65,197.725,196.975,3,3.0,0.871318,34.208574,70.370179,14.112292,0.475448
A185-001-23,23-H-035,363384.831,6591876.65,196.975,196.225,4,3.75,0.827029,34.682643,71.365508,14.746701,0.514968
A185-001-23,23-H-035,363384.831,6591876.65,196.225,195.475,5,4.5,0.82433,34.806994,69.180723,16.463197,0.502884
A185-001-23,23-H-035,363384.831,6591876.65,195.475,194.725,6,5.25,0.835734,34.564452,69.521102,14.153308,0.49474
A185-001-23,23-H-035,363384.831,6591876.65,194.725,193.975,7,6.0,0.794643,36.400526,68.415041,16.233567,0.539343
A185-001-23,23-H-035,363384.831,6591876.65,193.975,193.225,8,6.75,0.795865,38.070432,69.664734,16.795515,0.573451
A185-001-23,23-H-035,363384.831,6591876.65,193.225,192.475,9,7.5,0.812552,36.29262,69.72035,16.419715,0.535961
A185-001-23,23-H-035,363384.831,6591876.65,192.475,191.725,10,8.25,0.785244,38.862457,69.184587,16.288891,0.589092
A185-001-23,23-H-035,363384.831,6591876.65,191.725,190.975,11,9.0,0.777608,39.139187,69.292447,16.1536,0.599994
A185-001-23,23-H-035,363384.831,6591876.65,190.975,190.225,12,9.75,0.756978,38.592316,70.095229,16.298359,0.614744
A185-001-23,23-H-035,363384.831,6591876.65,190.225,189.475,13,10.5,0.795987,36.972737,70.386181,15.350014,0.562461
A185-001-23,23-H-035,363384.831,6591876.65,189.475,188.725,14,11.25,0.824843,38.213919,69.844744,15.968416,0.556784
A185-001-23,23-H-035,363384.831,6591876.65,188.725,187.975,15,12.0,0.793472,37.092787,70.053648,15.65383,0.563435
A185-001-23,23-H-035,363384.831,6591876.65,187.975,187.225,16,12.75,0.80235,35.268711,68.990379,15.610477,0.521894
A185-001-23,23-H-035,363384.831,6591876.65,187.225,186.475,17,13.5,0.776223,36.292525,68.60359,16.092921,0.551957
A185-001-23,23-H-035,363384.831,6591876.65,186.475,185.725,18,14.25,0.822471,36.880578,69.974579,16.068899,0.539979
A185-001-23,23-H-035,363384.831,6591876.65,185.725,184.975,19,15.0,0.803286,36.358916,70.837474,15.818647,0.551704
A185-001-23,23-H-035,363384.831,6591876.65,184.975,184.225,20,15.75,0.798484,37.48742,69.745208,15.719161,0.563372
A185-001-23,23-H-035,363384.831,6591876.65,184.225,183.475,21,16.5,0.806306,33.734236,69.964546,14.854584,0.503727
A185-001-23,23-H-035,363384.831,6591876.65,183.475,183.358,22,16.617,0.777915,34.776842,70.890798,14.582212,0.54519
A185-001-23,23-H-036,363386.765,6591884.969,200.013,199.263,0,0.75,0.875377,32.6026,71.906564,14.012295,0.460914
A185-001-23,23-H-036,363386.765,6591884.969,199.263,198.513,1,1.5,0.874598,33.918868,70.803263,14.811944,0.472639
A185-001-23,23-H-036,363386.765,6591884.969,198.513,197.763,2,2.25,0.851819,35.403295,69.281112,15.188213,0.495585
A185-001-23,23-H-036,363386.765,6591884.969,197.763,197.013,3,3.0,0.847479,35.640352,69.22858,15.363945,0.501079
A185-001-23,23-H-036,363386.765,6591884.969,197.013,196.263,4,3.75,0.829236,35.111554,71.232064,15.341471,0.519035
A185-001-23,23-H-036,363386.765,6591884.969,196.263,195.513,5,4.5,0.853457,34.217241,69.94209,15.975611,0.482768
A185-001-23,23-H-036,363386.765,6591884.969,195.513,194.763,6,5.25,0.796606,35.424372,70.614435,15.513591,0.540327
A185-001-23,23-H-036,363386.765,6591884.969,194.763,194.013,7,6.0,0.828846,36.005517,69.699085,15.572493,0.521061
A185-001-23,23-H-036,363386.765,6591884.969,194.013,193.263,8,6.75,0.793555,35.934231,69.673813,16.127976,0.542947
A185-001-23,23-H-036,363386.765,6591884.969,193.263,192.513,9,7.5,0.804694,36.444126,69.395278,16.238853,0.54088
A185-001-23,23-H-036,363386.765,6591884.969,192.513,191.763,10,8.25,0.796804,36.086791,70.87544,15.994771,0.552345
A185-001-23,23-H-036,363386.765,6591884.969,191.763,191.013,11,9.0,0.826195,37.305662,70.069861,15.690664,0.54442
A185-001-23,23-H-036,363386.765,6591884.969,191.013,190.263,12,9.75,0.816071,36.615086,68.410514,15.239902,0.528162
A185-001-23,23-H-036,363386.765,6591884.969,190.263,189.513,13,10.5,0.837245,35.413854,70.513252,15.55543,0.51331
A185-001-23,23-H-036,363386.765,6591884.969,189.513,188.763,14,11.25,0.818016,36.820782,69.684164,15.728273,0.53975
A185-001-23,23-H-036,363386.765,6591884.969,188.763,188.013,15,12.0,0.801261,35.262671,68.487251,15.739219,0.51873
A185-001-23,23-H-036,363386.765,6591884.969,188.013,187.263,16,12.75,0.817125,36.36893,69.5157,15.868881,0.53246
A185-001-23,23-H-036,363386.765,6591884.969,187.263,186.513,17,13.5,0.794467,35.169116,70.726319,15.685467,0.538757
A185-001-23,23-H-036,363386.765,6591884.969,186.513,185.763,18,14.25,0.821848,35.708019,70.587604,15.725987,0.527794
A185-001-23,23-H-036,363386.765,6591884.969,185.763,185.013,19,15.0,0.829854,34.180674,69.57739,15.202567,0.493246
A185-001-23,23-H-036,363386.765,6591884.969,185.013,184.263,20,15.75,0.803753,36.420316,69.547712,15.826996,0.542293
A185-001-23,23-H-036,363386.765,6591884.969,184.263,183.714,21,16.299,0.83615,33.629846,70.035186,14.595126,0.48477
A185-001-23,23-H-037,363386.328,6591855.946,199.99,199.24,0,0.75,0.894539,32.13111,69.908115,16.242397,0.43254
A185-001-23,23-H-037,363386.328,6591855.946,199.24,198.49,1,1.5,0.877167,33.165207,70.225838,13.62756,0.456941
A185-001-23,23-H-037,363386.328,6591855.946,198.49,197.74,2,2.25,0.89773,36.549451,70.191327,15.695905,0.491917
A185-001-23,23-H-037,363386.328,6591855.946,197.74,196.99,3,3.0,0.841766,34.150916,70.011206,16.376799,0.48903
A185-001-23,23-H-037,363386.328,6591855.946,196.99,196.24,4,3.75,0.850809,35.174185,69.380724,14.909431,0.493644
A185-001-23,23-H-037,363386.328,6591855.946,196.24,195.49,5,4.5,0.807121,35.6139,69.356553,16.357684,0.52674
A185-001-23,23-H-037,363386.328,6591855.946,195.49,194.74,6,5.25,0.847491,35.413491,69.718207,15.583471,0.501429
A185-001-23,23-H-037,363386.328,6591855.946,194.74,193.99,7,6.0,0.828674,36.150501,70.00158,15.140535,0.52547
A185-001-23,23-H-037,363386.328,6591855.946,193.99,193.24,8,6.75,0.811924,36.016866,70.344971,15.453067,0.536948
A185-001-23,23-H-037,363386.328,6591855.946,193.24,192.49,9,7.5,0.834013,36.712713,69.332511,15.698588,0.525227
A185-001-23,23-H-037,363386.328,6591855.946,192.49,191.74,10,8.25,0.797448,37.327429,69.628239,16.208734,0.560823
A185-001-23,23-H-037,363386.328,6591855.946,191.74,190.99,11,9.0,0.773267,35.475618,69.040987,15.61137,0.545015
A185-001-23,23-H-037,363386.328,6591855.946,190.99,190.24,12,9.75,0.81675,35.576649,70.057078,15.66486,0.52516
A185-001-23,23-H-037,363386.328,6591855.946,190.24,189.49,13,10.5,0.809048,35.535482,69.312671,16.166771,0.523984
A185-001-23,23-H-037,363386.328,6591855.946,189.49,188.74,14,11.25,0.803817,37.09278,69.342963,14.973723,0.550502
A185-001-23,23-H-037,363386.328,6591855.946,188.74,187.99,15,12.0,0.790672,36.429894,68.62963,15.839585,0.544125
A185-001-23,23-H-037,363386.328,6591855.946,187.99,187.24,16,12.75,0.810989,36.176684,70.123769,15.384293,0.538241
A185-001-23,23-H-037,363386.328,6591855.946,187.24,186.49,17,13.5,0.798893,36.263151,68.965044,16.525058,0.538783
A185-001-23,23-H-037,363386.328,6591855.946,186.49,185.74,18,14.25,0.769528,36.231928,69.736778,15.715319,0.564919
A185-001-23,23-H-037,363386.328,6591855.946,185.74,184.99,19,15.0,0.81183,37.035658,70.834524,15.63519,0.555998
A185-001-23,23-H-037,363386.328,6591855.946,184.99,184.394,20,15.596,0.792432,35.944078,69.174073,16.037858,0.539965
A185-001-23,23-H-038,363388.768,6591863.87,199.894,199.144,0,0.75,0.860185,34.505952,69.162385,14.943082,0.477544
A185-001-23,23-H-038,363388.768,6591863.87,199.144,198.394,1,1.5,0.827724,36.249342,71.459586,15.317155,0.538475
A185-001-23,23-H-038,363388.768,6591863.87,198.394,197.644,2,2.25,0.802314,36.461798,69.942602,15.916291,0.546966
A185-001-23,23-H-038,363388.768,6591863.87,197.644,196.894,3,3.0,0.801006,36.144722,69.466121,16.318835,0.539471
A185-001-23,23-H-038,363388.768,6591863.87,196.894,196.144,4,3.75,0.797137,36.412498,68.900838,15.236749,0.541522
A185-001-23,23-H-038,363388.768,6591863.87,196.144,195.394,5,4.5,0.782964,37.477594,70.339868,16.565853,0.579335
A185-001-23,23-H-038,363388.768,6591863.87,195.394,194.644,6,5.25,0.754293,37.512294,69.711742,17.485803,0.596589
A185-001-23,23-H-038,363388.768,6591863.87,194.644,193.894,7,6.0,0.75106,38.670327,70.13686,16.87363,0.621258
A185-001-23,23-H-038,363388.768,6591863.87,193.894,193.144,8,6.75,0.732319,40.103688,68.789581,16.914174,0.647997
A185-001-23,23-H-038,363388.768,6591863.87,193.144,192.394,9,7.5,0.76744,38.499941,68.356207,17.322848,0.590109
A185-001-23,23-H-038,363388.768,6591863.87,192.394,191.644,10,8.25,0.750629,38.333098,67.591821,16.526276,0.593882
A185-001-23,23-H-038,363388.768,6591863.87,191.644,190.894,11,9.0,0.747744,40.00507,67.880918,17.278235,0.624824
A185-001-23,23-H-038,363388.768,6591863.87,190.894,190.144,12,9.75,0.708146,40.877871,69.490978,16.522077,0.689837
A185-001-23,23-H-038,363388.768,6591863.87,190.144,189.394,13,10.5,0.778036,38.719735,69.883234,17.441475,0.598457
A185-001-23,23-H-038,363388.768,6591863.87,189.394,188.644,14,11.25,0.733056,37.562287,68.387441,16.418645,0.602862
A185-001-23,23-H-038,363388.768,6591863.87,188.644,187.894,15,12.0,0.75726,38.23168,68.851924,16.979009,0.598111
A185-001-23,23-H-038,363388.768,6591863.87,187.894,187.144,16,12.75,0.742326,37.283423,69.45752,16.442975,0.600171
A185-001-23,23-H-038,363388.768,6591863.87,187.144,186.394,17,13.5,0.741064,37.822723,69.000196,16.323116,0.60584
A185-001-23,23-H-038,363388.768,6591863.87,186.394,185.644,18,14.25,0.724147,38.811734,68.518318,15.679646,0.6316
A185-001-23,23-H-038,363388.768,6591863.87,185.644,184.894,19,15.0,0.737938,39.133983,67.332891,16.452213,0.614277
A185-001-23,23-H-038,363388.768,6591863.87,184.894,184.144,20,15.75,0.743973,39.125016,68.764723,16.676128,0.62211
A185-001-23,23-H-038,363388.768,6591863.87,184.144,183.394,21,16.5,0.736022,36.48083,70.766585,16.671999,0.603461
A185-001-23,23-H-038,363388.768,6591863.87,183.394,182.962,22,16.932,0.771526,39.201175,68.744257,16.685325,0.600951
A185-001-23,23-H-039,363390.947,6591871.547,199.994,199.244,0,0.75,0.886494,32.633276,71.12643,13.664142,0.450615
A185-001-23,23-H-039,363390.947,6591871.547,199.244,198.494,1,1.5,0.858159,31.980516,69.379491,14.690917,0.445123
A185-001-23,23-H-039,363390.947,6591871.547,198.494,197.744,2,2.25,0.839778,34.10093,70.798218,14.561763,0.494728
A185-001-23,23-H-039,363390.947,6591871.547,197.744,196.994,3,3.0,0.859543,34.632535,71.239321,14.913139,0.493991
A185-001-23,23-H-039,363390.947,6591871.547,196.994,196.244,4,3.75,0.840685,35.088053,70.681603,15.414052,0.50772
A185-001-23,23-H-039,363390.947,6591871.547,196.244,195.494,5,4.5,0.820104,36.100113,70.227692,14.998108,0.531894
A185-001-23,23-H-039,363390.947,6591871.547,195.494,194.744,6,5.25,0.804387,35.796292,69.32866,14.421731,0.530773
A185-001-23,23-H-039,363390.947,6591871.547,194.744,193.994,7,6.0,0.820292,37.312165,69.715848,14.84493,0.545555
A185-001-23,23-H-039,363390.947,6591871.547,193.994,193.244,8,6.75,0.825065,37.49056,69.710546,17.105315,0.545227
A185-001-23,23-H-039,363390.947,6591871.547,193.244,192.494,9,7.5,0.762142,37.749365,68.040163,16.291401,0.579844
A185-001-23,23-H-039,363390.947,6591871.547,192.494,191.744,10,8.25,0.773629,36.69984,68.752633,16.786304,0.561291
A185-001-23,23-H-039,363390.947,6591871.547,191.744,190.994,11,9.0,0.784656,36.33108,69.278368,16.352462,0.552013
A185-001-23,23-H-039,363390.947,6591871.547,190.994,190.244,12,9.75,0.812264,36.263117,70.410124,16.383164,0.540992
A185-001-23,23-H-039,363390.947,6591871.547,190.244,189.494,13,10.5,0.789367,36.010574,70.382165,15.912093,0.552488
A185-001-23,23-H-039,363390.947,6591871.547,189.494,188.744,14,11.25,0.797451,36.860864,68.256419,15.054173,0.542822
A185-001-23,23-H-039,363390.947,6591871.547,188.744,187.994,15,12.0,0.822691,36.668287,70.291166,16.195553,0.539174
A185-001-23,23-H-039,363390.947,6591871.547,187.994,187.244,16,12.75,0.795104,34.954037,69.422327,15.281473,0.525167
A185-001-23,23-H-039,363390.947,6591871.547,187.244,186.494,17,13.5,0.813837,35.237092,71.287826,15.233601,0.531106
A185-001-23,23-H-039,363390.947,6591871.547,186.494,185.744,18,14.25,0.791743,35.844064,69.256001,15.138101,0.539461
A185-001-23,23-H-039,363390.947,6591871.547,185.744,184.994,19,15.0,0.797574,36.137261,69.70593,16.3791,0.543543
A185-001-23,23-H-039,363390.947,6591871.547,184.994,184.599,20,15.395,0.788196,36.497225,70.390718,15.776755,0.560809
A185-001-23,23-H-040,363392.416,6591879.168,199.937,199.187,0,0.75,0.880829,33.053984,71.495952,14.442394,0.4618
A185-001-23,23-H-040,363392.416,6591879.168,199.187,198.437,1,1.5,0.834539,34.082806,70.185024,14.170309,0.493218
A185-001-23,23-H-040,363392.416,6591879.168,198.437,197.687,2,2.25,0.865382,34.076834,71.392911,16.189534,0.484018
A185-001-23,23-H-040,363392.416,6591879.168,197.687,196.937,3,3.0,0.843446,33.649221,70.571806,14.809493,0.484564
A185-001-23,23-H-040,363392.416,6591879.168,196.937,196.187,4,3.75,0.86483,34.153659,70.518003,14.87914,0.47933
A185-001-23,23-H-040,363392.416,6591879.168,196.187,195.437,5,4.5,0.828028,36.739626,70.166135,15.164816,0.535674
A185-001-23,23-H-040,363392.416,6591879.168,195.437,194.687,6,5.25,0.784158,38.362194,69.952937,16.310736,0.588785
A185-001-23,23-H-040,363392.416,6591879.168,194.687,193.937,7,6.0,0.789868,37.202836,70.040135,16.399592,0.567653
A185-001-23,23-H-040,363392.416,6591879.168,193.937,193.187,8,6.75,0.766536,37.575236,67.999535,16.398467,0.573552
A185-001-23,23-H-040,363392.416,6591879.168,193.187,192.437,9,7.5,0.776613,38.695432,69.04876,17.518349,0.592055
A185-001-23,23-H-040,363392.416,6591879.168,192.437,191.687,10,8.25,0.759663,36.897057,68.318352,17.006414,0.571044
A185-001-23,23-H-040,363392.416,6591879.168,191.687,190.937,11,9.0,0.747053,38.963793,68.160473,17.149405,0.611662
A185-001-23,23-H-040,363392.416,6591879.168,190.937,190.187,12,9.75,0.792854,36.554584,69.743718,16.190614,0.553334
A185-001-23,23-H-040,363392.416,6591879.168,190.187,189.437,13,10.5,0.770785,37.397217,69.725179,16.419734,0.582067
A185-001-23,23-H-040,363392.416,6591879.168,189.437,188.687,14,11.25,0.833964,37.360011,71.319868,15.535165,0.549731
A185-001-23,23-H-040,363392.416,6591879.168,188.687,187.937,15,12.0,0.798646,35.283004,68.31407,14.838277,0.5193
A185-001-23,23-H-040,363392.416,6591879.168,187.937,187.187,16,12.75,0.814054,35.895172,70.128929,16.389072,0.532224
A185-001-23,23-H-040,363392.416,6591879.168,187.187,186.437,17,13.5,0.777753,35.81588,68.828204,15.8362,0.545408
A185-001-23,23-H-040,363392.416,6591879.168,186.437,185.687,18,14.25,0.791816,37.381903,71.130504,15.436261,0.577686
A185-001-23,23-H-040,363392.416,6591879.168,185.687,184.937,19,15.0,0.793886,36.06034,70.424508,15.659439,0.55041
A185-001-23,23-H-040,363392.416,6591879.168,184.937,184.187,20,15.75,0.781032,36.280717,69.145834,15.311903,0.552617
A185-001-23,23-H-040,363392.416,6591879.168,184.187,183.891,21,16.046,0.744822,38.191008,67.805478,15.686872,0.598063
A185-001-23,23-H-041,363394.733,6591887.494,199.974,199.224,0,0.75,0.910431,29.932811,70.25081,13.552412,0.397686
A185-001-23,23-H-041,363394.733,6591887.494,199.224,198.474,1,1.5,0.935075,32.600503,70.703034,13.285861,0.424285
A185-001-23,23-H-041,363394.733,6591887.494,198.474,197.724,2,2.25,0.889643,29.96056,71.050114,14.0629,0.411993
A185-001-23,23-H-041,363394.733,6591887.494,197.724,196.974,3,3.0,0.850979,32.491714,71.205397,14.458292,0.467936
A185-001-23,23-H-041,363394.733,6591887.494,196.974,196.224,4,3.75,0.866116,32.231905,71.285106,13.456617,0.456514
A185-001-23,23-H-041,363394.733,6591887.494,196.224,195.474,5,4.5,0.863613,33.96257,69.499061,15.227631,0.470498
A185-001-23,23-H-041,363394.733,6591887.494,195.474,194.724,6,5.25,0.843269,33.843053,71.663554,14.913126,0.494973
A185-001-23,23-H-041,363394.733,6591887.494,194.724,193.974,7,6.0,0.803178,36.14248,69.445624,15.038487,0.53767
A185-001-23,23-H-041,363394.733,6591887.494,193.974,193.224,8,6.75,0.869408,34.295611,70.232596,14.303833,0.476789
A185-001-23,23-H-041,363394.733,6591887.494,193.224,192.474,9,7.5,0.833031,34.992603,70.740051,16.153263,0.51149
A185-001-23,23-H-041,363394.733,6591887.494,192.474,191.724,10,8.25,0.796002,35.819766,70.745261,15.246605,0.547727
A185-001-23,23-H-041,363394.733,6591887.494,191.724,190.974,11,9.0,0.801373,36.666012,69.814644,16.747487,0.549759
A185-001-23,23-H-041,363394.733,6591887.494,190.974,190.224,12,9.75,0.764092,37.270513,69.308522,16.010515,0.581632
A185-001-23,23-H-041,363394.733,6591887.494,190.224,189.474,13,10.5,0.811426,35.226582,69.893071,15.220533,0.522136
A185-001-23,23-H-041,363394.733,6591887.494,189.474,188.724,14,11.25,0.810396,33.41145,70.106619,15.947435,0.497551
A185-001-23,23-H-041,363394.733,6591887.494,188.724,187.974,15,12.0,0.86041,36.098088,70.50344,14.982143,0.509016
A185-001-23,23-H-041,363394.733,6591887.494,187.974,187.224,16,12.75,0.828069,34.649355,71.015119,14.927022,0.511339
A185-001-23,23-H-041,363394.733,6591887.494,187.224,186.474,17,13.5,0.876221,35.642089,70.896168,16.198692,0.49646
A185-001-23,23-H-041,363394.733,6591887.494,186.474,185.724,18,14.25,0.771438,34.841079,69.521586,15.355676,0.540256
A185-001-23,23-H-041,363394.733,6591887.494,185.724,184.974,19,15.0,0.826158,33.481764,69.449914,15.015969,0.484443
A185-001-23,23-H-041,363394.733,6591887.494,184.974,184.224,20,15.75,0.831931,34.705811,69.33231,15.515752,0.497834
A185-001-23,23-H-041,363394.733,6591887.494,184.224,183.531,21,16.443,0.831921,34.605447,70.109298,14.901657,0.501874
A185-001-23,23-H-042,363394.108,6591858.109,200.0,199.25,0,0.75,0.90279,32.311222,70.542472,14.795629,0.434714
A185-001-23,23-H-042,363394.108,6591858.109,199.25,198.5,1,1.5,0.850596,34.590667,70.417014,14.999811,0.492843
A185-001-23,23-H-042,363394.108,6591858.109,198.5,197.75,2,2.25,0.834519,35.085786,69.79942,16.251064,0.505166
A185-001-23,23-H-042,363394.108,6591858.109,197.75,197.0,3,3.0,0.832339,36.512167,70.316959,15.20715,0.53076
A185-001-23,23-H-042,363394.108,6591858.109,197.0,196.25,4,3.75,0.843353,35.649421,68.71545,15.511933,0.499947
A185-001-23,23-H-042,363394.108,6591858.109,196.25,195.5,5,4.5,0.820433,35.458456,70.178122,14.592654,0.521847
A185-001-23,23-H-042,363394.108,6591858.109,195.5,194.75,6,5.25,0.813352,35.779837,69.401417,15.364751,0.525365
A185-001-23,23-H-042,363394.108,6591858.109,194.75,194.0,7,6.0,0.817225,35.949896,70.155533,15.348996,0.531046
A185-001-23,23-H-042,363394.108,6591858.109,194.0,193.25,8,6.75,0.799089,37.030583,68.305967,15.842608,0.544688
A185-001-23,23-H-042,363394.108,6591858.109,193.25,192.5,9,7.5,0.808918,36.240865,68.549194,17.197829,0.528692
A185-001-23,23-H-042,363394.108,6591858.109,192.5,191.75,10,8.25,0.778455,37.357846,68.881182,15.833688,0.568732
A185-001-23,23-H-042,363394.108,6591858.109,191.75,191.0,11,9.0,0.771633,37.205722,69.360257,16.958916,0.575512
A185-001-23,23-H-042,363394.108,6591858.109,191.0,190.25,12,9.75,0.80138,36.558668,70.181081,15.852325,0.550909
A185-001-23,23-H-042,363394.108,6591858.109,190.25,189.5,13,10.5,0.79368,36.777264,69.71666,16.32837,0.555917
A185-001-23,23-H-042,363394.108,6591858.109,189.5,188.75,14,11.25,0.775088,37.097883,70.372744,16.651914,0.579573
A185-001-23,23-H-042,363394.108,6591858.109,188.75,188.0,15,12.0,0.814196,36.14127,68.770285,15.565437,0.525325
A185-001-23,23-H-042,363394.108,6591858.109,188.0,187.25,16,12.75,0.794073,37.333497,69.51001,15.25003,0.56222
A185-001-23,23-H-042,363394.108,6591858.109,187.25,186.5,17,13.5,0.794584,36.760883,68.972206,16.322059,0.549134
A185-001-23,23-H-042,363394.108,6591858.109,186.5,185.75,18,14.25,0.78175,35.582787,68.481417,16.444058,0.536478
A185-001-23,23-H-042,363394.108,6591858.109,185.75,185.0,19,15.0,0.792097,35.492713,69.858447,15.309935,0.538603
A185-001-23,23-H-042,363394.108,6591858.109,185.0,184.25,20,15.75,0.806012,37.608261,69.291746,15.807097,0.556304
A185-001-23,23-H-042,363394.108,6591858.109,184.25,183.742,21,16.258,0.805029,38.750208,69.214779,15.886129,0.573209
A185-001-23,23-H-043,363396.378,6591866.299,200.092,199.342,0,0.75,0.889909,33.812402,69.940466,14.549922,0.457433
A185-001-23,23-H-043,363396.378,6591866.299,199.342,198.592,1,1.5,0.867198,34.888649,69.645841,14.648519,0.482229
A185-001-23,23-H-043,363396.378,6591866.299,198.592,197.842,2,2.25,0.832353,35.645253,69.069052,15.715367,0.509092
A185-001-23,23-H-043,363396.378,6591866.299,197.842,197.092,3,3.0,0.825382,34.347486,69.676978,16.913634,0.499238
A185-001-23,23-H-043,363396.378,6591866.299,197.092,196.342,4,3.75,0.827829,34.538949,70.321593,16.628158,0.505108
A185-001-23,23-H-043,363396.378,6591866.299,196.342,195.592,5,4.5,0.799046,35.824789,69.701575,15.330423,0.53771
A185-001-23,23-H-043,363396.378,6591866.299,195.592,194.842,6,5.25,0.770557,36.368631,69.642506,15.790441,0.565534
A185-001-23,23-H-043,363396.378,6591866.299,194.842,194.092,7,6.0,0.781382,37.730077,67.515212,16.316991,0.560984
A185-001-23,23-H-043,363396.378,6591866.299,194.092,193.342,8,6.75,0.761028,38.191704,68.490858,15.291925,0.591228
A185-001-23,23-H-043,363396.378,6591866.299,193.342,192.592,9,7.5,0.763531,38.925014,68.597426,17.686399,0.601797
A185-001-23,23-H-043,363396.378,6591866.299,192.592,191.842,10,8.25,0.699833,37.991505,68.268526,17.695098,0.637626
A185-001-23,23-H-043,363396.378,6591866.299,191.842,191.092,11,9.0,0.731402,39.324144,69.376206,15.838807,0.641513
A185-001-23,23-H-043,363396.378,6591866.299,191.092,190.342,12,9.75,0.739029,38.196568,68.057057,16.445931,0.605145
A185-001-23,23-H-043,363396.378,6591866.299,190.342,189.592,13,10.5,0.756546,37.644969,68.960835,17.017272,0.590451
A185-001-23,23-H-043,363396.378,6591866.299,189.592,188.842,14,11.25,0.774844,37.156317,68.61301,16.864205,0.566221
A185-001-23,23-H-043,363396.378,6591866.299,188.842,188.092,15,12.0,0.771628,37.317397,70.28345,15.182926,0.584677
A185-001-23,23-H-043,363396.378,6591866.299,188.092,187.342,16,12.75,0.763766,37.539303,69.01686,15.770465,0.583575
A185-001-23,23-H-043,363396.378,6591866.299,187.342,186.592,17,13.5,0.764806,36.223218,70.557091,15.438442,0.574887
A185-001-23,23-H-043,363396.378,6591866.299,186.592,185.842,18,14.25,0.768654,36.07148,69.711831,15.673454,0.562857
A185-001-23,23-H-043,363396.378,6591866.299,185.842,185.092,19,15.0,0.806215,35.580958,69.973155,16.101297,0.531479
A185-001-23,23-H-043,363396.378,6591866.299,185.092,184.342,20,15.75,0.771555,37.52206,68.413127,15.601064,0.572383
A185-001-23,23-H-043,363396.378,6591866.299,184.342,184.197,21,15.895,0.779834,35.331752,68.233769,15.617227,0.531987
A185-001-23,23-H-044,363398.374,6591873.843,200.067,199.317,0,0.75,0.876835,34.039189,68.822138,16.016877,0.460063
A185-001-23,23-H-044,363398.374,6591873.843,199.317,198.567,1,1.5,0.800372,35.426369,69.668246,15.313097,0.530618
A185-001-23,23-H-044,363398.374,6591873.843,198.567,197.817,2,2.25,0.802458,35.53199,70.07893,15.110458,0.533909
A185-001-23,23-H-044,363398.374,6591873.843,197.817,197.067,3,3.0,0.805056,37.670148,69.6104,16.267853,0.560488
A185-001-23,23-H-044,363398.374,6591873.843,197.067,196.317,4,3.75,0.783703,39.191054,68.992559,16.055599,0.593546
A185-001-23,23-H-044,363398.374,6591873.843,196.317,195.567,5,4.5,0.772778,38.382174,69.281258,16.453727,0.592034
A185-001-23,23-H-044,363398.374,6591873.843,195.567,194.817,6,5.25,0.791713,37.917786,67.995989,16.583212,0.560415
A185-001-23,23-H-044,363398.374,6591873.843,194.817,194.067,7,6.0,0.765676,37.624444,69.297146,14.700194,0.585671
A185-001-23,23-H-044,363398.374,6591873.843,194.067,193.317,8,6.75,0.756197,39.667905,68.791735,16.573668,0.620781
A185-001-23,23-H-044,363398.374,6591873.843,193.317,192.567,9,7.5,0.747659,38.041184,70.018192,16.49002,0.612873
A185-001-23,23-H-044,363398.374,6591873.843,192.567,191.817,10,8.25,0.770183,37.80183,67.613625,15.393848,0.570907
A185-001-23,23-H-044,363398.374,6591873.843,191.817,191.067,11,9.0,0.726852,39.712176,69.081093,16.025228,0.649125
A185-001-23,23-H-044,363398.374,6591873.843,191.067,190.317,12,9.75,0.774221,38.637656,68.343087,16.861186,0.586875
A185-001-23,23-H-044,363398.374,6591873.843,190.317,189.567,13,10.5,0.769567,36.220397,69.077829,16.01033,0.559429
A185-001-23,23-H-044,363398.374,6591873.843,189.567,188.817,14,11.25,0.759893,37.721543,68.887635,16.23116,0.588333
A185-001-23,23-H-044,363398.374,6591873.843,188.817,188.067,15,12.0,0.773551,37.388582,68.795234,15.450333,0.572035
A185-001-23,23-H-044,363398.374,6591873.843,188.067,187.317,16,12.75,0.81533,35.916,70.013594,15.911702,0.530772
A185-001-23,23-H-044,363398.374,6591873.843,187.317,186.567,17,13.5,0.7375,38.921668,70.500846,16.361563,0.639973
A185-001-23,23-H-044,363398.374,6591873.843,186.567,185.817,18,14.25,0.782665,36.480965,69.873322,16.443492,0.560453
A185-001-23,23-H-044,363398.374,6591873.843,185.817,185.067,19,15.0,0.769033,35.016555,69.15597,16.712981,0.54197
A185-001-23,23-H-044,363398.374,6591873.843,185.067,184.317,20,15.75,0.791033,36.978179,68.898664,17.73526,0.554421
A185-001-23,23-H-044,363398.374,6591873.843,184.317,183.997,21,16.07,0.740545,39.103389,67.957106,17.726989,0.617451
A185-001-23,23-H-045,363400.336,6591881.209,199.961,199.211,0,0.75,0.889455,32.018612,69.878808,14.763325,0.433124
A185-001-23,23-H-045,363400.336,6591881.209,199.211,198.461,1,1.5,0.886719,34.302772,69.275701,14.831813,0.461329
A185-001-23,23-H-045,363400.336,6591881.209,198.461,197.711,2,2.25,0.815383,35.440732,70.643122,14.098574,0.528212
A185-001-23,23-H-045,363400.336,6591881.209,197.711,196.961,3,3.0,0.806549,35.762702,71.144047,15.976767,0.542851
A185-001-23,23-H-045,363400.336,6591881.209,196.961,196.211,4,3.75,0.806181,37.042404,70.199613,15.952945,0.555018
A185-001-23,23-H-045,363400.336,6591881.209,196.211,195.461,5,4.5,0.766791,37.375668,69.092176,17.252418,0.579564
A185-001-23,23-H-045,363400.336,6591881.209,195.461,194.711,6,5.25,0.792097,37.670885,68.351871,16.676706,0.559423
A185-001-23,23-H-045,363400.336,6591881.209,194.711,193.961,7,6.0,0.759437,38.40251,68.972664,17.456013,0.600163
A185-001-23,23-H-045,363400.336,6591881.209,193.961,193.211,8,6.75,0.750502,37.993795,69.113229,15.339172,0.601805
A185-001-23,23-H-045,363400.336,6591881.209,193.211,192.461,9,7.5,0.767269,39.910436,68.501106,15.929131,0.612911
A185-001-23,23-H-045,363400.336,6591881.209,192.461,191.711,10,8.25,0.753865,38.894647,68.457569,16.740999,0.60766
A185-001-23,23-H-045,363400.336,6591881.209,191.711,190.961,11,9.0,0.7386,39.818732,67.606354,17.088903,0.627037
A185-001-23,23-H-045,363400.336,6591881.209,190.961,190.211,12,9.75,0.751081,36.821758,68.342341,16.767344,0.576543
A185-001-23,23-H-045,363400.336,6591881.209,190.211,189.461,13,10.5,0.774468,35.007526,68.967777,16.288417,0.536532
A185-001-23,23-H-045,363400.336,6591881.209,189.461,188.711,14,11.25,0.786418,35.487454,69.573566,16.846635,0.540381
A185-001-23,23-H-045,363400.336,6591881.209,188.711,187.961,15,12.0,0.784143,38.223473,69.666612,16.46476,0.5843
A185-001-23,23-H-045,363400.336,6591881.209,187.961,187.211,16,12.75,0.769477,35.177084,67.895946,15.498099,0.534108
A185-001-23,23-H-045,363400.336,6591881.209,187.211,186.461,17,13.5,0.788564,35.200486,68.189407,15.442336,0.52381
A185-001-23,23-H-045,363400.336,6591881.209,186.461,185.711,18,14.25,0.791451,37.161891,69.492806,14.085937,0.561212
A185-001-23,23-H-045,363400.336,6591881.209,185.711,184.961,19,15.0,0.823048,35.247684,68.731243,16.001216,0.506659
A185-001-23,23-H-045,363400.336,6591881.209,184.961,184.211,20,15.75,0.780034,39.523996,69.068922,16.22495,0.602062
A185-001-23,23-H-045,363400.336,6591881.209,184.211,183.759,21,16.202,0.757437,38.654794,67.208693,15.347737,0.589989
A185-001-23,23-H-046,363402.393,6591889.228,200.026,199.276,0,0.75,0.905216,32.631219,69.659237,14.409156,0.432323
A185-001-23,23-H-046,363402.393,6591889.228,199.276,198.526,1,1.5,0.854965,33.123506,69.757012,14.837537,0.465209
A185-001-23,23-H-046,363402.393,6591889.228,198.526,197.776,2,2.25,0.865368,34.180358,70.317608,13.876591,0.477927
A185-001-23,23-H-046,363402.393,6591889.228,197.776,197.026,3,3.0,0.818802,33.211437,69.678209,15.192485,0.486456
A185-001-23,23-H-046,363402.393,6591889.228,197.026,196.276,4,3.75,0.82608,35.654675,70.284479,15.128828,0.522002
A185-001-23,23-H-046,363402.393,6591889.228,196.276,195.526,5,4.5,0.832673,34.575219,70.128346,14.774217,0.501106
A185-001-23,23-H-046,363402.393,6591889.228,195.526,194.776,6,5.25,0.795242,36.880121,69.762445,16.169394,0.55672
A185-001-23,23-H-046,363402.393,6591889.228,194.776,194.026,7,6.0,0.787402,37.946548,68.659717,15.689017,0.569274
A185-001-23,23-H-046,363402.393,6591889.228,194.026,193.276,8,6.75,0.793474,38.893048,68.531322,15.626587,0.577889
A185-001-23,23-H-046,363402.393,6591889.228,193.276,192.526,9,7.5,0.720232,39.750404,68.351528,16.892083,0.648903
A185-001-23,23-H-046,363402.393,6591889.228,192.526,191.776,10,8.25,0.746319,38.349558,68.577774,17.869116,0.606407
A185-001-23,23-H-046,363402.393,6591889.228,191.776,191.026,11,9.0,0.742961,39.112547,68.513164,16.719565,0.620491
A185-001-23,23-H-046,363402.393,6591889.228,191.026,190.276,12,9.75,0.745984,38.714316,68.086471,16.500263,0.607889
A185-001-23,23-H-046,363402.393,6591889.228,190.276,189.526,13,10.5,0.740815,37.61672,68.143524,16.520258,0.595319
A185-001-23,23-H-046,363402.393,6591889.228,189.526,188.776,14,11.25,0.788255,36.579122,70.304883,14.54855,0.561189
A185-001-23,23-H-046,363402.393,6591889.228,188.776,188.026,15,12.0,0.783029,37.746142,69.351226,16.321274,0.575222
A185-001-23,23-H-046,363402.393,6591889.228,188.026,187.276,16,12.75,0.815849,35.797651,70.068926,15.3509,0.529043
A185-001-23,23-H-046,363402.393,6591889.228,187.276,186.526,17,13.5,0.798816,34.662491,69.788238,15.897981,0.521188
A185-001-23,23-H-046,363402.393,6591889.228,186.526,185.776,18,14.25,0.800885,37.259143,68.320381,15.301395,0.546864
A185-001-23,23-H-046,363402.393,6591889.228,185.776,185.026,19,15.0,0.79666,36.060007,69.909598,16.635053,0.544617
A185-001-23,23-H-046,363402.393,6591889.228,185.026,184.421,20,15.605,0.779158,36.498165,68.98943,15.097425,0.555968
A185-001-23,23-H-047,363404.214,6591868.003,200.013,199.263,0,0.75,0.852836,34.954461,71.524996,14.69122,0.504454
A185-001-23,23-H-047,363404.214,6591868.003,199.263,198.513,1,1.5,0.842807,34.795186,69.594381,15.277597,0.494521
A185-001-23,23-H-047,363404.214,6591868.003,198.513,197.763,2,2.25,0.820591,34.523809,70.831495,14.87382,0.512788
A185-001-23,23-H-047,363404.214,6591868.003,197.763,197.013,3,3.0,0.812849,35.496294,68.969965,16.383421,0.51843
A185-001-23,23-H-047,363404.214,6591868.003,197.013,196.263,4,3.75,0.848164,37.662828,69.080154,15.666258,0.527888
A185-001-23,23-H-047,363404.214,6591868.003,196.263,195.513,5,4.5,0.805082,34.922216,70.237091,15.294377,0.524273
A185-001-23,23-H-047,363404.214,6591868.003,195.513,194.763,6,5.25,0.795419,35.41788,68.901712,16.092186,0.528025
A185-001-23,23-H-047,363404.214,6591868.003,194.763,194.013,7,6.0,0.795714,36.694315,69.246383,15.446074,0.549429
A185-001-23,23-H-047,363404.214,6591868.003,194.013,193.263,8,6.75,0.804243,37.223219,69.099959,16.789605,0.550432
A185-001-23,23-H-047,363404.214,6591868.003,193.263,192.513,9,7.5,0.773446,38.700268,67.020422,16.681968,0.57704
A185-001-23,23-H-047,363404.214,6591868.003,192.513,191.763,10,8.25,0.759248,39.017576,69.811585,16.785098,0.617203
A185-001-23,23-H-047,363404.214,6591868.003,191.763,191.013,11,9.0,0.765069,39.087962,69.189571,16.592929,0.608152
A185-001-23,23-H-047,363404.214,6591868.003,191.013,190.263,12,9.75,0.766381,38.320683,69.336767,16.344837,0.596468
A185-001-23,23-H-047,363404.214,6591868.003,190.263,189.513,13,10.5,0.760556,39.166895,68.074674,15.942439,0.603056
A185-001-23,23-H-047,363404.214,6591868.003,189.513,188.763,14,11.25,0.767092,37.748683,69.316309,15.875279,0.586822
A185-001-23,23-H-047,363404.214,6591868.003,188.763,188.013,15,12.0,0.757076,36.950958,70.195664,15.367761,0.589334
A185-001-23,23-H-047,363404.214,6591868.003,188.013,187.263,16,12.75,0.788326,36.754689,69.01287,17.315849,0.55383
A185-001-23,23-H-047,363404.214,6591868.003,187.263,186.513,17,13.5,0.780093,37.242183,68.773635,16.76349,0.565022
A185-001-23,23-H-047,363404.214,6591868.003,186.513,185.763,18,14.25,0.780467,35.345852,68.474712,15.560044,0.533633
A185-001-23,23-H-047,363404.214,6591868.003,185.763,185.013,19,15.0,0.745818,37.471762,69.717088,15.923564,0.602551
A185-001-23,23-H-047,363404.214,6591868.003,185.013,184.5,20,15.513,0.765722,37.769791,69.740049,16.667054,0.591876
A185-001-23,23-H-048,363406.159,6591875.82,200.051,199.301,0,0.75,0.834387,35.278115,68.861872,15.167345,0.501076
A185-001-23,23-H-048,363406.159,6591875.82,199.301,198.551,1,1.5,0.868483,32.937469,70.415009,14.793616,0.459708
A185-001-23,23-H-048,363406.159,6591875.82,198.551,197.801,2,2.25,0.857998,35.036107,70.374945,14.971647,0.494578
A185-001-23,23-H-048,363406.159,6591875.82,197.801,197.051,3,3.0,0.864749,35.459926,70.422061,15.934497,0.497093
A185-001-23,23-H-048,363406.159,6591875.82,197.051,196.301,4,3.75,0.811036,36.436181,70.189772,16.718197,0.542727
A185-001-23,23-H-048,363406.159,6591875.82,196.301,195.551,5,4.5,0.778414,35.112764,69.305313,16.457162,0.538052
A185-001-23,23-H-048,363406.159,6591875.82,195.551,194.801,6,5.25,0.776122,37.080473,69.582461,16.26885,0.572012
A185-001-23,23-H-048,363406.159,6591875.82,194.801,194.051,7,6.0,0.799709,36.505111,69.348144,15.249351,0.544657
A185-001-23,23-H-048,363406.159,6591875.82,194.051,193.301,8,6.75,0.809448,39.098055,69.544243,15.799292,0.577909
A185-001-23,23-H-048,363406.159,6591875.82,193.301,192.551,9,7.5,0.76404,38.727701,68.770092,16.9751,0.599774
A185-001-23,23-H-048,363406.159,6591875.82,192.551,191.801,10,8.25,0.785811,37.636325,68.683802,15.965691,0.566006
A185-001-23,23-H-048,363406.159,6591875.82,191.801,191.051,11,9.0,0.798625,36.482432,69.346342,16.161476,0.545153
A185-001-23,23-H-048,363406.159,6591875.82,191.051,190.301,12,9.75,0.739389,36.99335,68.706562,16.729336,0.591467
A185-001-23,23-H-048,363406.159,6591875.82,190.301,189.551,13,10.5,0.780628,37.255586,69.728421,17.331532,0.572722
A185-001-23,23-H-048,363406.159,6591875.82,189.551,188.801,14,11.25,0.792083,37.116563,68.464571,15.786067,0.552028
A185-001-23,23-H-048,363406.159,6591875.82,188.801,188.051,15,12.0,0.784367,37.95404,68.771095,15.978544,0.572541
A185-001-23,23-H-048,363406.159,6591875.82,188.051,187.301,16,12.75,0.783684,36.507907,67.716293,16.97708,0.542974
A185-001-23,23-H-048,363406.159,6591875.82,187.301,186.551,17,13.5,0.768767,34.352251,69.720314,15.158562,0.536045
A185-001-23,23-H-048,363406.159,6591875.82,186.551,185.801,18,14.25,0.762053,36.405774,68.013163,15.789362,0.559059
A185-001-23,23-H-048,363406.159,6591875.82,185.801,185.051,19,15.0,0.775209,36.980783,68.633331,15.167631,0.563252
A185-001-23,23-H-048,363406.159,6591875.82,185.051,184.323,20,15.728,0.782904,37.403036,71.174312,16.281844,0.585032
A185-001-23,23-H-049,363408.486,6591883.576,199.949,199.199,0,0.75,0.844319,34.018405,69.564484,15.058747,0.482427
A185-001-23,23-H-049,363408.486,6591883.576,199.199,198.449,1,1.5,0.851659,34.524075,69.711145,15.2029,0.486404
A185-001-23,23-H-049,363408.486,6591883.576,198.449,197.699,2,2.25,0.863169,34.498767,69.399783,14.985543,0.477432
A185-001-23,23-H-049,363408.486,6591883.576,197.699,196.949,3,3.0,0.843167,35.109147,70.096565,15.807487,0.502404
A185-001-23,23-H-049,363408.486,6591883.576,196.949,196.199,4,3.75,0.827294,37.757318,69.149401,16.342309,0.543134
A185-001-23,23-H-049,363408.486,6591883.576,196.199,195.449,5,4.5,0.7881,36.221172,69.538882,15.431351,0.549894
A185-001-23,23-H-049,363408.486,6591883.576,195.449,194.699,6,5.25,0.765237,37.636155,69.578971,17.312805,0.588882
A185-001-23,23-H-049,363408.486,6591883.576,194.699,193.949,7,6.0,0.775037,36.550007,69.733196,15.992147,0.565829
A185-001-23,23-H-049,363408.486,6591883.576,193.949,193.199,8,6.75,0.752197,37.268828,68.930089,15.470369,0.587491
A185-001-23,23-H-049,363408.486,6591883.576,193.199,192.449,9,7.5,0.746207,38.214648,67.797125,17.293758,0.597446
A185-001-23,23-H-049,363408.486,6591883.576,192.449,191.699,10,8.25,0.756959,38.829742,68.565796,15.869477,0.605024
A185-001-23,23-H-049,363408.486,6591883.576,191.699,190.949,11,9.0,0.759522,38.657958,70.113296,15.89796,0.613839
A185-001-23,23-H-049,363408.486,6591883.576,190.949,190.199,12,9.75,0.742341,37.592278,70.549156,16.398246,0.614588
A185-001-23,23-H-049,363408.486,6591883.576,190.199,189.449,13,10.5,0.759848,36.589941,68.115398,15.92224,0.564363
A185-001-23,23-H-049,363408.486,6591883.576,189.449,188.699,14,11.25,0.735078,38.152863,68.391471,15.196615,0.610517
A185-001-23,23-H-049,363408.486,6591883.576,188.699,187.949,15,12.0,0.762293,37.228538,71.000387,16.862754,0.596616
A185-001-23,23-H-049,363408.486,6591883.576,187.949,187.199,16,12.75,0.800079,36.256714,68.770034,16.006658,0.536314
A185-001-23,23-H-049,363408.486,6591883.576,187.199,186.449,17,13.5,0.74794,38.294422,68.468582,16.435862,0.603097
A185-001-23,23-H-049,363408.486,6591883.576,186.449,185.699,18,14.25,0.745984,39.541778,70.198788,16.666524,0.640058
A185-001-23,23-H-049,363408.486,6591883.576,185.699,184.949,19,15.0,0.733889,39.147338,70.212111,16.310895,0.644183
A185-001-23,23-H-049,363408.486,6591883.576,184.949,184.199,20,15.75,0.741627,38.2704,69.238049,15.410049,0.614518
A185-001-23,23-H-049,363408.486,6591883.576,184.199,183.715,21,16.234,0.741364,38.146664,70.053967,17.153738,0.620164
A185-001-23,23-H-050,363410.74,6591891.03,199.977,199.227,0,0.75,0.833599,36.327255,70.328107,15.350115,0.527387
A185-001-23,23-H-050,363410.74,6591891.03,199.227,198.477,1,1.5,0.775513,36.46729,68.238491,14.904219,0.552024
A185-001-23,23-H-050,363410.74,6591891.03,198.477,197.727,2,2.25,0.771136,37.429224,69.895883,15.652459,0.583627
A185-001-23,23-H-050,363410.74,6591891.03,197.727,196.977,3,3.0,0.837018,35.974379,69.287031,15.675707,0.512524
A185-001-23,23-H-050,363410.74,6591891.03,196.977,196.227,4,3.75,0.761768,37.484459,67.718999,15.037259,0.573208
A185-001-23,23-H-050,363410.74,6591891.03,196.227,195.477,5,4.5,0.787647,37.043246,67.441299,16.687041,0.545891
A185-001-23,23-H-050,363410.74,6591891.03,195.477,194.727,6,5.25,0.740288,39.362407,67.635939,16.270193,0.618636
A185-001-23,23-H-050,363410.74,6591891.03,194.727,193.977,7,6.0,0.723942,39.694651,68.901154,16.003053,0.649746
A185-001-23,23-H-050,363410.74,6591891.03,193.977,193.227,8,6.75,0.731814,40.741214,69.73057,17.527717,0.667776
A185-001-23,23-H-050,363410.74,6591891.03,193.227,192.477,9,7.5,0.697613,42.724902,68.761575,17.502527,0.724229
A185-001-23,23-H-050,363410.74,6591891.03,192.477,191.727,10,8.25,0.687433,38.581289,68.312441,17.167469,0.659491
A185-001-23,23-H-050,363410.74,6591891.03,191.727,190.977,11,9.0,0.70928,39.666697,67.266097,17.207973,0.647138
A185-001-23,23-H-050,363410.74,6591891.03,190.977,190.227,12,9.75,0.699441,39.546548,67.338821,16.920405,0.654901
A185-001-23,23-H-050,363410.74,6591891.03,190.227,189.477,13,10.5,0.725873,39.044531,68.792508,16.73775,0.636528
A185-001-23,23-H-050,363410.74,6591891.03,189.477,188.727,14,11.25,0.759517,40.26116,68.584162,16.090786,0.625345
A185-001-23,23-H-050,363410.74,6591891.03,188.727,187.977,15,12.0,0.767848,39.154445,68.861882,16.925052,0.604161
A185-001-23,23-H-050,363410.74,6591891.03,187.977,187.227,16,12.75,0.708844,38.449637,67.744849,16.950662,0.632152
A185-001-23,23-H-050,363410.74,6591891.03,187.227,186.477,17,13.5,0.745053,39.052321,68.662551,17.045475,0.619186
A185-001-23,23-H-050,363410.74,6591891.03,186.477,185.727,18,14.25,0.745539,40.735617,68.933759,17.62804,0.647978
A185-001-23,23-H-050,363410.74,6591891.03,185.727,184.977,19,15.0,0.734446,39.090939,68.57477,16.509375,0.627852
A185-001-23,23-H-050,363410.74,6591891.03,184.977,184.227,20,15.75,0.744621,38.241503,68.103478,17.529099,0.60186
A185-001-23,23-H-050,363410.74,6591891.03,184.227,183.532,21,16.445,0.742864,40.211522,67.946736,17.793005,0.632824
A185-001-23,23-H-051,363412.491,6591899.174,199.994,199.244,0,0.75,0.841275,37.274651,69.577194,15.411261,0.530475
A185-001-23,23-H-051,363412.491,6591899.174,199.244,198.494,1,1.5,0.808535,36.793997,68.587804,15.549874,0.537084
A185-001-23,23-H-051,363412.491,6591899.174,198.494,197.744,2,2.25,0.764507,34.252429,68.972163,16.550533,0.531882
A185-001-23,23-H-051,363412.491,6591899.174,197.744,196.994,3,3.0,0.790141,36.93624,69.184463,15.183085,0.556398
A185-001-23,23-H-051,363412.491,6591899.174,196.994,196.244,4,3.75,0.757237,38.16473,68.501076,16.343397,0.593976
A185-001-23,23-H-051,363412.491,6591899.174,196.244,195.494,5,4.5,0.760889,37.897361,70.055934,16.113778,0.600259
A185-001-23,23-H-051,363412.491,6591899.174,195.494,194.744,6,5.25,0.735144,40.563981,67.818791,17.794245,0.643822
A185-001-23,23-H-051,363412.491,6591899.174,194.744,193.994,7,6.0,0.721323,37.412315,67.345564,17.729516,0.60109
A185-001-23,23-H-051,363412.491,6591899.174,193.994,193.244,8,6.75,0.696321,40.072081,67.16888,17.820738,0.664973
A185-001-23,23-H-051,363412.491,6591899.174,193.244,192.494,9,7.5,0.697606,41.477125,66.902516,17.646686,0.684212
A185-001-23,23-H-051,363412.491,6591899.174,192.494,191.744,10,8.25,0.701484,40.094602,66.699849,17.733627,0.655857
A185-001-23,23-H-051,363412.491,6591899.174,191.744,190.994,11,9.0,0.709866,40.123032,67.289295,17.011875,0.654221
A185-001-23,23-H-051,363412.491,6591899.174,190.994,190.244,12,9.75,0.728101,40.193747,68.238316,17.321846,0.648029
A185-001-23,23-H-051,363412.491,6591899.174,190.244,189.494,13,10.5,0.692387,40.152524,67.951759,16.950054,0.677756
A185-001-23,23-H-051,363412.491,6591899.174,189.494,188.744,14,11.25,0.722483,38.96311,68.336096,17.115165,0.634001
A185-001-23,23-H-051,363412.491,6591899.174,188.744,187.994,15,12.0,0.708729,38.901369,67.790301,17.439771,0.640146
A185-001-23,23-H-051,363412.491,6591899.174,187.994,187.244,16,12.75,0.722566,37.995393,68.336951,16.471346,0.618165
A185-001-23,23-H-051,363412.491,6591899.174,187.244,186.494,17,13.5,0.724783,38.451432,68.677822,16.115853,0.62671
A185-001-23,23-H-051,363412.491,6591899.174,186.494,185.744,18,14.25,0.720101,38.855999,68.121628,16.468184,0.632285
A185-001-23,23-H-051,363412.491,6591899.174,185.744,184.994,19,15.0,0.764428,37.762874,69.337469,17.220852,0.589424
A185-001-23,23-H-051,363412.491,6591899.174,184.994,184.481,20,15.513,0.70343,38.489964,67.637794,16.653297,0.636627
A185-001-23,23-H-052,363412.081,6591870.154,200.034,199.284,0,0.75,0.86484,33.746454,70.641057,15.348845,0.474511
A185-001-23,23-H-052,363412.081,6591870.154,199.284,198.534,1,1.5,0.816196,34.498662,69.428906,15.559708,0.505084
A185-001-23,23-H-052,363412.081,6591870.154,198.534,197.784,2,2.25,0.833805,35.856984,70.610126,15.186056,0.522516
A185-001-23,23-H-052,363412.081,6591870.154,197.784,197.034,3,3.0,0.79923,37.129087,70.05127,15.821744,0.559937
A185-001-23,23-H-052,363412.081,6591870.154,197.034,196.284,4,3.75,0.811238,37.389098,70.383072,15.778877,0.558143
A185-001-23,23-H-052,363412.081,6591870.154,196.284,195.534,5,4.5,0.767946,38.553875,68.645297,16.132261,0.592889
A185-001-23,23-H-052,363412.081,6591870.154,195.534,194.784,6,5.25,0.772196,38.397694,69.103178,16.364917,0.591188
A185-001-23,23-H-052,363412.081,6591870.154,194.784,194.034,7,6.0,0.763323,38.57606,68.505965,16.560851,0.595654
A185-001-23,23-H-052,363412.081,6591870.154,194.034,193.284,8,6.75,0.736483,39.647686,68.088619,16.523195,0.630524
A185-001-23,23-H-052,363412.081,6591870.154,193.284,192.534,9,7.5,0.791938,37.127079,68.293321,17.439785,0.551109
A185-001-23,23-H-052,363412.081,6591870.154,192.534,191.784,10,8.25,0.73422,40.013549,68.112429,16.792113,0.638534
A185-001-23,23-H-052,363412.081,6591870.154,191.784,191.034,11,9.0,0.74692,39.710218,67.895095,17.470545,0.62107
A185-001-23,23-H-052,363412.081,6591870.154,191.034,190.284,12,9.75,0.754271,39.17322,68.345172,17.28777,0.610735
A185-001-23,23-H-052,363412.081,6591870.154,190.284,189.534,13,10.5,0.73204,39.924776,68.766798,16.569909,0.645106
A185-001-23,23-H-052,363412.081,6591870.154,189.534,188.784,14,11.25,0.757,36.239769,68.771629,16.49933,0.566533
A185-001-23,23-H-052,363412.081,6591870.154,188.784,188.034,15,12.0,0.761486,36.938093,69.846045,16.800292,0.582994
A185-001-23,23-H-052,363412.081,6591870.154,188.034,187.284,16,12.75,0.807706,35.519721,69.961616,15.640319,0.529449
A185-001-23,23-H-052,363412.081,6591870.154,187.284,186.534,17,13.5,0.80066,37.685632,69.022717,16.488936,0.559069
A185-001-23,23-H-052,363412.081,6591870.154,186.534,185.784,18,14.25,0.78062,38.21427,70.274929,16.207984,0.591862
A185-001-23,23-H-052,363412.081,6591870.154,185.784,185.034,19,15.0,0.776087,37.47567,68.701377,16.373436,0.57083
A185-001-23,23-H-052,363412.081,6591870.154,185.034,184.416,20,15.618,0.765602,37.885402,69.445076,16.963126,0.591308
A185-001-23,23-H-053,363413.683,6591877.93,200.07,199.32,0,0.75,0.827136,35.607238,70.56096,15.644923,0.522751
A185-001-23,23-H-053,363413.683,6591877.93,199.32,198.57,1,1.5,0.773345,36.441453,69.78934,16.911627,0.56595
A185-001-23,23-H-053,363413.683,6591877.93,198.57,197.82,2,2.25,0.79314,36.853282,69.117635,16.21495,0.552653
A185-001-23,23-H-053,363413.683,6591877.93,197.82,197.07,3,3.0,0.800956,36.383411,69.149595,15.788832,0.540524
A185-001-23,23-H-053,363413.683,6591877.93,197.07,196.32,4,3.75,0.776138,38.630092,67.848925,16.531866,0.581059
A185-001-23,23-H-053,363413.683,6591877.93,196.32,195.57,5,4.5,0.784497,36.96388,69.473427,16.212967,0.563266
A185-001-23,23-H-053,363413.683,6591877.93,195.57,194.82,6,5.25,0.745205,40.426256,68.3665,16.700067,0.637972
A185-001-23,23-H-053,363413.683,6591877.93,194.82,194.07,7,6.0,0.733365,41.235045,69.035989,16.869889,0.667643
A185-001-23,23-H-053,363413.683,6591877.93,194.07,193.32,8,6.75,0.698141,40.179535,69.995366,16.68078,0.692772
A185-001-23,23-H-053,363413.683,6591877.93,193.32,192.57,9,7.5,0.696747,41.100843,67.612216,18.593246,0.686151
A185-001-23,23-H-053,363413.683,6591877.93,192.57,191.82,10,8.25,0.695374,41.92171,68.072676,18.404868,0.705925
A185-001-23,23-H-053,363413.683,6591877.93,191.82,191.07,11,9.0,0.681923,41.473248,68.605823,18.246871,0.717669
A185-001-23,23-H-053,363413.683,6591877.93,191.07,190.32,12,9.75,0.678502,41.105384,67.808669,18.474862,0.706645
A185-001-23,23-H-053,363413.683,6591877.93,190.32,189.57,13,10.5,0.697317,39.414463,68.784791,17.932326,0.668839
A185-001-23,23-H-053,363413.683,6591877.93,189.57,188.82,14,11.25,0.688733,41.26982,68.093664,18.15845,0.701847
A185-001-23,23-H-053,363413.683,6591877.93,188.82,188.07,15,12.0,0.734824,38.846537,68.862475,18.3221,0.626447
A185-001-23,23-H-053,363413.683,6591877.93,188.07,187.32,16,12.75,0.743681,39.479349,67.64917,16.378007,0.61778
A185-001-23,23-H-053,363413.683,6591877.93,187.32,186.57,17,13.5,0.730834,37.89916,68.284818,16.873237,0.609237
A185-001-23,23-H-053,363413.683,6591877.93,186.57,185.82,18,14.25,0.710153,40.472563,67.608988,17.38291,0.662805
A185-001-23,23-H-053,363413.683,6591877.93,185.82,185.07,19,15.0,0.708599,39.308104,68.707599,15.542646,0.655431
A185-001-23,23-H-053,363413.683,6591877.93,185.07,184.32,20,15.75,0.72037,40.569456,68.835752,17.412028,0.666844
A185-001-23,23-H-053,363413.683,6591877.93,184.32,183.57,21,16.5,0.70264,39.737828,68.52796,16.134946,0.666508
A185-001-23,23-H-053,363413.683,6591877.93,183.57,183.177,22,16.893,0.719197,40.60434,68.180496,17.712291,0.662194
A185-001-23,23-H-054,363415.876,6591885.656,199.962,199.212,0,0.75,0.770866,36.791968,69.887928,16.04462,0.573906
A185-001-23,23-H-054,363415.876,6591885.656,199.212,198.462,1,1.5,0.778901,38.215609,69.830697,16.700687,0.589507
A185-001-23,23-H-054,363415.876,6591885.656,198.462,197.712,2,2.25,0.756792,39.065772,68.687805,16.279369,0.609954
A185-001-23,23-H-054,363415.876,6591885.656,197.712,196.962,3,3.0,0.780801,39.234466,68.86343,16.8802,0.59539
A185-001-23,23-H-054,363415.876,6591885.656,196.962,196.212,4,3.75,0.765227,38.256382,67.920744,16.047411,0.584191
A185-001-23,23-H-054,363415.876,6591885.656,196.212,195.462,5,4.5,0.724447,39.598048,69.822963,17.217025,0.656506
A185-001-23,23-H-054,363415.876,6591885.656,195.462,194.712,6,5.25,0.709996,40.566104,67.863474,16.676189,0.666886
A185-001-23,23-H-054,363415.876,6591885.656,194.712,193.962,7,6.0,0.741953,41.650069,67.799232,16.908033,0.65466
A185-001-23,23-H-054,363415.876,6591885.656,193.962,193.212,8,6.75,0.702544,40.472802,67.113286,18.446433,0.665197
A185-001-23,23-H-054,363415.876,6591885.656,193.212,192.462,9,7.5,0.695458,41.714605,68.114205,18.392284,0.702789
A185-001-23,23-H-054,363415.876,6591885.656,192.462,191.712,10,8.25,0.70528,41.347919,67.642362,17.523357,0.682112
A185-001-23,23-H-054,363415.876,6591885.656,191.712,190.962,11,9.0,0.6784,41.043159,69.329607,17.220795,0.72131
A185-001-23,23-H-054,363415.876,6591885.656,190.962,190.212,12,9.75,0.672442,40.866639,67.032371,17.213754,0.700623
A185-001-23,23-H-054,363415.876,6591885.656,190.212,189.462,13,10.5,0.667441,41.644565,67.025621,17.649188,0.719234
A185-001-23,23-H-054,363415.876,6591885.656,189.462,188.712,14,11.25,0.691411,39.475978,67.153395,17.616517,0.659574
A185-001-23,23-H-054,363415.876,6591885.656,188.712,187.962,15,12.0,0.723943,39.004344,67.14411,16.726316,0.622334
A185-001-23,23-H-054,363415.876,6591885.656,187.962,187.212,16,12.75,0.731718,40.577916,68.672903,16.152653,0.654971
A185-001-23,23-H-054,363415.876,6591885.656,187.212,186.462,17,13.5,0.724413,39.615764,68.035832,17.810944,0.640143
A185-001-23,23-H-054,363415.876,6591885.656,186.462,185.712,18,14.25,0.688219,40.925366,68.28815,16.895299,0.698355
A185-001-23,23-H-054,363415.876,6591885.656,185.712,184.962,19,15.0,0.695502,41.298639,68.499732,17.40959,0.699566
A185-001-23,23-H-054,363415.876,6591885.656,184.962,184.921,20,15.041,0.689649,40.153036,67.998983,16.561588,0.680872
A185-001-23,23-H-055,363418.03,6591893.336,199.96,199.21,0,0.75,0.822049,35.351286,68.766477,15.648866,0.508975
A185-001-23,23-H-055,363418.03,6591893.336,199.21,198.46,1,1.5,0.810777,38.017325,69.355296,15.933913,0.559567
A185-001-23,23-H-055,363418.03,6591893.336,198.46,197.71,2,2.25,0.771654,37.621581,69.190147,15.453864,0.5803
A185-001-23,23-H-055,363418.03,6591893.336,197.71,196.96,3,3.0,0.752037,38.63502,68.480564,16.584433,0.605263
A185-001-23,23-H-055,363418.03,6591893.336,196.96,196.21,4,3.75,0.728902,36.831168,67.68348,16.178041,0.588395
A185-001-23,23-H-055,363418.03,6591893.336,196.21,195.46,5,4.5,0.734873,39.744829,68.169777,17.279433,0.634289
A185-001-23,23-H-055,363418.03,6591893.336,195.46,194.71,6,5.25,0.746675,40.796649,68.470519,16.781948,0.64352
A185-001-23,23-H-055,363418.03,6591893.336,194.71,193.96,7,6.0,0.717216,41.963898,67.367563,17.147586,0.677954
A185-001-23,23-H-055,363418.03,6591893.336,193.96,193.21,8,6.75,0.713318,41.058053,67.928841,17.475368,0.672557
A185-001-23,23-H-055,363418.03,6591893.336,193.21,192.46,9,7.5,0.707256,41.500775,67.485828,17.639564,0.681158
A185-001-23,23-H-055,363418.03,6591893.336,192.46,191.71,10,8.25,0.70137,41.713962,66.72599,17.472559,0.682604
A185-001-23,23-H-055,363418.03,6591893.336,191.71,190.96,11,9.0,0.679072,43.11164,66.971226,18.302242,0.731268
A185-001-23,23-H-055,363418.03,6591893.336,190.96,190.21,12,9.75,0.673268,40.47636,68.846654,17.704797,0.711865
A185-001-23,23-H-055,363418.03,6591893.336,190.21,189.46,13,10.5,0.721936,41.318012,68.072136,17.326512,0.670137
A185-001-23,23-H-055,363418.03,6591893.336,189.46,188.71,14,11.25,0.708734,40.959958,68.736599,17.430278,0.683281
A185-001-23,23-H-055,363418.03,6591893.336,188.71,187.96,15,12.0,0.733604,39.166834,68.13782,17.56047,0.625914
A185-001-23,23-H-055,363418.03,6591893.336,187.96,187.21,16,12.75,0.748323,39.398363,67.88128,16.395913,0.614802
A185-001-23,23-H-055,363418.03,6591893.336,187.21,186.46,17,13.5,0.734798,39.583837,67.949438,16.961267,0.629718
A185-001-23,23-H-055,363418.03,6591893.336,186.46,185.71,18,14.25,0.705722,40.291029,67.93867,17.060974,0.66716
A185-001-23,23-H-055,363418.03,6591893.336,185.71,184.96,19,15.0,0.715411,40.292728,68.471894,17.317579,0.663361
A185-001-23,23-H-055,363418.03,6591893.336,184.96,184.21,20,15.75,0.720758,39.067989,68.68231,16.936904,0.640414
A185-001-23,23-H-055,363418.03,6591893.336,184.21,183.672,21,16.288,0.716787,39.327967,68.591496,16.91662,0.647365
A185-001-23,23-H-056,363419.973,6591901.625,200.031,199.281,0,0.75,0.736991,38.628344,68.478363,16.113193,0.617395
A185-001-23,23-H-056,363419.973,6591901.625,199.281,198.531,1,1.5,0.727702,40.797784,66.713941,17.6039,0.643476
A185-001-23,23-H-056,363419.973,6591901.625,198.531,197.781,2,2.25,0.748891,39.033606,69.58325,18.559678,0.624142
A185-001-23,23-H-056,363419.973,6591901.625,197.781,197.031,3,3.0,0.694481,39.127211,68.402164,16.447139,0.662806
A185-001-23,23-H-056,363419.973,6591901.625,197.031,196.281,4,3.75,0.706412,41.937026,68.659938,17.399238,0.701038
A185-001-23,23-H-056,363419.973,6591901.625,196.281,195.531,5,4.5,0.67256,42.397998,68.110453,19.342001,0.738582
A185-001-23,23-H-056,363419.973,6591901.625,195.531,194.781,6,5.25,0.682371,41.021734,67.52639,18.057623,0.698266
A185-001-23,23-H-056,363419.973,6591901.625,194.781,194.031,7,6.0,0.667572,41.015259,67.739829,19.229163,0.715975
A185-001-23,23-H-056,363419.973,6591901.625,194.031,193.281,8,6.75,0.668426,42.783976,67.217949,18.180139,0.739943
A185-001-23,23-H-056,363419.973,6591901.625,193.281,192.531,9,7.5,0.656297,42.87274,67.906911,17.861736,0.762815
A185-001-23,23-H-056,363419.973,6591901.625,192.531,191.781,10,8.25,0.662002,40.874592,66.773954,18.317368,0.709175
A185-001-23,23-H-056,363419.973,6591901.625,191.781,191.031,11,9.0,0.618537,44.033104,67.948992,18.024385,0.831627
A185-001-23,23-H-056,363419.973,6591901.625,191.031,190.281,12,9.75,0.634286,42.497301,67.507457,19.264416,0.7779
A185-001-23,23-H-056,363419.973,6591901.625,190.281,189.531,13,10.5,0.678015,42.108672,67.328565,17.63629,0.719142
A185-001-23,23-H-056,363419.973,6591901.625,189.531,188.781,14,11.25,0.644908,41.975106,67.600862,17.929639,0.756633
A185-001-23,23-H-056,363419.973,6591901.625,188.781,188.031,15,12.0,0.655502,42.950266,68.51968,17.940605,0.772009
A185-001-23,23-H-056,363419.973,6591901.625,188.031,187.281,16,12.75,0.665688,42.579834,66.043394,18.545831,0.726605
A185-001-23,23-H-056,363419.973,6591901.625,187.281,186.531,17,13.5,0.669551,41.081535,67.780965,17.658258,0.715257
A185-001-23,23-H-056,363419.973,6591901.625,186.531,185.781,18,14.25,0.645954,42.798227,65.893673,17.444078,0.750728
A185-001-23,23-H-056,363419.973,6591901.625,185.781,185.031,19,15.0,0.626748,43.77296,67.447209,18.664862,0.809993
A185-001-23,23-H-056,363419.973,6591901.625,185.031,184.281,20,15.75,0.689256,42.65448,68.597573,18.630619,0.730177
A185-001-23,23-H-056,363419.973,6591901.625,184.281,183.634,21,16.397,0.630854,41.692385,66.718774,17.358257,0.758181
A185-001-23,23-H-057,363420.049,6591872.031,200.065,199.315,0,0.75,0.849094,35.25473,70.902566,16.226628,0.506761
A185-001-23,23-H-057,363420.049,6591872.031,199.315,198.565,1,1.5,0.855791,36.394414,69.781446,16.515964,0.510861
A185-001-23,23-H-057,363420.049,6591872.031,198.565,197.815,2,2.25,0.809724,35.944555,70.400415,17.305759,0.537971
A185-001-23,23-H-057,363420.049,6591872.031,197.815,197.065,3,3.0,0.793691,37.029044,69.287742,15.644683,0.556187
A185-001-23,23-H-057,363420.049,6591872.031,197.065,196.315,4,3.75,0.767727,37.651962,69.743784,16.573666,0.588521
A185-001-23,23-H-057,363420.049,6591872.031,196.315,195.565,5,4.5,0.830759,35.912548,69.905204,16.462136,0.520164
A185-001-23,23-H-057,363420.049,6591872.031,195.565,194.815,6,5.25,0.763805,37.195499,68.194199,15.986241,0.571375
A185-001-23,23-H-057,363420.049,6591872.031,194.815,194.065,7,6.0,0.771314,39.687783,69.695348,17.470958,0.61704
A185-001-23,23-H-057,363420.049,6591872.031,194.065,193.315,8,6.75,0.730455,39.437214,67.51247,17.32153,0.627109
A185-001-23,23-H-057,363420.049,6591872.031,193.315,192.565,9,7.5,0.732805,39.735808,68.067449,16.137073,0.634839
A185-001-23,23-H-057,363420.049,6591872.031,192.565,191.815,10,8.25,0.707773,41.323899,68.189091,16.401033,0.68466
A185-001-23,23-H-057,363420.049,6591872.031,191.815,191.065,11,9.0,0.706441,41.154263,68.195966,17.359235,0.683325
A185-001-23,23-H-057,363420.049,6591872.031,191.065,190.315,12,9.75,0.684815,41.485319,67.991394,16.817055,0.7083
A185-001-23,23-H-057,363420.049,6591872.031,190.315,189.565,13,10.5,0.691663,41.150877,69.411647,18.377838,0.710348
A185-001-23,23-H-057,363420.049,6591872.031,189.565,188.815,14,11.25,0.690332,40.153529,68.73812,17.3996,0.687682
A185-001-23,23-H-057,363420.049,6591872.031,188.815,188.065,15,12.0,0.715349,41.887155,67.390283,17.583207,0.67876
A185-001-23,23-H-057,363420.049,6591872.031,188.065,187.315,16,12.75,0.690631,39.343936,70.206698,17.240375,0.687894
A185-001-23,23-H-057,363420.049,6591872.031,187.315,186.565,17,13.5,0.733384,39.191214,69.395343,16.542012,0.637889
A185-001-23,23-H-057,363420.049,6591872.031,186.565,185.815,18,14.25,0.720652,39.52037,66.998042,17.767166,0.632164
A185-001-23,23-H-057,363420.049,6591872.031,185.815,185.065,19,15.0,0.727027,39.711731,69.068754,16.475585,0.648902
A185-001-23,23-H-057,363420.049,6591872.031,185.065,184.346,20,15.719,0.729804,40.172898,68.621779,16.71272,0.649733
A185-001-23,23-H-058,363421.55,6591879.943,200.032,199.282,0,0.75,0.814731,35.328971,70.839135,15.67224,0.52862
A185-001-23,23-H-058,363421.55,6591879.943,199.282,198.532,1,1.5,0.808616,36.705106,70.463523,15.860027,0.550375
A185-001-23,23-H-058,363421.55,6591879.943,198.532,197.782,2,2.25,0.813266,37.203575,69.417768,16.180253,0.54648
A185-001-23,23-H-058,363421.55,6591879.943,197.782,197.032,3,3.0,0.779963,38.171863,68.102147,16.825347,0.573545
A185-001-23,23-H-058,363421.55,6591879.943,197.032,196.282,4,3.75,0.745855,37.190369,67.636902,16.051642,0.580241
A185-001-23,23-H-058,363421.55,6591879.943,196.282,195.532,5,4.5,0.802794,37.104997,67.523883,17.5861,0.537283
A185-001-23,23-H-058,363421.55,6591879.943,195.532,194.782,6,5.25,0.734165,38.776111,68.932321,16.458716,0.626281
A185-001-23,23-H-058,363421.55,6591879.943,194.782,194.032,7,6.0,0.751461,37.055678,67.728252,16.139542,0.574632
A185-001-23,23-H-058,363421.55,6591879.943,194.032,193.282,8,6.75,0.738463,39.212516,67.639363,16.704083,0.61789
A185-001-23,23-H-058,363421.55,6591879.943,193.282,192.532,9,7.5,0.721672,40.49483,67.382854,16.923517,0.650386
A185-001-23,23-H-058,363421.55,6591879.943,192.532,191.782,10,8.25,0.731373,38.952219,69.25336,16.705539,0.634473
A185-001-23,23-H-058,363421.55,6591879.943,191.782,191.032,11,9.0,0.749084,38.626418,68.986996,16.513273,0.611975
A185-001-23,23-H-058,363421.55,6591879.943,191.032,190.282,12,9.75,0.75966,39.060082,68.190316,16.486043,0.603209
A185-001-23,23-H-058,363421.55,6591879.943,190.282,189.532,13,10.5,0.738088,38.872676,68.693794,16.367847,0.622345
A185-001-23,23-H-058,363421.55,6591879.943,189.532,188.782,14,11.25,0.768869,39.351185,69.049016,16.179266,0.607934
A185-001-23,23-H-058,363421.55,6591879.943,188.782,188.032,15,12.0,0.743454,37.971176,69.868641,16.965895,0.613946
A185-001-23,23-H-058,363421.55,6591879.943,188.032,187.282,16,12.75,0.716034,38.706,68.518679,16.237231,0.63707
A185-001-23,23-H-058,363421.55,6591879.943,187.282,186.532,17,13.5,0.729908,39.556609,69.208256,17.57095,0.645261
A185-001-23,23-H-058,363421.55,6591879.943,186.532,185.782,18,14.25,0.720416,38.46497,69.182492,16.242376,0.635355
A185-001-23,23-H-058,363421.55,6591879.943,185.782,185.032,19,15.0,0.696089,40.500036,68.492814,16.550867,0.685328
A185-001-23,23-H-058,363421.55,6591879.943,185.032,184.282,20,15.75,0.713275,40.500676,69.968863,17.28943,0.683335
A185-001-23,23-H-058,363421.55,6591879.943,184.282,183.532,21,16.5,0.736506,37.820076,68.436798,17.088256,0.604667
A185-001-23,23-H-058,363421.55,6591879.943,183.532,183.401,22,16.631,0.722137,41.666895,69.882285,15.836631,0.693319
A185-001-23,23-H-059,363423.935,6591887.664,199.991,199.241,0,0.75,0.781684,39.700076,69.769115,16.702999,0.609619
A185-001-23,23-H-059,363423.935,6591887.664,199.241,198.491,1,1.5,0.740982,38.661322,68.692678,16.734573,0.616596
A185-001-23,23-H-059,363423.935,6591887.664,198.491,197.741,2,2.25,0.729805,40.57566,68.196304,17.069151,0.652213
A185-001-23,23-H-059,363423.935,6591887.664,197.741,196.991,3,3.0,0.720966,39.973132,68.243958,18.885551,0.651085
A185-001-23,23-H-059,363423.935,6591887.664,196.991,196.241,4,3.75,0.726509,38.738498,67.728895,17.309749,0.621348
A185-001-23,23-H-059,363423.935,6591887.664,196.241,195.491,5,4.5,0.755849,41.610055,68.375208,18.173568,0.647637
A185-001-23,23-H-059,363423.935,6591887.664,195.491,194.741,6,5.25,0.699852,41.493323,67.901716,17.413935,0.692419
A185-001-23,23-H-059,363423.935,6591887.664,194.741,193.991,7,6.0,0.701978,42.827412,67.740158,18.501023,0.710897
A185-001-23,23-H-059,363423.935,6591887.664,193.991,193.241,8,6.75,0.688366,41.155676,67.626502,18.281975,0.69551
A185-001-23,23-H-059,363423.935,6591887.664,193.241,192.491,9,7.5,0.667679,41.393529,68.198567,17.98657,0.727167
A185-001-23,23-H-059,363423.935,6591887.664,192.491,191.741,10,8.25,0.672257,42.675821,66.566581,18.893259,0.726881
A185-001-23,23-H-059,363423.935,6591887.664,191.741,190.991,11,9.0,0.622365,43.647208,67.678098,18.702656,0.816127
A185-001-23,23-H-059,363423.935,6591887.664,190.991,190.241,12,9.75,0.683198,43.143443,67.238732,17.213346,0.730164
A185-001-23,23-H-059,363423.935,6591887.664,190.241,189.491,13,10.5,0.670067,41.474807,67.690287,16.996462,0.720487
A185-001-23,23-H-059,363423.935,6591887.664,189.491,188.741,14,11.25,0.665826,42.885778,66.430122,17.815463,0.735841
A185-001-23,23-H-059,363423.935,6591887.664,188.741,187.991,15,12.0,0.668839,42.273673,68.198273,19.088209,0.741428
A185-001-23,23-H-059,363423.935,6591887.664,187.991,187.241,16,12.75,0.655163,43.540286,68.05085,18.772587,0.777747
A185-001-23,23-H-059,363423.935,6591887.664,187.241,186.491,17,13.5,0.663289,42.350245,68.67538,17.513405,0.753996
A185-001-23,23-H-059,363423.935,6591887.664,186.491,185.741,18,14.25,0.668922,41.847014,66.355247,17.609825,0.713929
A185-001-23,23-H-059,363423.935,6591887.664,185.741,184.991,19,15.0,0.663948,44.353327,67.661642,19.374365,0.77739
A185-001-23,23-H-059,363423.935,6591887.664,184.991,184.241,20,15.75,0.683379,40.308164,67.24314,18.253006,0.682308
A185-001-23,23-H-059,363423.935,6591887.664,184.241,183.491,21,16.5,0.664201,41.869488,67.274554,17.831939,0.729337
A185-001-23,23-H-059,363423.935,6591887.664,183.491,183.021,22,16.97,0.707013,41.719257,67.40347,18.18709,0.6842
A185-001-23,23-H-060,363425.791,6591895.697,200.055,199.305,0,0.75,0.724205,40.913978,68.521674,16.507608,0.665788
A185-001-23,23-H-060,363425.791,6591895.697,199.305,198.555,1,1.5,0.708148,39.871359,68.609984,18.244025,0.664602
A185-001-23,23-H-060,363425.791,6591895.697,198.555,197.805,2,2.25,0.694788,40.050748,67.788999,17.487405,0.67217
A185-001-23,23-H-060,363425.791,6591895.697,197.805,197.055,3,3.0,0.714577,41.866674,69.000448,17.672661,0.695347
A185-001-23,23-H-060,363425.791,6591895.697,197.055,196.305,4,3.75,0.715597,39.909188,67.285795,17.943423,0.64563
A185-001-23,23-H-060,363425.791,6591895.697,196.305,195.555,5,4.5,0.686535,40.704144,67.577363,17.57106,0.689146
A185-001-23,23-H-060,363425.791,6591895.697,195.555,194.805,6,5.25,0.69056,40.767495,68.961521,17.000655,0.700148
A185-001-23,23-H-060,363425.791,6591895.697,194.805,194.055,7,6.0,0.709568,42.931331,66.954757,17.980254,0.696807
A185-001-23,23-H-060,363425.791,6591895.697,194.055,193.305,8,6.75,0.678374,41.757424,67.143453,17.649309,0.710833
A185-001-23,23-H-060,363425.791,6591895.697,193.305,192.555,9,7.5,0.640714,43.503759,66.170141,18.85229,0.772682
A185-001-23,23-H-060,363425.791,6591895.697,192.555,191.805,10,8.25,0.612811,43.243348,66.676637,18.144025,0.808981
A185-001-23,23-H-060,363425.791,6591895.697,191.805,191.055,11,9.0,0.639574,42.512407,67.779692,18.88454,0.774817
A185-001-23,23-H-060,363425.791,6591895.697,191.055,190.305,12,9.75,0.653896,43.632945,67.285243,19.363863,0.772214
A185-001-23,23-H-060,363425.791,6591895.697,190.305,189.555,13,10.5,0.643789,43.506604,67.260657,18.320889,0.781625
A185-001-23,23-H-060,363425.791,6591895.697,189.555,188.805,14,11.25,0.642138,41.814011,68.185522,17.721591,0.763482
A185-001-23,23-H-060,363425.791,6591895.697,188.805,188.055,15,12.0,0.655651,43.993554,67.603133,18.395325,0.780039
A185-001-23,23-H-060,363425.791,6591895.697,188.055,187.305,16,12.75,0.631685,43.295322,68.134523,18.422452,0.802984
A185-001-23,23-H-060,363425.791,6591895.697,187.305,186.555,17,13.5,0.612835,45.282542,67.561022,18.935382,0.858295
A185-001-23,23-H-060,363425.791,6591895.697,186.555,185.805,18,14.25,0.592478,44.675673,66.556513,17.017085,0.862618
A185-001-23,23-H-060,363425.791,6591895.697,185.805,185.055,19,15.0,0.600352,45.312504,67.703277,18.589619,0.87847
A185-001-23,23-H-060,363425.791,6591895.697,185.055,184.305,20,15.75,0.623588,43.878226,66.770684,18.684924,0.807879
A185-001-23,23-H-060,363425.791,6591895.697,184.305,183.629,21,16.426,0.622538,43.991217,67.88023,18.88561,0.824785
A185-001-23,23-H-061,363427.563,6591903.177,200.02,199.27,0,0.75,0.824387,37.022649,70.078795,15.428837,0.541522
A185-001-23,23-H-061,363427.563,6591903.177,199.27,198.52,1,1.5,0.798875,37.780416,68.344871,15.265665,0.556073
A185-001-23,23-H-061,363427.563,6591903.177,198.52,197.77,2,2.25,0.792557,38.250592,70.009022,15.27405,0.581216
A185-001-23,23-H-061,363427.563,6591903.177,197.77,197.02,3,3.0,0.73283,39.136806,68.833569,17.181432,0.632419
A185-001-23,23-H-061,363427.563,6591903.177,197.02,196.27,4,3.75,0.765106,40.229328,68.468643,16.635089,0.619326
A185-001-23,23-H-061,363427.563,6591903.177,196.27,195.52,5,4.5,0.763858,40.193627,67.776854,17.440546,0.613642
A185-001-23,23-H-061,363427.563,6591903.177,195.52,194.77,6,5.25,0.768832,39.230813,68.232771,16.297135,0.598982
A185-001-23,23-H-061,363427.563,6591903.177,194.77,194.02,7,6.0,0.698151,38.533167,68.446804,16.944736,0.649836
A185-001-23,23-H-061,363427.563,6591903.177,194.02,193.27,8,6.75,0.705002,40.788879,67.952357,16.928645,0.676185
A185-001-23,23-H-061,363427.563,6591903.177,193.27,192.52,9,7.5,0.705299,42.632868,66.158675,16.823,0.687762
A185-001-23,23-H-061,363427.563,6591903.177,192.52,191.77,10,8.25,0.667474,40.487722,67.147056,17.687271,0.700547
A185-001-23,23-H-061,363427.563,6591903.177,191.77,191.02,11,9.0,0.697284,41.154172,68.655411,16.990136,0.696874
A185-001-23,23-H-061,363427.563,6591903.177,191.02,190.27,12,9.75,0.685983,41.594474,68.372683,17.045724,0.712944
A185-001-23,23-H-061,363427.563,6591903.177,190.27,189.52,13,10.5,0.718474,41.335251,67.849246,17.486702,0.671457
A185-001-23,23-H-061,363427.563,6591903.177,189.52,188.77,14,11.25,0.720414,41.391734,68.509606,17.147145,0.677031
A185-001-23,23-H-061,363427.563,6591903.177,188.77,188.02,15,12.0,0.721485,39.33398,69.601356,16.962338,0.652708
A185-001-23,23-H-061,363427.563,6591903.177,188.02,187.27,16,12.75,0.702401,40.470766,68.499127,17.314722,0.678854
A185-001-23,23-H-061,363427.563,6591903.177,187.27,186.52,17,13.5,0.704016,41.111631,66.609901,17.153688,0.669057
A185-001-23,23-H-061,363427.563,6591903.177,186.52,185.77,18,14.25,0.708878,40.066865,67.783947,17.485795,0.659067
A185-001-23,23-H-061,363427.563,6591903.177,185.77,185.02,19,15.0,0.684524,39.773768,67.226193,17.046081,0.671853
A185-001-23,23-H-061,363427.563,6591903.177,185.02,184.27,20,15.75,0.6779,40.329354,67.971104,16.305167,0.695354
A185-001-23,23-H-061,363427.563,6591903.177,184.27,183.962,21,16.058,0.671452,41.887839,69.88118,18.161696,0.749722
A185-001-23,23-H-062,363429.383,6591882.235,200.0,199.25,0,0.75,0.786761,37.425036,68.385823,15.557823,0.559682
A185-001-23,23-H-062,363429.383,6591882.235,199.25,198.5,1,1.5,0.789696,37.136408,69.283012,17.126416,0.560748
A185-001-23,23-H-062,363429.383,6591882.235,198.5,197.75,2,2.25,0.751558,37.561383,68.551286,16.972461,0.589526
A185-001-23,23-H-062,363429.383,6591882.235,197.75,197.0,3,3.0,0.750613,39.925382,70.210736,17.150718,0.642443
A185-001-23,23-H-062,363429.383,6591882.235,197.0,196.25,4,3.75,0.763227,39.402399,68.165524,16.022058,0.605368
A185-001-23,23-H-062,363429.383,6591882.235,196.25,195.5,5,4.5,0.771235,40.809287,68.402602,16.854907,0.622676
A185-001-23,23-H-062,363429.383,6591882.235,195.5,194.75,6,5.25,0.738723,40.532754,67.829088,17.797614,0.640319
A185-001-23,23-H-062,363429.383,6591882.235,194.75,194.0,7,6.0,0.706466,39.642108,67.754781,18.043785,0.654109
A185-001-23,23-H-062,363429.383,6591882.235,194.0,193.25,8,6.75,0.680105,43.104778,67.708111,18.272957,0.73805
A185-001-23,23-H-062,363429.383,6591882.235,193.25,192.5,9,7.5,0.658581,41.654414,68.146452,17.775314,0.741223
A185-001-23,23-H-062,363429.383,6591882.235,192.5,191.75,10,8.25,0.661076,40.872927,67.658364,17.58448,0.719424
A185-001-23,23-H-062,363429.383,6591882.235,191.75,191.0,11,9.0,0.660127,42.033989,68.786244,18.387755,0.753272
A185-001-23,23-H-062,363429.383,6591882.235,191.0,190.25,12,9.75,0.690896,41.56558,68.147779,18.217428,0.70522
A185-001-23,23-H-062,363429.383,6591882.235,190.25,189.5,13,10.5,0.69247,41.07205,68.76836,18.83419,0.701681
A185-001-23,23-H-062,363429.383,6591882.235,189.5,188.75,14,11.25,0.67869,39.832257,66.519742,17.479802,0.671547
A185-001-23,23-H-062,363429.383,6591882.235,188.75,188.0,15,12.0,0.664788,41.704245,67.519153,17.986436,0.728476
A185-001-23,23-H-062,363429.383,6591882.235,188.0,187.25,16,12.75,0.718864,40.23088,68.485076,16.539798,0.659206
A185-001-23,23-H-062,363429.383,6591882.235,187.25,186.5,17,13.5,0.695179,40.843811,67.04251,17.306175,0.677512
A185-001-23,23-H-062,363429.383,6591882.235,186.5,185.75,18,14.25,0.688605,41.322357,67.921467,18.14402,0.701094
A185-001-23,23-H-062,363429.383,6591882.235,185.75,185.0,19,15.0,0.715429,41.350105,68.428483,17.038921,0.680233
A185-001-23,23-H-062,363429.383,6591882.235,185.0,184.359,20,15.641,0.68645,40.119855,67.550631,17.661368,0.679112
A185-001-23,23-H-063,363432.062,6591890.262,199.919,199.169,0,0.75,0.776637,37.898311,69.940264,16.575005,0.587229
A185-001-23,23-H-063,363432.062,6591890.262,199.169,198.419,1,1.5,0.731364,38.88093,68.19808,16.862083,0.623722
A185-001-23,23-H-063,363432.062,6591890.262,198.419,197.669,2,2.25,0.713697,39.724399,68.693401,16.976603,0.657673
A185-001-23,23-H-063,363432.062,6591890.262,197.669,196.919,3,3.0,0.738854,39.121208,67.266094,16.929755,0.61277
A185-001-23,23-H-063,363432.062,6591890.262,196.919,196.169,4,3.75,0.748669,38.9675,67.308545,17.228235,0.60281
A185-001-23,23-H-063,363432.062,6591890.262,196.169,195.419,5,4.5,0.693284,39.615761,68.127335,17.311101,0.669625
A185-001-23,23-H-063,363432.062,6591890.262,195.419,194.669,6,5.25,0.731004,40.356394,67.321399,16.917554,0.639339
A185-001-23,23-H-063,363432.062,6591890.262,194.669,193.919,7,6.0,0.682496,40.255947,67.534615,17.03255,0.685105
A185-001-23,23-H-063,363432.062,6591890.262,193.919,193.169,8,6.75,0.680207,42.154757,68.699294,19.103681,0.732358
A185-001-23,23-H-063,363432.062,6591890.262,193.169,192.419,9,7.5,0.684864,43.412562,68.119194,17.64363,0.742546
A185-001-23,23-H-063,363432.062,6591890.262,192.419,191.669,10,8.25,0.655982,41.951748,67.596686,19.449765,0.743623
A185-001-23,23-H-063,363432.062,6591890.262,191.669,190.919,11,9.0,0.660629,43.439017,67.197797,18.408171,0.75988
A185-001-23,23-H-063,363432.062,6591890.262,190.919,190.169,12,9.75,0.654376,42.781299,68.237716,17.448011,0.767079
A185-001-23,23-H-063,363432.062,6591890.262,190.169,189.419,13,10.5,0.664565,43.604418,68.285835,17.671005,0.770412
A185-001-23,23-H-063,363432.062,6591890.262,189.419,188.669,14,11.25,0.642343,42.877405,67.930778,19.118927,0.77985
A185-001-23,23-H-063,363432.062,6591890.262,188.669,187.919,15,12.0,0.703881,42.951293,68.36071,17.772105,0.71743
A185-001-23,23-H-063,363432.062,6591890.262,187.919,187.169,16,12.75,0.679586,40.920004,66.86638,17.751161,0.692533
A185-001-23,23-H-063,363432.062,6591890.262,187.169,186.419,17,13.5,0.667799,39.694271,67.16744,17.912124,0.686762
A185-001-23,23-H-063,363432.062,6591890.262,186.419,185.669,18,14.25,0.670452,41.423146,68.067549,18.087333,0.723309
A185-001-23,23-H-063,363432.062,6591890.262,185.669,184.919,19,15.0,0.671256,40.880333,68.346129,17.361433,0.715828
A185-001-23,23-H-063,363432.062,6591890.262,184.919,184.553,20,15.366,0.639413,43.534658,66.742777,17.801483,0.781356
A185-001-23,23-H-064,363434.05,6591897.755,199.971,199.221,0,0.75,0.753252,39.739956,69.415814,17.401846,0.630075
A185-001-23,23-H-064,363434.05,6591897.755,199.221,198.471,1,1.5,0.71775,41.165164,68.267442,17.854499,0.673532
A185-001-23,23-H-064,363434.05,6591897.755,198.471,197.721,2,2.25,0.680504,39.685401,67.594131,17.995544,0.678108
A185-001-23,23-H-064,363434.05,6591897.755,197.721,196.971,3,3.0,0.704254,41.027515,69.10251,17.898383,0.692457
A185-001-23,23-H-064,363434.05,6591897.755,196.971,196.221,4,3.75,0.70418,40.852098,68.378117,18.685526,0.682467
A185-001-23,23-H-064,363434.05,6591897.755,196.221,195.471,5,4.5,0.715438,41.143368,69.147719,17.7042,0.684007
A185-001-23,23-H-064,363434.05,6591897.755,195.471,194.721,6,5.25,0.709565,40.878325,67.248989,18.539798,0.666567
A185-001-23,23-H-064,363434.05,6591897.755,194.721,193.971,7,6.0,0.661975,43.249575,67.340495,18.980704,0.756709
A185-001-23,23-H-064,363434.05,6591897.755,193.971,193.221,8,6.75,0.630559,44.069757,67.558288,18.773508,0.8119
A185-001-23,23-H-064,363434.05,6591897.755,193.221,192.471,9,7.5,0.598582,43.84352,67.520255,17.925702,0.850191
A185-001-23,23-H-064,363434.05,6591897.755,192.471,191.721,10,8.25,0.628443,45.2354,66.381624,18.723586,0.821584
A185-001-23,23-H-064,363434.05,6591897.755,191.721,190.971,11,9.0,0.652971,43.657849,67.059578,18.444816,0.771046
A185-001-23,23-H-064,363434.05,6591897.755,190.971,190.221,12,9.75,0.596739,43.662916,66.848336,19.830861,0.841108
A185-001-23,23-H-064,363434.05,6591897.755,190.221,189.471,13,10.5,0.625521,45.35649,66.67466,18.389674,0.831217
A185-001-23,23-H-064,363434.05,6591897.755,189.471,188.721,14,11.25,0.655549,43.831824,66.790685,17.872013,0.767922
A185-001-23,23-H-064,363434.05,6591897.755,188.721,187.971,15,12.0,0.635041,45.160309,67.207578,18.745297,0.821799
A185-001-23,23-H-064,363434.05,6591897.755,187.971,187.221,16,12.75,0.64154,44.453499,67.150641,17.939933,0.800026
A185-001-23,23-H-064,363434.05,6591897.755,187.221,186.471,17,13.5,0.598305,43.760734,67.281067,18.314351,0.846029
A185-001-23,23-H-064,363434.05,6591897.755,186.471,185.721,18,14.25,0.633357,44.468368,67.667833,17.782938,0.816813
A185-001-23,23-H-064,363434.05,6591897.755,185.721,184.971,19,15.0,0.62667,45.601637,66.876523,18.862411,0.836746
A185-001-23,23-H-064,363434.05,6591897.755,184.971,184.221,20,15.75,0.599988,42.84764,67.246261,19.561505,0.825831
A185-001-23,23-H-064,363434.05,6591897.755,184.221,183.961,21,16.01,0.627373,44.108496,67.864888,18.904301,0.820438
A185-001-23,23-H-065,363435.463,6591906.026,200.028,199.278,0,0.75,0.739939,37.175798,68.782054,15.890153,0.594483
A185-001-23,23-H-065,363435.463,6591906.026,199.278,198.528,1,1.5,0.784754,37.092226,68.67733,15.336406,0.558471
A185-001-23,23-H-065,363435.463,6591906.026,198.528,197.778,2,2.25,0.761917,38.154357,69.396125,16.64174,0.597901
A185-001-23,23-H-065,363435.463,6591906.026,197.778,197.028,3,3.0,0.754161,37.712578,68.665798,17.141125,0.590858
A185-001-23,23-H-065,363435.463,6591906.026,197.028,196.278,4,3.75,0.782557,37.604118,68.588198,16.401682,0.567132
A185-001-23,23-H-065,363435.463,6591906.026,196.278,195.528,5,4.5,0.747805,39.548462,68.765803,16.825379,0.625637
A185-001-23,23-H-065,363435.463,6591906.026,195.528,194.778,6,5.25,0.719364,38.839528,68.112822,17.951752,0.632762
A185-001-23,23-H-065,363435.463,6591906.026,194.778,194.028,7,6.0,0.741787,40.299174,67.267433,17.232834,0.62872
A185-001-23,23-H-065,363435.463,6591906.026,194.028,193.278,8,6.75,0.718463,40.524612,67.745445,17.88238,0.657384
A185-001-23,23-H-065,363435.463,6591906.026,193.278,192.528,9,7.5,0.679778,43.07491,68.132864,18.436996,0.742529
A185-001-23,23-H-065,363435.463,6591906.026,192.528,191.778,10,8.25,0.710611,41.5936,67.75107,17.347092,0.68209
A185-001-23,23-H-065,363435.463,6591906.026,191.778,191.028,11,9.0,0.72564,40.8548,67.932418,17.15548,0.657906
A185-001-23,23-H-065,363435.463,6591906.026,191.028,190.278,12,9.75,0.694877,40.038979,69.498688,17.619014,0.688796
A185-001-23,23-H-065,363435.463,6591906.026,190.278,189.528,13,10.5,0.68652,40.86801,68.419777,18.132626,0.700595
A185-001-23,23-H-065,363435.463,6591906.026,189.528,188.778,14,11.25,0.728259,39.186988,68.50901,17.153923,0.634191
A185-001-23,23-H-065,363435.463,6591906.026,188.778,188.028,15,12.0,0.714546,40.221874,67.537891,17.94491,0.654059
A185-001-23,23-H-065,363435.463,6591906.026,188.028,187.278,16,12.75,0.687683,40.20355,68.731139,17.025416,0.691065
A185-001-23,23-H-065,363435.463,6591906.026,187.278,186.528,17,13.5,0.740817,39.627839,68.715137,17.807171,0.632436
A185-001-23,23-H-065,363435.463,6591906.026,186.528,185.778,18,14.25,0.717412,41.158634,67.968043,18.012878,0.670816
A185-001-23,23-H-065,363435.463,6591906.026,185.778,185.028,19,15.0,0.724203,40.357711,68.844179,16.565165,0.659853
A185-001-23,23-H-065,363435.463,6591906.026,185.028,184.278,20,15.75,0.674912,38.245265,68.452478,16.58042,0.667144
A185-001-23,23-H-065,363435.463,6591906.026,184.278,183.528,21,16.5,0.687278,40.422011,67.868278,16.765631,0.686483
A185-001-23,23-H-065,363435.463,6591906.026,183.528,183.362,22,16.666,0.68987,41.584041,67.178924,15.801145,0.696271
A185-001-23,23-H-066,363437.068,6591884.18,200.027,199.277,0,0.75,0.814074,33.850305,70.561585,15.513445,0.504984
A185-001-23,23-H-066,363437.068,6591884.18,199.277,198.527,1,1.5,0.81538,37.093979,71.334419,16.254527,0.558429
A185-001-23,23-H-066,363437.068,6591884.18,198.527,197.777,2,2.25,0.792632,36.56444,69.598399,16.676945,0.552546
A185-001-23,23-H-066,363437.068,6591884.18,197.777,197.027,3,3.0,0.767123,37.650131,69.01017,16.539082,0.582776
A185-001-23,23-H-066,363437.068,6591884.18,197.027,196.277,4,3.75,0.752301,38.793227,69.536548,16.706006,0.616873
A185-001-23,23-H-066,363437.068,6591884.18,196.277,195.527,5,4.5,0.761047,38.144675,68.792721,16.666559,0.593249
A185-001-23,23-H-066,363437.068,6591884.18,195.527,194.777,6,5.25,0.751068,37.446684,67.292645,17.293757,0.577394
A185-001-23,23-H-066,363437.068,6591884.18,194.777,194.027,7,6.0,0.75668,37.670967,68.7547,17.186279,0.589014
A185-001-23,23-H-066,363437.068,6591884.18,194.027,193.277,8,6.75,0.696814,40.167337,69.087227,17.660467,0.68502
A185-001-23,23-H-066,363437.068,6591884.18,193.277,192.527,9,7.5,0.725837,40.131496,68.207675,17.474275,0.648769
A185-001-23,23-H-066,363437.068,6591884.18,192.527,191.777,10,8.25,0.705211,40.221453,68.349813,17.874291,0.670612
A185-001-23,23-H-066,363437.068,6591884.18,191.777,191.027,11,9.0,0.707603,39.802953,67.908751,17.671941,0.657143
A185-001-23,23-H-066,363437.068,6591884.18,191.027,190.277,12,9.75,0.694974,39.311414,67.470912,17.779424,0.656576
A185-001-23,23-H-066,363437.068,6591884.18,190.277,189.527,13,10.5,0.726888,39.939805,68.400438,18.030698,0.646633
A185-001-23,23-H-066,363437.068,6591884.18,189.527,188.777,14,11.25,0.715039,38.903272,68.170539,16.562489,0.637987
A185-001-23,23-H-066,363437.068,6591884.18,188.777,188.027,15,12.0,0.741084,38.365857,66.667704,16.650152,0.593829
A185-001-23,23-H-066,363437.068,6591884.18,188.027,187.277,16,12.75,0.745829,37.813313,67.968411,17.445403,0.593
A185-001-23,23-H-066,363437.068,6591884.18,187.277,186.527,17,13.5,0.722697,40.503297,68.227959,15.957506,0.657606
A185-001-23,23-H-066,363437.068,6591884.18,186.527,185.777,18,14.25,0.74671,38.717766,68.683143,17.066233,0.612727
A185-001-23,23-H-066,363437.068,6591884.18,185.777,185.027,19,15.0,0.706388,40.935576,68.716078,17.052138,0.684886
A185-001-23,23-H-066,363437.068,6591884.18,185.027,184.277,20,15.75,0.692779,41.54808,69.431595,17.292256,0.716105
A185-001-23,23-H-066,363437.068,6591884.18,184.277,183.527,21,16.5,0.709401,38.475596,68.038904,17.866379,0.634929
A185-001-23,23-H-066,363437.068,6591884.18,183.527,182.831,22,17.196,0.710459,40.340545,68.587529,17.918678,0.669959
A185-001-23,23-H-067,363439.325,6591892.3,200.129,199.379,0,0.75,0.795232,36.508012,68.381851,16.233997,0.540269
A185-001-23,23-H-067,363439.325,6591892.3,199.379,198.629,1,1.5,0.755232,39.598537,70.228287,17.424906,0.633507
A185-001-23,23-H-067,363439.325,6591892.3,198.629,197.879,2,2.25,0.733723,39.117531,70.505747,17.171738,0.646628
A185-001-23,23-H-067,363439.325,6591892.3,197.879,197.129,3,3.0,0.74778,39.592006,68.820723,17.119707,0.626878
A185-001-23,23-H-067,363439.325,6591892.3,197.129,196.379,4,3.75,0.721205,39.232225,69.113006,17.306577,0.646763
A185-001-23,23-H-067,363439.325,6591892.3,196.379,195.629,5,4.5,0.720598,40.161568,67.576647,17.330962,0.64791
A185-001-23,23-H-067,363439.325,6591892.3,195.629,194.879,6,5.25,0.741324,40.584269,69.143023,17.295828,0.651162
A185-001-23,23-H-067,363439.325,6591892.3,194.879,194.129,7,6.0,0.681211,41.743099,66.995794,17.777166,0.706103
A185-001-23,23-H-067,363439.325,6591892.3,194.129,193.379,8,6.75,0.699884,41.099431,68.651977,16.558134,0.693285
A185-001-23,23-H-067,363439.325,6591892.3,193.379,192.629,9,7.5,0.708027,40.56013,68.793761,18.264024,0.677968
A185-001-23,23-H-067,363439.325,6591892.3,192.629,191.879,10,8.25,0.662905,40.815636,68.708349,17.712457,0.727542
A185-001-23,23-H-067,363439.325,6591892.3,191.879,191.129,11,9.0,0.690438,42.094019,68.33731,18.784324,0.716681
A185-001-23,23-H-067,363439.325,6591892.3,191.129,190.379,12,9.75,0.725566,41.680658,66.554105,17.909328,0.657747
A185-001-23,23-H-067,363439.325,6591892.3,190.379,189.629,13,10.5,0.669309,42.746522,68.045918,17.146509,0.747267
A185-001-23,23-H-067,363439.325,6591892.3,189.629,188.879,14,11.25,0.708222,40.427071,67.957362,17.975495,0.667344
A185-001-23,23-H-067,363439.325,6591892.3,188.879,188.129,15,12.0,0.691247,40.736679,68.888102,17.64567,0.698263
A185-001-23,23-H-067,363439.325,6591892.3,188.129,187.379,16,12.75,0.708254,40.616554,68.558581,17.733187,0.676314
A185-001-23,23-H-067,363439.325,6591892.3,187.379,186.629,17,13.5,0.704574,41.854562,68.014874,18.304247,0.695022
A185-001-23,23-H-067,363439.325,6591892.3,186.629,185.879,18,14.25,0.712493,42.755661,68.552808,17.862632,0.707554
A185-001-23,23-H-067,363439.325,6591892.3,185.879,185.129,19,15.0,0.67488,41.796122,67.945313,17.594106,0.72367
A185-001-23,23-H-067,363439.325,6591892.3,185.129,184.379,20,15.75,0.662624,41.585256,68.661026,18.037627,0.741064
A185-001-23,23-H-067,363439.325,6591892.3,184.379,183.629,21,16.5,0.653984,40.933805,67.652663,17.792418,0.728246
A185-001-23,23-H-067,363439.325,6591892.3,183.629,182.879,22,17.25,0.692063,41.309786,68.716352,17.34245,0.70543
A185-001-23,23-H-067,363439.325,6591892.3,182.879,182.138,23,17.991,0.64159,42.539136,67.595344,18.221945,0.770698
A185-001-23,23-H-068,363441.402,6591899.654,200.062,199.312,0,0.75,0.814062,35.806719,70.225531,15.729874,0.531561
A185-001-23,23-H-068,363441.402,6591899.654,199.312,198.562,1,1.5,0.796344,34.737855,68.825238,16.58375,0.516813
A185-001-23,23-H-068,363441.402,6591899.654,198.562,197.812,2,2.25,0.808703,36.188558,68.863733,16.94094,0.530454
A185-001-23,23-H-068,363441.402,6591899.654,197.812,197.062,3,3.0,0.762319,37.625625,67.806761,15.686448,0.575767
A185-001-23,23-H-068,363441.402,6591899.654,197.062,196.312,4,3.75,0.790957,35.461228,69.178306,15.63119,0.53371
A185-001-23,23-H-068,363441.402,6591899.654,196.312,195.562,5,4.5,0.755875,38.728749,68.16759,15.575268,0.600784
A185-001-23,23-H-068,363441.402,6591899.654,195.562,194.812,6,5.25,0.793205,38.480257,69.173171,15.524955,0.577296
A185-001-23,23-H-068,363441.402,6591899.654,194.812,194.062,7,6.0,0.760033,38.476086,67.796946,16.318781,0.590494
A185-001-23,23-H-068,363441.402,6591899.654,194.062,193.312,8,6.75,0.742607,39.00763,67.221811,17.986052,0.607648
A185-001-23,23-H-068,363441.402,6591899.654,193.312,192.562,9,7.5,0.745957,39.570506,68.173656,16.688583,0.622127
A185-001-23,23-H-068,363441.402,6591899.654,192.562,191.812,10,8.25,0.730662,40.846158,68.267664,17.184393,0.656478
A185-001-23,23-H-068,363441.402,6591899.654,191.812,191.062,11,9.0,0.717266,39.079593,69.141418,17.041662,0.648014
A185-001-23,23-H-068,363441.402,6591899.654,191.062,190.312,12,9.75,0.715113,38.640783,67.159003,17.112946,0.624325
A185-001-23,23-H-068,363441.402,6591899.654,190.312,189.562,13,10.5,0.721664,37.888036,68.787222,16.849639,0.621291
A185-001-23,23-H-068,363441.402,6591899.654,189.562,188.812,14,11.25,0.746805,39.086438,69.153076,16.949822,0.622667
A185-001-23,23-H-068,363441.402,6591899.654,188.812,188.062,15,12.0,0.741257,39.152096,67.864704,17.965612,0.616818
A185-001-23,23-H-068,363441.402,6591899.654,188.062,187.312,16,12.75,0.745171,39.789861,69.911115,17.348488,0.64221
A185-001-23,23-H-068,363441.402,6591899.654,187.312,186.562,17,13.5,0.729322,38.561496,68.065578,16.601956,0.619108
A185-001-23,23-H-068,363441.402,6591899.654,186.562,185.812,18,14.25,0.72007,39.687944,68.848223,16.434785,0.652671
A185-001-23,23-H-068,363441.402,6591899.654,185.812,185.062,19,15.0,0.728038,38.316482,68.05759,17.079983,0.616254
A185-001-23,23-H-068,363441.402,6591899.654,185.062,184.312,20,15.75,0.737424,36.642323,68.333903,16.690255,0.58425
A185-001-23,23-H-068,363441.402,6591899.654,184.312,183.58,21,16.482,0.710698,38.956209,69.371444,17.244971,0.654113
A185-001-23,23-H-069,363443.148,6591907.481,199.986,199.236,0,0.75,0.817559,35.597553,69.605392,15.159492,0.521515
A185-001-23,23-H-069,363443.148,6591907.481,199.236,198.486,1,1.5,0.787733,37.507892,69.758769,15.711395,0.571456
A185-001-23,23-H-069,363443.148,6591907.481,198.486,197.736,2,2.25,0.772471,36.562077,68.514828,15.840779,0.557983
A185-001-23,23-H-069,363443.148,6591907.481,197.736,196.986,3,3.0,0.780369,37.984658,69.397406,15.149343,0.581054
A185-001-23,23-H-069,363443.148,6591907.481,196.986,196.236,4,3.75,0.787701,37.643221,68.681929,16.945257,0.56486
A185-001-23,23-H-069,363443.148,6591907.481,196.236,195.486,5,4.5,0.763076,37.832303,68.487848,16.527878,0.584239
A185-001-23,23-H-069,363443.148,6591907.481,195.486,194.736,6,5.25,0.729961,38.444398,68.036419,16.924213,0.616471
A185-001-23,23-H-069,363443.148,6591907.481,194.736,193.986,7,6.0,0.710555,38.050936,68.568269,17.885329,0.631792
A185-001-23,23-H-069,363443.148,6591907.481,193.986,193.236,8,6.75,0.688056,40.746438,68.405824,16.975871,0.696681
A185-001-23,23-H-069,363443.148,6591907.481,193.236,192.486,9,7.5,0.681722,42.589313,67.997293,17.894351,0.730578
A185-001-23,23-H-069,363443.148,6591907.481,192.486,191.736,10,8.25,0.68023,42.641235,68.303673,17.850509,0.736353
A185-001-23,23-H-069,363443.148,6591907.481,191.736,190.986,11,9.0,0.664355,41.268048,67.393031,17.417438,0.719936
A185-001-23,23-H-069,363443.148,6591907.481,190.986,190.236,12,9.75,0.690761,41.368968,67.916841,17.344273,0.699555
A185-001-23,23-H-069,363443.148,6591907.481,190.236,189.486,13,10.5,0.693883,40.422538,68.164911,18.040285,0.683094
A185-001-23,23-H-069,363443.148,6591907.481,189.486,188.736,14,11.25,0.699273,38.432786,69.281284,17.330365,0.655023
A185-001-23,23-H-069,363443.148,6591907.481,188.736,187.986,15,12.0,0.669134,42.156877,67.784429,17.169497,0.734358
A185-001-23,23-H-069,363443.148,6591907.481,187.986,187.236,16,12.75,0.758848,40.844775,69.920607,17.115309,0.647397
A185-001-23,23-H-069,363443.148,6591907.481,187.236,186.486,17,13.5,0.708766,40.252471,68.558431,17.462128,0.669755
A185-001-23,23-H-069,363443.148,6591907.481,186.486,185.736,18,14.25,0.699918,39.764498,66.956005,17.409895,0.654381
A185-001-23,23-H-069,363443.148,6591907.481,185.736,184.986,19,15.0,0.729316,39.47559,68.682009,15.952309,0.639384
A185-001-23,23-H-069,363443.148,6591907.481,184.986,184.236,20,15.75,0.693731,40.798813,66.948994,16.857186,0.677178
A185-001-23,23-H-069,363443.148,6591907.481,184.236,183.486,21,16.5,0.703045,40.947063,68.81047,16.784291,0.689236
A185-001-23,23-H-069,363443.148,6591907.481,183.486,183.07,22,16.916,0.665343,39.318345,68.891803,17.506465,0.700205
A185-001-23,23-H-070,363445.121,6591886.309,200.088,199.338,0,0.75,0.866411,33.304397,70.286375,15.160925,0.465113
A185-001-23,23-H-070,363445.121,6591886.309,199.338,198.588,1,1.5,0.841903,37.119664,70.437597,15.291786,0.534375
A185-001-23,23-H-070,363445.121,6591886.309,198.588,197.838,2,2.25,0.824211,34.591888,69.74073,15.851759,0.503816
A185-001-23,23-H-070,363445.121,6591886.309,197.838,197.088,3,3.0,0.806947,36.240196,68.73612,16.402052,0.531312
A185-001-23,23-H-070,363445.121,6591886.309,197.088,196.338,4,3.75,0.801596,37.508919,69.521547,15.686281,0.559715
A185-001-23,23-H-070,363445.121,6591886.309,196.338,195.588,5,4.5,0.774594,36.186465,69.899688,16.459258,0.56193
A185-001-23,23-H-070,363445.121,6591886.309,195.588,194.838,6,5.25,0.740982,38.434879,69.139455,15.814224,0.616859
A185-001-23,23-H-070,363445.121,6591886.309,194.838,194.088,7,6.0,0.731518,39.037063,69.096128,16.310761,0.634237
A185-001-23,23-H-070,363445.121,6591886.309,194.088,193.338,8,6.75,0.7105,40.182522,68.150395,17.341812,0.662996
A185-001-23,23-H-070,363445.121,6591886.309,193.338,192.588,9,7.5,0.658102,39.858686,67.080544,17.420552,0.698764
A185-001-23,23-H-070,363445.121,6591886.309,192.588,191.838,10,8.25,0.679142,40.191969,68.368263,17.644565,0.695922
A185-001-23,23-H-070,363445.121,6591886.309,191.838,191.088,11,9.0,0.74417,41.14091,68.335719,17.289807,0.649894
A185-001-23,23-H-070,363445.121,6591886.309,191.088,190.338,12,9.75,0.695528,40.817844,68.329984,16.977711,0.689659
A185-001-23,23-H-070,363445.121,6591886.309,190.338,189.588,13,10.5,0.698103,39.925273,69.071672,17.628913,0.679495
A185-001-23,23-H-070,363445.121,6591886.309,189.588,188.838,14,11.25,0.693686,39.48241,67.942921,16.759516,0.665126
A185-001-23,23-H-070,363445.121,6591886.309,188.838,188.088,15,12.0,0.702268,40.768492,67.896835,16.839654,0.677908
A185-001-23,23-H-070,363445.121,6591886.309,188.088,187.338,16,12.75,0.719085,39.525451,68.362442,16.816447,0.646362
A185-001-23,23-H-070,363445.121,6591886.309,187.338,186.588,17,13.5,0.712076,39.520256,68.76048,16.783515,0.656403
A185-001-23,23-H-070,363445.121,6591886.309,186.588,185.838,18,14.25,0.736745,40.472566,68.219671,17.943341,0.644779
A185-001-23,23-H-070,363445.121,6591886.309,185.838,185.088,19,15.0,0.74705,39.076963,69.003342,17.096174,0.620988
A185-001-23,23-H-070,363445.121,6591886.309,185.088,184.566,20,15.522,0.703044,39.376585,68.56795,15.915624,0.660446
A185-001-23,23-H-072,363449.133,6591901.974,199.958,199.208,0,0.75,0.811548,36.930648,68.844486,15.878021,0.53912
A185-001-23,23-H-072,363449.133,6591901.974,199.208,198.458,1,1.5,0.820966,35.323096,69.752574,15.368824,0.51648
A185-001-23,23-H-072,363449.133,6591901.974,198.458,197.708,2,2.25,0.790153,36.828444,69.872087,16.026371,0.56037
A185-001-23,23-H-072,363449.133,6591901.974,197.708,196.958,3,3.0,0.805911,38.57016,69.418626,16.676424,0.571701
A185-001-23,23-H-072,363449.133,6591901.974,196.958,196.208,4,3.75,0.765825,38.778135,68.228376,16.464428,0.594393
A185-001-23,23-H-072,363449.133,6591901.974,196.208,195.458,5,4.5,0.756801,40.317325,69.85138,15.737814,0.639988
A185-001-23,23-H-072,363449.133,6591901.974,195.458,194.708,6,5.25,0.734246,37.815832,68.263303,16.964076,0.604907
A185-001-23,23-H-072,363449.133,6591901.974,194.708,193.958,7,6.0,0.772639,39.604911,69.855677,17.047312,0.616061
A185-001-23,23-H-072,363449.133,6591901.974,193.958,193.208,8,6.75,0.73028,39.239754,69.207623,17.022843,0.639712
A185-001-23,23-H-072,363449.133,6591901.974,193.208,192.458,9,7.5,0.73509,40.756124,67.643924,17.220157,0.645176
A185-001-23,23-H-072,363449.133,6591901.974,192.458,191.708,10,8.25,0.708211,38.371734,69.439411,17.699271,0.647273
A185-001-23,23-H-072,363449.133,6591901.974,191.708,190.958,11,9.0,0.737366,39.558968,67.942065,17.514896,0.627138
A185-001-23,23-H-072,363449.133,6591901.974,190.958,190.208,12,9.75,0.711975,39.241663,68.064639,16.687647,0.645295
A185-001-23,23-H-072,363449.133,6591901.974,190.208,189.458,13,10.5,0.73254,40.965153,68.452142,17.306858,0.658486
A185-001-23,23-H-072,363449.133,6591901.974,189.458,188.708,14,11.25,0.743882,38.998664,67.626865,17.023455,0.609996
A185-001-23,23-H-072,363449.133,6591901.974,188.708,187.958,15,12.0,0.727204,39.828989,68.11744,17.130101,0.641798
A185-001-23,23-H-072,363449.133,6591901.974,187.958,187.208,16,12.75,0.7615,38.198836,67.63553,17.373363,0.583868
A185-001-23,23-H-072,363449.133,6591901.974,187.208,186.458,17,13.5,0.733421,37.540386,69.386843,17.867064,0.611159
A185-001-23,23-H-072,363449.133,6591901.974,186.458,185.708,18,14.25,0.743582,36.701157,69.799002,16.858144,0.592775
A185-001-23,23-H-072,363449.133,6591901.974,185.708,184.958,19,15.0,0.732725,39.033699,68.511789,16.300498,0.627802
A185-001-23,23-H-072,363449.133,6591901.974,184.958,184.208,20,15.75,0.748562,41.286327,66.917238,17.484932,0.634978
A185-001-23,23-H-072,363449.133,6591901.974,184.208,183.714,21,16.244,0.687446,39.93176,69.250223,18.068798,0.691939
A185-001-23,23-H-073,363450.969,6591909.161,199.977,199.227,0,0.75,0.815128,36.656627,69.318036,16.408465,0.536508
A185-001-23,23-H-073,363450.969,6591909.161,199.227,198.477,1,1.5,0.769894,36.957739,69.927575,17.085744,0.577661
A185-001-23,23-H-073,363450.969,6591909.161,198.477,197.727,2,2.25,0.796017,38.067281,69.547913,16.445334,0.572294
A185-001-23,23-H-073,363450.969,6591909.161,197.727,196.977,3,3.0,0.808225,37.079169,69.393137,15.483426,0.547766
A185-001-23,23-H-073,363450.969,6591909.161,196.977,196.227,4,3.75,0.75226,38.547724,68.034246,17.385946,0.599898
A185-001-23,23-H-073,363450.969,6591909.161,196.227,195.477,5,4.5,0.740961,38.235542,69.539514,16.281694,0.617283
A185-001-23,23-H-073,363450.969,6591909.161,195.477,194.727,6,5.25,0.718151,37.943425,69.031907,16.556915,0.627411
A185-001-23,23-H-073,363450.969,6591909.161,194.727,193.977,7,6.0,0.701907,41.475743,67.078081,18.072631,0.681841
A185-001-23,23-H-073,363450.969,6591909.161,193.977,193.227,8,6.75,0.68534,40.428806,68.015782,16.915715,0.690044
A185-001-23,23-H-073,363450.969,6591909.161,193.227,192.477,9,7.5,0.654245,42.238746,67.878764,18.27704,0.753656
A185-001-23,23-H-073,363450.969,6591909.161,192.477,191.727,10,8.25,0.680214,42.823007,67.235367,17.168125,0.727885
A185-001-23,23-H-073,363450.969,6591909.161,191.727,190.977,11,9.0,0.680015,40.909253,68.997617,17.823412,0.71391
A185-001-23,23-H-073,363450.969,6591909.161,190.977,190.227,12,9.75,0.671429,40.517851,67.739385,18.959894,0.703233
A185-001-23,23-H-073,363450.969,6591909.161,190.227,189.477,13,10.5,0.705403,43.208501,66.543861,17.395338,0.701033
A185-001-23,23-H-073,363450.969,6591909.161,189.477,188.727,14,11.25,0.671803,40.518349,67.527558,17.84691,0.700526
A185-001-23,23-H-073,363450.969,6591909.161,188.727,187.977,15,12.0,0.689946,40.778982,68.539284,16.876011,0.696671
A185-001-23,23-H-073,363450.969,6591909.161,187.977,187.227,16,12.75,0.699231,40.847695,67.972119,16.814506,0.682914
A185-001-23,23-H-073,363450.969,6591909.161,187.227,186.477,17,13.5,0.685231,41.476761,68.562879,17.349299,0.713721
A185-001-23,23-H-073,363450.969,6591909.161,186.477,185.727,18,14.25,0.704482,42.006135,68.769782,17.018416,0.705185
A185-001-23,23-H-073,363450.969,6591909.161,185.727,184.977,19,15.0,0.709957,39.51222,67.640394,17.017683,0.647562
A185-001-23,23-H-073,363450.969,6591909.161,184.977,184.227,20,15.75,0.701084,43.438237,68.464732,16.399176,0.729364
A185-001-23,23-H-073,363450.969,6591909.161,184.227,184.041,21,15.936,0.687819,39.007993,68.656052,16.802573,0.669685
A185-001-23,23-H-074,363451.94,6591887.53,200.062,199.312,0,0.75,0.818439,34.122058,68.295986,14.671874,0.49002
A185-001-23,23-H-074,363451.94,6591887.53,199.312,198.562,1,1.5,0.814979,34.945068,70.322613,15.192848,0.518883
A185-001-23,23-H-074,363451.94,6591887.53,198.562,197.812,2,2.25,0.833198,35.862448,69.062835,15.293723,0.511568
A185-001-23,23-H-074,363451.94,6591887.53,197.812,197.062,3,3.0,0.795704,36.334815,69.91342,15.93219,0.549353
A185-001-23,23-H-074,363451.94,6591887.53,197.062,196.312,4,3.75,0.785212,36.357356,68.944838,16.20824,0.549356
A185-001-23,23-H-074,363451.94,6591887.53,196.312,195.562,5,4.5,0.78102,38.592565,69.60963,17.110933,0.591869
A185-001-23,23-H-074,363451.94,6591887.53,195.562,194.812,6,5.25,0.795203,39.776143,67.904906,15.961166,0.584355
A185-001-23,23-H-074,363451.94,6591887.53,194.812,194.062,7,6.0,0.792847,38.772108,68.917761,16.434419,0.57989
A185-001-23,23-H-074,363451.94,6591887.53,194.062,193.312,8,6.75,0.735144,41.364378,67.564951,17.323285,0.653977
A185-001-23,23-H-074,363451.94,6591887.53,193.312,192.562,9,7.5,0.698319,40.052821,67.738415,17.297855,0.668297
A185-001-23,23-H-074,363451.94,6591887.53,192.562,191.812,10,8.25,0.678958,41.727027,68.619628,18.343976,0.725348
A185-001-23,23-H-074,363451.94,6591887.53,191.812,191.062,11,9.0,0.688659,40.208261,68.056199,18.464351,0.683586
A185-001-23,23-H-074,363451.94,6591887.53,191.062,190.312,12,9.75,0.718943,40.337275,68.217773,17.515413,0.658419
A185-001-23,23-H-074,363451.94,6591887.53,190.312,189.562,13,10.5,0.697103,40.943903,67.766193,16.976875,0.684546
A185-001-23,23-H-074,363451.94,6591887.53,189.562,188.812,14,11.25,0.749787,39.39473,68.526411,16.656729,0.619393
A185-001-23,23-H-074,363451.94,6591887.53,188.812,188.062,15,12.0,0.758864,35.931511,68.581519,16.956185,0.558868
A185-001-23,23-H-074,363451.94,6591887.53,188.062,187.312,16,12.75,0.773408,37.86535,70.313794,16.11051,0.592241
A185-001-23,23-H-074,363451.94,6591887.53,187.312,186.562,17,13.5,0.780327,37.39737,68.537754,15.591273,0.565118
A185-001-23,23-H-074,363451.94,6591887.53,186.562,185.812,18,14.25,0.770849,37.264663,70.840412,17.422794,0.58933
A185-001-23,23-H-074,363451.94,6591887.53,185.812,185.062,19,15.0,0.764913,38.543158,68.439239,16.95594,0.593387
A185-001-23,23-H-074,363451.94,6591887.53,185.062,184.312,20,15.75,0.757701,39.082282,68.518606,16.997532,0.608072
A185-001-23,23-H-074,363451.94,6591887.53,184.312,183.888,21,16.174,0.749825,37.98905,69.586642,17.203623,0.606611
A185-001-23,23-H-075,363454.729,6591896.467,199.984,199.234,0,0.75,0.751606,37.118865,69.967605,16.333716,0.594484
A185-001-23,23-H-075,363454.729,6591896.467,199.234,198.484,1,1.5,0.743743,39.375999,69.279218,16.606109,0.630942
A185-001-23,23-H-075,363454.729,6591896.467,198.484,197.734,2,2.25,0.76778,39.738005,68.827543,16.999051,0.612893
A185-001-23,23-H-075,363454.729,6591896.467,197.734,196.984,3,3.0,0.746587,39.326918,68.253015,17.179648,0.618566
A185-001-23,23-H-075,363454.729,6591896.467,196.984,196.234,4,3.75,0.748246,41.166562,67.984027,16.411984,0.643342
A185-001-23,23-H-075,363454.729,6591896.467,196.234,195.484,5,4.5,0.744445,39.119489,69.201317,17.053447,0.625609
A185-001-23,23-H-075,363454.729,6591896.467,195.484,194.734,6,5.25,0.722011,40.367954,67.60818,17.455682,0.650276
A185-001-23,23-H-075,363454.729,6591896.467,194.734,193.984,7,6.0,0.715739,39.817908,69.248072,17.61479,0.662709
A185-001-23,23-H-075,363454.729,6591896.467,193.984,193.234,8,6.75,0.705992,40.957392,67.64659,16.621995,0.674943
A185-001-23,23-H-075,363454.729,6591896.467,193.234,192.484,9,7.5,0.717083,41.724877,69.021665,18.488511,0.690895
A185-001-23,23-H-075,363454.729,6591896.467,192.484,191.734,10,8.25,0.661183,42.549922,67.806374,18.397856,0.750465
A185-001-23,23-H-075,363454.729,6591896.467,191.734,190.984,11,9.0,0.696661,40.347518,67.53616,17.744535,0.672841
A185-001-23,23-H-075,363454.729,6591896.467,190.984,190.234,12,9.75,0.683291,41.893028,68.404694,17.570518,0.721267
A185-001-23,23-H-075,363454.729,6591896.467,190.234,189.484,13,10.5,0.702519,42.738552,68.279051,17.094397,0.714333
A185-001-23,23-H-075,363454.729,6591896.467,189.484,188.734,14,11.25,0.662221,42.268554,67.516955,18.600173,0.741208
A185-001-23,23-H-075,363454.729,6591896.467,188.734,187.984,15,12.0,0.706905,40.035573,68.381966,18.124981,0.666272
A185-001-23,23-H-075,363454.729,6591896.467,187.984,187.234,16,12.75,0.67771,41.055283,68.57976,18.319754,0.7146
A185-001-23,23-H-075,363454.729,6591896.467,187.234,186.484,17,13.5,0.692183,41.733235,68.849202,16.506807,0.713788
A185-001-23,23-H-075,363454.729,6591896.467,186.484,185.734,18,14.25,0.733119,39.538833,67.559144,17.373073,0.626881
A185-001-23,23-H-075,363454.729,6591896.467,185.734,184.984,19,15.0,0.684202,40.879445,68.124507,16.804745,0.69997
A185-001-23,23-H-075,363454.729,6591896.467,184.984,184.234,20,15.75,0.68527,41.273202,68.815488,17.085803,0.712765
A185-001-23,23-H-075,363454.729,6591896.467,184.234,183.484,21,16.5,0.70759,40.489979,68.882652,17.368513,0.677979
A185-001-23,23-H-075,363454.729,6591896.467,183.484,183.15,22,16.834,0.687168,42.05703,66.181168,18.055992,0.696733
A185-001-23,23-H-ADD-001,363446.242,6591892.94,199.983,199.233,0,0.75,0.802,36.72593,70.76124,15.070107,0.557455
A185-001-23,23-H-ADD-001,363446.242,6591892.94,199.233,198.483,1,1.5,0.828734,34.469281,70.302343,15.687677,0.503294
A185-001-23,23-H-ADD-001,363446.242,6591892.94,198.483,197.733,2,2.25,0.840448,36.01599,69.610451,15.473444,0.51338
A185-001-23,23-H-ADD-001,363446.242,6591892.94,197.733,196.983,3,3.0,0.811207,35.94065,70.597693,15.722638,0.53824
A185-001-23,23-H-ADD-001,363446.242,6591892.94,196.983,196.233,4,3.75,0.774327,37.54305,69.862121,15.91329,0.582743
A185-001-23,23-H-ADD-001,363446.242,6591892.94,196.233,195.483,5,4.5,0.752947,37.266512,68.385207,16.742623,0.582402
A185-001-23,23-H-ADD-001,363446.242,6591892.94,195.483,194.733,6,5.25,0.771646,38.379925,68.516735,17.439253,0.586464
A185-001-23,23-H-ADD-001,363446.242,6591892.94,194.733,193.983,7,6.0,0.760606,39.882649,68.840105,16.386676,0.620937
A185-001-23,23-H-ADD-001,363446.242,6591892.94,193.983,193.233,8,6.75,0.792869,39.294029,68.143965,16.459052,0.581081
A185-001-23,23-H-ADD-001,363446.242,6591892.94,193.233,192.483,9,7.5,0.748614,38.898715,68.551447,16.590715,0.61279
A185-001-23,23-H-ADD-001,363446.242,6591892.94,192.483,191.733,10,8.25,0.72463,38.969193,68.329736,16.879478,0.632139
A185-001-23,23-H-ADD-001,363446.242,6591892.94,191.733,190.983,11,9.0,0.755408,39.362317,69.577441,17.150325,0.623746
A185-001-23,23-H-ADD-001,363446.242,6591892.94,190.983,190.233,12,9.75,0.724092,39.041596,67.946676,16.576392,0.630201
A185-001-23,23-H-ADD-001,363446.242,6591892.94,190.233,189.483,13,10.5,0.739176,41.254777,67.878209,16.677819,0.651623
A185-001-23,23-H-ADD-001,363446.242,6591892.94,189.483,188.733,14,11.25,0.725636,39.458448,68.796943,17.151827,0.643555
A185-001-23,23-H-ADD-001,363446.242,6591892.94,188.733,187.983,15,12.0,0.706529,41.841904,69.204209,16.167111,0.704714
A185-001-23,23-H-ADD-001,363446.242,6591892.94,187.983,187.233,16,12.75,0.700935,39.835046,68.879396,16.972075,0.673281
A185-001-23,23-H-ADD-001,363446.242,6591892.94,187.233,186.483,17,13.5,0.715839,40.002866,68.603774,16.97161,0.659434
A185-001-23,23-H-ADD-001,363446.242,6591892.94,186.483,185.733,18,14.25,0.743443,40.178444,69.026371,16.983194,0.641721
A185-001-23,23-H-ADD-001,363446.242,6591892.94,185.733,184.983,19,15.0,0.722126,39.440349,69.277303,17.426309,0.65091
A185-001-23,23-H-ADD-001,363446.242,6591892.94,184.983,184.233,20,15.75,0.740317,40.049833,69.329722,16.465668,0.645117
A185-001-23,23-H-ADD-001,363446.242,6591892.94,184.233,183.483,21,16.5,0.720586,38.426966,69.213731,16.653493,0.634916
A185-001-23,23-H-ADD-001,363446.242,6591892.94,183.483,183.337,22,16.646,0.701544,39.039136,67.855308,16.983836,0.649528
