pattern_id,block_name,haul_cycle_rec_ident,load_rec_ident,loading_unit_ident,load_desc,hauling_unit_ident,haul_desc,DrillPattern,bucket_tonnes,actual_tonnes,digging_time,dig_duration,total_time,spotting_time,loading_time,other_time,bucket_easting,bucket_northing,bucket_elevation,turnout,report_tonnes,calc_duration,date,start_time,end_time,tph,loader_type,truck_payload_t,bucket_nominal_t,passes,base_cycle_s,calc_total_time_s,digging_time_s,swing_time_s,loading_time_s,spotting_time_s,tph_recalc,digability
pattern_23,A1850823_200_WN_1,6215792,4215792,EX012,EX3600BH,DT033,CAT 793,A-185-08-23,35.99,166.2,94.06465,94.06465,302.800238,47.327214,99.719162,0,363334.14,6591817.84,198.67,LEFT,166.2,402,17/10/2025,00:17:27,00:24:09,1756.138654,EX3600,225,22.0,10.0,32,302.800238,94.06465,61.689211,99.719162,47.327214,1975.939119,5572.148315
pattern_23,A1850823_200_WN_1,6215793,4215793,EX012,EX3600BH,DT019,CAT 793,A-185-08-23,38.74,150.56,90.194087,90.194087,276.405985,43.62484,79.694965,0,363334.18,6591821.59,199.98,LEFT,150.6,401,17/10/2025,00:24:09,00:30:50,1766.944849,EX3600,225,22.0,10.0,32,276.405985,90.194087,62.892094,79.694965,43.62484,1960.989116,5529.989307
pattern_23,A1850823_200_WN_1,6215794,4215794,EX012,EX3600BH,DT032,CAT 793,A-185-08-23,31.82,160.28,82.224469,82.224469,280.795229,45.604985,83.186302,0,363330.2,6591822.09,199.5,STRAIGHT,160.3,423,17/10/2025,00:30:50,00:37:53,1731.675741,EX3600,225,22.0,10.0,32,280.795229,82.224469,69.779473,83.186302,45.604985,2054.907997,5794.840553
pattern_23,A1850823_200_WN_1,6215795,4215795,EX012,EX3600BH,DT011,CAT 793,A-185-08-23,38.32,174.79,111.255902,111.255902,292.753486,39.70962,75.418561,0,363332.37,6591823.72,199.17,RIGHT,174.8,445,17/10/2025,00:37:53,00:45:18,1839.831626,EX3600,225,22.0,10.0,32,292.753486,111.255902,66.369404,75.418561,39.70962,2149.390832,6061.282147
pattern_23,A1850823_200_WN_1,6215796,4215796,EX012,EX3600BH,DT026,CAT 793,A-185-08-23,47.36,164.3,94.071783,94.071783,281.422999,52.281956,77.66058,0,363333.57,6591821.23,198.92,LEFT,164.3,508,17/10/2025,00:45:18,00:53:46,1781.181675,EX3600,225,22.0,10.0,32,281.422999,94.071783,57.408681,77.66058,52.281956,2101.750659,5926.936859
pattern_23,A1850823_200_WN_1,6215797,4215797,EX012,EX3600BH,DT011,CAT 793,A-185-08-23,34.24,168.74,102.607578,102.607578,292.521854,40.930367,89.372721,0,363334.49,6591818.2,198.47,STRAIGHT,168.7,509,17/10/2025,00:53:46,01:02:15,1743.79197,EX3600,225,22.0,10.0,32,292.521854,102.607578,59.611189,89.372721,40.930367,2076.58754,5715.676886
pattern_23,A1850823_200_WN_1,6215798,4215798,EX012,EX3600BH,DT038,CAT 793,A-185-08-23,56.24,192.09,103.51473,103.51473,284.099303,37.588957,84.62072,0,363335.02,6591819.85,198.66,LEFT,192.1,411,17/10/2025,01:02:15,01:09:06,1978.126284,EX3600,225,22.0,10.0,32,284.099303,103.51473,58.374897,84.62072,37.588957,2434.03113,6863.967787
pattern_23,A1850823_200_WN_1,6215799,4215799,EX012,EX3600BH,DT017,CAT 793,A-185-08-23,50.11,190.72,93.515138,93.515138,280.44891,42.743177,80.909071,0,363333.32,6591823.4,198.96,STRAIGHT,190.7,418,17/10/2025,01:09:06,01:16:04,2030.18785,EX3600,225,22.0,10.0,32,280.44891,93.515138,63.281524,80.909071,42.743177,2448.221801,6903.985479
pattern_23,A1850823_200_WN_1,6215800,4215800,EX012,EX3600BH,DT029,CAT 793,A-185-08-23,39.31,182.38,95.662861,95.662861,281.426782,43.469205,89.609474,0,363335.29,6591817.01,199.46,STRAIGHT,182.4,383,17/10/2025,01:16:04,01:22:27,1785.411418,EX3600,225,22.0,10.0,32,281.426782,95.662861,52.685241,89.609474,43.469205,2332.938514,6578.886609
pattern_23,A1850823_200_WN_1,6215801,4215801,EX012,EX3600BH,DT033,CAT 793,A-185-08-23,61.78,185.35,101.271318,101.271318,290.418515,35.598023,91.416798,0,363333.05,6591819.23,199.11,RIGHT,185.4,439,17/10/2025,01:22:27,01:29:46,1904.282074,EX3600,225,22.0,10.0,32,290.418515,101.271318,62.132376,91.416798,35.598023,2297.606775,6479.251106
pattern_23,A1850823_200_WN_1,6215802,4215802,EX012,EX3600BH,DT018,CAT 793,A-185-08-23,42.09,183.27,100.470493,100.470493,288.602465,38.133506,73.856543,0,363336.8,6591819.5,199.96,LEFT,183.3,456,17/10/2025,01:29:46,01:37:22,1926.196412,EX3600,225,22.0,10.0,32,288.602465,100.470493,76.141922,73.856543,38.133506,2286.09286,6339.53613
pattern_23,A1850823_200_WN_1,6215803,4215803,EX012,EX3600BH,DT042,CAT 793,A-185-08-23,45.56,184.47,92.601485,92.601485,300.560744,41.781434,97.622215,0,363335.36,6591820.66,198.83,STRAIGHT,184.5,468,17/10/2025,01:37:22,01:45:10,1847.849463,EX3600,225,22.0,10.0,32,300.560744,92.601485,68.555611,97.622215,41.781434,2209.557975,6230.953489
pattern_23,A1850823_200_WN_1,6215804,4215804,EX012,EX3600BH,DT086,HIT EH5000,A-185-08-23,39.13,157.6,97.261419,97.261419,300.078679,45.656313,96.550057,0,363335.83,6591830.42,199.99,STRAIGHT,157.6,549,17/10/2025,01:45:10,01:54:19,1514.732591,EX3600,250,22.0,10.0,32,300.078679,97.261419,60.61089,96.550057,45.656313,1890.739852,5331.886382
pattern_23,A1850823_200_WN_1,6215805,4215805,EX012,EX3600BH,DT022,CAT 793,A-185-08-23,55.34,169.38,100.698599,100.698599,294.38101,48.65107,84.202189,0,363336.45,6591826.6,198.49,LEFT,169.4,424,17/10/2025,01:54:19,02:01:23,1764.841249,EX3600,225,22.0,10.0,32,294.38101,100.698599,60.829153,84.202189,48.65107,2071.365519,5841.250763
pattern_23,A1850823_200_WN_1,6215806,4215806,EX012,EX3600BH,DT008,CAT 793,A-185-08-23,41.6,163.78,94.611004,94.611004,276.22808,39.904699,82.333971,0,363336.59,6591829.92,198.95,STRAIGHT,163.8,425,17/10/2025,02:01:23,02:08:28,1806.804136,EX3600,225,22.0,10.0,32,276.22808,94.611004,59.378405,82.333971,39.904699,2134.490721,6019.263834
pattern_23,A1850823_200_WN_1,6215807,4215807,EX012,EX3600BH,DT034,CAT 793,A-185-08-23,40.54,161.76,100.09819,100.09819,296.146389,42.315036,97.168763,0,363337.14,6591828.94,198.57,LEFT,161.8,439,17/10/2025,02:08:28,02:15:47,1695.293812,EX3600,225,22.0,10.0,32,296.146389,100.09819,56.564401,97.168763,42.315036,1966.429613,5545.331509
pattern_23,A1850823_200_WN_1,6215808,4215808,EX012,EX3600BH,DT034,CAT 793,A-185-08-23,34.92,164.99,100.039783,100.039783,298.085701,48.781584,86.169697,0,363338.11,6591828.06,199.17,LEFT,165.0,467,17/10/2025,02:15:47,02:23:34,1589.603003,EX3600,225,22.0,10.0,32,298.085701,100.039783,63.094637,86.169697,48.781584,1992.595109,5619.118208
pattern_23,A1850823_200_WN_1,6215809,4215809,EX012,EX3600BH,DT042,CAT 793,A-185-08-23,41.12,157.95,90.515012,90.515012,287.440294,46.352284,90.948191,0,363334.7,6591827.19,198.92,STRAIGHT,158.0,416,17/10/2025,02:23:34,02:30:30,1682.698477,EX3600,225,22.0,10.0,32,287.440294,90.515012,59.624807,90.948191,46.352284,1978.239093,5578.634243
pattern_23,A1850823_200_WN_1,6215810,4215810,EX012,EX3600BH,DT071,HIT EH5000,A-185-08-23,40.46,162.48,72.646904,72.646904,262.88932,44.177756,84.974391,0,363337.52,6591829.11,199.78,STRAIGHT,162.5,428,17/10/2025,02:30:30,02:37:38,1918.485498,EX3600,250,22.0,10.0,32,262.88932,72.646904,61.090269,84.974391,44.177756,2224.937862,6274.324771
pattern_23,A1850823_200_WN_1,6215811,4215811,EX012,EX3600BH,DT009,CAT 793,A-185-08-23,36.27,165.5,107.575531,107.575531,308.386451,35.522185,98.103783,0,363334.88,6591824.58,199.24,RIGHT,165.5,482,17/10/2025,02:37:38,02:45:40,1581.725241,EX3600,225,22.0,10.0,32,308.386451,107.575531,67.184951,98.103783,35.522185,1931.962533,5448.134343
pattern_23,A1850823_200_WN_1,6215812,4215812,EX012,EX3600BH,DT014,CAT 793,A-185-08-23,46.34,175.13,86.740498,86.740498,282.561171,44.84927,92.054613,0,363335.47,6591827.27,198.51,STRAIGHT,175.1,453,17/10/2025,02:45:40,02:53:13,2028.738077,EX3600,225,22.0,10.0,32,282.561171,86.740498,58.91679,92.054613,44.84927,2231.278511,6292.205401
pattern_23,A1850823_200_WN_1,6215813,4215813,EX012,EX3600BH,DT043,CAT 793,A-185-08-23,35.35,170.06,98.672285,98.672285,310.528293,48.587611,98.914233,0,363335.4,6591824.53,199.28,STRAIGHT,170.1,401,17/10/2025,02:53:13,02:59:54,1587.221096,EX3600,225,22.0,10.0,32,310.528293,98.672285,64.354164,98.914233,48.587611,1971.496804,5559.620986
pattern_23,A1850823_200_WN_1,6215814,4215814,EX012,EX3600BH,DT071,HIT EH5000,A-185-08-23,38.22,167.13,105.189091,105.189091,299.679501,56.781765,75.936581,0,363331.46,6591827.28,198.67,RIGHT,167.1,419,17/10/2025,02:59:54,03:06:53,1699.2839,EX3600,250,22.0,10.0,32,299.679501,105.189091,61.772065,75.936581,56.781765,2007.750042,5661.855118
pattern_23,A1850823_200_WN_1,6215815,4215815,EX012,EX3600BH,DT012,CAT 793,A-185-08-23,32.45,166.6,105.04986,105.04986,303.966826,41.023623,82.251943,0,363332.42,6591827.21,199.92,RIGHT,166.6,404,17/10/2025,03:06:53,03:13:37,1677.332605,EX3600,225,22.0,10.0,32,303.966826,105.04986,75.6414,82.251943,41.023623,1973.075661,5564.073364
pattern_23,A1850823_200_WN_2,6215816,4215816,EX012,EX3600BH,DT045,CAT 793,A-185-08-23,34.12,173.59,97.233654,97.233654,278.261334,46.627282,78.350847,0,363339.25,6591834.64,199.54,STRAIGHT,173.6,483,17/10/2025,03:13:37,03:21:40,1909.362838,EX3600,225,22.0,10.0,32,278.261334,97.233654,56.04955,78.350847,46.627282,2245.810766,6333.186361
pattern_23,A1850823_200_WN_2,6215817,4215817,EX012,EX3600BH,DT078,HIT EH5000,A-185-08-23,35.68,175.57,87.6348,87.6348,283.914841,43.088527,88.590568,0,363341.71,6591835.59,198.51,RIGHT,175.6,394,17/10/2025,03:21:40,03:28:14,1699.642115,EX3600,250,22.0,10.0,32,283.914841,87.6348,64.600945,88.590568,43.088527,2226.260676,6278.055107
pattern_23,A1850823_200_WN_2,6215818,4215818,EX012,EX3600BH,DT004,CAT 793,A-185-08-23,38.09,176.71,93.776109,93.776109,275.892766,35.890639,83.442298,0,363340.37,6591838.12,198.15,LEFT,176.7,426,17/10/2025,03:28:14,03:35:20,1879.724551,EX3600,225,22.0,10.0,32,275.892766,93.776109,62.78372,83.442298,35.890639,2305.805937,6502.372742
pattern_23,A1850823_200_WN_2,6215819,4215819,EX012,EX3600BH,DT027,CAT 793,A-185-08-23,42.72,166.79,111.577494,111.577494,306.898611,40.334343,93.132988,0,363336.49,6591831.34,199.36,RIGHT,166.8,440,17/10/2025,03:35:20,03:42:40,1741.204165,EX3600,225,22.0,10.0,32,306.898611,111.577494,61.853785,93.132988,40.334343,1956.529342,5422.310857
pattern_23,A1850823_200_WN_2,6215820,4215820,EX012,EX3600BH,DT037,CAT 793,A-185-08-23,44.43,164.55,116.168848,116.168848,289.993396,40.515063,86.184548,0,363338.43,6591838.48,199.33,RIGHT,164.5,474,17/10/2025,03:42:40,03:50:34,1593.895289,EX3600,225,22.0,10.0,32,289.993396,116.168848,47.124938,86.184548,40.515063,2042.697369,5717.38321
pattern_23,A1850823_200_WN_2,6215821,4215821,EX012,EX3600BH,DT059,HIT EH5000,A-185-08-23,45.18,161.6,97.17487,97.17487,284.185013,47.061955,81.138258,0,363338.87,6591833.37,199.37,RIGHT,161.6,442,17/10/2025,03:50:34,03:57:56,1786.543183,EX3600,250,22.0,10.0,32,284.185013,97.17487,58.80993,81.138258,47.061955,2047.067046,5772.729069
pattern_23,A1850823_200_WN_2,6215822,4215822,EX012,EX3600BH,DT007,CAT 793,A-185-08-23,36.42,161.4,89.788648,89.788648,285.874837,51.751884,83.184829,0,363337.14,6591835.04,199.58,LEFT,161.4,464,17/10/2025,03:57:56,04:05:40,1738.726793,EX3600,225,22.0,10.0,32,285.874837,89.788648,61.149475,83.184829,51.751884,2032.549681,5731.790102
pattern_23,A1850823_200_WN_2,6215823,4215823,EX012,EX3600BH,DT019,CAT 793,A-185-08-23,44.73,164.46,109.753916,109.753916,320.341535,46.179643,94.968534,0,363339.76,6591834.19,199.37,LEFT,164.5,463,17/10/2025,04:05:40,04:13:23,1440.070062,EX3600,225,22.0,10.0,32,320.341535,109.753916,69.439441,94.968534,46.179643,1848.235023,5098.273138
pattern_23,A1850823_200_WN_2,6215824,4215824,EX012,EX3600BH,DT069,HIT EH5000,A-185-08-23,37.15,164.33,97.06412,97.06412,301.2536,48.132629,92.686464,0,363336.83,6591836.06,198.96,RIGHT,164.3,366,17/10/2025,04:13:23,04:19:29,1747.54826,EX3600,250,22.0,10.0,32,301.2536,97.06412,63.370388,92.686464,48.132629,1963.806018,5528.877474
pattern_23,A1850823_200_WN_2,6215825,4215825,EX012,EX3600BH,DT039,CAT 793,A-185-08-23,33.97,168.06,94.389536,94.389536,279.404947,34.826067,83.346952,0,363337.82,6591833.89,199.65,RIGHT,168.1,437,17/10/2025,04:19:29,04:26:46,1744.910625,EX3600,225,22.0,10.0,32,279.404947,94.389536,66.842392,83.346952,34.826067,2165.395603,6106.4156
pattern_23,A1850823_200_WN_2,6215826,4215826,EX012,EX3600BH,DT014,CAT 793,A-185-08-23,30.36,169.68,92.890082,92.890082,273.470305,49.727103,86.591686,0,363333.84,6591839.29,198.72,RIGHT,169.7,417,17/10/2025,04:26:46,04:33:43,1792.914466,EX3600,225,22.0,10.0,32,273.470305,92.890082,44.261435,86.591686,49.727103,2233.655685,6241.473541
pattern_23,A1850823_200_WN_2,6215827,4215827,EX012,EX3600BH,DT013,CAT 793,A-185-08-23,41.87,178.78,95.369983,95.369983,294.724097,46.924131,86.503667,0,363335.31,6591838.76,199.22,RIGHT,178.8,485,17/10/2025,04:33:43,04:41:48,1847.885428,EX3600,225,22.0,10.0,32,294.724097,95.369983,65.926316,86.503667,46.924131,2183.745165,6158.161365
pattern_23,A1850823_200_WN_1,6215828,4215828,EX012,EX3600BH,DT035,CAT 793,A-185-08-23,51.38,166.4,98.148679,98.148679,275.628929,46.535758,76.13246,0,363340.76,6591820.63,199.05,LEFT,166.4,491,17/10/2025,04:41:48,04:49:59,1879.973393,EX3600,225,22.0,10.0,32,275.628929,98.148679,54.812032,76.13246,46.535758,2173.313372,6128.743709
pattern_23,A1850823_200_WN_1,6215829,4215829,EX012,EX3600BH,DT025,CAT 793,A-185-08-23,45.14,162.14,93.142442,93.142442,291.568384,47.740299,87.327277,0,363338.95,6591822.01,199.65,LEFT,162.1,428,17/10/2025,04:49:59,04:57:07,1632.664334,EX3600,225,22.0,10.0,32,291.568384,93.142442,63.358367,87.327277,47.740299,2002.006795,5532.011663
pattern_23,A1850823_200_WN_1,6215830,4215830,EX012,EX3600BH,DT035,CAT 793,A-185-08-23,39.96,160.92,77.873625,77.873625,260.696735,40.214314,72.946338,0,363340.22,6591822.6,199.78,STRAIGHT,160.9,466,17/10/2025,04:57:07,05:04:53,1841.419355,EX3600,225,22.0,10.0,32,260.696735,77.873625,69.662458,72.946338,40.214314,2222.207156,6171.44557
pattern_23,A1850823_200_WN_1,6215831,4215831,EX012,EX3600BH,DT046,CAT 793,A-185-08-23,49.03,164.45,102.039709,102.039709,288.520456,47.874026,78.598257,0,363342.24,6591822.85,199.94,LEFT,164.5,544,17/10/2025,05:04:53,05:13:57,1773.351273,EX3600,225,22.0,10.0,32,288.520456,102.039709,60.008463,78.598257,47.874026,2051.951659,5786.503679
pattern_23,A1850823_200_WN_1,6215832,4215832,EX012,EX3600BH,DT006,CAT 793,A-185-08-23,46.24,185.28,83.19853,83.19853,277.270438,44.327599,84.948255,0,363342.15,6591820.99,198.38,RIGHT,185.3,431,17/10/2025,05:13:57,05:21:08,1978.752701,EX3600,225,22.0,10.0,32,277.270438,83.19853,64.796054,84.948255,44.327599,2405.591101,6645.436786
pattern_23,A1850823_200_WN_1,6215833,4215833,EX012,EX3600BH,DT038,CAT 793,A-185-08-23,45.14,180.11,103.347565,103.347565,294.50801,50.224145,89.368877,0,363339.22,6591819.96,198.76,STRAIGHT,180.1,457,17/10/2025,05:21:08,05:28:45,1897.483321,EX3600,225,22.0,10.0,32,294.50801,103.347565,51.567423,89.368877,50.224145,2201.669925,5988.329203
pattern_23,A1850823_200_WN_1,6215834,4215834,EX012,EX3600BH,DT026,CAT 793,A-185-08-23,45.69,185.23,90.07365,90.07365,292.607967,51.148332,84.42127,0,363339.99,6591822.45,199.57,RIGHT,185.2,476,17/10/2025,05:28:45,05:36:41,1917.750253,EX3600,225,22.0,10.0,32,292.607967,90.07365,66.964714,84.42127,51.148332,2278.911006,6305.542137
pattern_23,A1850823_200_WN_1,6215835,4215835,EX012,EX3600BH,DT026,CAT 793,A-185-08-23,36.99,179.11,95.283547,95.283547,277.34389,44.361262,73.955983,0,363344.01,6591820.37,198.17,STRAIGHT,179.1,447,17/10/2025,05:36:41,05:44:08,2039.069475,EX3600,225,22.0,10.0,32,277.34389,95.283547,63.743098,73.955983,44.361262,2324.840017,6556.048847
pattern_23,A1850823_200_WN_1,6215836,4215836,EX012,EX3600BH,DT023,CAT 793,A-185-08-23,47.76,172.29,103.927575,103.927575,301.071656,49.316361,85.167223,0,363340.66,6591821.59,199.17,STRAIGHT,172.3,406,17/10/2025,05:44:08,05:50:54,1725.332566,EX3600,225,22.0,10.0,32,301.071656,103.927575,62.660496,85.167223,49.316361,2060.135063,5743.838286
pattern_23,A1850823_200_WN_1,6215837,4215837,EX012,EX3600BH,DT053,HIT EH5000,A-185-08-23,40.15,190.83,87.016832,87.016832,272.060242,48.228774,79.708658,0,363342.98,6591820.52,199.22,LEFT,190.8,489,17/10/2025,05:50:54,05:59:03,1995.297462,EX3600,250,22.0,10.0,32,272.060242,87.016832,57.105977,79.708658,48.228774,2525.193286,7121.045065
pattern_23,A1850823_200_WN_1,6215838,4215838,EX012,EX3600BH,DT046,CAT 793,A-185-08-23,40.36,177.97,101.029998,101.029998,274.381053,41.564865,73.555159,0,363340.42,6591822.82,200.14,STRAIGHT,178.0,413,17/10/2025,05:59:03,06:05:56,1930.701897,EX3600,225,22.0,10.0,32,274.381053,101.029998,58.231031,73.555159,41.564865,2334.979433,6568.042691
pattern_23,A1850823_200_WN_1,6215839,4215839,EX012,EX3600BH,DT033,CAT 793,A-185-08-23,34.7,153.47,93.838653,93.838653,293.09662,46.449453,94.604703,0,363344.11,6591832.16,199.84,LEFT,153.5,500,17/10/2025,06:05:56,06:14:16,1687.307076,EX3600,225,22.0,10.0,32,293.09662,93.838653,58.203811,94.604703,46.449453,1885.014126,5315.739836
pattern_23,A1850823_200_WN_1,6215840,4215840,EX012,EX3600BH,DT002,CAT 793,A-185-08-23,44.17,160.32,92.920386,92.920386,297.683026,51.82452,85.602925,0,363342.67,6591832.49,198.82,STRAIGHT,160.3,460,17/10/2025,06:14:16,06:21:56,1647.491477,EX3600,225,22.0,10.0,32,297.683026,92.920386,67.335194,85.602925,51.82452,1938.860414,5467.586367
pattern_23,A1850823_200_WN_1,6215841,4215841,EX012,EX3600BH,DT070,HIT EH5000,A-185-08-23,40.16,168.19,98.056308,98.056308,300.001476,45.893061,87.545814,0,363342.45,6591829.73,198.53,RIGHT,168.2,485,17/10/2025,06:21:56,06:30:01,1609.856156,EX3600,250,22.0,10.0,32,300.001476,98.056308,68.506293,87.545814,45.893061,2018.279558,5691.548353
pattern_23,A1850823_200_WN_1,6215842,4215842,EX012,EX3600BH,DT008,CAT 793,A-185-08-23,42.23,166.2,96.668099,96.668099,289.714323,42.121928,85.548483,0,363345.45,6591830.11,199.08,LEFT,166.2,429,17/10/2025,06:30:01,06:37:10,1857.441101,EX3600,225,22.0,10.0,32,289.714323,96.668099,65.375813,85.548483,42.121928,2065.191948,5823.841295
pattern_23,A1850823_200_WN_1,6215843,4215843,EX012,EX3600BH,DT061,HIT EH5000,A-185-08-23,44.58,155.53,80.610776,80.610776,258.434469,43.192174,80.467844,0,363343.01,6591830.11,199.59,LEFT,155.5,385,17/10/2025,06:37:10,06:43:35,1678.915379,EX3600,250,22.0,10.0,32,258.434469,80.610776,54.163675,80.467844,43.192174,2166.584762,6109.76903
pattern_23,A1850823_200_WN_1,6215844,4215844,EX012,EX3600BH,DT024,CAT 793,A-185-08-23,36.76,168.95,102.41068,102.41068,307.933646,50.726045,96.499706,0,363345.18,6591826.94,199.73,LEFT,168.9,489,17/10/2025,06:43:35,06:51:44,1479.464664,EX3600,225,22.0,10.0,32,307.933646,102.41068,58.297215,96.499706,50.726045,1975.133255,5424.097663
pattern_23,A1850823_200_WN_1,6215845,4215845,EX012,EX3600BH,DT076,HIT EH5000,A-185-08-23,36.37,164.88,91.097391,91.097391,278.325437,33.128566,87.388065,0,363342.43,6591831.84,198.95,LEFT,164.9,408,17/10/2025,06:51:44,06:58:32,1763.627686,EX3600,250,22.0,10.0,32,278.325437,91.097391,66.711415,87.388065,33.128566,2132.61762,6013.981688
pattern_23,A1850823_200_WN_1,6215846,4215846,EX012,EX3600BH,DT028,CAT 793,A-185-08-23,33.97,164.92,90.142992,90.142992,290.595857,48.126177,88.424858,0,363341.95,6591829.29,199.38,STRAIGHT,164.9,448,17/10/2025,06:58:32,07:06:00,1747.049861,EX3600,225,22.0,10.0,32,290.595857,90.142992,63.90183,88.424858,48.126177,2043.118157,5761.593203
pattern_23,A1850823_200_WN_1,6215847,4215847,EX012,EX3600BH,DT037,CAT 793,A-185-08-23,38.9,154.85,82.544431,82.544431,269.319123,48.555289,77.039307,0,363346.55,6591826.47,198.98,STRAIGHT,154.8,436,17/10/2025,07:06:00,07:13:16,1602.368048,EX3600,225,22.0,10.0,32,269.319123,82.544431,61.180096,77.039307,48.555289,2069.853484,5836.986824
pattern_23,A1850823_200_WN_1,6215848,4215848,EX012,EX3600BH,DT036,CAT 793,A-185-08-23,46.29,166.39,98.527086,98.527086,276.842716,41.043905,78.649964,0,363338.81,6591830.76,199.49,LEFT,166.4,443,17/10/2025,07:13:16,07:20:39,1690.250407,EX3600,225,22.0,10.0,32,276.842716,98.527086,58.62176,78.649964,41.043905,2163.711375,6101.666077
pattern_23,A1850823_200_WN_1,6215849,4215849,EX012,EX3600BH,DT010,CAT 793,A-185-08-23,37.96,165.38,96.378752,96.378752,297.792195,53.690273,80.343229,0,363342.5,6591828.34,199.53,LEFT,165.4,485,17/10/2025,07:20:39,07:28:44,1701.095986,EX3600,225,22.0,10.0,32,297.792195,96.378752,67.379941,80.343229,53.690273,1999.252759,5637.892779
pattern_23,A1850823_200_WN_1,6215850,4215850,EX012,EX3600BH,DT017,CAT 793,A-185-08-23,45.88,170.52,92.826887,92.826887,293.654318,50.157018,87.371517,0,363344.06,6591828.59,199.8,RIGHT,170.5,428,17/10/2025,07:28:44,07:35:52,1804.119742,EX3600,225,22.0,10.0,32,293.654318,92.826887,63.298896,87.371517,50.157018,2090.516266,5895.255871
pattern_23,A1850823_200_WN_1,6215851,4215851,EX012,EX3600BH,DT031,CAT 793,A-185-08-23,40.16,168.84,103.156812,103.156812,289.978678,45.811329,85.528655,0,363342.95,6591827.72,198.76,LEFT,168.8,443,17/10/2025,07:35:52,07:43:15,1756.80145,EX3600,225,22.0,10.0,32,289.978678,103.156812,55.481882,85.528655,45.811329,2096.051662,5910.865688
pattern_23,A1850823_200_WN_2,6215852,4215852,EX012,EX3600BH,DT039,CAT 793,A-185-08-23,35.37,173.04,97.108633,97.108633,287.565853,42.701552,79.100789,0,363348.89,6591840.28,198.64,LEFT,173.0,448,17/10/2025,07:43:15,07:50:43,1772.323415,EX3600,225,22.0,10.0,32,287.565853,97.108633,68.654879,79.100789,42.701552,2166.239378,5970.717015
pattern_23,A1850823_200_WN_2,6215853,4215853,EX012,EX3600BH,DT004,CAT 793,A-185-08-23,45.43,160.21,85.34006,85.34006,268.618106,39.483515,80.251775,0,363346.29,6591837.37,199.38,STRAIGHT,160.2,495,17/10/2025,07:50:43,07:58:58,1760.950712,EX3600,225,22.0,10.0,32,268.618106,85.34006,63.542757,80.251775,39.483515,2147.101864,6002.21517
pattern_23,A1850823_200_WN_2,6215854,4215854,EX012,EX3600BH,DT040,CAT 793,A-185-08-23,34.72,163.99,93.246175,93.246175,286.876055,49.46465,90.27219,0,363346.57,6591837.05,199.27,RIGHT,164.0,374,17/10/2025,07:58:58,08:05:12,1733.76191,EX3600,225,22.0,10.0,32,286.876055,93.246175,53.893041,90.27219,49.46465,2057.931242,5803.366102
pattern_23,A1850823_200_WN_2,6215855,4215855,EX012,EX3600BH,DT001,CAT 793,A-185-08-23,54.42,167.4,87.766893,87.766893,289.857427,53.268236,88.627238,0,363346.23,6591839.42,198.95,RIGHT,167.4,440,17/10/2025,08:05:12,08:12:32,1832.391142,EX3600,225,22.0,10.0,32,289.857427,87.766893,60.19506,88.627238,53.268236,2079.152358,5863.209651
pattern_23,A1850823_200_WN_2,6215856,4215856,EX012,EX3600BH,DT011,CAT 793,A-185-08-23,46.88,162.53,97.625374,97.625374,270.335862,44.550782,79.243201,0,363348.22,6591838.4,198.96,RIGHT,162.5,458,17/10/2025,08:12:32,08:20:10,1866.50014,EX3600,225,22.0,10.0,32,270.335862,97.625374,48.916505,79.243201,44.550782,2164.309218,6103.351996
pattern_23,A1850823_200_WN_2,6215857,4215857,EX012,EX3600BH,DT043,CAT 793,A-185-08-23,31.0,159.81,107.06749,107.06749,305.296545,41.178599,83.155409,0,363350.78,6591837.31,199.82,STRAIGHT,159.8,489,17/10/2025,08:20:10,08:28:19,1505.75193,EX3600,225,22.0,10.0,32,305.296545,107.06749,73.895048,83.155409,41.178599,1884.48475,5287.337332
pattern_23,A1850823_200_WN_2,6215858,4215858,EX012,EX3600BH,DT084,HIT EH5000,A-185-08-23,40.46,164.39,103.247341,103.247341,281.723787,44.581541,84.07651,0,363347.16,6591836.3,198.91,LEFT,164.4,405,17/10/2025,08:28:19,08:35:04,1825.386765,EX3600,250,22.0,10.0,32,281.723787,103.247341,49.818395,84.07651,44.581541,2100.710363,5924.003223
pattern_23,A1850823_200_WN_2,6215859,4215859,EX012,EX3600BH,DT043,CAT 793,A-185-08-23,43.36,148.77,98.273062,98.273062,307.250038,44.94188,89.775007,0,363346.67,6591837.07,198.47,RIGHT,148.8,543,17/10/2025,08:35:04,08:44:07,1479.341742,EX3600,225,22.0,10.0,32,307.250038,98.273062,74.260089,89.775007,44.94188,1743.156634,4915.701707
pattern_23,A1850823_200_WN_2,6215860,4215860,EX012,EX3600BH,DT014,CAT 793,A-185-08-23,35.12,139.34,98.029712,98.029712,285.744757,48.578625,80.703126,0,363344.71,6591838.13,199.33,STRAIGHT,139.3,389,17/10/2025,08:44:07,08:50:36,1504.19869,EX3600,225,22.0,10.0,32,285.744757,98.029712,58.433294,80.703126,48.578625,1755.489787,4899.63149
pattern_23,A1850823_200_WN_2,6215861,4215861,EX012,EX3600BH,DT022,CAT 793,A-185-08-23,30.75,153.14,87.80538,87.80538,289.743622,50.70793,80.286388,0,363348.49,6591835.14,198.88,RIGHT,153.1,397,17/10/2025,08:50:36,08:57:13,1537.554112,EX3600,225,22.0,10.0,32,289.743622,87.80538,70.943924,80.286388,50.70793,1902.701559,5365.618395
pattern_23,A1850823_200_WN_2,6215862,4215862,EX012,EX3600BH,DT045,CAT 793,A-185-08-23,47.57,166.34,100.728168,100.728168,288.38349,42.455204,80.365658,0,363349.32,6591837.47,198.57,RIGHT,166.3,425,17/10/2025,08:57:13,09:04:18,1787.436458,EX3600,225,22.0,10.0,32,288.38349,100.728168,64.83446,80.365658,42.455204,2076.485685,5855.689631
pattern_23,A1850823_200_WN_2,6215863,4215863,EX012,EX3600BH,DT006,CAT 793,A-185-08-23,37.09,177.86,106.217498,106.217498,296.286008,38.745525,88.990444,0,363345.83,6591838.12,198.73,RIGHT,177.9,455,17/10/2025,09:04:18,09:11:53,1835.440798,EX3600,225,22.0,10.0,32,296.286008,106.217498,62.332541,88.990444,38.745525,2161.097814,6059.849369
pattern_23,A1850823_200_WN_2,6215864,4215864,EX012,EX3600BH,DT016,CAT 793,A-185-08-23,41.33,173.98,107.537521,107.537521,293.982865,41.584234,92.243628,0,363346.71,6591837.01,199.39,STRAIGHT,174.0,464,17/10/2025,09:11:53,09:19:37,1674.976757,EX3600,225,22.0,10.0,32,293.982865,107.537521,52.617482,92.243628,41.584234,2130.465958,6007.914003
pattern_23,A1850823_200_WN_2,6215865,4215865,EX012,EX3600BH,DT018,CAT 793,A-185-08-23,33.7,157.14,80.901746,80.901746,268.640084,46.594218,81.471154,0,363349.61,6591848.33,198.67,RIGHT,157.1,448,17/10/2025,09:19:37,09:27:05,1761.687736,EX3600,225,22.0,10.0,32,268.640084,80.901746,59.672966,81.471154,46.594218,2105.862067,5756.849197
pattern_23,A1850823_200_WN_2,6215866,4215866,EX012,EX3600BH,DT071,HIT EH5000,A-185-08-23,46.14,167.49,95.060989,95.060989,278.798768,38.227614,94.035801,0,363347.98,6591847.44,198.12,LEFT,167.5,400,17/10/2025,09:27:05,09:33:45,1840.201109,EX3600,250,22.0,10.0,32,278.798768,95.060989,51.474363,94.035801,38.227614,2162.72205,6098.876181
pattern_23,A1850823_200_WN_2,6215867,4215867,EX012,EX3600BH,DT002,CAT 793,A-185-08-23,42.56,162.5,95.557982,95.557982,283.56115,45.18618,89.696695,0,363348.25,6591848.84,198.63,LEFT,162.5,428,17/10/2025,09:33:45,09:40:53,1801.900201,EX3600,225,22.0,10.0,32,283.56115,95.557982,53.120293,89.696695,45.18618,2062.991845,5741.82705
pattern_23,A1850823_200_WN_2,6215868,4215868,EX012,EX3600BH,DT039,CAT 793,A-185-08-23,43.92,161.82,86.994635,86.994635,271.850014,40.046933,82.286387,0,363348.54,6591845.55,198.27,LEFT,161.8,472,17/10/2025,09:40:53,09:48:45,1781.000238,EX3600,225,22.0,10.0,32,271.850014,86.994635,62.522059,82.286387,40.046933,2142.851956,6042.842515
pattern_23,A1850823_200_WN_2,6215869,4215869,EX012,EX3600BH,DT012,CAT 793,A-185-08-23,29.17,153.69,101.66899,101.66899,284.266024,46.600457,84.451489,0,363350.41,6591844.39,198.46,LEFT,153.7,442,17/10/2025,09:48:45,09:56:07,1709.754801,EX3600,225,22.0,10.0,32,284.266024,101.66899,51.545088,84.451489,46.600457,1946.348177,5488.701858
pattern_23,A1850823_200_WN_2,6215870,4215870,EX012,EX3600BH,DT056,HIT EH5000,A-185-08-23,34.08,160.56,101.028087,101.028087,303.099598,47.685831,86.218566,0,363348.58,6591846.96,198.97,STRAIGHT,160.6,504,17/10/2025,09:56:07,10:04:31,1568.349775,EX3600,250,22.0,10.0,32,303.099598,101.028087,68.167115,86.218566,47.685831,1907.013456,5187.566954
pattern_23,A1850823_200_WN_2,6215871,4215871,EX012,EX3600BH,DT040,CAT 793,A-185-08-23,39.52,157.15,96.183927,96.183927,261.193646,38.868455,81.801142,0,363347.06,6591846.56,198.18,RIGHT,157.2,475,17/10/2025,10:04:31,10:12:26,1875.159479,EX3600,225,22.0,10.0,32,261.193646,96.183927,44.340123,81.801142,38.868455,2165.993867,6108.102705
pattern_23,A1850823_200_WN_2,6215872,4215872,EX012,EX3600BH,DT030,CAT 793,A-185-08-23,43.75,145.72,113.883209,113.883209,294.929028,40.861267,77.710612,0,363342.33,6591846.4,198.52,LEFT,145.7,461,17/10/2025,10:12:26,10:20:07,1580.182792,EX3600,225,22.0,10.0,32,294.929028,113.883209,62.473941,77.710612,40.861267,1778.756611,5000.48491
pattern_23,A1850823_200_WN_2,6215873,4215873,EX012,EX3600BH,DT023,CAT 793,A-185-08-23,27.23,152.33,86.852643,86.852643,254.412838,37.570052,76.101766,0,363347.01,6591842.57,199.74,RIGHT,152.3,391,17/10/2025,10:20:07,10:26:38,1653.912395,EX3600,225,22.0,10.0,32,254.412838,86.852643,53.888378,76.101766,37.570052,2155.476647,5872.061181
pattern_23,A1850823_200_WN_2,6215874,4215874,EX012,EX3600BH,DT015,CAT 793,A-185-08-23,34.15,167.43,98.32446,98.32446,284.294352,46.349819,85.328093,0,363351.96,6591846.03,198.6,STRAIGHT,167.4,407,17/10/2025,10:26:38,10:33:25,1777.560312,EX3600,225,22.0,10.0,32,284.294352,98.32446,54.29198,85.328093,46.349819,2120.211975,5880.636711
pattern_23,A1850823_200_WN_2,6215875,4215875,EX012,EX3600BH,DT002,CAT 793,A-185-08-23,42.22,182.69,100.932573,100.932573,304.358402,47.836387,93.080462,0,363348.67,6591845.65,198.33,LEFT,182.7,422,17/10/2025,10:33:25,10:40:27,1743.430532,EX3600,225,22.0,10.0,32,304.358402,100.932573,62.50898,93.080462,47.836387,2160.86204,5991.871148
pattern_23,A1850823_200_WN_2,6215876,4215876,EX012,EX3600BH,DT012,CAT 793,A-185-08-23,56.31,180.91,107.769361,107.769361,310.675217,40.517304,93.301964,0,363345.95,6591845.14,199.27,RIGHT,180.9,442,17/10/2025,10:40:27,10:47:49,1700.417293,EX3600,225,22.0,10.0,32,310.675217,107.769361,69.086589,93.301964,40.517304,2096.340814,5595.933079
pattern_23,A1850823_200_WN_2,6215877,4215877,EX012,EX3600BH,DT004,CAT 793,A-185-08-23,50.52,174.35,96.90517,96.90517,277.28743,38.612394,84.14225,0,363351.25,6591852.78,198.14,RIGHT,174.4,503,17/10/2025,10:47:49,10:56:12,1826.070087,EX3600,225,22.0,10.0,32,277.28743,96.90517,57.627616,84.14225,38.612394,2263.618189,6383.403292
pattern_23,A1850823_200_WN_2,6215878,4215878,EX012,EX3600BH,DT011,CAT 793,A-185-08-23,31.22,177.17,87.033762,87.033762,276.613756,38.412309,88.225719,0,363347.58,6591853.28,198.48,RIGHT,177.2,414,17/10/2025,10:56:12,11:03:06,1861.25003,EX3600,225,22.0,10.0,32,276.613756,87.033762,62.941966,88.225719,38.412309,2305.729154,6464.892594
pattern_23,A1850823_200_WN_2,6215879,4215879,EX012,EX3600BH,DT047,HIT EH5000,A-185-08-23,50.06,179.41,95.570737,95.570737,287.945063,41.845423,91.572158,0,363348.09,6591851.75,199.56,STRAIGHT,179.4,416,17/10/2025,11:03:06,11:10:02,1847.411233,EX3600,250,22.0,10.0,32,287.945063,95.570737,58.956745,91.572158,41.845423,2243.064229,6325.441125
pattern_23,A1850823_200_WN_2,6215880,4215880,EX012,EX3600BH,DT014,CAT 793,A-185-08-23,44.87,168.55,82.343485,82.343485,259.248589,38.476077,84.34793,0,363351.0,6591854.62,199.84,RIGHT,168.5,422,17/10/2025,11:10:02,11:17:04,1960.957099,EX3600,225,22.0,10.0,32,259.248589,82.343485,54.081097,84.34793,38.476077,2340.506522,6600.228393
pattern_23,A1850823_200_WN_2,6215881,4215881,EX012,EX3600BH,DT034,CAT 793,A-185-08-23,30.2,154.72,91.331801,91.331801,277.896076,39.170094,80.882135,0,363348.67,6591848.97,199.74,LEFT,154.7,422,17/10/2025,11:17:04,11:24:06,1677.876486,EX3600,225,22.0,10.0,32,277.896076,91.331801,66.512046,80.882135,39.170094,2004.304471,5652.138608
pattern_23,A1850823_200_WN_2,6215882,4215882,EX012,EX3600BH,DT042,CAT 793,A-185-08-23,39.44,180.12,97.791286,97.791286,288.807529,47.910952,81.627126,0,363347.44,6591853.21,199.31,STRAIGHT,180.1,450,17/10/2025,11:24:06,11:31:36,1672.774049,EX3600,225,22.0,10.0,32,288.807529,97.791286,61.478164,81.627126,47.910952,2245.192429,6331.44265
pattern_23,A1850823_200_WN_2,6215883,4215883,EX012,EX3600BH,DT004,CAT 793,A-185-08-23,39.81,162.86,91.492955,91.492955,280.883154,40.971075,81.385008,0,363347.94,6591852.84,198.27,RIGHT,162.9,452,17/10/2025,11:31:36,11:39:08,1758.881284,EX3600,225,22.0,10.0,32,280.883154,91.492955,67.034117,81.385008,40.971075,2087.294887,5704.319453
pattern_23,A1850823_200_WN_2,6215884,4215884,EX012,EX3600BH,DT068,HIT EH5000,A-185-08-23,35.85,164.48,107.398705,107.398705,310.78075,46.596577,96.415882,0,363347.31,6591853.48,198.81,LEFT,164.5,432,17/10/2025,11:39:08,11:46:20,1570.054057,EX3600,250,22.0,10.0,32,310.78075,107.398705,60.369586,96.415882,46.596577,1905.320628,5373.004172
pattern_23,A1850823_200_WN_2,6215885,4215885,EX012,EX3600BH,DT028,CAT 793,A-185-08-23,37.63,175.2,95.013112,95.013112,281.341174,41.744342,77.504108,0,363349.88,6591854.03,199.58,STRAIGHT,175.2,468,17/10/2025,11:46:20,11:54:08,1865.491072,EX3600,225,22.0,10.0,32,281.341174,95.013112,67.079612,77.504108,41.744342,2241.775251,6321.806209
pattern_23,A1850823_200_WN_2,6215886,4215886,EX012,EX3600BH,DT079,HIT EH5000,A-185-08-23,56.77,170.3,115.37136,115.37136,306.304553,42.734515,91.701725,0,363349.01,6591851.43,199.37,RIGHT,170.3,404,17/10/2025,11:54:08,12:00:52,1704.298365,EX3600,250,22.0,10.0,32,306.304553,115.37136,56.496953,91.701725,42.734515,2001.526582,5644.304961
pattern_23,A1850823_200_WN_2,6215887,4215887,EX012,EX3600BH,DT061,HIT EH5000,A-185-08-23,60.26,180.77,108.94326,108.94326,329.03387,54.438612,95.748689,0,363348.42,6591851.17,198.89,RIGHT,180.8,507,17/10/2025,12:00:52,12:09:19,1633.407229,EX3600,250,22.0,10.0,32,329.03387,108.94326,69.903308,95.748689,54.438612,1977.786583,5423.765585
pattern_23,A1850823_200_WN_1,6215888,4215888,EX012,EX3600BH,DT041,CAT 793,A-185-08-23,44.02,174.67,90.072076,90.072076,274.97667,40.020071,88.973559,0,363347.27,6591813.46,198.14,STRAIGHT,174.7,491,17/10/2025,12:09:19,12:17:30,1949.413423,EX3600,225,22.0,10.0,32,274.97667,90.072076,55.910964,88.973559,40.020071,2286.810837,6448.80656
pattern_23,A1850823_200_WN_1,6215889,4215889,EX012,EX3600BH,DT041,CAT 793,A-185-08-23,36.86,155.7,94.352015,94.352015,281.455479,40.266003,87.007468,0,363345.66,6591813.24,199.17,RIGHT,155.7,416,17/10/2025,12:17:30,12:24:26,1697.656717,EX3600,225,22.0,10.0,32,281.455479,94.352015,59.829993,87.007468,40.266003,1991.561518,5616.203481
pattern_23,A1850823_200_WN_1,6215890,4215890,EX012,EX3600BH,DT077,HIT EH5000,A-185-08-23,34.08,160.29,93.593449,93.593449,300.24521,51.644237,89.041545,0,363346.75,6591814.39,198.68,LEFT,160.3,460,17/10/2025,12:24:26,12:32:06,1548.46418,EX3600,250,22.0,10.0,32,300.24521,93.593449,65.965979,89.041545,51.644237,1921.865345,5419.660273
pattern_23,A1850823_200_WN_1,6215891,4215891,EX012,EX3600BH,DT043,CAT 793,A-185-08-23,37.2,179.7,100.640835,100.640835,289.917515,41.485142,80.129009,0,363348.88,6591814.01,199.65,RIGHT,179.7,461,17/10/2025,12:32:06,12:39:47,1867.14961,EX3600,225,22.0,10.0,32,289.917515,100.640835,67.66253,80.129009,41.485142,2231.361052,6292.438166
pattern_23,A1850823_200_WN_1,6215892,4215892,EX012,EX3600BH,DT007,CAT 793,A-185-08-23,48.72,167.0,100.079565,100.079565,309.645682,54.520664,96.952724,0,363347.26,6591817.49,199.27,STRAIGHT,167.0,450,17/10/2025,12:39:47,12:47:17,1685.123664,EX3600,225,22.0,10.0,32,309.645682,100.079565,58.092729,96.952724,54.520664,1941.579801,5475.25504
pattern_23,A1850823_200_WN_1,6215893,4215893,EX012,EX3600BH,DT026,CAT 793,A-185-08-23,44.44,168.7,87.879794,87.879794,294.768177,51.261003,81.909848,0,363348.9,6591816.87,199.38,RIGHT,168.7,445,17/10/2025,12:47:17,12:54:42,1806.012761,EX3600,225,22.0,10.0,32,294.768177,87.879794,73.717532,81.909848,51.261003,2060.30979,5795.852562
pattern_23,A1850823_200_WN_1,6215894,4215894,EX012,EX3600BH,DT025,CAT 793,A-185-08-23,41.28,161.1,103.132751,103.132751,282.636031,42.309975,71.058091,0,363347.22,6591817.47,199.37,LEFT,161.1,495,17/10/2025,12:54:42,13:02:57,1723.16121,EX3600,225,22.0,10.0,32,282.636031,103.132751,66.135214,71.058091,42.309975,2051.941735,5786.475694
pattern_23,A1850823_200_WN_1,6215895,4215895,EX012,EX3600BH,DT010,CAT 793,A-185-08-23,33.07,157.14,91.630491,91.630491,273.791401,45.882116,71.632578,0,363346.11,6591817.75,198.1,RIGHT,157.1,466,17/10/2025,13:02:57,13:10:43,1737.364819,EX3600,225,22.0,10.0,32,273.791401,91.630491,64.646215,71.632578,45.882116,2066.249442,5826.823427
pattern_23,A1850823_200_WN_1,6215896,4215896,EX012,EX3600BH,DT001,CAT 793,A-185-08-23,41.97,163.98,97.44382,97.44382,279.218451,44.663523,80.80031,0,363345.7,6591819.54,199.2,STRAIGHT,164.0,488,17/10/2025,13:10:43,13:18:51,1756.695029,EX3600,225,22.0,10.0,32,279.218451,97.44382,56.310798,80.80031,44.663523,2114.265947,5962.229972
pattern_23,A1850823_200_WN_1,6215897,4215897,EX012,EX3600BH,DT080,HIT EH5000,A-185-08-23,41.42,170.79,95.278465,95.278465,301.210822,50.868798,91.767802,0,363346.78,6591816.59,198.91,STRAIGHT,170.8,374,17/10/2025,13:18:51,13:25:05,1610.583997,EX3600,250,22.0,10.0,32,301.210822,95.278465,63.295757,91.767802,50.868798,2041.253984,5756.336236
pattern_23,A1850823_200_WN_1,6215898,4215898,EX012,EX3600BH,DT007,CAT 793,A-185-08-23,39.03,174.06,94.846725,94.846725,285.096384,42.317669,92.272449,0,363350.63,6591818.13,198.88,LEFT,174.1,578,17/10/2025,13:25:05,13:34:43,1802.158971,EX3600,225,22.0,10.0,32,285.096384,94.846725,55.65954,92.272449,42.317669,2197.926144,6198.151727
pattern_23,A1850823_200_WN_1,6215899,4215899,EX012,EX3600BH,DT058,HIT EH5000,A-185-08-23,40.74,169.66,84.668913,84.668913,272.594606,48.820612,74.361211,0,363345.82,6591816.72,199.44,LEFT,169.7,471,17/10/2025,13:34:43,13:42:34,1849.532728,EX3600,250,22.0,10.0,32,272.594606,84.668913,64.743869,74.361211,48.820612,2240.581732,6318.440485
pattern_23,A1850823_200_WN_1,6215900,4215900,EX012,EX3600BH,DT069,HIT EH5000,A-185-08-23,39.56,179.46,91.744183,91.744183,275.378446,39.27416,90.348699,0,363349.42,6591825.36,199.48,STRAIGHT,179.5,404,17/10/2025,13:42:34,13:49:18,2021.90436,EX3600,250,22.0,10.0,32,275.378446,91.744183,54.011404,90.348699,39.27416,2346.043912,6615.843832
pattern_23,A1850823_200_WN_1,6215901,4215901,EX012,EX3600BH,DT009,CAT 793,A-185-08-23,52.69,158.08,96.235217,96.235217,278.936083,43.778838,71.739256,0,363345.05,6591820.46,199.22,STRAIGHT,158.1,475,17/10/2025,13:49:18,13:57:13,1600.586094,EX3600,225,22.0,10.0,32,278.936083,96.235217,67.182771,71.739256,43.778838,2040.256133,5753.522296
pattern_23,A1850823_200_WN_1,6215902,4215902,EX012,EX3600BH,DT004,CAT 793,A-185-08-23,32.78,163.44,88.621564,88.621564,250.426133,32.561798,83.844012,0,363349.53,6591821.49,198.53,RIGHT,163.4,431,17/10/2025,13:57:13,14:04:24,2082.80023,EX3600,225,22.0,10.0,32,250.426133,88.621564,45.398759,83.844012,32.561798,2349.588378,6625.839226
pattern_23,A1850823_200_WN_1,6215903,4215903,EX012,EX3600BH,DT020,CAT 793,A-185-08-23,31.59,164.94,116.736695,116.736695,297.868567,47.798081,75.547057,0,363348.89,6591823.05,199.45,STRAIGHT,164.9,420,17/10/2025,14:04:24,14:11:24,1530.327553,EX3600,225,22.0,10.0,32,297.868567,116.736695,57.786734,75.547057,47.798081,1993.394318,5621.371976
pattern_23,A1850823_200_WN_1,6215904,4215904,EX012,EX3600BH,DT031,CAT 793,A-185-08-23,41.18,160.5,91.18112,91.18112,264.978556,41.324692,76.130812,0,363349.14,6591823.59,198.86,RIGHT,160.5,410,17/10/2025,14:11:24,14:18:14,1864.747534,EX3600,225,22.0,10.0,32,264.978556,91.18112,56.341931,76.130812,41.324692,2180.60815,6149.314984
pattern_23,A1850823_200_WN_1,6215905,4215905,EX012,EX3600BH,DT011,CAT 793,A-185-08-23,42.51,155.31,72.672029,72.672029,261.882406,45.363502,82.31971,0,363350.37,6591824.43,198.44,STRAIGHT,155.3,359,17/10/2025,14:18:14,14:24:13,1802.131915,EX3600,225,22.0,10.0,32,261.882406,72.672029,61.527165,82.31971,45.363502,2135.04593,6020.829523
pattern_23,A1850823_200_WN_1,6215906,4215906,EX012,EX3600BH,DT001,CAT 793,A-185-08-23,39.47,153.24,96.409876,96.409876,270.957122,44.03466,74.969805,0,363350.45,6591828.7,198.14,RIGHT,153.2,410,17/10/2025,14:24:13,14:31:03,1685.384178,EX3600,225,22.0,10.0,32,270.957122,96.409876,55.542781,74.969805,44.03466,2036.013755,5741.55879
pattern_23,A1850823_200_WN_1,6215907,4215907,EX012,EX3600BH,DT055,HIT EH5000,A-185-08-23,35.98,165.14,105.33784,105.33784,280.836605,41.740472,77.748563,0,363349.62,6591827.7,199.46,STRAIGHT,165.1,446,17/10/2025,14:31:03,14:38:29,1646.640753,EX3600,250,22.0,10.0,32,280.836605,105.33784,56.00973,77.748563,41.740472,2116.885966,5969.618425
pattern_23,A1850823_200_WN_1,6215908,4215908,EX012,EX3600BH,DT007,CAT 793,A-185-08-23,36.55,164.18,94.264074,94.264074,281.576422,44.295859,78.928779,0,363351.53,6591826.04,198.37,LEFT,164.2,409,17/10/2025,14:38:29,14:45:18,1809.643625,EX3600,225,22.0,10.0,32,281.576422,94.264074,64.08771,78.928779,44.295859,2099.058705,5919.345548
pattern_23,A1850823_200_WN_1,6215909,4215909,EX012,EX3600BH,DT016,CAT 793,A-185-08-23,29.55,177.33,98.029207,98.029207,293.206801,45.137985,87.439056,0,363350.37,6591825.18,199.86,RIGHT,177.3,501,17/10/2025,14:45:18,14:53:39,1783.484583,EX3600,225,22.0,10.0,32,293.206801,98.029207,62.600554,87.439056,45.137985,2177.223819,6139.771169
pattern_23,A1850823_200_WN_1,6215910,4215910,EX012,EX3600BH,DT032,CAT 793,A-185-08-23,44.24,155.65,103.502627,103.502627,295.392742,47.686766,84.513808,0,363349.46,6591823.55,198.51,STRAIGHT,155.6,440,17/10/2025,14:53:39,15:00:59,1605.22518,EX3600,225,22.0,10.0,32,295.392742,103.502627,59.68954,84.513808,47.686766,1896.905587,5349.273755
pattern_23,A1850823_200_WN_1,6215911,4215911,EX012,EX3600BH,DT033,CAT 793,A-185-08-23,41.48,171.18,95.414472,95.414472,284.541322,40.749771,84.580983,0,363348.34,6591829.24,198.71,LEFT,171.2,461,17/10/2025,15:00:59,15:08:40,1979.33767,EX3600,225,22.0,10.0,32,284.541322,95.414472,63.796096,84.580983,40.749771,2165.734544,6107.371414
pattern_23,A1850823_200_WN_1,6215912,4215912,EX012,EX3600BH,DT055,HIT EH5000,A-185-08-23,41.72,165.77,108.88434,108.88434,290.78386,36.777236,84.342418,0,363350.29,6591833.76,198.78,LEFT,165.8,394,17/10/2025,15:08:40,15:15:14,1769.397567,EX3600,250,22.0,10.0,32,290.78386,108.88434,60.779866,84.342418,36.777236,2052.234928,5703.674122
pattern_23,A1850823_200_WN_1,6215913,4215913,EX012,EX3600BH,DT004,CAT 793,A-185-08-23,55.17,169.09,101.967531,101.967531,294.750196,40.128817,88.028037,0,363354.3,6591832.83,198.73,LEFT,169.1,463,17/10/2025,15:15:14,15:22:57,1749.446825,EX3600,225,22.0,10.0,32,294.750196,101.967531,64.62581,88.028037,40.128817,2065.248558,5824.000932
pattern_23,A1850823_200_WN_1,6215914,4215914,EX012,EX3600BH,DT007,CAT 793,A-185-08-23,59.54,180.78,92.318654,92.318654,290.968369,47.403335,86.700472,0,363352.11,6591831.95,199.39,LEFT,180.8,433,17/10/2025,15:22:57,15:30:10,1965.062387,EX3600,225,22.0,10.0,32,290.968369,92.318654,64.545907,86.700472,47.403335,2236.661093,5879.848118
pattern_23,A1850823_200_WN_1,6215915,4215915,EX012,EX3600BH,DT010,CAT 793,A-185-08-23,45.19,159.27,98.774724,98.774724,297.315263,38.355076,96.526268,0,363350.73,6591829.02,199.42,LEFT,159.3,394,17/10/2025,15:30:10,15:36:44,1489.8205,EX3600,225,22.0,10.0,32,297.315263,98.774724,63.659195,96.526268,38.355076,1928.500304,5387.164304
pattern_23,A1850823_200_WN_1,6215916,4215916,EX012,EX3600BH,DT014,CAT 793,A-185-08-23,48.9,152.79,91.261438,91.261438,284.64234,45.638664,91.669202,0,363349.96,6591827.35,198.45,STRAIGHT,152.8,419,17/10/2025,15:36:44,15:43:43,1695.103571,EX3600,225,22.0,10.0,32,284.64234,91.261438,56.073036,91.669202,45.638664,1932.364788,5269.042488
pattern_23,A1850823_200_WN_1,6215917,4215917,EX012,EX3600BH,DT005,CAT 793,A-185-08-23,31.7,148.61,90.332704,90.332704,261.540989,46.374262,65.516653,0,363350.31,6591829.16,198.81,RIGHT,148.6,416,17/10/2025,15:43:43,15:50:39,1695.908778,EX3600,225,22.0,10.0,32,261.540989,90.332704,59.31737,65.516653,46.374262,2045.512306,5398.36975
pattern_23,A1850823_200_WN_1,6215918,4215918,EX012,EX3600BH,DT031,CAT 793,A-185-08-23,33.56,160.29,85.256482,85.256482,289.185374,47.28302,86.482024,0,363352.93,6591834.72,199.68,RIGHT,160.3,514,17/10/2025,15:50:39,15:59:13,1787.330979,EX3600,225,22.0,10.0,32,289.185374,85.256482,70.163848,86.482024,47.28302,1995.414167,5627.067952
pattern_23,A1850823_200_WN_1,6215919,4215919,EX012,EX3600BH,DT066,HIT EH5000,A-185-08-23,55.4,168.57,89.901685,89.901685,292.091966,46.887294,81.660785,0,363349.37,6591828.67,199.47,LEFT,168.6,491,17/10/2025,15:59:13,16:07:24,1809.092006,EX3600,250,22.0,10.0,32,292.091966,89.901685,73.642202,81.660785,46.887294,2077.609546,5846.269858
pattern_23,A1850823_200_WN_1,6215920,4215920,EX012,EX3600BH,DT084,HIT EH5000,A-185-08-23,32.81,163.05,83.945782,83.945782,279.112042,49.138501,85.51966,0,363351.55,6591830.24,198.52,RIGHT,163.0,425,17/10/2025,16:07:24,16:14:29,1801.406648,EX3600,250,22.0,10.0,32,279.112042,83.945782,60.508099,85.51966,49.138501,2102.990816,5930.434101
pattern_23,A1850823_200_WN_1,6215921,4215921,EX012,EX3600BH,DT044,CAT 793,A-185-08-23,34.16,177.64,89.977321,89.977321,269.272806,39.021411,82.717838,0,363355.56,6591833.43,199.6,LEFT,177.6,426,17/10/2025,16:14:29,16:21:35,2011.081047,EX3600,225,22.0,10.0,32,269.272806,89.977321,57.556237,82.717838,39.021411,2374.866279,6656.913157
pattern_23,A1850823_200_WN_1,6215922,4215922,EX012,EX3600BH,DT039,CAT 793,A-185-08-23,44.36,175.76,101.155041,101.155041,287.038861,49.270124,83.762232,0,363349.19,6591833.36,199.63,LEFT,175.8,383,17/10/2025,16:21:35,16:27:58,1858.073395,EX3600,225,22.0,10.0,32,287.038861,101.155041,52.851464,83.762232,49.270124,2204.317277,6024.716762
pattern_23,A1850823_200_WN_1,6215923,4215923,EX012,EX3600BH,DT022,CAT 793,A-185-08-23,52.83,177.51,95.132282,95.132282,279.133846,41.009434,86.782115,0,363353.46,6591829.78,199.23,STRAIGHT,177.5,424,17/10/2025,16:27:58,16:35:02,1895.543916,EX3600,225,22.0,10.0,32,279.133846,95.132282,56.210014,86.782115,41.009434,2289.371101,6456.026504
pattern_23,A1850823_200_WN_2,6215924,4215924,EX012,EX3600BH,DT045,CAT 793,A-185-08-23,29.47,148.5,101.102175,101.102175,297.044042,43.38332,94.954181,0,363355.99,6591841.15,198.55,STRAIGHT,148.5,454,17/10/2025,16:35:02,16:42:36,1394.905672,EX3600,225,22.0,10.0,32,297.044042,101.102175,57.604367,94.954181,43.38332,1799.716144,5075.199526
pattern_23,A1850823_200_WN_2,6215925,4215925,EX012,EX3600BH,DT004,CAT 793,A-185-08-23,35.37,150.0,110.038973,110.038973,298.652359,34.702787,91.895373,0,363355.68,6591838.24,198.38,RIGHT,150.0,419,17/10/2025,16:42:36,16:49:35,1513.041204,EX3600,225,22.0,10.0,32,298.652359,110.038973,62.015226,91.895373,34.702787,1808.163979,4920.85156
pattern_23,A1850823_200_WN_2,6215926,4215926,EX012,EX3600BH,DT013,CAT 793,A-185-08-23,38.03,155.2,101.763144,101.763144,275.348949,42.608274,72.493868,0,363351.33,6591841.3,199.66,RIGHT,155.2,425,17/10/2025,16:49:35,16:56:40,1806.067948,EX3600,225,22.0,10.0,32,275.348949,101.763144,58.483663,72.493868,42.608274,2029.1397,5722.173955
pattern_23,A1850823_200_WN_2,6215927,4215927,EX012,EX3600BH,DT035,CAT 793,A-185-08-23,40.59,160.14,100.498964,100.498964,274.714565,31.496077,78.994468,0,363351.69,6591840.03,198.79,LEFT,160.1,383,17/10/2025,16:56:40,17:03:03,1824.34833,EX3600,225,22.0,10.0,32,274.714565,100.498964,63.725056,78.994468,31.496077,2098.505329,5780.477676
pattern_23,A1850823_200_WN_2,6215928,4215928,EX012,EX3600BH,DT007,CAT 793,A-185-08-23,48.29,171.22,93.311806,93.311806,292.221038,38.842051,93.82896,0,363353.03,6591840.54,199.69,STRAIGHT,171.2,503,17/10/2025,17:03:03,17:11:26,1781.21493,EX3600,225,22.0,10.0,32,292.221038,93.311806,66.238221,93.82896,38.842051,2109.291251,5936.161609
pattern_23,A1850823_200_WN_2,6215929,4215929,EX012,EX3600BH,DT022,CAT 793,A-185-08-23,51.01,189.85,98.321611,98.321611,282.829124,41.723433,86.833607,0,363356.28,6591839.66,199.54,LEFT,189.9,432,17/10/2025,17:11:26,17:18:38,2016.419836,EX3600,225,22.0,10.0,32,282.829124,98.321611,55.950474,86.833607,41.723433,2416.546258,6814.660449
pattern_23,A1850823_200_WN_2,6215930,4215930,EX012,EX3600BH,DT017,CAT 793,A-185-08-23,45.51,178.87,89.343418,89.343418,274.412656,37.011152,86.105702,0,363352.07,6591839.9,199.57,RIGHT,178.9,382,17/10/2025,17:18:38,17:25:00,1932.111709,EX3600,225,22.0,10.0,32,274.412656,89.343418,61.952382,86.105702,37.011152,2346.631891,6617.501932
pattern_23,A1850823_200_WN_2,6215931,4215931,EX012,EX3600BH,DT078,HIT EH5000,A-185-08-23,54.54,171.89,91.673004,91.673004,276.091546,38.661412,88.690999,0,363354.17,6591840.15,199.7,LEFT,171.9,396,17/10/2025,17:25:00,17:31:36,1774.06338,EX3600,250,22.0,10.0,32,276.091546,91.673004,57.066131,88.690999,38.661412,2241.360007,6320.63522
pattern_23,A1850823_200_WN_2,6215932,4215932,EX012,EX3600BH,DT037,CAT 793,A-185-08-23,51.92,178.31,93.292484,93.292484,274.515753,36.279901,87.311737,0,363349.45,6591839.6,198.53,STRAIGHT,178.3,449,17/10/2025,17:31:36,17:39:05,1964.137006,EX3600,225,22.0,10.0,32,274.515753,93.292484,57.631631,87.311737,36.279901,2338.361688,6426.942434
pattern_23,A1850823_200_WN_2,6215933,4215933,EX012,EX3600BH,DT034,CAT 793,A-185-08-23,38.91,181.33,99.962766,99.962766,286.956662,43.86759,87.823181,0,363352.95,6591842.97,199.92,LEFT,181.3,418,17/10/2025,17:39:05,17:46:03,2001.695131,EX3600,225,22.0,10.0,32,286.956662,99.962766,55.303126,87.823181,43.86759,2274.878464,6415.157267
pattern_23,A1850823_200_WN_2,6215934,4215934,EX012,EX3600BH,DT019,CAT 793,A-185-08-23,41.88,182.86,89.755208,89.755208,275.871699,45.598254,82.934084,0,363356.06,6591837.18,199.38,STRAIGHT,182.9,419,17/10/2025,17:46:03,17:53:02,1896.667333,EX3600,225,22.0,10.0,32,275.871699,89.755208,57.584153,82.934084,45.598254,2386.201583,6729.088464
pattern_23,A1850823_200_WN_2,6215935,4215935,EX012,EX3600BH,DT007,CAT 793,A-185-08-23,30.87,174.84,89.99824,89.99824,283.160531,44.913032,83.814798,0,363353.3,6591842.43,199.28,STRAIGHT,174.8,467,17/10/2025,17:53:02,18:00:49,1778.569777,EX3600,225,22.0,10.0,32,283.160531,89.99824,64.434462,83.814798,44.913032,2222.80514,6268.310495
pattern_23,A1850823_200_WN_1,6215936,4215936,EX012,EX3600BH,DT001,CAT 793,A-185-08-23,43.17,163.68,89.463064,89.463064,288.649236,50.561706,87.937314,0,363356.24,6591847.66,199.53,RIGHT,163.7,446,17/10/2025,18:00:49,18:08:15,1709.646429,EX3600,225,22.0,10.0,32,288.649236,89.463064,60.687153,87.937314,50.561706,2041.409276,5756.774158
pattern_23,A1850823_200_WN_1,6215937,4215937,EX012,EX3600BH,DT021,CAT 793,A-185-08-23,44.53,166.17,86.519184,86.519184,274.195796,42.032303,89.125444,0,363357.73,6591848.79,199.05,STRAIGHT,166.2,386,17/10/2025,18:08:15,18:14:41,1779.081458,EX3600,225,22.0,10.0,32,274.195796,86.519184,56.518867,89.125444,42.032303,2181.74548,6152.522255
pattern_23,A1850823_200_WN_1,6215938,4215938,EX012,EX3600BH,DT042,CAT 793,A-185-08-23,51.7,171.26,120.164489,120.164489,303.437042,42.722836,81.741609,0,363358.31,6591846.59,199.55,STRAIGHT,171.3,440,17/10/2025,18:14:41,18:22:01,1799.558204,EX3600,225,22.0,10.0,32,303.437042,120.164489,58.808107,81.741609,42.722836,2031.890147,5700.232834
pattern_23,A1850823_200_WN_1,6215939,4215939,EX012,EX3600BH,DT002,CAT 793,A-185-08-23,30.88,156.47,99.03778,99.03778,292.326783,50.082028,84.68509,0,363353.58,6591849.79,198.72,LEFT,156.5,477,17/10/2025,18:22:01,18:29:58,1596.022053,EX3600,225,22.0,10.0,32,292.326783,99.03778,58.521885,84.68509,50.082028,1926.912692,5433.893791
pattern_23,A1850823_200_WN_1,6215940,4215940,EX012,EX3600BH,DT086,HIT EH5000,A-185-08-23,37.89,167.05,91.919717,91.919717,263.004651,38.132229,70.02057,0,363354.48,6591849.51,198.55,LEFT,167.0,436,17/10/2025,18:29:58,18:37:14,1951.973377,EX3600,250,22.0,10.0,32,263.004651,91.919717,62.932135,70.02057,38.132229,2286.508743,6447.116726
pattern_23,A1850823_200_WN_1,6215941,4215941,EX012,EX3600BH,DT013,CAT 793,A-185-08-23,45.11,160.43,102.239728,102.239728,289.821515,48.491344,76.71515,0,363355.09,6591848.23,199.67,RIGHT,160.4,433,17/10/2025,18:37:14,18:44:27,1585.997808,EX3600,225,22.0,10.0,32,289.821515,102.239728,62.375293,76.71515,48.491344,1992.76617,5577.541655
pattern_23,A1850823_200_WN_1,6215942,4215942,EX012,EX3600BH,DT008,CAT 793,A-185-08-23,34.73,155.35,100.112307,100.112307,278.912478,39.11931,83.360261,0,363355.93,6591847.02,199.66,RIGHT,155.4,528,17/10/2025,18:44:27,18:53:15,1629.330345,EX3600,225,22.0,10.0,32,278.912478,100.112307,56.3206,83.360261,39.11931,2005.169459,5654.577876
pattern_23,A1850823_200_WN_1,6215943,4215943,EX012,EX3600BH,DT033,CAT 793,A-185-08-23,45.08,155.51,95.133088,95.133088,299.128406,43.637844,97.769905,0,363353.73,6591846.71,198.53,RIGHT,155.5,503,17/10/2025,18:53:15,19:01:38,1510.524881,EX3600,225,22.0,10.0,32,299.128406,95.133088,62.58757,97.769905,43.637844,1871.566559,5187.432902
pattern_23,A1850823_200_WN_1,6215944,4215944,EX012,EX3600BH,DT088,HIT EH5000,A-185-08-23,28.89,158.36,91.130724,91.130724,275.601323,44.836607,84.066227,0,363355.82,6591849.53,199.69,LEFT,158.4,368,17/10/2025,19:01:38,19:07:46,1771.925565,EX3600,250,22.0,10.0,32,275.601323,91.130724,55.567765,84.066227,44.836607,2068.491725,5804.873509
pattern_23,A1850823_200_WN_1,6215945,4215945,EX012,EX3600BH,DT015,CAT 793,A-185-08-23,47.38,163.05,91.690682,91.690682,307.987995,53.401128,89.956891,0,363355.34,6591847.63,198.45,RIGHT,163.1,502,17/10/2025,19:07:46,19:16:08,1636.726604,EX3600,225,22.0,10.0,32,307.987995,91.690682,72.939293,89.956891,53.401128,1905.907383,5374.658821
pattern_23,A1850823_200_WN_1,6215946,4215946,EX012,EX3600BH,DT038,CAT 793,A-185-08-23,38.43,161.55,95.840492,95.840492,268.818317,39.975584,79.516927,0,363356.31,6591852.47,198.89,LEFT,161.6,425,17/10/2025,19:16:08,19:23:13,1889.78678,EX3600,225,22.0,10.0,32,268.818317,95.840492,53.485314,79.516927,39.975584,2163.502145,6101.076048
pattern_23,A1850823_200_WN_1,6215947,4215947,EX012,EX3600BH,DT067,HIT EH5000,A-185-08-23,36.81,167.29,90.923112,90.923112,279.817663,42.814815,87.766288,0,363356.01,6591849.68,198.6,LEFT,167.3,490,17/10/2025,19:23:13,19:31:23,1845.231537,EX3600,250,22.0,10.0,32,279.817663,90.923112,58.313447,87.766288,42.814815,2152.330075,5733.71809
pattern_23,A1850823_200_WN_2,6215948,4215948,EX012,EX3600BH,DT041,CAT 793,A-185-08-23,39.33,170.62,100.499154,100.499154,281.011326,39.754895,84.538944,0,363358.89,6591853.66,199.92,STRAIGHT,170.6,303,17/10/2025,19:31:23,19:36:26,1830.372581,EX3600,225,22.0,10.0,32,281.011326,100.499154,56.218333,84.538944,39.754895,2185.841569,5986.204757
pattern_23,A1850823_200_WN_2,6215949,4215949,EX012,EX3600BH,DT027,CAT 793,A-185-08-23,57.86,173.59,98.539224,98.539224,286.424218,45.103384,82.635447,0,363357.79,6591856.4,199.34,LEFT,173.6,472,17/10/2025,19:36:26,19:44:18,1780.806684,EX3600,225,22.0,10.0,32,286.424218,98.539224,60.146163,82.635447,45.103384,2181.751755,5980.705855
pattern_23,A1850823_200_WN_2,6215950,4215950,EX012,EX3600BH,DT032,CAT 793,A-185-08-23,44.35,149.67,90.114276,90.114276,291.669929,46.315858,89.031708,0,363356.56,6591851.91,198.89,STRAIGHT,149.7,501,17/10/2025,19:44:18,19:52:39,1487.474798,EX3600,225,22.0,10.0,32,291.669929,90.114276,66.208087,89.031708,46.315858,1847.298868,5129.961059
pattern_23,A1850823_200_WN_2,6215951,4215951,EX012,EX3600BH,DT022,CAT 793,A-185-08-23,39.32,165.63,91.32643,91.32643,261.361959,43.08781,67.144791,0,363357.54,6591855.85,199.29,LEFT,165.6,395,17/10/2025,19:52:39,19:59:14,1792.900009,EX3600,225,22.0,10.0,32,261.361959,91.32643,59.802928,67.144791,43.08781,2281.322032,6433.328129
pattern_23,A1850823_200_WN_2,6215952,4215952,EX012,EX3600BH,DT076,HIT EH5000,A-185-08-23,39.83,158.38,92.395922,92.395922,279.92843,37.156561,87.492817,0,363353.27,6591853.48,199.88,RIGHT,158.4,378,17/10/2025,19:59:14,20:05:32,1746.541728,EX3600,250,22.0,10.0,32,279.92843,92.395922,62.88313,87.492817,37.156561,2036.805133,5743.790475
pattern_23,A1850823_200_WN_2,6215953,4215953,EX012,EX3600BH,DT077,HIT EH5000,A-185-08-23,43.78,157.06,102.268843,102.268843,293.93276,46.845816,79.962467,0,363356.98,6591857.57,199.51,LEFT,157.1,443,17/10/2025,20:05:32,20:12:55,1675.794497,EX3600,250,22.0,10.0,32,293.93276,102.268843,64.855634,79.962467,46.845816,1923.672307,5420.250999
pattern_23,A1850823_200_WN_2,6215954,4215954,EX012,EX3600BH,DT040,CAT 793,A-185-08-23,31.04,155.08,97.52461,97.52461,291.253905,46.963193,82.100874,0,363350.85,6591856.77,199.04,STRAIGHT,155.1,466,17/10/2025,20:12:55,20:20:41,1563.34931,EX3600,225,22.0,10.0,32,291.253905,97.52461,64.665228,82.100874,46.963193,1916.887649,5160.4436
pattern_23,A1850823_200_WN_2,6215955,4215955,EX012,EX3600BH,DT002,CAT 793,A-185-08-23,39.71,154.07,90.327974,90.327974,282.301454,46.979431,84.988777,0,363356.41,6591856.02,198.77,LEFT,154.1,464,17/10/2025,20:20:41,20:28:25,1668.807588,EX3600,225,22.0,10.0,32,282.301454,90.327974,60.005272,84.988777,46.979431,1964.730709,5414.019308
pattern_23,A1850823_200_WN_2,6215956,4215956,EX012,EX3600BH,DT013,CAT 793,A-185-08-23,40.56,147.66,109.995516,109.995516,303.881254,47.446052,92.52149,0,363359.73,6591859.26,198.37,STRAIGHT,147.7,830,17/10/2025,20:28:25,20:42:15,1474.058529,EX3600,225,22.0,10.0,32,303.881254,109.995516,53.918196,92.52149,47.446052,1749.250548,4804.146734
pattern_23,A1850823_200_WN_2,6215957,4215957,EX012,EX3600BH,DT002,CAT 793,A-185-08-23,34.36,146.46,104.233465,104.233465,307.611065,48.548078,93.690698,0,363358.9,6591856.89,199.53,STRAIGHT,146.5,464,17/10/2025,20:42:15,20:49:59,1435.937294,EX3600,225,22.0,10.0,32,307.611065,104.233465,61.138825,93.690698,48.548078,1714.04308,4833.601486
pattern_23,A1850823_200_WN_2,6215958,4215958,EX012,EX3600BH,DT012,CAT 793,A-185-08-23,44.4,173.25,90.534116,90.534116,262.576362,45.584436,72.582317,0,363356.53,6591855.63,198.67,LEFT,173.2,508,17/10/2025,20:49:59,20:58:27,1817.00816,EX3600,225,22.0,10.0,32,262.576362,90.534116,53.875494,72.582317,45.584436,2375.305327,6552.941424
pattern_23,A1850823_200_WN_2,6215959,4215959,EX012,EX3600BH,DT038,CAT 793,A-185-08-23,49.1,177.31,86.143835,86.143835,266.19306,42.811292,80.156504,0,363356.38,6591860.19,198.27,STRAIGHT,177.3,461,17/10/2025,20:58:27,21:06:08,2045.227882,EX3600,225,22.0,10.0,32,266.19306,86.143835,57.08143,80.156504,42.811292,2397.958099,6710.235995
pattern_23,A1850823_200_WN_2,6215960,4215960,EX012,EX3600BH,DT079,HIT EH5000,A-185-08-23,29.96,167.47,104.536808,104.536808,300.402542,42.360697,91.172713,0,363361.82,6591862.75,199.33,RIGHT,167.5,462,17/10/2025,21:06:08,21:13:50,1654.473598,EX3600,250,22.0,10.0,32,300.402542,104.536808,62.332323,91.172713,42.360697,2006.951795,5659.604061
pattern_23,A1850823_200_WN_2,6215961,4215961,EX012,EX3600BH,DT046,CAT 793,A-185-08-23,50.82,172.66,96.352224,96.352224,295.547328,51.405951,80.412993,0,363358.01,6591860.52,198.46,RIGHT,172.7,437,17/10/2025,21:13:50,21:21:07,1874.673864,EX3600,225,22.0,10.0,32,295.547328,96.352224,67.37616,80.412993,51.405951,2103.174535,5930.952187
pattern_23,A1850823_200_WN_2,6215962,4215962,EX012,EX3600BH,DT020,CAT 793,A-185-08-23,41.98,177.19,87.2425,87.2425,268.926152,45.488239,69.50267,0,363359.27,6591862.22,199.59,RIGHT,177.2,397,17/10/2025,21:21:07,21:27:44,1840.056504,EX3600,225,22.0,10.0,32,268.926152,87.2425,66.692742,69.50267,45.488239,2372.017312,6689.08882
pattern_23,A1850823_200_WN_2,6215963,4215963,EX012,EX3600BH,DT065,HIT EH5000,A-185-08-23,34.26,165.63,92.488103,92.488103,286.199723,49.949178,88.959283,0,363363.19,6591860.57,199.54,LEFT,165.6,423,17/10/2025,21:27:44,21:34:47,1816.594515,EX3600,250,22.0,10.0,32,286.199723,92.488103,54.803158,88.959283,49.949178,2083.354934,5875.060914
pattern_23,A1850823_200_WN_2,6215964,4215964,EX012,EX3600BH,DT037,CAT 793,A-185-08-23,36.33,169.7,79.029915,79.029915,272.575708,41.87475,97.461366,0,363361.01,6591866.32,199.66,LEFT,169.7,425,17/10/2025,21:34:47,21:41:52,1795.98217,EX3600,225,22.0,10.0,32,272.575708,79.029915,54.209678,97.461366,41.87475,2241.313721,6320.504694
pattern_23,A1850823_200_WN_2,6215965,4215965,EX012,EX3600BH,DT059,HIT EH5000,A-185-08-23,28.36,163.2,92.368253,92.368253,271.79831,44.745203,77.843645,0,363360.06,6591863.01,199.38,STRAIGHT,163.2,489,17/10/2025,21:41:52,21:50:01,2012.593122,EX3600,250,22.0,10.0,32,271.79831,92.368253,56.841209,77.843645,44.745203,2161.635997,6095.813511
pattern_23,A1850823_200_WN_2,6215966,4215966,EX012,EX3600BH,DT041,CAT 793,A-185-08-23,46.41,166.66,106.345934,106.345934,298.02026,46.210287,81.227613,0,363361.55,6591863.95,199.51,LEFT,166.7,439,17/10/2025,21:50:01,21:57:20,1818.072507,EX3600,225,22.0,10.0,32,298.02026,106.345934,64.236426,81.227613,46.210287,2013.201685,5677.228753
pattern_23,A1850823_200_WN_2,6215967,4215967,EX012,EX3600BH,DT015,CAT 793,A-185-08-23,30.15,155.54,98.521723,98.521723,294.462875,47.037658,82.495637,0,363357.14,6591865.3,199.31,LEFT,155.5,456,17/10/2025,21:57:20,22:04:56,1582.901718,EX3600,225,22.0,10.0,32,294.462875,98.521723,66.407856,82.495637,47.037658,1901.527289,5155.349952
pattern_23,A1850823_200_WN_2,6215968,4215968,EX012,EX3600BH,DT065,HIT EH5000,A-185-08-23,39.93,161.29,73.419229,73.419229,273.915336,36.300523,95.424786,0,363358.63,6591861.87,199.65,LEFT,161.3,459,17/10/2025,22:04:56,22:12:35,1746.198916,EX3600,250,22.0,10.0,32,273.915336,73.419229,68.770797,95.424786,36.300523,2119.822254,5977.898755
pattern_23,A1850823_200_WN_2,6215969,4215969,EX012,EX3600BH,DT031,CAT 793,A-185-08-23,38.34,153.99,102.0406,102.0406,295.508631,43.033165,85.679957,0,363358.68,6591865.11,199.11,RIGHT,154.0,438,17/10/2025,22:12:35,22:19:53,1594.452959,EX3600,225,22.0,10.0,32,295.508631,102.0406,64.754909,85.679957,43.033165,1876.021485,5290.380588
pattern_23,A1850823_200_WN_1,6215970,4215970,EX012,EX3600BH,DT008,CAT 793,A-185-08-23,36.24,167.27,86.704976,86.704976,291.062378,50.479931,89.725377,0,363354.38,6591819.84,199.75,STRAIGHT,167.3,448,17/10/2025,22:19:53,22:27:21,1753.639213,EX3600,225,22.0,10.0,32,291.062378,86.704976,64.152095,89.725377,50.479931,2068.833064,5834.109242
pattern_23,A1850823_200_WN_1,6215971,4215971,EX012,EX3600BH,DT018,CAT 793,A-185-08-23,31.33,168.38,90.642079,90.642079,268.94548,31.496077,81.468263,0,363356.14,6591815.79,199.53,STRAIGHT,168.4,404,17/10/2025,22:27:21,22:34:05,1896.739003,EX3600,225,22.0,10.0,32,268.94548,90.642079,65.339061,81.468263,31.496077,2253.934384,6249.442265
pattern_23,A1850823_200_WN_1,6215972,4215972,EX012,EX3600BH,DT061,HIT EH5000,A-185-08-23,27.36,160.62,86.744584,86.744584,278.064436,50.176648,88.393299,0,363356.05,6591818.63,199.44,LEFT,160.6,390,17/10/2025,22:34:05,22:40:35,1800.453391,EX3600,250,22.0,10.0,32,278.064436,86.744584,52.749905,88.393299,50.176648,2079.490974,5864.164546
pattern_23,A1850823_200_WN_1,6215973,4215973,EX012,EX3600BH,DT024,CAT 793,A-185-08-23,37.65,150.47,92.778811,92.778811,257.643043,44.755049,65.663655,0,363352.91,6591816.12,198.47,RIGHT,150.5,400,17/10/2025,22:40:35,22:47:15,1858.49197,EX3600,225,22.0,10.0,32,257.643043,92.778811,54.445528,65.663655,44.755049,2102.475366,5928.980533
pattern_23,A1850823_200_WN_1,6215974,4215974,EX012,EX3600BH,DT044,CAT 793,A-185-08-23,50.06,159.7,94.33053,94.33053,276.204603,38.534406,81.781606,0,363356.11,6591821.56,199.13,STRAIGHT,159.7,441,17/10/2025,22:47:15,22:54:36,1568.136933,EX3600,225,22.0,10.0,32,276.204603,94.33053,61.558061,81.781606,38.534406,2081.463941,5869.728314
pattern_23,A1850823_200_WN_1,6215975,4215975,EX012,EX3600BH,DT036,CAT 793,A-185-08-23,33.99,167.41,75.285291,75.285291,268.64421,44.526315,75.713118,0,363355.01,6591817.28,199.28,LEFT,167.4,512,17/10/2025,22:54:36,23:03:08,1909.850852,EX3600,225,22.0,10.0,32,268.64421,75.285291,73.119486,75.713118,44.526315,2243.427964,6326.466857
pattern_23,A1850823_200_WN_1,6215976,4215976,EX012,EX3600BH,DT020,CAT 793,A-185-08-23,36.44,165.48,93.574804,93.574804,284.813489,41.632149,82.027141,0,363354.01,6591816.69,198.62,STRAIGHT,165.5,475,17/10/2025,23:03:08,23:11:03,1809.794901,EX3600,225,22.0,10.0,32,284.813489,93.574804,67.579395,82.027141,41.632149,2091.640166,5859.783341
pattern_23,A1850823_200_WN_1,6215977,4215977,EX012,EX3600BH,DT007,CAT 793,A-185-08-23,45.12,167.09,96.999773,96.999773,286.050177,50.52968,73.760296,0,363355.03,6591819.9,199.09,RIGHT,167.1,377,17/10/2025,23:11:03,23:17:20,1764.757055,EX3600,225,22.0,10.0,32,286.050177,96.999773,64.760428,73.760296,50.52968,2102.820808,5929.954678
pattern_23,A1850823_200_WN_1,6215978,4215978,EX012,EX3600BH,DT005,CAT 793,A-185-08-23,32.72,152.73,108.88126,108.88126,299.552938,44.865691,78.933864,0,363355.67,6591820.21,198.45,STRAIGHT,152.7,488,17/10/2025,23:17:20,23:25:28,1599.500716,EX3600,225,22.0,10.0,32,299.552938,108.88126,66.872124,78.933864,44.865691,1835.453093,4925.18713
pattern_23,A1850823_200_WN_1,6215979,4215979,EX012,EX3600BH,DT005,CAT 793,A-185-08-23,46.62,169.43,97.163002,97.163002,284.793711,42.53237,93.447891,0,363355.31,6591819.26,198.64,STRAIGHT,169.4,378,17/10/2025,23:25:28,23:31:46,1878.766829,EX3600,225,22.0,10.0,32,284.793711,97.163002,51.650449,93.447891,42.53237,2141.675378,5998.074187
pattern_23,A1850823_200_WN_1,6215980,4215980,EX012,EX3600BH,DT018,CAT 793,A-185-08-23,59.24,177.72,106.358114,106.358114,307.487062,44.119923,88.199488,0,363353.32,6591820.19,199.76,STRAIGHT,177.7,449,17/10/2025,23:31:46,23:39:15,1793.551725,EX3600,225,22.0,10.0,32,307.487062,106.358114,68.809536,88.199488,44.119923,2080.697991,5867.568334
pattern_23,A1850823_200_WN_1,6215981,4215981,EX012,EX3600BH,DT034,CAT 793,A-185-08-23,40.98,160.7,107.814078,107.814078,280.866653,40.218281,85.535765,0,363355.05,6591822.96,199.09,LEFT,160.7,469,17/10/2025,23:39:15,23:47:04,1901.057197,EX3600,225,22.0,10.0,32,280.866653,107.814078,47.298529,85.535765,40.218281,2059.73146,5808.442718
pattern_23,A1850823_200_WN_1,6215982,4215982,EX012,EX3600BH,DT017,CAT 793,A-185-08-23,52.93,170.36,73.817592,73.817592,258.822031,42.309168,82.659368,0,363356.82,6591818.55,198.78,RIGHT,170.4,493,17/10/2025,23:47:04,23:55:17,1926.421145,EX3600,225,22.0,10.0,32,258.822031,73.817592,60.035904,82.659368,42.309168,2369.512072,6682.024043
pattern_23,A1850823_200_WN_1,6215983,4215983,EX012,EX3600BH,DT043,CAT 793,A-185-08-23,42.93,170.19,91.343433,91.343433,306.54048,48.302652,82.949892,0,363352.96,6591815.38,199.77,LEFT,170.2,505,17/10/2025,23:55:17,00:03:42,1620.181729,EX3600,225,22.0,10.0,32,306.54048,91.343433,83.944504,82.949892,48.302652,1998.685823,5587.916507
pattern_23,A1850823_200_WN_1,6215984,4215984,EX012,EX3600BH,DT031,CAT 793,A-185-08-23,42.34,167.86,102.052352,102.052352,304.36142,45.855728,91.971599,0,363357.7,6591825.01,199.82,RIGHT,167.9,450,18/10/2025,00:03:42,00:11:12,1757.073169,EX3600,225,22.0,10.0,32,304.36142,102.052352,64.481741,91.971599,45.855728,1985.50107,5599.113017
pattern_23,A1850823_200_WN_1,6215985,4215985,EX012,EX3600BH,DT071,HIT EH5000,A-185-08-23,33.81,159.73,98.193198,98.193198,299.936359,42.633258,85.795868,0,363358.72,6591824.99,198.74,RIGHT,159.7,433,18/10/2025,00:11:12,00:18:25,1658.100485,EX3600,250,22.0,10.0,32,299.936359,98.193198,73.314035,85.795868,42.633258,1917.156291,5406.38074
pattern_23,A1850823_200_WN_1,6215986,4215986,EX012,EX3600BH,DT017,CAT 793,A-185-08-23,39.71,178.56,103.143984,103.143984,290.315413,47.493685,82.668417,0,363358.08,6591829.88,199.29,STRAIGHT,178.6,478,18/10/2025,00:18:25,00:26:23,1983.338593,EX3600,225,22.0,10.0,32,290.315413,103.143984,57.009327,82.668417,47.493685,2214.242603,6244.164141
pattern_23,A1850823_200_WN_1,6215987,4215987,EX012,EX3600BH,DT016,CAT 793,A-185-08-23,46.32,181.83,95.852189,95.852189,295.875901,47.975985,92.043112,0,363360.82,6591826.62,198.8,STRAIGHT,181.8,472,18/10/2025,00:26:23,00:34:15,1777.222455,EX3600,225,22.0,10.0,32,295.875901,95.852189,60.004616,92.043112,47.975985,2212.367149,6238.87536
pattern_23,A1850823_200_WN_1,6215988,4215988,EX012,EX3600BH,DT003,CAT 793,A-185-08-23,52.94,177.8,78.929834,78.929834,270.837011,47.366438,84.592832,0,363357.98,6591822.22,198.92,STRAIGHT,177.8,377,18/10/2025,00:34:15,00:40:32,1783.39907,EX3600,225,22.0,10.0,32,270.837011,78.929834,59.947906,84.592832,47.366438,2363.294547,6664.490623
pattern_23,A1850823_200_WN_1,6215989,4215989,EX012,EX3600BH,DT032,CAT 793,A-185-08-23,42.82,185.47,95.016064,95.016064,273.55331,35.78406,81.031948,0,363359.52,6591827.18,199.15,STRAIGHT,185.5,396,18/10/2025,00:40:32,00:47:08,1939.698852,EX3600,225,22.0,10.0,32,273.55331,95.016064,61.721238,81.031948,35.78406,2440.812447,6883.091099
pattern_23,A1850823_200_WN_1,6215990,4215990,EX012,EX3600BH,DT013,CAT 793,A-185-08-23,59.62,178.86,87.706149,87.706149,278.196296,49.776002,83.568859,0,363357.51,6591826.48,199.25,LEFT,178.9,447,18/10/2025,00:47:08,00:54:35,2051.120544,EX3600,225,22.0,10.0,32,278.196296,87.706149,57.145286,83.568859,49.776002,2314.600709,6451.938794
pattern_23,A1850823_200_WN_1,6215991,4215991,EX012,EX3600BH,DT028,CAT 793,A-185-08-23,42.86,166.68,100.196437,100.196437,287.868665,56.036684,69.343094,0,363355.8,6591825.92,198.51,RIGHT,166.7,472,18/10/2025,00:54:35,01:02:27,1732.567314,EX3600,225,22.0,10.0,32,287.868665,100.196437,62.29245,69.343094,56.036684,2084.421389,5878.068318
pattern_23,A1850823_200_WN_1,6215992,4215992,EX012,EX3600BH,DT035,CAT 793,A-185-08-23,44.93,164.92,104.904954,104.904954,274.435676,37.092635,82.590834,0,363360.79,6591828.0,198.79,STRAIGHT,164.9,299,18/10/2025,01:02:27,01:07:26,1705.256265,EX3600,225,22.0,10.0,32,274.435676,104.904954,49.847254,82.590834,37.092635,2163.338241,6041.055995
pattern_23,A1850823_200_WN_1,6215993,4215993,EX012,EX3600BH,DT021,CAT 793,A-185-08-23,40.9,174.6,95.127906,95.127906,311.945989,47.979497,100.186794,0,363357.34,6591828.83,198.18,RIGHT,174.6,494,18/10/2025,01:07:26,01:15:40,1651.450539,EX3600,225,22.0,10.0,32,311.945989,95.127906,68.651792,100.186794,47.979497,2014.978188,5492.110301
pattern_23,A1850823_200_WN_1,6215994,4215994,EX012,EX3600BH,DT041,CAT 793,A-185-08-23,42.79,173.17,97.661622,97.661622,282.717472,43.974192,80.221163,0,363357.0,6591827.25,199.23,STRAIGHT,173.2,378,18/10/2025,01:15:40,01:21:58,1829.32583,EX3600,225,22.0,10.0,32,282.717472,97.661622,60.860496,80.221163,43.974192,2205.007281,6218.120531
pattern_23,A1850823_200_WN_1,6215995,4215995,EX012,EX3600BH,DT019,CAT 793,A-185-08-23,37.35,173.34,104.193739,104.193739,298.784597,35.380699,99.527781,0,363355.81,6591826.12,199.22,LEFT,173.3,406,18/10/2025,01:21:58,01:28:44,1772.993993,EX3600,225,22.0,10.0,32,298.784597,104.193739,59.682378,99.527781,35.380699,2088.565522,5648.76637
pattern_23,A1850823_200_WN_1,6215996,4215996,EX012,EX3600BH,DT001,CAT 793,A-185-08-23,42.98,183.21,95.998554,95.998554,282.497736,51.887851,80.207013,0,363356.84,6591836.15,199.43,RIGHT,183.2,427,18/10/2025,01:28:44,01:35:51,1912.703858,EX3600,225,22.0,10.0,32,282.497736,95.998554,54.404318,80.207013,51.887851,2334.696633,6583.844506
pattern_23,A1850823_200_WN_1,6215997,4215997,EX012,EX3600BH,DT034,CAT 793,A-185-08-23,37.51,171.6,87.936876,87.936876,278.201447,42.989071,83.653745,0,363361.48,6591833.5,199.35,RIGHT,171.6,405,18/10/2025,01:35:51,01:42:36,1864.343995,EX3600,225,22.0,10.0,32,278.201447,87.936876,63.621754,83.653745,42.989071,2220.609114,6262.117701
pattern_23,A1850823_200_WN_1,6215998,4215998,EX012,EX3600BH,DT011,CAT 793,A-185-08-23,47.0,174.24,106.176255,106.176255,287.452171,37.480097,92.213409,0,363360.33,6591833.04,198.43,RIGHT,174.2,414,18/10/2025,01:42:36,01:49:30,1931.734536,EX3600,225,22.0,10.0,32,287.452171,106.176255,51.58241,92.213409,37.480097,2182.150402,6153.664134
pattern_23,A1850823_200_WN_1,6215999,4215999,EX012,EX3600BH,DT039,CAT 793,A-185-08-23,47.87,181.64,89.207614,89.207614,292.051338,44.851535,92.617796,0,363362.36,6591831.22,198.53,LEFT,181.6,508,18/10/2025,01:49:30,01:57:58,1979.177021,EX3600,225,22.0,10.0,32,292.051338,89.207614,65.374393,92.617796,44.851535,2238.990328,6166.187352
pattern_23,A1850823_200_WN_1,6216000,4216000,EX012,EX3600BH,DT006,CAT 793,A-185-08-23,58.36,175.08,103.643395,103.643395,315.692226,45.592795,102.768179,0,363359.29,6591835.1,198.43,STRAIGHT,175.1,522,18/10/2025,01:57:58,02:06:40,1639.07988,EX3600,225,22.0,10.0,32,315.692226,103.643395,63.687858,102.768179,45.592795,1996.558099,5630.293838
pattern_23,A1850823_200_WN_1,6216001,4216001,EX012,EX3600BH,DT039,CAT 793,A-185-08-23,43.21,164.66,95.766168,95.766168,293.837157,42.379813,95.917769,0,363360.33,6591837.61,199.17,LEFT,164.7,460,18/10/2025,02:06:40,02:14:20,1752.833097,EX3600,225,22.0,10.0,32,293.837157,95.766168,59.773407,95.917769,42.379813,2017.308816,5688.810862
pattern_23,A1850823_200_WN_1,6216002,4216002,EX012,EX3600BH,DT035,CAT 793,A-185-08-23,44.42,158.99,103.574774,103.574774,292.322368,52.326412,79.358514,0,363356.02,6591832.85,199.66,STRAIGHT,159.0,631,18/10/2025,02:14:20,02:24:51,1701.904101,EX3600,225,22.0,10.0,32,292.322368,103.574774,57.062668,79.358514,52.326412,1958.00024,5521.560677
pattern_23,A1850823_200_WN_1,6216003,4216003,EX012,EX3600BH,DT012,CAT 793,A-185-08-23,36.47,155.66,91.650707,91.650707,290.044783,41.095807,85.437155,0,363363.28,6591835.16,198.65,RIGHT,155.7,380,18/10/2025,02:24:51,02:31:11,1568.254169,EX3600,225,22.0,10.0,32,290.044783,91.650707,71.861114,85.437155,41.095807,1932.028261,5448.319697
pattern_23,A1850823_200_WN_1,6216004,4216004,EX012,EX3600BH,DT039,CAT 793,A-185-08-23,32.97,163.56,113.065261,113.065261,326.037988,51.542282,92.664557,0,363356.37,6591831.95,199.08,STRAIGHT,163.6,510,18/10/2025,02:31:11,02:39:41,1503.068864,EX3600,225,22.0,10.0,32,326.037988,113.065261,68.765888,92.664557,51.542282,1806.016961,4886.521735
pattern_23,A1850823_200_WN_1,6216005,4216005,EX012,EX3600BH,DT029,CAT 793,A-185-08-23,64.35,193.05,106.589768,106.589768,297.080438,51.749429,87.689441,0,363356.31,6591829.7,199.4,RIGHT,193.0,422,18/10/2025,02:39:41,02:46:43,1890.83771,EX3600,225,22.0,10.0,32,297.080438,106.589768,51.0518,87.689441,51.749429,2339.315777,6596.87049
pattern_23,A1850823_200_WN_1,6216006,4216006,EX012,EX3600BH,DT026,CAT 793,A-185-08-23,39.87,164.58,105.937284,105.937284,287.347906,40.504842,83.161472,0,363356.47,6591838.97,198.41,STRAIGHT,164.6,403,18/10/2025,02:46:43,02:53:26,1608.912852,EX3600,225,22.0,10.0,32,287.347906,105.937284,57.744308,83.161472,40.504842,2061.942132,5532.844444
pattern_23,A1850823_200_WN_1,6216007,4216007,EX012,EX3600BH,DT060,HIT EH5000,A-185-08-23,33.81,181.4,96.595849,96.595849,302.311357,48.809966,90.178426,0,363356.65,6591838.66,198.92,LEFT,181.4,535,18/10/2025,02:53:26,03:02:21,1877.628117,EX3600,250,22.0,10.0,32,302.311357,96.595849,66.727116,90.178426,48.809966,2160.117625,6091.531702
pattern_23,A1850823_200_WN_1,6216008,4216008,EX012,EX3600BH,DT018,CAT 793,A-185-08-23,35.14,154.07,99.388191,99.388191,291.445125,37.410001,87.508094,0,363359.42,6591841.17,199.3,RIGHT,154.1,493,18/10/2025,03:02:21,03:10:34,1685.52412,EX3600,225,22.0,10.0,32,291.445125,99.388191,67.138839,87.508094,37.410001,1903.064312,5366.64136
pattern_23,A1850823_200_WN_1,6216009,4216009,EX012,EX3600BH,DT040,CAT 793,A-185-08-23,58.09,174.28,80.791262,80.791262,274.977333,39.299439,90.67676,0,363358.65,6591842.55,198.64,LEFT,174.3,429,18/10/2025,03:10:34,03:17:43,1877.014742,EX3600,225,22.0,10.0,32,274.977333,80.791262,64.209873,90.67676,39.299439,2281.689718,6434.365005
pattern_23,A1850823_200_WN_1,6216010,4216010,EX012,EX3600BH,DT007,CAT 793,A-185-08-23,33.22,175.42,88.115883,88.115883,291.947645,42.908213,96.36732,0,363363.82,6591841.82,199.8,LEFT,175.4,473,18/10/2025,03:17:43,03:25:36,1817.766037,EX3600,225,22.0,10.0,32,291.947645,88.115883,64.55623,96.36732,42.908213,2163.052045,6099.806767
pattern_23,A1850823_200_WN_1,6216011,4216011,EX012,EX3600BH,DT008,CAT 793,A-185-08-23,41.98,180.11,100.667221,100.667221,288.176372,45.051761,83.8153,0,363365.04,6591842.23,198.51,STRAIGHT,180.1,464,18/10/2025,03:25:36,03:33:20,1916.945526,EX3600,225,22.0,10.0,32,288.176372,100.667221,58.642089,83.8153,45.051761,2249.960928,6344.889816
pattern_23,A1850823_200_WN_1,6216012,4216012,EX012,EX3600BH,DT066,HIT EH5000,A-185-08-23,40.29,159.98,95.434326,95.434326,283.215262,44.338206,85.044668,0,363362.09,6591842.87,198.99,LEFT,160.0,450,18/10/2025,03:33:20,03:40:50,1803.970977,EX3600,250,22.0,10.0,32,283.215262,95.434326,58.398062,85.044668,44.338206,2033.577918,5734.689729
pattern_23,A1850823_200_WN_1,6216013,4216013,EX012,EX3600BH,DT012,CAT 793,A-185-08-23,42.34,144.84,84.803831,84.803831,269.361922,34.429241,94.674105,0,363363.17,6591839.53,198.47,LEFT,144.8,393,18/10/2025,03:40:50,03:47:23,1712.593727,EX3600,225,22.0,10.0,32,269.361922,84.803831,55.454745,94.674105,34.429241,1935.758388,5432.991914
pattern_23,A1850823_200_WN_1,6216014,4216014,EX012,EX3600BH,DT015,CAT 793,A-185-08-23,35.8,159.89,94.100521,94.100521,262.957994,33.427142,73.171046,0,363360.65,6591841.98,198.8,RIGHT,159.9,379,18/10/2025,03:47:23,03:53:42,1750.555558,EX3600,225,22.0,10.0,32,262.957994,94.100521,62.259285,73.171046,33.427142,2188.930678,6172.784513
pattern_23,A1850823_200_WN_1,6216015,4216015,EX012,EX3600BH,DT040,CAT 793,A-185-08-23,51.31,175.72,95.949941,95.949941,266.369094,33.002815,73.399682,0,363360.46,6591842.13,198.54,RIGHT,175.7,402,18/10/2025,03:53:42,04:00:24,1981.420702,EX3600,225,22.0,10.0,32,266.369094,95.949941,64.016656,73.399682,33.002815,2374.821522,6655.177101
pattern_23,A1850823_200_WN_1,6216016,4216016,EX012,EX3600BH,DT022,CAT 793,A-185-08-23,59.92,179.76,98.688603,98.688603,309.401978,42.347279,93.322135,0,363362.18,6591839.57,199.59,STRAIGHT,179.8,467,18/10/2025,04:00:24,04:08:11,1805.366,EX3600,225,22.0,10.0,32,309.401978,98.688603,75.043961,93.322135,42.347279,2091.518627,5898.082527
pattern_23,A1850823_200_WN_1,6216017,4216017,EX012,EX3600BH,DT037,CAT 793,A-185-08-23,45.91,179.41,97.915378,97.915378,292.141289,42.581003,86.491789,0,363363.41,6591845.78,200.0,STRAIGHT,179.4,442,18/10/2025,04:08:11,04:15:33,1825.17842,EX3600,225,22.0,10.0,32,292.141289,97.915378,65.153118,86.491789,42.581003,2210.796213,6234.44532
pattern_23,A1850823_200_WN_1,6216018,4216018,EX012,EX3600BH,DT036,CAT 793,A-185-08-23,50.73,182.37,94.240972,94.240972,292.998388,44.964533,88.150293,0,363361.92,6591842.86,199.49,RIGHT,182.4,387,18/10/2025,04:15:33,04:22:00,1979.007436,EX3600,225,22.0,10.0,32,292.998388,94.240972,65.64259,88.150293,44.964533,2240.783436,6319.00929
pattern_23,A1850823_200_WN_1,6216019,4216019,EX012,EX3600BH,DT042,CAT 793,A-185-08-23,30.8,160.65,95.849253,95.849253,301.945081,55.447142,86.676827,0,363360.83,6591843.33,198.71,LEFT,160.7,473,18/10/2025,04:22:00,04:29:53,1683.806631,EX3600,225,22.0,10.0,32,301.945081,95.849253,63.971859,86.676827,55.447142,1915.416451,5401.474391
pattern_23,A1850823_200_WN_1,6216020,4216020,EX012,EX3600BH,DT026,CAT 793,A-185-08-23,44.79,166.43,96.030561,96.030561,301.183601,44.010128,101.945889,0,363361.43,6591849.04,198.99,RIGHT,166.4,521,18/10/2025,04:29:53,04:38:34,1529.995275,EX3600,225,22.0,10.0,32,301.183601,96.030561,59.197024,101.945889,44.010128,1989.257301,5609.705589
pattern_23,A1850823_200_WN_1,6216021,4216021,EX012,EX3600BH,DT042,CAT 793,A-185-08-23,39.59,157.63,81.626163,81.626163,271.89357,48.806081,74.250267,0,363361.25,6591851.47,199.74,STRAIGHT,157.6,484,18/10/2025,04:38:34,04:46:38,1828.651638,EX3600,225,22.0,10.0,32,271.89357,81.626163,67.211057,74.250267,48.806081,2087.095344,5885.608869
pattern_23,A1850823_200_WN_1,6216022,4216022,EX012,EX3600BH,DT002,CAT 793,A-185-08-23,31.38,171.29,88.244736,88.244736,274.090597,44.375965,85.978385,0,363361.28,6591848.2,199.35,RIGHT,171.3,372,18/10/2025,04:46:38,04:52:50,1745.257711,EX3600,225,22.0,10.0,32,274.090597,88.244736,55.491511,85.978385,44.375965,2249.720224,6242.158931
pattern_23,A1850823_200_WN_1,6216023,4216023,EX012,EX3600BH,DT040,CAT 793,A-185-08-23,39.23,174.85,100.618819,100.618819,306.998856,48.82916,100.14613,0,363364.57,6591852.04,199.23,LEFT,174.8,438,18/10/2025,04:52:50,05:00:08,1711.845317,EX3600,225,22.0,10.0,32,306.998856,100.618819,57.404746,100.14613,48.82916,2050.348686,5690.245073
pattern_23,A1850823_200_WN_1,6216024,4216024,EX012,EX3600BH,DT007,CAT 793,A-185-08-23,40.64,161.18,98.239379,98.239379,296.488939,48.823823,84.07156,0,363363.84,6591845.77,198.62,RIGHT,161.2,485,18/10/2025,05:00:08,05:08:13,1677.191547,EX3600,225,22.0,10.0,32,296.488939,98.239379,65.354178,84.07156,48.823823,1957.109097,5519.047653
pattern_23,A1850823_200_WN_1,6216025,4216025,EX012,EX3600BH,DT034,CAT 793,A-185-08-23,35.68,169.8,102.729462,102.729462,290.233086,49.023294,83.345796,0,363363.86,6591850.13,198.68,LEFT,169.8,468,18/10/2025,05:08:13,05:16:01,1757.586063,EX3600,225,22.0,10.0,32,290.233086,102.729462,55.134535,83.345796,49.023294,2106.224057,5793.452747
pattern_23,A1850823_200_WN_1,6216026,4216026,EX012,EX3600BH,DT011,CAT 793,A-185-08-23,33.46,163.81,96.536041,96.536041,278.066402,42.720907,73.206114,0,363358.37,6591849.99,200.01,RIGHT,163.8,437,18/10/2025,05:16:01,05:23:18,1658.468386,EX3600,225,22.0,10.0,32,278.066402,96.536041,65.603339,73.206114,42.720907,2120.805605,5980.671806
pattern_23,A1850823_200_WN_1,6216027,4216027,EX012,EX3600BH,DT015,CAT 793,A-185-08-23,34.2,162.83,94.62282,94.62282,297.100451,47.265282,90.155579,0,363361.84,6591851.49,198.89,LEFT,162.8,517,18/10/2025,05:23:18,05:31:55,1575.914758,EX3600,225,22.0,10.0,32,297.100451,94.62282,65.056771,90.155579,47.265282,1973.05304,5541.238497
pattern_23,A1850823_200_WN_1,6216028,4216028,EX012,EX3600BH,DT073,HIT EH5000,A-185-08-23,45.12,169.28,97.623021,97.623021,289.677687,37.469676,89.719408,0,363363.35,6591851.75,198.66,STRAIGHT,169.3,366,18/10/2025,05:31:55,05:38:01,1803.108668,EX3600,250,22.0,10.0,32,289.677687,97.623021,64.865583,89.719408,37.469676,2103.767653,5932.624781
pattern_23,A1850823_200_WN_1,6216029,4216029,EX012,EX3600BH,DT015,CAT 793,A-185-08-23,56.0,173.23,97.8534,97.8534,269.852012,44.142799,75.616209,0,363363.55,6591850.21,198.32,LEFT,173.2,378,18/10/2025,05:38:01,05:44:19,1850.329903,EX3600,225,22.0,10.0,32,269.852012,97.8534,52.239603,75.616209,44.142799,2310.977246,6246.874022
pattern_23,A1850823_200_WN_1,6216030,4216030,EX012,EX3600BH,DT003,CAT 793,A-185-08-23,31.56,157.55,96.369821,96.369821,275.590562,42.451935,76.648358,0,363360.33,6591848.89,198.93,RIGHT,157.5,452,18/10/2025,05:44:19,05:51:51,1770.025823,EX3600,225,22.0,10.0,32,275.590562,96.369821,60.120448,76.648358,42.451935,2058.044574,5803.685697
pattern_23,A1850823_200_WN_1,6216031,4216031,EX012,EX3600BH,DT008,CAT 793,A-185-08-23,35.44,159.63,90.489599,90.489599,270.424775,35.113232,84.293425,0,363363.4,6591849.53,198.04,STRAIGHT,159.6,385,18/10/2025,05:51:51,05:58:16,1668.795107,EX3600,225,22.0,10.0,32,270.424775,90.489599,60.52852,84.293425,35.113232,2125.001972,5992.50556
pattern_23,A1850823_200_WN_1,6216032,4216032,EX012,EX3600BH,DT044,CAT 793,A-185-08-23,50.5,151.51,75.91107,75.91107,255.823385,40.06159,82.816931,0,363367.0,6591856.14,199.08,LEFT,151.5,367,18/10/2025,05:58:16,06:04:23,1805.099536,EX3600,225,22.0,10.0,32,255.823385,75.91107,57.033794,82.816931,40.06159,2132.124275,5793.661925
pattern_23,A1850823_200_WN_1,6216033,4216033,EX012,EX3600BH,DT007,CAT 793,A-185-08-23,37.9,173.39,104.738424,104.738424,306.29667,48.473046,80.332155,0,363365.98,6591854.97,199.35,STRAIGHT,173.4,473,18/10/2025,06:04:23,06:12:16,1654.956085,EX3600,225,22.0,10.0,32,306.29667,104.738424,72.753044,80.332155,48.473046,2037.88853,5746.845656
pattern_23,A1850823_200_WN_1,6216034,4216034,EX012,EX3600BH,DT086,HIT EH5000,A-185-08-23,60.99,182.98,104.971956,104.971956,280.956661,43.595331,71.493252,0,363366.07,6591859.24,198.31,RIGHT,183.0,482,18/10/2025,06:12:16,06:20:18,2079.710486,EX3600,250,22.0,10.0,32,280.956661,104.971956,60.896123,71.493252,43.595331,2344.586043,6611.73264
pattern_23,A1850823_200_WN_1,6216035,4216035,EX012,EX3600BH,DT043,CAT 793,A-185-08-23,59.54,195.41,108.656782,108.656782,300.113423,47.203083,81.063599,0,363365.82,6591857.42,199.87,STRAIGHT,195.4,503,18/10/2025,06:20:18,06:28:41,1867.330925,EX3600,225,22.0,10.0,32,300.113423,108.656782,63.189959,81.063599,47.203083,2344.085025,6540.172593
pattern_23,A1850823_200_WN_1,6216036,4216036,EX012,EX3600BH,DT070,HIT EH5000,A-185-08-23,49.73,180.85,113.316665,113.316665,309.914271,46.34936,89.953592,0,363367.64,6591859.75,199.44,STRAIGHT,180.9,521,18/10/2025,06:28:41,06:37:22,1739.447446,EX3600,250,22.0,10.0,32,309.914271,113.316665,60.294655,89.953592,46.34936,2100.780339,5757.439347
pattern_23,A1850823_200_WN_1,6216037,4216037,EX012,EX3600BH,DT045,CAT 793,A-185-08-23,35.09,170.83,90.077533,90.077533,273.060541,40.876122,89.399414,0,363367.6,6591857.21,199.35,RIGHT,170.8,423,18/10/2025,06:37:22,06:44:25,1861.233096,EX3600,225,22.0,10.0,32,273.060541,90.077533,52.707471,89.399414,40.876122,2252.241787,6351.32184
pattern_23,A1850823_200_WN_1,6216038,4216038,EX012,EX3600BH,DT024,CAT 793,A-185-08-23,41.48,172.55,97.443376,97.443376,282.275363,48.30739,69.075305,0,363364.87,6591855.17,199.78,RIGHT,172.5,394,18/10/2025,06:44:25,06:50:59,1857.465933,EX3600,225,22.0,10.0,32,282.275363,97.443376,67.449294,69.075305,48.30739,2200.598659,6116.796224
pattern_23,A1850823_200_WN_1,6216039,4216039,EX012,EX3600BH,DT003,CAT 793,A-185-08-23,40.68,177.48,96.321905,96.321905,302.136998,40.634394,97.139063,0,363364.52,6591861.31,198.98,STRAIGHT,177.5,502,18/10/2025,06:50:59,06:59:21,1792.102648,EX3600,225,22.0,10.0,32,302.136998,96.321905,68.041635,97.139063,40.634394,2114.662576,5700.099068
pattern_23,A1850823_200_WN_1,6216040,4216040,EX012,EX3600BH,DT032,CAT 793,A-185-08-23,41.98,161.37,88.102911,88.102911,267.346104,41.84056,80.447811,0,363366.05,6591855.68,198.82,LEFT,161.4,436,18/10/2025,06:59:21,07:06:37,1910.149818,EX3600,225,22.0,10.0,32,267.346104,88.102911,56.954822,80.447811,41.84056,2173.021884,6127.921714
pattern_23,A1850823_200_WN_1,6216041,4216041,EX012,EX3600BH,DT014,CAT 793,A-185-08-23,37.79,161.14,83.766957,83.766957,279.958126,48.289367,92.714671,0,363363.05,6591855.94,198.6,RIGHT,161.1,427,18/10/2025,07:06:37,07:13:44,1791.698275,EX3600,225,22.0,10.0,32,279.958126,83.766957,55.187131,92.714671,48.289367,2072.125994,5843.395302
pattern_23,A1850823_200_WN_1,6216042,4216042,EX012,EX3600BH,DT022,CAT 793,A-185-08-23,37.33,171.14,86.408997,86.408997,287.9419,44.368316,94.265663,0,363369.8,6591857.53,198.48,RIGHT,171.1,402,18/10/2025,07:13:44,07:20:26,1875.16821,EX3600,225,22.0,10.0,32,287.9419,86.408997,62.898924,94.265663,44.368316,2139.619737,6033.727659
pattern_23,A1850823_200_WN_1,6216043,4216043,EX012,EX3600BH,DT074,HIT EH5000,A-185-08-23,56.7,172.9,98.569714,98.569714,296.77572,37.979592,97.207128,0,363365.92,6591862.12,199.84,STRAIGHT,172.9,435,18/10/2025,07:20:26,07:27:41,1831.144179,EX3600,250,22.0,10.0,32,296.77572,98.569714,63.019286,97.207128,37.979592,2097.392176,5619.911825
pattern_23,A1850823_200_WN_2,6216044,4216044,EX012,EX3600BH,DT011,CAT 793,A-185-08-23,42.06,176.26,85.676845,85.676845,281.824087,44.037629,82.245647,0,363366.12,6591864.4,198.2,STRAIGHT,176.3,444,18/10/2025,07:27:41,07:35:05,1742.907737,EX3600,225,22.0,10.0,32,281.824087,85.676845,69.863965,82.245647,44.037629,2251.505055,6122.21541
pattern_23,A1850823_200_WN_2,6216045,4216045,EX012,EX3600BH,DT011,CAT 793,A-185-08-23,59.44,199.75,100.565829,100.565829,279.59092,45.813316,79.298662,0,363365.23,6591869.54,199.13,STRAIGHT,199.7,456,18/10/2025,07:35:05,07:42:41,2082.113389,EX3600,225,22.0,10.0,32,279.59092,100.565829,53.913113,79.298662,45.813316,2571.948576,7252.894984
pattern_23,A1850823_200_WN_2,6216046,4216046,EX012,EX3600BH,DT002,CAT 793,A-185-08-23,41.86,182.79,94.963265,94.963265,280.464755,43.477234,81.413748,0,363363.93,6591865.77,198.09,LEFT,182.8,419,18/10/2025,07:42:41,07:49:40,1896.736693,EX3600,225,22.0,10.0,32,280.464755,94.963265,60.610508,81.413748,43.477234,2346.287609,6455.16743
pattern_23,A1850823_200_WN_2,6216047,4216047,EX012,EX3600BH,DT015,CAT 793,A-185-08-23,55.3,174.25,85.963881,85.963881,288.877161,36.193212,92.131481,0,363365.61,6591865.24,199.35,STRAIGHT,174.2,440,18/10/2025,07:49:40,07:57:00,1782.890056,EX3600,225,22.0,10.0,32,288.877161,85.963881,74.588587,92.131481,36.193212,2171.455531,6048.037522
pattern_23,A1850823_200_WN_2,6216048,4216048,EX012,EX3600BH,DT025,CAT 793,A-185-08-23,43.26,166.78,99.032507,99.032507,288.903455,42.820797,86.613492,0,363365.01,6591865.73,199.14,STRAIGHT,166.8,545,18/10/2025,07:57:00,08:06:05,1747.032333,EX3600,225,22.0,10.0,32,288.903455,99.032507,60.436659,86.613492,42.820797,2078.191533,5860.500122
pattern_23,A1850823_200_WN_2,6216049,4216049,EX012,EX3600BH,DT003,CAT 793,A-185-08-23,36.23,149.91,93.198357,93.198357,295.421703,39.676942,91.021573,0,363369.08,6591863.81,199.02,LEFT,149.9,414,18/10/2025,08:06:05,08:12:59,1740.048715,EX3600,225,22.0,10.0,32,295.421703,93.198357,71.524831,91.021573,39.676942,1826.780335,5151.520546
pattern_23,A1850823_200_WN_2,6216050,4216050,EX012,EX3600BH,DT039,CAT 793,A-185-08-23,46.25,150.71,87.790349,87.790349,291.487691,47.156289,86.661219,0,363368.97,6591866.22,198.38,STRAIGHT,150.7,417,18/10/2025,08:12:59,08:19:56,1488.546834,EX3600,225,22.0,10.0,32,291.487691,87.790349,69.879834,86.661219,47.156289,1861.368015,5249.057801
pattern_23,A1850823_200_WN_2,6216051,4216051,EX012,EX3600BH,DT010,CAT 793,A-185-08-23,51.9,158.23,105.44222,105.44222,298.640865,50.28122,75.448187,0,363367.14,6591867.15,199.92,RIGHT,158.2,505,18/10/2025,08:19:56,08:28:21,1512.134842,EX3600,225,22.0,10.0,32,298.640865,105.44222,67.469238,75.448187,50.28122,1907.389097,5196.74611
pattern_23,A1850823_200_WN_2,6216052,4216052,EX012,EX3600BH,DT010,CAT 793,A-185-08-23,50.82,159.48,97.074376,97.074376,281.689516,53.298013,69.151541,0,363366.07,6591866.34,199.31,STRAIGHT,159.5,449,18/10/2025,08:28:21,08:35:50,1661.352302,EX3600,225,22.0,10.0,32,281.689516,97.074376,62.165586,69.151541,53.298013,2038.219489,5747.778958
pattern_23,A1850823_200_WN_2,6216053,4216053,EX012,EX3600BH,DT019,CAT 793,A-185-08-23,34.39,156.32,93.590658,93.590658,284.381798,46.717151,84.362729,0,363368.39,6591861.97,199.53,LEFT,156.3,491,18/10/2025,08:35:50,08:44:01,1737.748067,EX3600,225,22.0,10.0,32,284.381798,93.590658,59.711261,84.362729,46.717151,1978.855699,5580.373071
pattern_23,A1850823_200_WN_2,6216054,4216054,EX012,EX3600BH,DT043,CAT 793,A-185-08-23,33.47,162.41,95.181199,95.181199,279.573535,48.425013,84.014093,0,363364.74,6591865.17,198.56,STRAIGHT,162.4,454,18/10/2025,08:44:01,08:51:35,1747.675075,EX3600,225,22.0,10.0,32,279.573535,95.181199,51.95323,84.014093,48.425013,2091.255829,5897.341437
pattern_23,A1850823_200_WN_2,6216055,4216055,EX012,EX3600BH,DT045,CAT 793,A-185-08-23,35.67,153.24,86.34594,86.34594,273.754736,41.177414,86.770348,0,363368.75,6591866.11,198.82,RIGHT,153.2,447,18/10/2025,08:51:35,08:59:02,1691.759881,EX3600,225,22.0,10.0,32,273.754736,86.34594,59.461034,86.770348,41.177414,2015.12901,5682.663808
pattern_23,A1850823_200_WN_2,6216056,4216056,EX012,EX3600BH,DT080,HIT EH5000,A-185-08-23,55.38,168.48,93.526901,93.526901,271.017439,43.632639,85.195266,0,363368.77,6591868.9,199.57,RIGHT,168.5,469,18/10/2025,08:59:02,09:06:51,1942.634194,EX3600,250,22.0,10.0,32,271.017439,93.526901,48.662633,85.195266,43.632639,2237.90649,6139.136206
pattern_23,A1850823_200_WN_2,6216057,4216057,EX012,EX3600BH,DT036,CAT 793,A-185-08-23,43.57,160.9,88.743022,88.743022,269.712395,33.8688,89.032523,0,363368.51,6591873.61,199.45,LEFT,160.9,406,18/10/2025,09:06:51,09:13:37,1815.682772,EX3600,225,22.0,10.0,32,269.712395,88.743022,58.06805,89.032523,33.8688,2147.673989,6056.440649
pattern_23,A1850823_200_WN_2,6216058,4216058,EX012,EX3600BH,DT019,CAT 793,A-185-08-23,36.22,156.72,103.465947,103.465947,288.788793,47.425098,76.771656,0,363367.41,6591871.51,199.03,LEFT,156.7,371,18/10/2025,09:13:37,09:19:48,1691.337823,EX3600,225,22.0,10.0,32,288.788793,103.465947,61.126092,76.771656,47.425098,1953.601654,5509.156663
pattern_23,A1850823_200_WN_2,6216059,4216059,EX012,EX3600BH,DT006,CAT 793,A-185-08-23,33.99,167.79,100.078994,100.078994,273.387075,32.802855,76.423721,0,363368.37,6591876.76,199.97,STRAIGHT,167.8,432,18/10/2025,09:19:48,09:27:00,1899.623786,EX3600,225,22.0,10.0,32,273.387075,100.078994,64.081505,76.423721,32.802855,2209.52379,6133.22229
pattern_23,A1850823_200_WN_2,6216060,4216060,EX012,EX3600BH,DT019,CAT 793,A-185-08-23,47.43,161.65,95.818959,95.818959,289.519043,48.470037,83.76194,0,363367.53,6591874.06,199.3,LEFT,161.6,469,18/10/2025,09:27:00,09:34:49,1748.189609,EX3600,225,22.0,10.0,32,289.519043,95.818959,61.468106,83.76194,48.470037,2010.0135,5269.623559
pattern_23,A1850823_200_WN_2,6216061,4216061,EX012,EX3600BH,DT010,CAT 793,A-185-08-23,55.22,165.66,113.626529,113.626529,317.656733,50.262337,92.548564,0,363371.02,6591871.71,198.95,LEFT,165.7,536,18/10/2025,09:34:49,09:43:45,1626.57881,EX3600,225,22.0,10.0,32,317.656733,113.626529,61.219303,92.548564,50.262337,1877.464823,5004.212663
pattern_23,A1850823_200_WN_2,6216062,4216062,EX012,EX3600BH,DT045,CAT 793,A-185-08-23,33.01,171.75,94.004462,94.004462,298.202632,44.246814,93.445924,0,363369.93,6591873.01,199.97,STRAIGHT,171.7,417,18/10/2025,09:43:45,09:50:42,1705.410971,EX3600,225,22.0,10.0,32,298.202632,94.004462,66.505431,93.445924,44.246814,2073.416886,5610.927614
pattern_23,A1850823_200_WN_2,6216063,4216063,EX012,EX3600BH,DT030,CAT 793,A-185-08-23,36.56,181.1,115.414501,115.414501,303.767881,42.375045,87.531798,0,363371.71,6591872.11,198.81,STRAIGHT,181.1,500,18/10/2025,09:50:42,09:59:02,1738.712575,EX3600,225,22.0,10.0,32,303.767881,115.414501,58.446537,87.531798,42.375045,2146.253626,6052.435226
pattern_23,A1850823_200_WN_2,6216064,4216064,EX012,EX3600BH,DT013,CAT 793,A-185-08-23,37.4,177.54,108.898891,108.898891,316.811154,51.788017,92.899711,0,363370.28,6591872.85,198.41,LEFT,177.5,443,18/10/2025,09:59:02,10:06:25,1643.913603,EX3600,225,22.0,10.0,32,316.811154,108.898891,63.224535,92.899711,51.788017,2017.3884,5689.035288
pattern_23,A1850823_200_WN_2,6216065,4216065,EX012,EX3600BH,DT070,HIT EH5000,A-185-08-23,37.44,177.41,95.571642,95.571642,280.71033,37.756434,82.383272,0,363370.15,6591873.71,199.56,STRAIGHT,177.4,473,18/10/2025,10:06:25,10:14:18,2023.736185,EX3600,250,22.0,10.0,32,280.71033,95.571642,64.998982,82.383272,37.756434,2275.233991,6286.375901
pattern_23,A1850823_200_WN_2,6216066,4216066,EX012,EX3600BH,DT011,CAT 793,A-185-08-23,41.5,180.1,94.920499,94.920499,294.047328,45.813013,89.678837,0,363373.57,6591872.83,199.47,LEFT,180.1,470,18/10/2025,10:14:18,10:22:08,1924.644049,EX3600,225,22.0,10.0,32,294.047328,94.920499,63.634979,89.678837,45.813013,2204.997973,6165.041947
pattern_23,A1850823_200_WN_2,6216067,4216067,EX012,EX3600BH,DT050,HIT EH5000,A-185-08-23,34.96,170.31,100.938355,100.938355,282.276278,40.651968,83.354903,0,363369.14,6591877.66,199.29,LEFT,170.3,443,18/10/2025,10:22:08,10:29:31,1786.026481,EX3600,250,22.0,10.0,32,282.276278,100.938355,57.331052,83.354903,40.651968,2172.000606,6087.841608
pattern_23,A1850823_200_WN_1,6216068,4216068,EX012,EX3600BH,DT067,HIT EH5000,A-185-08-23,53.66,160.97,77.25399,77.25399,282.762358,42.531883,90.315473,0,363364.99,6591828.78,198.89,RIGHT,161.0,397,18/10/2025,10:29:31,10:36:08,1743.749832,EX3600,250,22.0,10.0,32,282.762358,77.25399,72.661012,90.315473,42.531883,2049.366826,5779.214449
pattern_23,A1850823_200_WN_1,6216069,4216069,EX012,EX3600BH,DT027,CAT 793,A-185-08-23,44.27,175.21,91.259587,91.259587,283.386165,36.680922,89.990913,0,363365.71,6591834.88,198.78,STRAIGHT,175.2,445,18/10/2025,10:36:08,10:43:33,1880.481794,EX3600,225,22.0,10.0,32,283.386165,91.259587,65.454743,89.990913,36.680922,2225.817764,6071.574821
pattern_23,A1850823_200_WN_1,6216070,4216070,EX012,EX3600BH,DT041,CAT 793,A-185-08-23,46.64,171.73,91.428919,91.428919,281.998168,53.976641,84.466094,0,363364.74,6591827.68,199.36,RIGHT,171.7,443,18/10/2025,10:43:33,10:50:56,1870.488773,EX3600,225,22.0,10.0,32,281.998168,91.428919,52.126514,84.466094,53.976641,2192.371604,6182.487922
pattern_23,A1850823_200_WN_1,6216071,4216071,EX012,EX3600BH,DT006,CAT 793,A-185-08-23,35.05,168.2,96.31995,96.31995,272.963203,40.966858,84.062556,0,363363.19,6591829.29,198.55,STRAIGHT,168.2,418,18/10/2025,10:50:56,10:57:54,1841.771153,EX3600,225,22.0,10.0,32,272.963203,96.31995,51.613839,84.062556,40.966858,2218.271827,6132.45182
pattern_23,A1850823_200_WN_1,6216072,4216072,EX012,EX3600BH,DT038,CAT 793,A-185-08-23,34.02,163.8,87.254056,87.254056,295.993421,53.246415,89.998883,0,363365.34,6591826.12,198.86,RIGHT,163.8,482,18/10/2025,10:57:54,11:05:56,1666.010555,EX3600,225,22.0,10.0,32,295.993421,87.254056,65.494068,89.998883,53.246415,1992.205494,5618.019494
pattern_23,A1850823_200_WN_1,6216073,4216073,EX012,EX3600BH,DT039,CAT 793,A-185-08-23,51.07,176.15,94.939551,94.939551,301.074518,57.785456,86.500882,0,363360.98,6591831.96,199.52,STRAIGHT,176.2,452,18/10/2025,11:05:56,11:13:28,1729.646401,EX3600,225,22.0,10.0,32,301.074518,94.939551,61.848628,86.500882,57.785456,2106.283902,5939.720604
pattern_23,A1850823_200_WN_1,6216074,4216074,EX012,EX3600BH,DT030,CAT 793,A-185-08-23,34.75,173.25,99.48071,99.48071,287.062812,42.709773,79.994456,0,363362.64,6591828.26,198.7,STRAIGHT,173.2,482,18/10/2025,11:13:28,11:21:30,1823.132368,EX3600,225,22.0,10.0,32,287.062812,99.48071,64.877873,79.994456,42.709773,2172.692392,6057.127589
pattern_23,A1850823_200_WN_1,6216075,4216075,EX012,EX3600BH,DT063,HIT EH5000,A-185-08-23,36.9,176.94,98.957182,98.957182,275.827086,49.549535,80.596043,0,363365.4,6591829.89,198.76,RIGHT,176.9,530,18/10/2025,11:21:30,11:30:20,2029.231721,EX3600,250,22.0,10.0,32,275.827086,98.957182,46.724325,80.596043,49.549535,2309.303757,6512.236595
pattern_23,A1850823_200_WN_1,6216076,4216076,EX012,EX3600BH,DT005,CAT 793,A-185-08-23,53.54,187.57,98.243377,98.243377,296.882788,42.702506,95.444419,0,363365.3,6591829.81,199.49,LEFT,187.6,540,18/10/2025,11:30:20,11:39:20,1943.867604,EX3600,225,22.0,10.0,32,296.882788,98.243377,60.492486,95.444419,42.702506,2274.418775,6356.628122
pattern_23,A1850823_200_WN_1,6216077,4216077,EX012,EX3600BH,DT002,CAT 793,A-185-08-23,48.43,158.76,98.31162,98.31162,268.630923,38.773982,77.315702,0,363364.94,6591834.77,198.81,RIGHT,158.8,382,18/10/2025,11:39:20,11:45:42,1974.848961,EX3600,225,22.0,10.0,32,268.630923,98.31162,54.22962,77.315702,38.773982,2127.620998,5999.891215
pattern_23,A1850823_200_WN_1,6216078,4216078,EX012,EX3600BH,DT009,CAT 793,A-185-08-23,36.22,157.2,100.385776,100.385776,299.656007,52.419646,89.160822,0,363365.79,6591825.33,198.92,RIGHT,157.2,470,18/10/2025,11:45:42,11:53:32,1615.072443,EX3600,225,22.0,10.0,32,299.656007,100.385776,57.689763,89.160822,52.419646,1888.565537,5325.754813
pattern_23,A1850823_200_WN_1,6216079,4216079,EX012,EX3600BH,DT024,CAT 793,A-185-08-23,37.77,159.18,86.253703,86.253703,278.774891,40.714851,86.005898,0,363366.72,6591828.15,199.0,RIGHT,159.2,534,18/10/2025,11:53:32,12:02:26,1427.522379,EX3600,225,22.0,10.0,32,278.774891,86.253703,65.800438,86.005898,40.714851,2055.545521,5796.638371
pattern_23,A1850823_200_WN_1,6216080,4216080,EX012,EX3600BH,DT039,CAT 793,A-185-08-23,35.39,177.8,94.471331,94.471331,274.01784,41.572635,78.627259,0,363369.15,6591832.87,198.74,LEFT,177.8,420,18/10/2025,12:02:26,12:09:26,1931.82624,EX3600,225,22.0,10.0,32,274.01784,94.471331,59.346615,78.627259,41.572635,2335.95027,6587.379761
pattern_23,A1850823_200_WN_1,6216081,4216081,EX012,EX3600BH,DT018,CAT 793,A-185-08-23,36.64,176.05,105.864202,105.864202,294.804049,42.375807,83.171575,0,363366.47,6591834.41,199.41,LEFT,176.1,474,18/10/2025,12:09:26,12:17:20,1920.420205,EX3600,225,22.0,10.0,32,294.804049,105.864202,63.392465,83.171575,42.375807,2149.879571,6062.660392
pattern_23,A1850823_200_WN_1,6216082,4216082,EX012,EX3600BH,DT003,CAT 793,A-185-08-23,34.5,173.35,97.429323,97.429323,283.602124,41.926282,87.778471,0,363366.79,6591839.8,198.79,STRAIGHT,173.3,476,18/10/2025,12:17:20,12:25:16,1785.931235,EX3600,225,22.0,10.0,32,283.602124,97.429323,56.468048,87.778471,41.926282,2200.458609,6205.293276
pattern_23,A1850823_200_WN_1,6216083,4216083,EX012,EX3600BH,DT044,CAT 793,A-185-08-23,34.29,164.76,93.739796,93.739796,286.179757,40.25028,91.271091,0,363366.2,6591839.16,198.89,STRAIGHT,164.8,493,18/10/2025,12:25:16,12:33:29,1776.07984,EX3600,225,22.0,10.0,32,286.179757,93.739796,60.91859,91.271091,40.25028,2072.612566,5844.767436
pattern_23,A1850823_200_WN_1,6216084,4216084,EX012,EX3600BH,DT067,HIT EH5000,A-185-08-23,47.36,179.13,101.439892,101.439892,302.012642,38.727822,98.677175,0,363369.57,6591839.65,199.52,LEFT,179.1,486,18/10/2025,12:33:29,12:41:35,1838.679416,EX3600,250,22.0,10.0,32,302.012642,101.439892,63.167753,98.677175,38.727822,2135.236179,6021.366024
pattern_23,A1850823_200_WN_1,6216085,4216085,EX012,EX3600BH,DT023,CAT 793,A-185-08-23,53.84,186.87,84.489917,84.489917,299.976073,54.67688,96.639739,0,363368.12,6591833.47,198.62,LEFT,186.9,534,18/10/2025,12:41:35,12:50:29,1958.663382,EX3600,225,22.0,10.0,32,299.976073,84.489917,64.169537,96.639739,54.67688,2242.629571,6324.215389
pattern_23,A1850823_200_WN_1,6216086,4216086,EX012,EX3600BH,DT051,HIT EH5000,A-185-08-23,45.56,162.46,97.676438,97.676438,301.925412,45.010771,96.601492,0,363365.64,6591833.84,198.94,STRAIGHT,162.5,499,18/10/2025,12:50:29,12:58:48,1528.106901,EX3600,250,22.0,10.0,32,301.925412,97.676438,62.636712,96.601492,45.010771,1937.040157,5462.453243
pattern_23,A1850823_200_WN_1,6216087,4216087,EX012,EX3600BH,DT017,CAT 793,A-185-08-23,39.95,166.65,100.297755,100.297755,288.17691,35.336492,82.408758,0,363368.36,6591834.95,198.88,RIGHT,166.6,541,18/10/2025,12:58:48,13:07:49,1758.237682,EX3600,225,22.0,10.0,32,288.17691,100.297755,70.133906,82.408758,35.336492,2081.835547,5870.776244
pattern_23,A1850823_200_WN_1,6216088,4216088,EX012,EX3600BH,DT085,HIT EH5000,A-185-08-23,57.02,171.06,107.686034,107.686034,297.581304,36.902253,96.459814,0,363371.2,6591835.5,198.6,LEFT,171.1,470,18/10/2025,13:07:49,13:15:39,1753.293221,EX3600,250,22.0,10.0,32,297.581304,107.686034,56.533202,96.459814,36.902253,2069.377837,5835.6455
pattern_23,A1850823_200_WN_1,6216089,4216089,EX012,EX3600BH,DT021,CAT 793,A-185-08-23,42.97,176.02,81.518729,81.518729,271.395767,43.962411,83.53403,0,363371.57,6591834.98,198.26,RIGHT,176.0,419,18/10/2025,13:15:39,13:22:38,1943.884016,EX3600,225,22.0,10.0,32,271.395767,81.518729,62.380597,83.53403,43.962411,2334.919264,6584.472324
pattern_23,A1850823_200_WN_1,6216090,4216090,EX012,EX3600BH,DT021,CAT 793,A-185-08-23,47.98,189.71,86.266297,86.266297,283.703852,50.100346,85.574395,0,363372.01,6591837.25,198.53,RIGHT,189.7,466,18/10/2025,13:22:38,13:30:24,1938.439208,EX3600,225,22.0,10.0,32,283.703852,86.266297,61.762814,85.574395,50.100346,2407.229183,6788.386296
pattern_23,A1850823_200_WN_1,6216091,4216091,EX012,EX3600BH,DT028,CAT 793,A-185-08-23,44.99,173.5,81.106209,81.106209,285.02873,50.232291,92.873977,0,363368.13,6591844.88,199.32,LEFT,173.5,414,18/10/2025,13:30:24,13:37:18,1735.021541,EX3600,225,22.0,10.0,32,285.02873,81.106209,60.816253,92.873977,50.232291,2191.324549,6179.535227
pattern_23,A1850823_200_WN_1,6216092,4216092,EX012,EX3600BH,DT012,CAT 793,A-185-08-23,33.11,166.73,83.255778,83.255778,276.183289,41.518904,93.031096,0,363368.54,6591846.6,199.1,RIGHT,166.7,410,18/10/2025,13:37:18,13:44:08,1922.949485,EX3600,225,22.0,10.0,32,276.183289,83.255778,58.377511,93.031096,41.518904,2173.304534,5803.998359
pattern_23,A1850823_200_WN_1,6216093,4216093,EX012,EX3600BH,DT060,HIT EH5000,A-185-08-23,33.63,170.17,96.246754,96.246754,277.318148,32.062585,84.194997,0,363367.46,6591845.09,199.12,RIGHT,170.2,396,18/10/2025,13:44:08,13:50:44,1752.461115,EX3600,250,22.0,10.0,32,277.318148,96.246754,64.813811,84.194997,32.062585,2209.120731,6180.134636
pattern_23,A1850823_200_WN_1,6216094,4216094,EX012,EX3600BH,DT003,CAT 793,A-185-08-23,35.73,179.49,103.725142,103.725142,291.599684,45.478165,75.701355,0,363368.35,6591845.01,199.5,LEFT,179.5,490,18/10/2025,13:50:44,13:58:54,1814.160124,EX3600,225,22.0,10.0,32,291.599684,103.725142,66.695022,75.701355,45.478165,2215.900978,6142.201297
pattern_23,A1850823_200_WN_1,6216095,4216095,EX012,EX3600BH,DT039,CAT 793,A-185-08-23,53.73,179.05,92.455568,92.455568,279.46588,42.843075,81.993686,0,363368.65,6591842.23,198.75,LEFT,179.0,447,18/10/2025,13:58:54,14:06:21,1900.652722,EX3600,225,22.0,10.0,32,279.46588,92.455568,62.17355,81.993686,42.843075,2306.465336,6504.232246
pattern_23,A1850823_200_WN_1,6216096,4216096,EX012,EX3600BH,DT030,CAT 793,A-185-08-23,58.73,176.19,76.990595,76.990595,256.847942,41.323851,81.649351,0,363369.15,6591845.1,199.24,LEFT,176.2,372,18/10/2025,14:06:21,14:12:33,2082.557171,EX3600,225,22.0,10.0,32,256.847942,76.990595,56.884145,81.649351,41.323851,2469.56066,6919.243725
pattern_23,A1850823_200_WN_1,6216097,4216097,EX012,EX3600BH,DT047,HIT EH5000,A-185-08-23,35.66,160.53,108.951553,108.951553,293.685256,38.225017,79.661209,0,363374.74,6591845.05,199.33,STRAIGHT,160.5,903,18/10/2025,14:12:33,14:27:36,1695.151742,EX3600,250,22.0,10.0,32,293.685256,108.951553,66.847477,79.661209,38.225017,1967.832924,5549.288845
pattern_23,A1850823_200_WN_1,6216098,4216098,EX012,EX3600BH,DT008,CAT 793,A-185-08-23,46.72,164.19,94.26018,94.26018,278.766632,35.18528,78.069765,0,363369.88,6591841.71,198.72,LEFT,164.2,427,18/10/2025,14:27:36,14:34:43,1733.132062,EX3600,225,22.0,10.0,32,278.766632,94.26018,71.251407,78.069765,35.18528,2120.312322,5799.948332
pattern_23,A1850823_200_WN_1,6216099,4216099,EX012,EX3600BH,DT025,CAT 793,A-185-08-23,39.59,164.86,103.734627,103.734627,285.148841,44.341319,76.697421,0,363369.25,6591842.92,199.42,STRAIGHT,164.9,430,18/10/2025,14:34:43,14:41:53,1703.330352,EX3600,225,22.0,10.0,32,285.148841,103.734627,60.375475,76.697421,44.341319,2081.294179,5869.249585
pattern_23,A1850823_200_WN_1,6216100,4216100,EX012,EX3600BH,DT032,CAT 793,A-185-08-23,31.0,166.98,103.052396,103.052396,294.239517,42.576063,85.517471,0,363366.27,6591845.68,199.61,LEFT,167.0,472,18/10/2025,14:41:53,14:49:45,1773.923499,EX3600,225,22.0,10.0,32,294.239517,103.052396,63.093587,85.517471,42.576063,2042.982164,5528.419987
pattern_23,A1850823_200_WN_1,6216101,4216101,EX012,EX3600BH,DT025,CAT 793,A-185-08-23,50.55,163.57,120.212853,120.212853,309.098056,43.118376,85.094527,0,363370.91,6591844.1,198.64,LEFT,163.6,466,18/10/2025,14:49:45,14:57:31,1514.195595,EX3600,225,22.0,10.0,32,309.098056,120.212853,60.6723,85.094527,43.118376,1905.114953,5312.329972
pattern_23,A1850823_200_WN_1,6216102,4216102,EX012,EX3600BH,DT003,CAT 793,A-185-08-23,31.25,165.45,101.764702,101.764702,311.778657,49.237556,88.367726,0,363367.21,6591843.11,198.41,STRAIGHT,165.4,464,18/10/2025,14:57:31,15:05:15,1544.26464,EX3600,225,22.0,10.0,32,311.778657,101.764702,72.408673,88.367726,49.237556,1910.336451,5387.148791
pattern_23,A1850823_200_WN_1,6216103,4216103,EX012,EX3600BH,DT036,CAT 793,A-185-08-23,42.0,161.12,98.439348,98.439348,269.285711,37.899807,74.367527,0,363366.28,6591849.99,198.72,RIGHT,161.1,421,18/10/2025,15:05:15,15:12:16,1783.17113,EX3600,225,22.0,10.0,32,269.285711,98.439348,58.579029,74.367527,37.899807,2153.999439,5994.658436
pattern_23,A1850823_200_WN_1,6216104,4216104,EX012,EX3600BH,DT034,CAT 793,A-185-08-23,43.87,168.93,93.707546,93.707546,273.770828,40.372691,87.331964,0,363372.49,6591850.45,199.91,RIGHT,168.9,446,18/10/2025,15:12:16,15:19:42,1887.070449,EX3600,225,22.0,10.0,32,273.770828,93.707546,52.358626,87.331964,40.372691,2221.322306,6208.022098
pattern_23,A1850823_200_WN_1,6216105,4216105,EX012,EX3600BH,DT008,CAT 793,A-185-08-23,42.45,167.82,98.892926,98.892926,302.716502,47.38887,97.363118,0,363370.19,6591850.39,198.15,LEFT,167.8,720,18/10/2025,15:19:42,15:31:42,1497.412842,EX3600,225,22.0,10.0,32,302.716502,98.892926,59.071588,97.363118,47.38887,1995.799248,5628.153879
pattern_23,A1850823_200_WN_1,6216106,4216106,EX012,EX3600BH,DT041,CAT 793,A-185-08-23,61.6,184.81,112.938483,112.938483,296.266983,44.251265,72.951249,0,363373.68,6591852.62,198.45,LEFT,184.8,489,18/10/2025,15:31:42,15:39:51,1874.647704,EX3600,225,22.0,10.0,32,296.266983,112.938483,66.125986,72.951249,44.251265,2245.615788,6218.032667
pattern_23,A1850823_200_WN_1,6216107,4216107,EX012,EX3600BH,DT029,CAT 793,A-185-08-23,44.05,190.15,102.279301,102.279301,281.44896,37.867636,96.27042,0,363372.62,6591852.91,198.86,RIGHT,190.2,395,18/10/2025,15:39:51,15:46:26,1908.696666,EX3600,225,22.0,10.0,32,281.44896,102.279301,45.031604,96.27042,37.867636,2432.261183,6775.469438
pattern_23,A1850823_200_WN_1,6216108,4216108,EX012,EX3600BH,DT038,CAT 793,A-185-08-23,50.34,157.82,94.363123,94.363123,301.745743,47.082489,94.420032,0,363374.22,6591850.92,199.74,RIGHT,157.8,394,18/10/2025,15:46:26,15:53:00,1502.172909,EX3600,225,22.0,10.0,32,301.745743,94.363123,65.880099,94.420032,47.082489,1882.916548,5309.824666
pattern_23,A1850823_200_WN_1,6216109,4216109,EX012,EX3600BH,DT027,CAT 793,A-185-08-23,49.57,172.87,106.685075,106.685075,306.850916,48.919389,87.293135,0,363371.61,6591853.25,198.13,STRAIGHT,172.9,443,18/10/2025,15:53:00,16:00:23,1683.416702,EX3600,225,22.0,10.0,32,306.850916,106.685075,63.953316,87.293135,48.919389,2028.116291,5719.287939
pattern_23,A1850823_200_WN_1,6216110,4216110,EX012,EX3600BH,DT030,CAT 793,A-185-08-23,30.96,154.59,88.032933,88.032933,292.013907,50.519599,83.504893,0,363371.65,6591854.33,198.66,LEFT,154.6,423,18/10/2025,16:00:23,16:07:26,1593.971046,EX3600,225,22.0,10.0,32,292.013907,88.032933,69.956482,83.504893,50.519599,1905.758266,5374.23831
pattern_23,A1850823_200_WN_1,6216111,4216111,EX012,EX3600BH,DT046,CAT 793,A-185-08-23,51.97,173.18,94.556461,94.556461,294.656995,40.364913,84.624702,0,363369.09,6591848.62,199.35,RIGHT,173.2,546,18/10/2025,16:07:26,16:16:32,1768.339172,EX3600,225,22.0,10.0,32,294.656995,94.556461,75.110919,84.624702,40.364913,2115.868319,5918.810381
pattern_23,A1850823_200_WN_1,6216112,4216112,EX012,EX3600BH,DT024,CAT 793,A-185-08-23,51.72,172.28,102.93059,102.93059,296.975442,41.503454,85.599966,0,363369.77,6591854.36,198.5,STRAIGHT,172.3,445,18/10/2025,16:16:32,16:23:57,1756.292722,EX3600,225,22.0,10.0,32,296.975442,102.93059,66.941432,85.599966,41.503454,2088.384501,5797.517083
pattern_23,A1850823_200_WN_1,6216113,4216113,EX012,EX3600BH,DT020,CAT 793,A-185-08-23,37.69,169.55,87.022886,87.022886,275.095755,41.753018,96.506145,0,363371.58,6591851.03,199.72,LEFT,169.6,425,18/10/2025,16:23:57,16:31:02,1882.874743,EX3600,225,22.0,10.0,32,275.095755,87.022886,49.813706,96.506145,41.753018,2218.829177,6257.09828
pattern_23,A1850823_200_WN_1,6216114,4216114,EX012,EX3600BH,DT033,CAT 793,A-185-08-23,46.1,165.0,101.714592,101.714592,296.313773,42.173265,89.491906,0,363368.61,6591852.42,198.87,LEFT,165.0,386,18/10/2025,16:31:02,16:37:28,1563.061122,EX3600,225,22.0,10.0,32,296.313773,101.714592,62.934009,89.491906,42.173265,2004.677259,5653.189871
pattern_23,A1850823_200_WN_1,6216115,4216115,EX012,EX3600BH,DT013,CAT 793,A-185-08-23,29.79,167.29,106.799662,106.799662,317.647562,41.748089,101.018226,0,363370.55,6591851.66,198.81,STRAIGHT,167.3,505,18/10/2025,16:37:28,16:45:53,1600.490593,EX3600,225,22.0,10.0,32,317.647562,106.799662,68.081585,101.018226,41.748089,1895.995342,5346.706865
pattern_23,A1850823_200_WN_2,6216116,4216116,EX012,EX3600BH,DT028,CAT 793,A-185-08-23,44.52,167.55,88.096907,88.096907,255.252519,34.292407,76.44545,0,363372.35,6591859.96,199.59,LEFT,167.5,391,18/10/2025,16:45:53,16:52:24,2086.965289,EX3600,225,22.0,10.0,32,255.252519,88.096907,56.417755,76.44545,34.292407,2363.034708,6663.757877
pattern_23,A1850823_200_WN_2,6216117,4216117,EX012,EX3600BH,DT031,CAT 793,A-185-08-23,37.02,167.66,95.55923,95.55923,310.974037,56.029166,88.868438,0,363374.38,6591861.77,198.62,STRAIGHT,167.7,462,18/10/2025,16:52:24,17:00:06,1487.622332,EX3600,225,22.0,10.0,32,310.974037,95.55923,70.517203,88.868438,56.029166,1940.886155,5473.298957
pattern_23,A1850823_200_WN_2,6216118,4216118,EX012,EX3600BH,DT036,CAT 793,A-185-08-23,42.7,181.2,83.75794,83.75794,285.092597,52.157283,80.518316,0,363372.02,6591857.09,199.85,LEFT,181.2,430,18/10/2025,17:00:06,17:07:16,1941.786456,EX3600,225,22.0,10.0,32,285.092597,83.75794,68.659059,80.518316,52.157283,2288.148093,6452.577622
pattern_23,A1850823_200_WN_2,6216119,4216119,EX012,EX3600BH,DT008,CAT 793,A-185-08-23,36.55,173.11,94.858431,94.858431,279.781355,41.197271,80.582267,0,363376.68,6591860.89,199.74,RIGHT,173.1,513,18/10/2025,17:07:16,17:15:49,1896.158543,EX3600,225,22.0,10.0,32,279.781355,94.858431,63.143385,80.582267,41.197271,2227.412542,6281.303368
pattern_23,A1850823_200_WN_2,6216120,4216120,EX012,EX3600BH,DT031,CAT 793,A-185-08-23,33.81,164.58,102.66162,102.66162,292.594987,31.496077,92.123521,0,363372.05,6591856.12,199.09,LEFT,164.6,560,18/10/2025,17:15:49,17:25:09,1776.24089,EX3600,225,22.0,10.0,32,292.594987,102.66162,66.313769,92.123521,31.496077,2024.933253,5579.365763
pattern_23,A1850823_200_WN_2,6216121,4216121,EX012,EX3600BH,DT033,CAT 793,A-185-08-23,43.15,166.94,93.712576,93.712576,294.242318,44.011133,93.31126,0,363373.21,6591857.75,199.42,RIGHT,166.9,465,18/10/2025,17:25:09,17:32:54,1670.359449,EX3600,225,22.0,10.0,32,294.242318,93.712576,63.207349,93.31126,44.011133,2042.491751,5603.38344
pattern_23,A1850823_200_WN_2,6216122,4216122,EX012,EX3600BH,DT003,CAT 793,A-185-08-23,39.57,154.43,95.885567,95.885567,282.980972,42.812731,85.993785,0,363370.78,6591858.58,199.37,RIGHT,154.4,452,18/10/2025,17:32:54,17:40:26,1574.004847,EX3600,225,22.0,10.0,32,282.980972,95.885567,58.28889,85.993785,42.812731,1964.557956,5540.053435
pattern_23,A1850823_200_WN_2,6216123,4216123,EX012,EX3600BH,DT059,HIT EH5000,A-185-08-23,46.55,161.94,93.475356,93.475356,287.022818,40.00584,88.765049,0,363374.49,6591859.13,198.4,LEFT,161.9,395,18/10/2025,17:40:26,17:47:01,1729.128741,EX3600,250,22.0,10.0,32,287.022818,93.475356,64.776572,88.765049,40.00584,2031.152669,5727.850526
pattern_23,A1850823_200_WN_2,6216124,4216124,EX012,EX3600BH,DT002,CAT 793,A-185-08-23,33.14,163.02,77.691328,77.691328,286.761837,45.257998,92.210119,0,363372.08,6591861.46,199.36,LEFT,163.0,477,18/10/2025,17:47:01,17:54:58,1758.902816,EX3600,225,22.0,10.0,32,286.761837,77.691328,71.602392,92.210119,45.257998,2046.551154,5771.274253
pattern_23,A1850823_200_WN_2,6216125,4216125,EX012,EX3600BH,DT006,CAT 793,A-185-08-23,38.4,154.19,91.380907,91.380907,268.204326,42.863542,74.680873,0,363370.62,6591857.38,199.63,STRAIGHT,154.2,403,18/10/2025,17:54:58,18:01:41,1645.985749,EX3600,225,22.0,10.0,32,268.204326,91.380907,59.279004,74.680873,42.863542,2069.588889,5836.240668
pattern_23,A1850823_200_WN_2,6216126,4216126,EX012,EX3600BH,DT041,CAT 793,A-185-08-23,35.9,159.87,83.941922,83.941922,283.460952,47.40015,83.772439,0,363376.19,6591860.79,199.08,RIGHT,159.9,476,18/10/2025,18:01:41,18:09:37,1734.223786,EX3600,225,22.0,10.0,32,283.460952,83.941922,68.346441,83.772439,47.40015,2030.369267,5698.148308
pattern_23,A1850823_200_WN_2,6216127,4216127,EX012,EX3600BH,DT010,CAT 793,A-185-08-23,32.08,157.0,94.769603,94.769603,278.260082,45.329305,83.592437,0,363370.49,6591855.77,198.76,RIGHT,157.0,482,18/10/2025,18:09:37,18:17:39,1683.807046,EX3600,225,22.0,10.0,32,278.260082,94.769603,54.568737,83.592437,45.329305,2031.161621,5727.87577
pattern_23,A1850823_200_WN_2,6216128,4216128,EX012,EX3600BH,DT028,CAT 793,A-185-08-23,41.13,144.86,90.865347,90.865347,275.721845,45.483039,78.774381,0,363372.89,6591859.41,198.73,LEFT,144.9,436,18/10/2025,18:17:39,18:24:55,1658.737603,EX3600,225,22.0,10.0,32,275.721845,90.865347,60.599078,78.774381,45.483039,1891.366474,5333.653457
pattern_23,A1850823_200_WN_2,6216129,4216129,EX012,EX3600BH,DT022,CAT 793,A-185-08-23,40.48,153.29,85.147406,85.147406,260.956525,43.652193,72.877063,0,363372.02,6591858.2,199.6,STRAIGHT,153.3,479,18/10/2025,18:24:55,18:32:54,1661.92901,EX3600,225,22.0,10.0,32,260.956525,85.147406,59.279863,72.877063,43.652193,2114.765338,5963.638254
pattern_23,A1850823_200_WN_2,6216130,4216130,EX012,EX3600BH,DT023,CAT 793,A-185-08-23,50.96,163.54,84.569363,84.569363,261.991448,44.212411,75.547022,0,363371.69,6591858.9,198.27,RIGHT,163.5,389,18/10/2025,18:32:54,18:39:23,2066.811522,EX3600,225,22.0,10.0,32,261.991448,84.569363,57.662653,75.547022,44.212411,2247.173684,6298.753167
pattern_23,A1850823_200_WN_2,6216131,4216131,EX012,EX3600BH,DT002,CAT 793,A-185-08-23,40.18,164.95,93.444185,93.444185,280.36416,45.182305,79.718164,0,363372.3,6591868.16,199.75,LEFT,165.0,370,18/10/2025,18:39:23,18:45:33,1729.009344,EX3600,225,22.0,10.0,32,280.36416,93.444185,62.019506,79.718164,45.182305,2118.04226,5792.665182
pattern_23,A1850823_200_WN_2,6216132,4216132,EX012,EX3600BH,DT041,CAT 793,A-185-08-23,48.58,171.18,100.419218,100.419218,293.813993,46.19411,83.41917,0,363375.7,6591865.14,198.53,RIGHT,171.2,472,18/10/2025,18:45:33,18:53:25,1714.713679,EX3600,225,22.0,10.0,32,293.813993,100.419218,63.781494,83.41917,46.19411,2097.434507,5844.728546
pattern_23,A1850823_200_WN_2,6216133,4216133,EX012,EX3600BH,DT008,CAT 793,A-185-08-23,41.86,169.67,83.40146,83.40146,274.840339,50.149088,67.336568,0,363372.66,6591867.3,198.8,RIGHT,169.7,493,18/10/2025,18:53:25,19:01:38,1865.752175,EX3600,225,22.0,10.0,32,274.840339,83.40146,73.953223,67.336568,50.149088,2222.42191,6267.229788
pattern_23,A1850823_200_WN_2,6216134,4216134,EX012,EX3600BH,DT016,CAT 793,A-185-08-23,45.49,165.14,84.79344,84.79344,266.728438,40.877045,70.66489,0,363380.23,6591868.51,199.87,RIGHT,165.1,435,18/10/2025,19:01:38,19:08:53,1911.332846,EX3600,225,22.0,10.0,32,266.728438,84.79344,70.393064,70.66489,40.877045,2228.833429,5995.758474
pattern_23,A1850823_200_WN_2,6216135,4216135,EX012,EX3600BH,DT090,HIT EH5000,A-185-08-23,42.55,170.96,92.767933,92.767933,288.529437,38.766865,87.139072,0,363375.25,6591867.11,198.8,STRAIGHT,171.0,453,18/10/2025,19:08:53,19:16:26,1740.801879,EX3600,250,22.0,10.0,32,288.529437,92.767933,69.855567,87.139072,38.766865,2133.107215,5711.242641
pattern_23,A1850823_200_WN_2,6216136,4216136,EX012,EX3600BH,DT012,CAT 793,A-185-08-23,49.02,173.22,78.637408,78.637408,271.133955,44.215442,92.554593,0,363371.28,6591868.12,199.76,LEFT,173.2,400,18/10/2025,19:16:26,19:23:06,1987.059858,EX3600,225,22.0,10.0,32,271.133955,78.637408,55.726511,92.554593,44.215442,2299.874824,6485.647005
pattern_23,A1850823_200_WN_2,6216137,4216137,EX012,EX3600BH,DT031,CAT 793,A-185-08-23,45.03,173.09,99.655905,99.655905,285.584537,42.584921,79.127851,0,363370.34,6591865.64,199.15,STRAIGHT,173.1,426,18/10/2025,19:23:06,19:30:12,1805.219639,EX3600,225,22.0,10.0,32,285.584537,99.655905,64.21586,79.127851,42.584921,2181.939869,5974.62553
pattern_23,A1850823_200_WN_2,6216138,4216138,EX012,EX3600BH,DT016,CAT 793,A-185-08-23,40.23,181.7,101.438829,101.438829,290.483552,36.070989,83.915624,0,363374.34,6591862.52,198.36,LEFT,181.7,527,18/10/2025,19:30:12,19:38:59,1779.234922,EX3600,225,22.0,10.0,32,290.483552,101.438829,69.058109,83.915624,36.070989,2251.816642,6290.857166
pattern_23,A1850823_200_WN_2,6216139,4216139,EX012,EX3600BH,DT012,CAT 793,A-185-08-23,57.83,173.5,97.339554,97.339554,294.916477,43.943701,97.383028,0,363377.66,6591868.53,198.68,STRAIGHT,173.5,472,18/10/2025,19:38:59,19:46:51,1721.545391,EX3600,225,22.0,10.0,32,294.916477,97.339554,56.250194,97.383028,43.943701,2117.883494,5969.923909
pattern_23,A1850823_200_WN_2,6216140,4216140,EX012,EX3600BH,DT020,CAT 793,A-185-08-23,47.05,177.79,89.155936,89.155936,290.331066,39.361948,101.311994,0,363374.59,6591869.15,198.56,RIGHT,177.8,490,18/10/2025,19:46:51,19:55:01,1836.886352,EX3600,225,22.0,10.0,32,290.331066,89.155936,60.501188,101.311994,39.361948,2204.501534,6084.572758
pattern_23,A1850823_200_WN_2,6216141,4216141,EX012,EX3600BH,DT035,CAT 793,A-185-08-23,42.88,171.82,101.632558,101.632558,299.123962,49.696739,84.764405,0,363375.27,6591866.88,198.5,STRAIGHT,171.8,497,18/10/2025,19:55:01,20:03:18,1755.602539,EX3600,225,22.0,10.0,32,299.123962,101.632558,63.03026,84.764405,49.696739,2067.912677,5831.513748
pattern_23,A1850823_200_WN_2,6216142,4216142,EX012,EX3600BH,DT027,CAT 793,A-185-08-23,49.37,168.93,103.946459,103.946459,281.177371,36.315882,89.459024,0,363378.27,6591865.42,198.08,LEFT,168.9,714,18/10/2025,20:03:18,20:15:12,1739.333607,EX3600,225,22.0,10.0,32,281.177371,103.946459,51.456006,89.459024,36.315882,2162.803542,6099.077678
pattern_23,A1850823_200_WN_2,6216143,4216143,EX012,EX3600BH,DT014,CAT 793,A-185-08-23,44.05,170.13,101.425161,101.425161,288.440213,38.679956,83.463858,0,363377.36,6591868.94,198.52,RIGHT,170.1,463,18/10/2025,20:15:12,20:22:55,1816.816775,EX3600,225,22.0,10.0,32,288.440213,101.425161,64.871238,83.463858,38.679956,2123.335359,5987.805713
pattern_23,A1850823_200_WN_2,6216144,4216144,EX012,EX3600BH,DT081,HIT EH5000,A-185-08-23,43.22,151.28,80.687858,80.687858,280.606508,56.66965,86.078573,0,363375.14,6591876.93,199.76,RIGHT,151.3,510,18/10/2025,20:22:55,20:31:25,1642.313219,EX3600,250,22.0,10.0,32,280.606508,80.687858,57.170427,86.078573,56.66965,1940.864455,5433.273473
pattern_23,A1850823_200_WN_2,6216145,4216145,EX012,EX3600BH,DT022,CAT 793,A-185-08-23,35.92,161.98,90.786485,90.786485,270.752454,42.212801,84.936482,0,363378.24,6591874.22,198.67,RIGHT,162.0,726,18/10/2025,20:31:25,20:43:31,1865.087695,EX3600,225,22.0,10.0,32,270.752454,90.786485,52.816686,84.936482,42.212801,2153.667076,6073.341154
pattern_23,A1850823_200_WN_2,6216146,4216146,EX012,EX3600BH,DT006,CAT 793,A-185-08-23,40.61,186.53,100.178607,100.178607,269.87876,35.106558,79.539555,0,363375.53,6591875.66,198.25,RIGHT,186.5,412,18/10/2025,20:43:31,20:50:23,2095.916371,EX3600,225,22.0,10.0,32,269.87876,100.178607,55.054039,79.539555,35.106558,2488.230275,6938.642794
pattern_23,A1850823_200_WN_2,6216147,4216147,EX012,EX3600BH,DT006,CAT 793,A-185-08-23,48.32,174.87,92.942087,92.942087,265.30145,39.614251,78.229985,0,363380.02,6591874.97,198.02,LEFT,174.9,356,18/10/2025,20:50:23,20:56:19,1954.135251,EX3600,225,22.0,10.0,32,265.30145,92.942087,54.515127,78.229985,39.614251,2372.906932,6485.032036
pattern_23,A1850823_200_WN_2,6216148,4216148,EX012,EX3600BH,DT065,HIT EH5000,A-185-08-23,53.34,186.36,90.875209,90.875209,281.098396,38.035564,88.896871,0,363377.35,6591879.3,198.46,RIGHT,186.4,476,18/10/2025,20:56:19,21:04:15,1916.545767,EX3600,250,22.0,10.0,32,281.098396,90.875209,63.290752,88.896871,38.035564,2386.689572,6730.464594
pattern_23,A1850823_200_WN_2,6216149,4216149,EX012,EX3600BH,DT018,CAT 793,A-185-08-23,45.39,166.47,93.75015,93.75015,308.47232,48.454426,92.712804,0,363376.43,6591872.47,199.44,RIGHT,166.5,516,18/10/2025,21:04:15,21:12:51,1613.900326,EX3600,225,22.0,10.0,32,308.47232,93.75015,73.554939,92.712804,48.454426,1942.749219,5401.085696
pattern_23,A1850823_200_WN_2,6216150,4216150,EX012,EX3600BH,DT010,CAT 793,A-185-08-23,32.98,157.76,93.458475,93.458475,279.184496,39.173733,83.24708,0,363377.52,6591875.86,199.79,LEFT,157.8,453,18/10/2025,21:12:51,21:20:24,1728.049433,EX3600,225,22.0,10.0,32,279.184496,93.458475,63.305208,83.24708,39.173733,2034.296358,5736.715731
pattern_23,A1850823_200_WN_2,6216151,4216151,EX012,EX3600BH,DT016,CAT 793,A-185-08-23,32.32,174.53,94.567021,94.567021,282.98223,53.607519,78.455352,0,363376.96,6591872.3,198.45,RIGHT,174.5,463,18/10/2025,21:20:24,21:28:07,1845.77562,EX3600,225,22.0,10.0,32,282.98223,94.567021,56.352339,78.455352,53.607519,2220.340433,6010.60164
pattern_23,A1850823_200_WN_2,6216152,4216152,EX012,EX3600BH,DT048,HIT EH5000,A-185-08-23,50.35,163.66,105.442109,105.442109,279.990385,42.968622,78.297229,0,363375.94,6591875.65,199.3,LEFT,163.7,445,18/10/2025,21:28:07,21:35:32,1783.850974,EX3600,250,22.0,10.0,32,279.990385,105.442109,53.282425,78.297229,42.968622,2104.310859,5641.91045
pattern_23,A1850823_200_WN_2,6216153,4216153,EX012,EX3600BH,DT007,CAT 793,A-185-08-23,53.06,159.18,80.115749,80.115749,286.083193,40.556682,104.758235,0,363376.96,6591875.8,199.45,STRAIGHT,159.2,430,18/10/2025,21:35:32,21:42:42,1673.149628,EX3600,225,22.0,10.0,32,286.083193,80.115749,60.652526,104.758235,40.556682,2003.088396,5648.709278
pattern_23,A1850823_200_WN_2,6216154,4216154,EX012,EX3600BH,DT008,CAT 793,A-185-08-23,42.24,151.08,103.250776,103.250776,283.525879,51.508084,84.61662,0,363378.64,6591874.72,199.31,STRAIGHT,151.1,472,18/10/2025,21:42:42,21:50:34,1507.573291,EX3600,225,22.0,10.0,32,283.525879,103.250776,44.1504,84.61662,51.508084,1918.311903,5323.024441
pattern_23,A1850823_200_WN_2,6216155,4216155,EX012,EX3600BH,DT045,CAT 793,A-185-08-23,37.51,154.36,98.958348,98.958348,288.987698,45.445647,88.701901,0,363375.62,6591878.64,198.62,RIGHT,154.4,447,18/10/2025,21:50:34,21:58:01,1600.988306,EX3600,225,22.0,10.0,32,288.987698,98.958348,55.881803,88.701901,45.445647,1922.912123,5229.994038
pattern_23,A1850823_200_WN_1,6216156,4216156,EX012,EX3600BH,DT028,CAT 793,A-185-08-23,42.45,172.85,97.509248,97.509248,283.128769,39.419508,93.557326,0,363377.22,6591848.0,199.51,RIGHT,172.9,450,18/10/2025,21:58:01,22:05:31,1797.581958,EX3600,225,22.0,10.0,32,283.128769,97.509248,52.642687,93.557326,39.419508,2197.824681,6197.8656
pattern_23,A1850823_200_WN_1,6216157,4216157,EX012,EX3600BH,DT021,CAT 793,A-185-08-23,55.29,185.4,106.755769,106.755769,295.274011,45.658753,93.211418,0,363378.91,6591847.74,198.65,RIGHT,185.4,467,18/10/2025,22:05:31,22:13:18,1940.352246,EX3600,225,22.0,10.0,32,295.274011,106.755769,49.648071,93.211418,45.658753,2260.360589,6374.21686
pattern_23,A1850823_200_WN_1,6216158,4216158,EX012,EX3600BH,DT040,CAT 793,A-185-08-23,42.91,175.06,96.10649,96.10649,283.696449,42.434869,83.727826,0,363380.67,6591844.59,198.05,RIGHT,175.1,466,18/10/2025,22:13:18,22:21:04,1768.025122,EX3600,225,22.0,10.0,32,283.696449,96.10649,61.427265,83.727826,42.434869,2221.461946,6257.193855
pattern_23,A1850823_200_WN_1,6216159,4216159,EX012,EX3600BH,DT016,CAT 793,A-185-08-23,37.41,155.34,100.455887,100.455887,287.931294,41.806228,88.557647,0,363378.78,6591846.69,199.42,LEFT,155.3,580,18/10/2025,22:21:04,22:30:44,1646.056884,EX3600,225,22.0,10.0,32,287.931294,100.455887,57.111532,88.557647,41.806228,1942.177659,5476.940999
pattern_23,A1850823_200_WN_1,6216160,4216160,EX012,EX3600BH,DT006,CAT 793,A-185-08-23,30.3,158.08,93.337474,93.337474,288.861954,46.382077,83.067432,0,363375.5,6591847.54,199.45,STRAIGHT,158.1,471,18/10/2025,22:30:44,22:38:35,1622.884529,EX3600,225,22.0,10.0,32,288.861954,93.337474,66.074971,83.067432,46.382077,1970.05224,5555.547318
pattern_23,A1850823_200_WN_1,6216161,4216161,EX012,EX3600BH,DT045,CAT 793,A-185-08-23,47.78,169.8,100.042716,100.042716,304.69941,41.547284,101.258276,0,363375.78,6591845.38,199.72,STRAIGHT,169.8,467,18/10/2025,22:38:35,22:46:22,1647.628561,EX3600,225,22.0,10.0,32,304.69941,100.042716,61.851135,101.258276,41.547284,2006.215557,5619.087766
pattern_23,A1850823_200_WN_1,6216162,4216162,EX012,EX3600BH,DT014,CAT 793,A-185-08-23,38.53,158.16,101.61787,101.61787,298.172115,44.575001,81.510592,0,363378.27,6591848.0,199.95,RIGHT,158.2,476,18/10/2025,22:46:22,22:54:18,1657.166818,EX3600,225,22.0,10.0,32,298.172115,101.61787,70.468653,81.510592,44.575001,1909.500215,5384.790607
pattern_23,A1850823_200_WN_1,6216163,4216163,EX012,EX3600BH,DT026,CAT 793,A-185-08-23,32.74,163.01,97.370732,97.370732,286.789372,44.177376,89.812494,0,363377.44,6591847.69,199.5,LEFT,163.0,417,18/10/2025,22:54:18,23:01:15,1817.857425,EX3600,225,22.0,10.0,32,286.789372,97.370732,55.428771,89.812494,44.177376,2046.229999,5770.368596
pattern_23,A1850823_200_WN_1,6216164,4216164,EX012,EX3600BH,DT042,CAT 793,A-185-08-23,34.49,151.65,95.709036,95.709036,281.389272,36.309712,91.266703,0,363375.21,6591843.95,199.38,RIGHT,151.6,428,18/10/2025,23:01:15,23:08:23,1602.900398,EX3600,225,22.0,10.0,32,281.389272,95.709036,58.103821,91.266703,36.309712,1940.115922,5471.126901
pattern_23,A1850823_200_WN_1,6216165,4216165,EX012,EX3600BH,DT052,HIT EH5000,A-185-08-23,39.58,156.12,103.67412,103.67412,276.196506,34.784995,68.771221,0,363378.45,6591847.15,199.63,STRAIGHT,156.1,419,18/10/2025,23:08:23,23:15:22,1659.822258,EX3600,250,22.0,10.0,32,276.196506,103.67412,68.96617,68.771221,34.784995,2034.882135,5738.367621
pattern_23,A1850823_200_WN_1,6216166,4216166,EX012,EX3600BH,DT029,CAT 793,A-185-08-23,47.43,165.75,96.675073,96.675073,305.655968,44.762455,100.213348,0,363376.64,6591847.55,198.53,RIGHT,165.7,472,18/10/2025,23:15:22,23:23:14,1521.009702,EX3600,225,22.0,10.0,32,305.655968,96.675073,64.005092,100.213348,44.762455,1952.165607,5475.399731
pattern_23,A1850823_200_WN_1,6216167,4216167,EX012,EX3600BH,DT046,CAT 793,A-185-08-23,34.86,165.04,88.447946,88.447946,288.564705,46.494431,88.631841,0,363376.03,6591845.91,199.69,RIGHT,165.0,465,18/10/2025,23:23:14,23:30:59,1814.882281,EX3600,225,22.0,10.0,32,288.564705,88.447946,64.990488,88.631841,46.494431,2058.922619,5806.161785
pattern_23,A1850823_200_WN_2,6216168,4216168,EX012,EX3600BH,DT040,CAT 793,A-185-08-23,34.35,170.29,103.336805,103.336805,288.280629,41.231938,86.671848,0,363378.25,6591854.09,199.35,STRAIGHT,170.3,458,18/10/2025,23:30:59,23:38:37,1773.968182,EX3600,225,22.0,10.0,32,288.280629,103.336805,57.040037,86.671848,41.231938,2126.555234,5955.175428
pattern_23,A1850823_200_WN_2,6216169,4216169,EX012,EX3600BH,DT016,CAT 793,A-185-08-23,41.64,169.01,101.343976,101.343976,299.170444,39.103368,88.579283,0,363381.54,6591852.89,199.63,RIGHT,169.0,437,18/10/2025,23:38:37,23:45:54,1674.730524,EX3600,225,22.0,10.0,32,299.170444,101.343976,70.143817,88.579283,39.103368,2033.685229,5511.325656
pattern_23,A1850823_200_WN_2,6216170,4216170,EX012,EX3600BH,DT011,CAT 793,A-185-08-23,38.63,180.02,94.760878,94.760878,306.340325,44.773128,109.290813,0,363376.72,6591854.36,199.98,RIGHT,180.0,472,18/10/2025,23:45:54,23:53:46,1722.537377,EX3600,225,22.0,10.0,32,306.340325,94.760878,57.515505,109.290813,44.773128,2115.49809,5729.453865
pattern_23,A1850823_200_WN_2,6216171,4216171,EX012,EX3600BH,DT034,CAT 793,A-185-08-23,47.27,176.1,121.061009,121.061009,311.20191,39.611852,80.776614,0,363377.55,6591854.23,199.85,RIGHT,176.1,490,18/10/2025,23:53:46,00:01:56,1765.899056,EX3600,225,22.0,10.0,32,311.20191,121.061009,69.752435,80.776614,39.611852,2037.133307,5728.427616
pattern_23,A1850823_200_WN_2,6216172,4216172,EX012,EX3600BH,DT039,CAT 793,A-185-08-23,47.78,164.55,111.528041,111.528041,306.909612,52.802376,88.843128,0,363376.26,6591854.67,198.34,RIGHT,164.5,845,19/10/2025,00:01:56,00:16:01,1583.909474,EX3600,225,22.0,10.0,32,306.909612,111.528041,53.736067,88.843128,52.802376,1930.120448,5319.057348
pattern_23,A1850823_200_WN_2,6216173,4216173,EX012,EX3600BH,DT011,CAT 793,A-185-08-23,37.95,172.34,104.117606,104.117606,304.685659,44.01008,91.112193,0,363380.42,6591853.56,198.38,RIGHT,172.3,471,19/10/2025,00:16:01,00:23:52,1701.532071,EX3600,225,22.0,10.0,32,304.685659,104.117606,65.44578,91.112193,44.01008,2036.293949,5587.564841
pattern_23,A1850823_200_WN_2,6216174,4216174,EX012,EX3600BH,DT009,CAT 793,A-185-08-23,33.66,177.03,98.902198,98.902198,296.045529,44.915995,97.117849,0,363373.81,6591851.91,198.64,LEFT,177.0,404,19/10/2025,00:23:52,00:30:36,1719.255372,EX3600,225,22.0,10.0,32,296.045529,98.902198,55.109487,97.117849,44.915995,2152.711789,5851.444645
pattern_23,A1850823_200_WN_2,6216175,4216175,EX012,EX3600BH,DT018,CAT 793,A-185-08-23,48.96,176.28,105.275394,105.275394,299.87064,42.130848,85.854424,0,363380.9,6591852.55,199.54,LEFT,176.3,437,19/10/2025,00:30:36,00:37:53,1810.718246,EX3600,225,22.0,10.0,32,299.87064,105.275394,66.609974,85.854424,42.130848,2116.250136,5852.897136
pattern_23,A1850823_200_WN_2,6216176,4216176,EX012,EX3600BH,DT034,CAT 793,A-185-08-23,50.95,166.95,95.471964,95.471964,264.992156,32.916652,83.424341,0,363380.21,6591852.38,198.17,STRAIGHT,167.0,425,19/10/2025,00:37:53,00:44:58,1740.042993,EX3600,225,22.0,10.0,32,264.992156,95.471964,53.179198,83.424341,32.916652,2268.073717,5979.994535
pattern_23,A1850823_200_WN_2,6216177,4216177,EX012,EX3600BH,DT040,CAT 793,A-185-08-23,44.81,168.52,98.639059,98.639059,292.865626,42.197257,93.491272,0,363378.87,6591855.83,199.1,RIGHT,168.5,486,19/10/2025,00:44:58,00:53:04,1644.239473,EX3600,225,22.0,10.0,32,292.865626,98.639059,58.538038,93.491272,42.197257,2071.542976,5801.867041
pattern_23,A1850823_200_WN_2,6216178,4216178,EX012,EX3600BH,DT033,CAT 793,A-185-08-23,35.9,158.62,82.19303,82.19303,300.527854,56.489966,92.250314,0,363380.57,6591854.82,198.44,STRAIGHT,158.6,545,19/10/2025,00:53:04,01:02:09,1640.734795,EX3600,225,22.0,10.0,32,300.527854,82.19303,69.594543,92.250314,56.489966,1900.109126,5178.931283
pattern_23,A1850823_200_WN_2,6216179,4216179,EX012,EX3600BH,DT029,CAT 793,A-185-08-23,53.29,159.88,89.971476,89.971476,290.588382,48.944323,77.020312,0,363375.24,6591855.5,199.77,RIGHT,159.9,446,19/10/2025,01:02:09,01:09:35,1696.573922,EX3600,225,22.0,10.0,32,290.588382,89.971476,74.652271,77.020312,48.944323,1980.725762,5532.052536
pattern_23,A1850823_200_WN_2,6216180,4216180,EX012,EX3600BH,DT078,HIT EH5000,A-185-08-23,33.63,163.52,116.550794,116.550794,298.426996,42.174214,75.536019,0,363381.31,6591861.2,199.24,STRAIGHT,163.5,499,19/10/2025,01:09:35,01:17:54,1711.894544,EX3600,250,22.0,10.0,32,298.426996,116.550794,64.165969,75.536019,42.174214,1972.523282,5227.495468
pattern_23,A1850823_200_WN_2,6216181,4216181,EX012,EX3600BH,DT034,CAT 793,A-185-08-23,36.73,164.12,106.519412,106.519412,320.139518,40.505625,98.10264,0,363376.16,6591861.96,198.34,STRAIGHT,164.1,487,19/10/2025,01:17:54,01:26:01,1525.253701,EX3600,225,22.0,10.0,32,320.139518,106.519412,75.011841,98.10264,40.505625,1845.561488,5092.088189
pattern_23,A1850823_200_WN_2,6216182,4216182,EX012,EX3600BH,DT013,CAT 793,A-185-08-23,39.48,168.21,104.824144,104.824144,315.517138,44.976626,100.807066,0,363381.25,6591862.3,199.87,LEFT,168.2,411,19/10/2025,01:26:01,01:32:52,1637.69157,EX3600,225,22.0,10.0,32,315.517138,104.824144,64.909301,100.807066,44.976626,1919.269545,5083.939344
pattern_23,A1850823_200_WN_2,6216183,4216183,EX012,EX3600BH,DT038,CAT 793,A-185-08-23,33.29,172.32,84.828228,84.828228,268.293342,42.233564,80.089345,0,363378.89,6591866.08,199.33,LEFT,172.3,432,19/10/2025,01:32:52,01:40:04,1860.663202,EX3600,225,22.0,10.0,32,268.293342,84.828228,61.142204,80.089345,42.233564,2312.268181,6427.619594
pattern_23,A1850823_200_WN_2,6216184,4216184,EX012,EX3600BH,DT005,CAT 793,A-185-08-23,42.32,168.04,105.025073,105.025073,286.351355,38.542557,85.194732,0,363380.43,6591861.7,199.37,RIGHT,168.0,392,19/10/2025,01:40:04,01:46:36,1578.957354,EX3600,225,22.0,10.0,32,286.351355,105.025073,57.588993,85.194732,38.542557,2112.551888,5863.908262
pattern_23,A1850823_200_WN_2,6216185,4216185,EX012,EX3600BH,DT029,CAT 793,A-185-08-23,51.92,177.65,84.643118,84.643118,273.545582,51.107101,81.922114,0,363380.36,6591860.06,198.31,LEFT,177.7,772,19/10/2025,01:46:36,01:59:28,1938.119726,EX3600,225,22.0,10.0,32,273.545582,84.643118,55.873249,81.922114,51.107101,2337.989113,6330.19766
pattern_23,A1850823_200_WN_2,6216186,4216186,EX012,EX3600BH,DT030,CAT 793,A-185-08-23,47.31,164.05,97.005633,97.005633,266.799648,35.629793,82.091198,0,363379.02,6591863.22,198.9,STRAIGHT,164.1,471,19/10/2025,01:59:28,02:07:19,1830.195063,EX3600,225,22.0,10.0,32,266.799648,97.005633,52.073024,82.091198,35.629793,2213.622627,6130.60867
pattern_23,A1850823_200_WN_2,6216187,4216187,EX012,EX3600BH,DT024,CAT 793,A-185-08-23,44.33,176.9,105.823651,105.823651,280.428253,40.781816,79.108482,0,363380.79,6591862.68,198.31,STRAIGHT,176.9,424,19/10/2025,02:07:19,02:14:23,1932.874156,EX3600,225,22.0,10.0,32,280.428253,105.823651,54.714303,79.108482,40.781816,2270.99641,6199.656597
pattern_23,A1850823_200_WN_2,6216188,4216188,EX012,EX3600BH,DT009,CAT 793,A-185-08-23,31.4,167.16,81.663014,81.663014,264.105501,48.769313,69.163903,0,363382.8,6591866.73,198.13,STRAIGHT,167.2,451,19/10/2025,02:14:23,02:21:54,1797.375338,EX3600,225,22.0,10.0,32,264.105501,81.663014,64.509272,69.163903,48.769313,2278.544941,6271.356148
pattern_23,A1850823_200_WN_2,6216189,4216189,EX012,EX3600BH,DT006,CAT 793,A-185-08-23,34.9,153.24,108.303984,108.303984,304.577032,47.156151,83.845094,0,363384.22,6591862.71,199.68,STRAIGHT,153.2,443,19/10/2025,02:21:54,02:29:17,1583.339876,EX3600,225,22.0,10.0,32,304.577032,108.303984,65.271803,83.845094,47.156151,1811.194681,4874.380632
pattern_23,A1850823_200_WN_2,6216190,4216190,EX012,EX3600BH,DT027,CAT 793,A-185-08-23,37.75,162.88,82.571245,82.571245,271.083094,42.622973,88.176932,0,363383.01,6591863.19,199.55,LEFT,162.9,453,19/10/2025,02:29:17,02:36:50,1834.235877,EX3600,225,22.0,10.0,32,271.083094,82.571245,57.711944,88.176932,42.622973,2163.079063,6098.221514
pattern_23,A1850823_200_WN_2,6216191,4216191,EX012,EX3600BH,DT074,HIT EH5000,A-185-08-23,41.36,184.79,101.936331,101.936331,297.735686,39.885523,95.661645,0,363381.12,6591862.17,199.03,RIGHT,184.8,449,19/10/2025,02:36:50,02:44:19,1986.579315,EX3600,250,22.0,10.0,32,297.735686,101.936331,60.252187,95.661645,39.885523,2234.301978,5992.565932
pattern_23,A1850823_200_WN_2,6216192,4216192,EX012,EX3600BH,DT067,HIT EH5000,A-185-08-23,31.73,160.11,95.69501,95.69501,270.48752,42.862168,68.040754,0,363385.32,6591868.3,199.94,LEFT,160.1,317,19/10/2025,02:44:19,02:49:36,1679.441635,EX3600,250,22.0,10.0,32,270.48752,95.69501,63.889588,68.040754,42.862168,2130.895032,5776.449155
pattern_23,A1850823_200_WN_2,6216193,4216193,EX012,EX3600BH,DT079,HIT EH5000,A-185-08-23,35.58,165.49,105.336796,105.336796,298.098048,46.53995,84.009314,0,363383.35,6591871.87,199.5,STRAIGHT,165.5,459,19/10/2025,02:49:36,02:57:15,1819.094076,EX3600,250,22.0,10.0,32,298.098048,105.336796,62.211987,84.009314,46.53995,1998.588093,5281.321216
pattern_23,A1850823_200_WN_2,6216194,4216194,EX012,EX3600BH,DT009,CAT 793,A-185-08-23,49.25,183.86,115.887589,115.887589,310.916767,46.382792,85.70984,0,363382.11,6591870.81,199.17,STRAIGHT,183.9,480,19/10/2025,02:57:15,03:05:15,1743.99215,EX3600,225,22.0,10.0,32,310.916767,115.887589,62.936546,85.70984,46.382792,2128.896216,5847.055857
pattern_23,A1850823_200_WN_2,6216195,4216195,EX012,EX3600BH,DT009,CAT 793,A-185-08-23,44.88,169.05,122.577839,122.577839,308.563558,43.460421,86.764891,0,363384.09,6591869.43,198.51,LEFT,169.1,434,19/10/2025,03:05:15,03:12:29,1680.847889,EX3600,225,22.0,10.0,32,308.563558,122.577839,55.760406,86.764891,43.460421,1972.309229,5093.218125
pattern_23,A1850823_200_WN_2,6216196,4216196,EX012,EX3600BH,DT024,CAT 793,A-185-08-23,35.62,175.99,119.693739,119.693739,318.727289,39.785906,79.937281,0,363383.37,6591869.99,198.65,STRAIGHT,176.0,480,19/10/2025,03:12:29,03:20:29,1582.452082,EX3600,225,22.0,10.0,32,318.727289,119.693739,79.310362,79.937281,39.785906,1987.774595,5283.667007
pattern_23,A1850823_200_WN_2,6216197,4216197,EX012,EX3600BH,DT036,CAT 793,A-185-08-23,47.27,173.08,118.077336,118.077336,301.638483,41.48254,86.778952,0,363380.74,6591870.05,198.78,LEFT,173.1,520,19/10/2025,03:20:29,03:29:09,1762.814823,EX3600,225,22.0,10.0,32,301.638483,118.077336,55.299656,86.778952,41.48254,2065.664643,5540.4457
pattern_23,A1850823_200_WN_2,6216198,4216198,EX012,EX3600BH,DT035,CAT 793,A-185-08-23,40.68,169.87,112.109335,112.109335,312.082382,47.975058,85.829057,0,363382.92,6591871.48,199.27,STRAIGHT,169.9,496,19/10/2025,03:29:09,03:37:25,1644.886884,EX3600,225,22.0,10.0,32,312.082382,112.109335,66.168932,85.829057,47.975058,1959.46827,5301.540718
pattern_23,A1850823_200_WN_2,6216199,4216199,EX012,EX3600BH,DT040,CAT 793,A-185-08-23,30.59,154.35,111.639206,111.639206,307.477022,44.787215,86.666891,0,363381.65,6591868.03,199.36,LEFT,154.4,402,19/10/2025,03:37:25,03:44:07,1618.660205,EX3600,225,22.0,10.0,32,307.477022,111.639206,64.383711,86.666891,44.787215,1807.199467,4773.602892
pattern_23,A1850823_200_WN_2,6216200,4216200,EX012,EX3600BH,DT052,HIT EH5000,A-185-08-23,39.18,151.4,107.135718,107.135718,308.786384,45.585414,90.5477,0,363383.52,6591868.04,199.48,STRAIGHT,151.4,417,19/10/2025,03:44:07,03:51:04,1501.768607,EX3600,250,22.0,10.0,32,308.786384,107.135718,65.517552,90.5477,45.585414,1765.144945,4844.552172
pattern_23,A1850823_200_WN_2,6216201,4216201,EX012,EX3600BH,DT080,HIT EH5000,A-185-08-23,42.5,157.57,97.915158,97.915158,290.877557,42.466735,93.303794,0,363383.47,6591871.7,199.5,LEFT,157.6,453,19/10/2025,03:51:04,03:58:37,1713.720898,EX3600,250,22.0,10.0,32,290.877557,97.915158,57.19187,93.303794,42.466735,1950.089251,5241.347985
pattern_23,A1850823_200_WN_2,6216202,4216202,EX012,EX3600BH,DT018,CAT 793,A-185-08-23,37.03,155.49,109.653771,109.653771,317.548291,51.023723,88.326831,0,363382.85,6591866.56,199.04,RIGHT,155.5,480,19/10/2025,03:58:37,04:06:37,1436.464979,EX3600,225,22.0,10.0,32,317.548291,109.653771,68.543967,88.326831,51.023723,1762.75996,4815.324991
pattern_23,A1850823_200_WN_2,6216203,4216203,EX012,EX3600BH,DT038,CAT 793,A-185-08-23,39.64,156.5,104.449595,104.449595,307.00062,42.983304,92.113687,0,363382.79,6591869.54,199.46,LEFT,156.5,560,19/10/2025,04:06:37,04:15:57,1499.004255,EX3600,225,22.0,10.0,32,307.00062,104.449595,67.454034,92.113687,42.983304,1835.161777,4747.858346
pattern_23,A1850823_200_WN_2,6216204,4216204,EX012,EX3600BH,DT021,CAT 793,A-185-08-23,36.44,150.21,103.109107,103.109107,296.347427,39.16834,93.583387,0,363383.04,6591869.38,199.35,STRAIGHT,150.2,454,19/10/2025,04:15:57,04:23:31,1428.977696,EX3600,225,22.0,10.0,32,296.347427,103.109107,60.486593,93.583387,39.16834,1824.711124,4824.098534
pattern_23,A1850823_200_WN_2,6216205,4216205,EX012,EX3600BH,DT016,CAT 793,A-185-08-23,52.4,167.15,98.328526,98.328526,286.234833,43.783968,79.38008,0,363381.89,6591877.31,199.29,STRAIGHT,167.2,376,19/10/2025,04:23:31,04:29:47,1898.328987,EX3600,225,22.0,10.0,32,286.234833,98.328526,64.742259,79.38008,43.783968,2102.283183,5848.084421
pattern_23,A1850823_200_WN_2,6216206,4216206,EX012,EX3600BH,DT015,CAT 793,A-185-08-23,31.49,154.5,104.010931,104.010931,306.314746,47.970723,86.914074,0,363384.82,6591877.91,198.55,RIGHT,154.5,457,19/10/2025,04:29:47,04:37:24,1519.304882,EX3600,225,22.0,10.0,32,306.314746,104.010931,67.419018,86.914074,47.970723,1815.742506,4758.926826
pattern_23,A1850823_200_WN_2,6216207,4216207,EX012,EX3600BH,DT006,CAT 793,A-185-08-23,43.54,147.29,92.507917,92.507917,289.223453,43.020516,90.938808,0,363385.36,6591875.03,198.84,STRAIGHT,147.3,444,19/10/2025,04:37:24,04:44:48,1537.869878,EX3600,225,22.0,10.0,32,289.223453,92.507917,62.756212,90.938808,43.020516,1833.397228,5070.271243
pattern_23,A1850823_200_WN_2,6216208,4216208,EX012,EX3600BH,DT026,CAT 793,A-185-08-23,32.8,152.51,93.890559,93.890559,289.905245,43.434064,90.490042,0,363384.91,6591876.0,199.09,LEFT,152.5,425,19/10/2025,04:44:48,04:51:53,1630.230949,EX3600,225,22.0,10.0,32,289.905245,93.890559,62.090581,90.490042,43.434064,1893.796972,5299.391183
pattern_23,A1850823_200_WN_2,6216209,4216209,EX012,EX3600BH,DT014,CAT 793,A-185-08-23,54.08,162.25,100.163363,100.163363,303.465959,47.379286,87.975758,0,363386.19,6591877.65,199.9,RIGHT,162.2,460,19/10/2025,04:51:53,04:59:33,1641.13701,EX3600,225,22.0,10.0,32,303.465959,100.163363,67.947551,87.975758,47.379286,1924.760466,5266.810141
pattern_23,A1850823_200_WN_2,6216210,4216210,EX012,EX3600BH,DT058,HIT EH5000,A-185-08-23,33.03,172.71,101.162885,101.162885,282.874526,40.865922,86.277322,0,363390.26,6591878.55,199.31,LEFT,172.7,429,19/10/2025,04:59:33,05:06:42,1841.97426,EX3600,250,22.0,10.0,32,282.874526,101.162885,54.568396,86.277322,40.865922,2198.013211,6198.397256
pattern_23,A1850823_200_WN_2,6216211,4216211,EX012,EX3600BH,DT006,CAT 793,A-185-08-23,53.0,172.21,89.050823,89.050823,264.680904,38.485281,78.088475,0,363385.04,6591877.96,198.69,STRAIGHT,172.2,378,19/10/2025,05:06:42,05:13:00,1953.12479,EX3600,225,22.0,10.0,32,264.680904,89.050823,59.056325,78.088475,38.485281,2342.260469,6589.119784
pattern_23,A1850823_200_WN_2,6216212,4216212,EX012,EX3600BH,DT034,CAT 793,A-185-08-23,39.88,184.78,112.512026,112.512026,316.178177,42.388939,92.229678,0,363383.59,6591875.79,198.18,RIGHT,184.8,417,19/10/2025,05:13:00,05:19:57,1807.506127,EX3600,225,22.0,10.0,32,316.178177,112.512026,69.047534,92.229678,42.388939,2103.858211,5932.880154
pattern_23,A1850823_200_WN_2,6216213,4216213,EX012,EX3600BH,DT033,CAT 793,A-185-08-23,37.13,158.27,107.611797,107.611797,313.015663,44.220237,87.062833,0,363388.21,6591878.31,199.69,STRAIGHT,158.3,510,19/10/2025,05:19:57,05:28:27,1527.17574,EX3600,225,22.0,10.0,32,313.015663,107.611797,74.120795,87.062833,44.220237,1820.25319,5052.437593
pattern_23,A1850823_200_WN_2,6216214,4216214,EX012,EX3600BH,DT038,CAT 793,A-185-08-23,42.2,174.4,103.986956,103.986956,309.567227,46.364894,99.136545,0,363382.35,6591876.15,198.49,LEFT,174.4,437,19/10/2025,05:28:27,05:35:44,1750.252302,EX3600,225,22.0,10.0,32,309.567227,103.986956,60.078832,99.136545,46.364894,2028.171631,5624.15345
pattern_23,A1850823_200_WN_2,6216215,4216215,EX012,EX3600BH,DT011,CAT 793,A-185-08-23,52.3,159.29,119.076677,119.076677,323.126493,41.538214,92.150846,0,363381.79,6591878.31,198.93,LEFT,159.3,527,19/10/2025,05:35:44,05:44:31,1499.190258,EX3600,225,22.0,10.0,32,323.126493,119.076677,70.360756,92.150846,41.538214,1774.662351,5004.54783
pattern_23,A1850823_200_WN_2,6216216,4216216,EX012,EX3600BH,DT028,CAT 793,A-185-08-23,44.24,155.94,93.280968,93.280968,290.46617,46.083006,78.400968,0,363382.54,6591873.9,199.63,RIGHT,155.9,389,19/10/2025,05:44:31,05:51:00,1554.683057,EX3600,225,22.0,10.0,32,290.46617,93.280968,72.701228,78.400968,46.083006,1932.738256,5251.333431
pattern_23,A1850823_200_WN_2,6216217,4216217,EX012,EX3600BH,DT036,CAT 793,A-185-08-23,51.18,153.55,97.456381,97.456381,274.88789,42.586355,72.360892,0,363383.19,6591879.72,198.36,STRAIGHT,153.5,420,19/10/2025,05:51:00,05:58:00,1837.983634,EX3600,225,22.0,10.0,32,274.88789,97.456381,62.484262,72.360892,42.586355,2010.894728,5587.608573
pattern_23,A1850823_200_WN_1,6216218,4216218,EX012,EX3600BH,DT015,CAT 793,A-185-08-23,37.17,170.15,108.171583,108.171583,301.760407,43.889208,86.526923,0,363383.08,6591881.37,199.59,LEFT,170.2,466,19/10/2025,05:58:00,06:05:46,1664.310408,EX3600,225,22.0,10.0,32,301.760407,108.171583,63.172694,86.526923,43.889208,2029.918178,5494.581572
pattern_23,A1850823_200_WN_1,6216219,4216219,EX012,EX3600BH,DT059,HIT EH5000,A-185-08-23,34.13,174.95,115.850415,115.850415,300.682878,41.94412,87.698343,0,363384.4,6591886.99,199.3,LEFT,175.0,453,19/10/2025,06:05:46,06:13:19,1631.635883,EX3600,250,22.0,10.0,32,300.682878,115.850415,55.190001,87.698343,41.94412,2094.633412,5628.34444
pattern_23,A1850823_200_WN_1,6216220,4216220,EX012,EX3600BH,DT005,CAT 793,A-185-08-23,59.12,184.3,110.292735,110.292735,312.726945,43.12224,94.257767,0,363388.51,6591884.15,199.38,LEFT,184.3,477,19/10/2025,06:13:19,06:21:16,1705.569653,EX3600,225,22.0,10.0,32,312.726945,110.292735,65.054203,94.257767,43.12224,2121.635308,5716.965624
pattern_23,A1850823_200_WN_1,6216221,4216221,EX012,EX3600BH,DT009,CAT 793,A-185-08-23,40.16,199.46,120.245215,120.245215,313.368313,40.383818,82.193048,0,363386.68,6591885.47,198.94,RIGHT,199.5,529,19/10/2025,06:21:16,06:30:05,1954.774208,EX3600,225,22.0,10.0,32,313.368313,120.245215,70.546232,82.193048,40.383818,2291.377012,6353.03213
pattern_23,A1850823_200_WN_1,6216222,4216222,EX012,EX3600BH,DT007,CAT 793,A-185-08-23,55.34,194.94,118.074733,118.074733,317.898351,37.990581,93.917414,0,363386.39,6591886.11,199.27,STRAIGHT,194.9,457,19/10/2025,06:30:05,06:37:42,1764.63364,EX3600,225,22.0,10.0,32,317.898351,118.074733,67.915623,93.917414,37.990581,2207.548968,6211.938559
pattern_23,A1850823_200_WN_1,6216223,4216223,EX012,EX3600BH,DT025,CAT 793,A-185-08-23,42.06,193.8,114.429587,114.429587,306.116951,50.359972,77.363371,0,363385.76,6591888.2,198.33,RIGHT,193.8,523,19/10/2025,06:37:42,06:46:25,1871.175448,EX3600,225,22.0,10.0,32,306.116951,114.429587,63.964021,77.363371,50.359972,2279.146771,6340.564004
pattern_23,A1850823_200_WN_1,6216224,4216224,EX012,EX3600BH,DT045,CAT 793,A-185-08-23,50.93,157.68,93.043801,93.043801,271.487409,45.734913,78.118945,0,363385.61,6591883.49,199.13,STRAIGHT,157.7,397,19/10/2025,06:46:25,06:53:02,1655.296006,EX3600,225,22.0,10.0,32,271.487409,93.043801,54.589749,78.118945,45.734913,2090.85069,5896.198946
pattern_23,A1850823_200_WN_1,6216225,4216225,EX012,EX3600BH,DT023,CAT 793,A-185-08-23,32.51,149.99,77.546521,77.546521,274.423911,50.201061,87.830897,0,363387.55,6591886.44,198.52,LEFT,150.0,440,19/10/2025,06:53:02,07:00:22,1646.453285,EX3600,225,22.0,10.0,32,274.423911,77.546521,58.845431,87.830897,50.201061,1967.613497,5546.072632
pattern_23,A1850823_200_WN_1,6216226,4216226,EX012,EX3600BH,DT024,CAT 793,A-185-08-23,33.36,146.03,97.587826,97.587826,295.012701,36.058719,91.063011,0,363387.15,6591884.73,198.65,LEFT,146.0,398,19/10/2025,07:00:22,07:07:00,1578.922086,EX3600,225,22.0,10.0,32,295.012701,97.587826,70.303144,91.063011,36.058719,1781.990932,5025.21443
pattern_23,A1850823_200_WN_1,6216227,4216227,EX012,EX3600BH,DT005,CAT 793,A-185-08-23,27.78,151.68,105.468961,105.468961,290.549511,44.12364,84.356927,0,363383.04,6591884.01,199.11,STRAIGHT,151.7,439,19/10/2025,07:07:00,07:14:19,1619.9076,EX3600,225,22.0,10.0,32,290.549511,105.468961,56.599982,84.356927,44.12364,1879.352726,5127.756429
pattern_23,A1850823_200_WN_1,6216228,4216228,EX012,EX3600BH,DT036,CAT 793,A-185-08-23,33.7,158.76,90.442568,90.442568,281.697369,41.205527,94.143789,0,363389.39,6591887.97,199.56,STRAIGHT,158.8,429,19/10/2025,07:14:19,07:21:28,1684.218656,EX3600,225,22.0,10.0,32,281.697369,90.442568,55.905485,94.143789,41.205527,2028.908838,5582.505581
pattern_23,A1850823_200_WN_1,6216229,4216229,EX012,EX3600BH,DT084,HIT EH5000,A-185-08-23,32.37,156.27,90.467246,90.467246,256.695557,44.825249,75.615198,0,363387.83,6591882.22,198.75,STRAIGHT,156.3,403,19/10/2025,07:21:28,07:28:11,2036.558729,EX3600,250,22.0,10.0,32,256.695557,90.467246,45.787864,75.615198,44.825249,2191.530644,6101.54496
pattern_23,A1850823_200_WN_2,6216230,4216230,EX012,EX3600BH,DT013,CAT 793,A-185-08-23,53.52,160.57,84.375066,84.375066,276.750826,48.67716,77.574324,0,363388.12,6591855.94,199.62,RIGHT,160.6,453,19/10/2025,07:28:11,07:35:44,1719.356563,EX3600,225,22.0,10.0,32,276.750826,84.375066,66.124276,77.574324,48.67716,2088.685814,5686.864069
pattern_23,A1850823_200_WN_2,6216231,4216231,EX012,EX3600BH,DT048,HIT EH5000,A-185-08-23,32.73,159.09,95.538393,95.538393,298.744941,42.387147,94.357255,0,363386.64,6591857.23,198.92,STRAIGHT,159.1,488,19/10/2025,07:35:44,07:43:52,1706.54027,EX3600,250,22.0,10.0,32,298.744941,95.538393,66.462146,94.357255,42.387147,1917.117294,4976.877238
pattern_23,A1850823_200_WN_2,6216232,4216232,EX012,EX3600BH,DT052,HIT EH5000,A-185-08-23,48.62,171.96,104.073758,104.073758,288.943625,43.946498,79.284293,0,363384.54,6591855.46,198.44,RIGHT,172.0,470,19/10/2025,07:43:52,07:51:42,1825.780672,EX3600,250,22.0,10.0,32,288.943625,104.073758,61.639076,79.284293,43.946498,2142.441831,5872.549798
pattern_23,A1850823_200_WN_2,6216233,4216233,EX012,EX3600BH,DT009,CAT 793,A-185-08-23,57.27,171.81,82.783208,82.783208,274.821331,32.399681,92.802483,0,363388.89,6591855.19,198.29,LEFT,171.8,383,19/10/2025,07:51:42,07:58:05,1996.446989,EX3600,225,22.0,10.0,32,274.821331,82.783208,66.835958,92.802483,32.399681,2250.600313,6346.692882
pattern_23,A1850823_200_WN_2,6216234,4216234,EX012,EX3600BH,DT009,CAT 793,A-185-08-23,43.91,167.62,87.496343,87.496343,290.405126,48.587015,87.483329,0,363383.12,6591854.8,199.45,RIGHT,167.6,432,19/10/2025,07:58:05,08:05:17,1725.009446,EX3600,225,22.0,10.0,32,290.405126,87.496343,66.838439,87.483329,48.587015,2077.923348,5859.743841
pattern_23,A1850823_200_WN_2,6216235,4216235,EX012,EX3600BH,DT001,CAT 793,A-185-08-23,27.52,149.69,99.036078,99.036078,282.556472,40.273032,80.208712,0,363391.19,6591855.27,198.22,RIGHT,149.7,356,19/10/2025,08:05:17,08:11:13,1510.580306,EX3600,225,22.0,10.0,32,282.556472,99.036078,63.038649,80.208712,40.273032,1907.15139,5378.166919
pattern_23,A1850823_200_WN_2,6216236,4216236,EX012,EX3600BH,DT051,HIT EH5000,A-185-08-23,49.49,172.06,81.149898,81.149898,277.508488,46.193467,82.55416,0,363387.03,6591855.53,199.3,STRAIGHT,172.1,448,19/10/2025,08:11:13,08:18:41,1906.780428,EX3600,250,22.0,10.0,32,277.508488,81.149898,67.610964,82.55416,46.193467,2232.048443,6266.431189
pattern_23,A1850823_200_WN_2,6216237,4216237,EX012,EX3600BH,DT018,CAT 793,A-185-08-23,44.1,175.68,87.773566,87.773566,280.565845,49.581798,88.111148,0,363383.88,6591855.2,198.6,LEFT,175.7,354,19/10/2025,08:18:41,08:24:35,1886.588689,EX3600,225,22.0,10.0,32,280.565845,87.773566,55.099333,88.111148,49.581798,2254.177939,6356.781789
pattern_23,A1850823_200_WN_2,6216238,4216238,EX012,EX3600BH,DT033,CAT 793,A-185-08-23,37.41,157.73,83.363647,83.363647,268.387833,43.442934,81.627747,0,363387.6,6591857.56,199.4,RIGHT,157.7,376,19/10/2025,08:24:35,08:30:51,1806.566072,EX3600,225,22.0,10.0,32,268.387833,83.363647,59.953505,81.627747,43.442934,2115.742592,5966.394108
pattern_23,A1850823_200_WN_2,6216239,4216239,EX012,EX3600BH,DT005,CAT 793,A-185-08-23,36.26,149.43,92.229214,92.229214,279.686868,41.182697,86.046556,0,363389.33,6591856.4,198.9,LEFT,149.4,393,19/10/2025,08:30:51,08:37:24,1540.967824,EX3600,225,22.0,10.0,32,279.686868,92.229214,60.228402,86.046556,41.182697,1923.432974,5424.080986
pattern_23,A1850823_200_WN_2,6216240,4216240,EX012,EX3600BH,DT044,CAT 793,A-185-08-23,45.33,156.08,100.346208,100.346208,294.844496,43.614498,86.526624,0,363385.96,6591855.18,198.26,RIGHT,156.1,451,19/10/2025,08:37:24,08:44:55,1628.649231,EX3600,225,22.0,10.0,32,294.844496,100.346208,64.357166,86.526624,43.614498,1905.743995,5374.198066
pattern_23,A1850823_200_WN_2,6216241,4216241,EX012,EX3600BH,DT084,HIT EH5000,A-185-08-23,44.14,167.55,99.680338,99.680338,287.751547,36.000173,74.127566,0,363389.23,6591855.55,199.63,LEFT,167.6,432,19/10/2025,08:44:55,08:52:07,1785.571791,EX3600,250,22.0,10.0,32,287.751547,99.680338,77.943471,74.127566,36.000173,2096.213796,5911.322904
pattern_23,A1850823_200_WN_3,6216242,4216242,EX012,EX3600BH,DT029,CAT 793,A-185-08-23,33.77,168.13,116.437667,116.437667,306.532105,42.978175,80.839163,0,363388.69,6591863.97,199.12,RIGHT,168.1,453,19/10/2025,08:52:07,08:59:40,1640.336039,EX3600,225,22.0,10.0,32,306.532105,116.437667,66.2771,80.839163,42.978175,1974.59412,5464.9351
pattern_23,A1850823_200_WN_3,6216243,4216243,EX012,EX3600BH,DT032,CAT 793,A-185-08-23,59.49,178.47,90.164911,90.164911,286.078918,47.432931,93.877243,0,363391.35,6591862.35,199.22,RIGHT,178.5,524,19/10/2025,08:59:40,09:08:24,2012.262558,EX3600,225,22.0,10.0,32,286.078918,90.164911,54.603833,93.877243,47.432931,2245.798969,6200.253594
pattern_23,A1850823_200_WN_3,6216244,4216244,EX012,EX3600BH,DT074,HIT EH5000,A-185-08-23,37.51,182.97,100.239333,100.239333,288.389626,42.903252,91.084443,0,363385.9,6591867.61,198.73,LEFT,183.0,545,19/10/2025,09:08:24,09:17:29,1918.788852,EX3600,250,22.0,10.0,32,288.389626,100.239333,54.162598,91.084443,42.903252,2284.055627,6409.696793
pattern_23,A1850823_200_WN_3,6216245,4216245,EX012,EX3600BH,DT046,CAT 793,A-185-08-23,46.92,169.19,100.726139,100.726139,298.764143,54.152093,82.221517,0,363385.37,6591861.69,198.51,LEFT,169.2,487,19/10/2025,09:17:29,09:25:36,1589.669741,EX3600,225,22.0,10.0,32,298.764143,100.726139,61.664394,82.221517,54.152093,2038.711148,5673.707011
pattern_23,A1850823_200_WN_3,6216246,4216246,EX012,EX3600BH,DT026,CAT 793,A-185-08-23,36.6,169.1,98.46533,98.46533,288.939671,54.613223,85.298949,0,363388.55,6591863.97,198.28,RIGHT,169.1,459,19/10/2025,09:25:36,09:33:15,1823.12843,EX3600,225,22.0,10.0,32,288.939671,98.46533,50.562169,85.298949,54.613223,2106.889297,5835.569717
pattern_23,A1850823_200_WN_3,6216247,4216247,EX012,EX3600BH,DT028,CAT 793,A-185-08-23,46.9,157.21,112.715712,112.715712,312.774509,49.99275,82.979495,0,363386.6,6591864.97,199.04,LEFT,157.2,437,19/10/2025,09:33:15,09:40:32,1474.444955,EX3600,225,22.0,10.0,32,312.774509,112.715712,67.086552,82.979495,49.99275,1809.452349,4853.411181
pattern_23,A1850823_200_WN_3,6216248,4216248,EX012,EX3600BH,DT006,CAT 793,A-185-08-23,42.43,151.41,109.685336,109.685336,298.540904,45.789965,86.436544,0,363386.48,6591861.25,199.48,STRAIGHT,151.4,465,19/10/2025,09:40:32,09:48:17,1525.241727,EX3600,225,22.0,10.0,32,298.540904,109.685336,56.629058,86.436544,45.789965,1825.761089,4947.100966
pattern_23,A1850823_200_WN_3,6216249,4216249,EX012,EX3600BH,DT073,HIT EH5000,A-185-08-23,49.53,158.89,112.73752,112.73752,302.67249,46.032182,79.583896,0,363386.72,6591865.08,199.23,LEFT,158.9,449,19/10/2025,09:48:17,09:55:46,1570.700208,EX3600,250,22.0,10.0,32,302.67249,112.73752,64.318891,79.583896,46.032182,1889.820217,5317.667603
pattern_23,A1850823_200_WN_3,6216250,4216250,EX012,EX3600BH,DT025,CAT 793,A-185-08-23,55.78,180.57,118.216876,118.216876,314.273513,39.734069,89.885244,0,363385.09,6591866.25,198.68,STRAIGHT,180.6,394,19/10/2025,09:55:46,10:02:20,1752.006924,EX3600,225,22.0,10.0,32,314.273513,118.216876,66.437325,89.885244,39.734069,2068.480628,5661.750852
pattern_23,A1850823_200_WN_3,6216251,4216251,EX012,EX3600BH,DT056,HIT EH5000,A-185-08-23,55.6,187.4,114.053044,114.053044,303.830578,40.593783,81.394287,0,363389.32,6591867.51,198.43,RIGHT,187.4,434,19/10/2025,10:02:20,10:09:34,1807.735828,EX3600,250,22.0,10.0,32,303.830578,114.053044,67.789465,81.394287,40.593783,2220.438756,5777.429573
pattern_23,A1850823_200_WN_3,6216252,4216252,EX012,EX3600BH,DT023,CAT 793,A-185-08-23,27.36,164.15,113.191972,113.191972,323.049287,49.166065,90.141016,0,363389.97,6591862.04,198.92,STRAIGHT,164.2,506,19/10/2025,10:09:34,10:18:00,1534.816022,EX3600,225,22.0,10.0,32,323.049287,113.191972,70.550234,90.141016,49.166065,1829.266226,5158.530758
pattern_23,A1850823_200_WN_3,6216253,4216253,EX012,EX3600BH,DT013,CAT 793,A-185-08-23,37.54,165.42,112.320458,112.320458,299.220457,49.2479,81.544462,0,363391.28,6591865.2,198.3,STRAIGHT,165.4,498,19/10/2025,10:18:00,10:26:18,1783.275875,EX3600,225,22.0,10.0,32,299.220457,112.320458,56.107637,81.544462,49.2479,1990.222115,5365.541517
pattern_23,A1850823_200_WN_3,6216254,4216254,EX012,EX3600BH,DT040,CAT 793,A-185-08-23,51.99,155.97,93.372401,93.372401,263.94757,37.469963,84.314184,0,363388.7,6591866.3,199.94,RIGHT,156.0,470,19/10/2025,10:26:18,10:34:08,1569.451682,EX3600,225,22.0,10.0,32,263.94757,93.372401,48.791021,84.314184,37.469963,2127.297015,5535.509372
pattern_23,A1850823_200_WN_2,6216255,4216255,EX012,EX3600BH,DT016,CAT 793,A-185-08-23,31.09,160.59,114.035467,114.035467,301.664865,38.440557,92.866905,0,363391.81,6591869.11,199.11,STRAIGHT,160.6,333,19/10/2025,10:34:08,10:39:41,1663.781294,EX3600,225,22.0,10.0,32,301.664865,114.035467,56.321935,92.866905,38.440557,1916.461585,5158.238377
pattern_23,A1850823_200_WN_2,6216256,4216256,EX012,EX3600BH,DT014,CAT 793,A-185-08-23,42.68,158.77,95.752217,95.752217,285.323541,42.375725,91.090947,0,363390.45,6591871.49,198.64,RIGHT,158.8,464,19/10/2025,10:39:41,10:47:25,1696.503354,EX3600,225,22.0,10.0,32,285.323541,95.752217,56.104651,91.090947,42.375725,2003.20028,5461.683723
pattern_23,A1850823_200_WN_2,6216257,4216257,EX012,EX3600BH,DT004,CAT 793,A-185-08-23,35.8,144.43,97.527202,97.527202,280.264416,42.32859,86.586627,0,363388.19,6591873.72,199.27,RIGHT,144.4,366,19/10/2025,10:47:25,10:53:31,1526.905223,EX3600,225,22.0,10.0,32,280.264416,97.527202,53.821998,86.586627,42.32859,1855.240087,4894.227784
pattern_23,A1850823_200_WN_2,6216258,4216258,EX012,EX3600BH,DT012,CAT 793,A-185-08-23,38.79,147.84,94.526429,94.526429,262.712562,39.039208,72.152213,0,363391.49,6591870.37,198.59,STRAIGHT,147.8,419,19/10/2025,10:53:31,11:00:30,1596.480958,EX3600,225,22.0,10.0,32,262.712562,94.526429,56.994712,72.152213,39.039208,2025.860699,5608.849932
pattern_23,A1850823_200_WN_2,6216259,4216259,EX012,EX3600BH,DT046,CAT 793,A-185-08-23,42.56,160.8,103.841413,103.841413,305.682642,38.916152,84.825548,0,363391.36,6591871.31,199.18,RIGHT,160.8,352,19/10/2025,11:00:30,11:06:22,1644.917016,EX3600,225,22.0,10.0,32,305.682642,103.841413,78.099529,84.825548,38.916152,1893.765545,5279.594493
pattern_23,A1850823_200_WN_2,6216260,4216260,EX012,EX3600BH,DT020,CAT 793,A-185-08-23,41.72,163.67,94.306327,94.306327,280.367919,41.746245,89.501924,0,363392.91,6591871.9,198.43,RIGHT,163.7,419,19/10/2025,11:06:22,11:13:21,1780.378596,EX3600,225,22.0,10.0,32,280.367919,94.306327,54.813423,89.501924,41.746245,2101.597348,5926.50452
pattern_23,A1850823_200_WN_2,6216261,4216261,EX012,EX3600BH,DT010,CAT 793,A-185-08-23,49.43,171.14,82.561693,82.561693,290.974558,45.530628,100.481635,0,363385.95,6591870.61,198.28,STRAIGHT,171.1,433,19/10/2025,11:13:21,11:20:34,1672.324548,EX3600,225,22.0,10.0,32,290.974558,82.561693,62.400601,100.481635,45.530628,2117.340867,5904.985136
pattern_23,A1850823_200_WN_2,6216262,4216262,EX012,EX3600BH,DT020,CAT 793,A-185-08-23,37.22,158.77,95.362683,95.362683,288.208873,44.558927,83.055863,0,363392.02,6591869.72,199.27,LEFT,158.8,460,19/10/2025,11:20:34,11:28:14,1661.835324,EX3600,225,22.0,10.0,32,288.208873,95.362683,65.2314,83.055863,44.558927,1983.20368,5592.634377
pattern_23,A1850823_200_WN_2,6216263,4216263,EX012,EX3600BH,DT087,HIT EH5000,A-185-08-23,31.45,155.92,110.384468,110.384468,311.060062,42.299412,102.33268,0,363391.37,6591872.29,199.31,STRAIGHT,155.9,495,19/10/2025,11:28:14,11:36:29,1402.226873,EX3600,250,22.0,10.0,32,311.060062,110.384468,56.043502,102.33268,42.299412,1804.460838,4976.256574
pattern_23,A1850823_200_WN_2,6216264,4216264,EX012,EX3600BH,DT082,HIT EH5000,A-185-08-23,32.8,168.07,106.611123,106.611123,270.637096,34.157717,73.644058,0,363391.77,6591870.77,199.51,LEFT,168.1,493,19/10/2025,11:36:29,11:44:42,1962.285848,EX3600,250,22.0,10.0,32,270.637096,106.611123,56.224198,73.644058,34.157717,2235.658301,6056.407612
pattern_23,A1850823_200_WN_2,6216265,4216265,EX012,EX3600BH,DT044,CAT 793,A-185-08-23,33.03,164.39,89.414373,89.414373,270.306697,43.724331,81.924672,0,363392.07,6591871.52,198.55,STRAIGHT,164.4,381,19/10/2025,11:44:42,11:51:03,1898.319001,EX3600,225,22.0,10.0,32,270.306697,89.414373,55.243321,81.924672,43.724331,2189.407281,6174.128534
pattern_23,A1850823_200_WN_2,6216266,4216266,EX012,EX3600BH,DT018,CAT 793,A-185-08-23,28.94,162.23,95.043518,95.043518,279.507686,47.133044,81.612994,0,363390.19,6591869.92,198.76,RIGHT,162.2,467,19/10/2025,11:51:03,11:58:50,1800.931193,EX3600,225,22.0,10.0,32,279.507686,95.043518,55.718131,81.612994,47.133044,2089.538783,5892.499368
pattern_23,A1850823_200_WN_2,6216267,4216267,EX012,EX3600BH,DT032,CAT 793,A-185-08-23,47.85,176.29,84.991538,84.991538,287.007804,45.252228,93.774669,0,363396.19,6591880.31,198.01,RIGHT,176.3,471,19/10/2025,11:58:50,12:06:41,1881.828422,EX3600,225,22.0,10.0,32,287.007804,84.991538,62.98937,93.774669,45.252228,2211.223901,6204.144021
pattern_23,A1850823_200_WN_2,6216268,4216268,EX012,EX3600BH,DT025,CAT 793,A-185-08-23,50.59,169.45,112.630397,112.630397,296.305888,43.808348,81.320502,0,363394.3,6591880.19,199.04,RIGHT,169.5,456,19/10/2025,12:06:41,12:14:17,1733.908884,EX3600,225,22.0,10.0,32,296.305888,112.630397,58.546642,81.320502,43.808348,2058.770496,5559.861492
pattern_23,A1850823_200_WN_2,6216269,4216269,EX012,EX3600BH,DT020,CAT 793,A-185-08-23,44.11,176.89,112.973302,112.973302,299.566366,41.575548,88.598992,0,363391.86,6591875.69,199.13,LEFT,176.9,480,19/10/2025,12:14:17,12:22:17,1773.308421,EX3600,225,22.0,10.0,32,299.566366,112.973302,56.418524,88.598992,41.575548,2125.74012,5935.965799
pattern_23,A1850823_200_WN_2,6216270,4216270,EX012,EX3600BH,DT065,HIT EH5000,A-185-08-23,36.45,180.28,111.989769,111.989769,321.032169,45.856649,95.395302,0,363392.36,6591880.68,199.19,RIGHT,180.3,569,19/10/2025,12:22:17,12:31:46,1712.436215,EX3600,250,22.0,10.0,32,321.032169,111.989769,67.790449,95.395302,45.856649,2021.648507,5529.731368
pattern_23,A1850823_200_WN_2,6216271,4216271,EX012,EX3600BH,DT034,CAT 793,A-185-08-23,60.98,182.95,102.637903,102.637903,309.705499,51.470673,85.317956,0,363393.29,6591880.21,197.97,LEFT,182.9,489,19/10/2025,12:31:46,12:39:55,1806.21708,EX3600,225,22.0,10.0,32,309.705499,102.637903,70.278967,85.317956,51.470673,2126.574017,5996.938729
pattern_23,A1850823_200_WN_2,6216272,4216272,EX012,EX3600BH,DT005,CAT 793,A-185-08-23,47.44,167.71,106.894161,106.894161,293.006559,48.141793,76.702647,0,363390.55,6591878.84,199.62,STRAIGHT,167.7,417,19/10/2025,12:39:55,12:46:52,1790.122528,EX3600,225,22.0,10.0,32,293.006559,106.894161,61.267959,76.702647,48.141793,2060.497686,5801.927957
pattern_23,A1850823_200_WN_2,6216273,4216273,EX012,EX3600BH,DT002,CAT 793,A-185-08-23,29.9,161.97,107.480423,107.480423,298.92629,44.579359,84.99971,0,363394.24,6591881.03,199.01,LEFT,162.0,481,19/10/2025,12:46:52,12:54:53,1588.629231,EX3600,225,22.0,10.0,32,298.92629,107.480423,61.866798,84.99971,44.579359,1950.662448,5173.95775
pattern_23,A1850823_200_WN_2,6216274,4216274,EX012,EX3600BH,DT002,CAT 793,A-185-08-23,37.33,148.5,90.355658,90.355658,263.439493,44.397367,68.310641,0,363393.14,6591882.51,198.73,LEFT,148.5,395,19/10/2025,12:54:53,13:01:28,1701.186041,EX3600,225,22.0,10.0,32,263.439493,90.355658,60.375827,68.310641,44.397367,2029.281637,5652.643835
pattern_23,A1850823_200_WN_2,6216275,4216275,EX012,EX3600BH,DT017,CAT 793,A-185-08-23,35.34,156.0,88.616186,88.616186,297.266033,50.268766,92.918136,0,363389.03,6591877.65,198.84,RIGHT,156.0,433,19/10/2025,13:01:28,13:08:41,1621.166104,EX3600,225,22.0,10.0,32,297.266033,88.616186,65.462944,92.918136,50.268766,1889.199577,5190.988011
pattern_23,A1850823_200_WN_2,6216276,4216276,EX012,EX3600BH,DT030,CAT 793,A-185-08-23,45.57,161.6,108.927591,108.927591,300.734384,41.145267,80.534452,0,363393.5,6591877.42,198.81,RIGHT,161.6,468,19/10/2025,13:08:41,13:16:29,1618.215226,EX3600,225,22.0,10.0,32,300.734384,108.927591,70.127074,80.534452,41.145267,1934.483565,5282.408923
pattern_23,A1850823_200_WN_2,6216277,4216277,EX012,EX3600BH,DT053,HIT EH5000,A-185-08-23,43.85,162.49,105.158375,105.158375,295.686896,47.690681,76.951689,0,363392.11,6591879.08,199.12,STRAIGHT,162.5,426,19/10/2025,13:16:29,13:23:35,1585.636412,EX3600,250,22.0,10.0,32,295.686896,105.158375,65.886151,76.951689,47.690681,1978.295245,5540.798073
pattern_23,A1850823_200_WN_2,6216278,4216278,EX012,EX3600BH,DT024,CAT 793,A-185-08-23,50.17,176.07,107.25024,107.25024,307.734535,43.595957,85.452805,0,363394.13,6591875.76,198.28,RIGHT,176.1,442,19/10/2025,13:23:35,13:30:57,1597.608926,EX3600,225,22.0,10.0,32,307.734535,107.25024,71.435533,85.452805,43.595957,2059.746884,5626.58422
pattern_23,A1850823_200_WN_1,6216279,4216279,EX012,EX3600BH,DT033,CAT 793,A-185-08-23,33.37,152.37,87.082013,87.082013,268.22158,40.97059,81.883781,0,363397.6,6591888.43,198.94,RIGHT,152.4,383,19/10/2025,13:30:57,13:37:20,1723.216522,EX3600,225,22.0,10.0,32,268.22158,87.082013,58.285196,81.883781,40.97059,2045.025334,5766.971442
pattern_23,A1850823_200_WN_1,6216280,4216280,EX012,EX3600BH,DT046,CAT 793,A-185-08-23,38.77,159.46,91.975083,91.975083,270.398117,39.167569,80.885919,0,363397.69,6591891.62,199.84,RIGHT,159.5,428,19/10/2025,13:37:20,13:44:28,1754.910297,EX3600,225,22.0,10.0,32,270.398117,91.975083,58.369546,80.885919,39.167569,2122.937194,5823.745515
pattern_23,A1850823_200_WN_1,6216281,4216281,EX012,EX3600BH,DT025,CAT 793,A-185-08-23,42.87,177.76,90.786037,90.786037,270.807075,44.386031,77.208922,0,363394.7,6591890.47,198.24,STRAIGHT,177.8,451,19/10/2025,13:44:28,13:51:59,1838.628888,EX3600,225,22.0,10.0,32,270.807075,90.786037,58.426085,77.208922,44.386031,2363.112976,6563.136819
pattern_23,A1850823_200_WN_1,6216282,4216282,EX012,EX3600BH,DT019,CAT 793,A-185-08-23,34.19,166.67,93.263995,93.263995,280.539925,41.545311,89.02369,0,363398.72,6591888.68,198.65,LEFT,166.7,414,19/10/2025,13:51:59,13:58:53,1849.885212,EX3600,225,22.0,10.0,32,280.539925,93.263995,56.706929,89.02369,41.545311,2138.783226,5938.343414
pattern_23,A1850823_200_WN_1,6216283,4216283,EX012,EX3600BH,DT024,CAT 793,A-185-08-23,43.25,176.7,104.516143,104.516143,298.582398,53.073756,80.226824,0,363394.39,6591888.81,199.22,RIGHT,176.7,436,19/10/2025,13:58:53,14:06:09,1708.478475,EX3600,225,22.0,10.0,32,298.582398,104.516143,60.765675,80.226824,53.073756,2130.520455,6008.067682
pattern_23,A1850823_200_WN_1,6216284,4216284,EX012,EX3600BH,DT009,CAT 793,A-185-08-23,52.28,156.84,109.165201,109.165201,307.10721,47.844913,88.169538,0,363396.27,6591888.02,199.45,STRAIGHT,156.8,429,19/10/2025,14:06:09,14:13:18,1493.183719,EX3600,225,22.0,10.0,32,307.10721,109.165201,61.927559,88.169538,47.844913,1838.503616,5162.884977
pattern_23,A1850823_200_WN_1,6216285,4216285,EX012,EX3600BH,DT087,HIT EH5000,A-185-08-23,50.2,171.01,94.556787,94.556787,279.902712,41.781503,83.607592,0,363392.92,6591885.94,198.8,STRAIGHT,171.0,402,19/10/2025,14:13:18,14:20:00,1868.421818,EX3600,250,22.0,10.0,32,279.902712,94.556787,59.95683,83.607592,41.781503,2199.469647,6202.504405
pattern_23,A1850823_200_WN_1,6216286,4216286,EX012,EX3600BH,DT047,HIT EH5000,A-185-08-23,55.58,174.61,90.38262,90.38262,269.39317,46.316792,77.461644,0,363396.23,6591883.5,198.51,RIGHT,174.6,394,19/10/2025,14:20:00,14:26:34,1932.018762,EX3600,250,22.0,10.0,32,269.39317,90.38262,55.232114,77.461644,46.316792,2333.362136,6580.081225
pattern_23,A1850823_200_WN_1,6216287,4216287,EX012,EX3600BH,DT023,CAT 793,A-185-08-23,40.2,182.43,85.364861,85.364861,273.102485,49.347532,76.353698,0,363391.79,6591886.5,199.31,STRAIGHT,182.4,474,19/10/2025,14:26:34,14:34:28,2121.11284,EX3600,225,22.0,10.0,32,273.102485,85.364861,62.036394,76.353698,49.347532,2404.706206,6781.271501
pattern_23,A1850823_200_WN_1,6216288,4216288,EX012,EX3600BH,DT003,CAT 793,A-185-08-23,49.46,165.56,88.770143,88.770143,286.410949,43.372908,92.27646,0,363395.41,6591888.85,199.25,STRAIGHT,165.6,513,19/10/2025,14:34:28,14:43:01,1792.240601,EX3600,225,22.0,10.0,32,286.410949,88.770143,61.991438,92.27646,43.372908,2080.953891,5788.785014
pattern_23,A1850823_200_WN_1,6216289,4216289,EX012,EX3600BH,DT029,CAT 793,A-185-08-23,38.19,166.22,91.702586,91.702586,290.388489,41.726371,98.374463,0,363394.83,6591889.35,199.87,LEFT,166.2,524,19/10/2025,14:43:01,14:51:45,1734.683403,EX3600,225,22.0,10.0,32,290.388489,91.702586,58.585069,98.374463,41.726371,2060.649994,5811.032983
pattern_23,A1850823_200_WN_1,6216290,4216290,EX012,EX3600BH,DT089,HIT EH5000,A-185-08-23,38.92,185.83,103.124328,103.124328,283.16745,33.687564,82.234189,0,363395.74,6591890.47,199.6,STRAIGHT,185.8,468,19/10/2025,14:51:45,14:59:33,2066.723203,EX3600,250,22.0,10.0,32,283.16745,103.124328,64.12137,82.234189,33.687564,2362.56616,6145.902319
pattern_23,A1850823_200_WN_2,6216291,4216291,EX012,EX3600BH,DT067,HIT EH5000,A-185-08-23,39.51,178.9,87.064674,87.064674,286.888101,44.085397,84.437263,0,363392.4,6591857.79,198.45,STRAIGHT,178.9,405,19/10/2025,14:59:33,15:06:18,1928.040745,EX3600,250,22.0,10.0,32,286.888101,87.064674,71.300767,84.437263,44.085397,2244.917211,6252.237685
pattern_23,A1850823_200_WN_2,6216292,4216292,EX012,EX3600BH,DT038,CAT 793,A-185-08-23,40.06,166.56,106.239513,106.239513,278.694543,44.259694,76.928722,0,363391.97,6591851.98,199.77,LEFT,166.6,534,19/10/2025,15:06:18,15:15:12,1850.447348,EX3600,225,22.0,10.0,32,278.694543,106.239513,51.266615,76.928722,44.259694,2151.526126,5795.1612
pattern_23,A1850823_200_WN_2,6216293,4216293,EX012,EX3600BH,DT043,CAT 793,A-185-08-23,43.03,157.33,110.499273,110.499273,289.100487,46.635346,71.009224,0,363393.49,6591859.99,199.26,LEFT,157.3,368,19/10/2025,15:15:12,15:21:20,1802.152485,EX3600,225,22.0,10.0,32,289.100487,110.499273,60.956643,71.009224,46.635346,1959.088325,5466.884891
pattern_23,A1850823_200_WN_2,6216294,4216294,EX012,EX3600BH,DT020,CAT 793,A-185-08-23,45.1,174.28,99.097544,99.097544,297.986898,49.255558,93.776338,0,363394.54,6591858.9,199.49,STRAIGHT,174.3,439,19/10/2025,15:21:20,15:28:39,1693.189217,EX3600,225,22.0,10.0,32,297.986898,99.097544,55.857458,93.776338,49.255558,2105.507469,5937.531062
pattern_23,A1850823_200_WN_2,6216295,4216295,EX012,EX3600BH,DT063,HIT EH5000,A-185-08-23,49.42,159.09,96.974865,96.974865,293.241197,39.978771,84.446649,0,363394.38,6591860.79,198.74,STRAIGHT,159.1,474,19/10/2025,15:28:39,15:36:33,1668.450016,EX3600,250,22.0,10.0,32,293.241197,96.974865,71.840912,84.446649,39.978771,1953.097296,5507.734375
pattern_23,A1850823_200_WN_2,6216296,4216296,EX012,EX3600BH,DT012,CAT 793,A-185-08-23,39.94,137.38,114.306702,114.306702,326.945174,57.675047,88.017332,0,363396.34,6591858.95,199.55,RIGHT,137.4,474,19/10/2025,15:36:33,15:44:27,1168.527717,EX3600,225,22.0,10.0,32,326.945174,114.306702,66.946094,88.017332,57.675047,1512.659787,4237.506287
pattern_23,A1850823_200_WN_2,6216297,4216297,EX012,EX3600BH,DT071,HIT EH5000,A-185-08-23,31.13,152.33,102.040708,102.040708,315.702423,42.988579,99.21797,0,363391.88,6591861.0,198.58,LEFT,152.3,551,19/10/2025,15:44:27,15:53:38,1502.616767,EX3600,250,22.0,10.0,32,315.702423,102.040708,71.455165,99.21797,42.988579,1737.049662,4898.480048
pattern_23,A1850823_200_WN_2,6216298,4216298,EX012,EX3600BH,DT041,CAT 793,A-185-08-23,48.57,145.72,118.961496,118.961496,319.415468,41.576848,89.852064,0,363395.05,6591856.57,198.29,STRAIGHT,145.7,482,19/10/2025,15:53:38,16:01:40,1385.183512,EX3600,225,22.0,10.0,32,319.415468,118.961496,69.02506,89.852064,41.576848,1642.330817,4529.031003
pattern_23,A1850823_200_WN_2,6216299,4216299,EX012,EX3600BH,DT030,CAT 793,A-185-08-23,35.65,155.99,114.354646,114.354646,307.041778,43.887923,91.802964,0,363394.23,6591864.0,198.0,STRAIGHT,156.0,429,19/10/2025,16:01:40,16:08:49,1371.298943,EX3600,225,22.0,10.0,32,307.041778,114.354646,56.996244,91.802964,43.887923,1828.901158,4936.465569
pattern_23,A1850823_200_WN_2,6216300,4216300,EX012,EX3600BH,DT087,HIT EH5000,A-185-08-23,38.84,161.56,109.463303,109.463303,305.198837,47.95298,81.968748,0,363392.7,6591860.8,199.02,STRAIGHT,161.6,407,19/10/2025,16:08:49,16:15:36,1611.570146,EX3600,250,22.0,10.0,32,305.198837,109.463303,65.813806,81.968748,47.95298,1905.689028,5216.033535
pattern_23,A1850823_200_WN_2,6216301,4216301,EX012,EX3600BH,DT008,CAT 793,A-185-08-23,43.71,170.98,106.649709,106.649709,316.003389,42.720251,98.86234,0,363392.27,6591859.14,199.37,LEFT,171.0,470,19/10/2025,16:15:36,16:23:26,1560.651161,EX3600,225,22.0,10.0,32,316.003389,106.649709,67.77109,98.86234,42.720251,1947.898583,5493.074003
pattern_23,A1850823_200_WN_2,6216302,4216302,EX012,EX3600BH,DT039,CAT 793,A-185-08-23,39.28,162.83,89.351085,89.351085,280.861628,49.339505,82.451809,0,363393.78,6591853.69,198.12,RIGHT,162.8,373,19/10/2025,16:23:26,16:29:39,1813.123642,EX3600,225,22.0,10.0,32,280.861628,89.351085,59.719229,82.451809,49.339505,2087.142729,5647.361408
pattern_23,A1850823_200_WN_2,6216303,4216303,EX012,EX3600BH,DT057,HIT EH5000,A-185-08-23,39.2,163.74,114.031551,114.031551,324.732066,47.784925,95.702283,0,363392.5,6591858.94,198.57,LEFT,163.7,440,19/10/2025,16:29:39,16:36:59,1521.561527,EX3600,250,22.0,10.0,32,324.732066,114.031551,67.213307,95.702283,47.784925,1815.257035,5109.093275
pattern_23,A1850823_200_WN_2,6216304,4216304,EX012,EX3600BH,DT031,CAT 793,A-185-08-23,34.61,149.08,102.68246,102.68246,293.83713,43.32924,85.683385,0,363398.15,6591870.26,198.87,LEFT,149.1,392,19/10/2025,16:36:59,16:43:31,1613.723096,EX3600,225,22.0,10.0,32,293.83713,102.68246,62.142045,85.683385,43.32924,1826.540584,5085.360787
pattern_23,A1850823_200_WN_2,6216305,4216305,EX012,EX3600BH,DT087,HIT EH5000,A-185-08-23,38.03,144.28,103.496116,103.496116,291.205671,46.120281,85.524879,0,363395.05,6591870.37,198.75,RIGHT,144.3,444,19/10/2025,16:43:31,16:50:55,1619.318567,EX3600,250,22.0,10.0,32,291.205671,103.496116,56.064395,85.524879,46.120281,1783.677997,5029.971951
pattern_23,A1850823_200_WN_2,6216306,4216306,EX012,EX3600BH,DT085,HIT EH5000,A-185-08-23,37.29,158.69,99.984497,99.984497,286.812711,52.458139,81.962047,0,363396.87,6591865.55,199.17,LEFT,158.7,391,19/10/2025,16:50:55,16:57:26,1619.703927,EX3600,250,22.0,10.0,32,286.812711,99.984497,52.408027,81.962047,52.458139,1991.84546,5505.683431
pattern_23,A1850823_200_WN_2,6216307,4216307,EX012,EX3600BH,DT040,CAT 793,A-185-08-23,28.31,152.03,104.626778,104.626778,296.224865,46.249491,80.694792,0,363397.2,6591863.73,198.72,LEFT,152.0,365,19/10/2025,16:57:26,17:03:31,1531.594404,EX3600,225,22.0,10.0,32,296.224865,104.626778,64.653804,80.694792,46.249491,1847.651495,4936.45089
pattern_23,A1850823_200_WN_2,6216308,4216308,EX012,EX3600BH,DT021,CAT 793,A-185-08-23,48.57,154.03,103.77268,103.77268,283.032514,44.034028,79.580767,0,363397.25,6591867.36,198.87,RIGHT,154.0,439,19/10/2025,17:03:31,17:10:50,1855.475833,EX3600,225,22.0,10.0,32,283.032514,103.77268,55.645039,79.580767,44.034028,1959.172373,5524.866092
pattern_23,A1850823_200_WN_2,6216309,4216309,EX012,EX3600BH,DT025,CAT 793,A-185-08-23,36.39,165.27,98.394423,98.394423,270.628201,35.14276,88.533723,0,363396.2,6591864.14,198.3,LEFT,165.3,417,19/10/2025,17:10:50,17:17:47,1959.239044,EX3600,225,22.0,10.0,32,270.628201,98.394423,48.557296,88.533723,35.14276,2198.423827,6199.555192
pattern_23,A1850823_200_WN_2,6216310,4216310,EX012,EX3600BH,DT007,CAT 793,A-185-08-23,49.64,151.37,88.242776,88.242776,264.032998,50.378994,75.070253,0,363395.85,6591866.4,199.27,LEFT,151.4,385,19/10/2025,17:17:47,17:24:12,1734.980392,EX3600,225,22.0,10.0,32,264.032998,88.242776,50.340975,75.070253,50.378994,2063.874739,5820.126765
pattern_23,A1850823_200_WN_2,6216311,4216311,EX012,EX3600BH,DT034,CAT 793,A-185-08-23,56.88,170.65,94.382211,94.382211,297.471216,60.278913,83.943792,0,363398.35,6591866.25,198.46,STRAIGHT,170.7,451,19/10/2025,17:24:12,17:31:43,1759.468824,EX3600,225,22.0,10.0,32,297.471216,94.382211,58.8663,83.943792,60.278913,2065.239711,5772.393569
pattern_23,A1850823_200_WN_2,6216312,4216312,EX012,EX3600BH,DT034,CAT 793,A-185-08-23,49.06,168.38,92.247298,92.247298,311.866701,44.894436,100.374501,0,363394.37,6591866.54,199.29,STRAIGHT,168.4,426,19/10/2025,17:31:43,17:38:49,1604.324623,EX3600,225,22.0,10.0,32,311.866701,92.247298,74.350465,100.374501,44.894436,1943.663724,5479.386419
pattern_23,A1850823_200_WN_2,6216313,4216313,EX012,EX3600BH,DT017,CAT 793,A-185-08-23,33.39,172.95,82.636856,82.636856,262.614734,44.14853,77.903784,0,363393.43,6591867.37,199.61,RIGHT,173.0,453,19/10/2025,17:38:49,17:46:22,2011.678878,EX3600,225,22.0,10.0,32,262.614734,82.636856,57.925564,77.903784,44.14853,2370.863637,6594.038595
pattern_23,A1850823_200_WN_2,6216314,4216314,EX012,EX3600BH,DT027,CAT 793,A-185-08-23,44.34,166.85,99.136104,99.136104,293.236482,47.557196,91.416509,0,363393.65,6591867.94,198.87,STRAIGHT,166.9,462,19/10/2025,17:46:22,17:54:04,1882.68933,EX3600,225,22.0,10.0,32,293.236482,99.136104,55.126673,91.416509,47.557196,2048.381351,5591.54655
pattern_23,A1850823_200_WN_2,6216315,4216315,EX012,EX3600BH,DT044,CAT 793,A-185-08-23,31.97,153.56,109.004065,109.004065,293.607335,50.120507,77.387923,0,363397.3,6591865.42,199.11,STRAIGHT,153.6,469,19/10/2025,17:54:04,18:01:53,1561.062234,EX3600,225,22.0,10.0,32,293.607335,109.004065,57.09484,77.387923,50.120507,1882.80121,5059.939085
pattern_23,A1850823_200_WN_2,6216316,4216316,EX012,EX3600BH,DT027,CAT 793,A-185-08-23,39.02,156.85,103.069398,103.069398,305.915636,50.060214,81.478375,0,363394.89,6591863.4,198.7,STRAIGHT,156.8,456,19/10/2025,18:01:53,18:09:29,1542.211268,EX3600,225,22.0,10.0,32,305.915636,103.069398,71.307649,81.478375,50.060214,1845.786781,5205.118721
pattern_23,A1850823_200_WN_2,6216317,4216317,EX012,EX3600BH,DT034,CAT 793,A-185-08-23,43.58,159.97,105.1302,105.1302,296.269333,43.868379,85.751497,0,363399.92,6591872.96,199.91,LEFT,160.0,420,19/10/2025,18:09:29,18:16:29,1485.219926,EX3600,225,22.0,10.0,32,296.269333,105.1302,61.519257,85.751497,43.868379,1943.795808,4980.497953
pattern_23,A1850823_200_WN_2,6216318,4216318,EX012,EX3600BH,DT027,CAT 793,A-185-08-23,44.11,152.45,99.321687,99.321687,278.536314,41.250326,75.347215,0,363399.56,6591871.53,198.53,STRAIGHT,152.4,387,19/10/2025,18:16:29,18:22:56,1744.822823,EX3600,225,22.0,10.0,32,278.536314,99.321687,62.617087,75.347215,41.250326,1970.34203,5354.447899
pattern_23,A1850823_200_WN_2,6216319,4216319,EX012,EX3600BH,DT030,CAT 793,A-185-08-23,55.34,169.69,110.567297,110.567297,300.382706,39.889217,93.858549,0,363400.24,6591871.82,198.9,RIGHT,169.7,414,19/10/2025,18:22:56,18:29:50,1686.956974,EX3600,225,22.0,10.0,32,300.382706,110.567297,56.067643,93.858549,39.889217,2033.726215,5391.674436
pattern_23,A1850823_200_WN_2,6216320,4216320,EX012,EX3600BH,DT009,CAT 793,A-185-08-23,33.72,163.89,112.665119,112.665119,309.587685,42.705298,88.517605,0,363399.81,6591875.15,199.96,RIGHT,163.9,497,19/10/2025,18:29:50,18:38:07,1634.35209,EX3600,225,22.0,10.0,32,309.587685,112.665119,65.699663,88.517605,42.705298,1905.823727,4718.953611
pattern_23,A1850823_200_WN_2,6216321,4216321,EX012,EX3600BH,DT031,CAT 793,A-185-08-23,56.33,168.99,111.103237,111.103237,303.841174,47.120426,84.645479,0,363393.92,6591876.22,198.67,RIGHT,169.0,473,19/10/2025,18:38:07,18:46:00,1833.446452,EX3600,225,22.0,10.0,32,303.841174,111.103237,60.972032,84.645479,47.120426,2002.265453,5439.533236
pattern_23,A1850823_200_WN_2,6216322,4216322,EX012,EX3600BH,DT046,CAT 793,A-185-08-23,45.86,178.39,90.947959,90.947959,275.719747,42.92789,70.810998,0,363397.24,6591871.0,199.64,LEFT,178.4,444,19/10/2025,18:46:00,18:53:24,1926.311236,EX3600,225,22.0,10.0,32,275.719747,90.947959,71.0329,70.810998,42.92789,2329.206907,6367.127986
pattern_23,A1850823_200_WN_2,6216323,4216323,EX012,EX3600BH,DT007,CAT 793,A-185-08-23,46.93,173.7,101.426604,101.426604,302.14872,43.600766,92.020093,0,363397.16,6591875.32,199.26,STRAIGHT,173.7,337,19/10/2025,18:53:24,18:59:01,1654.455702,EX3600,225,22.0,10.0,32,302.14872,101.426604,65.101257,92.020093,43.600766,2069.588952,5349.130955
pattern_23,A1850823_200_WN_2,6216324,4216324,EX012,EX3600BH,DT045,CAT 793,A-185-08-23,54.93,164.8,97.762568,97.762568,286.658183,47.555173,79.095219,0,363397.9,6591871.07,199.58,STRAIGHT,164.8,391,19/10/2025,18:59:01,19:05:32,1687.034261,EX3600,225,22.0,10.0,32,286.658183,97.762568,62.245224,79.095219,47.555173,2069.664719,5726.031672
pattern_23,A1850823_200_WN_2,6216325,4216325,EX012,EX3600BH,DT009,CAT 793,A-185-08-23,42.2,168.3,103.057033,103.057033,297.4929,39.929496,90.031964,0,363399.47,6591873.59,199.06,RIGHT,168.3,459,19/10/2025,19:05:32,19:13:11,1770.162728,EX3600,225,22.0,10.0,32,297.4929,103.057033,64.474408,90.031964,39.929496,2036.659177,5557.703934
pattern_23,A1850823_200_WN_2,6216326,4216326,EX012,EX3600BH,DT016,CAT 793,A-185-08-23,41.72,164.14,96.892844,96.892844,276.479644,37.675121,82.380926,0,363397.19,6591868.72,199.62,LEFT,164.1,394,19/10/2025,19:13:11,19:19:45,1685.946185,EX3600,225,22.0,10.0,32,276.479644,96.892844,59.530753,82.380926,37.675121,2137.25971,6027.072382
pattern_23,A1850823_200_WN_2,6216327,4216327,EX012,EX3600BH,DT009,CAT 793,A-185-08-23,43.12,193.78,85.936612,85.936612,281.36395,51.302727,84.502941,0,363399.97,6591872.99,199.9,LEFT,193.8,529,19/10/2025,19:19:45,19:28:34,2146.587519,EX3600,225,22.0,10.0,32,281.36395,85.936612,59.621671,84.502941,51.302727,2479.353249,6959.219503
pattern_23,A1850823_200_WN_2,6216328,4216328,EX012,EX3600BH,DT035,CAT 793,A-185-08-23,48.9,178.05,103.41807,103.41807,293.968542,43.532618,82.704785,0,363398.68,6591874.32,198.13,RIGHT,178.0,428,19/10/2025,19:28:34,19:35:42,1808.025743,EX3600,225,22.0,10.0,32,293.968542,103.41807,64.313069,82.704785,43.532618,2180.416998,5850.012238
pattern_23,A1850823_200_WN_2,6216329,4216329,EX012,EX3600BH,DT078,HIT EH5000,A-185-08-23,43.55,142.41,100.862416,100.862416,271.031173,38.548518,82.513974,0,363401.6,6591881.69,199.04,STRAIGHT,142.4,293,19/10/2025,19:35:42,19:40:35,1677.277205,EX3600,250,22.0,10.0,32,271.031173,100.862416,49.106265,82.513974,38.548518,1891.617608,5037.146374
pattern_23,A1850823_200_WN_2,6216330,4216330,EX012,EX3600BH,DT010,CAT 793,A-185-08-23,40.93,151.23,90.674822,90.674822,296.214517,49.641563,98.788222,0,363400.87,6591881.14,199.29,LEFT,151.2,422,19/10/2025,19:40:35,19:47:37,1559.0032,EX3600,225,22.0,10.0,32,296.214517,90.674822,57.10991,98.788222,49.641563,1837.967957,5076.97309
pattern_23,A1850823_200_WN_2,6216331,4216331,EX012,EX3600BH,DT022,CAT 793,A-185-08-23,34.49,154.61,98.272578,98.272578,258.489606,39.618348,69.579809,0,363397.07,6591880.76,199.29,LEFT,154.6,399,19/10/2025,19:47:37,19:54:16,1749.365117,EX3600,225,22.0,10.0,32,258.489606,98.272578,51.018871,69.579809,39.618348,2153.32273,5797.029702
pattern_23,A1850823_200_WN_2,6216332,4216332,EX012,EX3600BH,DT015,CAT 793,A-185-08-23,38.14,170.22,107.98068,107.98068,291.040934,46.095263,82.42823,0,363398.18,6591880.55,199.93,LEFT,170.2,413,19/10/2025,19:54:16,20:01:09,1727.805869,EX3600,225,22.0,10.0,32,291.040934,107.98068,54.536761,82.42823,46.095263,2105.562828,5766.754645
pattern_23,A1850823_200_WN_2,6216333,4216333,EX012,EX3600BH,DT041,CAT 793,A-185-08-23,38.32,160.76,118.991461,118.991461,311.062095,40.724966,84.35604,0,363399.59,6591881.32,198.71,LEFT,160.8,550,19/10/2025,20:01:09,20:10:19,1610.749256,EX3600,225,22.0,10.0,32,311.062095,118.991461,66.989628,84.35604,40.724966,1860.529339,4906.236726
pattern_23,A1850823_200_WN_2,6216334,4216334,EX012,EX3600BH,DT030,CAT 793,A-185-08-23,55.69,168.11,99.622902,99.622902,284.569707,43.029437,89.503556,0,363399.69,6591881.04,199.63,RIGHT,168.1,408,19/10/2025,20:10:19,20:17:07,1780.888127,EX3600,225,22.0,10.0,32,284.569707,99.622902,52.413811,89.503556,43.029437,2126.642881,5657.169927
pattern_23,A1850823_200_WN_2,6216335,4216335,EX012,EX3600BH,DT010,CAT 793,A-185-08-23,45.17,170.62,115.546049,115.546049,309.303505,39.291109,89.1284,0,363400.1,6591881.18,199.49,STRAIGHT,170.6,487,19/10/2025,20:17:07,20:25:14,1598.956178,EX3600,225,22.0,10.0,32,309.303505,115.546049,65.337947,89.1284,39.291109,1985.819423,5294.699449
pattern_23,A1850823_200_WN_2,6216336,4216336,EX012,EX3600BH,DT018,CAT 793,A-185-08-23,41.97,169.68,109.164223,109.164223,315.224481,44.762578,99.220695,0,363397.18,6591885.13,198.85,RIGHT,169.7,456,19/10/2025,20:25:14,20:32:50,1590.02652,EX3600,225,22.0,10.0,32,315.224481,109.164223,62.076986,99.220695,44.762578,1937.835888,5349.602351
pattern_23,A1850823_200_WN_2,6216337,4216337,EX012,EX3600BH,DT012,CAT 793,A-185-08-23,57.23,171.69,94.650417,94.650417,288.954295,43.622882,89.027989,0,363398.56,6591881.09,198.61,RIGHT,171.7,448,19/10/2025,20:32:50,20:40:18,1808.68119,EX3600,225,22.0,10.0,32,288.954295,94.650417,61.653007,89.027989,43.622882,2139.022942,5711.208145
pattern_23,A1850823_200_WN_2,6216338,4216338,EX012,EX3600BH,DT023,CAT 793,A-185-08-23,42.78,168.65,107.015917,107.015917,304.420231,41.805412,87.175591,0,363399.68,6591880.59,199.56,RIGHT,168.7,387,19/10/2025,20:40:18,20:46:45,1602.141784,EX3600,225,22.0,10.0,32,304.420231,107.015917,68.423312,87.175591,41.805412,1994.457045,5443.817334
pattern_23,A1850823_200_WN_2,6216339,4216339,EX012,EX3600BH,DT016,CAT 793,A-185-08-23,26.23,141.24,94.866103,94.866103,296.317723,52.451039,92.649699,0,363399.95,6591881.1,199.39,LEFT,141.2,467,19/10/2025,20:46:45,20:54:32,1464.080231,EX3600,225,22.0,10.0,32,296.317723,94.866103,56.350882,92.649699,52.451039,1715.898952,4487.116598
pattern_23,A1850823_200_WN_2,6216340,4216340,EX012,EX3600BH,DT015,CAT 793,A-185-08-23,32.36,149.68,119.612823,119.612823,311.598042,48.203328,78.560755,0,363401.62,6591884.7,199.64,RIGHT,149.7,473,19/10/2025,20:54:32,21:02:25,1443.961357,EX3600,225,22.0,10.0,32,311.598042,119.612823,65.221137,78.560755,48.203328,1729.286895,4591.613623
pattern_23,A1850823_200_WN_2,6216341,4216341,EX012,EX3600BH,DT026,CAT 793,A-185-08-23,33.12,155.09,115.347768,115.347768,296.12738,40.918454,81.762138,0,363401.83,6591880.9,198.88,LEFT,155.1,445,19/10/2025,21:02:25,21:09:50,1523.399444,EX3600,225,22.0,10.0,32,296.12738,115.347768,58.09902,81.762138,40.918454,1885.463541,5160.594331
pattern_23,A1850823_200_WN_2,6216342,4216342,EX012,EX3600BH,DT027,CAT 793,A-185-08-23,40.21,155.03,96.061729,96.061729,284.039442,39.094845,93.647568,0,363398.87,6591887.87,198.59,RIGHT,155.0,446,19/10/2025,21:09:50,21:17:16,1570.590467,EX3600,225,22.0,10.0,32,284.039442,96.061729,55.2353,93.647568,39.094845,1964.956016,5184.470763
pattern_23,A1850823_200_WN_2,6216343,4216343,EX012,EX3600BH,DT042,CAT 793,A-185-08-23,41.13,154.86,96.518506,96.518506,290.004003,47.222689,85.863424,0,363399.52,6591892.01,199.32,LEFT,154.9,486,19/10/2025,21:17:16,21:25:22,1660.945428,EX3600,225,22.0,10.0,32,290.004003,96.518506,60.399384,85.863424,47.222689,1922.411671,5236.788342
pattern_23,A1850823_200_WN_2,6216344,4216344,EX012,EX3600BH,DT008,CAT 793,A-185-08-23,32.99,151.22,106.697936,106.697936,286.410816,44.009539,73.954935,0,363406.31,6591892.75,199.27,RIGHT,151.2,496,19/10/2025,21:25:22,21:33:38,1596.604765,EX3600,225,22.0,10.0,32,286.410816,106.697936,61.748407,73.954935,44.009539,1900.697009,5050.43567
pattern_23,A1850823_200_WN_2,6216345,4216345,EX012,EX3600BH,DT026,CAT 793,A-185-08-23,32.82,158.95,94.184776,94.184776,288.645535,48.040546,82.583119,0,363402.7,6591888.55,199.71,RIGHT,158.9,483,19/10/2025,21:33:38,21:41:41,1678.804549,EX3600,225,22.0,10.0,32,288.645535,94.184776,63.837094,82.583119,48.040546,1982.37522,5340.176134
pattern_23,A1850823_200_WN_2,6216346,4216346,EX012,EX3600BH,DT007,CAT 793,A-185-08-23,40.05,166.98,104.305352,104.305352,295.287981,44.926552,84.714736,0,363404.23,6591890.15,200.07,RIGHT,167.0,519,19/10/2025,21:41:41,21:50:20,1789.558179,EX3600,225,22.0,10.0,32,295.287981,104.305352,61.341341,84.714736,44.926552,2035.734671,5660.006614
pattern_23,A1850823_200_WN_2,6216347,4216347,EX012,EX3600BH,DT015,CAT 793,A-185-08-23,47.47,177.94,106.800971,106.800971,284.312933,41.859098,84.182176,0,363403.94,6591886.13,199.77,LEFT,177.9,421,19/10/2025,21:50:20,21:57:21,1917.603451,EX3600,225,22.0,10.0,32,284.312933,106.800971,51.470688,84.182176,41.859098,2253.081363,5946.993027
pattern_23,A1850823_200_WN_2,6216348,4216348,EX012,EX3600BH,DT041,CAT 793,A-185-08-23,51.72,169.01,106.14596,106.14596,290.940077,39.353244,82.92826,0,363402.07,6591888.75,198.02,LEFT,169.0,452,19/10/2025,21:57:21,22:04:53,1739.015865,EX3600,225,22.0,10.0,32,290.940077,106.14596,62.512613,82.92826,39.353244,2091.266104,5762.210798
pattern_23,A1850823_200_WN_2,6216349,4216349,EX012,EX3600BH,DT004,CAT 793,A-185-08-23,41.49,179.08,125.23699,125.23699,311.324802,45.05942,77.682763,0,363403.81,6591884.35,198.53,LEFT,179.1,432,19/10/2025,22:04:53,22:12:05,1812.132246,EX3600,225,22.0,10.0,32,311.324802,125.23699,63.345629,77.682763,45.05942,2070.748748,5399.707778
pattern_23,A1850823_200_WN_2,6216350,4216350,EX012,EX3600BH,DT024,CAT 793,A-185-08-23,41.48,167.22,109.713754,109.713754,310.96108,51.011146,88.671521,0,363401.1,6591891.13,200.2,STRAIGHT,167.2,454,19/10/2025,22:12:05,22:19:39,1712.62874,EX3600,225,22.0,10.0,32,310.96108,109.713754,61.564659,88.671521,51.011146,1935.942444,5205.93421
pattern_23,A1850823_200_WN_2,6216351,4216351,EX012,EX3600BH,DT042,CAT 793,A-185-08-23,34.33,170.68,108.901592,108.901592,309.093737,39.650823,99.939932,0,363402.74,6591891.86,197.86,RIGHT,170.7,560,19/10/2025,22:19:39,22:28:59,1760.437514,EX3600,225,22.0,10.0,32,309.093737,108.901592,60.601389,99.939932,39.650823,1987.875506,5341.522205
pattern_23,A1850823_200_WN_2,6216352,4216352,EX012,EX3600BH,DT003,CAT 793,A-185-08-23,44.13,171.98,108.44428,108.44428,308.623241,40.963507,95.141131,0,363405.47,6591886.13,198.12,LEFT,172.0,502,19/10/2025,22:28:59,22:37:21,1673.927272,EX3600,225,22.0,10.0,32,308.623241,108.44428,64.074323,95.141131,40.963507,2006.074631,5432.682318
pattern_23,A1850823_200_WN_2,6216353,4216353,EX012,EX3600BH,DT013,CAT 793,A-185-08-23,42.27,174.16,98.911431,98.911431,282.509446,41.88118,82.687869,0,363402.89,6591886.35,199.61,RIGHT,174.2,370,19/10/2025,22:37:21,22:43:31,1927.422446,EX3600,225,22.0,10.0,32,282.509446,98.911431,59.028966,82.687869,41.88118,2219.336349,6258.528505
pattern_23,A1850823_200_WN_2,6216354,4216354,EX012,EX3600BH,DT009,CAT 793,A-185-08-23,47.25,162.3,92.694426,92.694426,272.495361,41.022542,81.359617,0,363404.83,6591868.9,198.91,RIGHT,162.3,484,19/10/2025,22:43:31,22:51:35,1814.666819,EX3600,225,22.0,10.0,32,272.495361,92.694426,57.418777,81.359617,41.022542,2144.135627,6015.05336
pattern_23,A1850823_200_WN_2,6216355,4216355,EX012,EX3600BH,DT032,CAT 793,A-185-08-23,51.16,161.51,99.935766,99.935766,303.151133,44.499334,98.170359,0,363402.11,6591867.38,199.1,LEFT,161.5,421,19/10/2025,22:51:35,22:58:36,1617.703806,EX3600,225,22.0,10.0,32,303.151133,99.935766,60.545674,98.170359,44.499334,1918.024955,5408.830374
pattern_23,A1850823_200_WN_2,6216356,4216356,EX012,EX3600BH,DT006,CAT 793,A-185-08-23,44.45,180.34,98.401502,98.401502,295.919306,43.330842,86.344791,0,363401.98,6591868.98,199.06,STRAIGHT,180.3,488,19/10/2025,22:58:36,23:06:44,1881.701781,EX3600,225,22.0,10.0,32,295.919306,98.401502,67.84217,86.344791,43.330842,2193.914592,6186.839149
pattern_23,A1850823_200_WN_2,6216357,4216357,EX012,EX3600BH,DT045,CAT 793,A-185-08-23,43.67,181.94,109.092433,109.092433,296.381335,48.752822,78.504455,0,363402.99,6591865.97,199.09,RIGHT,181.9,403,19/10/2025,23:06:44,23:13:27,1910.740097,EX3600,225,22.0,10.0,32,296.381335,109.092433,60.031625,78.504455,48.752822,2209.992919,6232.180032
pattern_23,A1850823_200_WN_2,6216358,4216358,EX012,EX3600BH,DT042,CAT 793,A-185-08-23,32.23,171.09,91.584652,91.584652,282.692208,41.177432,86.66647,0,363403.5,6591868.53,199.83,LEFT,171.1,462,19/10/2025,23:13:27,23:21:09,1886.1409,EX3600,225,22.0,10.0,32,282.692208,91.584652,63.263655,86.66647,41.177432,2178.775815,6126.886239
pattern_23,A1850823_200_WN_2,6216359,4216359,EX012,EX3600BH,DT015,CAT 793,A-185-08-23,56.52,178.93,102.857469,102.857469,288.387553,43.873981,81.295793,0,363405.25,6591870.49,199.41,LEFT,178.9,399,19/10/2025,23:21:09,23:27:48,1948.679402,EX3600,225,22.0,10.0,32,288.387553,102.857469,60.36031,81.295793,43.873981,2233.626763,6235.787574
pattern_23,A1850823_200_WN_2,6216360,4216360,EX012,EX3600BH,DT057,HIT EH5000,A-185-08-23,44.59,169.86,108.001793,108.001793,302.711072,36.772146,84.803917,0,363402.41,6591867.53,198.21,RIGHT,169.9,407,19/10/2025,23:27:48,23:34:35,1671.979582,EX3600,250,22.0,10.0,32,302.711072,108.001793,73.133215,84.803917,36.772146,2020.077767,5554.369387
pattern_23,A1850823_200_WN_2,6216361,4216361,EX012,EX3600BH,DT036,CAT 793,A-185-08-23,43.93,168.72,99.336803,99.336803,306.061712,47.922988,90.191041,0,363404.52,6591866.08,199.06,LEFT,168.7,397,19/10/2025,23:34:35,23:41:12,1568.301901,EX3600,225,22.0,10.0,32,306.061712,99.336803,68.610879,90.191041,47.922988,1984.495916,5576.43963
pattern_23,A1850823_200_WN_2,6216362,4216362,EX012,EX3600BH,DT054,HIT EH5000,A-185-08-23,52.47,161.82,84.694617,84.694617,259.001673,35.031412,80.040746,0,363403.51,6591869.72,199.38,STRAIGHT,161.8,437,19/10/2025,23:41:12,23:48:29,1888.903407,EX3600,250,22.0,10.0,32,259.001673,84.694617,59.234898,80.040746,35.031412,2249.267072,6236.794448
pattern_23,A1850823_200_WN_2,6216363,4216363,EX012,EX3600BH,DT069,HIT EH5000,A-185-08-23,45.25,158.02,85.044048,85.044048,282.162117,44.597968,88.062388,0,363404.31,6591868.1,199.61,LEFT,158.0,438,19/10/2025,23:48:29,23:55:47,1703.276237,EX3600,250,22.0,10.0,32,282.162117,85.044048,64.457713,88.062388,44.597968,2016.116714,5408.077303
pattern_23,A1850823_200_WN_2,6216364,4216364,EX012,EX3600BH,DT031,CAT 793,A-185-08-23,34.48,161.82,106.975227,106.975227,290.117401,41.017272,79.055023,0,363405.23,6591867.66,199.39,STRAIGHT,161.8,471,19/10/2025,23:55:47,00:03:38,1680.257061,EX3600,225,22.0,10.0,32,290.117401,106.975227,63.06988,79.055023,41.017272,2007.99611,5500.836979
pattern_23,A1850823_200_WN_2,6216365,4216365,EX012,EX3600BH,DT025,CAT 793,A-185-08-23,39.88,154.44,106.443219,106.443219,316.751732,46.995943,89.33818,0,363403.95,6591869.19,199.15,LEFT,154.4,505,20/10/2025,00:03:38,00:12:03,1505.61506,EX3600,225,22.0,10.0,32,316.751732,106.443219,73.974391,89.33818,46.995943,1755.291628,4614.953574
pattern_23,A1850823_200_WN_2,6216366,4216366,EX012,EX3600BH,DT035,CAT 793,A-185-08-23,46.14,171.69,101.547608,101.547608,305.036479,43.312012,99.027205,0,363406.0,6591873.32,199.19,STRAIGHT,171.7,486,20/10/2025,00:12:03,00:20:09,1692.264022,EX3600,225,22.0,10.0,32,305.036479,101.547608,61.149655,99.027205,43.312012,2026.26267,5637.970958
pattern_23,A1850823_200_WN_2,6216367,4216367,EX012,EX3600BH,DT017,CAT 793,A-185-08-23,51.95,169.86,102.14678,102.14678,302.122446,46.632932,88.693118,0,363405.72,6591878.18,199.71,RIGHT,169.9,404,20/10/2025,00:20:09,00:26:53,1704.200786,EX3600,225,22.0,10.0,32,302.122446,102.14678,64.649617,88.693118,46.632932,2023.961204,5442.587849
pattern_23,A1850823_200_WN_2,6216368,4216368,EX012,EX3600BH,DT045,CAT 793,A-185-08-23,55.46,175.53,109.359911,109.359911,317.245381,43.779027,95.163515,0,363404.42,6591876.25,198.35,RIGHT,175.5,435,20/10/2025,00:26:53,00:34:08,1705.57182,EX3600,225,22.0,10.0,32,317.245381,109.359911,68.942928,95.163515,43.779027,1991.814165,5566.696229
pattern_23,A1850823_200_WN_2,6216369,4216369,EX012,EX3600BH,DT030,CAT 793,A-185-08-23,58.35,175.04,99.522325,99.522325,301.987359,45.566695,92.391367,0,363406.78,6591873.97,198.6,STRAIGHT,175.0,465,20/10/2025,00:34:08,00:41:53,1807.994585,EX3600,225,22.0,10.0,32,301.987359,99.522325,64.506972,92.391367,45.566695,2086.670773,5753.332664
pattern_23,A1850823_200_WN_2,6216370,4216370,EX012,EX3600BH,DT044,CAT 793,A-185-08-23,38.88,171.38,106.410148,106.410148,298.949365,38.909486,87.633942,0,363408.17,6591877.19,199.62,LEFT,171.4,483,20/10/2025,00:41:53,00:49:56,1706.546583,EX3600,225,22.0,10.0,32,298.949365,106.410148,65.99579,87.633942,38.909486,2063.742714,5775.944934
pattern_23,A1850823_200_WN_2,6216371,4216371,EX012,EX3600BH,DT019,CAT 793,A-185-08-23,50.57,167.5,111.105856,111.105856,320.919368,53.948611,82.200746,0,363408.13,6591876.3,198.79,RIGHT,167.5,441,20/10/2025,00:49:56,00:57:17,1574.8993,EX3600,225,22.0,10.0,32,320.919368,111.105856,73.664155,82.200746,53.948611,1879.007242,5194.867308
pattern_23,A1850823_200_WN_2,6216372,4216372,EX012,EX3600BH,DT015,CAT 793,A-185-08-23,39.37,165.26,113.584901,113.584901,314.850182,51.949802,89.357192,0,363408.05,6591876.4,199.11,RIGHT,165.3,460,20/10/2025,00:57:17,01:04:57,1524.266182,EX3600,225,22.0,10.0,32,314.850182,113.584901,59.958288,89.357192,51.949802,1889.621635,5135.374965
pattern_23,A1850823_200_WN_2,6216373,4216373,EX012,EX3600BH,DT034,CAT 793,A-185-08-23,31.07,162.08,94.12893,94.12893,281.254403,37.883952,87.1406,0,363401.58,6591877.77,199.14,LEFT,162.1,450,20/10/2025,01:04:57,01:12:27,1719.99906,EX3600,225,22.0,10.0,32,281.254403,94.12893,62.100921,87.1406,37.883952,2074.640149,5627.737386
pattern_23,A1850823_200_WN_2,6216374,4216374,EX012,EX3600BH,DT002,CAT 793,A-185-08-23,27.87,161.73,112.764446,112.764446,296.938167,40.633364,80.807156,0,363403.78,6591880.52,198.86,STRAIGHT,161.7,442,20/10/2025,01:12:27,01:19:49,1720.391638,EX3600,225,22.0,10.0,32,296.938167,112.764446,62.7332,80.807156,40.633364,1960.746573,5529.305337
pattern_23,A1850823_200_WN_2,6216375,4216375,EX012,EX3600BH,DT008,CAT 793,A-185-08-23,46.1,176.17,105.963125,105.963125,303.835593,49.233395,87.08824,0,363405.38,6591875.95,199.05,LEFT,176.2,484,20/10/2025,01:19:49,01:27:53,1578.597039,EX3600,225,22.0,10.0,32,303.835593,105.963125,61.550833,87.08824,49.233395,2087.341995,5639.488323
pattern_23,A1850823_200_WN_2,6216376,4216376,EX012,EX3600BH,DT021,CAT 793,A-185-08-23,32.69,173.42,99.92821,99.92821,296.010647,43.812943,95.49849,0,363404.15,6591875.77,199.6,RIGHT,173.4,394,20/10/2025,01:27:53,01:34:27,1813.823277,EX3600,225,22.0,10.0,32,296.010647,99.92821,56.771005,95.49849,43.812943,2109.126278,5586.774446
pattern_23,A1850823_200_WN_2,6216377,4216377,EX012,EX3600BH,DT048,HIT EH5000,A-185-08-23,50.32,174.01,97.395515,97.395515,307.813872,45.95083,88.862697,0,363405.23,6591874.8,199.66,STRAIGHT,174.0,491,20/10/2025,01:34:27,01:42:38,1749.086136,EX3600,250,22.0,10.0,32,307.813872,97.395515,75.604829,88.862697,45.95083,2035.148629,5526.25016
pattern_23,A1850823_200_WN_3,6216378,4216378,EX012,EX3600BH,DT004,CAT 793,A-185-08-23,37.71,155.4,108.344318,108.344318,303.830599,46.159615,90.552623,0,363410.99,6591884.77,199.08,LEFT,155.4,408,20/10/2025,01:42:38,01:49:26,1529.974971,EX3600,225,22.0,10.0,32,303.830599,108.344318,58.774043,90.552623,46.159615,1841.245005,5019.487584
pattern_23,A1850823_200_WN_3,6216379,4216379,EX012,EX3600BH,DT037,CAT 793,A-185-08-23,34.6,173.08,99.761258,99.761258,276.463521,36.912109,84.447647,0,363405.04,6591884.22,199.48,LEFT,173.1,391,20/10/2025,01:49:26,01:55:57,1921.962951,EX3600,225,22.0,10.0,32,276.463521,99.761258,55.342507,84.447647,36.912109,2253.775009,6020.719578
pattern_23,A1850823_200_WN_3,6216380,4216380,EX012,EX3600BH,DT010,CAT 793,A-185-08-23,33.76,168.32,119.920085,119.920085,319.081897,40.827772,93.431428,0,363406.28,6591883.48,199.71,LEFT,168.3,476,20/10/2025,01:55:57,02:03:53,1552.950129,EX3600,225,22.0,10.0,32,319.081897,119.920085,64.902613,93.431428,40.827772,1899.077284,4904.761405
pattern_23,A1850823_200_WN_3,6216381,4216381,EX012,EX3600BH,DT031,CAT 793,A-185-08-23,54.78,168.07,130.974061,130.974061,319.128844,41.529065,80.481812,0,363406.46,6591882.71,199.51,LEFT,168.1,519,20/10/2025,02:03:53,02:12:32,1486.6835,EX3600,225,22.0,10.0,32,319.128844,130.974061,66.143905,80.481812,41.529065,1895.959202,5346.60495
pattern_23,A1850823_200_WN_3,6216382,4216382,EX012,EX3600BH,DT031,CAT 793,A-185-08-23,40.32,159.37,89.432609,89.432609,276.772198,42.868236,85.258613,0,363405.19,6591886.4,199.09,LEFT,159.4,447,20/10/2025,02:12:32,02:19:59,1751.565261,EX3600,225,22.0,10.0,32,276.772198,89.432609,59.21274,85.258613,42.868236,2072.963026,5624.63697
pattern_23,A1850823_200_WN_3,6216383,4216383,EX012,EX3600BH,DT006,CAT 793,A-185-08-23,36.57,146.54,106.658143,106.658143,284.202935,39.964592,80.080614,0,363408.38,6591883.01,199.11,RIGHT,146.5,501,20/10/2025,02:19:59,02:28:20,1469.811729,EX3600,225,22.0,10.0,32,284.202935,106.658143,57.499585,80.080614,39.964592,1856.258834,5080.800889
pattern_23,A1850823_200_WN_3,6216384,4216384,EX012,EX3600BH,DT040,CAT 793,A-185-08-23,30.45,159.36,119.448451,119.448451,314.724115,50.107216,80.969455,0,363409.31,6591883.07,198.87,LEFT,159.4,522,20/10/2025,02:28:20,02:37:02,1618.929251,EX3600,225,22.0,10.0,32,314.724115,119.448451,64.198993,80.969455,50.107216,1822.861652,4878.899826
pattern_23,A1850823_200_WN_3,6216385,4216385,EX012,EX3600BH,DT043,CAT 793,A-185-08-23,32.81,160.62,114.433235,114.433235,307.294184,43.401801,85.384101,0,363408.5,6591880.97,199.05,STRAIGHT,160.6,444,20/10/2025,02:37:02,02:44:26,1592.450476,EX3600,225,22.0,10.0,32,307.294184,114.433235,64.075048,85.384101,43.401801,1881.710119,4925.435435
pattern_23,A1850823_200_WN_3,6216386,4216386,EX012,EX3600BH,DT002,CAT 793,A-185-08-23,40.49,162.14,99.499126,99.499126,294.097985,47.136195,89.221228,0,363413.76,6591884.34,198.25,LEFT,162.1,451,20/10/2025,02:44:26,02:51:57,1698.412827,EX3600,225,22.0,10.0,32,294.097985,99.499126,58.241436,89.221228,47.136195,1984.720915,5490.309542
pattern_23,A1850823_200_WN_3,6216387,4216387,EX012,EX3600BH,DT021,CAT 793,A-185-08-23,40.02,155.53,110.809606,110.809606,320.037858,43.148616,97.880717,0,363406.84,6591882.32,198.27,LEFT,155.5,452,20/10/2025,02:51:57,02:59:29,1485.897887,EX3600,225,22.0,10.0,32,320.037858,110.809606,68.198918,97.880717,43.148616,1749.450557,4603.856628
pattern_23,A1850823_200_WN_3,6216388,4216388,EX012,EX3600BH,DT046,CAT 793,A-185-08-23,46.27,159.14,119.742299,119.742299,297.990759,39.06469,76.79272,0,363407.92,6591884.52,199.58,LEFT,159.1,566,20/10/2025,02:59:29,03:08:55,1689.897094,EX3600,225,22.0,10.0,32,297.990759,119.742299,62.391049,76.79272,39.06469,1922.513575,5057.282136
pattern_23,A1850823_200_WN_3,6216389,4216389,EX012,EX3600BH,DT040,CAT 793,A-185-08-23,31.37,163.19,105.548604,105.548604,296.614545,49.373811,82.440709,0,363406.29,6591881.66,198.93,RIGHT,163.2,535,20/10/2025,03:08:55,03:17:50,1709.140627,EX3600,225,22.0,10.0,32,296.614545,105.548604,59.251421,82.440709,49.373811,1980.605661,5399.070161
pattern_23,A1850823_200_WN_3,6216390,4216390,EX012,EX3600BH,DT024,CAT 793,A-185-08-23,53.95,172.81,121.456178,121.456178,316.026774,41.40672,88.808333,0,363407.02,6591888.2,198.99,STRAIGHT,172.8,495,20/10/2025,03:17:50,03:26:05,1768.719049,EX3600,225,22.0,10.0,32,316.026774,121.456178,64.355544,88.808333,41.40672,1968.599068,5385.409405
pattern_23,A1850823_200_WN_3,6216391,4216391,EX012,EX3600BH,DT060,HIT EH5000,A-185-08-23,39.0,178.53,125.625133,125.625133,318.931382,47.339852,80.764691,0,363412.5,6591889.95,199.16,RIGHT,178.5,511,20/10/2025,03:26:05,03:34:36,1675.395535,EX3600,250,22.0,10.0,32,318.931382,125.625133,65.201706,80.764691,47.339852,2015.191773,5296.040168
pattern_23,A1850823_200_WN_3,6216392,4216392,EX012,EX3600BH,DT037,CAT 793,A-185-08-23,48.71,169.7,126.900082,126.900082,320.016803,37.527749,96.360396,0,363410.64,6591894.74,198.99,RIGHT,169.7,512,20/10/2025,03:34:36,03:43:08,1737.347472,EX3600,225,22.0,10.0,32,320.016803,126.900082,59.228576,96.360396,37.527749,1909.076327,5113.057364
pattern_23,A1850823_200_WN_3,6216393,4216393,EX012,EX3600BH,DT043,CAT 793,A-185-08-23,31.63,169.01,103.686866,103.686866,302.223227,37.566688,95.875708,0,363412.16,6591887.23,199.73,LEFT,169.0,483,20/10/2025,03:43:08,03:51:11,1812.80592,EX3600,225,22.0,10.0,32,302.223227,103.686866,65.093965,95.875708,37.566688,2013.145162,5203.411318
pattern_23,A1850823_200_WN_3,6216394,4216394,EX012,EX3600BH,DT027,CAT 793,A-185-08-23,49.75,160.12,107.063523,107.063523,285.035762,41.823596,78.214764,0,363410.18,6591892.15,199.62,STRAIGHT,160.1,430,20/10/2025,03:51:11,03:58:21,1753.872321,EX3600,225,22.0,10.0,32,285.035762,107.063523,57.933879,78.214764,41.823596,2022.252009,5424.874594
pattern_23,A1850823_200_WN_3,6216395,4216395,EX012,EX3600BH,DT013,CAT 793,A-185-08-23,44.74,184.47,118.80082,118.80082,342.488506,57.438782,88.632171,0,363409.84,6591891.48,198.27,STRAIGHT,184.5,507,20/10/2025,03:58:21,04:06:48,1672.842447,EX3600,225,22.0,10.0,32,342.488506,118.80082,77.616733,88.632171,57.438782,1939.067508,5038.466134
pattern_23,A1850823_200_WN_3,6216396,4216396,EX012,EX3600BH,DT041,CAT 793,A-185-08-23,49.73,166.64,132.043461,132.043461,344.211441,54.244476,94.071967,0,363410.96,6591893.3,198.48,STRAIGHT,166.6,519,20/10/2025,04:06:48,04:15:27,1404.171946,EX3600,225,22.0,10.0,32,344.211441,132.043461,63.851537,94.071967,54.244476,1742.830282,4858.489777
pattern_23,A1850823_200_WN_3,6216397,4216397,EX012,EX3600BH,DT071,HIT EH5000,A-185-08-23,41.43,167.67,120.429147,120.429147,293.974066,37.89995,76.064255,0,363410.45,6591893.48,198.46,LEFT,167.7,483,20/10/2025,04:15:27,04:23:30,1839.582012,EX3600,250,22.0,10.0,32,293.974066,120.429147,59.580713,76.064255,37.89995,2053.236082,5308.471533
pattern_23,A1850823_200_WN_3,6216398,4216398,EX012,EX3600BH,DT006,CAT 793,A-185-08-23,35.42,167.09,131.465595,131.465595,320.281812,43.062935,88.276339,0,363409.11,6591892.11,198.75,RIGHT,167.1,469,20/10/2025,04:23:30,04:31:19,1668.053466,EX3600,225,22.0,10.0,32,320.281812,131.465595,57.476943,88.276339,43.062935,1878.093776,5033.959923
pattern_23,A1850823_200_WN_3,6216399,4216399,EX012,EX3600BH,DT036,CAT 793,A-185-08-23,36.47,166.05,125.516389,125.516389,314.026617,39.413717,86.135362,0,363408.89,6591891.45,199.58,STRAIGHT,166.0,497,20/10/2025,04:31:19,04:39:36,1629.744445,EX3600,225,22.0,10.0,32,314.026617,125.516389,62.961149,86.135362,39.413717,1903.590769,5004.035383
pattern_23,A1850823_200_WN_3,6216400,4216400,EX012,EX3600BH,DT034,CAT 793,A-185-08-23,41.8,159.98,118.839551,118.839551,317.945399,42.178261,86.902532,0,363411.97,6591889.8,198.39,STRAIGHT,160.0,568,20/10/2025,04:39:36,04:49:04,1495.135778,EX3600,225,22.0,10.0,32,317.945399,118.839551,70.025055,86.902532,42.178261,1811.394122,4980.328772
pattern_23,A1850823_200_WN_3,6216401,4216401,EX012,EX3600BH,DT013,CAT 793,A-185-08-23,41.26,171.49,110.800035,110.800035,308.004106,40.741392,95.452037,0,363412.08,6591890.76,199.36,STRAIGHT,171.5,496,20/10/2025,04:49:04,04:57:20,1581.546547,EX3600,225,22.0,10.0,32,308.004106,110.800035,61.010642,95.452037,40.741392,2004.343956,5178.020792
pattern_23,A1850823_200_WN_3,6216402,4216402,EX012,EX3600BH,DT010,CAT 793,A-185-08-23,49.0,164.13,89.894112,89.894112,281.944866,38.312351,92.978755,0,363411.14,6591893.07,198.9,LEFT,164.1,384,20/10/2025,04:57:20,05:03:44,1743.690667,EX3600,225,22.0,10.0,32,281.944866,89.894112,60.759647,92.978755,38.312351,2095.740571,5369.746219
pattern_23,A1850823_200_WN_3,6216403,4216403,EX012,EX3600BH,DT090,HIT EH5000,A-185-08-23,36.5,159.84,126.826415,126.826415,325.248919,41.291936,91.82631,0,363409.41,6591891.55,199.18,LEFT,159.8,526,20/10/2025,05:03:44,05:12:30,1515.594831,EX3600,250,22.0,10.0,32,325.248919,126.826415,65.304256,91.82631,41.291936,1769.173872,4728.478456
pattern_23,A1850823_200_WN_4,6216404,4216404,EX012,EX3600BH,DT021,CAT 793,A-185-08-23,38.18,145.54,102.918134,102.918134,292.071598,44.147918,84.909598,0,363411.05,6591902.0,198.27,LEFT,145.5,445,20/10/2025,05:12:30,05:19:55,1592.086272,EX3600,225,22.0,10.0,32,292.071598,102.918134,60.095949,84.909598,44.147918,1793.883717,4949.105535
pattern_23,A1850823_200_WN_4,6216405,4216405,EX012,EX3600BH,DT041,CAT 793,A-185-08-23,46.32,152.54,118.368028,118.368028,312.460364,42.771962,90.262935,0,363412.21,6591897.97,199.39,RIGHT,152.5,472,20/10/2025,05:19:55,05:27:47,1513.0149,EX3600,225,22.0,10.0,32,312.460364,118.368028,61.057439,90.262935,42.771962,1757.463973,4664.421399
pattern_23,A1850823_200_WN_4,6216406,4216406,EX012,EX3600BH,DT012,CAT 793,A-185-08-23,31.55,154.19,108.937827,108.937827,303.779307,46.67194,87.75867,0,363412.66,6591901.05,198.71,LEFT,154.2,500,20/10/2025,05:27:47,05:36:07,1569.254682,EX3600,225,22.0,10.0,32,303.779307,108.937827,60.41087,87.75867,46.67194,1827.209171,4816.850624
pattern_23,A1850823_200_WN_4,6216407,4216407,EX012,EX3600BH,DT041,CAT 793,A-185-08-23,40.48,146.04,115.604833,115.604833,293.714357,49.660269,82.182868,0,363414.11,6591899.67,198.69,LEFT,146.0,444,20/10/2025,05:36:07,05:43:31,1544.932803,EX3600,225,22.0,10.0,32,293.714357,115.604833,46.266388,82.182868,49.660269,1790.025328,5047.871426
pattern_23,A1850823_200_WN_4,6216408,4216408,EX012,EX3600BH,DT019,CAT 793,A-185-08-23,36.77,151.03,120.578488,120.578488,309.149655,41.479519,94.8201,0,363410.87,6591900.03,198.08,RIGHT,151.0,415,20/10/2025,05:43:31,05:50:26,1437.267822,EX3600,225,22.0,10.0,32,309.149655,120.578488,52.271547,94.8201,41.479519,1758.77096,4703.666293
pattern_23,A1850823_200_WN_4,6216409,4216409,EX012,EX3600BH,DT041,CAT 793,A-185-08-23,29.22,153.69,103.610197,103.610197,292.396192,40.243158,82.810268,0,363412.5,6591900.01,198.6,LEFT,153.7,439,20/10/2025,05:50:26,05:57:45,1599.273655,EX3600,225,22.0,10.0,32,292.396192,103.610197,65.732569,82.810268,40.243158,1892.291007,5152.920656
pattern_23,A1850823_200_WN_4,6216410,4216410,EX012,EX3600BH,DT062,HIT EH5000,A-185-08-23,31.41,160.59,140.421018,140.421018,328.402877,39.294465,80.97175,0,363414.75,6591899.51,198.37,LEFT,160.6,497,20/10/2025,05:57:45,06:06:02,1443.464634,EX3600,250,22.0,10.0,32,328.402877,140.421018,67.715645,80.97175,39.294465,1760.390671,4772.24764
pattern_23,A1850823_200_WN_4,6216411,4216411,EX012,EX3600BH,DT037,CAT 793,A-185-08-23,37.11,168.26,115.362651,115.362651,314.300813,47.277354,88.242307,0,363414.41,6591896.91,199.43,RIGHT,168.3,451,20/10/2025,06:06:02,06:13:33,1691.796289,EX3600,225,22.0,10.0,32,314.300813,115.362651,63.418501,88.242307,47.277354,1927.282963,4850.470232
pattern_23,A1850823_200_WN_4,6216412,4216412,EX012,EX3600BH,DT082,HIT EH5000,A-185-08-23,41.33,170.76,124.482275,124.482275,328.22816,48.100866,93.046518,0,363408.78,6591901.04,198.58,LEFT,170.8,380,20/10/2025,06:13:33,06:19:53,1569.703627,EX3600,250,22.0,10.0,32,328.22816,124.482275,62.598501,93.046518,48.100866,1872.862052,5073.719553
pattern_23,A1850823_200_WN_4,6216413,4216413,EX012,EX3600BH,DT050,HIT EH5000,A-185-08-23,38.82,152.6,108.341102,108.341102,285.157186,41.522539,84.333495,0,363412.98,6591899.12,199.01,LEFT,152.6,472,20/10/2025,06:19:53,06:27:45,1766.022559,EX3600,250,22.0,10.0,32,285.157186,108.341102,50.96005,84.333495,41.522539,1926.530085,5268.874751
pattern_23,A1850823_200_WN_4,6216414,4216414,EX012,EX3600BH,DT011,CAT 793,A-185-08-23,48.08,164.89,113.171119,113.171119,290.932445,41.995689,80.345108,0,363413.32,6591898.06,198.59,STRAIGHT,164.9,441,20/10/2025,06:27:45,06:35:06,1551.938202,EX3600,225,22.0,10.0,32,290.932445,113.171119,55.42053,80.345108,41.995689,2040.311217,5550.133146
pattern_23,A1850823_200_WN_4,6216415,4216415,EX012,EX3600BH,DT036,CAT 793,A-185-08-23,43.1,167.45,115.146754,115.146754,305.397501,35.396289,90.879283,0,363413.26,6591902.42,199.61,LEFT,167.5,523,20/10/2025,06:35:06,06:43:49,1690.308857,EX3600,225,22.0,10.0,32,305.397501,115.146754,63.975175,90.879283,35.396289,1973.924841,5250.496477
pattern_23,A1850823_200_WN_3,6216416,4216416,EX012,EX3600BH,DT005,CAT 793,A-185-08-23,38.1,172.32,111.519952,111.519952,325.476588,43.558936,97.482559,0,363411.79,6591870.04,198.47,STRAIGHT,172.3,472,20/10/2025,06:43:49,06:51:41,1633.494032,EX3600,225,22.0,10.0,32,325.476588,111.519952,72.91514,97.482559,43.558936,1906.01846,4998.03525
pattern_23,A1850823_200_WN_3,6216417,4216417,EX012,EX3600BH,DT057,HIT EH5000,A-185-08-23,40.8,168.9,110.914781,110.914781,296.242004,34.27098,85.507566,0,363411.32,6591867.64,198.47,STRAIGHT,168.9,394,20/10/2025,06:51:41,06:58:15,1756.001355,EX3600,250,22.0,10.0,32,296.242004,110.914781,65.548676,85.507566,34.27098,2052.470451,5333.991013
pattern_23,A1850823_200_WN_3,6216418,4216418,EX012,EX3600BH,DT070,HIT EH5000,A-185-08-23,46.93,185.19,104.916984,104.916984,270.521758,34.727615,76.642725,0,363408.87,6591867.77,198.91,LEFT,185.2,413,20/10/2025,06:58:15,07:05:08,2004.295392,EX3600,250,22.0,10.0,32,270.521758,104.916984,54.234434,76.642725,34.727615,2464.442727,6753.534622
pattern_23,A1850823_200_WN_3,6216419,4216419,EX012,EX3600BH,DT021,CAT 793,A-185-08-23,38.81,174.64,111.49313,111.49313,294.320823,48.504801,78.148798,0,363412.87,6591867.24,198.56,RIGHT,174.6,526,20/10/2025,07:05:08,07:13:54,1813.073459,EX3600,225,22.0,10.0,32,294.320823,111.49313,56.174094,78.148798,48.504801,2136.086705,5672.217575
pattern_23,A1850823_200_WN_3,6216420,4216420,EX012,EX3600BH,DT058,HIT EH5000,A-185-08-23,47.8,183.17,103.074381,103.074381,281.496278,31.496077,84.984658,0,363408.19,6591865.41,198.3,STRAIGHT,183.2,504,20/10/2025,07:13:54,07:22:18,1950.309615,EX3600,250,22.0,10.0,32,281.496278,103.074381,61.941161,84.984658,31.496077,2342.497162,6259.237506
pattern_23,A1850823_200_WN_3,6216421,4216421,EX012,EX3600BH,DT022,CAT 793,A-185-08-23,37.89,169.69,113.722483,113.722483,312.277178,44.768012,86.905061,0,363410.55,6591867.11,199.09,STRAIGHT,169.7,456,20/10/2025,07:22:18,07:29:54,1646.148441,EX3600,225,22.0,10.0,32,312.277178,113.722483,66.881622,86.905061,44.768012,1956.184582,5400.786164
pattern_23,A1850823_200_WN_3,6216422,4216422,EX012,EX3600BH,DT025,CAT 793,A-185-08-23,44.5,157.27,100.351746,100.351746,310.847613,50.904057,97.347604,0,363414.03,6591872.33,199.7,RIGHT,157.3,497,20/10/2025,07:29:54,07:38:11,1465.684839,EX3600,225,22.0,10.0,32,310.847613,100.351746,62.244205,97.347604,50.904057,1821.331093,5007.922802
pattern_23,A1850823_200_WN_3,6216423,4216423,EX012,EX3600BH,DT051,HIT EH5000,A-185-08-23,31.81,159.65,105.474523,105.474523,294.592506,43.657093,84.460251,0,363412.72,6591869.1,199.92,STRAIGHT,159.7,487,20/10/2025,07:38:11,07:46:18,1619.134294,EX3600,250,22.0,10.0,32,294.592506,105.474523,61.000638,84.460251,43.657093,1951.012352,5286.980019
pattern_23,A1850823_200_WN_3,6216424,4216424,EX012,EX3600BH,DT021,CAT 793,A-185-08-23,45.99,157.01,105.443322,105.443322,304.342595,47.18939,92.530025,0,363410.23,6591868.28,198.53,STRAIGHT,157.0,477,20/10/2025,07:46:18,07:54:15,1601.345069,EX3600,225,22.0,10.0,32,304.342595,105.443322,59.179857,92.530025,47.18939,1857.221552,5039.873323
pattern_23,A1850823_200_WN_3,6216425,4216425,EX012,EX3600BH,DT026,CAT 793,A-185-08-23,37.5,155.25,120.148802,120.148802,319.003799,46.631443,81.8319,0,363413.18,6591868.74,198.57,STRAIGHT,155.2,427,20/10/2025,07:54:15,08:01:22,1444.1229,EX3600,225,22.0,10.0,32,319.003799,120.148802,70.391654,81.8319,46.631443,1751.973492,4671.296921
pattern_23,A1850823_200_WN_3,6216426,4216426,EX012,EX3600BH,DT046,CAT 793,A-185-08-23,41.84,152.34,104.377566,104.377566,295.277984,46.029892,84.983869,0,363413.55,6591869.47,198.45,RIGHT,152.3,502,20/10/2025,08:01:22,08:09:44,1554.858159,EX3600,225,22.0,10.0,32,295.277984,104.377566,59.886656,84.983869,46.029892,1857.350241,5033.817465
pattern_23,A1850823_200_WN_3,6216427,4216427,EX012,EX3600BH,DT022,CAT 793,A-185-08-23,40.64,158.53,103.069933,103.069933,301.8617,48.126963,89.075652,0,363408.83,6591869.29,198.37,RIGHT,158.5,405,20/10/2025,08:09:44,08:16:29,1609.266515,EX3600,225,22.0,10.0,32,301.8617,103.069933,61.589153,89.075652,48.126963,1890.665981,5024.001414
pattern_23,A1850823_200_WN_3,6216428,4216428,EX012,EX3600BH,DT011,CAT 793,A-185-08-23,38.85,163.77,135.470396,135.470396,334.324913,42.992345,98.393664,0,363410.47,6591876.29,198.68,RIGHT,163.8,510,20/10/2025,08:16:29,08:24:59,1485.468849,EX3600,225,22.0,10.0,32,334.324913,135.470396,57.468509,98.393664,42.992345,1763.433727,4440.185748
pattern_23,A1850823_200_WN_3,6216429,4216429,EX012,EX3600BH,DT036,CAT 793,A-185-08-23,30.13,158.47,115.862444,115.862444,299.453711,45.891881,81.60809,0,363415.0,6591878.94,198.1,RIGHT,158.5,482,20/10/2025,08:24:59,08:33:01,1601.061854,EX3600,225,22.0,10.0,32,299.453711,115.862444,56.091295,81.60809,45.891881,1905.094666,4944.830379
pattern_23,A1850823_200_WN_3,6216430,4216430,EX012,EX3600BH,DT009,CAT 793,A-185-08-23,40.9,153.79,137.598355,137.598355,327.130828,39.747626,93.324035,0,363412.37,6591878.91,198.68,STRAIGHT,153.8,514,20/10/2025,08:33:01,08:41:35,1413.554567,EX3600,225,22.0,10.0,32,327.130828,137.598355,56.460812,93.324035,39.747626,1692.400215,4487.292081
pattern_23,A1850823_200_WN_3,6216431,4216431,EX012,EX3600BH,DT032,CAT 793,A-185-08-23,33.82,156.28,138.723502,138.723502,350.416148,40.994411,96.182577,0,363414.12,6591878.73,198.92,RIGHT,156.3,468,20/10/2025,08:41:35,08:49:23,1312.337235,EX3600,225,22.0,10.0,32,350.416148,138.723502,74.515658,96.182577,40.994411,1605.548281,4312.924599
pattern_23,A1850823_200_WN_3,6216432,4216432,EX012,EX3600BH,DT086,HIT EH5000,A-185-08-23,38.58,169.01,141.959548,141.959548,346.770479,49.050225,91.305394,0,363416.73,6591874.99,198.74,LEFT,169.0,527,20/10/2025,08:49:23,08:58:10,1408.4416,EX3600,250,22.0,10.0,32,346.770479,141.959548,64.455311,91.305394,49.050225,1754.606139,4684.429569
pattern_23,A1850823_200_WN_3,6216433,4216433,EX012,EX3600BH,DT007,CAT 793,A-185-08-23,33.98,157.97,125.60577,125.60577,333.130777,40.434419,98.050924,0,363412.41,6591878.34,199.61,RIGHT,158.0,479,20/10/2025,08:58:10,09:06:09,1427.437644,EX3600,225,22.0,10.0,32,333.130777,125.60577,69.039663,98.050924,40.434419,1707.121509,4539.192968
pattern_23,A1850823_200_WN_3,6216434,4216434,EX012,EX3600BH,DT002,CAT 793,A-185-08-23,35.77,174.55,107.82216,107.82216,315.155914,50.340934,87.944576,0,363412.88,6591880.15,199.72,STRAIGHT,174.6,497,20/10/2025,09:06:09,09:14:26,1689.857175,EX3600,225,22.0,10.0,32,315.155914,107.82216,69.048243,87.944576,50.340934,1993.925349,5271.589692
pattern_23,A1850823_200_WN_3,6216435,4216435,EX012,EX3600BH,DT024,CAT 793,A-185-08-23,55.24,165.73,126.065334,126.065334,311.833309,48.231878,75.309525,0,363418.07,6591879.37,198.46,STRAIGHT,165.7,422,20/10/2025,09:14:26,09:21:28,1514.743628,EX3600,225,22.0,10.0,32,311.833309,126.065334,62.226573,75.309525,48.231878,1913.33602,5067.514835
pattern_23,A1850823_200_WN_3,6216436,4216436,EX012,EX3600BH,DT033,CAT 793,A-185-08-23,49.16,186.7,118.06056,118.06056,308.528518,39.555373,89.083945,0,363415.58,6591874.8,198.55,RIGHT,186.7,451,20/10/2025,09:21:28,09:28:59,1739.872847,EX3600,225,22.0,10.0,32,308.528518,118.06056,61.82864,89.083945,39.555373,2178.487371,5678.623116
pattern_23,A1850823_200_WN_3,6216437,4216437,EX012,EX3600BH,DT089,HIT EH5000,A-185-08-23,45.49,168.82,129.221641,129.221641,336.02347,50.476398,83.956454,0,363412.57,6591874.64,199.28,RIGHT,168.8,503,20/10/2025,09:28:59,09:37:22,1555.286153,EX3600,250,22.0,10.0,32,336.02347,129.221641,72.368977,83.956454,50.476398,1808.646939,4684.803319
pattern_23,A1850823_200_WN_3,6216438,4216438,EX012,EX3600BH,DT002,CAT 793,A-185-08-23,53.85,170.87,123.767666,123.767666,315.266437,52.243594,86.212385,0,363413.26,6591879.94,199.33,STRAIGHT,170.9,438,20/10/2025,09:37:22,09:44:40,1678.660004,EX3600,225,22.0,10.0,32,315.266437,123.767666,53.042793,86.212385,52.243594,1951.146777,5237.950991
pattern_23,A1850823_200_WN_3,6216439,4216439,EX012,EX3600BH,DT040,CAT 793,A-185-08-23,43.52,167.15,127.428543,127.428543,306.383723,45.034945,75.511583,0,363413.61,6591879.07,198.0,RIGHT,167.1,473,20/10/2025,09:44:40,09:52:33,1616.804738,EX3600,225,22.0,10.0,32,306.383723,127.428543,58.408652,75.511583,45.034945,1963.966896,4973.537414
pattern_23,A1850823_200_WN_3,6216440,4216440,EX012,EX3600BH,DT029,CAT 793,A-185-08-23,32.85,173.0,125.266478,125.266478,320.072977,39.438068,87.667474,0,363410.6,6591878.46,198.92,LEFT,173.0,485,20/10/2025,09:52:33,10:00:38,1592.006418,EX3600,225,22.0,10.0,32,320.072977,125.266478,67.700958,87.667474,39.438068,1945.784405,5140.124001
pattern_23,A1850823_200_WN_4,6216441,4216441,EX012,EX3600BH,DT028,CAT 793,A-185-08-23,58.55,175.64,112.415579,112.415579,293.314326,43.854803,69.645157,0,363417.91,6591886.37,198.21,STRAIGHT,175.6,407,20/10/2025,10:00:38,10:07:25,1799.795835,EX3600,225,22.0,10.0,32,293.314326,112.415579,67.398788,69.645157,43.854803,2155.733034,5691.054093
pattern_23,A1850823_200_WN_4,6216442,4216442,EX012,EX3600BH,DT014,CAT 793,A-185-08-23,41.49,175.39,108.003308,108.003308,282.543134,43.678714,72.514944,0,363418.36,6591884.78,199.52,STRAIGHT,175.4,453,20/10/2025,10:07:25,10:14:58,1993.862876,EX3600,225,22.0,10.0,32,282.543134,108.003308,58.346168,72.514944,43.678714,2234.709827,5754.148038
pattern_23,A1850823_200_WN_4,6216443,4216443,EX012,EX3600BH,DT037,CAT 793,A-185-08-23,41.13,178.13,124.324588,124.324588,318.541151,50.056771,78.86864,0,363415.38,6591887.93,198.56,STRAIGHT,178.1,463,20/10/2025,10:14:58,10:22:41,1690.113012,EX3600,225,22.0,10.0,32,318.541151,124.324588,65.291151,78.86864,50.056771,2013.124419,5281.897853
pattern_23,A1850823_200_WN_4,6216444,4216444,EX012,EX3600BH,DT004,CAT 793,A-185-08-23,39.41,171.65,120.981785,120.981785,319.321416,51.598266,95.389838,0,363417.59,6591884.45,199.04,STRAIGHT,171.7,534,20/10/2025,10:22:41,10:31:35,1743.97731,EX3600,225,22.0,10.0,32,319.321416,120.981785,51.351528,95.389838,51.598266,1935.193277,5354.503527
pattern_23,A1850823_200_WN_4,6216445,4216445,EX012,EX3600BH,DT054,HIT EH5000,A-185-08-23,47.96,180.76,132.301229,132.301229,332.86331,45.351239,88.274995,0,363416.97,6591889.14,199.81,RIGHT,180.8,440,20/10/2025,10:31:35,10:38:55,1504.752929,EX3600,250,22.0,10.0,32,332.86331,132.301229,66.935848,88.274995,45.351239,1954.917531,4921.335992
pattern_23,A1850823_200_WN_4,6216446,4216446,EX012,EX3600BH,DT086,HIT EH5000,A-185-08-23,44.32,158.66,117.566075,117.566075,307.344861,36.776664,87.889124,0,363418.35,6591883.63,199.43,LEFT,158.7,447,20/10/2025,10:38:55,10:46:22,1611.098186,EX3600,250,22.0,10.0,32,307.344861,117.566075,65.112998,87.889124,36.776664,1858.429971,4866.534559
pattern_23,A1850823_200_WN_4,6216447,4216447,EX012,EX3600BH,DT001,CAT 793,A-185-08-23,49.43,151.58,103.250717,103.250717,308.994754,51.944893,83.920781,0,363416.43,6591884.73,199.62,LEFT,151.6,438,20/10/2025,10:46:22,10:53:40,1406.276499,EX3600,225,22.0,10.0,32,308.994754,103.250717,69.878363,83.920781,51.944893,1765.956125,4829.971603
pattern_23,A1850823_200_WN_4,6216448,4216448,EX012,EX3600BH,DT031,CAT 793,A-185-08-23,50.81,158.98,121.639003,121.639003,308.855964,40.402497,82.059502,0,363415.06,6591886.41,199.27,STRAIGHT,159.0,460,20/10/2025,10:53:40,11:01:20,1487.620476,EX3600,225,22.0,10.0,32,308.855964,121.639003,64.754963,82.059502,40.402497,1853.110278,4897.551603
pattern_23,A1850823_200_WN_4,6216449,4216449,EX012,EX3600BH,DT042,CAT 793,A-185-08-23,32.42,149.14,121.200074,121.200074,324.852474,48.850463,86.00907,0,363414.49,6591882.6,199.97,STRAIGHT,149.1,517,20/10/2025,11:01:20,11:09:57,1347.121628,EX3600,225,22.0,10.0,32,324.852474,121.200074,68.792867,86.00907,48.850463,1652.760824,4353.508547
pattern_23,A1850823_200_WN_4,6216450,4216450,EX012,EX3600BH,DT011,CAT 793,A-185-08-23,43.93,158.46,118.051645,118.051645,319.73654,42.30884,93.343566,0,363415.07,6591883.34,199.08,RIGHT,158.5,480,20/10/2025,11:09:57,11:17:57,1449.181368,EX3600,225,22.0,10.0,32,319.73654,118.051645,66.032489,93.343566,42.30884,1784.112158,4493.000015
pattern_23,A1850823_200_WN_4,6216451,4216451,EX012,EX3600BH,DT016,CAT 793,A-185-08-23,31.36,159.66,117.97914,117.97914,308.890198,44.268814,84.872301,0,363419.6,6591884.44,199.24,LEFT,159.7,395,20/10/2025,11:17:57,11:24:32,1590.008881,EX3600,225,22.0,10.0,32,308.890198,117.97914,61.769943,84.872301,44.268814,1860.742895,4963.059848
pattern_23,A1850823_200_WN_4,6216452,4216452,EX012,EX3600BH,DT025,CAT 793,A-185-08-23,33.49,151.36,105.100613,105.100613,281.521985,34.13553,88.138525,0,363419.42,6591889.59,199.12,STRAIGHT,151.4,400,20/10/2025,11:24:32,11:31:12,1708.031811,EX3600,225,22.0,10.0,32,281.521985,105.100613,54.147317,88.138525,34.13553,1935.589802,4934.327403
pattern_23,A1850823_200_WN_4,6216453,4216453,EX012,EX3600BH,DT008,CAT 793,A-185-08-23,31.35,174.21,112.6999,112.6999,301.63771,44.983127,86.447632,0,363415.75,6591896.5,198.77,LEFT,174.2,382,20/10/2025,11:31:12,11:37:34,1768.23297,EX3600,225,22.0,10.0,32,301.63771,112.6999,57.507051,86.447632,44.983127,2079.187263,5075.605432
pattern_23,A1850823_200_WN_4,6216454,4216454,EX012,EX3600BH,DT016,CAT 793,A-185-08-23,45.63,184.12,128.630031,128.630031,303.739294,35.236785,82.702871,0,363417.99,6591889.76,198.45,RIGHT,184.1,452,20/10/2025,11:37:34,11:45:06,1817.600866,EX3600,225,22.0,10.0,32,303.739294,128.630031,57.169607,82.702871,35.236785,2182.18961,5830.974455
pattern_23,A1850823_200_WN_4,6216455,4216455,EX012,EX3600BH,DT025,CAT 793,A-185-08-23,34.72,168.86,125.735229,125.735229,316.173096,50.143471,83.683672,0,363419.05,6591894.05,198.6,STRAIGHT,168.9,461,20/10/2025,11:45:06,11:52:47,1651.975604,EX3600,225,22.0,10.0,32,316.173096,125.735229,56.610724,83.683672,50.143471,1922.705997,5057.445733
pattern_23,A1850823_200_WN_4,6216456,4216456,EX012,EX3600BH,DT041,CAT 793,A-185-08-23,39.31,163.19,124.99892,124.99892,322.759732,44.780425,97.778114,0,363417.31,6591894.97,199.09,RIGHT,163.2,490,20/10/2025,11:52:47,12:00:57,1603.578092,EX3600,225,22.0,10.0,32,322.759732,124.99892,55.202273,97.778114,44.780425,1820.172926,4860.212221
pattern_23,A1850823_200_WN_4,6216457,4216457,EX012,EX3600BH,DT040,CAT 793,A-185-08-23,53.49,160.46,112.80738,112.80738,299.002858,36.504436,87.766548,0,363420.3,6591892.22,199.06,RIGHT,160.5,475,20/10/2025,12:00:57,12:08:52,1501.805959,EX3600,225,22.0,10.0,32,299.002858,112.80738,61.924495,87.766548,36.504436,1931.934152,5128.70842
pattern_23,A1850823_200_WN_4,6216458,4216458,EX012,EX3600BH,DT043,CAT 793,A-185-08-23,38.55,163.97,117.811961,117.811961,304.185764,39.535287,92.45873,0,363415.56,6591896.7,199.84,LEFT,164.0,422,20/10/2025,12:08:52,12:15:54,1691.4489,EX3600,225,22.0,10.0,32,304.185764,117.811961,54.379786,92.45873,39.535287,1940.621328,5190.390011
pattern_23,A1850823_200_WN_4,6216459,4216459,EX012,EX3600BH,DT027,CAT 793,A-185-08-23,44.22,172.01,131.351193,131.351193,338.48252,44.232267,106.443331,0,363417.77,6591894.68,199.98,LEFT,172.0,504,20/10/2025,12:15:54,12:24:18,1513.472135,EX3600,225,22.0,10.0,32,338.48252,131.351193,56.455728,106.443331,44.232267,1829.493166,4855.785624
pattern_23,A1850823_200_WN_4,6216460,4216460,EX012,EX3600BH,DT037,CAT 793,A-185-08-23,56.14,168.41,131.326235,131.326235,324.240933,43.608057,78.269149,0,363418.37,6591898.02,198.94,LEFT,168.4,465,20/10/2025,12:24:18,12:32:03,1560.928692,EX3600,225,22.0,10.0,32,324.240933,131.326235,71.037492,78.269149,43.608057,1869.849406,4788.611372
pattern_23,A1850823_200_WN_4,6216461,4216461,EX012,EX3600BH,DT002,CAT 793,A-185-08-23,56.17,168.94,113.711903,113.711903,312.861598,39.845354,89.262083,0,363418.76,6591892.98,198.78,RIGHT,168.9,422,20/10/2025,12:32:03,12:39:05,1755.01812,EX3600,225,22.0,10.0,32,312.861598,113.711903,70.042258,89.262083,39.845354,1943.984657,5094.815232
pattern_23,A1850823_200_WN_4,6216462,4216462,EX012,EX3600BH,DT013,CAT 793,A-185-08-23,31.19,147.53,111.529233,111.529233,301.569968,40.197038,89.49178,0,363423.59,6591895.43,198.64,LEFT,147.5,453,20/10/2025,12:39:05,12:46:38,1535.457526,EX3600,225,22.0,10.0,32,301.569968,111.529233,60.351918,89.49178,40.197038,1761.18158,4528.615693
pattern_23,A1850823_200_WN_4,6216463,4216463,EX012,EX3600BH,DT086,HIT EH5000,A-185-08-23,33.12,151.71,116.716189,116.716189,316.072594,43.255372,87.747204,0,363417.41,6591892.7,198.4,RIGHT,151.7,419,20/10/2025,12:46:38,12:53:37,1365.133364,EX3600,250,22.0,10.0,32,316.072594,116.716189,68.35383,87.747204,43.255372,1727.987723,4659.301458
pattern_23,A1850823_200_WN_4,6216464,4216464,EX012,EX3600BH,DT045,CAT 793,A-185-08-23,47.89,156.55,129.403484,129.403484,315.799492,46.958976,82.468298,0,363416.86,6591895.04,198.34,RIGHT,156.6,465,20/10/2025,12:53:37,13:01:22,1528.645927,EX3600,225,22.0,10.0,32,315.799492,129.403484,56.968734,82.468298,46.958976,1784.616477,4485.00469
pattern_23,A1850823_200_WN_4,6216465,4216465,EX012,EX3600BH,DT007,CAT 793,A-185-08-23,34.62,165.13,124.533908,124.533908,321.258793,47.283048,88.254007,0,363414.27,6591890.53,198.62,RIGHT,165.1,497,20/10/2025,13:01:22,13:09:39,1544.960348,EX3600,225,22.0,10.0,32,321.258793,124.533908,61.18783,88.254007,47.283048,1850.42405,4739.978279
pattern_23,A1850823_200_WN_4,6216466,4216466,EX012,EX3600BH,DT029,CAT 793,A-185-08-23,36.13,158.93,121.869656,121.869656,319.33963,43.628806,92.172219,0,363419.15,6591898.39,198.4,RIGHT,158.9,494,20/10/2025,13:09:39,13:17:53,1520.290284,EX3600,225,22.0,10.0,32,319.33963,121.869656,61.668949,92.172219,43.628806,1791.679304,4247.684794
pattern_23,A1850823_200_WN_4,6216467,4216467,EX012,EX3600BH,DT016,CAT 793,A-185-08-23,40.11,154.62,119.087882,119.087882,293.115896,44.093964,79.726578,0,363421.53,6591901.27,198.89,RIGHT,154.6,447,20/10/2025,13:17:53,13:25:20,1628.481158,EX3600,225,22.0,10.0,32,293.115896,119.087882,50.207472,79.726578,44.093964,1899.031162,4855.649066
pattern_23,A1850823_200_WN_4,6216468,4216468,EX012,EX3600BH,DT046,CAT 793,A-185-08-23,56.46,169.38,144.689332,144.689332,344.162802,46.194497,85.516518,0,363422.0,6591900.09,200.04,LEFT,169.4,534,20/10/2025,13:25:20,13:34:14,1494.696461,EX3600,225,22.0,10.0,32,344.162802,144.689332,67.762455,85.516518,46.194497,1771.73217,4283.661017
pattern_23,A1850823_200_WN_4,6216469,4216469,EX012,EX3600BH,DT016,CAT 793,A-185-08-23,42.19,165.18,127.722238,127.722238,324.768453,47.042051,90.87314,0,363419.94,6591903.53,199.07,RIGHT,165.2,472,20/10/2025,13:34:14,13:42:06,1525.671412,EX3600,225,22.0,10.0,32,324.768453,127.722238,59.131024,90.87314,47.042051,1831.032644,4515.035502
pattern_23,A1850823_200_WN_4,6216470,4216470,EX012,EX3600BH,DT034,CAT 793,A-185-08-23,51.99,155.97,138.366497,138.366497,336.629593,40.56235,96.360005,0,363420.64,6591900.57,198.6,LEFT,156.0,480,20/10/2025,13:42:06,13:50:06,1258.427323,EX3600,225,22.0,10.0,32,336.629593,138.366497,61.340741,96.360005,40.56235,1667.965255,4262.880113
pattern_23,A1850823_200_WN_4,6216471,4216471,EX012,EX3600BH,DT061,HIT EH5000,A-185-08-23,45.18,154.09,123.941663,123.941663,319.902494,37.945457,86.694717,0,363420.2,6591899.76,198.74,LEFT,154.1,514,20/10/2025,13:50:06,13:58:40,1451.68376,EX3600,250,22.0,10.0,32,319.902494,123.941663,71.320657,86.694717,37.945457,1734.075654,4189.24407
pattern_23,A1850823_200_WN_4,6216472,4216472,EX012,EX3600BH,DT084,HIT EH5000,A-185-08-23,43.16,160.23,147.102733,147.102733,352.669449,38.370452,89.87806,0,363418.14,6591898.83,199.59,STRAIGHT,160.2,488,20/10/2025,13:58:40,14:06:48,1265.259467,EX3600,250,22.0,10.0,32,352.669449,147.102733,77.318204,89.87806,38.370452,1635.608332,4025.435868
pattern_23,A1850823_200_WN_4,6216473,4216473,EX012,EX3600BH,DT080,HIT EH5000,A-185-08-23,33.92,174.59,151.301518,151.301518,348.754768,38.882599,95.800504,0,363419.82,6591902.38,199.85,RIGHT,174.6,493,20/10/2025,14:06:48,14:15:01,1508.507772,EX3600,250,22.0,10.0,32,348.754768,151.301518,62.770147,95.800504,38.882599,1802.233103,4328.613169
pattern_23,A1850823_200_WN_4,6216474,4216474,EX012,EX3600BH,DT085,HIT EH5000,A-185-08-23,51.95,176.71,144.766833,144.766833,345.820529,44.838385,97.620002,0,363420.15,6591898.68,198.94,LEFT,176.7,545,20/10/2025,14:15:01,14:24:06,1412.109347,EX3600,250,22.0,10.0,32,345.820529,144.766833,58.595308,97.620002,44.838385,1839.550571,4377.88079
pattern_23,A1850823_200_WN_4,6216475,4216475,EX012,EX3600BH,DT039,CAT 793,A-185-08-23,35.89,162.91,134.720413,134.720413,334.693138,46.975919,87.125883,0,363421.85,6591903.3,199.16,STRAIGHT,162.9,466,20/10/2025,14:24:06,14:31:52,1554.936088,EX3600,225,22.0,10.0,32,334.693138,134.720413,65.870923,87.125883,46.975919,1752.294562,4324.320678
pattern_23,A1850823_200_WN_4,6216476,4216476,EX012,EX3600BH,DT007,CAT 793,A-185-08-23,33.24,160.05,152.93049,152.93049,348.246409,39.711416,88.320144,0,363419.4,6591901.25,198.72,STRAIGHT,160.1,470,20/10/2025,14:31:52,14:39:42,1397.472491,EX3600,225,22.0,10.0,32,348.246409,152.93049,67.28436,88.320144,39.711416,1654.526724,4208.439452
pattern_23,A1850823_200_WN_4,6216477,4216477,EX012,EX3600BH,DT073,HIT EH5000,A-185-08-23,51.04,164.99,114.839069,114.839069,331.566212,45.513728,97.24625,0,363423.23,6591900.63,199.37,RIGHT,165.0,519,20/10/2025,14:39:42,14:48:21,1484.925384,EX3600,250,22.0,10.0,32,331.566212,114.839069,73.967165,97.24625,45.513728,1791.428982,4233.14346
pattern_23,A1850823_200_WN_4,6216478,4216478,EX012,EX3600BH,DT004,CAT 793,A-185-08-23,47.45,162.47,118.368579,118.368579,316.838946,40.926542,98.787016,0,363420.28,6591900.71,199.81,LEFT,162.5,450,20/10/2025,14:48:21,14:55:51,1545.456806,EX3600,225,22.0,10.0,32,316.838946,118.368579,58.756808,98.787016,40.926542,1846.069534,4451.601244
pattern_23,A1850823_200_WN_3,6216479,4216479,EX012,EX3600BH,DT014,CAT 793,A-185-08-23,30.36,143.21,122.840709,122.840709,323.431423,50.336854,87.414951,0,363417.85,6591875.16,199.43,STRAIGHT,143.2,566,20/10/2025,14:55:51,15:05:17,1343.34518,EX3600,225,22.0,10.0,32,323.431423,122.840709,62.83891,87.414951,50.336854,1594.044571,4186.627758
pattern_23,A1850823_200_WN_3,6216480,4216480,EX012,EX3600BH,DT003,CAT 793,A-185-08-23,51.52,154.55,111.615982,111.615982,309.296165,43.904308,88.510135,0,363418.14,6591869.8,199.48,LEFT,154.6,477,20/10/2025,15:05:17,15:13:14,1475.878113,EX3600,225,22.0,10.0,32,309.296165,111.615982,65.265741,88.510135,43.904308,1798.914194,4800.685252
pattern_23,A1850823_200_WN_3,6216481,4216481,EX012,EX3600BH,DT050,HIT EH5000,A-185-08-23,40.81,162.96,111.84742,111.84742,301.270475,36.968264,87.057551,0,363418.31,6591873.83,198.77,STRAIGHT,163.0,417,20/10/2025,15:13:14,15:20:11,1641.972624,EX3600,250,22.0,10.0,32,301.270475,111.84742,65.397239,87.057551,36.968264,1947.301751,5096.359509
pattern_23,A1850823_200_WN_3,6216482,4216482,EX012,EX3600BH,DT009,CAT 793,A-185-08-23,36.75,158.8,115.190473,115.190473,327.016139,42.829908,102.005767,0,363421.51,6591872.63,199.21,STRAIGHT,158.8,471,20/10/2025,15:20:11,15:28:02,1501.618579,EX3600,225,22.0,10.0,32,327.016139,115.190473,66.989991,102.005767,42.829908,1748.129171,4356.823755
pattern_23,A1850823_200_WN_3,6216483,4216483,EX012,EX3600BH,DT016,CAT 793,A-185-08-23,44.97,178.7,134.149367,134.149367,332.882871,42.059842,93.16579,0,363421.91,6591874.8,198.9,LEFT,178.7,552,20/10/2025,15:28:02,15:37:14,1651.536543,EX3600,225,22.0,10.0,32,332.882871,134.149367,63.50787,93.16579,42.059842,1932.612819,5156.556556
pattern_23,A1850823_200_WN_3,6216484,4216484,EX012,EX3600BH,DT010,CAT 793,A-185-08-23,37.25,174.51,123.904969,123.904969,317.86474,44.394326,88.435303,0,363421.2,6591868.16,199.78,LEFT,174.5,510,20/10/2025,15:37:14,15:45:44,1639.554632,EX3600,225,22.0,10.0,32,317.86474,123.904969,61.130142,88.435303,44.394326,1976.429315,5480.668713
pattern_23,A1850823_200_WN_3,6216485,4216485,EX012,EX3600BH,DT011,CAT 793,A-185-08-23,34.95,157.78,139.622353,139.622353,332.54666,49.142309,75.942339,0,363421.75,6591873.5,200.07,STRAIGHT,157.8,421,20/10/2025,15:45:44,15:52:45,1416.756273,EX3600,225,22.0,10.0,32,332.54666,139.622353,67.839659,75.942339,49.142309,1708.105559,4571.885549
pattern_23,A1850823_200_WN_3,6216486,4216486,EX012,EX3600BH,DT088,HIT EH5000,A-185-08-23,35.34,155.15,112.73709,112.73709,317.677919,42.862536,104.47608,0,363416.31,6591875.56,199.06,LEFT,155.1,507,20/10/2025,15:52:45,16:01:12,1419.496846,EX3600,250,22.0,10.0,32,317.677919,112.73709,57.602213,104.47608,42.862536,1758.148876,4665.671662
pattern_23,A1850823_200_WN_3,6216487,4216487,EX012,EX3600BH,DT010,CAT 793,A-185-08-23,38.32,155.73,102.91627,102.91627,292.740645,43.349044,88.989045,0,363419.59,6591873.36,198.97,RIGHT,155.7,439,20/10/2025,16:01:12,16:08:31,1535.589049,EX3600,225,22.0,10.0,32,292.740645,102.91627,57.486286,88.989045,43.349044,1915.052072,4968.854759
pattern_23,A1850823_200_WN_3,6216488,4216488,EX012,EX3600BH,DT020,CAT 793,A-185-08-23,52.48,162.18,100.344487,100.344487,297.903149,43.40226,95.606526,0,363419.66,6591872.52,199.08,RIGHT,162.2,511,20/10/2025,16:08:31,16:17:02,1652.251798,EX3600,225,22.0,10.0,32,297.903149,100.344487,58.549877,95.606526,43.40226,1959.857149,4957.742789
pattern_23,A1850823_200_WN_3,6216489,4216489,EX012,EX3600BH,DT072,HIT EH5000,A-185-08-23,48.47,184.97,123.762083,123.762083,305.999499,36.823974,96.657406,0,363420.67,6591875.82,199.07,LEFT,185.0,489,20/10/2025,16:17:02,16:25:11,1742.057497,EX3600,250,22.0,10.0,32,305.999499,123.762083,48.756036,96.657406,36.823974,2176.146339,5991.621322
pattern_23,A1850823_200_WN_3,6216490,4216490,EX012,EX3600BH,DT023,CAT 793,A-185-08-23,37.76,162.7,124.08517,124.08517,296.676965,41.086037,77.081576,0,363420.84,6591871.45,198.49,STRAIGHT,162.7,474,20/10/2025,16:25:11,16:33:05,1653.049958,EX3600,225,22.0,10.0,32,296.676965,124.08517,54.424182,77.081576,41.086037,1974.230942,5248.667669
pattern_23,A1850823_200_WN_4,6216491,4216491,EX012,EX3600BH,DT008,CAT 793,A-185-08-23,30.74,152.87,111.354545,111.354545,312.962754,40.131433,93.542407,0,363421.92,6591879.18,198.91,LEFT,152.9,521,20/10/2025,16:33:05,16:41:46,1447.570465,EX3600,225,22.0,10.0,32,312.962754,111.354545,67.934368,93.542407,40.131433,1758.46357,4275.969855
pattern_23,A1850823_200_WN_4,6216492,4216492,EX012,EX3600BH,DT051,HIT EH5000,A-185-08-23,31.94,144.35,121.521572,121.521572,312.631052,43.284825,79.925341,0,363421.22,6591880.81,198.53,STRAIGHT,144.4,464,20/10/2025,16:41:46,16:49:30,1366.477395,EX3600,250,22.0,10.0,32,312.631052,121.521572,67.899314,79.925341,43.284825,1662.217172,4336.562055
pattern_23,A1850823_200_WN_4,6216493,4216493,EX012,EX3600BH,DT033,CAT 793,A-185-08-23,40.6,146.85,104.206986,104.206986,293.105133,41.447412,78.680398,0,363424.16,6591879.79,199.21,STRAIGHT,146.9,382,20/10/2025,16:49:30,16:55:52,1628.391415,EX3600,225,22.0,10.0,32,293.105133,104.206986,68.770337,78.680398,41.447412,1803.705264,4849.755537
pattern_23,A1850823_200_WN_4,6216494,4216494,EX012,EX3600BH,DT013,CAT 793,A-185-08-23,32.61,152.68,99.442394,99.442394,299.689569,42.461351,101.29652,0,363420.45,6591879.13,198.41,LEFT,152.7,398,20/10/2025,16:55:52,17:02:30,1551.976145,EX3600,225,22.0,10.0,32,299.689569,99.442394,56.489304,101.29652,42.461351,1834.078276,4828.894792
pattern_23,A1850823_200_WN_4,6216495,4216495,EX012,EX3600BH,DT007,CAT 793,A-185-08-23,54.93,164.79,107.082603,107.082603,317.041158,52.099383,94.726638,0,363421.25,6591881.85,199.03,RIGHT,164.8,470,20/10/2025,17:02:30,17:10:20,1500.482467,EX3600,225,22.0,10.0,32,317.041158,107.082603,63.132533,94.726638,52.099383,1871.163724,4982.580108
pattern_23,A1850823_200_WN_4,6216496,4216496,EX012,EX3600BH,DT041,CAT 793,A-185-08-23,38.77,166.25,112.948046,112.948046,326.028603,51.440131,93.534395,0,363419.52,6591879.19,198.78,STRAIGHT,166.2,466,20/10/2025,17:10:20,17:18:06,1607.754126,EX3600,225,22.0,10.0,32,326.028603,112.948046,68.106032,93.534395,51.440131,1835.695307,5115.457298
pattern_23,A1850823_200_WN_4,6216497,4216497,EX012,EX3600BH,DT014,CAT 793,A-185-08-23,39.3,174.54,126.752256,126.752256,325.120698,41.96225,90.142031,0,363423.98,6591879.46,198.77,RIGHT,174.5,467,20/10/2025,17:18:06,17:25:53,1549.115849,EX3600,225,22.0,10.0,32,325.120698,126.752256,66.264161,90.142031,41.96225,1932.656858,5032.990605
pattern_23,A1850823_200_WN_4,6216498,4216498,EX012,EX3600BH,DT017,CAT 793,A-185-08-23,35.6,153.34,114.99023,114.99023,304.727581,41.225643,91.78173,0,363420.25,6591880.29,198.27,STRAIGHT,153.3,468,20/10/2025,17:25:53,17:33:41,1590.872152,EX3600,225,22.0,10.0,32,304.727581,114.99023,56.729979,91.78173,41.225643,1811.545376,4921.220927
pattern_23,A1850823_200_WN_4,6216499,4216499,EX012,EX3600BH,DT013,CAT 793,A-185-08-23,33.58,150.24,113.499544,113.499544,301.143478,42.172581,88.857712,0,363421.65,6591876.83,198.47,LEFT,150.2,537,20/10/2025,17:33:41,17:42:38,1547.128434,EX3600,225,22.0,10.0,32,301.143478,113.499544,56.613641,88.857712,42.172581,1796.004426,4911.766448
pattern_23,A1850823_200_WN_4,6216500,4216500,EX012,EX3600BH,DT010,CAT 793,A-185-08-23,41.3,154.99,120.721636,120.721636,312.617327,44.124851,86.380343,0,363423.4,6591875.9,198.97,STRAIGHT,155.0,503,20/10/2025,17:42:38,17:51:01,1507.116597,EX3600,225,22.0,10.0,32,312.617327,120.721636,61.390497,86.380343,44.124851,1784.843561,4948.694706
pattern_23,A1850823_200_WN_4,6216501,4216501,EX012,EX3600BH,DT043,CAT 793,A-185-08-23,34.49,168.09,121.997196,121.997196,312.814546,40.545289,89.091208,0,363422.43,6591885.42,198.58,STRAIGHT,168.1,454,20/10/2025,17:51:01,17:58:35,1668.666062,EX3600,225,22.0,10.0,32,312.814546,121.997196,61.180853,89.091208,40.545289,1934.499268,5134.698223
pattern_23,A1850823_200_WN_4,6216502,4216502,EX012,EX3600BH,DT017,CAT 793,A-185-08-23,54.3,168.75,116.775536,116.775536,317.574366,49.033011,90.683021,0,363422.22,6591880.93,198.89,LEFT,168.8,527,20/10/2025,17:58:35,18:07:22,1507.687504,EX3600,225,22.0,10.0,32,317.574366,116.775536,61.082798,90.683021,49.033011,1912.952251,5273.579115
pattern_23,A1850823_200_WN_4,6216503,4216503,EX012,EX3600BH,DT020,CAT 793,A-185-08-23,41.41,158.67,102.888971,102.888971,318.268578,46.755223,100.113875,0,363420.33,6591883.11,199.41,RIGHT,158.7,524,20/10/2025,18:07:22,18:16:06,1455.997173,EX3600,225,22.0,10.0,32,318.268578,102.888971,68.510509,100.113875,46.755223,1794.752505,4784.876079
pattern_23,A1850823_200_WN_4,6216504,4216504,EX012,EX3600BH,DT036,CAT 793,A-185-08-23,37.69,163.31,110.660398,110.660398,300.052052,46.692179,86.62921,0,363417.25,6591882.24,198.64,LEFT,163.3,462,20/10/2025,18:16:06,18:23:48,1673.744185,EX3600,225,22.0,10.0,32,300.052052,110.660398,56.070264,86.62921,46.692179,1959.39133,5323.921705
pattern_23,A1850823_200_WN_5,6216505,4216505,EX012,EX3600BH,DT052,HIT EH5000,A-185-08-23,51.9,155.69,133.500075,133.500075,340.749467,44.119647,106.362233,0,363425.06,6591889.88,198.63,RIGHT,155.7,468,20/10/2025,18:23:48,18:31:36,1316.871627,EX3600,250,22.0,10.0,32,340.749467,133.500075,56.767513,106.362233,44.119647,1644.896795,4077.753094
pattern_23,A1850823_200_WN_5,6216506,4216506,EX012,EX3600BH,DT050,HIT EH5000,A-185-08-23,30.83,137.86,134.35933,134.35933,323.461424,39.666657,79.281976,0,363423.49,6591890.14,199.3,RIGHT,137.9,436,20/10/2025,18:31:36,18:38:52,1336.818457,EX3600,250,22.0,10.0,32,323.461424,134.35933,70.15346,79.281976,39.666657,1534.298171,3993.787484
pattern_23,A1850823_200_WN_5,6216507,4216507,EX012,EX3600BH,DT012,CAT 793,A-185-08-23,41.49,144.29,124.178124,124.178124,303.733582,36.021699,73.533635,0,363424.55,6591887.61,199.72,STRAIGHT,144.3,464,20/10/2025,18:38:52,18:46:36,1573.061121,EX3600,225,22.0,10.0,32,303.733582,124.178124,70.000124,73.533635,36.021699,1710.22506,4280.215009
pattern_23,A1850823_200_WN_5,6216508,4216508,EX012,EX3600BH,DT021,CAT 793,A-185-08-23,31.34,157.02,108.802072,108.802072,306.380244,47.908762,77.092827,0,363421.47,6591890.31,199.55,STRAIGHT,157.0,482,20/10/2025,18:46:36,18:54:38,1567.226823,EX3600,225,22.0,10.0,32,306.380244,108.802072,72.576583,77.092827,47.908762,1844.989474,4739.022402
pattern_23,A1850823_200_WN_5,6216509,4216509,EX012,EX3600BH,DT043,CAT 793,A-185-08-23,42.16,163.14,129.545994,129.545994,322.397386,40.133636,85.795515,0,363422.15,6591891.17,199.23,STRAIGHT,163.1,483,20/10/2025,18:54:38,19:02:41,1474.828106,EX3600,225,22.0,10.0,32,322.397386,129.545994,66.92224,85.795515,40.133636,1821.65786,4432.393293
pattern_23,A1850823_200_WN_5,6216510,4216510,EX012,EX3600BH,DT036,CAT 793,A-185-08-23,55.37,166.12,122.942574,122.942574,309.729441,35.941397,90.908829,0,363422.21,6591884.46,198.63,RIGHT,166.1,480,20/10/2025,19:02:41,19:10:41,1602.992222,EX3600,225,22.0,10.0,32,309.729441,122.942574,59.936642,90.908829,35.941397,1930.833267,4952.924435
pattern_23,A1850823_200_WN_5,6216511,4216511,EX012,EX3600BH,DT021,CAT 793,A-185-08-23,27.76,166.57,126.162297,126.162297,306.437907,42.26806,77.818142,0,363423.77,6591885.28,198.36,STRAIGHT,166.6,462,20/10/2025,19:10:41,19:18:23,1603.388056,EX3600,225,22.0,10.0,32,306.437907,126.162297,60.189409,77.818142,42.26806,1956.812186,5110.386407
pattern_23,A1850823_200_WN_5,6216512,4216512,EX012,EX3600BH,DT070,HIT EH5000,A-185-08-23,44.18,175.04,104.942539,104.942539,287.513501,46.557191,81.631693,0,363422.9,6591888.33,199.46,RIGHT,175.0,442,20/10/2025,19:18:23,19:25:45,1801.210573,EX3600,250,22.0,10.0,32,287.513501,104.942539,54.382078,81.631693,46.557191,2191.699711,5771.551361
pattern_23,A1850823_200_WN_5,6216513,4216513,EX012,EX3600BH,DT046,CAT 793,A-185-08-23,59.44,178.31,126.540176,126.540176,309.154513,38.19727,90.995168,0,363424.52,6591887.17,199.05,RIGHT,178.3,447,20/10/2025,19:25:45,19:33:12,1783.000843,EX3600,225,22.0,10.0,32,309.154513,126.540176,53.4219,90.995168,38.19727,2076.33584,5509.261746
pattern_23,A1850823_200_WN_5,6216514,4216514,EX012,EX3600BH,DT090,HIT EH5000,A-185-08-23,35.27,173.67,111.228925,111.228925,290.919032,42.334559,85.387192,0,363426.03,6591890.14,198.97,LEFT,173.7,479,20/10/2025,19:33:12,19:41:11,1942.468117,EX3600,250,22.0,10.0,32,290.919032,111.228925,51.968355,85.387192,42.334559,2149.133607,5305.106806
pattern_23,A1850823_200_WN_5,6216515,4216515,EX012,EX3600BH,DT009,CAT 793,A-185-08-23,35.2,170.53,118.690997,118.690997,322.774683,48.358129,87.657525,0,363422.98,6591886.38,199.23,LEFT,170.5,505,20/10/2025,19:41:11,19:49:36,1571.270273,EX3600,225,22.0,10.0,32,322.774683,118.690997,68.068032,87.657525,48.358129,1901.925697,4666.183617
pattern_23,A1850823_200_WN_5,6216516,4216516,EX012,EX3600BH,DT064,HIT EH5000,A-185-08-23,56.06,168.18,131.402938,131.402938,338.793237,43.444097,95.138947,0,363422.46,6591890.25,199.15,RIGHT,168.2,503,20/10/2025,19:49:36,19:57:59,1542.803765,EX3600,250,22.0,10.0,32,338.793237,131.402938,68.807255,95.138947,43.444097,1787.113959,4434.756651
pattern_23,A1850823_200_WN_5,6216517,4216517,EX012,EX3600BH,DT041,CAT 793,A-185-08-23,45.32,164.6,109.237031,109.237031,322.088255,43.989758,101.451342,0,363427.71,6591887.43,198.98,STRAIGHT,164.6,469,20/10/2025,19:57:59,20:05:48,1493.241132,EX3600,225,22.0,10.0,32,322.088255,109.237031,67.410123,101.451342,43.989758,1839.752414,4622.843945
pattern_23,A1850823_200_WN_5,6216518,4216518,EX012,EX3600BH,DT042,CAT 793,A-185-08-23,34.54,176.65,134.763748,134.763748,334.441896,39.882342,94.472297,0,363421.15,6591892.15,199.6,STRAIGHT,176.7,515,20/10/2025,20:05:48,20:14:23,1653.497745,EX3600,225,22.0,10.0,32,334.441896,134.763748,65.323509,94.472297,39.882342,1901.53093,4801.567872
pattern_23,A1850823_200_WN_5,6216519,4216519,EX012,EX3600BH,DT087,HIT EH5000,A-185-08-23,45.26,159.73,132.751629,132.751629,339.098918,47.976721,96.135444,0,363426.99,6591894.72,199.24,STRAIGHT,159.7,490,20/10/2025,20:14:23,20:22:33,1491.409788,EX3600,250,22.0,10.0,32,339.098918,132.751629,62.235124,96.135444,47.976721,1695.752041,4153.85356
pattern_23,A1850823_200_WN_5,6216520,4216520,EX012,EX3600BH,DT021,CAT 793,A-185-08-23,39.59,153.75,102.175233,102.175233,298.010263,39.206844,83.458642,0,363424.62,6591895.57,199.46,LEFT,153.7,466,20/10/2025,20:22:33,20:30:19,1532.566253,EX3600,225,22.0,10.0,32,298.010263,102.175233,73.169544,83.458642,39.206844,1857.29285,4601.077513
pattern_23,A1850823_200_WN_5,6216521,4216521,EX012,EX3600BH,DT041,CAT 793,A-185-08-23,41.13,152.79,128.493933,128.493933,327.020612,43.326208,93.520027,0,363426.11,6591896.43,199.92,STRAIGHT,152.8,565,20/10/2025,20:30:19,20:39:44,1414.208157,EX3600,225,22.0,10.0,32,327.020612,128.493933,61.680444,93.520027,43.326208,1682.021042,4125.624696
pattern_23,A1850823_200_WN_5,6216522,4216522,EX012,EX3600BH,DT010,CAT 793,A-185-08-23,36.9,146.88,111.189229,111.189229,288.083246,35.968802,81.314472,0,363423.09,6591898.32,199.69,LEFT,146.9,490,20/10/2025,20:39:44,20:47:54,1522.021743,EX3600,225,22.0,10.0,32,288.083246,111.189229,59.610742,81.314472,35.968802,1835.459633,4675.609854
pattern_23,A1850823_200_WN_5,6216523,4216523,EX012,EX3600BH,DT016,CAT 793,A-185-08-23,40.7,153.34,121.716583,121.716583,332.505005,45.240707,96.498536,0,363422.15,6591894.91,199.42,STRAIGHT,153.3,468,20/10/2025,20:47:54,20:55:42,1365.441164,EX3600,225,22.0,10.0,32,332.505005,121.716583,69.049178,96.498536,45.240707,1660.224926,4121.672454
pattern_23,A1850823_200_WN_5,6216524,4216524,EX012,EX3600BH,DT087,HIT EH5000,A-185-08-23,46.41,153.64,140.617247,140.617247,346.662343,44.393475,93.650738,0,363424.58,6591895.38,198.48,LEFT,153.6,444,20/10/2025,20:55:42,21:03:06,1350.52484,EX3600,250,22.0,10.0,32,346.662343,140.617247,68.000884,93.650738,44.393475,1595.489208,3844.907048
pattern_23,A1850823_200_WN_5,6216525,4216525,EX012,EX3600BH,DT014,CAT 793,A-185-08-23,38.33,152.51,132.930115,132.930115,323.312731,49.450039,77.589216,0,363424.3,6591897.09,199.55,RIGHT,152.5,698,20/10/2025,21:03:06,21:14:44,1417.631988,EX3600,225,22.0,10.0,32,323.312731,132.930115,63.343361,77.589216,49.450039,1698.106947,4085.658558
pattern_23,A1850823_200_WN_5,6216526,4216526,EX012,EX3600BH,DT004,CAT 793,A-185-08-23,41.36,147.92,133.062363,133.062363,328.866257,38.776316,91.569343,0,363424.54,6591894.11,199.55,RIGHT,147.9,545,20/10/2025,21:14:44,21:23:49,1373.517897,EX3600,225,22.0,10.0,32,328.866257,133.062363,65.458235,91.569343,38.776316,1619.264179,4049.73949
pattern_23,A1850823_200_WN_5,6216527,4216527,EX012,EX3600BH,DT046,CAT 793,A-185-08-23,38.23,148.34,134.36013,134.36013,322.066712,48.50108,84.329042,0,363430.19,6591895.39,199.67,LEFT,148.3,858,20/10/2025,21:23:49,21:38:07,1400.305997,EX3600,225,22.0,10.0,32,322.066712,134.36013,54.876459,84.329042,48.50108,1658.143877,4158.668273
pattern_23,A1850823_200_WN_5,6216528,4216528,EX012,EX3600BH,DT010,CAT 793,A-185-08-23,44.81,162.87,168.362208,168.362208,377.246881,45.623924,105.477067,0,363423.57,6591895.71,198.38,RIGHT,162.9,539,20/10/2025,21:38:07,21:47:06,1318.471117,EX3600,225,22.0,10.0,32,377.246881,168.362208,57.783682,105.477067,45.623924,1554.274339,3842.347464
pattern_23,A1850823_200_WN_5,6216529,4216529,EX012,EX3600BH,DT016,CAT 793,A-185-08-23,29.95,162.04,130.63978,130.63978,338.693407,49.020512,94.030435,0,363427.32,6591893.57,198.52,LEFT,162.0,454,20/10/2025,21:47:06,21:54:40,1476.105608,EX3600,225,22.0,10.0,32,338.693407,130.63978,65.00268,94.030435,49.020512,1722.338695,4126.95711
pattern_23,A1850823_200_WN_5,6216530,4216530,EX012,EX3600BH,DT008,CAT 793,A-185-08-23,41.83,166.99,161.296593,161.296593,350.553646,34.484164,79.198952,0,363430.15,6591893.83,198.59,LEFT,167.0,456,20/10/2025,21:54:40,22:02:16,1444.548639,EX3600,225,22.0,10.0,32,350.553646,161.296593,75.573937,79.198952,34.484164,1714.886086,4248.630599
pattern_23,A1850823_200_WN_5,6216531,4216531,EX012,EX3600BH,DT028,CAT 793,A-185-08-23,42.1,169.43,141.075167,141.075167,317.537095,34.275165,82.93986,0,363425.91,6591897.77,198.79,STRAIGHT,169.4,394,20/10/2025,22:02:16,22:08:50,1575.462676,EX3600,225,22.0,10.0,32,317.537095,141.075167,59.246903,82.93986,34.275165,1920.914261,4656.525805
pattern_23,A1850823_200_WN_5,6216532,4216532,EX012,EX3600BH,DT025,CAT 793,A-185-08-23,35.3,161.74,129.268799,129.268799,309.045658,35.668748,87.012288,0,363428.12,6591895.48,198.95,LEFT,161.7,519,20/10/2025,22:08:50,22:17:29,1788.079869,EX3600,225,22.0,10.0,32,309.045658,129.268799,57.095822,87.012288,35.668748,1884.07471,4433.94286
pattern_23,A1850823_200_WN_4,6216533,4216533,EX012,EX3600BH,DT005,CAT 793,A-185-08-23,47.88,194.75,129.776827,129.776827,331.615369,34.779258,106.097245,0,363429.92,6591907.52,199.02,RIGHT,194.8,462,20/10/2025,22:17:29,22:25:11,1842.333119,EX3600,225,22.0,10.0,32,331.615369,129.776827,60.962039,106.097245,34.779258,2114.218303,5587.704829
pattern_23,A1850823_200_WN_4,6216534,4216534,EX012,EX3600BH,DT010,CAT 793,A-185-08-23,44.1,179.11,112.631322,112.631322,317.094812,47.177848,98.599444,0,363427.02,6591902.81,199.09,LEFT,179.1,430,20/10/2025,22:25:11,22:32:21,1629.510213,EX3600,225,22.0,10.0,32,317.094812,112.631322,58.686197,98.599444,47.177848,2033.469393,5296.694552
pattern_23,A1850823_200_WN_4,6216535,4216535,EX012,EX3600BH,DT045,CAT 793,A-185-08-23,36.57,164.48,128.565838,128.565838,324.36948,38.665411,88.1467,0,363428.45,6591900.71,199.6,LEFT,164.5,473,20/10/2025,22:32:21,22:40:14,1524.744046,EX3600,225,22.0,10.0,32,324.36948,128.565838,68.991532,88.1467,38.665411,1825.463288,4831.278093
pattern_23,A1850823_200_WN_4,6216536,4216536,EX012,EX3600BH,DT023,CAT 793,A-185-08-23,42.52,152.67,115.114846,115.114846,308.232574,46.378644,75.424301,0,363428.19,6591900.89,199.82,RIGHT,152.7,388,20/10/2025,22:40:14,22:46:42,1462.069404,EX3600,225,22.0,10.0,32,308.232574,115.114846,71.314783,75.424301,46.378644,1783.082375,4665.758901
pattern_23,A1850823_200_WN_4,6216537,4216537,EX012,EX3600BH,DT009,CAT 793,A-185-08-23,44.23,154.07,114.150106,114.150106,304.947817,52.02421,81.411216,0,363429.3,6591902.87,199.58,RIGHT,154.1,494,20/10/2025,22:46:42,22:54:56,1612.441211,EX3600,225,22.0,10.0,32,304.947817,114.150106,57.362285,81.411216,52.02421,1818.835798,4847.256025
pattern_23,A1850823_200_WN_4,6216538,4216538,EX012,EX3600BH,DT037,CAT 793,A-185-08-23,39.36,155.27,121.334929,121.334929,316.743056,44.576642,82.968292,0,363427.07,6591899.23,198.73,STRAIGHT,155.3,496,20/10/2025,22:54:56,23:03:12,1450.860344,EX3600,225,22.0,10.0,32,316.743056,121.334929,67.863192,82.968292,44.576642,1764.741193,4821.722191
pattern_23,A1850823_200_WN_4,6216539,4216539,EX012,EX3600BH,DT019,CAT 793,A-185-08-23,32.82,165.19,123.186197,123.186197,320.980242,47.339977,75.741974,0,363429.81,6591904.81,199.36,LEFT,165.2,859,20/10/2025,23:03:12,23:17:31,1553.361755,EX3600,225,22.0,10.0,32,320.980242,123.186197,74.712095,75.741974,47.339977,1852.741265,4644.340554
pattern_23,A1850823_200_WN_4,6216540,4216540,EX012,EX3600BH,DT036,CAT 793,A-185-08-23,40.09,170.05,118.286723,118.286723,313.991,35.084783,90.890302,0,363429.11,6591901.32,198.62,LEFT,170.1,498,20/10/2025,23:17:31,23:25:49,1627.063536,EX3600,225,22.0,10.0,32,313.991,118.286723,69.729192,90.890302,35.084783,1949.727199,5004.31298
pattern_23,A1850823_200_WN_4,6216541,4216541,EX012,EX3600BH,DT003,CAT 793,A-185-08-23,43.03,165.79,115.177321,115.177321,319.456804,52.586545,99.687769,0,363428.33,6591903.95,199.06,STRAIGHT,165.8,492,20/10/2025,23:25:49,23:34:01,1581.562285,EX3600,225,22.0,10.0,32,319.456804,115.177321,52.00517,99.687769,52.586545,1868.360155,4839.974172
pattern_23,A1850823_200_WN_4,6216542,4216542,EX012,EX3600BH,DT005,CAT 793,A-185-08-23,37.42,156.76,121.911669,121.911669,311.174859,44.380193,79.457436,0,363427.68,6591904.27,198.13,RIGHT,156.8,459,20/10/2025,23:34:01,23:41:40,1429.131083,EX3600,225,22.0,10.0,32,311.174859,121.911669,65.42556,79.457436,44.380193,1813.601376,4812.417216
pattern_23,A1850823_200_WN_4,6216543,4216543,EX012,EX3600BH,DT002,CAT 793,A-185-08-23,33.94,150.38,133.116706,133.116706,332.537067,52.362803,87.275946,0,363423.19,6591902.65,199.24,STRAIGHT,150.4,536,20/10/2025,23:41:40,23:50:36,1266.116231,EX3600,225,22.0,10.0,32,332.537067,133.116706,59.781613,87.275946,52.362803,1627.969793,4347.286166
pattern_23,A1850823_200_WN_4,6216544,4216544,EX012,EX3600BH,DT034,CAT 793,A-185-08-23,32.98,158.63,116.884632,116.884632,297.403169,46.044777,83.0224,0,363422.74,6591898.71,198.84,LEFT,158.6,551,20/10/2025,23:50:36,23:59:47,1625.375642,EX3600,225,22.0,10.0,32,297.403169,116.884632,51.45136,83.0224,46.044777,1920.178461,4921.328983
pattern_23,A1850823_200_WN_4,6216545,4216545,EX012,EX3600BH,DT006,CAT 793,A-185-08-23,28.47,146.06,127.703873,127.703873,305.046654,38.289056,82.998622,0,363427.96,6591901.47,199.9,LEFT,146.1,441,20/10/2025,23:59:47,00:07:08,1541.618275,EX3600,225,22.0,10.0,32,305.046654,127.703873,56.055103,82.998622,38.289056,1723.749322,4624.886414
pattern_23,A1850823_200_WN_4,6216546,4216546,EX012,EX3600BH,DT044,CAT 793,A-185-08-23,55.89,184.81,132.653105,132.653105,322.629706,47.733382,87.91242,0,363430.93,6591881.05,198.1,LEFT,184.8,445,21/10/2025,00:07:08,00:14:33,1779.242382,EX3600,225,22.0,10.0,32,322.629706,132.653105,54.330799,87.91242,47.733382,2062.186662,5655.789993
pattern_23,A1850823_200_WN_4,6216547,4216547,EX012,EX3600BH,DT042,CAT 793,A-185-08-23,40.73,170.4,113.975124,113.975124,304.726569,46.186356,86.114399,0,363429.61,6591884.92,198.15,LEFT,170.4,485,21/10/2025,00:14:33,00:22:38,1736.656651,EX3600,225,22.0,10.0,32,304.726569,113.975124,58.45069,86.114399,46.186356,2013.106235,5589.776518
pattern_23,A1850823_200_WN_4,6216548,4216548,EX012,EX3600BH,DT046,CAT 793,A-185-08-23,37.09,161.54,133.546772,133.546772,332.580184,47.130101,90.787733,0,363430.08,6591880.83,198.42,RIGHT,161.5,551,21/10/2025,00:22:38,00:31:49,1405.899624,EX3600,225,22.0,10.0,32,332.580184,133.546772,61.115577,90.787733,47.130101,1748.636521,4357.896168
pattern_23,A1850823_200_WN_4,6216549,4216549,EX012,EX3600BH,DT046,CAT 793,A-185-08-23,37.0,159.73,124.683514,124.683514,309.815703,42.637561,78.136389,0,363427.65,6591881.15,199.38,RIGHT,159.7,498,21/10/2025,00:31:49,00:40:07,1554.362083,EX3600,225,22.0,10.0,32,309.815703,124.683514,64.358238,78.136389,42.637561,1855.986493,4792.545314
pattern_23,A1850823_200_WN_4,6216550,4216550,EX012,EX3600BH,DT020,CAT 793,A-185-08-23,43.65,154.24,126.737782,126.737782,328.053609,46.711226,94.892616,0,363429.34,6591883.28,198.71,RIGHT,154.2,410,21/10/2025,00:40:07,00:46:57,1466.311959,EX3600,225,22.0,10.0,32,328.053609,126.737782,59.711985,94.892616,46.711226,1692.646638,4265.209219
pattern_23,A1850823_200_WN_4,6216551,4216551,EX012,EX3600BH,DT022,CAT 793,A-185-08-23,46.69,164.59,114.526225,114.526225,309.244236,40.553021,94.473975,0,363431.06,6591884.9,199.41,LEFT,164.6,461,21/10/2025,00:46:57,00:54:38,1678.484822,EX3600,225,22.0,10.0,32,309.244236,114.526225,59.691015,94.473975,40.553021,1916.048794,5079.157204
pattern_23,A1850823_200_WN_4,6216552,4216552,EX012,EX3600BH,DT029,CAT 793,A-185-08-23,28.43,162.33,108.500015,108.500015,304.972103,42.213815,90.34335,0,363430.37,6591879.85,198.29,STRAIGHT,162.3,475,21/10/2025,00:54:38,01:02:33,1568.748787,EX3600,225,22.0,10.0,32,304.972103,108.500015,63.914924,90.34335,42.213815,1916.179195,4909.243091
pattern_23,A1850823_200_WN_4,6216553,4216553,EX012,EX3600BH,DT042,CAT 793,A-185-08-23,54.86,164.57,85.577816,85.577816,286.09188,43.539539,88.385849,0,363431.28,6591883.04,199.5,LEFT,164.6,432,21/10/2025,01:02:33,01:09:45,1821.396773,EX3600,225,22.0,10.0,32,286.09188,85.577816,68.588676,88.385849,43.539539,2070.858035,5421.876862
pattern_23,A1850823_200_WN_4,6216554,4216554,EX012,EX3600BH,DT057,HIT EH5000,A-185-08-23,36.73,170.79,106.31324,106.31324,304.633893,45.302075,87.696352,0,363425.95,6591882.75,198.97,RIGHT,170.8,427,21/10/2025,01:09:45,01:16:52,1717.570409,EX3600,250,22.0,10.0,32,304.633893,106.31324,65.322226,87.696352,45.302075,2018.344594,5240.193525
pattern_23,A1850823_200_WN_4,6216555,4216555,EX012,EX3600BH,DT028,CAT 793,A-185-08-23,36.42,179.39,99.538309,99.538309,298.521744,58.370251,80.428371,0,363428.66,6591884.13,199.2,STRAIGHT,179.4,358,21/10/2025,01:16:52,01:22:50,1994.616608,EX3600,225,22.0,10.0,32,298.521744,99.538309,60.184812,80.428371,58.370251,2163.38624,5693.197485
pattern_23,A1850823_200_WN_4,6216556,4216556,EX012,EX3600BH,DT022,CAT 793,A-185-08-23,34.0,163.46,111.714344,111.714344,301.136211,45.971272,88.555933,0,363427.78,6591886.91,199.64,STRAIGHT,163.5,463,21/10/2025,01:22:50,01:30:33,1698.756249,EX3600,225,22.0,10.0,32,301.136211,111.714344,54.894663,88.555933,45.971272,1954.061744,5291.744489
pattern_23,A1850823_200_WN_4,6216557,4216557,EX012,EX3600BH,DT018,CAT 793,A-185-08-23,34.68,158.62,110.394093,110.394093,300.172374,34.985239,88.866264,0,363427.61,6591883.32,198.37,STRAIGHT,158.6,436,21/10/2025,01:30:33,01:37:49,1683.536509,EX3600,225,22.0,10.0,32,300.172374,110.394093,65.926778,88.866264,34.985239,1902.299888,4933.851272
pattern_23,A1850823_200_WN_5,6216558,4216558,EX012,EX3600BH,DT041,CAT 793,A-185-08-23,38.64,145.42,113.776443,113.776443,314.635466,54.966571,82.605047,0,363430.42,6591891.9,198.73,RIGHT,145.4,480,21/10/2025,01:37:49,01:45:49,1314.369598,EX3600,225,22.0,10.0,32,314.635466,113.776443,63.287405,82.605047,54.966571,1663.854936,4060.814806
pattern_23,A1850823_200_WN_5,6216559,4216559,EX012,EX3600BH,DT010,CAT 793,A-185-08-23,24.95,131.66,111.848029,111.848029,300.611764,49.156219,76.369559,0,363435.55,6591890.48,199.51,LEFT,131.7,476,21/10/2025,01:45:49,01:53:45,1343.145877,EX3600,225,22.0,10.0,32,300.611764,111.848029,63.237956,76.369559,49.156219,1576.722106,3885.477876
pattern_23,A1850823_200_WN_5,6216560,4216560,EX012,EX3600BH,DT004,CAT 793,A-185-08-23,26.37,139.9,109.663875,109.663875,302.148288,41.706191,80.923773,0,363429.09,6591890.37,198.79,LEFT,139.9,456,21/10/2025,01:53:45,02:01:21,1386.34239,EX3600,225,22.0,10.0,32,302.148288,109.663875,69.854449,80.923773,41.706191,1666.89226,4439.767257
pattern_23,A1850823_200_WN_5,6216561,4216561,EX012,EX3600BH,DT030,CAT 793,A-185-08-23,31.19,156.16,117.645017,117.645017,310.886228,45.938412,85.838355,0,363432.49,6591892.08,198.58,STRAIGHT,156.2,407,21/10/2025,02:01:21,02:08:08,1596.7073,EX3600,225,22.0,10.0,32,310.886228,117.645017,61.464443,85.838355,45.938412,1808.332989,4425.206427
pattern_23,A1850823_200_WN_5,6216562,4216562,EX012,EX3600BH,DT008,CAT 793,A-185-08-23,45.89,154.14,123.119467,123.119467,311.448625,34.087644,92.955185,0,363433.85,6591892.24,198.75,LEFT,154.1,519,21/10/2025,02:08:08,02:16:47,1457.465332,EX3600,225,22.0,10.0,32,311.448625,123.119467,61.286329,92.955185,34.087644,1781.714605,4418.350381
pattern_23,A1850823_200_WN_5,6216563,4216563,EX012,EX3600BH,DT029,CAT 793,A-185-08-23,53.76,161.27,129.693517,129.693517,327.605282,41.911352,95.004863,0,363435.46,6591888.77,199.6,STRAIGHT,161.3,480,21/10/2025,02:16:47,02:24:47,1601.763176,EX3600,225,22.0,10.0,32,327.605282,129.693517,60.99555,95.004863,41.911352,1772.142086,4527.354275
pattern_23,A1850823_200_WN_5,6216564,4216564,EX012,EX3600BH,DT031,CAT 793,A-185-08-23,40.73,151.01,112.360189,112.360189,304.816955,40.515133,96.127184,0,363432.89,6591886.76,199.04,STRAIGHT,151.0,528,21/10/2025,02:24:47,02:33:35,1595.032139,EX3600,225,22.0,10.0,32,304.816955,112.360189,55.814448,96.127184,40.515133,1783.508969,4446.767366
pattern_23,A1850823_200_WN_5,6216565,4216565,EX012,EX3600BH,DT025,CAT 793,A-185-08-23,42.85,157.13,107.409118,107.409118,291.515458,42.562793,82.584958,0,363428.97,6591889.82,198.41,RIGHT,157.1,483,21/10/2025,02:33:35,02:41:38,1628.902913,EX3600,225,22.0,10.0,32,291.515458,107.409118,58.95859,82.584958,42.562793,1940.441809,4939.751551
pattern_23,A1850823_200_WN_5,6216566,4216566,EX012,EX3600BH,DT077,HIT EH5000,A-185-08-23,34.55,158.92,137.819698,137.819698,330.601668,39.140075,89.66186,0,363435.01,6591895.05,198.3,LEFT,158.9,472,21/10/2025,02:41:38,02:49:30,1380.134189,EX3600,250,22.0,10.0,32,330.601668,137.819698,63.980034,89.66186,39.140075,1730.535669,4497.283881
pattern_23,A1850823_200_WN_5,6216567,4216567,EX012,EX3600BH,DT027,CAT 793,A-185-08-23,43.94,165.92,134.749525,134.749525,342.023336,38.893836,101.024792,0,363432.37,6591891.73,199.42,STRAIGHT,165.9,542,21/10/2025,02:49:30,02:58:32,1491.834108,EX3600,225,22.0,10.0,32,342.023336,134.749525,67.355182,101.024792,38.893836,1746.382391,4582.196502
pattern_23,A1850823_200_WN_5,6216568,4216568,EX012,EX3600BH,DT011,CAT 793,A-185-08-23,36.28,159.87,130.827209,130.827209,305.38304,39.959492,70.147457,0,363435.65,6591889.99,199.48,LEFT,159.9,459,21/10/2025,02:58:32,03:06:11,1504.265645,EX3600,225,22.0,10.0,32,305.38304,130.827209,64.448881,70.147457,39.959492,1884.672947,4792.644237
pattern_23,A1850823_200_WN_5,6216569,4216569,EX012,EX3600BH,DT012,CAT 793,A-185-08-23,46.65,168.39,132.334687,132.334687,332.135071,45.701689,97.104326,0,363428.46,6591887.64,199.16,RIGHT,168.4,467,21/10/2025,03:06:11,03:13:58,1677.945792,EX3600,225,22.0,10.0,32,332.135071,132.334687,56.99437,97.104326,45.701689,1825.189438,4772.017944
pattern_23,A1850823_200_WN_5,6216570,4216570,EX012,EX3600BH,DT078,HIT EH5000,A-185-08-23,32.52,155.14,122.043891,122.043891,311.65707,44.171287,78.009418,0,363430.98,6591892.9,199.2,STRAIGHT,155.1,552,21/10/2025,03:13:58,03:23:10,1521.413941,EX3600,250,22.0,10.0,32,311.65707,122.043891,67.432473,78.009418,44.171287,1792.003245,4833.223143
pattern_23,A1850823_200_WN_4,6216571,4216571,EX012,EX3600BH,DT071,HIT EH5000,A-185-08-23,47.6,167.26,143.657556,143.657556,345.723719,46.270935,88.901982,0,363433.84,6591900.0,199.24,RIGHT,167.3,537,21/10/2025,03:23:10,03:32:07,1411.814327,EX3600,250,22.0,10.0,32,345.723719,143.657556,66.893245,88.901982,46.270935,1741.674784,4289.084153
pattern_23,A1850823_200_WN_4,6216572,4216572,EX012,EX3600BH,DT017,CAT 793,A-185-08-23,29.43,152.67,140.927656,140.927656,363.956557,49.966853,107.16649,0,363433.83,6591899.89,198.01,RIGHT,152.7,493,21/10/2025,03:32:07,03:40:20,1200.758794,EX3600,225,22.0,10.0,32,363.956557,140.927656,65.895558,107.16649,49.966853,1510.090712,3708.087045
pattern_23,A1850823_200_WN_4,6216573,4216573,EX012,EX3600BH,DT017,CAT 793,A-185-08-23,40.33,158.37,145.077506,145.077506,344.481974,50.756142,82.292685,0,363436.35,6591897.32,198.44,RIGHT,158.4,559,21/10/2025,03:40:20,03:49:39,1305.174485,EX3600,225,22.0,10.0,32,344.481974,145.077506,66.355642,82.292685,50.756142,1655.048018,3837.947008
pattern_23,A1850823_200_WN_4,6216574,4216574,EX012,EX3600BH,DT017,CAT 793,A-185-08-23,34.65,150.25,131.767352,131.767352,337.72076,45.687158,92.895396,0,363437.27,6591896.43,199.35,RIGHT,150.3,515,21/10/2025,03:49:39,03:58:14,1291.043049,EX3600,225,22.0,10.0,32,337.72076,131.767352,67.370855,92.895396,45.687158,1601.628983,4096.429342
pattern_23,A1850823_200_WN_4,6216575,4216575,EX012,EX3600BH,DT017,CAT 793,A-185-08-23,43.47,151.61,134.200185,134.200185,336.038597,44.835757,93.143627,0,363432.69,6591898.41,198.61,LEFT,151.6,407,21/10/2025,03:58:14,04:05:01,1407.83093,EX3600,225,22.0,10.0,32,336.038597,134.200185,63.859029,93.143627,44.835757,1624.197113,4073.415682
pattern_23,A1850823_200_WN_4,6216576,4216576,EX012,EX3600BH,DT021,CAT 793,A-185-08-23,25.28,139.78,135.309072,135.309072,350.887237,47.768737,90.840314,0,363431.27,6591898.96,198.39,LEFT,139.8,557,21/10/2025,04:05:01,04:14:18,1164.237517,EX3600,225,22.0,10.0,32,350.887237,135.309072,76.969114,90.840314,47.768737,1434.104022,3398.954784
pattern_23,A1850823_200_WN_4,6216577,4216577,EX012,EX3600BH,DT036,CAT 793,A-185-08-23,35.69,132.32,127.042068,127.042068,319.781732,41.410855,89.457654,0,363432.81,6591901.97,198.58,STRAIGHT,132.3,506,21/10/2025,04:14:18,04:22:44,1328.042118,EX3600,225,22.0,10.0,32,319.781732,127.042068,61.871155,89.457654,41.410855,1489.577791,3430.586142
pattern_23,A1850823_200_WN_4,6216578,4216578,EX012,EX3600BH,DT016,CAT 793,A-185-08-23,40.64,129.27,139.715201,139.715201,337.449259,41.597028,87.937521,0,363435.31,6591898.98,198.36,RIGHT,129.3,542,21/10/2025,04:22:44,04:31:46,1163.616162,EX3600,225,22.0,10.0,32,337.449259,139.715201,68.19951,87.937521,41.597028,1379.127883,3341.37182
pattern_23,A1850823_200_WN_4,6216579,4216579,EX012,EX3600BH,DT045,CAT 793,A-185-08-23,39.93,144.59,147.420916,147.420916,342.030872,46.755717,80.339851,0,363434.64,6591897.66,198.74,LEFT,144.6,474,21/10/2025,04:31:46,04:39:40,1272.85376,EX3600,225,22.0,10.0,32,342.030872,147.420916,67.514387,80.339851,46.755717,1521.895998,3690.815599
pattern_23,A1850823_200_WN_4,6216580,4216580,EX012,EX3600BH,DT064,HIT EH5000,A-185-08-23,38.57,148.56,124.242304,124.242304,324.315458,42.850949,96.493072,0,363436.76,6591898.28,198.7,STRAIGHT,148.6,478,21/10/2025,04:39:40,04:47:38,1253.639011,EX3600,250,22.0,10.0,32,324.315458,124.242304,60.729134,96.493072,42.850949,1649.032452,3940.585056
pattern_23,A1850823_200_WN_4,6216581,4216581,EX012,EX3600BH,DT030,CAT 793,A-185-08-23,39.16,162.71,137.46389,137.46389,336.187117,44.139594,90.375042,0,363430.8,6591899.78,198.98,STRAIGHT,162.7,503,21/10/2025,04:47:38,04:56:01,1408.788896,EX3600,225,22.0,10.0,32,336.187117,137.46389,64.20859,90.375042,44.139594,1742.32402,4249.072755
pattern_23,A1850823_200_WN_4,6216582,4216582,EX012,EX3600BH,DT006,CAT 793,A-185-08-23,40.24,158.78,143.817713,143.817713,349.396012,52.540037,88.677156,0,363435.96,6591903.35,200.05,LEFT,158.8,515,21/10/2025,04:56:01,05:04:36,1255.734309,EX3600,225,22.0,10.0,32,349.396012,143.817713,64.361106,88.677156,52.540037,1635.963311,3966.256557
pattern_23,A1850823_200_WN_4,6216583,4216583,EX012,EX3600BH,DT005,CAT 793,A-185-08-23,36.32,154.4,119.458493,119.458493,337.651283,47.877493,93.111579,0,363434.97,6591900.35,199.01,STRAIGHT,154.4,509,21/10/2025,05:04:36,05:13:05,1401.573096,EX3600,225,22.0,10.0,32,337.651283,119.458493,77.203718,93.111579,47.877493,1646.224867,3906.782803
pattern_23,A1850823_200_WN_4,6216584,4216584,EX012,EX3600BH,DT029,CAT 793,A-185-08-23,34.03,170.02,162.209987,162.209987,385.859376,46.742388,102.707761,0,363435.77,6591896.55,198.95,STRAIGHT,170.0,512,21/10/2025,05:13:05,05:21:37,1270.010522,EX3600,225,22.0,10.0,32,385.859376,162.209987,74.19924,102.707761,46.742388,1586.274386,3945.05204
pattern_23,A1850823_200_WN_4,6216585,4216585,EX012,EX3600BH,DT008,CAT 793,A-185-08-23,38.55,162.72,122.916361,122.916361,308.226451,35.969491,89.242927,0,363433.48,6591908.93,198.29,RIGHT,162.7,500,21/10/2025,05:21:37,05:29:57,1632.34825,EX3600,225,22.0,10.0,32,308.226451,122.916361,60.097673,89.242927,35.969491,1900.491604,5124.50317
pattern_23,A1850823_200_WN_4,6216586,4216586,EX012,EX3600BH,DT025,CAT 793,A-185-08-23,32.47,151.8,134.853101,134.853101,331.219243,53.84518,93.043474,0,363435.11,6591903.81,198.6,STRAIGHT,151.8,494,21/10/2025,05:29:57,05:38:11,1455.234265,EX3600,225,22.0,10.0,32,331.219243,134.853101,49.477489,93.043474,53.84518,1649.928875,4257.430462
pattern_23,A1850823_200_WN_4,6216587,4216587,EX012,EX3600BH,DT074,HIT EH5000,A-185-08-23,35.02,144.66,115.555601,115.555601,316.806447,47.565715,85.484933,0,363433.28,6591903.17,199.5,RIGHT,144.7,469,21/10/2025,05:38:11,05:46:00,1414.543638,EX3600,250,22.0,10.0,32,316.806447,115.555601,68.200198,85.484933,47.565715,1643.789165,4222.429076
pattern_23,A1850823_200_WN_4,6216588,4216588,EX012,EX3600BH,DT032,CAT 793,A-185-08-23,41.18,159.6,118.143044,118.143044,315.515657,42.28207,91.491179,0,363433.69,6591908.9,199.77,STRAIGHT,159.6,453,21/10/2025,05:46:00,05:53:33,1578.985311,EX3600,225,22.0,10.0,32,315.515657,118.143044,63.599365,91.491179,42.28207,1821.029913,4776.973927
pattern_23,A1850823_200_WN_4,6216589,4216589,EX012,EX3600BH,DT056,HIT EH5000,A-185-08-23,45.5,168.65,122.984831,122.984831,306.292266,38.870014,90.192322,0,363435.07,6591908.34,199.68,RIGHT,168.7,449,21/10/2025,05:53:33,06:01:02,1717.330729,EX3600,250,22.0,10.0,32,306.292266,122.984831,54.245099,90.192322,38.870014,1982.244557,5210.843631
pattern_23,A1850823_200_WN_4,6216590,4216590,EX012,EX3600BH,DT032,CAT 793,A-185-08-23,38.73,153.5,124.781974,124.781974,320.530471,41.558425,88.352034,0,363435.07,6591903.24,199.54,RIGHT,153.5,482,21/10/2025,06:01:02,06:09:04,1335.618009,EX3600,225,22.0,10.0,32,320.530471,124.781974,65.838039,88.352034,41.558425,1724.022761,4633.27732
pattern_23,A1850823_200_WN_4,6216591,4216591,EX012,EX3600BH,DT012,CAT 793,A-185-08-23,41.78,164.98,120.686934,120.686934,306.500857,38.558434,87.524235,0,363435.24,6591906.79,198.33,LEFT,165.0,482,21/10/2025,06:09:04,06:17:06,1740.031595,EX3600,225,22.0,10.0,32,306.500857,120.686934,59.731253,87.524235,38.558434,1937.73944,5112.045525
pattern_23,A1850823_200_WN_4,6216592,4216592,EX012,EX3600BH,DT083,HIT EH5000,A-185-08-23,56.48,169.45,112.05843,112.05843,305.475646,43.360306,77.376741,0,363436.71,6591906.3,198.67,STRAIGHT,169.4,411,21/10/2025,06:17:06,06:23:57,1599.177076,EX3600,250,22.0,10.0,32,305.475646,112.05843,72.680168,77.376741,43.360306,1996.938345,5009.823779
pattern_23,A1850823_200_WN_4,6216593,4216593,EX012,EX3600BH,DT003,CAT 793,A-185-08-23,40.75,170.58,111.869885,111.869885,306.647489,47.547585,88.020964,0,363436.77,6591907.77,198.93,RIGHT,170.6,416,21/10/2025,06:23:57,06:30:53,1799.70831,EX3600,225,22.0,10.0,32,306.647489,111.869885,59.209055,88.020964,47.547585,2002.559251,5368.530846
pattern_23,A1850823_200_WN_4,6216594,4216594,EX012,EX3600BH,DT045,CAT 793,A-185-08-23,43.62,167.26,116.311602,116.311602,310.720255,43.368608,90.249927,0,363432.84,6591905.87,199.03,LEFT,167.3,436,21/10/2025,06:30:53,06:38:09,1673.849902,EX3600,225,22.0,10.0,32,310.720255,116.311602,60.790118,90.249927,43.368608,1937.854798,5205.659583
pattern_23,A1850823_200_WN_4,6216595,4216595,EX012,EX3600BH,DT020,CAT 793,A-185-08-23,43.26,169.36,146.566944,146.566944,326.59043,41.734411,78.071847,0,363435.46,6591907.35,198.46,LEFT,169.4,556,21/10/2025,06:38:09,06:47:25,1531.885749,EX3600,225,22.0,10.0,32,326.59043,146.566944,60.217227,78.071847,41.734411,1866.848062,4880.265028
pattern_23,A1850823_200_WN_4,6216596,4216596,EX012,EX3600BH,DT026,CAT 793,A-185-08-23,36.79,164.07,137.331745,137.331745,328.333108,49.255138,92.754988,0,363433.64,6591906.12,198.53,RIGHT,164.1,441,21/10/2025,06:47:25,06:54:46,1429.490708,EX3600,225,22.0,10.0,32,328.333108,137.331745,48.991237,92.754988,49.255138,1798.985054,4527.063739
pattern_23,A1850823_200_WN_4,6216597,4216597,EX012,EX3600BH,DT048,HIT EH5000,A-185-08-23,42.34,156.64,125.708966,125.708966,324.230449,45.679046,81.675289,0,363438.18,6591907.38,199.78,RIGHT,156.6,455,21/10/2025,06:54:46,07:02:21,1403.115063,EX3600,250,22.0,10.0,32,324.230449,125.708966,71.167147,81.675289,45.679046,1739.258797,4534.416117
pattern_23,A1850823_200_WN_4,6216598,4216598,EX012,EX3600BH,DT090,HIT EH5000,A-185-08-23,36.86,158.32,116.719581,116.719581,316.856913,46.304359,86.167934,0,363436.09,6591904.07,198.08,LEFT,158.3,479,21/10/2025,07:02:21,07:10:20,1429.940423,EX3600,250,22.0,10.0,32,316.856913,116.719581,67.66504,86.167934,46.304359,1798.720934,4728.365749
pattern_23,A1850823_200_WN_3,6216599,4216599,EX012,EX3600BH,DT008,CAT 793,A-185-08-23,34.92,162.99,110.374848,110.374848,312.662498,43.027137,96.698584,0,363438.0,6591887.13,198.21,RIGHT,163.0,498,21/10/2025,07:10:20,07:18:38,1670.534161,EX3600,225,22.0,10.0,32,312.662498,110.374848,62.561929,96.698584,43.027137,1876.673478,4808.756514
pattern_23,A1850823_200_WN_3,6216600,4216600,EX012,EX3600BH,DT006,CAT 793,A-185-08-23,44.77,169.72,137.468954,137.468954,327.193186,45.687605,97.865196,0,363437.87,6591883.96,199.12,STRAIGHT,169.7,437,21/10/2025,07:18:38,07:25:55,1530.377349,EX3600,225,22.0,10.0,32,327.193186,137.468954,46.171431,97.865196,45.687605,1867.379421,4961.373745
pattern_23,A1850823_200_WN_3,6216601,4216601,EX012,EX3600BH,DT009,CAT 793,A-185-08-23,39.92,159.58,102.638875,102.638875,302.43785,41.502073,93.498029,0,363434.91,6591884.47,199.81,LEFT,159.6,463,21/10/2025,07:25:55,07:33:38,1528.120874,EX3600,225,22.0,10.0,32,302.43785,102.638875,64.798873,93.498029,41.502073,1899.4913,4953.274948
pattern_23,A1850823_200_WN_3,6216602,4216602,EX012,EX3600BH,DT005,CAT 793,A-185-08-23,33.97,155.61,120.335774,120.335774,312.158126,40.219282,92.968084,0,363439.3,6591884.38,198.89,STRAIGHT,155.6,475,21/10/2025,07:33:38,07:41:33,1469.386004,EX3600,225,22.0,10.0,32,312.158126,120.335774,58.634987,92.968084,40.219282,1794.599988,4779.775713
pattern_23,A1850823_200_WN_3,6216603,4216603,EX012,EX3600BH,DT051,HIT EH5000,A-185-08-23,28.6,168.54,103.905326,103.905326,298.13405,40.492854,89.600814,0,363437.21,6591884.26,199.53,RIGHT,168.5,435,21/10/2025,07:41:33,07:48:48,1723.578105,EX3600,250,22.0,10.0,32,298.13405,103.905326,64.135056,89.600814,40.492854,2035.134618,5481.969233
pattern_23,A1850823_200_WN_3,6216604,4216604,EX012,EX3600BH,DT023,CAT 793,A-185-08-23,41.52,162.72,106.676598,106.676598,317.943752,55.620782,93.087913,0,363439.27,6591885.48,199.22,STRAIGHT,162.7,471,21/10/2025,07:48:48,07:56:39,1481.597428,EX3600,225,22.0,10.0,32,317.943752,106.676598,62.558458,93.087913,55.620782,1842.400896,4922.041432
pattern_23,A1850823_200_WN_3,6216605,4216605,EX012,EX3600BH,DT002,CAT 793,A-185-08-23,38.75,158.81,109.279659,109.279659,298.536118,38.091109,96.937387,0,363438.36,6591887.86,199.56,LEFT,158.8,489,21/10/2025,07:56:39,08:04:48,1550.161397,EX3600,225,22.0,10.0,32,298.536118,109.279659,54.227963,96.937387,38.091109,1915.063464,5120.774748
pattern_23,A1850823_200_WN_3,6216606,4216606,EX012,EX3600BH,DT044,CAT 793,A-185-08-23,43.87,144.54,124.328426,124.328426,311.941021,45.493355,86.455774,0,363437.93,6591884.98,198.96,STRAIGHT,144.5,506,21/10/2025,08:04:48,08:13:14,1461.604161,EX3600,225,22.0,10.0,32,311.941021,124.328426,55.663466,86.455774,45.493355,1668.042232,4360.779648
pattern_23,A1850823_200_WN_3,6216607,4216607,EX012,EX3600BH,DT008,CAT 793,A-185-08-23,36.32,142.43,119.469494,119.469494,316.352175,42.28651,81.882909,0,363433.05,6591881.44,198.04,RIGHT,142.4,492,21/10/2025,08:13:14,08:21:26,1295.471285,EX3600,225,22.0,10.0,32,316.352175,119.469494,72.713262,81.882909,42.28651,1620.785491,4298.925566
pattern_23,A1850823_200_WN_3,6216608,4216608,EX012,EX3600BH,DT050,HIT EH5000,A-185-08-23,44.19,143.52,115.885294,115.885294,317.097682,54.940108,90.854575,0,363436.75,6591884.2,198.67,RIGHT,143.5,486,21/10/2025,08:21:26,08:29:32,1393.631368,EX3600,250,22.0,10.0,32,317.097682,115.885294,55.417705,90.854575,54.940108,1629.416472,4448.881442
pattern_23,A1850823_200_WN_3,6216609,4216609,EX012,EX3600BH,DT045,CAT 793,A-185-08-23,41.13,146.68,105.350653,105.350653,309.058805,53.65813,87.969748,0,363436.71,6591880.25,199.2,LEFT,146.7,411,21/10/2025,08:29:32,08:36:23,1412.1763,EX3600,225,22.0,10.0,32,309.058805,105.350653,62.080275,87.969748,53.65813,1708.531874,4545.726926
pattern_23,A1850823_200_WN_3,6216610,4216610,EX012,EX3600BH,DT021,CAT 793,A-185-08-23,49.9,149.71,100.018958,100.018958,296.216509,42.90322,95.518754,0,363440.22,6591885.99,199.06,RIGHT,149.7,430,21/10/2025,08:36:23,08:43:33,1558.916844,EX3600,225,22.0,10.0,32,296.216509,100.018958,57.775577,95.518754,42.90322,1819.422233,4861.969671
pattern_23,A1850823_200_WN_3,6216611,4216611,EX012,EX3600BH,DT048,HIT EH5000,A-185-08-23,35.73,158.94,112.079468,112.079468,309.289327,50.566773,82.457818,0,363439.19,6591885.26,198.82,LEFT,158.9,420,21/10/2025,08:43:33,08:50:33,1567.438511,EX3600,250,22.0,10.0,32,309.289327,112.079468,64.185268,82.457818,50.566773,1849.954155,4991.865003
pattern_23,A1850823_200_WN_3,6216612,4216612,EX012,EX3600BH,DT028,CAT 793,A-185-08-23,35.19,173.6,116.620503,116.620503,316.794529,51.288017,85.898695,0,363436.95,6591883.08,198.24,RIGHT,173.6,490,21/10/2025,08:50:33,08:58:43,1617.012281,EX3600,225,22.0,10.0,32,316.794529,116.620503,62.987313,85.898695,51.288017,1972.782331,5167.278163
pattern_23,A1850823_200_WN_3,6216613,4216613,EX012,EX3600BH,DT032,CAT 793,A-185-08-23,39.66,152.2,110.128053,110.128053,296.278646,49.147591,74.096053,0,363437.92,6591892.28,198.9,RIGHT,152.2,414,21/10/2025,08:58:43,09:05:37,1538.530762,EX3600,225,22.0,10.0,32,296.278646,110.128053,62.90695,74.096053,49.147591,1849.327786,4663.537928
pattern_23,A1850823_200_WN_3,6216614,4216614,EX012,EX3600BH,DT016,CAT 793,A-185-08-23,39.91,164.33,137.842686,137.842686,332.741409,46.509664,93.281191,0,363439.79,6591895.14,198.54,STRAIGHT,164.3,503,21/10/2025,09:05:37,09:14:00,1406.098173,EX3600,225,22.0,10.0,32,332.741409,137.842686,55.107867,93.281191,46.509664,1777.876792,4585.143714
pattern_23,A1850823_200_WN_3,6216615,4216615,EX012,EX3600BH,DT012,CAT 793,A-185-08-23,33.85,181.49,137.896604,137.896604,332.930977,44.513665,83.893223,0,363441.11,6591894.2,199.63,STRAIGHT,181.5,476,21/10/2025,09:14:00,09:21:56,1636.770958,EX3600,225,22.0,10.0,32,332.930977,137.896604,66.627485,83.893223,44.513665,1962.431522,5059.415427
pattern_23,A1850823_200_WN_3,6216616,4216616,EX012,EX3600BH,DT069,HIT EH5000,A-185-08-23,47.0,172.37,133.56744,133.56744,338.571542,51.829942,89.091849,0,363442.07,6591895.31,198.61,RIGHT,172.4,534,21/10/2025,09:21:56,09:30:50,1628.790138,EX3600,250,22.0,10.0,32,338.571542,133.56744,64.08231,89.091849,51.829942,1832.837808,4420.533463
pattern_23,A1850823_200_WN_3,6216617,4216617,EX012,EX3600BH,DT018,CAT 793,A-185-08-23,41.62,157.45,137.803703,137.803703,331.332103,50.246953,87.582205,0,363438.01,6591896.4,199.48,STRAIGHT,157.4,487,21/10/2025,09:30:50,09:38:57,1466.099083,EX3600,225,22.0,10.0,32,331.332103,137.803703,55.699242,87.582205,50.246953,1710.725142,4234.277117
pattern_23,A1850823_200_WN_3,6216618,4216618,EX012,EX3600BH,DT036,CAT 793,A-185-08-23,37.64,170.67,126.191457,126.191457,335.59851,44.325936,98.178601,0,363438.28,6591895.26,199.79,STRAIGHT,170.7,564,21/10/2025,09:38:57,09:48:21,1455.520896,EX3600,225,22.0,10.0,32,335.59851,126.191457,66.902516,98.178601,44.325936,1830.841513,4634.432902
pattern_23,A1850823_200_WN_3,6216619,4216619,EX012,EX3600BH,DT024,CAT 793,A-185-08-23,29.13,148.98,138.708588,138.708588,349.818445,51.314576,89.760501,0,363437.55,6591893.1,199.37,STRAIGHT,149.0,424,21/10/2025,09:48:21,09:55:25,1305.536339,EX3600,225,22.0,10.0,32,349.818445,138.708588,70.034779,89.760501,51.314576,1533.198201,4059.664244
pattern_23,A1850823_200_WN_3,6216620,4216620,EX012,EX3600BH,DT019,CAT 793,A-185-08-23,31.76,148.05,127.118413,127.118413,313.10948,45.197019,87.635238,0,363438.8,6591890.51,200.19,LEFT,148.0,395,21/10/2025,09:55:25,10:02:00,1366.245135,EX3600,225,22.0,10.0,32,313.10948,127.118413,53.15881,87.635238,45.197019,1702.216079,4367.606317
pattern_23,A1850823_200_WN_3,6216621,4216621,EX012,EX3600BH,DT038,CAT 793,A-185-08-23,36.52,171.28,118.128582,118.128582,319.50103,42.379054,95.127002,0,363437.54,6591891.66,198.65,LEFT,171.3,495,21/10/2025,10:02:00,10:10:15,1689.189997,EX3600,225,22.0,10.0,32,319.50103,118.128582,63.866392,95.127002,42.379054,1929.948282,4865.268935
pattern_23,A1850823_200_WN_3,6216622,4216622,EX012,EX3600BH,DT007,CAT 793,A-185-08-23,47.75,160.38,131.389313,131.389313,329.672747,43.908617,91.79646,0,363438.36,6591893.25,199.7,RIGHT,160.4,490,21/10/2025,10:10:15,10:18:25,1381.63567,EX3600,225,22.0,10.0,32,329.672747,131.389313,62.578356,91.79646,43.908617,1751.348321,4158.063108
pattern_23,A1850823_200_WN_3,6216623,4216623,EX012,EX3600BH,DT011,CAT 793,A-185-08-23,42.2,154.01,133.277228,133.277228,323.370487,48.327432,84.775773,0,363434.98,6591889.89,199.15,LEFT,154.0,494,21/10/2025,10:18:25,10:26:39,1476.890781,EX3600,225,22.0,10.0,32,323.370487,133.277228,56.990054,84.775773,48.327432,1714.564836,4180.094461
pattern_23,A1850823_200_WN_3,6216624,4216624,EX012,EX3600BH,DT008,CAT 793,A-185-08-23,35.5,166.42,132.736788,132.736788,332.830205,46.724054,89.479335,0,363441.41,6591894.43,199.43,STRAIGHT,166.4,393,21/10/2025,10:26:39,10:33:12,1412.055997,EX3600,225,22.0,10.0,32,332.830205,132.736788,63.890029,89.479335,46.724054,1800.099682,4594.723478
pattern_23,A1850823_200_WN_3,6216625,4216625,EX012,EX3600BH,DT022,CAT 793,A-185-08-23,48.74,163.6,108.488304,108.488304,304.862048,44.340356,96.315802,0,363438.36,6591892.52,198.65,RIGHT,163.6,529,21/10/2025,10:33:12,10:42:01,1677.092458,EX3600,225,22.0,10.0,32,304.862048,108.488304,55.717586,96.315802,44.340356,1931.888541,4827.652294
pattern_23,A1850823_200_WN_3,6216626,4216626,EX012,EX3600BH,DT071,HIT EH5000,A-185-08-23,51.67,179.83,106.33101,106.33101,303.475761,48.175863,83.489516,0,363440.42,6591890.37,198.87,LEFT,179.8,502,21/10/2025,10:42:01,10:50:23,1857.296595,EX3600,250,22.0,10.0,32,303.475761,106.33101,65.479372,83.489516,48.175863,2133.251195,5172.533645
pattern_23,A1850823_200_WN_3,6216627,4216627,EX012,EX3600BH,DT006,CAT 793,A-185-08-23,27.91,156.23,111.78651,111.78651,309.33278,49.924298,82.808011,0,363443.85,6591898.03,199.34,LEFT,156.2,503,21/10/2025,10:50:23,10:58:46,1495.038122,EX3600,225,22.0,10.0,32,309.33278,111.78651,64.813961,82.808011,49.924298,1818.23793,4746.912285
pattern_23,A1850823_200_WN_3,6216628,4216628,EX012,EX3600BH,DT013,CAT 793,A-185-08-23,46.8,166.14,110.980276,110.980276,307.458746,46.6992,92.801274,0,363437.81,6591897.33,198.58,STRAIGHT,166.1,438,21/10/2025,10:58:46,11:06:04,1707.287406,EX3600,225,22.0,10.0,32,307.458746,110.980276,56.977996,92.801274,46.6992,1945.278659,5241.076117
pattern_23,A1850823_200_WN_3,6216629,4216629,EX012,EX3600BH,DT019,CAT 793,A-185-08-23,45.35,162.98,123.35856,123.35856,316.584211,43.072511,79.304743,0,363438.42,6591899.22,198.77,STRAIGHT,163.0,463,21/10/2025,11:06:04,11:13:47,1511.063013,EX3600,225,22.0,10.0,32,316.584211,123.35856,70.848397,79.304743,43.072511,1853.290973,4857.867678
pattern_23,A1850823_200_WN_3,6216630,4216630,EX012,EX3600BH,DT045,CAT 793,A-185-08-23,41.41,165.72,121.296599,121.296599,300.491566,42.640213,77.538224,0,363440.29,6591901.07,199.71,LEFT,165.7,495,21/10/2025,11:13:47,11:22:02,1627.884478,EX3600,225,22.0,10.0,32,300.491566,121.296599,59.016531,77.538224,42.640213,1985.385456,5205.580119
pattern_23,A1850823_200_WN_3,6216631,4216631,EX012,EX3600BH,DT045,CAT 793,A-185-08-23,32.8,152.26,110.696972,110.696972,319.797383,51.362113,95.393959,0,363441.3,6591901.07,198.61,STRAIGHT,152.3,553,21/10/2025,11:22:02,11:31:15,1462.687769,EX3600,225,22.0,10.0,32,319.797383,110.696972,62.34434,95.393959,51.362113,1713.991849,4640.128072
pattern_23,A1850823_200_WN_3,6216632,4216632,EX012,EX3600BH,DT035,CAT 793,A-185-08-23,36.97,165.46,113.414972,113.414972,315.354251,46.995662,88.536938,0,363444.32,6591894.91,199.3,RIGHT,165.5,456,21/10/2025,11:31:15,11:38:51,1567.640999,EX3600,225,22.0,10.0,32,315.354251,113.414972,66.40668,88.536938,46.995662,1888.811521,5136.625898
pattern_23,A1850823_200_WN_3,6216633,4216633,EX012,EX3600BH,DT002,CAT 793,A-185-08-23,42.81,176.85,106.212787,106.212787,307.361093,41.110482,96.062688,0,363444.07,6591900.27,198.71,STRAIGHT,176.8,405,21/10/2025,11:38:51,11:45:36,1775.846736,EX3600,225,22.0,10.0,32,307.361093,106.212787,63.975136,96.062688,41.110482,2071.333638,5295.179287
pattern_23,A1850823_200_WN_3,6216634,4216634,EX012,EX3600BH,DT049,HIT EH5000,A-185-08-23,54.6,179.67,124.604933,124.604933,318.639171,44.858326,83.966912,0,363438.5,6591898.52,199.72,LEFT,179.7,464,21/10/2025,11:45:36,11:53:20,1684.421958,EX3600,250,22.0,10.0,32,318.639171,124.604933,65.209,83.966912,44.858326,2029.93114,5289.031349
pattern_23,A1850823_200_WN_3,6216635,4216635,EX012,EX3600BH,DT013,CAT 793,A-185-08-23,42.12,163.75,95.765475,95.765475,304.05201,38.867819,97.898564,0,363444.55,6591902.3,198.82,LEFT,163.8,470,21/10/2025,11:53:20,12:01:10,1774.65054,EX3600,225,22.0,10.0,32,304.05201,95.765475,71.520152,97.898564,38.867819,1938.828363,5064.389315
pattern_23,A1850823_200_WN_3,6216636,4216636,EX012,EX3600BH,DT069,HIT EH5000,A-185-08-23,33.64,160.03,121.176008,121.176008,305.60365,32.190767,87.733248,0,363439.67,6591900.39,198.57,STRAIGHT,160.0,402,21/10/2025,12:01:10,12:07:52,1575.214046,EX3600,250,22.0,10.0,32,305.60365,121.176008,64.503627,87.733248,32.190767,1885.174621,5083.814586
pattern_23,A1850823_200_WN_3,6216637,4216637,EX012,EX3600BH,DT035,CAT 793,A-185-08-23,37.02,170.12,114.852592,114.852592,308.287858,49.058284,81.41422,0,363436.36,6591899.04,198.33,RIGHT,170.1,481,21/10/2025,12:07:52,12:15:53,1753.970719,EX3600,225,22.0,10.0,32,308.287858,114.852592,62.962763,81.41422,49.058284,1986.542997,5244.324014
pattern_23,A1850823_200_WN_3,6216638,4216638,EX012,EX3600BH,DT059,HIT EH5000,A-185-08-23,40.05,173.15,118.0603,118.0603,314.074385,47.570567,92.033171,0,363439.95,6591897.7,198.77,LEFT,173.1,567,21/10/2025,12:15:53,12:25:20,1665.090582,EX3600,250,22.0,10.0,32,314.074385,118.0603,56.410347,92.033171,47.570567,1984.655324,5189.102711
pattern_23,A1850823_200_WN_3,6216639,4216639,EX012,EX3600BH,DT033,CAT 793,A-185-08-23,41.4,167.33,121.744555,121.744555,309.249647,40.604486,80.405996,0,363443.29,6591899.89,199.3,LEFT,167.3,500,21/10/2025,12:25:20,12:33:40,1588.342738,EX3600,225,22.0,10.0,32,309.249647,121.744555,66.49461,80.405996,40.604486,1947.946997,4986.005236
pattern_23,A1850823_200_WN_4,6216640,4216640,EX012,EX3600BH,DT023,CAT 793,A-185-08-23,41.76,180.38,141.411307,141.411307,326.75347,48.898709,82.933679,0,363444.89,6591908.65,198.71,RIGHT,180.4,556,21/10/2025,12:33:40,12:42:56,1714.281964,EX3600,225,22.0,10.0,32,326.75347,141.411307,53.509775,82.933679,48.898709,1987.320024,5407.452575
pattern_23,A1850823_200_WN_4,6216641,4216641,EX012,EX3600BH,DT005,CAT 793,A-185-08-23,55.8,171.11,118.392377,118.392377,327.051111,50.792022,97.548737,0,363441.65,6591907.69,199.68,RIGHT,171.1,535,21/10/2025,12:42:56,12:51:51,1597.331392,EX3600,225,22.0,10.0,32,327.051111,118.392377,60.317976,97.548737,50.792022,1883.443997,4768.342142
pattern_23,A1850823_200_WN_4,6216642,4216642,EX012,EX3600BH,DT031,CAT 793,A-185-08-23,45.5,165.24,120.808703,120.808703,316.959607,44.980278,89.712018,0,363441.89,6591906.15,198.06,STRAIGHT,165.2,436,21/10/2025,12:51:51,12:59:07,1614.230143,EX3600,225,22.0,10.0,32,316.959607,120.808703,61.458608,89.712018,44.980278,1876.820265,4871.207552
pattern_23,A1850823_200_WN_4,6216643,4216643,EX012,EX3600BH,DT036,CAT 793,A-185-08-23,46.9,169.89,127.548519,127.548519,330.06036,41.440403,97.104023,0,363444.14,6591907.77,198.42,RIGHT,169.9,512,21/10/2025,12:59:07,13:07:39,1628.201507,EX3600,225,22.0,10.0,32,330.06036,127.548519,63.967415,97.104023,41.440403,1853.056223,5001.399679
pattern_23,A1850823_200_WN_4,6216644,4216644,EX012,EX3600BH,DT039,CAT 793,A-185-08-23,34.18,177.38,132.916969,132.916969,316.695665,40.83256,90.442292,0,363443.49,6591908.84,198.76,RIGHT,177.4,500,21/10/2025,13:07:39,13:15:59,1661.105163,EX3600,225,22.0,10.0,32,316.695665,132.916969,52.503844,90.442292,40.83256,2016.310482,5436.238147
pattern_23,A1850823_200_WN_4,6216645,4216645,EX012,EX3600BH,DT014,CAT 793,A-185-08-23,46.45,188.68,125.621603,125.621603,298.987705,31.496077,84.17302,0,363446.01,6591904.82,198.97,LEFT,188.7,489,21/10/2025,13:15:59,13:24:08,1905.164,EX3600,225,22.0,10.0,32,298.987705,125.621603,57.697005,84.17302,31.496077,2271.792906,6042.788844
pattern_23,A1850823_200_WN_4,6216646,4216646,EX012,EX3600BH,DT033,CAT 793,A-185-08-23,37.95,164.83,122.964902,122.964902,317.148918,43.392586,88.502067,0,363440.53,6591907.79,199.66,STRAIGHT,164.8,480,21/10/2025,13:24:08,13:32:08,1526.623232,EX3600,225,22.0,10.0,32,317.148918,122.964902,62.289363,88.502067,43.392586,1870.982725,4957.925594
pattern_23,A1850823_200_WN_4,6216647,4216647,EX012,EX3600BH,DT081,HIT EH5000,A-185-08-23,35.48,146.77,111.426231,111.426231,304.67086,41.814842,77.896385,0,363441.86,6591907.48,198.48,LEFT,146.8,506,21/10/2025,13:32:08,13:40:34,1442.245394,EX3600,250,22.0,10.0,32,304.67086,111.426231,73.533402,77.896385,41.814842,1734.193892,4506.963398
pattern_23,A1850823_200_WN_4,6216648,4216648,EX012,EX3600BH,DT025,CAT 793,A-185-08-23,34.29,152.2,117.514494,117.514494,305.041079,51.180287,73.997156,0,363445.0,6591904.7,198.09,STRAIGHT,152.2,470,21/10/2025,13:40:34,13:48:24,1397.304109,EX3600,225,22.0,10.0,32,305.041079,117.514494,62.349142,73.997156,51.180287,1796.249894,4787.399389
pattern_23,A1850823_200_WN_4,6216649,4216649,EX012,EX3600BH,DT055,HIT EH5000,A-185-08-23,44.0,164.57,120.374217,120.374217,310.122642,40.851197,85.279901,0,363442.83,6591909.13,198.44,LEFT,164.6,422,21/10/2025,13:48:24,13:55:26,1594.921175,EX3600,250,22.0,10.0,32,310.122642,120.374217,63.617327,85.279901,40.851197,1910.358335,5110.302479
pattern_23,A1850823_200_WN_4,6216650,4216650,EX012,EX3600BH,DT014,CAT 793,A-185-08-23,36.43,158.0,111.893853,111.893853,295.620656,37.187885,89.615723,0,363444.34,6591905.73,199.46,LEFT,158.0,415,21/10/2025,13:55:26,14:02:21,1566.263065,EX3600,225,22.0,10.0,32,295.620656,111.893853,56.923195,89.615723,37.187885,1924.03987,4851.649902
pattern_23,A1850823_200_WN_4,6216651,4216651,EX012,EX3600BH,DT062,HIT EH5000,A-185-08-23,31.41,159.05,127.929536,127.929536,320.405636,44.840264,91.070867,0,363439.47,6591908.0,198.3,LEFT,159.1,552,21/10/2025,14:02:21,14:11:33,1571.489052,EX3600,250,22.0,10.0,32,320.405636,127.929536,56.564969,91.070867,44.840264,1787.06758,4557.515057
pattern_23,A1850823_200_WN_4,6216652,4216652,EX012,EX3600BH,DT031,CAT 793,A-185-08-23,54.04,162.13,124.706372,124.706372,305.601712,43.310829,73.216916,0,363444.08,6591907.52,199.16,RIGHT,162.1,485,21/10/2025,14:11:33,14:19:38,1669.814962,EX3600,225,22.0,10.0,32,305.601712,124.706372,64.367595,73.216916,43.310829,1909.897275,4855.472689
pattern_23,A1850823_200_WN_2,6216653,4216653,EX012,EX3600BH,DT090,HIT EH5000,A-185-08-23,31.49,146.59,104.753861,104.753861,283.90155,43.672095,76.932853,0,363446.23,6591885.16,199.92,LEFT,146.6,457,21/10/2025,14:19:38,14:27:15,1573.340353,EX3600,250,22.0,10.0,32,283.90155,104.753861,58.54274,76.932853,43.672095,1858.80022,5133.427572
pattern_23,A1850823_200_WN_2,6216654,4216654,EX012,EX3600BH,DT037,CAT 793,A-185-08-23,36.25,142.52,109.094543,109.094543,308.208811,43.088759,84.428879,0,363447.74,6591885.88,198.71,RIGHT,142.5,567,21/10/2025,14:27:15,14:36:42,1383.896135,EX3600,225,22.0,10.0,32,308.208811,109.094543,71.59663,84.428879,43.088759,1664.721224,4609.125134
pattern_23,A1850823_200_WN_2,6216655,4216655,EX012,EX3600BH,DT031,CAT 793,A-185-08-23,28.83,141.35,112.825243,112.825243,305.097737,48.924917,78.352841,0,363444.49,6591886.5,199.6,STRAIGHT,141.3,540,21/10/2025,14:36:42,14:45:42,1512.939062,EX3600,225,22.0,10.0,32,305.097737,112.825243,64.994735,78.352841,48.924917,1667.81138,4322.020427
pattern_23,A1850823_200_WN_2,6216656,4216656,EX012,EX3600BH,DT024,CAT 793,A-185-08-23,36.19,145.88,124.836065,124.836065,321.748078,51.838005,87.264506,0,363445.17,6591887.02,199.55,LEFT,145.9,488,21/10/2025,14:45:42,14:53:50,1300.88524,EX3600,225,22.0,10.0,32,321.748078,124.836065,57.809501,87.264506,51.838005,1632.280815,4252.383302
pattern_23,A1850823_200_WN_2,6216657,4216657,EX012,EX3600BH,DT026,CAT 793,A-185-08-23,46.57,139.71,136.544014,136.544014,343.706898,43.501897,100.005838,0,363446.94,6591891.47,199.45,LEFT,139.7,495,21/10/2025,14:53:50,15:02:05,1301.133267,EX3600,225,22.0,10.0,32,343.706898,136.544014,63.655148,100.005838,43.501897,1463.341352,3779.351888
pattern_23,A1850823_200_WN_2,6216658,4216658,EX012,EX3600BH,DT072,HIT EH5000,A-185-08-23,30.86,149.54,132.012119,132.012119,309.227965,40.073681,80.854605,0,363445.09,6591884.21,199.23,STRAIGHT,149.5,480,21/10/2025,15:02:05,15:10:05,1354.808835,EX3600,250,22.0,10.0,32,309.227965,132.012119,56.28756,80.854605,40.073681,1740.89737,4545.664666
pattern_23,A1850823_200_WN_2,6216659,4216659,EX012,EX3600BH,DT017,CAT 793,A-185-08-23,53.61,163.24,127.313889,127.313889,321.755673,38.302129,102.446862,0,363449.31,6591884.02,198.39,LEFT,163.2,769,21/10/2025,15:10:05,15:22:54,1489.210705,EX3600,225,22.0,10.0,32,321.755673,127.313889,53.692793,102.446862,38.302129,1826.403809,5014.196937
pattern_23,A1850823_200_WN_2,6216660,4216660,EX012,EX3600BH,DT018,CAT 793,A-185-08-23,39.65,154.52,109.880422,109.880422,306.090648,41.869674,87.936051,0,363445.23,6591889.11,199.72,STRAIGHT,154.5,454,21/10/2025,15:22:54,15:30:28,1616.29237,EX3600,225,22.0,10.0,32,306.090648,109.880422,66.404501,87.936051,41.869674,1817.387964,4848.434302
pattern_23,A1850823_200_WN_2,6216661,4216661,EX012,EX3600BH,DT007,CAT 793,A-185-08-23,31.47,165.74,128.197192,128.197192,319.345026,42.407701,85.160887,0,363445.98,6591886.76,198.8,LEFT,165.7,484,21/10/2025,15:30:28,15:38:32,1517.785493,EX3600,225,22.0,10.0,32,319.345026,128.197192,63.579246,85.160887,42.407701,1868.388841,4985.109491
pattern_23,A1850823_200_WN_2,6216662,4216662,EX012,EX3600BH,DT027,CAT 793,A-185-08-23,36.55,172.4,121.876536,121.876536,337.264736,52.409614,98.956579,0,363446.15,6591883.97,200.11,LEFT,172.4,529,21/10/2025,15:38:32,15:47:21,1528.086302,EX3600,225,22.0,10.0,32,337.264736,121.876536,64.022006,98.956579,52.409614,1840.240258,4795.936879
pattern_23,A1850823_200_WN_2,6216663,4216663,EX012,EX3600BH,DT036,CAT 793,A-185-08-23,42.81,163.06,125.217245,125.217245,332.885909,43.955923,94.417536,0,363443.9,6591883.89,200.12,RIGHT,163.1,485,21/10/2025,15:47:21,15:55:26,1396.760555,EX3600,225,22.0,10.0,32,332.885909,125.217245,69.295205,94.417536,43.955923,1763.430919,4633.793756
pattern_23,A1850823_200_WN_2,6216664,4216664,EX012,EX3600BH,DT080,HIT EH5000,A-185-08-23,38.57,168.58,116.319223,116.319223,326.907101,51.381385,94.975387,0,363446.28,6591884.5,199.14,RIGHT,168.6,470,21/10/2025,15:55:26,16:03:16,1464.187388,EX3600,250,22.0,10.0,32,326.907101,116.319223,64.231106,94.975387,51.381385,1856.498341,4972.796046
pattern_23,A1850823_200_WN_2,6216665,4216665,EX012,EX3600BH,DT030,CAT 793,A-185-08-23,38.89,173.65,136.278695,136.278695,327.425879,41.663984,90.167777,0,363447.76,6591885.53,198.45,LEFT,173.6,501,21/10/2025,16:03:16,16:11:37,1598.810318,EX3600,225,22.0,10.0,32,327.425879,136.278695,59.315422,90.167777,41.663984,1909.227976,4937.923738
pattern_23,A1850823_200_WN_2,6216666,4216666,EX012,EX3600BH,DT033,CAT 793,A-185-08-23,43.83,166.25,128.775188,128.775188,342.572292,59.00769,91.996101,0,363448.06,6591897.13,198.43,RIGHT,166.2,552,21/10/2025,16:11:37,16:20:49,1455.944414,EX3600,225,22.0,10.0,32,342.572292,128.775188,62.793313,91.996101,59.00769,1747.028509,4407.952987
pattern_23,A1850823_200_WN_2,6216667,4216667,EX012,EX3600BH,DT019,CAT 793,A-185-08-23,35.54,162.43,125.233931,125.233931,323.43401,40.499078,93.954949,0,363444.9,6591891.23,199.08,LEFT,162.4,502,21/10/2025,16:20:49,16:29:11,1542.812384,EX3600,225,22.0,10.0,32,323.43401,125.233931,63.746051,93.954949,40.499078,1807.960957,4578.669091
pattern_23,A1850823_200_WN_2,6216668,4216668,EX012,EX3600BH,DT029,CAT 793,A-185-08-23,31.39,156.79,126.060914,126.060914,319.124233,37.857927,94.268623,0,363447.82,6591895.15,198.95,STRAIGHT,156.8,507,21/10/2025,16:29:11,16:37:38,1490.696461,EX3600,225,22.0,10.0,32,319.124233,126.060914,60.936768,94.268623,37.857927,1768.679258,4667.512064
pattern_23,A1850823_200_WN_2,6216669,4216669,EX012,EX3600BH,DT038,CAT 793,A-185-08-23,32.69,162.64,134.975634,134.975634,314.501873,44.280353,83.364577,0,363447.2,6591891.61,198.42,STRAIGHT,162.6,456,21/10/2025,16:37:38,16:45:14,1580.727841,EX3600,225,22.0,10.0,32,314.501873,134.975634,51.881309,83.364577,44.280353,1861.704373,4847.277955
pattern_23,A1850823_200_WN_2,6216670,4216670,EX012,EX3600BH,DT010,CAT 793,A-185-08-23,43.86,167.04,131.313301,131.313301,324.430997,47.58112,89.985912,0,363445.71,6591890.18,198.06,LEFT,167.0,437,21/10/2025,16:45:14,16:52:31,1555.219347,EX3600,225,22.0,10.0,32,324.430997,131.313301,55.550664,89.985912,47.58112,1853.508098,4831.12275
pattern_23,A1850823_200_WN_2,6216671,4216671,EX012,EX3600BH,DT005,CAT 793,A-185-08-23,51.46,168.37,121.189234,121.189234,318.730608,46.857996,89.420182,0,363445.01,6591890.69,198.54,STRAIGHT,168.4,534,21/10/2025,16:52:31,17:01:25,1674.452823,EX3600,225,22.0,10.0,32,318.730608,121.189234,61.263196,89.420182,46.857996,1901.650754,5228.659746
pattern_23,A1850823_200_WN_2,6216672,4216672,EX012,EX3600BH,DT021,CAT 793,A-185-08-23,54.51,163.54,111.34979,111.34979,293.975802,39.321448,81.195757,0,363444.07,6591892.94,199.17,STRAIGHT,163.5,445,21/10/2025,17:01:25,17:08:50,1838.282082,EX3600,225,22.0,10.0,32,293.975802,111.34979,62.108808,81.195757,39.321448,2002.660264,5250.085599
pattern_23,A1850823_200_WN_2,6216673,4216673,EX012,EX3600BH,DT033,CAT 793,A-185-08-23,40.6,170.85,119.030642,119.030642,309.779756,41.061684,83.467084,0,363445.94,6591890.41,198.52,LEFT,170.9,425,21/10/2025,17:08:50,17:15:55,1641.605715,EX3600,225,22.0,10.0,32,309.779756,119.030642,66.220347,83.467084,41.061684,1985.512467,5129.469689
pattern_23,A1850823_200_WN_2,6216674,4216674,EX012,EX3600BH,DT049,HIT EH5000,A-185-08-23,35.82,157.03,113.140726,113.140726,324.927938,48.970621,91.113927,0,363445.0,6591892.84,198.75,STRAIGHT,157.0,480,21/10/2025,17:15:55,17:23:55,1450.660158,EX3600,250,22.0,10.0,32,324.927938,113.140726,71.702664,91.113927,48.970621,1739.743264,4656.029521
pattern_23,A1850823_200_WN_2,6216675,4216675,EX012,EX3600BH,DT088,HIT EH5000,A-185-08-23,37.4,168.97,142.733021,142.733021,336.593958,47.309346,93.966252,0,363445.94,6591892.1,199.57,STRAIGHT,169.0,504,21/10/2025,17:23:55,17:32:19,1543.532472,EX3600,250,22.0,10.0,32,336.593958,142.733021,52.585339,93.966252,47.309346,1807.23477,4740.096954
pattern_23,A1850823_200_WN_2,6216676,4216676,EX012,EX3600BH,DT044,CAT 793,A-185-08-23,45.52,163.06,134.795348,134.795348,338.007666,37.384716,96.309792,0,363445.97,6591892.55,198.92,RIGHT,163.1,502,21/10/2025,17:32:19,17:40:41,1456.289216,EX3600,225,22.0,10.0,32,338.007666,134.795348,69.517809,96.309792,37.384716,1736.715473,4541.649929
pattern_23,A1850823_200_WN_2,6216677,4216677,EX012,EX3600BH,DT021,CAT 793,A-185-08-23,40.47,165.0,126.111529,126.111529,330.925748,46.142252,91.602747,0,363443.45,6591891.37,198.16,RIGHT,165.0,447,21/10/2025,17:40:41,17:48:08,1446.841793,EX3600,225,22.0,10.0,32,330.925748,126.111529,67.06922,91.602747,46.142252,1794.9406,4894.261949
pattern_23,A1850823_200_WN_2,6216678,4216678,EX012,EX3600BH,DT041,CAT 793,A-185-08-23,39.26,158.24,113.902031,113.902031,311.295292,52.928517,85.458751,0,363446.46,6591888.2,199.49,LEFT,158.2,421,21/10/2025,17:48:08,17:55:09,1544.13975,EX3600,225,22.0,10.0,32,311.295292,113.902031,59.005994,85.458751,52.928517,1830.009995,4819.548257
pattern_23,A1850823_200_WN_3,6216679,4216679,EX012,EX3600BH,DT005,CAT 793,A-185-08-23,54.45,165.09,113.898054,113.898054,331.667746,47.351017,98.617399,0,363449.55,6591899.97,198.48,STRAIGHT,165.1,504,21/10/2025,17:55:09,18:03:33,1509.337907,EX3600,225,22.0,10.0,32,331.667746,113.898054,71.801277,98.617399,47.351017,1791.902458,4727.351922
pattern_23,A1850823_200_WN_3,6216680,4216680,EX012,EX3600BH,DT012,CAT 793,A-185-08-23,27.49,164.93,105.613908,105.613908,319.788277,47.934048,100.897616,0,363452.67,6591901.65,199.61,LEFT,164.9,533,21/10/2025,18:03:33,18:12:26,1465.505175,EX3600,225,22.0,10.0,32,319.788277,105.613908,65.342705,100.897616,47.934048,1856.685551,4831.209002
pattern_23,A1850823_200_WN_3,6216681,4216681,EX012,EX3600BH,DT003,CAT 793,A-185-08-23,30.71,154.82,126.748124,126.748124,329.986697,54.426606,82.260172,0,363446.52,6591903.97,199.76,LEFT,154.8,392,21/10/2025,18:12:26,18:18:58,1393.538285,EX3600,225,22.0,10.0,32,329.986697,126.748124,66.551795,82.260172,54.426606,1689.045478,4421.832419
pattern_23,A1850823_200_WN_3,6216682,4216682,EX012,EX3600BH,DT009,CAT 793,A-185-08-23,35.48,170.98,106.777008,106.777008,289.928619,42.240599,80.40367,0,363449.72,6591903.29,198.61,RIGHT,171.0,425,21/10/2025,18:18:58,18:26:03,1685.262505,EX3600,225,22.0,10.0,32,289.928619,106.777008,60.507341,80.40367,42.240599,2123.064455,5720.301834
pattern_23,A1850823_200_WN_3,6216683,4216683,EX012,EX3600BH,DT073,HIT EH5000,A-185-08-23,36.43,156.18,111.117265,111.117265,278.465867,39.87956,67.808426,0,363448.94,6591901.26,199.69,RIGHT,156.2,439,21/10/2025,18:26:03,18:33:22,1650.615182,EX3600,250,22.0,10.0,32,278.465867,111.117265,59.660616,67.808426,39.87956,2019.115428,5310.510205
pattern_23,A1850823_200_WN_3,6216684,4216684,EX012,EX3600BH,DT027,CAT 793,A-185-08-23,38.3,161.32,94.314551,94.314551,301.142359,40.651331,100.65036,0,363450.4,6591904.64,198.93,RIGHT,161.3,544,21/10/2025,18:33:22,18:42:26,1542.421623,EX3600,225,22.0,10.0,32,301.142359,94.314551,65.526118,100.65036,40.651331,1928.546976,5168.963952
pattern_23,A1850823_200_WN_3,6216685,4216685,EX012,EX3600BH,DT013,CAT 793,A-185-08-23,38.65,157.14,100.936304,100.936304,266.35563,32.899589,68.421891,0,363447.16,6591901.01,199.27,STRAIGHT,157.1,395,21/10/2025,18:42:26,18:49:01,1746.583208,EX3600,225,22.0,10.0,32,266.35563,100.936304,64.097846,68.421891,32.899589,2123.834328,5549.766931
pattern_23,A1850823_200_WN_3,6216686,4216686,EX012,EX3600BH,DT020,CAT 793,A-185-08-23,27.51,151.01,131.587987,131.587987,321.610164,46.865221,87.461655,0,363451.93,6591901.72,199.38,RIGHT,151.0,525,21/10/2025,18:49:01,18:57:46,1435.682505,EX3600,225,22.0,10.0,32,321.610164,131.587987,55.695299,87.461655,46.865221,1690.327138,4509.65666
pattern_23,A1850823_200_WN_3,6216687,4216687,EX012,EX3600BH,DT003,CAT 793,A-185-08-23,35.4,159.01,122.216037,122.216037,322.72126,45.650777,97.930472,0,363447.49,6591900.47,198.96,RIGHT,159.0,470,21/10/2025,18:57:46,19:05:36,1532.077134,EX3600,225,22.0,10.0,32,322.72126,122.216037,56.923974,97.930472,45.650777,1773.805814,4716.862013
pattern_23,A1850823_200_WN_3,6216688,4216688,EX012,EX3600BH,DT090,HIT EH5000,A-185-08-23,45.29,161.14,141.330334,141.330334,334.38503,42.673432,93.168824,0,363449.94,6591905.46,198.9,RIGHT,161.1,423,21/10/2025,19:05:36,19:12:39,1424.706381,EX3600,250,22.0,10.0,32,334.38503,141.330334,57.21244,93.168824,42.673432,1734.845524,4525.003085
pattern_23,A1850823_200_WN_3,6216689,4216689,EX012,EX3600BH,DT066,HIT EH5000,A-185-08-23,33.34,159.86,132.59694,132.59694,332.988337,47.43844,86.78357,0,363451.59,6591903.71,199.69,LEFT,159.9,481,21/10/2025,19:12:39,19:20:40,1474.297745,EX3600,250,22.0,10.0,32,332.988337,132.59694,66.169387,86.78357,47.43844,1728.249798,4681.920694
pattern_23,A1850823_200_WN_3,6216690,4216690,EX012,EX3600BH,DT023,CAT 793,A-185-08-23,31.3,157.67,117.677933,117.677933,325.594734,42.857465,97.738499,0,363450.08,6591903.15,199.61,STRAIGHT,157.7,457,21/10/2025,19:20:40,19:28:17,1376.434843,EX3600,225,22.0,10.0,32,325.594734,117.677933,67.320837,97.738499,42.857465,1743.283024,4776.388131
pattern_23,A1850823_200_WN_3,6216691,4216691,EX012,EX3600BH,DT036,CAT 793,A-185-08-23,41.61,154.83,119.373826,119.373826,326.414546,44.976293,94.293058,0,363448.63,6591903.44,199.71,RIGHT,154.8,537,21/10/2025,19:28:17,19:37:14,1329.234457,EX3600,225,22.0,10.0,32,326.414546,119.373826,67.77137,94.293058,44.976293,1707.561364,4544.674929
pattern_23,A1850823_200_WN_4,6216692,4216692,EX012,EX3600BH,DT037,CAT 793,A-185-08-23,39.1,150.38,142.302112,142.302112,343.491889,39.584549,99.952266,0,363448.14,6591907.08,198.48,STRAIGHT,150.4,528,21/10/2025,19:37:14,19:46:02,1370.273519,EX3600,225,22.0,10.0,32,343.491889,142.302112,61.652961,99.952266,39.584549,1576.097011,4109.193918
pattern_23,A1850823_200_WN_4,6216693,4216693,EX012,EX3600BH,DT063,HIT EH5000,A-185-08-23,31.76,138.26,124.01999,124.01999,325.996986,41.133935,88.630324,0,363451.86,6591908.5,199.01,RIGHT,138.3,478,21/10/2025,19:46:02,19:54:00,1380.84292,EX3600,250,22.0,10.0,32,325.996986,124.01999,72.212737,88.630324,41.133935,1526.821663,4019.980635
pattern_23,A1850823_200_WN_4,6216694,4216694,EX012,EX3600BH,DT043,CAT 793,A-185-08-23,39.83,136.95,124.928195,124.928195,344.158865,53.621119,96.172972,0,363452.46,6591910.31,199.61,STRAIGHT,136.9,531,21/10/2025,19:54:00,20:02:51,1171.384441,EX3600,225,22.0,10.0,32,344.158865,124.928195,69.436579,96.172972,53.621119,1432.530134,3639.010799
pattern_23,A1850823_200_WN_4,6216695,4216695,EX012,EX3600BH,DT016,CAT 793,A-185-08-23,33.31,157.14,131.102014,131.102014,314.823963,42.743565,86.297646,0,363452.61,6591907.42,199.4,STRAIGHT,157.1,440,21/10/2025,20:02:51,20:10:11,1541.427917,EX3600,225,22.0,10.0,32,314.823963,131.102014,54.680738,86.297646,42.743565,1796.899471,4401.729402
pattern_23,A1850823_200_WN_4,6216696,4216696,EX012,EX3600BH,DT018,CAT 793,A-185-08-23,34.92,157.78,125.353618,125.353618,335.896888,46.35552,94.26967,0,363453.2,6591910.49,198.42,LEFT,157.8,493,21/10/2025,20:10:11,20:18:24,1359.059728,EX3600,225,22.0,10.0,32,335.896888,125.353618,69.91808,94.26967,46.35552,1691.037006,4314.738749
pattern_23,A1850823_200_WN_4,6216697,4216697,EX012,EX3600BH,DT065,HIT EH5000,A-185-08-23,41.34,165.17,127.752257,127.752257,310.81058,36.975897,80.451777,0,363448.73,6591909.74,199.12,LEFT,165.2,495,21/10/2025,20:18:24,20:26:39,1645.900949,EX3600,250,22.0,10.0,32,310.81058,127.752257,65.630649,80.451777,36.975897,1913.139102,5146.589985
pattern_23,A1850823_200_WN_4,6216698,4216698,EX012,EX3600BH,DT051,HIT EH5000,A-185-08-23,41.76,168.51,128.408185,128.408185,316.265297,43.848125,86.112983,0,363449.02,6591907.19,199.68,STRAIGHT,168.5,536,21/10/2025,20:26:39,20:35:35,1680.08642,EX3600,250,22.0,10.0,32,316.265297,128.408185,57.896004,86.112983,43.848125,1918.079197,4766.712511
pattern_23,A1850823_200_WN_4,6216699,4216699,EX012,EX3600BH,DT044,CAT 793,A-185-08-23,37.41,163.13,122.525792,122.525792,316.434956,44.723839,88.30887,0,363450.79,6591907.09,200.08,STRAIGHT,163.1,462,21/10/2025,20:35:35,20:43:17,1591.451083,EX3600,225,22.0,10.0,32,316.434956,122.525792,60.876455,88.30887,44.723839,1855.851709,4949.525353
pattern_23,A1850823_200_WN_4,6216700,4216700,EX012,EX3600BH,DT021,CAT 793,A-185-08-23,46.75,160.32,129.340244,129.340244,325.550342,47.17951,87.779833,0,363449.41,6591909.2,198.12,RIGHT,160.3,539,21/10/2025,20:43:17,20:52:16,1541.694395,EX3600,225,22.0,10.0,32,325.550342,129.340244,61.250755,87.779833,47.17951,1772.846704,4554.708335
pattern_23,A1850823_200_WN_4,6216701,4216701,EX012,EX3600BH,DT018,CAT 793,A-185-08-23,29.02,150.96,124.315494,124.315494,306.581816,42.625826,85.114885,0,363449.28,6591906.06,199.39,STRAIGHT,151.0,380,21/10/2025,20:52:16,20:58:36,1452.371439,EX3600,225,22.0,10.0,32,306.581816,124.315494,54.525611,85.114885,42.625826,1772.598043,4598.257983
pattern_23,A1850823_200_WN_4,6216702,4216702,EX012,EX3600BH,DT041,CAT 793,A-185-08-23,39.62,151.59,130.477341,130.477341,322.199746,45.924084,90.258356,0,363452.34,6591908.4,199.43,RIGHT,151.6,414,21/10/2025,20:58:36,21:05:30,1429.685421,EX3600,225,22.0,10.0,32,322.199746,130.477341,55.539965,90.258356,45.924084,1693.703919,4397.184799
pattern_23,A1850823_200_WN_4,6216703,4216703,EX012,EX3600BH,DT009,CAT 793,A-185-08-23,32.47,156.01,110.797274,110.797274,282.432498,41.162204,74.955226,0,363449.64,6591908.96,199.44,STRAIGHT,156.0,435,21/10/2025,21:05:30,21:12:45,1592.45046,EX3600,225,22.0,10.0,32,282.432498,110.797274,55.517795,74.955226,41.162204,1988.626879,5185.222979
pattern_23,A1850823_200_WN_4,6216704,4216704,EX012,EX3600BH,DT020,CAT 793,A-185-08-23,53.19,159.56,131.300894,131.300894,319.278753,39.803705,87.983942,0,363450.33,6591909.11,199.69,LEFT,159.6,437,21/10/2025,21:12:45,21:20:02,1454.87221,EX3600,225,22.0,10.0,32,319.278753,131.300894,60.190212,87.983942,39.803705,1799.144928,4644.416703
pattern_23,A1850823_200_WN_1,6216705,4216705,EX012,EX3600BH,DT071,HIT EH5000,A-185-08-23,44.84,152.17,115.193457,115.193457,310.802899,46.929141,95.239008,0,363458.95,6591882.18,199.56,STRAIGHT,152.2,517,21/10/2025,21:20:02,21:28:39,1528.973532,EX3600,250,22.0,10.0,32,310.802899,115.193457,53.441293,95.239008,46.929141,1762.529454,4756.455054
pattern_23,A1850823_200_WN_1,6216706,4216706,EX012,EX3600BH,DT002,CAT 793,A-185-08-23,35.31,161.15,139.59279,139.59279,335.000467,50.734719,73.402705,0,363452.38,6591892.54,198.9,RIGHT,161.1,536,21/10/2025,21:28:39,21:37:35,1439.016402,EX3600,225,22.0,10.0,32,335.000467,139.59279,71.270253,73.402705,50.734719,1731.735585,4542.853954
pattern_23,A1850823_200_WN_1,6216707,4216707,EX012,EX3600BH,DT056,HIT EH5000,A-185-08-23,33.08,168.61,116.428737,116.428737,304.574579,38.412832,92.675177,0,363449.85,6591891.18,200.04,LEFT,168.6,439,21/10/2025,21:37:35,21:44:54,1668.707357,EX3600,250,22.0,10.0,32,304.574579,116.428737,57.057833,92.675177,38.412832,1992.916451,5312.068633
pattern_23,A1850823_200_WN_1,6216708,4216708,EX012,EX3600BH,DT037,CAT 793,A-185-08-23,51.08,153.25,112.459885,112.459885,308.114211,43.068677,98.464443,0,363448.48,6591887.62,199.46,LEFT,153.2,508,21/10/2025,21:44:54,21:53:22,1526.028602,EX3600,225,22.0,10.0,32,308.114211,112.459885,54.121207,98.464443,43.068677,1790.512216,4612.821626
pattern_23,A1850823_200_WN_1,6216709,4216709,EX012,EX3600BH,DT016,CAT 793,A-185-08-23,45.2,165.37,117.249658,117.249658,304.093911,44.818968,90.370837,0,363450.2,6591885.87,199.17,STRAIGHT,165.4,810,21/10/2025,21:53:22,22:06:52,1642.724023,EX3600,225,22.0,10.0,32,304.093911,117.249658,51.654448,90.370837,44.818968,1957.753035,4987.564192
pattern_23,A1850823_200_WN_1,6216710,4216710,EX012,EX3600BH,DT083,HIT EH5000,A-185-08-23,38.23,161.73,123.207674,123.207674,317.368788,46.326487,87.721005,0,363453.07,6591883.42,199.51,LEFT,161.7,477,21/10/2025,22:06:52,22:14:49,1513.975663,EX3600,250,22.0,10.0,32,317.368788,123.207674,60.113622,87.721005,46.326487,1834.568988,4846.433932
pattern_23,A1850823_200_WN_1,6216711,4216711,EX012,EX3600BH,DT005,CAT 793,A-185-08-23,35.81,161.51,122.030619,122.030619,334.213061,48.231545,94.014133,0,363454.16,6591886.19,199.05,LEFT,161.5,443,21/10/2025,22:14:49,22:22:12,1533.6037,EX3600,225,22.0,10.0,32,334.213061,122.030619,69.936764,94.014133,48.231545,1739.769535,4385.058027
pattern_23,A1850823_200_WN_1,6216712,4216712,EX012,EX3600BH,DT002,CAT 793,A-185-08-23,46.65,159.96,136.430351,136.430351,316.506741,39.102715,84.063234,0,363454.33,6591883.46,199.0,LEFT,160.0,559,21/10/2025,22:22:12,22:31:31,1509.735207,EX3600,225,22.0,10.0,32,316.506741,136.430351,56.91044,84.063234,39.102715,1819.467364,4666.998003
pattern_23,A1850823_200_WN_1,6216713,4216713,EX012,EX3600BH,DT001,CAT 793,A-185-08-23,46.61,164.12,127.000465,127.000465,327.68958,48.004617,96.278927,0,363450.91,6591890.67,198.66,LEFT,164.1,491,21/10/2025,22:31:31,22:39:42,1590.791591,EX3600,225,22.0,10.0,32,327.68958,127.000465,56.405571,96.278927,48.004617,1803.074429,4805.690161
pattern_23,A1850823_200_WN_1,6216714,4216714,EX012,EX3600BH,DT037,CAT 793,A-185-08-23,38.95,175.93,121.197566,121.197566,308.279131,39.665675,92.129445,0,363455.03,6591887.04,199.18,LEFT,175.9,496,21/10/2025,22:39:42,22:47:58,1782.686858,EX3600,225,22.0,10.0,32,308.279131,121.197566,55.286444,92.129445,39.665675,2054.410161,5374.64309
pattern_23,A1850823_200_WN_1,6216715,4216715,EX012,EX3600BH,DT016,CAT 793,A-185-08-23,32.07,157.63,129.130769,129.130769,337.207297,43.340902,87.6459,0,363450.73,6591887.47,199.78,LEFT,157.6,553,21/10/2025,22:47:58,22:57:11,1329.616056,EX3600,225,22.0,10.0,32,337.207297,129.130769,77.089726,87.6459,43.340902,1682.83439,4415.886069
pattern_23,A1850823_200_WN_1,6216716,4216716,EX012,EX3600BH,DT005,CAT 793,A-185-08-23,34.83,161.55,117.223478,117.223478,314.044294,49.934578,78.466072,0,363450.17,6591889.53,198.99,RIGHT,161.6,434,21/10/2025,22:57:11,23:04:25,1539.950664,EX3600,225,22.0,10.0,32,314.044294,117.223478,68.420166,78.466072,49.934578,1851.934505,4778.2426
pattern_23,A1850823_200_WN_1,6216717,4216717,EX012,EX3600BH,DT035,CAT 793,A-185-08-23,32.42,159.5,118.20201,118.20201,303.590083,42.272756,81.707113,0,363448.95,6591885.81,199.21,LEFT,159.5,494,21/10/2025,23:04:25,23:12:39,1559.410992,EX3600,225,22.0,10.0,32,303.590083,118.20201,61.408204,81.707113,42.272756,1891.397683,5229.106314
pattern_23,A1850823_200_WN_3,6216718,4216718,EX012,EX3600BH,DT017,CAT 793,A-185-08-23,31.95,166.24,153.670563,153.670563,343.862028,39.719761,98.023156,0,363457.31,6591894.26,199.48,LEFT,166.2,476,21/10/2025,23:12:39,23:20:35,1456.820805,EX3600,225,22.0,10.0,32,343.862028,153.670563,52.448548,98.023156,39.719761,1740.427931,4581.074557
pattern_23,A1850823_200_WN_3,6216719,4216719,EX012,EX3600BH,DT012,CAT 793,A-185-08-23,37.16,155.45,113.816537,113.816537,289.124469,37.020605,81.360508,0,363455.08,6591900.83,199.53,LEFT,155.4,445,21/10/2025,23:20:35,23:28:00,1646.490137,EX3600,225,22.0,10.0,32,289.124469,113.816537,56.926818,81.360508,37.020605,1935.543129,4920.649969
pattern_23,A1850823_200_WN_3,6216720,4216720,EX012,EX3600BH,DT030,CAT 793,A-185-08-23,34.5,138.93,122.674592,122.674592,322.894521,46.258504,91.205837,0,363455.72,6591897.49,198.7,STRAIGHT,138.9,496,21/10/2025,23:28:00,23:36:16,1299.185413,EX3600,225,22.0,10.0,32,322.894521,122.674592,62.755588,91.205837,46.258504,1548.946555,4009.080279
pattern_23,A1850823_200_WN_3,6216721,4216721,EX012,EX3600BH,DT041,CAT 793,A-185-08-23,31.79,141.84,122.911611,122.911611,300.638379,41.686248,80.202195,0,363453.99,6591897.19,199.23,LEFT,141.8,478,21/10/2025,23:36:16,23:44:14,1421.717075,EX3600,225,22.0,10.0,32,300.638379,122.911611,55.838325,80.202195,41.686248,1698.477094,4486.263401
pattern_23,A1850823_200_WN_3,6216722,4216722,EX012,EX3600BH,DT050,HIT EH5000,A-185-08-23,37.87,151.2,125.140226,125.140226,329.711723,42.97441,98.210652,0,363454.57,6591902.69,198.62,LEFT,151.2,486,21/10/2025,23:44:14,23:52:20,1368.650233,EX3600,250,22.0,10.0,32,329.711723,125.140226,63.386435,98.210652,42.97441,1650.862455,4346.423034
pattern_23,A1850823_200_WN_3,6216723,4216723,EX012,EX3600BH,DT014,CAT 793,A-185-08-23,44.41,162.2,117.154349,117.154349,306.323644,39.249756,90.650901,0,363454.83,6591895.3,199.05,STRAIGHT,162.2,402,21/10/2025,23:52:20,23:59:02,1615.210777,EX3600,225,22.0,10.0,32,306.323644,117.154349,59.268639,90.650901,39.249756,1906.222336,4685.487249
pattern_23,A1850823_200_WN_3,6216724,4216724,EX012,EX3600BH,DT060,HIT EH5000,A-185-08-23,34.39,158.89,132.220244,132.220244,327.318475,39.177743,100.709633,0,363453.17,6591897.78,199.25,RIGHT,158.9,505,21/10/2025,23:59:02,00:07:27,1568.716801,EX3600,250,22.0,10.0,32,327.318475,132.220244,55.210855,100.709633,39.177743,1747.59894,4400.806489
pattern_23,A1850823_200_WN_3,6216725,4216725,EX012,EX3600BH,DT020,CAT 793,A-185-08-23,29.67,157.64,124.358895,124.358895,309.83479,34.500199,93.452102,0,363455.06,6591897.51,199.28,RIGHT,157.6,405,22/10/2025,00:07:27,00:14:12,1483.623122,EX3600,225,22.0,10.0,32,309.83479,124.358895,57.523593,93.452102,34.500199,1831.629924,4700.666892
pattern_23,A1850823_200_WN_3,6216726,4216726,EX012,EX3600BH,DT004,CAT 793,A-185-08-23,35.15,158.91,131.977303,131.977303,341.662162,51.103093,94.362396,0,363451.54,6591895.81,198.64,STRAIGHT,158.9,510,22/10/2025,00:14:12,00:22:42,1413.067565,EX3600,225,22.0,10.0,32,341.662162,131.977303,64.21937,94.362396,51.103093,1674.34719,4476.563657
pattern_23,A1850823_200_WN_3,6216727,4216727,EX012,EX3600BH,DT074,HIT EH5000,A-185-08-23,42.41,163.21,103.710881,103.710881,276.900669,40.212967,81.171018,0,363456.36,6591899.5,199.49,LEFT,163.2,388,22/10/2025,00:22:42,00:29:10,1830.250457,EX3600,250,22.0,10.0,32,276.900669,103.710881,51.805803,81.171018,40.212967,2121.9054,5480.433565
pattern_23,A1850823_200_WN_3,6216728,4216728,EX012,EX3600BH,DT019,CAT 793,A-185-08-23,37.43,170.2,125.696387,125.696387,313.846648,36.240986,84.23048,0,363456.76,6591892.97,198.1,STRAIGHT,170.2,460,22/10/2025,00:29:10,00:36:50,1634.158542,EX3600,225,22.0,10.0,32,313.846648,125.696387,67.678796,84.23048,36.240986,1952.318188,4987.161691
pattern_23,A1850823_200_WN_3,6216729,4216729,EX012,EX3600BH,DT019,CAT 793,A-185-08-23,36.24,196.35,124.038962,124.038962,315.903392,38.66723,93.403811,0,363457.48,6591896.99,198.05,STRAIGHT,196.4,407,22/10/2025,00:36:50,00:43:37,1816.267343,EX3600,225,22.0,10.0,32,315.903392,124.038962,59.793389,93.403811,38.66723,2237.610862,6100.259982
pattern_23,A1850823_200_WN_3,6216730,4216730,EX012,EX3600BH,DT004,CAT 793,A-185-08-23,36.24,196.05,127.516674,127.516674,326.092949,43.26369,99.991907,0,363452.79,6591895.22,199.41,STRAIGHT,196.1,515,22/10/2025,00:43:37,00:52:12,1762.793495,EX3600,225,22.0,10.0,32,326.092949,127.516674,55.320679,99.991907,43.26369,2164.403584,5400.953582
