pattern_id,block_name,haul_cycle_rec_ident,load_rec_ident,loading_unit_ident,load_desc,hauling_unit_ident,haul_desc,DrillPattern,bucket_tonnes,actual_tonnes,digging_time,dig_duration,total_time,spotting_time,loading_time,other_time,bucket_easting,bucket_northing,bucket_elevation,turnout,report_tonnes,calc_duration,date,start_time,end_time,tph,loader_type,truck_payload_t,bucket_nominal_t,passes,base_cycle_s,calc_total_time_s,digging_time_s,swing_time_s,loading_time_s,spotting_time_s,tph_recalc,digability
pattern_12,A1850812_200_WN_2,6206640,4206640,22264,R9800BH,DT019,CAT 793,A-185-08-12,61.75,229.09,67.238809,67.238809,199.901018,33.493176,63.272292,0,363458.3,6591844.71,199.13,STRAIGHT,229.1,378,8/10/2025,03:10:45,03:17:03,2824.300858,R9800BH,225,42.0,6.0,35,199.901018,67.238809,35.896741,63.272292,33.493176,4125.718213,10528.808711
pattern_12,A1850812_200_WN_2,6206641,4206641,22264,R9800BH,DT077,HIT EH5000,A-185-08-12,62.68,230.35,77.497764,77.497764,216.692554,37.953864,63.042544,0,363459.41,6591844.9,198.99,LEFT,230.3,346,8/10/2025,03:17:03,03:22:49,2734.852398,R9800BH,250,42.0,6.0,35,216.692554,77.497764,38.19838,63.042544,37.953864,3826.894727,9913.886307
pattern_12,A1850812_200_WN_2,6206642,4206642,22264,R9800BH,DT034,CAT 793,A-185-08-12,58.05,222.74,71.798354,71.798354,209.188197,34.66734,61.555821,0,363460.64,6591845.0,199.19,LEFT,222.7,376,8/10/2025,03:22:49,03:29:05,2640.402371,R9800BH,225,42.0,6.0,35,209.188197,71.798354,41.166683,61.555821,34.66734,3833.297453,10671.19828
pattern_12,A1850812_200_WN_2,6206643,4206643,22264,R9800BH,DT037,CAT 793,A-185-08-12,51.92,198.39,69.980931,69.980931,208.062646,34.857919,67.763739,0,363459.81,6591844.24,198.13,STRAIGHT,198.4,379,8/10/2025,03:29:05,03:35:24,2502.887185,R9800BH,225,42.0,6.0,35,208.062646,69.980931,35.460057,67.763739,34.857919,3432.683918,9096.205355
pattern_12,A1850812_200_WN_2,6206644,4206644,22264,R9800BH,DT067,HIT EH5000,A-185-08-12,48.88,204.66,70.01385,70.01385,208.280773,34.808974,59.0532,0,363460.68,6591842.74,199.4,RIGHT,204.7,362,8/10/2025,03:35:24,03:41:26,2342.191823,R9800BH,250,42.0,6.0,35,208.280773,70.01385,44.40475,59.0532,34.808974,3537.340437,9105.985911
pattern_12,A1850812_200_WN_2,6206645,4206645,22264,R9800BH,DT048,HIT EH5000,A-185-08-12,47.69,212.71,74.88818,74.88818,222.728944,35.674476,65.422102,0,363461.85,6591846.18,198.53,STRAIGHT,212.7,372,8/10/2025,03:41:26,03:47:38,2365.460213,R9800BH,250,42.0,6.0,35,222.728944,74.88818,46.744185,65.422102,35.674476,3438.101002,9249.272342
pattern_12,A1850812_200_WN_2,6206646,4206646,22264,R9800BH,DT059,HIT EH5000,A-185-08-12,49.98,223.79,78.12614,78.12614,225.272805,35.851685,67.515736,0,363458.82,6591844.96,199.45,RIGHT,223.8,339,8/10/2025,03:47:38,03:53:17,2555.355894,R9800BH,250,42.0,6.0,35,225.272805,78.12614,43.779243,67.515736,35.851685,3576.330367,9245.363601
pattern_12,A1850812_200_WN_2,6206647,4206647,22264,R9800BH,DT028,CAT 793,A-185-08-12,60.92,235.52,80.191398,80.191398,227.200031,42.675433,62.570156,0,363460.7,6591844.53,199.54,STRAIGHT,235.5,374,8/10/2025,03:53:17,03:59:31,2404.084158,R9800BH,225,42.0,6.0,35,227.200031,80.191398,41.763044,62.570156,42.675433,3731.903548,9742.515773
pattern_12,A1850812_200_WN_2,6206648,4206648,22264,R9800BH,DT066,HIT EH5000,A-185-08-12,42.8,243.17,87.001229,87.001229,223.882298,36.963006,63.528711,0,363462.33,6591842.12,199.76,STRAIGHT,243.2,449,8/10/2025,03:59:31,04:07:00,2669.113695,R9800BH,250,42.0,6.0,35,223.882298,87.001229,36.389351,63.528711,36.963006,3910.064977,10444.604988
pattern_12,A1850812_200_WN_2,6206649,4206649,22264,R9800BH,DT072,HIT EH5000,A-185-08-12,45.82,262.31,86.042899,86.042899,217.309213,35.751836,61.733639,0,363460.5,6591842.63,199.23,RIGHT,262.3,361,8/10/2025,04:07:00,04:13:01,2944.277621,R9800BH,250,42.0,6.0,35,217.309213,86.042899,33.780839,61.733639,35.751836,4345.435361,11374.63682
pattern_12,A1850812_200_WN_1,6206650,4206650,22264,R9800BH,DT089,HIT EH5000,A-185-08-12,47.14,228.17,68.158785,68.158785,218.658072,38.752851,64.663945,0,363464.2,6591852.49,199.02,STRAIGHT,228.2,434,8/10/2025,04:13:01,04:20:15,2700.514688,R9800BH,250,42.0,6.0,35,218.658072,68.158785,47.082491,64.663945,38.752851,3756.671534,9577.498286
pattern_12,A1850812_200_WN_1,6206651,4206651,22264,R9800BH,DT057,HIT EH5000,A-185-08-12,47.43,223.46,96.202579,96.202579,230.83137,33.676282,52.577406,0,363457.56,6591853.27,198.94,RIGHT,223.5,339,8/10/2025,04:20:15,04:25:54,2461.471814,R9800BH,250,42.0,6.0,35,230.83137,96.202579,48.375103,52.577406,33.676282,3485.109859,9022.642093
pattern_12,A1850812_200_WN_1,6206652,4206652,22264,R9800BH,DT061,HIT EH5000,A-185-08-12,69.88,209.63,87.779517,87.779517,219.450583,35.167163,59.776389,0,363462.69,6591851.42,199.79,STRAIGHT,209.6,317,8/10/2025,04:25:54,04:31:11,2522.395285,R9800BH,250,42.0,6.0,35,219.450583,87.779517,36.727514,59.776389,35.167163,3438.858354,8922.462829
pattern_12,A1850812_200_WN_1,6206653,4206653,22264,R9800BH,DT038,CAT 793,A-185-08-12,57.29,211.8,85.998583,85.998583,220.973006,36.642234,54.774885,0,363462.85,6591855.41,198.45,RIGHT,211.8,398,8/10/2025,04:31:11,04:37:49,2299.511024,R9800BH,225,42.0,6.0,35,220.973006,85.998583,43.557304,54.774885,36.642234,3450.620163,8903.210219
pattern_12,A1850812_200_WN_1,6206654,4206654,22264,R9800BH,DT008,CAT 793,A-185-08-12,40.86,234.2,92.839943,92.839943,237.85041,36.524519,56.359045,0,363461.48,6591855.26,198.52,RIGHT,234.2,359,8/10/2025,04:37:49,04:43:48,2369.205448,R9800BH,225,42.0,6.0,35,237.85041,92.839943,52.126903,56.359045,36.524519,3544.725546,8907.775425
pattern_12,A1850812_200_WN_1,6206655,4206655,22264,R9800BH,DT050,HIT EH5000,A-185-08-12,56.96,223.7,78.625628,78.625628,218.394049,35.923483,62.016774,0,363462.61,6591851.71,198.94,RIGHT,223.7,457,8/10/2025,04:43:48,04:51:25,2534.46548,R9800BH,250,42.0,6.0,35,218.394049,78.625628,41.828165,62.016774,35.923483,3687.512562,9973.034828
pattern_12,A1850812_200_WN_1,6206656,4206656,22264,R9800BH,DT062,HIT EH5000,A-185-08-12,55.39,212.06,80.840426,80.840426,234.17546,40.129946,63.907622,0,363459.55,6591853.49,199.75,STRAIGHT,212.1,384,8/10/2025,04:51:25,04:57:49,1861.717782,R9800BH,250,42.0,6.0,35,234.17546,80.840426,49.297466,63.907622,40.129946,3259.956798,8442.983748
pattern_12,A1850812_200_WN_1,6206657,4206657,22264,R9800BH,DT031,CAT 793,A-185-08-12,63.12,238.27,79.596601,79.596601,214.105695,30.508918,62.512504,0,363461.47,6591856.26,198.44,LEFT,238.3,337,8/10/2025,04:57:49,05:03:26,2728.498792,R9800BH,225,42.0,6.0,35,214.105695,79.596601,41.487672,62.512504,30.508918,4006.354729,10398.532599
pattern_12,A1850812_200_WN_1,6206658,4206658,22264,R9800BH,DT077,HIT EH5000,A-185-08-12,46.71,223.44,83.97854,83.97854,226.382567,40.543823,61.309662,0,363460.42,6591854.91,199.03,LEFT,223.4,331,8/10/2025,05:03:26,05:08:57,2234.44443,R9800BH,250,42.0,6.0,35,226.382567,83.97854,40.550542,61.309662,40.543823,3553.205907,9218.768969
pattern_12,A1850812_200_WN_1,6206659,4206659,22264,R9800BH,DT031,CAT 793,A-185-08-12,48.32,231.57,74.012931,74.012931,204.813394,30.471179,61.811022,0,363463.37,6591855.8,198.83,RIGHT,231.6,387,8/10/2025,05:08:57,05:15:24,2707.690488,R9800BH,225,42.0,6.0,35,204.813394,74.012931,38.518262,61.811022,30.471179,4070.247535,10141.025315
pattern_12,A1850812_200_WN_4,6206660,4206660,22264,R9800BH,DT060,HIT EH5000,A-185-08-12,44.87,213.08,89.966272,89.966272,226.335626,31.517446,67.726631,0,363461.23,6591859.97,199.61,STRAIGHT,213.1,369,8/10/2025,05:15:24,05:21:33,2420.024762,R9800BH,250,42.0,6.0,35,226.335626,89.966272,37.125276,67.726631,31.517446,3389.197268,8230.696892
pattern_12,A1850812_200_WN_4,6206661,4206661,22264,R9800BH,DT080,HIT EH5000,A-185-08-12,53.99,229.2,87.64349,87.64349,230.550716,38.366469,61.143827,0,363459.56,6591861.1,198.92,STRAIGHT,229.2,396,8/10/2025,05:21:33,05:28:09,2232.064965,R9800BH,250,42.0,6.0,35,230.550716,87.64349,43.39693,61.143827,38.366469,3578.880514,8662.478901
pattern_12,A1850812_200_WN_4,6206662,4206662,22264,R9800BH,DT084,HIT EH5000,A-185-08-12,58.84,209.72,83.827044,83.827044,226.632085,32.034932,64.236996,0,363463.5,6591863.16,199.66,LEFT,209.7,401,8/10/2025,05:28:09,05:34:50,2239.62956,R9800BH,250,42.0,6.0,35,226.632085,83.827044,46.533113,64.236996,32.034932,3331.292174,8216.914258
pattern_12,A1850812_200_WN_4,6206663,4206663,22264,R9800BH,DT069,HIT EH5000,A-185-08-12,63.04,212.99,91.206993,91.206993,228.234019,41.127567,60.364635,0,363458.99,6591860.52,199.23,LEFT,213.0,347,8/10/2025,05:34:50,05:40:37,2488.26827,R9800BH,250,42.0,6.0,35,228.234019,91.206993,35.534824,60.364635,41.127567,3359.564678,8047.873841
pattern_12,A1850812_200_WN_4,6206664,4206664,22264,R9800BH,DT063,HIT EH5000,A-185-08-12,47.66,224.71,92.614506,92.614506,228.714321,34.785353,61.971586,0,363462.9,6591860.01,199.24,RIGHT,224.7,380,8/10/2025,05:40:37,05:46:57,2480.556516,R9800BH,250,42.0,6.0,35,228.714321,92.614506,39.342876,61.971586,34.785353,3536.986043,8610.140593
pattern_12,A1850812_200_WN_4,6206665,4206665,22264,R9800BH,DT089,HIT EH5000,A-185-08-12,79.65,250.76,94.554798,94.554798,228.822132,25.648636,58.673269,0,363462.32,6591862.25,199.59,RIGHT,250.8,415,8/10/2025,05:46:57,05:53:52,2546.187923,R9800BH,250,42.0,6.0,35,228.822132,94.554798,49.945429,58.673269,25.648636,3945.182641,9246.561508
pattern_12,A1850812_200_WN_4,6206666,4206666,22264,R9800BH,DT071,HIT EH5000,A-185-08-12,66.04,247.81,102.789491,102.789491,243.738564,41.052451,53.061751,0,363462.97,6591859.36,199.52,LEFT,247.8,409,8/10/2025,05:53:52,06:00:41,2369.67252,R9800BH,250,42.0,6.0,35,243.738564,102.789491,46.834872,53.061751,41.052451,3660.087674,9250.280961
pattern_12,A1850812_200_WN_4,6206667,4206667,22264,R9800BH,DT077,HIT EH5000,A-185-08-12,71.45,250.77,93.166671,93.166671,225.644605,32.912527,54.695978,0,363463.28,6591861.64,199.12,LEFT,250.8,405,8/10/2025,06:00:41,06:07:26,2510.23682,R9800BH,250,42.0,6.0,35,225.644605,93.166671,44.869429,54.695978,32.912527,4000.87129,9472.706085
pattern_12,A1850812_200_WN_4,6206668,4206668,22264,R9800BH,DT084,HIT EH5000,A-185-08-12,41.77,226.33,88.102411,88.102411,220.218214,31.959045,61.049483,0,363459.27,6591862.82,199.09,LEFT,226.3,409,8/10/2025,06:07:26,06:14:15,2477.317846,R9800BH,250,42.0,6.0,35,220.218214,88.102411,39.107275,61.049483,31.959045,3699.92816,8996.576797
pattern_12,A1850812_200_WN_4,6206669,4206669,22264,R9800BH,DT048,HIT EH5000,A-185-08-12,82.09,246.27,93.471543,93.471543,227.99602,35.324065,59.060294,0,363465.04,6591859.69,198.49,RIGHT,246.3,367,8/10/2025,06:14:15,06:20:22,2492.716419,R9800BH,250,42.0,6.0,35,227.99602,93.471543,40.140116,59.060294,35.324065,3888.550378,9900.737722
pattern_12,A1850812_200_WN_4,6206670,4206670,22264,R9800BH,DT068,HIT EH5000,A-185-08-12,53.64,236.51,101.974218,101.974218,252.395507,39.079885,66.045852,0,363459.0,6591871.62,198.66,RIGHT,236.5,396,8/10/2025,06:20:22,06:26:58,2261.871171,R9800BH,250,42.0,6.0,35,252.395507,101.974218,45.295553,66.045852,39.079885,3373.471795,7637.45948
pattern_12,A1850812_200_WN_4,6206671,4206671,22264,R9800BH,DT066,HIT EH5000,A-185-08-12,63.57,222.09,97.444819,97.444819,249.924175,40.509193,67.910283,0,363464.65,6591870.78,198.26,STRAIGHT,222.1,440,8/10/2025,06:26:58,06:34:18,2079.955936,R9800BH,250,42.0,6.0,35,249.924175,97.444819,44.05988,67.910283,40.509193,3199.089814,7289.898311
pattern_12,A1850812_200_WN_4,6206672,4206672,22264,R9800BH,DT019,CAT 793,A-185-08-12,55.9,228.25,105.822473,105.822473,251.705396,33.206918,74.256523,0,363462.85,6591868.69,198.55,STRAIGHT,228.3,468,8/10/2025,06:34:18,06:42:06,2093.353619,R9800BH,225,42.0,6.0,35,251.705396,105.822473,38.419481,74.256523,33.206918,3264.556182,7488.13206
pattern_12,A1850812_200_WN_4,6206673,4206673,22264,R9800BH,DT057,HIT EH5000,A-185-08-12,53.87,205.19,120.965202,120.965202,269.620616,41.286823,71.684598,0,363463.25,6591867.78,199.18,RIGHT,205.2,404,8/10/2025,06:42:06,06:48:50,2000.226254,R9800BH,250,42.0,6.0,35,269.620616,120.965202,35.683993,71.684598,41.286823,2739.762522,6534.954545
pattern_12,A1850812_200_WN_4,6206674,4206674,22264,R9800BH,DT078,HIT EH5000,A-185-08-12,66.09,216.44,101.746031,101.746031,254.684398,37.734422,67.592803,0,363462.91,6591872.34,199.65,LEFT,216.4,445,8/10/2025,06:48:50,06:56:15,1908.599941,R9800BH,250,42.0,6.0,35,254.684398,101.746031,47.611142,67.592803,37.734422,3059.395139,7155.620981
pattern_12,A1850812_200_WN_4,6206675,4206675,22264,R9800BH,DT029,CAT 793,A-185-08-12,42.98,225.86,109.792041,109.792041,243.514699,33.703901,58.21903,0,363464.64,6591869.7,198.36,LEFT,225.9,497,8/10/2025,06:56:15,07:04:32,2183.955245,R9800BH,225,42.0,6.0,35,243.514699,109.792041,41.799726,58.21903,33.703901,3339.054953,7726.415242
pattern_12,A1850812_200_WN_4,6206676,4206676,22264,R9800BH,DT009,CAT 793,A-185-08-12,45.87,218.84,92.852945,92.852945,241.791253,41.727182,58.745087,0,363463.3,6591869.85,199.4,RIGHT,218.8,362,8/10/2025,07:04:32,07:10:34,1997.382069,R9800BH,225,42.0,6.0,35,241.791253,92.852945,48.466038,58.745087,41.727182,3258.325867,7880.375272
pattern_12,A1850812_200_WN_4,6206677,4206677,22264,R9800BH,DT079,HIT EH5000,A-185-08-12,71.86,215.59,105.062114,105.062114,254.886045,38.056276,65.522196,0,363461.82,6591866.48,198.11,LEFT,215.6,413,8/10/2025,07:10:34,07:17:27,2059.075086,R9800BH,250,42.0,6.0,35,254.886045,105.062114,46.24546,65.522196,38.056276,3045.032525,6931.028235
pattern_12,A1850812_200_WN_4,6206678,4206678,22264,R9800BH,DT055,HIT EH5000,A-185-08-12,70.89,212.66,102.17337,102.17337,239.980054,35.840354,62.89771,0,363459.79,6591869.84,198.85,STRAIGHT,212.7,371,8/10/2025,07:17:27,07:23:38,2000.166588,R9800BH,250,42.0,6.0,35,239.980054,102.17337,39.068619,62.89771,35.840354,3190.18245,7010.646276
pattern_12,A1850812_200_WN_4,6206679,4206679,22264,R9800BH,DT071,HIT EH5000,A-185-08-12,70.69,223.74,88.672086,88.672086,224.135173,37.594992,59.517523,0,363463.44,6591868.15,198.11,STRAIGHT,223.7,470,8/10/2025,07:23:38,07:31:28,2470.164063,R9800BH,250,42.0,6.0,35,224.135173,88.672086,38.350572,59.517523,37.594992,3593.57668,8426.738309
pattern_12,A1850812_200_WN_5,6206680,4206680,22264,R9800BH,DT089,HIT EH5000,A-185-08-12,63.17,220.03,114.434038,114.434038,247.916659,37.240477,58.048475,0,363463.11,6591876.62,198.61,RIGHT,220.0,445,8/10/2025,07:31:28,07:38:53,2159.951146,R9800BH,250,42.0,6.0,35,247.916659,114.434038,38.193669,58.048475,37.240477,3195.103307,7337.354468
pattern_12,A1850812_200_WN_5,6206681,4206681,22264,R9800BH,DT090,HIT EH5000,A-185-08-12,43.32,219.77,111.482877,111.482877,252.055637,38.282266,56.561513,0,363462.09,6591876.82,199.63,LEFT,219.8,425,8/10/2025,07:38:53,07:45:58,1965.165686,R9800BH,250,42.0,6.0,35,252.055637,111.482877,45.728981,56.561513,38.282266,3138.807228,6820.803485
pattern_12,A1850812_200_WN_5,6206682,4206682,22264,R9800BH,DT076,HIT EH5000,A-185-08-12,54.17,207.75,116.136512,116.136512,257.552656,36.454852,63.696283,0,363457.16,6591876.16,198.72,LEFT,207.8,430,8/10/2025,07:45:58,07:53:08,1652.266253,R9800BH,250,42.0,6.0,35,257.552656,116.136512,41.265008,63.696283,36.454852,2903.872804,6399.482002
pattern_12,A1850812_200_WN_5,6206683,4206683,22264,R9800BH,DT074,HIT EH5000,A-185-08-12,52.29,205.47,98.649389,98.649389,232.186549,36.050428,58.138476,0,363460.11,6591876.91,200.03,RIGHT,205.5,391,8/10/2025,07:53:08,07:59:39,2008.371342,R9800BH,250,42.0,6.0,35,232.186549,98.649389,39.348257,58.138476,36.050428,3185.815525,7014.552486
pattern_12,A1850812_200_WN_5,6206684,4206684,22264,R9800BH,DT085,HIT EH5000,A-185-08-12,47.2,207.13,106.607663,106.607663,250.588661,37.984418,61.880757,0,363463.32,6591875.18,198.52,STRAIGHT,207.1,407,8/10/2025,07:59:39,08:06:26,1861.071737,R9800BH,250,42.0,6.0,35,250.588661,106.607663,44.115823,61.880757,37.984418,2975.701474,6656.604783
pattern_12,A1850812_200_WN_5,6206685,4206685,22264,R9800BH,DT055,HIT EH5000,A-185-08-12,44.4,217.44,114.108516,114.108516,253.799714,31.514343,66.955341,0,363458.7,6591877.16,199.55,LEFT,217.4,409,8/10/2025,08:06:26,08:13:15,2005.64757,R9800BH,250,42.0,6.0,35,253.799714,114.108516,41.221513,66.955341,31.514343,3084.206781,6969.451074
pattern_12,A1850812_200_WN_5,6206686,4206686,22264,R9800BH,DT087,HIT EH5000,A-185-08-12,65.12,207.86,123.861235,123.861235,269.190433,43.357373,55.399062,0,363464.4,6591879.82,198.78,STRAIGHT,207.9,542,8/10/2025,08:13:15,08:22:17,1677.457533,R9800BH,250,42.0,6.0,35,269.190433,123.861235,46.572763,55.399062,43.357373,2779.789628,6321.420644
pattern_12,A1850812_200_WN_5,6206687,4206687,22264,R9800BH,DT036,CAT 793,A-185-08-12,37.79,190.9,117.249901,117.249901,267.12401,32.289301,63.912462,0,363461.51,6591874.61,200.01,LEFT,190.9,406,8/10/2025,08:22:17,08:29:03,1774.101892,R9800BH,225,42.0,6.0,35,267.12401,117.249901,53.672346,63.912462,32.289301,2572.800892,5759.966199
pattern_12,A1850812_200_WN_5,6206688,4206688,22264,R9800BH,DT035,CAT 793,A-185-08-12,49.7,209.1,126.330306,126.330306,277.808144,28.33091,70.792305,0,363460.21,6591876.8,198.76,STRAIGHT,209.1,447,8/10/2025,08:29:03,08:36:30,1777.981691,R9800BH,225,42.0,6.0,35,277.808144,126.330306,52.354623,70.792305,28.33091,2709.57822,5876.352225
pattern_12,A1850812_200_WN_5,6206689,4206689,22264,R9800BH,DT049,HIT EH5000,A-185-08-12,46.39,207.22,106.218296,106.218296,251.215165,38.495594,69.485756,0,363464.35,6591880.93,198.82,STRAIGHT,207.2,474,8/10/2025,08:36:30,08:44:24,1835.781284,R9800BH,250,42.0,6.0,35,251.215165,106.218296,37.015519,69.485756,38.495594,2969.514507,6676.133473
pattern_12,A1850812_200_WN_5,6206690,4206690,22264,R9800BH,DT010,CAT 793,A-185-08-12,45.88,209.62,111.392471,111.392471,246.604002,30.175253,62.465496,0,363458.99,6591875.89,198.86,STRAIGHT,209.6,466,8/10/2025,08:44:24,08:52:10,1739.054839,R9800BH,225,42.0,6.0,35,246.604002,111.392471,42.570781,62.465496,30.175253,3060.153997,7095.825178
pattern_12,A1850812_200_WN_5,6206691,4206691,22264,R9800BH,DT075,HIT EH5000,A-185-08-12,63.66,226.41,127.983321,127.983321,271.995476,29.91147,67.216877,0,363465.43,6591883.3,199.03,LEFT,226.4,433,8/10/2025,08:52:10,08:59:23,1859.452823,R9800BH,250,42.0,6.0,35,271.995476,127.983321,46.883809,67.216877,29.91147,2996.666844,6777.404432
pattern_12,A1850812_200_WN_5,6206692,4206692,22264,R9800BH,DT067,HIT EH5000,A-185-08-12,59.02,224.65,123.806455,123.806455,259.640597,36.082745,57.978495,0,363464.13,6591889.0,199.17,LEFT,224.6,399,8/10/2025,08:59:23,09:06:02,1991.4798,R9800BH,250,42.0,6.0,35,259.640597,123.806455,41.772901,57.978495,36.082745,3114.836567,7026.102462
pattern_12,A1850812_200_WN_5,6206693,4206693,22264,R9800BH,DT071,HIT EH5000,A-185-08-12,57.97,240.6,121.440939,121.440939,260.184204,34.25994,65.254698,0,363462.05,6591886.18,199.97,LEFT,240.6,530,8/10/2025,09:06:02,09:14:52,2017.906164,R9800BH,250,42.0,6.0,35,260.184204,121.440939,39.228626,65.254698,34.25994,3329.054413,7709.700581
pattern_12,A1850812_200_WN_5,6206694,4206694,22264,R9800BH,DT084,HIT EH5000,A-185-08-12,47.07,231.14,103.085772,103.085772,241.327408,39.368442,58.829095,0,363460.96,6591884.98,199.93,LEFT,231.1,426,8/10/2025,09:14:52,09:21:58,2426.675147,R9800BH,250,42.0,6.0,35,241.327408,103.085772,40.0441,58.829095,39.368442,3448.039246,7719.104757
pattern_12,A1850812_200_WN_5,6206695,4206695,22264,R9800BH,DT082,HIT EH5000,A-185-08-12,59.31,208.87,122.642291,122.642291,270.666271,35.188115,63.851702,0,363461.22,6591881.04,199.13,LEFT,208.9,536,8/10/2025,09:21:58,09:30:54,1688.519904,R9800BH,250,42.0,6.0,35,270.666271,122.642291,48.984163,63.851702,35.188115,2778.030771,6134.354584
pattern_12,A1850812_200_WN_5,6206696,4206696,22264,R9800BH,DT063,HIT EH5000,A-185-08-12,48.67,204.81,109.301275,109.301275,250.155549,35.01867,65.170366,0,363463.07,6591883.04,199.32,RIGHT,204.8,503,8/10/2025,09:30:54,09:39:17,1778.789116,R9800BH,250,42.0,6.0,35,250.155549,109.301275,40.665238,65.170366,35.01867,2947.476044,6987.110958
pattern_12,A1850812_200_WN_5,6206697,4206697,22264,R9800BH,DT002,CAT 793,A-185-08-12,49.95,215.47,109.789379,109.789379,259.450397,40.941779,64.862374,0,363461.18,6591886.32,199.04,STRAIGHT,215.5,412,8/10/2025,09:39:17,09:46:09,1980.996483,R9800BH,225,42.0,6.0,35,259.450397,109.789379,43.856865,64.862374,40.941779,2989.781371,6832.385891
pattern_12,A1850812_200_WN_5,6206698,4206698,22264,R9800BH,DT062,HIT EH5000,A-185-08-12,61.61,226.21,102.042746,102.042746,248.227611,36.507683,64.290968,0,363463.82,6591883.72,198.96,LEFT,226.2,476,8/10/2025,09:46:09,09:54:05,2099.982706,R9800BH,250,42.0,6.0,35,248.227611,102.042746,45.386215,64.290968,36.507683,3280.69707,7675.295953
pattern_12,A1850812_200_WN_5,6206699,4206699,22264,R9800BH,DT082,HIT EH5000,A-185-08-12,66.53,211.92,124.326307,124.326307,259.064148,35.305117,59.556617,0,363463.62,6591887.03,198.67,STRAIGHT,211.9,441,8/10/2025,09:54:05,10:01:26,1671.120232,R9800BH,250,42.0,6.0,35,259.064148,124.326307,39.876107,59.556617,35.305117,2944.825771,6693.546558
pattern_12,A1850812_200_WN_5,6206700,4206700,22264,R9800BH,DT057,HIT EH5000,A-185-08-12,59.69,216.15,112.043854,112.043854,247.461901,31.599771,68.128578,0,363461.64,6591885.5,198.42,STRAIGHT,216.1,481,8/10/2025,10:01:26,10:09:27,2116.326717,R9800BH,250,42.0,6.0,35,247.461901,112.043854,35.689698,68.128578,31.599771,3144.427084,6854.013181
pattern_12,A1850812_200_WN_1,6206701,4206701,22264,R9800BH,DT051,HIT EH5000,A-185-08-12,59.03,247.32,74.697495,74.697495,213.024671,32.985196,65.277348,0,363471.77,6591842.86,198.39,RIGHT,247.3,353,8/10/2025,10:09:27,10:15:20,2888.907864,R9800BH,250,42.0,6.0,35,213.024671,74.697495,40.064632,65.277348,32.985196,4179.645076,11288.28317
pattern_12,A1850812_200_WN_1,6206702,4206702,22264,R9800BH,DT080,HIT EH5000,A-185-08-12,54.67,240.17,72.848214,72.848214,224.703956,35.117883,70.519691,0,363465.61,6591840.79,198.15,RIGHT,240.2,390,8/10/2025,10:15:20,10:21:50,2356.473549,R9800BH,250,42.0,6.0,35,224.703956,72.848214,46.218168,70.519691,35.117883,3847.724462,9894.076073
pattern_12,A1850812_200_WN_1,6206703,4206703,22264,R9800BH,DT054,HIT EH5000,A-185-08-12,59.14,223.08,68.451367,68.451367,207.88052,37.701839,62.024439,0,363470.9,6591841.33,200.09,LEFT,223.1,360,8/10/2025,10:21:50,10:27:50,2308.126015,R9800BH,250,42.0,6.0,35,207.88052,68.451367,39.702875,62.024439,37.701839,3863.165089,10409.633365
pattern_12,A1850812_200_WN_1,6206704,4206704,22264,R9800BH,DT090,HIT EH5000,A-185-08-12,44.09,237.8,71.156488,71.156488,199.956247,31.75731,58.624954,0,363467.64,6591838.06,198.36,STRAIGHT,237.8,554,8/10/2025,10:27:50,10:37:04,2694.998242,R9800BH,250,42.0,6.0,35,199.956247,71.156488,38.417495,58.624954,31.75731,4281.356341,11204.791542
pattern_12,A1850812_200_WN_1,6206705,4206705,22264,R9800BH,DT086,HIT EH5000,A-185-08-12,58.27,235.38,84.885105,84.885105,218.939953,33.572288,66.808757,0,363469.65,6591841.46,199.26,LEFT,235.4,389,8/10/2025,10:37:04,10:43:33,2511.745871,R9800BH,250,42.0,6.0,35,218.939953,84.885105,33.673804,66.808757,33.572288,3870.320045,10414.310308
pattern_12,A1850812_200_WN_1,6206706,4206706,22264,R9800BH,DT061,HIT EH5000,A-185-08-12,62.45,228.92,82.145408,82.145408,223.738946,36.256123,61.520466,0,363466.33,6591842.17,199.24,STRAIGHT,228.9,319,8/10/2025,10:43:33,10:48:52,2633.358615,R9800BH,250,42.0,6.0,35,223.738946,82.145408,43.816948,61.520466,36.256123,3683.386626,9667.270709
pattern_12,A1850812_200_WN_1,6206707,4206707,22264,R9800BH,DT048,HIT EH5000,A-185-08-12,50.86,218.2,85.524921,85.524921,216.176371,28.58258,56.178555,0,363469.34,6591840.71,199.58,RIGHT,218.2,387,8/10/2025,10:48:52,10:55:19,2524.102067,R9800BH,250,42.0,6.0,35,216.176371,85.524921,45.890315,56.178555,28.58258,3633.729692,9853.803241
pattern_12,A1850812_200_WN_1,6206708,4206708,22264,R9800BH,DT075,HIT EH5000,A-185-08-12,39.11,213.03,72.040679,72.040679,208.488948,34.05759,54.688042,0,363469.81,6591838.22,199.81,STRAIGHT,213.0,337,8/10/2025,10:55:19,11:00:56,2511.251167,R9800BH,250,42.0,6.0,35,208.488948,72.040679,47.702636,54.688042,34.05759,3678.416253,9264.9227
pattern_12,A1850812_200_WN_1,6206709,4206709,22264,R9800BH,DT018,CAT 793,A-185-08-12,56.23,232.3,81.902422,81.902422,214.299324,37.396001,54.193806,0,363465.57,6591838.5,198.85,STRAIGHT,232.3,428,8/10/2025,11:00:56,11:08:04,2737.088587,R9800BH,225,42.0,6.0,35,214.299324,81.902422,40.807096,54.193806,37.396001,3902.362076,10166.226446
pattern_12,A1850812_200_WN_1,6206710,4206710,22264,R9800BH,DT065,HIT EH5000,A-185-08-12,73.38,242.4,94.754189,94.754189,240.289349,41.20259,67.300411,0,363466.8,6591839.23,199.54,LEFT,242.4,384,8/10/2025,11:08:04,11:14:28,2507.213717,R9800BH,250,42.0,6.0,35,240.289349,94.754189,37.032159,67.300411,41.20259,3631.570179,9714.592463
pattern_12,A1850812_200_WN_2,6206711,4206711,22264,R9800BH,DT033,CAT 793,A-185-08-12,63.88,191.64,82.227759,82.227759,220.438935,36.702673,63.742966,0,363470.02,6591844.88,199.77,LEFT,191.6,337,8/10/2025,11:14:28,11:20:05,2153.110998,R9800BH,225,42.0,6.0,35,220.438935,82.227759,37.765537,63.742966,36.702673,3129.642741,7855.995669
pattern_12,A1850812_200_WN_2,6206712,4206712,22264,R9800BH,DT090,HIT EH5000,A-185-08-12,61.83,201.75,89.872779,89.872779,223.820714,32.512548,58.170994,0,363469.81,6591849.72,198.51,RIGHT,201.7,349,8/10/2025,11:20:05,11:25:54,2228.531601,R9800BH,250,42.0,6.0,35,223.820714,89.872779,43.264393,58.170994,32.512548,3244.941756,7995.112105
pattern_12,A1850812_200_WN_2,6206713,4206713,22264,R9800BH,DT014,CAT 793,A-185-08-12,60.22,210.63,79.33523,79.33523,220.407612,37.551214,60.869452,0,363468.17,6591847.93,199.38,STRAIGHT,210.6,333,8/10/2025,11:25:54,11:31:27,2307.579782,R9800BH,225,42.0,6.0,35,220.407612,79.33523,42.651715,60.869452,37.551214,3440.378576,8840.679052
pattern_12,A1850812_200_WN_2,6206714,4206714,22264,R9800BH,DT055,HIT EH5000,A-185-08-12,38.61,209.26,86.687889,86.687889,233.928375,42.231977,61.177664,0,363467.12,6591848.75,199.69,RIGHT,209.3,364,8/10/2025,11:31:27,11:37:31,2137.275771,R9800BH,250,42.0,6.0,35,233.928375,86.687889,43.830845,61.177664,42.231977,3220.325563,7962.909398
pattern_12,A1850812_200_WN_2,6206715,4206715,22264,R9800BH,DT076,HIT EH5000,A-185-08-12,52.72,196.72,89.998104,89.998104,244.914366,42.538578,64.662188,0,363468.58,6591848.52,199.25,RIGHT,196.7,415,8/10/2025,11:37:31,11:44:26,1811.887834,R9800BH,250,42.0,6.0,35,244.914366,89.998104,47.715496,64.662188,42.538578,2891.638862,7319.767632
pattern_12,A1850812_200_WN_2,6206716,4206716,22264,R9800BH,DT089,HIT EH5000,A-185-08-12,54.74,218.19,91.425964,91.425964,231.739097,36.415838,61.100398,0,363469.53,6591851.64,198.66,STRAIGHT,218.2,369,8/10/2025,11:44:26,11:50:35,2292.488677,R9800BH,250,42.0,6.0,35,231.739097,91.425964,42.796897,61.100398,36.415838,3389.477418,8494.210144
pattern_12,A1850812_200_WN_2,6206717,4206717,22264,R9800BH,DT086,HIT EH5000,A-185-08-12,52.19,228.54,95.272934,95.272934,237.182966,39.296524,59.804965,0,363469.69,6591847.08,198.66,STRAIGHT,228.5,339,8/10/2025,11:50:35,11:56:14,2440.180453,R9800BH,250,42.0,6.0,35,237.182966,95.272934,42.808543,59.804965,39.296524,3468.831713,8981.942495
pattern_12,A1850812_200_WN_2,6206718,4206718,22264,R9800BH,DT073,HIT EH5000,A-185-08-12,53.78,231.75,95.423073,95.423073,227.290958,30.847729,65.020843,0,363462.6,6591849.65,199.23,RIGHT,231.8,391,8/10/2025,11:56:14,12:02:45,2626.476667,R9800BH,250,42.0,6.0,35,227.290958,95.423073,35.999312,65.020843,30.847729,3670.660136,8974.914918
pattern_12,A1850812_200_WN_2,6206719,4206719,22264,R9800BH,DT043,CAT 793,A-185-08-12,49.54,240.28,89.666491,89.666491,225.791865,30.705846,60.765377,0,363469.89,6591849.94,199.26,STRAIGHT,240.3,458,8/10/2025,12:02:45,12:10:23,2765.246426,R9800BH,225,42.0,6.0,35,225.791865,89.666491,44.654151,60.765377,30.705846,3831.013143,9300.088294
pattern_12,A1850812_200_WN_2,6206720,4206720,22264,R9800BH,DT087,HIT EH5000,A-185-08-12,59.1,228.46,92.114863,92.114863,228.893617,36.151394,66.178651,0,363468.46,6591850.48,199.43,LEFT,228.5,352,8/10/2025,12:10:23,12:16:15,2216.365499,R9800BH,250,42.0,6.0,35,228.893617,92.114863,34.448709,66.178651,36.151394,3593.124256,9005.910895
pattern_12,A1850812_200_WN_2,6206721,4206721,22264,R9800BH,DT013,CAT 793,A-185-08-12,53.49,213.41,91.837941,91.837941,223.894871,30.790483,57.03913,0,363464.23,6591855.76,199.76,RIGHT,213.4,354,8/10/2025,12:16:15,12:22:09,2275.445042,R9800BH,225,42.0,6.0,35,223.894871,91.837941,44.227316,57.03913,30.790483,3431.404862,8285.448434
pattern_12,A1850812_200_WN_2,6206722,4206722,22264,R9800BH,DT041,CAT 793,A-185-08-12,41.13,220.95,99.450788,99.450788,231.887903,31.44598,52.917258,0,363470.31,6591855.84,199.03,LEFT,221.0,460,8/10/2025,12:22:09,12:29:49,2395.448648,R9800BH,225,42.0,6.0,35,231.887903,99.450788,48.073877,52.917258,31.44598,3430.258265,8427.026423
pattern_12,A1850812_200_WN_2,6206723,4206723,22264,R9800BH,DT082,HIT EH5000,A-185-08-12,47.75,237.32,91.216834,91.216834,233.812877,37.493581,62.226137,0,363468.84,6591856.23,198.51,LEFT,237.3,390,8/10/2025,12:29:49,12:36:19,2266.771612,R9800BH,250,42.0,6.0,35,233.812877,91.216834,42.876325,62.226137,37.493581,3653.976272,9149.121232
pattern_12,A1850812_200_WN_2,6206724,4206724,22264,R9800BH,DT064,HIT EH5000,A-185-08-12,61.08,227.99,84.872345,84.872345,220.810033,38.794789,60.054246,0,363468.46,6591857.82,198.93,LEFT,228.0,313,8/10/2025,12:36:19,12:41:32,2589.343933,R9800BH,250,42.0,6.0,35,220.810033,84.872345,37.088653,60.054246,38.794789,3717.05544,8950.561125
pattern_12,A1850812_200_WN_2,6206725,4206725,22264,R9800BH,DT081,HIT EH5000,A-185-08-12,75.55,227.63,92.15569,92.15569,231.362122,38.041222,58.106894,0,363468.62,6591857.36,199.66,RIGHT,227.6,372,8/10/2025,12:41:32,12:47:44,2485.776014,R9800BH,250,42.0,6.0,35,231.362122,92.15569,43.058317,58.106894,38.041222,3541.878882,8823.477911
pattern_12,A1850812_200_WN_2,6206726,4206726,22264,R9800BH,DT053,HIT EH5000,A-185-08-12,61.43,237.84,81.069213,81.069213,228.94073,33.736154,71.351926,0,363465.42,6591859.49,199.69,STRAIGHT,237.8,434,8/10/2025,12:47:44,12:54:58,2337.041832,R9800BH,250,42.0,6.0,35,228.94073,81.069213,42.783437,71.351926,33.736154,3739.865015,9220.952918
pattern_12,A1850812_200_WN_2,6206727,4206727,22264,R9800BH,DT032,CAT 793,A-185-08-12,46.65,233.0,91.753746,91.753746,229.125195,33.171803,60.419523,0,363469.2,6591854.86,199.41,LEFT,233.0,337,8/10/2025,12:54:58,13:00:35,2360.346762,R9800BH,225,42.0,6.0,35,229.125195,91.753746,43.780123,60.419523,33.171803,3660.811526,8698.480733
pattern_12,A1850812_200_WN_2,6206728,4206728,22264,R9800BH,DT056,HIT EH5000,A-185-08-12,61.46,231.96,92.60162,92.60162,240.670215,33.625071,67.495792,0,363468.85,6591856.27,198.69,RIGHT,232.0,418,8/10/2025,13:00:35,13:07:33,2316.192347,R9800BH,250,42.0,6.0,35,240.670215,92.60162,46.947731,67.495792,33.625071,3469.660878,8668.613316
pattern_12,A1850812_200_WN_2,6206729,4206729,22264,R9800BH,DT076,HIT EH5000,A-185-08-12,63.64,227.75,80.181174,80.181174,230.36674,41.709197,64.932255,0,363471.0,6591860.76,198.73,RIGHT,227.7,385,8/10/2025,13:07:33,13:13:58,2484.500952,R9800BH,250,42.0,6.0,35,230.36674,80.181174,43.544114,64.932255,41.709197,3559.037949,9431.408546
pattern_12,A1850812_200_WN_2,6206730,4206730,22264,R9800BH,DT089,HIT EH5000,A-185-08-12,53.11,216.3,78.349443,78.349443,212.780491,25.49682,74.045125,0,363465.39,6591860.54,199.45,LEFT,216.3,331,8/10/2025,13:13:58,13:19:29,2606.99926,R9800BH,250,42.0,6.0,35,212.780491,78.349443,34.889103,74.045125,25.49682,3659.582355,8723.060836
pattern_12,A1850812_200_WN_3,6206731,4206731,22264,R9800BH,DT059,HIT EH5000,A-185-08-12,61.36,209.01,81.016289,81.016289,216.904277,33.959808,66.606626,0,363471.87,6591865.11,198.67,RIGHT,209.0,368,8/10/2025,13:19:29,13:25:37,2425.023459,R9800BH,250,42.0,6.0,35,216.904277,81.016289,35.321554,66.606626,33.959808,3469.006977,8583.628108
pattern_12,A1850812_200_WN_3,6206732,4206732,22264,R9800BH,DT028,CAT 793,A-185-08-12,64.12,223.15,86.909408,86.909408,234.063963,32.575829,62.625751,0,363470.33,6591866.42,199.5,LEFT,223.1,425,8/10/2025,13:25:37,13:32:42,2361.409163,R9800BH,225,42.0,6.0,35,234.063963,86.909408,51.952976,62.625751,32.575829,3432.103308,7637.353215
pattern_12,A1850812_200_WN_3,6206733,4206733,22264,R9800BH,DT081,HIT EH5000,A-185-08-12,55.57,240.23,96.983815,96.983815,228.574395,35.776635,57.422627,0,363471.78,6591863.03,199.88,LEFT,240.2,387,8/10/2025,13:32:42,13:39:09,2552.376846,R9800BH,250,42.0,6.0,35,228.574395,96.983815,38.391318,57.422627,35.776635,3783.519815,9607.401455
pattern_12,A1850812_200_WN_3,6206734,4206734,22264,R9800BH,DT090,HIT EH5000,A-185-08-12,64.83,241.43,86.11557,86.11557,217.206474,35.95287,54.262272,0,363465.59,6591863.8,198.39,STRAIGHT,241.4,793,8/10/2025,13:39:09,13:52:22,2736.909246,R9800BH,250,42.0,6.0,35,217.206474,86.11557,40.875763,54.262272,35.95287,4001.563276,9570.820374
pattern_12,A1850812_200_WN_3,6206735,4206735,22264,R9800BH,DT066,HIT EH5000,A-185-08-12,54.35,226.43,88.633855,88.633855,204.201601,28.512665,48.543711,0,363469.78,6591863.96,199.4,LEFT,226.4,418,8/10/2025,13:52:22,13:59:20,2645.989061,R9800BH,250,42.0,6.0,35,204.201601,88.633855,38.51137,48.543711,28.512665,3991.92023,9413.790615
pattern_12,A1850812_200_WN_3,6206736,4206736,22264,R9800BH,DT018,CAT 793,A-185-08-12,57.51,221.79,95.785851,95.785851,238.162688,35.324177,69.725028,0,363470.83,6591862.68,199.19,RIGHT,221.8,381,8/10/2025,13:59:20,14:05:41,2163.401113,R9800BH,225,42.0,6.0,35,238.162688,95.785851,37.327633,69.725028,35.324177,3352.562665,8050.23475
pattern_12,A1850812_200_WN_3,6206737,4206737,22264,R9800BH,DT084,HIT EH5000,A-185-08-12,55.26,235.63,96.371343,96.371343,229.45975,29.899012,62.072995,0,363467.21,6591865.93,198.59,LEFT,235.6,454,8/10/2025,14:05:41,14:13:15,2508.341446,R9800BH,250,42.0,6.0,35,229.45975,96.371343,41.1164,62.072995,29.899012,3696.756127,8629.666531
pattern_12,A1850812_200_WN_3,6206738,4206738,22264,R9800BH,DT029,CAT 793,A-185-08-12,74.45,238.64,92.090772,92.090772,222.327794,32.400135,56.003777,0,363471.38,6591866.16,199.35,RIGHT,238.6,459,8/10/2025,14:13:15,14:20:54,2606.308284,R9800BH,225,42.0,6.0,35,222.327794,92.090772,41.83311,56.003777,32.400135,3864.159387,9892.182686
pattern_12,A1850812_200_WN_3,6206739,4206739,22264,R9800BH,DT031,CAT 793,A-185-08-12,49.08,243.63,101.043676,101.043676,246.20558,34.921857,65.723403,0,363472.01,6591865.69,198.94,RIGHT,243.6,436,8/10/2025,14:20:54,14:28:10,2431.902143,R9800BH,225,42.0,6.0,35,246.20558,101.043676,44.516643,65.723403,34.921857,3562.342009,8873.579062
pattern_12,A1850812_200_WN_3,6206740,4206740,22264,R9800BH,DT053,HIT EH5000,A-185-08-12,50.87,229.25,95.786059,95.786059,239.592556,41.509072,57.582139,0,363470.81,6591865.07,199.21,STRAIGHT,229.3,390,8/10/2025,14:28:10,14:34:40,2453.793699,R9800BH,250,42.0,6.0,35,239.592556,95.786059,44.715286,57.582139,41.509072,3444.669538,8272.71143
pattern_12,A1850812_200_WN_3,6206741,4206741,22264,R9800BH,DT072,HIT EH5000,A-185-08-12,42.66,233.54,108.996408,108.996408,258.061712,30.328793,71.619785,0,363468.31,6591862.85,199.31,STRAIGHT,233.5,398,8/10/2025,14:34:40,14:41:18,2402.857978,R9800BH,250,42.0,6.0,35,258.061712,108.996408,47.116726,71.619785,30.328793,3257.949042,7913.640189
pattern_12,A1850812_200_WN_5,6206742,4206742,22264,R9800BH,DT090,HIT EH5000,A-185-08-12,57.29,203.02,114.030891,114.030891,249.003229,39.193326,56.26473,0,363472.03,6591870.95,198.75,STRAIGHT,203.0,387,8/10/2025,14:41:18,14:47:45,1715.973107,R9800BH,250,42.0,6.0,35,249.003229,114.030891,39.514283,56.26473,39.193326,2935.236606,6249.212527
pattern_12,A1850812_200_WN_5,6206743,4206743,22264,R9800BH,DT052,HIT EH5000,A-185-08-12,46.97,208.0,118.870433,118.870433,254.458438,32.94508,60.384446,0,363472.53,6591871.29,199.18,STRAIGHT,208.0,480,8/10/2025,14:47:45,14:55:45,1890.293011,R9800BH,250,42.0,6.0,35,254.458438,118.870433,42.258479,60.384446,32.94508,2942.754375,6507.509895
pattern_12,A1850812_200_WN_5,6206744,4206744,22264,R9800BH,DT018,CAT 793,A-185-08-12,44.37,205.08,124.924165,124.924165,260.282892,35.135183,57.232726,0,363467.69,6591871.92,198.99,STRAIGHT,205.1,494,8/10/2025,14:55:45,15:03:59,1902.34633,R9800BH,225,42.0,6.0,35,260.282892,124.924165,42.990818,57.232726,35.135183,2836.414988,6322.743576
pattern_12,A1850812_200_WN_5,6206745,4206745,22264,R9800BH,DT025,CAT 793,A-185-08-12,40.55,204.64,107.948956,107.948956,249.507944,30.53484,72.915641,0,363470.69,6591874.51,199.14,LEFT,204.6,377,8/10/2025,15:03:59,15:10:16,2017.144361,R9800BH,225,42.0,6.0,35,249.507944,107.948956,38.108507,72.915641,30.53484,2952.661775,6243.970951
pattern_12,A1850812_200_WN_5,6206746,4206746,22264,R9800BH,DT043,CAT 793,A-185-08-12,55.3,217.28,104.572672,104.572672,244.304431,38.93147,67.728202,0,363468.97,6591871.61,199.98,RIGHT,217.3,516,8/10/2025,15:10:16,15:18:52,1904.963883,R9800BH,225,42.0,6.0,35,244.304431,104.572672,33.072087,67.728202,38.93147,3201.799474,7022.548319
pattern_12,A1850812_200_WN_5,6206747,4206747,22264,R9800BH,DT014,CAT 793,A-185-08-12,43.14,224.7,116.801096,116.801096,269.275692,39.560176,67.706647,0,363471.67,6591873.05,199.08,LEFT,224.7,404,8/10/2025,15:18:52,15:25:36,1750.529835,R9800BH,225,42.0,6.0,35,269.275692,116.801096,45.207773,67.706647,39.560176,3004.096104,6595.745529
pattern_12,A1850812_200_WN_5,6206748,4206748,22264,R9800BH,DT009,CAT 793,A-185-08-12,50.24,203.75,109.51512,109.51512,244.163486,33.147398,65.311426,0,363467.56,6591874.22,198.79,RIGHT,203.7,432,8/10/2025,15:25:36,15:32:48,1900.944027,R9800BH,225,42.0,6.0,35,244.163486,109.51512,36.189542,65.311426,33.147398,3004.126217,6248.58253
pattern_12,A1850812_200_WN_5,6206749,4206749,22264,R9800BH,DT069,HIT EH5000,A-185-08-12,37.64,200.44,107.209234,107.209234,249.252057,38.329978,63.337262,0,363468.41,6591876.15,198.69,RIGHT,200.4,505,8/10/2025,15:32:48,15:41:13,1907.225831,R9800BH,250,42.0,6.0,35,249.252057,107.209234,40.375583,63.337262,38.329978,2894.965758,6315.64885
pattern_12,A1850812_200_WN_5,6206750,4206750,22264,R9800BH,DT039,CAT 793,A-185-08-12,44.14,239.54,102.008201,102.008201,240.765494,38.861314,58.256838,0,363466.92,6591872.88,198.23,LEFT,239.5,439,8/10/2025,15:41:13,15:48:32,2377.424043,R9800BH,225,42.0,6.0,35,240.765494,102.008201,41.639142,58.256838,38.861314,3581.688397,7792.374129
pattern_12,A1850812_200_WN_5,6206751,4206751,22264,R9800BH,DT052,HIT EH5000,A-185-08-12,51.89,221.62,96.329558,96.329558,230.180749,37.664722,56.100562,0,363468.68,6591869.95,197.96,LEFT,221.6,489,8/10/2025,15:48:32,15:56:41,2266.06682,R9800BH,250,42.0,6.0,35,230.180749,96.329558,40.085907,56.100562,37.664722,3466.09587,7227.808747
pattern_12,A1850812_200_WN_5,6206752,4206752,22264,R9800BH,DT056,HIT EH5000,A-185-08-12,46.35,227.16,112.824656,112.824656,248.074908,34.033,61.943098,0,363470.75,6591870.84,199.73,STRAIGHT,227.2,429,8/10/2025,15:56:41,16:03:50,2106.31316,R9800BH,250,42.0,6.0,35,248.074908,112.824656,39.274154,61.943098,34.033,3296.535951,6945.366284
pattern_12,A1850812_200_WN_4,6206753,4206753,22264,R9800BH,DT056,HIT EH5000,A-185-08-12,57.35,194.53,115.949673,115.949673,253.880492,32.6837,64.199667,0,363468.1,6591876.16,199.23,STRAIGHT,194.5,447,8/10/2025,16:03:50,16:11:17,1946.966205,R9800BH,250,42.0,6.0,35,253.880492,115.949673,41.047453,64.199667,32.6837,2758.432427,5737.539449
pattern_12,A1850812_200_WN_4,6206754,4206754,22264,R9800BH,DT004,CAT 793,A-185-08-12,50.78,219.09,124.34715,124.34715,262.835715,34.822892,65.024241,0,363468.68,6591880.37,199.82,STRAIGHT,219.1,410,8/10/2025,16:11:17,16:18:07,1912.777549,R9800BH,225,42.0,6.0,35,262.835715,124.34715,38.641432,65.024241,34.822892,3000.78825,6485.991856
pattern_12,A1850812_200_WN_4,6206755,4206755,22264,R9800BH,DT055,HIT EH5000,A-185-08-12,69.67,251.48,114.417274,114.417274,257.660639,39.778481,65.426491,0,363469.68,6591879.71,199.37,LEFT,251.5,515,8/10/2025,16:18:07,16:26:42,2340.901759,R9800BH,250,42.0,6.0,35,257.660639,114.417274,38.038394,65.426491,39.778481,3513.596946,7776.094408
pattern_12,A1850812_200_WN_4,6206756,4206756,22264,R9800BH,DT060,HIT EH5000,A-185-08-12,53.73,229.33,112.727211,112.727211,253.545106,33.265214,61.503125,0,363470.32,6591885.64,199.52,RIGHT,229.3,455,8/10/2025,16:26:42,16:34:17,1929.221907,R9800BH,250,42.0,6.0,35,253.545106,112.727211,46.049555,61.503125,33.265214,3256.227741,6948.011584
pattern_12,A1850812_200_WN_4,6206757,4206757,22264,R9800BH,DT064,HIT EH5000,A-185-08-12,52.59,225.91,126.640291,126.640291,265.72386,36.472525,59.880519,0,363466.38,6591879.95,198.21,RIGHT,225.9,424,8/10/2025,16:34:17,16:41:21,1828.615305,R9800BH,250,42.0,6.0,35,265.72386,126.640291,42.730524,59.880519,36.472525,3060.637618,6979.104369
pattern_12,A1850812_200_WN_4,6206758,4206758,22264,R9800BH,DT086,HIT EH5000,A-185-08-12,58.53,216.63,124.88179,124.88179,273.622874,37.403188,69.255748,0,363471.42,6591879.78,199.79,LEFT,216.6,443,8/10/2025,16:41:21,16:48:44,1949.125161,R9800BH,250,42.0,6.0,35,273.622874,124.88179,42.082147,69.255748,37.403188,2850.142963,6181.78217
pattern_12,A1850812_200_WN_4,6206759,4206759,22264,R9800BH,DT060,HIT EH5000,A-185-08-12,51.57,201.75,116.356987,116.356987,263.529805,39.00066,62.202249,0,363466.69,6591881.02,198.42,STRAIGHT,201.8,463,8/10/2025,16:48:44,16:56:27,1724.919718,R9800BH,250,42.0,6.0,35,263.529805,116.356987,45.969908,62.202249,39.00066,2756.059253,6141.628719
pattern_12,A1850812_200_WN_4,6206760,4206760,22264,R9800BH,DT070,HIT EH5000,A-185-08-12,39.46,206.57,105.743107,105.743107,255.52717,32.790899,70.160933,0,363469.98,6591879.66,198.41,STRAIGHT,206.6,458,8/10/2025,16:56:27,17:04:05,1783.051862,R9800BH,250,42.0,6.0,35,255.52717,105.743107,46.832231,70.160933,32.790899,2910.326882,6642.874698
pattern_12,A1850812_200_WN_4,6206761,4206761,22264,R9800BH,DT074,HIT EH5000,A-185-08-12,42.99,194.58,105.712365,105.712365,238.454664,33.408648,63.053788,0,363469.73,6591881.61,198.37,STRAIGHT,194.6,512,8/10/2025,17:04:05,17:12:37,1835.824875,R9800BH,250,42.0,6.0,35,238.454664,105.712365,36.279864,63.053788,33.408648,2937.611235,6374.567663
pattern_12,A1850812_200_WN_4,6206762,4206762,22264,R9800BH,DT084,HIT EH5000,A-185-08-12,39.93,198.52,100.61853,100.61853,248.626915,38.372406,66.162722,0,363470.47,6591879.83,198.72,RIGHT,198.5,418,8/10/2025,17:12:37,17:19:35,1815.320422,R9800BH,250,42.0,6.0,35,248.626915,100.61853,43.473258,66.162722,38.372406,2874.514466,5998.587193
pattern_12,A1850812_200_WN_2,6206763,4206763,22264,R9800BH,DT013,CAT 793,A-185-08-12,60.56,233.65,72.696424,72.696424,201.525485,29.787033,56.764135,0,363476.65,6591842.79,199.67,LEFT,233.6,381,8/10/2025,17:19:35,17:25:56,2938.74867,R9800BH,225,42.0,6.0,35,201.525485,72.696424,42.277893,56.764135,29.787033,4173.818137,10730.062636
pattern_12,A1850812_200_WN_2,6206764,4206764,22264,R9800BH,DT078,HIT EH5000,A-185-08-12,56.52,226.51,83.862783,83.862783,211.913015,38.423286,49.213462,0,363472.32,6591844.22,199.54,RIGHT,226.5,404,8/10/2025,17:25:56,17:32:40,2752.757891,R9800BH,250,42.0,6.0,35,211.913015,83.862783,40.413485,49.213462,38.423286,3847.954087,9800.691574
pattern_12,A1850812_200_WN_2,6206765,4206765,22264,R9800BH,DT060,HIT EH5000,A-185-08-12,38.35,230.13,83.903051,83.903051,231.849933,37.174375,64.681006,0,363473.28,6591846.77,199.04,RIGHT,230.1,385,8/10/2025,17:32:40,17:39:05,2345.413164,R9800BH,250,42.0,6.0,35,231.849933,83.903051,46.091501,64.681006,37.174375,3573.230731,9720.250451
pattern_12,A1850812_200_WN_2,6206766,4206766,22264,R9800BH,DT046,CAT 793,A-185-08-12,45.78,229.0,70.059975,70.059975,192.324457,32.952903,54.752688,0,363476.24,6591843.95,198.82,LEFT,229.0,400,8/10/2025,17:39:05,17:45:45,2902.200665,R9800BH,225,42.0,6.0,35,192.324457,70.059975,34.558891,54.752688,32.952903,4286.415125,11234.070091
pattern_12,A1850812_200_WN_2,6206767,4206767,22264,R9800BH,DT062,HIT EH5000,A-185-08-12,61.84,230.29,66.320545,66.320545,197.711839,41.579269,56.542747,0,363476.36,6591848.87,199.49,STRAIGHT,230.3,363,8/10/2025,17:45:45,17:51:48,2664.183253,R9800BH,250,42.0,6.0,35,197.711839,66.320545,33.269277,56.542747,41.579269,4193.172817,10948.008115
pattern_12,A1850812_200_WN_2,6206768,4206768,22264,R9800BH,DT054,HIT EH5000,A-185-08-12,54.65,228.37,82.398217,82.398217,214.224648,36.755909,55.209684,0,363476.44,6591844.44,198.55,STRAIGHT,228.4,341,8/10/2025,17:51:48,17:57:29,2588.19958,R9800BH,250,42.0,6.0,35,214.224648,82.398217,39.860838,55.209684,36.755909,3837.762072,9849.717767
pattern_12,A1850812_200_WN_2,6206769,4206769,22264,R9800BH,DT015,CAT 793,A-185-08-12,45.36,232.15,65.463308,65.463308,205.433736,39.465648,58.612655,0,363471.55,6591846.87,199.38,RIGHT,232.1,316,8/10/2025,17:57:29,18:02:45,2492.391064,R9800BH,225,42.0,6.0,35,205.433736,65.463308,41.892124,58.612655,39.465648,4068.162211,10710.537802
pattern_12,A1850812_200_WN_2,6206770,4206770,22264,R9800BH,DT090,HIT EH5000,A-185-08-12,62.16,220.95,68.754424,68.754424,191.08678,30.492566,57.876035,0,363476.29,6591841.65,198.69,RIGHT,221.0,387,8/10/2025,18:02:45,18:09:12,2968.359001,R9800BH,250,42.0,6.0,35,191.08678,68.754424,33.963756,57.876035,30.492566,4162.672673,10806.165835
pattern_12,A1850812_200_WN_2,6206771,4206771,22264,R9800BH,DT061,HIT EH5000,A-185-08-12,58.92,207.92,68.991665,68.991665,200.515561,36.916191,55.435977,0,363476.66,6591840.01,199.82,RIGHT,207.9,332,8/10/2025,18:09:12,18:14:44,2645.962918,R9800BH,250,42.0,6.0,35,200.515561,68.991665,39.171728,55.435977,36.916191,3732.868549,10090.646734
pattern_12,A1850812_200_WN_2,6206772,4206772,22264,R9800BH,DT073,HIT EH5000,A-185-08-12,45.7,208.68,79.239979,79.239979,219.968125,37.323079,60.123709,0,363474.25,6591847.3,198.3,LEFT,208.7,408,8/10/2025,18:14:44,18:21:32,2316.219286,R9800BH,250,42.0,6.0,35,219.968125,79.239979,43.281358,60.123709,37.323079,3415.219915,9307.769253
pattern_12,A1850812_200_WN_1,6206773,4206773,22264,R9800BH,DT061,HIT EH5000,A-185-08-12,69.9,242.96,79.882401,79.882401,210.49707,34.581902,60.397823,0,363475.84,6591851.44,199.11,STRAIGHT,243.0,415,8/10/2025,18:21:32,18:28:27,3086.218346,R9800BH,250,42.0,6.0,35,210.49707,79.882401,35.634943,60.397823,34.581902,4155.122324,11233.449798
pattern_12,A1850812_200_WN_1,6206774,4206774,22264,R9800BH,DT084,HIT EH5000,A-185-08-12,74.55,235.92,77.781834,77.781834,196.44257,29.483287,54.680053,0,363472.28,6591851.83,198.14,LEFT,235.9,333,8/10/2025,18:28:27,18:34:00,3018.951816,R9800BH,250,42.0,6.0,35,196.44257,77.781834,34.497396,54.680053,29.483287,4323.414538,10793.365993
pattern_12,A1850812_200_WN_1,6206775,4206775,22264,R9800BH,DT038,CAT 793,A-185-08-12,75.13,225.38,74.466187,74.466187,211.808065,37.183236,59.604715,0,363475.08,6591857.67,198.35,LEFT,225.4,370,8/10/2025,18:34:00,18:40:10,2418.154316,R9800BH,225,42.0,6.0,35,211.808065,74.466187,40.553927,59.604715,37.183236,3830.696774,9776.646738
pattern_12,A1850812_200_WN_1,6206776,4206776,22264,R9800BH,DT001,CAT 793,A-185-08-12,47.75,205.21,72.704308,72.704308,200.963896,28.899906,57.887715,0,363477.15,6591859.18,198.99,STRAIGHT,205.2,327,8/10/2025,18:40:10,18:45:37,2532.394958,R9800BH,225,42.0,6.0,35,200.963896,72.704308,41.471968,57.887715,28.899906,3675.975656,9271.337333
pattern_12,A1850812_200_WN_1,6206777,4206777,22264,R9800BH,DT077,HIT EH5000,A-185-08-12,68.35,205.04,73.245266,73.245266,213.435922,38.443284,63.989725,0,363476.78,6591851.47,199.53,STRAIGHT,205.0,668,8/10/2025,18:45:37,18:56:45,2414.246451,R9800BH,250,42.0,6.0,35,213.435922,73.245266,37.757646,63.989725,38.443284,3458.44719,8844.818784
pattern_12,A1850812_200_WN_1,6206778,4206778,22264,R9800BH,DT079,HIT EH5000,A-185-08-12,51.49,208.56,67.756419,67.756419,201.107383,33.297945,63.418524,0,363478.03,6591853.41,199.95,LEFT,208.6,417,8/10/2025,18:56:45,19:03:42,2504.635923,R9800BH,250,42.0,6.0,35,201.107383,67.756419,36.634495,63.418524,33.297945,3733.319872,9916.714554
pattern_12,A1850812_200_WN_1,6206779,4206779,22264,R9800BH,DT061,HIT EH5000,A-185-08-12,57.25,227.18,77.329186,77.329186,214.816561,36.987971,59.983971,0,363477.29,6591855.24,200.05,STRAIGHT,227.2,405,8/10/2025,19:03:42,19:10:27,2444.793661,R9800BH,250,42.0,6.0,35,214.816561,77.329186,40.515434,59.983971,36.987971,3807.242309,9492.933172
pattern_12,A1850812_200_WN_1,6206780,4206780,22264,R9800BH,DT054,HIT EH5000,A-185-08-12,63.98,238.96,76.863727,76.863727,215.579067,37.740381,64.411241,0,363475.7,6591851.6,198.6,LEFT,239.0,367,8/10/2025,19:10:27,19:16:34,2759.418901,R9800BH,250,42.0,6.0,35,215.579067,76.863727,36.563718,64.411241,37.740381,3990.434867,10028.874909
pattern_12,A1850812_200_WN_1,6206781,4206781,22264,R9800BH,DT027,CAT 793,A-185-08-12,49.24,216.6,76.227439,76.227439,198.255324,32.052324,55.456621,0,363475.19,6591851.73,198.18,STRAIGHT,216.6,368,8/10/2025,19:16:34,19:22:42,2536.674776,R9800BH,225,42.0,6.0,35,198.255324,76.227439,34.51894,55.456621,32.052324,3933.070396,10138.538939
pattern_12,A1850812_200_WN_1,6206782,4206782,22264,R9800BH,DT037,CAT 793,A-185-08-12,48.88,213.15,65.093368,65.093368,190.136742,33.22884,51.063379,0,363477.42,6591854.05,199.56,STRAIGHT,213.2,342,8/10/2025,19:22:42,19:28:24,2862.558783,R9800BH,225,42.0,6.0,35,190.136742,65.093368,40.751155,51.063379,33.22884,4035.735345,10043.325836
pattern_12,A1850812_200_WN_1,6206783,4206783,22264,R9800BH,DT048,HIT EH5000,A-185-08-12,72.28,216.85,71.231071,71.231071,209.184069,33.578,58.76036,0,363477.95,6591852.14,198.41,LEFT,216.8,351,8/10/2025,19:28:24,19:34:15,2486.998196,R9800BH,250,42.0,6.0,35,209.184069,71.231071,45.614637,58.76036,33.578,3731.888074,8812.312725
pattern_12,A1850812_200_WN_3,6206784,4206784,22264,R9800BH,DT058,HIT EH5000,A-185-08-12,53.96,234.06,88.388148,88.388148,224.316367,27.996368,67.558893,0,363475.17,6591862.42,198.89,STRAIGHT,234.1,441,8/10/2025,19:34:15,19:41:36,2493.677551,R9800BH,250,42.0,6.0,35,224.316367,88.388148,40.372957,67.558893,27.996368,3756.441121,9117.462276
pattern_12,A1850812_200_WN_3,6206785,4206785,22264,R9800BH,DT050,HIT EH5000,A-185-08-12,51.6,232.54,81.271158,81.271158,219.335952,40.252431,64.186925,0,363475.98,6591862.07,198.3,RIGHT,232.5,420,8/10/2025,19:41:36,19:48:36,2401.952304,R9800BH,250,42.0,6.0,35,219.335952,81.271158,33.625438,64.186925,40.252431,3816.693292,8821.278655
pattern_12,A1850812_200_WN_3,6206786,4206786,22264,R9800BH,DT083,HIT EH5000,A-185-08-12,50.87,222.4,89.52863,89.52863,221.195064,33.914807,61.270875,0,363475.07,6591862.19,199.23,LEFT,222.4,435,8/10/2025,19:48:36,19:55:51,2543.11458,R9800BH,250,42.0,6.0,35,221.195064,89.52863,36.480752,61.270875,33.914807,3619.556024,8829.481077
pattern_12,A1850812_200_WN_3,6206787,4206787,22264,R9800BH,DT048,HIT EH5000,A-185-08-12,56.64,245.2,105.700822,105.700822,244.797426,32.400298,57.659905,0,363476.81,6591862.71,199.03,RIGHT,245.2,444,8/10/2025,19:55:51,20:03:15,2369.039731,R9800BH,250,42.0,6.0,35,244.797426,105.700822,49.036401,57.659905,32.400298,3605.869367,9045.643632
pattern_12,A1850812_200_WN_3,6206788,4206788,22264,R9800BH,DT079,HIT EH5000,A-185-08-12,54.84,240.92,114.689093,114.689093,254.112792,43.520204,60.998552,0,363477.29,6591858.93,200.16,LEFT,240.9,398,8/10/2025,20:03:15,20:09:53,2315.733016,R9800BH,250,42.0,6.0,35,254.112792,114.689093,34.904943,60.998552,43.520204,3413.041796,8144.107063
pattern_12,A1850812_200_WN_3,6206789,4206789,22264,R9800BH,DT090,HIT EH5000,A-185-08-12,64.8,239.82,93.758822,93.758822,237.391559,33.229506,58.550892,0,363476.4,6591857.39,199.03,LEFT,239.8,371,8/10/2025,20:09:53,20:16:04,2493.418141,R9800BH,250,42.0,6.0,35,237.391559,93.758822,51.85234,58.550892,33.229506,3636.882507,8979.100652
pattern_12,A1850812_200_WN_3,6206790,4206790,22264,R9800BH,DT021,CAT 793,A-185-08-12,49.14,235.87,96.654707,96.654707,228.445965,29.466696,57.092605,0,363475.47,6591861.41,198.21,LEFT,235.9,383,8/10/2025,20:16:04,20:22:27,2524.591089,R9800BH,225,42.0,6.0,35,228.445965,96.654707,45.231957,57.092605,29.466696,3717.063806,9055.638702
pattern_12,A1850812_200_WN_3,6206791,4206791,22264,R9800BH,DT054,HIT EH5000,A-185-08-12,55.34,223.13,89.506641,89.506641,237.276173,36.226857,64.102191,0,363472.94,6591862.39,199.44,LEFT,223.1,367,8/10/2025,20:22:27,20:28:34,2223.676175,R9800BH,250,42.0,6.0,35,237.276173,89.506641,47.440484,64.102191,36.226857,3385.367088,8606.539827
pattern_12,A1850812_200_WN_3,6206792,4206792,22264,R9800BH,DT057,HIT EH5000,A-185-08-12,61.78,238.32,97.479661,97.479661,243.656187,33.829364,67.841638,0,363476.57,6591857.16,199.45,LEFT,238.3,369,8/10/2025,20:28:34,20:34:43,2321.450881,R9800BH,250,42.0,6.0,35,243.656187,97.479661,44.505524,67.841638,33.829364,3521.191236,8557.537624
pattern_12,A1850812_200_WN_3,6206793,4206793,22264,R9800BH,DT049,HIT EH5000,A-185-08-12,53.86,215.79,93.163185,93.163185,233.037594,39.004288,58.692182,0,363475.76,6591861.57,198.59,LEFT,215.8,423,8/10/2025,20:34:43,20:41:46,2072.735834,R9800BH,250,42.0,6.0,35,233.037594,93.163185,42.17794,58.692182,39.004288,3333.619521,8395.666711
pattern_12,A1850812_200_WN_4,6206794,4206794,22264,R9800BH,DT059,HIT EH5000,A-185-08-12,59.62,206.0,89.763832,89.763832,212.488158,34.996667,52.920823,0,363476.44,6591870.68,199.06,LEFT,206.0,326,8/10/2025,20:41:46,20:47:12,2218.30921,R9800BH,250,42.0,6.0,35,212.488158,89.763832,34.806836,52.920823,34.996667,3490.144334,8324.693021
pattern_12,A1850812_200_WN_4,6206795,4206795,22264,R9800BH,DT050,HIT EH5000,A-185-08-12,55.55,219.57,90.077313,90.077313,231.476007,33.888489,68.989024,0,363476.03,6591867.38,199.56,RIGHT,219.6,369,8/10/2025,20:47:12,20:53:21,2374.236525,R9800BH,250,42.0,6.0,35,231.476007,90.077313,38.521181,68.989024,33.888489,3414.820315,7634.852518
pattern_12,A1850812_200_WN_4,6206796,4206796,22264,R9800BH,DT069,HIT EH5000,A-185-08-12,57.03,226.47,103.27159,103.27159,249.869598,43.886019,57.855963,0,363478.48,6591869.33,199.98,RIGHT,226.5,409,8/10/2025,20:53:21,21:00:10,2310.980844,R9800BH,250,42.0,6.0,35,249.869598,103.27159,44.856027,57.855963,43.886019,3262.865569,7194.893533
pattern_12,A1850812_200_WN_4,6206797,4206797,22264,R9800BH,DT044,CAT 793,A-185-08-12,49.19,220.19,100.960156,100.960156,246.571176,39.675185,59.987866,0,363473.71,6591873.09,199.38,STRAIGHT,220.2,413,8/10/2025,21:00:10,21:07:03,2132.899798,R9800BH,225,42.0,6.0,35,246.571176,100.960156,45.947968,59.987866,39.675185,3214.871928,7516.395425
pattern_12,A1850812_200_WN_4,6206798,4206798,22264,R9800BH,DT074,HIT EH5000,A-185-08-12,49.22,219.94,108.4729,108.4729,246.652574,36.74241,59.549981,0,363477.54,6591870.92,198.68,STRAIGHT,219.9,399,8/10/2025,21:07:03,21:13:42,2132.920129,R9800BH,250,42.0,6.0,35,246.652574,108.4729,41.887284,59.549981,36.74241,3210.157884,7558.571164
pattern_12,A1850812_200_WN_4,6206799,4206799,22264,R9800BH,DT035,CAT 793,A-185-08-12,57.21,227.12,111.249548,111.249548,237.843444,32.480035,52.786351,0,363475.81,6591870.95,199.0,STRAIGHT,227.1,382,8/10/2025,21:13:42,21:20:04,2539.569246,R9800BH,225,42.0,6.0,35,237.843444,111.249548,41.327509,52.786351,32.480035,3437.741128,8302.448218
pattern_12,A1850812_200_WN_4,6206800,4206800,22264,R9800BH,DT050,HIT EH5000,A-185-08-12,50.92,222.21,106.468816,106.468816,237.501269,36.448451,59.111972,0,363477.09,6591870.84,199.24,LEFT,222.2,420,8/10/2025,21:20:04,21:27:04,2282.381682,R9800BH,250,42.0,6.0,35,237.501269,106.468816,35.47203,59.111972,36.448451,3368.243556,8039.568539
pattern_12,A1850812_200_WN_4,6206801,4206801,22264,R9800BH,DT013,CAT 793,A-185-08-12,51.06,231.21,106.898667,106.898667,256.741782,35.261607,70.784793,0,363476.19,6591867.22,199.16,LEFT,231.2,461,8/10/2025,21:27:04,21:34:45,2170.303892,R9800BH,225,42.0,6.0,35,256.741782,106.898667,43.796714,70.784793,35.261607,3242.039667,7571.353832
pattern_12,A1850812_200_WN_4,6206802,4206802,22264,R9800BH,DT087,HIT EH5000,A-185-08-12,70.05,229.21,119.113379,119.113379,249.989905,32.130577,57.387017,0,363473.69,6591871.45,199.47,STRAIGHT,229.2,410,8/10/2025,21:34:45,21:41:35,2105.874366,R9800BH,250,42.0,6.0,35,249.989905,119.113379,41.358932,57.387017,32.130577,3300.722417,7781.7682
pattern_12,A1850812_200_WN_4,6206803,4206803,22264,R9800BH,DT023,CAT 793,A-185-08-12,56.33,217.9,108.662804,108.662804,228.256843,26.392953,54.87866,0,363474.71,6591868.96,199.43,RIGHT,217.9,385,8/10/2025,21:41:35,21:48:00,2210.573122,R9800BH,225,42.0,6.0,35,228.256843,108.662804,38.322426,54.87866,26.392953,3436.588624,8160.496559
pattern_12,A1850812_200_WN_5,6206804,4206804,22264,R9800BH,DT068,HIT EH5000,A-185-08-12,50.59,207.55,112.826841,112.826841,260.443067,35.572606,64.152027,0,363475.99,6591874.99,198.85,LEFT,207.6,448,8/10/2025,21:48:00,21:55:28,1847.107199,R9800BH,250,42.0,6.0,35,260.443067,112.826841,47.891592,64.152027,35.572606,2868.928944,6137.634459
pattern_12,A1850812_200_WN_5,6206805,4206805,22264,R9800BH,DT086,HIT EH5000,A-185-08-12,62.19,202.59,109.658456,109.658456,250.943897,40.323537,57.821458,0,363477.72,6591873.47,198.62,LEFT,202.6,467,8/10/2025,21:55:28,22:03:15,1780.218797,R9800BH,250,42.0,6.0,35,250.943897,109.658456,43.140446,57.821458,40.323537,2906.291884,6159.499107
pattern_12,A1850812_200_WN_5,6206806,4206806,22264,R9800BH,DT072,HIT EH5000,A-185-08-12,39.96,190.09,115.760193,115.760193,244.979163,33.046419,58.574003,0,363476.4,6591879.35,198.92,STRAIGHT,190.1,448,8/10/2025,22:03:15,22:10:43,1638.944038,R9800BH,250,42.0,6.0,35,244.979163,115.760193,37.598547,58.574003,33.046419,2793.387655,6129.426937
pattern_12,A1850812_200_WN_5,6206807,4206807,22264,R9800BH,DT020,CAT 793,A-185-08-12,55.17,212.9,115.082531,115.082531,254.724754,31.623798,67.072618,0,363472.48,6591878.05,199.81,STRAIGHT,212.9,465,8/10/2025,22:10:43,22:18:28,2016.54785,R9800BH,225,42.0,6.0,35,254.724754,115.082531,40.945807,67.072618,31.623798,3008.898708,6440.474135
pattern_12,A1850812_200_WN_5,6206808,4206808,22264,R9800BH,DT004,CAT 793,A-185-08-12,49.22,234.4,110.617728,110.617728,244.314835,36.399816,60.378706,0,363478.86,6591874.73,198.98,LEFT,234.4,447,8/10/2025,22:18:28,22:25:55,2326.019038,R9800BH,225,42.0,6.0,35,244.314835,110.617728,36.918584,60.378706,36.399816,3453.924842,7184.163671
pattern_12,A1850812_200_WN_5,6206809,4206809,22264,R9800BH,DT010,CAT 793,A-185-08-12,47.15,221.14,129.226275,129.226275,269.010569,45.786706,56.277097,0,363476.25,6591877.14,198.73,LEFT,221.1,424,8/10/2025,22:25:55,22:32:59,1856.417394,R9800BH,225,42.0,6.0,35,269.010569,129.226275,37.720491,56.277097,45.786706,2959.337067,6604.882347
pattern_12,A1850812_200_WN_5,6206810,4206810,22264,R9800BH,DT081,HIT EH5000,A-185-08-12,74.55,227.89,132.197384,132.197384,264.983515,26.473256,67.949982,0,363476.49,6591875.97,198.3,RIGHT,227.9,440,8/10/2025,22:32:59,22:40:19,1978.09871,R9800BH,250,42.0,6.0,35,264.983515,132.197384,38.362893,67.949982,26.473256,3096.095913,6768.231878
pattern_12,A1850812_200_WN_5,6206811,4206811,22264,R9800BH,DT082,HIT EH5000,A-185-08-12,65.3,234.22,101.040406,101.040406,248.745627,37.72986,69.566654,0,363478.51,6591872.75,198.94,RIGHT,234.2,419,8/10/2025,22:40:19,22:47:18,2349.124331,R9800BH,250,42.0,6.0,35,248.745627,101.040406,40.408707,69.566654,37.72986,3389.729706,7371.601153
pattern_12,A1850812_200_WN_5,6206812,4206812,22264,R9800BH,DT057,HIT EH5000,A-185-08-12,43.22,232.02,116.489639,116.489639,264.296696,36.039555,65.655009,0,363478.28,6591876.22,199.02,LEFT,232.0,443,8/10/2025,22:47:18,22:54:41,2037.016098,R9800BH,250,42.0,6.0,35,264.296696,116.489639,46.112493,65.655009,36.039555,3160.327959,6776.079139
pattern_12,A1850812_200_WN_5,6206813,4206813,22264,R9800BH,DT057,HIT EH5000,A-185-08-12,65.08,236.35,117.11274,117.11274,256.626699,33.945977,65.85771,0,363475.74,6591877.75,199.08,RIGHT,236.3,414,8/10/2025,22:54:41,23:01:35,2027.957529,R9800BH,250,42.0,6.0,35,256.626699,117.11274,39.710271,65.85771,33.945977,3315.550561,6950.46129
pattern_12,A1850812_200_WN_5,6206814,4206814,22264,R9800BH,DT049,HIT EH5000,A-185-08-12,65.32,210.98,96.406316,96.406316,258.048577,41.984572,75.226605,0,363476.29,6591885.79,199.32,STRAIGHT,211.0,448,8/10/2025,23:01:35,23:09:03,1727.027082,R9800BH,250,42.0,6.0,35,258.048577,96.406316,44.431084,75.226605,41.984572,2943.309401,6544.795023
pattern_12,A1850812_200_WN_5,6206815,4206815,22264,R9800BH,DT087,HIT EH5000,A-185-08-12,37.49,203.52,121.997061,121.997061,257.387499,33.719984,55.732338,0,363477.05,6591886.62,198.18,LEFT,203.5,424,8/10/2025,23:09:03,23:16:07,2031.720632,R9800BH,250,42.0,6.0,35,257.387499,121.997061,45.938116,55.732338,33.719984,2846.634192,6040.315856
pattern_12,A1850812_200_WN_5,6206816,4206816,22264,R9800BH,DT023,CAT 793,A-185-08-12,40.56,206.79,115.735982,115.735982,267.658703,41.338924,67.300676,0,363478.28,6591888.4,199.34,RIGHT,206.8,398,8/10/2025,23:16:07,23:22:45,1898.213918,R9800BH,225,42.0,6.0,35,267.658703,115.735982,43.283121,67.300676,41.338924,2781.362259,5889.827092
pattern_12,A1850812_200_WN_5,6206817,4206817,22264,R9800BH,DT085,HIT EH5000,A-185-08-12,54.13,214.11,122.650684,122.650684,265.906567,38.241366,65.796938,0,363478.7,6591887.66,199.82,RIGHT,214.1,385,8/10/2025,23:22:45,23:29:10,1894.930187,R9800BH,250,42.0,6.0,35,265.906567,122.650684,39.217579,65.796938,38.241366,2898.770283,6214.466335
pattern_12,A1850812_200_WN_5,6206818,4206818,22264,R9800BH,DT074,HIT EH5000,A-185-08-12,55.98,191.82,123.83929,123.83929,260.833734,42.859888,54.227387,0,363476.08,6591884.79,198.61,RIGHT,191.8,441,8/10/2025,23:29:10,23:36:31,1599.154218,R9800BH,250,42.0,6.0,35,260.833734,123.83929,39.907168,54.227387,42.859888,2647.517362,5609.273533
pattern_12,A1850812_200_WN_5,6206819,4206819,22264,R9800BH,DT032,CAT 793,A-185-08-12,59.04,202.93,129.599148,129.599148,259.026381,31.378023,60.251406,0,363477.14,6591887.91,198.98,RIGHT,202.9,443,8/10/2025,23:36:31,23:43:54,1605.388577,R9800BH,225,42.0,6.0,35,259.026381,129.599148,37.797804,60.251406,31.378023,2820.361773,6080.536844
pattern_12,A1850812_200_WN_5,6206820,4206820,22264,R9800BH,DT089,HIT EH5000,A-185-08-12,46.75,193.75,121.922118,121.922118,271.0377,42.144729,66.684378,0,363479.21,6591884.11,199.66,STRAIGHT,193.7,548,8/10/2025,23:43:54,23:53:02,1574.400817,R9800BH,250,42.0,6.0,35,271.0377,121.922118,40.286475,66.684378,42.144729,2573.414196,5352.701528
pattern_12,A1850812_200_WN_5,6206821,4206821,22264,R9800BH,DT003,CAT 793,A-185-08-12,50.86,196.15,124.48016,124.48016,267.472954,33.600777,67.273537,0,363478.05,6591890.72,198.58,LEFT,196.2,386,8/10/2025,23:53:02,23:59:28,1638.208583,R9800BH,225,42.0,6.0,35,267.472954,124.48016,42.11848,67.273537,33.600777,2640.079619,5830.670765
pattern_12,A1850812_200_WN_5,6206822,4206822,22264,R9800BH,DT049,HIT EH5000,A-185-08-12,43.09,192.7,115.316961,115.316961,262.653889,34.554227,69.229203,0,363476.3,6591885.54,198.5,RIGHT,192.7,381,8/10/2025,23:59:28,00:05:49,1623.143446,R9800BH,250,42.0,6.0,35,262.653889,115.316961,43.553498,69.229203,34.554227,2641.234603,5528.13324
pattern_12,A1850812_200_WN_5,6206823,4206823,22264,R9800BH,DT075,HIT EH5000,A-185-08-12,47.77,208.32,120.569333,120.569333,263.3937,40.081186,61.380964,0,363476.35,6591882.77,198.17,LEFT,208.3,765,9/10/2025,00:05:49,00:18:34,1712.252957,R9800BH,250,42.0,6.0,35,263.3937,120.569333,41.362218,61.380964,40.081186,2847.200029,5980.677873
pattern_12,A1850812_200_WN_5,6206824,4206824,22264,R9800BH,DT016,CAT 793,A-185-08-12,44.05,205.56,124.559125,124.559125,268.364834,33.644669,58.503398,0,363479.81,6591888.42,199.59,LEFT,205.6,424,9/10/2025,00:18:34,00:25:38,1687.27191,R9800BH,225,42.0,6.0,35,268.364834,124.559125,51.657641,58.503398,33.644669,2757.435444,5735.465725
pattern_12,A1850812_200_WN_1,6206825,4206825,22264,R9800BH,DT056,HIT EH5000,A-185-08-12,65.51,235.53,75.726646,75.726646,210.081579,38.014804,56.365931,0,363484.28,6591839.83,199.69,RIGHT,235.5,372,9/10/2025,00:25:38,00:31:50,3139.092106,R9800BH,250,42.0,6.0,35,210.081579,75.726646,39.974198,56.365931,38.014804,4036.005129,10739.127674
pattern_12,A1850812_200_WN_1,6206826,4206826,22264,R9800BH,DT024,CAT 793,A-185-08-12,46.73,223.41,68.233442,68.233442,206.834341,30.662453,64.505829,0,363482.56,6591841.9,199.09,LEFT,223.4,347,9/10/2025,00:31:50,00:37:37,2470.277448,R9800BH,225,42.0,6.0,35,206.834341,68.233442,43.432617,64.505829,30.662453,3888.560309,10267.281087
pattern_12,A1850812_200_WN_1,6206827,4206827,22264,R9800BH,DT033,CAT 793,A-185-08-12,45.39,232.28,81.224895,81.224895,217.014864,33.352221,63.168798,0,363478.6,6591841.06,198.57,LEFT,232.3,398,9/10/2025,00:37:37,00:44:15,2860.157551,R9800BH,225,42.0,6.0,35,217.014864,81.224895,39.268951,63.168798,33.352221,3853.162102,10569.817387
pattern_12,A1850812_200_WN_1,6206828,4206828,22264,R9800BH,DT073,HIT EH5000,A-185-08-12,52.9,236.38,71.359197,71.359197,199.773547,43.031839,54.729732,0,363483.83,6591840.13,199.12,RIGHT,236.4,412,9/10/2025,00:44:15,00:51:07,3164.793633,R9800BH,250,42.0,6.0,35,199.773547,71.359197,30.652779,54.729732,43.031839,4259.734894,11049.317259
pattern_12,A1850812_200_WN_1,6206829,4206829,22264,R9800BH,DT024,CAT 793,A-185-08-12,42.63,220.02,77.729063,77.729063,212.059336,40.515799,57.685855,0,363483.26,6591842.89,198.91,RIGHT,220.0,410,9/10/2025,00:51:07,00:57:57,2465.909944,R9800BH,225,42.0,6.0,35,212.059336,77.729063,36.128618,57.685855,40.515799,3735.161863,9265.109334
pattern_12,A1850812_200_WN_1,6206830,4206830,22264,R9800BH,DT044,CAT 793,A-185-08-12,63.58,206.64,72.630813,72.630813,208.484718,34.248667,59.743881,0,363480.79,6591839.47,199.85,RIGHT,206.6,339,9/10/2025,00:57:57,01:03:36,2465.270276,R9800BH,225,42.0,6.0,35,208.484718,72.630813,41.861357,59.743881,34.248667,3568.151268,9296.666561
pattern_12,A1850812_200_WN_1,6206831,4206831,22264,R9800BH,DT078,HIT EH5000,A-185-08-12,45.41,209.72,80.94622,80.94622,228.398135,36.348044,60.973212,0,363485.14,6591842.53,198.32,LEFT,209.7,402,9/10/2025,01:03:36,01:10:18,2327.290006,R9800BH,250,42.0,6.0,35,228.398135,80.94622,50.130659,60.973212,36.348044,3305.632007,8308.078161
pattern_12,A1850812_200_WN_1,6206832,4206832,22264,R9800BH,DT048,HIT EH5000,A-185-08-12,43.46,224.88,75.350671,75.350671,210.709391,37.512739,59.166569,0,363482.57,6591840.77,199.15,RIGHT,224.9,335,9/10/2025,01:10:18,01:15:53,2732.731867,R9800BH,250,42.0,6.0,35,210.709391,75.350671,38.679412,59.166569,37.512739,3842.09871,9368.202811
pattern_12,A1850812_200_WN_1,6206833,4206833,22264,R9800BH,DT072,HIT EH5000,A-185-08-12,71.89,215.66,76.743897,76.743897,214.10114,42.242383,53.329235,0,363483.79,6591842.26,198.38,STRAIGHT,215.7,367,9/10/2025,01:15:53,01:22:00,2429.154736,R9800BH,250,42.0,6.0,35,214.10114,76.743897,41.785626,53.329235,42.242383,3626.28777,9518.777645
pattern_12,A1850812_200_WN_1,6206834,4206834,22264,R9800BH,DT077,HIT EH5000,A-185-08-12,52.59,208.41,78.184788,78.184788,216.247633,37.054405,62.021629,0,363480.24,6591843.86,199.72,STRAIGHT,208.4,389,9/10/2025,01:22:00,01:28:29,2486.111089,R9800BH,250,42.0,6.0,35,216.247633,78.184788,38.98681,62.021629,37.054405,3469.561748,8897.243094
pattern_12,A1850812_200_WN_1,6206835,4206835,22264,R9800BH,DT058,HIT EH5000,A-185-08-12,73.79,260.19,74.654736,74.654736,208.309629,39.284606,54.796892,0,363482.29,6591845.65,199.11,RIGHT,260.2,360,9/10/2025,01:28:29,01:34:29,3146.296807,R9800BH,250,42.0,6.0,35,208.309629,74.654736,39.573396,54.796892,39.284606,4496.531602,11697.309258
pattern_12,A1850812_200_WN_1,6206836,4206836,22264,R9800BH,DT011,CAT 793,A-185-08-12,50.96,215.77,75.166654,75.166654,214.391663,38.828986,56.072425,0,363479.39,6591848.72,199.18,LEFT,215.8,336,9/10/2025,01:34:29,01:40:05,2525.086823,R9800BH,225,42.0,6.0,35,214.391663,75.166654,44.323598,56.072425,38.828986,3623.167834,10005.417884
pattern_12,A1850812_200_WN_1,6206837,4206837,22264,R9800BH,DT033,CAT 793,A-185-08-12,64.54,225.31,77.383749,77.383749,213.987296,32.685485,62.468815,0,363484.36,6591847.03,199.66,STRAIGHT,225.3,410,9/10/2025,01:40:05,01:46:55,2601.870639,R9800BH,225,42.0,6.0,35,213.987296,77.383749,41.449248,62.468815,32.685485,3790.441546,10049.648157
pattern_12,A1850812_200_WN_1,6206838,4206838,22264,R9800BH,DT049,HIT EH5000,A-185-08-12,50.0,228.15,71.836171,71.836171,199.17888,38.371615,57.848814,0,363483.58,6591849.78,198.8,LEFT,228.1,351,9/10/2025,01:46:55,01:52:46,2921.113519,R9800BH,250,42.0,6.0,35,199.17888,71.836171,31.12228,57.848814,38.371615,4123.610985,11418.214943
pattern_12,A1850812_200_WN_1,6206839,4206839,22264,R9800BH,DT085,HIT EH5000,A-185-08-12,53.17,224.05,71.580826,71.580826,203.003488,35.680405,54.750929,0,363483.32,6591851.02,199.46,LEFT,224.0,415,9/10/2025,01:52:46,01:59:41,2619.614995,R9800BH,250,42.0,6.0,35,203.003488,71.580826,40.991329,54.750929,35.680405,3973.20792,10780.398808
pattern_12,A1850812_200_WN_1,6206840,4206840,22264,R9800BH,DT014,CAT 793,A-185-08-12,68.63,229.29,67.765407,67.765407,200.185543,26.394108,65.665705,0,363481.31,6591855.25,198.92,LEFT,229.3,331,9/10/2025,01:59:41,02:05:12,2744.03825,R9800BH,225,42.0,6.0,35,200.185543,67.765407,40.360323,65.665705,26.394108,4123.433882,11483.446136
pattern_12,A1850812_200_WN_1,6206841,4206841,22264,R9800BH,DT048,HIT EH5000,A-185-08-12,66.5,223.09,75.730469,75.730469,196.433242,33.498624,52.25526,0,363482.96,6591851.79,199.06,RIGHT,223.1,421,9/10/2025,02:05:12,02:12:13,2923.937736,R9800BH,250,42.0,6.0,35,196.433242,75.730469,34.948889,52.25526,33.498624,4088.612576,11463.038327
pattern_12,A1850812_200_WN_1,6206842,4206842,22264,R9800BH,DT022,CAT 793,A-185-08-12,46.09,214.56,77.432971,77.432971,206.47346,39.700859,56.125484,0,363479.42,6591846.18,199.59,RIGHT,214.6,435,9/10/2025,02:12:13,02:19:28,2594.033656,R9800BH,225,42.0,6.0,35,206.47346,77.432971,33.214145,56.125484,39.700859,3741.046023,9959.643573
pattern_12,A1850812_200_WN_1,6206843,4206843,22264,R9800BH,DT053,HIT EH5000,A-185-08-12,53.1,219.48,61.930792,61.930792,203.160696,32.721284,58.559123,0,363485.39,6591847.15,199.15,RIGHT,219.5,361,9/10/2025,02:19:28,02:25:29,2783.798099,R9800BH,250,42.0,6.0,35,203.160696,61.930792,49.949498,58.559123,32.721284,3889.260409,10408.502391
pattern_12,A1850812_200_WN_1,6206844,4206844,22264,R9800BH,DT005,CAT 793,A-185-08-12,45.36,239.82,73.468092,73.468092,204.548474,37.820302,53.504358,0,363480.62,6591849.4,200.01,RIGHT,239.8,349,9/10/2025,02:25:29,02:31:18,2924.958482,R9800BH,225,42.0,6.0,35,204.548474,73.468092,39.755722,53.504358,37.820302,4220.755988,10787.992596
pattern_12,A1850812_200_WN_2,6206845,4206845,22264,R9800BH,DT073,HIT EH5000,A-185-08-12,49.93,209.94,77.316263,77.316263,218.405776,31.432073,72.48358,0,363486.66,6591859.98,199.26,LEFT,209.9,385,9/10/2025,02:31:18,02:37:43,2379.390638,R9800BH,250,42.0,6.0,35,218.405776,77.316263,37.17386,72.48358,31.432073,3460.41571,9074.800072
pattern_12,A1850812_200_WN_2,6206846,4206846,22264,R9800BH,DT037,CAT 793,A-185-08-12,38.2,212.12,82.395898,82.395898,210.582601,38.278493,53.600232,0,363482.94,6591857.1,200.08,STRAIGHT,212.1,381,9/10/2025,02:37:43,02:44:04,2389.466729,R9800BH,225,42.0,6.0,35,210.582601,82.395898,36.307978,53.600232,38.278493,3626.225168,9143.39161
pattern_12,A1850812_200_WN_2,6206847,4206847,22264,R9800BH,DT067,HIT EH5000,A-185-08-12,55.11,226.38,99.60933,99.60933,243.465195,41.454861,62.919189,0,363479.94,6591855.56,199.43,STRAIGHT,226.4,397,9/10/2025,02:44:04,02:50:41,2330.734076,R9800BH,250,42.0,6.0,35,243.465195,99.60933,39.481815,62.919189,41.454861,3347.357473,8823.958599
pattern_12,A1850812_200_WN_2,6206848,4206848,22264,R9800BH,DT029,CAT 793,A-185-08-12,62.94,224.98,79.377249,79.377249,202.831336,39.86143,48.82974,0,363479.38,6591853.75,199.09,STRAIGHT,225.0,356,9/10/2025,02:50:41,02:56:37,2557.674051,R9800BH,225,42.0,6.0,35,202.831336,79.377249,34.762918,48.82974,39.86143,3993.044558,9401.786436
pattern_12,A1850812_200_WN_2,6206849,4206849,22264,R9800BH,DT070,HIT EH5000,A-185-08-12,57.18,235.33,99.822964,99.822964,223.170663,30.278919,52.926889,0,363482.22,6591857.89,199.33,LEFT,235.3,461,9/10/2025,02:56:37,03:04:18,2463.953497,R9800BH,250,42.0,6.0,35,223.170663,99.822964,40.141891,52.926889,30.278919,3796.089595,9868.504045
pattern_12,A1850812_200_WN_2,6206850,4206850,22264,R9800BH,DT062,HIT EH5000,A-185-08-12,61.02,231.2,82.650835,82.650835,207.985941,35.729816,53.924054,0,363481.29,6591858.22,198.87,LEFT,231.2,332,9/10/2025,03:04:18,03:09:50,2751.6029,R9800BH,250,42.0,6.0,35,207.985941,82.650835,35.681235,53.924054,35.729816,4001.799102,9752.25033
pattern_12,A1850812_200_WN_2,6206851,4206851,22264,R9800BH,DT040,CAT 793,A-185-08-12,63.12,225.49,88.29915,88.29915,226.723889,32.759137,59.901789,0,363482.21,6591852.93,199.34,RIGHT,225.5,385,9/10/2025,03:09:50,03:16:15,2433.702699,R9800BH,225,42.0,6.0,35,226.723889,88.29915,45.763812,59.901789,32.759137,3580.486558,8847.079113
pattern_12,A1850812_200_WN_2,6206852,4206852,22264,R9800BH,DT059,HIT EH5000,A-185-08-12,55.11,216.94,85.466345,85.466345,224.562869,36.477072,62.044582,0,363477.94,6591857.7,199.59,LEFT,216.9,350,9/10/2025,03:16:15,03:22:05,2315.029571,R9800BH,250,42.0,6.0,35,224.562869,85.466345,40.574871,62.044582,36.477072,3477.791216,8828.394736
pattern_12,A1850812_200_WN_2,6206853,4206853,22264,R9800BH,DT082,HIT EH5000,A-185-08-12,43.35,210.18,94.294315,94.294315,221.823852,36.886042,54.266393,0,363484.78,6591856.59,199.0,LEFT,210.2,340,9/10/2025,03:22:05,03:27:45,2329.360973,R9800BH,250,42.0,6.0,35,221.823852,94.294315,36.377102,54.266393,36.886042,3411.084531,8784.787428
pattern_12,A1850812_200_WN_2,6206854,4206854,22264,R9800BH,DT089,HIT EH5000,A-185-08-12,45.68,234.88,83.432536,83.432536,221.113891,31.188392,63.798822,0,363480.27,6591856.38,199.38,LEFT,234.9,413,9/10/2025,03:27:45,03:34:38,2522.000957,R9800BH,250,42.0,6.0,35,221.113891,83.432536,42.694141,63.798822,31.188392,3824.156178,9766.31188
pattern_12,A1850812_200_WN_3,6206855,4206855,22264,R9800BH,DT075,HIT EH5000,A-185-08-12,52.42,237.49,86.68824,86.68824,231.959126,40.06675,65.993369,0,363487.64,6591865.81,198.58,LEFT,237.5,334,9/10/2025,03:34:38,03:40:12,2395.816422,R9800BH,250,42.0,6.0,35,231.959126,86.68824,39.210768,65.993369,40.06675,3685.770507,8592.065771
pattern_12,A1850812_200_WN_3,6206856,4206856,22264,R9800BH,DT036,CAT 793,A-185-08-12,45.48,226.65,98.779028,98.779028,243.076765,42.654974,58.121558,0,363481.71,6591862.69,198.48,LEFT,226.6,429,9/10/2025,03:40:12,03:47:21,2205.570464,R9800BH,225,42.0,6.0,35,243.076765,98.779028,43.521206,58.121558,42.654974,3356.701839,8253.080468
pattern_12,A1850812_200_WN_3,6206857,4206857,22264,R9800BH,DT051,HIT EH5000,A-185-08-12,53.37,221.88,81.832085,81.832085,225.306871,44.211989,58.674067,0,363482.31,6591864.9,199.81,STRAIGHT,221.9,453,9/10/2025,03:47:21,03:54:54,2276.11687,R9800BH,250,42.0,6.0,35,225.306871,81.832085,40.588731,58.674067,44.211989,3545.204817,8704.106445
pattern_12,A1850812_200_WN_3,6206858,4206858,22264,R9800BH,DT024,CAT 793,A-185-08-12,62.84,225.74,90.279029,90.279029,234.960296,35.480453,64.756209,0,363484.91,6591865.89,199.28,STRAIGHT,225.7,472,9/10/2025,03:54:54,04:02:46,2390.243925,R9800BH,225,42.0,6.0,35,234.960296,90.279029,44.444605,64.756209,35.480453,3458.684536,8485.327227
pattern_12,A1850812_200_WN_3,6206859,4206859,22264,R9800BH,DT085,HIT EH5000,A-185-08-12,53.32,204.96,86.986703,86.986703,228.71939,39.864194,54.98383,0,363484.47,6591866.92,198.09,STRAIGHT,205.0,424,9/10/2025,04:02:46,04:09:50,2062.628823,R9800BH,250,42.0,6.0,35,228.71939,86.986703,46.884662,54.98383,39.864194,3226.04631,7677.258199
pattern_12,A1850812_200_WN_3,6206860,4206860,22264,R9800BH,DT071,HIT EH5000,A-185-08-12,43.13,213.83,96.312629,96.312629,233.837164,36.928681,58.381633,0,363482.7,6591865.05,199.75,STRAIGHT,213.8,348,9/10/2025,04:09:50,04:15:38,2115.349044,R9800BH,250,42.0,6.0,35,233.837164,96.312629,42.214221,58.381633,36.928681,3292.017933,8180.733699
pattern_12,A1850812_200_WN_3,6206861,4206861,22264,R9800BH,DT063,HIT EH5000,A-185-08-12,63.39,228.64,96.408218,96.408218,228.660657,39.366988,60.780197,0,363483.24,6591861.93,199.85,LEFT,228.6,365,9/10/2025,04:15:38,04:21:43,2458.565126,R9800BH,250,42.0,6.0,35,228.660657,96.408218,32.105254,60.780197,39.366988,3599.603739,9201.11205
pattern_12,A1850812_200_WN_3,6206862,4206862,22264,R9800BH,DT073,HIT EH5000,A-185-08-12,65.16,233.15,82.238318,82.238318,216.954609,42.443757,48.5361,0,363480.57,6591865.22,199.88,RIGHT,233.1,343,9/10/2025,04:21:43,04:27:26,2557.615969,R9800BH,250,42.0,6.0,35,216.954609,82.238318,43.736434,48.5361,42.443757,3868.693213,9655.515523
pattern_12,A1850812_200_WN_3,6206863,4206863,22264,R9800BH,DT085,HIT EH5000,A-185-08-12,54.97,243.54,82.259207,82.259207,215.558506,31.203398,64.518903,0,363490.03,6591865.79,198.31,RIGHT,243.5,378,9/10/2025,04:27:26,04:33:44,2701.12755,R9800BH,250,42.0,6.0,35,215.558506,82.259207,37.576997,64.518903,31.203398,4067.277651,10274.280241
pattern_12,A1850812_200_WN_3,6206864,4206864,22264,R9800BH,DT064,HIT EH5000,A-185-08-12,60.99,240.19,94.964999,94.964999,236.217603,36.94965,62.41456,0,363483.78,6591865.7,198.16,LEFT,240.2,356,9/10/2025,04:33:44,04:39:40,2670.998772,R9800BH,250,42.0,6.0,35,236.217603,94.964999,41.888395,62.41456,36.94965,3660.55175,8845.960872
pattern_12,A1850812_200_WN_5,6206865,4206865,22264,R9800BH,DT073,HIT EH5000,A-185-08-12,44.95,223.35,121.307013,121.307013,269.449602,35.902727,68.879184,0,363483.36,6591875.39,198.75,RIGHT,223.4,509,9/10/2025,04:39:40,04:48:09,1775.040179,R9800BH,250,42.0,6.0,35,269.449602,121.307013,43.360678,68.879184,35.902727,2984.117062,6669.994823
pattern_12,A1850812_200_WN_5,6206866,4206866,22264,R9800BH,DT047,HIT EH5000,A-185-08-12,74.08,222.25,99.755457,99.755457,235.589038,29.473832,66.568806,0,363484.56,6591872.46,199.13,LEFT,222.3,657,9/10/2025,04:48:09,04:59:06,2139.369272,R9800BH,250,42.0,6.0,35,235.589038,99.755457,39.790943,66.568806,29.473832,3396.240553,7447.328683
pattern_12,A1850812_200_WN_5,6206867,4206867,22264,R9800BH,DT054,HIT EH5000,A-185-08-12,71.84,221.17,106.84308,106.84308,253.542224,43.770511,60.254704,0,363479.67,6591873.07,199.37,RIGHT,221.2,438,9/10/2025,04:59:06,05:06:24,2076.425332,R9800BH,250,42.0,6.0,35,253.542224,106.84308,42.673929,60.254704,43.770511,3140.313387,6775.32998
pattern_12,A1850812_200_WN_5,6206868,4206868,22264,R9800BH,DT049,HIT EH5000,A-185-08-12,56.93,226.35,120.170858,120.170858,264.87386,36.804673,66.298973,0,363484.44,6591872.71,199.41,RIGHT,226.3,449,9/10/2025,05:06:24,05:13:53,1921.187812,R9800BH,250,42.0,6.0,35,264.87386,120.170858,41.599355,66.298973,36.804673,3076.386265,6990.163321
pattern_12,A1850812_200_WN_5,6206869,4206869,22264,R9800BH,DT050,HIT EH5000,A-185-08-12,43.39,209.75,113.836715,113.836715,249.339961,35.518299,60.583811,0,363482.93,6591868.53,199.24,STRAIGHT,209.7,443,9/10/2025,05:13:53,05:21:16,1979.910385,R9800BH,250,42.0,6.0,35,249.339961,113.836715,39.401136,60.583811,35.518299,3028.328235,7145.622339
pattern_12,A1850812_200_WN_5,6206870,4206870,22264,R9800BH,DT079,HIT EH5000,A-185-08-12,51.43,203.75,102.79659,102.79659,248.505403,35.160135,66.020959,0,363481.14,6591869.86,198.98,RIGHT,203.8,417,9/10/2025,05:21:16,05:28:13,2088.167806,R9800BH,250,42.0,6.0,35,248.505403,102.79659,44.527719,66.020959,35.160135,2951.692551,6494.932649
pattern_12,A1850812_200_WN_5,6206871,4206871,22264,R9800BH,DT078,HIT EH5000,A-185-08-12,48.81,197.76,120.710963,120.710963,271.086956,41.556303,65.929347,0,363486.62,6591875.35,199.03,RIGHT,197.8,458,9/10/2025,05:28:13,05:35:51,1644.997447,R9800BH,250,42.0,6.0,35,271.086956,120.710963,42.890343,65.929347,41.556303,2626.268458,5720.700021
pattern_12,A1850812_200_WN_5,6206872,4206872,22264,R9800BH,DT061,HIT EH5000,A-185-08-12,32.82,196.92,114.002024,114.002024,259.442142,39.034161,62.481825,0,363486.09,6591873.18,198.09,STRAIGHT,196.9,425,9/10/2025,05:35:51,05:42:56,1863.283549,R9800BH,250,42.0,6.0,35,259.442142,114.002024,43.924132,62.481825,39.034161,2732.432162,5950.225493
pattern_12,A1850812_200_WN_5,6206873,4206873,22264,R9800BH,DT084,HIT EH5000,A-185-08-12,44.32,198.34,117.312714,117.312714,269.676706,35.778543,69.690034,0,363480.23,6591870.2,198.79,RIGHT,198.3,468,9/10/2025,05:42:56,05:50:44,1720.716907,R9800BH,250,42.0,6.0,35,269.676706,117.312714,46.895415,69.690034,35.778543,2647.731268,5924.010345
pattern_12,A1850812_200_WN_5,6206874,4206874,22264,R9800BH,DT046,CAT 793,A-185-08-12,50.99,213.43,123.878514,123.878514,265.864834,41.057022,62.03239,0,363481.05,6591873.29,198.91,RIGHT,213.4,415,9/10/2025,05:50:44,05:57:39,1774.421857,R9800BH,225,42.0,6.0,35,265.864834,123.878514,38.896908,62.03239,41.057022,2890.040124,6409.756081
pattern_12,A1850812_200_WN_5,6206875,4206875,22264,R9800BH,DT065,HIT EH5000,A-185-08-12,46.97,220.17,105.496886,105.496886,253.516633,36.427261,67.443758,0,363485.03,6591873.43,199.57,LEFT,220.2,493,9/10/2025,05:57:39,06:05:52,1929.155936,R9800BH,250,42.0,6.0,35,253.516633,105.496886,44.148729,67.443758,36.427261,3126.51006,6947.749739
pattern_12,A1850812_200_WN_4,6206876,4206876,22264,R9800BH,DT039,CAT 793,A-185-08-12,44.44,201.6,115.339042,115.339042,251.452134,39.351857,57.182206,0,363479.94,6591878.36,199.8,LEFT,201.6,413,9/10/2025,06:05:52,06:12:45,1857.548505,R9800BH,225,42.0,6.0,35,251.452134,115.339042,39.579029,57.182206,39.351857,2886.273871,6184.85858
pattern_12,A1850812_200_WN_4,6206877,4206877,22264,R9800BH,DT040,CAT 793,A-185-08-12,50.15,184.87,101.665114,101.665114,242.64097,35.444983,62.579852,0,363482.1,6591881.75,198.63,LEFT,184.9,432,9/10/2025,06:12:45,06:19:57,1869.492628,R9800BH,225,42.0,6.0,35,242.64097,101.665114,42.95102,62.579852,35.444983,2742.924296,6342.104348
pattern_12,A1850812_200_WN_4,6206878,4206878,22264,R9800BH,DT051,HIT EH5000,A-185-08-12,33.71,196.11,110.34816,110.34816,256.21532,36.42966,68.316552,0,363480.44,6591883.03,198.76,LEFT,196.1,374,9/10/2025,06:19:57,06:26:11,1810.826764,R9800BH,250,42.0,6.0,35,256.21532,110.34816,41.120947,68.316552,36.42966,2755.515662,6531.540741
pattern_12,A1850812_200_WN_4,6206879,4206879,22264,R9800BH,DT080,HIT EH5000,A-185-08-12,64.35,193.04,99.832374,99.832374,240.338578,37.213784,62.888906,0,363482.68,6591882.84,198.67,STRAIGHT,193.0,428,9/10/2025,06:26:11,06:33:19,1798.254912,R9800BH,250,42.0,6.0,35,240.338578,99.832374,40.403513,62.888906,37.213784,2891.475691,6544.111095
pattern_12,A1850812_200_WN_4,6206880,4206880,22264,R9800BH,DT081,HIT EH5000,A-185-08-12,51.08,189.62,116.230351,116.230351,240.177756,32.833425,60.647841,0,363484.93,6591879.1,200.23,STRAIGHT,189.6,474,9/10/2025,06:33:19,06:41:13,1691.618294,R9800BH,250,42.0,6.0,35,240.177756,116.230351,30.466138,60.647841,32.833425,2842.12929,6601.80509
pattern_12,A1850812_200_WN_4,6206881,4206881,22264,R9800BH,DT087,HIT EH5000,A-185-08-12,74.84,224.52,125.748207,125.748207,279.082814,32.820642,80.428297,0,363481.73,6591880.92,199.77,LEFT,224.5,446,9/10/2025,06:41:13,06:48:39,2035.697056,R9800BH,250,42.0,6.0,35,279.082814,125.748207,40.085668,80.428297,32.820642,2896.18092,6143.440744
pattern_12,A1850812_200_WN_4,6206882,4206882,22264,R9800BH,DT088,HIT EH5000,A-185-08-12,57.91,249.48,105.672092,105.672092,262.843706,36.223136,75.380058,0,363483.12,6591880.96,198.54,STRAIGHT,249.5,418,9/10/2025,06:48:39,06:55:37,2008.163552,R9800BH,250,42.0,6.0,35,262.843706,105.672092,45.56842,75.380058,36.223136,3416.977699,7612.415179
pattern_12,A1850812_200_WN_4,6206883,4206883,22264,R9800BH,DT069,HIT EH5000,A-185-08-12,57.09,251.14,123.718873,123.718873,255.769291,28.314803,57.99156,0,363482.8,6591877.06,198.28,LEFT,251.1,447,9/10/2025,06:55:37,07:03:04,2427.000447,R9800BH,250,42.0,6.0,35,255.769291,123.718873,45.744054,57.99156,28.314803,3534.823584,8170.205787
pattern_12,A1850812_200_WN_4,6206884,4206884,22264,R9800BH,DT043,CAT 793,A-185-08-12,56.27,252.0,112.880178,112.880178,255.055634,33.697249,66.312402,0,363483.1,6591882.48,198.91,STRAIGHT,252.0,432,9/10/2025,07:03:04,07:10:16,2121.286957,R9800BH,225,42.0,6.0,35,255.055634,112.880178,42.165805,66.312402,33.697249,3556.87104,7845.954268
pattern_12,A1850812_200_WN_4,6206885,4206885,22264,R9800BH,DT058,HIT EH5000,A-185-08-12,68.32,230.43,106.764338,106.764338,245.848884,35.277343,61.412743,0,363485.7,6591877.43,198.7,LEFT,230.4,307,9/10/2025,07:10:16,07:15:23,2015.616404,R9800BH,250,42.0,6.0,35,245.848884,106.764338,42.394459,61.412743,35.277343,3374.220557,7861.724775
pattern_12,A1850812_200_WN_4,6206886,4206886,22264,R9800BH,DT037,CAT 793,A-185-08-12,59.22,212.36,98.318594,98.318594,242.218111,35.50714,59.318506,0,363483.88,6591878.69,198.78,STRAIGHT,212.4,464,9/10/2025,07:15:23,07:23:07,1892.582975,R9800BH,225,42.0,6.0,35,242.218111,98.318594,49.073871,59.318506,35.50714,3156.215043,6620.922102
pattern_12,A1850812_200_WN_5,6206887,4206887,22264,R9800BH,DT056,HIT EH5000,A-185-08-12,41.06,189.64,123.833481,123.833481,285.583044,46.692972,68.471022,0,363484.51,6591891.64,199.48,LEFT,189.6,376,9/10/2025,07:23:07,07:29:23,1444.056623,R9800BH,250,42.0,6.0,35,285.583044,123.833481,46.585569,68.471022,46.692972,2390.600001,4981.145486
pattern_12,A1850812_200_WN_5,6206888,4206888,22264,R9800BH,DT088,HIT EH5000,A-185-08-12,52.57,202.54,128.492551,128.492551,272.448173,41.584541,68.544393,0,363484.24,6591889.55,198.56,STRAIGHT,202.5,455,9/10/2025,07:29:23,07:36:58,1679.40831,R9800BH,250,42.0,6.0,35,272.448173,128.492551,33.826688,68.544393,41.584541,2676.298689,5566.701274
pattern_12,A1850812_200_WN_5,6206889,4206889,22264,R9800BH,DT004,CAT 793,A-185-08-12,43.71,193.57,127.474283,127.474283,264.055223,36.773174,61.277071,0,363482.87,6591890.85,200.05,RIGHT,193.6,519,9/10/2025,07:36:58,07:45:37,1656.637092,R9800BH,225,42.0,6.0,35,264.055223,127.474283,38.530695,61.277071,36.773174,2639.000101,5489.12021
pattern_12,A1850812_200_WN_5,6206890,4206890,22264,R9800BH,DT085,HIT EH5000,A-185-08-12,38.98,195.61,112.419467,112.419467,247.910653,32.941109,58.155109,0,363480.55,6591886.7,199.23,STRAIGHT,195.6,377,9/10/2025,07:45:37,07:51:54,1769.305229,R9800BH,250,42.0,6.0,35,247.910653,112.419467,44.394968,58.155109,32.941109,2840.462303,5908.16159
pattern_12,A1850812_200_WN_5,6206891,4206891,22264,R9800BH,DT055,HIT EH5000,A-185-08-12,64.52,193.56,127.30738,127.30738,279.59384,33.577562,70.466208,0,363480.21,6591888.84,199.65,RIGHT,193.6,500,9/10/2025,07:51:54,08:00:14,1476.420395,R9800BH,250,42.0,6.0,35,279.59384,127.30738,48.242689,70.466208,33.577562,2492.184057,5269.636562
pattern_12,A1850812_200_WN_5,6206892,4206892,22264,R9800BH,DT062,HIT EH5000,A-185-08-12,39.43,191.9,125.714643,125.714643,263.158096,28.460005,67.814715,0,363484.58,6591887.23,199.64,LEFT,191.9,408,9/10/2025,08:00:14,08:07:02,1799.740608,R9800BH,250,42.0,6.0,35,263.158096,125.714643,41.168733,67.814715,28.460005,2625.230281,5460.478984
pattern_12,A1850812_200_WN_5,6206893,4206893,22264,R9800BH,DT023,CAT 793,A-185-08-12,49.63,188.97,129.47279,129.47279,264.492963,32.065562,63.292999,0,363480.67,6591887.77,198.8,RIGHT,189.0,413,9/10/2025,08:07:02,08:13:55,1587.655529,R9800BH,225,42.0,6.0,35,264.492963,129.47279,39.661612,63.292999,32.065562,2572.056055,5440.117308
pattern_12,A1850812_200_WN_5,6206894,4206894,22264,R9800BH,DT075,HIT EH5000,A-185-08-12,46.72,193.47,128.800875,128.800875,264.958873,36.551894,57.720683,0,363482.08,6591886.58,198.03,LEFT,193.5,453,9/10/2025,08:13:55,08:21:28,1522.344953,R9800BH,250,42.0,6.0,35,264.958873,128.800875,41.88542,57.720683,36.551894,2628.699726,5467.695431
pattern_12,A1850812_200_WN_5,6206895,4206895,22264,R9800BH,DT076,HIT EH5000,A-185-08-12,64.04,205.79,119.208091,119.208091,258.40466,31.009827,63.081216,0,363482.6,6591886.36,198.24,RIGHT,205.8,513,9/10/2025,08:21:28,08:30:01,1738.01635,R9800BH,250,42.0,6.0,35,258.40466,119.208091,45.105527,63.081216,31.009827,2866.959108,6052.052084
pattern_12,A1850812_200_WN_5,6206896,4206896,22264,R9800BH,DT052,HIT EH5000,A-185-08-12,52.63,226.88,115.992996,115.992996,247.836969,28.722645,68.647039,0,363484.28,6591891.78,199.25,STRAIGHT,226.9,414,9/10/2025,08:30:01,08:36:55,1885.928679,R9800BH,250,42.0,6.0,35,247.836969,115.992996,34.474289,68.647039,28.722645,3295.620972,6854.891623
pattern_12,A1850812_200_WN_5,6206897,4206897,22264,R9800BH,DT023,CAT 793,A-185-08-12,77.52,250.75,122.386683,122.386683,259.501992,32.889985,68.450983,0,363487.48,6591887.49,198.72,LEFT,250.7,392,9/10/2025,08:36:55,08:43:27,2183.584405,R9800BH,225,42.0,6.0,35,259.501992,122.386683,35.774342,68.450983,32.889985,3478.562595,7291.149854
pattern_12,A1850812_200_WN_1,6206898,4206898,22264,R9800BH,DT062,HIT EH5000,A-185-08-12,46.18,206.33,82.802257,82.802257,212.754365,35.063904,55.506977,0,363490.5,6591844.43,199.03,RIGHT,206.3,428,9/10/2025,08:43:27,08:50:35,2477.754154,R9800BH,250,42.0,6.0,35,212.754365,82.802257,39.381227,55.506977,35.063904,3491.213371,9096.356186
pattern_12,A1850812_200_WN_1,6206899,4206899,22264,R9800BH,DT080,HIT EH5000,A-185-08-12,38.8,198.92,84.529859,84.529859,205.506446,32.344386,53.240228,0,363489.75,6591846.14,198.1,LEFT,198.9,386,9/10/2025,08:50:35,08:57:01,2150.34736,R9800BH,250,42.0,6.0,35,205.506446,84.529859,35.391973,53.240228,32.344386,3484.583044,9205.679776
pattern_12,A1850812_200_WN_1,6206900,4206900,22264,R9800BH,DT055,HIT EH5000,A-185-08-12,51.22,221.5,77.090447,77.090447,227.083401,41.990143,67.945388,0,363490.04,6591845.41,198.8,LEFT,221.5,315,9/10/2025,08:57:01,09:02:16,2525.806985,R9800BH,250,42.0,6.0,35,227.083401,77.090447,40.057423,67.945388,41.990143,3511.464672,8991.011602
pattern_12,A1850812_200_WN_1,6206901,4206901,22264,R9800BH,DT075,HIT EH5000,A-185-08-12,51.82,215.93,75.347878,75.347878,209.643242,34.751706,57.271065,0,363491.84,6591843.93,199.27,LEFT,215.9,433,9/10/2025,09:02:16,09:09:29,2702.95006,R9800BH,250,42.0,6.0,35,209.643242,75.347878,42.272592,57.271065,34.751706,3707.912477,9658.113554
pattern_12,A1850812_200_WN_1,6206902,4206902,22264,R9800BH,DT074,HIT EH5000,A-185-08-12,69.36,216.88,68.394013,68.394013,199.623994,35.442322,54.234342,0,363484.47,6591845.01,199.75,LEFT,216.9,388,9/10/2025,09:09:29,09:15:57,2992.886177,R9800BH,250,42.0,6.0,35,199.623994,68.394013,41.553318,54.234342,35.442322,3911.233342,10745.955608
pattern_12,A1850812_200_WN_1,6206903,4206903,22264,R9800BH,DT084,HIT EH5000,A-185-08-12,53.34,210.08,85.960336,85.960336,217.50651,32.173841,58.683628,0,363492.27,6591843.65,199.66,STRAIGHT,210.1,350,9/10/2025,09:15:57,09:21:47,2280.052003,R9800BH,250,42.0,6.0,35,217.50651,85.960336,40.688705,58.683628,32.173841,3477.158711,9286.880163
pattern_12,A1850812_200_WN_1,6206904,4206904,22264,R9800BH,DT023,CAT 793,A-185-08-12,67.52,222.54,70.881761,70.881761,200.417169,41.394696,46.369553,0,363488.54,6591843.28,199.45,RIGHT,222.5,336,9/10/2025,09:21:47,09:27:23,2830.702551,R9800BH,225,42.0,6.0,35,200.417169,70.881761,41.77116,46.369553,41.394696,3997.319696,10454.285739
pattern_12,A1850812_200_WN_1,6206905,4206905,22264,R9800BH,DT075,HIT EH5000,A-185-08-12,68.69,210.0,71.609157,71.609157,205.69276,31.54229,62.199932,0,363486.95,6591845.28,199.22,LEFT,210.0,357,9/10/2025,09:27:23,09:33:20,2513.559973,R9800BH,250,42.0,6.0,35,205.69276,71.609157,40.341382,62.199932,31.54229,3675.38342,9500.423583
pattern_12,A1850812_200_WN_1,6206906,4206906,22264,R9800BH,DT047,HIT EH5000,A-185-08-12,46.96,245.1,82.389906,82.389906,214.718381,33.764199,62.30317,0,363487.47,6591844.67,198.44,STRAIGHT,245.1,411,9/10/2025,09:33:20,09:40:11,2777.629071,R9800BH,250,42.0,6.0,35,214.718381,82.389906,36.261106,62.30317,33.764199,4109.459648,10678.070107
pattern_12,A1850812_200_WN_1,6206907,4206907,22264,R9800BH,DT061,HIT EH5000,A-185-08-12,48.92,260.7,75.070532,75.070532,200.192895,27.401255,57.460695,0,363488.35,6591842.27,199.7,RIGHT,260.7,349,9/10/2025,09:40:11,09:46:00,3089.568946,R9800BH,250,42.0,6.0,35,200.192895,75.070532,40.260413,57.460695,27.401255,4688.141278,12928.032967
pattern_12,A1850812_200_WN_3,6206908,4206908,22264,R9800BH,DT052,HIT EH5000,A-185-08-12,84.17,252.52,92.340871,92.340871,240.955978,36.289655,66.950705,0,363490.54,6591860.63,198.67,STRAIGHT,252.5,447,9/10/2025,09:46:00,09:53:27,2338.911616,R9800BH,250,42.0,6.0,35,240.955978,92.340871,45.374746,66.950705,36.289655,3772.744965,8994.233794
pattern_12,A1850812_200_WN_3,6206909,4206909,22264,R9800BH,DT050,HIT EH5000,A-185-08-12,70.39,229.62,97.317984,97.317984,236.387912,37.830265,61.624849,0,363489.87,6591859.35,199.26,LEFT,229.6,423,9/10/2025,09:53:27,10:00:30,2399.722773,R9800BH,250,42.0,6.0,35,236.387912,97.317984,39.614815,61.624849,37.830265,3496.956551,8312.82172
pattern_12,A1850812_200_WN_3,6206910,4206910,22264,R9800BH,DT008,CAT 793,A-185-08-12,72.14,245.44,80.910825,80.910825,229.83818,37.207799,69.989992,0,363488.45,6591859.8,198.52,RIGHT,245.4,385,9/10/2025,10:00:30,10:06:55,2319.047621,R9800BH,225,42.0,6.0,35,229.83818,80.910825,41.729564,69.989992,37.207799,3844.449128,9676.710548
pattern_12,A1850812_200_WN_3,6206911,4206911,22264,R9800BH,DT090,HIT EH5000,A-185-08-12,56.08,242.98,88.434224,88.434224,233.657531,33.413366,67.741938,0,363488.48,6591862.17,199.1,RIGHT,243.0,473,9/10/2025,10:06:55,10:14:48,2395.005558,R9800BH,250,42.0,6.0,35,233.657531,88.434224,44.068004,67.741938,33.413366,3743.703246,9511.964473
pattern_12,A1850812_200_WN_3,6206912,4206912,22264,R9800BH,DT078,HIT EH5000,A-185-08-12,49.16,234.16,79.071169,79.071169,212.335123,34.60065,59.444644,0,363489.74,6591860.99,198.72,LEFT,234.2,390,9/10/2025,10:14:48,10:21:18,2872.409471,R9800BH,250,42.0,6.0,35,212.335123,79.071169,39.21866,59.444644,34.60065,3970.01792,9712.038546
pattern_12,A1850812_200_WN_3,6206913,4206913,22264,R9800BH,DT057,HIT EH5000,A-185-08-12,56.84,226.4,89.736132,89.736132,243.197449,43.193133,62.330956,0,363488.17,6591859.92,198.95,LEFT,226.4,364,9/10/2025,10:21:18,10:27:22,2183.721634,R9800BH,250,42.0,6.0,35,243.197449,89.736132,47.937227,62.330956,43.193133,3351.296096,7971.256635
pattern_12,A1850812_200_WN_3,6206914,4206914,22264,R9800BH,DT027,CAT 793,A-185-08-12,51.4,213.52,92.728987,92.728987,231.672075,33.668238,59.495705,0,363492.69,6591859.83,198.84,LEFT,213.5,341,9/10/2025,10:27:22,10:33:03,2378.216192,R9800BH,225,42.0,6.0,35,231.672075,92.728987,45.779145,59.495705,33.668238,3317.99371,8199.087024
pattern_12,A1850812_200_WN_3,6206915,4206915,22264,R9800BH,DT009,CAT 793,A-185-08-12,52.58,229.93,77.79319,77.79319,212.654748,36.949619,68.205142,0,363487.44,6591861.78,198.44,LEFT,229.9,394,9/10/2025,10:33:03,10:39:37,2578.93546,R9800BH,225,42.0,6.0,35,212.654748,77.79319,29.706797,68.205142,36.949619,3892.502092,9791.915153
pattern_12,A1850812_200_WN_3,6206916,4206916,22264,R9800BH,DT071,HIT EH5000,A-185-08-12,67.56,223.57,96.358286,96.358286,240.129141,41.201835,61.077999,0,363489.84,6591862.14,199.13,LEFT,223.6,345,9/10/2025,10:39:37,10:45:22,2245.14563,R9800BH,250,42.0,6.0,35,240.129141,96.358286,41.491021,61.077999,41.201835,3351.793448,8552.324181
pattern_12,A1850812_200_WN_3,6206917,4206917,22264,R9800BH,DT043,CAT 793,A-185-08-12,54.73,252.0,90.872982,90.872982,224.87217,33.741164,61.307528,0,363487.56,6591860.49,198.79,RIGHT,252.0,296,9/10/2025,10:45:22,10:50:18,2693.931832,R9800BH,225,42.0,6.0,35,224.87217,90.872982,38.950495,61.307528,33.741164,4034.292023,9929.553978
pattern_12,A1850812_200_WN_4,6206918,4206918,22264,R9800BH,DT019,CAT 793,A-185-08-12,48.88,223.65,109.201821,109.201821,259.980319,37.293807,65.851022,0,363491.97,6591872.24,199.28,STRAIGHT,223.6,580,9/10/2025,10:50:18,10:59:58,2071.585334,R9800BH,225,42.0,6.0,35,259.980319,109.201821,47.633669,65.851022,37.293807,3096.873128,6441.496105
pattern_12,A1850812_200_WN_4,6206919,4206919,22264,R9800BH,DT011,CAT 793,A-185-08-12,42.94,218.93,115.201622,115.201622,270.094162,39.078102,67.183703,0,363494.29,6591869.03,198.44,LEFT,218.9,440,9/10/2025,10:59:58,11:07:18,2067.515,R9800BH,225,42.0,6.0,35,270.094162,115.201622,48.630735,67.183703,39.078102,2918.078581,6510.026112
pattern_12,A1850812_200_WN_4,6206920,4206920,22264,R9800BH,DT085,HIT EH5000,A-185-08-12,42.01,197.87,118.7292,118.7292,258.4709,34.78762,65.837278,0,363489.61,6591871.44,199.17,RIGHT,197.9,424,9/10/2025,11:07:18,11:14:22,1860.738633,R9800BH,250,42.0,6.0,35,258.4709,118.7292,39.116802,65.837278,34.78762,2755.972465,6167.724692
pattern_12,A1850812_200_WN_4,6206921,4206921,22264,R9800BH,DT025,CAT 793,A-185-08-12,49.73,206.28,121.235002,121.235002,266.043719,35.169304,66.445181,0,363486.97,6591869.83,198.44,STRAIGHT,206.3,506,9/10/2025,11:14:22,11:22:48,1816.727271,R9800BH,225,42.0,6.0,35,266.043719,121.235002,43.194231,66.445181,35.169304,2791.279833,6186.048827
pattern_12,A1850812_200_WN_4,6206922,4206922,22264,R9800BH,DT055,HIT EH5000,A-185-08-12,56.53,199.48,110.108662,110.108662,263.111321,40.687249,67.780201,0,363489.72,6591865.85,199.84,LEFT,199.5,355,9/10/2025,11:22:48,11:28:43,1776.119781,R9800BH,250,42.0,6.0,35,263.111321,110.108662,44.535209,67.780201,40.687249,2729.392296,6093.253027
pattern_12,A1850812_200_WN_4,6206923,4206923,22264,R9800BH,DT082,HIT EH5000,A-185-08-12,52.35,219.42,117.266173,117.266173,281.594061,42.371961,72.355458,0,363489.45,6591870.95,197.91,LEFT,219.4,422,9/10/2025,11:28:43,11:35:45,1939.270319,R9800BH,250,42.0,6.0,35,281.594061,117.266173,49.600469,72.355458,42.371961,2805.200979,6480.079016
pattern_12,A1850812_200_WN_4,6206924,4206924,22264,R9800BH,DT085,HIT EH5000,A-185-08-12,75.47,226.4,98.523345,98.523345,229.479037,35.765884,63.304446,0,363491.41,6591866.39,198.76,RIGHT,226.4,375,9/10/2025,11:35:45,11:42:00,2038.455136,R9800BH,250,42.0,6.0,35,229.479037,98.523345,31.885363,63.304446,35.765884,3551.738497,7860.873703
pattern_12,A1850812_200_WN_4,6206925,4206925,22264,R9800BH,DT046,CAT 793,A-185-08-12,48.49,219.6,114.857011,114.857011,251.194656,31.328587,65.30953,0,363490.25,6591864.4,198.12,STRAIGHT,219.6,361,9/10/2025,11:42:00,11:48:01,2000.37397,R9800BH,225,42.0,6.0,35,251.194656,114.857011,39.699529,65.30953,31.328587,3147.264171,6723.296279
pattern_12,A1850812_200_WN_4,6206926,4206926,22264,R9800BH,DT008,CAT 793,A-185-08-12,56.78,214.6,124.178921,124.178921,272.522904,36.73498,66.667353,0,363487.93,6591869.48,199.2,LEFT,214.6,408,9/10/2025,11:48:01,11:54:49,1858.071991,R9800BH,225,42.0,6.0,35,272.522904,124.178921,44.941649,66.667353,36.73498,2834.811875,6075.457279
pattern_12,A1850812_200_WN_4,6206927,4206927,22264,R9800BH,DT084,HIT EH5000,A-185-08-12,46.2,212.41,115.690205,115.690205,266.009112,30.548209,73.014159,0,363486.82,6591868.44,198.24,LEFT,212.4,426,9/10/2025,11:54:49,12:01:55,1912.248074,R9800BH,250,42.0,6.0,35,266.009112,115.690205,46.756538,73.014159,30.548209,2874.577364,6048.186282
pattern_12,A1850812_200_WN_4,6206928,4206928,22264,R9800BH,DT010,CAT 793,A-185-08-12,56.67,226.02,112.27017,112.27017,256.614202,35.889874,70.022079,0,363492.02,6591866.11,199.6,STRAIGHT,226.0,457,9/10/2025,12:01:55,12:09:32,2008.326817,R9800BH,225,42.0,6.0,35,256.614202,112.27017,38.432079,70.022079,35.889874,3170.758028,6595.176699
pattern_12,A1850812_200_WN_4,6206929,4206929,22264,R9800BH,DT038,CAT 793,A-185-08-12,44.98,223.03,113.347689,113.347689,252.455987,35.103012,58.660188,0,363489.51,6591876.89,198.7,RIGHT,223.0,391,9/10/2025,12:09:32,12:16:03,2008.466718,R9800BH,225,42.0,6.0,35,252.455987,113.347689,45.345098,58.660188,35.103012,3180.390753,6728.306544
pattern_12,A1850812_200_WN_4,6206930,4206930,22264,R9800BH,DT005,CAT 793,A-185-08-12,67.13,226.44,115.829308,115.829308,272.482402,40.227757,71.861081,0,363490.1,6591877.52,199.19,STRAIGHT,226.4,481,9/10/2025,12:16:03,12:24:04,1748.340604,R9800BH,225,42.0,6.0,35,272.482402,115.829308,44.564256,71.861081,40.227757,2991.661412,6609.980833
pattern_12,A1850812_200_WN_4,6206931,4206931,22264,R9800BH,DT053,HIT EH5000,A-185-08-12,55.44,239.58,113.619129,113.619129,251.942669,39.486926,59.190594,0,363489.32,6591875.75,199.79,RIGHT,239.6,393,9/10/2025,12:24:04,12:30:37,2146.73127,R9800BH,250,42.0,6.0,35,251.942669,113.619129,39.64602,59.190594,39.486926,3423.385657,7787.797369
pattern_12,A1850812_200_WN_4,6206932,4206932,22264,R9800BH,DT015,CAT 793,A-185-08-12,47.88,223.78,105.585964,105.585964,244.965832,37.099242,62.771212,0,363493.13,6591876.52,199.08,STRAIGHT,223.8,474,9/10/2025,12:30:37,12:38:31,2128.907632,R9800BH,225,42.0,6.0,35,244.965832,105.585964,39.509414,62.771212,37.099242,3288.690976,7470.784701
pattern_12,A1850812_200_WN_4,6206933,4206933,22264,R9800BH,DT089,HIT EH5000,A-185-08-12,38.34,217.51,97.982052,97.982052,248.255112,37.719245,65.971978,0,363491.13,6591875.29,198.27,STRAIGHT,217.5,385,9/10/2025,12:38:31,12:44:56,2082.776724,R9800BH,250,42.0,6.0,35,248.255112,97.982052,46.581836,65.971978,37.719245,3154.217338,6560.772063
pattern_12,A1850812_200_WN_4,6206934,4206934,22264,R9800BH,DT043,CAT 793,A-185-08-12,44.97,222.19,122.9569,122.9569,252.596216,30.349877,59.499704,0,363491.78,6591877.58,199.02,LEFT,222.2,433,9/10/2025,12:44:56,12:52:09,2158.689387,R9800BH,225,42.0,6.0,35,252.596216,122.9569,39.789735,59.499704,30.349877,3166.615706,6910.174251
pattern_12,A1850812_200_WN_4,6206935,4206935,22264,R9800BH,DT064,HIT EH5000,A-185-08-12,72.07,216.21,117.834696,117.834696,252.666702,30.878141,65.700333,0,363491.11,6591873.92,198.89,RIGHT,216.2,464,9/10/2025,12:52:09,12:59:53,2051.248705,R9800BH,250,42.0,6.0,35,252.666702,117.834696,38.253532,65.700333,30.878141,3080.618945,7114.908428
pattern_12,A1850812_200_WN_4,6206936,4206936,22264,R9800BH,DT049,HIT EH5000,A-185-08-12,44.1,206.09,104.599607,104.599607,232.184858,29.24006,57.122951,0,363488.56,6591871.85,199.23,LEFT,206.1,405,9/10/2025,12:59:53,13:06:38,2149.833942,R9800BH,250,42.0,6.0,35,232.184858,104.599607,41.22224,57.122951,29.24006,3195.332499,7353.345326
pattern_12,A1850812_200_WN_4,6206937,4206937,22264,R9800BH,DT006,CAT 793,A-185-08-12,54.3,208.74,116.076797,116.076797,266.227604,36.589944,73.015837,0,363488.25,6591874.2,199.09,LEFT,208.7,418,9/10/2025,13:06:38,13:13:36,1775.847623,R9800BH,225,42.0,6.0,35,266.227604,116.076797,40.545025,73.015837,36.589944,2822.628795,6510.015308
pattern_12,A1850812_200_WN_4,6206938,4206938,22264,R9800BH,DT005,CAT 793,A-185-08-12,42.67,206.05,97.877801,97.877801,222.871281,30.975587,55.320898,0,363488.61,6591877.02,198.66,STRAIGHT,206.0,497,9/10/2025,13:13:36,13:21:53,2054.818134,R9800BH,225,42.0,6.0,35,222.871281,97.877801,38.696994,55.320898,30.975587,3328.25881,7191.26003
pattern_12,A1850812_200_WN_5,6206939,4206939,22264,R9800BH,DT061,HIT EH5000,A-185-08-12,70.82,214.59,136.688583,136.688583,286.145677,42.334908,66.540444,0,363492.59,6591882.42,199.6,RIGHT,214.6,551,9/10/2025,13:21:53,13:31:04,1631.510938,R9800BH,250,42.0,6.0,35,286.145677,136.688583,40.581742,66.540444,42.334908,2699.700661,5615.377374
pattern_12,A1850812_200_WN_5,6206940,4206940,22264,R9800BH,DT011,CAT 793,A-185-08-12,40.25,204.11,120.30779,120.30779,263.467871,32.651272,65.377048,0,363490.5,6591883.05,198.66,RIGHT,204.1,443,9/10/2025,13:31:04,13:38:27,1724.587294,R9800BH,225,42.0,6.0,35,263.467871,120.30779,45.131761,65.377048,32.651272,2788.872547,5917.024636
pattern_12,A1850812_200_WN_5,6206941,4206941,22264,R9800BH,DT015,CAT 793,A-185-08-12,58.24,215.34,123.707864,123.707864,269.812976,41.090928,62.275224,0,363493.68,6591880.54,199.16,RIGHT,215.3,485,9/10/2025,13:38:27,13:46:32,1769.437585,R9800BH,225,42.0,6.0,35,269.812976,123.707864,42.73896,62.275224,41.090928,2873.218177,6081.789036
pattern_12,A1850812_200_WN_5,6206942,4206942,22264,R9800BH,DT051,HIT EH5000,A-185-08-12,40.22,217.98,128.635787,128.635787,279.30726,38.886558,64.678089,0,363490.0,6591879.95,199.79,LEFT,218.0,415,9/10/2025,13:46:32,13:53:27,1744.425383,R9800BH,250,42.0,6.0,35,279.30726,128.635787,47.106825,64.678089,38.886558,2809.583391,5843.933454
pattern_12,A1850812_200_WN_5,6206943,4206943,22264,R9800BH,DT049,HIT EH5000,A-185-08-12,53.43,218.96,117.507906,117.507906,267.655228,35.89053,65.68984,0,363488.35,6591884.4,199.21,LEFT,219.0,435,9/10/2025,13:53:27,14:00:42,1943.32652,R9800BH,250,42.0,6.0,35,267.655228,117.507906,48.566952,65.68984,35.89053,2945.066847,6125.739041
pattern_12,A1850812_200_WN_5,6206944,4206944,22264,R9800BH,DT038,CAT 793,A-185-08-12,54.19,219.88,136.875941,136.875941,279.056546,35.690189,63.619409,0,363488.14,6591880.49,198.46,LEFT,219.9,446,9/10/2025,14:00:42,14:08:08,1828.505142,R9800BH,225,42.0,6.0,35,279.056546,136.875941,42.871007,63.619409,35.690189,2836.613745,5900.156589
pattern_12,A1850812_200_WN_5,6206945,4206945,22264,R9800BH,DT004,CAT 793,A-185-08-12,57.29,210.3,124.823159,124.823159,285.44239,44.502548,75.395448,0,363492.15,6591883.67,198.5,RIGHT,210.3,502,9/10/2025,14:08:08,14:16:30,1618.455983,R9800BH,225,42.0,6.0,35,285.44239,124.823159,40.721235,75.395448,44.502548,2652.331804,5516.850153
pattern_12,A1850812_200_WN_5,6206946,4206946,22264,R9800BH,DT069,HIT EH5000,A-185-08-12,59.89,219.71,127.334213,127.334213,262.545489,37.235729,62.913887,0,363485.53,6591885.65,198.42,STRAIGHT,219.7,408,9/10/2025,14:16:30,14:23:18,1773.212068,R9800BH,250,42.0,6.0,35,262.545489,127.334213,35.061661,62.913887,37.235729,3012.614754,6266.238688
pattern_12,A1850812_200_WN_5,6206947,4206947,22264,R9800BH,DT048,HIT EH5000,A-185-08-12,41.7,203.55,123.151212,123.151212,266.776826,38.585985,60.26791,0,363493.13,6591882.55,198.88,STRAIGHT,203.5,502,9/10/2025,14:23:18,14:31:40,1685.755643,R9800BH,250,42.0,6.0,35,266.776826,123.151212,44.771719,60.26791,38.585985,2746.748382,5713.236634
pattern_12,A1850812_200_WN_5,6206948,4206948,22264,R9800BH,DT049,HIT EH5000,A-185-08-12,44.29,215.09,124.494059,124.494059,269.665019,37.643753,63.318465,0,363491.56,6591883.8,198.48,LEFT,215.1,501,9/10/2025,14:31:40,14:40:01,1912.692584,R9800BH,250,42.0,6.0,35,269.665019,124.494059,44.208742,63.318465,37.643753,2871.423167,5972.560188
pattern_12,A1850812_200_WN_5,6206949,4206949,22264,R9800BH,DT035,CAT 793,A-185-08-12,49.87,192.94,122.541275,122.541275,257.403825,33.461977,64.601545,0,363493.51,6591881.17,199.16,RIGHT,192.9,507,9/10/2025,14:40:01,14:48:28,1646.32284,R9800BH,225,42.0,6.0,35,257.403825,122.541275,36.799028,64.601545,33.461977,2698.402383,5612.676957
pattern_12,A1850812_200_WN_1,6206950,4206950,22264,R9800BH,DT082,HIT EH5000,A-185-08-12,51.07,237.68,74.051842,74.051842,209.770696,34.654059,62.695259,0,363496.9,6591841.1,198.97,STRAIGHT,237.7,410,9/10/2025,14:48:28,14:55:18,2793.373793,R9800BH,250,42.0,6.0,35,209.770696,74.051842,38.369536,62.695259,34.654059,4078.899616,10960.298786
pattern_12,A1850812_200_WN_1,6206951,4206951,22264,R9800BH,DT047,HIT EH5000,A-185-08-12,51.57,230.53,71.760042,71.760042,203.476929,36.027999,52.667895,0,363493.86,6591836.85,199.28,STRAIGHT,230.5,431,9/10/2025,14:55:18,15:02:29,2708.533241,R9800BH,250,42.0,6.0,35,203.476929,71.760042,43.020993,52.667895,36.027999,4078.702206,10837.255746
pattern_12,A1850812_200_WN_1,6206952,4206952,22264,R9800BH,DT073,HIT EH5000,A-185-08-12,46.23,226.54,86.039864,86.039864,229.243087,39.219989,66.215729,0,363494.12,6591840.28,199.79,RIGHT,226.5,422,9/10/2025,15:02:29,15:09:31,2429.937748,R9800BH,250,42.0,6.0,35,229.243087,86.039864,37.767504,66.215729,39.219989,3557.568197,9798.75243
pattern_12,A1850812_200_WN_1,6206953,4206953,22264,R9800BH,DT044,CAT 793,A-185-08-12,58.35,238.76,81.634801,81.634801,221.639911,37.851873,57.58865,0,363495.77,6591841.67,199.92,RIGHT,238.8,390,9/10/2025,15:09:31,15:16:01,2766.277385,R9800BH,225,42.0,6.0,35,221.639911,81.634801,44.564586,57.58865,37.851873,3878.007597,9821.657873
pattern_12,A1850812_200_WN_1,6206954,4206954,22264,R9800BH,DT089,HIT EH5000,A-185-08-12,76.67,249.88,75.068479,75.068479,212.622286,42.837029,57.962149,0,363494.58,6591845.3,199.47,RIGHT,249.9,424,9/10/2025,15:16:01,15:23:05,2900.884669,R9800BH,250,42.0,6.0,35,212.622286,75.068479,36.754629,57.962149,42.837029,4230.882922,11071.059554
pattern_12,A1850812_200_WN_1,6206955,4206955,22264,R9800BH,DT022,CAT 793,A-185-08-12,73.38,238.57,68.077714,68.077714,213.397597,35.210128,67.175692,0,363495.33,6591843.02,199.69,RIGHT,238.6,310,9/10/2025,15:23:05,15:28:15,2651.0124,R9800BH,225,42.0,6.0,35,213.397597,68.077714,42.934063,67.175692,35.210128,4024.634824,10955.608437
pattern_12,A1850812_200_WN_1,6206956,4206956,22264,R9800BH,DT048,HIT EH5000,A-185-08-12,55.78,258.72,70.381933,70.381933,203.492352,33.491593,58.573178,0,363490.92,6591837.33,199.16,STRAIGHT,258.7,347,9/10/2025,15:28:15,15:34:02,3066.035568,R9800BH,250,42.0,6.0,35,203.492352,70.381933,41.045648,58.573178,33.491593,4577.063142,12366.884971
pattern_12,A1850812_200_WN_1,6206957,4206957,22264,R9800BH,DT031,CAT 793,A-185-08-12,64.17,242.25,69.021701,69.021701,210.339324,35.066305,62.953094,0,363497.66,6591835.86,199.48,LEFT,242.2,366,9/10/2025,15:34:02,15:40:08,2900.606047,R9800BH,225,42.0,6.0,35,210.339324,69.021701,43.298224,62.953094,35.066305,4146.086831,10970.452764
pattern_12,A1850812_200_WN_1,6206958,4206958,22264,R9800BH,DT072,HIT EH5000,A-185-08-12,69.76,231.92,70.537833,70.537833,199.72243,37.806491,57.741563,0,363495.75,6591843.34,199.67,LEFT,231.9,382,9/10/2025,15:40:08,15:46:30,2728.669754,R9800BH,250,42.0,6.0,35,199.72243,70.537833,33.636542,57.741563,37.806491,4180.327147,11151.767848
pattern_12,A1850812_200_WN_1,6206959,4206959,22264,R9800BH,DT066,HIT EH5000,A-185-08-12,65.68,244.63,68.730516,68.730516,208.810385,40.889555,63.457684,0,363494.07,6591839.29,198.77,RIGHT,244.6,364,9/10/2025,15:46:30,15:52:34,2759.483774,R9800BH,250,42.0,6.0,35,208.810385,68.730516,35.732629,63.457684,40.889555,4217.575268,11623.568173
pattern_12,A1850812_200_WN_5,6206960,4206960,22264,R9800BH,DT081,HIT EH5000,A-185-08-12,34.59,197.6,106.09247,106.09247,255.804089,36.461171,67.179476,0,363491.78,6591892.78,199.86,STRAIGHT,197.6,410,9/10/2025,15:52:34,15:59:24,1725.468458,R9800BH,250,42.0,6.0,35,255.804089,106.09247,46.070972,67.179476,36.461171,2780.84628,6473.900563
pattern_12,A1850812_200_WN_5,6206961,4206961,22264,R9800BH,DT070,HIT EH5000,A-185-08-12,44.87,204.93,117.182627,117.182627,259.975486,34.948911,61.26236,0,363494.61,6591891.45,199.07,LEFT,204.9,443,9/10/2025,15:59:24,16:06:47,1829.61116,R9800BH,250,42.0,6.0,35,259.975486,117.182627,46.581588,61.26236,34.948911,2837.794372,6484.70492
pattern_12,A1850812_200_WN_5,6206962,4206962,22264,R9800BH,DT051,HIT EH5000,A-185-08-12,65.19,195.57,111.007138,111.007138,250.848044,33.50822,58.340621,0,363493.75,6591895.15,198.19,STRAIGHT,195.6,425,9/10/2025,16:06:47,16:13:52,1731.215995,R9800BH,250,42.0,6.0,35,250.848044,111.007138,47.992065,58.340621,33.50822,2806.685815,6532.315147
pattern_12,A1850812_200_WN_5,6206963,4206963,22264,R9800BH,DT088,HIT EH5000,A-185-08-12,64.48,215.18,95.214676,95.214676,232.705908,38.451314,59.083109,0,363487.59,6591890.61,199.31,RIGHT,215.2,462,9/10/2025,16:13:52,16:21:34,2229.134761,R9800BH,250,42.0,6.0,35,232.705908,95.214676,39.956809,59.083109,38.451314,3328.900153,7214.347098
pattern_12,A1850812_200_WN_5,6206964,4206964,22264,R9800BH,DT064,HIT EH5000,A-185-08-12,52.56,209.75,115.71765,115.71765,249.58425,37.094855,59.115212,0,363490.51,6591890.55,199.65,STRAIGHT,209.8,427,9/10/2025,16:21:34,16:28:41,2074.002727,R9800BH,250,42.0,6.0,35,249.58425,115.71765,37.656533,59.115212,37.094855,3025.451253,6626.737845
pattern_12,A1850812_200_WN_5,6206965,4206965,22264,R9800BH,DT051,HIT EH5000,A-185-08-12,65.71,233.22,117.387374,117.387374,253.099385,35.710288,61.251582,0,363486.79,6591891.23,198.73,STRAIGHT,233.2,415,9/10/2025,16:28:41,16:35:36,2095.889677,R9800BH,250,42.0,6.0,35,253.099385,117.387374,38.750141,61.251582,35.710288,3317.286369,7688.567919
pattern_12,A1850812_200_WN_5,6206966,4206966,22264,R9800BH,DT061,HIT EH5000,A-185-08-12,59.4,246.42,120.329763,120.329763,261.453441,35.436749,65.823197,0,363491.32,6591893.19,199.18,STRAIGHT,246.4,456,9/10/2025,16:35:36,16:43:12,1948.831337,R9800BH,250,42.0,6.0,35,261.453441,120.329763,39.863731,65.823197,35.436749,3393.038278,7555.310892
pattern_12,A1850812_200_WN_5,6206967,4206967,22264,R9800BH,DT054,HIT EH5000,A-185-08-12,64.5,258.39,98.702558,98.702558,257.654795,39.248455,73.462505,0,363490.0,6591890.71,198.61,RIGHT,258.4,409,9/10/2025,16:43:12,16:50:01,2200.602002,R9800BH,250,42.0,6.0,35,257.654795,98.702558,46.241277,73.462505,39.248455,3610.255122,8691.332505
pattern_12,A1850812_200_WN_5,6206968,4206968,22264,R9800BH,DT005,CAT 793,A-185-08-12,57.88,244.52,132.135976,132.135976,285.283888,37.20147,68.433481,0,363490.15,6591888.52,198.79,STRAIGHT,244.5,468,9/10/2025,16:50:01,16:57:49,2005.925621,R9800BH,225,42.0,6.0,35,285.283888,132.135976,47.512961,68.433481,37.20147,3085.635908,6955.235804
pattern_12,A1850812_200_WN_5,6206969,4206969,22264,R9800BH,DT087,HIT EH5000,A-185-08-12,64.59,228.43,112.714892,112.714892,256.474811,40.005178,56.412482,0,363489.93,6591895.71,199.31,RIGHT,228.4,387,9/10/2025,16:57:49,17:04:16,2303.709784,R9800BH,250,42.0,6.0,35,256.474811,112.714892,47.342258,56.412482,40.005178,3206.382348,7361.109741
pattern_12,A1850812_200_WN_1,6206970,4206970,22264,R9800BH,DT088,HIT EH5000,A-185-08-12,71.15,279.19,64.388945,64.388945,202.230319,29.595304,68.75124,0,363498.32,6591846.92,199.49,LEFT,279.2,374,9/10/2025,17:04:16,17:10:30,3463.07059,R9800BH,250,42.0,6.0,35,202.230319,64.388945,39.49483,68.75124,29.595304,4970.067098,13995.744683
pattern_12,A1850812_200_WN_1,6206971,4206971,22264,R9800BH,DT072,HIT EH5000,A-185-08-12,63.0,247.4,73.480475,73.480475,199.899531,31.956776,55.349241,0,363498.56,6591848.12,198.99,LEFT,247.4,369,9/10/2025,17:10:30,17:16:39,2759.621965,R9800BH,250,42.0,6.0,35,199.899531,73.480475,39.113039,55.349241,31.956776,4455.44961,12037.862459
pattern_12,A1850812_200_WN_1,6206972,4206972,22264,R9800BH,DT068,HIT EH5000,A-185-08-12,64.11,236.45,61.651987,61.651987,207.52845,41.762051,61.160169,0,363495.65,6591851.84,199.56,LEFT,236.5,331,9/10/2025,17:16:39,17:22:10,2962.254802,R9800BH,250,42.0,6.0,35,207.52845,61.651987,42.954243,61.160169,41.762051,4101.784009,11453.271565
pattern_12,A1850812_200_WN_1,6206973,4206973,22264,R9800BH,DT054,HIT EH5000,A-185-08-12,62.78,251.28,64.604274,64.604274,200.038029,39.71618,50.710064,0,363493.36,6591849.8,198.83,RIGHT,251.3,394,9/10/2025,17:22:10,17:28:44,3099.43993,R9800BH,250,42.0,6.0,35,200.038029,64.604274,45.00751,50.710064,39.71618,4522.157748,12180.916884
pattern_12,A1850812_200_WN_1,6206974,4206974,22264,R9800BH,DT046,CAT 793,A-185-08-12,58.45,237.15,66.515896,66.515896,197.292937,27.323897,67.605084,0,363497.77,6591848.22,199.7,RIGHT,237.1,335,9/10/2025,17:28:44,17:34:19,2574.434656,R9800BH,225,42.0,6.0,35,197.292937,66.515896,35.84806,67.605084,27.323897,4327.247247,11982.212741
pattern_12,A1850812_200_WN_1,6206975,4206975,22264,R9800BH,DT074,HIT EH5000,A-185-08-12,64.21,218.32,61.247987,61.247987,202.555978,39.247371,59.732565,0,363494.14,6591847.43,199.19,LEFT,218.3,303,9/10/2025,17:34:19,17:39:22,2563.743806,R9800BH,250,42.0,6.0,35,202.555978,61.247987,42.328056,59.732565,39.247371,3880.16193,10726.83579
pattern_12,A1850812_200_WN_1,6206976,4206976,22264,R9800BH,DT044,CAT 793,A-185-08-12,50.45,232.91,59.515138,59.515138,195.415022,30.085247,62.36428,0,363496.09,6591846.97,199.92,LEFT,232.9,372,9/10/2025,17:39:22,17:45:34,2911.716247,R9800BH,225,42.0,6.0,35,195.415022,59.515138,43.450356,62.36428,30.085247,4290.832239,12100.146914
pattern_12,A1850812_200_WN_1,6206977,4206977,22264,R9800BH,DT016,CAT 793,A-185-08-12,58.75,217.4,64.541835,64.541835,197.78321,36.258199,55.024939,0,363498.33,6591851.2,199.08,STRAIGHT,217.4,362,9/10/2025,17:45:34,17:51:36,2819.930169,R9800BH,225,42.0,6.0,35,197.78321,64.541835,41.958237,55.024939,36.258199,3957.114054,11054.68354
pattern_12,A1850812_200_WN_1,6206978,4206978,22264,R9800BH,DT015,CAT 793,A-185-08-12,65.23,226.52,54.715778,54.715778,189.273036,33.078473,56.81391,0,363499.15,6591846.24,198.84,STRAIGHT,226.5,307,9/10/2025,17:51:36,17:56:43,2838.011928,R9800BH,225,42.0,6.0,35,189.273036,54.715778,44.664874,56.81391,33.078473,4308.454198,11745.211754
pattern_12,A1850812_200_WN_3,6206979,4206979,22264,R9800BH,DT088,HIT EH5000,A-185-08-12,57.42,196.26,94.148365,94.148365,246.511342,42.570413,65.52583,0,363491.76,6591856.47,199.27,STRAIGHT,196.3,399,9/10/2025,17:56:43,18:03:22,1847.543167,R9800BH,250,42.0,6.0,35,246.511342,94.148365,44.266734,65.52583,42.570413,2866.119231,7122.220869
pattern_12,A1850812_200_WN_3,6206980,4206980,22264,R9800BH,DT054,HIT EH5000,A-185-08-12,47.71,198.64,80.841508,80.841508,220.926219,36.907409,59.828424,0,363495.58,6591859.1,198.33,RIGHT,198.6,400,9/10/2025,18:03:22,18:10:02,2317.096686,R9800BH,250,42.0,6.0,35,220.926219,80.841508,43.348879,59.828424,36.907409,3236.853313,8063.500523
pattern_12,A1850812_200_WN_3,6206981,4206981,22264,R9800BH,DT045,CAT 793,A-185-08-12,46.03,206.9,83.325458,83.325458,226.612607,40.722778,62.828158,0,363492.33,6591857.48,199.18,LEFT,206.9,400,9/10/2025,18:10:02,18:16:42,2051.176733,R9800BH,225,42.0,6.0,35,226.612607,83.325458,39.736212,62.828158,40.722778,3286.808772,8534.668808
pattern_12,A1850812_200_WN_3,6206982,4206982,22264,R9800BH,DT018,CAT 793,A-185-08-12,79.46,238.39,88.144253,88.144253,224.385802,36.442795,56.653252,0,363493.98,6591857.6,199.47,STRAIGHT,238.4,381,9/10/2025,18:16:42,18:23:03,2661.270354,R9800BH,225,42.0,6.0,35,224.385802,88.144253,43.145502,56.653252,36.442795,3824.738298,9616.935539
pattern_12,A1850812_200_WN_3,6206983,4206983,22264,R9800BH,DT078,HIT EH5000,A-185-08-12,54.62,261.62,81.179961,81.179961,223.026299,36.417943,63.716025,0,363496.78,6591856.46,198.52,LEFT,261.6,352,9/10/2025,18:23:03,18:28:55,2613.337269,R9800BH,250,42.0,6.0,35,223.026299,81.179961,41.712371,63.716025,36.417943,4222.969242,10810.87996
pattern_12,A1850812_200_WN_3,6206984,4206984,22264,R9800BH,DT055,HIT EH5000,A-185-08-12,50.3,231.29,81.757623,81.757623,216.673528,30.49327,57.396102,0,363497.64,6591854.23,199.27,LEFT,231.3,396,9/10/2025,18:28:55,18:35:31,2794.476255,R9800BH,250,42.0,6.0,35,216.673528,81.757623,47.026533,57.396102,30.49327,3842.798186,9581.06687
pattern_12,A1850812_200_WN_3,6206985,4206985,22264,R9800BH,DT064,HIT EH5000,A-185-08-12,49.42,231.74,86.189226,86.189226,217.235031,36.245423,61.445411,0,363498.24,6591856.71,198.7,LEFT,231.7,363,9/10/2025,18:35:31,18:41:34,2726.499676,R9800BH,250,42.0,6.0,35,217.235031,86.189226,33.354972,61.445411,36.245423,3840.319163,9917.887166
pattern_12,A1850812_200_WN_3,6206986,4206986,22264,R9800BH,DT077,HIT EH5000,A-185-08-12,68.39,244.47,92.019767,92.019767,235.042021,40.771009,67.668288,0,363494.42,6591857.82,199.25,STRAIGHT,244.5,358,9/10/2025,18:41:34,18:47:32,2531.106607,R9800BH,250,42.0,6.0,35,235.042021,92.019767,34.582956,67.668288,40.771009,3744.327944,9272.356105
pattern_12,A1850812_200_WN_3,6206987,4206987,22264,R9800BH,DT073,HIT EH5000,A-185-08-12,49.63,238.62,90.732794,90.732794,230.385472,36.787419,59.422271,0,363492.71,6591857.07,199.32,STRAIGHT,238.6,336,9/10/2025,18:47:32,18:53:08,2535.907193,R9800BH,250,42.0,6.0,35,230.385472,90.732794,43.442988,59.422271,36.787419,3728.599351,9229.68788
pattern_12,A1850812_200_WN_3,6206988,4206988,22264,R9800BH,DT006,CAT 793,A-185-08-12,53.27,227.66,86.649577,86.649577,219.007914,32.897779,57.822544,0,363499.02,6591855.1,198.86,RIGHT,227.7,333,9/10/2025,18:53:08,18:58:41,2603.549344,R9800BH,225,42.0,6.0,35,219.007914,86.649577,41.638014,57.822544,32.897779,3742.187676,9207.807367
pattern_12,A1850812_200_WN_3,6206989,4206989,22264,R9800BH,DT063,HIT EH5000,A-185-08-12,60.11,212.87,102.121832,102.121832,256.396446,41.954338,63.958387,0,363498.93,6591862.1,198.59,STRAIGHT,212.9,403,9/10/2025,18:58:41,19:05:24,2035.040016,R9800BH,250,42.0,6.0,35,256.396446,102.121832,48.361889,63.958387,41.954338,2988.856602,6989.305805
pattern_12,A1850812_200_WN_3,6206990,4206990,22264,R9800BH,DT063,HIT EH5000,A-185-08-12,46.63,191.5,98.815133,98.815133,236.033106,32.946546,62.186902,0,363494.7,6591865.99,199.32,STRAIGHT,191.5,483,9/10/2025,19:05:24,19:13:27,1866.807298,R9800BH,250,42.0,6.0,35,236.033106,98.815133,42.084526,62.186902,32.946546,2920.747295,6665.29173
pattern_12,A1850812_200_WN_3,6206991,4206991,22264,R9800BH,DT052,HIT EH5000,A-185-08-12,47.92,192.13,92.671642,92.671642,225.340887,32.261913,61.270596,0,363495.59,6591864.57,199.62,RIGHT,192.1,421,9/10/2025,19:13:27,19:20:28,2224.386597,R9800BH,250,42.0,6.0,35,225.340887,92.671642,39.136736,61.270596,32.261913,3069.358157,7248.699677
pattern_12,A1850812_200_WN_3,6206992,4206992,22264,R9800BH,DT006,CAT 793,A-185-08-12,52.22,204.35,93.667639,93.667639,230.455417,34.749836,55.744504,0,363497.22,6591867.04,199.0,STRAIGHT,204.3,345,9/10/2025,19:20:28,19:26:13,1938.295519,R9800BH,225,42.0,6.0,35,230.455417,93.667639,46.293437,55.744504,34.749836,3192.189741,7567.795568
pattern_12,A1850812_200_WN_3,6206993,4206993,22264,R9800BH,DT033,CAT 793,A-185-08-12,45.86,192.13,86.649509,86.649509,223.686805,37.398273,60.117344,0,363494.05,6591861.33,198.65,RIGHT,192.1,358,9/10/2025,19:26:13,19:32:11,2069.394268,R9800BH,225,42.0,6.0,35,223.686805,86.649509,39.52168,60.117344,37.398273,3092.167122,7402.339419
pattern_12,A1850812_200_WN_3,6206994,4206994,22264,R9800BH,DT016,CAT 793,A-185-08-12,54.61,205.4,89.921408,89.921408,229.827687,38.909719,61.561817,0,363494.1,6591861.81,199.1,STRAIGHT,205.4,378,9/10/2025,19:32:11,19:38:29,2197.661611,R9800BH,225,42.0,6.0,35,229.827687,89.921408,39.434743,61.561817,38.909719,3217.385835,7420.403427
pattern_12,A1850812_200_WN_3,6206995,4206995,22264,R9800BH,DT086,HIT EH5000,A-185-08-12,71.45,238.18,101.231755,101.231755,249.427399,40.300522,63.117008,0,363494.27,6591864.18,198.36,LEFT,238.2,392,9/10/2025,19:38:29,19:45:01,2113.209066,R9800BH,250,42.0,6.0,35,249.427399,101.231755,44.778114,63.117008,40.300522,3437.615789,7721.577536
pattern_12,A1850812_200_WN_3,6206996,4206996,22264,R9800BH,DT060,HIT EH5000,A-185-08-12,52.32,221.33,93.497939,93.497939,232.639931,37.592761,60.645559,0,363498.64,6591868.32,199.16,LEFT,221.3,500,9/10/2025,19:45:01,19:53:21,2123.447375,R9800BH,250,42.0,6.0,35,232.639931,93.497939,40.903673,60.645559,37.592761,3425.000752,8100.839676
pattern_12,A1850812_200_WN_3,6206997,4206997,22264,R9800BH,DT047,HIT EH5000,A-185-08-12,56.91,229.66,82.925633,82.925633,225.087055,36.035773,61.335149,0,363497.63,6591865.21,198.11,LEFT,229.7,353,9/10/2025,19:53:21,19:59:14,2380.161024,R9800BH,250,42.0,6.0,35,225.087055,82.925633,44.7905,61.335149,36.035773,3673.141538,8798.580393
pattern_12,A1850812_200_WN_3,6206998,4206998,22264,R9800BH,DT068,HIT EH5000,A-185-08-12,65.5,230.1,87.308233,87.308233,215.696104,32.445637,55.44666,0,363497.56,6591863.19,198.41,RIGHT,230.1,341,9/10/2025,19:59:14,20:04:55,2556.140177,R9800BH,250,42.0,6.0,35,215.696104,87.308233,40.495573,55.44666,32.445637,3840.448555,9513.636875
pattern_12,A1850812_200_WN_4,6206999,4206999,22264,R9800BH,DT027,CAT 793,A-185-08-12,47.09,215.75,109.826337,109.826337,257.947091,37.802616,63.108571,0,363495.16,6591873.98,199.56,STRAIGHT,215.8,368,9/10/2025,20:04:55,20:11:03,1900.177421,R9800BH,225,42.0,6.0,35,257.947091,109.826337,47.209567,63.108571,37.802616,3011.118718,6993.315405
pattern_12,A1850812_200_WN_4,6207000,4207000,22264,R9800BH,DT066,HIT EH5000,A-185-08-12,57.65,228.14,114.997273,114.997273,264.491168,36.220668,74.5438,0,363499.4,6591872.05,198.99,RIGHT,228.1,429,9/10/2025,20:11:03,20:18:12,2241.292028,R9800BH,250,42.0,6.0,35,264.491168,114.997273,38.729427,74.5438,36.220668,3105.271707,7209.496739
pattern_12,A1850812_200_WN_4,6207001,4207001,22264,R9800BH,DT016,CAT 793,A-185-08-12,59.57,234.78,112.453653,112.453653,265.142502,34.45842,66.550708,0,363496.59,6591871.62,198.85,LEFT,234.8,461,9/10/2025,20:18:12,20:25:53,2022.272495,R9800BH,225,42.0,6.0,35,265.142502,112.453653,51.67972,66.550708,34.45842,3187.792417,7932.763212
pattern_12,A1850812_200_WN_4,6207002,4207002,22264,R9800BH,DT054,HIT EH5000,A-185-08-12,56.96,237.14,119.539744,119.539744,260.462816,31.905643,63.033303,0,363495.91,6591874.97,199.38,LEFT,237.1,397,9/10/2025,20:25:53,20:32:30,2041.45755,R9800BH,250,42.0,6.0,35,260.462816,119.539744,45.984126,63.033303,31.905643,3277.624583,7273.228691
pattern_12,A1850812_200_WN_4,6207003,4207003,22264,R9800BH,DT018,CAT 793,A-185-08-12,63.66,227.69,93.096455,93.096455,226.629505,32.766614,62.430956,0,363498.89,6591871.68,198.77,RIGHT,227.7,427,9/10/2025,20:32:30,20:39:37,2143.621717,R9800BH,225,42.0,6.0,35,226.629505,93.096455,38.335481,62.430956,32.766614,3616.889149,8437.843396
pattern_12,A1850812_200_WN_4,6207004,4207004,22264,R9800BH,DT072,HIT EH5000,A-185-08-12,51.18,227.92,111.82055,111.82055,247.579737,39.966087,54.566853,0,363495.54,6591871.65,199.39,LEFT,227.9,458,9/10/2025,20:39:37,20:47:15,2331.517693,R9800BH,250,42.0,6.0,35,247.579737,111.82055,41.226248,54.566853,39.966087,3314.11495,7796.173037
pattern_12,A1850812_200_WN_4,6207005,4207005,22264,R9800BH,DT042,CAT 793,A-185-08-12,54.71,220.48,100.542632,100.542632,238.667337,33.0929,64.667158,0,363496.74,6591871.69,198.88,LEFT,220.5,361,9/10/2025,20:47:15,20:53:16,2386.013713,R9800BH,225,42.0,6.0,35,238.667337,100.542632,40.364647,64.667158,33.0929,3325.680729,7638.857663
pattern_12,A1850812_200_WN_4,6207006,4207006,22264,R9800BH,DT021,CAT 793,A-185-08-12,58.79,228.67,109.600456,109.600456,238.6951,31.764709,55.708173,0,363497.94,6591871.55,198.31,LEFT,228.7,434,9/10/2025,20:53:16,21:00:30,2047.889483,R9800BH,225,42.0,6.0,35,238.6951,109.600456,41.621762,55.708173,31.764709,3448.873188,8064.995172
pattern_12,A1850812_200_WN_4,6207007,4207007,22264,R9800BH,DT018,CAT 793,A-185-08-12,44.53,205.33,110.039894,110.039894,258.847709,36.06586,63.886347,0,363495.1,6591871.65,199.96,RIGHT,205.3,472,9/10/2025,21:00:30,21:08:22,2009.243067,R9800BH,225,42.0,6.0,35,258.847709,110.039894,48.855608,63.886347,36.06586,2855.689759,6902.643632
pattern_12,A1850812_200_WN_5,6207008,4207008,22264,R9800BH,DT029,CAT 793,A-185-08-12,67.36,202.09,111.987993,111.987993,249.113926,35.528406,63.079583,0,363497.17,6591879.2,199.28,STRAIGHT,202.1,412,9/10/2025,21:08:22,21:15:14,1798.85996,R9800BH,225,42.0,6.0,35,249.113926,111.987993,38.517944,63.079583,35.528406,2920.385301,6140.869699
pattern_12,A1850812_200_WN_5,6207009,4207009,22264,R9800BH,DT026,CAT 793,A-185-08-12,68.75,206.25,116.297748,116.297748,259.108756,39.608706,65.866839,0,363498.23,6591877.98,199.63,STRAIGHT,206.2,398,9/10/2025,21:15:14,21:21:52,1903.641086,R9800BH,225,42.0,6.0,35,259.108756,116.297748,37.335463,65.866839,39.608706,2865.586793,5960.42053
pattern_12,A1850812_200_WN_5,6207010,4207010,22264,R9800BH,DT053,HIT EH5000,A-185-08-12,49.12,209.55,128.290719,128.290719,260.591842,36.106568,54.652895,0,363497.48,6591877.68,199.41,RIGHT,209.5,389,9/10/2025,21:21:52,21:28:21,1876.891899,R9800BH,250,42.0,6.0,35,260.591842,128.290719,41.54166,54.652895,36.106568,2894.803055,6140.824833
pattern_12,A1850812_200_WN_5,6207011,4207011,22264,R9800BH,DT058,HIT EH5000,A-185-08-12,66.89,200.68,115.339533,115.339533,254.92882,36.461551,61.834407,0,363499.54,6591879.24,199.04,STRAIGHT,200.7,487,9/10/2025,21:28:21,21:36:28,1804.352943,R9800BH,250,42.0,6.0,35,254.92882,115.339533,41.293327,61.834407,36.461551,2833.960096,5894.636999
pattern_12,A1850812_200_WN_5,6207012,4207012,22264,R9800BH,DT073,HIT EH5000,A-185-08-12,41.36,197.44,113.332292,113.332292,242.821495,36.063734,50.400168,0,363497.37,6591881.31,199.41,LEFT,197.4,423,9/10/2025,21:36:28,21:43:31,1763.636567,R9800BH,250,42.0,6.0,35,242.821495,113.332292,43.025301,50.400168,36.063734,2927.14108,6416.680107
pattern_12,A1850812_200_WN_5,6207013,4207013,22264,R9800BH,DT009,CAT 793,A-185-08-12,54.05,208.72,129.8384,129.8384,282.818939,38.605418,67.355668,0,363494.11,6591879.5,199.19,LEFT,208.7,520,9/10/2025,21:43:31,21:52:11,1708.694398,R9800BH,225,42.0,6.0,35,282.818939,129.8384,47.019453,67.355668,38.605418,2656.750056,5956.451484
pattern_12,A1850812_200_CN_5,6207014,4207014,22264,R9800BH,DT066,HIT EH5000,A-185-08-12,50.07,194.54,129.083833,129.083833,279.178508,40.615991,69.632899,0,363499.96,6591881.01,198.3,STRAIGHT,194.5,444,9/10/2025,21:52:11,21:59:35,1590.220996,R9800BH,250,42.0,6.0,35,279.178508,129.083833,39.845785,69.632899,40.615991,2508.578268,5558.780593
pattern_12,A1850812_200_WN_5,6207015,4207015,22264,R9800BH,DT066,HIT EH5000,A-185-08-12,52.39,213.09,106.089475,106.089475,257.540786,38.574501,62.89062,0,363495.28,6591879.08,198.6,LEFT,213.1,485,9/10/2025,21:59:35,22:07:40,1907.495726,R9800BH,250,42.0,6.0,35,257.540786,106.089475,49.98619,62.89062,38.574501,2978.706506,6324.451746
pattern_12,A1850812_200_CN_5,6207016,4207016,22264,R9800BH,DT049,HIT EH5000,A-185-08-12,61.9,223.68,109.694176,109.694176,245.77228,31.767725,68.713462,0,363500.83,6591878.1,199.09,RIGHT,223.7,434,9/10/2025,22:07:40,22:14:54,2062.581165,R9800BH,250,42.0,6.0,35,245.77228,109.694176,35.596917,68.713462,31.767725,3276.358818,6814.826342
pattern_12,A1850812_200_WN_5,6207017,4207017,22264,R9800BH,DT048,HIT EH5000,A-185-08-12,48.26,216.28,112.182519,112.182519,253.887474,34.395917,66.242509,0,363497.48,6591880.41,198.76,STRAIGHT,216.3,442,9/10/2025,22:14:54,22:22:16,1818.277088,R9800BH,250,42.0,6.0,35,253.887474,112.182519,41.06653,66.242509,34.395917,3066.708583,6455.18934
pattern_12,A1850812_200_WN_5,6207018,4207018,22264,R9800BH,DT067,HIT EH5000,A-185-08-12,43.99,225.32,111.951376,111.951376,268.673634,41.273381,68.421806,0,363493.61,6591879.95,198.82,LEFT,225.3,462,9/10/2025,22:22:16,22:29:58,1902.087951,R9800BH,250,42.0,6.0,35,268.673634,111.951376,47.02707,68.421806,41.273381,3019.141301,6370.217152
pattern_12,A1850812_200_WN_5,6207019,4207019,22264,R9800BH,DT073,HIT EH5000,A-185-08-12,53.63,211.69,140.258731,140.258731,281.716488,38.035556,71.93799,0,363498.76,6591885.73,198.53,LEFT,211.7,507,9/10/2025,22:29:58,22:38:25,1564.184871,R9800BH,250,42.0,6.0,35,281.716488,140.258731,31.48421,71.93799,38.035556,2705.142127,5626.695624
pattern_12,A1850812_200_WN_5,6207020,4207020,22264,R9800BH,DT084,HIT EH5000,A-185-08-12,49.37,212.64,123.699153,123.699153,271.681515,38.988707,64.367687,0,363496.22,6591886.27,198.34,STRAIGHT,212.6,832,9/10/2025,22:38:25,22:52:17,1541.35186,R9800BH,250,42.0,6.0,35,271.681515,123.699153,44.625968,64.367687,38.988707,2817.682363,6111.622184
pattern_12,A1850812_200_WN_5,6207021,4207021,22264,R9800BH,DT030,CAT 793,A-185-08-12,38.65,220.96,127.453912,127.453912,281.429905,34.88822,70.337238,0,363498.9,6591886.99,198.99,STRAIGHT,221.0,457,9/10/2025,22:52:17,22:59:54,1624.847719,R9800BH,225,42.0,6.0,35,281.429905,127.453912,48.750535,70.337238,34.88822,2826.421839,5878.957425
pattern_12,A1850812_200_WN_5,6207022,4207022,22264,R9800BH,DT001,CAT 793,A-185-08-12,61.24,219.95,136.614807,136.614807,267.72034,34.4945,59.80774,0,363496.45,6591887.9,199.26,LEFT,220.0,431,9/10/2025,22:59:54,23:07:05,1881.267682,R9800BH,225,42.0,6.0,35,267.72034,136.614807,36.803293,59.80774,34.4945,2957.678339,6151.970946
pattern_12,A1850812_200_WN_5,6207023,4207023,22264,R9800BH,DT068,HIT EH5000,A-185-08-12,58.54,201.4,116.947024,116.947024,261.687267,40.810941,57.023605,0,363497.59,6591887.58,199.45,LEFT,201.4,482,9/10/2025,23:07:05,23:15:07,1621.929128,R9800BH,250,42.0,6.0,35,261.687267,116.947024,46.905697,57.023605,40.810941,2770.591993,5762.831344
pattern_12,A1850812_200_CN_5,6207024,4207024,22264,R9800BH,DT073,HIT EH5000,A-185-08-12,46.33,203.66,119.274687,119.274687,270.605913,44.553422,61.102755,0,363500.71,6591885.76,198.53,LEFT,203.7,451,9/10/2025,23:15:07,23:22:38,1647.30004,R9800BH,250,42.0,6.0,35,270.605913,119.274687,45.675048,61.102755,44.553422,2709.329651,5654.371983
pattern_12,A1850812_200_WN_5,6207025,4207025,22264,R9800BH,DT090,HIT EH5000,A-185-08-12,58.99,201.3,133.865098,133.865098,288.982977,48.174198,65.759953,0,363497.95,6591889.44,199.3,STRAIGHT,201.3,472,9/10/2025,23:22:38,23:30:30,1629.746691,R9800BH,250,42.0,6.0,35,288.982977,133.865098,41.183727,65.759953,48.174198,2507.63437,5215.87949
pattern_12,A1850812_200_WN_5,6207026,4207026,22264,R9800BH,DT069,HIT EH5000,A-185-08-12,56.06,206.57,119.549411,119.549411,269.176593,33.725069,68.659751,0,363494.63,6591888.24,200.08,RIGHT,206.6,493,9/10/2025,23:30:30,23:38:43,1917.199947,R9800BH,250,42.0,6.0,35,269.176593,119.549411,47.242363,68.659751,33.725069,2762.687057,5973.503226
pattern_12,A1850812_200_WN_5,6207027,4207027,22264,R9800BH,DT023,CAT 793,A-185-08-12,67.52,202.57,102.508963,102.508963,247.804486,32.128544,61.442129,0,363498.52,6591891.2,198.63,LEFT,202.6,406,9/10/2025,23:38:43,23:45:29,1799.888416,R9800BH,225,42.0,6.0,35,247.804486,102.508963,51.724849,61.442129,32.128544,2942.880673,6121.191799
pattern_12,A1850812_200_WN_5,6207028,4207028,22264,R9800BH,DT067,HIT EH5000,A-185-08-12,44.74,223.41,126.606645,126.606645,281.539504,37.182736,71.289478,0,363497.2,6591886.02,199.4,RIGHT,223.4,500,9/10/2025,23:45:29,23:53:49,1679.123528,R9800BH,250,42.0,6.0,35,281.539504,126.606645,46.460645,71.289478,37.182736,2856.736251,6220.000711
pattern_12,A1850812_200_WN_5,6207029,4207029,22264,R9800BH,DT078,HIT EH5000,A-185-08-12,42.18,215.36,122.812426,122.812426,253.338387,39.403542,53.244956,0,363497.05,6591889.52,199.17,STRAIGHT,215.4,434,9/10/2025,23:53:49,00:01:03,1958.19065,R9800BH,250,42.0,6.0,35,253.338387,122.812426,37.877463,53.244956,39.403542,3060.388511,6365.608103
pattern_12,A1850812_200_CN_1,6207030,4207030,22264,R9800BH,DT052,HIT EH5000,A-185-08-12,51.64,218.37,77.652844,77.652844,205.700228,27.02922,60.368512,0,363502.84,6591845.54,199.76,LEFT,218.4,408,10/10/2025,00:01:03,00:07:51,2444.724658,R9800BH,250,42.0,6.0,35,205.700228,77.652844,40.649651,60.368512,27.02922,3821.806365,10550.660002
pattern_12,A1850812_200_CN_1,6207031,4207031,22264,R9800BH,DT051,HIT EH5000,A-185-08-12,56.01,228.96,85.834348,85.834348,228.885896,35.852903,61.639058,0,363504.62,6591844.95,198.81,LEFT,229.0,314,10/10/2025,00:07:51,00:13:05,2517.973814,R9800BH,250,42.0,6.0,35,228.885896,85.834348,45.559587,61.639058,35.852903,3601.208269,9532.505016
pattern_12,A1850812_200_CN_1,6207032,4207032,22264,R9800BH,DT080,HIT EH5000,A-185-08-12,64.31,243.06,85.266748,85.266748,218.420072,30.415513,56.884722,0,363504.2,6591842.58,199.7,LEFT,243.1,415,10/10/2025,00:13:05,00:20:00,2823.037747,R9800BH,250,42.0,6.0,35,218.420072,85.266748,45.853089,56.884722,30.415513,4006.049736,10771.664575
pattern_12,A1850812_200_CN_1,6207033,4207033,22264,R9800BH,DT090,HIT EH5000,A-185-08-12,71.27,251.18,70.407004,70.407004,202.69324,27.613539,61.920761,0,363504.06,6591846.58,198.99,STRAIGHT,251.2,407,10/10/2025,00:20:00,00:26:47,3212.441277,R9800BH,250,42.0,6.0,35,202.69324,70.407004,42.751935,61.920761,27.613539,4461.16036,12062.850768
pattern_12,A1850812_200_CN_1,6207034,4207034,22264,R9800BH,DT088,HIT EH5000,A-185-08-12,63.5,254.34,89.495694,89.495694,223.177513,29.438276,64.200938,0,363505.74,6591844.81,198.41,STRAIGHT,254.3,463,10/10/2025,00:26:47,00:34:30,2743.898869,R9800BH,250,42.0,6.0,35,223.177513,89.495694,40.042605,64.200938,29.438276,4102.615529,11125.711246
pattern_12,A1850812_200_CN_1,6207035,4207035,22264,R9800BH,DT088,HIT EH5000,A-185-08-12,64.71,233.45,74.804382,74.804382,223.894488,34.011644,69.169312,0,363502.35,6591841.82,198.68,LEFT,233.4,416,10/10/2025,00:34:30,00:41:26,2630.198118,R9800BH,250,42.0,6.0,35,223.894488,74.804382,45.90915,69.169312,34.011644,3753.597731,10016.813764
pattern_12,A1850812_200_CN_1,6207036,4207036,22264,R9800BH,DT052,HIT EH5000,A-185-08-12,53.37,198.77,70.754377,70.754377,220.470431,34.730769,61.849778,0,363503.18,6591845.55,198.47,STRAIGHT,198.8,340,10/10/2025,00:41:26,00:47:06,2339.802534,R9800BH,250,42.0,6.0,35,220.470431,70.754377,53.135507,61.849778,34.730769,3245.584875,8848.988396
pattern_12,A1850812_200_CN_1,6207037,4207037,22264,R9800BH,DT031,CAT 793,A-185-08-12,41.58,189.05,81.134181,81.134181,221.661863,38.533457,60.158684,0,363505.48,6591846.26,198.36,STRAIGHT,189.1,421,10/10/2025,00:47:06,00:54:07,1980.456522,R9800BH,225,42.0,6.0,35,221.661863,81.134181,41.835541,60.158684,38.533457,3070.387484,8206.00454
pattern_12,A1850812_200_CN_1,6207038,4207038,22264,R9800BH,DT072,HIT EH5000,A-185-08-12,65.01,219.61,71.915536,71.915536,210.208675,40.062522,58.929238,0,363503.52,6591845.63,199.12,STRAIGHT,219.6,393,10/10/2025,00:54:07,01:00:40,2515.195174,R9800BH,250,42.0,6.0,35,210.208675,71.915536,39.30138,58.929238,40.062522,3761.013296,10037.962986
pattern_12,A1850812_200_CN_1,6207039,4207039,22264,R9800BH,DT050,HIT EH5000,A-185-08-12,45.43,206.72,79.369979,79.369979,210.380186,36.234065,58.480986,0,363502.1,6591843.34,199.38,LEFT,206.7,318,10/10/2025,01:00:40,01:05:58,2439.349783,R9800BH,250,42.0,6.0,35,210.380186,79.369979,36.295157,58.480986,36.234065,3537.416387,9275.029876
pattern_12,A1850812_200_WN_5,6207040,4207040,22264,R9800BH,DT021,CAT 793,A-185-08-12,51.84,218.42,118.09369,118.09369,258.244954,39.219424,59.979343,0,363497.58,6591897.18,198.91,RIGHT,218.4,648,10/10/2025,01:05:58,01:16:46,1951.82024,R9800BH,225,42.0,6.0,35,258.244954,118.09369,40.952497,59.979343,39.219424,3044.859391,6970.924918
pattern_12,A1850812_200_WN_5,6207041,4207041,22264,R9800BH,DT082,HIT EH5000,A-185-08-12,64.46,209.44,99.76693,99.76693,255.67475,47.289604,66.468729,0,363495.37,6591893.93,199.66,LEFT,209.4,446,10/10/2025,01:16:46,01:24:12,1922.91282,R9800BH,250,42.0,6.0,35,255.67475,99.76693,42.149488,66.468729,47.289604,2949.059461,6536.142294
pattern_12,A1850812_200_CN_5,6207042,4207042,22264,R9800BH,DT064,HIT EH5000,A-185-08-12,45.45,216.5,108.735737,108.735737,262.16087,31.050598,72.528872,0,363499.66,6591895.77,198.81,STRAIGHT,216.5,581,10/10/2025,01:24:12,01:33:53,1937.537692,R9800BH,250,42.0,6.0,35,262.16087,108.735737,49.845663,72.528872,31.050598,2972.991052,6951.835671
pattern_12,A1850812_200_CN_5,6207043,4207043,22264,R9800BH,DT041,CAT 793,A-185-08-12,51.03,207.24,120.276723,120.276723,269.426319,32.351017,70.74975,0,363499.62,6591894.75,199.5,LEFT,207.2,440,10/10/2025,01:33:53,01:41:13,1881.526,R9800BH,225,42.0,6.0,35,269.426319,120.276723,46.048829,70.74975,32.351017,2769.150105,5910.183042
pattern_12,A1850812_200_WN_5,6207044,4207044,22264,R9800BH,DT060,HIT EH5000,A-185-08-12,56.07,223.48,101.038824,101.038824,249.063755,40.232963,66.817347,0,363499.28,6591894.56,199.05,STRAIGHT,223.5,488,10/10/2025,01:41:13,01:49:21,2200.7353,R9800BH,250,42.0,6.0,35,249.063755,101.038824,40.974621,66.817347,40.232963,3230.203401,7421.473329
pattern_12,A1850812_200_WN_5,6207045,4207045,22264,R9800BH,DT072,HIT EH5000,A-185-08-12,58.39,246.47,116.902999,116.902999,258.336401,36.251003,62.942203,0,363492.16,6591894.11,199.56,RIGHT,246.5,522,10/10/2025,01:49:21,01:58:03,2363.501929,R9800BH,250,42.0,6.0,35,258.336401,116.902999,42.240196,62.942203,36.251003,3434.666341,7732.248223
pattern_12,A1850812_200_CN_5,6207046,4207046,22264,R9800BH,DT052,HIT EH5000,A-185-08-12,55.19,234.74,117.156543,117.156543,242.530485,38.001511,55.516876,0,363500.52,6591897.78,199.09,RIGHT,234.7,461,10/10/2025,01:58:03,02:05:44,2194.35621,R9800BH,250,42.0,6.0,35,242.530485,117.156543,31.855555,55.516876,38.001511,3484.409227,7520.914764
pattern_12,A1850812_200_WN_5,6207047,4207047,22264,R9800BH,DT036,CAT 793,A-185-08-12,67.0,220.98,97.555356,97.555356,241.683965,36.186942,65.134278,0,363497.53,6591895.82,198.14,RIGHT,221.0,418,10/10/2025,02:05:44,02:12:42,1917.448338,R9800BH,225,42.0,6.0,35,241.683965,97.555356,42.807389,65.134278,36.186942,3291.658425,7785.017052
pattern_12,A1850812_200_CN_5,6207048,4207048,22264,R9800BH,DT061,HIT EH5000,A-185-08-12,69.02,210.99,105.684234,105.684234,248.37584,40.833559,65.92188,0,363499.76,6591898.41,198.45,RIGHT,211.0,460,10/10/2025,02:12:42,02:20:22,2008.953831,R9800BH,250,42.0,6.0,35,248.37584,105.684234,35.936167,65.92188,40.833559,3058.182368,6495.835901
pattern_12,A1850812_200_WN_5,6207049,4207049,22264,R9800BH,DT037,CAT 793,A-185-08-12,63.31,208.59,104.5832,104.5832,243.706068,34.794758,56.748371,0,363496.12,6591896.06,198.78,STRAIGHT,208.6,412,10/10/2025,02:20:22,02:27:14,2042.758975,R9800BH,225,42.0,6.0,35,243.706068,104.5832,47.579739,56.748371,34.794758,3081.201791,6981.433545
pattern_12,A1850812_200_CN_2,6207050,4207050,22264,R9800BH,DT067,HIT EH5000,A-185-08-12,55.71,233.43,77.521398,77.521398,212.840743,33.80624,57.927268,0,363503.33,6591853.71,199.06,RIGHT,233.4,384,10/10/2025,02:27:14,02:33:38,2723.331269,R9800BH,250,42.0,6.0,35,212.840743,77.521398,43.585836,57.927268,33.80624,3948.291132,10123.203342
pattern_12,A1850812_200_CN_2,6207051,4207051,22264,R9800BH,DT078,HIT EH5000,A-185-08-12,78.13,234.4,81.573209,81.573209,214.360404,34.625956,57.300558,0,363503.02,6591854.52,199.0,RIGHT,234.4,412,10/10/2025,02:33:38,02:40:30,2658.261781,R9800BH,250,42.0,6.0,35,214.360404,81.573209,40.860682,57.300558,34.625956,3936.468124,10157.918237
pattern_12,A1850812_200_CN_2,6207052,4207052,22264,R9800BH,DT083,HIT EH5000,A-185-08-12,46.0,226.41,84.052108,84.052108,223.908916,36.285326,64.321442,0,363505.01,6591853.57,199.31,STRAIGHT,226.4,409,10/10/2025,02:40:30,02:47:19,2492.733352,R9800BH,250,42.0,6.0,35,223.908916,84.052108,39.250041,64.321442,36.285326,3640.18192,9182.222107
pattern_12,A1850812_200_CN_2,6207053,4207053,22264,R9800BH,DT060,HIT EH5000,A-185-08-12,52.13,212.77,83.251867,83.251867,224.324718,38.056138,59.446408,0,363505.97,6591849.83,199.38,LEFT,212.8,317,10/10/2025,02:47:19,02:52:36,2293.610879,R9800BH,250,42.0,6.0,35,224.324718,83.251867,43.570305,59.446408,38.056138,3414.490954,8707.747106
pattern_12,A1850812_200_CN_2,6207054,4207054,22264,R9800BH,DT042,CAT 793,A-185-08-12,58.19,223.21,83.955525,83.955525,218.412963,32.619087,61.369096,0,363507.67,6591851.24,198.43,STRAIGHT,223.2,317,10/10/2025,02:52:36,02:57:53,2442.295372,R9800BH,225,42.0,6.0,35,218.412963,83.955525,40.469256,61.369096,32.619087,3678.997194,9431.823324
pattern_12,A1850812_200_CN_2,6207055,4207055,22264,R9800BH,DT054,HIT EH5000,A-185-08-12,46.39,225.8,82.786739,82.786739,216.6764,31.569615,58.181855,0,363503.33,6591849.03,198.31,RIGHT,225.8,316,10/10/2025,02:57:53,03:03:09,2295.920001,R9800BH,250,42.0,6.0,35,216.6764,82.786739,44.138192,58.181855,31.569615,3751.549654,9657.20385
pattern_12,A1850812_200_CN_2,6207056,4207056,22264,R9800BH,DT065,HIT EH5000,A-185-08-12,63.14,243.13,80.961532,80.961532,207.50669,27.993672,58.916304,0,363502.94,6591851.81,199.63,STRAIGHT,243.1,347,10/10/2025,03:03:09,03:08:56,3120.663735,R9800BH,250,42.0,6.0,35,207.50669,80.961532,39.635182,58.916304,27.993672,4218.104602,10074.819141
pattern_12,A1850812_200_CN_2,6207057,4207057,22264,R9800BH,DT052,HIT EH5000,A-185-08-12,57.26,248.8,83.157942,83.157942,228.667244,40.839596,58.88176,0,363503.58,6591851.27,198.32,LEFT,248.8,285,10/10/2025,03:08:56,03:13:41,2627.452753,R9800BH,250,42.0,6.0,35,228.667244,83.157942,45.787947,58.88176,40.839596,3916.945408,10118.728275
pattern_12,A1850812_200_CN_2,6207058,4207058,22264,R9800BH,DT046,CAT 793,A-185-08-12,62.87,228.72,78.346957,78.346957,207.651313,33.30098,54.262705,0,363505.09,6591854.17,198.92,STRAIGHT,228.7,356,10/10/2025,03:13:41,03:19:37,2662.464123,R9800BH,225,42.0,6.0,35,207.651313,78.346957,41.74067,54.262705,33.30098,3965.2701,10187.904148
pattern_12,A1850812_200_CN_2,6207059,4207059,22264,R9800BH,DT058,HIT EH5000,A-185-08-12,45.42,231.57,79.663234,79.663234,216.368061,29.714592,66.836308,0,363505.88,6591852.91,199.33,STRAIGHT,231.6,400,10/10/2025,03:19:37,03:26:17,2567.862376,R9800BH,250,42.0,6.0,35,216.368061,79.663234,40.153926,66.836308,29.714592,3852.904674,9821.86673
pattern_12,A1850812_200_CN_4,6207060,4207060,22264,R9800BH,DT088,HIT EH5000,A-185-08-12,76.95,230.85,100.443003,100.443003,239.381616,33.118647,61.298262,0,363504.42,6591868.31,198.92,STRAIGHT,230.8,393,10/10/2025,03:26:17,03:32:50,2070.240376,R9800BH,250,42.0,6.0,35,239.381616,100.443003,44.521704,61.298262,33.118647,3471.641468,7956.191
pattern_12,A1850812_200_CN_4,6207061,4207061,22264,R9800BH,DT012,CAT 793,A-185-08-12,66.94,241.51,107.110673,107.110673,246.137714,35.794916,62.870091,0,363505.56,6591869.97,198.97,RIGHT,241.5,449,10/10/2025,03:32:50,03:40:19,2196.490912,R9800BH,225,42.0,6.0,35,246.137714,107.110673,40.362034,62.870091,35.794916,3532.247666,7985.800847
pattern_12,A1850812_200_CN_4,6207062,4207062,22264,R9800BH,DT065,HIT EH5000,A-185-08-12,56.71,228.66,112.122439,112.122439,250.154933,37.860159,58.507069,0,363503.39,6591869.73,198.52,LEFT,228.7,464,10/10/2025,03:40:19,03:48:03,2116.401246,R9800BH,250,42.0,6.0,35,250.154933,112.122439,41.665266,58.507069,37.860159,3290.690655,7347.270655
pattern_12,A1850812_200_CN_4,6207063,4207063,22264,R9800BH,DT085,HIT EH5000,A-185-08-12,56.51,210.42,107.783552,107.783552,251.714242,34.144515,66.257612,0,363501.97,6591868.06,199.41,RIGHT,210.4,419,10/10/2025,03:48:03,03:55:02,2012.857579,R9800BH,250,42.0,6.0,35,251.714242,107.783552,43.528563,66.257612,34.144515,3009.377226,6626.011092
pattern_12,A1850812_200_CN_4,6207064,4207064,22264,R9800BH,DT077,HIT EH5000,A-185-08-12,51.17,215.64,113.200837,113.200837,261.737897,38.453662,70.460435,0,363500.88,6591868.18,197.95,LEFT,215.6,426,10/10/2025,03:55:02,04:02:08,1890.775037,R9800BH,250,42.0,6.0,35,261.737897,113.200837,39.622963,70.460435,38.453662,2965.908016,6462.973645
pattern_12,A1850812_200_CN_4,6207065,4207065,22264,R9800BH,DT051,HIT EH5000,A-185-08-12,59.68,199.74,102.41612,102.41612,242.311204,43.108774,61.465804,0,363504.21,6591868.67,198.61,LEFT,199.7,368,10/10/2025,04:02:08,04:08:16,1986.780014,R9800BH,250,42.0,6.0,35,242.311204,102.41612,35.320507,61.465804,43.108774,2967.452229,6601.033815
pattern_12,A1850812_200_CN_4,6207066,4207066,22264,R9800BH,DT059,HIT EH5000,A-185-08-12,36.3,210.17,120.573436,120.573436,271.916928,37.177201,70.774859,0,363502.19,6591867.59,198.4,STRAIGHT,210.2,875,10/10/2025,04:08:16,04:22:51,1770.55017,R9800BH,250,42.0,6.0,35,271.916928,120.573436,43.391433,70.774859,37.177201,2782.49234,5904.546809
pattern_12,A1850812_200_CN_4,6207067,4207067,22264,R9800BH,DT055,HIT EH5000,A-185-08-12,56.92,203.42,113.737585,113.737585,245.043884,33.622655,56.82786,0,363502.26,6591868.82,198.72,LEFT,203.4,382,10/10/2025,04:22:51,04:29:13,1949.687175,R9800BH,250,42.0,6.0,35,245.043884,113.737585,40.855785,56.82786,33.622655,2988.506688,6714.940963
pattern_12,A1850812_200_CN_4,6207068,4207068,22264,R9800BH,DT077,HIT EH5000,A-185-08-12,44.29,225.2,101.792335,101.792335,250.6605,37.865079,64.555283,0,363501.92,6591869.35,198.75,LEFT,225.2,462,10/10/2025,04:29:13,04:36:55,2099.440859,R9800BH,250,42.0,6.0,35,250.6605,101.792335,46.447803,64.555283,37.865079,3234.341491,7348.461332
pattern_12,A1850812_200_CN_4,6207069,4207069,22264,R9800BH,DT072,HIT EH5000,A-185-08-12,71.11,215.65,102.677012,102.677012,249.307574,40.019923,65.732961,0,363502.42,6591867.33,199.71,LEFT,215.6,517,10/10/2025,04:36:55,04:45:32,1850.529467,R9800BH,250,42.0,6.0,35,249.307574,102.677012,40.877677,65.732961,40.019923,3113.95486,6837.898062
pattern_12,A1850812_200_CN_4,6207070,4207070,22264,R9800BH,DT054,HIT EH5000,A-185-08-12,61.96,217.79,121.462539,121.462539,253.736365,32.616954,58.683182,0,363503.76,6591877.4,198.53,LEFT,217.8,494,10/10/2025,04:45:32,04:53:46,1843.429323,R9800BH,250,42.0,6.0,35,253.736365,121.462539,40.973689,58.683182,32.616954,3089.997394,7131.301374
pattern_12,A1850812_200_CN_4,6207071,4207071,22264,R9800BH,DT001,CAT 793,A-185-08-12,54.37,214.14,110.13684,110.13684,263.415814,41.737707,66.596941,0,363504.3,6591875.32,198.47,RIGHT,214.1,505,10/10/2025,04:53:46,05:02:11,1751.233746,R9800BH,225,42.0,6.0,35,263.415814,110.13684,44.944327,66.596941,41.737707,2926.522741,7112.1572
pattern_12,A1850812_200_CN_4,6207072,4207072,22264,R9800BH,DT085,HIT EH5000,A-185-08-12,53.89,226.97,98.336935,98.336935,237.932364,39.891617,56.553548,0,363501.39,6591873.49,198.22,LEFT,227.0,448,10/10/2025,05:02:11,05:09:39,2141.10857,R9800BH,250,42.0,6.0,35,237.932364,98.336935,43.150264,56.553548,39.891617,3434.145667,7674.142693
pattern_12,A1850812_200_CN_4,6207073,4207073,22264,R9800BH,DT072,HIT EH5000,A-185-08-12,60.55,220.29,104.15036,104.15036,235.527287,39.099516,57.702115,0,363503.99,6591874.34,199.43,LEFT,220.3,410,10/10/2025,05:09:39,05:16:29,2171.085055,R9800BH,250,42.0,6.0,35,235.527287,104.15036,34.575295,57.702115,39.099516,3367.091245,7671.287683
pattern_12,A1850812_200_CN_4,6207074,4207074,22264,R9800BH,DT040,CAT 793,A-185-08-12,65.12,233.72,109.210616,109.210616,234.611764,32.023049,61.814025,0,363504.97,6591872.61,198.61,LEFT,233.7,463,10/10/2025,05:16:29,05:24:12,2371.614554,R9800BH,225,42.0,6.0,35,234.611764,109.210616,31.564074,61.814025,32.023049,3586.312116,8528.538454
pattern_12,A1850812_200_CN_4,6207075,4207075,22264,R9800BH,DT017,CAT 793,A-185-08-12,39.76,231.26,103.958924,103.958924,238.781938,30.458455,60.518151,0,363505.61,6591871.44,199.26,RIGHT,231.3,481,10/10/2025,05:24:12,05:32:13,2422.823196,R9800BH,225,42.0,6.0,35,238.781938,103.958924,43.846407,60.518151,30.458455,3486.535619,7836.41107
pattern_12,A1850812_200_CN_4,6207076,4207076,22264,R9800BH,DT064,HIT EH5000,A-185-08-12,53.04,225.35,114.269284,114.269284,247.930551,39.782501,56.528621,0,363501.24,6591877.6,198.03,LEFT,225.4,349,10/10/2025,05:32:13,05:38:02,2105.77787,R9800BH,250,42.0,6.0,35,247.930551,114.269284,37.350146,56.528621,39.782501,3272.194623,7179.637679
pattern_12,A1850812_200_CN_4,6207077,4207077,22264,R9800BH,DT009,CAT 793,A-185-08-12,52.84,252.0,124.939749,124.939749,282.134525,41.702999,76.083807,0,363502.25,6591875.39,199.44,RIGHT,252.0,462,10/10/2025,05:38:02,05:45:44,2187.359984,R9800BH,225,42.0,6.0,35,282.134525,124.939749,39.40797,76.083807,41.702999,3215.487365,7841.001181
pattern_12,A1850812_200_CN_4,6207078,4207078,22264,R9800BH,DT068,HIT EH5000,A-185-08-12,51.59,227.72,116.057638,116.057638,258.254952,36.532897,64.06434,0,363503.59,6591874.07,199.94,LEFT,227.7,493,10/10/2025,05:45:44,05:53:57,2023.309573,R9800BH,250,42.0,6.0,35,258.254952,116.057638,41.600078,64.06434,36.532897,3174.326578,7565.580162
pattern_12,A1850812_200_CN_4,6207079,4207079,22264,R9800BH,DT069,HIT EH5000,A-185-08-12,46.85,242.27,111.466659,111.466659,244.845402,38.505581,55.537099,0,363501.36,6591877.43,197.98,STRAIGHT,242.3,441,10/10/2025,05:53:57,06:01:18,2409.110359,R9800BH,250,42.0,6.0,35,244.845402,111.466659,39.336063,55.537099,38.505581,3562.119882,8312.678048
pattern_12,A1850812_200_CN_5,6207080,4207080,22264,R9800BH,DT085,HIT EH5000,A-185-08-12,55.9,211.35,110.375707,110.375707,255.910425,41.834802,62.294433,0,363504.81,6591884.88,199.24,LEFT,211.3,456,10/10/2025,06:01:18,06:08:54,1789.442776,R9800BH,250,42.0,6.0,35,255.910425,110.375707,41.405482,62.294433,41.834802,2973.138645,6289.980373
pattern_12,A1850812_200_CN_5,6207081,4207081,22264,R9800BH,DT071,HIT EH5000,A-185-08-12,48.25,202.33,106.862003,106.862003,250.698091,46.141048,60.023076,0,363507.12,6591882.97,199.4,RIGHT,202.3,411,10/10/2025,06:08:54,06:15:45,1934.365204,R9800BH,250,42.0,6.0,35,250.698091,106.862003,37.671964,60.023076,46.141048,2905.395461,6821.970297
pattern_12,A1850812_200_CN_5,6207082,4207082,22264,R9800BH,DT024,CAT 793,A-185-08-12,66.26,223.31,112.954357,112.954357,251.995966,35.283763,61.659416,0,363507.93,6591879.74,198.28,RIGHT,223.3,523,10/10/2025,06:15:45,06:24:28,2125.608031,R9800BH,225,42.0,6.0,35,251.995966,112.954357,42.09843,61.659416,35.283763,3190.229626,6884.51161
pattern_12,A1850812_200_CN_5,6207083,4207083,22264,R9800BH,DT087,HIT EH5000,A-185-08-12,51.3,214.02,115.250553,115.250553,238.669798,29.451462,54.148308,0,363502.67,6591883.78,199.58,STRAIGHT,214.0,384,10/10/2025,06:24:28,06:30:52,2004.277914,R9800BH,250,42.0,6.0,35,238.669798,115.250553,39.819475,54.148308,29.451462,3228.178216,7000.142983
pattern_12,A1850812_200_CN_5,6207084,4207084,22264,R9800BH,DT040,CAT 793,A-185-08-12,68.47,205.4,101.751972,101.751972,249.554312,38.31409,71.397278,0,363506.46,6591888.04,199.67,RIGHT,205.4,375,10/10/2025,06:30:52,06:37:07,1870.494479,R9800BH,225,42.0,6.0,35,249.554312,101.751972,38.090973,71.397278,38.31409,2963.007552,6814.420548
pattern_12,A1850812_200_CN_5,6207085,4207085,22264,R9800BH,DT043,CAT 793,A-185-08-12,56.53,182.69,99.858801,99.858801,243.694763,42.07293,63.225711,0,363504.31,6591887.63,199.11,STRAIGHT,182.7,421,10/10/2025,06:37:07,06:44:08,1630.588506,R9800BH,225,42.0,6.0,35,243.694763,99.858801,38.537319,63.225711,42.07293,2698.74697,5987.750966
pattern_12,A1850812_200_CN_5,6207086,4207086,22264,R9800BH,DT082,HIT EH5000,A-185-08-12,51.71,203.97,107.344575,107.344575,242.605935,35.406621,61.206483,0,363503.73,6591885.19,198.98,RIGHT,204.0,432,10/10/2025,06:44:08,06:51:20,1872.054005,R9800BH,250,42.0,6.0,35,242.605935,107.344575,38.648256,61.206483,35.406621,3026.745793,6594.023091
pattern_12,A1850812_200_CN_5,6207087,4207087,22264,R9800BH,DT053,HIT EH5000,A-185-08-12,64.29,223.55,97.340558,97.340558,238.262045,33.071641,60.784015,0,363502.04,6591883.33,198.63,LEFT,223.5,402,10/10/2025,06:51:20,06:58:02,2118.746848,R9800BH,250,42.0,6.0,35,238.262045,97.340558,47.065831,60.784015,33.071641,3377.686685,7589.736931
pattern_12,A1850812_200_CN_5,6207088,4207088,22264,R9800BH,DT071,HIT EH5000,A-185-08-12,55.17,229.7,117.675857,117.675857,264.487978,38.176644,63.493272,0,363502.74,6591883.43,198.71,LEFT,229.7,406,10/10/2025,06:58:02,07:04:48,1869.379441,R9800BH,250,42.0,6.0,35,264.487978,117.675857,45.142204,63.493272,38.176644,3126.449922,6883.330047
pattern_12,A1850812_200_CN_5,6207089,4207089,22264,R9800BH,DT073,HIT EH5000,A-185-08-12,49.25,234.43,100.321473,100.321473,252.884631,38.854135,70.701506,0,363503.26,6591884.74,199.49,RIGHT,234.4,472,10/10/2025,07:04:48,07:12:40,2273.096213,R9800BH,250,42.0,6.0,35,252.884631,100.321473,43.007517,70.701506,38.854135,3337.301311,7178.99783
pattern_12,A1850812_200_CN_5,6207090,4207090,22264,R9800BH,DT070,HIT EH5000,A-185-08-12,40.51,224.2,117.887568,117.887568,265.237514,38.389681,69.489594,0,363504.07,6591882.67,199.75,STRAIGHT,224.2,370,10/10/2025,07:12:40,07:18:50,1981.117987,R9800BH,250,42.0,6.0,35,265.237514,117.887568,39.470671,69.489594,38.389681,3042.998706,6613.090117
pattern_12,A1850812_200_CN_1,6207091,4207091,22264,R9800BH,DT012,CAT 793,A-185-08-12,69.74,242.03,75.417193,75.417193,206.57346,39.533702,53.123075,0,363511.82,6591840.26,198.94,LEFT,242.0,285,10/10/2025,07:18:50,07:23:35,2943.13962,R9800BH,225,42.0,6.0,35,206.57346,75.417193,38.49949,53.123075,39.533702,4217.86678,10910.181061
pattern_12,A1850812_200_CN_1,6207092,4207092,22264,R9800BH,DT027,CAT 793,A-185-08-12,53.98,248.19,84.286584,84.286584,221.383302,34.948587,62.759903,0,363512.63,6591841.64,199.92,RIGHT,248.2,290,10/10/2025,07:23:35,07:28:25,2584.610848,R9800BH,225,42.0,6.0,35,221.383302,84.286584,39.388228,62.759903,34.948587,4035.986992,10125.011239
pattern_12,A1850812_200_CN_1,6207093,4207093,22264,R9800BH,DT060,HIT EH5000,A-185-08-12,59.21,248.22,81.047144,81.047144,212.951933,32.638234,57.429161,0,363510.53,6591839.38,199.49,STRAIGHT,248.2,321,10/10/2025,07:28:25,07:33:46,3009.536336,R9800BH,250,42.0,6.0,35,212.951933,81.047144,41.837394,57.429161,32.638234,4196.197962,11068.989903
pattern_12,A1850812_200_CN_1,6207094,4207094,22264,R9800BH,DT078,HIT EH5000,A-185-08-12,56.96,243.84,75.287204,75.287204,205.986393,30.189951,63.891961,0,363509.75,6591836.96,198.02,LEFT,243.8,350,10/10/2025,07:33:46,07:39:36,2802.047517,R9800BH,250,42.0,6.0,35,205.986393,75.287204,36.617276,63.891961,30.189951,4261.576887,10984.19387
pattern_12,A1850812_200_CN_1,6207095,4207095,22264,R9800BH,DT060,HIT EH5000,A-185-08-12,48.56,243.53,74.038623,74.038623,204.509179,35.688323,59.666675,0,363513.29,6591838.0,198.73,LEFT,243.5,285,10/10/2025,07:39:36,07:44:21,2893.633208,R9800BH,250,42.0,6.0,35,204.509179,74.038623,35.115557,59.666675,35.688323,4286.941721,11471.192787
pattern_12,A1850812_200_CN_1,6207096,4207096,22264,R9800BH,DT069,HIT EH5000,A-185-08-12,59.51,256.03,70.743605,70.743605,202.673704,36.680916,57.352814,0,363507.19,6591839.28,199.85,STRAIGHT,256.0,388,10/10/2025,07:44:21,07:50:49,2879.850419,R9800BH,250,42.0,6.0,35,202.673704,70.743605,37.896369,57.352814,36.680916,4547.787405,12450.894034
pattern_12,A1850812_200_CN_1,6207097,4207097,22264,R9800BH,DT029,CAT 793,A-185-08-12,62.5,239.5,82.897578,82.897578,230.993948,42.99977,56.164473,0,363511.89,6591841.75,198.24,LEFT,239.5,325,10/10/2025,07:50:49,07:56:14,2734.153612,R9800BH,225,42.0,6.0,35,230.993948,82.897578,48.932127,56.164473,42.99977,3732.498976,9660.060828
pattern_12,A1850812_200_CN_1,6207098,4207098,22264,R9800BH,DT035,CAT 793,A-185-08-12,63.04,247.46,75.149373,75.149373,211.039866,32.22201,61.110914,0,363512.18,6591841.13,198.36,STRAIGHT,247.5,328,10/10/2025,07:56:14,08:01:42,2789.928807,R9800BH,225,42.0,6.0,35,211.039866,75.149373,42.557569,61.110914,32.22201,4221.330092,10605.606783
pattern_12,A1850812_200_CN_1,6207099,4207099,22264,R9800BH,DT011,CAT 793,A-185-08-12,73.11,232.72,80.343449,80.343449,220.873346,37.316401,53.838444,0,363509.03,6591839.9,198.4,RIGHT,232.7,350,10/10/2025,08:01:42,08:07:32,2748.653019,R9800BH,225,42.0,6.0,35,220.873346,80.343449,49.375052,53.838444,37.316401,3793.037853,10117.461965
pattern_12,A1850812_200_CN_5,6207100,4207100,22264,R9800BH,DT022,CAT 793,A-185-08-12,57.03,211.65,89.396307,89.396307,233.561142,32.052421,69.180195,0,363506.79,6591894.42,199.97,LEFT,211.6,453,10/10/2025,08:07:32,08:15:05,2004.282447,R9800BH,225,42.0,6.0,35,233.561142,89.396307,42.932219,69.180195,32.052421,3262.258075,7556.052912
pattern_12,A1850812_200_CN_5,6207101,4207101,22264,R9800BH,DT060,HIT EH5000,A-185-08-12,54.64,226.92,81.697995,81.697995,225.587055,42.18203,54.173095,0,363505.53,6591892.81,199.14,RIGHT,226.9,415,10/10/2025,08:15:05,08:22:00,2516.279364,R9800BH,250,42.0,6.0,35,225.587055,81.697995,47.533934,54.173095,42.18203,3621.203918,8807.8982
pattern_12,A1850812_200_CN_5,6207102,4207102,22264,R9800BH,DT041,CAT 793,A-185-08-12,65.93,217.93,88.094948,88.094948,224.16869,35.207935,60.831636,0,363504.36,6591895.05,198.39,LEFT,217.9,407,10/10/2025,08:22:00,08:28:47,2361.424503,R9800BH,225,42.0,6.0,35,224.16869,88.094948,40.034171,60.831636,35.207935,3499.873661,8662.077691
pattern_12,A1850812_200_CN_5,6207103,4207103,22264,R9800BH,DT062,HIT EH5000,A-185-08-12,63.93,223.61,93.288726,93.288726,226.581974,27.822555,64.831019,0,363504.08,6591893.19,198.54,LEFT,223.6,342,10/10/2025,08:28:47,08:34:29,2170.558074,R9800BH,250,42.0,6.0,35,226.581974,93.288726,40.639674,64.831019,27.822555,3552.804499,8398.056919
pattern_12,A1850812_200_CN_5,6207104,4207104,22264,R9800BH,DT067,HIT EH5000,A-185-08-12,60.71,225.61,87.353965,87.353965,219.63625,35.370938,52.363267,0,363503.55,6591894.06,198.07,STRAIGHT,225.6,433,10/10/2025,08:34:29,08:41:42,2631.927339,R9800BH,250,42.0,6.0,35,219.63625,87.353965,44.54808,52.363267,35.370938,3697.94164,8658.507808
pattern_12,A1850812_200_CN_5,6207105,4207105,22264,R9800BH,DT054,HIT EH5000,A-185-08-12,48.93,219.62,89.947787,89.947787,223.112527,35.635094,61.075528,0,363506.12,6591889.79,199.76,STRAIGHT,219.6,469,10/10/2025,08:41:42,08:49:31,2280.572302,R9800BH,250,42.0,6.0,35,223.112527,89.947787,36.454118,61.075528,35.635094,3543.683116,8832.461504
pattern_12,A1850812_200_CN_5,6207106,4207106,22264,R9800BH,DT009,CAT 793,A-185-08-12,65.77,217.8,86.112861,86.112861,222.591334,32.074666,64.881755,0,363504.15,6591889.54,199.05,LEFT,217.8,705,10/10/2025,08:49:31,09:01:16,2152.46249,R9800BH,225,42.0,6.0,35,222.591334,86.112861,39.522052,64.881755,32.074666,3522.517986,8631.865111
pattern_12,A1850812_200_CN_5,6207107,4207107,22264,R9800BH,DT082,HIT EH5000,A-185-08-12,59.48,222.04,89.23136,89.23136,239.493227,47.010963,57.953506,0,363503.31,6591892.35,199.64,STRAIGHT,222.0,442,10/10/2025,09:01:16,09:08:38,2321.646096,R9800BH,250,42.0,6.0,35,239.493227,89.23136,45.297398,57.953506,47.010963,3337.644538,8478.883959
pattern_12,A1850812_200_CN_5,6207108,4207108,22264,R9800BH,DT039,CAT 793,A-185-08-12,68.59,236.72,95.254173,95.254173,234.725598,34.541213,65.060346,0,363505.77,6591893.48,199.17,RIGHT,236.7,376,10/10/2025,09:08:38,09:14:54,1967.330546,R9800BH,225,42.0,6.0,35,234.725598,95.254173,39.869867,65.060346,34.541213,3630.56664,8659.214816
pattern_12,A1850812_200_CN_5,6207109,4207109,22264,R9800BH,DT015,CAT 793,A-185-08-12,46.0,235.93,83.147868,83.147868,210.614476,32.826321,57.193583,0,363504.64,6591891.77,199.12,STRAIGHT,235.9,496,10/10/2025,09:14:54,09:23:10,2739.407071,R9800BH,225,42.0,6.0,35,210.614476,83.147868,37.446704,57.193583,32.826321,4032.761909,9559.646065
pattern_12,A1850812_200_CN_1,6207110,4207110,22264,R9800BH,DT082,HIT EH5000,A-185-08-12,54.29,230.66,70.127974,70.127974,205.098342,40.225711,57.159541,0,363505.96,6591844.96,198.91,STRAIGHT,230.7,313,10/10/2025,09:23:10,09:28:23,2845.350921,R9800BH,250,42.0,6.0,35,205.098342,70.127974,37.585117,57.159541,40.225711,4048.687781,10235.805623
pattern_12,A1850812_200_CN_1,6207111,4207111,22264,R9800BH,DT077,HIT EH5000,A-185-08-12,57.33,241.72,76.599904,76.599904,204.76193,35.499549,55.073681,0,363510.87,6591845.52,198.91,LEFT,241.7,429,10/10/2025,09:28:23,09:35:32,2934.309996,R9800BH,250,42.0,6.0,35,204.76193,76.599904,37.588797,55.073681,35.499549,4249.778605,10735.982973
pattern_12,A1850812_200_CN_1,6207112,4207112,22264,R9800BH,DT057,HIT EH5000,A-185-08-12,60.72,261.02,72.327403,72.327403,213.046837,29.927827,58.792638,0,363511.09,6591847.88,198.42,STRAIGHT,261.0,313,10/10/2025,09:35:32,09:40:45,3007.470986,R9800BH,250,42.0,6.0,35,213.046837,72.327403,51.998969,58.792638,29.927827,4410.670401,11501.387146
pattern_12,A1850812_200_CN_1,6207113,4207113,22264,R9800BH,DT081,HIT EH5000,A-185-08-12,56.7,243.86,77.273113,77.273113,225.40864,45.278966,61.575417,0,363510.98,6591847.86,198.96,STRAIGHT,243.9,344,10/10/2025,09:40:45,09:46:29,2633.921241,R9800BH,250,42.0,6.0,35,225.40864,77.273113,41.281144,61.575417,45.278966,3894.742895,10339.151853
pattern_12,A1850812_200_CN_1,6207114,4207114,22264,R9800BH,DT019,CAT 793,A-185-08-12,49.66,208.47,66.121157,66.121157,199.389667,33.834509,59.687485,0,363510.03,6591847.69,198.44,RIGHT,208.5,363,10/10/2025,09:46:29,09:52:32,2377.129017,R9800BH,225,42.0,6.0,35,199.389667,66.121157,39.746516,59.687485,33.834509,3763.870162,9322.269459
pattern_12,A1850812_200_CN_1,6207115,4207115,22264,R9800BH,DT012,CAT 793,A-185-08-12,42.8,212.29,63.772653,63.772653,186.940791,27.566426,54.715423,0,363508.69,6591844.07,199.02,LEFT,212.3,302,10/10/2025,09:52:32,09:57:34,2807.052543,R9800BH,225,42.0,6.0,35,186.940791,63.772653,40.88629,54.715423,27.566426,4088.224966,10420.1764
pattern_12,A1850812_200_CN_1,6207116,4207116,22264,R9800BH,DT029,CAT 793,A-185-08-12,67.05,210.84,73.041645,73.041645,195.569083,35.485039,49.074007,0,363511.68,6591844.79,198.73,STRAIGHT,210.8,393,10/10/2025,09:57:34,10:04:07,2734.026901,R9800BH,225,42.0,6.0,35,195.569083,73.041645,37.968392,49.074007,35.485039,3881.177048,9304.103313
pattern_12,A1850812_200_CN_1,6207117,4207117,22264,R9800BH,DT088,HIT EH5000,A-185-08-12,51.07,219.91,70.027716,70.027716,215.315303,33.583008,68.369845,0,363510.63,6591844.88,199.76,LEFT,219.9,332,10/10/2025,10:04:07,10:09:39,2480.345475,R9800BH,250,42.0,6.0,35,215.315303,70.027716,43.334734,68.369845,33.583008,3676.831388,9673.682479
pattern_12,A1850812_200_CN_1,6207118,4207118,22264,R9800BH,DT072,HIT EH5000,A-185-08-12,55.84,217.16,67.09165,67.09165,205.175205,29.932559,61.975037,0,363510.78,6591846.81,198.53,LEFT,217.2,362,10/10/2025,10:09:39,10:15:41,2684.178045,R9800BH,250,42.0,6.0,35,205.175205,67.09165,46.175959,61.975037,29.932559,3810.277576,9580.073979
pattern_12,A1850812_200_CN_1,6207119,4207119,22264,R9800BH,DT067,HIT EH5000,A-185-08-12,50.39,206.61,78.588041,78.588041,188.454334,29.584592,47.568311,0,363509.41,6591847.17,198.82,RIGHT,206.6,292,10/10/2025,10:15:41,10:20:33,2624.116855,R9800BH,250,42.0,6.0,35,188.454334,78.588041,32.713391,47.568311,29.584592,3946.832632,10920.466396
pattern_12,A1850812_200_CN_3,6207120,4207120,22264,R9800BH,DT079,HIT EH5000,A-185-08-12,53.81,227.81,91.675062,91.675062,222.184122,38.296057,55.083485,0,363509.38,6591856.94,199.85,STRAIGHT,227.8,359,10/10/2025,10:20:33,10:26:32,2494.99473,R9800BH,250,42.0,6.0,35,222.184122,91.675062,37.129518,55.083485,38.296057,3691.200235,9183.588727
pattern_12,A1850812_200_CN_3,6207121,4207121,22264,R9800BH,DT066,HIT EH5000,A-185-08-12,42.46,209.64,99.105037,99.105037,231.312611,31.618405,58.696332,0,363508.28,6591854.99,199.3,RIGHT,209.6,377,10/10/2025,10:26:32,10:32:49,2207.608351,R9800BH,250,42.0,6.0,35,231.312611,99.105037,41.892838,58.696332,31.618405,3262.695525,8069.574903
pattern_12,A1850812_200_CN_3,6207122,4207122,22264,R9800BH,DT085,HIT EH5000,A-185-08-12,73.2,219.59,77.972879,77.972879,209.310169,33.997654,57.080979,0,363512.97,6591856.2,199.44,STRAIGHT,219.6,374,10/10/2025,10:32:49,10:39:03,2772.063988,R9800BH,250,42.0,6.0,35,209.310169,77.972879,40.258657,57.080979,33.997654,3776.774492,9001.973919
pattern_12,A1850812_200_CN_3,6207123,4207123,22264,R9800BH,DT062,HIT EH5000,A-185-08-12,56.37,213.94,76.281466,76.281466,208.946226,34.301625,59.55148,0,363513.59,6591853.59,197.95,STRAIGHT,213.9,377,10/10/2025,10:39:03,10:45:20,2717.722644,R9800BH,250,42.0,6.0,35,208.946226,76.281466,38.811654,59.55148,34.301625,3686.05633,9283.992069
pattern_12,A1850812_200_CN_3,6207124,4207124,22264,R9800BH,DT003,CAT 793,A-185-08-12,59.82,227.09,88.502774,88.502774,223.248745,35.965484,60.283489,0,363511.09,6591856.58,199.68,STRAIGHT,227.1,412,10/10/2025,10:45:20,10:52:12,2353.925774,R9800BH,225,42.0,6.0,35,223.248745,88.502774,38.496999,60.283489,35.965484,3661.961726,9540.284395
pattern_12,A1850812_200_CN_3,6207125,4207125,22264,R9800BH,DT056,HIT EH5000,A-185-08-12,59.91,229.5,89.91375,89.91375,228.220781,35.563416,56.168125,0,363510.18,6591857.23,199.33,RIGHT,229.5,773,10/10/2025,10:52:12,11:05:05,2341.641138,R9800BH,250,42.0,6.0,35,228.220781,89.91375,46.575491,56.168125,35.563416,3620.167843,8863.376185
pattern_12,A1850812_200_CN_3,6207126,4207126,22264,R9800BH,DT089,HIT EH5000,A-185-08-12,51.66,238.62,87.42216,87.42216,220.084493,38.198821,60.00184,0,363512.4,6591856.28,198.8,STRAIGHT,238.6,424,10/10/2025,11:05:05,11:12:09,2416.761352,R9800BH,250,42.0,6.0,35,220.084493,87.42216,34.461671,60.00184,38.198821,3903.225302,9576.701088
pattern_12,A1850812_200_CN_3,6207127,4207127,22264,R9800BH,DT079,HIT EH5000,A-185-08-12,51.37,221.81,72.744233,72.744233,223.3262,44.215108,59.607321,0,363510.83,6591858.67,198.86,RIGHT,221.8,459,10/10/2025,11:12:09,11:19:48,2404.844451,R9800BH,250,42.0,6.0,35,223.3262,72.744233,46.759537,59.607321,44.215108,3575.48164,8796.818436
pattern_12,A1850812_200_CN_3,6207128,4207128,22264,R9800BH,DT049,HIT EH5000,A-185-08-12,50.72,212.87,90.503839,90.503839,217.173496,28.816927,59.498502,0,363510.73,6591854.99,198.55,RIGHT,212.9,409,10/10/2025,11:19:48,11:26:37,2178.501973,R9800BH,250,42.0,6.0,35,217.173496,90.503839,38.354228,59.498502,28.816927,3528.584831,8891.31732
pattern_12,A1850812_200_CN_3,6207129,4207129,22264,R9800BH,DT072,HIT EH5000,A-185-08-12,56.73,215.95,83.511964,83.511964,211.639773,29.854907,58.67149,0,363509.54,6591857.29,199.18,LEFT,215.9,341,10/10/2025,11:26:37,11:32:18,2264.44575,R9800BH,250,42.0,6.0,35,211.639773,83.511964,39.601412,58.67149,29.854907,3673.298343,8938.722073
pattern_12,A1850812_200_CN_3,6207130,4207130,22264,R9800BH,DT066,HIT EH5000,A-185-08-12,41.59,223.34,79.896465,79.896465,203.612299,33.797115,51.131419,0,363511.27,6591865.83,199.46,RIGHT,223.3,327,10/10/2025,11:32:18,11:37:45,2545.576035,R9800BH,250,42.0,6.0,35,203.612299,79.896465,38.7873,51.131419,33.797115,3948.715376,9583.299408
pattern_12,A1850812_200_CN_3,6207131,4207131,22264,R9800BH,DT065,HIT EH5000,A-185-08-12,57.82,221.2,105.109883,105.109883,245.87286,39.505805,65.602625,0,363509.26,6591860.38,198.84,RIGHT,221.2,407,10/10/2025,11:37:45,11:44:32,2029.95504,R9800BH,250,42.0,6.0,35,245.87286,105.109883,35.654546,65.602625,39.505805,3238.743256,7722.342334
pattern_12,A1850812_200_CN_3,6207132,4207132,22264,R9800BH,DT044,CAT 793,A-185-08-12,62.1,230.78,90.61225,90.61225,214.415515,33.604892,52.817398,0,363510.13,6591864.59,199.26,RIGHT,230.8,314,10/10/2025,11:44:32,11:49:46,2612.775148,R9800BH,225,42.0,6.0,35,214.415515,90.61225,37.380976,52.817398,33.604892,3874.811686,8993.072856
pattern_12,A1850812_200_CN_3,6207133,4207133,22264,R9800BH,DT027,CAT 793,A-185-08-12,71.83,222.77,80.716615,80.716615,226.16061,39.068181,62.417359,0,363508.91,6591861.81,199.52,RIGHT,222.8,345,10/10/2025,11:49:46,11:55:31,2181.112867,R9800BH,225,42.0,6.0,35,226.16061,80.716615,43.958456,62.417359,39.068181,3545.965822,9319.124236
pattern_12,A1850812_200_CN_3,6207134,4207134,22264,R9800BH,DT087,HIT EH5000,A-185-08-12,63.55,230.73,79.64868,79.64868,222.64923,33.735521,62.868631,0,363511.86,6591865.0,198.67,STRAIGHT,230.7,389,10/10/2025,11:55:31,12:02:00,2429.41388,R9800BH,250,42.0,6.0,35,222.64923,79.64868,46.396398,62.868631,33.735521,3730.737138,9273.739304
pattern_12,A1850812_200_CN_3,6207135,4207135,22264,R9800BH,DT062,HIT EH5000,A-185-08-12,50.56,247.69,90.132604,90.132604,217.718423,31.883245,58.991055,0,363516.06,6591865.28,198.34,STRAIGHT,247.7,327,10/10/2025,12:02:00,12:07:27,2547.497978,R9800BH,250,42.0,6.0,35,217.718423,90.132604,36.711519,58.991055,31.883245,4095.555813,10408.20381
pattern_12,A1850812_200_CN_3,6207136,4207136,22264,R9800BH,DT061,HIT EH5000,A-185-08-12,59.63,250.5,91.004541,91.004541,246.160487,40.841273,66.245554,0,363509.26,6591862.63,198.91,STRAIGHT,250.5,444,10/10/2025,12:07:27,12:14:51,2308.908363,R9800BH,250,42.0,6.0,35,246.160487,91.004541,48.069118,66.245554,40.841273,3663.491828,9062.597894
pattern_12,A1850812_200_CN_3,6207137,4207137,22264,R9800BH,DT082,HIT EH5000,A-185-08-12,56.38,252.34,89.29624,89.29624,232.17253,37.947531,65.664624,0,363511.09,6591865.5,199.61,LEFT,252.3,392,10/10/2025,12:14:51,12:21:23,2555.421171,R9800BH,250,42.0,6.0,35,232.17253,89.29624,39.264135,65.664624,37.947531,3912.646522,9652.772041
pattern_12,A1850812_200_CN_3,6207138,4207138,22264,R9800BH,DT082,HIT EH5000,A-185-08-12,45.37,227.76,85.63622,85.63622,215.98434,36.266415,53.00856,0,363510.49,6591866.26,199.73,STRAIGHT,227.8,381,10/10/2025,12:21:23,12:27:44,2570.087691,R9800BH,250,42.0,6.0,35,215.98434,85.63622,41.073145,53.00856,36.266415,3796.322714,9322.809046
pattern_12,A1850812_200_CN_3,6207139,4207139,22264,R9800BH,DT065,HIT EH5000,A-185-08-12,80.9,242.71,86.018043,86.018043,222.0303,30.511028,67.088208,0,363509.91,6591864.18,198.38,LEFT,242.7,386,10/10/2025,12:27:44,12:34:10,2584.175061,R9800BH,250,42.0,6.0,35,222.0303,86.018043,38.413021,67.088208,30.511028,3935.250751,9714.953253
pattern_12,A1850812_200_CN_3,6207140,4207140,22264,R9800BH,DT014,CAT 793,A-185-08-12,48.51,203.78,103.34099,103.34099,249.086275,34.497772,68.288996,0,363512.08,6591870.04,199.87,RIGHT,203.8,413,10/10/2025,12:34:10,12:41:03,1890.295603,R9800BH,225,42.0,6.0,35,249.086275,103.34099,42.958517,68.288996,34.497772,2945.226798,7071.499276
pattern_12,A1850812_200_CN_3,6207141,4207141,22264,R9800BH,DT079,HIT EH5000,A-185-08-12,47.74,184.9,101.419836,101.419836,234.275903,39.651091,57.991467,0,363511.84,6591872.79,198.87,LEFT,184.9,440,10/10/2025,12:41:03,12:48:23,1883.839347,R9800BH,250,42.0,6.0,35,234.275903,101.419836,35.213508,57.991467,39.651091,2841.269788,6432.539604
pattern_12,A1850812_200_CN_3,6207142,4207142,22264,R9800BH,DT061,HIT EH5000,A-185-08-12,55.12,208.48,90.253085,90.253085,223.799381,28.341964,64.015228,0,363510.58,6591870.81,198.91,LEFT,208.5,356,10/10/2025,12:48:23,12:54:19,2314.605682,R9800BH,250,42.0,6.0,35,223.799381,90.253085,41.189104,64.015228,28.341964,3353.545324,8002.235402
pattern_12,A1850812_200_CN_3,6207143,4207143,22264,R9800BH,DT090,HIT EH5000,A-185-08-12,62.56,241.9,95.956619,95.956619,236.021586,34.157137,62.924188,0,363510.16,6591868.01,198.18,LEFT,241.9,374,10/10/2025,12:54:19,13:00:33,2517.396803,R9800BH,250,42.0,6.0,35,236.021586,95.956619,42.983642,62.924188,34.157137,3689.687575,8833.85885
pattern_12,A1850812_200_CN_3,6207144,4207144,22264,R9800BH,DT072,HIT EH5000,A-185-08-12,46.73,246.65,99.044385,99.044385,251.890383,37.616457,72.363696,0,363512.31,6591874.04,199.26,LEFT,246.6,481,10/10/2025,13:00:33,13:08:34,2421.801146,R9800BH,250,42.0,6.0,35,251.890383,99.044385,42.865844,72.363696,37.616457,3525.102085,7871.371281
pattern_12,A1850812_200_CN_3,6207145,4207145,22264,R9800BH,DT044,CAT 793,A-185-08-12,77.69,233.08,108.60031,108.60031,259.280737,36.847346,69.325503,0,363508.94,6591871.52,198.62,STRAIGHT,233.1,388,10/10/2025,13:08:34,13:15:02,1974.682024,R9800BH,225,42.0,6.0,35,259.280737,108.60031,44.507579,69.325503,36.847346,3236.228185,7413.819541
pattern_12,A1850812_200_CN_3,6207146,4207146,22264,R9800BH,DT059,HIT EH5000,A-185-08-12,68.35,232.78,86.666748,86.666748,232.543194,36.406144,63.743391,0,363510.28,6591871.97,199.22,STRAIGHT,232.8,373,10/10/2025,13:15:02,13:21:15,2405.847533,R9800BH,250,42.0,6.0,35,232.543194,86.666748,45.72691,63.743391,36.406144,3603.70804,8647.548185
pattern_12,A1850812_200_CN_3,6207147,4207147,22264,R9800BH,DT047,HIT EH5000,A-185-08-12,53.19,252.22,89.281766,89.281766,224.797002,30.565243,63.422547,0,363509.33,6591872.05,199.42,STRAIGHT,252.2,377,10/10/2025,13:21:15,13:27:32,2844.336271,R9800BH,250,42.0,6.0,35,224.797002,89.281766,41.527445,63.422547,30.565243,4039.237737,9062.189002
pattern_12,A1850812_200_CN_3,6207148,4207148,22264,R9800BH,DT078,HIT EH5000,A-185-08-12,48.49,230.94,100.681683,100.681683,239.147088,32.539841,64.010435,0,363511.99,6591871.26,199.78,LEFT,230.9,431,10/10/2025,13:27:32,13:34:43,2375.868675,R9800BH,250,42.0,6.0,35,239.147088,100.681683,41.915129,64.010435,32.539841,3476.379969,8275.646653
pattern_12,A1850812_200_CN_3,6207149,4207149,22264,R9800BH,DT064,HIT EH5000,A-185-08-12,46.47,209.03,100.651957,100.651957,232.942716,38.958003,56.750631,0,363509.77,6591868.49,199.93,LEFT,209.0,395,10/10/2025,13:34:43,13:41:18,2019.779327,R9800BH,250,42.0,6.0,35,232.942716,100.651957,36.582124,56.750631,38.958003,3230.396014,7495.810761
pattern_12,A1850812_200_CN_4,6207150,4207150,22264,R9800BH,DT040,CAT 793,A-185-08-12,58.34,200.92,114.120854,114.120854,257.50177,32.609178,62.636484,0,363510.84,6591877.73,199.68,STRAIGHT,200.9,363,10/10/2025,13:41:18,13:47:21,1758.845912,R9800BH,225,42.0,6.0,35,257.50177,114.120854,48.135254,62.636484,32.609178,2808.923487,6321.250977
pattern_12,A1850812_200_CN_4,6207151,4207151,22264,R9800BH,DT023,CAT 793,A-185-08-12,52.07,201.06,103.205615,103.205615,248.142505,38.318922,56.792143,0,363510.77,6591876.72,198.73,RIGHT,201.1,410,10/10/2025,13:47:21,13:54:11,1896.072533,R9800BH,225,42.0,6.0,35,248.142505,103.205615,49.825825,56.792143,38.318922,2916.898212,7128.673449
pattern_12,A1850812_200_CN_4,6207152,4207152,22264,R9800BH,DT015,CAT 793,A-185-08-12,54.3,211.65,113.030327,113.030327,251.647205,33.199048,65.323993,0,363514.15,6591876.34,198.46,STRAIGHT,211.7,405,10/10/2025,13:54:11,14:00:56,1908.718401,R9800BH,225,42.0,6.0,35,251.647205,113.030327,40.093837,65.323993,33.199048,3027.849788,6718.838816
pattern_12,A1850812_200_CN_4,6207153,4207153,22264,R9800BH,DT077,HIT EH5000,A-185-08-12,47.08,214.5,113.160199,113.160199,248.321553,30.036166,59.959196,0,363511.4,6591879.62,199.37,LEFT,214.5,397,10/10/2025,14:00:56,14:07:33,1989.250668,R9800BH,250,42.0,6.0,35,248.321553,113.160199,45.165991,59.959196,30.036166,3109.651892,7547.343553
pattern_12,A1850812_200_CN_4,6207154,4207154,22264,R9800BH,DT085,HIT EH5000,A-185-08-12,66.85,214.87,97.411917,97.411917,233.90978,34.24728,56.520667,0,363512.49,6591876.62,198.21,RIGHT,214.9,412,10/10/2025,14:07:33,14:14:25,2231.141376,R9800BH,250,42.0,6.0,35,233.90978,97.411917,45.729916,56.520667,34.24728,3306.923389,7652.813026
pattern_12,A1850812_200_CN_4,6207155,4207155,22264,R9800BH,DT042,CAT 793,A-185-08-12,63.39,212.54,101.375612,101.375612,221.491571,26.069286,57.187929,0,363511.82,6591877.44,198.73,STRAIGHT,212.5,452,10/10/2025,14:14:25,14:21:57,2332.350876,R9800BH,225,42.0,6.0,35,221.491571,101.375612,36.858744,57.187929,26.069286,3454.581269,8191.591999
pattern_12,A1850812_200_CN_4,6207156,4207156,22264,R9800BH,DT038,CAT 793,A-185-08-12,52.18,221.93,106.335396,106.335396,240.821226,36.239572,59.316373,0,363509.93,6591877.49,200.18,LEFT,221.9,372,10/10/2025,14:21:57,14:28:09,1913.732728,R9800BH,225,42.0,6.0,35,240.821226,106.335396,38.929885,59.316373,36.239572,3317.586898,7312.102513
pattern_12,A1850812_200_CN_4,6207157,4207157,22264,R9800BH,DT069,HIT EH5000,A-185-08-12,44.67,220.03,80.366877,80.366877,221.402818,39.235562,66.573096,0,363511.48,6591878.21,198.33,RIGHT,220.0,373,10/10/2025,14:28:09,14:34:22,2320.550872,R9800BH,250,42.0,6.0,35,221.402818,80.366877,35.227283,66.573096,39.235562,3577.662325,8117.225052
pattern_12,A1850812_200_CN_4,6207158,4207158,22264,R9800BH,DT076,HIT EH5000,A-185-08-12,52.86,210.99,99.522695,99.522695,241.214712,37.764952,63.187586,0,363514.76,6591878.68,198.82,STRAIGHT,211.0,399,10/10/2025,14:34:22,14:41:01,2079.187707,R9800BH,250,42.0,6.0,35,241.214712,99.522695,40.739479,63.187586,37.764952,3148.846072,6948.929557
pattern_12,A1850812_200_CN_4,6207159,4207159,22264,R9800BH,DT078,HIT EH5000,A-185-08-12,62.91,206.67,114.425625,114.425625,243.490568,31.086326,59.612445,0,363514.65,6591881.11,198.55,LEFT,206.7,361,10/10/2025,14:41:01,14:47:02,1926.077425,R9800BH,250,42.0,6.0,35,243.490568,114.425625,38.366173,59.612445,31.086326,3055.658207,6783.30269
pattern_12,A1850812_200_CN_4,6207160,4207160,22264,R9800BH,DT065,HIT EH5000,A-185-08-12,44.53,191.84,107.804267,107.804267,235.08066,33.263715,61.896899,0,363510.06,6591879.14,198.81,LEFT,191.8,390,10/10/2025,14:47:02,14:53:32,2062.765367,R9800BH,250,42.0,6.0,35,235.08066,107.804267,32.115778,61.896899,33.263715,2937.84072,6847.95389
pattern_12,A1850812_200_CN_5,6207161,4207161,22264,R9800BH,DT064,HIT EH5000,A-185-08-12,48.94,233.69,98.308895,98.308895,242.061202,37.070203,65.093586,0,363512.2,6591887.71,198.31,STRAIGHT,233.7,433,10/10/2025,14:53:32,15:00:45,2410.723359,R9800BH,250,42.0,6.0,35,242.061202,98.308895,41.588518,65.093586,37.070203,3475.471877,8039.113734
pattern_12,A1850812_200_CN_5,6207162,4207162,22264,R9800BH,DT047,HIT EH5000,A-185-08-12,50.2,226.13,95.943647,95.943647,237.636032,36.614687,60.665269,0,363511.95,6591887.79,199.27,LEFT,226.1,762,10/10/2025,15:00:45,15:13:27,2180.120071,R9800BH,250,42.0,6.0,35,237.636032,95.943647,44.412429,60.665269,36.614687,3425.645454,7719.842998
pattern_12,A1850812_200_CN_5,6207163,4207163,22264,R9800BH,DT057,HIT EH5000,A-185-08-12,43.61,233.31,114.213094,114.213094,265.904491,38.747877,68.306559,0,363511.23,6591887.94,198.66,RIGHT,233.3,507,10/10/2025,15:13:27,15:21:54,2069.520337,R9800BH,250,42.0,6.0,35,265.904491,114.213094,44.636962,68.306559,38.747877,3158.774335,7291.514167
pattern_12,A1850812_200_CN_5,6207164,4207164,22264,R9800BH,DT026,CAT 793,A-185-08-12,47.07,224.3,120.435868,120.435868,258.896981,33.973213,63.774512,0,363512.39,6591889.45,198.91,STRAIGHT,224.3,476,10/10/2025,15:21:54,15:29:50,2043.625174,R9800BH,225,42.0,6.0,35,258.896981,120.435868,40.713388,63.774512,33.973213,3118.930829,6897.749096
pattern_12,A1850812_200_CN_5,6207165,4207165,22264,R9800BH,DT003,CAT 793,A-185-08-12,47.07,228.6,103.073434,103.073434,239.617516,32.869695,66.733945,0,363511.54,6591887.22,198.46,STRAIGHT,228.6,400,10/10/2025,15:29:50,15:36:30,2283.726068,R9800BH,225,42.0,6.0,35,239.617516,103.073434,36.940442,66.733945,32.869695,3434.496877,7942.054817
pattern_12,A1850812_200_CN_5,6207166,4207166,22264,R9800BH,DT073,HIT EH5000,A-185-08-12,49.67,237.72,103.812794,103.812794,238.69553,33.231593,63.561678,0,363514.67,6591888.31,199.22,STRAIGHT,237.7,422,10/10/2025,15:36:30,15:43:32,2445.252579,R9800BH,250,42.0,6.0,35,238.69553,103.812794,38.089464,63.561678,33.231593,3585.291897,8196.662496
pattern_12,A1850812_200_CN_5,6207167,4207167,22264,R9800BH,DT078,HIT EH5000,A-185-08-12,45.33,231.99,93.140401,93.140401,230.279933,36.194595,63.396371,0,363510.01,6591885.95,198.62,STRAIGHT,232.0,401,10/10/2025,15:43:32,15:50:13,2463.63405,R9800BH,250,42.0,6.0,35,230.279933,93.140401,37.548566,63.396371,36.194595,3626.760822,7986.042625
pattern_12,A1850812_200_CN_5,6207168,4207168,22264,R9800BH,DT086,HIT EH5000,A-185-08-12,50.96,210.55,106.363419,106.363419,239.796436,36.279993,59.145031,0,363508.64,6591886.36,199.92,LEFT,210.5,427,10/10/2025,15:50:13,15:57:20,2012.262194,R9800BH,250,42.0,6.0,35,239.796436,106.363419,38.007994,59.145031,36.279993,3160.858248,7399.077544
pattern_12,A1850812_200_CN_5,6207169,4207169,22264,R9800BH,DT037,CAT 793,A-185-08-12,43.18,215.87,98.075384,98.075384,244.188056,35.780335,65.33452,0,363510.72,6591889.36,198.88,LEFT,215.9,406,10/10/2025,15:57:20,16:04:06,2196.270857,R9800BH,225,42.0,6.0,35,244.188056,98.075384,44.997817,65.33452,35.780335,3182.481209,7865.368751
pattern_12,A1850812_200_CN_5,6207170,4207170,22264,R9800BH,DT027,CAT 793,A-185-08-12,45.11,221.6,109.057797,109.057797,258.304445,37.199011,65.865592,0,363512.25,6591886.27,198.32,RIGHT,221.6,391,10/10/2025,16:04:06,16:10:37,1883.838136,R9800BH,225,42.0,6.0,35,258.304445,109.057797,46.182044,65.865592,37.199011,3088.469003,6574.217964
pattern_12,A1850812_200_CN_1,6207171,4207171,22264,R9800BH,DT012,CAT 793,A-185-08-12,53.04,223.78,86.667796,86.667796,225.453163,40.085611,59.621196,0,363516.22,6591845.01,198.53,STRAIGHT,223.8,399,10/10/2025,16:10:37,16:17:16,2507.442988,R9800BH,225,42.0,6.0,35,225.453163,86.667796,39.07856,59.621196,40.085611,3573.35302,9498.846227
pattern_12,A1850812_200_CN_1,6207172,4207172,22264,R9800BH,DT063,HIT EH5000,A-185-08-12,73.99,221.97,80.505666,80.505666,221.220924,40.418164,58.286701,0,363514.23,6591844.23,199.44,RIGHT,222.0,349,10/10/2025,16:17:16,16:23:05,2353.704136,R9800BH,250,42.0,6.0,35,221.220924,80.505666,42.010392,58.286701,40.418164,3612.183103,9528.350088
pattern_12,A1850812_200_CN_1,6207173,4207173,22264,R9800BH,DT055,HIT EH5000,A-185-08-12,47.6,214.23,73.130668,73.130668,206.640559,34.939717,58.348378,0,363515.28,6591843.73,198.46,STRAIGHT,214.2,366,10/10/2025,16:23:05,16:29:11,2543.334715,R9800BH,250,42.0,6.0,35,206.640559,73.130668,40.221795,58.348378,34.939717,3732.137978,9703.812313
pattern_12,A1850812_200_CN_1,6207174,4207174,22264,R9800BH,DT068,HIT EH5000,A-185-08-12,54.67,215.8,77.775688,77.775688,201.131279,27.363906,58.314877,0,363514.59,6591842.87,198.9,RIGHT,215.8,318,10/10/2025,16:29:11,16:34:29,2435.672256,R9800BH,250,42.0,6.0,35,201.131279,77.775688,37.676808,58.314877,27.363906,3862.501531,10313.630108
pattern_12,A1850812_200_CN_1,6207175,4207175,22264,R9800BH,DT034,CAT 793,A-185-08-12,45.64,215.58,69.881362,69.881362,214.644236,36.327061,66.825979,0,363517.87,6591847.2,198.81,RIGHT,215.6,403,10/10/2025,16:34:29,16:41:12,2391.260376,R9800BH,225,42.0,6.0,35,214.644236,69.881362,41.609834,66.825979,36.327061,3615.62091,9388.039462
pattern_12,A1850812_200_CN_1,6207176,4207176,22264,R9800BH,DT054,HIT EH5000,A-185-08-12,56.73,229.53,74.575329,74.575329,213.966993,36.935644,60.841452,0,363519.28,6591844.11,200.06,STRAIGHT,229.5,374,10/10/2025,16:41:12,16:47:26,2621.118525,R9800BH,250,42.0,6.0,35,213.966993,74.575329,41.614568,60.841452,36.935644,3861.928913,10288.406101
pattern_12,A1850812_200_CN_1,6207177,4207177,22264,R9800BH,DT007,CAT 793,A-185-08-12,67.41,252.0,94.045741,94.045741,235.299316,38.182581,63.277993,0,363515.94,6591842.35,198.98,LEFT,252.0,432,10/10/2025,16:47:26,16:54:38,2578.829886,R9800BH,225,42.0,6.0,35,235.299316,94.045741,39.793001,63.277993,38.182581,3855.514821,10025.917206
pattern_12,A1850812_200_CN_1,6207178,4207178,22264,R9800BH,DT005,CAT 793,A-185-08-12,47.85,242.79,75.281182,75.281182,204.22107,33.685145,60.408973,0,363519.67,6591843.05,199.97,LEFT,242.8,358,10/10/2025,16:54:38,17:00:36,3207.632889,R9800BH,225,42.0,6.0,35,204.22107,75.281182,34.84577,60.408973,33.685145,4279.897889,11382.61114
pattern_12,A1850812_200_CN_1,6207179,4207179,22264,R9800BH,DT077,HIT EH5000,A-185-08-12,75.2,243.99,75.282066,75.282066,209.832501,34.309234,59.202098,0,363515.28,6591841.12,199.17,LEFT,244.0,349,10/10/2025,17:00:36,17:06:25,2897.638235,R9800BH,250,42.0,6.0,35,209.832501,75.282066,41.039104,59.202098,34.309234,4186.087769,11209.312138
pattern_12,A1850812_200_CN_4,6207180,4207180,22264,R9800BH,DT068,HIT EH5000,A-185-08-12,68.52,236.83,94.486023,94.486023,234.662716,39.004021,58.21181,0,363511.91,6591894.41,198.92,STRAIGHT,236.8,475,10/10/2025,17:06:25,17:14:20,2253.144965,R9800BH,250,42.0,6.0,35,234.662716,94.486023,42.960862,58.21181,39.004021,3633.283649,9162.902612
pattern_12,A1850812_200_CN_4,6207181,4207181,22264,R9800BH,DT075,HIT EH5000,A-185-08-12,59.79,229.32,103.534168,103.534168,246.745394,34.046736,68.399735,0,363514.57,6591895.64,199.19,RIGHT,229.3,302,10/10/2025,17:14:20,17:19:22,2077.590071,R9800BH,250,42.0,6.0,35,246.745394,103.534168,40.764755,68.399735,34.046736,3345.801975,8303.249259
pattern_12,A1850812_200_CN_4,6207182,4207182,22264,R9800BH,DT026,CAT 793,A-185-08-12,43.96,218.18,89.281616,89.281616,224.979306,34.323241,55.697732,0,363514.48,6591895.47,200.17,LEFT,218.2,340,10/10/2025,17:19:22,17:25:02,2233.477493,R9800BH,225,42.0,6.0,35,224.979306,89.281616,45.676717,55.697732,34.323241,3491.234737,8317.630831
pattern_12,A1850812_200_CN_4,6207183,4207183,22264,R9800BH,DT064,HIT EH5000,A-185-08-12,68.49,248.14,115.204038,115.204038,254.556956,32.354918,60.511801,0,363512.68,6591898.26,199.29,RIGHT,248.1,401,10/10/2025,17:25:02,17:31:43,2132.046398,R9800BH,250,42.0,6.0,35,254.556956,115.204038,46.486199,60.511801,32.354918,3509.211605,8617.720812
pattern_12,A1850812_200_CN_4,6207184,4207184,22264,R9800BH,DT047,HIT EH5000,A-185-08-12,49.61,231.43,100.16641,100.16641,246.069366,36.124998,68.731846,0,363510.63,6591898.71,199.4,STRAIGHT,231.4,425,10/10/2025,17:31:43,17:38:48,2153.60764,R9800BH,250,42.0,6.0,35,246.069366,100.16641,41.046112,68.731846,36.124998,3385.868589,8047.494113
pattern_12,A1850812_200_CN_4,6207185,4207185,22264,R9800BH,DT077,HIT EH5000,A-185-08-12,73.57,228.71,90.429362,90.429362,236.420392,42.97002,58.505204,0,363508.76,6591892.55,198.98,LEFT,228.7,392,10/10/2025,17:38:48,17:45:20,2231.18281,R9800BH,250,42.0,6.0,35,236.420392,90.429362,44.515805,58.505204,42.97002,3482.554332,8066.36888
pattern_12,A1850812_200_CN_4,6207186,4207186,22264,R9800BH,DT057,HIT EH5000,A-185-08-12,46.89,231.45,98.558909,98.558909,232.038422,32.819973,63.904637,0,363514.74,6591896.69,198.88,RIGHT,231.4,425,10/10/2025,17:45:20,17:52:25,2626.486691,R9800BH,250,42.0,6.0,35,232.038422,98.558909,36.754903,63.904637,32.819973,3590.846034,8293.746189
pattern_12,A1850812_200_CN_4,6207187,4207187,22264,R9800BH,DT053,HIT EH5000,A-185-08-12,74.48,223.44,78.78423,78.78423,210.159471,31.283926,60.995064,0,363511.77,6591894.59,198.62,STRAIGHT,223.4,457,10/10/2025,17:52:25,18:00:02,2538.883548,R9800BH,250,42.0,6.0,35,210.159471,78.78423,39.096251,60.995064,31.283926,3827.557878,9259.620876
pattern_12,A1850812_200_CN_4,6207188,4207188,22264,R9800BH,DT016,CAT 793,A-185-08-12,77.11,234.91,85.663284,85.663284,231.933212,33.085192,69.726412,0,363513.58,6591894.47,199.89,LEFT,234.9,398,10/10/2025,18:00:02,18:06:40,2320.946969,R9800BH,225,42.0,6.0,35,231.933212,85.663284,43.458323,69.726412,33.085192,3646.160966,8234.336437
pattern_12,A1850812_200_CN_4,6207189,4207189,22264,R9800BH,DT058,HIT EH5000,A-185-08-12,55.14,233.14,93.538377,93.538377,249.796217,41.64977,70.367265,0,363508.53,6591891.65,198.82,RIGHT,233.1,401,10/10/2025,18:06:40,18:13:21,2401.412019,R9800BH,250,42.0,6.0,35,249.796217,93.538377,44.240805,70.367265,41.64977,3359.892908,8074.330839
pattern_12,A1850812_200_CN_2,6207190,4207190,22264,R9800BH,DT028,CAT 793,A-185-08-12,46.1,245.05,73.188718,73.188718,194.140659,30.76153,56.708074,0,363517.79,6591854.07,198.25,STRAIGHT,245.0,409,10/10/2025,18:13:21,18:20:10,2860.701279,R9800BH,225,42.0,6.0,35,194.140659,73.188718,33.482337,56.708074,30.76153,4544.015763,11604.891532
pattern_12,A1850812_200_CN_2,6207191,4207191,22264,R9800BH,DT045,CAT 793,A-185-08-12,82.78,252.0,74.691006,74.691006,202.53699,32.710588,53.26045,0,363517.15,6591852.8,199.4,LEFT,252.0,397,10/10/2025,18:20:10,18:26:47,2711.081976,R9800BH,225,42.0,6.0,35,202.53699,74.691006,41.874946,53.26045,32.710588,4479.181801,11259.549195
pattern_12,A1850812_200_CN_2,6207192,4207192,22264,R9800BH,DT072,HIT EH5000,A-185-08-12,55.19,238.47,72.824334,72.824334,200.135843,32.908409,56.201064,0,363520.0,6591854.3,198.67,STRAIGHT,238.5,412,10/10/2025,18:26:47,18:33:39,2850.563812,R9800BH,250,42.0,6.0,35,200.135843,72.824334,38.202036,56.201064,32.908409,4289.631651,11355.028748
pattern_12,A1850812_200_CN_2,6207193,4207193,22264,R9800BH,DT068,HIT EH5000,A-185-08-12,46.13,228.87,85.658832,85.658832,213.788795,32.342772,59.485972,0,363519.28,6591850.47,199.4,LEFT,228.9,355,10/10/2025,18:33:39,18:39:34,2377.68729,R9800BH,250,42.0,6.0,35,213.788795,85.658832,36.301219,59.485972,32.342772,3853.908465,9755.480768
pattern_12,A1850812_200_CN_2,6207194,4207194,22264,R9800BH,DT087,HIT EH5000,A-185-08-12,55.56,214.91,76.660244,76.660244,207.470915,35.713223,59.191591,0,363519.23,6591850.74,198.78,LEFT,214.9,378,10/10/2025,18:39:34,18:45:52,2484.346772,R9800BH,250,42.0,6.0,35,207.470915,76.660244,35.905857,59.191591,35.713223,3728.997444,9590.763879
pattern_12,A1850812_200_CN_2,6207195,4207195,22264,R9800BH,DT063,HIT EH5000,A-185-08-12,43.47,199.79,99.302616,99.302616,227.673597,32.292839,58.01919,0,363517.82,6591851.15,199.26,RIGHT,199.8,405,10/10/2025,18:45:52,18:52:37,2088.599772,R9800BH,250,42.0,6.0,35,227.673597,99.302616,38.058952,58.01919,32.292839,3159.173871,8022.732678
pattern_12,A1850812_200_CN_2,6207196,4207196,22264,R9800BH,DT085,HIT EH5000,A-185-08-12,58.52,219.51,71.712276,71.712276,197.004096,27.448409,56.05405,0,363516.23,6591849.42,199.51,LEFT,219.5,436,10/10/2025,18:52:37,18:59:53,2936.340867,R9800BH,250,42.0,6.0,35,197.004096,71.712276,41.789361,56.05405,27.448409,4011.256185,9881.768728
pattern_12,A1850812_200_CN_2,6207197,4207197,22264,R9800BH,DT060,HIT EH5000,A-185-08-12,50.74,223.38,78.112525,78.112525,218.118863,34.345959,63.231905,0,363518.96,6591852.93,199.16,LEFT,223.4,348,10/10/2025,18:59:53,19:05:41,2357.211835,R9800BH,250,42.0,6.0,35,218.118863,78.112525,42.428474,63.231905,34.345959,3686.766908,9860.440402
pattern_12,A1850812_200_CN_2,6207198,4207198,22264,R9800BH,DT068,HIT EH5000,A-185-08-12,65.98,229.72,84.238481,84.238481,220.619131,33.688304,59.478206,0,363513.94,6591851.23,199.15,LEFT,229.7,406,10/10/2025,19:05:41,19:12:27,2478.277193,R9800BH,250,42.0,6.0,35,220.619131,84.238481,43.21414,59.478206,33.688304,3748.47319,9941.559108
pattern_12,A1850812_200_CN_2,6207199,4207199,22264,R9800BH,DT016,CAT 793,A-185-08-12,71.66,249.05,90.876633,90.876633,234.298237,38.401535,63.675687,0,363519.93,6591849.15,199.83,LEFT,249.1,396,10/10/2025,19:12:27,19:19:03,2601.94124,R9800BH,225,42.0,6.0,35,234.298237,90.876633,41.344382,63.675687,38.401535,3826.696414,9570.513862
pattern_12,A1850812_200_CN_3,6207200,4207200,22264,R9800BH,DT048,HIT EH5000,A-185-08-12,60.59,227.11,97.5683,97.5683,229.40233,39.86017,61.609491,0,363518.06,6591859.72,198.89,RIGHT,227.1,361,10/10/2025,19:19:03,19:25:04,2342.020967,R9800BH,250,42.0,6.0,35,229.40233,97.5683,30.364369,61.609491,39.86017,3563.972047,8428.205947
pattern_12,A1850812_200_CN_3,6207201,4207201,22264,R9800BH,DT082,HIT EH5000,A-185-08-12,55.07,215.38,101.058387,101.058387,222.132607,33.384768,53.609144,0,363516.74,6591863.34,199.59,STRAIGHT,215.4,391,10/10/2025,19:25:04,19:31:35,2334.785306,R9800BH,250,42.0,6.0,35,222.132607,101.058387,34.080308,53.609144,33.384768,3490.516934,8646.538824
pattern_12,A1850812_200_CN_3,6207202,4207202,22264,R9800BH,DT043,CAT 793,A-185-08-12,70.58,236.59,96.714327,96.714327,242.412105,37.738984,61.917423,0,363515.29,6591860.22,199.34,STRAIGHT,236.6,381,10/10/2025,19:31:35,19:37:56,2304.361171,R9800BH,225,42.0,6.0,35,242.412105,96.714327,46.041371,61.917423,37.738984,3513.598308,8713.193659
pattern_12,A1850812_200_CN_3,6207203,4207203,22264,R9800BH,DT030,CAT 793,A-185-08-12,61.58,236.31,96.224266,96.224266,226.287971,30.023486,55.324261,0,363516.97,6591855.28,198.47,RIGHT,236.3,330,10/10/2025,19:37:56,19:43:26,2489.208508,R9800BH,225,42.0,6.0,35,226.287971,96.224266,44.715958,55.324261,30.023486,3759.490697,8910.067796
pattern_12,A1850812_200_CN_3,6207204,4207204,22264,R9800BH,DT076,HIT EH5000,A-185-08-12,53.82,239.92,107.893375,107.893375,249.01131,36.762328,62.38785,0,363516.53,6591858.84,198.96,RIGHT,239.9,435,10/10/2025,19:43:26,19:50:41,2437.551941,R9800BH,250,42.0,6.0,35,249.01131,107.893375,41.967757,62.38785,36.762328,3468.522406,8678.013519
pattern_12,A1850812_200_CN_3,6207205,4207205,22264,R9800BH,DT085,HIT EH5000,A-185-08-12,62.94,216.98,88.295961,88.295961,223.478277,33.870138,59.053796,0,363516.8,6591862.49,198.42,STRAIGHT,217.0,368,10/10/2025,19:50:41,19:56:49,2308.085152,R9800BH,250,42.0,6.0,35,223.478277,88.295961,42.258383,59.053796,33.870138,3495.367988,8534.575744
pattern_12,A1850812_200_CN_3,6207206,4207206,22264,R9800BH,DT081,HIT EH5000,A-185-08-12,48.24,217.01,109.840824,109.840824,252.344959,35.013864,65.497985,0,363516.63,6591860.7,198.3,LEFT,217.0,501,10/10/2025,19:56:49,20:05:10,1956.369453,R9800BH,250,42.0,6.0,35,252.344959,109.840824,41.992286,65.497985,35.013864,3095.869341,7428.974829
pattern_12,A1850812_200_CN_3,6207207,4207207,22264,R9800BH,DT072,HIT EH5000,A-185-08-12,53.49,210.86,103.276228,103.276228,241.821841,36.754263,63.163773,0,363519.79,6591861.84,199.6,LEFT,210.9,402,10/10/2025,20:05:10,20:11:52,2119.483099,R9800BH,250,42.0,6.0,35,241.821841,103.276228,38.627578,63.163773,36.754263,3139.044172,7483.585532
pattern_12,A1850812_200_CN_3,6207208,4207208,22264,R9800BH,DT056,HIT EH5000,A-185-08-12,54.0,214.72,102.749469,102.749469,241.730935,28.793928,64.689953,0,363517.05,6591859.06,198.77,LEFT,214.7,443,10/10/2025,20:11:52,20:19:15,2232.242477,R9800BH,250,42.0,6.0,35,241.730935,102.749469,45.497585,64.689953,28.793928,3197.750878,7803.097216
pattern_12,A1850812_200_CN_3,6207209,4207209,22264,R9800BH,DT088,HIT EH5000,A-185-08-12,60.24,218.41,97.099114,97.099114,229.683527,35.58713,59.875144,0,363518.31,6591859.43,199.74,STRAIGHT,218.4,285,10/10/2025,20:19:15,20:24:00,2309.439007,R9800BH,250,42.0,6.0,35,229.683527,97.099114,37.122139,59.875144,35.58713,3423.368265,7920.074062
pattern_12,A1850812_200_CN_3,6207210,4207210,22264,R9800BH,DT077,HIT EH5000,A-185-08-12,53.67,202.4,89.507142,89.507142,228.571961,29.273094,62.676751,0,363516.18,6591869.89,199.16,LEFT,202.4,321,10/10/2025,20:24:00,20:29:21,2050.392364,R9800BH,250,42.0,6.0,35,228.571961,89.507142,47.114973,62.676751,29.273094,3187.82776,7550.011263
pattern_12,A1850812_200_CN_3,6207211,4207211,22264,R9800BH,DT084,HIT EH5000,A-185-08-12,63.31,228.21,85.93569,85.93569,219.062484,32.762591,59.623927,0,363519.82,6591866.49,198.41,STRAIGHT,228.2,446,10/10/2025,20:29:21,20:36:47,2523.054454,R9800BH,250,42.0,6.0,35,219.062484,85.93569,40.740276,59.623927,32.762591,3750.371081,9195.50057
pattern_12,A1850812_200_CN_3,6207212,4207212,22264,R9800BH,DT079,HIT EH5000,A-185-08-12,73.46,230.6,110.29449,110.29449,251.886562,38.13183,62.982501,0,363514.33,6591869.2,199.25,RIGHT,230.6,401,10/10/2025,20:36:47,20:43:28,2210.189467,R9800BH,250,42.0,6.0,35,251.886562,110.29449,40.477742,62.982501,38.13183,3295.786667,8183.313967
pattern_12,A1850812_200_CN_3,6207213,4207213,22264,R9800BH,DT056,HIT EH5000,A-185-08-12,54.68,218.27,108.071202,108.071202,235.345457,32.809536,56.666954,0,363521.54,6591868.98,199.4,LEFT,218.3,366,10/10/2025,20:43:28,20:49:34,2275.125657,R9800BH,250,42.0,6.0,35,235.345457,108.071202,37.797765,56.666954,32.809536,3338.766705,7860.15034
pattern_12,A1850812_200_CN_3,6207214,4207214,22264,R9800BH,DT087,HIT EH5000,A-185-08-12,51.06,216.1,95.143695,95.143695,243.239692,36.939535,69.905202,0,363512.63,6591868.49,199.44,RIGHT,216.1,384,10/10/2025,20:49:34,20:55:58,1869.397352,R9800BH,250,42.0,6.0,35,243.239692,95.143695,41.25126,69.905202,36.939535,3198.385259,7134.968525
pattern_12,A1850812_200_CN_3,6207215,4207215,22264,R9800BH,DT039,CAT 793,A-185-08-12,78.97,236.9,106.053314,106.053314,244.586562,39.510838,64.844545,0,363519.73,6591865.48,198.68,STRAIGHT,236.9,374,10/10/2025,20:55:58,21:02:12,2280.302016,R9800BH,225,42.0,6.0,35,244.586562,106.053314,34.177865,64.844545,39.510838,3486.895749,8493.221524
pattern_12,A1850812_200_CN_3,6207216,4207216,22264,R9800BH,DT070,HIT EH5000,A-185-08-12,54.98,240.29,100.988656,100.988656,240.585301,39.614138,64.062393,0,363519.38,6591866.14,198.68,LEFT,240.3,461,10/10/2025,21:02:12,21:09:53,2259.294946,R9800BH,250,42.0,6.0,35,240.585301,100.988656,35.920114,64.062393,39.614138,3595.573055,8287.971294
pattern_12,A1850812_200_CN_3,6207217,4207217,22264,R9800BH,DT010,CAT 793,A-185-08-12,45.0,221.93,86.268715,86.268715,225.73673,36.860009,64.7827,0,363518.63,6591866.54,198.93,LEFT,221.9,377,10/10/2025,21:09:53,21:16:10,2319.81383,R9800BH,225,42.0,6.0,35,225.73673,86.268715,37.825305,64.7827,36.860009,3539.296679,8194.196005
pattern_12,A1850812_200_CN_3,6207218,4207218,22264,R9800BH,DT061,HIT EH5000,A-185-08-12,54.38,237.4,95.390857,95.390857,236.830262,43.955177,61.608704,0,363519.54,6591868.94,198.81,RIGHT,237.4,464,10/10/2025,21:16:10,21:23:54,2427.8221,R9800BH,250,42.0,6.0,35,236.830262,95.390857,35.875525,61.608704,43.955177,3608.693353,8675.761703
pattern_12,A1850812_200_CN_3,6207219,4207219,22264,R9800BH,DT077,HIT EH5000,A-185-08-12,73.27,219.8,93.200938,93.200938,248.562426,34.538472,71.299874,0,363522.7,6591866.85,199.65,STRAIGHT,219.8,441,10/10/2025,21:23:54,21:31:15,2160.889876,R9800BH,250,42.0,6.0,35,248.562426,93.200938,49.523142,71.299874,34.538472,3183.455245,7302.915578
pattern_12,A1850812_200_CN_3,6207220,4207220,22264,R9800BH,DT012,CAT 793,A-185-08-12,65.09,236.75,108.819421,108.819421,252.553312,34.199253,64.456631,0,363519.09,6591876.28,198.91,LEFT,236.7,428,10/10/2025,21:31:15,21:38:23,2241.938997,R9800BH,225,42.0,6.0,35,252.553312,108.819421,45.078007,64.456631,34.199253,3374.691191,7525.944405
pattern_12,A1850812_200_CN_3,6207221,4207221,22264,R9800BH,DT030,CAT 793,A-185-08-12,65.63,216.11,95.604989,95.604989,242.119462,35.9361,65.970573,0,363518.6,6591875.02,198.96,STRAIGHT,216.1,425,10/10/2025,21:38:23,21:45:28,2100.376021,R9800BH,225,42.0,6.0,35,242.119462,95.604989,44.607801,65.970573,35.9361,3213.221201,7608.831209
pattern_12,A1850812_200_CN_3,6207222,4207222,22264,R9800BH,DT078,HIT EH5000,A-185-08-12,69.25,219.58,133.435882,133.435882,277.777153,43.166483,59.164252,0,363518.15,6591879.38,198.56,STRAIGHT,219.6,462,10/10/2025,21:45:28,21:53:10,1857.004736,R9800BH,250,42.0,6.0,35,277.777153,133.435882,42.010536,59.164252,43.166483,2845.750813,6224.977561
pattern_12,A1850812_200_CN_3,6207223,4207223,22264,R9800BH,DT062,HIT EH5000,A-185-08-12,45.73,208.73,108.50915,108.50915,252.195758,37.632947,69.158548,0,363515.87,6591877.81,198.53,RIGHT,208.7,448,10/10/2025,21:53:10,22:00:38,2087.960288,R9800BH,250,42.0,6.0,35,252.195758,108.50915,36.895113,69.158548,37.632947,2979.515797,6863.791689
pattern_12,A1850812_200_CN_3,6207224,4207224,22264,R9800BH,DT089,HIT EH5000,A-185-08-12,37.36,203.88,103.798116,103.798116,245.489119,38.049792,67.940869,0,363516.43,6591877.75,199.79,STRAIGHT,203.9,415,10/10/2025,22:00:38,22:07:33,2023.533402,R9800BH,250,42.0,6.0,35,245.489119,103.798116,35.700342,67.940869,38.049792,2989.866928,6953.030529
pattern_12,A1850812_200_CN_3,6207225,4207225,22264,R9800BH,DT019,CAT 793,A-185-08-12,49.09,206.75,99.689047,99.689047,234.412731,29.271321,65.017976,0,363516.2,6591873.77,198.33,STRAIGHT,206.7,375,10/10/2025,22:07:33,22:13:48,1912.213678,R9800BH,225,42.0,6.0,35,234.412731,99.689047,40.434387,65.017976,29.271321,3175.151615,7080.034456
pattern_12,A1850812_200_CN_3,6207226,4207226,22264,R9800BH,DT086,HIT EH5000,A-185-08-12,60.14,230.38,123.96158,123.96158,276.445403,42.547083,60.894389,0,363518.27,6591874.32,198.44,LEFT,230.4,445,10/10/2025,22:13:48,22:21:13,1884.966028,R9800BH,250,42.0,6.0,35,276.445403,123.96158,49.042351,60.894389,42.547083,3000.123047,6861.672854
pattern_12,A1850812_200_CN_3,6207227,4207227,22264,R9800BH,DT060,HIT EH5000,A-185-08-12,53.71,242.93,110.052968,110.052968,260.473879,31.75107,71.385224,0,363520.38,6591873.36,198.44,STRAIGHT,242.9,368,10/10/2025,22:21:13,22:27:21,1949.627033,R9800BH,250,42.0,6.0,35,260.473879,110.052968,47.284616,71.385224,31.75107,3357.59547,7797.529685
pattern_12,A1850812_200_CN_3,6207228,4207228,22264,R9800BH,DT030,CAT 793,A-185-08-12,56.0,238.75,108.265809,108.265809,252.789026,32.969211,63.422963,0,363519.27,6591873.12,199.66,LEFT,238.8,422,10/10/2025,22:27:21,22:34:23,2129.110623,R9800BH,225,42.0,6.0,35,252.789026,108.265809,48.131043,63.422963,32.969211,3400.12635,7912.202893
pattern_12,A1850812_200_CN_3,6207229,4207229,22264,R9800BH,DT022,CAT 793,A-185-08-12,69.22,250.98,119.76544,119.76544,263.041594,33.782875,69.564828,0,363517.0,6591876.38,199.61,LEFT,251.0,456,10/10/2025,22:34:23,22:41:59,1997.031469,R9800BH,225,42.0,6.0,35,263.041594,119.76544,39.92845,69.564828,33.782875,3434.913942,7946.340248
pattern_12,A1850812_200_CN_5,6207230,4207230,22264,R9800BH,DT062,HIT EH5000,A-185-08-12,58.68,230.21,100.951609,100.951609,237.04866,35.386718,65.706023,0,363516.61,6591882.93,199.03,STRAIGHT,230.2,434,10/10/2025,22:41:59,22:49:13,2057.666459,R9800BH,250,42.0,6.0,35,237.04866,100.951609,35.00431,65.706023,35.386718,3496.075104,7697.745935
pattern_12,A1850812_200_CN_5,6207231,4207231,22264,R9800BH,DT020,CAT 793,A-185-08-12,55.46,218.76,104.823498,104.823498,237.377277,41.307307,53.867441,0,363515.34,6591883.78,199.65,LEFT,218.8,387,10/10/2025,22:49:13,22:55:40,2025.659754,R9800BH,225,42.0,6.0,35,237.377277,104.823498,37.379032,53.867441,41.307307,3317.703988,7449.043542
pattern_12,A1850812_200_CN_5,6207232,4207232,22264,R9800BH,DT081,HIT EH5000,A-185-08-12,55.12,213.81,108.612351,108.612351,265.355318,45.564604,65.418683,0,363517.39,6591883.51,199.8,LEFT,213.8,494,10/10/2025,22:55:40,23:03:54,1933.815483,R9800BH,250,42.0,6.0,35,265.355318,108.612351,45.75968,65.418683,45.564604,2900.723837,6316.228338
pattern_12,A1850812_200_CN_5,6207233,4207233,22264,R9800BH,DT028,CAT 793,A-185-08-12,41.16,215.51,110.50352,110.50352,245.717116,37.501812,66.676285,0,363523.11,6591881.85,198.39,RIGHT,215.5,407,10/10/2025,23:03:54,23:10:41,2102.290962,R9800BH,225,42.0,6.0,35,245.717116,110.50352,31.035499,66.676285,37.501812,3157.390843,6960.738745
pattern_12,A1850812_200_CN_5,6207234,4207234,22264,R9800BH,DT056,HIT EH5000,A-185-08-12,47.0,203.45,98.721451,98.721451,247.528104,39.67128,67.589805,0,363520.08,6591887.46,198.98,RIGHT,203.4,418,10/10/2025,23:10:41,23:17:39,2058.788119,R9800BH,250,42.0,6.0,35,247.528104,98.721451,41.545567,67.589805,39.67128,2958.869951,6269.111692
pattern_12,A1850812_200_CN_5,6207235,4207235,22264,R9800BH,DT055,HIT EH5000,A-185-08-12,69.8,222.99,101.508285,101.508285,245.09057,39.354281,60.046945,0,363519.77,6591882.53,198.27,STRAIGHT,223.0,472,10/10/2025,23:17:39,23:25:31,2199.617904,R9800BH,250,42.0,6.0,35,245.09057,101.508285,44.181059,60.046945,39.354281,3275.448265,6856.479162
pattern_12,A1850812_200_CN_5,6207236,4207236,22264,R9800BH,DT058,HIT EH5000,A-185-08-12,36.08,210.75,111.144708,111.144708,259.024803,38.575588,59.424737,0,363522.05,6591880.88,198.13,STRAIGHT,210.8,379,10/10/2025,23:25:31,23:31:50,1776.723711,R9800BH,250,42.0,6.0,35,259.024803,111.144708,49.879771,59.424737,38.575588,2929.084514,6253.291561
pattern_12,A1850812_200_CN_5,6207237,4207237,22264,R9800BH,DT049,HIT EH5000,A-185-08-12,61.36,214.11,103.373582,103.373582,237.417321,38.693029,62.87723,0,363516.64,6591884.92,199.39,LEFT,214.1,478,10/10/2025,23:31:50,23:39:48,1970.699196,R9800BH,250,42.0,6.0,35,237.417321,103.373582,32.473478,62.87723,38.693029,3246.533368,7547.2626
pattern_12,A1850812_200_CN_5,6207238,4207238,22264,R9800BH,DT090,HIT EH5000,A-185-08-12,65.67,197.01,107.91568,107.91568,245.914558,29.472036,61.087509,0,363522.04,6591881.24,198.45,LEFT,197.0,447,10/10/2025,23:39:48,23:47:15,1994.837723,R9800BH,250,42.0,6.0,35,245.914558,107.91568,47.439333,61.087509,29.472036,2884.103025,6105.601127
pattern_12,A1850812_200_CN_5,6207239,4207239,22264,R9800BH,DT014,CAT 793,A-185-08-12,39.4,195.56,112.034282,112.034282,251.391961,39.095016,60.325417,0,363518.33,6591878.43,199.7,STRAIGHT,195.6,365,10/10/2025,23:47:15,23:53:20,1723.254228,R9800BH,225,42.0,6.0,35,251.391961,112.034282,39.937246,60.325417,39.095016,2800.525971,6020.514599
pattern_12,A1850812_200_CN_5,6207240,4207240,22264,R9800BH,DT078,HIT EH5000,A-185-08-12,51.55,200.1,130.556217,130.556217,281.87351,35.064406,70.414678,0,363516.91,6591880.29,198.74,LEFT,200.1,441,10/10/2025,23:53:20,00:00:41,1415.066216,R9800BH,250,42.0,6.0,35,281.87351,130.556217,45.838209,70.414678,35.064406,2555.672382,5490.582601
pattern_12,A1850812_200_CN_1,6207241,4207241,22264,R9800BH,DT078,HIT EH5000,A-185-08-12,55.58,215.88,64.95231,64.95231,193.002626,32.104279,55.600407,0,363523.0,6591836.18,198.52,LEFT,215.9,371,11/10/2025,00:00:41,00:06:52,2836.749598,R9800BH,250,42.0,6.0,35,193.002626,64.95231,40.345631,55.600407,32.104279,4026.766807,10753.832966
pattern_12,A1850812_200_CN_1,6207242,4207242,22264,R9800BH,DT060,HIT EH5000,A-185-08-12,54.0,237.53,63.141664,63.141664,204.483784,33.022385,66.559329,0,363524.51,6591836.83,199.33,STRAIGHT,237.5,354,11/10/2025,00:06:52,00:12:46,2989.218531,R9800BH,250,42.0,6.0,35,204.483784,63.141664,41.760406,66.559329,33.022385,4181.857007,11258.38989
pattern_12,A1850812_200_CN_1,6207243,4207243,22264,R9800BH,DT006,CAT 793,A-185-08-12,51.67,232.45,76.028785,76.028785,203.289258,31.556965,59.778215,0,363520.52,6591838.37,198.9,LEFT,232.5,418,11/10/2025,00:12:46,00:19:44,2977.30748,R9800BH,225,42.0,6.0,35,203.289258,76.028785,35.925293,59.778215,31.556965,4116.48135,10820.637591
pattern_12,A1850812_200_CN_1,6207244,4207244,22264,R9800BH,DT010,CAT 793,A-185-08-12,59.22,222.56,74.28008,74.28008,197.588435,34.192423,57.706004,0,363521.49,6591841.18,198.86,STRAIGHT,222.6,320,11/10/2025,00:19:44,00:25:04,2780.286757,R9800BH,225,42.0,6.0,35,197.588435,74.28008,31.409927,57.706004,34.192423,4054.944059,10982.939979
pattern_12,A1850812_200_CN_1,6207245,4207245,22264,R9800BH,DT069,HIT EH5000,A-185-08-12,60.1,242.74,63.783852,63.783852,207.429315,38.392394,66.827443,0,363522.95,6591837.59,198.27,LEFT,242.7,377,11/10/2025,00:25:04,00:31:21,3021.663073,R9800BH,250,42.0,6.0,35,207.429315,63.783852,38.425625,66.827443,38.392394,4212.777743,10890.12978
pattern_12,A1850812_200_CN_1,6207246,4207246,22264,R9800BH,DT062,HIT EH5000,A-185-08-12,60.71,238.7,77.6129,77.6129,220.826853,38.571913,62.421827,0,363520.97,6591839.36,198.95,STRAIGHT,238.7,350,11/10/2025,00:31:21,00:37:11,2683.469772,R9800BH,250,42.0,6.0,35,220.826853,77.6129,42.220213,62.421827,38.571913,3891.40307,10250.288697
pattern_12,A1850812_200_CN_1,6207247,4207247,22264,R9800BH,DT049,HIT EH5000,A-185-08-12,64.83,223.82,75.818948,75.818948,217.060294,41.749302,59.232094,0,363522.69,6591839.24,199.78,STRAIGHT,223.8,404,11/10/2025,00:37:11,00:43:55,2490.496048,R9800BH,250,42.0,6.0,35,217.060294,75.818948,40.25995,59.232094,41.749302,3712.037024,9492.048466
pattern_12,A1850812_200_CN_1,6207248,4207248,22264,R9800BH,DT085,HIT EH5000,A-185-08-12,50.15,226.1,80.22182,80.22182,229.02919,38.890888,58.894508,0,363522.79,6591836.22,198.57,STRAIGHT,226.1,380,11/10/2025,00:43:55,00:50:15,2343.900052,R9800BH,250,42.0,6.0,35,229.02919,80.22182,51.021974,58.894508,38.890888,3554.014792,9648.079605
pattern_12,A1850812_200_CN_1,6207249,4207249,22264,R9800BH,DT038,CAT 793,A-185-08-12,50.15,211.03,72.943854,72.943854,205.123043,39.426438,58.911038,0,363525.84,6591837.48,198.61,STRAIGHT,211.0,373,11/10/2025,00:50:15,00:56:28,2531.771052,R9800BH,225,42.0,6.0,35,205.123043,72.943854,33.841714,58.911038,39.426438,3703.627194,10025.585713
pattern_12,A1850812_200_CN_1,6207250,4207250,22264,R9800BH,DT053,HIT EH5000,A-185-08-12,51.37,209.55,77.441299,77.441299,216.191422,41.083764,58.758622,0,363522.71,6591841.4,198.97,STRAIGHT,209.6,285,11/10/2025,00:56:28,01:01:13,2325.32885,R9800BH,250,42.0,6.0,35,216.191422,77.441299,38.907737,58.758622,41.083764,3489.413516,9039.916601
pattern_12,A1850812_200_CN_4,6207251,4207251,22264,R9800BH,DT029,CAT 793,A-185-08-12,45.45,202.9,83.149261,83.149261,220.673409,33.482424,56.317752,0,363519.57,6591889.09,199.69,LEFT,202.9,346,11/10/2025,01:01:13,01:06:59,2125.508632,R9800BH,225,42.0,6.0,35,220.673409,83.149261,47.723972,56.317752,33.482424,3309.980319,8436.699113
pattern_12,A1850812_200_CN_4,6207252,4207252,22264,R9800BH,DT045,CAT 793,A-185-08-12,48.82,197.46,69.203667,69.203667,195.342151,32.854816,54.468117,0,363518.46,6591893.35,198.5,RIGHT,197.5,382,11/10/2025,01:06:59,01:13:21,2534.321765,R9800BH,225,42.0,6.0,35,195.342151,69.203667,38.81555,54.468117,32.854816,3639.107254,9222.172532
pattern_12,A1850812_200_CN_4,6207253,4207253,22264,R9800BH,DT003,CAT 793,A-185-08-12,50.3,211.69,83.836037,83.836037,235.450422,39.652714,65.797274,0,363514.95,6591890.87,199.89,LEFT,211.7,386,11/10/2025,01:13:21,01:19:47,2166.906351,R9800BH,225,42.0,6.0,35,235.450422,83.836037,46.164397,65.797274,39.652714,3236.66454,8285.243669
pattern_12,A1850812_200_CN_4,6207254,4207254,22264,R9800BH,DT040,CAT 793,A-185-08-12,57.35,228.53,84.053123,84.053123,216.25987,34.634007,54.722761,0,363514.72,6591896.23,199.96,RIGHT,228.5,398,11/10/2025,01:19:47,01:26:25,2530.805711,R9800BH,225,42.0,6.0,35,216.25987,84.053123,42.849979,54.722761,34.634007,3804.222051,9608.104471
pattern_12,A1850812_200_CN_4,6207255,4207255,22264,R9800BH,DT016,CAT 793,A-185-08-12,79.13,237.4,88.357522,88.357522,217.675425,33.412089,63.495282,0,363519.15,6591891.95,199.37,STRAIGHT,237.4,409,11/10/2025,01:26:25,01:33:14,2748.301734,R9800BH,225,42.0,6.0,35,217.675425,88.357522,32.410533,63.495282,33.412089,3926.217035,9282.141709
pattern_12,A1850812_200_CN_4,6207256,4207256,22264,R9800BH,DT065,HIT EH5000,A-185-08-12,75.96,227.88,86.783172,86.783172,214.993892,35.523676,58.487529,0,363516.79,6591887.14,198.24,STRAIGHT,227.9,405,11/10/2025,01:33:14,01:39:59,2726.960699,R9800BH,250,42.0,6.0,35,214.993892,86.783172,34.199515,58.487529,35.523676,3815.852791,9616.008067
pattern_12,A1850812_200_CN_4,6207257,4207257,22264,R9800BH,DT032,CAT 793,A-185-08-12,65.41,229.1,89.070561,89.070561,232.146089,35.761196,66.058688,0,363523.0,6591891.49,198.15,RIGHT,229.1,447,11/10/2025,01:39:59,01:47:26,2479.73685,R9800BH,225,42.0,6.0,35,232.146089,89.070561,41.255643,66.058688,35.761196,3552.816705,9043.416816
pattern_12,A1850812_200_CN_4,6207258,4207258,22264,R9800BH,DT066,HIT EH5000,A-185-08-12,44.35,211.28,85.130309,85.130309,223.987187,39.788909,55.071742,0,363519.04,6591893.76,198.72,RIGHT,211.3,372,11/10/2025,01:47:26,01:53:38,2175.356178,R9800BH,250,42.0,6.0,35,223.987187,85.130309,43.996228,55.071742,39.788909,3395.720589,8856.718722
pattern_12,A1850812_200_CN_4,6207259,4207259,22264,R9800BH,DT089,HIT EH5000,A-185-08-12,50.83,217.08,91.829001,91.829001,225.988279,37.963006,56.518802,0,363515.07,6591893.43,198.56,RIGHT,217.1,431,11/10/2025,01:53:38,02:00:49,2366.112853,R9800BH,250,42.0,6.0,35,225.988279,91.829001,39.67747,56.518802,37.963006,3458.053197,8403.40711
pattern_12,A1850812_200_CN_4,6207260,4207260,22264,R9800BH,DT063,HIT EH5000,A-185-08-12,50.59,213.94,84.935076,84.935076,218.64709,31.018234,57.336656,0,363517.95,6591890.9,199.64,RIGHT,213.9,339,11/10/2025,02:00:49,02:06:28,2448.7772,R9800BH,250,42.0,6.0,35,218.64709,84.935076,45.357124,57.336656,31.018234,3522.556449,8859.294306
pattern_12,A1850812_200_CN_4,6207261,4207261,22264,R9800BH,DT086,HIT EH5000,A-185-08-12,35.83,214.96,93.552195,93.552195,228.514944,33.889575,58.264115,0,363519.61,6591890.15,199.58,STRAIGHT,215.0,378,11/10/2025,02:06:28,02:12:46,2128.608933,R9800BH,250,42.0,6.0,35,228.514944,93.552195,42.809058,58.264115,33.889575,3386.409736,8511.247606
pattern_12,A1850812_200_CN_1,6207262,4207262,22264,R9800BH,DT090,HIT EH5000,A-185-08-12,46.68,238.76,78.396488,78.396488,207.477316,33.009619,58.111683,0,363525.89,6591847.41,198.5,LEFT,238.8,305,11/10/2025,02:12:46,02:17:51,2968.235125,R9800BH,250,42.0,6.0,35,207.477316,78.396488,37.959527,58.111683,33.009619,4142.729279,10635.545347
pattern_12,A1850812_200_CN_1,6207263,4207263,22264,R9800BH,DT002,CAT 793,A-185-08-12,46.46,239.26,80.549904,80.549904,218.770036,33.058538,65.100024,0,363523.59,6591847.24,199.61,RIGHT,239.3,377,11/10/2025,02:17:51,02:24:08,2675.867541,R9800BH,225,42.0,6.0,35,218.770036,80.549904,40.061571,65.100024,33.058538,3937.218874,10276.204776
pattern_12,A1850812_200_CN_1,6207264,4207264,22264,R9800BH,DT023,CAT 793,A-185-08-12,49.21,243.45,88.907533,88.907533,218.741589,37.710241,58.250256,0,363524.79,6591847.29,199.24,LEFT,243.5,334,11/10/2025,02:24:08,02:29:42,2653.091785,R9800BH,225,42.0,6.0,35,218.741589,88.907533,33.873559,58.250256,37.710241,4006.667504,10422.413397
pattern_12,A1850812_200_CN_1,6207265,4207265,22264,R9800BH,DT076,HIT EH5000,A-185-08-12,53.43,232.39,76.613501,76.613501,207.698984,34.675126,56.332437,0,363523.34,6591847.89,198.16,LEFT,232.4,387,11/10/2025,02:29:42,02:36:09,2812.570152,R9800BH,250,42.0,6.0,35,207.698984,76.613501,40.077919,56.332437,34.675126,4028.03446,10309.57781
pattern_12,A1850812_200_CN_1,6207266,4207266,22264,R9800BH,DT090,HIT EH5000,A-185-08-12,73.4,220.2,73.408921,73.408921,209.820828,40.085704,58.434563,0,363523.89,6591842.94,199.28,LEFT,220.2,366,11/10/2025,02:36:09,02:42:15,2496.136992,R9800BH,250,42.0,6.0,35,209.820828,73.408921,37.89164,58.434563,40.085704,3778.133896,9725.917325
pattern_12,A1850812_200_CN_1,6207267,4207267,22264,R9800BH,DT057,HIT EH5000,A-185-08-12,44.89,199.45,70.530776,70.530776,200.166393,33.286809,57.602682,0,363526.1,6591851.83,199.38,STRAIGHT,199.5,398,11/10/2025,02:42:15,02:48:53,2422.571846,R9800BH,250,42.0,6.0,35,200.166393,70.530776,38.746126,57.602682,33.286809,3587.153775,9442.18549
pattern_12,A1850812_200_CN_1,6207268,4207268,22264,R9800BH,DT083,HIT EH5000,A-185-08-12,47.18,225.8,78.285414,78.285414,211.661299,37.38595,56.941675,0,363525.73,6591846.62,200.01,RIGHT,225.8,313,11/10/2025,02:48:53,02:54:06,2483.007259,R9800BH,250,42.0,6.0,35,211.661299,78.285414,39.048261,56.941675,37.38595,3840.529494,10627.287794
pattern_12,A1850812_200_CN_1,6207269,4207269,22264,R9800BH,DT090,HIT EH5000,A-185-08-12,75.07,225.2,78.251677,78.251677,210.533403,31.112286,61.012563,0,363520.6,6591848.59,200.09,LEFT,225.2,318,11/10/2025,02:54:06,02:59:24,2801.752876,R9800BH,250,42.0,6.0,35,210.533403,78.251677,40.156877,61.012563,31.112286,3850.76905,9579.384709
pattern_12,A1850812_200_CN_1,6207270,4207270,22264,R9800BH,DT002,CAT 793,A-185-08-12,58.54,221.61,77.893942,77.893942,220.07267,34.286746,66.512048,0,363523.07,6591847.69,198.32,RIGHT,221.6,409,11/10/2025,02:59:24,03:06:13,2484.141252,R9800BH,225,42.0,6.0,35,220.07267,77.893942,41.379935,66.512048,34.286746,3625.109655,9387.639036
pattern_12,A1850812_200_CN_3,6207271,4207271,22264,R9800BH,DT089,HIT EH5000,A-185-08-12,60.06,240.99,69.996523,69.996523,218.981429,39.584086,64.404154,0,363517.18,6591899.89,198.53,LEFT,241.0,456,11/10/2025,03:06:13,03:13:49,2613.750407,R9800BH,250,42.0,6.0,35,218.981429,69.996523,44.996667,64.404154,39.584086,3961.737985,10401.756749
pattern_12,A1850812_200_CN_3,6207272,4207272,22264,R9800BH,DT077,HIT EH5000,A-185-08-12,60.51,253.14,81.559416,81.559416,218.234249,37.317131,59.547383,0,363516.75,6591896.78,198.75,LEFT,253.1,406,11/10/2025,03:13:49,03:20:35,2603.349703,R9800BH,250,42.0,6.0,35,218.234249,81.559416,39.810319,59.547383,37.317131,4175.845848,11200.984466
pattern_12,A1850812_200_CN_3,6207273,4207273,22264,R9800BH,DT076,HIT EH5000,A-185-08-12,61.49,251.03,93.597293,93.597293,238.947186,31.98937,74.185868,0,363518.21,6591900.33,198.58,LEFT,251.0,380,11/10/2025,03:20:35,03:26:55,2415.20875,R9800BH,250,42.0,6.0,35,238.947186,93.597293,39.174655,74.185868,31.98937,3782.030443,9688.7958
pattern_12,A1850812_200_CN_3,6207274,4207274,22264,R9800BH,DT051,HIT EH5000,A-185-08-12,40.97,224.56,72.94382,72.94382,204.755682,30.232441,59.797053,0,363518.01,6591898.88,199.79,LEFT,224.6,431,11/10/2025,03:26:55,03:34:06,2970.195431,R9800BH,250,42.0,6.0,35,204.755682,72.94382,41.782369,59.797053,30.232441,3948.284985,10650.228389
pattern_12,A1850812_200_CN_3,6207275,4207275,22264,R9800BH,DT076,HIT EH5000,A-185-08-12,39.74,221.39,71.282556,71.282556,213.043367,42.507743,57.690322,0,363522.0,6591901.9,199.99,STRAIGHT,221.4,318,11/10/2025,03:34:06,03:39:24,2508.24637,R9800BH,250,42.0,6.0,35,213.043367,71.282556,41.562745,57.690322,42.507743,3741.07611,9812.197398
pattern_12,A1850812_200_CN_3,6207276,4207276,22264,R9800BH,DT052,HIT EH5000,A-185-08-12,43.61,209.95,65.671777,65.671777,191.349315,35.325871,55.954972,0,363520.28,6591898.49,198.83,STRAIGHT,210.0,332,11/10/2025,03:39:24,03:44:56,2732.161319,R9800BH,250,42.0,6.0,35,191.349315,65.671777,34.396694,55.954972,35.325871,3949.987452,10355.122556
pattern_12,A1850812_200_CN_3,6207277,4207277,22264,R9800BH,DT081,HIT EH5000,A-185-08-12,54.31,229.87,85.165142,85.165142,220.680485,40.524733,58.565638,0,363521.06,6591901.88,199.43,STRAIGHT,229.9,370,11/10/2025,03:44:56,03:51:06,2563.837376,R9800BH,250,42.0,6.0,35,220.680485,85.165142,36.424971,58.565638,40.524733,3749.881511,10307.08025
pattern_12,A1850812_200_CN_3,6207278,4207278,22264,R9800BH,DT053,HIT EH5000,A-185-08-12,47.46,256.47,77.405369,77.405369,203.767823,33.231669,55.396833,0,363517.03,6591901.86,199.15,STRAIGHT,256.5,382,11/10/2025,03:51:06,03:57:28,2871.750833,R9800BH,250,42.0,6.0,35,203.767823,77.405369,37.733953,55.396833,33.231669,4531.089894,11173.016883
pattern_12,A1850812_200_CN_3,6207279,4207279,22264,R9800BH,DT081,HIT EH5000,A-185-08-12,72.48,260.97,83.522294,83.522294,215.94539,28.426362,65.133777,0,363519.26,6591896.6,199.7,RIGHT,261.0,372,11/10/2025,03:57:28,04:03:40,3084.741853,R9800BH,250,42.0,6.0,35,215.94539,83.522294,38.862956,65.133777,28.426362,4350.623663,10529.99836
pattern_12,A1850812_200_CN_3,6207280,4207280,22264,R9800BH,DT071,HIT EH5000,A-185-08-12,39.57,201.41,91.214428,91.214428,240.424694,45.90805,69.101819,0,363521.58,6591855.76,199.16,LEFT,201.4,491,11/10/2025,04:03:40,04:11:51,2090.631276,R9800BH,250,42.0,6.0,35,240.424694,91.214428,34.200396,69.101819,45.90805,3015.83736,7589.403191
pattern_12,A1850812_200_CN_3,6207281,4207281,22264,R9800BH,DT034,CAT 793,A-185-08-12,50.27,214.6,95.59337,95.59337,231.968785,34.282973,59.344063,0,363527.8,6591851.8,199.68,STRAIGHT,214.6,450,11/10/2025,04:11:51,04:19:21,2100.10157,R9800BH,225,42.0,6.0,35,231.968785,95.59337,42.748378,59.344063,34.282973,3330.494071,8281.939247
pattern_12,A1850812_200_CN_3,6207282,4207282,22264,R9800BH,DT051,HIT EH5000,A-185-08-12,47.33,225.43,86.227506,86.227506,224.759585,38.974932,66.433288,0,363526.57,6591856.1,198.79,RIGHT,225.4,371,11/10/2025,04:19:21,04:25:32,2578.663825,R9800BH,250,42.0,6.0,35,224.759585,86.227506,33.12386,66.433288,38.974932,3610.712487,8705.866218
pattern_12,A1850812_200_CN_3,6207283,4207283,22264,R9800BH,DT071,HIT EH5000,A-185-08-12,49.48,213.3,91.861783,91.861783,234.15065,40.025342,61.884162,0,363523.14,6591854.8,199.0,STRAIGHT,213.3,387,11/10/2025,04:25:32,04:31:59,2050.528987,R9800BH,250,42.0,6.0,35,234.15065,91.861783,40.379364,61.884162,40.025342,3279.410066,8163.628004
pattern_12,A1850812_200_CN_3,6207284,4207284,22264,R9800BH,DT060,HIT EH5000,A-185-08-12,45.98,230.28,108.513175,108.513175,254.319388,41.056297,66.657027,0,363525.79,6591855.66,199.6,RIGHT,230.3,511,11/10/2025,04:31:59,04:40:30,2070.30169,R9800BH,250,42.0,6.0,35,254.319388,108.513175,38.092889,66.657027,41.056297,3259.711672,8011.974688
pattern_12,A1850812_200_CN_3,6207285,4207285,22264,R9800BH,DT007,CAT 793,A-185-08-12,58.71,245.89,97.727306,97.727306,243.399965,37.600095,72.014796,0,363525.38,6591855.63,199.78,STRAIGHT,245.9,414,11/10/2025,04:40:30,04:47:24,2417.681595,R9800BH,225,42.0,6.0,35,243.399965,97.727306,36.057769,72.014796,37.600095,3636.827956,8831.125206
pattern_12,A1850812_200_CN_3,6207286,4207286,22264,R9800BH,DT051,HIT EH5000,A-185-08-12,76.07,228.21,89.790274,89.790274,224.633225,33.178163,62.051886,0,363527.55,6591860.49,199.29,STRAIGHT,228.2,424,11/10/2025,04:47:24,04:54:28,2573.277304,R9800BH,250,42.0,6.0,35,224.633225,89.790274,39.612902,62.051886,33.178163,3657.385111,9112.098886
pattern_12,A1850812_200_CN_3,6207287,4207287,22264,R9800BH,DT051,HIT EH5000,A-185-08-12,37.11,222.68,86.942927,86.942927,218.760005,34.907359,55.750138,0,363525.9,6591855.9,199.58,LEFT,222.7,374,11/10/2025,04:54:28,05:00:42,2399.742118,R9800BH,250,42.0,6.0,35,218.760005,86.942927,41.159582,55.750138,34.907359,3664.473738,9054.316696
pattern_12,A1850812_200_CN_3,6207288,4207288,22264,R9800BH,DT036,CAT 793,A-185-08-12,36.1,216.62,87.581685,87.581685,227.129121,29.367887,62.979425,0,363523.42,6591858.39,198.49,LEFT,216.6,437,11/10/2025,05:00:42,05:07:59,2112.246274,R9800BH,225,42.0,6.0,35,227.129121,87.581685,47.200123,62.979425,29.367887,3433.377591,7658.184375
pattern_12,A1850812_200_CN_3,6207289,4207289,22264,R9800BH,DT066,HIT EH5000,A-185-08-12,73.76,223.4,100.985694,100.985694,247.211678,39.33211,61.45206,0,363521.08,6591854.52,198.14,LEFT,223.4,392,11/10/2025,05:07:59,05:14:31,2184.532967,R9800BH,250,42.0,6.0,35,247.211678,100.985694,45.441814,61.45206,39.33211,3253.24472,7819.259209
pattern_12,A1850812_200_CN_3,6207290,4207290,22264,R9800BH,DT071,HIT EH5000,A-185-08-12,63.86,231.82,99.078217,99.078217,237.327592,34.54063,62.565248,0,363523.45,6591863.97,199.31,STRAIGHT,231.8,540,11/10/2025,05:14:31,05:23:31,2403.464876,R9800BH,250,42.0,6.0,35,237.327592,99.078217,41.143497,62.565248,34.54063,3516.45044,8782.610065
pattern_12,A1850812_200_CN_3,6207291,4207291,22264,R9800BH,DT027,CAT 793,A-185-08-12,69.48,238.29,90.700386,90.700386,219.525607,30.568759,58.267866,0,363520.17,6591863.85,198.51,LEFT,238.3,395,11/10/2025,05:23:31,05:30:06,2601.568793,R9800BH,225,42.0,6.0,35,219.525607,90.700386,39.988596,58.267866,30.568759,3907.699389,9741.478296
pattern_12,A1850812_200_CN_3,6207292,4207292,22264,R9800BH,DT019,CAT 793,A-185-08-12,60.05,225.86,98.151846,98.151846,233.999236,38.063852,57.053918,0,363526.48,6591863.33,198.59,LEFT,225.9,317,11/10/2025,05:30:06,05:35:23,2237.435073,R9800BH,225,42.0,6.0,35,233.999236,98.151846,40.72962,57.053918,38.063852,3474.733539,8287.446825
pattern_12,A1850812_200_CN_3,6207293,4207293,22264,R9800BH,DT073,HIT EH5000,A-185-08-12,62.15,228.56,102.320219,102.320219,241.172918,33.398171,53.821024,0,363522.4,6591865.31,198.52,STRAIGHT,228.6,476,11/10/2025,05:35:23,05:43:19,2378.192092,R9800BH,250,42.0,6.0,35,241.172918,102.320219,51.633504,53.821024,33.398171,3411.775979,8205.566958
pattern_12,A1850812_200_CN_3,6207294,4207294,22264,R9800BH,DT022,CAT 793,A-185-08-12,53.66,221.05,96.044535,96.044535,232.337409,38.905402,62.910415,0,363525.0,6591860.21,199.37,LEFT,221.0,351,11/10/2025,05:43:19,05:49:10,2270.343317,R9800BH,225,42.0,6.0,35,232.337409,96.044535,34.477058,62.910415,38.905402,3425.035804,8449.330561
pattern_12,A1850812_200_CN_3,6207295,4207295,22264,R9800BH,DT018,CAT 793,A-185-08-12,75.08,225.24,101.48697,101.48697,239.224465,32.913787,58.909609,0,363527.58,6591863.58,199.23,RIGHT,225.2,758,11/10/2025,05:49:10,06:01:48,2292.342661,R9800BH,225,42.0,6.0,35,239.224465,101.48697,45.914099,58.909609,32.913787,3389.623432,8229.173292
pattern_12,A1850812_200_CN_3,6207296,4207296,22264,R9800BH,DT086,HIT EH5000,A-185-08-12,43.31,218.04,92.556022,92.556022,227.672595,31.250102,55.415429,0,363526.48,6591864.72,199.24,STRAIGHT,218.0,361,11/10/2025,06:01:48,06:07:49,2246.690871,R9800BH,250,42.0,6.0,35,227.672595,92.556022,48.451041,55.415429,31.250102,3447.677045,8317.962052
pattern_12,A1850812_200_CN_3,6207297,4207297,22264,R9800BH,DT070,HIT EH5000,A-185-08-12,58.67,203.86,84.729379,84.729379,226.24389,38.351744,68.086893,0,363524.72,6591864.18,198.73,STRAIGHT,203.9,388,11/10/2025,06:07:49,06:14:17,2122.393846,R9800BH,250,42.0,6.0,35,226.24389,84.729379,35.075875,68.086893,38.351744,3243.761902,7742.490166
pattern_12,A1850812_200_CN_3,6207298,4207298,22264,R9800BH,DT082,HIT EH5000,A-185-08-12,68.69,210.81,88.865954,88.865954,208.326932,32.756777,50.17375,0,363521.43,6591865.09,198.74,RIGHT,210.8,360,11/10/2025,06:14:17,06:20:17,2348.43576,R9800BH,250,42.0,6.0,35,208.326932,88.865954,36.530452,50.17375,32.756777,3642.929664,8502.637437
pattern_12,A1850812_200_CN_3,6207299,4207299,22264,R9800BH,DT032,CAT 793,A-185-08-12,43.07,224.72,87.239903,87.239903,221.264037,28.936044,64.825762,0,363521.68,6591864.62,198.29,STRAIGHT,224.7,471,11/10/2025,06:20:17,06:28:08,2568.41977,R9800BH,225,42.0,6.0,35,221.264037,87.239903,40.262328,64.825762,28.936044,3656.213014,8811.912525
pattern_12,A1850812_200_CN_3,6207300,4207300,22264,R9800BH,DT035,CAT 793,A-185-08-12,52.8,252.0,101.050501,101.050501,242.2338,41.922666,53.359839,0,363521.31,6591869.77,198.43,STRAIGHT,252.0,409,11/10/2025,06:28:08,06:34:57,2645.1204,R9800BH,225,42.0,6.0,35,242.2338,101.050501,45.900795,53.359839,41.922666,3745.142084,8535.970904
pattern_12,A1850812_200_CN_3,6207301,4207301,22264,R9800BH,DT030,CAT 793,A-185-08-12,76.69,241.01,104.507415,104.507415,234.7746,34.508493,55.198408,0,363522.96,6591871.79,199.44,LEFT,241.0,474,11/10/2025,06:34:57,06:42:51,2200.865625,R9800BH,225,42.0,6.0,35,234.7746,104.507415,40.560283,55.198408,34.508493,3695.608412,8731.983295
pattern_12,A1850812_200_CN_3,6207302,4207302,22264,R9800BH,DT004,CAT 793,A-185-08-12,77.49,232.48,114.649812,114.649812,260.705607,41.380784,58.727454,0,363524.04,6591870.22,199.42,LEFT,232.5,458,11/10/2025,06:42:51,06:50:29,2150.189975,R9800BH,225,42.0,6.0,35,260.705607,114.649812,45.947557,58.727454,41.380784,3210.181071,7579.124191
pattern_12,A1850812_200_CN_3,6207303,4207303,22264,R9800BH,DT054,HIT EH5000,A-185-08-12,59.08,233.48,99.000513,99.000513,233.134488,30.314709,62.279409,0,363528.76,6591871.64,199.72,LEFT,233.5,408,11/10/2025,06:50:29,06:57:17,2204.456142,R9800BH,250,42.0,6.0,35,233.134488,99.000513,41.539857,62.279409,30.314709,3605.396739,8459.93368
pattern_12,A1850812_200_CN_3,6207304,4207304,22264,R9800BH,DT082,HIT EH5000,A-185-08-12,73.8,221.4,115.539725,115.539725,258.904921,39.495234,64.53673,0,363526.59,6591871.75,198.46,RIGHT,221.4,400,11/10/2025,06:57:17,07:03:57,2071.862672,R9800BH,250,42.0,6.0,35,258.904921,115.539725,39.333232,64.53673,39.495234,3078.525363,7437.133211
pattern_12,A1850812_200_CN_3,6207305,4207305,22264,R9800BH,DT062,HIT EH5000,A-185-08-12,44.28,219.08,120.950665,120.950665,268.470424,36.793002,67.252566,0,363526.9,6591873.97,198.01,STRAIGHT,219.1,491,11/10/2025,07:03:57,07:12:08,1849.543733,R9800BH,250,42.0,6.0,35,268.470424,120.950665,43.47419,67.252566,36.793002,2937.754069,6838.492328
pattern_12,A1850812_200_CN_3,6207306,4207306,22264,R9800BH,DT066,HIT EH5000,A-185-08-12,67.52,225.57,114.324013,114.324013,262.846821,39.451671,65.453712,0,363524.44,6591873.45,198.98,LEFT,225.6,464,11/10/2025,07:12:08,07:19:52,1930.087147,R9800BH,250,42.0,6.0,35,262.846821,114.324013,43.617424,65.453712,39.451671,3089.425208,6887.768589
pattern_12,A1850812_200_CN_3,6207307,4207307,22264,R9800BH,DT083,HIT EH5000,A-185-08-12,55.07,220.43,96.810326,96.810326,243.930901,38.541302,62.02709,0,363523.15,6591868.41,198.95,RIGHT,220.4,361,11/10/2025,07:19:52,07:25:53,2230.496454,R9800BH,250,42.0,6.0,35,243.930901,96.810326,46.552183,62.02709,38.541302,3253.153091,7368.251847
pattern_12,A1850812_200_CN_3,6207308,4207308,22264,R9800BH,DT049,HIT EH5000,A-185-08-12,58.76,220.14,98.277643,98.277643,238.568003,32.791238,59.275661,0,363526.21,6591872.67,198.87,RIGHT,220.1,386,11/10/2025,07:25:53,07:32:19,2202.162807,R9800BH,250,42.0,6.0,35,238.568003,98.277643,48.223461,59.275661,32.791238,3321.934194,7461.391786
pattern_12,A1850812_200_CN_3,6207309,4207309,22264,R9800BH,DT023,CAT 793,A-185-08-12,49.92,228.31,104.535001,104.535001,240.648893,33.310007,52.985623,0,363522.77,6591873.69,199.63,LEFT,228.3,391,11/10/2025,07:32:19,07:38:50,2030.873096,R9800BH,225,42.0,6.0,35,240.648893,104.535001,49.818262,52.985623,33.310007,3415.4597,7744.027492
pattern_12,A1850812_200_CN_4,6207310,4207310,22264,R9800BH,DT070,HIT EH5000,A-185-08-12,50.93,222.08,106.226046,106.226046,266.304594,43.730306,76.484218,0,363527.95,6591879.06,199.74,LEFT,222.1,475,11/10/2025,07:38:50,07:46:45,1722.22364,R9800BH,250,42.0,6.0,35,266.304594,106.226046,39.864025,76.484218,43.730306,3002.217936,6513.955403
pattern_12,A1850812_200_CN_4,6207311,4207311,22264,R9800BH,DT068,HIT EH5000,A-185-08-12,77.94,233.82,114.401139,114.401139,259.227057,40.47113,63.232727,0,363528.88,6591878.21,199.22,RIGHT,233.8,525,11/10/2025,07:46:45,07:55:30,2365.358275,R9800BH,250,42.0,6.0,35,259.227057,114.401139,41.122061,63.232727,40.47113,3247.203204,7463.336431
pattern_12,A1850812_200_CN_4,6207312,4207312,22264,R9800BH,DT056,HIT EH5000,A-185-08-12,43.1,211.69,99.819683,99.819683,242.579829,43.086913,56.778284,0,363526.36,6591881.04,198.36,STRAIGHT,211.7,497,11/10/2025,07:55:30,08:03:47,1990.433211,R9800BH,250,42.0,6.0,35,242.579829,99.819683,42.894949,56.778284,43.086913,3141.509452,6986.145485
pattern_12,A1850812_200_CN_4,6207313,4207313,22264,R9800BH,DT064,HIT EH5000,A-185-08-12,69.32,210.53,119.588447,119.588447,247.158844,27.741849,58.955612,0,363524.72,6591879.19,199.88,RIGHT,210.5,403,11/10/2025,08:03:47,08:10:30,2010.544229,R9800BH,250,42.0,6.0,35,247.158844,119.588447,40.872935,58.955612,27.741849,3066.552751,7007.981064
pattern_12,A1850812_200_CN_4,6207314,4207314,22264,R9800BH,DT062,HIT EH5000,A-185-08-12,50.63,224.56,123.664177,123.664177,268.993448,33.115337,68.168079,0,363523.03,6591876.94,198.03,RIGHT,224.6,402,11/10/2025,08:10:30,08:17:12,2021.837393,R9800BH,250,42.0,6.0,35,268.993448,123.664177,44.045855,68.168079,33.115337,3005.348001,6583.306562
pattern_12,A1850812_200_CN_4,6207315,4207315,22264,R9800BH,DT005,CAT 793,A-185-08-12,65.03,218.61,110.031519,110.031519,252.882435,42.516886,58.304973,0,363524.84,6591878.02,198.83,RIGHT,218.6,355,11/10/2025,08:17:12,08:23:07,2140.724763,R9800BH,225,42.0,6.0,35,252.882435,110.031519,42.029058,58.304973,42.516886,3112.037662,6795.299214
pattern_12,A1850812_200_CN_4,6207316,4207316,22264,R9800BH,DT079,HIT EH5000,A-185-08-12,50.43,205.92,116.002252,116.002252,246.098747,26.177784,61.330471,0,363524.48,6591877.93,198.61,RIGHT,205.9,439,11/10/2025,08:23:07,08:30:26,1954.64152,R9800BH,250,42.0,6.0,35,246.098747,116.002252,42.588241,61.330471,26.177784,3012.270858,6956.87771
pattern_12,A1850812_200_CN_4,6207317,4207317,22264,R9800BH,DT011,CAT 793,A-185-08-12,50.88,222.38,116.86219,116.86219,264.218956,42.572341,56.811839,0,363525.18,6591879.59,198.89,RIGHT,222.4,479,11/10/2025,08:30:26,08:38:25,2174.025245,R9800BH,225,42.0,6.0,35,264.218956,116.86219,47.972587,56.811839,42.572341,3029.948449,6551.396885
pattern_12,A1850812_200_CN_4,6207318,4207318,22264,R9800BH,DT074,HIT EH5000,A-185-08-12,49.51,248.53,102.56617,102.56617,238.978592,41.907141,59.206828,0,363524.45,6591878.86,198.56,RIGHT,248.5,463,11/10/2025,08:38:25,08:46:08,2213.061674,R9800BH,250,42.0,6.0,35,238.978592,102.56617,35.298454,59.206828,41.907141,3743.902494,7922.437346
pattern_12,A1850812_200_CN_4,6207319,4207319,22264,R9800BH,DT064,HIT EH5000,A-185-08-12,50.5,219.12,102.803067,102.803067,241.886855,36.45883,54.673576,0,363522.24,6591876.37,199.29,STRAIGHT,219.1,408,11/10/2025,08:46:08,08:52:56,2010.90386,R9800BH,250,42.0,6.0,35,241.886855,102.803067,47.951382,54.673576,36.45883,3261.172336,7295.82765
pattern_12,A1850812_200_CN_1,6207320,4207320,22264,R9800BH,DT050,HIT EH5000,A-185-08-12,58.07,233.38,67.365392,67.365392,202.075949,36.230001,59.047206,0,363529.66,6591835.57,199.43,RIGHT,233.4,341,11/10/2025,08:52:56,08:58:37,2657.478915,R9800BH,250,42.0,6.0,35,202.075949,67.365392,39.43335,59.047206,36.230001,4157.60616,11299.629263
pattern_12,A1850812_200_CN_1,6207321,4207321,22264,R9800BH,DT084,HIT EH5000,A-185-08-12,61.86,221.5,71.482332,71.482332,202.994176,35.146329,53.638055,0,363530.56,6591837.11,198.78,LEFT,221.5,331,11/10/2025,08:58:37,09:04:08,2516.717437,R9800BH,250,42.0,6.0,35,202.994176,71.482332,42.727461,53.638055,35.146329,3928.203121,10696.597353
pattern_12,A1850812_200_CN_1,6207322,4207322,22264,R9800BH,DT054,HIT EH5000,A-185-08-12,73.3,236.09,63.206574,63.206574,197.985975,38.251978,58.312801,0,363530.72,6591835.19,198.26,STRAIGHT,236.1,311,11/10/2025,09:04:08,09:09:19,2794.502798,R9800BH,250,42.0,6.0,35,197.985975,63.206574,38.214623,58.312801,38.251978,4292.760067,11177.929147
pattern_12,A1850812_200_CN_1,6207323,4207323,22264,R9800BH,DT075,HIT EH5000,A-185-08-12,49.31,233.56,69.498958,69.498958,202.039347,29.61989,56.795804,0,363528.71,6591834.32,198.13,STRAIGHT,233.6,364,11/10/2025,09:09:19,09:15:23,3115.158539,R9800BH,250,42.0,6.0,35,202.039347,69.498958,46.124695,56.795804,29.61989,4161.650272,11398.538632
pattern_12,A1850812_200_CN_1,6207324,4207324,22264,R9800BH,DT061,HIT EH5000,A-185-08-12,72.27,223.53,73.887693,73.887693,210.892865,31.169813,63.605154,0,363529.85,6591833.42,199.1,STRAIGHT,223.5,412,11/10/2025,09:15:23,09:22:15,2661.075189,R9800BH,250,42.0,6.0,35,210.892865,73.887693,42.230205,63.605154,31.169813,3815.710439,10083.448573
pattern_12,A1850812_200_CN_1,6207325,4207325,22264,R9800BH,DT086,HIT EH5000,A-185-08-12,55.74,230.9,72.60561,72.60561,202.1594,31.564413,52.737932,0,363530.32,6591832.59,199.71,LEFT,230.9,364,11/10/2025,09:22:15,09:28:19,2840.715169,R9800BH,250,42.0,6.0,35,202.1594,72.60561,45.251446,52.737932,31.564413,4111.783504,11538.403872
pattern_12,A1850812_200_CN_1,6207326,4207326,22264,R9800BH,DT082,HIT EH5000,A-185-08-12,64.9,231.94,70.999383,70.999383,201.110145,30.682489,59.377441,0,363529.98,6591832.93,199.58,LEFT,231.9,330,11/10/2025,09:28:19,09:33:49,3076.150877,R9800BH,250,42.0,6.0,35,201.110145,70.999383,40.050833,59.377441,30.682489,4151.836743,11086.748884
pattern_12,A1850812_200_CN_1,6207327,4207327,22264,R9800BH,DT034,CAT 793,A-185-08-12,56.35,225.76,67.226368,67.226368,191.906535,34.954686,51.592991,0,363529.0,6591834.53,198.65,STRAIGHT,225.8,339,11/10/2025,09:33:49,09:39:28,2782.293426,R9800BH,225,42.0,6.0,35,191.906535,67.226368,38.132489,51.592991,34.954686,4235.15351,11110.637603
pattern_12,A1850812_200_CN_1,6207328,4207328,22264,R9800BH,DT057,HIT EH5000,A-185-08-12,70.45,239.6,66.462348,66.462348,208.349443,38.995234,63.715906,0,363525.08,6591839.31,198.99,STRAIGHT,239.6,298,11/10/2025,09:39:28,09:44:26,3013.6211,R9800BH,250,42.0,6.0,35,208.349443,66.462348,39.175955,63.715906,38.995234,4140.008222,10627.064272
pattern_12,A1850812_200_CN_1,6207329,4207329,22264,R9800BH,DT011,CAT 793,A-185-08-12,46.55,226.76,66.726838,66.726838,215.444816,37.901754,69.616751,0,363529.48,6591835.96,198.98,RIGHT,226.8,453,11/10/2025,09:44:26,09:51:59,2679.043537,R9800BH,225,42.0,6.0,35,215.444816,66.726838,41.199474,69.616751,37.901754,3789.044668,10014.828941
pattern_12,A1850812_200_CN_4,6207330,4207330,22264,R9800BH,DT002,CAT 793,A-185-08-12,53.17,226.56,113.615079,113.615079,252.531469,26.061524,70.958737,0,363523.75,6591888.11,199.46,STRAIGHT,226.6,398,11/10/2025,09:51:59,09:58:37,2195.130102,R9800BH,225,42.0,6.0,35,252.531469,113.615079,41.896128,70.958737,26.061524,3229.713946,7900.424924
pattern_12,A1850812_200_CN_4,6207331,4207331,22264,R9800BH,DT076,HIT EH5000,A-185-08-12,58.71,240.68,109.289899,109.289899,252.505441,35.035444,63.184725,0,363523.18,6591885.44,199.27,LEFT,240.7,460,11/10/2025,09:58:37,10:06:17,2200.516997,R9800BH,250,42.0,6.0,35,252.505441,109.289899,44.995373,63.184725,35.035444,3431.452829,8616.60298
pattern_12,A1850812_200_CN_4,6207332,4207332,22264,R9800BH,DT075,HIT EH5000,A-185-08-12,75.45,226.36,119.019227,119.019227,271.697754,40.120411,65.923545,0,363525.16,6591884.34,199.54,LEFT,226.4,443,11/10/2025,10:06:17,10:13:40,2064.337647,R9800BH,250,42.0,6.0,35,271.697754,119.019227,46.634571,65.923545,40.120411,2999.253153,7621.401434
pattern_12,A1850812_200_CN_4,6207333,4207333,22264,R9800BH,DT024,CAT 793,A-185-08-12,52.93,199.45,96.837394,96.837394,231.998001,36.81284,62.4518,0,363525.25,6591887.1,198.83,RIGHT,199.5,409,11/10/2025,10:13:40,10:20:29,2148.110869,R9800BH,225,42.0,6.0,35,231.998001,96.837394,35.895968,62.4518,36.81284,3095.001691,7096.996044
pattern_12,A1850812_200_CN_4,6207334,4207334,22264,R9800BH,DT066,HIT EH5000,A-185-08-12,44.07,208.27,95.02611,95.02611,240.879209,38.95265,63.433982,0,363525.42,6591888.75,199.86,LEFT,208.3,380,11/10/2025,10:20:29,10:26:49,2207.741773,R9800BH,250,42.0,6.0,35,240.879209,95.02611,43.466468,63.433982,38.95265,3112.633317,7288.960756
pattern_12,A1850812_200_CN_4,6207335,4207335,22264,R9800BH,DT061,HIT EH5000,A-185-08-12,66.46,211.19,108.100708,108.100708,242.236961,32.351153,57.723156,0,363526.3,6591887.62,198.9,LEFT,211.2,415,11/10/2025,10:26:49,10:33:44,2140.699184,R9800BH,250,42.0,6.0,35,242.236961,108.100708,44.061944,57.723156,32.351153,3138.657157,7246.702107
pattern_12,A1850812_200_CN_4,6207336,4207336,22264,R9800BH,DT044,CAT 793,A-185-08-12,50.54,199.93,89.356644,89.356644,229.616684,36.793003,59.99257,0,363526.15,6591885.25,198.08,RIGHT,199.9,472,11/10/2025,10:33:44,10:41:36,2145.986693,R9800BH,225,42.0,6.0,35,229.616684,89.356644,43.474467,59.99257,36.793003,3134.605138,7732.5106
pattern_12,A1850812_200_CN_4,6207337,4207337,22264,R9800BH,DT085,HIT EH5000,A-185-08-12,50.06,200.32,92.801329,92.801329,239.092426,37.34669,64.116954,0,363530.1,6591887.29,199.15,LEFT,200.3,375,11/10/2025,10:41:36,10:47:51,2089.869738,R9800BH,250,42.0,6.0,35,239.092426,92.801329,44.827453,64.116954,37.34669,3016.262193,6981.690952
pattern_12,A1850812_200_CN_4,6207338,4207338,22264,R9800BH,DT080,HIT EH5000,A-185-08-12,68.81,231.9,79.731846,79.731846,212.195527,34.477428,61.947896,0,363524.32,6591888.6,199.06,RIGHT,231.9,316,11/10/2025,10:47:51,10:53:07,2708.860411,R9800BH,250,42.0,6.0,35,212.195527,79.731846,36.038357,61.947896,34.477428,3934.351538,9691.144716
pattern_12,A1850812_200_CN_4,6207339,4207339,22264,R9800BH,DT078,HIT EH5000,A-185-08-12,58.05,222.96,83.25625,83.25625,227.154792,37.562572,61.097553,0,363525.59,6591883.57,199.34,LEFT,223.0,401,11/10/2025,10:53:07,10:59:48,2092.94516,R9800BH,250,42.0,6.0,35,227.154792,83.25625,45.238416,61.097553,37.562572,3533.536346,8415.84895
pattern_12,A1850812_200_CN_4,6207340,4207340,22264,R9800BH,DT089,HIT EH5000,A-185-08-12,59.82,203.32,102.171454,102.171454,229.093776,33.498073,52.546835,0,363525.28,6591886.53,198.73,LEFT,203.3,425,11/10/2025,10:59:48,11:06:53,2076.416528,R9800BH,250,42.0,6.0,35,229.093776,102.171454,40.877415,52.546835,33.498073,3194.984575,7526.073496
pattern_12,A1850812_200_CN_1,6207341,4207341,22264,R9800BH,DT061,HIT EH5000,A-185-08-12,70.15,237.51,75.401029,75.401029,196.418693,36.561951,55.409232,0,363533.37,6591845.12,198.92,LEFT,237.5,358,11/10/2025,11:06:53,11:12:51,3093.367407,R9800BH,250,42.0,6.0,35,196.418693,75.401029,29.046481,55.409232,36.561951,4353.050881,11740.920351
pattern_12,A1850812_200_CN_1,6207342,4207342,22264,R9800BH,DT078,HIT EH5000,A-185-08-12,64.74,231.06,66.559751,66.559751,191.797624,31.34626,54.40054,0,363530.47,6591843.15,199.61,STRAIGHT,231.1,348,11/10/2025,11:12:51,11:18:39,3111.657403,R9800BH,250,42.0,6.0,35,191.797624,66.559751,39.491073,54.40054,31.34626,4337.03976,11311.930575
pattern_12,A1850812_200_CN_1,6207343,4207343,22264,R9800BH,DT074,HIT EH5000,A-185-08-12,74.14,239.85,71.948638,71.948638,207.747104,31.617864,69.97544,0,363532.37,6591840.11,199.52,RIGHT,239.9,405,11/10/2025,11:18:39,11:25:24,2799.078777,R9800BH,250,42.0,6.0,35,207.747104,71.948638,34.205162,69.97544,31.617864,4156.356479,11260.103906
pattern_12,A1850812_200_CN_1,6207344,4207344,22264,R9800BH,DT065,HIT EH5000,A-185-08-12,40.22,241.3,73.357293,73.357293,198.89014,30.270368,59.985484,0,363533.26,6591842.85,199.78,RIGHT,241.3,343,11/10/2025,11:25:24,11:31:07,3054.398031,R9800BH,250,42.0,6.0,35,198.89014,73.357293,35.276995,59.985484,30.270368,4367.615034,11650.350627
pattern_12,A1850812_200_CN_1,6207345,4207345,22264,R9800BH,DT040,CAT 793,A-185-08-12,71.83,248.2,85.327306,85.327306,218.495626,34.108032,63.105842,0,363531.73,6591841.35,199.02,STRAIGHT,248.2,372,11/10/2025,11:31:07,11:37:19,2541.784731,R9800BH,225,42.0,6.0,35,218.495626,85.327306,35.954446,63.105842,34.108032,4089.380667,10960.772813
pattern_12,A1850812_200_CN_1,6207346,4207346,22264,R9800BH,DT022,CAT 793,A-185-08-12,50.89,239.13,70.501948,70.501948,188.419613,35.00423,51.2201,0,363530.4,6591845.72,198.75,STRAIGHT,239.1,392,11/10/2025,11:37:19,11:43:51,2915.153838,R9800BH,225,42.0,6.0,35,188.419613,70.501948,31.693335,51.2201,35.00423,4568.795909,12357.705867
pattern_12,A1850812_200_CN_1,6207347,4207347,22264,R9800BH,DT006,CAT 793,A-185-08-12,66.92,230.34,73.987318,73.987318,214.012261,42.711786,57.875555,0,363530.71,6591842.75,198.7,LEFT,230.3,343,11/10/2025,11:43:51,11:49:34,2743.933313,R9800BH,225,42.0,6.0,35,214.012261,73.987318,39.437602,57.875555,42.711786,3874.705736,10585.750745
pattern_12,A1850812_200_CN_1,6207348,4207348,22264,R9800BH,DT010,CAT 793,A-185-08-12,59.15,220.57,72.631031,72.631031,230.511513,35.839444,69.221534,0,363531.12,6591845.66,199.15,RIGHT,220.6,314,11/10/2025,11:49:34,11:54:48,2596.336464,R9800BH,225,42.0,6.0,35,230.511513,72.631031,52.819504,69.221534,35.839444,3444.674666,8761.261365
pattern_12,A1850812_200_CN_1,6207349,4207349,22264,R9800BH,DT088,HIT EH5000,A-185-08-12,68.75,206.24,69.610501,69.610501,208.03378,33.268825,66.091989,0,363531.2,6591843.82,198.49,STRAIGHT,206.2,317,11/10/2025,11:54:48,12:00:05,2473.848268,R9800BH,250,42.0,6.0,35,208.03378,69.610501,39.062465,66.091989,33.268825,3569.014597,9776.150957
pattern_12,A1850812_200_CN_1,6207350,4207350,22264,R9800BH,DT087,HIT EH5000,A-185-08-12,60.34,225.09,82.559825,82.559825,207.851993,30.28513,59.518165,0,363531.51,6591843.4,199.14,STRAIGHT,225.1,317,11/10/2025,12:00:05,12:05:22,2613.245482,R9800BH,250,42.0,6.0,35,207.851993,82.559825,35.488874,59.518165,30.28513,3898.523604,10802.531697
pattern_12,A1850812_200_CN_3,6207351,4207351,22264,R9800BH,DT033,CAT 793,A-185-08-12,58.15,203.27,96.859457,96.859457,224.398775,34.810708,61.758329,0,363526.39,6591896.66,199.43,STRAIGHT,203.3,378,11/10/2025,12:05:22,12:11:40,2397.485665,R9800BH,225,42.0,6.0,35,224.398775,96.859457,30.970282,61.758329,34.810708,3261.106526,7772.760289
pattern_12,A1850812_200_CN_3,6207352,4207352,22264,R9800BH,DT076,HIT EH5000,A-185-08-12,51.85,212.85,86.910993,86.910993,231.264632,39.820315,59.958785,0,363521.76,6591896.52,199.24,RIGHT,212.8,470,11/10/2025,12:11:40,12:19:30,2425.47192,R9800BH,250,42.0,6.0,35,231.264632,86.910993,44.574539,59.958785,39.820315,3313.328073,8426.192706
pattern_12,A1850812_200_CN_3,6207353,4207353,22264,R9800BH,DT083,HIT EH5000,A-185-08-12,54.2,214.15,93.48301,93.48301,235.722141,41.029735,54.862024,0,363524.85,6591896.34,198.35,STRAIGHT,214.1,377,11/10/2025,12:19:30,12:25:47,2019.42762,R9800BH,250,42.0,6.0,35,235.722141,93.48301,46.347372,54.862024,41.029735,3270.523363,8540.250454
pattern_12,A1850812_200_CN_3,6207354,4207354,22264,R9800BH,DT007,CAT 793,A-185-08-12,46.97,212.53,87.208895,87.208895,223.20645,37.851733,54.16528,0,363524.64,6591892.99,199.31,RIGHT,212.5,442,11/10/2025,12:25:47,12:33:09,2492.871521,R9800BH,225,42.0,6.0,35,223.20645,87.208895,43.980542,54.16528,37.851733,3427.881147,9030.097423
pattern_12,A1850812_200_CN_3,6207355,4207355,22264,R9800BH,DT087,HIT EH5000,A-185-08-12,57.66,219.93,85.863384,85.863384,232.634306,37.929092,60.363136,0,363528.09,6591895.31,199.05,STRAIGHT,219.9,409,11/10/2025,12:33:09,12:39:58,2305.581482,R9800BH,250,42.0,6.0,35,232.634306,85.863384,48.478693,60.363136,37.929092,3403.39246,8650.063383
pattern_12,A1850812_200_CN_3,6207356,4207356,22264,R9800BH,DT066,HIT EH5000,A-185-08-12,48.26,231.47,75.992452,75.992452,217.338213,38.65512,57.073339,0,363528.3,6591892.01,199.31,STRAIGHT,231.5,383,11/10/2025,12:39:58,12:46:21,2408.316782,R9800BH,250,42.0,6.0,35,217.338213,75.992452,45.617303,57.073339,38.65512,3834.001872,9844.746889
pattern_12,A1850812_200_CN_3,6207357,4207357,22264,R9800BH,DT090,HIT EH5000,A-185-08-12,48.83,222.34,74.869909,74.869909,216.674229,33.523179,64.476373,0,363524.38,6591896.22,199.16,LEFT,222.3,393,11/10/2025,12:46:21,12:52:54,2346.403187,R9800BH,250,42.0,6.0,35,216.674229,74.869909,43.804769,64.476373,33.523179,3694.116849,9365.030187
pattern_12,A1850812_200_CN_3,6207358,4207358,22264,R9800BH,DT078,HIT EH5000,A-185-08-12,55.82,215.0,84.869435,84.869435,230.483854,38.562244,57.664363,0,363526.05,6591893.98,198.67,RIGHT,215.0,392,11/10/2025,12:52:54,12:59:26,2145.857406,R9800BH,250,42.0,6.0,35,230.483854,84.869435,49.387812,57.664363,38.562244,3358.121279,8357.100171
pattern_12,A1850812_200_CN_3,6207359,4207359,22264,R9800BH,DT078,HIT EH5000,A-185-08-12,46.47,235.37,94.434463,94.434463,234.377444,36.579132,57.188339,0,363526.38,6591897.6,199.0,STRAIGHT,235.4,565,11/10/2025,12:59:26,13:08:51,2529.582456,R9800BH,250,42.0,6.0,35,234.377444,94.434463,46.17551,57.188339,36.579132,3615.235353,9201.450003
pattern_12,A1850812_200_CN_3,6207360,4207360,22264,R9800BH,DT058,HIT EH5000,A-185-08-12,49.22,232.04,105.4077,105.4077,247.671538,34.354546,66.224873,0,363523.29,6591895.89,199.04,RIGHT,232.0,515,11/10/2025,13:08:51,13:17:26,2388.22339,R9800BH,250,42.0,6.0,35,247.671538,105.4077,41.684419,66.224873,34.354546,3372.794807,8314.80077
pattern_12,A1850812_200_CN_3,6207361,4207361,22264,R9800BH,DT026,CAT 793,A-185-08-12,64.12,214.84,70.591365,70.591365,202.908066,34.576828,63.741228,0,363530.03,6591849.74,198.6,STRAIGHT,214.8,327,11/10/2025,13:17:26,13:22:53,2641.205827,R9800BH,225,42.0,6.0,35,202.908066,70.591365,33.998644,63.741228,34.576828,3811.765303,10278.332882
pattern_12,A1850812_200_CN_3,6207362,4207362,22264,R9800BH,DT017,CAT 793,A-185-08-12,38.38,217.27,74.175977,74.175977,200.000076,31.143754,58.870618,0,363525.54,6591852.63,198.39,RIGHT,217.3,498,11/10/2025,13:22:53,13:31:11,2607.095225,R9800BH,225,42.0,6.0,35,200.000076,74.175977,35.809726,58.870618,31.143754,3910.896861,10227.065125
pattern_12,A1850812_200_CN_3,6207363,4207363,22264,R9800BH,DT016,CAT 793,A-185-08-12,47.2,223.16,73.621338,73.621338,195.24082,27.415747,53.458351,0,363529.24,6591850.71,199.81,RIGHT,223.2,407,11/10/2025,13:31:11,13:37:58,2737.159065,R9800BH,225,42.0,6.0,35,195.24082,73.621338,40.745384,53.458351,27.415747,4114.798425,10817.563236
pattern_12,A1850812_200_CN_3,6207364,4207364,22264,R9800BH,DT064,HIT EH5000,A-185-08-12,56.76,222.73,76.075257,76.075257,200.496797,33.064793,54.895671,0,363536.42,6591851.13,199.87,RIGHT,222.7,650,11/10/2025,13:37:58,13:48:48,2692.824637,R9800BH,250,42.0,6.0,35,200.496797,76.075257,36.461076,54.895671,33.064793,3999.294958,10506.349473
pattern_12,A1850812_200_CN_3,6207365,4207365,22264,R9800BH,DT087,HIT EH5000,A-185-08-12,50.71,224.03,73.629008,73.629008,201.475596,36.412442,49.366237,0,363527.84,6591850.07,198.46,STRAIGHT,224.0,325,11/10/2025,13:48:48,13:54:13,2920.881898,R9800BH,250,42.0,6.0,35,201.475596,73.629008,42.067909,49.366237,36.412442,4002.928263,10434.302369
pattern_12,A1850812_200_CN_3,6207366,4207366,22264,R9800BH,DT040,CAT 793,A-185-08-12,61.99,209.07,76.721028,76.721028,212.003059,36.218645,61.082188,0,363533.94,6591852.14,198.88,STRAIGHT,209.1,322,11/10/2025,13:54:13,13:59:35,2335.773062,R9800BH,225,42.0,6.0,35,212.003059,76.721028,37.981198,61.082188,36.218645,3550.264001,8990.185719
pattern_12,A1850812_200_CN_3,6207367,4207367,22264,R9800BH,DT071,HIT EH5000,A-185-08-12,65.34,230.57,73.428597,73.428597,210.575177,32.837527,62.863499,0,363532.13,6591850.4,199.95,LEFT,230.6,375,11/10/2025,13:59:35,14:05:50,2669.493251,R9800BH,250,42.0,6.0,35,210.575177,73.428597,41.445553,62.863499,32.837527,3941.779927,10087.101983
pattern_12,A1850812_200_CN_3,6207368,4207368,22264,R9800BH,DT055,HIT EH5000,A-185-08-12,51.31,229.71,76.576062,76.576062,202.973922,34.360896,59.938675,0,363536.55,6591852.87,198.3,RIGHT,229.7,291,11/10/2025,14:05:50,14:10:41,2680.708656,R9800BH,250,42.0,6.0,35,202.973922,76.576062,32.098289,59.938675,34.360896,4074.244202,10663.390694
pattern_12,A1850812_200_CN_3,6207369,4207369,22264,R9800BH,DT050,HIT EH5000,A-185-08-12,62.42,224.25,67.063848,67.063848,196.394359,28.885492,54.502639,0,363528.98,6591849.62,199.38,RIGHT,224.3,407,11/10/2025,14:10:41,14:17:28,2934.731335,R9800BH,250,42.0,6.0,35,196.394359,67.063848,45.94238,54.502639,28.885492,4110.671981,10364.628467
pattern_12,A1850812_200_CN_3,6207370,4207370,22264,R9800BH,DT080,HIT EH5000,A-185-08-12,41.83,211.31,74.323482,74.323482,204.614557,32.410736,53.46928,0,363534.11,6591852.14,199.25,STRAIGHT,211.3,336,11/10/2025,14:17:28,14:23:04,2339.056897,R9800BH,250,42.0,6.0,35,204.614557,74.323482,44.411059,53.46928,32.410736,3717.866127,9728.627101
pattern_12,A1850812_200_CN_2,6207371,4207371,22264,R9800BH,DT084,HIT EH5000,A-185-08-12,56.47,230.53,79.196572,79.196572,213.855513,36.674914,58.727242,0,363531.35,6591861.35,199.58,RIGHT,230.5,464,11/10/2025,14:23:04,14:30:48,2585.935363,R9800BH,250,42.0,6.0,35,213.855513,79.196572,39.256785,58.727242,36.674914,3880.773908,9841.523907
pattern_12,A1850812_200_CN_2,6207372,4207372,22264,R9800BH,DT066,HIT EH5000,A-185-08-12,71.95,223.12,91.776615,91.776615,217.523774,32.296399,52.69617,0,363535.42,6591860.74,198.27,LEFT,223.1,406,11/10/2025,14:30:48,14:37:34,2581.915055,R9800BH,250,42.0,6.0,35,217.523774,91.776615,40.75459,52.69617,32.296399,3692.576647,9421.833106
pattern_12,A1850812_200_CN_2,6207373,4207373,22264,R9800BH,DT057,HIT EH5000,A-185-08-12,49.44,226.93,85.823111,85.823111,213.698609,33.53066,61.232078,0,363533.39,6591855.02,199.42,LEFT,226.9,436,11/10/2025,14:37:34,14:44:50,2377.086435,R9800BH,250,42.0,6.0,35,213.698609,85.823111,33.112761,61.232078,33.53066,3822.838263,9497.302431
pattern_12,A1850812_200_CN_2,6207374,4207374,22264,R9800BH,DT087,HIT EH5000,A-185-08-12,55.93,206.91,97.876143,97.876143,247.088699,38.854283,61.327072,0,363530.38,6591864.5,199.09,RIGHT,206.9,436,11/10/2025,14:44:50,14:52:06,2078.833205,R9800BH,250,42.0,6.0,35,247.088699,97.876143,49.031201,61.327072,38.854283,3014.555457,7468.869495
pattern_12,A1850812_200_CN_2,6207375,4207375,22264,R9800BH,DT074,HIT EH5000,A-185-08-12,62.31,204.9,93.205138,93.205138,237.102389,37.622678,61.939534,0,363530.38,6591860.32,199.74,RIGHT,204.9,344,11/10/2025,14:52:06,14:57:50,2094.02065,R9800BH,250,42.0,6.0,35,237.102389,93.205138,44.335039,61.939534,37.622678,3111.120963,7338.347854
pattern_12,A1850812_200_CN_2,6207376,4207376,22264,R9800BH,DT055,HIT EH5000,A-185-08-12,55.0,215.82,93.798099,93.798099,237.936131,35.579124,67.39535,0,363531.68,6591857.68,198.66,RIGHT,215.8,394,11/10/2025,14:57:50,15:04:24,2236.211999,R9800BH,250,42.0,6.0,35,237.936131,93.798099,41.163558,67.39535,35.579124,3265.449538,8264.002535
pattern_12,A1850812_200_CN_2,6207377,4207377,22264,R9800BH,DT020,CAT 793,A-185-08-12,51.69,230.49,106.785662,106.785662,249.82674,32.074994,62.193841,0,363532.82,6591861.17,198.86,STRAIGHT,230.5,388,11/10/2025,15:04:24,15:10:52,1979.061661,R9800BH,225,42.0,6.0,35,249.82674,106.785662,48.772243,62.193841,32.074994,3321.295986,8254.963162
pattern_12,A1850812_200_CN_2,6207378,4207378,22264,R9800BH,DT068,HIT EH5000,A-185-08-12,70.15,220.85,92.235347,92.235347,226.030296,36.993277,57.924304,0,363530.82,6591857.61,199.56,LEFT,220.8,729,11/10/2025,15:10:52,15:23:01,2503.164916,R9800BH,250,42.0,6.0,35,226.030296,92.235347,38.877368,57.924304,36.993277,3517.425009,8772.968249
pattern_12,A1850812_200_CN_2,6207379,4207379,22264,R9800BH,DT081,HIT EH5000,A-185-08-12,57.67,225.79,93.172268,93.172268,230.051523,36.940311,63.746396,0,363532.76,6591860.43,198.47,STRAIGHT,225.8,435,11/10/2025,15:23:01,15:30:16,2244.095799,R9800BH,250,42.0,6.0,35,230.051523,93.172268,36.192548,63.746396,36.940311,3533.256629,8717.926929
pattern_12,A1850812_200_CN_2,6207380,4207380,22264,R9800BH,DT003,CAT 793,A-185-08-12,76.99,230.98,75.241204,75.241204,212.682426,28.097372,67.679978,0,363532.74,6591855.85,198.22,STRAIGHT,231.0,363,11/10/2025,15:30:16,15:36:19,2577.026256,R9800BH,225,42.0,6.0,35,212.682426,75.241204,41.663872,67.679978,28.097372,3909.766893,9554.874511
pattern_12,A1850812_200_CN_3,6207381,4207381,22264,R9800BH,DT029,CAT 793,A-185-08-12,59.63,237.74,96.912388,96.912388,243.191994,35.674279,63.86968,0,363530.88,6591864.05,199.77,STRAIGHT,237.7,356,11/10/2025,15:36:19,15:42:15,2370.988344,R9800BH,225,42.0,6.0,35,243.191994,96.912388,46.735646,63.86968,35.674279,3519.364444,8372.412905
pattern_12,A1850812_200_CN_3,6207382,4207382,22264,R9800BH,DT005,CAT 793,A-185-08-12,47.07,228.39,90.311814,90.311814,227.896016,40.085075,59.390884,0,363528.14,6591865.45,199.4,STRAIGHT,228.4,411,11/10/2025,15:42:15,15:49:06,2492.906382,R9800BH,225,42.0,6.0,35,227.896016,90.311814,38.108242,59.390884,40.085075,3607.7931,8914.794595
pattern_12,A1850812_200_CN_3,6207383,4207383,22264,R9800BH,DT079,HIT EH5000,A-185-08-12,51.09,235.0,94.601592,94.601592,232.516504,45.985968,58.493627,0,363529.97,6591864.54,199.85,LEFT,235.0,423,11/10/2025,15:49:06,15:56:09,2334.401865,R9800BH,250,42.0,6.0,35,232.516504,94.601592,33.435317,58.493627,45.985968,3638.45073,8846.158255
pattern_12,A1850812_200_CN_3,6207384,4207384,22264,R9800BH,DT035,CAT 793,A-185-08-12,54.74,231.22,90.850203,90.850203,233.819512,40.449277,64.377157,0,363533.75,6591863.36,198.14,LEFT,231.2,457,11/10/2025,15:56:09,16:03:46,2325.272884,R9800BH,225,42.0,6.0,35,233.819512,90.850203,38.142874,64.377157,40.449277,3560.041765,8769.899046
pattern_12,A1850812_200_CN_3,6207385,4207385,22264,R9800BH,DT050,HIT EH5000,A-185-08-12,55.13,231.99,95.868384,95.868384,225.562246,27.787021,62.870284,0,363534.08,6591867.29,199.37,RIGHT,232.0,363,11/10/2025,16:03:46,16:09:49,2473.337692,R9800BH,250,42.0,6.0,35,225.562246,95.868384,39.036557,62.870284,27.787021,3702.641195,8873.709244
pattern_12,A1850812_200_CN_3,6207386,4207386,22264,R9800BH,DT006,CAT 793,A-185-08-12,49.8,224.56,91.341314,91.341314,237.224963,41.346156,62.960799,0,363530.7,6591865.77,198.98,LEFT,224.6,467,11/10/2025,16:09:49,16:17:36,2120.141775,R9800BH,225,42.0,6.0,35,237.224963,91.341314,41.576694,62.960799,41.346156,3407.845874,8106.401585
pattern_12,A1850812_200_CN_3,6207387,4207387,22264,R9800BH,DT012,CAT 793,A-185-08-12,47.67,212.81,104.598558,104.598558,230.558602,29.178783,57.460976,0,363531.8,6591864.02,199.44,STRAIGHT,212.8,392,11/10/2025,16:17:36,16:24:08,2244.003802,R9800BH,225,42.0,6.0,35,230.558602,104.598558,39.320285,57.460976,29.178783,3322.945569,7738.355373
pattern_12,A1850812_200_CN_3,6207388,4207388,22264,R9800BH,DT085,HIT EH5000,A-185-08-12,49.55,231.17,98.733312,98.733312,233.064236,35.647543,57.887255,0,363531.05,6591867.5,198.72,LEFT,231.2,369,11/10/2025,16:24:08,16:30:17,2422.137798,R9800BH,250,42.0,6.0,35,233.064236,98.733312,40.796127,57.887255,35.647543,3570.751612,8608.362065
pattern_12,A1850812_200_CN_3,6207389,4207389,22264,R9800BH,DT073,HIT EH5000,A-185-08-12,50.88,226.41,103.540144,103.540144,241.517858,34.326341,66.673333,0,363532.74,6591873.68,199.27,STRAIGHT,226.4,363,11/10/2025,16:30:17,16:36:20,2116.27883,R9800BH,250,42.0,6.0,35,241.517858,103.540144,36.978041,66.673333,34.326341,3374.786201,7254.238292
pattern_12,A1850812_200_CN_3,6207390,4207390,22264,R9800BH,DT028,CAT 793,A-185-08-12,43.25,208.99,111.395878,111.395878,247.381305,34.324792,62.82689,0,363536.69,6591875.18,198.9,RIGHT,209.0,420,11/10/2025,16:36:20,16:43:20,1888.311424,R9800BH,225,42.0,6.0,35,247.381305,111.395878,38.833744,62.82689,34.324792,3041.365679,7091.941993
pattern_12,A1850812_200_CN_3,6207391,4207391,22264,R9800BH,DT015,CAT 793,A-185-08-12,48.3,230.58,122.815699,122.815699,268.415949,30.88685,75.799031,0,363527.76,6591875.18,199.87,RIGHT,230.6,476,11/10/2025,16:43:20,16:51:16,1861.32159,R9800BH,225,42.0,6.0,35,268.415949,122.815699,38.91437,75.799031,30.88685,3092.517088,6710.465906
pattern_12,A1850812_200_CN_3,6207392,4207392,22264,R9800BH,DT075,HIT EH5000,A-185-08-12,54.0,214.78,114.478186,114.478186,262.827278,38.503993,64.798289,0,363534.33,6591873.65,199.64,STRAIGHT,214.8,458,11/10/2025,16:51:16,16:58:54,1911.602748,R9800BH,250,42.0,6.0,35,262.827278,114.478186,45.04681,64.798289,38.503993,2941.918256,7001.396445
pattern_12,A1850812_200_CN_3,6207393,4207393,22264,R9800BH,DT057,HIT EH5000,A-185-08-12,48.91,209.39,126.933816,126.933816,271.710116,47.292632,53.69396,0,363532.17,6591873.99,199.32,LEFT,209.4,397,11/10/2025,16:58:54,17:05:31,1845.197185,R9800BH,250,42.0,6.0,35,271.710116,126.933816,43.789708,53.69396,47.292632,2774.295255,6130.581965
pattern_12,A1850812_200_CN_3,6207394,4207394,22264,R9800BH,DT078,HIT EH5000,A-185-08-12,65.07,229.03,115.577266,115.577266,269.201748,38.508001,65.602785,0,363532.59,6591875.09,199.27,LEFT,229.0,844,11/10/2025,17:05:31,17:19:35,1968.921389,R9800BH,250,42.0,6.0,35,269.201748,115.577266,49.513695,65.602785,38.508001,3062.765887,7010.275248
pattern_12,A1850812_200_CN_3,6207395,4207395,22264,R9800BH,DT037,CAT 793,A-185-08-12,64.43,227.39,121.51401,121.51401,249.607809,40.296062,52.368539,0,363531.67,6591877.65,198.96,RIGHT,227.4,397,11/10/2025,17:19:35,17:26:12,1949.655841,R9800BH,225,42.0,6.0,35,249.607809,121.51401,35.429198,52.368539,40.296062,3279.514482,7485.779133
pattern_12,A1850812_200_CN_3,6207396,4207396,22264,R9800BH,DT058,HIT EH5000,A-185-08-12,45.44,241.51,122.939283,122.939283,259.647808,37.212284,60.757724,0,363531.93,6591878.1,198.76,RIGHT,241.5,515,11/10/2025,17:26:12,17:34:47,2159.572316,R9800BH,250,42.0,6.0,35,259.647808,122.939283,38.738517,60.757724,37.212284,3348.458474,7473.111223
pattern_12,A1850812_200_CN_3,6207397,4207397,22264,R9800BH,DT031,CAT 793,A-185-08-12,55.67,238.65,110.058051,110.058051,248.778603,42.308296,58.27899,0,363533.21,6591875.57,199.69,LEFT,238.6,456,11/10/2025,17:34:47,17:42:23,2189.747118,R9800BH,225,42.0,6.0,35,248.778603,110.058051,38.133266,58.27899,42.308296,3453.381116,7638.402299
pattern_12,A1850812_200_CN_3,6207398,4207398,22264,R9800BH,DT030,CAT 793,A-185-08-12,70.61,245.35,110.769939,110.769939,247.034068,29.873527,62.086998,0,363535.7,6591873.3,199.04,LEFT,245.3,338,11/10/2025,17:42:23,17:48:01,2339.438293,R9800BH,225,42.0,6.0,35,247.034068,110.769939,44.303604,62.086998,29.873527,3575.430917,8277.347801
pattern_12,A1850812_200_CN_4,6207399,4207399,22264,R9800BH,DT070,HIT EH5000,A-185-08-12,49.53,217.08,98.467996,98.467996,242.730657,33.504091,71.307733,0,363533.06,6591883.7,198.32,STRAIGHT,217.1,440,11/10/2025,17:48:01,17:55:21,1883.614809,R9800BH,250,42.0,6.0,35,242.730657,98.467996,39.450838,71.307733,33.504091,3219.577524,7300.52868
pattern_12,A1850812_200_CN_4,6207400,4207400,22264,R9800BH,DT027,CAT 793,A-185-08-12,39.48,192.11,116.033165,116.033165,261.233443,37.519889,57.928457,0,363531.86,6591883.99,198.24,RIGHT,192.1,492,11/10/2025,17:55:21,18:03:33,1753.038462,R9800BH,225,42.0,6.0,35,261.233443,116.033165,49.751931,57.928457,37.519889,2647.475746,6265.941124
pattern_12,A1850812_200_CN_4,6207401,4207401,22264,R9800BH,DT034,CAT 793,A-185-08-12,51.38,212.93,106.588735,106.588735,247.152405,36.193523,61.888378,0,363534.04,6591882.77,198.97,LEFT,212.9,485,11/10/2025,18:03:33,18:11:38,2048.926712,R9800BH,225,42.0,6.0,35,247.152405,106.588735,42.481769,61.888378,36.193523,3101.487569,7055.702226
pattern_12,A1850812_200_CN_4,6207402,4207402,22264,R9800BH,DT059,HIT EH5000,A-185-08-12,64.86,210.53,103.236453,103.236453,236.352264,34.017512,61.036698,0,363533.86,6591883.32,198.74,LEFT,210.5,474,11/10/2025,18:11:38,18:19:32,2049.938153,R9800BH,250,42.0,6.0,35,236.352264,103.236453,38.0616,61.036698,34.017512,3206.74774,6670.0353
pattern_12,A1850812_200_CN_4,6207403,4207403,22264,R9800BH,DT006,CAT 793,A-185-08-12,55.23,226.92,109.512826,109.512826,245.754185,35.582473,60.652188,0,363533.93,6591883.65,198.41,LEFT,226.9,419,11/10/2025,18:19:32,18:26:31,2182.877713,R9800BH,225,42.0,6.0,35,245.754185,109.512826,40.006698,60.652188,35.582473,3324.068601,7255.218093
pattern_12,A1850812_200_CN_4,6207404,4207404,22264,R9800BH,DT064,HIT EH5000,A-185-08-12,45.34,226.27,85.4683,85.4683,209.796649,32.200625,55.208368,0,363531.92,6591883.46,198.94,RIGHT,226.3,424,11/10/2025,18:26:31,18:33:35,2874.66452,R9800BH,250,42.0,6.0,35,209.796649,85.4683,36.919356,55.208368,32.200625,3882.601555,8785.113887
pattern_12,A1850812_200_CN_4,6207405,4207405,22264,R9800BH,DT066,HIT EH5000,A-185-08-12,55.59,222.25,98.881468,98.881468,237.010545,33.509865,57.727334,0,363536.42,6591884.35,198.14,RIGHT,222.2,434,11/10/2025,18:33:35,18:40:49,2167.923397,R9800BH,250,42.0,6.0,35,237.010545,98.881468,46.891879,57.727334,33.509865,3375.780874,7416.179583
pattern_12,A1850812_200_CN_4,6207406,4207406,22264,R9800BH,DT079,HIT EH5000,A-185-08-12,42.4,208.33,92.75461,92.75461,233.910212,37.250916,67.655137,0,363532.2,6591882.11,199.35,RIGHT,208.3,504,11/10/2025,18:40:49,18:49:13,2187.73622,R9800BH,250,42.0,6.0,35,233.910212,92.75461,36.24955,67.655137,37.250916,3206.321005,7559.849778
pattern_12,A1850812_200_CN_4,6207407,4207407,22264,R9800BH,DT054,HIT EH5000,A-185-08-12,57.69,189.28,107.865048,107.865048,241.824205,32.12361,56.926369,0,363531.22,6591882.7,198.75,RIGHT,189.3,397,11/10/2025,18:49:13,18:55:50,1884.764945,R9800BH,250,42.0,6.0,35,241.824205,107.865048,44.909178,56.926369,32.12361,2817.790647,6579.758712
pattern_12,A1850812_200_CN_4,6207408,4207408,22264,R9800BH,DT070,HIT EH5000,A-185-08-12,64.62,208.69,106.613266,106.613266,258.902116,41.055199,64.653831,0,363531.26,6591881.6,198.77,LEFT,208.7,439,11/10/2025,18:55:50,19:03:09,1932.460915,R9800BH,250,42.0,6.0,35,258.902116,106.613266,46.579821,64.653831,41.055199,2901.870784,6285.173627
pattern_12,A1850812_200_CN_4,6207409,4207409,22264,R9800BH,DT073,HIT EH5000,A-185-08-12,42.05,196.52,89.354803,89.354803,221.564138,31.429672,62.694321,0,363530.2,6591882.58,199.87,RIGHT,196.5,451,11/10/2025,19:03:09,19:10:40,2089.501921,R9800BH,250,42.0,6.0,35,221.564138,89.354803,38.085342,62.694321,31.429672,3193.045393,6904.08235
pattern_12,A1850812_200_CN_4,6207410,4207410,22264,R9800BH,DT059,HIT EH5000,A-185-08-12,43.69,193.12,102.201851,102.201851,248.109863,34.876505,66.929533,0,363535.39,6591881.9,199.32,LEFT,193.1,403,11/10/2025,19:10:40,19:17:23,1653.845782,R9800BH,250,42.0,6.0,35,248.109863,102.201851,44.101973,66.929533,34.876505,2802.144032,6235.848763
pattern_12,A1850812_200_CN_1,6207411,4207411,22264,R9800BH,DT087,HIT EH5000,A-185-08-12,73.93,221.79,91.316518,91.316518,224.504562,36.394581,62.87729,0,363541.21,6591838.02,198.69,RIGHT,221.8,362,11/10/2025,19:17:23,19:23:25,2472.106481,R9800BH,250,42.0,6.0,35,224.504562,91.316518,33.916172,62.87729,36.394581,3556.478257,8723.801588
pattern_12,A1850812_200_CN_1,6207412,4207412,22264,R9800BH,DT018,CAT 793,A-185-08-12,58.24,227.45,76.999608,76.999608,216.148346,34.426921,63.363081,0,363535.56,6591843.12,199.78,LEFT,227.4,368,11/10/2025,19:23:25,19:29:33,2861.090789,R9800BH,225,42.0,6.0,35,216.148346,76.999608,41.358735,63.363081,34.426921,3788.170842,9723.857387
pattern_12,A1850812_200_CN_1,6207413,4207413,22264,R9800BH,DT086,HIT EH5000,A-185-08-12,56.8,230.02,84.476832,84.476832,222.501816,35.335259,63.410839,0,363539.77,6591835.86,199.35,RIGHT,230.0,374,11/10/2025,19:29:33,19:35:47,2271.836949,R9800BH,250,42.0,6.0,35,222.501816,84.476832,39.278886,63.410839,35.335259,3721.59798,9962.903586
pattern_12,A1850812_200_CN_1,6207414,4207414,22264,R9800BH,DT042,CAT 793,A-185-08-12,50.74,234.97,68.134702,68.134702,205.807939,38.320816,60.40374,0,363539.17,6591835.07,198.3,RIGHT,235.0,400,11/10/2025,19:35:47,19:42:27,2775.121964,R9800BH,225,42.0,6.0,35,205.807939,68.134702,38.94868,60.40374,38.320816,4110.105758,10226.029665
pattern_12,A1850812_200_CN_1,6207415,4207415,22264,R9800BH,DT018,CAT 793,A-185-08-12,51.22,252.0,76.425391,76.425391,221.682895,41.401672,62.226203,0,363540.56,6591836.88,198.02,STRAIGHT,252.0,400,11/10/2025,19:42:27,19:49:07,2764.588212,R9800BH,225,42.0,6.0,35,221.682895,76.425391,41.62963,62.226203,41.401672,4092.331974,10625.220337
pattern_12,A1850812_200_CN_1,6207416,4207416,22264,R9800BH,DT076,HIT EH5000,A-185-08-12,60.04,254.24,73.728178,73.728178,211.239658,39.366034,60.071779,0,363536.25,6591840.0,198.19,LEFT,254.2,390,11/10/2025,19:49:07,19:55:37,3083.179786,R9800BH,250,42.0,6.0,35,211.239658,73.728178,38.073667,60.071779,39.366034,4332.882529,11211.052188
pattern_12,A1850812_200_CN_1,6207417,4207417,22264,R9800BH,DT033,CAT 793,A-185-08-12,55.88,214.88,70.223456,70.223456,197.309031,31.742415,55.692732,0,363539.71,6591839.75,198.33,LEFT,214.9,420,11/10/2025,19:55:37,20:02:37,2718.808257,R9800BH,225,42.0,6.0,35,197.309031,70.223456,39.650428,55.692732,31.742415,3920.545546,10579.033985
pattern_12,A1850812_200_CN_1,6207418,4207418,22264,R9800BH,DT033,CAT 793,A-185-08-12,40.0,238.25,81.596356,81.596356,218.56428,34.739637,61.134479,0,363537.47,6591844.56,199.41,RIGHT,238.2,288,11/10/2025,20:02:37,20:07:25,2649.112514,R9800BH,225,42.0,6.0,35,218.56428,81.596356,41.093808,61.134479,34.739637,3924.168944,10118.193316
pattern_12,A1850812_200_CN_1,6207419,4207419,22264,R9800BH,DT041,CAT 793,A-185-08-12,66.96,239.68,73.703798,73.703798,200.417367,35.818592,54.481615,0,363536.47,6591837.29,198.25,STRAIGHT,239.7,412,11/10/2025,20:07:25,20:14:17,2964.729979,R9800BH,225,42.0,6.0,35,200.417367,73.703798,36.413362,54.481615,35.818592,4305.257617,11346.891395
pattern_12,A1850812_200_CN_1,6207420,4207420,22264,R9800BH,DT020,CAT 793,A-185-08-12,49.75,237.02,72.18262,72.18262,213.210551,40.050068,56.433709,0,363539.2,6591835.4,198.5,RIGHT,237.0,422,11/10/2025,20:14:17,20:21:19,2703.289584,R9800BH,225,42.0,6.0,35,213.210551,72.18262,44.544154,56.433709,40.050068,4002.084827,10336.425771
pattern_12,A1850812_200_CN_4,6207421,4207421,22264,R9800BH,DT018,CAT 793,A-185-08-12,60.88,244.89,103.784541,103.784541,236.643047,36.9401,60.175218,0,363530.04,6591888.11,199.52,LEFT,244.9,409,11/10/2025,20:21:19,20:28:08,2580.888451,R9800BH,225,42.0,6.0,35,236.643047,103.784541,35.743188,60.175218,36.9401,3725.460645,8743.715267
pattern_12,A1850812_200_CN_4,6207422,4207422,22264,R9800BH,DT086,HIT EH5000,A-185-08-12,52.05,245.51,110.19204,110.19204,253.76158,42.590252,60.592081,0,363529.2,6591892.79,198.94,LEFT,245.5,436,11/10/2025,20:28:08,20:35:24,2625.973897,R9800BH,250,42.0,6.0,35,253.76158,110.19204,40.387207,60.592081,42.590252,3482.953978,8209.948663
pattern_12,A1850812_200_CN_4,6207423,4207423,22264,R9800BH,DT051,HIT EH5000,A-185-08-12,51.77,225.46,105.421986,105.421986,241.074288,32.768177,62.311144,0,363529.79,6591890.75,199.33,STRAIGHT,225.5,384,11/10/2025,20:35:24,20:41:48,2279.8346,R9800BH,250,42.0,6.0,35,241.074288,105.421986,40.572981,62.311144,32.768177,3366.758693,7932.903721
pattern_12,A1850812_200_CN_4,6207424,4207424,22264,R9800BH,DT075,HIT EH5000,A-185-08-12,63.11,212.93,91.787571,91.787571,217.806888,29.864035,58.977493,0,363532.22,6591895.85,199.51,RIGHT,212.9,447,11/10/2025,20:41:48,20:49:15,2319.123461,R9800BH,250,42.0,6.0,35,217.806888,91.787571,37.177789,58.977493,29.864035,3519.325884,8539.906044
pattern_12,A1850812_200_CN_4,6207425,4207425,22264,R9800BH,DT023,CAT 793,A-185-08-12,64.73,216.32,114.303561,114.303561,250.694869,33.27933,60.895804,0,363529.23,6591888.79,198.19,LEFT,216.3,469,11/10/2025,20:49:15,20:57:04,1992.726216,R9800BH,225,42.0,6.0,35,250.694869,114.303561,42.216173,60.895804,33.27933,3106.395184,7460.659235
pattern_12,A1850812_200_CN_4,6207426,4207426,22264,R9800BH,DT088,HIT EH5000,A-185-08-12,63.26,208.9,90.686176,90.686176,218.842775,30.693045,62.173225,0,363529.62,6591889.79,199.52,RIGHT,208.9,416,11/10/2025,20:57:04,21:04:00,1797.344829,R9800BH,250,42.0,6.0,35,218.842775,90.686176,35.290329,62.173225,30.693045,3436.379778,8446.809829
pattern_12,A1850812_200_CN_4,6207427,4207427,22264,R9800BH,DT087,HIT EH5000,A-185-08-12,49.2,219.47,93.363026,93.363026,234.306411,38.689942,52.99553,0,363531.22,6591889.59,198.99,STRAIGHT,219.5,418,11/10/2025,21:04:00,21:10:58,2185.561904,R9800BH,250,42.0,6.0,35,234.306411,93.363026,49.257913,52.99553,38.689942,3371.973199,8355.679566
pattern_12,A1850812_200_CN_4,6207428,4207428,22264,R9800BH,DT040,CAT 793,A-185-08-12,48.88,202.75,97.820604,97.820604,244.147477,34.480281,62.385591,0,363529.87,6591895.36,199.13,RIGHT,202.7,363,11/10/2025,21:10:58,21:17:01,2135.372692,R9800BH,225,42.0,6.0,35,244.147477,97.820604,49.461,62.385591,34.480281,2989.560591,7193.044157
pattern_12,A1850812_200_CN_4,6207429,4207429,22264,R9800BH,DT077,HIT EH5000,A-185-08-12,43.26,206.06,99.886628,99.886628,239.70952,33.486443,59.365352,0,363534.56,6591888.4,198.96,RIGHT,206.1,448,11/10/2025,21:17:01,21:24:29,2169.888494,R9800BH,250,42.0,6.0,35,239.70952,99.886628,46.971097,59.365352,33.486443,3094.577158,7710.078445
pattern_12,A1850812_200_CN_4,6207430,4207430,22264,R9800BH,DT054,HIT EH5000,A-185-08-12,70.47,250.52,100.461153,100.461153,243.465454,37.948026,65.499071,0,363535.0,6591893.99,199.19,LEFT,250.5,447,11/10/2025,21:24:29,21:31:56,2307.480195,R9800BH,250,42.0,6.0,35,243.465454,100.461153,39.557204,65.499071,37.948026,3704.26533,8767.512633
pattern_12,A1850812_200_CN_2,6207431,4207431,22264,R9800BH,DT030,CAT 793,A-185-08-12,44.17,210.55,80.719328,80.719328,215.420947,34.824509,60.571563,0,363539.43,6591845.82,199.56,LEFT,210.6,445,11/10/2025,21:31:56,21:39:21,2527.442369,R9800BH,225,42.0,6.0,35,215.420947,80.719328,39.305547,60.571563,34.824509,3518.627518,8585.508655
pattern_12,A1850812_200_CN_2,6207432,4207432,22264,R9800BH,DT039,CAT 793,A-185-08-12,61.06,206.19,79.478757,79.478757,216.691902,34.912679,58.889938,0,363541.1,6591846.59,198.46,RIGHT,206.2,449,11/10/2025,21:39:21,21:46:50,2286.789542,R9800BH,225,42.0,6.0,35,216.691902,79.478757,43.410528,58.889938,34.912679,3425.544128,8882.140662
pattern_12,A1850812_200_CN_2,6207433,4207433,22264,R9800BH,DT032,CAT 793,A-185-08-12,62.17,224.53,91.658061,91.658061,249.765345,41.142008,67.640159,0,363540.61,6591847.38,198.92,LEFT,224.5,417,11/10/2025,21:46:50,21:53:47,2154.049089,R9800BH,225,42.0,6.0,35,249.765345,91.658061,49.325117,67.640159,41.142008,3236.28958,8594.134498
pattern_12,A1850812_200_CN_2,6207434,4207434,22264,R9800BH,DT003,CAT 793,A-185-08-12,54.56,233.62,82.919458,82.919458,223.704819,35.047324,63.335991,0,363538.81,6591844.41,198.26,LEFT,233.6,413,11/10/2025,21:53:47,22:00:40,2842.635571,R9800BH,225,42.0,6.0,35,223.704819,82.919458,42.402046,63.335991,35.047324,3759.583532,9763.252963
pattern_12,A1850812_200_CN_2,6207435,4207435,22264,R9800BH,DT058,HIT EH5000,A-185-08-12,62.12,248.44,83.943342,83.943342,227.302134,39.430231,57.703731,0,363538.69,6591846.36,199.73,STRAIGHT,248.4,382,11/10/2025,22:00:40,22:07:02,2795.464469,R9800BH,250,42.0,6.0,35,227.302134,83.943342,46.22483,57.703731,39.430231,3934.781688,10379.35173
pattern_12,A1850812_200_CN_2,6207436,4207436,22264,R9800BH,DT081,HIT EH5000,A-185-08-12,59.98,252.56,90.079883,90.079883,221.820284,33.310033,54.700056,0,363537.78,6591846.37,198.55,LEFT,252.6,480,11/10/2025,22:07:02,22:15:02,2653.380143,R9800BH,250,42.0,6.0,35,221.820284,90.079883,43.730312,54.700056,33.310033,4098.899685,10786.289352
pattern_12,A1850812_200_CN_2,6207437,4207437,22264,R9800BH,DT055,HIT EH5000,A-185-08-12,62.21,233.39,67.775345,67.775345,203.834953,29.067987,70.929583,0,363542.26,6591847.92,199.39,RIGHT,233.4,391,11/10/2025,22:15:02,22:21:33,2931.017833,R9800BH,250,42.0,6.0,35,203.834953,67.775345,36.062037,70.929583,29.067987,4122.042438,10771.008563
pattern_12,A1850812_200_CN_2,6207438,4207438,22264,R9800BH,DT064,HIT EH5000,A-185-08-12,69.43,225.56,95.169525,95.169525,243.012976,36.122823,66.550613,0,363538.95,6591848.8,198.91,LEFT,225.6,373,11/10/2025,22:21:33,22:27:46,2437.47926,R9800BH,250,42.0,6.0,35,243.012976,95.169525,45.170014,66.550613,36.122823,3341.515463,8334.861757
pattern_12,A1850812_200_CN_2,6207439,4207439,22264,R9800BH,DT070,HIT EH5000,A-185-08-12,48.87,247.49,83.918254,83.918254,226.408361,36.722353,60.26882,0,363542.05,6591846.31,198.28,LEFT,247.5,390,11/10/2025,22:27:46,22:34:16,2571.997699,R9800BH,250,42.0,6.0,35,226.408361,83.918254,45.498934,60.26882,36.722353,3935.217823,10104.164687
pattern_12,A1850812_200_CN_2,6207440,4207440,22264,R9800BH,DT066,HIT EH5000,A-185-08-12,46.39,228.92,74.025959,74.025959,201.952646,31.624605,60.356528,0,363541.86,6591846.14,199.49,LEFT,228.9,376,11/10/2025,22:34:16,22:40:32,2813.202254,R9800BH,250,42.0,6.0,35,201.952646,74.025959,35.945555,60.356528,31.624605,4080.698847,10579.805058
pattern_12,A1850812_200_CN_2,6207441,4207441,22264,R9800BH,DT047,HIT EH5000,A-185-08-12,49.08,230.12,75.265952,75.265952,221.996371,38.985218,66.166922,0,363535.69,6591898.32,199.42,STRAIGHT,230.1,425,11/10/2025,22:40:32,22:47:37,2507.516019,R9800BH,250,42.0,6.0,35,221.996371,75.265952,41.578279,66.166922,38.985218,3731.719617,9542.099936
pattern_12,A1850812_200_CN_2,6207442,4207442,22264,R9800BH,DT051,HIT EH5000,A-185-08-12,40.43,224.28,82.306337,82.306337,221.617462,36.588627,62.186031,0,363532.76,6591896.02,198.96,STRAIGHT,224.3,362,11/10/2025,22:47:37,22:53:39,2589.879056,R9800BH,250,42.0,6.0,35,221.617462,82.306337,40.536467,62.186031,36.588627,3643.181476,9436.919811
pattern_12,A1850812_200_CN_2,6207443,4207443,22264,R9800BH,DT056,HIT EH5000,A-185-08-12,55.45,217.05,72.041485,72.041485,209.080633,34.572944,61.782866,0,363534.36,6591897.91,198.12,LEFT,217.1,354,11/10/2025,22:53:39,22:59:33,2415.518603,R9800BH,250,42.0,6.0,35,209.080633,72.041485,40.683338,61.782866,34.572944,3737.254608,9210.958493
pattern_12,A1850812_200_CN_2,6207444,4207444,22264,R9800BH,DT082,HIT EH5000,A-185-08-12,46.14,214.66,87.069632,87.069632,225.867159,35.884902,57.824048,0,363535.13,6591898.95,198.78,LEFT,214.7,313,11/10/2025,22:59:33,23:04:46,2169.363476,R9800BH,250,42.0,6.0,35,225.867159,87.069632,45.088577,57.824048,35.884902,3421.438448,8476.355331
pattern_12,A1850812_200_CN_2,6207445,4207445,22264,R9800BH,DT063,HIT EH5000,A-185-08-12,50.36,239.17,82.035131,82.035131,218.673837,33.155418,58.74367,0,363531.71,6591899.9,198.71,STRAIGHT,239.2,373,11/10/2025,23:04:46,23:10:59,2551.410762,R9800BH,250,42.0,6.0,35,218.673837,82.035131,44.739618,58.74367,33.155418,3937.435592,9965.468184
pattern_12,A1850812_200_CN_2,6207446,4207446,22264,R9800BH,DT065,HIT EH5000,A-185-08-12,61.26,248.81,74.043984,74.043984,194.78465,32.662158,57.721893,0,363530.13,6591902.33,199.1,STRAIGHT,248.8,377,11/10/2025,23:10:59,23:17:16,2908.791903,R9800BH,250,42.0,6.0,35,194.78465,74.043984,30.356615,57.721893,32.662158,4598.503386,11511.52675
pattern_12,A1850812_200_CN_2,6207447,4207447,22264,R9800BH,DT035,CAT 793,A-185-08-12,51.58,238.57,73.959918,73.959918,204.91737,34.035827,56.193782,0,363532.13,6591900.63,199.59,LEFT,238.6,334,11/10/2025,23:17:16,23:22:50,2645.115376,R9800BH,225,42.0,6.0,35,204.91737,73.959918,40.727843,56.193782,34.035827,4191.174089,10262.95675
pattern_12,A1850812_200_CN_2,6207448,4207448,22264,R9800BH,DT075,HIT EH5000,A-185-08-12,58.95,229.47,83.747763,83.747763,227.719556,34.158861,62.442251,0,363536.14,6591899.18,198.76,STRAIGHT,229.5,389,11/10/2025,23:22:50,23:29:19,2500.888457,R9800BH,250,42.0,6.0,35,227.719556,83.747763,47.370682,62.442251,34.158861,3627.746166,9153.510173
pattern_12,A1850812_200_CN_2,6207449,4207449,22264,R9800BH,DT035,CAT 793,A-185-08-12,37.57,212.89,77.635551,77.635551,207.669691,37.276997,58.15473,0,363536.03,6591900.84,199.6,STRAIGHT,212.9,304,11/10/2025,23:29:19,23:34:23,2702.984274,R9800BH,225,42.0,6.0,35,207.669691,77.635551,34.602413,58.15473,37.276997,3690.577921,9430.306654
pattern_12,A1850812_200_CN_2,6207450,4207450,22264,R9800BH,DT069,HIT EH5000,A-185-08-12,51.53,210.75,85.156596,85.156596,225.252689,42.91892,59.490926,0,363532.88,6591898.8,199.79,LEFT,210.7,375,11/10/2025,23:34:23,23:40:38,2158.694077,R9800BH,250,42.0,6.0,35,225.252689,85.156596,37.686246,59.490926,42.91892,3368.154735,8648.597105
pattern_12,A1850812_200_CN_2,6207451,4207451,22264,R9800BH,DT072,HIT EH5000,A-185-08-12,70.22,210.65,81.804395,81.804395,211.994251,32.392155,59.116054,0,363539.13,6591854.59,198.31,STRAIGHT,210.6,372,11/10/2025,23:40:38,23:46:50,2505.633994,R9800BH,250,42.0,6.0,35,211.994251,81.804395,38.681646,59.116054,32.392155,3577.115066,8785.635377
pattern_12,A1850812_200_CN_2,6207452,4207452,22264,R9800BH,DT060,HIT EH5000,A-185-08-12,61.16,205.68,85.629763,85.629763,231.872491,46.98024,59.032173,0,363536.56,6591851.18,198.8,RIGHT,205.7,414,11/10/2025,23:46:50,23:53:44,2165.767849,R9800BH,250,42.0,6.0,35,231.872491,85.629763,40.230315,59.032173,46.98024,3193.405123,7422.013551
pattern_12,A1850812_200_CN_2,6207453,4207453,22264,R9800BH,DT085,HIT EH5000,A-185-08-12,47.55,231.49,93.836441,93.836441,244.087571,41.940814,55.878799,0,363541.71,6591855.0,198.28,STRAIGHT,231.5,481,11/10/2025,23:53:44,00:01:45,2188.906052,R9800BH,250,42.0,6.0,35,244.087571,93.836441,52.431517,55.878799,41.940814,3414.177781,8092.309156
pattern_12,A1850812_200_CN_2,6207454,4207454,22264,R9800BH,DT083,HIT EH5000,A-185-08-12,76.58,229.74,94.680872,94.680872,238.168864,31.716012,63.49357,0,363539.93,6591855.24,199.06,STRAIGHT,229.7,460,12/10/2025,00:01:45,00:09:25,2157.92963,R9800BH,250,42.0,6.0,35,238.168864,94.680872,48.27841,63.49357,31.716012,3472.595992,8615.123031
pattern_12,A1850812_200_CN_2,6207455,4207455,22264,R9800BH,DT061,HIT EH5000,A-185-08-12,53.89,214.63,93.089325,93.089325,229.247672,34.941728,59.095936,0,363537.67,6591849.9,199.48,STRAIGHT,214.6,432,12/10/2025,00:09:25,00:16:37,2174.753581,R9800BH,250,42.0,6.0,35,229.247672,93.089325,42.120683,59.095936,34.941728,3370.488357,8001.983845
pattern_12,A1850812_200_CN_2,6207456,4207456,22264,R9800BH,DT081,HIT EH5000,A-185-08-12,57.62,225.59,87.49956,87.49956,243.083712,37.303126,70.780772,0,363538.75,6591851.18,198.75,LEFT,225.6,522,12/10/2025,00:16:37,00:25:19,2301.191325,R9800BH,250,42.0,6.0,35,243.083712,87.49956,47.500254,70.780772,37.303126,3340.946642,7573.113152
pattern_12,A1850812_200_CN_2,6207457,4207457,22264,R9800BH,DT074,HIT EH5000,A-185-08-12,61.18,219.33,88.607495,88.607495,240.178443,43.105359,63.397839,0,363539.01,6591853.97,198.21,LEFT,219.3,393,12/10/2025,00:25:19,00:31:52,1870.805261,R9800BH,250,42.0,6.0,35,240.178443,88.607495,45.06775,63.397839,43.105359,3287.513796,8165.381915
pattern_12,A1850812_200_CN_2,6207458,4207458,22264,R9800BH,DT076,HIT EH5000,A-185-08-12,55.99,210.6,96.272884,96.272884,245.322251,38.432708,62.736928,0,363538.2,6591856.22,198.51,LEFT,210.6,409,12/10/2025,00:31:52,00:38:41,1951.510129,R9800BH,250,42.0,6.0,35,245.322251,96.272884,47.879732,62.736928,38.432708,3090.402789,7327.26064
pattern_12,A1850812_200_CN_2,6207459,4207459,22264,R9800BH,DT040,CAT 793,A-185-08-12,48.99,216.05,96.198182,96.198182,238.062853,38.121079,62.552608,0,363536.15,6591853.65,199.74,STRAIGHT,216.1,434,12/10/2025,00:38:41,00:45:55,2260.020273,R9800BH,225,42.0,6.0,35,238.062853,96.198182,41.190985,62.552608,38.121079,3267.17393,8292.168447
pattern_12,A1850812_200_CN_3,6207460,4207460,22264,R9800BH,DT039,CAT 793,A-185-08-12,49.52,240.42,106.646167,106.646167,248.820514,33.232001,64.802523,0,363540.21,6591860.85,198.78,LEFT,240.4,463,12/10/2025,00:45:55,00:53:38,2197.255242,R9800BH,225,42.0,6.0,35,248.820514,106.646167,44.139822,64.802523,33.232001,3478.416874,8424.406571
pattern_12,A1850812_200_CN_3,6207461,4207461,22264,R9800BH,DT063,HIT EH5000,A-185-08-12,55.96,214.65,97.633411,97.633411,226.828172,37.758736,52.859391,0,363535.85,6591866.28,200.0,LEFT,214.7,454,12/10/2025,00:53:38,01:01:12,2197.30421,R9800BH,250,42.0,6.0,35,226.828172,97.633411,38.576635,52.859391,37.758736,3406.738326,7903.94462
pattern_12,A1850812_200_CN_3,6207462,4207462,22264,R9800BH,DT046,CAT 793,A-185-08-12,47.19,217.97,111.285902,111.285902,255.530673,43.468183,57.243021,0,363539.7,6591864.3,199.62,STRAIGHT,218.0,406,12/10/2025,01:01:12,01:07:58,1910.683502,R9800BH,225,42.0,6.0,35,255.530673,111.285902,43.533568,57.243021,43.468183,3070.886798,6805.101378
pattern_12,A1850812_200_CN_3,6207463,4207463,22264,R9800BH,DT038,CAT 793,A-185-08-12,57.13,226.19,101.382935,101.382935,247.498132,32.117498,61.82246,0,363536.97,6591863.91,199.52,RIGHT,226.2,403,12/10/2025,01:07:58,01:14:41,2130.689396,R9800BH,225,42.0,6.0,35,247.498132,101.382935,52.175239,61.82246,32.117498,3289.995804,7876.187014
pattern_12,A1850812_200_CN_3,6207464,4207464,22264,R9800BH,DT051,HIT EH5000,A-185-08-12,53.31,219.8,110.788389,110.788389,235.629457,25.888921,63.81177,0,363536.2,6591862.21,199.24,LEFT,219.8,423,12/10/2025,01:14:41,01:21:44,2088.208198,R9800BH,250,42.0,6.0,35,235.629457,110.788389,35.140377,63.81177,25.888921,3358.144245,8142.113085
pattern_12,A1850812_200_CN_3,6207465,4207465,22264,R9800BH,DT028,CAT 793,A-185-08-12,52.64,233.61,85.669165,85.669165,229.238021,36.28447,64.546655,0,363537.45,6591861.31,199.07,LEFT,233.6,417,12/10/2025,01:21:44,01:28:41,2561.538988,R9800BH,225,42.0,6.0,35,229.238021,85.669165,42.737731,64.546655,36.28447,3668.713176,8726.232388
pattern_12,A1850812_200_CN_3,6207466,4207466,22264,R9800BH,DT016,CAT 793,A-185-08-12,50.57,208.94,93.715,93.715,241.635938,32.44108,69.103797,0,363539.39,6591866.36,199.04,STRAIGHT,208.9,371,12/10/2025,01:28:41,01:34:52,2163.624389,R9800BH,225,42.0,6.0,35,241.635938,93.715,46.376061,69.103797,32.44108,3112.826988,7110.656894
pattern_12,A1850812_200_CN_3,6207467,4207467,22264,R9800BH,DT005,CAT 793,A-185-08-12,57.65,214.5,90.8348,90.8348,226.104762,33.042313,59.706851,0,363538.06,6591865.63,199.81,STRAIGHT,214.5,766,12/10/2025,01:34:52,01:47:38,2266.126565,R9800BH,225,42.0,6.0,35,226.104762,90.8348,42.520799,59.706851,33.042313,3415.263342,8059.43906
pattern_12,A1850812_200_CN_3,6207468,4207468,22264,R9800BH,DT073,HIT EH5000,A-185-08-12,47.23,226.51,95.670839,95.670839,240.172637,40.280139,71.718511,0,363539.27,6591861.49,198.45,RIGHT,226.5,388,12/10/2025,01:47:38,01:54:06,2184.527654,R9800BH,250,42.0,6.0,35,240.172637,95.670839,32.503147,71.718511,40.280139,3395.206533,7634.931343
pattern_12,A1850812_200_CN_3,6207469,4207469,22264,R9800BH,DT087,HIT EH5000,A-185-08-12,59.66,222.25,98.829666,98.829666,239.302327,33.632189,64.543492,0,363538.41,6591864.08,199.7,RIGHT,222.3,418,12/10/2025,01:54:06,02:01:04,2225.79589,R9800BH,250,42.0,6.0,35,239.302327,98.829666,42.296979,64.543492,33.632189,3343.506174,8007.973142
pattern_12,A1850812_200_CN_3,6207470,4207470,22264,R9800BH,DT089,HIT EH5000,A-185-08-12,85.02,255.06,103.285086,103.285086,233.663682,28.601057,63.350047,0,363538.68,6591873.02,199.43,RIGHT,255.1,403,12/10/2025,02:01:04,02:07:47,2526.433367,R9800BH,250,42.0,6.0,35,233.663682,103.285086,38.427491,63.350047,28.601057,3929.576626,9341.015467
pattern_12,A1850812_200_CN_3,6207471,4207471,22264,R9800BH,DT047,HIT EH5000,A-185-08-12,43.46,229.16,110.117236,110.117236,245.937378,36.295872,58.483917,0,363540.25,6591869.7,198.17,LEFT,229.2,435,12/10/2025,02:07:47,02:15:02,1926.918023,R9800BH,250,42.0,6.0,35,245.937378,110.117236,41.040354,58.483917,36.295872,3354.397562,7844.669479
pattern_12,A1850812_200_CN_3,6207472,4207472,22264,R9800BH,DT026,CAT 793,A-185-08-12,59.9,231.1,105.244783,105.244783,260.451866,38.763482,69.117323,0,363535.53,6591872.92,199.08,LEFT,231.1,411,12/10/2025,02:15:02,02:21:53,2157.7191,R9800BH,225,42.0,6.0,35,260.451866,105.244783,47.326278,69.117323,38.763482,3194.286183,7738.934154
pattern_12,A1850812_200_CN_3,6207473,4207473,22264,R9800BH,DT054,HIT EH5000,A-185-08-12,37.91,211.62,101.275194,101.275194,222.717565,31.05279,50.962118,0,363542.63,6591869.16,199.62,STRAIGHT,211.6,445,12/10/2025,02:21:53,02:29:18,2256.591231,R9800BH,250,42.0,6.0,35,222.717565,101.275194,39.427463,50.962118,31.05279,3420.699596,8063.3142
pattern_12,A1850812_200_CN_3,6207474,4207474,22264,R9800BH,DT083,HIT EH5000,A-185-08-12,73.88,221.64,106.499532,106.499532,243.156632,33.507357,63.161876,0,363538.84,6591869.98,199.69,LEFT,221.6,435,12/10/2025,02:29:18,02:36:33,2357.685732,R9800BH,250,42.0,6.0,35,243.156632,106.499532,39.987868,63.161876,33.507357,3281.460551,7516.72409
pattern_12,A1850812_200_CN_3,6207475,4207475,22264,R9800BH,DT017,CAT 793,A-185-08-12,44.79,210.38,90.354869,90.354869,225.45357,38.228171,56.47172,0,363539.06,6591871.24,199.05,LEFT,210.4,323,12/10/2025,02:36:33,02:41:56,2268.848044,R9800BH,225,42.0,6.0,35,225.45357,90.354869,40.398811,56.47172,38.228171,3359.355932,7803.362939
pattern_12,A1850812_200_CN_3,6207476,4207476,22264,R9800BH,DT055,HIT EH5000,A-185-08-12,65.67,232.0,95.618611,95.618611,248.657246,39.806908,69.022617,0,363539.05,6591872.03,198.68,STRAIGHT,232.0,411,12/10/2025,02:41:56,02:48:47,2282.469816,R9800BH,250,42.0,6.0,35,248.657246,95.618611,44.209111,69.022617,39.806908,3358.902121,8271.86413
pattern_12,A1850812_200_CN_3,6207477,4207477,22264,R9800BH,DT079,HIT EH5000,A-185-08-12,73.75,221.25,106.265748,106.265748,241.307926,32.282966,60.243041,0,363537.99,6591868.57,198.65,LEFT,221.2,378,12/10/2025,02:48:47,02:55:05,2047.012992,R9800BH,250,42.0,6.0,35,241.307926,106.265748,42.516171,60.243041,32.282966,3300.750935,7899.366995
pattern_12,A1850812_200_CN_3,6207478,4207478,22264,R9800BH,DT081,HIT EH5000,A-185-08-12,61.11,229.58,99.787345,99.787345,240.869964,35.347826,64.633324,0,363537.75,6591871.47,199.47,LEFT,229.6,363,12/10/2025,02:55:05,03:01:08,2255.453703,R9800BH,250,42.0,6.0,35,240.869964,99.787345,41.101469,64.633324,35.347826,3431.304897,8019.299864
pattern_12,A1850812_200_CN_3,6207479,4207479,22264,R9800BH,DT033,CAT 793,A-185-08-12,56.76,216.18,101.417165,101.417165,247.624528,39.404457,64.044722,0,363541.08,6591869.55,198.86,STRAIGHT,216.2,380,12/10/2025,03:01:08,03:07:28,2059.563937,R9800BH,225,42.0,6.0,35,247.624528,101.417165,42.758184,64.044722,39.404457,3142.92398,7279.788543
pattern_12,A1850812_200_CN_5,6207480,4207480,22264,R9800BH,DT077,HIT EH5000,A-185-08-12,43.72,200.57,123.108932,123.108932,264.609968,33.807281,63.253514,0,363536.9,6591877.76,199.54,RIGHT,200.6,446,12/10/2025,03:07:28,03:14:54,1562.527116,R9800BH,250,42.0,6.0,35,264.609968,123.108932,44.440242,63.253514,33.807281,2728.78187,5875.953745
pattern_12,A1850812_200_CN_5,6207481,4207481,22264,R9800BH,DT071,HIT EH5000,A-185-08-12,61.41,222.56,128.430145,128.430145,275.746595,40.231328,69.026486,0,363541.62,6591878.71,198.59,LEFT,222.6,457,12/10/2025,03:14:54,03:22:31,1949.302956,R9800BH,250,42.0,6.0,35,275.746595,128.430145,38.058635,69.026486,40.231328,2905.609648,6097.913676
pattern_12,A1850812_200_CN_5,6207482,4207482,22264,R9800BH,DT051,HIT EH5000,A-185-08-12,55.74,225.1,136.628391,136.628391,272.023748,36.691382,60.439882,0,363538.11,6591878.38,199.29,STRAIGHT,225.1,463,12/10/2025,03:22:31,03:30:14,1956.791032,R9800BH,250,42.0,6.0,35,272.023748,136.628391,38.264093,60.439882,36.691382,2978.939763,6572.784708
pattern_12,A1850812_200_CN_5,6207483,4207483,22264,R9800BH,DT075,HIT EH5000,A-185-08-12,44.22,209.9,118.368114,118.368114,272.068043,45.421937,63.401072,0,363540.29,6591879.32,199.08,LEFT,209.9,514,12/10/2025,03:30:14,03:38:48,1811.527899,R9800BH,250,42.0,6.0,35,272.068043,118.368114,44.87692,63.401072,45.421937,2777.417287,6253.944584
pattern_12,A1850812_200_CN_5,6207484,4207484,22264,R9800BH,DT083,HIT EH5000,A-185-08-12,58.07,224.67,122.408558,122.408558,256.761298,34.207675,61.051156,0,363537.98,6591878.88,199.17,STRAIGHT,224.7,448,12/10/2025,03:38:48,03:46:16,2100.050358,R9800BH,250,42.0,6.0,35,256.761298,122.408558,39.093909,61.051156,34.207675,3150.029383,6934.82588
pattern_12,A1850812_200_CN_5,6207485,4207485,22264,R9800BH,DT048,HIT EH5000,A-185-08-12,71.96,222.51,114.214448,114.214448,269.379928,50.10482,60.171695,0,363541.19,6591879.78,199.14,STRAIGHT,222.5,468,12/10/2025,03:46:16,03:54:04,1978.752626,R9800BH,250,42.0,6.0,35,269.379928,114.214448,44.888965,60.171695,50.10482,2973.632017,6416.677016
pattern_12,A1850812_200_CN_5,6207486,4207486,22264,R9800BH,DT077,HIT EH5000,A-185-08-12,69.83,209.5,126.579921,126.579921,264.798289,39.101125,57.145472,0,363540.06,6591878.71,198.86,LEFT,209.5,460,12/10/2025,03:54:04,04:01:44,1925.456518,R9800BH,250,42.0,6.0,35,264.798289,126.579921,41.971771,57.145472,39.101125,2848.211121,6315.241342
pattern_12,A1850812_200_CN_5,6207487,4207487,22264,R9800BH,DT075,HIT EH5000,A-185-08-12,53.47,222.25,110.102975,110.102975,246.132667,33.762468,64.3109,0,363537.21,6591879.93,198.59,STRAIGHT,222.3,417,12/10/2025,04:01:44,04:08:41,2150.175799,R9800BH,250,42.0,6.0,35,246.132667,110.102975,37.956324,64.3109,33.762468,3250.729943,6938.784365
pattern_12,A1850812_200_CN_5,6207488,4207488,22264,R9800BH,DT089,HIT EH5000,A-185-08-12,60.02,212.79,115.734544,115.734544,256.593507,35.951067,63.201952,0,363536.4,6591880.71,199.5,STRAIGHT,212.8,441,12/10/2025,04:08:41,04:16:02,1930.257946,R9800BH,250,42.0,6.0,35,256.593507,115.734544,41.705944,63.201952,35.951067,2985.494624,6496.000489
pattern_12,A1850812_200_CN_5,6207489,4207489,22264,R9800BH,DT036,CAT 793,A-185-08-12,47.51,210.86,119.548827,119.548827,252.834085,33.183845,57.291696,0,363539.05,6591878.47,199.1,LEFT,210.9,468,12/10/2025,04:16:02,04:23:50,1941.301354,R9800BH,225,42.0,6.0,35,252.834085,119.548827,42.809717,57.291696,33.183845,3002.398413,6950.079106
pattern_12,A1850812_200_CN_5,6207490,4207490,22264,R9800BH,DT075,HIT EH5000,A-185-08-12,57.44,211.63,112.782916,112.782916,256.400942,35.50204,65.840144,0,363541.12,6591875.5,198.84,RIGHT,211.6,382,12/10/2025,04:23:50,04:30:12,1905.649848,R9800BH,250,42.0,6.0,35,256.400942,112.782916,42.275843,65.840144,35.50204,2971.402271,6417.798837
pattern_12,A1850812_200_CN_2,6207491,4207491,22264,R9800BH,DT079,HIT EH5000,A-185-08-12,42.7,240.36,70.752885,70.752885,210.552776,38.581147,58.533974,0,363548.67,6591837.47,199.39,STRAIGHT,240.4,411,12/10/2025,04:30:12,04:37:03,2968.284592,R9800BH,250,42.0,6.0,35,210.552776,70.752885,42.684771,58.533974,38.581147,4109.620616,10731.691804
pattern_12,A1850812_200_CN_2,6207492,4207492,22264,R9800BH,DT072,HIT EH5000,A-185-08-12,61.71,263.73,78.416427,78.416427,215.55582,31.32184,58.939429,0,363544.95,6591835.88,199.8,RIGHT,263.7,361,12/10/2025,04:37:03,04:43:04,3194.383245,R9800BH,250,42.0,6.0,35,215.55582,78.416427,46.878124,58.939429,31.32184,4404.633169,10962.488589
pattern_12,A1850812_200_CN_2,6207493,4207493,22264,R9800BH,DT053,HIT EH5000,A-185-08-12,51.79,233.6,74.170196,74.170196,207.327979,29.031279,61.676122,0,363547.92,6591833.11,199.24,STRAIGHT,233.6,322,12/10/2025,04:43:04,04:48:26,2740.27944,R9800BH,250,42.0,6.0,35,207.327979,74.170196,42.450382,61.676122,29.031279,4056.230383,9985.112969
pattern_12,A1850812_200_CN_2,6207494,4207494,22264,R9800BH,DT070,HIT EH5000,A-185-08-12,48.76,211.91,84.822069,84.822069,230.998982,41.302555,57.486942,0,363544.08,6591834.93,199.48,STRAIGHT,211.9,426,12/10/2025,04:48:26,04:55:32,2172.184024,R9800BH,250,42.0,6.0,35,230.998982,84.822069,47.387417,57.486942,41.302555,3302.442238,8708.961198
pattern_12,A1850812_200_CN_2,6207495,4207495,22264,R9800BH,DT003,CAT 793,A-185-08-12,45.87,208.0,88.342459,88.342459,225.601058,34.362553,62.506912,0,363547.56,6591835.31,198.83,STRAIGHT,208.0,376,12/10/2025,04:55:32,05:01:48,2251.057932,R9800BH,225,42.0,6.0,35,225.601058,88.342459,40.389134,62.506912,34.362553,3319.124498,8750.56696
pattern_12,A1850812_200_CN_2,6207496,4207496,22264,R9800BH,DT075,HIT EH5000,A-185-08-12,49.58,225.8,86.603292,86.603292,213.130988,32.811266,58.134553,0,363540.82,6591835.43,199.91,RIGHT,225.8,346,12/10/2025,05:01:48,05:07:34,2639.729913,R9800BH,250,42.0,6.0,35,213.130988,86.603292,35.581877,58.134553,32.811266,3814.034244,9835.029335
pattern_12,A1850812_200_CN_2,6207497,4207497,22264,R9800BH,DT053,HIT EH5000,A-185-08-12,60.1,217.24,76.993914,76.993914,221.00083,32.635931,65.207428,0,363544.28,6591833.81,199.63,STRAIGHT,217.2,403,12/10/2025,05:07:34,05:14:17,2461.330698,R9800BH,250,42.0,6.0,35,221.00083,76.993914,46.163558,65.207428,32.635931,3538.678605,9151.141374
pattern_12,A1850812_200_CN_2,6207498,4207498,22264,R9800BH,DT018,CAT 793,A-185-08-12,47.17,223.73,80.120962,80.120962,230.895591,40.107216,65.833435,0,363546.76,6591836.38,198.78,RIGHT,223.7,350,12/10/2025,05:14:17,05:20:07,2302.333314,R9800BH,225,42.0,6.0,35,230.895591,80.120962,44.833979,65.833435,40.107216,3488.295488,8850.23583
pattern_12,A1850812_200_CN_2,6207499,4207499,22264,R9800BH,DT057,HIT EH5000,A-185-08-12,53.91,249.54,74.674373,74.674373,208.018893,41.326438,55.981309,0,363543.56,6591836.49,198.86,RIGHT,249.5,439,12/10/2025,05:20:07,05:27:26,2858.348232,R9800BH,250,42.0,6.0,35,208.018893,74.674373,36.036773,55.981309,41.326438,4318.610207,11027.444247
pattern_12,A1850812_200_CN_2,6207500,4207500,22264,R9800BH,DT067,HIT EH5000,A-185-08-12,71.52,214.56,89.972483,89.972483,228.201361,36.348905,61.183089,0,363545.25,6591834.24,199.41,LEFT,214.6,398,12/10/2025,05:27:26,05:34:04,2216.222779,R9800BH,250,42.0,6.0,35,228.201361,89.972483,40.696884,61.183089,36.348905,3384.774984,8624.592106
pattern_12,A1850812_200_CN_4,6207501,4207501,22264,R9800BH,DT068,HIT EH5000,A-185-08-12,76.05,228.15,93.449525,93.449525,248.025765,39.737478,74.684008,0,363541.48,6591890.68,199.68,STRAIGHT,228.2,405,12/10/2025,05:34:04,05:40:49,2202.774936,R9800BH,250,42.0,6.0,35,248.025765,93.449525,40.154754,74.684008,39.737478,3311.524163,7937.048547
pattern_12,A1850812_200_CN_4,6207502,4207502,22264,R9800BH,DT039,CAT 793,A-185-08-12,45.57,223.8,98.961374,98.961374,253.509117,39.501454,71.912413,0,363536.79,6591887.1,199.83,LEFT,223.8,373,12/10/2025,05:40:49,05:47:02,2165.234693,R9800BH,225,42.0,6.0,35,253.509117,98.961374,43.133876,71.912413,39.501454,3178.121566,6894.128962
pattern_12,A1850812_200_CN_4,6207503,4207503,22264,R9800BH,DT081,HIT EH5000,A-185-08-12,61.16,231.8,115.667771,115.667771,258.296653,36.352173,63.095649,0,363537.6,6591885.87,199.73,RIGHT,231.8,335,12/10/2025,05:47:02,05:52:37,2201.218909,R9800BH,250,42.0,6.0,35,258.296653,115.667771,43.18106,63.095649,36.352173,3230.745044,7667.838325
pattern_12,A1850812_200_CN_4,6207504,4207504,22264,R9800BH,DT084,HIT EH5000,A-185-08-12,57.6,215.84,95.745663,95.745663,234.739484,35.112268,59.392078,0,363539.39,6591887.46,199.45,RIGHT,215.8,450,12/10/2025,05:52:37,06:00:07,2142.958057,R9800BH,250,42.0,6.0,35,234.739484,95.745663,44.489475,59.392078,35.112268,3310.127644,7516.633453
pattern_12,A1850812_200_CN_4,6207505,4207505,22264,R9800BH,DT030,CAT 793,A-185-08-12,72.02,216.06,99.617529,99.617529,238.703315,29.571648,63.944029,0,363541.97,6591886.93,199.35,RIGHT,216.1,368,12/10/2025,06:00:07,06:06:15,2366.270957,R9800BH,225,42.0,6.0,35,238.703315,99.617529,45.570109,63.944029,29.571648,3258.461232,7302.152547
pattern_12,A1850812_200_CN_4,6207506,4207506,22264,R9800BH,DT066,HIT EH5000,A-185-08-12,64.48,215.44,115.66818,115.66818,252.548297,37.801561,58.914996,0,363538.72,6591888.15,199.86,STRAIGHT,215.4,378,12/10/2025,06:06:15,06:12:33,1795.166645,R9800BH,250,42.0,6.0,35,252.548297,115.66818,40.16356,58.914996,37.801561,3070.988209,6952.649667
pattern_12,A1850812_200_CN_4,6207507,4207507,22264,R9800BH,DT051,HIT EH5000,A-185-08-12,44.6,210.72,101.69351,101.69351,246.966045,36.040915,65.947077,0,363540.85,6591885.33,198.62,RIGHT,210.7,420,12/10/2025,06:12:33,06:19:33,2138.328556,R9800BH,250,42.0,6.0,35,246.966045,101.69351,43.284543,65.947077,36.040915,3071.676271,6817.532558
pattern_12,A1850812_200_CN_4,6207508,4207508,22264,R9800BH,DT002,CAT 793,A-185-08-12,54.04,213.34,102.059381,102.059381,256.293337,41.116682,67.059893,0,363540.15,6591883.61,199.51,LEFT,213.3,413,12/10/2025,06:19:33,06:26:26,1929.305396,R9800BH,225,42.0,6.0,35,256.293337,102.059381,46.057381,67.059893,41.116682,2996.613815,7108.142455
pattern_12,A1850812_200_CN_4,6207509,4207509,22264,R9800BH,DT054,HIT EH5000,A-185-08-12,45.62,201.65,107.570011,107.570011,263.680088,41.149082,67.171419,0,363538.77,6591888.32,199.84,LEFT,201.6,404,12/10/2025,06:26:26,06:33:10,1870.793883,R9800BH,250,42.0,6.0,35,263.680088,107.570011,47.789576,67.171419,41.149082,2753.099116,6332.738256
pattern_12,A1850812_200_CN_4,6207510,4207510,22264,R9800BH,DT084,HIT EH5000,A-185-08-12,61.21,210.23,96.210122,96.210122,235.565657,38.745621,64.692663,0,363543.1,6591888.72,198.24,STRAIGHT,210.2,485,12/10/2025,06:33:10,06:41:15,2187.513029,R9800BH,250,42.0,6.0,35,235.565657,96.210122,35.917252,64.692663,38.745621,3212.792566,7314.291635
pattern_12,A1850812_200_CN_2,6207511,4207511,22264,R9800BH,DT084,HIT EH5000,A-185-08-12,55.75,230.21,81.910051,81.910051,210.570522,36.710943,51.183126,0,363545.19,6591842.93,198.71,LEFT,230.2,362,12/10/2025,06:41:15,06:47:17,2767.011039,R9800BH,250,42.0,6.0,35,210.570522,81.910051,40.766402,51.183126,36.710943,3935.743831,10254.843821
pattern_12,A1850812_200_CN_2,6207512,4207512,22264,R9800BH,DT073,HIT EH5000,A-185-08-12,58.97,258.21,79.21626,79.21626,221.789159,42.433978,59.664255,0,363542.81,6591838.24,198.42,RIGHT,258.2,409,12/10/2025,06:47:17,06:54:06,2882.257648,R9800BH,250,42.0,6.0,35,221.789159,79.21626,40.474665,59.664255,42.433978,4191.152425,11005.091204
pattern_12,A1850812_200_CN_2,6207513,4207513,22264,R9800BH,DT039,CAT 793,A-185-08-12,54.14,252.0,93.895171,93.895171,239.892984,39.385312,62.197684,0,363545.32,6591843.3,198.77,RIGHT,252.0,387,12/10/2025,06:54:06,07:00:33,2427.953173,R9800BH,225,42.0,6.0,35,239.892984,93.895171,44.414818,62.197684,39.385312,3781.686248,9519.781541
pattern_12,A1850812_200_CN_2,6207514,4207514,22264,R9800BH,DT090,HIT EH5000,A-185-08-12,72.55,252.85,103.853284,103.853284,236.74308,33.014748,60.661265,0,363543.98,6591845.84,199.23,STRAIGHT,252.9,346,12/10/2025,07:00:33,07:06:19,2476.127727,R9800BH,250,42.0,6.0,35,236.74308,103.853284,39.213783,60.661265,33.014748,3844.979618,10231.7953
pattern_12,A1850812_200_CN_2,6207515,4207515,22264,R9800BH,DT054,HIT EH5000,A-185-08-12,67.33,228.37,93.722735,93.722735,222.433026,34.343452,58.749521,0,363541.44,6591840.93,199.33,LEFT,228.4,400,12/10/2025,07:06:19,07:12:59,2526.970466,R9800BH,250,42.0,6.0,35,222.433026,93.722735,35.617317,58.749521,34.343452,3696.101963,9169.4413
pattern_12,A1850812_200_CN_2,6207516,4207516,22264,R9800BH,DT074,HIT EH5000,A-185-08-12,68.71,221.09,86.720041,86.720041,216.431021,33.11103,57.860272,0,363544.7,6591843.25,198.55,LEFT,221.1,417,12/10/2025,07:12:59,07:19:56,2405.751857,R9800BH,250,42.0,6.0,35,216.431021,86.720041,38.739678,57.860272,33.11103,3677.524388,9446.89371
pattern_12,A1850812_200_CN_2,6207517,4207517,22264,R9800BH,DT026,CAT 793,A-185-08-12,54.46,234.39,90.394214,90.394214,231.493795,32.141295,63.636642,0,363544.47,6591845.32,199.54,RIGHT,234.4,429,12/10/2025,07:19:56,07:27:05,2555.062975,R9800BH,225,42.0,6.0,35,231.493795,90.394214,45.321645,63.636642,32.141295,3644.976523,9294.778888
pattern_12,A1850812_200_CN_2,6207518,4207518,22264,R9800BH,DT074,HIT EH5000,A-185-08-12,44.7,215.83,96.426099,96.426099,229.165731,30.070478,57.956556,0,363540.63,6591842.58,198.51,STRAIGHT,215.8,440,12/10/2025,07:27:05,07:34:25,2291.757097,R9800BH,250,42.0,6.0,35,229.165731,96.426099,44.712597,57.956556,30.070478,3390.568319,8535.444705
pattern_12,A1850812_200_CN_2,6207519,4207519,22264,R9800BH,DT053,HIT EH5000,A-185-08-12,40.53,229.34,79.561506,79.561506,206.584599,29.069161,60.026477,0,363544.92,6591843.11,198.84,RIGHT,229.3,342,12/10/2025,07:34:25,07:40:07,2490.90404,R9800BH,250,42.0,6.0,35,206.584599,79.561506,37.927456,60.026477,29.069161,3996.491317,10670.672616
pattern_12,A1850812_200_CN_3,6207520,4207520,22264,R9800BH,DT087,HIT EH5000,A-185-08-12,50.16,212.72,78.434837,78.434837,223.754171,35.864343,59.19109,0,363538.83,6591895.48,199.46,RIGHT,212.7,342,12/10/2025,07:40:07,07:45:49,2303.396872,R9800BH,250,42.0,6.0,35,223.754171,78.434837,50.263901,59.19109,35.864343,3422.457798,8094.591384
pattern_12,A1850812_200_CN_3,6207521,4207521,22264,R9800BH,DT086,HIT EH5000,A-185-08-12,72.05,216.16,101.811984,101.811984,234.397764,30.116355,64.289167,0,363542.5,6591896.39,198.98,RIGHT,216.2,325,12/10/2025,07:45:49,07:51:14,2198.380465,R9800BH,250,42.0,6.0,35,234.397764,101.811984,38.180258,64.289167,30.116355,3319.94658,7878.806692
pattern_12,A1850812_200_CN_3,6207522,4207522,22264,R9800BH,DT063,HIT EH5000,A-185-08-12,61.49,216.12,101.61389,101.61389,244.928575,39.072968,61.455353,0,363538.1,6591898.36,199.65,STRAIGHT,216.1,453,12/10/2025,07:51:14,07:58:47,2212.039528,R9800BH,250,42.0,6.0,35,244.928575,101.61389,42.786365,61.455353,39.072968,3176.528657,7677.293989
pattern_12,A1850812_200_CN_3,6207523,4207523,22264,R9800BH,DT031,CAT 793,A-185-08-12,56.62,221.25,77.609283,77.609283,210.62785,29.011888,63.655625,0,363538.44,6591896.22,198.63,STRAIGHT,221.3,334,12/10/2025,07:58:47,08:04:21,2485.753723,R9800BH,225,42.0,6.0,35,210.62785,77.609283,40.351054,63.655625,29.011888,3781.598261,9546.031657
pattern_12,A1850812_200_CN_3,6207524,4207524,22264,R9800BH,DT086,HIT EH5000,A-185-08-12,64.95,239.38,94.371326,94.371326,227.591043,34.997301,60.989767,0,363535.92,6591895.06,199.21,RIGHT,239.4,419,12/10/2025,08:04:21,08:11:20,2409.518507,R9800BH,250,42.0,6.0,35,227.591043,94.371326,37.232649,60.989767,34.997301,3786.483293,9544.922158
pattern_12,A1850812_200_CN_3,6207525,4207525,22264,R9800BH,DT071,HIT EH5000,A-185-08-12,62.78,236.47,89.494954,89.494954,227.622775,35.800121,63.798407,0,363538.87,6591897.69,198.14,LEFT,236.5,431,12/10/2025,08:11:20,08:18:31,2585.848484,R9800BH,250,42.0,6.0,35,227.622775,89.494954,38.529294,63.798407,35.800121,3739.854158,8609.772259
pattern_12,A1850812_200_CN_3,6207526,4207526,22264,R9800BH,DT080,HIT EH5000,A-185-08-12,43.49,207.37,101.449951,101.449951,233.614162,32.209849,62.943109,0,363539.92,6591894.1,199.39,STRAIGHT,207.4,339,12/10/2025,08:18:31,08:24:10,2069.072439,R9800BH,250,42.0,6.0,35,233.614162,101.449951,37.011254,62.943109,32.209849,3195.580184,8044.02175
pattern_12,A1850812_200_CN_3,6207527,4207527,22264,R9800BH,DT056,HIT EH5000,A-185-08-12,46.82,209.09,78.99833,78.99833,210.080615,34.738119,58.814367,0,363540.41,6591892.05,198.9,STRAIGHT,209.1,355,12/10/2025,08:24:10,08:30:05,2320.952469,R9800BH,250,42.0,6.0,35,210.080615,78.99833,37.529799,58.814367,34.738119,3582.939316,8644.524498
pattern_12,A1850812_200_CN_3,6207528,4207528,22264,R9800BH,DT084,HIT EH5000,A-185-08-12,54.53,219.65,87.698413,87.698413,226.778741,39.632124,60.046358,0,363540.7,6591893.74,198.7,LEFT,219.6,679,12/10/2025,08:30:05,08:41:24,2292.159637,R9800BH,250,42.0,6.0,35,226.778741,87.698413,39.401846,60.046358,39.632124,3486.800132,8031.4443
pattern_12,A1850812_200_CN_3,6207529,4207529,22264,R9800BH,DT062,HIT EH5000,A-185-08-12,52.83,216.82,84.976674,84.976674,215.206649,36.722126,55.659721,0,363540.77,6591896.4,199.07,RIGHT,216.8,288,12/10/2025,08:41:24,08:46:12,2558.675127,R9800BH,250,42.0,6.0,35,215.206649,84.976674,37.848128,55.659721,36.722126,3627.001391,8964.695765
pattern_12,A1850812_200_CN_3,6207530,4207530,22264,R9800BH,DT074,HIT EH5000,A-185-08-12,54.48,217.75,86.669001,86.669001,209.873042,34.57834,58.849704,0,363546.74,6591852.12,198.33,LEFT,217.7,418,12/10/2025,08:46:12,08:53:10,2505.187518,R9800BH,250,42.0,6.0,35,209.873042,86.669001,29.775996,58.849704,34.57834,3735.05329,9806.475447
pattern_12,A1850812_200_CN_3,6207531,4207531,22264,R9800BH,DT069,HIT EH5000,A-185-08-12,48.52,229.98,71.331612,71.331612,209.372449,35.430423,59.053719,0,363545.28,6591846.68,199.53,RIGHT,230.0,394,12/10/2025,08:53:10,08:59:44,2626.97137,R9800BH,250,42.0,6.0,35,209.372449,71.331612,43.556696,59.053719,35.430423,3954.29141,9942.142207
pattern_12,A1850812_200_CN_3,6207532,4207532,22264,R9800BH,DT071,HIT EH5000,A-185-08-12,41.17,211.04,78.649486,78.649486,210.755814,30.429689,63.1879,0,363546.4,6591852.69,199.53,LEFT,211.0,334,12/10/2025,08:59:44,09:05:18,2351.765169,R9800BH,250,42.0,6.0,35,210.755814,78.649486,38.488738,63.1879,30.429689,3604.789323,9489.931616
pattern_12,A1850812_200_CN_3,6207533,4207533,22264,R9800BH,DT061,HIT EH5000,A-185-08-12,57.15,223.01,90.278066,90.278066,223.977352,30.248427,61.576225,0,363546.32,6591851.52,199.3,STRAIGHT,223.0,384,12/10/2025,09:05:18,09:11:42,2203.508439,R9800BH,250,42.0,6.0,35,223.977352,90.278066,41.874635,61.576225,30.248427,3584.522852,9029.83874
pattern_12,A1850812_200_CN_3,6207534,4207534,22264,R9800BH,DT089,HIT EH5000,A-185-08-12,43.62,228.97,73.439794,73.439794,220.704385,37.374881,64.041871,0,363548.52,6591848.11,199.16,LEFT,229.0,416,12/10/2025,09:11:42,09:18:38,2363.772276,R9800BH,250,42.0,6.0,35,220.704385,73.439794,45.847839,64.041871,37.374881,3734.764539,9246.245758
pattern_12,A1850812_200_CN_3,6207535,4207535,22264,R9800BH,DT060,HIT EH5000,A-185-08-12,70.88,220.47,80.343906,80.343906,199.424921,27.440326,57.302215,0,363547.69,6591850.0,199.7,LEFT,220.5,354,12/10/2025,09:18:38,09:24:32,2552.279764,R9800BH,250,42.0,6.0,35,199.424921,80.343906,34.338474,57.302215,27.440326,3979.932667,10253.241975
pattern_12,A1850812_200_CN_3,6207536,4207536,22264,R9800BH,DT045,CAT 793,A-185-08-12,54.8,217.1,78.850684,78.850684,207.647475,31.857892,62.462909,0,363548.63,6591849.92,199.85,LEFT,217.1,340,12/10/2025,09:24:32,09:30:12,2700.83485,R9800BH,225,42.0,6.0,35,207.647475,78.850684,34.47599,62.462909,31.857892,3763.864584,9538.417502
pattern_12,A1850812_200_CN_3,6207537,4207537,22264,R9800BH,DT044,CAT 793,A-185-08-12,50.57,235.72,83.217883,83.217883,218.619887,37.33263,55.218423,0,363546.0,6591851.68,198.24,RIGHT,235.7,391,12/10/2025,09:30:12,09:36:43,2812.641499,R9800BH,225,42.0,6.0,35,218.619887,83.217883,42.85095,55.218423,37.33263,3881.591587,10164.567537
pattern_12,A1850812_200_CN_3,6207538,4207538,22264,R9800BH,DT045,CAT 793,A-185-08-12,57.15,236.01,81.954538,81.954538,225.647585,40.857523,58.560985,0,363547.49,6591847.36,199.0,RIGHT,236.0,409,12/10/2025,09:36:43,09:43:32,2741.294811,R9800BH,225,42.0,6.0,35,225.647585,81.954538,44.274539,58.560985,40.857523,3765.322416,9704.809636
pattern_12,A1850812_200_CN_3,6207539,4207539,22264,R9800BH,DT081,HIT EH5000,A-185-08-12,70.49,256.29,76.573679,76.573679,210.337058,32.012255,63.132674,0,363541.19,6591903.31,198.03,LEFT,256.3,417,12/10/2025,09:43:32,09:50:29,2900.885393,R9800BH,250,42.0,6.0,35,210.337058,76.573679,38.618449,63.132674,32.012255,4386.442177,10854.353337
pattern_12,A1850812_200_CN_3,6207540,4207540,22264,R9800BH,DT087,HIT EH5000,A-185-08-12,71.92,234.03,81.544013,81.544013,213.484798,33.078559,59.89332,0,363540.6,6591901.0,198.78,LEFT,234.0,330,12/10/2025,09:50:29,09:55:59,2809.75369,R9800BH,250,42.0,6.0,35,213.484798,81.544013,38.968906,59.89332,33.078559,3946.408759,10299.235481
pattern_12,A1850812_200_CN_3,6207541,4207541,22264,R9800BH,DT048,HIT EH5000,A-185-08-12,65.56,221.12,88.712343,88.712343,218.885747,39.116718,47.900334,0,363537.99,6591899.53,198.86,RIGHT,221.1,574,12/10/2025,09:55:59,10:05:33,2350.095492,R9800BH,250,42.0,6.0,35,218.885747,88.712343,43.156352,47.900334,39.116718,3636.742495,9317.650161
pattern_12,A1850812_200_CN_3,6207542,4207542,22264,R9800BH,DT014,CAT 793,A-185-08-12,56.35,236.38,88.252386,88.252386,227.432383,36.067641,61.400919,0,363538.63,6591904.44,198.21,STRAIGHT,236.4,380,12/10/2025,10:05:33,10:11:53,2701.384138,R9800BH,225,42.0,6.0,35,227.432383,88.252386,41.711437,61.400919,36.067641,3741.676208,10039.056461
pattern_12,A1850812_200_CN_3,6207543,4207543,22264,R9800BH,DT087,HIT EH5000,A-185-08-12,53.13,242.44,93.995748,93.995748,213.502893,27.322941,49.209279,0,363538.36,6591900.28,199.29,RIGHT,242.4,380,12/10/2025,10:11:53,10:18:13,2932.261084,R9800BH,250,42.0,6.0,35,213.502893,93.995748,42.974925,49.209279,27.322941,4087.955809,10769.290938
pattern_12,A1850812_200_CN_3,6207544,4207544,22264,R9800BH,DT031,CAT 793,A-185-08-12,70.03,236.68,87.877018,87.877018,213.733061,32.007651,52.409054,0,363540.92,6591900.07,199.4,LEFT,236.7,371,12/10/2025,10:18:13,10:24:24,2876.743052,R9800BH,225,42.0,6.0,35,213.733061,87.877018,41.439338,52.409054,32.007651,3986.472636,10034.428493
pattern_12,A1850812_200_CN_3,6207545,4207545,22264,R9800BH,DT078,HIT EH5000,A-185-08-12,73.41,220.24,75.926493,75.926493,204.221905,34.224892,57.291626,0,363540.41,6591904.54,199.05,RIGHT,220.2,403,12/10/2025,10:24:24,10:31:07,2726.86937,R9800BH,250,42.0,6.0,35,204.221905,75.926493,36.778894,57.291626,34.224892,3882.281311,9629.34399
pattern_12,A1850812_200_CN_3,6207546,4207546,22264,R9800BH,DT064,HIT EH5000,A-185-08-12,45.6,206.06,91.012106,91.012106,237.929049,34.582671,66.339329,0,363538.06,6591903.68,198.03,LEFT,206.1,440,12/10/2025,10:31:07,10:38:27,2202.233659,R9800BH,250,42.0,6.0,35,237.929049,91.012106,45.994943,66.339329,34.582671,3117.817482,8378.156427
pattern_12,A1850812_200_CN_3,6207547,4207547,22264,R9800BH,DT060,HIT EH5000,A-185-08-12,54.61,211.11,86.784449,86.784449,227.040142,37.587368,58.600356,0,363539.04,6591900.54,198.42,STRAIGHT,211.1,388,12/10/2025,10:38:27,10:44:55,2190.204898,R9800BH,250,42.0,6.0,35,227.040142,86.784449,44.06797,58.600356,37.587368,3347.347856,8364.084969
pattern_12,A1850812_200_CN_2,6207548,4207548,22264,R9800BH,DT083,HIT EH5000,A-185-08-12,51.66,253.57,91.883245,91.883245,232.920323,40.622476,59.079312,0,363546.73,6591863.06,197.96,LEFT,253.6,390,12/10/2025,10:44:55,10:51:25,2925.706106,R9800BH,250,42.0,6.0,35,232.920323,91.883245,41.33529,59.079312,40.622476,3919.091743,10399.426724
pattern_12,A1850812_200_CN_2,6207549,4207549,22264,R9800BH,DT049,HIT EH5000,A-185-08-12,46.24,233.64,73.971634,73.971634,213.493183,39.911388,55.948352,0,363541.38,6591858.33,199.48,RIGHT,233.6,359,12/10/2025,10:51:25,10:57:24,2664.794267,R9800BH,250,42.0,6.0,35,213.493183,73.971634,43.661809,55.948352,39.911388,3939.795247,9946.020652
pattern_12,A1850812_200_CN_2,6207550,4207550,22264,R9800BH,DT086,HIT EH5000,A-185-08-12,49.38,215.46,69.962355,69.962355,201.563452,37.963161,58.316302,0,363542.69,6591854.4,198.61,LEFT,215.5,384,12/10/2025,10:57:24,11:03:48,2656.702739,R9800BH,250,42.0,6.0,35,201.563452,69.962355,35.321635,58.316302,37.963161,3848.256727,9466.873583
pattern_12,A1850812_200_CN_2,6207551,4207551,22264,R9800BH,DT019,CAT 793,A-185-08-12,53.72,228.9,79.136796,79.136796,208.832298,32.591059,58.635706,0,363546.01,6591860.92,199.66,RIGHT,228.9,377,12/10/2025,11:03:48,11:10:05,2588.959301,R9800BH,225,42.0,6.0,35,208.832298,79.136796,38.468738,58.635706,32.591059,3945.959064,10157.409916
pattern_12,A1850812_200_CN_2,6207552,4207552,22264,R9800BH,DT064,HIT EH5000,A-185-08-12,49.03,221.21,87.810881,87.810881,225.897895,33.829721,60.27798,0,363542.52,6591856.77,198.84,STRAIGHT,221.2,410,12/10/2025,11:10:05,11:16:55,2450.376958,R9800BH,250,42.0,6.0,35,225.897895,87.810881,43.979313,60.27798,33.829721,3525.309358,9521.740452
pattern_12,A1850812_200_CN_2,6207553,4207553,22264,R9800BH,DT087,HIT EH5000,A-185-08-12,60.83,222.94,81.426979,81.426979,213.048318,36.255567,53.248563,0,363547.78,6591859.64,199.18,STRAIGHT,222.9,320,12/10/2025,11:16:55,11:22:15,2643.582622,R9800BH,250,42.0,6.0,35,213.048318,81.426979,42.117208,53.248563,36.255567,3767.178523,9373.146162
pattern_12,A1850812_200_CN_2,6207554,4207554,22264,R9800BH,DT063,HIT EH5000,A-185-08-12,49.73,231.97,87.531113,87.531113,225.964096,40.079483,49.717089,0,363543.74,6591862.14,199.01,STRAIGHT,232.0,428,12/10/2025,11:22:15,11:29:23,2559.943794,R9800BH,250,42.0,6.0,35,225.964096,87.531113,48.636411,49.717089,40.079483,3695.624954,8996.37635
pattern_12,A1850812_200_CN_2,6207555,4207555,22264,R9800BH,DT059,HIT EH5000,A-185-08-12,51.68,230.5,95.195804,95.195804,228.685291,35.383799,52.746881,0,363545.5,6591857.57,198.84,STRAIGHT,230.5,359,12/10/2025,11:29:23,11:35:22,2394.250132,R9800BH,250,42.0,6.0,35,228.685291,95.195804,45.358808,52.746881,35.383799,3628.540107,9497.483769
pattern_12,A1850812_200_CN_2,6207556,4207556,22264,R9800BH,DT051,HIT EH5000,A-185-08-12,58.27,221.73,72.250626,72.250626,221.982686,39.440257,63.491237,0,363540.93,6591854.9,198.2,STRAIGHT,221.7,320,12/10/2025,11:35:22,11:40:42,2369.337828,R9800BH,250,42.0,6.0,35,221.982686,72.250626,46.800566,63.491237,39.440257,3595.961751,9093.201276
pattern_12,A1850812_200_CN_2,6207557,4207557,22264,R9800BH,DT060,HIT EH5000,A-185-08-12,75.14,225.43,81.612621,81.612621,216.371131,33.151835,64.228648,0,363544.73,6591859.1,199.91,LEFT,225.4,407,12/10/2025,11:40:42,11:47:29,2712.598909,R9800BH,250,42.0,6.0,35,216.371131,81.612621,37.378028,64.228648,33.151835,3750.662866,9504.148677
pattern_12,A1850812_200_CN_3,6207558,4207558,22264,R9800BH,DT082,HIT EH5000,A-185-08-12,61.87,236.79,117.860568,117.860568,254.479015,33.525073,62.151673,0,363543.12,6591865.08,199.16,RIGHT,236.8,431,12/10/2025,11:47:29,11:54:40,2159.559473,R9800BH,250,42.0,6.0,35,254.479015,117.860568,40.941701,62.151673,33.525073,3349.78112,7417.688885
pattern_12,A1850812_200_CN_3,6207559,4207559,22264,R9800BH,DT027,CAT 793,A-185-08-12,62.41,234.44,102.204503,102.204503,239.564808,37.275835,63.019759,0,363546.34,6591867.95,198.83,RIGHT,234.4,359,12/10/2025,11:54:40,12:00:39,2135.085058,R9800BH,225,42.0,6.0,35,239.564808,102.204503,37.064711,63.019759,37.275835,3522.970932,8225.143013
pattern_12,A1850812_200_CN_3,6207560,4207560,22264,R9800BH,DT065,HIT EH5000,A-185-08-12,54.1,214.66,109.354054,109.354054,250.381797,32.727446,66.686751,0,363546.17,6591866.41,198.67,STRAIGHT,214.7,513,12/10/2025,12:00:39,12:09:12,1859.475902,R9800BH,250,42.0,6.0,35,250.381797,109.354054,41.613546,66.686751,32.727446,3086.401838,7121.104113
pattern_12,A1850812_200_CN_3,6207561,4207561,22264,R9800BH,DT072,HIT EH5000,A-185-08-12,41.98,211.01,98.24899,98.24899,241.915708,33.936285,69.737838,0,363542.44,6591867.66,198.69,RIGHT,211.0,404,12/10/2025,12:09:12,12:15:56,1990.206495,R9800BH,250,42.0,6.0,35,241.915708,98.24899,39.992594,69.737838,33.936285,3140.140572,6531.49239
pattern_12,A1850812_200_CN_3,6207562,4207562,22264,R9800BH,DT050,HIT EH5000,A-185-08-12,44.13,200.95,110.401398,110.401398,259.689878,35.957751,64.73507,0,363546.93,6591867.67,199.2,STRAIGHT,200.9,431,12/10/2025,12:15:56,12:23:07,1717.002089,R9800BH,250,42.0,6.0,35,259.689878,110.401398,48.595659,64.73507,35.957751,2785.653886,6304.597783
pattern_12,A1850812_200_CN_3,6207563,4207563,22264,R9800BH,DT078,HIT EH5000,A-185-08-12,61.03,212.96,99.024309,99.024309,249.241413,39.456702,63.723944,0,363548.51,6591870.17,199.21,RIGHT,213.0,356,12/10/2025,12:23:07,12:29:03,1899.065559,R9800BH,250,42.0,6.0,35,249.241413,99.024309,47.036457,63.723944,39.456702,3075.9297,6588.610274
pattern_12,A1850812_200_CN_3,6207564,4207564,22264,R9800BH,DT081,HIT EH5000,A-185-08-12,76.75,230.24,88.277877,88.277877,223.734109,34.879815,58.310752,0,363546.78,6591865.13,199.57,LEFT,230.2,333,12/10/2025,12:29:03,12:34:36,2478.209381,R9800BH,250,42.0,6.0,35,223.734109,88.277877,42.265665,58.310752,34.879815,3704.743294,8503.353252
pattern_12,A1850812_200_CN_3,6207565,4207565,22264,R9800BH,DT079,HIT EH5000,A-185-08-12,46.05,228.73,95.867274,95.867274,238.854028,40.89193,60.751627,0,363547.08,6591862.53,199.62,LEFT,228.7,336,12/10/2025,12:34:36,12:40:12,2030.502254,R9800BH,250,42.0,6.0,35,238.854028,95.867274,41.343198,60.751627,40.89193,3447.475227,7798.402147
pattern_12,A1850812_200_CN_3,6207566,4207566,22264,R9800BH,DT070,HIT EH5000,A-185-08-12,73.74,221.21,111.872235,111.872235,261.357214,38.521713,70.280279,0,363548.97,6591866.25,199.09,LEFT,221.2,466,12/10/2025,12:40:12,12:47:58,2057.175073,R9800BH,250,42.0,6.0,35,261.357214,111.872235,40.682987,70.280279,38.521713,3046.968599,6950.813266
pattern_12,A1850812_200_CN_3,6207567,4207567,22264,R9800BH,DT023,CAT 793,A-185-08-12,58.24,232.28,92.501692,92.501692,236.880689,37.551038,67.005279,0,363543.85,6591870.09,198.53,STRAIGHT,232.3,372,12/10/2025,12:47:58,12:54:10,2360.419494,R9800BH,225,42.0,6.0,35,236.880689,92.501692,39.82268,67.005279,37.551038,3530.125562,8659.648571
pattern_12,A1850812_200_CN_4,6207568,4207568,22264,R9800BH,DT056,HIT EH5000,A-185-08-12,42.99,201.51,102.262499,102.262499,248.01494,34.982871,63.000804,0,363545.45,6591874.84,199.77,RIGHT,201.5,435,12/10/2025,12:54:10,13:01:25,2080.931103,R9800BH,250,42.0,6.0,35,248.01494,102.262499,47.768767,63.000804,34.982871,2924.988341,7597.116661
pattern_12,A1850812_200_CN_4,6207569,4207569,22264,R9800BH,DT004,CAT 793,A-185-08-12,50.46,213.06,108.841662,108.841662,251.064348,38.619701,61.388289,0,363548.01,6591874.13,198.17,STRAIGHT,213.1,465,12/10/2025,13:01:25,13:09:10,1886.133886,R9800BH,225,42.0,6.0,35,251.064348,108.841662,42.214695,61.388289,38.619701,3055.030829,7187.800721
pattern_12,A1850812_200_CN_4,6207570,4207570,22264,R9800BH,DT089,HIT EH5000,A-185-08-12,53.11,215.42,113.529917,113.529917,258.298386,40.172842,59.070067,0,363546.5,6591874.0,199.43,STRAIGHT,215.4,453,12/10/2025,13:09:10,13:16:43,1954.359425,R9800BH,250,42.0,6.0,35,258.298386,113.529917,45.52556,59.070067,40.172842,3002.441593,6799.767814
pattern_12,A1850812_200_CN_4,6207571,4207571,22264,R9800BH,DT069,HIT EH5000,A-185-08-12,56.74,230.98,111.414936,111.414936,248.99343,39.560864,61.795692,0,363543.51,6591875.42,198.2,LEFT,231.0,393,12/10/2025,13:16:43,13:23:16,2065.342822,R9800BH,250,42.0,6.0,35,248.99343,111.414936,36.221939,61.795692,39.560864,3339.599191,7936.672631
pattern_12,A1850812_200_CN_4,6207572,4207572,22264,R9800BH,DT078,HIT EH5000,A-185-08-12,45.52,222.11,114.047259,114.047259,250.105293,37.206319,59.432637,0,363545.02,6591870.95,198.82,STRAIGHT,222.1,430,12/10/2025,13:23:16,13:30:26,2013.606684,R9800BH,250,42.0,6.0,35,250.105293,114.047259,39.419078,59.432637,37.206319,3196.974391,7487.392632
pattern_12,A1850812_200_CN_4,6207573,4207573,22264,R9800BH,DT033,CAT 793,A-185-08-12,52.5,216.01,113.554307,113.554307,250.648964,35.033768,59.113687,0,363546.52,6591874.09,199.31,STRAIGHT,216.0,445,12/10/2025,13:30:26,13:37:51,2113.212209,R9800BH,225,42.0,6.0,35,250.648964,113.554307,42.947203,59.113687,35.033768,3102.448496,7036.754314
pattern_12,A1850812_200_CN_4,6207574,4207574,22264,R9800BH,DT009,CAT 793,A-185-08-12,44.18,205.72,111.907739,111.907739,249.82462,34.431033,58.906834,0,363547.66,6591875.31,199.58,LEFT,205.7,364,12/10/2025,13:37:51,13:43:55,1970.030119,R9800BH,225,42.0,6.0,35,249.82462,111.907739,44.579015,58.906834,34.431033,2964.463948,6957.386044
pattern_12,A1850812_200_CN_4,6207575,4207575,22264,R9800BH,DT016,CAT 793,A-185-08-12,61.36,226.71,105.158165,105.158165,257.626347,37.856841,71.543952,0,363544.27,6591875.84,198.96,STRAIGHT,226.7,436,12/10/2025,13:43:55,13:51:11,2061.677034,R9800BH,225,42.0,6.0,35,257.626347,105.158165,43.067389,71.543952,37.856841,3167.917803,7728.451444
pattern_12,A1850812_200_CN_4,6207576,4207576,22264,R9800BH,DT067,HIT EH5000,A-185-08-12,62.2,225.65,103.369517,103.369517,240.704853,32.061809,63.922885,0,363548.13,6591873.8,198.78,LEFT,225.7,380,12/10/2025,13:51:11,13:57:31,2158.395834,R9800BH,250,42.0,6.0,35,240.704853,103.369517,41.350642,63.922885,32.061809,3374.885198,8021.073918
pattern_12,A1850812_200_CN_4,6207577,4207577,22264,R9800BH,DT073,HIT EH5000,A-185-08-12,70.96,221.76,116.086617,116.086617,256.609623,36.110976,66.304627,0,363548.61,6591875.15,198.69,RIGHT,221.8,498,12/10/2025,13:57:31,14:05:49,2096.580726,R9800BH,250,42.0,6.0,35,256.609623,116.086617,38.107403,66.304627,36.110976,3111.063007,6908.605066
pattern_12,A1850812_200_CN_5,6207578,4207578,22264,R9800BH,DT014,CAT 793,A-185-08-12,53.24,209.02,109.531532,109.531532,250.717673,31.011,67.747371,0,363549.93,6591879.42,198.99,STRAIGHT,209.0,472,12/10/2025,14:05:49,14:13:41,1956.794373,R9800BH,225,42.0,6.0,35,250.717673,109.531532,42.42777,67.747371,31.011,3001.205556,6717.34254
pattern_12,A1850812_200_CN_5,6207579,4207579,22264,R9800BH,DT038,CAT 793,A-185-08-12,52.64,228.22,104.458149,104.458149,238.970886,36.946268,53.110526,0,363547.09,6591882.05,199.03,LEFT,228.2,387,12/10/2025,14:13:41,14:20:08,2274.855379,R9800BH,225,42.0,6.0,35,238.970886,104.458149,44.455943,53.110526,36.946268,3437.993966,7538.403973
pattern_12,A1850812_200_CN_5,6207580,4207580,22264,R9800BH,DT002,CAT 793,A-185-08-12,61.84,242.14,104.712206,104.712206,255.748547,34.019544,69.63949,0,363547.93,6591880.81,199.43,RIGHT,242.1,391,12/10/2025,14:20:08,14:26:39,1922.876656,R9800BH,225,42.0,6.0,35,255.748547,104.712206,47.377306,69.63949,34.019544,3408.435783,7745.976867
pattern_12,A1850812_200_CN_5,6207581,4207581,22264,R9800BH,DT018,CAT 793,A-185-08-12,40.14,226.31,109.491342,109.491342,267.020955,39.106383,72.88597,0,363544.68,6591881.74,199.85,LEFT,226.3,436,12/10/2025,14:26:39,14:33:55,1958.37415,R9800BH,225,42.0,6.0,35,267.020955,109.491342,45.53726,72.88597,39.106383,3051.14249,7047.081139
pattern_12,A1850812_200_CN_5,6207582,4207582,22264,R9800BH,DT085,HIT EH5000,A-185-08-12,48.84,215.66,114.179434,114.179434,263.854738,35.883862,69.885347,0,363548.59,6591883.37,198.24,RIGHT,215.7,429,12/10/2025,14:33:55,14:41:04,1788.20862,R9800BH,250,42.0,6.0,35,263.854738,114.179434,43.906095,69.885347,35.883862,2942.386733,6618.143865
pattern_12,A1850812_200_CN_5,6207583,4207583,22264,R9800BH,DT056,HIT EH5000,A-185-08-12,57.08,210.64,119.827971,119.827971,257.247209,40.582289,51.797186,0,363548.05,6591882.41,199.65,LEFT,210.6,470,12/10/2025,14:41:04,14:48:54,2062.233499,R9800BH,250,42.0,6.0,35,257.247209,119.827971,45.039763,51.797186,40.582289,2947.76167,6352.085828
pattern_12,A1850812_200_CN_5,6207584,4207584,22264,R9800BH,DT062,HIT EH5000,A-185-08-12,50.07,216.05,98.290673,98.290673,230.212967,35.616709,62.367409,0,363548.59,6591879.71,198.33,LEFT,216.0,381,12/10/2025,14:48:54,14:55:15,2161.292127,R9800BH,250,42.0,6.0,35,230.212967,98.290673,33.938176,62.367409,35.616709,3378.474511,7658.457923
pattern_12,A1850812_200_CN_5,6207585,4207585,22264,R9800BH,DT001,CAT 793,A-185-08-12,52.01,227.21,101.244466,101.244466,236.921362,35.736117,61.529691,0,363546.13,6591878.8,198.85,LEFT,227.2,389,12/10/2025,14:55:15,15:01:44,2353.986841,R9800BH,225,42.0,6.0,35,236.921362,101.244466,38.411088,61.529691,35.736117,3452.487493,8102.020622
pattern_12,A1850812_200_CN_5,6207586,4207586,22264,R9800BH,DT090,HIT EH5000,A-185-08-12,58.34,230.68,125.176447,125.176447,270.610306,32.082105,67.689847,0,363544.66,6591883.53,198.7,STRAIGHT,230.7,445,12/10/2025,15:01:44,15:09:09,1977.09939,R9800BH,250,42.0,6.0,35,270.610306,125.176447,45.661908,67.689847,32.082105,3068.780852,7260.066427
pattern_12,A1850812_200_CN_5,6207587,4207587,22264,R9800BH,DT069,HIT EH5000,A-185-08-12,77.51,232.54,105.571102,105.571102,239.764045,35.298772,63.874867,0,363545.6,6591884.0,198.72,LEFT,232.5,350,12/10/2025,15:09:09,15:14:59,2404.939222,R9800BH,250,42.0,6.0,35,239.764045,105.571102,35.019305,63.874867,35.298772,3491.488844,7532.234546
pattern_12,A1850812_200_CN_1,6207588,4207588,22264,R9800BH,DT067,HIT EH5000,A-185-08-12,56.26,233.82,61.321438,61.321438,196.605921,33.555191,63.927053,0,363551.27,6591838.7,199.1,LEFT,233.8,349,12/10/2025,15:14:59,15:20:48,2939.676496,R9800BH,250,42.0,6.0,35,196.605921,61.321438,37.802238,63.927053,33.555191,4281.340062,10953.45679
pattern_12,A1850812_200_CN_1,6207589,4207589,22264,R9800BH,DT082,HIT EH5000,A-185-08-12,58.31,246.11,67.610864,67.610864,207.677992,36.781265,60.485191,0,363553.5,6591839.08,198.67,STRAIGHT,246.1,362,12/10/2025,15:20:48,15:26:50,2900.488137,R9800BH,250,42.0,6.0,35,207.677992,67.610864,42.800672,60.485191,36.781265,4266.173332,11602.857016
pattern_12,A1850812_200_CN_1,6207590,4207590,22264,R9800BH,DT005,CAT 793,A-185-08-12,61.64,249.02,69.735701,69.735701,207.497102,35.898619,60.200762,0,363554.81,6591838.24,199.83,LEFT,249.0,369,12/10/2025,15:26:50,15:32:59,2786.677139,R9800BH,225,42.0,6.0,35,207.497102,69.735701,41.66202,60.200762,35.898619,4320.327359,11173.704267
pattern_12,A1850812_200_CN_1,6207591,4207591,22264,R9800BH,DT090,HIT EH5000,A-185-08-12,49.6,226.47,74.041063,74.041063,204.219929,31.619455,59.28109,0,363551.94,6591839.58,198.44,LEFT,226.5,374,12/10/2025,15:32:59,15:39:13,2597.196844,R9800BH,250,42.0,6.0,35,204.219929,74.041063,39.278321,59.28109,31.619455,3992.164685,11257.90441
pattern_12,A1850812_200_CN_1,6207592,4207592,22264,R9800BH,DT043,CAT 793,A-185-08-12,50.0,203.97,62.993328,62.993328,192.569464,32.508962,58.393621,0,363554.42,6591836.83,199.65,RIGHT,204.0,358,12/10/2025,15:39:13,15:45:11,2750.961822,R9800BH,225,42.0,6.0,35,192.569464,62.993328,38.673553,58.393621,32.508962,3813.128517,10419.299057
pattern_12,A1850812_200_CN_1,6207593,4207593,22264,R9800BH,DT089,HIT EH5000,A-185-08-12,54.85,214.17,70.489008,70.489008,196.290777,25.310181,64.814666,0,363555.02,6591839.24,198.21,RIGHT,214.2,355,12/10/2025,15:45:11,15:51:06,2796.268736,R9800BH,250,42.0,6.0,35,196.290777,70.489008,35.676923,64.814666,25.310181,3927.837862,10734.610976
pattern_12,A1850812_200_CN_1,6207594,4207594,22264,R9800BH,DT071,HIT EH5000,A-185-08-12,61.81,223.88,73.085953,73.085953,218.954315,35.524025,58.228774,0,363552.43,6591835.54,199.07,STRAIGHT,223.9,347,12/10/2025,15:51:06,15:56:53,2464.114668,R9800BH,250,42.0,6.0,35,218.954315,73.085953,52.115563,58.228774,35.524025,3680.934192,9981.630441
pattern_12,A1850812_200_CN_1,6207595,4207595,22264,R9800BH,DT029,CAT 793,A-185-08-12,49.71,221.83,67.915233,67.915233,203.402563,39.601131,57.799762,0,363556.17,6591839.09,199.75,LEFT,221.8,620,12/10/2025,15:56:53,16:07:13,2748.454415,R9800BH,225,42.0,6.0,35,203.402563,67.915233,38.086437,57.799762,39.601131,3926.081518,10357.420433
pattern_12,A1850812_200_CN_1,6207596,4207596,22264,R9800BH,DT033,CAT 793,A-185-08-12,48.53,227.08,71.351178,71.351178,205.04272,29.869576,61.999554,0,363553.05,6591836.85,198.51,RIGHT,227.1,350,12/10/2025,16:07:13,16:13:03,2985.683289,R9800BH,225,42.0,6.0,35,205.04272,71.351178,41.822411,61.999554,29.869576,3986.968251,10583.2949
pattern_12,A1850812_200_CN_1,6207597,4207597,22264,R9800BH,DT051,HIT EH5000,A-185-08-12,74.07,234.38,64.849956,64.849956,187.330631,30.296974,54.214543,0,363550.92,6591839.92,198.37,STRAIGHT,234.4,335,12/10/2025,16:13:03,16:18:38,3053.660164,R9800BH,250,42.0,6.0,35,187.330631,64.849956,37.969159,54.214543,30.296974,4504.127266,12153.966843
pattern_12,A1850812_200_CN_4,6207598,4207598,22264,R9800BH,DT049,HIT EH5000,A-185-08-12,54.86,202.63,95.419472,95.419472,240.2972,41.277599,56.474305,0,363543.89,6591892.83,198.92,LEFT,202.6,453,12/10/2025,16:18:38,16:26:11,2105.503904,R9800BH,250,42.0,6.0,35,240.2972,95.419472,47.125825,56.474305,41.277599,3035.644811,7353.244061
pattern_12,A1850812_200_CN_4,6207599,4207599,22264,R9800BH,DT057,HIT EH5000,A-185-08-12,47.29,222.29,99.172292,99.172292,232.027213,34.565443,58.861289,0,363548.75,6591887.48,199.0,STRAIGHT,222.3,392,12/10/2025,16:26:11,16:32:43,2174.625576,R9800BH,250,42.0,6.0,35,232.027213,99.172292,39.42819,58.861289,34.565443,3448.893541,7798.930287
pattern_12,A1850812_200_CN_4,6207600,4207600,22264,R9800BH,DT064,HIT EH5000,A-185-08-12,45.06,206.79,111.206945,111.206945,241.269776,26.499134,60.376366,0,363546.99,6591887.55,198.9,STRAIGHT,206.8,440,12/10/2025,16:32:43,16:40:03,2017.382393,R9800BH,250,42.0,6.0,35,241.269776,111.206945,43.18733,60.376366,26.499134,3085.534742,6612.558755
pattern_12,A1850812_200_CN_4,6207601,4207601,22264,R9800BH,DT024,CAT 793,A-185-08-12,74.81,224.42,117.736064,117.736064,257.534575,42.989789,63.108562,0,363547.86,6591889.4,198.35,LEFT,224.4,500,12/10/2025,16:40:03,16:48:23,2092.863131,R9800BH,225,42.0,6.0,35,257.534575,117.736064,33.70016,63.108562,42.989789,3137.07978,7447.718041
pattern_12,A1850812_200_CN_4,6207602,4207602,22264,R9800BH,DT014,CAT 793,A-185-08-12,65.2,243.94,102.502356,102.502356,227.536416,36.571497,54.576404,0,363542.68,6591888.77,198.62,STRAIGHT,243.9,365,12/10/2025,16:48:23,16:54:28,2470.920081,R9800BH,225,42.0,6.0,35,227.536416,102.502356,33.886159,54.576404,36.571497,3859.517823,9004.787616
pattern_12,A1850812_200_CN_4,6207603,4207603,22264,R9800BH,DT088,HIT EH5000,A-185-08-12,49.32,246.07,95.899952,95.899952,252.203248,39.436647,71.688606,0,363547.93,6591885.74,198.76,LEFT,246.1,448,12/10/2025,16:54:28,17:01:56,2513.936612,R9800BH,250,42.0,6.0,35,252.203248,95.899952,45.178044,71.688606,39.436647,3512.397481,8495.588641
pattern_12,A1850812_200_CN_4,6207604,4207604,22264,R9800BH,DT014,CAT 793,A-185-08-12,55.44,247.68,84.874116,84.874116,228.039827,31.348771,72.614675,0,363550.2,6591892.49,199.06,RIGHT,247.7,393,12/10/2025,17:01:56,17:08:29,2746.225569,R9800BH,225,42.0,6.0,35,228.039827,84.874116,39.202264,72.614675,31.348771,3910.013142,9235.673663
pattern_12,A1850812_200_CN_4,6207605,4207605,22264,R9800BH,DT025,CAT 793,A-185-08-12,66.32,221.41,87.229064,87.229064,209.023655,34.46279,50.776864,0,363544.95,6591892.25,199.04,LEFT,221.4,376,12/10/2025,17:08:29,17:14:45,2538.084985,R9800BH,225,42.0,6.0,35,209.023655,87.229064,36.554937,50.776864,34.46279,3813.381237,8959.139454
pattern_12,A1850812_200_CN_4,6207606,4207606,22264,R9800BH,DT023,CAT 793,A-185-08-12,42.03,213.06,99.443452,99.443452,222.91275,33.770925,52.14897,0,363544.93,6591891.53,198.93,STRAIGHT,213.1,529,12/10/2025,17:14:45,17:23:34,2299.091915,R9800BH,225,42.0,6.0,35,222.91275,99.443452,37.549403,52.14897,33.770925,3440.924547,8346.413587
pattern_12,A1850812_200_CN_4,6207607,4207607,22264,R9800BH,DT017,CAT 793,A-185-08-12,42.44,210.51,87.600539,87.600539,233.101152,42.345755,60.953556,0,363549.03,6591890.93,200.0,RIGHT,210.5,394,12/10/2025,17:23:34,17:30:08,2208.85197,R9800BH,225,42.0,6.0,35,233.101152,87.600539,42.201303,60.953556,42.345755,3251.049018,7099.756069
pattern_12,A1850812_200_CN_2,6207608,4207608,22264,R9800BH,DT075,HIT EH5000,A-185-08-12,63.37,207.77,82.719006,82.719006,221.308409,35.474596,61.305211,0,363554.27,6591849.42,198.42,STRAIGHT,207.8,379,12/10/2025,17:30:08,17:36:27,2386.36371,R9800BH,250,42.0,6.0,35,221.308409,82.719006,41.809596,61.305211,35.474596,3379.712243,8554.790803
pattern_12,A1850812_200_CN_2,6207609,4207609,22264,R9800BH,DT075,HIT EH5000,A-185-08-12,48.43,228.95,76.025399,76.025399,217.480705,29.443907,64.296191,0,363549.29,6591848.03,198.59,LEFT,229.0,336,12/10/2025,17:36:27,17:42:03,2613.931717,R9800BH,250,42.0,6.0,35,217.480705,76.025399,47.715209,64.296191,29.443907,3789.881906,9675.198218
pattern_12,A1850812_200_CN_2,6207610,4207610,22264,R9800BH,DT016,CAT 793,A-185-08-12,53.87,211.63,77.183231,77.183231,209.882039,28.929596,61.606496,0,363551.07,6591845.92,198.39,STRAIGHT,211.6,358,12/10/2025,17:42:03,17:48:01,2589.534503,R9800BH,225,42.0,6.0,35,209.882039,77.183231,42.162716,61.606496,28.929596,3629.922974,8892.9927
pattern_12,A1850812_200_CN_2,6207611,4207611,22264,R9800BH,DT036,CAT 793,A-185-08-12,41.89,213.18,79.641088,79.641088,221.51466,38.34663,59.079027,0,363551.39,6591844.99,198.97,STRAIGHT,213.2,388,12/10/2025,17:48:01,17:54:29,2640.665385,R9800BH,225,42.0,6.0,35,221.51466,79.641088,44.447914,59.079027,38.34663,3464.570209,8712.467927
pattern_12,A1850812_200_CN_2,6207612,4207612,22264,R9800BH,DT010,CAT 793,A-185-08-12,50.2,230.28,77.680766,77.680766,214.418579,38.456537,57.67624,0,363554.17,6591847.69,198.43,RIGHT,230.3,337,12/10/2025,17:54:29,18:00:06,2560.753302,R9800BH,225,42.0,6.0,35,214.418579,77.680766,40.605037,57.67624,38.456537,3866.227192,9935.400502
pattern_12,A1850812_200_CN_2,6207613,4207613,22264,R9800BH,DT063,HIT EH5000,A-185-08-12,57.11,230.03,72.67882,72.67882,217.859157,32.656406,63.473008,0,363552.02,6591846.58,198.47,RIGHT,230.0,398,12/10/2025,18:00:06,18:06:44,2502.224283,R9800BH,250,42.0,6.0,35,217.859157,72.67882,49.050924,63.473008,32.656406,3801.121732,9168.730863
pattern_12,A1850812_200_CN_2,6207614,4207614,22264,R9800BH,DT048,HIT EH5000,A-185-08-12,50.2,213.89,78.76295,78.76295,216.628687,26.032889,67.332078,0,363554.27,6591847.28,198.6,RIGHT,213.9,430,12/10/2025,18:06:44,18:13:54,2417.811882,R9800BH,250,42.0,6.0,35,216.628687,78.76295,44.500771,67.332078,26.032889,3554.480491,8661.71282
pattern_12,A1850812_200_CN_2,6207615,4207615,22264,R9800BH,DT058,HIT EH5000,A-185-08-12,69.59,217.87,85.851463,85.851463,216.922093,35.34047,55.929215,0,363552.78,6591848.98,199.3,LEFT,217.9,407,12/10/2025,18:13:54,18:20:41,2629.806231,R9800BH,250,42.0,6.0,35,216.922093,85.851463,39.800945,55.929215,35.34047,3615.720569,8837.807681
pattern_12,A1850812_200_CN_2,6207616,4207616,22264,R9800BH,DT048,HIT EH5000,A-185-08-12,58.31,225.34,77.90654,77.90654,202.984503,34.75387,60.862918,0,363549.87,6591844.31,199.23,LEFT,225.3,344,12/10/2025,18:20:41,18:26:25,2690.650914,R9800BH,250,42.0,6.0,35,202.984503,77.90654,29.461176,60.862918,34.75387,3996.537812,10030.512366
pattern_12,A1850812_200_CN_2,6207617,4207617,22264,R9800BH,DT087,HIT EH5000,A-185-08-12,53.66,234.99,82.998147,82.998147,209.317258,27.512626,60.629702,0,363550.37,6591849.38,198.45,STRAIGHT,235.0,357,12/10/2025,18:26:25,18:32:22,2930.403613,R9800BH,250,42.0,6.0,35,209.317258,82.998147,38.176783,60.629702,27.512626,4041.55189,10181.406131
pattern_12,A1850812_200_CN_2,6207618,4207618,22264,R9800BH,DT083,HIT EH5000,A-185-08-12,51.46,220.93,81.323309,81.323309,213.130471,29.162074,68.015017,0,363555.6,6591847.34,198.6,RIGHT,220.9,317,12/10/2025,18:32:22,18:37:39,2465.952377,R9800BH,250,42.0,6.0,35,213.130471,81.323309,34.630071,68.015017,29.162074,3731.801875,8985.479815
pattern_12,A1850812_200_CN_3,6207619,4207619,22264,R9800BH,DT075,HIT EH5000,A-185-08-12,43.13,222.44,96.895528,96.895528,234.603946,35.109774,62.185952,0,363543.27,6591896.06,199.3,RIGHT,222.4,452,12/10/2025,18:37:39,18:45:11,2155.014049,R9800BH,250,42.0,6.0,35,234.603946,96.895528,40.412691,62.185952,35.109774,3413.319112,8012.544267
pattern_12,A1850812_200_CN_3,6207620,4207620,22264,R9800BH,DT018,CAT 793,A-185-08-12,51.59,234.38,97.946107,97.946107,227.87868,32.625395,60.26269,0,363545.27,6591897.43,199.07,RIGHT,234.4,347,12/10/2025,18:45:11,18:50:58,2518.600989,R9800BH,225,42.0,6.0,35,227.87868,97.946107,37.044488,60.26269,32.625395,3702.693726,8859.994734
pattern_12,A1850812_200_CN_3,6207621,4207621,22264,R9800BH,DT069,HIT EH5000,A-185-08-12,61.39,223.49,88.197065,88.197065,233.831116,40.490169,61.075245,0,363547.51,6591901.92,198.12,LEFT,223.5,384,12/10/2025,18:50:58,18:57:22,2193.817278,R9800BH,250,42.0,6.0,35,233.831116,88.197065,44.068636,61.075245,40.490169,3440.794603,8468.395576
pattern_12,A1850812_200_CN_3,6207622,4207622,22264,R9800BH,DT042,CAT 793,A-185-08-12,47.99,223.67,84.044244,84.044244,225.254428,42.283294,55.457578,0,363545.56,6591899.17,199.04,RIGHT,223.7,422,12/10/2025,18:57:22,19:04:24,2443.500725,R9800BH,225,42.0,6.0,35,225.254428,84.044244,43.469311,55.457578,42.283294,3574.683408,8928.254226
pattern_12,A1850812_200_CN_3,6207623,4207623,22264,R9800BH,DT073,HIT EH5000,A-185-08-12,43.19,208.72,80.696958,80.696958,220.981832,39.175762,57.994363,0,363546.36,6591900.08,198.68,LEFT,208.7,383,12/10/2025,19:04:24,19:10:47,2230.653891,R9800BH,250,42.0,6.0,35,220.981832,80.696958,43.114748,57.994363,39.175762,3400.20642,8884.819092
pattern_12,A1850812_200_CN_3,6207624,4207624,22264,R9800BH,DT078,HIT EH5000,A-185-08-12,45.21,229.96,85.771102,85.771102,217.394846,31.805851,58.083548,0,363546.55,6591899.29,199.83,STRAIGHT,230.0,339,12/10/2025,19:10:47,19:16:26,2580.227549,R9800BH,250,42.0,6.0,35,217.394846,85.771102,41.734345,58.083548,31.805851,3808.154503,9357.88257
pattern_12,A1850812_200_CN_3,6207625,4207625,22264,R9800BH,DT053,HIT EH5000,A-185-08-12,67.75,213.11,78.462961,78.462961,217.344828,36.089481,58.519267,0,363547.14,6591897.66,199.2,LEFT,213.1,376,12/10/2025,19:16:26,19:22:42,2471.676857,R9800BH,250,42.0,6.0,35,217.344828,78.462961,44.273119,58.519267,36.089481,3529.780178,8973.344088
pattern_12,A1850812_200_CN_3,6207626,4207626,22264,R9800BH,DT072,HIT EH5000,A-185-08-12,54.76,213.78,91.027927,91.027927,239.133597,42.778906,60.180114,0,363545.61,6591899.58,199.25,LEFT,213.8,412,12/10/2025,19:22:42,19:29:34,2118.45461,R9800BH,250,42.0,6.0,35,239.133597,91.027927,45.146651,60.180114,42.778906,3218.248461,7982.912759
pattern_12,A1850812_200_CN_3,6207627,4207627,22264,R9800BH,DT058,HIT EH5000,A-185-08-12,64.7,241.74,98.619824,98.619824,228.629869,34.056769,59.564545,0,363545.71,6591895.18,199.21,RIGHT,241.7,370,12/10/2025,19:29:34,19:35:44,2525.797761,R9800BH,250,42.0,6.0,35,228.629869,98.619824,36.388731,59.564545,34.056769,3806.463922,9611.694638
pattern_12,A1850812_200_CN_3,6207628,4207628,22264,R9800BH,DT030,CAT 793,A-185-08-12,76.33,228.99,88.733159,88.733159,227.655509,34.328748,61.653517,0,363548.6,6591900.55,199.67,LEFT,229.0,395,12/10/2025,19:35:44,19:42:19,2302.593567,R9800BH,225,42.0,6.0,35,227.655509,88.733159,42.940085,61.653517,34.328748,3621.04357,9560.665196
pattern_12,A1850812_200_CN_2,6207629,4207629,22264,R9800BH,DT001,CAT 793,A-185-08-12,51.84,216.98,79.315154,79.315154,210.201303,32.857055,58.154278,0,363550.71,6591853.52,198.99,STRAIGHT,217.0,396,12/10/2025,19:42:19,19:48:55,2409.307073,R9800BH,225,42.0,6.0,35,210.201303,79.315154,39.874815,58.154278,32.857055,3716.056142,9222.865434
pattern_12,A1850812_200_CN_2,6207630,4207630,22264,R9800BH,DT058,HIT EH5000,A-185-08-12,49.98,208.74,86.945424,86.945424,225.504722,34.58645,57.652001,0,363554.19,6591850.96,199.76,RIGHT,208.7,352,12/10/2025,19:48:55,19:54:47,2053.946679,R9800BH,250,42.0,6.0,35,225.504722,86.945424,46.320847,57.652001,34.58645,3332.38899,7915.556346
pattern_12,A1850812_200_CN_2,6207631,4207631,22264,R9800BH,DT051,HIT EH5000,A-185-08-12,51.73,203.65,87.547221,87.547221,217.447219,32.042965,61.680418,0,363552.91,6591856.73,199.47,STRAIGHT,203.7,419,12/10/2025,19:54:47,20:01:46,2426.281953,R9800BH,250,42.0,6.0,35,217.447219,87.547221,36.176615,61.680418,32.042965,3371.5897,8398.396872
pattern_12,A1850812_200_CN_2,6207632,4207632,22264,R9800BH,DT055,HIT EH5000,A-185-08-12,46.27,196.31,81.345061,81.345061,220.459481,37.526076,55.446955,0,363549.86,6591853.61,199.4,RIGHT,196.3,363,12/10/2025,20:01:46,20:07:49,2080.596211,R9800BH,250,42.0,6.0,35,220.459481,81.345061,46.141389,55.446955,37.526076,3205.60233,7350.333328
pattern_12,A1850812_200_CN_2,6207633,4207633,22264,R9800BH,DT024,CAT 793,A-185-08-12,55.27,206.31,103.98954,103.98954,254.802466,34.01251,64.493291,0,363555.44,6591854.39,199.8,LEFT,206.3,454,12/10/2025,20:07:49,20:15:23,1969.973916,R9800BH,225,42.0,6.0,35,254.802466,103.98954,52.307126,64.493291,34.01251,2914.874739,7158.083356
pattern_12,A1850812_200_CN_2,6207634,4207634,22264,R9800BH,DT089,HIT EH5000,A-185-08-12,45.82,213.87,95.964916,95.964916,218.916476,29.158753,55.711641,0,363552.9,6591852.21,199.52,STRAIGHT,213.9,414,12/10/2025,20:15:23,20:22:17,2180.291474,R9800BH,250,42.0,6.0,35,218.916476,95.964916,38.081166,55.711641,29.158753,3516.99399,9035.955691
pattern_12,A1850812_200_CN_2,6207635,4207635,22264,R9800BH,DT027,CAT 793,A-185-08-12,52.29,222.19,100.129028,100.129028,231.619892,36.718958,55.466683,0,363549.89,6591856.14,199.3,RIGHT,222.2,423,12/10/2025,20:22:17,20:29:20,2466.839036,R9800BH,225,42.0,6.0,35,231.619892,100.129028,39.305223,55.466683,36.718958,3453.390318,8319.300269
pattern_12,A1850812_200_CN_2,6207636,4207636,22264,R9800BH,DT055,HIT EH5000,A-185-08-12,71.45,214.34,101.842571,101.842571,228.490703,32.68359,57.748577,0,363552.62,6591855.99,199.06,RIGHT,214.3,430,12/10/2025,20:29:20,20:36:30,2259.201185,R9800BH,250,42.0,6.0,35,228.490703,101.842571,36.215964,57.748577,32.68359,3377.048702,7901.35813
pattern_12,A1850812_200_CN_2,6207637,4207637,22264,R9800BH,DT059,HIT EH5000,A-185-08-12,70.57,211.71,99.179553,99.179553,225.473969,29.666637,56.762027,0,363548.88,6591850.24,198.62,STRAIGHT,211.7,452,12/10/2025,20:36:30,20:44:02,2273.600352,R9800BH,250,42.0,6.0,35,225.473969,99.179553,39.865753,56.762027,29.666637,3380.222528,8407.850529
pattern_12,A1850812_200_CN_2,6207638,4207638,22264,R9800BH,DT018,CAT 793,A-185-08-12,63.32,234.01,90.735009,90.735009,219.774372,35.093745,52.590035,0,363555.5,6591855.54,199.21,LEFT,234.0,339,12/10/2025,20:44:02,20:49:41,2726.732678,R9800BH,225,42.0,6.0,35,219.774372,90.735009,41.355582,52.590035,35.093745,3833.14116,9330.468804
pattern_12,A1850812_200_CN_2,6207639,4207639,22264,R9800BH,DT087,HIT EH5000,A-185-08-12,64.32,244.25,98.911788,98.911788,237.407823,40.309383,61.651805,0,363552.81,6591855.31,198.51,LEFT,244.2,435,12/10/2025,20:49:41,20:56:56,2548.257533,R9800BH,250,42.0,6.0,35,237.407823,98.911788,36.534846,61.651805,40.309383,3703.75208,8813.736175
pattern_12,A1850812_200_CN_3,6207640,4207640,22264,R9800BH,DT083,HIT EH5000,A-185-08-12,70.0,210.01,114.056426,114.056426,252.142056,31.13494,64.819228,0,363552.68,6591866.38,199.34,RIGHT,210.0,423,12/10/2025,20:56:56,21:03:59,2073.362878,R9800BH,250,42.0,6.0,35,252.142056,114.056426,42.131462,64.819228,31.13494,2998.423208,6988.125619
pattern_12,A1850812_200_CN_3,6207641,4207641,22264,R9800BH,DT059,HIT EH5000,A-185-08-12,50.97,208.55,112.525816,112.525816,249.175607,39.173777,54.884919,0,363554.71,6591861.77,199.89,STRAIGHT,208.5,457,12/10/2025,21:03:59,21:11:36,1948.225008,R9800BH,250,42.0,6.0,35,249.175607,112.525816,42.591095,54.884919,39.173777,3013.017205,6647.829962
pattern_12,A1850812_200_CN_3,6207642,4207642,22264,R9800BH,DT060,HIT EH5000,A-185-08-12,55.85,226.43,108.341846,108.341846,241.365219,33.642288,60.478319,0,363554.86,6591861.82,200.17,LEFT,226.4,339,12/10/2025,21:11:36,21:17:15,2144.308552,R9800BH,250,42.0,6.0,35,241.365219,108.341846,38.902766,60.478319,33.642288,3377.208944,7664.65875
pattern_12,A1850812_200_CN_3,6207643,4207643,22264,R9800BH,DT078,HIT EH5000,A-185-08-12,48.59,211.47,105.055429,105.055429,227.72004,26.245694,58.246731,0,363552.21,6591862.29,199.23,STRAIGHT,211.5,470,12/10/2025,21:17:15,21:25:05,2030.177011,R9800BH,250,42.0,6.0,35,227.72004,105.055429,38.172186,58.246731,26.245694,3343.135373,7662.870259
pattern_12,A1850812_200_CN_3,6207644,4207644,22264,R9800BH,DT026,CAT 793,A-185-08-12,76.07,250.65,119.811182,119.811182,246.445293,31.6227,54.997661,0,363556.25,6591860.67,198.98,STRAIGHT,250.7,425,12/10/2025,21:25:05,21:32:10,2365.872047,R9800BH,225,42.0,6.0,35,246.445293,119.811182,40.01375,54.997661,31.6227,3661.470609,8474.537895
pattern_12,A1850812_200_CN_3,6207645,4207645,22264,R9800BH,DT089,HIT EH5000,A-185-08-12,75.39,236.08,95.914606,95.914606,236.141647,30.44025,69.903374,0,363550.18,6591865.63,198.67,LEFT,236.1,446,12/10/2025,21:32:10,21:39:36,2150.459196,R9800BH,250,42.0,6.0,35,236.141647,95.914606,39.883417,69.903374,30.44025,3599.00322,8399.346607
pattern_12,A1850812_200_CN_3,6207646,4207646,22264,R9800BH,DT058,HIT EH5000,A-185-08-12,50.08,224.9,108.99775,108.99775,254.975802,30.89525,71.782808,0,363553.93,6591860.75,198.55,LEFT,224.9,454,12/10/2025,21:39:36,21:47:10,2083.266463,R9800BH,250,42.0,6.0,35,254.975802,108.99775,43.299993,71.782808,30.89525,3175.349952,7325.725694
pattern_12,A1850812_200_CN_3,6207647,4207647,22264,R9800BH,DT078,HIT EH5000,A-185-08-12,61.43,236.01,112.872553,112.872553,251.224621,37.271255,61.47591,0,363549.99,6591860.96,199.65,LEFT,236.0,427,12/10/2025,21:47:10,21:54:17,2231.05721,R9800BH,250,42.0,6.0,35,251.224621,112.872553,39.604902,61.47591,37.271255,3382.019727,7305.559411
pattern_12,A1850812_200_CN_3,6207648,4207648,22264,R9800BH,DT062,HIT EH5000,A-185-08-12,52.33,225.82,102.555271,102.555271,253.10214,36.582674,63.938438,0,363551.25,6591861.22,198.33,RIGHT,225.8,355,12/10/2025,21:54:17,22:00:12,2080.340173,R9800BH,250,42.0,6.0,35,253.10214,102.555271,50.025757,63.938438,36.582674,3211.917148,7384.088701
pattern_12,A1850812_200_CN_3,6207649,4207649,22264,R9800BH,DT062,HIT EH5000,A-185-08-12,58.41,219.12,98.130368,98.130368,233.102984,36.889899,64.684604,0,363553.86,6591862.61,198.43,RIGHT,219.1,339,12/10/2025,22:00:12,22:05:51,2169.777214,R9800BH,250,42.0,6.0,35,233.102984,98.130368,33.398112,64.684604,36.889899,3384.010922,7551.040822
pattern_12,A1850812_200_CN_3,6207650,4207650,22264,R9800BH,DT069,HIT EH5000,A-185-08-12,46.32,238.88,92.861434,92.861434,235.874105,31.240484,68.435058,0,363553.63,6591871.48,199.81,RIGHT,238.9,467,12/10/2025,22:05:51,22:13:38,2177.244935,R9800BH,250,42.0,6.0,35,235.874105,92.861434,43.337129,68.435058,31.240484,3645.822615,9057.945067
pattern_12,A1850812_200_CN_3,6207651,4207651,22264,R9800BH,DT046,CAT 793,A-185-08-12,53.28,218.41,98.133154,98.133154,246.995179,42.723532,64.871909,0,363553.77,6591868.36,199.56,LEFT,218.4,441,12/10/2025,22:13:38,22:20:59,2062.137771,R9800BH,225,42.0,6.0,35,246.995179,98.133154,41.266583,64.871909,42.723532,3183.396032,7424.628719
pattern_12,A1850812_200_CN_3,6207652,4207652,22264,R9800BH,DT004,CAT 793,A-185-08-12,71.72,215.15,93.673154,93.673154,233.13605,37.287383,60.915433,0,363552.0,6591867.82,199.46,STRAIGHT,215.2,351,12/10/2025,22:20:59,22:26:50,2053.673318,R9800BH,225,42.0,6.0,35,233.13605,93.673154,41.26008,60.915433,37.287383,3322.320937,7883.287916
pattern_12,A1850812_200_CN_3,6207653,4207653,22264,R9800BH,DT023,CAT 793,A-185-08-12,39.99,224.04,93.049498,93.049498,242.836826,37.984956,63.755659,0,363551.64,6591871.81,198.83,RIGHT,224.0,415,12/10/2025,22:26:50,22:33:45,2162.248508,R9800BH,225,42.0,6.0,35,242.836826,93.049498,48.046713,63.755659,37.984956,3321.31989,7731.22669
pattern_12,A1850812_200_CN_3,6207654,4207654,22264,R9800BH,DT038,CAT 793,A-185-08-12,74.71,224.13,94.968374,94.968374,243.013165,33.062897,67.988312,0,363550.08,6591869.2,198.73,STRAIGHT,224.1,404,12/10/2025,22:33:45,22:40:29,2139.506267,R9800BH,225,42.0,6.0,35,243.013165,94.968374,46.993581,67.988312,33.062897,3320.260709,7989.371543
pattern_12,A1850812_200_CN_3,6207655,4207655,22264,R9800BH,DT063,HIT EH5000,A-185-08-12,53.19,216.84,106.079519,106.079519,249.374683,38.475193,62.082292,0,363554.21,6591870.97,199.97,STRAIGHT,216.8,425,12/10/2025,22:40:29,22:47:34,1990.84527,R9800BH,250,42.0,6.0,35,249.374683,106.079519,42.73768,62.082292,38.475193,3130.28918,7429.162108
pattern_12,A1850812_200_CN_3,6207656,4207656,22264,R9800BH,DT087,HIT EH5000,A-185-08-12,50.55,227.9,105.388982,105.388982,251.093811,38.704169,57.046221,0,363550.81,6591868.72,199.87,STRAIGHT,227.9,433,12/10/2025,22:47:34,22:54:47,2055.603535,R9800BH,250,42.0,6.0,35,251.093811,105.388982,49.954438,57.046221,38.704169,3267.468725,7704.488029
pattern_12,A1850812_200_CN_3,6207657,4207657,22264,R9800BH,DT026,CAT 793,A-185-08-12,49.67,217.57,78.721401,78.721401,207.361279,38.230532,56.983579,0,363554.12,6591873.68,198.68,RIGHT,217.6,450,12/10/2025,22:54:47,23:02:17,2610.281278,R9800BH,225,42.0,6.0,35,207.361279,78.721401,33.425766,56.983579,38.230532,3777.318731,8891.323387
pattern_12,A1850812_200_CN_3,6207658,4207658,22264,R9800BH,DT057,HIT EH5000,A-185-08-12,46.18,203.14,99.066787,99.066787,225.495461,38.012532,50.774994,0,363553.25,6591874.74,198.73,RIGHT,203.1,396,12/10/2025,23:02:17,23:08:53,2059.506776,R9800BH,250,42.0,6.0,35,225.495461,99.066787,37.641147,50.774994,38.012532,3243.153994,7757.545308
pattern_12,A1850812_200_CN_3,6207659,4207659,22264,R9800BH,DT011,CAT 793,A-185-08-12,42.5,208.04,98.519407,98.519407,247.220958,39.588553,63.01457,0,363552.26,6591870.13,198.94,RIGHT,208.0,470,12/10/2025,23:08:53,23:16:43,1878.294189,R9800BH,225,42.0,6.0,35,247.220958,98.519407,46.098428,63.01457,39.588553,3029.494691,7151.592743
pattern_12,A1850812_200_CN_5,6207660,4207660,22264,R9800BH,DT043,CAT 793,A-185-08-12,75.98,227.94,110.943846,110.943846,246.713846,34.039737,65.897638,0,363549.88,6591876.99,199.48,RIGHT,227.9,372,12/10/2025,23:16:43,23:22:55,2241.544348,R9800BH,225,42.0,6.0,35,246.713846,110.943846,35.832624,65.897638,34.039737,3326.070377,6981.636142
pattern_12,A1850812_200_CN_5,6207661,4207661,22264,R9800BH,DT016,CAT 793,A-185-08-12,52.25,215.34,91.13538,91.13538,236.407843,34.511171,63.399956,0,363553.85,6591875.29,199.2,RIGHT,215.3,456,12/10/2025,23:22:55,23:30:31,2171.831973,R9800BH,225,42.0,6.0,35,236.407843,91.13538,47.361335,63.399956,34.511171,3279.113314,7377.152224
pattern_12,A1850812_200_CN_5,6207662,4207662,22264,R9800BH,DT076,HIT EH5000,A-185-08-12,50.98,202.7,111.343635,111.343635,245.113026,38.88778,61.801772,0,363552.9,6591875.56,198.38,STRAIGHT,202.7,776,12/10/2025,23:30:31,23:43:27,2025.924758,R9800BH,250,42.0,6.0,35,245.113026,111.343635,33.079839,61.801772,38.88778,2977.074136,6793.22843
pattern_12,A1850812_200_CN_5,6207663,4207663,22264,R9800BH,DT078,HIT EH5000,A-185-08-12,66.31,198.92,112.443715,112.443715,264.509103,36.831162,70.873232,0,363552.98,6591878.27,199.24,STRAIGHT,198.9,476,12/10/2025,23:43:27,23:51:23,1791.87066,R9800BH,250,42.0,6.0,35,264.509103,112.443715,44.360994,70.873232,36.831162,2707.345893,5884.481498
pattern_12,A1850812_200_CN_5,6207664,4207664,22264,R9800BH,DT045,CAT 793,A-185-08-12,49.68,216.06,125.065194,125.065194,274.200389,34.646344,64.572505,0,363551.26,6591877.9,199.15,LEFT,216.1,458,12/10/2025,23:51:23,23:59:01,1924.271661,R9800BH,225,42.0,6.0,35,274.200389,125.065194,49.916346,64.572505,34.646344,2836.612131,5957.051571
pattern_12,A1850812_200_CN_5,6207665,4207665,22264,R9800BH,DT060,HIT EH5000,A-185-08-12,51.0,222.66,104.892158,104.892158,253.83188,34.892491,67.805513,0,363551.89,6591876.45,198.94,RIGHT,222.7,366,12/10/2025,23:59:01,00:05:07,2142.925862,R9800BH,250,42.0,6.0,35,253.83188,104.892158,46.241719,67.805513,34.892491,3157.912414,7014.319718
pattern_12,A1850812_200_CN_5,6207666,4207666,22264,R9800BH,DT048,HIT EH5000,A-185-08-12,55.01,233.71,119.460926,119.460926,260.383905,30.307746,68.228508,0,363551.29,6591878.69,199.6,RIGHT,233.7,427,13/10/2025,00:05:07,00:12:14,1926.982728,R9800BH,250,42.0,6.0,35,260.383905,119.460926,42.386726,68.228508,30.307746,3231.225558,6953.266016
pattern_12,A1850812_200_CN_5,6207667,4207667,22264,R9800BH,DT060,HIT EH5000,A-185-08-12,72.64,223.78,126.646423,126.646423,280.475953,34.120412,75.316194,0,363555.7,6591882.44,198.36,LEFT,223.8,480,13/10/2025,00:12:14,00:20:14,1848.718772,R9800BH,250,42.0,6.0,35,280.475953,126.646423,44.392925,75.316194,34.120412,2872.325136,6262.016321
pattern_12,A1850812_200_CN_5,6207668,4207668,22264,R9800BH,DT086,HIT EH5000,A-185-08-12,64.55,196.73,103.916457,103.916457,241.555272,32.45355,56.531096,0,363554.67,6591877.72,199.19,LEFT,196.7,372,13/10/2025,00:20:14,00:26:26,1869.239408,R9800BH,250,42.0,6.0,35,241.555272,103.916457,48.654169,56.531096,32.45355,2931.898856,6393.088962
pattern_12,A1850812_200_CN_5,6207669,4207669,22264,R9800BH,DT063,HIT EH5000,A-185-08-12,47.27,204.37,129.661488,129.661488,284.308673,34.528436,75.501052,0,363554.71,6591877.34,199.81,STRAIGHT,204.4,461,13/10/2025,00:26:26,00:34:07,1621.38851,R9800BH,250,42.0,6.0,35,284.308673,129.661488,44.617697,75.501052,34.528436,2587.781686,5382.585906
pattern_12,A1850812_200_CN_5,6207670,4207670,22264,R9800BH,DT074,HIT EH5000,A-185-08-12,55.18,210.31,122.335571,122.335571,261.594474,33.009207,63.743195,0,363554.12,6591879.07,199.49,RIGHT,210.3,430,13/10/2025,00:34:07,00:41:17,1887.857325,R9800BH,250,42.0,6.0,35,261.594474,122.335571,42.506501,63.743195,33.009207,2894.248238,6029.73789
pattern_12,A1850812_200_CN_1,6207671,4207671,22264,R9800BH,DT013,CAT 793,A-185-08-12,57.85,239.23,71.574328,71.574328,198.17166,38.632709,55.323572,0,363557.15,6591833.85,199.71,LEFT,239.2,307,13/10/2025,00:41:17,00:46:24,3047.604067,R9800BH,225,42.0,6.0,35,198.17166,71.574328,32.641051,55.323572,38.632709,4345.904713,12192.436247
pattern_12,A1850812_200_CN_1,6207672,4207672,22264,R9800BH,DT076,HIT EH5000,A-185-08-12,70.57,240.71,77.856873,77.856873,213.328347,39.53571,58.397754,0,363559.0,6591831.61,198.9,LEFT,240.7,364,13/10/2025,00:46:24,00:52:28,2448.994594,R9800BH,250,42.0,6.0,35,213.328347,77.856873,37.53801,58.397754,39.53571,4062.054337,10915.528311
pattern_12,A1850812_200_CN_1,6207673,4207673,22264,R9800BH,DT061,HIT EH5000,A-185-08-12,52.04,251.23,71.367748,71.367748,212.25194,36.129235,58.431169,0,363557.62,6591834.65,199.27,RIGHT,251.2,298,13/10/2025,00:52:28,00:57:26,2778.172398,R9800BH,250,42.0,6.0,35,212.25194,71.367748,46.323788,58.431169,36.129235,4261.096843,11630.041685
pattern_12,A1850812_200_CN_1,6207674,4207674,22264,R9800BH,DT088,HIT EH5000,A-185-08-12,65.55,248.35,73.167024,73.167024,199.785306,35.084375,55.482487,0,363557.33,6591835.41,198.87,RIGHT,248.3,400,13/10/2025,00:57:26,01:04:06,3057.000279,R9800BH,250,42.0,6.0,35,199.785306,73.167024,36.051421,55.482487,35.084375,4475.020915,11717.454293
pattern_12,A1850812_200_CN_1,6207675,4207675,22264,R9800BH,DT075,HIT EH5000,A-185-08-12,51.65,258.56,75.382942,75.382942,217.482988,40.9766,57.22763,0,363555.23,6591831.86,198.36,RIGHT,258.6,338,13/10/2025,01:04:06,01:09:44,3169.349091,R9800BH,250,42.0,6.0,35,217.482988,75.382942,43.895816,57.22763,40.9766,4279.952065,11858.626124
pattern_12,A1850812_200_CN_1,6207676,4207676,22264,R9800BH,DT081,HIT EH5000,A-185-08-12,48.74,238.62,72.443891,72.443891,200.178504,34.859276,56.848656,0,363557.33,6591831.17,198.87,STRAIGHT,238.6,332,13/10/2025,01:09:44,01:15:16,3009.466552,R9800BH,250,42.0,6.0,35,200.178504,72.443891,36.026682,56.848656,34.859276,4291.400625,11263.782261
pattern_12,A1850812_200_CN_1,6207677,4207677,22264,R9800BH,DT031,CAT 793,A-185-08-12,71.94,239.57,73.84218,73.84218,207.378101,33.959193,53.532064,0,363561.93,6591833.65,198.49,LEFT,239.6,338,13/10/2025,01:15:16,01:20:54,2794.032371,R9800BH,225,42.0,6.0,35,207.378101,73.84218,46.044664,53.532064,33.959193,4158.825583,11032.731627
pattern_12,A1850812_200_CN_1,6207678,4207678,22264,R9800BH,DT044,CAT 793,A-185-08-12,62.0,252.0,70.466578,70.466578,200.694407,29.969925,62.392607,0,363554.62,6591832.13,198.33,STRAIGHT,252.0,321,13/10/2025,01:20:54,01:26:15,3202.017433,R9800BH,225,42.0,6.0,35,200.694407,70.466578,37.865297,62.392607,29.969925,4520.305335,12106.695603
pattern_12,A1850812_200_CN_1,6207679,4207679,22264,R9800BH,DT078,HIT EH5000,A-185-08-12,52.45,234.14,71.179639,71.179639,194.882369,30.208721,59.814476,0,363554.85,6591834.97,198.09,RIGHT,234.1,398,13/10/2025,01:26:15,01:32:53,2968.004032,R9800BH,250,42.0,6.0,35,194.882369,71.179639,33.679535,59.814476,30.208721,4325.156097,11473.190593
pattern_12,A1850812_200_CN_5,6207680,4207680,22264,R9800BH,DT053,HIT EH5000,A-185-08-12,42.03,222.75,115.254433,115.254433,259.473079,38.397377,61.602212,0,363553.5,6591886.91,199.0,RIGHT,222.7,441,13/10/2025,01:32:53,01:40:14,2064.130834,R9800BH,250,42.0,6.0,35,259.473079,115.254433,44.219058,61.602212,38.397377,3090.44411,6586.599746
pattern_12,A1850812_200_CN_5,6207681,4207681,22264,R9800BH,DT088,HIT EH5000,A-185-08-12,54.68,228.72,103.993677,103.993677,254.938272,37.524804,71.389178,0,363553.93,6591885.4,198.96,LEFT,228.7,355,13/10/2025,01:40:14,01:46:09,2020.142177,R9800BH,250,42.0,6.0,35,254.938272,103.993677,42.030613,71.389178,37.524804,3229.745886,6738.769238
pattern_12,A1850812_200_CN_5,6207682,4207682,22264,R9800BH,DT087,HIT EH5000,A-185-08-12,58.62,209.55,113.844141,113.844141,264.08591,37.414266,70.724809,0,363550.75,6591885.4,198.98,STRAIGHT,209.6,497,13/10/2025,01:46:09,01:54:26,1874.058569,R9800BH,250,42.0,6.0,35,264.08591,113.844141,42.102693,70.724809,37.414266,2856.614839,6363.793388
pattern_12,A1850812_200_CN_5,6207683,4207683,22264,R9800BH,DT082,HIT EH5000,A-185-08-12,60.24,220.74,113.117347,113.117347,267.456148,38.088652,62.450071,0,363552.35,6591888.4,199.48,RIGHT,220.7,406,13/10/2025,01:54:26,02:01:12,1730.657923,R9800BH,250,42.0,6.0,35,267.456148,113.117347,53.800079,62.450071,38.088652,2971.177677,6244.623448
pattern_12,A1850812_200_CN_5,6207684,4207684,22264,R9800BH,DT051,HIT EH5000,A-185-08-12,46.69,219.29,104.673442,104.673442,255.275867,41.112009,70.643664,0,363549.99,6591884.56,198.49,LEFT,219.3,431,13/10/2025,02:01:12,02:08:23,1889.419368,R9800BH,250,42.0,6.0,35,255.275867,104.673442,38.846752,70.643664,41.112009,3092.443517,6432.282515
pattern_12,A1850812_200_CN_5,6207685,4207685,22264,R9800BH,DT068,HIT EH5000,A-185-08-12,60.04,204.99,114.271471,114.271471,265.176882,38.606048,64.972002,0,363557.43,6591885.7,199.06,LEFT,205.0,417,13/10/2025,02:08:23,02:15:20,1683.001549,R9800BH,250,42.0,6.0,35,265.176882,114.271471,47.327361,64.972002,38.606048,2782.900684,5788.433423
pattern_12,A1850812_200_CN_5,6207686,4207686,22264,R9800BH,DT081,HIT EH5000,A-185-08-12,43.38,207.0,139.294221,139.294221,283.612024,41.244883,61.966534,0,363551.62,6591885.98,199.26,RIGHT,207.0,444,13/10/2025,02:15:20,02:22:44,1542.381582,R9800BH,250,42.0,6.0,35,283.612024,139.294221,41.106387,61.966534,41.244883,2627.506396,5561.455396
pattern_12,A1850812_200_CN_5,6207687,4207687,22264,R9800BH,DT060,HIT EH5000,A-185-08-12,53.78,196.5,134.020916,134.020916,279.963914,42.928167,62.143905,0,363552.07,6591885.57,199.19,STRAIGHT,196.5,420,13/10/2025,02:22:44,02:29:44,1423.954503,R9800BH,250,42.0,6.0,35,279.963914,134.020916,40.870926,62.143905,42.928167,2526.814251,5338.23545
pattern_12,A1850812_200_CN_5,6207688,4207688,22264,R9800BH,DT017,CAT 793,A-185-08-12,45.42,203.9,121.196401,121.196401,272.930493,41.343803,67.971829,0,363553.34,6591884.68,198.78,STRAIGHT,203.9,523,13/10/2025,02:29:44,02:38:27,1644.626591,R9800BH,225,42.0,6.0,35,272.930493,121.196401,42.418461,67.971829,41.343803,2689.427069,6087.193331
pattern_12,A1850812_200_CN_5,6207689,4207689,22264,R9800BH,DT039,CAT 793,A-185-08-12,50.69,218.0,135.417481,135.417481,277.26238,41.203391,61.010174,0,363552.13,6591881.13,198.79,STRAIGHT,218.0,529,13/10/2025,02:38:27,02:47:16,1776.225547,R9800BH,225,42.0,6.0,35,277.26238,135.417481,39.631334,61.010174,41.203391,2830.500262,5887.440546
pattern_12,A1850812_200_CN_5,6207690,4207690,22264,R9800BH,DT079,HIT EH5000,A-185-08-12,56.63,223.59,134.635366,134.635366,281.444299,37.434321,69.440137,0,363552.48,6591885.8,198.66,LEFT,223.6,435,13/10/2025,02:47:16,02:54:31,1871.924831,R9800BH,250,42.0,6.0,35,281.444299,134.635366,39.934475,69.440137,37.434321,2859.932271,6278.300161
pattern_12,A1850812_200_CN_1,6207691,4207691,22264,R9800BH,DT084,HIT EH5000,A-185-08-12,55.74,250.19,60.996331,60.996331,193.239504,30.741235,57.209094,0,363558.28,6591842.73,199.19,STRAIGHT,250.2,377,13/10/2025,02:54:31,03:00:48,2876.515021,R9800BH,250,42.0,6.0,35,193.239504,60.996331,44.292844,57.209094,30.741235,4660.944105,12481.709028
pattern_12,A1850812_200_CN_1,6207692,4207692,22264,R9800BH,DT060,HIT EH5000,A-185-08-12,60.41,262.59,78.742812,78.742812,216.073429,33.815233,60.316151,0,363561.54,6591841.94,198.08,LEFT,262.6,340,13/10/2025,03:00:48,03:06:28,2770.162381,R9800BH,250,42.0,6.0,35,216.073429,78.742812,43.199232,60.316151,33.815233,4375.038271,11727.143292
pattern_12,A1850812_200_CN_1,6207693,4207693,22264,R9800BH,DT026,CAT 793,A-185-08-12,71.11,237.45,74.935076,74.935076,218.044074,34.94632,60.736736,0,363558.5,6591842.87,199.02,LEFT,237.4,342,13/10/2025,03:06:28,03:12:10,2597.960774,R9800BH,225,42.0,6.0,35,218.044074,74.935076,47.425942,60.736736,34.94632,3920.382708,10296.151909
pattern_12,A1850812_200_CN_1,6207694,4207694,22264,R9800BH,DT083,HIT EH5000,A-185-08-12,74.0,241.31,61.266929,61.266929,192.981821,31.978818,59.061731,0,363557.99,6591839.46,199.17,LEFT,241.3,331,13/10/2025,03:12:10,03:17:41,3138.248385,R9800BH,250,42.0,6.0,35,192.981821,61.266929,40.674342,59.061731,31.978818,4501.596806,12502.789752
pattern_12,A1850812_200_CN_1,6207695,4207695,22264,R9800BH,DT048,HIT EH5000,A-185-08-12,72.72,236.53,65.659819,65.659819,210.396771,41.385192,62.623081,0,363557.65,6591838.3,199.02,STRAIGHT,236.5,386,13/10/2025,03:17:41,03:24:07,2918.21005,R9800BH,250,42.0,6.0,35,210.396771,65.659819,40.728679,62.623081,41.385192,4047.187479,11378.234882
pattern_12,A1850812_200_CN_1,6207696,4207696,22264,R9800BH,DT016,CAT 793,A-185-08-12,69.53,252.0,81.122489,81.122489,201.295047,27.70203,57.211155,0,363559.86,6591843.23,198.33,LEFT,252.0,405,13/10/2025,03:24:07,03:30:52,2929.146661,R9800BH,225,42.0,6.0,35,201.295047,81.122489,35.259373,57.211155,27.70203,4506.817291,12524.508131
pattern_12,A1850812_200_CN_1,6207697,4207697,22264,R9800BH,DT056,HIT EH5000,A-185-08-12,48.15,234.86,85.544532,85.544532,211.882175,30.283461,55.940157,0,363555.94,6591840.15,198.62,RIGHT,234.9,362,13/10/2025,03:30:52,03:36:54,2829.39216,R9800BH,250,42.0,6.0,35,211.882175,85.544532,40.114025,55.940157,30.283461,3990.433414,10645.590675
pattern_12,A1850812_200_CN_1,6207698,4207698,22264,R9800BH,DT090,HIT EH5000,A-185-08-12,50.09,241.57,75.213218,75.213218,214.903856,36.815121,62.307368,0,363556.58,6591842.43,199.82,RIGHT,241.6,437,13/10/2025,03:36:54,03:44:11,2697.22408,R9800BH,250,42.0,6.0,35,214.903856,75.213218,40.568149,62.307368,36.815121,4046.690528,10848.571338
pattern_12,A1850812_200_CN_1,6207699,4207699,22264,R9800BH,DT062,HIT EH5000,A-185-08-12,55.54,230.66,74.874048,74.874048,216.864167,39.090471,57.254232,0,363561.7,6591842.37,199.53,LEFT,230.7,341,13/10/2025,03:44:11,03:49:52,2356.061612,R9800BH,250,42.0,6.0,35,216.864167,74.874048,45.645416,57.254232,39.090471,3829.04196,10253.393674
pattern_12,A1850812_200_CN_4,6207700,4207700,22264,R9800BH,DT069,HIT EH5000,A-185-08-12,58.27,227.23,98.164559,98.164559,226.820142,33.851907,48.80299,0,363555.05,6591896.12,199.69,LEFT,227.2,618,13/10/2025,03:49:52,04:00:10,2382.794083,R9800BH,250,42.0,6.0,35,226.820142,98.164559,46.000687,48.80299,33.851907,3606.532315,8143.800736
pattern_12,A1850812_200_CN_4,6207701,4207701,22264,R9800BH,DT056,HIT EH5000,A-185-08-12,63.86,211.78,96.371739,96.371739,237.169616,32.28834,65.543186,0,363555.89,6591898.73,198.72,STRAIGHT,211.8,471,13/10/2025,04:00:10,04:08:01,2019.348733,R9800BH,250,42.0,6.0,35,237.169616,96.371739,42.966351,65.543186,32.28834,3214.63732,7469.930357
pattern_12,A1850812_200_CN_4,6207702,4207702,22264,R9800BH,DT084,HIT EH5000,A-185-08-12,44.34,214.69,96.991364,96.991364,233.809826,32.900225,63.54012,0,363552.92,6591890.02,199.93,RIGHT,214.7,392,13/10/2025,04:08:01,04:14:33,1800.514458,R9800BH,250,42.0,6.0,35,233.809826,96.991364,40.378116,63.54012,32.900225,3305.579208,8154.668072
pattern_12,A1850812_200_CN_4,6207703,4207703,22264,R9800BH,DT040,CAT 793,A-185-08-12,49.4,213.49,94.483938,94.483938,233.324538,37.318855,66.512039,0,363551.34,6591892.22,199.04,RIGHT,213.5,398,13/10/2025,04:14:33,04:21:11,2332.289543,R9800BH,225,42.0,6.0,35,233.324538,94.483938,35.009706,66.512039,37.318855,3293.978702,7660.787413
pattern_12,A1850812_200_CN_4,6207704,4207704,22264,R9800BH,DT032,CAT 793,A-185-08-12,52.53,213.8,108.466235,108.466235,237.076652,33.810151,59.15165,0,363551.35,6591890.41,199.29,STRAIGHT,213.8,420,13/10/2025,04:21:11,04:28:11,2160.260298,R9800BH,225,42.0,6.0,35,237.076652,108.466235,35.648616,59.15165,33.810151,3246.509338,7325.556701
pattern_12,A1850812_200_CN_4,6207705,4207705,22264,R9800BH,DT086,HIT EH5000,A-185-08-12,44.43,229.53,108.546702,108.546702,246.418089,37.780658,56.788741,0,363553.63,6591894.43,198.38,STRAIGHT,229.5,415,13/10/2025,04:28:11,04:35:06,2311.172888,R9800BH,250,42.0,6.0,35,246.418089,108.546702,43.301989,56.788741,37.780658,3353.256283,7997.781318
pattern_12,A1850812_200_CN_4,6207706,4207706,22264,R9800BH,DT066,HIT EH5000,A-185-08-12,47.79,226.59,93.535002,93.535002,246.400277,36.949539,69.422973,0,363556.46,6591896.99,199.39,LEFT,226.6,359,13/10/2025,04:35:06,04:41:05,2320.761761,R9800BH,250,42.0,6.0,35,246.400277,93.535002,46.492763,69.422973,36.949539,3310.628664,8081.688691
pattern_12,A1850812_200_CN_4,6207707,4207707,22264,R9800BH,DT055,HIT EH5000,A-185-08-12,59.18,202.33,96.539232,96.539232,232.914815,36.273028,62.989996,0,363558.37,6591891.63,199.08,RIGHT,202.3,439,13/10/2025,04:41:05,04:48:24,1990.044876,R9800BH,250,42.0,6.0,35,232.914815,96.539232,37.112558,62.989996,36.273028,3127.308261,7319.920691
pattern_12,A1850812_200_CN_4,6207708,4207708,22264,R9800BH,DT085,HIT EH5000,A-185-08-12,61.8,196.3,110.466278,110.466278,255.836327,36.917291,66.205497,0,363556.54,6591891.64,199.95,LEFT,196.3,445,13/10/2025,04:48:24,04:55:49,1905.194261,R9800BH,250,42.0,6.0,35,255.836327,110.466278,42.247261,66.205497,36.917291,2762.170893,6862.898913
pattern_12,A1850812_200_CN_4,6207709,4207709,22264,R9800BH,DT004,CAT 793,A-185-08-12,62.24,186.71,103.766052,103.766052,234.874854,29.46864,55.378159,0,363554.87,6591897.35,199.31,LEFT,186.7,406,13/10/2025,04:55:49,05:02:35,1860.424608,R9800BH,225,42.0,6.0,35,234.874854,103.766052,46.262003,55.378159,29.46864,2861.776652,6840.690684
pattern_12,A1850812_200_CN_2,6207710,4207710,22264,R9800BH,DT041,CAT 793,A-185-08-12,47.82,205.37,76.642523,76.642523,209.386874,32.67756,55.7831,0,363558.32,6591850.44,199.16,LEFT,205.4,372,13/10/2025,05:02:35,05:08:47,2239.619833,R9800BH,225,42.0,6.0,35,209.386874,76.642523,44.283691,55.7831,32.67756,3530.860918,9575.818697
pattern_12,A1850812_200_CN_2,6207711,4207711,22264,R9800BH,DT053,HIT EH5000,A-185-08-12,40.92,212.19,78.962255,78.962255,214.469468,34.335254,56.978065,0,363560.25,6591848.61,199.53,STRAIGHT,212.2,394,13/10/2025,05:08:47,05:15:21,2464.181512,R9800BH,250,42.0,6.0,35,214.469468,78.962255,44.193894,56.978065,34.335254,3561.795128,9230.978591
pattern_12,A1850812_200_CN_2,6207712,4207712,22264,R9800BH,DT085,HIT EH5000,A-185-08-12,62.37,257.65,73.67629,73.67629,206.062137,40.117196,54.542714,0,363557.12,6591846.97,199.7,LEFT,257.7,377,13/10/2025,05:15:21,05:21:38,2858.794203,R9800BH,250,42.0,6.0,35,206.062137,73.67629,37.725937,54.542714,40.117196,4501.291879,12027.6339
pattern_12,A1850812_200_CN_2,6207713,4207713,22264,R9800BH,DT089,HIT EH5000,A-185-08-12,89.2,267.59,80.020159,80.020159,206.554124,34.067611,53.473653,0,363555.84,6591848.29,199.77,RIGHT,267.6,351,13/10/2025,05:21:38,05:27:29,3174.227798,R9800BH,250,42.0,6.0,35,206.554124,80.020159,38.9927,53.473653,34.067611,4663.825349,11690.746113
pattern_12,A1850812_200_CN_2,6207714,4207714,22264,R9800BH,DT077,HIT EH5000,A-185-08-12,78.38,235.14,82.08371,82.08371,213.975455,33.256925,61.853503,0,363557.73,6591848.53,198.41,STRAIGHT,235.1,400,13/10/2025,05:27:29,05:34:09,2589.626844,R9800BH,250,42.0,6.0,35,213.975455,82.08371,36.781318,61.853503,33.256925,3956.088155,10147.552469
pattern_12,A1850812_200_CN_2,6207715,4207715,22264,R9800BH,DT041,CAT 793,A-185-08-12,60.01,235.86,76.302895,76.302895,210.282332,37.817429,57.481607,0,363559.8,6591854.34,199.41,LEFT,235.9,346,13/10/2025,05:34:09,05:39:55,2662.436184,R9800BH,225,42.0,6.0,35,210.282332,76.302895,38.680401,57.481607,37.817429,4037.830423,10541.917213
pattern_12,A1850812_200_CN_2,6207716,4207716,22264,R9800BH,DT048,HIT EH5000,A-185-08-12,49.76,216.72,86.640918,86.640918,222.21137,30.854908,61.016083,0,363558.39,6591849.45,198.27,RIGHT,216.7,335,13/10/2025,05:39:55,05:45:30,2584.315824,R9800BH,250,42.0,6.0,35,222.21137,86.640918,43.69946,61.016083,30.854908,3510.955794,9061.614105
pattern_12,A1850812_200_CN_2,6207717,4207717,22264,R9800BH,DT053,HIT EH5000,A-185-08-12,41.1,213.69,73.32013,73.32013,203.691348,33.588339,53.523035,0,363556.76,6591846.85,198.95,RIGHT,213.7,320,13/10/2025,05:45:30,05:50:50,2477.533086,R9800BH,250,42.0,6.0,35,203.691348,73.32013,43.259845,53.523035,33.588339,3776.634543,10164.754942
pattern_12,A1850812_200_CN_2,6207718,4207718,22264,R9800BH,DT039,CAT 793,A-185-08-12,53.54,223.49,83.144001,83.144001,223.990712,34.440084,65.331349,0,363557.81,6591851.44,199.17,STRAIGHT,223.5,450,13/10/2025,05:50:50,05:58:20,2374.679728,R9800BH,225,42.0,6.0,35,223.990712,83.144001,41.075278,65.331349,34.440084,3591.89476,9051.098201
pattern_12,A1850812_200_CN_2,6207719,4207719,22264,R9800BH,DT031,CAT 793,A-185-08-12,54.05,239.77,88.697664,88.697664,225.540518,38.242586,56.777545,0,363557.27,6591850.08,198.59,STRAIGHT,239.8,372,13/10/2025,05:58:20,06:04:32,2607.070231,R9800BH,225,42.0,6.0,35,225.540518,88.697664,41.822723,56.777545,38.242586,3827.157705,10356.626071
pattern_12,A1850812_200_CN_2,6207720,4207720,22264,R9800BH,DT018,CAT 793,A-185-08-12,46.98,230.84,73.79928,73.79928,219.388662,41.633138,60.789135,0,363553.04,6591904.57,199.63,LEFT,230.8,359,13/10/2025,06:04:32,06:10:31,2528.165875,R9800BH,225,42.0,6.0,35,219.388662,73.79928,43.167109,60.789135,41.633138,3787.965233,9624.71841
pattern_12,A1850812_200_CN_2,6207721,4207721,22264,R9800BH,DT086,HIT EH5000,A-185-08-12,47.72,228.98,80.447548,80.447548,214.657658,33.709814,52.664636,0,363551.54,6591904.93,198.56,STRAIGHT,229.0,320,13/10/2025,06:10:31,06:15:51,2640.744608,R9800BH,250,42.0,6.0,35,214.657658,80.447548,47.835661,52.664636,33.709814,3840.129597,9740.555854
pattern_12,A1850812_200_CN_2,6207722,4207722,22264,R9800BH,DT062,HIT EH5000,A-185-08-12,42.9,219.43,86.025611,86.025611,226.787578,38.453721,61.913528,0,363554.55,6591903.55,199.19,LEFT,219.4,455,13/10/2025,06:15:51,06:23:26,2447.454247,R9800BH,250,42.0,6.0,35,226.787578,86.025611,40.394718,61.913528,38.453721,3483.234513,8544.181398
pattern_12,A1850812_200_CN_2,6207723,4207723,22264,R9800BH,DT079,HIT EH5000,A-185-08-12,51.48,231.24,89.38877,89.38877,220.414649,31.45826,55.374213,0,363553.17,6591901.75,199.58,STRAIGHT,231.2,354,13/10/2025,06:23:26,06:29:20,2378.948533,R9800BH,250,42.0,6.0,35,220.414649,89.38877,44.193405,55.374213,31.45826,3776.786118,9736.393387
pattern_12,A1850812_200_CN_2,6207724,4207724,22264,R9800BH,DT003,CAT 793,A-185-08-12,49.61,235.57,90.348897,90.348897,227.417686,31.972472,61.756532,0,363550.45,6591901.01,198.95,STRAIGHT,235.6,428,13/10/2025,06:29:20,06:36:28,2510.726189,R9800BH,225,42.0,6.0,35,227.417686,90.348897,43.339785,61.756532,31.972472,3729.129434,9117.997372
pattern_12,A1850812_200_CN_2,6207725,4207725,22264,R9800BH,DT070,HIT EH5000,A-185-08-12,53.98,237.17,96.33415,96.33415,235.5628,35.248051,62.111236,0,363555.13,6591901.49,198.58,RIGHT,237.2,392,13/10/2025,06:36:28,06:43:00,2354.931494,R9800BH,250,42.0,6.0,35,235.5628,96.33415,41.869364,62.111236,35.248051,3624.604768,9456.502812
pattern_12,A1850812_200_CN_2,6207726,4207726,22264,R9800BH,DT053,HIT EH5000,A-185-08-12,47.09,221.27,82.774365,82.774365,223.636022,39.285119,60.951616,0,363558.18,6591901.45,198.64,RIGHT,221.3,324,13/10/2025,06:43:00,06:48:24,2238.350701,R9800BH,250,42.0,6.0,35,223.636022,82.774365,40.624922,60.951616,39.285119,3561.954876,8913.088838
pattern_12,A1850812_200_CN_2,6207727,4207727,22264,R9800BH,DT075,HIT EH5000,A-185-08-12,49.59,222.07,95.157895,95.157895,234.121668,29.775895,64.143906,0,363554.03,6591901.68,198.92,RIGHT,222.1,340,13/10/2025,06:48:24,06:54:04,2251.652907,R9800BH,250,42.0,6.0,35,234.121668,95.157895,45.043972,64.143906,29.775895,3414.722643,8865.898501
pattern_12,A1850812_200_CN_2,6207728,4207728,22264,R9800BH,DT011,CAT 793,A-185-08-12,63.37,223.61,84.151438,84.151438,226.696896,35.480641,70.745043,0,363555.0,6591900.67,199.03,STRAIGHT,223.6,442,13/10/2025,06:54:04,07:01:26,2548.449193,R9800BH,225,42.0,6.0,35,226.696896,84.151438,36.319774,70.745043,35.480641,3551.055111,9036.971286
pattern_12,A1850812_200_CN_2,6207729,4207729,22264,R9800BH,DT014,CAT 793,A-185-08-12,65.06,222.94,86.711137,86.711137,222.393042,39.785936,54.640694,0,363555.2,6591901.45,199.61,RIGHT,222.9,323,13/10/2025,07:01:26,07:06:49,2614.125594,R9800BH,225,42.0,6.0,35,222.393042,86.711137,41.255275,54.640694,39.785936,3608.914591,9201.194786
pattern_12,A1850812_200_CN_3,6207730,4207730,22264,R9800BH,DT049,HIT EH5000,A-185-08-12,41.39,244.88,98.356944,98.356944,241.766272,33.459172,65.316331,0,363561.46,6591857.43,199.67,STRAIGHT,244.9,409,13/10/2025,07:06:49,07:13:38,2559.360929,R9800BH,250,42.0,6.0,35,241.766272,98.356944,44.633825,65.316331,33.459172,3646.337377,8909.634343
pattern_12,A1850812_200_CN_3,6207731,4207731,22264,R9800BH,DT090,HIT EH5000,A-185-08-12,59.52,233.25,92.230668,92.230668,227.722222,34.958855,63.331672,0,363561.06,6591853.95,199.54,LEFT,233.2,486,13/10/2025,07:13:38,07:21:44,2501.291006,R9800BH,250,42.0,6.0,35,227.722222,92.230668,37.201027,63.331672,34.958855,3687.349816,9270.623802
pattern_12,A1850812_200_CN_3,6207732,4207732,22264,R9800BH,DT062,HIT EH5000,A-185-08-12,62.95,243.57,82.243605,82.243605,217.308614,38.629029,62.05448,0,363560.54,6591856.53,198.62,RIGHT,243.6,322,13/10/2025,07:21:44,07:27:06,2635.97926,R9800BH,250,42.0,6.0,35,217.308614,82.243605,34.3815,62.05448,38.629029,4035.027399,10294.180491
pattern_12,A1850812_200_CN_3,6207733,4207733,22264,R9800BH,DT072,HIT EH5000,A-185-08-12,66.85,248.04,90.362601,90.362601,238.715341,44.025729,60.415996,0,363555.59,6591857.85,199.47,STRAIGHT,248.0,413,13/10/2025,07:27:06,07:33:59,2695.220271,R9800BH,250,42.0,6.0,35,238.715341,90.362601,43.911015,60.415996,44.025729,3740.600765,9589.482952
pattern_12,A1850812_200_CN_3,6207734,4207734,22264,R9800BH,DT074,HIT EH5000,A-185-08-12,44.5,226.65,92.067747,92.067747,232.325949,34.153691,66.166027,0,363560.75,6591857.81,198.91,STRAIGHT,226.7,405,13/10/2025,07:33:59,07:40:44,2223.255534,R9800BH,250,42.0,6.0,35,232.325949,92.067747,39.938484,66.166027,34.153691,3512.100952,8920.482898
pattern_12,A1850812_200_CN_3,6207735,4207735,22264,R9800BH,DT073,HIT EH5000,A-185-08-12,63.67,248.24,93.436458,93.436458,234.872238,39.824349,58.025688,0,363555.87,6591861.07,198.58,RIGHT,248.2,462,13/10/2025,07:40:44,07:48:26,2558.351389,R9800BH,250,42.0,6.0,35,234.872238,93.436458,43.585743,58.025688,39.824349,3804.909624,9890.874455
pattern_12,A1850812_200_CN_3,6207736,4207736,22264,R9800BH,DT039,CAT 793,A-185-08-12,57.58,240.04,90.185293,90.185293,237.032495,39.926013,66.062676,0,363560.29,6591856.23,198.8,STRAIGHT,240.0,451,13/10/2025,07:48:26,07:55:57,2585.82314,R9800BH,225,42.0,6.0,35,237.032495,90.185293,40.858513,66.062676,39.926013,3645.735726,9620.455265
pattern_12,A1850812_200_CN_3,6207737,4207737,22264,R9800BH,DT020,CAT 793,A-185-08-12,66.27,237.11,92.383819,92.383819,225.541352,30.276883,63.112648,0,363560.84,6591859.16,198.4,LEFT,237.1,393,13/10/2025,07:55:57,08:02:30,2358.511292,R9800BH,225,42.0,6.0,35,225.541352,92.383819,39.768003,63.112648,30.276883,3784.69731,9440.065967
pattern_12,A1850812_200_CN_3,6207738,4207738,22264,R9800BH,DT048,HIT EH5000,A-185-08-12,54.6,218.31,82.088705,82.088705,227.223099,40.765039,60.225677,0,363557.95,6591853.92,199.23,STRAIGHT,218.3,446,13/10/2025,08:02:30,08:09:56,2569.768868,R9800BH,250,42.0,6.0,35,227.223099,82.088705,44.143678,60.225677,40.765039,3458.790628,8072.295151
pattern_12,A1850812_200_CN_3,6207739,4207739,22264,R9800BH,DT043,CAT 793,A-185-08-12,66.46,208.26,70.899658,70.899658,206.549733,32.095994,57.851796,0,363561.93,6591856.86,198.46,LEFT,208.3,407,13/10/2025,08:09:56,08:16:43,2470.361773,R9800BH,225,42.0,6.0,35,206.549733,70.899658,45.702284,57.851796,32.095994,3629.880121,8916.685389
pattern_12,A1850812_200_CN_3,6207740,4207740,22264,R9800BH,DT002,CAT 793,A-185-08-12,36.92,205.27,102.512832,102.512832,250.964047,34.970959,71.414047,0,363561.28,6591864.99,199.81,RIGHT,205.3,395,13/10/2025,08:16:43,08:23:18,2189.164614,R9800BH,225,42.0,6.0,35,250.964047,102.512832,42.06621,71.414047,34.970959,2944.540665,6835.270605
pattern_12,A1850812_200_CN_3,6207741,4207741,22264,R9800BH,DT071,HIT EH5000,A-185-08-12,53.25,215.59,99.315497,99.315497,239.968745,36.878227,61.404483,0,363558.66,6591866.37,199.47,STRAIGHT,215.6,711,13/10/2025,08:23:18,08:35:09,2047.443838,R9800BH,250,42.0,6.0,35,239.968745,99.315497,42.370538,61.404483,36.878227,3234.286729,7809.117216
pattern_12,A1850812_200_CN_3,6207742,4207742,22264,R9800BH,DT086,HIT EH5000,A-185-08-12,58.28,222.26,105.275955,105.275955,239.402696,32.617455,59.484726,0,363561.82,6591865.73,199.56,STRAIGHT,222.3,452,13/10/2025,08:35:09,08:42:41,2388.179225,R9800BH,250,42.0,6.0,35,239.402696,105.275955,42.02456,59.484726,32.617455,3342.227478,7760.054199
pattern_12,A1850812_200_CN_3,6207743,4207743,22264,R9800BH,DT059,HIT EH5000,A-185-08-12,68.01,239.15,83.285848,83.285848,220.249032,29.784394,65.350132,0,363559.34,6591865.93,198.68,LEFT,239.1,353,13/10/2025,08:42:41,08:48:34,2677.576339,R9800BH,250,42.0,6.0,35,220.249032,83.285848,41.828659,65.350132,29.784394,3908.932267,9074.071512
pattern_12,A1850812_200_CN_3,6207744,4207744,22264,R9800BH,DT062,HIT EH5000,A-185-08-12,57.46,237.53,92.991552,92.991552,235.626428,42.061707,69.092796,0,363561.34,6591866.07,199.21,STRAIGHT,237.5,395,13/10/2025,08:48:34,08:55:09,2358.973645,R9800BH,250,42.0,6.0,35,235.626428,92.991552,31.480373,69.092796,42.061707,3629.135284,8231.156196
pattern_12,A1850812_200_CN_3,6207745,4207745,22264,R9800BH,DT075,HIT EH5000,A-185-08-12,48.9,249.54,88.438362,88.438362,211.261021,30.751039,57.032347,0,363559.69,6591867.55,199.78,RIGHT,249.5,364,13/10/2025,08:55:09,09:01:13,2705.085642,R9800BH,250,42.0,6.0,35,211.261021,88.438362,35.039274,57.032347,30.751039,4252.330044,9552.601657
pattern_12,A1850812_200_CN_3,6207746,4207746,22264,R9800BH,DT051,HIT EH5000,A-185-08-12,54.36,216.58,92.084756,92.084756,226.539292,33.367526,62.039604,0,363559.19,6591862.24,198.92,LEFT,216.6,351,13/10/2025,09:01:13,09:07:04,2238.90571,R9800BH,250,42.0,6.0,35,226.539292,92.084756,39.047407,62.039604,33.367526,3441.667316,7942.824404
pattern_12,A1850812_200_CN_3,6207747,4207747,22264,R9800BH,DT050,HIT EH5000,A-185-08-12,49.66,222.2,92.960869,92.960869,236.168738,37.604443,58.248042,0,363557.7,6591866.81,198.43,LEFT,222.2,671,13/10/2025,09:07:04,09:18:15,2312.425421,R9800BH,250,42.0,6.0,35,236.168738,92.960869,47.355384,58.248042,37.604443,3387.137994,7759.751529
pattern_12,A1850812_200_CN_3,6207748,4207748,22264,R9800BH,DT060,HIT EH5000,A-185-08-12,57.5,222.68,96.818885,96.818885,239.931283,34.50397,60.242771,0,363563.48,6591866.12,198.49,STRAIGHT,222.7,414,13/10/2025,09:18:15,09:25:09,2028.90294,R9800BH,250,42.0,6.0,35,239.931283,96.818885,48.365657,60.242771,34.50397,3341.124106,7495.863468
pattern_12,A1850812_200_CN_3,6207749,4207749,22264,R9800BH,DT045,CAT 793,A-185-08-12,52.05,226.82,104.950197,104.950197,254.546425,36.485941,69.064444,0,363561.43,6591865.17,198.89,LEFT,226.8,420,13/10/2025,09:25:09,09:32:09,2054.802368,R9800BH,225,42.0,6.0,35,254.546425,104.950197,44.045843,69.064444,36.485941,3207.895385,7205.855892
pattern_12,A1850812_200_CN_5,6207750,4207750,22264,R9800BH,DT057,HIT EH5000,A-185-08-12,47.39,191.56,114.628233,114.628233,252.38134,34.671391,61.950619,0,363561.64,6591870.91,199.36,STRAIGHT,191.6,320,13/10/2025,09:32:09,09:37:29,1765.464436,R9800BH,250,42.0,6.0,35,252.38134,114.628233,41.131097,61.950619,34.671391,2732.47766,5760.804724
pattern_12,A1850812_200_CN_5,6207751,4207751,22264,R9800BH,DT083,HIT EH5000,A-185-08-12,54.34,210.45,119.051334,119.051334,265.870704,36.06058,65.921432,0,363564.68,6591871.68,199.3,RIGHT,210.5,547,13/10/2025,09:37:29,09:46:36,1708.82976,R9800BH,250,42.0,6.0,35,265.870704,119.051334,44.837359,65.921432,36.06058,2849.64501,6124.376189
pattern_12,A1850812_200_CN_5,6207752,4207752,22264,R9800BH,DT060,HIT EH5000,A-185-08-12,44.26,227.47,123.843598,123.843598,261.583767,38.826402,62.501203,0,363555.16,6591871.53,199.29,STRAIGHT,227.5,512,13/10/2025,09:46:36,09:55:08,1963.642005,R9800BH,250,42.0,6.0,35,261.583767,123.843598,36.412564,62.501203,38.826402,3130.449679,6982.797601
pattern_12,A1850812_200_CN_5,6207753,4207753,22264,R9800BH,DT055,HIT EH5000,A-185-08-12,63.46,216.55,116.495374,116.495374,253.465772,36.464609,64.475703,0,363561.34,6591874.18,199.26,RIGHT,216.6,333,13/10/2025,09:55:08,10:00:41,2064.954512,R9800BH,250,42.0,6.0,35,253.465772,116.495374,36.030085,64.475703,36.464609,3075.717762,6452.291391
pattern_12,A1850812_200_CN_5,6207754,4207754,22264,R9800BH,DT062,HIT EH5000,A-185-08-12,61.79,231.81,122.137339,122.137339,264.992391,41.042982,61.055994,0,363558.96,6591873.25,199.42,RIGHT,231.8,477,13/10/2025,10:00:41,10:08:38,2120.950097,R9800BH,250,42.0,6.0,35,264.992391,122.137339,40.756076,61.055994,41.042982,3149.251915,6661.713585
pattern_12,A1850812_200_CN_5,6207755,4207755,22264,R9800BH,DT067,HIT EH5000,A-185-08-12,51.61,220.59,131.331249,131.331249,277.496411,33.675872,74.023913,0,363556.69,6591875.63,198.79,STRAIGHT,220.6,453,13/10/2025,10:08:38,10:16:11,1915.30944,R9800BH,250,42.0,6.0,35,277.496411,131.331249,38.465378,74.023913,33.675872,2861.68738,6531.371399
pattern_12,A1850812_200_CN_5,6207756,4207756,22264,R9800BH,DT018,CAT 793,A-185-08-12,47.44,223.23,115.051878,115.051878,262.384722,33.324404,70.642519,0,363560.85,6591875.31,198.55,STRAIGHT,223.2,456,13/10/2025,10:16:11,10:23:47,2002.339745,R9800BH,225,42.0,6.0,35,262.384722,115.051878,43.365921,70.642519,33.324404,3062.76156,6950.915105
pattern_12,A1850812_200_CN_5,6207757,4207757,22264,R9800BH,DT078,HIT EH5000,A-185-08-12,54.33,214.71,112.04499,112.04499,257.49347,33.813615,64.570776,0,363560.21,6591874.02,199.21,LEFT,214.7,399,13/10/2025,10:23:47,10:30:26,1680.675729,R9800BH,250,42.0,6.0,35,257.49347,112.04499,47.06409,64.570776,33.813615,3001.828144,6243.802539
pattern_12,A1850812_200_CN_5,6207758,4207758,22264,R9800BH,DT065,HIT EH5000,A-185-08-12,53.5,204.71,117.484547,117.484547,264.484519,39.574906,69.099679,0,363559.16,6591875.54,198.17,STRAIGHT,204.7,387,13/10/2025,10:30:26,10:36:53,1824.02347,R9800BH,250,42.0,6.0,35,264.484519,117.484547,38.325387,69.099679,39.574906,2786.453994,5852.171451
pattern_12,A1850812_200_CN_5,6207759,4207759,22264,R9800BH,DT049,HIT EH5000,A-185-08-12,57.28,197.94,110.153901,110.153901,265.789054,39.44625,70.122456,0,363559.96,6591874.09,198.47,RIGHT,197.9,515,13/10/2025,10:36:53,10:45:28,1656.968703,R9800BH,250,42.0,6.0,35,265.789054,110.153901,46.066448,70.122456,39.44625,2681.03621,5787.889322
pattern_12,A1850812_200_CN_5,6207760,4207760,22264,R9800BH,DT090,HIT EH5000,A-185-08-12,50.94,219.72,92.434862,92.434862,237.503519,36.699483,67.111354,0,363556.78,6591878.61,198.73,STRAIGHT,219.7,402,13/10/2025,10:45:28,10:52:10,2221.252953,R9800BH,250,42.0,6.0,35,237.503519,92.434862,41.25782,67.111354,36.699483,3330.375165,7887.579767
pattern_12,A1850812_200_CN_5,6207761,4207761,22264,R9800BH,DT066,HIT EH5000,A-185-08-12,58.41,226.49,108.883666,108.883666,260.583204,42.904379,69.041996,0,363562.11,6591883.68,198.4,RIGHT,226.5,428,13/10/2025,10:52:10,10:59:18,2086.667381,R9800BH,250,42.0,6.0,35,260.583204,108.883666,39.753162,69.041996,42.904379,3128.972,7443.835013
pattern_12,A1850812_200_CN_5,6207762,4207762,22264,R9800BH,DT062,HIT EH5000,A-185-08-12,73.42,221.02,98.690329,98.690329,240.496827,34.644396,62.885247,0,363557.81,6591883.74,198.69,STRAIGHT,221.0,401,13/10/2025,10:59:18,11:05:59,2055.760257,R9800BH,250,42.0,6.0,35,240.496827,98.690329,44.276855,62.885247,34.644396,3308.41666,7536.066635
pattern_12,A1850812_200_CN_5,6207763,4207763,22264,R9800BH,DT090,HIT EH5000,A-185-08-12,51.41,212.0,89.947043,89.947043,218.20871,30.632834,59.683724,0,363564.11,6591882.21,198.53,RIGHT,212.0,399,13/10/2025,11:05:59,11:12:38,2310.890212,R9800BH,250,42.0,6.0,35,218.20871,89.947043,37.94511,59.683724,30.632834,3497.582346,7752.133897
pattern_12,A1850812_200_CN_5,6207764,4207764,22264,R9800BH,DT053,HIT EH5000,A-185-08-12,48.84,212.85,100.179021,100.179021,244.067491,31.543809,68.878891,0,363561.46,6591884.07,198.61,RIGHT,212.9,407,13/10/2025,11:12:38,11:19:25,2169.479587,R9800BH,250,42.0,6.0,35,244.067491,100.179021,43.465771,68.878891,31.543809,3139.548205,7151.835823
pattern_12,A1850812_200_CN_5,6207765,4207765,22264,R9800BH,DT027,CAT 793,A-185-08-12,53.05,226.85,102.441951,102.441951,255.855353,35.842283,72.866013,0,363558.93,6591877.43,199.18,STRAIGHT,226.9,402,13/10/2025,11:19:25,11:26:07,1952.671959,R9800BH,225,42.0,6.0,35,255.855353,102.441951,44.705105,72.866013,35.842283,3191.934676,7449.227502
pattern_12,A1850812_200_CN_5,6207766,4207766,22264,R9800BH,DT023,CAT 793,A-185-08-12,72.12,237.58,107.73375,107.73375,254.770375,38.542347,60.217113,0,363559.43,6591882.86,198.56,LEFT,237.6,417,13/10/2025,11:26:07,11:33:04,2270.48861,R9800BH,225,42.0,6.0,35,254.770375,107.73375,48.277165,60.217113,38.542347,3357.089199,7301.09534
pattern_12,A1850812_200_CN_5,6207767,4207767,22264,R9800BH,DT050,HIT EH5000,A-185-08-12,45.44,219.63,104.155142,104.155142,259.995612,37.393256,67.090501,0,363558.91,6591882.53,199.65,LEFT,219.6,429,13/10/2025,11:33:04,11:40:13,2026.383287,R9800BH,250,42.0,6.0,35,259.995612,104.155142,51.356713,67.090501,37.393256,3041.135207,6941.473236
pattern_12,A1850812_200_CN_5,6207768,4207768,22264,R9800BH,DT049,HIT EH5000,A-185-08-12,44.99,225.93,109.76997,109.76997,241.905935,32.81186,59.088018,0,363560.17,6591881.76,198.95,LEFT,225.9,429,13/10/2025,11:40:13,11:47:22,2257.181174,R9800BH,250,42.0,6.0,35,241.905935,109.76997,40.236087,59.088018,32.81186,3362.19229,7712.736657
pattern_12,A1850812_200_CN_5,6207769,4207769,22264,R9800BH,DT071,HIT EH5000,A-185-08-12,60.05,244.49,111.97261,111.97261,255.142649,35.117787,61.991775,0,363561.96,6591882.15,198.65,STRAIGHT,244.5,494,13/10/2025,11:47:22,11:55:36,2380.796047,R9800BH,250,42.0,6.0,35,255.142649,111.97261,46.060478,61.991775,35.117787,3449.668407,8084.25007
pattern_12,A1850812_200_CN_1,6207770,4207770,22264,R9800BH,DT056,HIT EH5000,A-185-08-12,88.37,265.11,83.298693,83.298693,222.337376,34.690256,65.938932,0,363567.4,6591836.44,199.64,STRAIGHT,265.1,405,13/10/2025,11:55:36,12:02:21,2986.468119,R9800BH,250,42.0,6.0,35,222.337376,83.298693,38.409494,65.938932,34.690256,4292.529925,11819.264463
pattern_12,A1850812_200_CN_1,6207771,4207771,22264,R9800BH,DT049,HIT EH5000,A-185-08-12,54.41,251.08,79.138525,79.138525,205.836339,31.206541,56.202556,0,363566.94,6591839.49,199.8,STRAIGHT,251.1,340,13/10/2025,12:02:21,12:08:01,2958.935925,R9800BH,250,42.0,6.0,35,205.836339,79.138525,39.288718,56.202556,31.206541,4391.366306,11916.296862
pattern_12,A1850812_200_CN_1,6207772,4207772,22264,R9800BH,DT065,HIT EH5000,A-185-08-12,75.68,255.94,61.541422,61.541422,193.032878,35.749132,63.652567,0,363563.76,6591841.34,198.77,STRAIGHT,255.9,350,13/10/2025,12:08:01,12:13:51,3194.35567,R9800BH,250,42.0,6.0,35,193.032878,61.541422,32.089758,63.652567,35.749132,4773.257022,12137.987849
pattern_12,A1850812_200_CN_1,6207773,4207773,22264,R9800BH,DT068,HIT EH5000,A-185-08-12,62.09,243.48,84.398746,84.398746,217.803796,37.063654,61.858482,0,363568.42,6591837.59,199.4,STRAIGHT,243.5,452,13/10/2025,12:13:51,12:21:23,2765.123685,R9800BH,250,42.0,6.0,35,217.803796,84.398746,34.482914,61.858482,37.063654,4024.431746,10372.735555
pattern_12,A1850812_200_CN_1,6207774,4207774,22264,R9800BH,DT075,HIT EH5000,A-185-08-12,54.13,259.23,80.704049,80.704049,220.501366,48.51118,48.674553,0,363566.14,6591837.72,199.68,LEFT,259.2,351,13/10/2025,12:21:23,12:27:14,2909.801341,R9800BH,250,42.0,6.0,35,220.501366,80.704049,42.611584,48.674553,48.51118,4232.243417,11379.588087
pattern_12,A1850812_200_CN_1,6207775,4207775,22264,R9800BH,DT088,HIT EH5000,A-185-08-12,54.21,225.48,74.497168,74.497168,213.448962,34.996983,64.205,0,363563.82,6591834.82,199.55,RIGHT,225.5,353,13/10/2025,12:27:14,12:33:07,2392.531621,R9800BH,250,42.0,6.0,35,213.448962,74.497168,39.74981,64.205,34.996983,3802.84682,10032.020991
pattern_12,A1850812_200_CN_1,6207776,4207776,22264,R9800BH,DT076,HIT EH5000,A-185-08-12,73.22,219.66,77.182792,77.182792,215.669132,33.492881,63.361285,0,363564.71,6591836.5,199.35,RIGHT,219.7,352,13/10/2025,12:33:07,12:38:59,2506.336756,R9800BH,250,42.0,6.0,35,215.669132,77.182792,41.632174,63.361285,33.492881,3666.665913,9383.06135
pattern_12,A1850812_200_CN_1,6207777,4207777,22264,R9800BH,DT070,HIT EH5000,A-185-08-12,59.81,228.76,74.271374,74.271374,200.586112,30.79311,58.463104,0,363565.46,6591837.69,199.6,LEFT,228.8,390,13/10/2025,12:38:59,12:45:29,2617.501704,R9800BH,250,42.0,6.0,35,200.586112,74.271374,37.058523,58.463104,30.79311,4105.703587,10933.402394
pattern_12,A1850812_200_CN_1,6207778,4207778,22264,R9800BH,DT065,HIT EH5000,A-185-08-12,45.14,214.24,78.812458,78.812458,224.922518,39.924635,66.174363,0,363563.86,6591840.56,199.32,RIGHT,214.2,436,13/10/2025,12:45:29,12:52:45,2301.2435,R9800BH,250,42.0,6.0,35,224.922518,78.812458,40.011062,66.174363,39.924635,3429.028478,9067.538172
pattern_12,A1850812_200_CN_4,6207779,4207779,22264,R9800BH,DT034,CAT 793,A-185-08-12,63.7,237.04,107.877221,107.877221,269.316401,46.111323,70.393387,0,363561.57,6591892.22,198.87,STRAIGHT,237.0,440,13/10/2025,12:52:45,13:00:05,1915.673831,R9800BH,225,42.0,6.0,35,269.316401,107.877221,44.93447,70.393387,46.111323,3168.583497,7304.849002
pattern_12,A1850812_200_CN_4,6207780,4207780,22264,R9800BH,DT075,HIT EH5000,A-185-08-12,73.23,219.69,104.434977,104.434977,252.919256,45.011269,64.909486,0,363563.11,6591887.25,198.95,STRAIGHT,219.7,475,13/10/2025,13:00:05,13:08:00,1944.674482,R9800BH,250,42.0,6.0,35,252.919256,104.434977,38.563524,64.909486,45.011269,3127.037109,6979.039167
pattern_12,A1850812_200_CN_4,6207781,4207781,22264,R9800BH,DT014,CAT 793,A-185-08-12,33.9,203.38,110.255225,110.255225,244.474285,33.949301,60.623335,0,363562.41,6591889.95,199.14,RIGHT,203.4,442,13/10/2025,13:08:00,13:15:22,1888.943683,R9800BH,225,42.0,6.0,35,244.474285,110.255225,39.646423,60.623335,33.949301,2994.87668,6514.944667
pattern_12,A1850812_200_CN_4,6207782,4207782,22264,R9800BH,DT067,HIT EH5000,A-185-08-12,42.74,209.54,102.854112,102.854112,246.721711,32.246722,65.618204,0,363557.92,6591888.32,198.89,STRAIGHT,209.5,439,13/10/2025,13:15:22,13:22:41,1877.828008,R9800BH,250,42.0,6.0,35,246.721711,102.854112,46.002673,65.618204,32.246722,3057.464389,6797.289391
pattern_12,A1850812_200_CN_4,6207783,4207783,22264,R9800BH,DT026,CAT 793,A-185-08-12,47.39,226.08,103.852475,103.852475,246.801005,33.551983,64.057388,0,363561.6,6591892.92,198.67,RIGHT,226.1,471,13/10/2025,13:22:41,13:30:32,2108.353984,R9800BH,225,42.0,6.0,35,246.801005,103.852475,45.339158,64.057388,33.551983,3297.752876,7312.65802
pattern_12,A1850812_200_CN_4,6207784,4207784,22264,R9800BH,DT076,HIT EH5000,A-185-08-12,56.21,227.46,94.361844,94.361844,224.691464,37.880471,54.531525,0,363561.45,6591887.5,198.15,RIGHT,227.5,372,13/10/2025,13:30:32,13:36:44,2435.32263,R9800BH,250,42.0,6.0,35,224.691464,94.361844,37.917625,54.531525,37.880471,3644.393989,8541.616854
pattern_12,A1850812_200_CN_4,6207785,4207785,22264,R9800BH,DT032,CAT 793,A-185-08-12,76.85,237.52,110.282078,110.282078,250.464266,29.571491,69.505571,0,363561.23,6591887.42,198.28,LEFT,237.5,423,13/10/2025,13:36:44,13:43:47,2083.079588,R9800BH,225,42.0,6.0,35,250.464266,110.282078,41.105127,69.505571,29.571491,3414.010051,7509.398958
pattern_12,A1850812_200_CN_4,6207786,4207786,22264,R9800BH,DT049,HIT EH5000,A-185-08-12,51.49,237.61,119.203096,119.203096,256.116237,38.318887,56.648202,0,363563.86,6591884.48,198.64,STRAIGHT,237.6,371,13/10/2025,13:43:47,13:49:58,1961.62026,R9800BH,250,42.0,6.0,35,256.116237,119.203096,41.946052,56.648202,38.318887,3339.935686,7720.379943
pattern_12,A1850812_200_CN_4,6207787,4207787,22264,R9800BH,DT027,CAT 793,A-185-08-12,45.72,211.77,88.343903,88.343903,225.882579,33.279857,60.179525,0,363563.16,6591885.21,198.73,STRAIGHT,211.8,421,13/10/2025,13:49:58,13:56:59,2144.416696,R9800BH,225,42.0,6.0,35,225.882579,88.343903,44.079294,60.179525,33.279857,3375.001679,7420.372974
pattern_12,A1850812_200_CN_4,6207788,4207788,22264,R9800BH,DT081,HIT EH5000,A-185-08-12,61.83,233.5,102.674359,102.674359,229.284017,30.741627,55.248531,0,363560.39,6591890.89,199.3,RIGHT,233.5,387,13/10/2025,13:56:59,14:03:26,2460.314786,R9800BH,250,42.0,6.0,35,229.284017,102.674359,40.6195,55.248531,30.741627,3666.164504,8460.03873
pattern_12,A1850812_200_CN_2,6207789,4207789,22264,R9800BH,DT083,HIT EH5000,A-185-08-12,48.54,236.06,72.131232,72.131232,201.774434,31.366395,54.416285,0,363566.96,6591846.84,198.99,STRAIGHT,236.1,353,13/10/2025,14:03:26,14:09:19,2705.426092,R9800BH,250,42.0,6.0,35,201.774434,72.131232,43.860522,54.416285,31.366395,4211.62598,10686.712721
pattern_12,A1850812_200_CN_2,6207790,4207790,22264,R9800BH,DT051,HIT EH5000,A-185-08-12,66.41,225.91,73.8683,73.8683,206.656436,43.429262,51.248322,0,363567.23,6591843.49,198.12,LEFT,225.9,408,13/10/2025,14:09:19,14:16:07,2737.238193,R9800BH,250,42.0,6.0,35,206.656436,73.8683,38.110552,51.248322,43.429262,3935.457667,10455.3509
pattern_12,A1850812_200_CN_2,6207791,4207791,22264,R9800BH,DT047,HIT EH5000,A-185-08-12,51.87,235.24,72.346861,72.346861,197.888044,29.868368,57.132131,0,363566.8,6591845.83,198.39,RIGHT,235.2,339,13/10/2025,14:16:07,14:21:46,2878.818483,R9800BH,250,42.0,6.0,35,197.888044,72.346861,38.540684,57.132131,29.868368,4279.433448,11332.998119
pattern_12,A1850812_200_CN_2,6207792,4207792,22264,R9800BH,DT061,HIT EH5000,A-185-08-12,51.35,244.48,77.439378,77.439378,217.12785,34.344681,65.486379,0,363566.56,6591844.03,198.9,STRAIGHT,244.5,285,13/10/2025,14:21:46,14:26:31,2777.363212,R9800BH,250,42.0,6.0,35,217.12785,77.439378,39.857412,65.486379,34.344681,4053.497166,10820.816219
pattern_12,A1850812_200_CN_2,6207793,4207793,22264,R9800BH,DT060,HIT EH5000,A-185-08-12,58.58,247.03,76.868762,76.868762,213.752924,33.982127,64.649614,0,363564.77,6591844.01,198.91,STRAIGHT,247.0,285,13/10/2025,14:26:31,14:31:16,2923.856732,R9800BH,250,42.0,6.0,35,213.752924,76.868762,38.252421,64.649614,33.982127,4160.47835,10290.021157
pattern_12,A1850812_200_CN_2,6207794,4207794,22264,R9800BH,DT084,HIT EH5000,A-185-08-12,56.31,247.99,75.430422,75.430422,207.198431,34.12141,55.946049,0,363567.48,6591848.53,198.55,LEFT,248.0,321,13/10/2025,14:31:16,14:36:37,2930.452727,R9800BH,250,42.0,6.0,35,207.198431,75.430422,41.70055,55.946049,34.12141,4308.749585,11020.811675
pattern_12,A1850812_200_CN_2,6207795,4207795,22264,R9800BH,DT065,HIT EH5000,A-185-08-12,70.18,251.87,82.670049,82.670049,207.804065,33.065822,51.880305,0,363568.02,6591846.2,198.29,LEFT,251.9,333,13/10/2025,14:36:37,14:42:10,2959.6732,R9800BH,250,42.0,6.0,35,207.804065,82.670049,40.187888,51.880305,33.065822,4363.478446,11596.655956
pattern_12,A1850812_200_CN_2,6207796,4207796,22264,R9800BH,DT064,HIT EH5000,A-185-08-12,70.49,241.66,86.575089,86.575089,221.358181,41.788225,58.79808,0,363564.52,6591841.21,199.52,LEFT,241.7,376,13/10/2025,14:42:10,14:48:26,2649.591398,R9800BH,250,42.0,6.0,35,221.358181,86.575089,34.196787,58.79808,41.788225,3930.147539,10405.1731
pattern_12,A1850812_200_CN_2,6207797,4207797,22264,R9800BH,DT079,HIT EH5000,A-185-08-12,53.08,256.9,95.401401,95.401401,242.110187,42.924173,64.023784,0,363566.76,6591847.9,198.83,STRAIGHT,256.9,330,13/10/2025,14:48:26,14:53:56,2666.224211,R9800BH,250,42.0,6.0,35,242.110187,95.401401,39.760828,64.023784,42.924173,3819.869257,9905.512947
pattern_12,A1850812_200_CN_3,6207798,4207798,22264,R9800BH,DT037,CAT 793,A-185-08-12,54.91,207.49,85.934147,85.934147,232.142315,38.397618,66.5403,0,363561.22,6591895.85,198.51,RIGHT,207.5,407,13/10/2025,14:53:56,15:00:43,2251.975655,R9800BH,225,42.0,6.0,35,232.142315,85.934147,41.270249,66.5403,38.397618,3217.749329,7605.630879
pattern_12,A1850812_200_CN_3,6207799,4207799,22264,R9800BH,DT066,HIT EH5000,A-185-08-12,49.31,232.37,88.780475,88.780475,230.517427,36.640363,59.100861,0,363563.95,6591898.5,198.68,STRAIGHT,232.4,423,13/10/2025,15:00:43,15:07:46,2396.694729,R9800BH,250,42.0,6.0,35,230.517427,88.780475,45.995727,59.100861,36.640363,3628.975209,9317.525117
pattern_12,A1850812_200_CN_3,6207800,4207800,22264,R9800BH,DT020,CAT 793,A-185-08-12,62.28,237.41,89.337741,89.337741,225.336806,32.856518,63.230714,0,363564.07,6591899.14,199.04,STRAIGHT,237.4,384,13/10/2025,15:07:46,15:14:10,2547.040229,R9800BH,225,42.0,6.0,35,225.336806,89.337741,39.911833,63.230714,32.856518,3792.882384,9389.195566
pattern_12,A1850812_200_CN_3,6207801,4207801,22264,R9800BH,DT052,HIT EH5000,A-185-08-12,64.46,250.56,94.685488,94.685488,224.495961,37.887866,52.849726,0,363559.74,6591897.5,198.29,LEFT,250.6,342,13/10/2025,15:14:10,15:19:52,2640.966849,R9800BH,250,42.0,6.0,35,224.495961,94.685488,39.072881,52.849726,37.887866,4017.98109,10200.926681
pattern_12,A1850812_200_CN_3,6207802,4207802,22264,R9800BH,DT066,HIT EH5000,A-185-08-12,62.23,224.2,88.233299,88.233299,212.667155,30.723262,56.694233,0,363563.16,6591899.78,199.34,RIGHT,224.2,398,13/10/2025,15:19:52,15:26:30,2432.222916,R9800BH,250,42.0,6.0,35,212.667155,88.233299,37.016361,56.694233,30.723262,3795.227318,9446.032098
pattern_12,A1850812_200_CN_3,6207803,4207803,22264,R9800BH,DT088,HIT EH5000,A-185-08-12,77.24,231.73,79.775889,79.775889,233.771306,41.254876,65.644661,0,363557.38,6591895.2,199.55,STRAIGHT,231.7,435,13/10/2025,15:26:30,15:33:45,2401.301495,R9800BH,250,42.0,6.0,35,233.771306,79.775889,47.09588,65.644661,41.254876,3568.602349,8833.556299
pattern_12,A1850812_200_CN_3,6207804,4207804,22264,R9800BH,DT025,CAT 793,A-185-08-12,54.45,222.38,94.79411,94.79411,225.082414,32.794028,55.547873,0,363564.28,6591900.63,198.83,RIGHT,222.4,474,13/10/2025,15:33:45,15:41:39,2344.2779,R9800BH,225,42.0,6.0,35,225.082414,94.79411,41.946403,55.547873,32.794028,3556.6983,8599.356157
pattern_12,A1850812_200_CN_3,6207805,4207805,22264,R9800BH,DT063,HIT EH5000,A-185-08-12,50.45,212.99,78.219867,78.219867,221.186533,35.656343,67.73146,0,363561.16,6591902.29,198.83,LEFT,213.0,391,13/10/2025,15:41:39,15:48:10,2427.508854,R9800BH,250,42.0,6.0,35,221.186533,78.219867,39.578863,67.73146,35.656343,3466.637516,8604.774639
pattern_12,A1850812_200_CN_3,6207806,4207806,22264,R9800BH,DT075,HIT EH5000,A-185-08-12,42.0,204.63,81.401733,81.401733,213.635716,32.713747,56.730182,0,363563.02,6591897.63,198.6,STRAIGHT,204.6,295,13/10/2025,15:48:10,15:53:05,2353.415344,R9800BH,250,42.0,6.0,35,213.635716,81.401733,42.790054,56.730182,32.713747,3448.278561,8583.004076
pattern_12,A1850812_200_CN_3,6207807,4207807,22264,R9800BH,DT078,HIT EH5000,A-185-08-12,58.76,217.24,91.799551,91.799551,228.663085,38.124583,59.739299,0,363556.89,6591898.47,198.37,RIGHT,217.2,417,13/10/2025,15:53:05,16:00:02,2162.226271,R9800BH,250,42.0,6.0,35,228.663085,91.799551,38.999651,59.739299,38.124583,3420.101542,8513.671935
pattern_12,A1850812_200_CN_2,6207808,4207808,22264,R9800BH,DT048,HIT EH5000,A-185-08-12,40.73,233.61,96.419225,96.419225,242.030807,35.747395,60.859749,0,363566.12,6591851.9,198.26,RIGHT,233.6,382,13/10/2025,16:00:02,16:06:24,2522.647682,R9800BH,250,42.0,6.0,35,242.030807,96.419225,49.004439,60.859749,35.747395,3474.673992,8986.908021
pattern_12,A1850812_200_CN_2,6207809,4207809,22264,R9800BH,DT056,HIT EH5000,A-185-08-12,58.76,238.82,81.674411,81.674411,225.579643,35.579016,61.183626,0,363568.11,6591853.02,198.77,RIGHT,238.8,413,13/10/2025,16:06:24,16:13:17,2683.516086,R9800BH,250,42.0,6.0,35,225.579643,81.674411,47.142589,61.183626,35.579016,3811.346855,10228.20102
pattern_12,A1850812_200_CN_2,6207810,4207810,22264,R9800BH,DT021,CAT 793,A-185-08-12,55.05,233.53,93.535569,93.535569,229.266401,38.235586,58.803817,0,363562.44,6591856.17,199.49,RIGHT,233.5,334,13/10/2025,16:13:17,16:18:51,2508.101455,R9800BH,225,42.0,6.0,35,229.266401,93.535569,38.691428,58.803817,38.235586,3666.976119,9550.681262
pattern_12,A1850812_200_CN_2,6207811,4207811,22264,R9800BH,DT079,HIT EH5000,A-185-08-12,43.35,229.05,86.930954,86.930954,219.299122,33.369858,58.425112,0,363565.56,6591854.82,198.84,STRAIGHT,229.1,320,13/10/2025,16:18:51,16:24:11,2594.24563,R9800BH,250,42.0,6.0,35,219.299122,86.930954,40.573198,58.425112,33.369858,3760.093962,9556.791284
pattern_12,A1850812_200_CN_2,6207812,4207812,22264,R9800BH,DT067,HIT EH5000,A-185-08-12,56.58,236.88,84.330077,84.330077,218.860198,32.335517,61.705643,0,363564.88,6591852.19,199.39,LEFT,236.9,328,13/10/2025,16:24:11,16:29:39,2581.029195,R9800BH,250,42.0,6.0,35,218.860198,84.330077,40.488961,61.705643,32.335517,3896.350323,10181.604825
pattern_12,A1850812_200_CN_2,6207813,4207813,22264,R9800BH,DT066,HIT EH5000,A-185-08-12,55.65,223.99,87.660296,87.660296,228.113107,37.789561,65.048003,0,363568.16,6591853.82,199.02,LEFT,224.0,367,13/10/2025,16:29:39,16:35:46,2292.70392,R9800BH,250,42.0,6.0,35,228.113107,87.660296,37.615247,65.048003,37.789561,3535.002317,8583.428623
pattern_12,A1850812_200_CN_2,6207814,4207814,22264,R9800BH,DT054,HIT EH5000,A-185-08-12,51.1,240.43,78.08531,78.08531,218.582777,39.630594,59.546041,0,363567.8,6591857.17,198.79,STRAIGHT,240.4,387,13/10/2025,16:35:46,16:42:13,2554.015789,R9800BH,250,42.0,6.0,35,218.582777,78.08531,41.320833,59.546041,39.630594,3959.790699,10221.687315
pattern_12,A1850812_200_CN_2,6207815,4207815,22264,R9800BH,DT040,CAT 793,A-185-08-12,64.44,241.86,74.920233,74.920233,213.493577,39.447449,62.866362,0,363566.84,6591850.57,199.37,LEFT,241.9,414,13/10/2025,16:42:13,16:49:07,3013.338092,R9800BH,225,42.0,6.0,35,213.493577,74.920233,36.259533,62.866362,39.447449,4078.362069,10502.887529
pattern_12,A1850812_200_CN_2,6207816,4207816,22264,R9800BH,DT041,CAT 793,A-185-08-12,49.81,234.12,76.914312,76.914312,207.563535,27.8133,65.432564,0,363569.04,6591851.09,198.61,RIGHT,234.1,370,13/10/2025,16:49:07,16:55:17,2750.641615,R9800BH,225,42.0,6.0,35,207.563535,76.914312,37.403359,65.432564,27.8133,4060.582309,10206.839587
pattern_12,A1850812_200_CN_2,6207817,4207817,22264,R9800BH,DT065,HIT EH5000,A-185-08-12,74.84,245.59,76.075535,76.075535,215.928236,41.76904,60.294892,0,363562.95,6591907.5,198.15,LEFT,245.6,364,13/10/2025,16:55:17,17:01:21,2823.065087,R9800BH,250,42.0,6.0,35,215.928236,76.075535,37.788768,60.294892,41.76904,4094.578194,10347.181221
pattern_12,A1850812_200_CN_2,6207818,4207818,22264,R9800BH,DT088,HIT EH5000,A-185-08-12,64.04,235.91,71.847669,71.847669,209.387248,30.195582,65.372819,0,363561.59,6591906.67,199.63,STRAIGHT,235.9,369,13/10/2025,17:01:21,17:07:30,2807.71662,R9800BH,250,42.0,6.0,35,209.387248,71.847669,41.971179,65.372819,30.195582,4056.025928,10574.165906
pattern_12,A1850812_200_CN_2,6207819,4207819,22264,R9800BH,DT072,HIT EH5000,A-185-08-12,67.72,231.94,81.164648,81.164648,219.404593,34.998859,60.889346,0,363560.9,6591906.46,198.88,RIGHT,231.9,358,13/10/2025,17:07:30,17:13:28,2709.183979,R9800BH,250,42.0,6.0,35,219.404593,81.164648,42.351739,60.889346,34.998859,3805.61757,9944.180164
pattern_12,A1850812_200_CN_2,6207820,4207820,22264,R9800BH,DT055,HIT EH5000,A-185-08-12,54.04,227.5,73.369798,73.369798,216.091834,41.556332,57.823901,0,363561.08,6591904.94,198.73,RIGHT,227.5,308,13/10/2025,17:13:28,17:18:36,2522.730828,R9800BH,250,42.0,6.0,35,216.091834,73.369798,43.341804,57.823901,41.556332,3790.039587,9930.170394
pattern_12,A1850812_200_CN_2,6207821,4207821,22264,R9800BH,DT013,CAT 793,A-185-08-12,52.73,236.79,95.544138,95.544138,228.564585,34.035973,64.716193,0,363561.17,6591905.41,199.11,STRAIGHT,236.8,408,13/10/2025,17:18:36,17:25:24,2533.01006,R9800BH,225,42.0,6.0,35,228.564585,95.544138,34.268281,64.716193,34.035973,3729.515945,9806.321161
pattern_12,A1850812_200_CN_2,6207822,4207822,22264,R9800BH,DT078,HIT EH5000,A-185-08-12,70.39,221.93,101.046352,101.046352,227.041715,27.363137,57.351905,0,363559.01,6591904.79,199.4,LEFT,221.9,341,13/10/2025,17:25:24,17:31:05,2359.612503,R9800BH,250,42.0,6.0,35,227.041715,101.046352,41.280321,57.351905,27.363137,3518.884198,8906.160884
pattern_12,A1850812_200_CN_2,6207823,4207823,22264,R9800BH,DT073,HIT EH5000,A-185-08-12,46.45,239.54,85.047714,85.047714,230.510096,34.616656,69.873073,0,363560.54,6591904.62,198.95,STRAIGHT,239.5,378,13/10/2025,17:31:05,17:37:23,2681.520291,R9800BH,250,42.0,6.0,35,230.510096,85.047714,40.972653,69.873073,34.616656,3741.034937,9551.935527
pattern_12,A1850812_200_CN_2,6207824,4207824,22264,R9800BH,DT071,HIT EH5000,A-185-08-12,77.44,233.82,80.747913,80.747913,216.218308,33.605542,63.917524,0,363559.89,6591908.68,200.13,RIGHT,233.8,465,13/10/2025,17:37:23,17:45:08,2607.770449,R9800BH,250,42.0,6.0,35,216.218308,80.747913,37.94733,63.917524,33.605542,3893.003639,10525.289683
pattern_12,A1850812_200_CN_2,6207825,4207825,22264,R9800BH,DT076,HIT EH5000,A-185-08-12,54.55,260.03,84.305413,84.305413,210.655932,34.942879,53.08065,0,363562.06,6591908.24,198.79,RIGHT,260.0,390,13/10/2025,17:45:08,17:51:38,3069.946557,R9800BH,250,42.0,6.0,35,210.655932,84.305413,38.32699,53.08065,34.942879,4443.694209,11466.14147
pattern_12,A1850812_200_CN_3,6207826,4207826,22264,R9800BH,DT080,HIT EH5000,A-185-08-12,33.41,200.46,81.66338,81.66338,231.61327,33.749995,69.70067,0,363567.62,6591859.26,199.25,STRAIGHT,200.5,416,13/10/2025,17:51:38,17:58:34,1948.458362,R9800BH,250,42.0,6.0,35,231.61327,81.66338,46.499226,69.70067,33.749995,3115.720411,7427.260016
pattern_12,A1850812_200_CN_3,6207827,4207827,22264,R9800BH,DT068,HIT EH5000,A-185-08-12,73.27,223.35,97.217607,97.217607,242.614364,35.175811,69.712511,0,363566.52,6591862.22,199.35,RIGHT,223.4,390,13/10/2025,17:58:34,18:05:04,2254.780059,R9800BH,250,42.0,6.0,35,242.614364,97.217607,40.508434,69.712511,35.175811,3314.163632,8047.922953
pattern_12,A1850812_200_CN_3,6207828,4207828,22264,R9800BH,DT035,CAT 793,A-185-08-12,45.03,225.6,85.895142,85.895142,216.312786,29.384064,60.539511,0,363568.14,6591862.33,198.56,LEFT,225.6,334,13/10/2025,18:05:04,18:10:38,2298.770401,R9800BH,225,42.0,6.0,35,216.312786,85.895142,40.494069,60.539511,29.384064,3754.640201,9806.917603
pattern_12,A1850812_200_CN_3,6207829,4207829,22264,R9800BH,DT051,HIT EH5000,A-185-08-12,48.95,235.14,86.965545,86.965545,237.222462,28.589701,72.622242,0,363567.07,6591860.15,198.85,LEFT,235.1,442,13/10/2025,18:10:38,18:18:00,2326.418882,R9800BH,250,42.0,6.0,35,237.222462,86.965545,49.044974,72.622242,28.589701,3568.32697,8483.282485
pattern_12,A1850812_200_CN_3,6207830,4207830,22264,R9800BH,DT066,HIT EH5000,A-185-08-12,52.81,227.08,84.091838,84.091838,218.548566,38.557317,55.233655,0,363568.03,6591864.54,199.06,RIGHT,227.1,423,13/10/2025,18:18:00,18:25:03,2560.717558,R9800BH,250,42.0,6.0,35,218.548566,84.091838,40.665755,55.233655,38.557317,3740.508659,9609.197471
pattern_12,A1850812_200_CN_3,6207831,4207831,22264,R9800BH,DT006,CAT 793,A-185-08-12,71.66,214.97,95.328514,95.328514,238.093642,35.751359,61.843922,0,363569.01,6591863.09,199.78,STRAIGHT,215.0,462,13/10/2025,18:25:03,18:32:45,2179.482939,R9800BH,225,42.0,6.0,35,238.093642,95.328514,45.169846,61.843922,35.751359,3250.315742,7997.635171
pattern_12,A1850812_200_CN_3,6207832,4207832,22264,R9800BH,DT077,HIT EH5000,A-185-08-12,59.11,201.01,102.269461,102.269461,241.536288,37.338762,56.044367,0,363568.15,6591860.36,198.76,RIGHT,201.0,374,13/10/2025,18:32:45,18:38:59,2128.543735,R9800BH,250,42.0,6.0,35,241.536288,102.269461,45.883698,56.044367,37.338762,2996.00499,7206.113578
pattern_12,A1850812_200_CN_3,6207833,4207833,22264,R9800BH,DT048,HIT EH5000,A-185-08-12,53.84,198.58,89.350668,89.350668,214.050434,34.766404,54.346618,0,363566.23,6591861.9,199.25,RIGHT,198.6,366,13/10/2025,18:38:59,18:45:05,2150.860874,R9800BH,250,42.0,6.0,35,214.050434,89.350668,35.586743,54.346618,34.766404,3339.878551,8015.802293
pattern_12,A1850812_200_CN_3,6207834,4207834,22264,R9800BH,DT079,HIT EH5000,A-185-08-12,47.69,208.02,96.711334,96.711334,227.885796,38.38037,54.110049,0,363569.97,6591859.96,199.4,LEFT,208.0,307,13/10/2025,18:45:05,18:50:12,2184.335684,R9800BH,250,42.0,6.0,35,227.885796,96.711334,38.684044,54.110049,38.38037,3286.203764,7640.130345
pattern_12,A1850812_200_CN_4,6207835,4207835,22264,R9800BH,DT033,CAT 793,A-185-08-12,54.14,233.01,93.851938,93.851938,244.981906,40.803269,67.360542,0,363565.4,6591866.88,199.41,STRAIGHT,233.0,462,13/10/2025,18:50:12,18:57:54,2003.784225,R9800BH,225,42.0,6.0,35,244.981906,93.851938,42.966157,67.360542,40.803269,3424.139691,7956.761478
pattern_12,A1850812_200_CN_4,6207836,4207836,22264,R9800BH,DT062,HIT EH5000,A-185-08-12,64.74,217.84,99.571108,99.571108,251.50299,43.053378,68.15202,0,363564.51,6591868.47,199.52,LEFT,217.8,433,13/10/2025,18:57:54,19:05:07,2030.688267,R9800BH,250,42.0,6.0,35,251.50299,99.571108,40.726485,68.15202,43.053378,3118.215218,7084.830317
pattern_12,A1850812_200_CN_4,6207837,4207837,22264,R9800BH,DT058,HIT EH5000,A-185-08-12,51.53,237.78,109.589458,109.589458,248.628784,35.890773,64.88406,0,363564.93,6591866.84,199.14,RIGHT,237.8,410,13/10/2025,19:05:07,19:11:57,1943.06367,R9800BH,250,42.0,6.0,35,248.628784,109.589458,38.264493,64.88406,35.890773,3442.98535,7650.343231
pattern_12,A1850812_200_CN_4,6207838,4207838,22264,R9800BH,DT061,HIT EH5000,A-185-08-12,48.22,221.76,106.88768,106.88768,249.76254,39.396502,65.191846,0,363565.47,6591868.25,199.56,STRAIGHT,221.8,480,13/10/2025,19:11:57,19:19:57,2079.640265,R9800BH,250,42.0,6.0,35,249.76254,106.88768,38.286513,65.191846,39.396502,3196.356853,7372.489858
pattern_12,A1850812_200_CN_4,6207839,4207839,22264,R9800BH,DT034,CAT 793,A-185-08-12,58.46,224.02,101.731305,101.731305,254.616755,38.127281,70.488952,0,363566.19,6591872.12,199.47,RIGHT,224.0,467,13/10/2025,19:19:57,19:27:44,1991.116762,R9800BH,225,42.0,6.0,35,254.616755,101.731305,44.269217,70.488952,38.127281,3167.433113,7196.773045
pattern_12,A1850812_200_CN_4,6207840,4207840,22264,R9800BH,DT072,HIT EH5000,A-185-08-12,68.85,234.23,115.646642,115.646642,247.224523,33.517331,60.409423,0,363565.6,6591870.98,199.17,STRAIGHT,234.2,470,13/10/2025,19:27:44,19:35:34,2046.907837,R9800BH,250,42.0,6.0,35,247.224523,115.646642,37.651127,60.409423,33.517331,3410.750285,7949.070486
pattern_12,A1850812_200_CN_4,6207841,4207841,22264,R9800BH,DT044,CAT 793,A-185-08-12,48.87,230.73,101.109525,101.109525,240.065387,37.345235,61.293065,0,363564.32,6591869.97,198.56,RIGHT,230.7,412,13/10/2025,19:35:34,19:42:26,2461.458568,R9800BH,225,42.0,6.0,35,240.065387,101.109525,40.317561,61.293065,37.345235,3459.964531,7995.72376
pattern_12,A1850812_200_CN_4,6207842,4207842,22264,R9800BH,DT063,HIT EH5000,A-185-08-12,50.92,217.05,105.171941,105.171941,237.980292,38.248396,55.45914,0,363566.46,6591866.61,198.77,RIGHT,217.0,460,13/10/2025,19:42:26,19:50:06,1878.925428,R9800BH,250,42.0,6.0,35,237.980292,105.171941,39.100813,55.45914,38.248396,3283.315174,7568.435438
pattern_12,A1850812_200_CN_4,6207843,4207843,22264,R9800BH,DT063,HIT EH5000,A-185-08-12,51.34,212.3,115.523172,115.523172,258.965177,39.254245,66.069457,0,363564.91,6591870.25,199.64,LEFT,212.3,463,13/10/2025,19:50:06,19:57:49,1884.724895,R9800BH,250,42.0,6.0,35,258.965177,115.523172,38.118304,66.069457,39.254245,2951.334823,6785.658191
pattern_12,A1850812_200_CN_4,6207844,4207844,22264,R9800BH,DT035,CAT 793,A-185-08-12,44.27,204.53,116.742182,116.742182,238.987147,37.401709,54.512099,0,363567.35,6591867.67,198.88,RIGHT,204.5,379,13/10/2025,19:57:49,20:04:08,2078.346472,R9800BH,225,42.0,6.0,35,238.987147,116.742182,30.331157,54.512099,37.401709,3080.937333,7054.556666
pattern_12,A1850812_200_CN_5,6207845,4207845,22264,R9800BH,DT078,HIT EH5000,A-185-08-12,50.63,221.39,129.950223,129.950223,275.248051,40.181018,62.899477,0,363566.22,6591879.55,198.46,LEFT,221.4,483,13/10/2025,20:04:08,20:12:11,1928.969946,R9800BH,250,42.0,6.0,35,275.248051,129.950223,42.217332,62.899477,40.181018,2895.576187,6374.317303
pattern_12,A1850812_200_CN_5,6207846,4207846,22264,R9800BH,DT069,HIT EH5000,A-185-08-12,57.48,202.96,122.691254,122.691254,271.553437,36.899279,66.376434,0,363563.85,6591879.95,199.5,RIGHT,203.0,548,13/10/2025,20:12:11,20:21:19,1586.61309,R9800BH,250,42.0,6.0,35,271.553437,122.691254,45.586469,66.376434,36.899279,2690.60953,5596.467823
pattern_12,A1850812_200_CN_5,6207847,4207847,22264,R9800BH,DT086,HIT EH5000,A-185-08-12,54.25,217.23,144.517441,144.517441,284.282248,35.244582,56.407701,0,363570.28,6591874.97,199.23,RIGHT,217.2,472,13/10/2025,20:21:19,20:29:11,1643.171474,R9800BH,250,42.0,6.0,35,284.282248,144.517441,48.112523,56.407701,35.244582,2750.849934,5779.485932
pattern_12,A1850812_200_CN_5,6207848,4207848,22264,R9800BH,DT080,HIT EH5000,A-185-08-12,73.1,241.37,122.300866,122.300866,273.473288,40.723106,69.093733,0,363565.84,6591877.15,199.22,RIGHT,241.4,433,13/10/2025,20:29:11,20:36:24,1693.137776,R9800BH,250,42.0,6.0,35,273.473288,122.300866,41.355584,69.093733,40.723106,3177.387765,6670.728341
pattern_12,A1850812_200_CN_5,6207849,4207849,22264,R9800BH,DT009,CAT 793,A-185-08-12,68.91,213.32,113.505348,113.505348,257.078569,42.145147,64.777474,0,363570.11,6591876.11,199.76,RIGHT,213.3,482,13/10/2025,20:36:24,20:44:26,1691.318359,R9800BH,225,42.0,6.0,35,257.078569,113.505348,36.6506,64.777474,42.145147,2987.161173,6213.29524
pattern_12,A1850812_200_CN_5,6207850,4207850,22264,R9800BH,DT004,CAT 793,A-185-08-12,53.61,217.76,92.622858,92.622858,239.303416,36.287251,71.37237,0,363566.83,6591876.97,199.47,STRAIGHT,217.8,418,13/10/2025,20:44:26,20:51:24,2019.446275,R9800BH,225,42.0,6.0,35,239.303416,92.622858,39.020936,71.37237,36.287251,3275.895727,6813.863112
pattern_12,A1850812_200_CN_5,6207851,4207851,22264,R9800BH,DT028,CAT 793,A-185-08-12,41.06,201.12,126.926149,126.926149,262.07672,36.058823,65.301291,0,363568.53,6591879.24,198.58,RIGHT,201.1,457,13/10/2025,20:51:24,20:59:01,1788.437377,R9800BH,225,42.0,6.0,35,262.07672,126.926149,33.790456,65.301291,36.058823,2762.688231,6254.292282
pattern_12,A1850812_200_CN_5,6207852,4207852,22264,R9800BH,DT019,CAT 793,A-185-08-12,56.08,197.71,123.677701,123.677701,269.463559,37.845696,64.778008,0,363567.45,6591874.22,198.74,RIGHT,197.7,421,13/10/2025,20:59:01,21:06:02,1669.864494,R9800BH,225,42.0,6.0,35,269.463559,123.677701,43.162154,64.778008,37.845696,2641.343047,5750.895455
pattern_12,A1850812_200_CN_5,6207853,4207853,22264,R9800BH,DT060,HIT EH5000,A-185-08-12,55.3,181.23,123.139573,123.139573,275.016209,44.858826,68.472013,0,363565.89,6591876.13,199.36,STRAIGHT,181.2,438,13/10/2025,21:06:02,21:13:20,1371.605437,R9800BH,250,42.0,6.0,35,275.016209,123.139573,38.545796,68.472013,44.858826,2372.325446,4934.436927
pattern_12,A1850812_200_CN_5,6207854,4207854,22264,R9800BH,DT036,CAT 793,A-185-08-12,61.78,185.34,127.355813,127.355813,257.560709,34.754337,61.651633,0,363569.66,6591879.73,198.63,LEFT,185.3,455,13/10/2025,21:13:20,21:20:55,1620.118324,R9800BH,225,42.0,6.0,35,257.560709,127.355813,33.798925,61.651633,34.754337,2590.581287,5460.144183
pattern_12,A1850812_200_CN_5,6207855,4207855,22264,R9800BH,DT082,HIT EH5000,A-185-08-12,43.11,175.15,108.395242,108.395242,254.394936,34.443845,66.389292,0,363565.23,6591878.98,199.14,RIGHT,175.2,446,13/10/2025,21:20:55,21:28:21,1537.84187,R9800BH,250,42.0,6.0,35,254.394936,108.395242,45.166557,66.389292,34.443845,2478.593789,5401.565929
pattern_12,A1850812_200_CN_5,6207856,4207856,22264,R9800BH,DT060,HIT EH5000,A-185-08-12,38.84,218.36,100.415584,100.415584,236.033967,40.017989,60.946069,0,363565.97,6591887.5,199.61,STRAIGHT,218.4,423,13/10/2025,21:28:21,21:35:24,2180.844827,R9800BH,250,42.0,6.0,35,236.033967,100.415584,34.654326,60.946069,40.017989,3330.359888,7098.979672
pattern_12,A1850812_200_CN_5,6207857,4207857,22264,R9800BH,DT084,HIT EH5000,A-185-08-12,65.35,206.74,122.694535,122.694535,271.03806,36.901565,66.783793,0,363568.69,6591885.5,198.8,LEFT,206.7,396,13/10/2025,21:35:24,21:42:00,1730.152198,R9800BH,250,42.0,6.0,35,271.03806,122.694535,44.658167,66.783793,36.901565,2746.03171,5732.206288
pattern_12,A1850812_200_CN_5,6207858,4207858,22264,R9800BH,DT055,HIT EH5000,A-185-08-12,51.25,199.76,135.48535,135.48535,277.900363,35.688251,62.308481,0,363568.58,6591884.08,198.41,RIGHT,199.8,490,13/10/2025,21:42:00,21:50:10,1499.188039,R9800BH,250,42.0,6.0,35,277.900363,135.48535,44.41828,62.308481,35.688251,2587.774009,5520.424737
pattern_12,A1850812_200_CN_5,6207859,4207859,22264,R9800BH,DT052,HIT EH5000,A-185-08-12,59.57,232.3,118.007264,118.007264,258.715041,35.21206,63.305186,0,363566.85,6591885.38,198.26,STRAIGHT,232.3,452,13/10/2025,21:50:10,21:57:42,2012.592684,R9800BH,250,42.0,6.0,35,258.715041,118.007264,42.190531,63.305186,35.21206,3232.404095,6819.018344
pattern_12,A1850812_200_CN_5,6207860,4207860,22264,R9800BH,DT085,HIT EH5000,A-185-08-12,53.03,225.79,118.118696,118.118696,259.383909,36.238281,57.305396,0,363566.46,6591887.98,199.7,LEFT,225.8,456,13/10/2025,21:57:42,22:05:18,1937.409956,R9800BH,250,42.0,6.0,35,259.383909,118.118696,47.721536,57.305396,36.238281,3133.791667,6807.50333
pattern_12,A1850812_200_CN_5,6207861,4207861,22264,R9800BH,DT003,CAT 793,A-185-08-12,53.66,221.63,120.26882,120.26882,256.818977,34.328593,67.289624,0,363567.78,6591883.12,199.05,LEFT,221.6,497,13/10/2025,22:05:18,22:13:35,1993.88852,R9800BH,225,42.0,6.0,35,256.818977,120.26882,34.931939,67.289624,34.328593,3106.686563,6844.983851
pattern_12,A1850812_200_CN_5,6207862,4207862,22264,R9800BH,DT087,HIT EH5000,A-185-08-12,49.28,200.56,115.588031,115.588031,257.64971,35.178154,66.424053,0,363568.35,6591884.56,199.27,RIGHT,200.6,423,13/10/2025,22:13:35,22:20:38,1819.564642,R9800BH,250,42.0,6.0,35,257.64971,115.588031,40.459472,66.424053,35.178154,2802.345938,5975.768072
pattern_12,A1850812_200_CN_5,6207863,4207863,22264,R9800BH,DT019,CAT 793,A-185-08-12,53.13,194.83,91.183787,91.183787,227.944465,31.209581,59.429592,0,363565.29,6591886.45,198.67,LEFT,194.8,457,13/10/2025,22:20:38,22:28:15,2177.408786,R9800BH,225,42.0,6.0,35,227.944465,91.183787,46.121504,59.429592,31.209581,3076.951868,6609.779829
pattern_12,A1850812_200_CN_5,6207864,4207864,22264,R9800BH,DT083,HIT EH5000,A-185-08-12,48.96,194.66,98.282094,98.282094,228.416941,37.562357,48.875672,0,363569.62,6591886.61,198.39,RIGHT,194.7,386,13/10/2025,22:28:15,22:34:41,1840.44774,R9800BH,250,42.0,6.0,35,228.416941,98.282094,43.696818,48.875672,37.562357,3068.009414,6824.378292
pattern_12,A1850812_200_CN_5,6207865,4207865,22264,R9800BH,DT046,CAT 793,A-185-08-12,42.57,193.56,109.440449,109.440449,251.671613,29.091482,71.48576,0,363565.64,6591881.01,198.78,LEFT,193.6,491,13/10/2025,22:34:41,22:42:52,1574.602601,R9800BH,225,42.0,6.0,35,251.671613,109.440449,41.653922,71.48576,29.091482,2768.781067,6052.14531
pattern_12,A1850812_200_CN_5,6207866,4207866,22264,R9800BH,DT085,HIT EH5000,A-185-08-12,42.41,200.52,101.903316,101.903316,250.962493,33.276247,69.993905,0,363567.87,6591886.41,198.7,STRAIGHT,200.5,446,13/10/2025,22:42:52,22:50:18,1895.078871,R9800BH,250,42.0,6.0,35,250.962493,101.903316,45.789026,69.993905,33.276247,2876.361398,5999.042573
pattern_12,A1850812_200_CN_4,6207867,4207867,22264,R9800BH,DT059,HIT EH5000,A-185-08-12,50.81,213.93,114.838252,114.838252,261.214391,37.866378,64.524979,0,363563.79,6591892.49,198.54,RIGHT,213.9,507,13/10/2025,22:50:18,22:58:45,2095.213232,R9800BH,250,42.0,6.0,35,261.214391,114.838252,43.984782,64.524979,37.866378,2948.382089,6828.328254
pattern_12,A1850812_200_CN_4,6207868,4207868,22264,R9800BH,DT087,HIT EH5000,A-185-08-12,63.61,228.31,90.74149,90.74149,229.373423,41.338307,57.841461,0,363567.92,6591895.91,199.34,STRAIGHT,228.3,417,13/10/2025,22:58:45,23:05:42,2512.65363,R9800BH,250,42.0,6.0,35,229.373423,90.74149,39.452165,57.841461,41.338307,3583.321781,8181.98782
pattern_12,A1850812_200_CN_4,6207869,4207869,22264,R9800BH,DT085,HIT EH5000,A-185-08-12,49.3,218.63,106.101564,106.101564,257.644931,39.32897,67.304217,0,363569.38,6591893.2,198.4,RIGHT,218.6,387,13/10/2025,23:05:42,23:12:09,2144.801717,R9800BH,250,42.0,6.0,35,257.644931,106.101564,44.910179,67.304217,39.32897,3054.823015,7118.976591
pattern_12,A1850812_200_CN_4,6207870,4207870,22264,R9800BH,DT075,HIT EH5000,A-185-08-12,53.01,241.14,107.194935,107.194935,251.696028,38.4633,61.627491,0,363564.23,6591894.58,199.6,RIGHT,241.1,828,13/10/2025,23:12:09,23:25:57,2364.600396,R9800BH,250,42.0,6.0,35,251.696028,107.194935,44.410303,61.627491,38.4633,3449.058412,7752.659665
pattern_12,A1850812_200_CN_4,6207871,4207871,22264,R9800BH,DT040,CAT 793,A-185-08-12,66.1,222.05,96.018688,96.018688,236.411645,34.492343,66.824264,0,363568.06,6591894.56,198.91,LEFT,222.1,470,13/10/2025,23:25:57,23:33:47,2448.383022,R9800BH,225,42.0,6.0,35,236.411645,96.018688,39.07635,66.824264,34.492343,3381.339522,8282.940864
pattern_12,A1850812_200_CN_4,6207872,4207872,22264,R9800BH,DT078,HIT EH5000,A-185-08-12,54.94,202.59,96.198767,96.198767,227.266908,34.695495,57.688911,0,363569.85,6591895.22,199.42,LEFT,202.6,438,13/10/2025,23:33:47,23:41:05,2117.834694,R9800BH,250,42.0,6.0,35,227.266908,96.198767,38.683734,57.688911,34.695495,3209.08156,7327.300258
pattern_12,A1850812_200_CN_4,6207873,4207873,22264,R9800BH,DT033,CAT 793,A-185-08-12,46.42,227.71,93.127424,93.127424,234.788548,33.751901,68.653064,0,363568.48,6591893.66,199.14,RIGHT,227.7,432,13/10/2025,23:41:05,23:48:17,2326.205893,R9800BH,225,42.0,6.0,35,234.788548,93.127424,39.256159,68.653064,33.751901,3491.468676,8626.426916
pattern_12,A1850812_200_CN_4,6207874,4207874,22264,R9800BH,DT023,CAT 793,A-185-08-12,54.41,221.4,95.948404,95.948404,228.747984,38.945628,48.886864,0,363566.79,6591892.77,198.68,RIGHT,221.4,492,13/10/2025,23:48:17,23:56:29,2270.529982,R9800BH,225,42.0,6.0,35,228.747984,95.948404,44.967087,48.886864,38.945628,3484.406576,8256.447781
pattern_12,A1850812_200_CN_4,6207875,4207875,22264,R9800BH,DT078,HIT EH5000,A-185-08-12,55.86,235.36,99.019883,99.019883,254.122414,38.98695,70.079286,0,363565.45,6591895.25,200.07,STRAIGHT,235.4,404,13/10/2025,23:56:29,00:03:13,1994.638524,R9800BH,250,42.0,6.0,35,254.122414,99.019883,46.036295,70.079286,38.98695,3334.167953,7643.942533
pattern_12,A1850812_200_CN_4,6207876,4207876,22264,R9800BH,DT085,HIT EH5000,A-185-08-12,56.93,226.09,101.494988,101.494988,241.277852,35.028869,59.202399,0,363566.13,6591893.06,198.99,RIGHT,226.1,489,14/10/2025,00:03:13,00:11:22,2413.546761,R9800BH,250,42.0,6.0,35,241.277852,101.494988,45.551596,59.202399,35.028869,3373.361314,8037.863762
pattern_12,A1850812_200_CN_2,6207877,4207877,22264,R9800BH,DT066,HIT EH5000,A-185-08-12,61.11,236.56,96.762471,96.762471,222.829944,36.318429,53.145554,0,363564.56,6591901.96,199.79,RIGHT,236.6,388,14/10/2025,00:11:22,00:17:50,2541.025084,R9800BH,250,42.0,6.0,35,222.829944,96.762471,36.60349,53.145554,36.318429,3821.804958,9563.586421
pattern_12,A1850812_200_CN_2,6207878,4207878,22264,R9800BH,DT068,HIT EH5000,A-185-08-12,56.46,237.64,72.174922,72.174922,208.246965,34.67613,59.452755,0,363567.68,6591902.55,199.0,STRAIGHT,237.6,469,14/10/2025,00:17:50,00:25:39,2766.873233,R9800BH,250,42.0,6.0,35,208.246965,72.174922,41.943157,59.452755,34.67613,4108.155087,10575.215537
pattern_12,A1850812_200_CN_2,6207879,4207879,22264,R9800BH,DT081,HIT EH5000,A-185-08-12,53.68,223.75,90.418523,90.418523,232.916726,37.485284,61.573669,0,363570.53,6591902.24,199.32,STRAIGHT,223.7,406,14/10/2025,00:25:39,00:32:25,2403.64636,R9800BH,250,42.0,6.0,35,232.916726,90.418523,43.43925,61.573669,37.485284,3458.309359,8634.685305
pattern_12,A1850812_200_CN_2,6207880,4207880,22264,R9800BH,DT054,HIT EH5000,A-185-08-12,56.56,240.64,92.855829,92.855829,230.402121,36.352262,60.597805,0,363568.49,6591906.23,198.55,LEFT,240.6,375,14/10/2025,00:32:25,00:38:40,2340.883876,R9800BH,250,42.0,6.0,35,230.402121,92.855829,40.596225,60.597805,36.352262,3760.014437,9254.779912
pattern_12,A1850812_200_CN_2,6207881,4207881,22264,R9800BH,DT057,HIT EH5000,A-185-08-12,75.88,248.47,80.335352,80.335352,216.040255,36.872081,57.076381,0,363570.01,6591903.43,198.73,LEFT,248.5,369,14/10/2025,00:38:40,00:44:49,2706.082075,R9800BH,250,42.0,6.0,35,216.040255,80.335352,41.756441,57.076381,36.872081,4140.400866,10208.839561
pattern_12,A1850812_200_CN_2,6207882,4207882,22264,R9800BH,DT054,HIT EH5000,A-185-08-12,49.71,243.3,88.581604,88.581604,248.639351,43.308338,67.696227,0,363569.83,6591898.69,198.79,LEFT,243.3,398,14/10/2025,00:44:49,00:51:27,2339.64705,R9800BH,250,42.0,6.0,35,248.639351,88.581604,49.053182,67.696227,43.308338,3522.757697,8404.331994
pattern_12,A1850812_200_CN_2,6207883,4207883,22264,R9800BH,DT020,CAT 793,A-185-08-12,64.88,234.09,90.557604,90.557604,235.376376,41.210815,62.547044,0,363566.61,6591906.24,199.11,LEFT,234.1,414,14/10/2025,00:51:27,00:58:21,2564.042574,R9800BH,225,42.0,6.0,35,235.376376,90.557604,41.060913,62.547044,41.210815,3580.355197,9063.533954
pattern_12,A1850812_200_CN_2,6207884,4207884,22264,R9800BH,DT002,CAT 793,A-185-08-12,73.02,219.07,79.952273,79.952273,226.335717,39.554113,68.072008,0,363564.42,6591901.05,198.8,LEFT,219.1,345,14/10/2025,00:58:21,01:04:06,2448.11633,R9800BH,225,42.0,6.0,35,226.335717,79.952273,38.757323,68.072008,39.554113,3484.374741,8631.833938
pattern_12,A1850812_200_CN_2,6207885,4207885,22264,R9800BH,DT073,HIT EH5000,A-185-08-12,48.67,222.93,93.418917,93.418917,237.736244,40.341823,63.727665,0,363565.47,6591905.3,197.97,RIGHT,222.9,467,14/10/2025,01:04:06,01:11:53,2363.58528,R9800BH,250,42.0,6.0,35,237.736244,93.418917,40.24784,63.727665,40.341823,3375.809749,8418.115859
