pattern_id,block_name,haul_cycle_rec_ident,load_rec_ident,loading_unit_ident,load_desc,hauling_unit_ident,haul_desc,DrillPattern,bucket_tonnes,actual_tonnes,digging_time,dig_duration,total_time,spotting_time,loading_time,other_time,bucket_easting,bucket_northing,bucket_elevation,turnout,report_tonnes,calc_duration,date,start_time,end_time,tph,loader_type,truck_payload_t,bucket_nominal_t,passes,base_cycle_s,calc_total_time_s,digging_time_s,swing_time_s,loading_time_s,spotting_time_s,tph_recalc,digability
pattern_9,A1850809_200_ES_1,6204000,4204000,EX004,EX5600FS,DT036,CAT 793,A-185-08-09,46.33,190.86,92.70855,92.70855,260.724963,42.35166,81.181556,0,363692.47,6591774.03,199.42,LEFT,190.9,443,21/10/2025,08:46:23,08:53:46,2032.565398,EX5600,225,29.0,8.0,34,260.724963,92.70855,44.483197,81.181556,42.35166,2635.287684,7143.413491
pattern_9,A1850809_200_ES_1,6204001,4204001,EX004,EX5600FS,DT084,HIT EH5000,A-185-08-09,48.9,187.84,85.175592,85.175592,241.980413,37.831705,65.438458,0,363693.93,6591771.74,199.33,RIGHT,187.8,436,21/10/2025,08:53:46,09:01:02,2193.115508,EX5600,250,29.0,8.0,34,241.980413,85.175592,53.534657,65.438458,37.831705,2794.577707,7102.840616
pattern_9,A1850809_200_ES_1,6204002,4204002,EX004,EX5600FS,DT055,HIT EH5000,A-185-08-09,42.95,189.33,93.85452,93.85452,255.414192,35.194846,82.121393,0,363693.5,6591775.65,198.94,RIGHT,189.3,392,21/10/2025,09:01:02,09:07:34,2105.465049,EX5600,250,29.0,8.0,34,255.414192,93.85452,44.243432,82.121393,35.194846,2668.620263,7297.992543
pattern_9,A1850809_200_ES_1,6204003,4204003,EX004,EX5600FS,DT059,HIT EH5000,A-185-08-09,38.7,179.87,89.057929,89.057929,243.456178,30.848611,65.821428,0,363694.28,6591772.21,199.35,LEFT,179.9,431,21/10/2025,09:07:34,09:14:45,2011.380925,EX5600,250,29.0,8.0,34,243.456178,89.057929,57.72821,65.821428,30.848611,2659.791954,7070.566971
pattern_9,A1850809_200_ES_1,6204004,4204004,EX004,EX5600FS,DT037,CAT 793,A-185-08-09,41.78,176.75,96.391483,96.391483,257.762581,38.752204,66.596479,0,363692.25,6591776.31,199.06,LEFT,176.7,356,21/10/2025,09:14:45,09:20:41,1929.686965,EX5600,225,29.0,8.0,34,257.762581,96.391483,56.022415,66.596479,38.752204,2468.485959,6486.428363
pattern_9,A1850809_200_ES_1,6204005,4204005,EX004,EX5600FS,DT024,CAT 793,A-185-08-09,37.71,167.27,89.313425,89.313425,268.360953,50.376236,71.358562,0,363694.81,6591779.32,199.89,STRAIGHT,167.3,453,21/10/2025,09:20:41,09:28:14,1936.63405,EX5600,225,29.0,8.0,34,268.360953,89.313425,57.31273,71.358562,50.376236,2243.903535,6145.245029
pattern_9,A1850809_200_ES_1,6204006,4204006,EX004,EX5600FS,DT043,CAT 793,A-185-08-09,44.85,187.03,77.761125,77.761125,230.27361,33.785675,68.814632,0,363696.63,6591778.26,198.45,LEFT,187.0,415,21/10/2025,09:28:14,09:35:09,2272.070259,EX5600,225,29.0,8.0,34,230.27361,77.761125,49.912178,68.814632,33.785675,2923.975266,7895.472565
pattern_9,A1850809_200_ES_1,6204007,4204007,EX004,EX5600FS,DT009,CAT 793,A-185-08-09,65.4,204.36,85.775982,85.775982,248.564695,44.071891,62.196376,0,363694.4,6591778.92,198.67,STRAIGHT,204.4,425,21/10/2025,09:35:09,09:42:14,2433.430642,EX5600,225,29.0,8.0,34,248.564695,85.775982,56.520446,62.196376,44.071891,2959.77633,8156.172979
pattern_9,A1850809_200_ES_1,6204008,4204008,EX004,EX5600FS,DT015,CAT 793,A-185-08-09,62.43,203.7,94.103167,94.103167,230.038402,33.477342,59.971105,0,363691.6,6591775.55,199.28,STRAIGHT,203.7,352,21/10/2025,09:42:14,09:48:06,2524.066065,EX5600,225,29.0,8.0,34,230.038402,94.103167,42.486787,59.971105,33.477342,3187.888763,8743.772314
pattern_9,A1850809_200_ES_1,6204009,4204009,EX004,EX5600FS,DT028,CAT 793,A-185-08-09,44.08,202.44,87.945949,87.945949,257.85205,38.940608,75.897107,0,363691.81,6591771.33,198.63,STRAIGHT,202.4,387,21/10/2025,09:48:06,09:54:33,2222.926235,EX5600,225,29.0,8.0,34,257.85205,87.945949,55.068386,75.897107,38.940608,2826.387892,7659.645157
pattern_9,A1850809_200_ES_1,6204010,4204010,EX004,EX5600FS,DT031,CAT 793,A-185-08-09,62.5,192.3,86.409355,86.409355,243.315004,32.142996,67.557144,0,363693.21,6591774.7,198.46,RIGHT,192.3,386,21/10/2025,09:54:33,10:00:59,2352.098143,EX5600,225,29.0,8.0,34,243.315004,86.409355,57.20551,67.557144,32.142996,2845.254074,8023.61649
pattern_9,A1850809_200_ES_1,6204011,4204011,EX004,EX5600FS,DT070,HIT EH5000,A-185-08-09,43.62,205.7,92.253065,92.253065,271.350332,37.538902,80.703218,0,363694.69,6591772.6,198.7,STRAIGHT,205.7,447,21/10/2025,10:00:59,10:08:26,2092.81879,EX5600,250,29.0,8.0,34,271.350332,92.253065,60.855147,80.703218,37.538902,2729.00629,7486.096379
pattern_9,A1850809_200_ES_2,6204012,4204012,EX004,EX5600FS,DT074,HIT EH5000,A-185-08-09,58.44,213.18,97.798757,97.798757,261.800734,38.363878,74.117209,0,363692.31,6591765.67,199.53,LEFT,213.2,500,21/10/2025,10:08:26,10:16:46,2171.243106,EX5600,250,29.0,8.0,34,261.800734,97.798757,51.520889,74.117209,38.363878,2931.442973,7694.786525
pattern_9,A1850809_200_ES_2,6204013,4204013,EX004,EX5600FS,DT060,HIT EH5000,A-185-08-09,65.09,211.62,86.342565,86.342565,248.160744,36.687498,73.824545,0,363693.12,6591766.11,199.31,LEFT,211.6,354,21/10/2025,10:16:46,10:22:40,2339.73635,EX5600,250,29.0,8.0,34,248.160744,86.342565,51.306136,73.824545,36.687498,3069.916824,8217.438338
pattern_9,A1850809_200_ES_2,6204014,4204014,EX004,EX5600FS,DT003,CAT 793,A-185-08-09,71.64,214.93,114.531723,114.531723,284.254624,45.60745,73.686726,0,363696.02,6591765.95,198.8,RIGHT,214.9,487,21/10/2025,10:22:40,10:30:47,2201.811421,EX5600,225,29.0,8.0,34,284.254624,114.531723,50.428726,73.686726,45.60745,2722.003559,7538.674492
pattern_9,A1850809_200_ES_2,6204015,4204015,EX004,EX5600FS,DT019,CAT 793,A-185-08-09,45.9,206.92,95.517712,95.517712,258.510741,39.766507,75.875506,0,363692.93,6591765.92,198.38,RIGHT,206.9,410,21/10/2025,10:30:47,10:37:37,2068.886678,EX5600,225,29.0,8.0,34,258.510741,95.517712,47.351016,75.875506,39.766507,2881.492488,7600.604445
pattern_9,A1850809_200_ES_2,6204016,4204016,EX004,EX5600FS,DT013,CAT 793,A-185-08-09,46.33,221.44,99.274566,99.274566,257.999807,40.154146,71.26887,0,363696.38,6591767.72,199.32,RIGHT,221.4,422,21/10/2025,10:37:37,10:44:39,2215.83186,EX5600,225,29.0,8.0,34,257.999807,99.274566,47.302226,71.26887,40.154146,3089.902783,8313.133668
pattern_9,A1850809_200_ES_2,6204017,4204017,EX004,EX5600FS,DT006,CAT 793,A-185-08-09,57.0,205.47,106.311829,106.311829,280.802829,42.458776,73.090754,0,363694.6,6591771.42,199.32,RIGHT,205.5,452,21/10/2025,10:44:39,10:52:11,2046.813894,EX5600,225,29.0,8.0,34,280.802829,106.311829,58.94147,73.090754,42.458776,2634.186679,6707.130501
pattern_9,A1850809_200_ES_2,6204018,4204018,EX004,EX5600FS,DT064,HIT EH5000,A-185-08-09,46.22,201.7,106.649343,106.649343,281.363513,34.580389,80.513091,0,363696.82,6591764.44,198.94,RIGHT,201.7,489,21/10/2025,10:52:11,11:00:20,2068.069842,EX5600,250,29.0,8.0,34,281.363513,106.649343,59.62069,80.513091,34.580389,2580.660506,6676.299812
pattern_9,A1850809_200_ES_2,6204019,4204019,EX004,EX5600FS,DT023,CAT 793,A-185-08-09,43.6,189.29,102.667101,102.667101,274.951253,35.773667,81.388955,0,363692.41,6591769.94,199.24,LEFT,189.3,446,21/10/2025,11:00:20,11:07:46,1905.580868,EX5600,225,29.0,8.0,34,274.951253,102.667101,55.121529,81.388955,35.773667,2478.461526,6372.117368
pattern_9,A1850809_200_ES_2,6204020,4204020,EX004,EX5600FS,DT046,CAT 793,A-185-08-09,41.5,171.42,95.335832,95.335832,276.879695,49.20481,77.691807,0,363692.65,6591765.81,198.89,STRAIGHT,171.4,497,21/10/2025,11:07:46,11:16:03,1730.479916,EX5600,225,29.0,8.0,34,276.879695,95.335832,54.647245,77.691807,49.20481,2228.786444,5851.078212
pattern_9,A1850809_200_ES_2,6204021,4204021,EX004,EX5600FS,DT013,CAT 793,A-185-08-09,59.74,179.23,96.498132,96.498132,261.612642,40.269966,70.495022,0,363691.71,6591769.08,199.59,LEFT,179.2,346,21/10/2025,11:16:03,11:21:49,1915.185837,EX5600,225,29.0,8.0,34,261.612642,96.498132,54.349521,70.495022,40.269966,2466.378507,6625.485035
pattern_9,A1850809_200_ES_2,6204022,4204022,EX004,EX5600FS,DT013,CAT 793,A-185-08-09,41.77,190.23,98.865643,98.865643,263.606432,38.794124,77.460304,0,363697.08,6591768.08,199.54,LEFT,190.2,415,21/10/2025,11:21:49,11:28:44,2055.434619,EX5600,225,29.0,8.0,34,263.606432,98.865643,48.486362,77.460304,38.794124,2597.894299,6985.857233
pattern_9,A1850809_200_ES_5,6204023,4204023,EX004,EX5600FS,DT001,CAT 793,A-185-08-09,64.7,201.74,116.591096,116.591096,313.529814,48.249918,91.267657,0,363689.66,6591758.06,199.72,STRAIGHT,201.7,479,21/10/2025,11:28:44,11:36:43,1927.982797,EX5600,225,29.0,8.0,34,313.529814,116.591096,57.421143,91.267657,48.249918,2316.400029,5543.090196
pattern_9,A1850809_200_ES_5,6204024,4204024,EX004,EX5600FS,DT023,CAT 793,A-185-08-09,65.09,195.28,114.987448,114.987448,299.441276,36.938478,81.494167,0,363696.82,6591760.15,199.2,LEFT,195.3,465,21/10/2025,11:36:43,11:44:28,1922.52263,EX5600,225,29.0,8.0,34,299.441276,114.987448,66.021183,81.494167,36.938478,2347.751662,5644.981725
pattern_9,A1850809_200_ES_5,6204025,4204025,EX004,EX5600FS,DT033,CAT 793,A-185-08-09,51.82,178.96,122.025202,122.025202,313.480291,46.55831,85.672557,0,363694.89,6591757.54,198.33,STRAIGHT,179.0,510,21/10/2025,11:44:28,11:52:58,1555.031825,EX5600,225,29.0,8.0,34,313.480291,122.025202,59.224222,85.672557,46.55831,2055.19555,4615.013777
pattern_9,A1850809_200_ES_5,6204026,4204026,EX004,EX5600FS,DT002,CAT 793,A-185-08-09,50.72,182.6,119.744656,119.744656,283.376436,39.047051,71.52926,0,363696.33,6591759.2,199.85,RIGHT,182.6,464,21/10/2025,11:52:58,12:00:42,1770.552237,EX5600,225,29.0,8.0,34,283.376436,119.744656,53.055468,71.52926,39.047051,2319.698377,5290.713163
pattern_9,A1850809_200_ES_5,6204027,4204027,EX004,EX5600FS,DT012,CAT 793,A-185-08-09,38.2,192.49,129.567649,129.567649,280.037822,38.30858,72.358135,0,363690.83,6591758.33,199.77,STRAIGHT,192.5,466,21/10/2025,12:00:42,12:08:28,1915.483039,EX5600,225,29.0,8.0,34,280.037822,129.567649,39.803458,72.358135,38.30858,2474.592025,5965.845578
pattern_9,A1850809_200_ES_5,6204028,4204028,EX004,EX5600FS,DT009,CAT 793,A-185-08-09,39.46,194.91,126.059019,126.059019,299.608418,43.492547,77.55524,0,363693.74,6591757.48,198.84,RIGHT,194.9,421,21/10/2025,12:08:28,12:15:29,1859.21477,EX5600,225,29.0,8.0,34,299.608418,126.059019,52.501613,77.55524,43.492547,2342.003477,5608.602588
pattern_9,A1850809_200_ES_5,6204029,4204029,EX004,EX5600FS,DT049,HIT EH5000,A-185-08-09,43.56,188.33,130.309822,130.309822,310.375895,38.610218,76.853254,0,363694.98,6591761.19,199.59,LEFT,188.3,559,21/10/2025,12:15:29,12:24:48,1742.112992,EX5600,250,29.0,8.0,34,310.375895,130.309822,64.602601,76.853254,38.610218,2184.438663,5346.869495
pattern_9,A1850809_200_ES_5,6204030,4204030,EX004,EX5600FS,DT003,CAT 793,A-185-08-09,54.18,188.84,127.126625,127.126625,295.389888,35.808738,76.965673,0,363694.08,6591761.49,199.07,STRAIGHT,188.8,443,21/10/2025,12:24:48,12:32:11,1857.777098,EX5600,225,29.0,8.0,34,295.389888,127.126625,55.488853,76.965673,35.808738,2301.460292,5706.63889
pattern_9,A1850809_200_ES_5,6204031,4204031,EX004,EX5600FS,DT076,HIT EH5000,A-185-08-09,55.42,205.67,133.326892,133.326892,289.807805,33.801404,77.397669,0,363693.25,6591758.0,199.68,STRAIGHT,205.7,452,21/10/2025,12:32:11,12:39:43,1907.798404,EX5600,250,29.0,8.0,34,289.807805,133.326892,45.28184,77.397669,33.801404,2554.830275,6007.223162
pattern_9,A1850809_200_ES_5,6204032,4204032,EX004,EX5600FS,DT013,CAT 793,A-185-08-09,45.85,204.48,107.62669,107.62669,264.43233,40.05464,64.006205,0,363692.08,6591765.39,199.42,LEFT,204.5,419,21/10/2025,12:39:43,12:46:42,2303.160254,EX5600,225,29.0,8.0,34,264.43233,107.62669,52.744795,64.006205,40.05464,2783.738733,6733.38765
pattern_9,A1850809_200_ES_5,6204033,4204033,EX004,EX5600FS,DT046,CAT 793,A-185-08-09,44.61,188.44,118.879408,118.879408,284.322148,38.930781,70.100986,0,363691.69,6591756.84,198.79,LEFT,188.4,409,21/10/2025,12:46:42,12:53:31,1831.709315,EX5600,225,29.0,8.0,34,284.322148,118.879408,56.410973,70.100986,38.930781,2385.986732,6020.600649
pattern_9,A1850809_200_ES_5,6204034,4204034,EX004,EX5600FS,DT040,CAT 793,A-185-08-09,52.17,202.41,141.211959,141.211959,322.496408,49.124858,82.505512,0,363697.42,6591759.69,198.17,LEFT,202.4,484,21/10/2025,12:53:31,13:01:35,1851.555856,EX5600,225,29.0,8.0,34,322.496408,141.211959,49.654079,82.505512,49.124858,2259.451933,5843.696892
pattern_9,A1850809_200_ES_5,6204035,4204035,EX004,EX5600FS,DT086,HIT EH5000,A-185-08-09,45.16,164.23,136.652092,136.652092,301.988552,44.537184,68.380844,0,363694.51,6591748.15,199.03,STRAIGHT,164.2,577,21/10/2025,13:01:35,13:11:12,1437.899689,EX5600,250,29.0,8.0,34,301.988552,136.652092,52.418432,68.380844,44.537184,1957.832476,4349.025336
pattern_9,A1850809_200_ES_5,6204036,4204036,EX004,EX5600FS,DT051,HIT EH5000,A-185-08-09,54.37,174.03,137.592962,137.592962,317.276175,39.171697,85.88842,0,363692.93,6591750.91,198.93,RIGHT,174.0,504,21/10/2025,13:11:12,13:19:36,1434.18565,EX5600,250,29.0,8.0,34,317.276175,137.592962,54.623096,85.88842,39.171697,1974.59526,4176.548642
pattern_9,A1850809_200_ES_5,6204037,4204037,EX004,EX5600FS,DT075,HIT EH5000,A-185-08-09,50.74,188.57,126.890607,126.890607,311.313538,45.532195,86.832641,0,363694.44,6591751.59,199.29,STRAIGHT,188.6,450,21/10/2025,13:19:36,13:27:06,1548.858824,EX5600,250,29.0,8.0,34,311.313538,126.890607,52.058094,86.832641,45.532195,2180.648381,4535.748633
pattern_9,A1850809_200_ES_5,6204038,4204038,EX004,EX5600FS,DT041,CAT 793,A-185-08-09,43.64,187.83,144.774617,144.774617,321.858276,35.838606,80.881976,0,363694.25,6591751.59,198.82,RIGHT,187.8,836,21/10/2025,13:27:06,13:41:02,1485.208107,EX5600,225,29.0,8.0,34,321.858276,144.774617,60.363079,80.881976,35.838606,2100.850042,4480.30955
pattern_9,A1850809_200_ES_5,6204039,4204039,EX004,EX5600FS,DT048,HIT EH5000,A-185-08-09,51.94,182.12,140.291007,140.291007,310.1618,37.951778,77.828522,0,363697.14,6591752.38,199.4,STRAIGHT,182.1,434,21/10/2025,13:41:02,13:48:16,1520.231917,EX5600,250,29.0,8.0,34,310.1618,140.291007,54.090494,77.828522,37.951778,2113.874073,4726.070685
pattern_9,A1850809_200_ES_5,6204040,4204040,EX004,EX5600FS,DT080,HIT EH5000,A-185-08-09,34.73,174.66,142.078637,142.078637,323.637575,38.834512,84.033582,0,363691.88,6591752.1,198.08,LEFT,174.7,575,21/10/2025,13:48:16,13:57:51,1484.91273,EX5600,250,29.0,8.0,34,323.637575,142.078637,58.690844,84.033582,38.834512,1942.846591,4118.526456
pattern_9,A1850809_200_ES_5,6204041,4204041,EX004,EX5600FS,DT079,HIT EH5000,A-185-08-09,36.17,164.44,151.834359,151.834359,327.190293,37.570828,80.454309,0,363695.34,6591748.62,199.69,STRAIGHT,164.4,526,21/10/2025,13:57:51,14:06:37,1345.906437,EX5600,250,29.0,8.0,34,327.190293,151.834359,57.330798,80.454309,37.570828,1809.249041,3923.205421
pattern_9,A1850809_200_ES_5,6204042,4204042,EX004,EX5600FS,DT063,HIT EH5000,A-185-08-09,53.5,164.17,142.959292,142.959292,327.355211,41.753387,73.799561,0,363692.92,6591750.23,198.89,STRAIGHT,164.2,495,21/10/2025,14:06:37,14:14:52,1302.675132,EX5600,250,29.0,8.0,34,327.355211,142.959292,68.842971,73.799561,41.753387,1805.438953,4108.265747
pattern_9,A1850809_200_ES_5,6204043,4204043,EX004,EX5600FS,DT032,CAT 793,A-185-08-09,37.01,154.04,150.220947,150.220947,319.078114,37.113408,81.709243,0,363694.65,6591750.64,199.88,RIGHT,154.0,492,21/10/2025,14:14:52,14:23:04,1349.655649,EX5600,225,29.0,8.0,34,319.078114,150.220947,50.034516,81.709243,37.113408,1737.94281,4003.424517
pattern_9,A1850809_200_ES_5,6204044,4204044,EX004,EX5600FS,DT035,CAT 793,A-185-08-09,37.1,160.95,137.368778,137.368778,290.011134,31.610552,73.218754,0,363694.81,6591752.54,199.0,LEFT,161.0,471,21/10/2025,14:23:04,14:30:55,1528.301049,EX5600,225,29.0,8.0,34,290.011134,137.368778,47.81305,73.218754,31.610552,1997.973314,4342.466443
pattern_9,A1850809_200_ES_5,6204045,4204045,EX004,EX5600FS,DT036,CAT 793,A-185-08-09,47.17,181.0,144.185677,144.185677,318.534069,38.774427,86.515596,0,363694.89,6591753.28,198.6,STRAIGHT,181.0,520,21/10/2025,14:30:55,14:39:35,1526.8908,EX5600,225,29.0,8.0,34,318.534069,144.185677,49.058369,86.515596,38.774427,2045.574257,4461.688708
pattern_9,A1850809_200_ES_5,6204046,4204046,EX004,EX5600FS,DT079,HIT EH5000,A-185-08-09,55.13,189.05,133.733105,133.733105,315.548659,46.471439,82.893881,0,363694.07,6591750.74,199.46,STRAIGHT,189.0,486,21/10/2025,14:39:35,14:47:41,1701.49941,EX5600,250,29.0,8.0,34,315.548659,133.733105,52.450234,82.893881,46.471439,2156.796782,4565.870748
pattern_9,A1850809_200_ES_5,6204047,4204047,EX004,EX5600FS,DT052,HIT EH5000,A-185-08-09,35.46,172.79,154.479015,154.479015,335.593251,42.41092,83.010053,0,363693.85,6591752.69,199.73,RIGHT,172.8,546,21/10/2025,14:47:41,14:56:47,1367.913735,EX5600,250,29.0,8.0,34,335.593251,154.479015,55.693263,83.010053,42.41092,1853.614853,4024.789393
pattern_9,A1850809_200_ES_4,6204048,4204048,EX004,EX5600FS,DT087,HIT EH5000,A-185-08-09,45.09,202.0,126.460552,126.460552,289.511214,37.62272,79.035694,0,363696.32,6591743.36,198.71,STRAIGHT,202.0,487,21/10/2025,14:56:47,15:04:54,1830.414132,EX5600,250,29.0,8.0,34,289.511214,126.460552,46.392248,79.035694,37.62272,2511.807971,5825.342606
pattern_9,A1850809_200_ES_4,6204049,4204049,EX004,EX5600FS,DT055,HIT EH5000,A-185-08-09,40.95,186.58,136.108291,136.108291,296.355024,38.350479,64.564638,0,363697.64,6591744.9,199.48,RIGHT,186.6,490,21/10/2025,15:04:54,15:13:04,1690.912536,EX5600,250,29.0,8.0,34,296.355024,136.108291,57.331616,64.564638,38.350479,2266.47858,5632.494323
pattern_9,A1850809_200_ES_4,6204050,4204050,EX004,EX5600FS,DT075,HIT EH5000,A-185-08-09,58.3,193.51,133.603376,133.603376,308.389715,38.208879,80.68692,0,363696.24,6591743.19,199.26,STRAIGHT,193.5,461,21/10/2025,15:13:04,15:20:45,1712.752222,EX5600,250,29.0,8.0,34,308.389715,133.603376,55.89054,80.68692,38.208879,2258.970198,5378.980851
pattern_9,A1850809_200_ES_4,6204051,4204051,EX004,EX5600FS,DT068,HIT EH5000,A-185-08-09,45.71,177.46,136.389639,136.389639,310.826473,33.152681,80.107407,0,363695.14,6591744.76,199.66,LEFT,177.5,469,21/10/2025,15:20:45,15:28:34,1579.996827,EX5600,250,29.0,8.0,34,310.826473,136.389639,61.176746,80.107407,33.152681,2055.31228,4869.74354
pattern_9,A1850809_200_ES_4,6204052,4204052,EX004,EX5600FS,DT022,CAT 793,A-185-08-09,44.01,175.05,143.022174,143.022174,322.720774,48.45683,69.900041,0,363696.38,6591744.04,199.21,LEFT,175.0,470,21/10/2025,15:28:34,15:36:24,1453.42756,EX5600,225,29.0,8.0,34,322.720774,143.022174,61.341728,69.900041,48.45683,1952.655068,4427.816316
pattern_9,A1850809_200_ES_4,6204053,4204053,EX004,EX5600FS,DT034,CAT 793,A-185-08-09,48.48,192.34,139.666297,139.666297,306.790546,43.992415,80.24569,0,363697.74,6591744.62,199.63,RIGHT,192.3,464,21/10/2025,15:36:24,15:44:08,1656.569966,EX5600,225,29.0,8.0,34,306.790546,139.666297,42.886145,80.24569,43.992415,2256.947372,5307.795559
pattern_9,A1850809_200_ES_4,6204054,4204054,EX004,EX5600FS,DT031,CAT 793,A-185-08-09,41.1,180.27,123.91333,123.91333,308.956325,47.588683,82.023552,0,363694.94,6591742.71,198.11,LEFT,180.3,459,21/10/2025,15:44:08,15:51:47,1617.392844,EX5600,225,29.0,8.0,34,308.956325,123.91333,55.43076,82.023552,47.588683,2100.579189,4949.949905
pattern_9,A1850809_200_ES_4,6204055,4204055,EX004,EX5600FS,DT027,CAT 793,A-185-08-09,38.17,174.6,119.782564,119.782564,288.536658,40.224778,81.755681,0,363696.91,6591744.08,198.45,RIGHT,174.6,415,21/10/2025,15:51:47,15:58:42,1666.922781,EX5600,225,29.0,8.0,34,288.536658,119.782564,46.773635,81.755681,40.224778,2178.480518,5013.24697
pattern_9,A1850809_200_ES_4,6204056,4204056,EX004,EX5600FS,DT052,HIT EH5000,A-185-08-09,49.71,187.69,121.174159,121.174159,304.655542,35.964271,84.558864,0,363691.78,6591748.5,199.6,STRAIGHT,187.7,474,21/10/2025,15:58:42,16:06:36,1734.122571,EX5600,250,29.0,8.0,34,304.655542,121.174159,62.958249,84.558864,35.964271,2217.899499,5270.232913
pattern_9,A1850809_200_ES_4,6204057,4204057,EX004,EX5600FS,DT033,CAT 793,A-185-08-09,35.04,193.98,114.451439,114.451439,288.1653,38.958773,78.27191,0,363698.42,6591744.35,199.06,LEFT,194.0,378,21/10/2025,16:06:36,16:12:54,1868.886747,EX5600,225,29.0,8.0,34,288.1653,114.451439,56.483178,78.27191,38.958773,2423.37223,6185.846709
pattern_9,A1850809_200_ES_4,6204058,4204058,EX004,EX5600FS,DT074,HIT EH5000,A-185-08-09,50.6,192.35,137.613239,137.613239,292.549787,37.820396,71.263115,0,363699.11,6591742.4,198.21,LEFT,192.3,695,21/10/2025,16:12:54,16:24:29,1802.853299,EX5600,250,29.0,8.0,34,292.549787,137.613239,45.853037,71.263115,37.820396,2366.95764,5836.152051
pattern_9,A1850809_200_ES_4,6204059,4204059,EX004,EX5600FS,DT055,HIT EH5000,A-185-08-09,49.55,191.67,133.176248,133.176248,311.357721,42.53983,74.21984,0,363696.96,6591745.13,198.82,STRAIGHT,191.7,512,21/10/2025,16:24:29,16:33:01,1736.298825,EX5600,250,29.0,8.0,34,311.357721,133.176248,61.421803,74.21984,42.53983,2216.129075,5166.173531
pattern_9,A1850809_200_ES_3,6204060,4204060,EX004,EX5600FS,DT001,CAT 793,A-185-08-09,45.77,221.07,119.061577,119.061577,299.142984,40.474962,87.315131,0,363700.17,6591736.15,199.77,RIGHT,221.1,399,21/10/2025,16:33:01,16:39:40,1907.911718,EX5600,225,29.0,8.0,34,299.142984,119.061577,52.291313,87.315131,40.474962,2660.425387,6410.306367
pattern_9,A1850809_200_ES_3,6204061,4204061,EX004,EX5600FS,DT052,HIT EH5000,A-185-08-09,44.72,208.12,106.783306,106.783306,276.951046,36.146277,69.082054,0,363694.28,6591736.85,198.25,RIGHT,208.1,405,21/10/2025,16:39:40,16:46:25,2074.28395,EX5600,250,29.0,8.0,34,276.951046,106.783306,64.939408,69.082054,36.146277,2705.34781,6252.422156
pattern_9,A1850809_200_ES_3,6204062,4204062,EX004,EX5600FS,DT040,CAT 793,A-185-08-09,38.52,196.57,105.87667,105.87667,293.586143,38.459293,89.969929,0,363698.32,6591736.23,199.33,STRAIGHT,196.6,473,21/10/2025,16:46:25,16:54:18,2054.237739,EX5600,225,29.0,8.0,34,293.586143,105.87667,59.280251,89.969929,38.459293,2410.401798,5815.433721
pattern_9,A1850809_200_ES_3,6204063,4204063,EX004,EX5600FS,DT028,CAT 793,A-185-08-09,32.82,175.38,120.005792,120.005792,292.126892,36.863017,75.394697,0,363692.75,6591734.2,198.42,RIGHT,175.4,456,21/10/2025,16:54:18,17:01:54,1622.93477,EX5600,225,29.0,8.0,34,292.126892,120.005792,59.863386,75.394697,36.863017,2161.237752,5261.176252
pattern_9,A1850809_200_ES_3,6204064,4204064,EX004,EX5600FS,DT017,CAT 793,A-185-08-09,44.13,196.88,119.741492,119.741492,303.170397,39.928609,85.003313,0,363700.12,6591733.35,198.92,RIGHT,196.9,457,21/10/2025,17:01:54,17:09:31,1990.153189,EX5600,225,29.0,8.0,34,303.170397,119.741492,58.496984,85.003313,39.928609,2337.852863,6047.263573
pattern_9,A1850809_200_ES_3,6204065,4204065,EX004,EX5600FS,DT049,HIT EH5000,A-185-08-09,50.95,196.04,93.050279,93.050279,272.024753,38.641954,84.18677,0,363694.55,6591736.65,198.77,RIGHT,196.0,483,21/10/2025,17:09:31,17:17:34,2013.363991,EX5600,250,29.0,8.0,34,272.024753,93.050279,56.14575,84.18677,38.641954,2594.395335,6201.792479
pattern_9,A1850809_200_ES_3,6204066,4204066,EX004,EX5600FS,DT050,HIT EH5000,A-185-08-09,36.03,187.83,105.95545,105.95545,285.571409,38.649161,80.303174,0,363698.24,6591737.35,198.44,RIGHT,187.8,435,21/10/2025,17:17:34,17:24:49,1653.847703,EX5600,250,29.0,8.0,34,285.571409,105.95545,60.663624,80.303174,38.649161,2367.849506,5769.169984
pattern_9,A1850809_200_ES_3,6204067,4204067,EX004,EX5600FS,DT090,HIT EH5000,A-185-08-09,43.97,192.64,123.438074,123.438074,293.707685,38.653415,75.06386,0,363698.09,6591735.62,198.36,STRAIGHT,192.6,461,21/10/2025,17:24:49,17:32:30,1859.815692,EX5600,250,29.0,8.0,34,293.707685,123.438074,56.552335,75.06386,38.653415,2361.183449,5708.664199
pattern_9,A1850809_200_ES_3,6204068,4204068,EX004,EX5600FS,DT050,HIT EH5000,A-185-08-09,60.59,181.78,103.797682,103.797682,276.137207,39.854679,69.968211,0,363694.79,6591732.27,199.17,RIGHT,181.8,417,21/10/2025,17:32:30,17:39:27,1884.018306,EX5600,250,29.0,8.0,34,276.137207,103.797682,62.516635,69.968211,39.854679,2369.831583,5690.637137
pattern_9,A1850809_200_ES_3,6204069,4204069,EX004,EX5600FS,DT006,CAT 793,A-185-08-09,37.7,179.55,105.48478,105.48478,277.79382,48.972211,67.099928,0,363696.49,6591737.44,198.74,LEFT,179.6,426,21/10/2025,17:39:27,17:46:33,1777.457058,EX5600,225,29.0,8.0,34,277.79382,105.48478,56.2369,67.099928,48.972211,2326.888115,5650.067715
pattern_9,A1850809_200_ES_3,6204070,4204070,EX004,EX5600FS,DT044,CAT 793,A-185-08-09,43.39,174.98,110.062097,110.062097,266.364801,36.338111,70.12766,0,363696.4,6591732.69,198.51,LEFT,175.0,397,21/10/2025,17:46:33,17:53:10,1782.470897,EX5600,225,29.0,8.0,34,266.364801,110.062097,49.836933,70.12766,36.338111,2364.941565,5701.613624
pattern_9,A1850809_200_ES_3,6204071,4204071,EX004,EX5600FS,DT090,HIT EH5000,A-185-08-09,40.0,198.06,139.589628,139.589628,302.736556,39.517447,72.629773,0,363697.36,6591738.31,199.36,STRAIGHT,198.1,467,21/10/2025,17:53:10,18:00:57,1827.135067,EX5600,250,29.0,8.0,34,302.736556,139.589628,50.999708,72.629773,39.517447,2355.279617,5784.308103
pattern_9,A1850809_200_ES_3,6204072,4204072,EX004,EX5600FS,DT007,CAT 793,A-185-08-09,54.47,205.43,101.944108,101.944108,266.490443,34.367713,74.507052,0,363699.12,6591731.03,199.88,RIGHT,205.4,392,21/10/2025,18:00:57,18:07:29,2239.084155,EX5600,225,29.0,8.0,34,266.490443,101.944108,55.67157,74.507052,34.367713,2775.085321,7261.623684
pattern_9,A1850809_200_ES_3,6204073,4204073,EX004,EX5600FS,DT020,CAT 793,A-185-08-09,57.16,191.64,116.683601,116.683601,278.616738,40.445316,69.684646,0,363701.6,6591728.87,199.95,RIGHT,191.6,652,21/10/2025,18:07:29,18:18:21,2004.352329,EX5600,225,29.0,8.0,34,278.616738,116.683601,51.803175,69.684646,40.445316,2476.184616,6527.994268
pattern_9,A1850809_200_ES_3,6204074,4204074,EX004,EX5600FS,DT025,CAT 793,A-185-08-09,36.92,181.52,108.139041,108.139041,282.496461,34.32968,77.937229,0,363700.35,6591728.15,198.12,STRAIGHT,181.5,409,21/10/2025,18:18:21,18:25:10,1758.690487,EX5600,225,29.0,8.0,34,282.496461,108.139041,62.090512,77.937229,34.32968,2313.179391,5966.529196
pattern_9,A1850809_200_ES_3,6204075,4204075,EX004,EX5600FS,DT035,CAT 793,A-185-08-09,52.77,183.86,112.647914,112.647914,275.538645,33.867976,71.91212,0,363696.16,6591726.24,198.71,RIGHT,183.9,455,21/10/2025,18:25:10,18:32:45,1987.564736,EX5600,225,29.0,8.0,34,275.538645,112.647914,57.110635,71.91212,33.867976,2402.185747,5984.888971
pattern_9,A1850809_200_ES_3,6204076,4204076,EX004,EX5600FS,DT028,CAT 793,A-185-08-09,43.07,175.74,115.357373,115.357373,289.64983,38.160712,74.949478,0,363695.99,6591725.53,198.14,STRAIGHT,175.7,491,21/10/2025,18:32:45,18:40:56,1788.50482,EX5600,225,29.0,8.0,34,289.64983,115.357373,61.182267,74.949478,38.160712,2184.258197,5353.889336
pattern_9,A1850809_200_ES_3,6204077,4204077,EX004,EX5600FS,DT055,HIT EH5000,A-185-08-09,56.45,170.33,91.867785,91.867785,266.853368,40.351435,74.226368,0,363697.71,6591730.55,198.21,STRAIGHT,170.3,443,21/10/2025,18:40:56,18:48:19,1760.328741,EX5600,250,29.0,8.0,34,266.853368,91.867785,60.40778,74.226368,40.351435,2297.810447,5666.489652
pattern_9,A1850809_200_ES_3,6204078,4204078,EX004,EX5600FS,DT021,CAT 793,A-185-08-09,45.54,179.15,104.304338,104.304338,266.985365,38.335525,77.985355,0,363698.03,6591730.77,199.14,RIGHT,179.1,662,21/10/2025,18:48:19,18:59:21,1918.825401,EX5600,225,29.0,8.0,34,266.985365,104.304338,46.360148,77.985355,38.335525,2415.586621,6195.387384
pattern_9,A1850809_200_ES_3,6204079,4204079,EX004,EX5600FS,DT045,CAT 793,A-185-08-09,39.35,175.97,108.242872,108.242872,278.411993,41.872208,72.15178,0,363697.19,6591727.29,199.58,STRAIGHT,176.0,498,21/10/2025,18:59:21,19:07:39,1853.373702,EX5600,225,29.0,8.0,34,278.411993,108.242872,56.145133,72.15178,41.872208,2275.370348,5869.411493
pattern_9,A1850809_200_ES_3,6204080,4204080,EX004,EX5600FS,DT043,CAT 793,A-185-08-09,47.99,170.78,105.290956,105.290956,281.014945,39.870982,75.916049,0,363699.48,6591727.19,199.61,STRAIGHT,170.8,447,21/10/2025,19:07:39,19:15:06,1711.172983,EX5600,225,29.0,8.0,34,281.014945,105.290956,59.936958,75.916049,39.870982,2187.759418,5710.202704
pattern_9,A1850809_200_ES_3,6204081,4204081,EX004,EX5600FS,DT047,HIT EH5000,A-185-08-09,63.85,191.56,106.678763,106.678763,272.2792,47.8387,67.548591,0,363699.87,6591728.33,199.27,LEFT,191.6,495,21/10/2025,19:15:06,19:23:21,2087.084691,EX5600,250,29.0,8.0,34,272.2792,106.678763,50.213147,67.548591,47.8387,2532.760442,6781.733338
pattern_9,A1850809_200_ES_3,6204082,4204082,EX004,EX5600FS,DT072,HIT EH5000,A-185-08-09,42.29,195.16,112.395579,112.395579,262.459576,37.580924,67.682043,0,363697.73,6591729.09,198.86,RIGHT,195.2,477,21/10/2025,19:23:21,19:31:18,2197.80566,EX5600,250,29.0,8.0,34,262.459576,112.395579,44.80103,67.682043,37.580924,2676.946837,6876.04617
pattern_9,A1850809_200_ES_3,6204083,4204083,EX004,EX5600FS,DT035,CAT 793,A-185-08-09,44.66,197.06,103.088655,103.088655,274.536957,36.303745,75.171923,0,363699.15,6591728.41,198.13,STRAIGHT,197.1,387,21/10/2025,19:31:18,19:37:45,1865.422717,EX5600,225,29.0,8.0,34,274.536957,103.088655,59.972635,75.171923,36.303745,2584.027502,6620.313016
pattern_9,A1850809_200_ES_3,6204084,4204084,EX004,EX5600FS,DT038,CAT 793,A-185-08-09,46.47,189.71,105.314315,105.314315,285.013772,43.29167,83.598878,0,363699.47,6591727.97,198.12,LEFT,189.7,444,21/10/2025,19:37:45,19:45:09,1862.253194,EX5600,225,29.0,8.0,34,285.013772,105.314315,52.808909,83.598878,43.29167,2396.207352,6143.11829
pattern_9,A1850809_200_ES_2,6204085,4204085,EX004,EX5600FS,DT046,CAT 793,A-185-08-09,43.29,181.95,83.053477,83.053477,246.978877,33.915743,77.354552,0,363685.19,6591770.43,198.48,RIGHT,181.9,414,21/10/2025,19:45:09,19:52:03,2130.147089,EX5600,225,29.0,8.0,34,246.978877,83.053477,52.655106,77.354552,33.915743,2652.108927,7339.4548
pattern_9,A1850809_200_ES_2,6204086,4204086,EX004,EX5600FS,DT017,CAT 793,A-185-08-09,46.98,188.13,97.11843,97.11843,253.652598,30.861617,65.121568,0,363687.68,6591767.58,198.94,RIGHT,188.1,444,21/10/2025,19:52:03,19:59:27,2246.852973,EX5600,225,29.0,8.0,34,253.652598,97.11843,60.550983,65.121568,30.861617,2670.111469,7227.850425
pattern_9,A1850809_200_ES_2,6204087,4204087,EX004,EX5600FS,DT088,HIT EH5000,A-185-08-09,63.93,211.31,87.832407,87.832407,260.862426,42.919436,75.632946,0,363686.89,6591771.75,199.08,LEFT,211.3,468,21/10/2025,19:59:27,20:07:15,2271.219114,EX5600,250,29.0,8.0,34,260.862426,87.832407,54.477638,75.632946,42.919436,2916.139227,7651.934397
pattern_9,A1850809_200_ES_2,6204088,4204088,EX004,EX5600FS,DT071,HIT EH5000,A-185-08-09,61.64,184.93,78.188819,78.188819,247.357186,39.768,74.807557,0,363686.07,6591772.0,198.41,LEFT,184.9,373,21/10/2025,20:07:15,20:13:28,2142.821548,EX5600,250,29.0,8.0,34,247.357186,78.188819,54.59281,74.807557,39.768,2691.374471,7095.083768
pattern_9,A1850809_200_ES_2,6204089,4204089,EX004,EX5600FS,DT013,CAT 793,A-185-08-09,51.48,185.55,90.442322,90.442322,257.120162,41.978847,71.73144,0,363686.2,6591771.21,199.03,LEFT,185.6,392,21/10/2025,20:13:28,20:20:00,2036.203665,EX5600,225,29.0,8.0,34,257.120162,90.442322,52.967553,71.73144,41.978847,2597.997479,6962.812495
pattern_9,A1850809_200_ES_2,6204090,4204090,EX004,EX5600FS,DT078,HIT EH5000,A-185-08-09,36.41,206.98,90.327695,90.327695,264.937911,41.730909,80.30992,0,363687.7,6591767.62,198.52,STRAIGHT,207.0,411,21/10/2025,20:20:00,20:26:51,2262.444148,EX5600,250,29.0,8.0,34,264.937911,90.327695,52.569387,80.30992,41.730909,2812.516821,7851.871831
pattern_9,A1850809_200_ES_2,6204091,4204091,EX004,EX5600FS,DT031,CAT 793,A-185-08-09,63.07,216.8,101.897821,101.897821,248.156653,36.77843,62.714351,0,363688.76,6591771.43,199.5,LEFT,216.8,444,21/10/2025,20:26:51,20:34:15,2474.136003,EX5600,225,29.0,8.0,34,248.156653,101.897821,46.766052,62.714351,36.77843,3145.117644,8138.22933
pattern_9,A1850809_200_ES_2,6204092,4204092,EX004,EX5600FS,DT060,HIT EH5000,A-185-08-09,47.32,208.43,93.949632,93.949632,261.975941,38.578311,81.149719,0,363684.77,6591768.66,198.99,LEFT,208.4,500,21/10/2025,20:34:15,20:42:35,2318.723042,EX5600,250,29.0,8.0,34,261.975941,93.949632,48.298279,81.149719,38.578311,2864.253692,7823.918391
pattern_9,A1850809_200_ES_2,6204093,4204093,EX004,EX5600FS,DT055,HIT EH5000,A-185-08-09,51.43,201.43,104.061627,104.061627,284.179719,38.470185,87.79413,0,363689.24,6591773.86,198.63,STRAIGHT,201.4,412,21/10/2025,20:42:35,20:49:27,2229.728414,EX5600,250,29.0,8.0,34,284.179719,104.061627,53.853777,87.79413,38.470185,2551.760669,6921.989738
pattern_9,A1850809_200_ES_2,6204094,4204094,EX004,EX5600FS,DT028,CAT 793,A-185-08-09,59.75,222.93,110.504914,110.504914,267.659682,42.141101,64.647857,0,363689.28,6591771.93,198.71,RIGHT,222.9,461,21/10/2025,20:49:27,20:57:08,2299.228819,EX5600,225,29.0,8.0,34,267.659682,110.504914,50.36581,64.647857,42.141101,2998.440422,7944.564699
pattern_9,A1850809_200_ES_2,6204095,4204095,EX004,EX5600FS,DT063,HIT EH5000,A-185-08-09,45.47,200.99,106.102212,106.102212,272.49375,42.064336,73.258859,0,363688.34,6591770.94,199.22,LEFT,201.0,466,21/10/2025,20:57:08,21:04:54,2091.004754,EX5600,250,29.0,8.0,34,272.49375,106.102212,51.068343,73.258859,42.064336,2655.303369,7152.775682
pattern_9,A1850809_200_ES_2,6204096,4204096,EX004,EX5600FS,DT057,HIT EH5000,A-185-08-09,57.56,204.51,98.316836,98.316836,268.451982,41.056873,78.717705,0,363682.71,6591767.4,198.34,RIGHT,204.5,419,21/10/2025,21:04:54,21:11:53,2082.018593,EX5600,250,29.0,8.0,34,268.451982,98.316836,50.360569,78.717705,41.056873,2742.58531,7365.034414
pattern_9,A1850809_200_ES_2,6204097,4204097,EX004,EX5600FS,DT008,CAT 793,A-185-08-09,37.04,191.4,109.788448,109.788448,272.958581,34.219402,69.936719,0,363697.75,6591720.92,199.17,RIGHT,191.4,394,21/10/2025,21:11:53,21:18:27,2083.620188,EX5600,225,29.0,8.0,34,272.958581,109.788448,59.014013,69.936719,34.219402,2524.297197,6507.638965
pattern_9,A1850809_200_ES_2,6204098,4204098,EX004,EX5600FS,DT088,HIT EH5000,A-185-08-09,40.53,194.2,89.574686,89.574686,256.319402,28.690571,75.736827,0,363699.03,6591716.73,199.6,LEFT,194.2,440,21/10/2025,21:18:27,21:25:47,2146.91395,EX5600,250,29.0,8.0,34,256.319402,89.574686,62.317318,75.736827,28.690571,2727.50845,7046.932319
pattern_9,A1850809_200_ES_2,6204099,4204099,EX004,EX5600FS,DT088,HIT EH5000,A-185-08-09,44.07,176.16,95.533144,95.533144,254.478549,33.510582,69.850041,0,363697.47,6591718.8,198.54,RIGHT,176.2,417,21/10/2025,21:25:47,21:32:44,1918.877568,EX5600,250,29.0,8.0,34,254.478549,95.533144,55.584783,69.850041,33.510582,2492.11764,6678.597318
pattern_9,A1850809_200_ES_2,6204100,4204100,EX004,EX5600FS,DT011,CAT 793,A-185-08-09,52.37,181.59,80.346505,80.346505,259.933364,48.875985,83.936414,0,363697.75,6591715.83,198.07,STRAIGHT,181.6,390,21/10/2025,21:32:44,21:39:14,1933.577382,EX5600,225,29.0,8.0,34,259.933364,80.346505,46.77446,83.936414,48.875985,2514.967052,7092.207087
pattern_9,A1850809_200_ES_2,6204101,4204101,EX004,EX5600FS,DT085,HIT EH5000,A-185-08-09,50.58,181.91,87.139668,87.139668,238.370728,40.973882,68.07863,0,363699.96,6591718.7,198.56,LEFT,181.9,410,21/10/2025,21:39:14,21:46:04,2011.99852,EX5600,250,29.0,8.0,34,238.370728,87.139668,42.178549,68.07863,40.973882,2747.290828,7306.678393
pattern_9,A1850809_200_ES_2,6204102,4204102,EX004,EX5600FS,DT059,HIT EH5000,A-185-08-09,46.17,199.8,96.582373,96.582373,263.68077,40.126311,73.488467,0,363699.39,6591720.49,199.91,LEFT,199.8,356,21/10/2025,21:46:04,21:52:00,2358.30766,EX5600,250,29.0,8.0,34,263.68077,96.582373,53.483618,73.488467,40.126311,2727.905161,7223.834994
pattern_9,A1850809_200_ES_2,6204103,4204103,EX004,EX5600FS,DT083,HIT EH5000,A-185-08-09,42.34,199.81,96.319247,96.319247,285.297117,45.629831,78.162852,0,363695.46,6591722.95,199.64,LEFT,199.8,445,21/10/2025,21:52:00,21:59:25,2046.354699,EX5600,250,29.0,8.0,34,285.297117,96.319247,65.185188,78.162852,45.629831,2521.267877,7010.269022
pattern_9,A1850809_200_ES_2,6204104,4204104,EX004,EX5600FS,DT010,CAT 793,A-185-08-09,52.41,199.42,79.863782,79.863782,250.217037,45.450852,71.102872,0,363698.31,6591721.2,198.93,STRAIGHT,199.4,480,21/10/2025,21:59:25,22:07:25,2318.684725,EX5600,225,29.0,8.0,34,250.217037,79.863782,53.799532,71.102872,45.450852,2869.134871,8005.331775
pattern_9,A1850809_200_ES_2,6204105,4204105,EX004,EX5600FS,DT009,CAT 793,A-185-08-09,48.03,196.34,104.813158,104.813158,292.267018,46.243549,84.808732,0,363700.91,6591719.83,198.91,RIGHT,196.3,491,21/10/2025,22:07:25,22:15:36,1925.128679,EX5600,225,29.0,8.0,34,292.267018,104.813158,56.401579,84.808732,46.243549,2418.421756,6360.215552
pattern_9,A1850809_200_ES_2,6204106,4204106,EX004,EX5600FS,DT016,CAT 793,A-185-08-09,46.37,191.27,97.859853,97.859853,247.888036,37.901685,63.14582,0,363695.97,6591721.47,199.1,LEFT,191.3,421,21/10/2025,22:15:36,22:22:37,2290.964535,EX5600,225,29.0,8.0,34,247.888036,97.859853,48.980678,63.14582,37.901685,2777.818114,7317.920002
pattern_9,A1850809_200_ES_2,6204107,4204107,EX004,EX5600FS,DT021,CAT 793,A-185-08-09,39.72,172.89,98.981303,98.981303,275.119056,39.05746,81.02582,0,363702.06,6591723.94,198.37,RIGHT,172.9,498,21/10/2025,22:22:37,22:30:55,1915.737892,EX5600,225,29.0,8.0,34,275.119056,98.981303,56.054472,81.02582,39.05746,2262.312075,5697.796876
pattern_9,A1850809_200_ES_2,6204108,4204108,EX004,EX5600FS,DT035,CAT 793,A-185-08-09,44.86,191.45,102.536236,102.536236,264.451207,35.253092,66.69414,0,363697.8,6591719.46,199.73,STRAIGHT,191.5,430,21/10/2025,22:30:55,22:38:05,2058.943908,EX5600,225,29.0,8.0,34,264.451207,102.536236,59.96774,66.69414,35.253092,2606.27832,6963.392416
pattern_9,A1850809_200_ES_4,6204109,4204109,EX004,EX5600FS,DT045,CAT 793,A-185-08-09,39.64,189.66,137.175964,137.175964,326.492687,40.219552,90.550402,0,363687.54,6591763.27,198.62,STRAIGHT,189.7,563,21/10/2025,22:38:05,22:47:28,1548.198214,EX5600,225,29.0,8.0,34,326.492687,137.175964,58.54677,90.550402,40.219552,2091.27191,5029.457417
pattern_9,A1850809_200_ES_4,6204110,4204110,EX004,EX5600FS,DT069,HIT EH5000,A-185-08-09,59.77,194.81,133.713219,133.713219,306.194452,44.090464,79.026179,0,363684.39,6591766.03,199.58,STRAIGHT,194.8,566,21/10/2025,22:47:28,22:56:54,1713.559518,EX5600,250,29.0,8.0,34,306.194452,133.713219,49.36459,79.026179,44.090464,2290.460759,5619.135314
pattern_9,A1850809_200_ES_4,6204111,4204111,EX004,EX5600FS,DT035,CAT 793,A-185-08-09,52.52,202.42,111.822416,111.822416,299.348828,44.399856,76.475455,0,363686.04,6591762.1,199.34,RIGHT,202.4,442,21/10/2025,22:56:54,23:04:16,2048.766922,EX5600,225,29.0,8.0,34,299.348828,111.822416,66.6511,76.475455,44.399856,2434.273052,5872.958426
pattern_9,A1850809_200_ES_4,6204112,4204112,EX004,EX5600FS,DT021,CAT 793,A-185-08-09,66.84,212.47,132.379484,132.379484,291.198208,34.995578,71.562264,0,363687.87,6591762.97,198.45,RIGHT,212.5,382,21/10/2025,23:04:16,23:10:38,2036.916437,EX5600,225,29.0,8.0,34,291.198208,132.379484,52.260882,71.562264,34.995578,2626.714246,6565.18965
pattern_9,A1850809_200_ES_4,6204113,4204113,EX004,EX5600FS,DT079,HIT EH5000,A-185-08-09,56.6,188.76,141.687202,141.687202,321.938356,41.0735,84.02331,0,363686.16,6591763.81,198.67,RIGHT,188.8,534,21/10/2025,23:10:38,23:19:32,1670.365874,EX5600,250,29.0,8.0,34,321.938356,141.687202,55.154345,84.02331,41.0735,2110.759844,4943.744179
pattern_9,A1850809_200_ES_4,6204114,4204114,EX004,EX5600FS,DT016,CAT 793,A-185-08-09,54.42,187.11,133.719497,133.719497,309.133518,39.55013,77.654269,0,363684.93,6591762.33,199.71,RIGHT,187.1,506,21/10/2025,23:19:32,23:27:58,1667.775429,EX5600,225,29.0,8.0,34,309.133518,133.719497,58.209622,77.654269,39.55013,2178.970225,5113.25106
pattern_9,A1850809_200_ES_4,6204115,4204115,EX004,EX5600FS,DT017,CAT 793,A-185-08-09,39.5,185.09,131.396127,131.396127,300.883232,38.244985,73.930252,0,363682.91,6591759.77,198.94,RIGHT,185.1,498,21/10/2025,23:27:58,23:36:16,1705.190357,EX5600,225,29.0,8.0,34,300.883232,131.396127,57.311868,73.930252,38.244985,2214.522591,5096.400685
pattern_9,A1850809_200_ES_4,6204116,4204116,EX004,EX5600FS,DT032,CAT 793,A-185-08-09,42.89,198.96,140.097706,140.097706,307.932585,41.994846,72.726773,0,363685.35,6591761.81,198.57,LEFT,199.0,511,21/10/2025,23:36:16,23:44:47,1743.949871,EX5600,225,29.0,8.0,34,307.932585,140.097706,53.11326,72.726773,41.994846,2326.037294,5556.890749
pattern_9,A1850809_200_ES_4,6204117,4204117,EX004,EX5600FS,DT016,CAT 793,A-185-08-09,40.59,182.3,110.784644,110.784644,275.784913,33.446974,72.388794,0,363683.87,6591760.05,198.29,RIGHT,182.3,856,21/10/2025,23:44:47,23:59:03,1805.014254,EX5600,225,29.0,8.0,34,275.784913,110.784644,59.164501,72.388794,33.446974,2379.618167,5621.048157
pattern_9,A1850809_200_ES_4,6204118,4204118,EX004,EX5600FS,DT020,CAT 793,A-185-08-09,42.38,192.2,135.65165,135.65165,300.804343,36.842615,73.091172,0,363687.4,6591757.75,198.93,LEFT,192.2,482,21/10/2025,23:59:03,00:07:05,1713.522749,EX5600,225,29.0,8.0,34,300.804343,135.65165,55.218907,73.091172,36.842615,2300.180952,5499.188957
pattern_9,A1850809_200_ES_4,6204119,4204119,EX004,EX5600FS,DT014,CAT 793,A-185-08-09,33.81,184.74,131.06279,131.06279,305.315001,40.662092,75.558838,0,363683.07,6591759.6,198.98,STRAIGHT,184.7,484,22/10/2025,00:07:05,00:15:09,1823.171883,EX5600,225,29.0,8.0,34,305.315001,131.06279,58.031281,75.558838,40.662092,2178.325658,5127.847526
pattern_9,A1850809_200_ES_2,6204120,4204120,EX004,EX5600FS,DT073,HIT EH5000,A-185-08-09,75.37,226.12,96.187223,96.187223,281.197965,38.205904,87.976106,0,363699.81,6591714.36,198.85,RIGHT,226.1,552,22/10/2025,00:15:09,00:24:21,2250.502828,EX5600,250,29.0,8.0,34,281.197965,96.187223,58.828732,87.976106,38.205904,2894.89024,7761.703303
pattern_9,A1850809_200_ES_2,6204121,4204121,EX004,EX5600FS,DT026,CAT 793,A-185-08-09,58.69,221.76,88.754958,88.754958,246.871844,35.510323,70.363341,0,363703.02,6591712.48,198.52,STRAIGHT,221.8,363,22/10/2025,00:24:21,00:30:24,2675.555811,EX5600,225,29.0,8.0,34,246.871844,88.754958,52.243221,70.363341,35.510323,3233.878821,9050.512872
pattern_9,A1850809_200_ES_2,6204122,4204122,EX004,EX5600FS,DT019,CAT 793,A-185-08-09,57.21,194.98,98.845344,98.845344,262.101564,38.069306,68.657955,0,363701.64,6591711.77,199.07,LEFT,195.0,455,22/10/2025,00:30:24,00:37:59,2104.474028,EX5600,225,29.0,8.0,34,262.101564,98.845344,56.528959,68.657955,38.069306,2678.135384,7116.917804
pattern_9,A1850809_200_ES_2,6204123,4204123,EX004,EX5600FS,DT055,HIT EH5000,A-185-08-09,38.65,206.8,83.545441,83.545441,253.558476,43.474318,73.215031,0,363697.19,6591712.44,198.6,LEFT,206.8,392,22/10/2025,00:37:59,00:44:31,2168.930957,EX5600,250,29.0,8.0,34,253.558476,83.545441,53.323685,73.215031,43.474318,2936.108772,8184.303941
pattern_9,A1850809_200_ES_2,6204124,4204124,EX004,EX5600FS,DT073,HIT EH5000,A-185-08-09,37.46,203.66,98.140762,98.140762,282.007717,48.86245,77.728942,0,363696.18,6591710.63,199.37,RIGHT,203.7,505,22/10/2025,00:44:31,00:52:56,2104.429282,EX5600,250,29.0,8.0,34,282.007717,98.140762,57.275563,77.728942,48.86245,2599.880281,7160.945923
pattern_9,A1850809_200_ES_2,6204125,4204125,EX004,EX5600FS,DT015,CAT 793,A-185-08-09,51.98,187.53,88.469292,88.469292,254.26383,41.295752,72.128147,0,363698.63,6591710.49,198.01,RIGHT,187.5,466,22/10/2025,00:52:56,01:00:42,2201.089537,EX5600,225,29.0,8.0,34,254.26383,88.469292,52.370638,72.128147,41.295752,2655.120374,7333.369826
pattern_9,A1850809_200_ES_2,6204126,4204126,EX004,EX5600FS,DT017,CAT 793,A-185-08-09,41.03,178.07,88.108251,88.108251,263.305721,42.910815,79.689867,0,363697.06,6591713.65,198.51,LEFT,178.1,437,22/10/2025,01:00:42,01:07:59,1735.192554,EX5600,225,29.0,8.0,34,263.305721,88.108251,52.596789,79.689867,42.910815,2434.563981,6652.284555
pattern_9,A1850809_200_ES_2,6204127,4204127,EX004,EX5600FS,DT075,HIT EH5000,A-185-08-09,44.57,204.46,94.226155,94.226155,264.024384,39.066668,81.693098,0,363700.11,6591711.47,198.03,RIGHT,204.5,433,22/10/2025,01:07:59,01:15:12,2121.942614,EX5600,250,29.0,8.0,34,264.024384,94.226155,49.038463,81.693098,39.066668,2787.824774,7861.665861
pattern_9,A1850809_200_ES_2,6204128,4204128,EX004,EX5600FS,DT010,CAT 793,A-185-08-09,52.29,205.71,82.746737,82.746737,250.978818,35.978412,74.105055,0,363699.7,6591716.32,198.58,LEFT,205.7,458,22/10/2025,01:15:12,01:22:50,2389.114552,EX5600,225,29.0,8.0,34,250.978818,82.746737,58.148614,74.105055,35.978412,2950.602751,8078.009049
pattern_9,A1850809_200_ES_2,6204129,4204129,EX004,EX5600FS,DT035,CAT 793,A-185-08-09,48.93,194.65,84.865797,84.865797,262.860716,37.634663,76.174702,0,363700.39,6591713.11,198.48,RIGHT,194.6,394,22/10/2025,01:22:50,01:29:24,1948.159563,EX5600,225,29.0,8.0,34,262.860716,84.865797,64.185555,76.174702,37.634663,2665.791655,7404.484005
pattern_9,A1850809_200_ES_2,6204130,4204130,EX004,EX5600FS,DT012,CAT 793,A-185-08-09,61.86,186.58,86.234417,86.234417,258.513752,44.995873,75.04957,0,363699.41,6591712.79,199.19,STRAIGHT,186.6,345,22/10/2025,01:29:24,01:35:09,2142.645776,EX5600,225,29.0,8.0,34,258.513752,86.234417,52.233891,75.04957,44.995873,2598.261208,7130.601203
pattern_9,A1850809_200_ES_5,6204131,4204131,EX004,EX5600FS,DT010,CAT 793,A-185-08-09,46.3,205.04,146.85762,146.85762,309.173395,32.048152,80.071695,0,363687.01,6591754.09,198.44,RIGHT,205.0,461,22/10/2025,01:35:09,01:42:50,1945.901017,EX5600,225,29.0,8.0,34,309.173395,146.85762,50.195928,80.071695,32.048152,2387.498176,5406.160926
pattern_9,A1850809_200_ES_5,6204132,4204132,EX004,EX5600FS,DT043,CAT 793,A-185-08-09,43.03,177.72,131.036743,131.036743,309.335197,45.900218,78.399089,0,363686.97,6591757.91,198.91,RIGHT,177.7,493,22/10/2025,01:42:50,01:51:03,1611.048561,EX5600,225,29.0,8.0,34,309.335197,131.036743,53.999146,78.399089,45.900218,2068.282761,5016.496199
pattern_9,A1850809_200_ES_5,6204133,4204133,EX004,EX5600FS,DT084,HIT EH5000,A-185-08-09,33.87,175.41,119.943426,119.943426,289.508266,48.780913,78.961364,0,363685.61,6591755.01,199.02,RIGHT,175.4,478,22/10/2025,01:51:03,01:59:01,1630.530038,EX5600,250,29.0,8.0,34,289.508266,119.943426,41.822564,78.961364,48.780913,2181.171973,5003.310212
pattern_9,A1850809_200_ES_5,6204134,4204134,EX004,EX5600FS,DT073,HIT EH5000,A-185-08-09,35.97,160.18,167.64995,167.64995,326.590928,44.927716,66.698481,0,363688.11,6591754.54,199.68,RIGHT,160.2,500,22/10/2025,01:59:01,02:07:21,1406.29431,EX5600,250,29.0,8.0,34,326.590928,167.64995,47.314781,66.698481,44.927716,1765.682252,3786.72828
pattern_9,A1850809_200_ES_5,6204135,4204135,EX004,EX5600FS,DT005,CAT 793,A-185-08-09,37.07,179.76,142.134061,142.134061,303.551617,39.096504,69.811436,0,363689.85,6591756.59,199.08,LEFT,179.8,572,22/10/2025,02:07:21,02:16:53,1563.586593,EX5600,225,29.0,8.0,34,303.551617,142.134061,52.509617,69.811436,39.096504,2131.91372,4862.442708
pattern_9,A1850809_200_ES_5,6204136,4204136,EX004,EX5600FS,DT008,CAT 793,A-185-08-09,47.85,176.1,138.198424,138.198424,305.432553,42.252921,73.619632,0,363687.74,6591753.22,198.4,STRAIGHT,176.1,482,22/10/2025,02:16:53,02:24:55,1600.759607,EX5600,225,29.0,8.0,34,305.432553,138.198424,51.361576,73.619632,42.252921,2075.638179,4628.035013
pattern_9,A1850809_200_ES_5,6204137,4204137,EX004,EX5600FS,DT001,CAT 793,A-185-08-09,39.95,158.05,142.2706,142.2706,323.18595,46.548064,77.430087,0,363686.32,6591754.79,199.25,LEFT,158.1,569,22/10/2025,02:24:55,02:34:24,1319.125747,EX5600,225,29.0,8.0,34,323.18595,142.2706,56.9372,77.430087,46.548064,1760.578655,4225.363582
pattern_9,A1850809_200_ES_5,6204138,4204138,EX004,EX5600FS,DT016,CAT 793,A-185-08-09,39.99,174.68,132.060772,132.060772,304.142539,43.085002,71.94183,0,363687.83,6591755.22,199.25,RIGHT,174.7,541,22/10/2025,02:34:24,02:43:25,1491.383636,EX5600,225,29.0,8.0,34,304.142539,132.060772,57.054935,71.94183,43.085002,2067.602609,4697.054018
pattern_9,A1850809_200_ES_5,6204139,4204139,EX004,EX5600FS,DT083,HIT EH5000,A-185-08-09,37.51,187.8,147.939315,147.939315,316.605788,40.902697,78.416453,0,363688.37,6591752.2,199.67,STRAIGHT,187.8,508,22/10/2025,02:43:25,02:51:53,1614.717642,EX5600,250,29.0,8.0,34,316.605788,147.939315,49.347323,78.416453,40.902697,2135.418202,4690.709497
pattern_9,A1850809_200_ES_5,6204140,4204140,EX004,EX5600FS,DT007,CAT 793,A-185-08-09,39.86,202.17,155.773871,155.773871,344.966082,47.009613,81.701852,0,363686.57,6591754.46,198.46,LEFT,202.2,564,22/10/2025,02:51:53,03:01:17,1657.123336,EX5600,225,29.0,8.0,34,344.966082,155.773871,60.480747,81.701852,47.009613,2109.857333,4939.876655
pattern_9,A1850809_200_ES_5,6204141,4204141,EX004,EX5600FS,DT067,HIT EH5000,A-185-08-09,40.69,197.85,153.53833,153.53833,321.77035,36.007212,89.16418,0,363687.67,6591756.09,198.67,STRAIGHT,197.8,511,22/10/2025,03:01:17,03:09:48,1606.82686,EX5600,250,29.0,8.0,34,321.77035,153.53833,43.060628,89.16418,36.007212,2213.552408,5095.496812
pattern_9,A1850809_200_ES_5,6204142,4204142,EX004,EX5600FS,DT067,HIT EH5000,A-185-08-09,51.09,192.06,134.571486,134.571486,322.927088,44.311789,78.175937,0,363688.13,6591753.77,199.11,RIGHT,192.1,468,22/10/2025,03:09:48,03:17:36,1675.090272,EX5600,250,29.0,8.0,34,322.927088,134.571486,65.867876,78.175937,44.311789,2141.038639,4968.635391
pattern_9,A1850809_200_ES_1,6204143,4204143,EX004,EX5600FS,DT044,CAT 793,A-185-08-09,44.44,201.33,92.805746,92.805746,265.535054,38.637552,76.347194,0,363700.1,6591703.73,200.11,STRAIGHT,201.3,398,22/10/2025,03:17:36,03:24:14,2402.945391,EX5600,225,29.0,8.0,34,265.535054,92.805746,57.744562,76.347194,38.637552,2729.524316,7697.25857
pattern_9,A1850809_200_ES_1,6204144,4204144,EX004,EX5600FS,DT068,HIT EH5000,A-185-08-09,47.22,212.29,72.524525,72.524525,234.449435,35.698732,70.813631,0,363697.15,6591706.58,199.66,LEFT,212.3,417,22/10/2025,03:24:14,03:31:11,2586.352498,EX5600,250,29.0,8.0,34,234.449435,72.524525,55.412547,70.813631,35.698732,3259.784155,8982.987997
pattern_9,A1850809_200_ES_1,6204145,4204145,EX004,EX5600FS,DT014,CAT 793,A-185-08-09,45.26,195.79,83.907444,83.907444,239.269215,46.178557,69.370419,0,363696.81,6591706.72,199.38,LEFT,195.8,377,22/10/2025,03:31:11,03:37:28,2445.959878,EX5600,225,29.0,8.0,34,239.269215,83.907444,39.812796,69.370419,46.178557,2945.864134,8006.452034
pattern_9,A1850809_200_ES_1,6204146,4204146,EX004,EX5600FS,DT010,CAT 793,A-185-08-09,38.81,168.32,80.093974,80.093974,238.836505,39.097225,69.190117,0,363700.0,6591703.14,199.34,STRAIGHT,168.3,477,22/10/2025,03:37:28,03:45:25,1920.56407,EX5600,225,29.0,8.0,34,238.836505,80.093974,50.455189,69.190117,39.097225,2537.038304,7111.185836
pattern_9,A1850809_200_ES_1,6204147,4204147,EX004,EX5600FS,DT042,CAT 793,A-185-08-09,51.74,181.09,84.656051,84.656051,259.768226,48.725231,71.232897,0,363702.06,6591704.78,198.36,LEFT,181.1,430,22/10/2025,03:45:25,03:52:35,2014.308572,EX5600,225,29.0,8.0,34,259.768226,84.656051,55.154048,71.232897,48.725231,2509.587801,7051.284744
pattern_9,A1850809_200_ES_1,6204148,4204148,EX004,EX5600FS,DT048,HIT EH5000,A-185-08-09,44.84,183.13,98.785966,98.785966,275.910794,47.491058,72.417767,0,363701.29,6591705.74,198.31,LEFT,183.1,423,22/10/2025,03:52:35,03:59:38,1911.446933,EX5600,250,29.0,8.0,34,275.910794,98.785966,57.216003,72.417767,47.491058,2389.380824,6392.791743
pattern_9,A1850809_200_ES_1,6204149,4204149,EX004,EX5600FS,DT082,HIT EH5000,A-185-08-09,41.1,186.01,93.927179,93.927179,259.819544,36.407081,73.988399,0,363702.44,6591699.89,198.97,STRAIGHT,186.0,348,22/10/2025,03:59:38,04:05:26,2122.120281,EX5600,250,29.0,8.0,34,259.819544,93.927179,55.496885,73.988399,36.407081,2577.374893,7150.496005
pattern_9,A1850809_200_ES_1,6204150,4204150,EX004,EX5600FS,DT054,HIT EH5000,A-185-08-09,37.78,195.2,89.743297,89.743297,273.382127,45.468875,82.693672,0,363703.75,6591705.65,198.38,LEFT,195.2,459,22/10/2025,04:05:26,04:13:05,2202.328091,EX5600,250,29.0,8.0,34,273.382127,89.743297,55.476283,82.693672,45.468875,2570.466416,7248.715293
pattern_9,A1850809_200_ES_1,6204151,4204151,EX004,EX5600FS,DT056,HIT EH5000,A-185-08-09,48.63,199.37,99.573005,99.573005,252.350849,38.879865,72.884788,0,363701.0,6591705.55,198.39,RIGHT,199.4,417,22/10/2025,04:13:05,04:20:02,2181.815064,EX5600,250,29.0,8.0,34,252.350849,99.573005,41.013192,72.884788,38.879865,2844.185354,8020.602699
pattern_9,A1850809_200_ES_1,6204152,4204152,EX004,EX5600FS,DT044,CAT 793,A-185-08-09,43.54,208.88,80.542172,80.542172,239.205577,33.942791,74.435858,0,363702.19,6591704.59,198.54,LEFT,208.9,402,22/10/2025,04:20:02,04:26:44,2441.475108,EX5600,225,29.0,8.0,34,239.205577,80.542172,50.284757,74.435858,33.942791,3143.592516,8665.481506
pattern_9,A1850809_200_ES_1,6204153,4204153,EX004,EX5600FS,DT036,CAT 793,A-185-08-09,40.04,203.43,92.145262,92.145262,267.512598,44.161256,72.052754,0,363699.06,6591702.56,199.94,RIGHT,203.4,440,22/10/2025,04:26:44,04:34:04,2141.305976,EX5600,225,29.0,8.0,34,267.512598,92.145262,59.153327,72.052754,44.161256,2737.642644,7571.844178
pattern_9,A1850809_200_ES_5,6204154,4204154,EX004,EX5600FS,DT022,CAT 793,A-185-08-09,49.65,175.22,130.562643,130.562643,315.59156,47.076102,79.559181,0,363690.37,6591750.84,199.4,STRAIGHT,175.2,507,22/10/2025,04:34:04,04:42:31,1600.093767,EX5600,225,29.0,8.0,34,315.59156,130.562643,58.393633,79.559181,47.076102,1998.808568,4633.370125
pattern_9,A1850809_200_ES_5,6204155,4204155,EX004,EX5600FS,DT051,HIT EH5000,A-185-08-09,38.13,174.14,130.778814,130.778814,305.688354,41.88942,75.177571,0,363690.43,6591747.31,199.29,RIGHT,174.1,534,22/10/2025,04:42:31,04:51:25,1658.638437,EX5600,250,29.0,8.0,34,305.688354,130.778814,57.842549,75.177571,41.88942,2050.845017,4705.568273
pattern_9,A1850809_200_ES_5,6204156,4204156,EX004,EX5600FS,DT039,CAT 793,A-185-08-09,41.38,163.74,158.82006,158.82006,335.328891,35.044384,81.846492,0,363689.82,6591749.68,199.45,LEFT,163.7,533,22/10/2025,04:51:25,05:00:18,1331.765183,EX5600,225,29.0,8.0,34,335.328891,158.82006,59.617955,81.846492,35.044384,1757.825756,4010.580863
pattern_9,A1850809_200_ES_5,6204157,4204157,EX004,EX5600FS,DT014,CAT 793,A-185-08-09,32.66,165.5,123.994535,123.994535,288.238263,38.713094,75.817818,0,363686.08,6591745.62,198.83,RIGHT,165.5,488,22/10/2025,05:00:18,05:08:26,1614.421881,EX5600,225,29.0,8.0,34,288.238263,123.994535,49.712816,75.817818,38.713094,2067.011015,4701.824707
pattern_9,A1850809_200_ES_5,6204158,4204158,EX004,EX5600FS,DT008,CAT 793,A-185-08-09,40.64,182.78,108.279471,108.279471,283.481095,38.142841,71.832428,0,363689.06,6591746.59,198.99,LEFT,182.8,426,22/10/2025,05:08:26,05:15:32,1772.622497,EX5600,225,29.0,8.0,34,283.481095,108.279471,65.226355,71.832428,38.142841,2321.171421,5236.635353
pattern_9,A1850809_200_ES_5,6204159,4204159,EX004,EX5600FS,DT084,HIT EH5000,A-185-08-09,49.36,181.17,153.937367,153.937367,335.892423,44.138369,84.300384,0,363689.94,6591745.43,199.63,STRAIGHT,181.2,494,22/10/2025,05:15:32,05:23:46,1459.916392,EX5600,250,29.0,8.0,34,335.892423,153.937367,53.516303,84.300384,44.138369,1941.68176,4478.371674
pattern_9,A1850809_200_ES_5,6204160,4204160,EX004,EX5600FS,DT020,CAT 793,A-185-08-09,42.99,187.7,126.309381,126.309381,298.106103,42.353193,81.382701,0,363688.6,6591745.64,199.59,STRAIGHT,187.7,494,22/10/2025,05:23:46,05:32:00,1679.924944,EX5600,225,29.0,8.0,34,298.106103,126.309381,48.060827,81.382701,42.353193,2266.746177,5220.734718
pattern_9,A1850809_200_ES_5,6204161,4204161,EX004,EX5600FS,DT082,HIT EH5000,A-185-08-09,45.06,182.6,153.087718,153.087718,315.787346,39.012432,73.919225,0,363688.18,6591749.41,199.98,LEFT,182.6,463,22/10/2025,05:32:00,05:39:43,1675.012809,EX5600,250,29.0,8.0,34,315.787346,153.087718,49.767971,73.919225,39.012432,2081.683486,4830.529528
pattern_9,A1850809_200_ES_5,6204162,4204162,EX004,EX5600FS,DT044,CAT 793,A-185-08-09,39.41,182.47,127.964873,127.964873,302.498102,42.502878,74.894916,0,363688.68,6591746.37,199.77,LEFT,182.5,470,22/10/2025,05:39:43,05:47:33,1761.631497,EX5600,225,29.0,8.0,34,302.498102,127.964873,57.135434,74.894916,42.502878,2171.570837,5176.208956
pattern_9,A1850809_200_ES_5,6204163,4204163,EX004,EX5600FS,DT043,CAT 793,A-185-08-09,51.07,170.81,149.703128,149.703128,335.477192,42.869562,84.447097,0,363688.59,6591746.33,199.84,LEFT,170.8,608,22/10/2025,05:47:33,05:57:41,1441.132286,EX5600,225,29.0,8.0,34,335.477192,149.703128,58.457405,84.447097,42.869562,1832.934748,4374.043428
pattern_9,A1850809_200_ES_5,6204164,4204164,EX004,EX5600FS,DT073,HIT EH5000,A-185-08-09,39.14,175.04,148.630926,148.630926,320.230645,43.99147,82.697518,0,363687.8,6591744.83,199.95,RIGHT,175.0,547,22/10/2025,05:57:41,06:06:48,1487.460797,EX5600,250,29.0,8.0,34,320.230645,148.630926,44.910732,82.697518,43.99147,1967.742383,4515.809839
pattern_9,A1850809_200_ES_5,6204165,4204165,EX004,EX5600FS,DT039,CAT 793,A-185-08-09,62.5,187.61,137.824812,137.824812,338.142903,43.152546,87.531287,0,363688.87,6591747.53,198.04,RIGHT,187.6,537,22/10/2025,06:06:48,06:15:45,1501.885961,EX5600,225,29.0,8.0,34,338.142903,137.824812,69.634257,87.531287,43.152546,1997.374525,4704.788653
pattern_9,A1850809_200_ES_5,6204166,4204166,EX004,EX5600FS,DT065,HIT EH5000,A-185-08-09,41.1,180.41,129.445194,129.445194,310.976709,43.680017,88.917223,0,363688.64,6591746.36,199.31,RIGHT,180.4,463,22/10/2025,06:15:45,06:23:28,1660.969818,EX5600,250,29.0,8.0,34,310.976709,129.445194,48.934275,88.917223,43.680017,2088.559595,4774.695682
pattern_9,A1850809_200_ES_4,6204167,4204167,EX004,EX5600FS,DT045,CAT 793,A-185-08-09,49.32,186.5,115.200634,115.200634,285.343067,42.23017,76.104226,0,363688.69,6591738.21,198.35,RIGHT,186.5,548,22/10/2025,06:23:28,06:32:36,1718.462555,EX5600,225,29.0,8.0,34,285.343067,115.200634,51.808037,76.104226,42.23017,2352.942128,5540.387879
pattern_9,A1850809_200_ES_4,6204168,4204168,EX004,EX5600FS,DT040,CAT 793,A-185-08-09,49.55,179.88,110.645033,110.645033,284.88071,34.872104,84.091663,0,363684.67,6591738.19,198.54,STRAIGHT,179.9,361,22/10/2025,06:32:36,06:38:37,1724.86007,EX5600,225,29.0,8.0,34,284.88071,110.645033,55.271909,84.091663,34.872104,2273.101235,5426.887166
pattern_9,A1850809_200_ES_4,6204169,4204169,EX004,EX5600FS,DT004,CAT 793,A-185-08-09,53.13,193.59,114.734294,114.734294,300.671379,44.30592,81.7475,0,363690.88,6591740.42,199.8,STRAIGHT,193.6,501,22/10/2025,06:38:37,06:46:58,1776.185876,EX5600,225,29.0,8.0,34,300.671379,114.734294,59.883664,81.7475,44.30592,2317.94234,5080.077981
pattern_9,A1850809_200_ES_4,6204170,4204170,EX004,EX5600FS,DT008,CAT 793,A-185-08-09,54.24,190.54,125.964065,125.964065,296.115513,40.000086,73.314686,0,363689.92,6591741.26,198.43,RIGHT,190.5,425,22/10/2025,06:46:58,06:54:03,1889.586954,EX5600,225,29.0,8.0,34,296.115513,125.964065,56.836676,73.314686,40.000086,2316.534458,5873.50123
pattern_9,A1850809_200_ES_4,6204171,4204171,EX004,EX5600FS,DT088,HIT EH5000,A-185-08-09,44.78,205.87,126.222975,126.222975,308.639714,45.218899,81.273729,0,363688.33,6591739.01,199.21,STRAIGHT,205.9,464,22/10/2025,06:54:03,07:01:47,1805.192268,EX5600,250,29.0,8.0,34,308.639714,126.222975,55.92411,81.273729,45.218899,2401.32317,5544.726899
pattern_9,A1850809_200_ES_4,6204172,4204172,EX004,EX5600FS,DT025,CAT 793,A-185-08-09,56.76,201.5,117.233189,117.233189,285.839433,41.056768,74.736776,0,363689.91,6591739.21,199.11,RIGHT,201.5,392,22/10/2025,07:01:47,07:08:19,1835.730076,EX5600,225,29.0,8.0,34,285.839433,117.233189,52.812701,74.736776,41.056768,2537.818834,6126.494822
pattern_9,A1850809_200_ES_4,6204173,4204173,EX004,EX5600FS,DT083,HIT EH5000,A-185-08-09,46.37,189.71,135.593041,135.593041,309.093887,47.63828,73.384193,0,363688.6,6591738.93,199.17,RIGHT,189.7,450,22/10/2025,07:08:19,07:15:49,1726.025043,EX5600,250,29.0,8.0,34,309.093887,135.593041,52.478373,73.384193,47.63828,2209.487506,5305.49028
pattern_9,A1850809_200_ES_4,6204174,4204174,EX004,EX5600FS,DT006,CAT 793,A-185-08-09,60.34,196.82,126.973463,126.973463,327.526368,41.046014,95.919637,0,363689.29,6591738.21,198.49,RIGHT,196.8,508,22/10/2025,07:15:49,07:24:17,1486.890043,EX5600,225,29.0,8.0,34,327.526368,126.973463,63.587255,95.919637,41.046014,2163.354693,4882.002686
pattern_9,A1850809_200_ES_4,6204175,4204175,EX004,EX5600FS,DT043,CAT 793,A-185-08-09,38.61,182.6,113.083112,113.083112,283.134545,37.889732,80.8591,0,363686.63,6591741.29,199.02,STRAIGHT,182.6,452,22/10/2025,07:24:17,07:31:49,1740.479887,EX5600,225,29.0,8.0,34,283.134545,113.083112,51.302601,80.8591,37.889732,2321.675201,5562.097909
pattern_9,A1850809_200_ES_4,6204176,4204176,EX004,EX5600FS,DT050,HIT EH5000,A-185-08-09,43.79,192.84,112.909701,112.909701,267.647964,39.577171,66.214936,0,363688.57,6591738.75,198.94,STRAIGHT,192.8,462,22/10/2025,07:31:49,07:39:31,1953.887967,EX5600,250,29.0,8.0,34,267.647964,112.909701,48.946156,66.214936,39.577171,2593.76867,6160.169402
pattern_9,A1850809_200_ES_4,6204177,4204177,EX004,EX5600FS,DT035,CAT 793,A-185-08-09,50.18,200.76,128.149314,128.149314,308.39941,44.328922,77.681196,0,363689.36,6591738.59,198.46,LEFT,200.8,525,22/10/2025,07:39:31,07:48:16,1811.776622,EX5600,225,29.0,8.0,34,308.39941,128.149314,58.239979,77.681196,44.328922,2343.500891,5707.089294
pattern_9,A1850809_200_ES_3,6204178,4204178,EX004,EX5600FS,DT030,CAT 793,A-185-08-09,46.59,183.68,116.936439,116.936439,262.727108,35.708279,62.117862,0,363690.93,6591732.07,198.29,LEFT,183.7,415,22/10/2025,07:48:16,07:55:11,2073.340712,EX5600,225,29.0,8.0,34,262.727108,116.936439,47.964528,62.117862,35.708279,2516.832491,6333.651513
pattern_9,A1850809_200_ES_3,6204179,4204179,EX004,EX5600FS,DT053,HIT EH5000,A-185-08-09,37.43,187.2,120.38745,120.38745,299.412807,35.614611,83.351984,0,363692.01,6591734.25,198.89,RIGHT,187.2,643,22/10/2025,07:55:11,08:05:54,1775.193409,EX5600,250,29.0,8.0,34,299.412807,120.38745,60.058762,83.351984,35.614611,2250.850316,5380.665219
pattern_9,A1850809_200_ES_3,6204180,4204180,EX004,EX5600FS,DT089,HIT EH5000,A-185-08-09,41.96,190.77,122.685756,122.685756,277.649532,38.138112,70.699041,0,363690.08,6591731.85,199.25,RIGHT,190.8,473,22/10/2025,08:05:54,08:13:47,1896.883487,EX5600,250,29.0,8.0,34,277.649532,122.685756,46.126623,70.699041,38.138112,2473.461866,5907.342701
pattern_9,A1850809_200_ES_3,6204181,4204181,EX004,EX5600FS,DT039,CAT 793,A-185-08-09,43.32,184.42,119.529862,119.529862,294.925496,44.200786,77.290933,0,363692.59,6591729.55,198.44,LEFT,184.4,403,22/10/2025,08:13:47,08:20:30,1686.428359,EX5600,225,29.0,8.0,34,294.925496,119.529862,53.903915,77.290933,44.200786,2251.102841,5525.998434
pattern_9,A1850809_200_ES_3,6204182,4204182,EX004,EX5600FS,DT015,CAT 793,A-185-08-09,46.69,212.68,126.729105,126.729105,319.189509,39.173732,92.029611,0,363691.73,6591735.1,198.74,LEFT,212.7,504,22/10/2025,08:20:30,08:28:54,1809.878787,EX5600,225,29.0,8.0,34,319.189509,126.729105,61.25706,92.029611,39.173732,2398.693157,6260.751187
pattern_9,A1850809_200_ES_3,6204183,4204183,EX004,EX5600FS,DT045,CAT 793,A-185-08-09,44.09,213.0,118.040179,118.040179,302.854576,41.436326,81.986427,0,363691.36,6591730.59,198.22,RIGHT,213.0,520,22/10/2025,08:28:54,08:37:34,1920.068298,EX5600,225,29.0,8.0,34,302.854576,118.040179,61.391644,81.986427,41.436326,2531.871556,6548.749434
pattern_9,A1850809_200_ES_3,6204184,4204184,EX004,EX5600FS,DT078,HIT EH5000,A-185-08-09,57.66,190.7,114.887128,114.887128,287.385625,38.362826,78.099621,0,363691.86,6591731.62,199.43,STRAIGHT,190.7,480,22/10/2025,08:37:34,08:45:34,1720.496614,EX5600,250,29.0,8.0,34,287.385625,114.887128,56.03605,78.099621,38.362826,2388.81999,5902.646265
pattern_9,A1850809_200_ES_3,6204185,4204185,EX004,EX5600FS,DT020,CAT 793,A-185-08-09,40.69,180.49,127.652753,127.652753,301.124548,42.588882,72.936931,0,363689.19,6591728.66,198.46,STRAIGHT,180.5,519,22/10/2025,08:45:34,08:54:13,1580.853063,EX5600,225,29.0,8.0,34,301.124548,127.652753,57.945981,72.936931,42.588882,2157.798562,5499.106286
pattern_9,A1850809_200_ES_3,6204186,4204186,EX004,EX5600FS,DT082,HIT EH5000,A-185-08-09,49.38,186.98,92.990227,92.990227,250.79428,38.1748,68.34636,0,363690.77,6591731.86,199.77,RIGHT,187.0,382,22/10/2025,08:54:13,09:00:35,2200.97812,EX5600,250,29.0,8.0,34,250.79428,92.990227,51.282894,68.34636,38.1748,2683.913447,6297.243498
pattern_9,A1850809_200_ES_3,6204187,4204187,EX004,EX5600FS,DT059,HIT EH5000,A-185-08-09,55.81,167.42,103.672939,103.672939,270.551439,48.252903,68.748127,0,363687.8,6591734.66,199.43,RIGHT,167.4,402,22/10/2025,09:00:35,09:07:17,1876.514155,EX5600,250,29.0,8.0,34,270.551439,103.672939,49.877471,68.748127,48.252903,2227.718277,5498.637354
pattern_9,A1850809_200_ES_3,6204188,4204188,EX004,EX5600FS,DT075,HIT EH5000,A-185-08-09,43.39,172.21,129.279263,129.279263,296.580784,48.126167,68.985827,0,363686.71,6591731.36,198.48,LEFT,172.2,434,22/10/2025,09:07:17,09:14:31,1557.768128,EX5600,250,29.0,8.0,34,296.580784,129.279263,50.189528,68.985827,48.126167,2090.364685,5055.156138
pattern_9,A1850809_200_ES_3,6204189,4204189,EX004,EX5600FS,DT036,CAT 793,A-185-08-09,49.67,191.97,121.556332,121.556332,294.86515,44.517753,70.01491,0,363689.11,6591728.43,199.97,STRAIGHT,192.0,458,22/10/2025,09:14:31,09:22:09,1808.399346,EX5600,225,29.0,8.0,34,294.86515,121.556332,58.776154,70.01491,44.517753,2343.704532,5613.753895
pattern_9,A1850809_200_ES_2,6204190,4204190,EX004,EX5600FS,DT078,HIT EH5000,A-185-08-09,48.41,197.65,100.818298,100.818298,264.964509,35.363975,76.972983,0,363675.74,6591775.15,199.82,STRAIGHT,197.6,392,22/10/2025,09:22:09,09:28:41,2104.946743,EX5600,250,29.0,8.0,34,264.964509,100.818298,51.809253,76.972983,35.363975,2685.391241,7182.969394
pattern_9,A1850809_200_ES_2,6204191,4204191,EX004,EX5600FS,DT033,CAT 793,A-185-08-09,39.92,196.42,89.781144,89.781144,265.889971,34.388949,79.102599,0,363678.72,6591775.29,198.7,LEFT,196.4,445,22/10/2025,09:28:41,09:36:06,1883.371708,EX5600,225,29.0,8.0,34,265.889971,89.781144,62.61728,79.102599,34.388949,2659.443718,7014.179874
pattern_9,A1850809_200_ES_2,6204192,4204192,EX004,EX5600FS,DT039,CAT 793,A-185-08-09,47.24,193.22,93.732472,93.732472,266.857279,42.157358,73.961539,0,363677.37,6591773.08,199.12,LEFT,193.2,477,22/10/2025,09:36:06,09:44:03,1918.855854,EX5600,225,29.0,8.0,34,266.857279,93.732472,57.005909,73.961539,42.157358,2606.661062,7023.390967
pattern_9,A1850809_200_ES_2,6204193,4204193,EX004,EX5600FS,DT044,CAT 793,A-185-08-09,51.75,175.55,102.141531,102.141531,280.157686,46.329097,77.647722,0,363681.95,6591776.1,199.04,RIGHT,175.6,448,22/10/2025,09:44:03,09:51:31,1818.893597,EX5600,225,29.0,8.0,34,280.157686,102.141531,54.039336,77.647722,46.329097,2255.823535,5833.510697
pattern_9,A1850809_200_ES_2,6204194,4204194,EX004,EX5600FS,DT014,CAT 793,A-185-08-09,58.86,178.23,100.444471,100.444471,262.763484,33.228958,80.502704,0,363677.26,6591778.24,198.45,LEFT,178.2,371,22/10/2025,09:51:31,09:57:42,2184.357019,EX5600,225,29.0,8.0,34,262.763484,100.444471,48.587351,80.502704,33.228958,2441.912248,6184.801388
pattern_9,A1850809_200_ES_2,6204195,4204195,EX004,EX5600FS,DT048,HIT EH5000,A-185-08-09,59.75,199.24,89.294378,89.294378,258.577406,34.287191,80.216571,0,363678.6,6591774.4,198.5,RIGHT,199.2,431,22/10/2025,09:57:42,10:04:53,2076.679406,EX5600,250,29.0,8.0,34,258.577406,89.294378,54.779266,80.216571,34.287191,2773.91131,7108.101747
pattern_9,A1850809_200_ES_2,6204196,4204196,EX004,EX5600FS,DT082,HIT EH5000,A-185-08-09,53.86,186.03,103.885639,103.885639,249.882676,35.270398,62.580259,0,363675.61,6591771.88,199.52,RIGHT,186.0,487,22/10/2025,10:04:53,10:13:00,2143.031605,EX5600,250,29.0,8.0,34,249.882676,103.885639,48.14638,62.580259,35.270398,2680.066554,7286.197755
pattern_9,A1850809_200_ES_2,6204197,4204197,EX004,EX5600FS,DT063,HIT EH5000,A-185-08-09,42.4,187.57,87.362345,87.362345,260.654487,44.660453,73.016172,0,363676.52,6591774.0,198.84,LEFT,187.6,338,22/10/2025,10:13:00,10:18:38,2099.132391,EX5600,250,29.0,8.0,34,260.654487,87.362345,55.615516,73.016172,44.660453,2590.558891,6928.985451
pattern_9,A1850809_200_ES_2,6204198,4204198,EX004,EX5600FS,DT059,HIT EH5000,A-185-08-09,50.71,198.04,95.762325,95.762325,262.741958,35.08618,74.321774,0,363678.37,6591769.48,199.03,RIGHT,198.0,450,22/10/2025,10:18:38,10:26:08,2100.900545,EX5600,250,29.0,8.0,34,262.741958,95.762325,57.571679,74.321774,35.08618,2713.508164,7436.350315
pattern_9,A1850809_200_ES_2,6204199,4204199,EX004,EX5600FS,DT021,CAT 793,A-185-08-09,46.26,201.98,96.454778,96.454778,267.787941,40.601438,79.075067,0,363679.28,6591776.29,199.54,LEFT,202.0,445,22/10/2025,10:26:08,10:33:33,2057.006159,EX5600,225,29.0,8.0,34,267.787941,96.454778,51.656657,79.075067,40.601438,2715.272669,7132.98529
pattern_9,A1850809_200_ES_2,6204200,4204200,EX004,EX5600FS,DT025,CAT 793,A-185-08-09,69.98,209.93,92.398495,92.398495,261.070953,35.67913,79.9069,0,363682.38,6591772.38,198.64,LEFT,209.9,494,22/10/2025,10:33:33,10:41:47,2356.75675,EX5600,225,29.0,8.0,34,261.070953,92.398495,53.086428,79.9069,35.67913,2894.770496,7857.573472
pattern_9,A1850809_200_ES_3,6204201,4204201,EX004,EX5600FS,DT017,CAT 793,A-185-08-09,37.5,171.53,101.669832,101.669832,275.010403,38.804523,82.705032,0,363688.32,6591722.06,199.74,LEFT,171.5,836,22/10/2025,10:41:47,10:55:43,1822.684664,EX5600,225,29.0,8.0,34,275.010403,101.669832,51.831016,82.705032,38.804523,2245.457166,5784.956296
pattern_9,A1850809_200_ES_3,6204202,4204202,EX004,EX5600FS,DT038,CAT 793,A-185-08-09,48.21,183.51,104.023871,104.023871,273.92687,32.289471,77.577097,0,363688.6,6591725.16,198.87,LEFT,183.5,382,22/10/2025,10:55:43,11:02:05,1887.268921,EX5600,225,29.0,8.0,34,273.92687,104.023871,60.036431,77.577097,32.289471,2411.775702,6277.116429
pattern_9,A1850809_200_ES_3,6204203,4204203,EX004,EX5600FS,DT057,HIT EH5000,A-185-08-09,55.3,179.73,91.184999,91.184999,263.18624,47.91813,74.876658,0,363687.7,6591725.56,199.51,RIGHT,179.7,431,22/10/2025,11:02:05,11:09:16,2012.769332,EX5600,250,29.0,8.0,34,263.18624,91.184999,49.206453,74.876658,47.91813,2458.492507,6212.607079
pattern_9,A1850809_200_ES_3,6204204,4204204,EX004,EX5600FS,DT069,HIT EH5000,A-185-08-09,39.32,190.99,110.397521,110.397521,279.970482,46.27063,76.528464,0,363694.66,6591719.84,198.35,LEFT,191.0,444,22/10/2025,11:09:16,11:16:40,1865.381491,EX5600,250,29.0,8.0,34,279.970482,110.397521,46.773867,76.528464,46.27063,2455.830679,6105.475795
pattern_9,A1850809_200_ES_3,6204205,4204205,EX004,EX5600FS,DT077,HIT EH5000,A-185-08-09,44.22,198.15,106.755121,106.755121,292.619185,43.24683,82.753165,0,363691.69,6591721.78,199.16,RIGHT,198.1,424,22/10/2025,11:16:40,11:23:44,1813.711179,EX5600,250,29.0,8.0,34,292.619185,106.755121,59.864069,82.753165,43.24683,2437.772787,6240.106611
pattern_9,A1850809_200_ES_3,6204206,4204206,EX004,EX5600FS,DT071,HIT EH5000,A-185-08-09,48.39,197.48,110.242673,110.242673,300.952794,43.072395,90.516523,0,363690.57,6591727.11,199.15,STRAIGHT,197.5,532,22/10/2025,11:23:44,11:32:36,1919.04108,EX5600,250,29.0,8.0,34,300.952794,110.242673,57.121204,90.516523,43.072395,2362.217311,6117.801694
pattern_9,A1850809_200_ES_3,6204207,4204207,EX004,EX5600FS,DT064,HIT EH5000,A-185-08-09,54.58,200.9,103.144813,103.144813,276.636898,46.198028,77.824546,0,363693.67,6591723.99,199.39,LEFT,200.9,417,22/10/2025,11:32:36,11:39:33,2174.610642,EX5600,250,29.0,8.0,34,276.636898,103.144813,49.469511,77.824546,46.198028,2614.340652,6437.460027
pattern_9,A1850809_200_ES_3,6204208,4204208,EX004,EX5600FS,DT023,CAT 793,A-185-08-09,52.23,194.26,102.904853,102.904853,272.844794,42.949477,74.384785,0,363689.35,6591724.95,199.61,RIGHT,194.3,484,22/10/2025,11:39:33,11:47:37,2069.457992,EX5600,225,29.0,8.0,34,272.844794,102.904853,52.605678,74.384785,42.949477,2563.072979,6369.384778
pattern_9,A1850809_200_ES_3,6204209,4204209,EX004,EX5600FS,DT051,HIT EH5000,A-185-08-09,61.96,185.89,90.363438,90.363438,255.991882,39.116731,67.596698,0,363688.76,6591723.89,199.07,RIGHT,185.9,352,22/10/2025,11:47:37,11:53:29,1936.799274,EX5600,250,29.0,8.0,34,255.991882,90.363438,58.915015,67.596698,39.116731,2614.139143,6728.003938
pattern_9,A1850809_200_ES_3,6204210,4204210,EX004,EX5600FS,DT014,CAT 793,A-185-08-09,47.83,187.77,100.361147,100.361147,254.874433,38.254214,58.691624,0,363687.65,6591723.77,199.91,STRAIGHT,187.8,470,22/10/2025,11:53:29,12:01:19,1933.814181,EX5600,225,29.0,8.0,34,254.874433,100.361147,57.567447,58.691624,38.254214,2652.190295,6712.345344
pattern_9,A1850809_200_ES_3,6204211,4204211,EX004,EX5600FS,DT030,CAT 793,A-185-08-09,55.9,167.7,100.009311,100.009311,262.243725,36.088356,71.819498,0,363693.25,6591721.08,199.1,LEFT,167.7,386,22/10/2025,12:01:19,12:07:45,1873.687591,EX5600,225,29.0,8.0,34,262.243725,100.009311,54.32656,71.819498,36.088356,2302.162889,5995.533163
pattern_9,A1850809_200_ES_3,6204212,4204212,EX004,EX5600FS,DT019,CAT 793,A-185-08-09,39.51,163.91,86.896115,86.896115,270.569477,40.735798,76.761159,0,363687.05,6591728.41,199.53,RIGHT,163.9,628,22/10/2025,12:07:45,12:18:13,1662.177423,EX5600,225,29.0,8.0,34,270.569477,86.896115,66.176406,76.761159,40.735798,2180.816931,5394.148274
pattern_9,A1850809_200_ES_3,6204213,4204213,EX004,EX5600FS,DT003,CAT 793,A-185-08-09,42.46,213.43,100.160656,100.160656,261.679593,38.722285,69.585996,0,363678.32,6591767.34,198.87,LEFT,213.4,394,22/10/2025,12:18:13,12:24:47,2253.405895,EX5600,225,29.0,8.0,34,261.679593,100.160656,53.210656,69.585996,38.722285,2936.207158,7670.327365
pattern_9,A1850809_200_ES_3,6204214,4204214,EX004,EX5600FS,DT018,CAT 793,A-185-08-09,64.2,207.9,99.913409,99.913409,283.397644,45.089902,79.355669,0,363677.75,6591765.44,199.47,LEFT,207.9,458,22/10/2025,12:24:47,12:32:25,2140.829224,EX5600,225,29.0,8.0,34,283.397644,99.913409,59.038664,79.355669,45.089902,2640.97801,6548.800524
pattern_9,A1850809_200_ES_3,6204215,4204215,EX004,EX5600FS,DT007,CAT 793,A-185-08-09,41.91,186.37,95.977081,95.977081,266.878937,44.651888,67.425148,0,363678.39,6591765.87,198.74,LEFT,186.4,419,22/10/2025,12:32:25,12:39:24,2053.586816,EX5600,225,29.0,8.0,34,266.878937,95.977081,58.82482,67.425148,44.651888,2513.990683,6217.256884
pattern_9,A1850809_200_ES_3,6204216,4204216,EX004,EX5600FS,DT010,CAT 793,A-185-08-09,53.93,204.97,104.975302,104.975302,271.776734,36.412587,81.393744,0,363678.11,6591765.7,198.85,RIGHT,205.0,403,22/10/2025,12:39:24,12:46:07,1997.014206,EX5600,225,29.0,8.0,34,271.776734,104.975302,48.9951,81.393744,36.412587,2715.05224,6698.025102
pattern_9,A1850809_200_ES_3,6204217,4204217,EX004,EX5600FS,DT084,HIT EH5000,A-185-08-09,45.56,208.94,111.156724,111.156724,285.799828,45.789169,69.322708,0,363679.57,6591765.95,199.61,RIGHT,208.9,484,22/10/2025,12:46:07,12:54:11,2065.025203,EX5600,250,29.0,8.0,34,285.799828,111.156724,59.531227,69.322708,45.789169,2631.91131,6656.801324
pattern_9,A1850809_200_ES_3,6204218,4204218,EX004,EX5600FS,DT052,HIT EH5000,A-185-08-09,43.31,194.88,107.244662,107.244662,278.712557,43.953629,75.880576,0,363679.24,6591766.31,198.97,LEFT,194.9,404,22/10/2025,12:54:11,13:00:55,2015.793819,EX5600,250,29.0,8.0,34,278.712557,107.244662,51.63369,75.880576,43.953629,2517.148215,6309.435456
pattern_9,A1850809_200_ES_3,6204219,4204219,EX004,EX5600FS,DT069,HIT EH5000,A-185-08-09,46.78,181.16,108.860646,108.860646,286.701768,42.379166,80.15774,0,363681.19,6591762.65,199.18,LEFT,181.2,543,22/10/2025,13:00:55,13:09:58,1773.790924,EX5600,250,29.0,8.0,34,286.701768,108.860646,55.304216,80.15774,42.379166,2274.751417,5839.414523
pattern_9,A1850809_200_ES_3,6204220,4204220,EX004,EX5600FS,DT072,HIT EH5000,A-185-08-09,59.66,185.5,107.812762,107.812762,277.46067,37.391964,75.699468,0,363676.59,6591766.57,198.57,LEFT,185.5,433,22/10/2025,13:09:58,13:17:11,1927.673238,EX5600,250,29.0,8.0,34,277.46067,107.812762,56.556477,75.699468,37.391964,2406.887478,5923.363296
pattern_9,A1850809_200_ES_3,6204221,4204221,EX004,EX5600FS,DT075,HIT EH5000,A-185-08-09,51.09,178.52,101.015305,101.015305,279.235857,43.786006,73.920213,0,363676.8,6591765.08,199.51,RIGHT,178.5,441,22/10/2025,13:17:11,13:24:32,1917.330904,EX5600,250,29.0,8.0,34,279.235857,101.015305,60.514333,73.920213,43.786006,2301.488252,5766.724175
pattern_9,A1850809_200_ES_3,6204222,4204222,EX004,EX5600FS,DT053,HIT EH5000,A-185-08-09,30.53,169.21,111.004697,111.004697,285.457127,46.233963,74.745668,0,363683.73,6591764.48,199.82,LEFT,169.2,442,22/10/2025,13:24:32,13:31:54,1847.249673,EX5600,250,29.0,8.0,34,285.457127,111.004697,53.472799,74.745668,46.233963,2133.968752,5339.832547
pattern_9,A1850809_200_ES_3,6204223,4204223,EX004,EX5600FS,DT060,HIT EH5000,A-185-08-09,58.41,175.22,100.171407,100.171407,265.059426,35.794706,76.928093,0,363678.19,6591764.43,198.85,STRAIGHT,175.2,375,22/10/2025,13:31:54,13:38:09,1855.288623,EX5600,250,29.0,8.0,34,265.059426,100.171407,52.16522,76.928093,35.794706,2379.851803,5773.173331
pattern_9,A1850809_200_ES_3,6204224,4204224,EX004,EX5600FS,DT010,CAT 793,A-185-08-09,41.7,188.59,115.880329,115.880329,295.364006,46.282889,80.641489,0,363676.84,6591767.29,199.44,RIGHT,188.6,606,22/10/2025,13:38:09,13:48:15,1726.255576,EX5600,225,29.0,8.0,34,295.364006,115.880329,52.559299,80.641489,46.282889,2298.571533,5608.75377
pattern_9,A1850809_200_ES_2,6204225,4204225,EX004,EX5600FS,DT036,CAT 793,A-185-08-09,49.73,198.93,98.264816,98.264816,279.946024,42.169266,88.674759,0,363691.79,6591714.64,199.15,LEFT,198.9,420,22/10/2025,13:48:15,13:55:15,1927.479914,EX5600,225,29.0,8.0,34,279.946024,98.264816,50.837182,88.674759,42.169266,2558.152111,7060.822477
pattern_9,A1850809_200_ES_2,6204226,4204226,EX004,EX5600FS,DT079,HIT EH5000,A-185-08-09,32.37,172.51,94.362834,94.362834,260.015875,41.240295,75.740897,0,363692.75,6591715.48,198.22,RIGHT,172.5,457,22/10/2025,13:55:15,14:02:52,1962.015175,EX5600,250,29.0,8.0,34,260.015875,94.362834,48.671849,75.740897,41.240295,2388.457583,6386.536738
pattern_9,A1850809_200_ES_2,6204227,4204227,EX004,EX5600FS,DT024,CAT 793,A-185-08-09,31.73,178.75,85.732344,85.732344,238.567199,35.250635,62.460398,0,363692.77,6591715.84,199.35,LEFT,178.7,356,22/10/2025,14:02:52,14:08:48,2205.925809,EX5600,225,29.0,8.0,34,238.567199,85.732344,55.123822,62.460398,35.250635,2697.328238,7126.20752
pattern_9,A1850809_200_ES_2,6204228,4204228,EX004,EX5600FS,DT084,HIT EH5000,A-185-08-09,45.98,194.52,88.632793,88.632793,244.491803,32.977904,66.293732,0,363690.9,6591715.96,198.57,RIGHT,194.5,318,22/10/2025,14:08:48,14:14:06,2204.535623,EX5600,250,29.0,8.0,34,244.491803,88.632793,56.587373,66.293732,32.977904,2864.14172,7815.245196
pattern_9,A1850809_200_ES_2,6204229,4204229,EX004,EX5600FS,DT064,HIT EH5000,A-185-08-09,60.84,216.92,84.392008,84.392008,247.991028,36.419055,73.456754,0,363692.83,6591718.42,198.12,LEFT,216.9,448,22/10/2025,14:14:06,14:21:34,2526.692503,EX5600,250,29.0,8.0,34,247.991028,84.392008,53.723211,73.456754,36.419055,3149.006939,8735.66994
pattern_9,A1850809_200_ES_2,6204230,4204230,EX004,EX5600FS,DT013,CAT 793,A-185-08-09,59.79,203.92,93.86967,93.86967,277.818022,45.051432,80.175127,0,363691.77,6591714.04,198.12,STRAIGHT,203.9,427,22/10/2025,14:21:34,14:28:41,2098.154934,EX5600,225,29.0,8.0,34,277.818022,93.86967,58.721791,80.175127,45.051432,2642.403647,6517.670363
pattern_9,A1850809_200_ES_2,6204231,4204231,EX004,EX5600FS,DT070,HIT EH5000,A-185-08-09,39.96,217.98,90.38058,90.38058,248.448817,34.136292,74.726526,0,363693.62,6591710.87,198.34,STRAIGHT,218.0,349,22/10/2025,14:28:41,14:34:30,2429.150527,EX5600,250,29.0,8.0,34,248.448817,90.38058,49.205419,74.726526,34.136292,3158.50681,8356.728516
pattern_9,A1850809_200_ES_2,6204232,4204232,EX004,EX5600FS,DT048,HIT EH5000,A-185-08-09,66.87,200.61,86.41139,86.41139,252.275002,40.071721,73.178592,0,363688.36,6591715.19,199.37,LEFT,200.6,381,22/10/2025,14:34:30,14:40:51,2421.476674,EX5600,250,29.0,8.0,34,252.275002,86.41139,52.613298,73.178592,40.071721,2862.693084,7723.385603
pattern_9,A1850809_200_ES_2,6204233,4204233,EX004,EX5600FS,DT069,HIT EH5000,A-185-08-09,40.77,188.68,85.333452,85.333452,234.701309,35.049232,69.064601,0,363689.27,6591718.71,198.79,RIGHT,188.7,356,22/10/2025,14:40:51,14:46:47,2302.23511,EX5600,250,29.0,8.0,34,234.701309,85.333452,45.254024,69.064601,35.049232,2894.061818,7811.375956
pattern_9,A1850809_200_ES_2,6204234,4204234,EX004,EX5600FS,DT017,CAT 793,A-185-08-09,48.54,195.53,114.383187,114.383187,273.607217,31.013164,77.09516,0,363690.75,6591715.52,198.96,LEFT,195.5,365,22/10/2025,14:46:47,14:52:52,2049.262591,EX5600,225,29.0,8.0,34,273.607217,114.383187,51.115706,77.09516,31.013164,2572.710867,6799.863785
pattern_9,A1850809_200_ES_2,6204235,4204235,EX004,EX5600FS,DT065,HIT EH5000,A-185-08-09,50.21,188.38,86.176489,86.176489,265.55877,48.165724,74.132635,0,363692.18,6591713.84,198.27,RIGHT,188.4,472,22/10/2025,14:52:52,15:00:44,1890.999796,EX5600,250,29.0,8.0,34,265.55877,86.176489,57.083922,74.132635,48.165724,2553.76749,6742.554475
pattern_9,A1850809_200_ES_2,6204236,4204236,EX004,EX5600FS,DT002,CAT 793,A-185-08-09,45.61,193.98,101.551039,101.551039,269.996648,36.682351,67.63364,0,363690.75,6591714.47,199.35,LEFT,194.0,500,22/10/2025,15:00:44,15:09:04,1994.295745,EX5600,225,29.0,8.0,34,269.996648,101.551039,64.129618,67.63364,36.682351,2586.397615,6890.719184
pattern_9,A1850809_200_ES_5,6204237,4204237,EX004,EX5600FS,DT030,CAT 793,A-185-08-09,47.67,205.83,125.093974,125.093974,281.316975,33.465968,67.853044,0,363678.55,6591758.26,199.03,RIGHT,205.8,391,22/10/2025,15:09:04,15:15:35,1886.655328,EX5600,225,29.0,8.0,34,281.316975,125.093974,54.90399,67.853044,33.465968,2634.019193,6290.403699
pattern_9,A1850809_200_ES_5,6204238,4204238,EX004,EX5600FS,DT022,CAT 793,A-185-08-09,40.37,197.63,146.289517,146.289517,319.097792,31.849131,84.881529,0,363679.17,6591762.24,199.77,LEFT,197.6,460,22/10/2025,15:15:35,15:23:15,1729.770419,EX5600,225,29.0,8.0,34,319.097792,146.289517,56.077615,84.881529,31.849131,2229.649593,5521.169998
pattern_9,A1850809_200_ES_5,6204239,4204239,EX004,EX5600FS,DT003,CAT 793,A-185-08-09,40.52,193.03,152.256125,152.256125,335.018211,36.586791,82.45374,0,363681.48,6591759.24,199.79,RIGHT,193.0,513,22/10/2025,15:23:15,15:31:48,1689.736175,EX5600,225,29.0,8.0,34,335.018211,152.256125,63.721554,82.45374,36.586791,2074.254123,4848.121777
pattern_9,A1850809_200_ES_5,6204240,4204240,EX004,EX5600FS,DT066,HIT EH5000,A-185-08-09,39.8,179.91,122.888937,122.888937,307.99306,46.8254,82.79643,0,363678.58,6591757.87,198.49,RIGHT,179.9,406,22/10/2025,15:31:48,15:38:34,1634.532429,EX5600,250,29.0,8.0,34,307.99306,122.888937,55.482293,82.79643,46.8254,2102.843007,5042.372193
pattern_9,A1850809_200_ES_5,6204241,4204241,EX004,EX5600FS,DT080,HIT EH5000,A-185-08-09,50.62,187.96,121.747555,121.747555,294.252567,46.988261,73.032144,0,363678.89,6591755.9,198.99,LEFT,188.0,459,22/10/2025,15:38:34,15:46:13,1753.669069,EX5600,250,29.0,8.0,34,294.252567,121.747555,52.484608,73.032144,46.988261,2299.596119,5657.323889
pattern_9,A1850809_200_ES_5,6204242,4204242,EX004,EX5600FS,DT035,CAT 793,A-185-08-09,40.63,184.53,127.343854,127.343854,307.524597,38.57089,77.67968,0,363680.19,6591758.6,199.24,STRAIGHT,184.5,456,22/10/2025,15:46:13,15:53:49,1641.217135,EX5600,225,29.0,8.0,34,307.524597,127.343854,63.930173,77.67968,38.57089,2160.228653,5032.851914
pattern_9,A1850809_200_ES_5,6204243,4204243,EX004,EX5600FS,DT064,HIT EH5000,A-185-08-09,48.9,177.33,132.619583,132.619583,302.782606,41.742082,72.881565,0,363675.15,6591762.9,199.41,STRAIGHT,177.3,444,22/10/2025,15:53:49,16:01:13,1607.834776,EX5600,250,29.0,8.0,34,302.782606,132.619583,55.539376,72.881565,41.742082,2108.393381,4697.784805
pattern_9,A1850809_200_ES_5,6204244,4204244,EX004,EX5600FS,DT053,HIT EH5000,A-185-08-09,46.23,178.0,134.134572,134.134572,317.832466,37.879874,85.418991,0,363679.42,6591759.06,199.19,LEFT,178.0,508,22/10/2025,16:01:13,16:09:41,1613.788035,EX5600,250,29.0,8.0,34,317.832466,134.134572,60.39903,85.418991,37.879874,2016.135348,4749.920416
pattern_9,A1850809_200_ES_5,6204245,4204245,EX004,EX5600FS,DT021,CAT 793,A-185-08-09,54.08,185.57,136.607315,136.607315,309.726318,36.579878,79.89056,0,363682.72,6591756.25,199.46,LEFT,185.6,540,22/10/2025,16:09:41,16:18:41,1611.158311,EX5600,225,29.0,8.0,34,309.726318,136.607315,56.648565,79.89056,36.579878,2156.90105,4868.702656
pattern_9,A1850809_200_ES_5,6204246,4204246,EX004,EX5600FS,DT017,CAT 793,A-185-08-09,42.26,200.41,123.203252,123.203252,291.091291,37.558863,73.245126,0,363675.54,6591757.94,198.59,LEFT,200.4,447,22/10/2025,16:18:41,16:26:08,1836.55293,EX5600,225,29.0,8.0,34,291.091291,123.203252,57.084049,73.245126,37.558863,2478.546453,5868.815994
pattern_9,A1850809_200_ES_5,6204247,4204247,EX004,EX5600FS,DT008,CAT 793,A-185-08-09,54.39,189.44,127.30872,127.30872,295.258631,39.807408,76.401674,0,363680.65,6591755.57,199.41,LEFT,189.4,446,22/10/2025,16:26:08,16:33:34,1737.116669,EX5600,225,29.0,8.0,34,295.258631,127.30872,51.740829,76.401674,39.807408,2309.742747,5490.58727
pattern_9,A1850809_200_ES_5,6204248,4204248,EX004,EX5600FS,DT050,HIT EH5000,A-185-08-09,42.7,177.77,123.071511,123.071511,306.185892,44.091008,83.150989,0,363679.8,6591757.92,199.01,RIGHT,177.8,412,22/10/2025,16:33:34,16:40:26,1592.00886,EX5600,250,29.0,8.0,34,306.185892,123.071511,55.872384,83.150989,44.091008,2090.167766,4884.785784
pattern_9,A1850809_200_ES_1,6204249,4204249,EX004,EX5600FS,DT060,HIT EH5000,A-185-08-09,49.08,205.88,79.217729,79.217729,250.797418,45.018336,68.638704,0,363695.48,6591707.71,198.52,STRAIGHT,205.9,525,22/10/2025,16:40:26,16:49:11,2409.102734,EX5600,250,29.0,8.0,34,250.797418,79.217729,57.922649,68.638704,45.018336,2955.175869,8242.299754
pattern_9,A1850809_200_ES_1,6204250,4204250,EX004,EX5600FS,DT042,CAT 793,A-185-08-09,40.92,195.13,89.999199,89.999199,260.310318,39.343635,75.765588,0,363693.46,6591708.1,199.17,STRAIGHT,195.1,460,22/10/2025,16:49:11,16:56:51,2132.353454,EX5600,225,29.0,8.0,34,260.310318,89.999199,55.201895,75.765588,39.343635,2698.548364,7393.893
pattern_9,A1850809_200_ES_1,6204251,4204251,EX004,EX5600FS,DT048,HIT EH5000,A-185-08-09,56.55,182.27,79.084943,79.084943,235.642165,46.274265,59.929948,0,363692.99,6591709.95,198.96,LEFT,182.3,422,22/10/2025,16:56:51,17:03:53,2083.498672,EX5600,250,29.0,8.0,34,235.642165,79.084943,50.353009,59.929948,46.274265,2784.570174,7559.735056
pattern_9,A1850809_200_ES_1,6204252,4204252,EX004,EX5600FS,DT012,CAT 793,A-185-08-09,48.71,196.91,90.027413,90.027413,261.620755,46.045353,75.188128,0,363697.21,6591704.75,198.51,RIGHT,196.9,398,22/10/2025,17:03:53,17:10:31,2222.256367,EX5600,225,29.0,8.0,34,261.620755,90.027413,50.359863,75.188128,46.045353,2709.602825,7455.41598
pattern_9,A1850809_200_ES_1,6204253,4204253,EX004,EX5600FS,DT037,CAT 793,A-185-08-09,39.37,162.11,78.390775,78.390775,237.880962,40.900465,69.0369,0,363694.98,6591708.29,199.02,LEFT,162.1,431,22/10/2025,17:10:31,17:17:42,1942.824903,EX5600,225,29.0,8.0,34,237.880962,78.390775,49.552822,69.0369,40.900465,2453.294837,6918.29144
pattern_9,A1850809_200_ES_1,6204254,4204254,EX004,EX5600FS,DT032,CAT 793,A-185-08-09,54.77,164.3,89.585068,89.585068,246.6717,36.537654,79.966378,0,363693.44,6591706.12,198.58,RIGHT,164.3,373,22/10/2025,17:17:42,17:23:55,1668.514317,EX5600,225,29.0,8.0,34,246.6717,89.585068,40.5826,79.966378,36.537654,2397.841588,6727.328601
pattern_9,A1850809_200_ES_1,6204255,4204255,EX004,EX5600FS,DT005,CAT 793,A-185-08-09,35.47,186.03,86.582847,86.582847,245.097538,36.586845,73.253224,0,363694.53,6591707.91,198.21,RIGHT,186.0,435,22/10/2025,17:23:55,17:31:10,2152.155068,EX5600,225,29.0,8.0,34,245.097538,86.582847,48.674622,73.253224,36.586845,2732.36538,7705.270371
pattern_9,A1850809_200_ES_1,6204256,4204256,EX004,EX5600FS,DT066,HIT EH5000,A-185-08-09,58.3,210.45,88.748805,88.748805,265.104933,41.518017,68.273483,0,363696.41,6591707.91,199.1,STRAIGHT,210.4,394,22/10/2025,17:31:10,17:37:44,2054.623625,EX5600,250,29.0,8.0,34,265.104933,88.748805,66.564628,68.273483,41.518017,2857.748644,8043.445001
pattern_9,A1850809_200_ES_1,6204257,4204257,EX004,EX5600FS,DT016,CAT 793,A-185-08-09,37.12,222.7,88.461121,88.461121,250.967442,42.065171,70.577818,0,363692.63,6591710.16,198.21,RIGHT,222.7,428,22/10/2025,17:37:44,17:44:52,2493.639235,EX5600,225,29.0,8.0,34,250.967442,88.461121,49.863331,70.577818,42.065171,3194.531611,8836.419057
pattern_9,A1850809_200_ES_1,6204258,4204258,EX004,EX5600FS,DT077,HIT EH5000,A-185-08-09,50.75,240.0,98.565581,98.565581,276.886282,34.949667,88.628249,0,363690.53,6591708.14,198.64,STRAIGHT,240.0,449,22/10/2025,17:44:52,17:52:21,2523.824851,EX5600,250,29.0,8.0,34,276.886282,98.565581,54.742786,88.628249,34.949667,3120.450601,8648.183759
pattern_9,A1850809_200_ES_1,6204259,4204259,EX004,EX5600FS,DT025,CAT 793,A-185-08-09,54.14,232.9,84.647541,84.647541,251.028816,42.594282,72.934521,0,363692.42,6591706.81,198.86,LEFT,232.9,400,22/10/2025,17:52:21,17:59:01,2592.743612,EX5600,225,29.0,8.0,34,251.028816,84.647541,50.852473,72.934521,42.594282,3340.017734,9414.562424
pattern_9,A1850809_200_ES_5,6204260,4204260,EX004,EX5600FS,DT011,CAT 793,A-185-08-09,36.88,178.67,140.488893,140.488893,327.998574,46.992637,82.852135,0,363681.19,6591753.18,198.86,STRAIGHT,178.7,409,22/10/2025,17:59:01,18:05:50,1537.993585,EX5600,225,29.0,8.0,34,327.998574,140.488893,57.664909,82.852135,46.992637,1961.068946,4199.347277
pattern_9,A1850809_200_ES_5,6204261,4204261,EX004,EX5600FS,DT038,CAT 793,A-185-08-09,57.29,199.27,131.415082,131.415082,314.610526,40.634156,95.398743,0,363682.02,6591747.3,199.81,LEFT,199.3,505,22/10/2025,18:05:50,18:14:15,1653.321965,EX5600,225,29.0,8.0,34,314.610526,131.415082,47.162546,95.398743,40.634156,2280.221384,5124.008505
pattern_9,A1850809_200_ES_5,6204262,4204262,EX004,EX5600FS,DT068,HIT EH5000,A-185-08-09,39.71,176.95,142.324229,142.324229,326.939867,37.801057,82.142471,0,363677.66,6591748.63,199.81,LEFT,176.9,503,22/10/2025,18:14:15,18:22:38,1383.384048,EX5600,250,29.0,8.0,34,326.939867,142.324229,64.67211,82.142471,37.801057,1948.421255,4342.654348
pattern_9,A1850809_200_ES_5,6204263,4204263,EX004,EX5600FS,DT001,CAT 793,A-185-08-09,43.38,177.72,134.18401,134.18401,311.06882,40.451456,77.796098,0,363680.52,6591750.88,199.13,LEFT,177.7,519,22/10/2025,18:22:38,18:31:17,1495.679092,EX5600,225,29.0,8.0,34,311.06882,134.18401,58.637257,77.796098,40.451456,2056.78848,4696.01326
pattern_9,A1850809_200_ES_5,6204264,4204264,EX004,EX5600FS,DT014,CAT 793,A-185-08-09,43.68,186.97,129.281789,129.281789,318.315389,43.923904,85.841515,0,363681.65,6591748.46,198.89,LEFT,187.0,436,22/10/2025,18:31:17,18:38:33,1449.434843,EX5600,225,29.0,8.0,34,318.315389,129.281789,59.26818,85.841515,43.923904,2114.543326,4802.372276
pattern_9,A1850809_200_ES_5,6204265,4204265,EX004,EX5600FS,DT004,CAT 793,A-185-08-09,37.91,165.44,155.822144,155.822144,342.230474,40.121325,89.257612,0,363680.42,6591745.87,199.0,STRAIGHT,165.4,517,22/10/2025,18:38:33,18:47:10,1384.144618,EX5600,225,29.0,8.0,34,342.230474,155.822144,57.029392,89.257612,40.121325,1740.340841,3908.133006
pattern_9,A1850809_200_ES_5,6204266,4204266,EX004,EX5600FS,DT053,HIT EH5000,A-185-08-09,50.44,172.05,149.266166,149.266166,344.315611,43.338463,87.870636,0,363681.5,6591747.37,199.24,LEFT,172.0,573,22/10/2025,18:47:10,18:56:43,1348.612883,EX5600,250,29.0,8.0,34,344.315611,149.266166,63.840347,87.870636,43.338463,1798.858866,4029.357572
pattern_9,A1850809_200_ES_5,6204267,4204267,EX004,EX5600FS,DT004,CAT 793,A-185-08-09,37.24,171.31,131.175263,131.175263,309.349193,40.704171,83.071344,0,363681.14,6591747.42,198.42,STRAIGHT,171.3,565,22/10/2025,18:56:43,19:06:08,1578.200967,EX5600,225,29.0,8.0,34,309.349193,131.175263,54.398415,83.071344,40.704171,1993.558071,4554.663662
pattern_9,A1850809_200_ES_5,6204268,4204268,EX004,EX5600FS,DT028,CAT 793,A-185-08-09,37.05,152.52,114.858461,114.858461,297.52383,45.703049,83.172088,0,363684.01,6591746.24,199.08,RIGHT,152.5,482,22/10/2025,19:06:08,19:14:10,1406.271309,EX5600,225,29.0,8.0,34,297.52383,114.858461,53.790233,83.172088,45.703049,1845.522116,4459.557924
pattern_9,A1850809_200_ES_5,6204269,4204269,EX004,EX5600FS,DT046,CAT 793,A-185-08-09,36.37,153.59,138.754486,138.754486,321.951851,45.202749,76.347278,0,363676.52,6591747.46,199.89,STRAIGHT,153.6,839,22/10/2025,19:14:10,19:28:09,1216.404556,EX5600,225,29.0,8.0,34,321.951851,138.754486,61.647337,76.347278,45.202749,1717.456078,3855.88647
pattern_9,A1850809_200_ES_5,6204270,4204270,EX004,EX5600FS,DT006,CAT 793,A-185-08-09,35.19,170.52,154.799527,154.799527,319.291024,33.58172,90.612173,0,363685.59,6591751.18,198.36,STRAIGHT,170.5,455,22/10/2025,19:28:09,19:35:44,1425.052529,EX5600,225,29.0,8.0,34,319.291024,154.799527,40.297605,90.612173,33.58172,1922.582743,4244.753072
pattern_9,A1850809_200_ES_5,6204271,4204271,EX004,EX5600FS,DT081,HIT EH5000,A-185-08-09,43.97,188.3,140.466735,140.466735,326.887937,42.727879,77.854189,0,363684.12,6591748.92,200.03,RIGHT,188.3,505,22/10/2025,19:35:44,19:44:09,1512.568277,EX5600,250,29.0,8.0,34,326.887937,140.466735,65.839135,77.854189,42.727879,2073.709155,4502.774224
pattern_9,A1850809_200_ES_5,6204272,4204272,EX004,EX5600FS,DT071,HIT EH5000,A-185-08-09,47.2,185.55,151.333679,151.333679,338.160399,44.814618,87.011736,0,363685.01,6591752.21,198.97,RIGHT,185.6,549,22/10/2025,19:44:09,19:53:18,1354.549796,EX5600,250,29.0,8.0,34,338.160399,151.333679,55.000366,87.011736,44.814618,1975.357811,4532.799607
pattern_9,A1850809_200_ES_4,6204273,4204273,EX004,EX5600FS,DT021,CAT 793,A-185-08-09,31.9,187.91,140.08997,140.08997,317.602984,36.881915,80.626889,0,363688.46,6591739.33,198.84,STRAIGHT,187.9,473,22/10/2025,19:53:18,20:01:11,1549.517428,EX5600,225,29.0,8.0,34,317.602984,140.08997,60.004211,80.626889,36.881915,2129.963202,4823.618147
pattern_9,A1850809_200_ES_4,6204274,4204274,EX004,EX5600FS,DT070,HIT EH5000,A-185-08-09,40.22,185.41,121.17463,121.17463,290.612657,47.562844,70.308939,0,363682.64,6591740.68,199.47,RIGHT,185.4,462,22/10/2025,20:01:11,20:08:53,1827.14569,EX5600,250,29.0,8.0,34,290.612657,121.17463,51.566244,70.308939,47.562844,2296.832212,5484.983449
pattern_9,A1850809_200_ES_4,6204275,4204275,EX004,EX5600FS,DT090,HIT EH5000,A-185-08-09,41.42,202.6,122.086503,122.086503,287.259406,44.237325,72.479773,0,363682.18,6591741.77,198.76,LEFT,202.6,447,22/10/2025,20:08:53,20:16:20,1897.141368,EX5600,250,29.0,8.0,34,287.259406,122.086503,48.455806,72.479773,44.237325,2539.029157,6270.835283
pattern_9,A1850809_200_ES_4,6204276,4204276,EX004,EX5600FS,DT037,CAT 793,A-185-08-09,46.06,179.55,125.040209,125.040209,299.884339,36.063286,82.245361,0,363680.9,6591742.93,198.62,LEFT,179.6,468,22/10/2025,20:16:20,20:24:08,1532.568441,EX5600,225,29.0,8.0,34,299.884339,125.040209,56.535483,82.245361,36.063286,2155.465145,5197.951306
pattern_9,A1850809_200_ES_4,6204277,4204277,EX004,EX5600FS,DT086,HIT EH5000,A-185-08-09,51.17,187.52,125.419884,125.419884,302.148379,38.502145,71.795163,0,363681.22,6591741.77,198.8,RIGHT,187.5,416,22/10/2025,20:24:08,20:31:04,1825.501303,EX5600,250,29.0,8.0,34,302.148379,125.419884,66.431187,71.795163,38.502145,2234.25134,5387.668381
pattern_9,A1850809_200_ES_4,6204278,4204278,EX004,EX5600FS,DT039,CAT 793,A-185-08-09,49.2,177.78,122.510334,122.510334,296.221846,37.888454,75.803072,0,363678.27,6591740.16,198.02,LEFT,177.8,437,22/10/2025,20:31:04,20:38:21,1599.31093,EX5600,225,29.0,8.0,34,296.221846,122.510334,60.019985,75.803072,37.888454,2160.626414,5422.21265
pattern_9,A1850809_200_ES_4,6204279,4204279,EX004,EX5600FS,DT040,CAT 793,A-185-08-09,53.52,178.2,123.765136,123.765136,308.612148,41.670534,80.336762,0,363683.8,6591741.86,198.47,LEFT,178.2,376,22/10/2025,20:38:21,20:44:37,1575.734491,EX5600,225,29.0,8.0,34,308.612148,123.765136,62.839716,80.336762,41.670534,2078.675195,5130.269932
pattern_9,A1850809_200_ES_4,6204280,4204280,EX004,EX5600FS,DT050,HIT EH5000,A-185-08-09,44.9,181.92,130.29479,130.29479,288.099539,42.16263,76.039004,0,363678.29,6591739.6,198.49,RIGHT,181.9,470,22/10/2025,20:44:37,20:52:27,1810.272434,EX5600,250,29.0,8.0,34,288.099539,130.29479,39.603115,76.039004,42.16263,2273.254287,5310.446846
pattern_9,A1850809_200_ES_4,6204281,4204281,EX004,EX5600FS,DT028,CAT 793,A-185-08-09,40.1,183.67,108.260015,108.260015,291.28424,40.885206,88.058601,0,363683.88,6591742.98,199.34,LEFT,183.7,471,22/10/2025,20:52:27,21:00:18,1935.496307,EX5600,225,29.0,8.0,34,291.28424,108.260015,54.080418,88.058601,40.885206,2269.954839,5442.231777
pattern_9,A1850809_200_ES_4,6204282,4204282,EX004,EX5600FS,DT041,CAT 793,A-185-08-09,49.48,185.8,105.034046,105.034046,265.771264,35.687877,68.382751,0,363684.92,6591739.31,199.16,LEFT,185.8,403,22/10/2025,21:00:18,21:07:01,1892.930805,EX5600,225,29.0,8.0,34,265.771264,105.034046,56.66659,68.382751,35.687877,2516.790425,6239.595903
pattern_9,A1850809_200_ES_4,6204283,4204283,EX004,EX5600FS,DT052,HIT EH5000,A-185-08-09,49.38,192.56,127.446673,127.446673,309.445965,38.475627,78.344575,0,363681.72,6591741.51,198.7,STRAIGHT,192.6,547,22/10/2025,21:07:01,21:16:08,1644.435436,EX5600,250,29.0,8.0,34,309.445965,127.446673,65.17909,78.344575,38.475627,2240.147375,5346.133711
pattern_9,A1850809_200_ES_4,6204284,4204284,EX004,EX5600FS,DT062,HIT EH5000,A-185-08-09,41.95,188.35,119.697404,119.697404,273.058538,31.950478,75.418773,0,363684.22,6591744.28,199.06,RIGHT,188.3,422,22/10/2025,21:16:08,21:23:10,1884.725126,EX5600,250,29.0,8.0,34,273.058538,119.697404,45.991883,75.418773,31.950478,2483.181643,6123.316864
pattern_9,A1850809_200_ES_3,6204285,4204285,EX004,EX5600FS,DT040,CAT 793,A-185-08-09,34.79,193.82,115.588681,115.588681,289.602589,36.542149,79.230376,0,363684.43,6591731.08,198.39,RIGHT,193.8,478,22/10/2025,21:23:10,21:31:08,1831.727102,EX5600,225,29.0,8.0,34,289.602589,115.588681,58.241383,79.230376,36.542149,2409.306716,6127.487881
pattern_9,A1850809_200_ES_3,6204286,4204286,EX004,EX5600FS,DT056,HIT EH5000,A-185-08-09,47.21,196.83,102.908439,102.908439,293.567037,48.924867,79.044971,0,363687.35,6591737.78,200.05,LEFT,196.8,447,22/10/2025,21:31:08,21:38:35,1890.774529,EX5600,250,29.0,8.0,34,293.567037,102.908439,62.688761,79.044971,48.924867,2413.666373,6116.45829
pattern_9,A1850809_200_ES_3,6204287,4204287,EX004,EX5600FS,DT009,CAT 793,A-185-08-09,50.15,194.98,110.153733,110.153733,291.529415,46.99186,73.045888,0,363679.98,6591733.03,198.73,STRAIGHT,195.0,448,22/10/2025,21:38:35,21:46:03,1881.455878,EX5600,225,29.0,8.0,34,291.529415,110.153733,61.337933,73.045888,46.99186,2407.768729,5707.175997
pattern_9,A1850809_200_ES_3,6204288,4204288,EX004,EX5600FS,DT016,CAT 793,A-185-08-09,54.97,191.85,105.357414,105.357414,272.123097,40.91343,69.392036,0,363684.49,6591733.27,198.28,STRAIGHT,191.9,438,22/10/2025,21:46:03,21:53:21,1968.079315,EX5600,225,29.0,8.0,34,272.123097,105.357414,56.460217,69.392036,40.91343,2538.073339,6387.425218
pattern_9,A1850809_200_ES_3,6204289,4204289,EX004,EX5600FS,DT034,CAT 793,A-185-08-09,47.8,191.55,112.494123,112.494123,283.017961,34.693944,72.963203,0,363682.58,6591733.8,198.56,STRAIGHT,191.5,441,22/10/2025,21:53:21,22:00:42,1852.595421,EX5600,225,29.0,8.0,34,283.017961,112.494123,62.866691,72.963203,34.693944,2436.514594,6000.137139
pattern_9,A1850809_200_ES_3,6204290,4204290,EX004,EX5600FS,DT039,CAT 793,A-185-08-09,36.07,186.28,104.164048,104.164048,283.339961,43.694248,75.167806,0,363681.03,6591735.51,199.46,RIGHT,186.3,471,22/10/2025,22:00:42,22:08:33,1681.313588,EX5600,225,29.0,8.0,34,283.339961,104.164048,60.313859,75.167806,43.694248,2366.783804,5909.50463
pattern_9,A1850809_200_ES_3,6204291,4204291,EX004,EX5600FS,DT056,HIT EH5000,A-185-08-09,46.0,196.78,135.829715,135.829715,302.05339,39.857719,74.773291,0,363679.75,6591737.43,199.3,RIGHT,196.8,420,22/10/2025,22:08:33,22:15:33,1736.761422,EX5600,250,29.0,8.0,34,302.05339,135.829715,51.592665,74.773291,39.857719,2345.254599,6253.01963
pattern_9,A1850809_200_ES_3,6204292,4204292,EX004,EX5600FS,DT070,HIT EH5000,A-185-08-09,48.11,194.6,119.058006,119.058006,305.805028,41.484932,84.971647,0,363684.4,6591734.56,198.58,RIGHT,194.6,426,22/10/2025,22:15:33,22:22:39,1800.358303,EX5600,250,29.0,8.0,34,305.805028,119.058006,60.290444,84.971647,41.484932,2290.91159,5497.409763
pattern_9,A1850809_200_ES_3,6204293,4204293,EX004,EX5600FS,DT041,CAT 793,A-185-08-09,51.38,175.83,139.868519,139.868519,300.021337,32.387008,75.150077,0,363682.14,6591733.29,198.75,STRAIGHT,175.8,516,22/10/2025,22:22:39,22:31:15,1708.712351,EX5600,225,29.0,8.0,34,300.021337,139.868519,52.615733,75.150077,32.387008,2109.808971,5490.008672
pattern_9,A1850809_200_ES_3,6204294,4204294,EX004,EX5600FS,DT043,CAT 793,A-185-08-09,35.88,172.69,116.636092,116.636092,268.80415,36.114566,66.83682,0,363685.95,6591737.97,199.21,RIGHT,172.7,443,22/10/2025,22:31:15,22:38:38,1833.500343,EX5600,225,29.0,8.0,34,268.80415,116.636092,49.216671,66.83682,36.114566,2312.74328,5972.693613
pattern_9,A1850809_200_ES_3,6204295,4204295,EX004,EX5600FS,DT067,HIT EH5000,A-185-08-09,49.74,186.26,123.430582,123.430582,290.513982,36.735868,75.04216,0,363679.42,6591735.27,199.8,RIGHT,186.3,526,22/10/2025,22:38:38,22:47:24,1783.830735,EX5600,250,29.0,8.0,34,290.513982,123.430582,55.305372,75.04216,36.735868,2308.048704,5603.679224
pattern_9,A1850809_200_ES_3,6204296,4204296,EX004,EX5600FS,DT050,HIT EH5000,A-185-08-09,53.21,200.71,110.612045,110.612045,261.445923,31.161934,71.973348,0,363687.2,6591736.09,198.15,LEFT,200.7,446,22/10/2025,22:47:24,22:54:50,2220.135355,EX5600,250,29.0,8.0,34,261.445923,110.612045,47.698596,71.973348,31.161934,2763.68642,6833.106088
pattern_9,A1850809_200_ES_3,6204297,4204297,EX004,EX5600FS,DT016,CAT 793,A-185-08-09,41.25,189.44,101.24037,101.24037,275.64154,41.643214,67.312527,0,363684.59,6591725.94,199.85,RIGHT,189.4,441,22/10/2025,22:54:50,23:02:11,2054.146522,EX5600,225,29.0,8.0,34,275.64154,101.24037,65.445429,67.312527,41.643214,2474.114338,6098.791634
pattern_9,A1850809_200_ES_3,6204298,4204298,EX004,EX5600FS,DT030,CAT 793,A-185-08-09,44.09,194.94,130.824361,130.824361,304.064217,43.845733,76.481648,0,363685.29,6591724.33,198.32,STRAIGHT,194.9,479,22/10/2025,23:02:11,23:10:10,1682.151785,EX5600,225,29.0,8.0,34,304.064217,130.824361,52.912474,76.481648,43.845733,2308.028969,5973.775678
pattern_9,A1850809_200_ES_3,6204299,4204299,EX004,EX5600FS,DT019,CAT 793,A-185-08-09,45.62,183.52,119.168444,119.168444,297.174611,41.144355,78.401447,0,363686.36,6591725.54,199.28,LEFT,183.5,468,22/10/2025,23:10:10,23:17:58,1869.840722,EX5600,225,29.0,8.0,34,297.174611,119.168444,58.460365,78.401447,41.144355,2223.1591,5925.116759
pattern_9,A1850809_200_ES_3,6204300,4204300,EX004,EX5600FS,DT075,HIT EH5000,A-185-08-09,36.03,198.14,108.499609,108.499609,267.80959,34.478749,70.043387,0,363684.29,6591726.48,198.64,STRAIGHT,198.1,499,22/10/2025,23:17:58,23:26:17,2135.389549,EX5600,250,29.0,8.0,34,267.80959,108.499609,54.787845,70.043387,34.478749,2663.408966,6645.713001
pattern_9,A1850809_200_ES_3,6204301,4204301,EX004,EX5600FS,DT034,CAT 793,A-185-08-09,44.5,196.14,117.609039,117.609039,278.551877,30.106934,73.286485,0,363685.16,6591727.63,199.8,RIGHT,196.1,444,22/10/2025,23:26:17,23:33:41,2021.162762,EX5600,225,29.0,8.0,34,278.551877,117.609039,57.549418,73.286485,30.106934,2534.941817,6440.296462
pattern_9,A1850809_200_ES_3,6204302,4204302,EX004,EX5600FS,DT019,CAT 793,A-185-08-09,36.33,181.22,127.181885,127.181885,292.425528,44.774029,72.659121,0,363684.03,6591730.84,198.29,STRAIGHT,181.2,358,22/10/2025,23:33:41,23:39:39,1828.935425,EX5600,225,29.0,8.0,34,292.425528,127.181885,47.810493,72.659121,44.774029,2230.919837,5284.621732
pattern_9,A1850809_200_ES_3,6204303,4204303,EX004,EX5600FS,DT065,HIT EH5000,A-185-08-09,40.41,187.87,126.543813,126.543813,312.00551,40.482191,84.71499,0,363683.5,6591726.04,198.34,STRAIGHT,187.9,468,22/10/2025,23:39:39,23:47:27,1710.542456,EX5600,250,29.0,8.0,34,312.00551,126.543813,60.264516,84.71499,40.482191,2167.680032,5793.48304
pattern_9,A1850809_200_ES_3,6204304,4204304,EX004,EX5600FS,DT089,HIT EH5000,A-185-08-09,50.17,189.68,101.08124,101.08124,259.677989,39.793661,66.0412,0,363681.22,6591727.17,198.75,LEFT,189.7,573,22/10/2025,23:47:27,23:57:00,1932.672691,EX5600,250,29.0,8.0,34,259.677989,101.08124,52.761889,66.0412,39.793661,2629.620013,6590.821404
pattern_9,A1850809_200_ES_3,6204305,4204305,EX004,EX5600FS,DT082,HIT EH5000,A-185-08-09,49.15,189.87,97.551958,97.551958,270.839584,38.814419,72.438632,0,363684.5,6591726.4,199.33,STRAIGHT,189.9,368,22/10/2025,23:57:00,00:03:08,2083.961248,EX5600,250,29.0,8.0,34,270.839584,97.551958,62.034575,72.438632,38.814419,2523.789415,6418.116279
pattern_9,A1850809_200_ES_3,6204306,4204306,EX004,EX5600FS,DT014,CAT 793,A-185-08-09,46.34,179.08,97.786077,97.786077,260.184348,47.415585,68.122811,0,363687.02,6591729.65,198.78,STRAIGHT,179.1,446,23/10/2025,00:03:08,00:10:34,1961.193695,EX5600,225,29.0,8.0,34,260.184348,97.786077,46.859875,68.122811,47.415585,2477.870181,6151.331357
pattern_9,A1850809_200_ES_3,6204307,4204307,EX004,EX5600FS,DT033,CAT 793,A-185-08-09,43.26,177.18,108.482097,108.482097,276.400783,38.384087,76.495732,0,363683.76,6591726.59,199.78,STRAIGHT,177.2,438,23/10/2025,00:10:34,00:17:52,1865.429694,EX5600,225,29.0,8.0,34,276.400783,108.482097,53.038867,76.495732,38.384087,2307.74356,5797.691087
pattern_9,A1850809_200_ES_3,6204308,4204308,EX004,EX5600FS,DT048,HIT EH5000,A-185-08-09,39.66,190.69,121.489914,121.489914,291.964702,37.51579,74.119066,0,363683.38,6591728.5,199.03,LEFT,190.7,411,23/10/2025,00:17:52,00:24:43,1882.478747,EX5600,250,29.0,8.0,34,291.964702,121.489914,58.839932,74.119066,37.51579,2351.235748,6110.144447
pattern_9,A1850809_200_ES_3,6204309,4204309,EX004,EX5600FS,DT061,HIT EH5000,A-185-08-09,46.9,192.17,105.026302,105.026302,281.314247,40.084959,83.194895,0,363673.08,6591770.9,198.47,RIGHT,192.2,356,23/10/2025,00:24:43,00:30:39,1904.594178,EX5600,250,29.0,8.0,34,281.314247,105.026302,53.008091,83.194895,40.084959,2459.152661,6030.690794
pattern_9,A1850809_200_ES_3,6204310,4204310,EX004,EX5600FS,DT037,CAT 793,A-185-08-09,51.98,177.4,91.90822,91.90822,256.059725,36.038177,78.670538,0,363670.21,6591770.69,198.55,LEFT,177.4,420,23/10/2025,00:30:39,00:37:39,2006.265333,EX5600,225,29.0,8.0,34,256.059725,91.90822,49.44279,78.670538,36.038177,2494.16217,6335.136674
pattern_9,A1850809_200_ES_3,6204311,4204311,EX004,EX5600FS,DT025,CAT 793,A-185-08-09,39.31,189.76,86.467338,86.467338,261.457971,38.510141,81.65333,0,363671.38,6591769.51,199.6,LEFT,189.8,399,23/10/2025,00:37:39,00:44:18,2161.962751,EX5600,225,29.0,8.0,34,261.457971,86.467338,54.827162,81.65333,38.510141,2612.748374,6567.967751
pattern_9,A1850809_200_ES_3,6204312,4204312,EX004,EX5600FS,DT035,CAT 793,A-185-08-09,36.7,190.15,106.49739,106.49739,258.564107,33.69163,64.434335,0,363670.41,6591767.72,199.21,LEFT,190.2,437,23/10/2025,00:44:18,00:51:35,2152.503835,EX5600,225,29.0,8.0,34,258.564107,106.49739,53.940753,64.434335,33.69163,2647.485339,6912.888191
pattern_9,A1850809_200_CS_3,6204313,4204313,EX004,EX5600FS,DT043,CAT 793,A-185-08-09,47.27,200.6,88.402071,88.402071,256.762432,39.654279,73.656798,0,363667.85,6591768.99,199.04,LEFT,200.6,405,23/10/2025,00:51:35,00:58:20,2372.339513,EX5600,225,29.0,8.0,34,256.762432,88.402071,55.049284,73.656798,39.654279,2812.540581,7250.866594
pattern_9,A1850809_200_ES_3,6204314,4204314,EX004,EX5600FS,DT017,CAT 793,A-185-08-09,46.4,194.22,90.405475,90.405475,258.616043,39.860891,74.134391,0,363670.4,6591770.97,199.15,RIGHT,194.2,415,23/10/2025,00:58:20,01:05:15,1963.161629,EX5600,225,29.0,8.0,34,258.616043,90.405475,54.215287,74.134391,39.860891,2703.566343,7346.570135
pattern_9,A1850809_200_ES_3,6204315,4204315,EX004,EX5600FS,DT014,CAT 793,A-185-08-09,51.94,199.96,90.750167,90.750167,241.778011,39.537005,59.36987,0,363673.92,6591767.12,198.95,STRAIGHT,200.0,383,23/10/2025,01:05:15,01:11:38,2470.339323,EX5600,225,29.0,8.0,34,241.778011,90.750167,52.120969,59.36987,39.537005,2977.369834,7642.892331
pattern_9,A1850809_200_ES_3,6204316,4204316,EX004,EX5600FS,DT002,CAT 793,A-185-08-09,69.64,208.93,104.917298,104.917298,276.36755,45.510677,70.903835,0,363674.07,6591769.54,199.35,STRAIGHT,208.9,376,23/10/2025,01:11:38,01:17:54,2262.972998,EX5600,225,29.0,8.0,34,276.36755,104.917298,55.035739,70.903835,45.510677,2721.501902,7015.652389
pattern_9,A1850809_200_ES_3,6204317,4204317,EX004,EX5600FS,DT028,CAT 793,A-185-08-09,47.7,217.52,90.825823,90.825823,273.308961,40.50628,85.377547,0,363673.57,6591764.9,199.71,LEFT,217.5,423,23/10/2025,01:17:54,01:24:57,2275.221558,EX5600,225,29.0,8.0,34,273.308961,90.825823,56.59931,85.377547,40.50628,2865.215575,7278.711327
pattern_9,A1850809_200_ES_3,6204318,4204318,EX004,EX5600FS,DT055,HIT EH5000,A-185-08-09,69.74,209.23,112.740258,112.740258,286.180287,42.854288,81.894365,0,363673.6,6591767.31,198.81,STRAIGHT,209.2,447,23/10/2025,01:24:57,01:32:24,2203.638903,EX5600,250,29.0,8.0,34,286.180287,112.740258,48.691375,81.894365,42.854288,2631.956788,6740.707194
pattern_9,A1850809_200_ES_3,6204319,4204319,EX004,EX5600FS,DT018,CAT 793,A-185-08-09,57.73,207.52,106.134679,106.134679,278.433896,39.6552,70.216983,0,363670.92,6591768.36,198.62,LEFT,207.5,417,23/10/2025,01:32:24,01:39:21,2087.752081,EX5600,225,29.0,8.0,34,278.433896,106.134679,62.427034,70.216983,39.6552,2683.171434,6793.641447
pattern_9,A1850809_200_ES_2,6204320,4204320,EX004,EX5600FS,DT055,HIT EH5000,A-185-08-09,47.4,202.83,118.59946,118.59946,311.946411,47.504869,80.202577,0,363682.46,6591716.62,199.64,LEFT,202.8,523,23/10/2025,01:39:21,01:48:04,1758.10887,EX5600,250,29.0,8.0,34,311.946411,118.59946,65.639505,80.202577,47.504869,2340.791982,6142.984976
pattern_9,A1850809_200_ES_2,6204321,4204321,EX004,EX5600FS,DT045,CAT 793,A-185-08-09,45.79,199.55,127.876361,127.876361,306.711001,37.986203,81.008593,0,363687.38,6591715.99,198.88,STRAIGHT,199.5,538,23/10/2025,01:48:04,01:57:02,1840.78063,EX5600,225,29.0,8.0,34,306.711001,127.876361,59.839844,81.008593,37.986203,2342.202383,5596.630268
pattern_9,A1850809_200_ES_2,6204322,4204322,EX004,EX5600FS,DT033,CAT 793,A-185-08-09,51.79,201.89,101.78961,101.78961,287.431387,43.48326,90.769208,0,363684.06,6591722.03,198.11,RIGHT,201.9,462,23/10/2025,01:57:02,02:04:44,2014.594391,EX5600,225,29.0,8.0,34,287.431387,101.78961,51.389309,90.769208,43.48326,2528.671146,6482.014531
pattern_9,A1850809_200_ES_2,6204323,4204323,EX004,EX5600FS,DT083,HIT EH5000,A-185-08-09,61.91,197.16,106.538739,106.538739,268.1243,35.180032,72.521263,0,363683.04,6591718.32,197.99,STRAIGHT,197.2,502,23/10/2025,02:04:44,02:13:06,2250.622757,EX5600,250,29.0,8.0,34,268.1243,106.538739,53.884265,72.521263,35.180032,2647.230039,6802.089253
pattern_9,A1850809_200_ES_2,6204324,4204324,EX004,EX5600FS,DT077,HIT EH5000,A-185-08-09,45.31,206.62,112.718965,112.718965,284.07282,47.516885,64.520335,0,363686.3,6591716.6,198.66,STRAIGHT,206.6,507,23/10/2025,02:13:06,02:21:33,2032.054241,EX5600,250,29.0,8.0,34,284.07282,112.718965,59.316636,64.520335,47.516885,2618.433996,6638.510364
pattern_9,A1850809_200_ES_2,6204325,4204325,EX004,EX5600FS,DT011,CAT 793,A-185-08-09,37.0,187.19,103.960293,103.960293,275.877752,35.518838,82.041117,0,363687.16,6591716.55,198.55,STRAIGHT,187.2,432,23/10/2025,02:21:33,02:28:45,1950.45812,EX5600,225,29.0,8.0,34,275.877752,103.960293,54.357504,82.041117,35.518838,2442.728187,6422.497254
pattern_9,A1850809_200_ES_2,6204326,4204326,EX004,EX5600FS,DT008,CAT 793,A-185-08-09,41.4,186.76,106.661752,106.661752,273.365785,37.664356,76.278786,0,363685.47,6591718.97,198.05,RIGHT,186.8,404,23/10/2025,02:28:45,02:35:29,1932.387343,EX5600,225,29.0,8.0,34,273.365785,106.661752,52.760892,76.278786,37.664356,2459.478924,6555.155437
pattern_9,A1850809_200_ES_2,6204327,4204327,EX004,EX5600FS,DT063,HIT EH5000,A-185-08-09,38.61,170.22,101.445471,101.445471,256.709177,38.895439,68.28065,0,363683.5,6591717.19,198.89,STRAIGHT,170.2,402,23/10/2025,02:35:29,02:42:11,1986.576032,EX5600,250,29.0,8.0,34,256.709177,101.445471,48.087617,68.28065,38.895439,2387.049742,6077.676242
pattern_9,A1850809_200_ES_2,6204328,4204328,EX004,EX5600FS,DT015,CAT 793,A-185-08-09,62.35,187.04,97.27624,97.27624,279.323891,45.159437,77.386334,0,363684.76,6591719.72,199.46,LEFT,187.0,379,23/10/2025,02:42:11,02:48:30,1889.828855,EX5600,225,29.0,8.0,34,279.323891,97.27624,59.50188,77.386334,45.159437,2410.68331,6059.026572
pattern_9,A1850809_200_ES_2,6204329,4204329,EX004,EX5600FS,DT003,CAT 793,A-185-08-09,41.44,186.06,108.816972,108.816972,279.882578,38.407693,77.805075,0,363682.75,6591716.59,199.88,STRAIGHT,186.1,426,23/10/2025,02:48:30,02:55:36,1894.924594,EX5600,225,29.0,8.0,34,279.882578,108.816972,54.852838,77.805075,38.407693,2393.173401,6214.314939
pattern_9,A1850809_200_ES_2,6204330,4204330,EX004,EX5600FS,DT086,HIT EH5000,A-185-08-09,42.55,184.3,129.599766,129.599766,304.359683,42.204248,73.690377,0,363683.31,6591717.23,199.56,LEFT,184.3,430,23/10/2025,02:55:36,03:02:46,1729.769504,EX5600,250,29.0,8.0,34,304.359683,129.599766,58.865293,73.690377,42.204248,2179.898052,5791.818309
pattern_9,A1850809_200_ES_2,6204331,4204331,EX004,EX5600FS,DT038,CAT 793,A-185-08-09,33.09,177.24,103.389571,103.389571,276.679302,39.672106,72.867318,0,363683.86,6591719.26,198.96,LEFT,177.2,497,23/10/2025,03:02:46,03:11:03,1941.267768,EX5600,225,29.0,8.0,34,276.679302,103.389571,60.750306,72.867318,39.672106,2306.118317,6122.76821
pattern_9,A1850809_200_CS_4,6204332,4204332,EX004,EX5600FS,DT069,HIT EH5000,A-185-08-09,46.51,184.0,130.35593,130.35593,320.100095,47.327662,77.848256,0,363667.41,6591761.41,199.16,STRAIGHT,184.0,465,23/10/2025,03:11:03,03:18:48,1565.548059,EX5600,250,29.0,8.0,34,320.100095,130.35593,64.568247,77.848256,47.327662,2069.391877,4663.506035
pattern_9,A1850809_200_ES_4,6204333,4204333,EX004,EX5600FS,DT058,HIT EH5000,A-185-08-09,63.02,194.96,121.434902,121.434902,301.375221,40.914779,79.898867,0,363673.76,6591760.27,198.47,LEFT,195.0,470,23/10/2025,03:18:48,03:26:38,1804.860073,EX5600,250,29.0,8.0,34,301.375221,121.434902,59.126674,79.898867,40.914779,2328.792457,5511.655773
pattern_9,A1850809_200_ES_4,6204334,4204334,EX004,EX5600FS,DT075,HIT EH5000,A-185-08-09,45.69,178.85,135.719955,135.719955,305.935236,38.992632,74.287862,0,363673.53,6591760.33,198.63,RIGHT,178.9,442,23/10/2025,03:26:38,03:34:00,1644.445043,EX5600,250,29.0,8.0,34,305.935236,135.719955,56.934788,74.287862,38.992632,2104.599616,5059.356056
pattern_9,A1850809_200_ES_4,6204335,4204335,EX004,EX5600FS,DT043,CAT 793,A-185-08-09,56.68,181.69,135.867724,135.867724,328.900072,38.072746,86.880152,0,363672.41,6591760.99,199.21,LEFT,181.7,601,23/10/2025,03:34:00,03:44:01,1463.028462,EX5600,225,29.0,8.0,34,328.900072,135.867724,68.079451,86.880152,38.072746,1988.742426,5098.39155
pattern_9,A1850809_200_ES_4,6204336,4204336,EX004,EX5600FS,DT060,HIT EH5000,A-185-08-09,47.5,202.09,146.274003,146.274003,323.954168,39.94106,81.98913,0,363674.59,6591760.28,198.55,LEFT,202.1,538,23/10/2025,03:44:01,03:52:59,1652.764264,EX5600,250,29.0,8.0,34,323.954168,146.274003,55.749974,81.98913,39.94106,2245.718206,5687.963101
pattern_9,A1850809_200_ES_4,6204337,4204337,EX004,EX5600FS,DT061,HIT EH5000,A-185-08-09,49.27,192.67,135.624454,135.624454,308.504775,39.912502,85.112563,0,363672.49,6591761.82,198.39,RIGHT,192.7,554,23/10/2025,03:52:59,04:02:13,1797.583537,EX5600,250,29.0,8.0,34,308.504775,135.624454,47.855256,85.112563,39.912502,2248.290661,5689.094152
pattern_9,A1850809_200_ES_4,6204338,4204338,EX004,EX5600FS,DT032,CAT 793,A-185-08-09,48.55,191.8,108.803419,108.803419,277.451216,45.182228,72.895683,0,363672.9,6591761.19,199.18,LEFT,191.8,441,23/10/2025,04:02:13,04:09:34,2022.345989,EX5600,225,29.0,8.0,34,277.451216,108.803419,50.569884,72.895683,45.182228,2488.655976,6316.520321
pattern_9,A1850809_200_ES_4,6204339,4204339,EX004,EX5600FS,DT043,CAT 793,A-185-08-09,40.0,178.19,118.397969,118.397969,303.759919,35.409899,86.703515,0,363673.8,6591759.23,199.02,RIGHT,178.2,440,23/10/2025,04:09:34,04:16:54,1624.972952,EX5600,225,29.0,8.0,34,303.759919,118.397969,63.248535,86.703515,35.409899,2111.806375,5133.005262
pattern_9,A1850809_200_ES_4,6204340,4204340,EX004,EX5600FS,DT021,CAT 793,A-185-08-09,46.9,203.84,126.230978,126.230978,298.799201,41.790063,76.173778,0,363677.38,6591763.3,198.54,STRAIGHT,203.8,529,23/10/2025,04:16:54,04:25:43,1841.24043,EX5600,225,29.0,8.0,34,298.799201,126.230978,54.604381,76.173778,41.790063,2455.914738,5996.23414
pattern_9,A1850809_200_CS_4,6204341,4204341,EX004,EX5600FS,DT010,CAT 793,A-185-08-09,31.11,178.65,121.446089,121.446089,282.121357,38.084172,68.706845,0,363669.55,6591759.29,199.5,STRAIGHT,178.6,511,23/10/2025,04:25:43,04:34:14,1614.411008,EX5600,225,29.0,8.0,34,282.121357,121.446089,53.884251,68.706845,38.084172,2279.641718,5534.437388
pattern_9,A1850809_200_ES_4,6204342,4204342,EX004,EX5600FS,DT055,HIT EH5000,A-185-08-09,45.69,209.32,119.629898,119.629898,294.239524,40.759574,74.065987,0,363674.79,6591758.69,198.98,LEFT,209.3,640,23/10/2025,04:34:14,04:44:54,1929.725447,EX5600,250,29.0,8.0,34,294.239524,119.629898,59.784065,74.065987,40.759574,2561.007364,6320.287539
pattern_9,A1850809_200_ES_4,6204343,4204343,EX004,EX5600FS,DT050,HIT EH5000,A-185-08-09,50.99,196.91,128.334255,128.334255,292.769546,34.081139,83.308562,0,363675.58,6591761.23,199.59,LEFT,196.9,475,23/10/2025,04:44:54,04:52:49,1909.518761,EX5600,250,29.0,8.0,34,292.769546,128.334255,47.045591,83.308562,34.081139,2421.297685,5809.219184
pattern_9,A1850809_200_ES_1,6204344,4204344,EX004,EX5600FS,DT025,CAT 793,A-185-08-09,45.83,219.91,104.776619,104.776619,284.052206,45.848455,75.575175,0,363685.55,6591712.67,199.55,STRAIGHT,219.9,404,23/10/2025,04:52:49,04:59:33,2177.730709,EX5600,225,29.0,8.0,34,284.052206,104.776619,57.851956,75.575175,45.848455,2787.111711,7790.27858
pattern_9,A1850809_200_ES_1,6204345,4204345,EX004,EX5600FS,DT053,HIT EH5000,A-185-08-09,45.98,222.79,81.989775,81.989775,244.325717,33.432869,78.847867,0,363684.1,6591713.16,199.4,LEFT,222.8,436,23/10/2025,04:59:33,05:06:49,2596.478156,EX5600,250,29.0,8.0,34,244.325717,81.989775,50.055206,78.847867,33.432869,3282.66432,8955.683319
pattern_9,A1850809_200_ES_1,6204346,4204346,EX004,EX5600FS,DT085,HIT EH5000,A-185-08-09,66.87,227.81,65.400519,65.400519,235.648326,37.609964,83.480865,0,363685.29,6591711.07,199.76,RIGHT,227.8,620,23/10/2025,05:06:49,05:17:09,2738.082748,EX5600,250,29.0,8.0,34,235.648326,65.400519,49.156978,83.480865,37.609964,3480.256163,9694.738513
pattern_9,A1850809_200_ES_1,6204347,4204347,EX004,EX5600FS,DT081,HIT EH5000,A-185-08-09,67.6,204.23,87.980449,87.980449,265.714397,47.450536,81.033773,0,363685.37,6591710.64,199.35,RIGHT,204.2,466,23/10/2025,05:17:09,05:24:55,2178.062056,EX5600,250,29.0,8.0,34,265.714397,87.980449,49.249639,81.033773,47.450536,2766.994475,7536.970501
pattern_9,A1850809_200_ES_1,6204348,4204348,EX004,EX5600FS,DT021,CAT 793,A-185-08-09,42.75,183.93,87.912833,87.912833,258.086978,38.204843,73.272798,0,363683.51,6591708.96,199.82,STRAIGHT,183.9,541,23/10/2025,05:24:55,05:33:56,2000.848062,EX5600,225,29.0,8.0,34,258.086978,87.912833,58.696503,73.272798,38.204843,2565.656629,6995.435964
pattern_9,A1850809_200_ES_1,6204349,4204349,EX004,EX5600FS,DT058,HIT EH5000,A-185-08-09,47.84,192.53,80.345585,80.345585,247.616168,39.203853,73.64424,0,363684.31,6591707.15,198.4,STRAIGHT,192.5,444,23/10/2025,05:33:56,05:41:20,2244.503767,EX5600,250,29.0,8.0,34,247.616168,80.345585,54.422489,73.64424,39.203853,2799.109235,7754.044679
pattern_9,A1850809_200_ES_1,6204350,4204350,EX004,EX5600FS,DT087,HIT EH5000,A-185-08-09,48.1,190.17,88.384527,88.384527,260.150923,41.606246,73.23285,0,363686.13,6591710.9,198.26,RIGHT,190.2,373,23/10/2025,05:41:20,05:47:33,2076.892585,EX5600,250,29.0,8.0,34,260.150923,88.384527,56.9273,73.23285,41.606246,2631.653303,7385.243545
pattern_9,A1850809_200_ES_1,6204351,4204351,EX004,EX5600FS,DT020,CAT 793,A-185-08-09,48.31,186.74,76.715105,76.715105,241.717367,37.943185,75.338744,0,363687.99,6591711.07,198.25,RIGHT,186.7,327,23/10/2025,05:47:33,05:53:00,2211.477816,EX5600,225,29.0,8.0,34,241.717367,76.715105,51.720333,75.338744,37.943185,2781.144295,7547.224656
pattern_9,A1850809_200_ES_1,6204352,4204352,EX004,EX5600FS,DT052,HIT EH5000,A-185-08-09,53.53,199.53,87.552693,87.552693,255.571628,37.304152,70.543269,0,363684.49,6591708.16,199.28,LEFT,199.5,482,23/10/2025,05:53:00,06:01:02,2314.928377,EX5600,250,29.0,8.0,34,255.571628,87.552693,60.171514,70.543269,37.304152,2810.555575,7925.766723
pattern_9,A1850809_200_ES_1,6204353,4204353,EX004,EX5600FS,DT055,HIT EH5000,A-185-08-09,52.27,211.09,77.549979,77.549979,242.868298,47.672795,68.828478,0,363684.0,6591710.37,199.59,STRAIGHT,211.1,490,23/10/2025,06:01:02,06:09:12,2584.735359,EX5600,250,29.0,8.0,34,242.868298,77.549979,48.817047,68.828478,47.672795,3128.984732,8474.412488
pattern_9,A1850809_200_ES_1,6204354,4204354,EX004,EX5600FS,DT009,CAT 793,A-185-08-09,71.29,213.88,78.177489,78.177489,243.36719,45.587069,76.225409,0,363686.34,6591710.16,199.93,RIGHT,213.9,322,23/10/2025,06:09:12,06:14:34,2523.050902,EX5600,225,29.0,8.0,34,243.36719,78.177489,43.377223,76.225409,45.587069,3163.818406,8921.967906
pattern_9,A1850809_200_ES_5,6204355,4204355,EX004,EX5600FS,DT066,HIT EH5000,A-185-08-09,35.27,191.37,145.415367,145.415367,305.084149,35.008112,72.879946,0,363672.22,6591751.64,199.08,RIGHT,191.4,543,23/10/2025,06:14:34,06:23:37,1600.923467,EX5600,250,29.0,8.0,34,305.084149,145.415367,51.780724,72.879946,35.008112,2258.16439,4852.60241
pattern_9,A1850809_200_ES_5,6204356,4204356,EX004,EX5600FS,DT067,HIT EH5000,A-185-08-09,43.95,186.94,155.284504,155.284504,326.699148,40.960532,81.916328,0,363673.28,6591752.98,198.64,LEFT,186.9,524,23/10/2025,06:23:37,06:32:21,1547.561871,EX5600,250,29.0,8.0,34,326.699148,155.284504,48.537784,81.916328,40.960532,2059.921158,4462.836154
pattern_9,A1850809_200_ES_5,6204357,4204357,EX004,EX5600FS,DT044,CAT 793,A-185-08-09,36.59,175.27,168.245243,168.245243,334.258776,35.837054,75.564857,0,363675.3,6591751.56,198.41,RIGHT,175.3,530,23/10/2025,06:32:21,06:41:11,1480.56941,EX5600,225,29.0,8.0,34,334.258776,168.245243,54.611622,75.564857,35.837054,1887.702482,4329.147135
pattern_9,A1850809_200_ES_5,6204358,4204358,EX004,EX5600FS,DT040,CAT 793,A-185-08-09,46.25,183.69,155.490599,155.490599,336.363452,41.369712,82.3171,0,363673.54,6591754.65,199.02,RIGHT,183.7,542,23/10/2025,06:41:11,06:50:13,1541.285811,EX5600,225,29.0,8.0,34,336.363452,155.490599,57.186041,82.3171,41.369712,1966.000993,4787.850688
pattern_9,A1850809_200_ES_5,6204359,4204359,EX004,EX5600FS,DT078,HIT EH5000,A-185-08-09,41.56,184.58,150.383251,150.383251,335.611428,37.367601,95.73713,0,363673.24,6591748.06,199.25,RIGHT,184.6,505,23/10/2025,06:50:13,06:58:38,1483.756152,EX5600,250,29.0,8.0,34,335.611428,150.383251,52.123446,95.73713,37.367601,1979.974421,4201.276104
pattern_9,A1850809_200_ES_5,6204360,4204360,EX004,EX5600FS,DT087,HIT EH5000,A-185-08-09,49.95,195.56,159.619805,159.619805,335.573378,39.134889,84.065257,0,363671.97,6591755.22,198.66,STRAIGHT,195.6,513,23/10/2025,06:58:38,07:07:11,1516.730243,EX5600,250,29.0,8.0,34,335.573378,159.619805,52.753426,84.065257,39.134889,2097.900824,4477.626584
pattern_9,A1850809_200_ES_5,6204361,4204361,EX004,EX5600FS,DT021,CAT 793,A-185-08-09,50.63,187.05,141.954454,141.954454,324.596177,48.744237,74.338161,0,363674.47,6591751.43,199.61,LEFT,187.0,417,23/10/2025,07:07:11,07:14:08,1553.134383,EX5600,225,29.0,8.0,34,324.596177,141.954454,59.559325,74.338161,48.744237,2074.505334,4473.591971
pattern_9,A1850809_200_ES_5,6204362,4204362,EX004,EX5600FS,DT077,HIT EH5000,A-185-08-09,31.1,178.79,125.896755,125.896755,296.393207,38.964177,79.265262,0,363672.5,6591753.51,198.61,STRAIGHT,178.8,461,23/10/2025,07:14:08,07:21:49,1679.945493,EX5600,250,29.0,8.0,34,296.393207,125.896755,52.267013,79.265262,38.964177,2171.580692,4718.146477
pattern_9,A1850809_200_ES_5,6204363,4204363,EX004,EX5600FS,DT065,HIT EH5000,A-185-08-09,41.51,177.73,127.409254,127.409254,313.807211,50.383057,82.335538,0,363675.37,6591751.76,198.37,RIGHT,177.7,504,23/10/2025,07:21:49,07:30:13,1461.985457,EX5600,250,29.0,8.0,34,313.807211,127.409254,53.679362,82.335538,50.383057,2038.964748,4740.036346
pattern_9,A1850809_200_ES_5,6204364,4204364,EX004,EX5600FS,DT061,HIT EH5000,A-185-08-09,55.8,167.41,141.815114,141.815114,322.223791,41.510165,79.445786,0,363672.13,6591751.66,199.14,LEFT,167.4,479,23/10/2025,07:30:13,07:38:12,1323.196258,EX5600,250,29.0,8.0,34,322.223791,141.815114,59.452726,79.445786,41.510165,1870.349589,4215.358128
pattern_9,A1850809_200_ES_5,6204365,4204365,EX004,EX5600FS,DT041,CAT 793,A-185-08-09,52.51,183.67,141.193714,141.193714,313.871221,36.521224,85.458583,0,363676.88,6591753.9,199.33,RIGHT,183.7,499,23/10/2025,07:38:12,07:46:31,1405.685074,EX5600,225,29.0,8.0,34,313.871221,141.193714,50.697701,85.458583,36.521224,2106.684089,4727.138874
pattern_9,A1850809_200_ES_5,6204366,4204366,EX004,EX5600FS,DT012,CAT 793,A-185-08-09,44.78,162.63,142.410041,142.410041,293.403201,35.180458,67.838019,0,363676.87,6591752.73,199.55,LEFT,162.6,438,23/10/2025,07:46:31,07:53:49,1471.854949,EX5600,225,29.0,8.0,34,293.403201,142.410041,47.974682,67.838019,35.180458,1995.398679,4335.153234
pattern_9,A1850809_200_ES_5,6204367,4204367,EX004,EX5600FS,DT004,CAT 793,A-185-08-09,41.91,188.84,145.293034,145.293034,326.396808,39.919731,85.959629,0,363670.61,6591753.89,198.19,LEFT,188.8,530,23/10/2025,07:53:49,08:02:39,1610.011921,EX5600,225,29.0,8.0,34,326.396808,145.293034,55.224413,85.959629,39.919731,2082.779029,4851.527969
pattern_9,A1850809_200_ES_1,6204368,4204368,EX004,EX5600FS,DT039,CAT 793,A-185-08-09,52.75,208.51,89.340645,89.340645,249.146344,35.420661,67.669686,0,363686.47,6591701.88,197.97,RIGHT,208.5,313,23/10/2025,08:02:39,08:07:52,2480.984421,EX5600,225,29.0,8.0,34,249.146344,89.340645,56.715352,67.669686,35.420661,3012.836716,8496.19954
pattern_9,A1850809_200_ES_1,6204369,4204369,EX004,EX5600FS,DT067,HIT EH5000,A-185-08-09,68.59,205.77,86.717751,86.717751,255.666996,43.111817,79.524527,0,363683.26,6591701.93,198.2,RIGHT,205.8,327,23/10/2025,08:07:52,08:13:19,2252.938652,EX5600,250,29.0,8.0,34,255.666996,86.717751,46.312901,79.524527,43.111817,2897.377161,8168.685429
pattern_9,A1850809_200_ES_1,6204370,4204370,EX004,EX5600FS,DT019,CAT 793,A-185-08-09,51.24,215.95,69.287716,69.287716,236.807797,42.323747,74.760362,0,363691.0,6591703.17,199.85,STRAIGHT,216.0,375,23/10/2025,08:13:19,08:19:34,2654.541489,EX5600,225,29.0,8.0,34,236.807797,69.287716,50.435973,74.760362,42.323747,3282.983326,9258.01298
pattern_9,A1850809_200_ES_1,6204371,4204371,EX004,EX5600FS,DT090,HIT EH5000,A-185-08-09,43.06,212.53,88.992349,88.992349,250.117863,40.770905,65.902129,0,363688.13,6591702.44,198.69,STRAIGHT,212.5,394,23/10/2025,08:19:34,08:26:08,2297.114923,EX5600,250,29.0,8.0,34,250.117863,88.992349,54.45248,65.902129,40.770905,3058.974258,8526.386788
pattern_9,A1850809_200_ES_1,6204372,4204372,EX004,EX5600FS,DT070,HIT EH5000,A-185-08-09,63.12,211.94,76.80988,76.80988,250.224371,49.094158,74.317014,0,363683.53,6591702.17,198.06,STRAIGHT,211.9,352,23/10/2025,08:26:08,08:32:00,2088.872912,EX5600,250,29.0,8.0,34,250.224371,76.80988,50.003319,74.317014,49.094158,3049.210585,8598.77385
pattern_9,A1850809_200_ES_1,6204373,4204373,EX004,EX5600FS,DT063,HIT EH5000,A-185-08-09,65.9,205.19,85.510085,85.510085,251.067119,39.708939,76.56271,0,363682.44,6591700.64,198.77,RIGHT,205.2,829,23/10/2025,08:32:00,08:45:49,2232.078032,EX5600,250,29.0,8.0,34,251.067119,85.510085,49.285385,76.56271,39.708939,2942.147699,8296.85651
pattern_9,A1850809_200_ES_1,6204374,4204374,EX004,EX5600FS,DT066,HIT EH5000,A-185-08-09,53.86,187.67,88.372064,88.372064,246.042353,31.919988,76.716436,0,363688.12,6591705.29,198.35,STRAIGHT,187.7,348,23/10/2025,08:45:49,08:51:37,2100.095128,EX5600,250,29.0,8.0,34,246.042353,88.372064,49.033865,76.716436,31.919988,2745.920913,7659.809418
pattern_9,A1850809_200_ES_1,6204375,4204375,EX004,EX5600FS,DT081,HIT EH5000,A-185-08-09,36.17,191.34,85.290622,85.290622,264.199836,43.727131,79.301301,0,363685.21,6591703.78,199.31,RIGHT,191.3,438,23/10/2025,08:51:37,08:58:55,2089.721799,EX5600,250,29.0,8.0,34,264.199836,85.290622,55.880782,79.301301,43.727131,2607.231069,7352.391614
pattern_9,A1850809_200_ES_1,6204376,4204376,EX004,EX5600FS,DT064,HIT EH5000,A-185-08-09,41.72,211.78,84.320712,84.320712,252.842757,43.286634,70.136976,0,363686.35,6591701.8,199.76,STRAIGHT,211.8,343,23/10/2025,08:58:55,09:04:38,2503.201091,EX5600,250,29.0,8.0,34,252.842757,84.320712,55.098434,70.136976,43.286634,3015.302256,8503.152361
pattern_9,A1850809_200_ES_1,6204377,4204377,EX004,EX5600FS,DT052,HIT EH5000,A-185-08-09,45.07,213.61,87.710687,87.710687,254.703302,44.48806,66.376055,0,363684.83,6591704.63,198.91,LEFT,213.6,323,23/10/2025,09:04:38,09:10:01,2414.095513,EX5600,250,29.0,8.0,34,254.703302,87.710687,56.128501,66.376055,44.48806,3019.250043,8491.480646
pattern_9,A1850809_200_ES_1,6204378,4204378,EX004,EX5600FS,DT055,HIT EH5000,A-185-08-09,52.06,207.3,77.351547,77.351547,248.322883,40.148908,79.695867,0,363691.11,6591703.71,198.18,LEFT,207.3,412,23/10/2025,09:10:01,09:16:53,2369.433998,EX5600,250,29.0,8.0,34,248.322883,77.351547,51.126561,79.695867,40.148908,3005.28738,8474.910412
pattern_9,A1850809_200_ES_5,6204379,4204379,EX004,EX5600FS,DT012,CAT 793,A-185-08-09,48.06,200.35,154.838702,154.838702,354.44551,47.208896,85.246218,0,363675.75,6591746.11,199.59,RIGHT,200.4,492,23/10/2025,09:16:53,09:25:05,1510.905759,EX5600,225,29.0,8.0,34,354.44551,154.838702,67.151695,85.246218,47.208896,2034.944428,4672.307984
pattern_9,A1850809_200_ES_5,6204380,4204380,EX004,EX5600FS,DT063,HIT EH5000,A-185-08-09,49.38,196.62,138.896005,138.896005,321.389274,38.928911,81.451229,0,363671.84,6591747.79,198.85,LEFT,196.6,513,23/10/2025,09:25:05,09:33:38,1640.580353,EX5600,250,29.0,8.0,34,321.389274,138.896005,62.113129,81.451229,38.928911,2202.411074,5139.414112
pattern_9,A1850809_200_ES_5,6204381,4204381,EX004,EX5600FS,DT016,CAT 793,A-185-08-09,57.35,200.88,137.79815,137.79815,318.398493,44.606051,80.254269,0,363677.25,6591744.46,198.57,LEFT,200.9,502,23/10/2025,09:33:38,09:42:00,1734.863664,EX5600,225,29.0,8.0,34,318.398493,137.79815,55.740023,80.254269,44.606051,2271.32309,5331.215108
pattern_9,A1850809_200_ES_5,6204382,4204382,EX004,EX5600FS,DT063,HIT EH5000,A-185-08-09,47.08,187.42,144.031744,144.031744,325.420992,37.792696,84.484288,0,363675.36,6591747.15,199.39,STRAIGHT,187.4,582,23/10/2025,09:42:00,09:51:42,1494.070062,EX5600,250,29.0,8.0,34,325.420992,144.031744,59.112265,84.484288,37.792696,2073.317091,4834.133373
pattern_9,A1850809_200_ES_5,6204383,4204383,EX004,EX5600FS,DT061,HIT EH5000,A-185-08-09,45.51,182.72,129.917645,129.917645,306.520832,38.080945,78.960672,0,363673.86,6591746.4,198.49,LEFT,182.7,527,23/10/2025,09:51:42,10:00:29,1705.342574,EX5600,250,29.0,8.0,34,306.520832,129.917645,59.56157,78.960672,38.080945,2146.048045,5044.037634
pattern_9,A1850809_200_ES_5,6204384,4204384,EX004,EX5600FS,DT008,CAT 793,A-185-08-09,56.32,182.43,127.17443,127.17443,316.823732,47.741404,83.990967,0,363675.54,6591745.67,198.95,RIGHT,182.4,502,23/10/2025,10:00:29,10:08:51,1451.560277,EX5600,225,29.0,8.0,34,316.823732,127.17443,57.916931,83.990967,47.741404,2072.944495,4793.965456
pattern_9,A1850809_200_ES_5,6204385,4204385,EX004,EX5600FS,DT076,HIT EH5000,A-185-08-09,35.92,177.14,140.374109,140.374109,313.468914,43.516188,74.761674,0,363679.05,6591747.36,199.21,RIGHT,177.1,689,23/10/2025,10:08:51,10:20:20,1570.186077,EX5600,250,29.0,8.0,34,313.468914,140.374109,54.816942,74.761674,43.516188,2034.390974,4847.272769
pattern_9,A1850809_200_ES_5,6204386,4204386,EX004,EX5600FS,DT019,CAT 793,A-185-08-09,55.76,172.64,133.541976,133.541976,284.993828,38.813369,64.865387,0,363673.76,6591746.41,198.91,LEFT,172.6,554,23/10/2025,10:20:20,10:29:34,1632.64387,EX5600,225,29.0,8.0,34,284.993828,133.541976,47.773097,64.865387,38.813369,2180.776581,4935.930147
pattern_9,A1850809_200_ES_5,6204387,4204387,EX004,EX5600FS,DT084,HIT EH5000,A-185-08-09,42.71,178.21,130.702313,130.702313,318.071977,48.12606,78.424857,0,363673.77,6591747.53,199.65,STRAIGHT,178.2,431,23/10/2025,10:29:34,10:36:45,1505.174334,EX5600,250,29.0,8.0,34,318.071977,130.702313,60.818747,78.424857,48.12606,2017.027506,4705.34925
pattern_9,A1850809_200_ES_5,6204388,4204388,EX004,EX5600FS,DT007,CAT 793,A-185-08-09,51.13,165.65,136.339497,136.339497,302.536466,33.005432,83.246853,0,363676.02,6591745.78,199.44,LEFT,165.7,489,23/10/2025,10:36:45,10:44:54,1571.5283,EX5600,225,29.0,8.0,34,302.536466,136.339497,49.944683,83.246853,33.005432,1971.148117,4403.753984
pattern_9,A1850809_200_ES_5,6204389,4204389,EX004,EX5600FS,DT009,CAT 793,A-185-08-09,49.89,169.14,120.267203,120.267203,290.085544,37.86382,74.469787,0,363672.65,6591744.42,198.29,STRAIGHT,169.1,501,23/10/2025,10:44:54,10:53:15,1521.534421,EX5600,225,29.0,8.0,34,290.085544,120.267203,57.484733,74.469787,37.86382,2099.066867,5075.632598
pattern_9,A1850809_200_ES_5,6204390,4204390,EX004,EX5600FS,DT058,HIT EH5000,A-185-08-09,37.53,190.56,119.984232,119.984232,302.349535,41.557764,79.645697,0,363673.21,6591742.69,199.71,RIGHT,190.6,408,23/10/2025,10:53:15,11:00:03,1734.701184,EX5600,250,29.0,8.0,34,302.349535,119.984232,61.161842,79.645697,41.557764,2268.9565,4903.169205
pattern_9,A1850809_200_ES_5,6204391,4204391,EX004,EX5600FS,DT032,CAT 793,A-185-08-09,41.69,186.62,116.865198,116.865198,284.375445,40.366221,79.132894,0,363673.98,6591747.05,198.75,RIGHT,186.6,507,23/10/2025,11:00:03,11:08:30,1750.889243,EX5600,225,29.0,8.0,34,284.375445,116.865198,48.011132,79.132894,40.366221,2362.461265,5405.512199
pattern_9,A1850809_200_ES_3,6204392,4204392,EX004,EX5600FS,DT035,CAT 793,A-185-08-09,45.51,195.19,106.808529,106.808529,266.322538,38.626967,72.429745,0,363676.7,6591735.21,198.98,LEFT,195.2,451,23/10/2025,11:08:30,11:16:01,2064.3279,EX5600,225,29.0,8.0,34,266.322538,106.808529,48.457297,72.429745,38.626967,2638.500958,6148.388056
pattern_9,A1850809_200_ES_3,6204393,4204393,EX004,EX5600FS,DT026,CAT 793,A-185-08-09,36.21,192.95,131.815568,131.815568,300.617808,41.994639,71.039453,0,363675.45,6591735.81,199.35,LEFT,192.9,437,23/10/2025,11:16:01,11:23:18,1650.109743,EX5600,225,29.0,8.0,34,300.617808,131.815568,55.768148,71.039453,41.994639,2310.598524,5599.520842
pattern_9,A1850809_200_ES_3,6204394,4204394,EX004,EX5600FS,DT071,HIT EH5000,A-185-08-09,43.05,183.83,124.850893,124.850893,295.958262,40.393586,79.983238,0,363677.43,6591739.98,198.6,RIGHT,183.8,457,23/10/2025,11:23:18,11:30:55,1799.135767,EX5600,250,29.0,8.0,34,295.958262,124.850893,50.730544,79.983238,40.393586,2236.118389,5345.850646
pattern_9,A1850809_200_ES_3,6204395,4204395,EX004,EX5600FS,DT027,CAT 793,A-185-08-09,35.55,189.77,113.143256,113.143256,286.112336,39.332779,74.696528,0,363677.65,6591736.84,199.86,LEFT,189.8,459,23/10/2025,11:30:55,11:38:34,1897.956137,EX5600,225,29.0,8.0,34,286.112336,113.143256,58.939773,74.696528,39.332779,2387.758838,5706.99995
pattern_9,A1850809_200_ES_3,6204396,4204396,EX004,EX5600FS,DT087,HIT EH5000,A-185-08-09,54.18,190.15,128.760587,128.760587,303.570929,43.692461,65.803874,0,363678.11,6591741.48,198.88,STRAIGHT,190.1,477,23/10/2025,11:38:34,11:46:31,1746.442258,EX5600,250,29.0,8.0,34,303.570929,128.760587,65.314006,65.803874,43.692461,2254.935986,5383.05369
pattern_9,A1850809_200_ES_3,6204397,4204397,EX004,EX5600FS,DT045,CAT 793,A-185-08-09,39.5,183.81,126.275659,126.275659,309.522471,38.57281,91.009993,0,363674.93,6591738.25,199.75,RIGHT,183.8,477,23/10/2025,11:46:31,11:54:28,1555.825066,EX5600,225,29.0,8.0,34,309.522471,126.275659,53.664009,91.009993,38.57281,2137.84412,5313.901449
pattern_9,A1850809_200_ES_3,6204398,4204398,EX004,EX5600FS,DT009,CAT 793,A-185-08-09,48.05,183.03,151.819119,151.819119,312.889894,38.463177,70.912804,0,363678.59,6591740.27,199.94,STRAIGHT,183.0,495,23/10/2025,11:54:28,12:02:43,1577.287669,EX5600,225,29.0,8.0,34,312.889894,151.819119,51.694794,70.912804,38.463177,2105.875741,5295.058671
pattern_9,A1850809_200_ES_3,6204399,4204399,EX004,EX5600FS,DT028,CAT 793,A-185-08-09,43.66,173.92,130.184106,130.184106,311.990018,45.705151,78.033219,0,363674.71,6591738.27,198.8,RIGHT,173.9,485,23/10/2025,12:02:43,12:10:48,1479.320076,EX5600,225,29.0,8.0,34,311.990018,130.184106,58.067542,78.033219,45.705151,2006.779775,4848.346504
pattern_9,A1850809_200_ES_3,6204400,4204400,EX004,EX5600FS,DT013,CAT 793,A-185-08-09,58.17,174.51,124.931566,124.931566,297.77055,46.813321,69.722972,0,363674.85,6591739.41,199.78,LEFT,174.5,473,23/10/2025,12:10:48,12:18:41,1590.027317,EX5600,225,29.0,8.0,34,297.77055,124.931566,56.302691,69.722972,46.813321,2109.833178,4912.433962
pattern_9,A1850809_200_ES_3,6204401,4204401,EX004,EX5600FS,DT061,HIT EH5000,A-185-08-09,32.78,174.8,123.875193,123.875193,277.572709,30.300193,74.642472,0,363674.29,6591741.16,199.67,LEFT,174.8,468,23/10/2025,12:18:41,12:26:29,1713.012506,EX5600,250,29.0,8.0,34,277.572709,123.875193,48.754851,74.642472,30.300193,2267.054014,5640.536609
pattern_9,A1850809_200_ES_3,6204402,4204402,EX004,EX5600FS,DT065,HIT EH5000,A-185-08-09,54.68,180.01,129.167057,129.167057,302.642946,45.219622,79.855491,0,363676.6,6591738.53,199.62,LEFT,180.0,474,23/10/2025,12:26:29,12:34:23,1623.774059,EX5600,250,29.0,8.0,34,302.642946,129.167057,48.400775,79.855491,45.219622,2141.269671,5549.477761
pattern_9,A1850809_200_ES_3,6204403,4204403,EX004,EX5600FS,DT039,CAT 793,A-185-08-09,38.18,166.81,125.073218,125.073218,296.920119,40.009191,74.959881,0,363674.34,6591742.33,199.84,RIGHT,166.8,423,23/10/2025,12:34:23,12:41:26,1553.752427,EX5600,225,29.0,8.0,34,296.920119,125.073218,56.877829,74.959881,40.009191,2022.4825,4846.968225
pattern_9,A1850809_200_ES_3,6204404,4204404,EX004,EX5600FS,DT032,CAT 793,A-185-08-09,44.65,210.3,114.599275,114.599275,287.916387,39.291461,83.730262,0,363678.55,6591730.51,198.98,STRAIGHT,210.3,442,23/10/2025,12:41:26,12:48:48,2045.006902,EX5600,225,29.0,8.0,34,287.916387,114.599275,50.295389,83.730262,39.291461,2629.53775,6549.990498
pattern_9,A1850809_200_ES_3,6204405,4204405,EX004,EX5600FS,DT005,CAT 793,A-185-08-09,52.53,204.39,112.966469,112.966469,289.815973,38.821094,77.127943,0,363677.94,6591729.32,198.9,RIGHT,204.4,604,23/10/2025,12:48:48,12:58:52,1895.906185,EX5600,225,29.0,8.0,34,289.815973,112.966469,60.900467,77.127943,38.821094,2538.913011,6462.688377
pattern_9,A1850809_200_ES_3,6204406,4204406,EX004,EX5600FS,DT045,CAT 793,A-185-08-09,43.65,200.57,97.298031,97.298031,262.101099,41.42128,68.156326,0,363673.92,6591730.27,199.78,STRAIGHT,200.6,457,23/10/2025,12:58:52,13:06:29,2310.890809,EX5600,225,29.0,8.0,34,262.101099,97.298031,55.225462,68.156326,41.42128,2754.909947,6815.169094
pattern_9,A1850809_200_ES_3,6204407,4204407,EX004,EX5600FS,DT079,HIT EH5000,A-185-08-09,42.5,193.92,106.505202,106.505202,285.275925,43.805658,79.377306,0,363676.29,6591728.33,198.33,LEFT,193.9,488,23/10/2025,13:06:29,13:14:37,2000.904889,EX5600,250,29.0,8.0,34,285.275925,106.505202,55.587759,79.377306,43.805658,2447.104029,6183.745291
pattern_9,A1850809_200_ES_3,6204408,4204408,EX004,EX5600FS,DT032,CAT 793,A-185-08-09,39.32,196.19,108.460028,108.460028,274.680438,45.411413,70.138737,0,363675.48,6591731.16,200.15,RIGHT,196.2,442,23/10/2025,13:14:37,13:21:59,2243.285531,EX5600,225,29.0,8.0,34,274.680438,108.460028,50.67026,70.138737,45.411413,2571.350004,6260.342042
pattern_9,A1850809_200_ES_3,6204409,4204409,EX004,EX5600FS,DT053,HIT EH5000,A-185-08-09,40.02,199.06,104.909904,104.909904,295.61397,51.139921,83.051288,0,363674.57,6591732.05,199.6,STRAIGHT,199.1,424,23/10/2025,13:21:59,13:29:03,2113.668269,EX5600,250,29.0,8.0,34,295.61397,104.909904,56.512857,83.051288,51.139921,2424.202433,6252.513942
pattern_9,A1850809_200_ES_3,6204410,4204410,EX004,EX5600FS,DT024,CAT 793,A-185-08-09,57.05,197.35,106.484007,106.484007,283.586464,43.462257,74.893083,0,363673.39,6591731.35,198.49,LEFT,197.3,456,23/10/2025,13:29:03,13:36:39,1962.674548,EX5600,225,29.0,8.0,34,283.586464,106.484007,58.747118,74.893083,43.462257,2505.265937,6130.484842
pattern_9,A1850809_200_ES_3,6204411,4204411,EX004,EX5600FS,DT012,CAT 793,A-185-08-09,49.17,182.05,118.940059,118.940059,312.528685,44.24572,85.694419,0,363678.84,6591728.06,199.74,RIGHT,182.1,398,23/10/2025,13:36:39,13:43:17,1597.510781,EX5600,225,29.0,8.0,34,312.528685,118.940059,63.648487,85.694419,44.24572,2097.068004,5470.85166
pattern_9,A1850809_200_ES_3,6204412,4204412,EX004,EX5600FS,DT073,HIT EH5000,A-185-08-09,50.93,183.32,101.377964,101.377964,290.748676,46.450281,82.161389,0,363676.71,6591728.31,199.83,RIGHT,183.3,433,23/10/2025,13:43:17,13:50:30,1873.86829,EX5600,250,29.0,8.0,34,290.748676,101.377964,60.759042,82.161389,46.450281,2269.856051,5723.909994
pattern_9,A1850809_200_ES_3,6204413,4204413,EX004,EX5600FS,DT059,HIT EH5000,A-185-08-09,37.86,184.78,101.288004,101.288004,264.836779,38.402488,72.540411,0,363678.15,6591729.67,198.48,STRAIGHT,184.8,495,23/10/2025,13:50:30,13:58:45,2078.714831,EX5600,250,29.0,8.0,34,264.836779,101.288004,52.605877,72.540411,38.402488,2511.776201,6115.854373
pattern_9,A1850809_200_ES_3,6204414,4204414,EX004,EX5600FS,DT025,CAT 793,A-185-08-09,34.23,183.84,119.598675,119.598675,285.949228,41.610057,74.348861,0,363673.42,6591732.95,198.83,RIGHT,183.8,482,23/10/2025,13:58:45,14:06:47,1754.524098,EX5600,225,29.0,8.0,34,285.949228,119.598675,50.391634,74.348861,41.610057,2314.488884,5519.310776
pattern_9,A1850809_200_ES_3,6204415,4204415,EX004,EX5600FS,DT073,HIT EH5000,A-185-08-09,55.73,186.64,119.160533,119.160533,284.827924,39.15581,74.311132,0,363676.81,6591729.03,198.34,STRAIGHT,186.6,445,23/10/2025,14:06:47,14:14:12,1824.332821,EX5600,250,29.0,8.0,34,284.827924,119.160533,52.200448,74.311132,39.15581,2359.018091,5666.7989
pattern_9,A1850809_200_CS_2,6204416,4204416,EX004,EX5600FS,DT075,HIT EH5000,A-185-08-09,37.96,174.96,96.885035,96.885035,250.311318,34.71005,74.637882,0,363668.26,6591775.84,198.65,LEFT,175.0,355,23/10/2025,14:14:12,14:20:07,2050.27529,EX5600,250,29.0,8.0,34,250.311318,96.885035,44.078351,74.637882,34.71005,2516.294158,6311.01014
pattern_9,A1850809_200_CS_2,6204417,4204417,EX004,EX5600FS,DT010,CAT 793,A-185-08-09,47.12,188.95,111.420659,111.420659,267.296238,33.993996,67.131619,0,363664.89,6591772.13,199.64,STRAIGHT,188.9,413,23/10/2025,14:20:07,14:27:00,1993.662403,EX5600,225,29.0,8.0,34,267.296238,111.420659,54.749964,67.131619,33.993996,2544.759081,6498.995345
pattern_9,A1850809_200_CS_2,6204418,4204418,EX004,EX5600FS,DT050,HIT EH5000,A-185-08-09,43.43,199.08,109.717121,109.717121,291.719453,38.835505,82.871274,0,363664.33,6591773.27,198.2,STRAIGHT,199.1,426,23/10/2025,14:27:00,14:34:06,1950.499022,EX5600,250,29.0,8.0,34,291.719453,109.717121,60.295553,82.871274,38.835505,2456.766035,6161.928086
pattern_9,A1850809_200_CS_2,6204419,4204419,EX004,EX5600FS,DT043,CAT 793,A-185-08-09,47.45,186.46,100.569207,100.569207,274.409348,41.966493,78.892703,0,363661.93,6591775.21,198.67,RIGHT,186.5,340,23/10/2025,14:34:06,14:39:46,1886.468551,EX5600,225,29.0,8.0,34,274.409348,100.569207,52.980945,78.892703,41.966493,2446.155399,6323.619662
pattern_9,A1850809_200_CS_2,6204420,4204420,EX004,EX5600FS,DT037,CAT 793,A-185-08-09,48.27,182.25,106.063644,106.063644,272.344314,35.203769,73.196946,0,363662.2,6591770.82,198.18,STRAIGHT,182.3,388,23/10/2025,14:39:46,14:46:14,1976.320213,EX5600,225,29.0,8.0,34,272.344314,106.063644,57.879955,73.196946,35.203769,2409.11414,6285.050294
pattern_9,A1850809_200_CS_2,6204421,4204421,EX004,EX5600FS,DT018,CAT 793,A-185-08-09,36.56,180.64,95.877199,95.877199,264.353904,36.073893,80.967671,0,363659.94,6591773.0,199.59,LEFT,180.6,452,23/10/2025,14:46:14,14:53:46,2024.108191,EX5600,225,29.0,8.0,34,264.353904,95.877199,51.435141,80.967671,36.073893,2459.946886,6424.45762
pattern_9,A1850809_200_CS_2,6204422,4204422,EX004,EX5600FS,DT015,CAT 793,A-185-08-09,46.75,179.45,114.231421,114.231421,282.705716,40.698896,78.272814,0,363666.08,6591773.42,199.08,LEFT,179.4,438,23/10/2025,14:53:46,15:01:04,1747.949446,EX5600,225,29.0,8.0,34,282.705716,114.231421,49.502585,78.272814,40.698896,2285.122908,5800.326241
pattern_9,A1850809_200_CS_2,6204423,4204423,EX004,EX5600FS,DT046,CAT 793,A-185-08-09,46.58,196.84,96.915574,96.915574,284.52669,49.967953,85.276424,0,363661.9,6591770.64,198.41,RIGHT,196.8,464,23/10/2025,15:01:04,15:08:48,1860.202203,EX5600,225,29.0,8.0,34,284.52669,96.915574,52.36674,85.276424,49.967953,2490.548781,6542.13346
pattern_9,A1850809_200_CS_2,6204424,4204424,EX004,EX5600FS,DT010,CAT 793,A-185-08-09,59.0,204.37,113.566631,113.566631,299.957959,42.43817,83.154913,0,363659.89,6591772.48,198.37,LEFT,204.4,527,23/10/2025,15:08:48,15:17:35,1893.910139,EX5600,225,29.0,8.0,34,299.957959,113.566631,60.798244,83.154913,42.43817,2452.787898,6376.853908
pattern_9,A1850809_200_CS_2,6204425,4204425,EX004,EX5600FS,DT004,CAT 793,A-185-08-09,50.63,186.72,122.704629,122.704629,312.680872,45.840196,88.387082,0,363664.63,6591775.49,199.48,LEFT,186.7,448,23/10/2025,15:17:35,15:25:03,1760.852118,EX5600,225,29.0,8.0,34,312.680872,122.704629,55.748966,88.387082,45.840196,2149.752567,5515.972447
pattern_9,A1850809_200_CS_2,6204426,4204426,EX004,EX5600FS,DT064,HIT EH5000,A-185-08-09,46.92,199.23,114.505562,114.505562,277.155035,35.018485,81.204046,0,363665.85,6591771.66,198.9,STRAIGHT,199.2,452,23/10/2025,15:25:03,15:32:35,1974.944353,EX5600,250,29.0,8.0,34,277.155035,114.505562,46.426943,81.204046,35.018485,2587.814203,6785.007866
pattern_9,A1850809_200_CS_2,6204427,4204427,EX004,EX5600FS,DT039,CAT 793,A-185-08-09,47.37,204.33,116.919718,116.919718,283.700865,48.545137,72.540384,0,363666.1,6591773.48,199.16,LEFT,204.3,471,23/10/2025,15:32:35,15:40:26,2024.880155,EX5600,225,29.0,8.0,34,283.700865,116.919718,45.695626,72.540384,48.545137,2592.861627,6792.040405
pattern_9,A1850809_200_ES_2,6204428,4204428,EX004,EX5600FS,DT003,CAT 793,A-185-08-09,37.47,183.67,106.972738,106.972738,274.674276,38.417547,81.629479,0,363675.81,6591721.03,198.24,LEFT,183.7,338,23/10/2025,15:40:26,15:46:04,2134.978797,EX5600,225,29.0,8.0,34,274.674276,106.972738,47.654513,81.629479,38.417547,2407.276823,6147.331295
pattern_9,A1850809_200_ES_2,6204429,4204429,EX004,EX5600FS,DT026,CAT 793,A-185-08-09,41.87,189.26,91.745689,91.745689,250.256991,43.211797,61.52945,0,363679.01,6591722.94,198.58,LEFT,189.3,426,23/10/2025,15:46:04,15:53:10,2105.938782,EX5600,225,29.0,8.0,34,250.256991,91.745689,53.770054,61.52945,43.211797,2722.589294,7038.79083
pattern_9,A1850809_200_ES_2,6204430,4204430,EX004,EX5600FS,DT081,HIT EH5000,A-185-08-09,51.59,184.05,99.712104,99.712104,259.186204,32.006925,73.066345,0,363676.68,6591718.16,199.73,STRAIGHT,184.0,444,23/10/2025,15:53:10,16:00:34,2003.656046,EX5600,250,29.0,8.0,34,259.186204,99.712104,54.400831,73.066345,32.006925,2556.332804,6601.989423
pattern_9,A1850809_200_ES_2,6204431,4204431,EX004,EX5600FS,DT021,CAT 793,A-185-08-09,53.31,193.94,105.01885,105.01885,278.052987,38.135067,77.105665,0,363678.84,6591718.77,198.58,LEFT,193.9,356,23/10/2025,16:00:34,16:06:30,1983.866001,EX5600,225,29.0,8.0,34,278.052987,105.01885,57.793404,77.105665,38.135067,2510.978164,6313.256155
pattern_9,A1850809_200_ES_2,6204432,4204432,EX004,EX5600FS,DT065,HIT EH5000,A-185-08-09,56.96,186.34,101.154433,101.154433,266.027567,40.323884,78.053666,0,363670.08,6591720.49,198.94,LEFT,186.3,396,23/10/2025,16:06:30,16:13:06,1896.552213,EX5600,250,29.0,8.0,34,266.027567,101.154433,46.495585,78.053666,40.323884,2521.61182,6583.232822
pattern_9,A1850809_200_ES_2,6204433,4204433,EX004,EX5600FS,DT033,CAT 793,A-185-08-09,55.51,196.96,95.114949,95.114949,271.961382,43.085519,81.061016,0,363676.32,6591720.74,198.11,STRAIGHT,197.0,370,23/10/2025,16:13:06,16:19:16,1979.754363,EX5600,225,29.0,8.0,34,271.961382,95.114949,52.699898,81.061016,43.085519,2607.223851,6857.631506
pattern_9,A1850809_200_ES_2,6204434,4204434,EX004,EX5600FS,DT009,CAT 793,A-185-08-09,50.06,204.45,103.942126,103.942126,273.236421,32.272412,79.4054,0,363675.91,6591721.93,198.59,STRAIGHT,204.5,792,23/10/2025,16:19:16,16:32:28,2121.008045,EX5600,225,29.0,8.0,34,273.236421,103.942126,57.616483,79.4054,32.272412,2693.76062,7117.338698
pattern_9,A1850809_200_ES_2,6204435,4204435,EX004,EX5600FS,DT016,CAT 793,A-185-08-09,62.05,215.86,95.141848,95.141848,257.730861,35.709989,74.660989,0,363675.84,6591721.76,199.28,STRAIGHT,215.9,435,23/10/2025,16:32:28,16:39:43,2259.476638,EX5600,225,29.0,8.0,34,257.730861,95.141848,52.218034,74.660989,35.709989,3015.157879,7955.1899
pattern_9,A1850809_200_ES_2,6204436,4204436,EX004,EX5600FS,DT014,CAT 793,A-185-08-09,55.09,209.42,100.093569,100.093569,271.861831,43.259162,79.110754,0,363677.48,6591724.31,199.21,LEFT,209.4,444,23/10/2025,16:39:43,16:47:07,2157.116123,EX5600,225,29.0,8.0,34,271.861831,100.093569,49.398346,79.110754,43.259162,2773.138274,6928.737342
pattern_9,A1850809_200_ES_2,6204437,4204437,EX004,EX5600FS,DT067,HIT EH5000,A-185-08-09,47.29,188.48,106.810765,106.810765,278.039657,33.553426,65.806989,0,363675.65,6591719.9,198.99,RIGHT,188.5,437,23/10/2025,16:47:07,16:54:24,1912.40542,EX5600,250,29.0,8.0,34,278.039657,106.810765,71.868478,65.806989,33.553426,2440.451596,6245.235375
pattern_9,A1850809_200_ES_2,6204438,4204438,EX004,EX5600FS,DT072,HIT EH5000,A-185-08-09,49.84,187.29,98.512433,98.512433,273.737804,36.38175,82.248801,0,363676.18,6591725.32,199.81,RIGHT,187.3,421,23/10/2025,16:54:24,17:01:25,2007.616464,EX5600,250,29.0,8.0,34,273.737804,98.512433,56.594821,82.248801,36.38175,2463.056624,6439.496197
pattern_9,A1850809_200_ES_2,6204439,4204439,EX004,EX5600FS,DT009,CAT 793,A-185-08-09,32.34,184.03,100.637042,100.637042,264.076864,39.105916,74.429465,0,363677.11,6591721.34,199.37,STRAIGHT,184.0,474,23/10/2025,17:01:25,17:09:19,1947.950923,EX5600,225,29.0,8.0,34,264.076864,100.637042,49.904441,74.429465,39.105916,2508.820762,6629.974015
pattern_9,A1850809_200_CS_3,6204440,4204440,EX004,EX5600FS,DT074,HIT EH5000,A-185-08-09,52.06,222.62,110.882086,110.882086,280.889518,41.292971,80.866381,0,363665.96,6591764.58,198.23,STRAIGHT,222.6,376,23/10/2025,17:09:19,17:15:35,2154.265739,EX5600,250,29.0,8.0,34,280.889518,110.882086,47.84808,80.866381,41.292971,2853.21823,7148.563887
pattern_9,A1850809_200_CS_3,6204441,4204441,EX004,EX5600FS,DT028,CAT 793,A-185-08-09,42.83,222.05,105.325455,105.325455,279.860238,42.621443,82.736095,0,363666.19,6591766.15,198.84,RIGHT,222.0,360,23/10/2025,17:15:35,17:21:35,2269.018299,EX5600,225,29.0,8.0,34,279.860238,105.325455,49.177244,82.736095,42.621443,2856.343425,7111.396285
pattern_9,A1850809_200_CS_3,6204442,4204442,EX004,EX5600FS,DT033,CAT 793,A-185-08-09,56.64,209.09,126.35126,126.35126,296.129759,38.983788,68.847438,0,363668.19,6591768.12,199.68,RIGHT,209.1,505,23/10/2025,17:21:35,17:30:00,1967.138905,EX5600,225,29.0,8.0,34,296.129759,126.35126,61.947273,68.847438,38.983788,2541.835619,6487.963403
pattern_9,A1850809_200_CS_3,6204443,4204443,EX004,EX5600FS,DT041,CAT 793,A-185-08-09,40.27,199.57,117.684675,117.684675,299.088121,42.261541,75.945182,0,363664.04,6591767.74,199.11,STRAIGHT,199.6,477,23/10/2025,17:30:00,17:37:57,2061.851083,EX5600,225,29.0,8.0,34,299.088121,117.684675,63.196724,75.945182,42.261541,2402.135543,5898.689224
pattern_9,A1850809_200_CS_3,6204444,4204444,EX004,EX5600FS,DT053,HIT EH5000,A-185-08-09,46.34,186.02,128.806569,128.806569,288.20049,38.823788,67.643688,0,363665.81,6591768.48,198.43,LEFT,186.0,372,23/10/2025,17:37:57,17:44:09,1770.765871,EX5600,250,29.0,8.0,34,288.20049,128.806569,52.926445,67.643688,38.823788,2323.596235,5629.351318
pattern_9,A1850809_200_CS_3,6204445,4204445,EX004,EX5600FS,DT071,HIT EH5000,A-185-08-09,44.34,169.93,106.970248,106.970248,259.475258,38.123385,66.784027,0,363666.96,6591765.67,198.14,STRAIGHT,169.9,376,23/10/2025,17:44:09,17:50:25,1702.635265,EX5600,250,29.0,8.0,34,259.475258,106.970248,47.597599,66.784027,38.123385,2357.697399,5908.500869
pattern_9,A1850809_200_CS_3,6204446,4204446,EX004,EX5600FS,DT070,HIT EH5000,A-185-08-09,49.77,185.74,113.324829,113.324829,291.535362,43.681335,71.080069,0,363666.58,6591768.19,199.28,RIGHT,185.7,485,23/10/2025,17:50:25,17:58:30,1969.94664,EX5600,250,29.0,8.0,34,291.535362,113.324829,63.449129,71.080069,43.681335,2293.61008,5824.639337
pattern_9,A1850809_200_CS_3,6204447,4204447,EX004,EX5600FS,DT043,CAT 793,A-185-08-09,40.57,197.93,100.057084,100.057084,273.13581,35.567944,78.391468,0,363667.3,6591765.93,198.51,RIGHT,197.9,429,23/10/2025,17:58:30,18:05:39,2003.844371,EX5600,225,29.0,8.0,34,273.13581,100.057084,59.119314,78.391468,35.567944,2608.70865,6606.166795
pattern_9,A1850809_200_CS_3,6204448,4204448,EX004,EX5600FS,DT009,CAT 793,A-185-08-09,41.62,196.22,116.520498,116.520498,297.264074,47.916226,76.593123,0,363667.22,6591769.9,199.1,STRAIGHT,196.2,457,23/10/2025,18:05:39,18:13:16,1936.523704,EX5600,225,29.0,8.0,34,297.264074,116.520498,56.234228,76.593123,47.916226,2376.335408,5707.946741
pattern_9,A1850809_200_CS_3,6204449,4204449,EX004,EX5600FS,DT010,CAT 793,A-185-08-09,45.42,182.02,114.201026,114.201026,300.35233,47.884104,80.917097,0,363665.12,6591767.1,198.69,RIGHT,182.0,463,23/10/2025,18:13:16,18:20:59,1744.514833,EX5600,225,29.0,8.0,34,300.35233,114.201026,57.350104,80.917097,47.884104,2181.645618,5763.344864
pattern_9,A1850809_200_CS_3,6204450,4204450,EX004,EX5600FS,DT012,CAT 793,A-185-08-09,41.0,193.93,112.230879,112.230879,296.359805,40.687818,80.846208,0,363665.2,6591762.38,198.32,RIGHT,193.9,465,23/10/2025,18:20:59,18:28:44,1905.418386,EX5600,225,29.0,8.0,34,296.359805,112.230879,62.594899,80.846208,40.687818,2355.74889,5774.341355
pattern_9,A1850809_200_CS_3,6204451,4204451,EX004,EX5600FS,DT001,CAT 793,A-185-08-09,34.4,185.86,108.689799,108.689799,290.845998,38.028965,80.082834,0,363666.24,6591766.24,198.95,RIGHT,185.9,453,23/10/2025,18:28:44,18:36:17,1945.001316,EX5600,225,29.0,8.0,34,290.845998,108.689799,64.0444,80.082834,38.028965,2300.57205,5788.177929
pattern_9,A1850809_200_ES_2,6204452,4204452,EX004,EX5600FS,DT048,HIT EH5000,A-185-08-09,40.9,212.54,100.681374,100.681374,256.58323,33.328176,71.791655,0,363674.83,6591710.4,199.45,STRAIGHT,212.5,422,23/10/2025,18:36:17,18:43:19,2440.170631,EX5600,250,29.0,8.0,34,256.58323,100.681374,50.782025,71.791655,33.328176,2981.995025,7714.568475
pattern_9,A1850809_200_ES_2,6204453,4204453,EX004,EX5600FS,DT083,HIT EH5000,A-185-08-09,43.61,205.61,90.310214,90.310214,273.86672,45.109424,79.306833,0,363679.74,6591712.18,198.84,STRAIGHT,205.6,497,23/10/2025,18:43:19,18:51:36,2156.74274,EX5600,250,29.0,8.0,34,273.86672,90.310214,59.140251,79.306833,45.109424,2702.780432,7235.151026
pattern_9,A1850809_200_ES_2,6204454,4204454,EX004,EX5600FS,DT001,CAT 793,A-185-08-09,44.9,193.46,91.728216,91.728216,267.608522,42.684447,77.45416,0,363678.5,6591715.52,198.59,LEFT,193.5,365,23/10/2025,18:51:36,18:57:41,2062.050334,EX5600,225,29.0,8.0,34,267.608522,91.728216,55.7417,77.45416,42.684447,2602.537892,6777.652493
pattern_9,A1850809_200_ES_2,6204455,4204455,EX004,EX5600FS,DT022,CAT 793,A-185-08-09,37.56,181.62,86.293437,86.293437,244.423284,41.04957,70.826033,0,363677.09,6591709.81,199.05,RIGHT,181.6,337,23/10/2025,18:57:41,19:03:18,2034.241256,EX5600,225,29.0,8.0,34,244.423284,86.293437,46.254244,70.826033,41.04957,2674.999234,7158.728981
pattern_9,A1850809_200_ES_2,6204456,4204456,EX004,EX5600FS,DT045,CAT 793,A-185-08-09,41.01,175.93,89.578967,89.578967,248.927139,42.458052,67.338527,0,363673.32,6591715.73,198.6,LEFT,175.9,392,23/10/2025,19:03:18,19:09:50,2053.393181,EX5600,225,29.0,8.0,34,248.927139,89.578967,49.551593,67.338527,42.458052,2544.27743,6994.018895
pattern_9,A1850809_200_ES_2,6204457,4204457,EX004,EX5600FS,DT069,HIT EH5000,A-185-08-09,34.67,177.53,89.820255,89.820255,257.742551,44.170821,73.665345,0,363679.28,6591710.72,198.54,STRAIGHT,177.5,395,23/10/2025,19:09:50,19:16:25,1870.614439,EX5600,250,29.0,8.0,34,257.742551,89.820255,50.086129,73.665345,44.170821,2479.592025,6596.27616
pattern_9,A1850809_200_ES_2,6204458,4204458,EX004,EX5600FS,DT022,CAT 793,A-185-08-09,47.25,183.19,93.137522,93.137522,248.885656,36.611675,62.27349,0,363677.79,6591714.1,199.25,STRAIGHT,183.2,377,23/10/2025,19:16:25,19:22:42,2058.910107,EX5600,225,29.0,8.0,34,248.885656,93.137522,56.862969,62.27349,36.611675,2649.723151,7286.118904
pattern_9,A1850809_200_ES_2,6204459,4204459,EX004,EX5600FS,DT022,CAT 793,A-185-08-09,59.9,179.69,86.261266,86.261266,240.353752,36.333779,67.795319,0,363678.14,6591715.77,198.58,STRAIGHT,179.7,469,23/10/2025,19:22:42,19:30:31,2093.982033,EX5600,225,29.0,8.0,34,240.353752,86.261266,49.963388,67.795319,36.333779,2691.403224,7219.301533
pattern_9,A1850809_200_ES_2,6204460,4204460,EX004,EX5600FS,DT004,CAT 793,A-185-08-09,48.03,168.26,99.407547,99.407547,252.982155,36.472231,78.261941,0,363678.75,6591715.43,198.44,LEFT,168.3,382,23/10/2025,19:30:31,19:36:53,1878.865259,EX5600,225,29.0,8.0,34,252.982155,99.407547,38.840435,78.261941,36.472231,2394.376687,6259.136726
pattern_9,A1850809_200_ES_2,6204461,4204461,EX004,EX5600FS,DT028,CAT 793,A-185-08-09,40.3,190.18,91.621806,91.621806,258.790584,36.232904,76.166683,0,363679.21,6591716.02,198.22,LEFT,190.2,443,23/10/2025,19:36:53,19:44:16,2184.230178,EX5600,225,29.0,8.0,34,258.790584,91.621806,54.76919,76.166683,36.232904,2645.557713,7028.059291
pattern_9,A1850809_200_ES_2,6204462,4204462,EX004,EX5600FS,DT002,CAT 793,A-185-08-09,39.19,191.68,80.569625,80.569625,238.763452,34.506226,71.782255,0,363678.66,6591715.6,199.23,STRAIGHT,191.7,445,23/10/2025,19:44:16,19:51:41,2349.571194,EX5600,225,29.0,8.0,34,238.763452,80.569625,51.905346,71.782255,34.506226,2890.110929,7789.904451
pattern_9,A1850809_200_ES_2,6204463,4204463,EX004,EX5600FS,DT022,CAT 793,A-185-08-09,45.45,185.01,94.052725,94.052725,257.285928,44.514338,68.028252,0,363675.82,6591715.41,199.26,LEFT,185.0,421,23/10/2025,19:51:41,19:58:42,2091.425039,EX5600,225,29.0,8.0,34,257.285928,94.052725,50.690613,68.028252,44.514338,2588.69366,7021.638908
pattern_9,A1850809_200_CS_5,6204464,4204464,EX004,EX5600FS,DT010,CAT 793,A-185-08-09,31.11,177.54,129.705668,129.705668,323.597347,43.350675,89.6129,0,363667.02,6591755.66,199.78,STRAIGHT,177.5,530,23/10/2025,19:58:42,20:07:32,1669.443103,EX5600,225,29.0,8.0,34,323.597347,129.705668,60.928103,89.6129,43.350675,1975.087854,4431.176689
pattern_9,A1850809_200_CS_5,6204465,4204465,EX004,EX5600FS,DT046,CAT 793,A-185-08-09,54.66,183.23,128.125221,128.125221,314.470506,47.384457,89.685584,0,363664.28,6591753.85,198.7,LEFT,183.2,536,23/10/2025,20:07:32,20:16:28,1476.315248,EX5600,225,29.0,8.0,34,314.470506,128.125221,49.275243,89.685584,47.384457,2097.588509,4963.749959
pattern_9,A1850809_200_CS_5,6204466,4204466,EX004,EX5600FS,DT042,CAT 793,A-185-08-09,44.51,179.66,126.795413,126.795413,299.45156,41.316339,68.944509,0,363664.6,6591756.63,199.75,LEFT,179.7,451,23/10/2025,20:16:28,20:23:59,1648.869835,EX5600,225,29.0,8.0,34,299.45156,126.795413,62.3953,68.944509,41.316339,2159.853764,5008.025832
pattern_9,A1850809_200_CS_5,6204467,4204467,EX004,EX5600FS,DT047,HIT EH5000,A-185-08-09,40.0,178.75,116.809515,116.809515,292.969322,48.043339,73.120847,0,363667.27,6591759.29,199.77,RIGHT,178.7,505,23/10/2025,20:23:59,20:32:24,1734.03692,EX5600,250,29.0,8.0,34,292.969322,116.809515,54.995622,73.120847,48.043339,2196.45178,4966.525861
pattern_9,A1850809_200_CS_5,6204468,4204468,EX004,EX5600FS,DT023,CAT 793,A-185-08-09,54.87,173.09,127.927753,127.927753,282.081584,34.650064,70.223043,0,363667.47,6591760.35,198.58,RIGHT,173.1,533,23/10/2025,20:32:24,20:41:17,1617.472926,EX5600,225,29.0,8.0,34,282.081584,127.927753,49.280724,70.223043,34.650064,2209.071992,4906.706431
pattern_9,A1850809_200_CS_5,6204469,4204469,EX004,EX5600FS,DT062,HIT EH5000,A-185-08-09,40.03,191.01,109.216315,109.216315,287.648518,40.442285,78.232691,0,363665.74,6591758.87,198.41,STRAIGHT,191.0,489,23/10/2025,20:41:17,20:49:26,1878.30071,EX5600,250,29.0,8.0,34,287.648518,109.216315,59.757228,78.232691,40.442285,2390.485792,5563.634825
pattern_9,A1850809_200_CS_5,6204470,4204470,EX004,EX5600FS,DT039,CAT 793,A-185-08-09,43.25,195.65,145.639753,145.639753,310.02388,38.586308,74.210687,0,363668.04,6591756.2,199.25,LEFT,195.6,508,23/10/2025,20:49:26,20:57:54,1736.02179,EX5600,225,29.0,8.0,34,310.02388,145.639753,51.587132,74.210687,38.586308,2271.883883,5307.878539
pattern_9,A1850809_200_CS_5,6204471,4204471,EX004,EX5600FS,DT068,HIT EH5000,A-185-08-09,62.06,186.17,138.017405,138.017405,305.993134,38.743887,75.985514,0,363665.2,6591755.58,199.31,RIGHT,186.2,463,23/10/2025,20:57:54,21:05:37,1621.037397,EX5600,250,29.0,8.0,34,305.993134,138.017405,53.246328,75.985514,38.743887,2190.339448,5306.918248
pattern_9,A1850809_200_CS_5,6204472,4204472,EX004,EX5600FS,DT084,HIT EH5000,A-185-08-09,43.16,197.87,145.027965,145.027965,318.055451,47.511706,72.87818,0,363664.13,6591755.13,198.9,RIGHT,197.9,539,23/10/2025,21:05:37,21:14:36,1643.259809,EX5600,250,29.0,8.0,34,318.055451,145.027965,52.6376,72.87818,47.511706,2239.693205,5217.242271
pattern_9,A1850809_200_CS_5,6204473,4204473,EX004,EX5600FS,DT065,HIT EH5000,A-185-08-09,44.36,203.43,162.515919,162.515919,338.460442,41.679152,73.073145,0,363661.87,6591758.52,198.22,RIGHT,203.4,534,23/10/2025,21:14:36,21:23:30,1651.640324,EX5600,250,29.0,8.0,34,338.460442,162.515919,61.192227,73.073145,41.679152,2163.772434,4893.16313
pattern_9,A1850809_200_CS_5,6204474,4204474,EX004,EX5600FS,DT066,HIT EH5000,A-185-08-09,50.75,190.72,133.603672,133.603672,302.172402,39.143562,76.478785,0,363664.21,6591756.79,199.53,STRAIGHT,190.7,521,23/10/2025,21:23:30,21:32:11,1658.606583,EX5600,250,29.0,8.0,34,302.172402,133.603672,52.946383,76.478785,39.143562,2272.137062,5220.535635
pattern_9,A1850809_200_CS_5,6204475,4204475,EX004,EX5600FS,DT009,CAT 793,A-185-08-09,51.3,185.51,120.854653,120.854653,292.688553,41.318767,74.004656,0,363668.73,6591756.49,198.25,LEFT,185.5,529,23/10/2025,21:32:11,21:41:00,1631.611689,EX5600,225,29.0,8.0,34,292.688553,120.854653,56.510476,74.004656,41.318767,2281.708196,4975.50453
pattern_9,A1850809_200_ES_1,6204476,4204476,EX004,EX5600FS,DT018,CAT 793,A-185-08-09,40.27,179.91,82.341762,82.341762,253.018086,31.700951,75.872963,0,363679.78,6591706.48,198.8,STRAIGHT,179.9,358,23/10/2025,21:41:00,21:46:58,2119.905241,EX5600,225,29.0,8.0,34,253.018086,82.341762,63.10241,75.872963,31.700951,2559.806604,7134.820234
pattern_9,A1850809_200_ES_1,6204477,4204477,EX004,EX5600FS,DT033,CAT 793,A-185-08-09,50.67,186.11,77.986262,77.986262,236.809552,41.673208,65.280091,0,363677.5,6591701.09,198.77,LEFT,186.1,392,23/10/2025,21:46:58,21:53:30,2213.136412,EX5600,225,29.0,8.0,34,236.809552,77.986262,51.869991,65.280091,41.673208,2829.206245,7600.441771
pattern_9,A1850809_200_ES_1,6204478,4204478,EX004,EX5600FS,DT020,CAT 793,A-185-08-09,44.02,184.53,88.578364,88.578364,263.425036,41.403211,75.077723,0,363680.23,6591705.94,199.18,LEFT,184.5,330,23/10/2025,21:53:30,21:59:00,2157.319314,EX5600,225,29.0,8.0,34,263.425036,88.578364,58.365738,75.077723,41.403211,2521.857417,6957.462895
pattern_9,A1850809_200_ES_1,6204479,4204479,EX004,EX5600FS,DT002,CAT 793,A-185-08-09,68.69,206.07,87.251276,87.251276,252.35719,33.071042,74.788937,0,363677.49,6591703.96,198.93,LEFT,206.1,357,23/10/2025,21:59:00,22:04:57,2433.081386,EX5600,225,29.0,8.0,34,252.35719,87.251276,57.245935,74.788937,33.071042,2939.626589,8004.054714
pattern_9,A1850809_200_ES_1,6204480,4204480,EX004,EX5600FS,DT021,CAT 793,A-185-08-09,56.83,219.12,86.483354,86.483354,258.839475,45.833765,72.397718,0,363675.24,6591707.53,198.66,RIGHT,219.1,475,23/10/2025,22:04:57,22:12:52,2512.103195,EX5600,225,29.0,8.0,34,258.839475,86.483354,54.124636,72.397718,45.833765,3047.567195,8197.674298
pattern_9,A1850809_200_ES_1,6204481,4204481,EX004,EX5600FS,DT058,HIT EH5000,A-185-08-09,41.15,205.24,85.419773,85.419773,246.834673,42.883512,70.662194,0,363681.65,6591703.7,198.14,LEFT,205.2,388,23/10/2025,22:12:52,22:19:20,2303.588803,EX5600,250,29.0,8.0,34,246.834673,85.419773,47.869194,70.662194,42.883512,2993.38674,8281.517443
pattern_9,A1850809_200_ES_1,6204482,4204482,EX004,EX5600FS,DT010,CAT 793,A-185-08-09,63.74,209.41,95.742389,95.742389,258.203679,45.273767,72.636463,0,363677.68,6591705.56,199.8,LEFT,209.4,410,23/10/2025,22:19:20,22:26:10,2235.07332,EX5600,225,29.0,8.0,34,258.203679,95.742389,44.55106,72.636463,45.273767,2919.667667,7942.40017
pattern_9,A1850809_200_ES_1,6204483,4204483,EX004,EX5600FS,DT009,CAT 793,A-185-08-09,44.54,207.19,89.130769,89.130769,248.811607,38.960432,69.630675,0,363682.11,6591705.17,198.03,STRAIGHT,207.2,461,23/10/2025,22:26:10,22:33:51,2275.531397,EX5600,225,29.0,8.0,34,248.811607,89.130769,51.08973,69.630675,38.960432,2997.739706,8102.979686
pattern_9,A1850809_200_ES_1,6204484,4204484,EX004,EX5600FS,DT003,CAT 793,A-185-08-09,57.89,210.08,75.222076,75.222076,230.578025,36.25757,66.13193,0,363675.95,6591708.68,199.15,LEFT,210.1,460,23/10/2025,22:33:51,22:41:31,2494.428251,EX5600,225,29.0,8.0,34,230.578025,75.222076,52.96645,66.13193,36.25757,3280.02461,9249.6694
pattern_9,A1850809_200_ES_1,6204485,4204485,EX004,EX5600FS,DT055,HIT EH5000,A-185-08-09,49.67,191.79,83.860952,83.860952,248.096725,43.351797,69.069602,0,363677.57,6591708.35,198.34,STRAIGHT,191.8,416,23/10/2025,22:41:31,22:48:27,2212.010186,EX5600,250,29.0,8.0,34,248.096725,83.860952,51.814374,69.069602,43.351797,2782.964976,7640.61799
pattern_9,A1850809_200_ES_1,6204486,4204486,EX004,EX5600FS,DT024,CAT 793,A-185-08-09,56.93,202.92,95.097944,95.097944,273.945597,40.131178,82.746064,0,363677.64,6591706.06,199.31,STRAIGHT,202.9,421,23/10/2025,22:48:27,22:55:28,2105.254137,EX5600,225,29.0,8.0,34,273.945597,95.097944,55.970411,82.746064,40.131178,2666.653835,7519.963813
pattern_9,A1850809_200_CS_5,6204487,4204487,EX004,EX5600FS,DT027,CAT 793,A-185-08-09,45.08,164.68,133.11552,133.11552,324.050293,50.415681,78.501372,0,363667.32,6591751.06,199.9,STRAIGHT,164.7,513,23/10/2025,22:55:28,23:04:01,1388.171776,EX5600,225,29.0,8.0,34,324.050293,133.11552,62.01772,78.501372,50.415681,1829.533908,4257.134841
pattern_9,A1850809_200_CS_5,6204488,4204488,EX004,EX5600FS,DT040,CAT 793,A-185-08-09,32.32,169.34,145.509012,145.509012,322.865208,42.986405,76.227871,0,363668.41,6591748.48,198.41,STRAIGHT,169.3,557,23/10/2025,23:04:01,23:13:18,1297.939389,EX5600,225,29.0,8.0,34,322.865208,145.509012,58.14192,76.227871,42.986405,1888.1781,4175.349709
pattern_9,A1850809_200_CS_5,6204489,4204489,EX004,EX5600FS,DT010,CAT 793,A-185-08-09,56.98,172.09,128.027062,128.027062,297.460034,42.771316,72.352333,0,363669.32,6591750.09,199.06,LEFT,172.1,428,23/10/2025,23:13:18,23:20:26,1638.290146,EX5600,225,29.0,8.0,34,297.460034,128.027062,54.309324,72.352333,42.771316,2082.722927,4822.985904
pattern_9,A1850809_200_CS_5,6204490,4204490,EX004,EX5600FS,DT042,CAT 793,A-185-08-09,41.96,166.42,152.528827,152.528827,330.236874,42.955861,79.36101,0,363668.5,6591749.94,198.98,LEFT,166.4,565,23/10/2025,23:20:26,23:29:51,1293.932931,EX5600,225,29.0,8.0,34,330.236874,152.528827,55.391178,79.36101,42.955861,1814.191981,4056.139174
pattern_9,A1850809_200_CS_5,6204491,4204491,EX004,EX5600FS,DT040,CAT 793,A-185-08-09,45.89,173.12,134.541658,134.541658,287.167957,29.719672,63.145551,0,363666.86,6591749.05,198.6,LEFT,173.1,537,23/10/2025,23:29:51,23:38:48,1815.744066,EX5600,225,29.0,8.0,34,287.167957,134.541658,59.761075,63.145551,29.719672,2170.250048,4823.997253
pattern_9,A1850809_200_CS_5,6204492,4204492,EX004,EX5600FS,DT033,CAT 793,A-185-08-09,41.67,172.33,121.928141,121.928141,291.680962,33.234314,74.260196,0,363669.68,6591754.52,199.76,RIGHT,172.3,555,23/10/2025,23:38:48,23:48:03,1560.512628,EX5600,225,29.0,8.0,34,291.680962,121.928141,62.258311,74.260196,33.234314,2126.989842,4739.217121
pattern_9,A1850809_200_ES_5,6204493,4204493,EX004,EX5600FS,DT009,CAT 793,A-185-08-09,42.53,182.95,138.683065,138.683065,305.465319,44.661232,79.812704,0,363672.29,6591747.23,198.59,STRAIGHT,182.9,527,23/10/2025,23:48:03,23:56:50,1671.669322,EX5600,225,29.0,8.0,34,305.465319,138.683065,42.308318,79.812704,44.661232,2156.105863,4929.23447
pattern_9,A1850809_200_CS_5,6204494,4204494,EX004,EX5600FS,DT088,HIT EH5000,A-185-08-09,42.36,184.22,148.455473,148.455473,342.009126,45.838871,81.030418,0,363668.16,6591748.32,199.44,RIGHT,184.2,478,23/10/2025,23:56:50,00:04:48,1434.486449,EX5600,250,29.0,8.0,34,342.009126,148.455473,66.684365,81.030418,45.838871,1939.067129,4349.130433
pattern_9,A1850809_200_CS_5,6204495,4204495,EX004,EX5600FS,DT047,HIT EH5000,A-185-08-09,42.65,169.42,138.281129,138.281129,320.393742,45.582901,80.600589,0,363668.57,6591750.13,199.02,STRAIGHT,169.4,509,24/10/2025,00:04:48,00:13:17,1407.681129,EX5600,250,29.0,8.0,34,320.393742,138.281129,55.929123,80.600589,45.582901,1903.644574,4350.163365
pattern_9,A1850809_200_ES_5,6204496,4204496,EX004,EX5600FS,DT090,HIT EH5000,A-185-08-09,44.53,175.52,133.143166,133.143166,298.957406,40.714244,77.99653,0,363670.72,6591752.82,199.37,RIGHT,175.5,443,24/10/2025,00:13:17,00:20:40,1604.30823,EX5600,250,29.0,8.0,34,298.957406,133.143166,47.103466,77.99653,40.714244,2113.63621,4733.709873
pattern_9,A1850809_200_CS_5,6204497,4204497,EX004,EX5600FS,DT005,CAT 793,A-185-08-09,41.59,178.67,129.485346,129.485346,296.309482,36.025238,68.837529,0,363669.05,6591746.71,198.38,LEFT,178.7,494,24/10/2025,00:20:40,00:28:54,1590.771259,EX5600,225,29.0,8.0,34,296.309482,129.485346,61.961369,68.837529,36.025238,2170.737907,4703.982257
pattern_9,A1850809_200_CS_5,6204498,4204498,EX004,EX5600FS,DT005,CAT 793,A-185-08-09,50.06,163.79,142.869711,142.869711,327.55701,33.43278,86.471501,0,363665.87,6591747.78,198.89,LEFT,163.8,529,24/10/2025,00:28:54,00:37:43,1348.237526,EX5600,225,29.0,8.0,34,327.55701,142.869711,64.783018,86.471501,33.43278,1800.113937,3893.179858
pattern_9,A1850809_200_CS_5,6204499,4204499,EX004,EX5600FS,DT031,CAT 793,A-185-08-09,43.88,175.5,123.987745,123.987745,302.942298,34.688644,88.885902,0,363665.97,6591749.21,198.98,RIGHT,175.5,514,24/10/2025,00:37:43,00:46:17,1561.791178,EX5600,225,29.0,8.0,34,302.942298,123.987745,55.380007,88.885902,34.688644,2085.57076,4725.079945
pattern_9,A1850809_200_CS_4,6204500,4204500,EX004,EX5600FS,DT058,HIT EH5000,A-185-08-09,37.03,193.91,152.059798,152.059798,330.549458,38.450111,84.632964,0,363667.11,6591743.61,198.44,LEFT,193.9,570,24/10/2025,00:46:17,00:55:47,1672.605026,EX5600,250,29.0,8.0,34,330.549458,152.059798,55.406585,84.632964,38.450111,2111.904932,4955.308047
pattern_9,A1850809_200_ES_4,6204501,4204501,EX004,EX5600FS,DT008,CAT 793,A-185-08-09,49.69,199.8,145.664844,145.664844,332.652574,40.409417,84.753124,0,363671.9,6591739.07,199.22,STRAIGHT,199.8,544,24/10/2025,00:55:47,01:04:51,1520.085353,EX5600,225,29.0,8.0,34,332.652574,145.664844,61.825189,84.753124,40.409417,2162.270339,5033.099798
pattern_9,A1850809_200_CS_4,6204502,4204502,EX004,EX5600FS,DT016,CAT 793,A-185-08-09,53.89,196.51,134.192976,134.192976,307.627456,42.713752,75.911134,0,363667.87,6591740.17,199.14,STRAIGHT,196.5,522,24/10/2025,01:04:51,01:13:33,1723.368877,EX5600,225,29.0,8.0,34,307.627456,134.192976,54.809594,75.911134,42.713752,2299.646194,5313.275195
pattern_9,A1850809_200_CS_4,6204503,4204503,EX004,EX5600FS,DT049,HIT EH5000,A-185-08-09,36.66,192.33,145.976758,145.976758,319.748646,40.353768,80.8554,0,363667.66,6591740.63,198.51,STRAIGHT,192.3,513,24/10/2025,01:13:33,01:22:06,1606.560049,EX5600,250,29.0,8.0,34,319.748646,145.976758,52.56272,80.8554,40.353768,2165.469261,5034.040765
pattern_9,A1850809_200_CS_4,6204504,4204504,EX004,EX5600FS,DT038,CAT 793,A-185-08-09,66.12,198.35,151.215664,151.215664,328.098107,44.821314,86.296057,0,363667.62,6591739.92,199.71,LEFT,198.3,503,24/10/2025,01:22:06,01:30:29,1662.213147,EX5600,225,29.0,8.0,34,328.098107,151.215664,45.765072,86.296057,44.821314,2176.347794,5111.590797
pattern_9,A1850809_200_CS_4,6204505,4204505,EX004,EX5600FS,DT046,CAT 793,A-185-08-09,39.58,191.24,135.903507,135.903507,323.833128,45.198969,80.371433,0,363666.48,6591743.0,198.89,LEFT,191.2,557,24/10/2025,01:30:29,01:39:46,1464.634608,EX5600,225,29.0,8.0,34,323.833128,135.903507,62.359219,80.371433,45.198969,2126.007001,4929.675017
pattern_9,A1850809_200_ES_4,6204506,4204506,EX004,EX5600FS,DT020,CAT 793,A-185-08-09,48.63,190.5,154.070449,154.070449,340.010859,48.49937,79.940488,0,363670.81,6591739.24,199.97,RIGHT,190.5,545,24/10/2025,01:39:46,01:48:51,1480.07777,EX5600,225,29.0,8.0,34,340.010859,154.070449,57.500552,79.940488,48.49937,2016.990275,4452.059357
pattern_9,A1850809_200_CS_4,6204507,4204507,EX004,EX5600FS,DT088,HIT EH5000,A-185-08-09,64.41,193.24,147.061493,147.061493,325.463545,44.525207,85.395255,0,363664.22,6591741.94,199.36,LEFT,193.2,420,24/10/2025,01:48:51,01:55:51,1608.170708,EX5600,250,29.0,8.0,34,325.463545,147.061493,48.481591,85.395255,44.525207,2137.434973,5118.266885
pattern_9,A1850809_200_CS_4,6204508,4204508,EX004,EX5600FS,DT044,CAT 793,A-185-08-09,48.34,185.43,143.43932,143.43932,326.20535,40.545854,79.109445,0,363669.58,6591740.37,199.85,STRAIGHT,185.4,543,24/10/2025,01:55:51,02:04:54,1552.547702,EX5600,225,29.0,8.0,34,326.20535,143.43932,63.11073,79.109445,40.545854,2046.408449,4813.128182
pattern_9,A1850809_200_CS_4,6204509,4204509,EX004,EX5600FS,DT013,CAT 793,A-185-08-09,36.51,167.88,130.351504,130.351504,318.470161,44.946299,82.46384,0,363667.34,6591741.35,199.07,LEFT,167.9,502,24/10/2025,02:04:54,02:13:16,1515.949556,EX5600,225,29.0,8.0,34,318.470161,130.351504,60.708518,82.46384,44.946299,1897.722824,4491.440111
pattern_9,A1850809_200_ES_4,6204510,4204510,EX004,EX5600FS,DT017,CAT 793,A-185-08-09,34.63,179.92,136.568862,136.568862,304.275955,41.075899,76.849268,0,363670.94,6591740.57,199.21,RIGHT,179.9,484,24/10/2025,02:13:16,02:21:20,1713.951993,EX5600,225,29.0,8.0,34,304.275955,136.568862,49.781927,76.849268,41.075899,2128.685375,5077.00008
pattern_9,A1850809_200_CS_4,6204511,4204511,EX004,EX5600FS,DT019,CAT 793,A-185-08-09,55.79,202.28,141.457027,141.457027,318.975219,36.843861,82.960046,0,363665.92,6591741.25,198.95,STRAIGHT,202.3,484,24/10/2025,02:21:20,02:29:24,1700.445091,EX5600,225,29.0,8.0,34,318.975219,141.457027,57.714286,82.960046,36.843861,2282.975418,5111.850241
pattern_9,A1850809_200_ES_3,6204512,4204512,EX004,EX5600FS,DT015,CAT 793,A-185-08-09,39.24,203.76,110.020065,110.020065,297.376309,44.706869,84.589861,0,363671.05,6591735.79,198.44,STRAIGHT,203.8,453,24/10/2025,02:29:24,02:36:57,1919.353629,EX5600,225,29.0,8.0,34,297.376309,110.020065,58.059515,84.589861,44.706869,2466.709454,6191.886863
pattern_9,A1850809_200_ES_3,6204513,4204513,EX004,EX5600FS,DT029,CAT 793,A-185-08-09,44.45,196.11,129.603574,129.603574,294.845001,35.041186,79.011425,0,363670.32,6591730.04,198.81,STRAIGHT,196.1,645,24/10/2025,02:36:57,02:47:42,2033.959854,EX5600,225,29.0,8.0,34,294.845001,129.603574,51.188816,79.011425,35.041186,2394.453986,5782.905376
pattern_9,A1850809_200_CS_3,6204514,4204514,EX004,EX5600FS,DT063,HIT EH5000,A-185-08-09,39.79,183.35,116.72665,116.72665,284.841703,43.683376,70.433394,0,363669.03,6591730.95,199.69,STRAIGHT,183.4,429,24/10/2025,02:47:42,02:54:51,1770.282538,EX5600,250,29.0,8.0,34,284.841703,116.72665,53.998283,70.433394,43.683376,2317.342043,5840.901999
pattern_9,A1850809_200_CS_3,6204515,4204515,EX004,EX5600FS,DT031,CAT 793,A-185-08-09,39.51,198.11,132.988995,132.988995,303.175461,45.715576,71.21457,0,363669.62,6591732.87,199.51,LEFT,198.1,466,24/10/2025,02:54:51,03:02:37,1902.236705,EX5600,225,29.0,8.0,34,303.175461,132.988995,53.25632,71.21457,45.715576,2352.425946,5786.72512
pattern_9,A1850809_200_CS_3,6204516,4204516,EX004,EX5600FS,DT014,CAT 793,A-185-08-09,61.98,185.95,121.501068,121.501068,297.211661,40.143669,80.029386,0,363668.04,6591731.27,199.67,STRAIGHT,186.0,525,24/10/2025,03:02:37,03:11:22,1790.805472,EX5600,225,29.0,8.0,34,297.211661,121.501068,55.537537,80.029386,40.143669,2252.338425,5834.679105
pattern_9,A1850809_200_ES_3,6204517,4204517,EX004,EX5600FS,DT080,HIT EH5000,A-185-08-09,52.03,194.34,102.820826,102.820826,268.571973,38.318695,76.241178,0,363669.88,6591730.48,198.18,STRAIGHT,194.3,426,24/10/2025,03:11:22,03:18:28,2040.633887,EX5600,250,29.0,8.0,34,268.571973,102.820826,51.191273,76.241178,38.318695,2604.92147,6245.076192
pattern_9,A1850809_200_CS_3,6204518,4204518,EX004,EX5600FS,DT009,CAT 793,A-185-08-09,60.68,198.21,99.183525,99.183525,265.305192,37.318199,72.545429,0,363666.83,6591729.85,198.82,STRAIGHT,198.2,462,24/10/2025,03:18:28,03:26:10,1989.064894,EX5600,225,29.0,8.0,34,265.305192,99.183525,56.25804,72.545429,37.318199,2689.607032,6497.959913
pattern_9,A1850809_200_CS_3,6204519,4204519,EX004,EX5600FS,DT002,CAT 793,A-185-08-09,44.03,190.35,123.099176,123.099176,290.605786,45.954343,66.362076,0,363667.54,6591733.23,199.4,LEFT,190.3,386,24/10/2025,03:26:10,03:32:36,1726.271539,EX5600,225,29.0,8.0,34,290.605786,123.099176,55.190191,66.362076,45.954343,2358.031986,6072.48267
pattern_9,A1850809_200_CS_3,6204520,4204520,EX004,EX5600FS,DT036,CAT 793,A-185-08-09,34.61,202.77,116.544413,116.544413,279.987131,42.624388,71.580356,0,363669.26,6591733.96,199.65,RIGHT,202.8,421,24/10/2025,03:32:36,03:39:37,1953.356125,EX5600,225,29.0,8.0,34,279.987131,116.544413,49.237975,71.580356,42.624388,2607.203015,6525.648857
pattern_9,A1850809_200_ES_3,6204521,4204521,EX004,EX5600FS,DT001,CAT 793,A-185-08-09,36.67,199.81,105.221579,105.221579,257.370135,35.040358,70.388835,0,363671.45,6591732.22,198.65,RIGHT,199.8,480,24/10/2025,03:39:37,03:47:37,1972.763118,EX5600,225,29.0,8.0,34,257.370135,105.221579,46.719363,70.388835,35.040358,2794.894549,6903.1598
pattern_9,A1850809_200_ES_3,6204522,4204522,EX004,EX5600FS,DT073,HIT EH5000,A-185-08-09,40.26,191.7,127.814382,127.814382,296.471566,32.713061,81.490956,0,363669.87,6591733.81,198.14,RIGHT,191.7,402,24/10/2025,03:47:37,03:54:19,1765.798039,EX5600,250,29.0,8.0,34,296.471566,127.814382,54.453167,81.490956,32.713061,2327.820319,5742.271061
pattern_9,A1850809_200_ES_3,6204523,4204523,EX004,EX5600FS,DT063,HIT EH5000,A-185-08-09,51.53,188.63,118.083775,118.083775,301.53835,37.618824,90.980654,0,363671.32,6591727.28,198.92,LEFT,188.6,445,24/10/2025,03:54:19,04:01:44,1666.829562,EX5600,250,29.0,8.0,34,301.53835,118.083775,54.855097,90.980654,37.618824,2251.975392,5718.310715
pattern_9,A1850809_200_CS_3,6204524,4204524,EX004,EX5600FS,DT012,CAT 793,A-185-08-09,39.88,190.52,105.116233,105.116233,278.442332,37.598182,79.467796,0,363666.39,6591724.14,199.66,LEFT,190.5,508,24/10/2025,04:01:44,04:10:12,1838.878391,EX5600,225,29.0,8.0,34,278.442332,105.116233,56.260121,79.467796,37.598182,2463.292737,6448.530737
pattern_9,A1850809_200_ES_3,6204525,4204525,EX004,EX5600FS,DT029,CAT 793,A-185-08-09,43.65,193.61,117.113693,117.113693,283.320729,35.190474,80.61731,0,363673.47,6591727.36,198.72,LEFT,193.6,445,24/10/2025,04:10:12,04:17:37,1979.066624,EX5600,225,29.0,8.0,34,283.320729,117.113693,50.399252,80.61731,35.190474,2460.034077,6124.507079
pattern_9,A1850809_200_CS_3,6204526,4204526,EX004,EX5600FS,DT039,CAT 793,A-185-08-09,49.84,211.49,130.039359,130.039359,311.428958,37.957894,86.90677,0,363664.78,6591727.94,198.57,LEFT,211.5,510,24/10/2025,04:17:37,04:26:07,1861.339224,EX5600,225,29.0,8.0,34,311.428958,130.039359,56.524935,86.90677,37.957894,2444.71609,6015.660561
pattern_9,A1850809_200_ES_3,6204527,4204527,EX004,EX5600FS,DT025,CAT 793,A-185-08-09,40.09,190.74,118.666293,118.666293,275.817111,31.735655,72.677093,0,363670.35,6591722.51,199.07,LEFT,190.7,439,24/10/2025,04:26:07,04:33:26,2007.743129,EX5600,225,29.0,8.0,34,275.817111,118.666293,52.738069,72.677093,31.735655,2489.611691,6515.196982
pattern_9,A1850809_200_CS_3,6204528,4204528,EX004,EX5600FS,DT090,HIT EH5000,A-185-08-09,46.48,193.83,120.164629,120.164629,290.984803,38.039779,70.505561,0,363666.88,6591726.8,198.9,RIGHT,193.8,481,24/10/2025,04:33:26,04:41:27,1836.713181,EX5600,250,29.0,8.0,34,290.984803,120.164629,62.274834,70.505561,38.039779,2397.99787,6239.29061
pattern_9,A1850809_200_CS_3,6204529,4204529,EX004,EX5600FS,DT051,HIT EH5000,A-185-08-09,58.86,186.94,104.062957,104.062957,276.302698,40.97043,72.138178,0,363665.02,6591726.07,198.28,STRAIGHT,186.9,411,24/10/2025,04:41:27,04:48:18,1802.702786,EX5600,250,29.0,8.0,34,276.302698,104.062957,59.131133,72.138178,40.97043,2435.703879,6149.843674
pattern_9,A1850809_200_ES_3,6204530,4204530,EX004,EX5600FS,DT038,CAT 793,A-185-08-09,41.67,179.73,97.763917,97.763917,266.443083,39.798651,72.807037,0,363670.27,6591725.74,199.08,LEFT,179.7,525,24/10/2025,04:48:18,04:57:03,1934.609583,EX5600,225,29.0,8.0,34,266.443083,97.763917,56.073477,72.807037,39.798651,2428.437025,6452.429777
pattern_9,A1850809_200_CS_3,6204531,4204531,EX004,EX5600FS,DT046,CAT 793,A-185-08-09,48.01,184.28,115.536371,115.536371,285.393019,40.942529,75.969202,0,363669.14,6591726.12,198.41,LEFT,184.3,442,24/10/2025,04:57:03,05:04:25,1944.259528,EX5600,225,29.0,8.0,34,285.393019,115.536371,52.944918,75.969202,40.942529,2324.48622,5979.22394
pattern_9,A1850809_200_ES_3,6204532,4204532,EX004,EX5600FS,DT034,CAT 793,A-185-08-09,54.19,203.4,103.536174,103.536174,275.336655,45.507508,73.24479,0,363671.26,6591725.64,198.55,RIGHT,203.4,396,24/10/2025,05:04:25,05:11:01,2067.97744,EX5600,225,29.0,8.0,34,275.336655,103.536174,53.048183,73.24479,45.507508,2659.438644,6988.372619
pattern_9,A1850809_200_ES_3,6204533,4204533,EX004,EX5600FS,DT051,HIT EH5000,A-185-08-09,34.65,174.95,107.750274,107.750274,286.649984,40.338617,81.186623,0,363670.82,6591725.91,198.57,RIGHT,174.9,397,24/10/2025,05:11:01,05:17:38,1690.466596,EX5600,250,29.0,8.0,34,286.649984,107.750274,57.37447,81.186623,40.338617,2197.154462,5475.663877
pattern_9,A1850809_200_CS_3,6204534,4204534,EX004,EX5600FS,DT001,CAT 793,A-185-08-09,38.88,174.39,102.188404,102.188404,272.050639,46.911015,66.538071,0,363666.66,6591724.68,198.8,RIGHT,174.4,484,24/10/2025,05:17:38,05:25:42,1796.905694,EX5600,225,29.0,8.0,34,272.050639,102.188404,56.41315,66.538071,46.911015,2307.70496,5938.536049
pattern_9,A1850809_200_CS_3,6204535,4204535,EX004,EX5600FS,DT008,CAT 793,A-185-08-09,38.32,202.78,104.077185,104.077185,273.041534,40.416606,66.380698,0,363656.11,6591770.74,198.16,RIGHT,202.8,434,24/10/2025,05:25:42,05:32:56,1945.12052,EX5600,225,29.0,8.0,34,273.041534,104.077185,62.167046,66.380698,40.416606,2673.594661,6825.254385
pattern_9,A1850809_200_CS_3,6204536,4204536,EX004,EX5600FS,DT068,HIT EH5000,A-185-08-09,71.16,213.48,130.625278,130.625278,305.404732,35.446189,83.888159,0,363659.19,6591769.2,198.37,LEFT,213.5,460,24/10/2025,05:32:56,05:40:36,1965.809617,EX5600,250,29.0,8.0,34,305.404732,130.625278,55.445106,83.888159,35.446189,2516.378416,6334.307871
pattern_9,A1850809_200_CS_3,6204537,4204537,EX004,EX5600FS,DT088,HIT EH5000,A-185-08-09,38.82,201.59,134.451312,134.451312,301.399328,39.123593,69.611783,0,363659.39,6591768.26,199.35,RIGHT,201.6,509,24/10/2025,05:40:36,05:49:05,1857.006995,EX5600,250,29.0,8.0,34,301.399328,134.451312,58.212641,69.611783,39.123593,2407.858694,6206.666593
pattern_9,A1850809_200_CS_3,6204538,4204538,EX004,EX5600FS,DT048,HIT EH5000,A-185-08-09,42.32,191.73,115.064379,115.064379,297.790751,36.525158,87.54954,0,363657.0,6591768.74,199.9,LEFT,191.7,451,24/10/2025,05:49:05,05:56:36,1912.525671,EX5600,250,29.0,8.0,34,297.790751,115.064379,58.651673,87.54954,36.525158,2317.807983,6076.766253
pattern_9,A1850809_200_CS_3,6204539,4204539,EX004,EX5600FS,DT015,CAT 793,A-185-08-09,40.44,203.56,130.031654,130.031654,303.63918,45.477388,75.424391,0,363657.92,6591769.87,199.23,STRAIGHT,203.6,404,24/10/2025,05:56:36,06:03:20,1960.442185,EX5600,225,29.0,8.0,34,303.63918,130.031654,52.705748,75.424391,45.477388,2413.461997,6403.789328
pattern_9,A1850809_200_CS_3,6204540,4204540,EX004,EX5600FS,DT084,HIT EH5000,A-185-08-09,32.55,195.32,116.930348,116.930348,297.02932,39.428816,84.588578,0,363658.43,6591766.86,198.75,LEFT,195.3,492,24/10/2025,06:03:20,06:11:32,1895.276429,EX5600,250,29.0,8.0,34,297.02932,116.930348,56.081579,84.588578,39.428816,2367.301444,6163.153483
pattern_9,A1850809_200_CS_3,6204541,4204541,EX004,EX5600FS,DT007,CAT 793,A-185-08-09,38.52,197.71,121.945403,121.945403,283.080459,38.921735,63.252281,0,363656.38,6591772.66,199.55,RIGHT,197.7,407,24/10/2025,06:11:32,06:18:19,2068.755504,EX5600,225,29.0,8.0,34,283.080459,121.945403,58.96104,63.252281,38.921735,2514.279915,6429.536133
pattern_9,A1850809_200_CS_3,6204542,4204542,EX004,EX5600FS,DT031,CAT 793,A-185-08-09,56.74,193.04,100.622075,100.622075,288.331694,42.721833,77.915763,0,363663.71,6591768.91,199.05,RIGHT,193.0,458,24/10/2025,06:18:19,06:25:57,1809.615091,EX5600,225,29.0,8.0,34,288.331694,100.622075,67.072022,77.915763,42.721833,2410.222854,5905.742786
pattern_9,A1850809_200_CS_3,6204543,4204543,EX004,EX5600FS,DT054,HIT EH5000,A-185-08-09,44.33,196.28,109.5278,109.5278,272.149281,41.331647,70.223174,0,363655.85,6591766.1,199.51,STRAIGHT,196.3,587,24/10/2025,06:25:57,06:35:44,1912.644494,EX5600,250,29.0,8.0,34,272.149281,109.5278,51.06666,70.223174,41.331647,2596.352938,6475.524442
pattern_9,A1850809_200_CS_3,6204544,4204544,EX004,EX5600FS,DT012,CAT 793,A-185-08-09,44.91,180.86,100.692457,100.692457,261.78496,32.986317,67.268235,0,363659.61,6591767.5,199.9,RIGHT,180.9,474,24/10/2025,06:35:44,06:43:38,1881.833329,EX5600,225,29.0,8.0,34,261.78496,100.692457,60.837952,67.268235,32.986317,2487.110432,6291.090838
pattern_9,A1850809_200_CS_3,6204545,4204545,EX004,EX5600FS,DT038,CAT 793,A-185-08-09,43.05,180.06,108.328513,108.328513,267.821876,42.816994,72.327275,0,363660.48,6591768.89,198.3,LEFT,180.1,399,24/10/2025,06:43:38,06:50:17,1919.263159,EX5600,225,29.0,8.0,34,267.821876,108.328513,44.349094,72.327275,42.816994,2420.297864,6090.716374
pattern_9,A1850809_200_CS_3,6204546,4204546,EX004,EX5600FS,DT086,HIT EH5000,A-185-08-09,29.08,168.18,110.795539,110.795539,260.695986,33.632207,72.516098,0,363657.33,6591769.68,199.45,LEFT,168.2,386,24/10/2025,06:50:17,06:56:43,1837.340088,EX5600,250,29.0,8.0,34,260.695986,110.795539,43.752141,72.516098,33.632207,2322.491968,5952.857022
pattern_9,A1850809_200_ES_2,6204547,4204547,EX004,EX5600FS,DT004,CAT 793,A-185-08-09,65.06,195.19,80.283082,80.283082,244.509094,37.886923,74.576521,0,363671.19,6591720.42,198.5,STRAIGHT,195.2,488,24/10/2025,06:56:43,07:04:51,2302.382432,EX5600,225,29.0,8.0,34,244.509094,80.283082,51.762568,74.576521,37.886923,2873.790075,7840.363065
pattern_9,A1850809_200_ES_2,6204548,4204548,EX004,EX5600FS,DT008,CAT 793,A-185-08-09,54.54,200.29,76.337415,76.337415,245.640582,37.871676,76.434341,0,363674.92,6591715.83,198.13,RIGHT,200.3,301,24/10/2025,07:04:51,07:09:52,2321.131031,EX5600,225,29.0,8.0,34,245.640582,76.337415,54.997151,76.434341,37.871676,2935.378829,8272.489798
pattern_9,A1850809_200_ES_2,6204549,4204549,EX004,EX5600FS,DT034,CAT 793,A-185-08-09,42.62,181.13,99.439609,99.439609,268.117958,41.80669,68.226055,0,363670.78,6591717.77,199.81,LEFT,181.1,458,24/10/2025,07:09:52,07:17:30,1809.277065,EX5600,225,29.0,8.0,34,268.117958,99.439609,58.645605,68.226055,41.80669,2431.978383,6305.901731
pattern_9,A1850809_200_ES_2,6204550,4204550,EX004,EX5600FS,DT063,HIT EH5000,A-185-08-09,34.53,172.3,98.294206,98.294206,262.498819,42.944673,70.83549,0,363672.19,6591715.42,199.38,LEFT,172.3,392,24/10/2025,07:17:30,07:24:02,1829.314693,EX5600,250,29.0,8.0,34,262.498819,98.294206,50.424451,70.83549,42.944673,2362.91985,6405.719371
pattern_9,A1850809_200_ES_2,6204551,4204551,EX004,EX5600FS,DT005,CAT 793,A-185-08-09,38.68,178.69,88.337219,88.337219,254.224039,41.657812,69.060898,0,363673.73,6591717.59,198.28,LEFT,178.7,436,24/10/2025,07:24:02,07:31:18,1952.281661,EX5600,225,29.0,8.0,34,254.224039,88.337219,55.16811,69.060898,41.657812,2530.406484,7120.450573
pattern_9,A1850809_200_CS_2,6204552,4204552,EX004,EX5600FS,DT058,HIT EH5000,A-185-08-09,46.22,179.73,95.958544,95.958544,264.886926,45.477242,65.012721,0,363666.65,6591716.95,198.89,RIGHT,179.7,436,24/10/2025,07:31:18,07:38:34,2005.420113,EX5600,250,29.0,8.0,34,264.886926,95.958544,58.438419,65.012721,45.477242,2442.614719,6783.783033
pattern_9,A1850809_200_ES_2,6204553,4204553,EX004,EX5600FS,DT083,HIT EH5000,A-185-08-09,50.86,211.55,102.253214,102.253214,261.141592,31.679335,74.163051,0,363671.95,6591718.55,199.09,STRAIGHT,211.6,425,24/10/2025,07:38:34,07:45:39,2372.881621,EX5600,250,29.0,8.0,34,261.141592,102.253214,53.045992,74.163051,31.679335,2916.411521,7981.569859
pattern_9,A1850809_200_ES_2,6204554,4204554,EX004,EX5600FS,DT068,HIT EH5000,A-185-08-09,39.36,232.67,103.058582,103.058582,290.078406,43.89408,85.742483,0,363671.22,6591716.26,198.51,RIGHT,232.7,540,24/10/2025,07:45:39,07:54:39,2429.312294,EX5600,250,29.0,8.0,34,290.078406,103.058582,57.383261,85.742483,43.89408,2887.544452,7618.216636
pattern_9,A1850809_200_ES_2,6204555,4204555,EX004,EX5600FS,DT008,CAT 793,A-185-08-09,52.61,211.19,123.275633,123.275633,285.465306,40.729567,66.739389,0,363671.82,6591718.15,199.95,RIGHT,211.2,388,24/10/2025,07:54:39,08:01:07,2095.326019,EX5600,225,29.0,8.0,34,285.465306,123.275633,54.720716,66.739389,40.729567,2663.286501,7172.126433
pattern_9,A1850809_200_ES_2,6204556,4204556,EX004,EX5600FS,DT090,HIT EH5000,A-185-08-09,48.85,200.6,119.149352,119.149352,291.871523,33.116684,76.569969,0,363671.89,6591717.06,199.71,RIGHT,200.6,462,24/10/2025,08:01:07,08:08:49,1932.478001,EX5600,250,29.0,8.0,34,291.871523,119.149352,63.035518,76.569969,33.116684,2474.224615,6559.666806
pattern_9,A1850809_200_CS_5,6204557,4204557,EX004,EX5600FS,DT006,CAT 793,A-185-08-09,48.2,204.22,132.124391,132.124391,297.196249,32.583013,77.715853,0,363664.38,6591763.71,198.35,LEFT,204.2,379,24/10/2025,08:08:49,08:15:08,2048.452347,EX5600,225,29.0,8.0,34,297.196249,132.124391,54.772993,77.715853,32.583013,2473.735478,6271.288387
pattern_9,A1850809_200_CS_5,6204558,4204558,EX004,EX5600FS,DT085,HIT EH5000,A-185-08-09,69.67,209.01,112.328695,112.328695,285.084964,42.51771,78.960039,0,363661.71,6591760.95,199.24,LEFT,209.0,390,24/10/2025,08:15:08,08:21:38,1954.947329,EX5600,250,29.0,8.0,34,285.084964,112.328695,51.278519,78.960039,42.51771,2639.315352,6464.283941
pattern_9,A1850809_200_CS_5,6204559,4204559,EX004,EX5600FS,DT025,CAT 793,A-185-08-09,44.62,186.36,114.725378,114.725378,277.145084,35.783375,74.005461,0,363658.01,6591758.97,198.27,RIGHT,186.4,479,24/10/2025,08:21:38,08:29:37,1996.761272,EX5600,225,29.0,8.0,34,277.145084,114.725378,52.630869,74.005461,35.783375,2420.794763,6207.830304
pattern_9,A1850809_200_CS_5,6204560,4204560,EX004,EX5600FS,DT069,HIT EH5000,A-185-08-09,34.74,170.7,113.381923,113.381923,280.599211,42.62268,74.563394,0,363657.92,6591761.44,199.36,RIGHT,170.7,427,24/10/2025,08:29:37,08:36:44,1513.284366,EX5600,250,29.0,8.0,34,280.599211,113.381923,50.031214,74.563394,42.62268,2190.057641,5359.327423
pattern_9,A1850809_200_CS_5,6204561,4204561,EX004,EX5600FS,DT019,CAT 793,A-185-08-09,36.25,175.97,113.031988,113.031988,263.732213,42.211069,59.59706,0,363661.13,6591758.64,198.49,LEFT,176.0,434,24/10/2025,08:36:44,08:43:58,1974.397615,EX5600,225,29.0,8.0,34,263.732213,113.031988,48.892095,59.59706,42.211069,2402.072967,5505.489836
pattern_9,A1850809_200_CS_5,6204562,4204562,EX004,EX5600FS,DT084,HIT EH5000,A-185-08-09,33.29,174.68,125.531398,125.531398,307.699092,46.177438,82.480514,0,363658.67,6591764.32,199.52,STRAIGHT,174.7,508,24/10/2025,08:43:58,08:52:26,1485.903352,EX5600,250,29.0,8.0,34,307.699092,125.531398,53.509742,82.480514,46.177438,2043.721876,4797.969025
pattern_9,A1850809_200_CS_5,6204563,4204563,EX004,EX5600FS,DT044,CAT 793,A-185-08-09,34.1,177.85,115.155233,115.155233,288.333212,41.63015,86.693192,0,363661.58,6591763.93,198.17,RIGHT,177.9,445,24/10/2025,08:52:26,08:59:51,1640.336074,EX5600,225,29.0,8.0,34,288.333212,115.155233,44.854637,86.693192,41.63015,2220.572434,5578.505194
pattern_9,A1850809_200_CS_5,6204564,4204564,EX004,EX5600FS,DT083,HIT EH5000,A-185-08-09,49.57,170.73,119.904895,119.904895,286.990497,37.268289,73.168876,0,363659.52,6591757.87,199.19,STRAIGHT,170.7,525,24/10/2025,08:59:51,09:08:36,1649.457369,EX5600,250,29.0,8.0,34,286.990497,119.904895,56.648438,73.168876,37.268289,2141.619678,5113.284767
pattern_9,A1850809_200_CS_5,6204565,4204565,EX004,EX5600FS,DT023,CAT 793,A-185-08-09,59.69,185.11,126.942967,126.942967,290.848533,39.597869,72.176225,0,363660.25,6591759.53,199.62,RIGHT,185.1,412,24/10/2025,09:08:36,09:15:28,1762.981191,EX5600,225,29.0,8.0,34,290.848533,126.942967,52.131472,72.176225,39.597869,2291.172462,5707.253751
pattern_9,A1850809_200_CS_5,6204566,4204566,EX004,EX5600FS,DT040,CAT 793,A-185-08-09,34.53,170.46,116.678733,116.678733,280.368369,37.145477,81.313083,0,363655.95,6591764.16,199.86,STRAIGHT,170.5,392,24/10/2025,09:15:28,09:22:00,1779.995929,EX5600,225,29.0,8.0,34,280.368369,116.678733,45.231077,81.313083,37.145477,2188.710436,5511.893291
pattern_9,A1850809_200_CS_5,6204567,4204567,EX004,EX5600FS,DT077,HIT EH5000,A-185-08-09,35.05,174.84,131.989882,131.989882,285.711892,35.857786,72.97679,0,363658.11,6591762.69,198.85,STRAIGHT,174.8,435,24/10/2025,09:22:00,09:29:15,1830.255774,EX5600,250,29.0,8.0,34,285.711892,131.989882,44.887435,72.97679,35.857786,2202.960625,5153.498056
pattern_9,A1850809_200_CS_5,6204568,4204568,EX004,EX5600FS,DT077,HIT EH5000,A-185-08-09,43.91,191.65,133.232195,133.232195,325.098766,41.408912,93.304631,0,363659.6,6591759.36,199.06,LEFT,191.7,529,24/10/2025,09:29:15,09:38:04,1750.310617,EX5600,250,29.0,8.0,34,325.098766,133.232195,57.153028,93.304631,41.408912,2122.284718,5115.656685
pattern_9,A1850809_200_CS_5,6204569,4204569,EX004,EX5600FS,DT042,CAT 793,A-185-08-09,57.85,181.63,132.906925,132.906925,307.835821,43.366181,73.205045,0,363659.42,6591756.97,199.29,RIGHT,181.6,518,24/10/2025,09:38:04,09:46:42,1585.886604,EX5600,225,29.0,8.0,34,307.835821,132.906925,58.35767,73.205045,43.366181,2124.024344,5168.746112
pattern_9,A1850809_200_ES_1,6204570,4204570,EX004,EX5600FS,DT036,CAT 793,A-185-08-09,44.69,171.85,81.667923,81.667923,243.173809,37.346532,70.716212,0,363672.98,6591708.32,198.76,STRAIGHT,171.8,385,24/10/2025,09:46:42,09:53:07,1986.824206,EX5600,225,29.0,8.0,34,243.173809,81.667923,53.443142,70.716212,37.346532,2544.045245,6769.919534
pattern_9,A1850809_200_ES_1,6204571,4204571,EX004,EX5600FS,DT051,HIT EH5000,A-185-08-09,42.07,182.54,92.430309,92.430309,264.141909,41.066592,75.422147,0,363673.66,6591707.3,198.73,STRAIGHT,182.5,382,24/10/2025,09:53:07,09:59:29,1902.028221,EX5600,250,29.0,8.0,34,264.141909,92.430309,55.22286,75.422147,41.066592,2487.86942,6806.385068
pattern_9,A1850809_200_ES_1,6204572,4204572,EX004,EX5600FS,DT011,CAT 793,A-185-08-09,39.18,192.97,91.579154,91.579154,265.009508,46.937492,78.702926,0,363669.83,6591710.08,199.15,LEFT,193.0,416,24/10/2025,09:59:29,10:06:25,2137.426851,EX5600,225,29.0,8.0,34,265.009508,91.579154,47.789936,78.702926,46.937492,2621.435909,7028.221416
pattern_9,A1850809_200_ES_1,6204573,4204573,EX004,EX5600FS,DT053,HIT EH5000,A-185-08-09,39.69,189.78,94.203762,94.203762,266.773366,44.384196,70.500972,0,363670.96,6591707.2,199.41,LEFT,189.8,429,24/10/2025,10:06:25,10:13:34,1921.138929,EX5600,250,29.0,8.0,34,266.773366,94.203762,57.684436,70.500972,44.384196,2561.025151,6912.423583
pattern_9,A1850809_200_ES_1,6204574,4204574,EX004,EX5600FS,DT036,CAT 793,A-185-08-09,48.27,197.56,85.373699,85.373699,229.751427,36.449597,67.758151,0,363675.63,6591706.17,198.45,LEFT,197.6,381,24/10/2025,10:13:34,10:19:55,2462.301983,EX5600,225,29.0,8.0,34,229.751427,85.373699,40.16998,67.758151,36.449597,3095.616864,8155.607743
pattern_9,A1850809_200_CS_1,6204575,4204575,EX004,EX5600FS,DT057,HIT EH5000,A-185-08-09,52.48,200.29,89.608025,89.608025,255.12327,37.328962,70.296675,0,363668.09,6591712.52,198.91,STRAIGHT,200.3,406,24/10/2025,10:19:55,10:26:41,2456.398636,EX5600,250,29.0,8.0,34,255.12327,89.608025,57.889608,70.296675,37.328962,2826.272055,7420.451243
pattern_9,A1850809_200_ES_1,6204576,4204576,EX004,EX5600FS,DT014,CAT 793,A-185-08-09,72.86,218.57,106.015725,106.015725,276.507066,45.471571,74.460005,0,363674.5,6591706.48,198.54,RIGHT,218.6,336,24/10/2025,10:26:41,10:32:17,2172.199805,EX5600,225,29.0,8.0,34,276.507066,106.015725,50.559765,74.460005,45.471571,2845.638225,7871.575856
pattern_9,A1850809_200_ES_1,6204577,4204577,EX004,EX5600FS,DT034,CAT 793,A-185-08-09,45.37,219.16,109.404226,109.404226,281.461766,43.877076,69.714563,0,363670.11,6591708.13,198.84,LEFT,219.2,431,24/10/2025,10:32:17,10:39:28,2131.093065,EX5600,225,29.0,8.0,34,281.461766,109.404226,58.4659,69.714563,43.877076,2803.150326,7240.871533
pattern_9,A1850809_200_ES_1,6204578,4204578,EX004,EX5600FS,DT011,CAT 793,A-185-08-09,61.27,230.12,95.18978,95.18978,262.785717,40.326131,79.163233,0,363672.21,6591712.17,198.79,RIGHT,230.1,401,24/10/2025,10:39:28,10:46:09,2482.715615,EX5600,225,29.0,8.0,34,262.785717,95.18978,48.106573,79.163233,40.326131,3152.507446,8890.070997
pattern_9,A1850809_200_ES_1,6204579,4204579,EX004,EX5600FS,DT007,CAT 793,A-185-08-09,45.39,237.13,89.481368,89.481368,266.020836,37.493966,83.24941,0,363672.5,6591709.27,197.95,LEFT,237.1,709,24/10/2025,10:46:09,10:57:58,2623.310507,EX5600,225,29.0,8.0,34,266.020836,89.481368,55.796092,83.24941,37.493966,3208.970391,8826.310593
pattern_9,A1850809_200_CS_5,6204580,4204580,EX004,EX5600FS,DT022,CAT 793,A-185-08-09,29.47,176.79,143.562413,143.562413,326.147725,41.473561,81.451013,0,363658.47,6591753.66,199.34,STRAIGHT,176.8,477,24/10/2025,10:57:58,11:05:55,1295.458382,EX5600,225,29.0,8.0,34,326.147725,143.562413,59.660738,81.451013,41.473561,1951.402168,4178.860955
pattern_9,A1850809_200_CS_5,6204581,4204581,EX004,EX5600FS,DT062,HIT EH5000,A-185-08-09,52.98,184.29,155.674149,155.674149,320.176441,44.128598,68.776707,0,363659.13,6591750.69,198.76,LEFT,184.3,546,24/10/2025,11:05:55,11:15:01,1574.523335,EX5600,250,29.0,8.0,34,320.176441,155.674149,51.596987,68.776707,44.128598,2072.129701,4679.802401
pattern_9,A1850809_200_CS_5,6204582,4204582,EX004,EX5600FS,DT084,HIT EH5000,A-185-08-09,51.62,169.02,139.374638,139.374638,309.127658,41.368775,79.18661,0,363656.68,6591753.44,198.69,STRAIGHT,169.0,562,24/10/2025,11:15:01,11:24:23,1362.024319,EX5600,250,29.0,8.0,34,309.127658,139.374638,49.197636,79.18661,41.368775,1968.296787,4565.978789
pattern_9,A1850809_200_CS_5,6204583,4204583,EX004,EX5600FS,DT081,HIT EH5000,A-185-08-09,44.52,174.8,143.759251,143.759251,311.090269,43.018611,76.706175,0,363659.82,6591752.82,198.85,LEFT,174.8,462,24/10/2025,11:24:23,11:32:05,1505.996508,EX5600,250,29.0,8.0,34,311.090269,143.759251,47.606233,76.706175,43.018611,2022.805202,4375.817059
pattern_9,A1850809_200_CS_5,6204584,4204584,EX004,EX5600FS,DT072,HIT EH5000,A-185-08-09,55.43,176.0,149.4474,149.4474,324.243988,40.989565,83.686753,0,363659.93,6591750.39,198.17,LEFT,176.0,521,24/10/2025,11:32:05,11:40:46,1428.610635,EX5600,250,29.0,8.0,34,324.243988,149.4474,50.12027,83.686753,40.989565,1954.063343,4458.622901
pattern_9,A1850809_200_CS_5,6204585,4204585,EX004,EX5600FS,DT010,CAT 793,A-185-08-09,51.77,189.21,159.868087,159.868087,340.515645,36.170474,82.385037,0,363657.85,6591752.56,197.79,STRAIGHT,189.2,543,24/10/2025,11:40:46,11:49:49,1398.873115,EX5600,225,29.0,8.0,34,340.515645,159.868087,62.092047,82.385037,36.170474,2000.382757,4510.33594
pattern_9,A1850809_200_CS_5,6204586,4204586,EX004,EX5600FS,DT048,HIT EH5000,A-185-08-09,50.44,167.63,163.764969,163.764969,339.18732,34.312042,83.524239,0,363658.73,6591752.37,198.33,STRAIGHT,167.6,471,24/10/2025,11:49:49,11:57:40,1428.112186,EX5600,250,29.0,8.0,34,339.18732,163.764969,57.586069,83.524239,34.312042,1779.115125,3995.415215
pattern_9,A1850809_200_CS_5,6204587,4204587,EX004,EX5600FS,DT074,HIT EH5000,A-185-08-09,37.97,164.46,146.499074,146.499074,326.129118,43.128274,76.863478,0,363659.13,6591754.45,198.72,RIGHT,164.5,545,24/10/2025,11:57:40,12:06:45,1407.50161,EX5600,250,29.0,8.0,34,326.129118,146.499074,59.638292,76.863478,43.128274,1815.440139,4049.544313
pattern_9,A1850809_200_CS_5,6204588,4204588,EX004,EX5600FS,DT020,CAT 793,A-185-08-09,54.47,167.33,138.011455,138.011455,314.26766,41.267021,80.000396,0,363660.91,6591753.2,199.38,RIGHT,167.3,697,24/10/2025,12:06:45,12:18:22,1557.824661,EX5600,225,29.0,8.0,34,314.26766,138.011455,54.988787,80.000396,41.267021,1916.802272,4368.348405
pattern_9,A1850809_200_CS_5,6204589,4204589,EX004,EX5600FS,DT001,CAT 793,A-185-08-09,37.84,168.84,147.081949,147.081949,350.585321,43.55341,90.854253,0,363659.95,6591754.06,198.99,RIGHT,168.8,563,24/10/2025,12:18:22,12:27:45,1271.742888,EX5600,225,29.0,8.0,34,350.585321,147.081949,69.095709,90.854253,43.55341,1733.694243,3852.608919
pattern_9,A1850809_200_CS_5,6204590,4204590,EX004,EX5600FS,DT071,HIT EH5000,A-185-08-09,41.11,178.35,142.916239,142.916239,323.916742,42.352721,82.161093,0,363659.2,6591751.82,198.49,STRAIGHT,178.4,502,24/10/2025,12:27:45,12:36:07,1525.722005,EX5600,250,29.0,8.0,34,323.916742,142.916239,56.486689,82.161093,42.352721,1982.187984,4622.373731
pattern_9,A1850809_200_CS_5,6204591,4204591,EX004,EX5600FS,DT080,HIT EH5000,A-185-08-09,44.93,175.74,145.979927,145.979927,316.866077,35.505184,74.08565,0,363659.45,6591751.92,198.93,RIGHT,175.7,466,24/10/2025,12:36:07,12:43:53,1437.389468,EX5600,250,29.0,8.0,34,316.866077,145.979927,61.295316,74.08565,35.505184,1996.603728,4596.146595
pattern_9,A1850809_200_CS_5,6204592,4204592,EX004,EX5600FS,DT076,HIT EH5000,A-185-08-09,40.86,181.31,141.248523,141.248523,336.533478,50.120962,77.963032,0,363658.88,6591753.07,199.39,LEFT,181.3,543,24/10/2025,12:43:53,12:52:56,1335.684756,EX5600,250,29.0,8.0,34,336.533478,141.248523,67.20096,77.963032,50.120962,1939.577148,4370.385199
pattern_9,A1850809_200_ES_1,6204593,4204593,EX004,EX5600FS,DT039,CAT 793,A-185-08-09,69.99,209.97,86.146533,86.146533,249.78067,31.314831,71.133733,0,363673.01,6591697.89,199.7,RIGHT,210.0,356,24/10/2025,12:52:56,12:58:52,2384.844093,EX5600,225,29.0,8.0,34,249.78067,86.146533,61.185573,71.133733,31.314831,3026.188166,8258.583389
pattern_9,A1850809_200_ES_1,6204594,4204594,EX004,EX5600FS,DT042,CAT 793,A-185-08-09,70.17,210.52,87.334171,87.334171,249.544992,38.406908,67.624629,0,363671.49,6591703.67,199.5,RIGHT,210.5,427,24/10/2025,12:58:52,13:05:59,2400.32413,EX5600,225,29.0,8.0,34,249.544992,87.334171,56.179285,67.624629,38.406908,3036.966829,8384.886448
pattern_9,A1850809_200_ES_1,6204595,4204595,EX004,EX5600FS,DT027,CAT 793,A-185-08-09,64.41,209.75,92.202457,92.202457,249.545343,31.208844,76.002811,0,363669.84,6591701.04,198.35,STRAIGHT,209.8,461,24/10/2025,13:05:59,13:13:40,2253.139069,EX5600,225,29.0,8.0,34,249.545343,92.202457,50.131231,76.002811,31.208844,3025.92473,8495.33263
pattern_9,A1850809_200_ES_1,6204596,4204596,EX004,EX5600FS,DT001,CAT 793,A-185-08-09,57.34,215.79,86.414371,86.414371,250.901177,37.413651,69.471225,0,363673.85,6591700.21,199.49,STRAIGHT,215.8,409,24/10/2025,13:13:40,13:20:29,2467.68049,EX5600,225,29.0,8.0,34,250.901177,86.414371,57.60193,69.471225,37.413651,3096.274285,8480.151316
pattern_9,A1850809_200_CS_1,6204597,4204597,EX004,EX5600FS,DT040,CAT 793,A-185-08-09,58.56,205.6,88.787239,88.787239,263.578318,43.190151,70.917191,0,363669.05,6591700.94,198.7,RIGHT,205.6,441,24/10/2025,13:20:29,13:27:50,2080.136105,EX5600,225,29.0,8.0,34,263.578318,88.787239,60.683737,70.917191,43.190151,2808.150537,7918.984516
pattern_9,A1850809_200_ES_1,6204598,4204598,EX004,EX5600FS,DT012,CAT 793,A-185-08-09,67.86,203.57,82.992338,82.992338,252.177633,44.760927,72.165061,0,363672.47,6591703.68,199.49,RIGHT,203.6,411,24/10/2025,13:27:50,13:34:41,2184.06997,EX5600,225,29.0,8.0,34,252.177633,82.992338,52.259307,72.165061,44.760927,2906.076061,8195.134491
pattern_9,A1850809_200_ES_1,6204599,4204599,EX004,EX5600FS,DT030,CAT 793,A-185-08-09,53.89,191.51,85.323579,85.323579,254.973216,42.109392,70.625132,0,363670.58,6591704.29,199.18,RIGHT,191.5,401,24/10/2025,13:34:41,13:41:22,2205.433321,EX5600,225,29.0,8.0,34,254.973216,85.323579,56.915114,70.625132,42.109392,2703.956736,7625.157997
pattern_9,A1850809_200_ES_1,6204600,4204600,EX004,EX5600FS,DT060,HIT EH5000,A-185-08-09,54.3,191.57,86.154372,86.154372,234.152698,33.013121,61.401507,0,363671.99,6591702.86,199.35,RIGHT,191.6,378,24/10/2025,13:41:22,13:47:40,2307.719514,EX5600,250,29.0,8.0,34,234.152698,86.154372,53.583699,61.401507,33.013121,2945.24487,8305.590534
pattern_9,A1850809_200_ES_1,6204601,4204601,EX004,EX5600FS,DT021,CAT 793,A-185-08-09,48.19,206.7,76.30344,76.30344,244.992768,36.835366,79.009343,0,363672.74,6591701.9,199.37,STRAIGHT,206.7,313,24/10/2025,13:47:40,13:52:53,2368.859813,EX5600,225,29.0,8.0,34,244.992768,76.30344,52.844619,79.009343,36.835366,3037.289928,8565.157596
pattern_9,A1850809_200_ES_1,6204602,4204602,EX004,EX5600FS,DT012,CAT 793,A-185-08-09,56.1,217.91,74.769884,74.769884,247.432459,44.168664,73.116602,0,363670.21,6591702.26,199.35,RIGHT,217.9,411,24/10/2025,13:52:53,13:59:44,2663.162844,EX5600,225,29.0,8.0,34,247.432459,74.769884,55.377308,73.116602,44.168664,3170.533136,8940.903444
pattern_9,A1850809_200_ES_1,6204603,4204603,EX004,EX5600FS,DT089,HIT EH5000,A-185-08-09,53.04,216.99,69.605206,69.605206,249.2196,41.689445,77.932587,0,363672.88,6591704.07,198.77,STRAIGHT,217.0,445,24/10/2025,13:59:44,14:07:09,2439.936916,EX5600,250,29.0,8.0,34,249.2196,69.605206,59.992361,77.932587,41.689445,3134.504233,8809.948548
pattern_9,A1850809_200_CS_4,6204604,4204604,EX004,EX5600FS,DT027,CAT 793,A-185-08-09,36.71,176.02,130.297302,130.297302,299.838109,40.007747,76.873659,0,363663.73,6591741.76,198.84,RIGHT,176.0,512,24/10/2025,14:07:09,14:15:41,1583.32983,EX5600,225,29.0,8.0,34,299.838109,130.297302,52.6594,76.873659,40.007747,2113.394366,4741.291558
pattern_9,A1850809_200_CS_4,6204605,4204605,EX004,EX5600FS,DT032,CAT 793,A-185-08-09,48.29,183.73,144.176895,144.176895,318.300712,39.340144,81.317744,0,363661.53,6591746.04,198.38,STRAIGHT,183.7,479,24/10/2025,14:15:41,14:23:40,1430.810674,EX5600,225,29.0,8.0,34,318.300712,144.176895,53.465929,81.317744,39.340144,2078.047131,4884.945627
pattern_9,A1850809_200_CS_4,6204606,4204606,EX004,EX5600FS,DT031,CAT 793,A-185-08-09,42.21,179.32,142.427231,142.427231,320.68752,44.902653,76.514108,0,363659.36,6591743.15,198.98,LEFT,179.3,539,24/10/2025,14:23:40,14:32:39,1608.171704,EX5600,225,29.0,8.0,34,320.68752,142.427231,56.843528,76.514108,44.902653,2013.051072,4704.943148
pattern_9,A1850809_200_CS_4,6204607,4204607,EX004,EX5600FS,DT085,HIT EH5000,A-185-08-09,42.04,171.67,135.015358,135.015358,312.052139,39.758347,75.940117,0,363658.38,6591742.1,198.81,STRAIGHT,171.7,445,24/10/2025,14:32:39,14:40:04,1397.626064,EX5600,250,29.0,8.0,34,312.052139,135.015358,61.338317,75.940117,39.758347,1980.487912,4691.570704
pattern_9,A1850809_200_CS_4,6204608,4204608,EX004,EX5600FS,DT001,CAT 793,A-185-08-09,37.03,175.92,124.482615,124.482615,306.592042,43.264189,79.973053,0,363659.24,6591745.4,199.14,LEFT,175.9,482,24/10/2025,14:40:04,14:48:06,1614.118529,EX5600,225,29.0,8.0,34,306.592042,124.482615,58.872185,79.973053,43.264189,2065.654029,4792.399816
pattern_9,A1850809_200_CS_4,6204609,4204609,EX004,EX5600FS,DT015,CAT 793,A-185-08-09,41.92,163.87,137.148962,137.148962,310.319403,29.316141,86.579515,0,363663.65,6591744.14,198.77,RIGHT,163.9,445,24/10/2025,14:48:06,14:55:31,1347.539711,EX5600,225,29.0,8.0,34,310.319403,137.148962,57.274785,86.579515,29.316141,1901.061368,4194.782056
pattern_9,A1850809_200_CS_4,6204610,4204610,EX004,EX5600FS,DT080,HIT EH5000,A-185-08-09,33.64,160.55,129.313528,129.313528,314.097871,37.61107,86.694258,0,363660.25,6591746.53,199.79,RIGHT,160.6,533,24/10/2025,14:55:31,15:04:24,1332.716027,EX5600,250,29.0,8.0,34,314.097871,129.313528,60.479015,86.694258,37.61107,1840.177375,4445.272112
pattern_9,A1850809_200_CS_4,6204611,4204611,EX004,EX5600FS,DT086,HIT EH5000,A-185-08-09,51.41,179.32,127.422435,127.422435,309.423596,47.725451,81.130219,0,363658.55,6591744.04,197.99,STRAIGHT,179.3,377,24/10/2025,15:04:24,15:10:41,1666.256915,EX5600,250,29.0,8.0,34,309.423596,127.422435,53.145492,81.130219,47.725451,2086.356176,4948.011731
pattern_9,A1850809_200_CS_4,6204612,4204612,EX004,EX5600FS,DT065,HIT EH5000,A-185-08-09,40.17,183.31,126.251187,126.251187,296.431727,39.24344,79.951944,0,363660.42,6591742.9,198.88,LEFT,183.3,511,24/10/2025,15:10:41,15:19:12,1626.204391,EX5600,250,29.0,8.0,34,296.431727,126.251187,50.985156,79.951944,39.24344,2226.251844,5391.605822
pattern_9,A1850809_200_CS_4,6204613,4204613,EX004,EX5600FS,DT070,HIT EH5000,A-185-08-09,53.8,196.03,129.600978,129.600978,290.295193,41.466962,63.968641,0,363658.33,6591745.74,198.86,LEFT,196.0,430,24/10/2025,15:19:12,15:26:22,1779.292625,EX5600,250,29.0,8.0,34,290.295193,129.600978,55.258612,63.968641,41.466962,2431.013442,5748.102703
pattern_9,A1850809_200_CS_4,6204614,4204614,EX004,EX5600FS,DT078,HIT EH5000,A-185-08-09,50.22,179.04,129.636649,129.636649,318.514339,47.177199,89.651176,0,363664.19,6591746.51,198.76,RIGHT,179.0,507,24/10/2025,15:26:22,15:34:49,1627.99096,EX5600,250,29.0,8.0,34,318.514339,129.636649,52.049315,89.651176,47.177199,2023.573692,4520.195326
pattern_9,A1850809_200_CS_4,6204615,4204615,EX004,EX5600FS,DT061,HIT EH5000,A-185-08-09,46.35,188.91,147.009003,147.009003,316.665058,38.157685,74.100017,0,363658.73,6591741.41,199.7,LEFT,188.9,565,24/10/2025,15:34:49,15:44:14,1630.534735,EX5600,250,29.0,8.0,34,316.665058,147.009003,57.398353,74.100017,38.157685,2147.632519,5093.531626
pattern_9,A1850809_200_CS_3,6204616,4204616,EX004,EX5600FS,DT003,CAT 793,A-185-08-09,55.56,206.92,124.701215,124.701215,311.412639,54.011696,76.488054,0,363662.83,6591732.86,198.75,STRAIGHT,206.9,434,24/10/2025,15:44:14,15:51:28,1846.822095,EX5600,225,29.0,8.0,34,311.412639,124.701215,56.211675,76.488054,54.011696,2391.987365,5935.735103
pattern_9,A1850809_200_CS_3,6204617,4204617,EX004,EX5600FS,DT038,CAT 793,A-185-08-09,50.31,213.58,131.250323,131.250323,300.487494,37.941343,79.522659,0,363666.07,6591735.4,198.71,STRAIGHT,213.6,567,24/10/2025,15:51:28,16:00:55,1955.254483,EX5600,225,29.0,8.0,34,300.487494,131.250323,51.773169,79.522659,37.941343,2558.823705,6337.542825
pattern_9,A1850809_200_CS_3,6204618,4204618,EX004,EX5600FS,DT031,CAT 793,A-185-08-09,56.25,208.59,135.70239,135.70239,312.378859,43.519724,75.121049,0,363661.58,6591733.32,198.13,STRAIGHT,208.6,472,24/10/2025,16:00:55,16:08:47,1787.870084,EX5600,225,29.0,8.0,34,312.378859,135.70239,58.035696,75.121049,43.519724,2403.919325,5830.910448
pattern_9,A1850809_200_CS_3,6204619,4204619,EX004,EX5600FS,DT021,CAT 793,A-185-08-09,35.68,185.0,123.6123,123.6123,293.500378,33.755173,76.46065,0,363659.52,6591739.22,199.14,RIGHT,185.0,473,24/10/2025,16:08:47,16:16:40,1690.191872,EX5600,225,29.0,8.0,34,293.500378,123.6123,59.672255,76.46065,33.755173,2269.19287,5294.435246
pattern_9,A1850809_200_CS_3,6204620,4204620,EX004,EX5600FS,DT058,HIT EH5000,A-185-08-09,46.4,176.92,114.262279,114.262279,293.253636,45.116137,77.014216,0,363659.61,6591732.92,198.58,LEFT,176.9,480,24/10/2025,16:16:40,16:24:40,1603.216895,EX5600,250,29.0,8.0,34,293.253636,114.262279,56.861003,77.014216,45.116137,2171.832293,5395.697087
pattern_9,A1850809_200_CS_3,6204621,4204621,EX004,EX5600FS,DT031,CAT 793,A-185-08-09,42.52,177.56,113.056391,113.056391,289.515179,46.500568,72.693025,0,363663.15,6591735.94,199.08,RIGHT,177.6,417,24/10/2025,16:24:40,16:31:37,1799.019859,EX5600,225,29.0,8.0,34,289.515179,113.056391,57.265195,72.693025,46.500568,2207.823055,5439.589303
pattern_9,A1850809_200_CS_3,6204622,4204622,EX004,EX5600FS,DT035,CAT 793,A-185-08-09,37.98,187.25,117.529428,117.529428,310.070294,43.963448,82.083807,0,363663.09,6591734.79,198.81,STRAIGHT,187.3,459,24/10/2025,16:31:37,16:39:16,1674.953411,EX5600,225,29.0,8.0,34,310.070294,117.529428,66.493612,82.083807,43.963448,2174.057803,5292.197526
pattern_9,A1850809_200_CS_3,6204623,4204623,EX004,EX5600FS,DT007,CAT 793,A-185-08-09,49.82,187.92,142.536208,142.536208,325.004663,42.384682,84.573288,0,363657.5,6591741.15,199.09,LEFT,187.9,475,24/10/2025,16:39:16,16:47:11,1611.259724,EX5600,225,29.0,8.0,34,325.004663,142.536208,55.510485,84.573288,42.384682,2081.529896,4993.722628
pattern_9,A1850809_200_CS_3,6204624,4204624,EX004,EX5600FS,DT080,HIT EH5000,A-185-08-09,62.42,204.01,146.186209,146.186209,317.097497,36.380948,78.404721,0,363663.38,6591734.47,199.07,LEFT,204.0,489,24/10/2025,16:47:11,16:55:20,1688.614995,EX5600,250,29.0,8.0,34,317.097497,146.186209,56.125619,78.404721,36.380948,2316.092453,6031.965343
pattern_9,A1850809_200_CS_3,6204625,4204625,EX004,EX5600FS,DT040,CAT 793,A-185-08-09,37.59,203.72,133.360214,133.360214,310.460069,40.668333,78.15415,0,363654.56,6591736.48,199.68,LEFT,203.7,485,24/10/2025,16:55:20,17:03:25,1745.479437,EX5600,225,29.0,8.0,34,310.460069,133.360214,58.277372,78.15415,40.668333,2362.293157,5766.713001
pattern_9,A1850809_200_CS_3,6204626,4204626,EX004,EX5600FS,DT082,HIT EH5000,A-185-08-09,36.57,186.44,111.563759,111.563759,266.468215,38.627196,64.876875,0,363663.2,6591728.11,198.8,LEFT,186.4,520,24/10/2025,17:03:25,17:12:05,1960.565608,EX5600,250,29.0,8.0,34,266.468215,111.563759,51.400385,64.876875,38.627196,2518.855816,6384.791967
pattern_9,A1850809_200_CS_3,6204627,4204627,EX004,EX5600FS,DT043,CAT 793,A-185-08-09,37.37,191.56,110.573938,110.573938,286.571806,47.341994,78.044769,0,363661.79,6591727.52,198.68,STRAIGHT,191.6,408,24/10/2025,17:12:05,17:18:53,1989.310077,EX5600,225,29.0,8.0,34,286.571806,110.573938,50.611105,78.044769,47.341994,2406.454725,6011.943413
pattern_9,A1850809_200_CS_3,6204628,4204628,EX004,EX5600FS,DT052,HIT EH5000,A-185-08-09,43.62,183.95,108.284452,108.284452,286.799133,50.404189,79.585888,0,363661.45,6591727.3,199.2,RIGHT,184.0,433,24/10/2025,17:18:53,17:26:06,1814.93913,EX5600,250,29.0,8.0,34,286.799133,108.284452,48.524603,79.585888,50.404189,2309.008256,5961.51813
pattern_9,A1850809_200_CS_3,6204629,4204629,EX004,EX5600FS,DT052,HIT EH5000,A-185-08-09,33.48,197.79,106.28942,106.28942,282.836391,34.727076,82.362085,0,363664.33,6591728.86,199.13,RIGHT,197.8,520,24/10/2025,17:26:06,17:34:46,1942.396733,EX5600,250,29.0,8.0,34,282.836391,106.28942,59.45781,82.362085,34.727076,2517.462887,6386.000128
pattern_9,A1850809_200_CS_3,6204630,4204630,EX004,EX5600FS,DT004,CAT 793,A-185-08-09,51.37,206.45,117.472296,117.472296,270.292488,36.203851,65.322609,0,363664.73,6591727.59,199.64,STRAIGHT,206.5,440,24/10/2025,17:34:46,17:42:06,2201.572601,EX5600,225,29.0,8.0,34,270.292488,117.472296,51.293732,65.322609,36.203851,2749.711506,7458.654017
pattern_9,A1850809_200_CS_3,6204631,4204631,EX004,EX5600FS,DT085,HIT EH5000,A-185-08-09,40.18,201.63,124.909014,124.909014,299.799946,40.65844,80.433559,0,363661.1,6591728.24,198.68,LEFT,201.6,488,24/10/2025,17:42:06,17:50:14,1950.409187,EX5600,250,29.0,8.0,34,299.799946,124.909014,53.798933,80.433559,40.65844,2421.22651,6007.609323
pattern_9,A1850809_200_CS_3,6204632,4204632,EX004,EX5600FS,DT053,HIT EH5000,A-185-08-09,36.91,185.28,120.058799,120.058799,290.306644,41.284733,79.749541,0,363663.28,6591731.13,199.54,RIGHT,185.3,456,24/10/2025,17:50:14,17:57:50,1918.658606,EX5600,250,29.0,8.0,34,290.306644,120.058799,49.213571,79.749541,41.284733,2297.629378,5739.456782
pattern_9,A1850809_200_CS_3,6204633,4204633,EX004,EX5600FS,DT004,CAT 793,A-185-08-09,44.88,181.56,114.793071,114.793071,287.679461,41.545083,74.734486,0,363659.93,6591729.28,198.47,STRAIGHT,181.6,446,24/10/2025,17:57:50,18:05:16,1676.182512,EX5600,225,29.0,8.0,34,287.679461,114.793071,56.606821,74.734486,41.545083,2272.015652,5619.144294
pattern_9,A1850809_200_CS_3,6204634,4204634,EX004,EX5600FS,DT070,HIT EH5000,A-185-08-09,46.55,190.41,104.179944,104.179944,268.535062,37.395283,77.483684,0,363664.65,6591726.63,198.41,RIGHT,190.4,356,24/10/2025,18:05:16,18:11:12,1910.391955,EX5600,250,29.0,8.0,34,268.535062,104.179944,49.476151,77.483684,37.395283,2552.628562,6336.290021
pattern_9,A1850809_200_CS_3,6204635,4204635,EX004,EX5600FS,DT038,CAT 793,A-185-08-09,61.68,185.47,115.269255,115.269255,276.316368,39.785054,72.290594,0,363664.03,6591726.73,199.0,RIGHT,185.5,441,24/10/2025,18:11:12,18:18:33,1901.724323,EX5600,225,29.0,8.0,34,276.316368,115.269255,48.971464,72.290594,39.785054,2416.455109,6310.161755
pattern_9,A1850809_200_CS_3,6204636,4204636,EX004,EX5600FS,DT070,HIT EH5000,A-185-08-09,59.38,190.03,116.415417,116.415417,276.953824,39.129942,69.880979,0,363662.85,6591728.83,199.23,STRAIGHT,190.0,477,24/10/2025,18:18:33,18:26:30,1995.92224,EX5600,250,29.0,8.0,34,276.953824,116.415417,51.527486,69.880979,39.129942,2470.160061,6398.432676
pattern_9,A1850809_200_CS_3,6204637,4204637,EX004,EX5600FS,DT013,CAT 793,A-185-08-09,49.76,187.24,115.037442,115.037442,288.313106,36.913477,78.524738,0,363660.87,6591727.92,199.59,LEFT,187.2,468,24/10/2025,18:26:30,18:34:18,1809.201259,EX5600,225,29.0,8.0,34,288.313106,115.037442,57.837449,78.524738,36.913477,2337.922235,5998.529871
pattern_9,A1850809_200_CS_3,6204638,4204638,EX004,EX5600FS,DT078,HIT EH5000,A-185-08-09,40.96,175.01,87.245564,87.245564,232.445209,35.279922,66.129582,0,363654.06,6591770.57,198.65,LEFT,175.0,498,24/10/2025,18:34:18,18:42:36,2099.881185,EX5600,250,29.0,8.0,34,232.445209,87.245564,43.790141,66.129582,35.279922,2710.404776,6921.120583
pattern_9,A1850809_200_CS_3,6204639,4204639,EX004,EX5600FS,DT029,CAT 793,A-185-08-09,44.36,173.33,96.963102,96.963102,256.919036,41.903635,76.302358,0,363652.49,6591772.16,198.56,LEFT,173.3,396,24/10/2025,18:42:36,18:49:12,1833.062856,EX5600,225,29.0,8.0,34,256.919036,96.963102,41.74994,76.302358,41.903635,2428.674505,6129.786233
pattern_9,A1850809_200_CS_3,6204640,4204640,EX004,EX5600FS,DT015,CAT 793,A-185-08-09,56.53,177.14,100.893006,100.893006,274.876402,37.472469,83.872323,0,363652.97,6591772.53,199.6,RIGHT,177.1,460,24/10/2025,18:49:12,18:56:52,1909.557716,EX5600,225,29.0,8.0,34,274.876402,100.893006,52.638604,83.872323,37.472469,2319.999554,5925.102168
pattern_9,A1850809_200_CS_3,6204641,4204641,EX004,EX5600FS,DT038,CAT 793,A-185-08-09,47.84,190.42,119.182385,119.182385,284.382509,36.917013,72.214718,0,363651.21,6591769.61,198.77,RIGHT,190.4,387,24/10/2025,18:56:52,19:03:19,1947.101981,EX5600,225,29.0,8.0,34,284.382509,119.182385,56.068393,72.214718,36.917013,2410.491855,6248.510117
pattern_9,A1850809_200_CS_3,6204642,4204642,EX004,EX5600FS,DT002,CAT 793,A-185-08-09,67.38,202.13,105.379736,105.379736,270.681255,38.651842,75.955214,0,363649.21,6591770.58,199.01,RIGHT,202.1,398,24/10/2025,19:03:19,19:09:57,2096.721579,EX5600,225,29.0,8.0,34,270.681255,105.379736,50.694463,75.955214,38.651842,2688.25587,6670.223381
pattern_9,A1850809_200_CS_3,6204643,4204643,EX004,EX5600FS,DT042,CAT 793,A-185-08-09,37.6,189.36,115.609364,115.609364,282.701345,31.505538,78.689662,0,363650.31,6591770.77,198.91,LEFT,189.4,447,24/10/2025,19:09:57,19:17:24,1746.236414,EX5600,225,29.0,8.0,34,282.701345,115.609364,56.896781,78.689662,31.505538,2411.329123,6010.452664
pattern_9,A1850809_200_CS_3,6204644,4204644,EX004,EX5600FS,DT023,CAT 793,A-185-08-09,39.94,173.69,116.11096,116.11096,281.572484,39.021664,74.183415,0,363651.64,6591772.16,198.88,LEFT,173.7,357,24/10/2025,19:17:24,19:23:21,1797.752933,EX5600,225,29.0,8.0,34,281.572484,116.11096,52.256444,74.183415,39.021664,2220.700286,5735.210969
pattern_9,A1850809_200_CS_3,6204645,4204645,EX004,EX5600FS,DT071,HIT EH5000,A-185-08-09,48.13,185.9,123.254129,123.254129,306.70791,43.329145,80.227202,0,363649.05,6591769.85,198.49,LEFT,185.9,473,24/10/2025,19:23:21,19:31:14,1764.487564,EX5600,250,29.0,8.0,34,306.70791,123.254129,59.897434,80.227202,43.329145,2181.972319,5250.487484
pattern_9,A1850809_200_CS_3,6204646,4204646,EX004,EX5600FS,DT058,HIT EH5000,A-185-08-09,35.6,183.45,111.820416,111.820416,280.216773,40.503331,75.870434,0,363650.07,6591771.8,199.51,STRAIGHT,183.4,471,24/10/2025,19:31:14,19:39:05,1796.205867,EX5600,250,29.0,8.0,34,280.216773,111.820416,52.022592,75.870434,40.503331,2356.788559,5957.753996
pattern_9,A1850809_200_CS_3,6204647,4204647,EX004,EX5600FS,DT079,HIT EH5000,A-185-08-09,43.33,187.43,113.06126,113.06126,289.151697,39.640556,77.952892,0,363650.78,6591771.14,199.9,STRAIGHT,187.4,408,24/10/2025,19:39:05,19:45:53,1948.463353,EX5600,250,29.0,8.0,34,289.151697,113.06126,58.496989,77.952892,39.640556,2333.593555,5860.268412
pattern_9,A1850809_200_CS_3,6204648,4204648,EX004,EX5600FS,DT017,CAT 793,A-185-08-09,43.83,184.73,97.334981,97.334981,264.527851,38.100188,75.41784,0,363649.52,6591771.91,198.44,LEFT,184.7,470,24/10/2025,19:45:53,19:53:43,1974.068275,EX5600,225,29.0,8.0,34,264.527851,97.334981,53.674842,75.41784,38.100188,2514.052661,6427.928145
pattern_9,A1850809_200_CS_3,6204649,4204649,EX004,EX5600FS,DT035,CAT 793,A-185-08-09,36.29,174.06,105.627252,105.627252,270.477005,36.092902,83.301223,0,363649.84,6591769.66,198.45,STRAIGHT,174.1,412,24/10/2025,19:53:43,20:00:35,1759.030318,EX5600,225,29.0,8.0,34,270.477005,105.627252,45.455628,83.301223,36.092902,2316.664605,5756.497326
pattern_9,A1850809_200_CS_2,6204650,4204650,EX004,EX5600FS,DT061,HIT EH5000,A-185-08-09,53.68,173.48,89.615803,89.615803,260.41895,40.357653,78.295171,0,363662.08,6591720.48,198.36,LEFT,173.5,403,24/10/2025,20:00:35,20:07:18,1973.019293,EX5600,250,29.0,8.0,34,260.41895,89.615803,52.150323,78.295171,40.357653,2398.229726,6300.039325
pattern_9,A1850809_200_CS_2,6204651,4204651,EX004,EX5600FS,DT074,HIT EH5000,A-185-08-09,39.12,191.91,91.789944,91.789944,257.302558,37.263069,69.436562,0,363664.4,6591717.95,199.24,RIGHT,191.9,406,24/10/2025,20:07:18,20:14:04,1957.993043,EX5600,250,29.0,8.0,34,257.302558,91.789944,58.812982,69.436562,37.263069,2685.010034,7056.203727
pattern_9,A1850809_200_CS_2,6204652,4204652,EX004,EX5600FS,DT017,CAT 793,A-185-08-09,56.41,197.2,87.025326,87.025326,259.527032,46.723562,71.766536,0,363665.43,6591716.25,198.44,STRAIGHT,197.2,405,24/10/2025,20:14:04,20:20:49,2197.988699,EX5600,225,29.0,8.0,34,259.527032,87.025326,54.01161,71.766536,46.723562,2735.398649,7008.744593
pattern_9,A1850809_200_CS_2,6204653,4204653,EX004,EX5600FS,DT031,CAT 793,A-185-08-09,47.76,189.53,81.443138,81.443138,252.774256,37.174381,82.612161,0,363661.52,6591719.3,199.54,STRAIGHT,189.5,380,24/10/2025,20:20:49,20:27:09,2210.078655,EX5600,225,29.0,8.0,34,252.774256,81.443138,51.544577,82.612161,37.174381,2699.228623,6964.20406
pattern_9,A1850809_200_CS_2,6204654,4204654,EX004,EX5600FS,DT058,HIT EH5000,A-185-08-09,61.72,185.16,104.657296,104.657296,289.374339,41.317711,79.931366,0,363662.31,6591720.66,198.75,STRAIGHT,185.2,417,24/10/2025,20:27:09,20:34:06,1734.083731,EX5600,250,29.0,8.0,34,289.374339,104.657296,63.467966,79.931366,41.317711,2303.494246,6078.165729
pattern_9,A1850809_200_CS_2,6204655,4204655,EX004,EX5600FS,DT028,CAT 793,A-185-08-09,41.68,180.11,95.394404,95.394404,260.561251,41.047644,71.141702,0,363665.81,6591722.9,199.36,RIGHT,180.1,406,24/10/2025,20:34:06,20:40:52,1985.599172,EX5600,225,29.0,8.0,34,260.561251,95.394404,52.977502,71.141702,41.047644,2488.39972,6534.10237
pattern_9,A1850809_200_CS_2,6204656,4204656,EX004,EX5600FS,DT015,CAT 793,A-185-08-09,44.76,177.72,88.295005,88.295005,251.573526,34.205322,75.134033,0,363663.25,6591718.64,198.56,LEFT,177.7,388,24/10/2025,20:40:52,20:47:20,1888.067318,EX5600,225,29.0,8.0,34,251.573526,88.295005,53.939166,75.134033,34.205322,2543.172542,6836.307654
pattern_9,A1850809_200_CS_2,6204657,4204657,EX004,EX5600FS,DT024,CAT 793,A-185-08-09,55.74,178.69,84.85094,84.85094,250.926596,36.654281,68.205318,0,363663.74,6591724.21,199.34,RIGHT,178.7,432,24/10/2025,20:47:20,20:54:32,2087.898075,EX5600,225,29.0,8.0,34,250.926596,84.85094,61.216057,68.205318,36.654281,2563.698181,6818.664032
pattern_9,A1850809_200_CS_2,6204658,4204658,EX004,EX5600FS,DT014,CAT 793,A-185-08-09,53.18,176.71,95.339854,95.339854,256.449266,43.030079,68.175396,0,363663.93,6591716.78,199.81,STRAIGHT,176.7,439,24/10/2025,20:54:32,21:01:51,1993.420204,EX5600,225,29.0,8.0,34,256.449266,95.339854,49.903937,68.175396,43.030079,2480.670998,6527.266391
pattern_9,A1850809_200_CS_2,6204659,4204659,EX004,EX5600FS,DT006,CAT 793,A-185-08-09,60.68,197.86,114.194509,114.194509,287.75157,39.61475,79.750551,0,363662.63,6591719.78,198.98,LEFT,197.9,440,24/10/2025,21:01:51,21:09:11,2011.205979,EX5600,225,29.0,8.0,34,287.75157,114.194509,54.19176,79.750551,39.61475,2475.337215,6396.406013
pattern_9,A1850809_200_CS_2,6204660,4204660,EX004,EX5600FS,DT029,CAT 793,A-185-08-09,42.95,207.51,94.549621,94.549621,269.182372,46.096882,73.895286,0,363659.6,6591721.38,198.16,LEFT,207.5,435,24/10/2025,21:09:11,21:16:26,2020.822803,EX5600,225,29.0,8.0,34,269.182372,94.549621,54.640583,73.895286,46.096882,2775.145188,7296.250777
pattern_9,A1850809_200_CS_2,6204661,4204661,EX004,EX5600FS,DT049,HIT EH5000,A-185-08-09,48.68,194.97,91.564025,91.564025,267.873774,41.121058,75.618053,0,363661.02,6591718.36,198.63,LEFT,195.0,501,24/10/2025,21:16:26,21:24:47,2096.955731,EX5600,250,29.0,8.0,34,267.873774,91.564025,59.570638,75.618053,41.121058,2620.231717,6878.00747
pattern_9,A1850809_200_CS_4,6204662,4204662,EX004,EX5600FS,DT073,HIT EH5000,A-185-08-09,39.03,188.58,127.340405,127.340405,316.463388,50.466476,84.192883,0,363656.44,6591765.15,198.02,STRAIGHT,188.6,507,24/10/2025,21:24:47,21:33:14,1595.074545,EX5600,250,29.0,8.0,34,316.463388,127.340405,54.463624,84.192883,50.466476,2145.25553,5279.856012
pattern_9,A1850809_200_CS_4,6204663,4204663,EX004,EX5600FS,DT059,HIT EH5000,A-185-08-09,52.63,199.75,135.895031,135.895031,321.866687,38.865137,85.217114,0,363652.35,6591767.38,199.78,STRAIGHT,199.8,462,24/10/2025,21:33:14,21:40:56,1709.972406,EX5600,250,29.0,8.0,34,321.866687,135.895031,61.889405,85.217114,38.865137,2234.196967,5377.074341
pattern_9,A1850809_200_CS_4,6204664,4204664,EX004,EX5600FS,DT036,CAT 793,A-185-08-09,53.26,196.56,124.912973,124.912973,293.026805,40.515031,72.539366,0,363651.88,6591765.4,199.15,LEFT,196.6,423,24/10/2025,21:40:56,21:47:59,2000.180023,EX5600,225,29.0,8.0,34,293.026805,124.912973,55.059436,72.539366,40.515031,2414.869272,5927.366255
pattern_9,A1850809_200_CS_4,6204665,4204665,EX004,EX5600FS,DT040,CAT 793,A-185-08-09,44.25,198.77,130.055152,130.055152,307.002481,41.265827,75.393824,0,363649.36,6591763.35,198.78,RIGHT,198.8,572,24/10/2025,21:47:59,21:57:31,1875.642738,EX5600,225,29.0,8.0,34,307.002481,130.055152,60.287678,75.393824,41.265827,2330.887464,5484.059141
pattern_9,A1850809_200_CS_4,6204666,4204666,EX004,EX5600FS,DT013,CAT 793,A-185-08-09,53.03,197.66,116.7949,116.7949,281.793206,42.82206,69.260123,0,363650.7,6591763.74,198.42,LEFT,197.7,457,24/10/2025,21:57:31,22:05:08,1891.685169,EX5600,225,29.0,8.0,34,281.793206,116.7949,52.916123,69.260123,42.82206,2525.137652,6369.496475
pattern_9,A1850809_200_CS_4,6204667,4204667,EX004,EX5600FS,DT090,HIT EH5000,A-185-08-09,41.27,193.96,107.835806,107.835806,285.975573,44.767164,73.943314,0,363649.9,6591767.19,199.07,RIGHT,194.0,455,24/10/2025,22:05:08,22:12:43,2011.498759,EX5600,250,29.0,8.0,34,285.975573,107.835806,59.429289,73.943314,44.767164,2441.665018,5784.749736
pattern_9,A1850809_200_CS_4,6204668,4204668,EX004,EX5600FS,DT066,HIT EH5000,A-185-08-09,58.26,196.39,105.942538,105.942538,264.634246,32.08993,65.178304,0,363652.2,6591764.36,199.83,LEFT,196.4,391,24/10/2025,22:12:43,22:19:14,1888.368867,EX5600,250,29.0,8.0,34,264.634246,105.942538,61.423474,65.178304,32.08993,2671.598855,6652.772925
pattern_9,A1850809_200_CS_4,6204669,4204669,EX004,EX5600FS,DT009,CAT 793,A-185-08-09,37.44,175.31,115.246731,115.246731,281.533305,40.996274,69.23868,0,363652.21,6591759.96,199.52,LEFT,175.3,498,24/10/2025,22:19:14,22:27:32,1844.541038,EX5600,225,29.0,8.0,34,281.533305,115.246731,56.051619,69.23868,40.996274,2241.706056,5592.698257
pattern_9,A1850809_200_CS_4,6204670,4204670,EX004,EX5600FS,DT044,CAT 793,A-185-08-09,52.52,175.77,121.092216,121.092216,291.772961,44.436913,72.93388,0,363652.18,6591763.56,198.25,RIGHT,175.8,498,24/10/2025,22:27:32,22:35:50,1586.028374,EX5600,225,29.0,8.0,34,291.772961,121.092216,53.309952,72.93388,44.436913,2168.659362,5323.322497
pattern_9,A1850809_200_CS_4,6204671,4204671,EX004,EX5600FS,DT012,CAT 793,A-185-08-09,42.85,173.7,119.772228,119.772228,284.153059,34.268005,75.717493,0,363652.58,6591765.17,199.03,LEFT,173.7,444,24/10/2025,22:35:50,22:43:14,1792.852377,EX5600,225,29.0,8.0,34,284.153059,119.772228,54.395333,75.717493,34.268005,2200.604334,5544.529799
pattern_9,A1850809_200_CS_4,6204672,4204672,EX004,EX5600FS,DT004,CAT 793,A-185-08-09,40.6,173.44,113.683399,113.683399,289.755342,40.652273,73.513669,0,363651.89,6591762.92,198.25,LEFT,173.4,485,24/10/2025,22:43:14,22:51:19,1733.78491,EX5600,225,29.0,8.0,34,289.755342,113.683399,61.906002,73.513669,40.652273,2154.890111,5130.950746
pattern_9,A1850809_200_CS_4,6204673,4204673,EX004,EX5600FS,DT013,CAT 793,A-185-08-09,34.74,182.31,129.557175,129.557175,297.749455,33.437335,82.678748,0,363650.7,6591762.11,199.32,LEFT,182.3,443,24/10/2025,22:51:19,22:58:42,1724.71929,EX5600,225,29.0,8.0,34,297.749455,129.557175,52.076197,82.678748,33.437335,2204.220581,5364.976676
pattern_9,A1850809_200_CS_1,6204674,4204674,EX004,EX5600FS,DT024,CAT 793,A-185-08-09,40.95,177.84,94.954813,94.954813,267.919051,36.196598,79.126375,0,363666.08,6591709.94,199.36,RIGHT,177.8,428,24/10/2025,22:58:42,23:05:50,2027.618249,EX5600,225,29.0,8.0,34,267.919051,94.954813,57.641265,79.126375,36.196598,2389.637419,6589.113676
pattern_9,A1850809_200_CS_1,6204675,4204675,EX004,EX5600FS,DT015,CAT 793,A-185-08-09,49.52,188.98,91.432539,91.432539,250.900151,38.89788,70.185786,0,363663.16,6591712.44,199.74,RIGHT,189.0,409,24/10/2025,23:05:50,23:12:39,2179.389233,EX5600,225,29.0,8.0,34,250.900151,91.432539,50.383947,70.185786,38.89788,2711.545905,7128.760249
pattern_9,A1850809_200_CS_1,6204676,4204676,EX004,EX5600FS,DT003,CAT 793,A-185-08-09,42.64,185.53,92.051749,92.051749,248.45163,39.780107,72.065234,0,363661.71,6591712.38,198.72,RIGHT,185.5,473,24/10/2025,23:12:39,23:20:32,2323.7185,EX5600,225,29.0,8.0,34,248.45163,92.051749,44.55454,72.065234,39.780107,2688.342911,7197.298645
pattern_9,A1850809_200_CS_1,6204677,4204677,EX004,EX5600FS,DT041,CAT 793,A-185-08-09,49.81,195.84,93.84166,93.84166,267.799335,42.451599,77.293784,0,363667.33,6591710.97,198.52,LEFT,195.8,494,24/10/2025,23:20:32,23:28:46,2085.145762,EX5600,225,29.0,8.0,34,267.799335,93.84166,54.212292,77.293784,42.451599,2632.706178,7424.231422
pattern_9,A1850809_200_CS_1,6204678,4204678,EX004,EX5600FS,DT079,HIT EH5000,A-185-08-09,39.53,193.98,91.045965,91.045965,258.7092,42.801204,78.179705,0,363661.65,6591710.08,198.73,LEFT,194.0,375,24/10/2025,23:28:46,23:35:01,2160.148642,EX5600,250,29.0,8.0,34,258.7092,91.045965,46.682326,78.179705,42.801204,2699.323373,7420.505491
pattern_9,A1850809_200_CS_1,6204679,4204679,EX004,EX5600FS,DT041,CAT 793,A-185-08-09,64.99,206.97,100.67646,100.67646,271.788849,46.25448,74.80964,0,363663.82,6591714.66,199.11,STRAIGHT,207.0,466,24/10/2025,23:35:01,23:42:47,2055.090524,EX5600,225,29.0,8.0,34,271.788849,100.67646,50.048269,74.80964,46.25448,2741.374651,7462.848283
pattern_9,A1850809_200_CS_1,6204680,4204680,EX004,EX5600FS,DT078,HIT EH5000,A-185-08-09,54.81,220.03,87.857399,87.857399,256.532587,37.214626,84.960387,0,363663.11,6591713.67,198.51,RIGHT,220.0,492,24/10/2025,23:42:47,23:50:59,2287.258999,EX5600,250,29.0,8.0,34,256.532587,87.857399,46.500176,84.960387,37.214626,3087.730638,8556.724215
pattern_9,A1850809_200_CS_1,6204681,4204681,EX004,EX5600FS,DT034,CAT 793,A-185-08-09,58.55,234.0,95.680275,95.680275,274.234837,51.117473,76.721183,0,363665.49,6591712.31,198.6,RIGHT,234.0,418,24/10/2025,23:50:59,23:57:57,2434.127901,EX5600,225,29.0,8.0,34,274.234837,95.680275,50.715905,76.721183,51.117473,3071.821664,8235.114058
pattern_9,A1850809_200_CS_1,6204682,4204682,EX004,EX5600FS,DT007,CAT 793,A-185-08-09,63.19,212.13,84.952756,84.952756,258.795765,38.80241,78.395111,0,363661.47,6591713.24,198.69,LEFT,212.1,460,24/10/2025,23:57:57,00:05:37,2210.48882,EX5600,225,29.0,8.0,34,258.795765,84.952756,56.645487,78.395111,38.80241,2950.793669,7900.340992
pattern_9,A1850809_200_CS_1,6204683,4204683,EX004,EX5600FS,DT035,CAT 793,A-185-08-09,36.38,178.23,90.827008,90.827008,269.061308,47.344905,69.485639,0,363664.02,6591713.11,198.38,RIGHT,178.2,460,25/10/2025,00:05:37,00:13:17,1881.244281,EX5600,225,29.0,8.0,34,269.061308,90.827008,61.403756,69.485639,47.344905,2384.753803,6725.005724
pattern_9,A1850809_200_CS_1,6204684,4204684,EX004,EX5600FS,DT041,CAT 793,A-185-08-09,48.53,200.94,83.63399,83.63399,255.260493,43.328071,74.669864,0,363662.34,6591710.94,198.88,RIGHT,200.9,436,25/10/2025,00:13:17,00:20:33,2200.386197,EX5600,225,29.0,8.0,34,255.260493,83.63399,53.628568,74.669864,43.328071,2833.920584,7790.907262
pattern_9,A1850809_200_CS_5,6204685,4204685,EX004,EX5600FS,DT056,HIT EH5000,A-185-08-09,40.72,172.99,113.459696,113.459696,290.318689,34.99428,81.527606,0,363653.05,6591754.4,198.53,LEFT,173.0,538,25/10/2025,00:20:33,00:29:31,1601.982479,EX5600,250,29.0,8.0,34,290.318689,113.459696,60.337107,81.527606,34.99428,2145.127948,4864.140043
pattern_9,A1850809_200_CS_5,6204686,4204686,EX004,EX5600FS,DT086,HIT EH5000,A-185-08-09,38.96,166.63,139.623411,139.623411,311.04244,41.380582,78.65043,0,363654.29,6591756.59,199.81,RIGHT,166.6,434,25/10/2025,00:29:31,00:36:45,1410.751193,EX5600,250,29.0,8.0,34,311.04244,139.623411,51.388018,78.65043,41.380582,1928.531104,4731.83049
pattern_9,A1850809_200_CS_5,6204687,4204687,EX004,EX5600FS,DT069,HIT EH5000,A-185-08-09,46.46,175.37,142.621657,142.621657,315.560368,47.197079,85.066295,0,363653.57,6591756.44,199.63,RIGHT,175.4,464,25/10/2025,00:36:45,00:44:29,1480.385425,EX5600,250,29.0,8.0,34,315.560368,142.621657,40.675337,85.066295,47.197079,2000.644508,4727.252477
pattern_9,A1850809_200_CS_5,6204688,4204688,EX004,EX5600FS,DT014,CAT 793,A-185-08-09,45.18,186.32,149.142013,149.142013,316.478106,38.280922,74.854008,0,363650.38,6591757.8,199.01,STRAIGHT,186.3,433,25/10/2025,00:44:29,00:51:42,1548.278209,EX5600,225,29.0,8.0,34,316.478106,149.142013,54.201163,74.854008,38.280922,2119.393518,4959.750919
pattern_9,A1850809_200_CS_5,6204689,4204689,EX004,EX5600FS,DT014,CAT 793,A-185-08-09,48.98,188.17,134.104608,134.104608,309.501414,44.511117,72.356721,0,363650.72,6591753.35,198.66,STRAIGHT,188.2,504,25/10/2025,00:51:42,01:00:06,1577.464767,EX5600,225,29.0,8.0,34,309.501414,134.104608,58.528968,72.356721,44.511117,2188.736224,4969.479264
pattern_9,A1850809_200_CS_5,6204690,4204690,EX004,EX5600FS,DT084,HIT EH5000,A-185-08-09,44.65,206.96,143.57618,143.57618,314.250075,36.963291,79.857627,0,363651.26,6591756.48,198.0,LEFT,207.0,457,25/10/2025,01:00:06,01:07:43,1730.271801,EX5600,250,29.0,8.0,34,314.250075,143.57618,53.852978,79.857627,36.963291,2370.899684,5724.64227
pattern_9,A1850809_200_CS_5,6204691,4204691,EX004,EX5600FS,DT077,HIT EH5000,A-185-08-09,44.84,218.31,130.872968,130.872968,286.21702,30.777255,76.575846,0,363655.97,6591752.07,199.91,LEFT,218.3,469,25/10/2025,01:07:43,01:15:32,2226.110548,EX5600,250,29.0,8.0,34,286.21702,130.872968,47.99095,76.575846,30.777255,2745.840012,6463.500284
pattern_9,A1850809_200_CS_5,6204692,4204692,EX004,EX5600FS,DT018,CAT 793,A-185-08-09,42.03,199.84,150.428642,150.428642,322.061862,40.840949,72.501195,0,363656.76,6591759.24,198.67,LEFT,199.8,492,25/10/2025,01:15:32,01:23:44,1571.995714,EX5600,225,29.0,8.0,34,322.061862,150.428642,58.291076,72.501195,40.840949,2233.801947,5433.582266
pattern_9,A1850809_200_CS_5,6204693,4204693,EX004,EX5600FS,DT033,CAT 793,A-185-08-09,60.08,203.72,119.558207,119.558207,294.21069,41.954281,79.296798,0,363652.15,6591755.14,198.24,LEFT,203.7,409,25/10/2025,01:23:44,01:30:33,1927.699681,EX5600,225,29.0,8.0,34,294.21069,119.558207,53.401403,79.296798,41.954281,2492.775673,6096.118664
pattern_9,A1850809_200_CS_5,6204694,4204694,EX004,EX5600FS,DT025,CAT 793,A-185-08-09,55.56,207.64,124.786321,124.786321,300.811059,39.909413,77.093866,0,363650.3,6591755.7,199.07,STRAIGHT,207.6,451,25/10/2025,01:30:33,01:38:04,1790.037694,EX5600,225,29.0,8.0,34,300.811059,124.786321,59.021459,77.093866,39.909413,2484.951111,5939.642002
pattern_9,A1850809_200_CS_5,6204695,4204695,EX004,EX5600FS,DT040,CAT 793,A-185-08-09,43.98,184.47,131.208227,131.208227,326.354382,39.131048,89.144198,0,363656.85,6591753.56,198.94,LEFT,184.5,519,25/10/2025,01:38:04,01:46:43,1549.50601,EX5600,225,29.0,8.0,34,326.354382,131.208227,66.870909,89.144198,39.131048,2034.833251,4871.544886
pattern_9,A1850809_200_CS_5,6204696,4204696,EX004,EX5600FS,DT079,HIT EH5000,A-185-08-09,40.4,168.26,112.300538,112.300538,282.493469,41.722424,81.75064,0,363651.61,6591757.59,198.63,RIGHT,168.3,461,25/10/2025,01:46:43,01:54:24,1611.765506,EX5600,250,29.0,8.0,34,282.493469,112.300538,46.719866,81.75064,41.722424,2144.188745,5075.377317
pattern_9,A1850809_200_CS_1,6204697,4204697,EX004,EX5600FS,DT011,CAT 793,A-185-08-09,45.12,186.69,77.676783,77.676783,229.410352,28.973332,68.216434,0,363664.64,6591703.95,199.78,RIGHT,186.7,339,25/10/2025,01:54:24,02:00:03,2079.640409,EX5600,225,29.0,8.0,34,229.410352,77.676783,54.543804,68.216434,28.973332,2929.620758,7964.693045
pattern_9,A1850809_200_CS_1,6204698,4204698,EX004,EX5600FS,DT072,HIT EH5000,A-185-08-09,57.36,196.8,86.94288,86.94288,255.568694,45.284099,74.208694,0,363668.24,6591704.86,199.75,RIGHT,196.8,385,25/10/2025,02:00:03,02:06:28,2016.186051,EX5600,250,29.0,8.0,34,255.568694,86.94288,49.133022,74.208694,45.284099,2772.137509,7744.828129
pattern_9,A1850809_200_CS_1,6204699,4204699,EX004,EX5600FS,DT089,HIT EH5000,A-185-08-09,55.94,207.86,87.247494,87.247494,257.550952,41.898225,73.159117,0,363667.67,6591706.63,199.9,STRAIGHT,207.9,382,25/10/2025,02:06:28,02:12:50,2307.121017,EX5600,250,29.0,8.0,34,257.550952,87.247494,55.246116,73.159117,41.898225,2905.439343,7888.13133
pattern_9,A1850809_200_CS_1,6204700,4204700,EX004,EX5600FS,DT024,CAT 793,A-185-08-09,72.63,217.89,102.459659,102.459659,262.018915,44.188124,64.568507,0,363664.67,6591704.11,199.0,RIGHT,217.9,346,25/10/2025,02:12:50,02:18:36,2404.71567,EX5600,225,29.0,8.0,34,262.018915,102.459659,50.802626,64.568507,44.188124,2993.712038,8129.780609
pattern_9,A1850809_200_CS_1,6204701,4204701,EX004,EX5600FS,DT056,HIT EH5000,A-185-08-09,49.58,208.0,93.65642,93.65642,255.34662,37.152598,77.786657,0,363662.58,6591703.1,199.17,RIGHT,208.0,481,25/10/2025,02:18:36,02:26:37,2390.090118,EX5600,250,29.0,8.0,34,255.34662,93.65642,46.750944,77.786657,37.152598,2932.464088,7956.087153
pattern_9,A1850809_200_CS_1,6204702,4204702,EX004,EX5600FS,DT053,HIT EH5000,A-185-08-09,55.92,201.17,96.378456,96.378456,276.305974,41.052309,81.632102,0,363666.51,6591702.54,198.63,LEFT,201.2,401,25/10/2025,02:26:37,02:33:18,2060.170866,EX5600,250,29.0,8.0,34,276.305974,96.378456,57.243106,81.632102,41.052309,2621.087781,6817.173312
pattern_9,A1850809_200_CS_1,6204703,4204703,EX004,EX5600FS,DT076,HIT EH5000,A-185-08-09,49.9,199.9,79.723951,79.723951,231.138628,28.690571,69.454976,0,363661.44,6591705.12,198.75,LEFT,199.9,348,25/10/2025,02:33:18,02:39:06,2531.82954,EX5600,250,29.0,8.0,34,231.138628,79.723951,53.26913,69.454976,28.690571,3113.461168,8051.186108
pattern_9,A1850809_200_ES_1,6204704,4204704,EX004,EX5600FS,DT059,HIT EH5000,A-185-08-09,46.4,196.06,108.302961,108.302961,298.460451,49.103523,77.562065,0,363671.41,6591702.61,199.58,RIGHT,196.1,460,25/10/2025,02:39:06,02:46:46,1902.741519,EX5600,250,29.0,8.0,34,298.460451,108.302961,63.491903,77.562065,49.103523,2364.854924,6517.6777
pattern_9,A1850809_200_CS_1,6204705,4204705,EX004,EX5600FS,DT089,HIT EH5000,A-185-08-09,36.26,187.48,96.876531,96.876531,256.372202,43.172801,67.421593,0,363664.93,6591702.72,198.74,STRAIGHT,187.5,409,25/10/2025,02:46:46,02:53:35,2206.498138,EX5600,250,29.0,8.0,34,256.372202,96.876531,48.901276,67.421593,43.172801,2632.607669,7423.953626
pattern_9,A1850809_200_CS_1,6204706,4204706,EX004,EX5600FS,DT010,CAT 793,A-185-08-09,63.47,204.52,99.718211,99.718211,271.294496,43.813314,73.444458,0,363664.75,6591707.94,198.74,RIGHT,204.5,390,25/10/2025,02:53:35,03:00:05,2140.345043,EX5600,225,29.0,8.0,34,271.294496,99.718211,54.318512,73.444458,43.813314,2713.922483,7414.31395
pattern_9,A1850809_200_CS_1,6204707,4204707,EX004,EX5600FS,DT001,CAT 793,A-185-08-09,41.13,204.53,93.429558,93.429558,259.429558,35.511879,80.244211,0,363664.1,6591707.94,198.45,STRAIGHT,204.5,395,25/10/2025,03:00:05,03:06:40,2245.87461,EX5600,225,29.0,8.0,34,259.429558,93.429558,50.243909,80.244211,35.511879,2838.165075,7650.711567
pattern_9,A1850809_200_CS_5,6204708,4204708,EX004,EX5600FS,DT038,CAT 793,A-185-08-09,48.17,211.48,139.68342,139.68342,331.31342,41.129051,91.840725,0,363655.8,6591748.37,199.85,RIGHT,211.5,485,25/10/2025,03:06:40,03:14:45,1616.205462,EX5600,225,29.0,8.0,34,331.31342,139.68342,58.660224,91.840725,41.129051,2297.953024,5551.955496
pattern_9,A1850809_200_CS_5,6204709,4204709,EX004,EX5600FS,DT026,CAT 793,A-185-08-09,66.36,215.88,145.339122,145.339122,323.923951,42.948559,80.159435,0,363651.45,6591745.37,198.43,STRAIGHT,215.9,537,25/10/2025,03:14:45,03:23:42,1836.592882,EX5600,225,29.0,8.0,34,323.923951,145.339122,55.476835,80.159435,42.948559,2399.174873,5524.287668
pattern_9,A1850809_200_CS_5,6204710,4204710,EX004,EX5600FS,DT030,CAT 793,A-185-08-09,46.65,200.02,132.08906,132.08906,315.177904,42.707958,88.280324,0,363653.19,6591748.26,199.31,RIGHT,200.0,515,25/10/2025,03:23:42,03:32:17,1631.673214,EX5600,225,29.0,8.0,34,315.177904,132.08906,52.100562,88.280324,42.707958,2284.625379,5139.155771
pattern_9,A1850809_200_CS_5,6204711,4204711,EX004,EX5600FS,DT033,CAT 793,A-185-08-09,42.39,186.33,108.872536,108.872536,280.746779,33.581386,73.171818,0,363654.79,6591750.82,199.73,STRAIGHT,186.3,424,25/10/2025,03:32:17,03:39:21,1710.508006,EX5600,225,29.0,8.0,34,280.746779,108.872536,65.121038,73.171818,33.581386,2389.346328,5054.273456
pattern_9,A1850809_200_CS_5,6204712,4204712,EX004,EX5600FS,DT012,CAT 793,A-185-08-09,55.37,174.98,127.345402,127.345402,308.11969,41.580377,83.671184,0,363651.8,6591748.36,199.48,RIGHT,175.0,500,25/10/2025,03:39:21,03:47:41,1615.002751,EX5600,225,29.0,8.0,34,308.11969,127.345402,55.522727,83.671184,41.580377,2044.48229,4638.698164
pattern_9,A1850809_200_CS_5,6204713,4204713,EX004,EX5600FS,DT045,CAT 793,A-185-08-09,55.59,166.76,127.913583,127.913583,309.560266,45.003124,79.096528,0,363649.36,6591749.95,199.14,LEFT,166.8,512,25/10/2025,03:47:41,03:56:13,1567.597604,EX5600,225,29.0,8.0,34,309.560266,127.913583,57.547031,79.096528,45.003124,1939.362671,4399.570105
pattern_9,A1850809_200_CS_5,6204714,4204714,EX004,EX5600FS,DT081,HIT EH5000,A-185-08-09,45.13,187.36,154.293858,154.293858,329.706119,42.330826,74.672974,0,363652.54,6591750.18,198.97,STRAIGHT,187.4,474,25/10/2025,03:56:13,04:04:07,1498.898995,EX5600,250,29.0,8.0,34,329.706119,154.293858,58.408461,74.672974,42.330826,2045.7947,4776.767341
pattern_9,A1850809_200_CS_5,6204715,4204715,EX004,EX5600FS,DT015,CAT 793,A-185-08-09,39.73,177.54,145.065926,145.065926,315.502048,38.648093,79.759193,0,363653.86,6591744.08,198.56,LEFT,177.5,514,25/10/2025,04:04:07,04:12:41,1579.436267,EX5600,225,29.0,8.0,34,315.502048,145.065926,52.028836,79.759193,38.648093,2025.78809,4619.688964
pattern_9,A1850809_200_CS_5,6204716,4204716,EX004,EX5600FS,DT016,CAT 793,A-185-08-09,36.81,177.66,130.591357,130.591357,309.401635,36.657155,81.712984,0,363655.16,6591745.92,198.24,STRAIGHT,177.7,452,25/10/2025,04:12:41,04:20:13,1526.468428,EX5600,225,29.0,8.0,34,309.401635,130.591357,60.440139,81.712984,36.657155,2067.160904,4745.839487
pattern_9,A1850809_200_CS_5,6204717,4204717,EX004,EX5600FS,DT079,HIT EH5000,A-185-08-09,56.55,184.64,116.013002,116.013002,297.072196,38.497371,86.81599,0,363648.69,6591748.46,198.54,LEFT,184.6,527,25/10/2025,04:20:13,04:29:00,1559.393613,EX5600,250,29.0,8.0,34,297.072196,116.013002,55.745833,86.81599,38.497371,2237.522248,5058.151731
pattern_9,A1850809_200_CS_5,6204718,4204718,EX004,EX5600FS,DT049,HIT EH5000,A-185-08-09,49.23,193.49,132.337417,132.337417,297.582894,46.481683,69.534975,0,363653.77,6591747.98,199.41,STRAIGHT,193.5,499,25/10/2025,04:29:00,04:37:19,1867.154863,EX5600,250,29.0,8.0,34,297.582894,132.337417,49.22882,69.534975,46.481683,2340.788153,5279.475107
pattern_9,A1850809_200_CS_5,6204719,4204719,EX004,EX5600FS,DT054,HIT EH5000,A-185-08-09,35.84,169.21,134.855696,134.855696,302.207317,42.388803,73.772796,0,363654.02,6591747.97,198.77,STRAIGHT,169.2,448,25/10/2025,04:37:19,04:44:47,1608.635489,EX5600,250,29.0,8.0,34,302.207317,134.855696,51.190021,73.772796,42.388803,2015.717698,4901.211212
pattern_9,A1850809_200_CS_5,6204720,4204720,EX004,EX5600FS,DT047,HIT EH5000,A-185-08-09,37.81,174.92,126.117703,126.117703,303.105729,33.867699,80.773336,0,363651.89,6591748.31,198.37,LEFT,174.9,505,25/10/2025,04:44:47,04:53:12,1476.235075,EX5600,250,29.0,8.0,34,303.105729,126.117703,62.34699,80.773336,33.867699,2077.49032,4818.557914
pattern_9,A1850809_200_CS_1,6204721,4204721,EX004,EX5600FS,DT009,CAT 793,A-185-08-09,45.81,191.69,87.319152,87.319152,241.923508,35.761835,71.047246,0,363664.2,6591692.74,198.95,RIGHT,191.7,383,25/10/2025,04:53:12,04:59:35,2432.669387,EX5600,225,29.0,8.0,34,241.923508,87.319152,47.795276,71.047246,35.761835,2852.552093,7849.778206
pattern_9,A1850809_200_CS_1,6204722,4204722,EX004,EX5600FS,DT058,HIT EH5000,A-185-08-09,66.41,199.24,85.669231,85.669231,242.071394,37.085705,70.643994,0,363666.31,6591696.44,199.71,RIGHT,199.2,393,25/10/2025,04:59:35,05:06:08,2379.456544,EX5600,250,29.0,8.0,34,242.071394,85.669231,48.672465,70.643994,37.085705,2963.003438,8067.175814
pattern_9,A1850809_200_CS_1,6204723,4204723,EX004,EX5600FS,DT077,HIT EH5000,A-185-08-09,39.5,200.9,86.172778,86.172778,231.853677,32.552822,62.099908,0,363667.46,6591700.86,198.56,RIGHT,200.9,372,25/10/2025,05:06:08,05:12:20,2517.350196,EX5600,250,29.0,8.0,34,231.853677,86.172778,51.02817,62.099908,32.552822,3119.370677,8767.54718
pattern_9,A1850809_200_CS_1,6204724,4204724,EX004,EX5600FS,DT018,CAT 793,A-185-08-09,46.39,193.73,86.868195,86.868195,269.429139,41.656421,88.109164,0,363664.94,6591695.19,198.41,RIGHT,193.7,444,25/10/2025,05:12:20,05:19:44,2023.996067,EX5600,225,29.0,8.0,34,269.429139,86.868195,52.79536,88.109164,41.656421,2588.584541,7285.562816
pattern_9,A1850809_200_CS_1,6204725,4204725,EX004,EX5600FS,DT005,CAT 793,A-185-08-09,46.81,207.95,75.50878,75.50878,258.154385,46.50247,84.539118,0,363663.08,6591698.98,199.0,STRAIGHT,208.0,319,25/10/2025,05:19:44,05:25:03,2374.093876,EX5600,225,29.0,8.0,34,258.154385,75.50878,51.604018,84.539118,46.50247,2899.893749,8084.752788
pattern_9,A1850809_200_CS_1,6204726,4204726,EX004,EX5600FS,DT021,CAT 793,A-185-08-09,47.05,218.3,79.842374,79.842374,249.820567,42.12007,66.757262,0,363666.3,6591695.27,198.15,STRAIGHT,218.3,452,25/10/2025,05:25:03,05:32:35,2573.367793,EX5600,225,29.0,8.0,34,249.820567,79.842374,61.10086,66.757262,42.12007,3145.75743,8713.731637
pattern_9,A1850809_200_CS_1,6204727,4204727,EX004,EX5600FS,DT032,CAT 793,A-185-08-09,67.63,202.9,77.331161,77.331161,230.630368,34.183768,68.461981,0,363666.94,6591694.86,198.22,LEFT,202.9,424,25/10/2025,05:32:35,05:39:39,2461.8551,EX5600,225,29.0,8.0,34,230.630368,77.331161,50.653459,68.461981,34.183768,3167.088032,8931.188251
pattern_9,A1850809_200_CS_1,6204728,4204728,EX004,EX5600FS,DT056,HIT EH5000,A-185-08-09,37.52,197.47,76.572058,76.572058,242.39822,40.477408,76.673566,0,363666.35,6591698.47,199.63,STRAIGHT,197.5,441,25/10/2025,05:39:39,05:47:00,2230.21957,EX5600,250,29.0,8.0,34,242.39822,76.572058,48.675188,76.673566,40.477408,2932.813765,8270.534819
pattern_9,A1850809_200_CS_1,6204729,4204729,EX004,EX5600FS,DT016,CAT 793,A-185-08-09,43.13,186.89,90.958156,90.958156,259.958808,39.597549,77.136715,0,363669.03,6591695.13,198.51,LEFT,186.9,351,25/10/2025,05:47:00,05:52:51,2077.208769,EX5600,225,29.0,8.0,34,259.958808,90.958156,52.266387,77.136715,39.597549,2588.169465,7087.769086
pattern_9,A1850809_200_CS_1,6204730,4204730,EX004,EX5600FS,DT052,HIT EH5000,A-185-08-09,55.25,190.23,80.212318,80.212318,239.034989,33.148221,68.75956,0,363664.1,6591694.6,198.64,RIGHT,190.2,424,25/10/2025,05:52:51,05:59:55,2319.354893,EX5600,250,29.0,8.0,34,239.034989,80.212318,56.91489,68.75956,33.148221,2864.933905,8032.192074
pattern_9,A1850809_200_CS_1,6204731,4204731,EX004,EX5600FS,DT039,CAT 793,A-185-08-09,61.03,183.1,81.189738,81.189738,238.425342,39.602031,67.103634,0,363665.19,6591696.96,199.57,STRAIGHT,183.1,371,25/10/2025,05:59:55,06:06:06,2130.191121,EX5600,225,29.0,8.0,34,238.425342,81.189738,50.52994,67.103634,39.602031,2764.582327,7663.142087
pattern_9,A1850809_200_CS_4,6204732,4204732,EX004,EX5600FS,DT066,HIT EH5000,A-185-08-09,45.61,187.72,121.576987,121.576987,306.560638,42.301674,80.142153,0,363654.69,6591740.82,199.65,RIGHT,187.7,605,25/10/2025,06:06:06,06:16:11,1723.312542,EX5600,250,29.0,8.0,34,306.560638,121.576987,62.539824,80.142153,42.301674,2204.453562,5267.365811
pattern_9,A1850809_200_CS_4,6204733,4204733,EX004,EX5600FS,DT085,HIT EH5000,A-185-08-09,49.77,199.01,135.632204,135.632204,303.31751,41.93028,71.884695,0,363651.4,6591736.99,199.52,RIGHT,199.0,492,25/10/2025,06:16:11,06:24:23,1819.086242,EX5600,250,29.0,8.0,34,303.31751,135.632204,53.870332,71.884695,41.93028,2361.984377,5674.967982
pattern_9,A1850809_200_CS_4,6204734,4204734,EX004,EX5600FS,DT047,HIT EH5000,A-185-08-09,43.6,190.16,127.569281,127.569281,308.505858,36.927696,91.470013,0,363653.3,6591739.14,199.47,RIGHT,190.2,500,25/10/2025,06:24:23,06:32:43,1625.885227,EX5600,250,29.0,8.0,34,308.505858,127.569281,52.538869,91.470013,36.927696,2219.053843,5217.795354
pattern_9,A1850809_200_CS_4,6204735,4204735,EX004,EX5600FS,DT031,CAT 793,A-185-08-09,37.89,193.12,133.352817,133.352817,314.328839,44.079957,83.826241,0,363651.88,6591739.96,199.06,LEFT,193.1,515,25/10/2025,06:32:43,06:41:18,1774.224549,EX5600,225,29.0,8.0,34,314.328839,133.352817,53.069823,83.826241,44.079957,2211.752501,5247.690011
pattern_9,A1850809_200_CS_4,6204736,4204736,EX004,EX5600FS,DT083,HIT EH5000,A-185-08-09,46.42,181.2,120.753114,120.753114,277.757083,43.920517,63.28722,0,363656.24,6591739.66,199.47,RIGHT,181.2,427,25/10/2025,06:41:18,06:48:25,1746.214545,EX5600,250,29.0,8.0,34,277.757083,120.753114,49.796231,63.28722,43.920517,2348.571953,5685.416738
pattern_9,A1850809_200_CS_4,6204737,4204737,EX004,EX5600FS,DT051,HIT EH5000,A-185-08-09,43.16,190.15,131.325656,131.325656,309.978462,44.391262,81.629953,0,363653.67,6591739.36,198.39,LEFT,190.1,518,25/10/2025,06:48:25,06:57:03,1700.47816,EX5600,250,29.0,8.0,34,309.978462,131.325656,52.631591,81.629953,44.391262,2208.289636,5237.287871
pattern_9,A1850809_200_CS_4,6204738,4204738,EX004,EX5600FS,DT052,HIT EH5000,A-185-08-09,34.17,179.29,134.537367,134.537367,302.891232,39.114248,73.230254,0,363652.36,6591743.7,198.84,STRAIGHT,179.3,479,25/10/2025,06:57:03,07:05:02,1631.619118,EX5600,250,29.0,8.0,34,302.891232,134.537367,56.009363,73.230254,39.114248,2130.955751,5104.525315
pattern_9,A1850809_200_CS_4,6204739,4204739,EX004,EX5600FS,DT011,CAT 793,A-185-08-09,48.71,179.54,105.378894,105.378894,279.367706,40.721295,76.268207,0,363654.01,6591742.51,198.76,LEFT,179.5,399,25/10/2025,07:05:02,07:11:41,1747.274727,EX5600,225,29.0,8.0,34,279.367706,105.378894,56.99931,76.268207,40.721295,2313.656984,5548.626291
pattern_9,A1850809_200_CS_4,6204740,4204740,EX004,EX5600FS,DT023,CAT 793,A-185-08-09,39.43,188.11,125.239087,125.239087,299.366727,38.273541,78.853372,0,363655.51,6591738.29,198.1,LEFT,188.1,419,25/10/2025,07:11:41,07:18:40,1786.587601,EX5600,225,29.0,8.0,34,299.366727,125.239087,57.000727,78.853372,38.273541,2262.094571,5423.963747
pattern_9,A1850809_200_CS_4,6204741,4204741,EX004,EX5600FS,DT056,HIT EH5000,A-185-08-09,41.88,193.5,119.751313,119.751313,287.692117,38.057447,81.85042,0,363654.98,6591743.4,199.03,LEFT,193.5,452,25/10/2025,07:18:40,07:26:12,1881.897159,EX5600,250,29.0,8.0,34,287.692117,119.751313,48.032938,81.85042,38.057447,2421.305204,5650.6749
pattern_9,A1850809_200_CS_4,6204742,4204742,EX004,EX5600FS,DT033,CAT 793,A-185-08-09,36.29,170.58,127.690568,127.690568,281.704727,38.735346,68.00761,0,363653.48,6591739.46,198.68,STRAIGHT,170.6,451,25/10/2025,07:26:12,07:33:43,1695.041234,EX5600,225,29.0,8.0,34,281.704727,127.690568,47.271203,68.00761,38.735346,2179.933067,4961.74033
pattern_9,A1850809_200_CS_4,6204743,4204743,EX004,EX5600FS,DT066,HIT EH5000,A-185-08-09,35.8,176.32,125.349382,125.349382,289.414711,37.066589,72.717372,0,363652.27,6591737.92,199.43,STRAIGHT,176.3,511,25/10/2025,07:33:43,07:42:14,1669.996473,EX5600,250,29.0,8.0,34,289.414711,125.349382,54.281367,72.717372,37.066589,2193.268264,5403.748344
pattern_9,A1850809_200_CS_3,6204744,4204744,EX004,EX5600FS,DT003,CAT 793,A-185-08-09,44.38,185.15,111.507671,111.507671,295.317558,41.937805,87.803594,0,363654.79,6591732.59,198.65,RIGHT,185.2,470,25/10/2025,07:42:14,07:50:04,1816.164535,EX5600,225,29.0,8.0,34,295.317558,111.507671,54.068487,87.803594,41.937805,2257.043673,5423.904737
pattern_9,A1850809_200_CS_3,6204745,4204745,EX004,EX5600FS,DT044,CAT 793,A-185-08-09,45.63,175.19,110.238593,110.238593,273.093501,30.54887,82.090318,0,363657.55,6591730.71,198.33,RIGHT,175.2,385,25/10/2025,07:50:04,07:56:29,1769.67355,EX5600,225,29.0,8.0,34,273.093501,110.238593,50.215719,82.090318,30.54887,2309.36307,5604.784716
pattern_9,A1850809_200_CS_3,6204746,4204746,EX004,EX5600FS,DT072,HIT EH5000,A-185-08-09,50.2,178.99,115.02259,115.02259,281.598511,39.9563,68.452487,0,363657.83,6591734.55,199.6,STRAIGHT,179.0,475,25/10/2025,07:56:29,08:04:24,1719.484996,EX5600,250,29.0,8.0,34,281.598511,115.02259,58.167134,68.452487,39.9563,2288.220381,5813.89833
pattern_9,A1850809_200_CS_3,6204747,4204747,EX004,EX5600FS,DT041,CAT 793,A-185-08-09,67.2,201.6,115.340033,115.340033,276.999106,37.913307,68.094871,0,363654.06,6591734.12,199.86,STRAIGHT,201.6,459,25/10/2025,08:04:24,08:12:03,1939.516434,EX5600,225,29.0,8.0,34,276.999106,115.340033,55.650895,68.094871,37.913307,2620.090754,6441.987526
pattern_9,A1850809_200_CS_3,6204748,4204748,EX004,EX5600FS,DT012,CAT 793,A-185-08-09,46.03,177.67,129.512159,129.512159,306.370351,42.53525,72.064107,0,363655.75,6591729.7,198.77,STRAIGHT,177.7,439,25/10/2025,08:12:03,08:19:22,1571.007947,EX5600,225,29.0,8.0,34,306.370351,129.512159,62.258835,72.064107,42.53525,2087.746446,4745.048329
pattern_9,A1850809_200_CS_3,6204749,4204749,EX004,EX5600FS,DT055,HIT EH5000,A-185-08-09,41.16,184.22,96.848739,96.848739,302.138443,48.808753,95.244081,0,363657.0,6591730.73,198.62,STRAIGHT,184.2,435,25/10/2025,08:19:22,08:26:37,1687.024564,EX5600,250,29.0,8.0,34,302.138443,96.848739,61.23687,95.244081,48.808753,2194.99378,5331.94823
pattern_9,A1850809_200_CS_3,6204750,4204750,EX004,EX5600FS,DT021,CAT 793,A-185-08-09,60.91,182.72,120.475555,120.475555,294.389585,44.569283,75.775108,0,363655.56,6591731.94,198.47,STRAIGHT,182.7,455,25/10/2025,08:26:37,08:34:12,1576.236318,EX5600,225,29.0,8.0,34,294.389585,120.475555,53.569639,75.775108,44.569283,2234.474023,5455.371059
pattern_9,A1850809_200_CS_3,6204751,4204751,EX004,EX5600FS,DT070,HIT EH5000,A-185-08-09,51.14,194.52,106.582612,106.582612,287.741716,40.775579,80.060529,0,363654.16,6591730.55,198.94,RIGHT,194.5,421,25/10/2025,08:34:12,08:41:13,1901.846344,EX5600,250,29.0,8.0,34,287.741716,106.582612,60.322996,80.060529,40.775579,2433.63464,6224.850492
pattern_9,A1850809_200_CS_3,6204752,4204752,EX004,EX5600FS,DT084,HIT EH5000,A-185-08-09,48.48,190.08,102.059841,102.059841,262.048534,39.422841,67.883443,0,363653.79,6591734.39,199.11,LEFT,190.1,408,25/10/2025,08:41:13,08:48:01,2023.887829,EX5600,250,29.0,8.0,34,262.048534,102.059841,52.682408,67.883443,39.422841,2611.253319,6173.598051
pattern_9,A1850809_200_CS_3,6204753,4204753,EX004,EX5600FS,DT070,HIT EH5000,A-185-08-09,66.74,206.73,115.924252,115.924252,292.78173,43.355871,86.261208,0,363657.33,6591731.15,199.18,STRAIGHT,206.7,431,25/10/2025,08:48:01,08:55:12,1919.746623,EX5600,250,29.0,8.0,34,292.78173,115.924252,47.2404,86.261208,43.355871,2541.936708,6533.681711
pattern_9,A1850809_200_CS_3,6204754,4204754,EX004,EX5600FS,DT015,CAT 793,A-185-08-09,50.34,191.12,117.73052,117.73052,293.040371,43.427495,80.643281,0,363652.25,6591728.28,199.0,STRAIGHT,191.1,415,25/10/2025,08:55:12,09:02:07,1773.453045,EX5600,225,29.0,8.0,34,293.040371,117.73052,51.239075,80.643281,43.427495,2347.956277,5794.206164
pattern_9,A1850809_200_CS_3,6204755,4204755,EX004,EX5600FS,DT049,HIT EH5000,A-185-08-09,45.56,190.1,112.051309,112.051309,290.535595,45.092661,79.497211,0,363656.51,6591731.86,198.78,RIGHT,190.1,425,25/10/2025,09:02:07,09:09:12,1881.814377,EX5600,250,29.0,8.0,34,290.535595,112.051309,53.894415,79.497211,45.092661,2355.536507,5967.237866
pattern_9,A1850809_200_CS_3,6204756,4204756,EX004,EX5600FS,DT081,HIT EH5000,A-185-08-09,53.19,185.42,92.616813,92.616813,266.948418,44.864528,79.905233,0,363657.71,6591723.73,199.56,LEFT,185.4,424,25/10/2025,09:09:12,09:16:16,2024.821901,EX5600,250,29.0,8.0,34,266.948418,92.616813,49.561844,79.905233,44.864528,2500.485015,6850.706074
pattern_9,A1850809_200_CS_3,6204757,4204757,EX004,EX5600FS,DT005,CAT 793,A-185-08-09,43.87,200.24,94.582806,94.582806,271.794433,42.105445,79.742635,0,363655.89,6591725.05,200.06,LEFT,200.2,392,25/10/2025,09:16:16,09:22:48,1897.918558,EX5600,225,29.0,8.0,34,271.794433,94.582806,55.363547,79.742635,42.105445,2652.225309,7207.386928
pattern_9,A1850809_200_CS_3,6204758,4204758,EX004,EX5600FS,DT056,HIT EH5000,A-185-08-09,59.0,225.79,74.998232,74.998232,248.878072,36.426333,85.250031,0,363651.38,6591723.47,199.56,RIGHT,225.8,373,25/10/2025,09:22:48,09:29:01,2649.000437,EX5600,250,29.0,8.0,34,248.878072,74.998232,52.203476,85.250031,36.426333,3265.961525,8527.214444
pattern_9,A1850809_200_CS_3,6204759,4204759,EX004,EX5600FS,DT060,HIT EH5000,A-185-08-09,50.5,221.51,92.80102,92.80102,258.03016,43.880486,73.41894,0,363656.12,6591725.43,198.98,LEFT,221.5,419,25/10/2025,09:29:01,09:36:00,2455.448594,EX5600,250,29.0,8.0,34,258.03016,92.80102,47.929714,73.41894,43.880486,3090.515928,8147.655973
pattern_9,A1850809_200_CS_3,6204760,4204760,EX004,EX5600FS,DT085,HIT EH5000,A-185-08-09,41.07,198.56,93.677264,93.677264,272.204232,39.48646,81.61592,0,363655.19,6591724.08,199.13,LEFT,198.6,416,25/10/2025,09:36:00,09:42:56,2091.30726,EX5600,250,29.0,8.0,34,272.204232,93.677264,57.424588,81.61592,39.48646,2626.077166,6996.355912
pattern_9,A1850809_200_CS_3,6204761,4204761,EX004,EX5600FS,DT049,HIT EH5000,A-185-08-09,43.28,170.26,80.369392,80.369392,251.055916,41.830008,69.325971,0,363659.15,6591722.32,199.58,STRAIGHT,170.3,403,25/10/2025,09:42:56,09:49:39,1851.074504,EX5600,250,29.0,8.0,34,251.055916,80.369392,59.530545,69.325971,41.830008,2441.413588,6727.242804
pattern_9,A1850809_200_CS_3,6204762,4204762,EX004,EX5600FS,DT061,HIT EH5000,A-185-08-09,37.89,164.23,72.647568,72.647568,239.446773,39.462927,70.193259,0,363655.46,6591722.06,198.19,RIGHT,164.2,596,25/10/2025,09:49:39,09:59:35,1848.07951,EX5600,250,29.0,8.0,34,239.446773,72.647568,57.143019,70.193259,39.462927,2469.176062,6747.191233
pattern_9,A1850809_200_CS_3,6204763,4204763,EX004,EX5600FS,DT031,CAT 793,A-185-08-09,39.33,164.48,104.313815,104.313815,266.914345,43.601935,66.576415,0,363657.86,6591724.3,199.98,STRAIGHT,164.5,424,25/10/2025,09:59:35,10:06:39,1736.852816,EX5600,225,29.0,8.0,34,266.914345,104.313815,52.422179,66.576415,43.601935,2218.449247,6256.026877
pattern_9,A1850809_200_CS_3,6204764,4204764,EX004,EX5600FS,DT044,CAT 793,A-185-08-09,55.13,165.4,83.870097,83.870097,249.474485,41.585316,76.346612,0,363657.39,6591722.99,199.78,LEFT,165.4,452,25/10/2025,10:06:39,10:14:11,1960.609505,EX5600,225,29.0,8.0,34,249.474485,83.870097,47.672459,76.346612,41.585316,2386.842135,6543.439498
pattern_9,A1850809_200_CS_3,6204765,4204765,EX004,EX5600FS,DT088,HIT EH5000,A-185-08-09,39.01,178.56,99.081084,99.081084,261.131566,39.601235,70.189659,0,363656.68,6591726.02,199.57,LEFT,178.6,323,25/10/2025,10:14:11,10:19:34,1873.34661,EX5600,250,29.0,8.0,34,261.131566,99.081084,52.259588,70.189659,39.601235,2461.717372,6881.979374
pattern_9,A1850809_200_CS_3,6204766,4204766,EX004,EX5600FS,DT046,CAT 793,A-185-08-09,51.61,202.29,94.564851,94.564851,254.649196,39.391278,75.65754,0,363654.78,6591723.84,199.09,STRAIGHT,202.3,496,25/10/2025,10:19:34,10:27:50,2405.751531,EX5600,225,29.0,8.0,34,254.649196,94.564851,45.035527,75.65754,39.391278,2859.848266,7745.194462
pattern_9,A1850809_200_CS_3,6204767,4204767,EX004,EX5600FS,DT048,HIT EH5000,A-185-08-09,44.8,192.95,88.094984,88.094984,253.618964,33.139047,76.231897,0,363656.73,6591721.7,199.44,RIGHT,192.9,442,25/10/2025,10:27:50,10:35:12,1970.785882,EX5600,250,29.0,8.0,34,253.618964,88.094984,56.153036,76.231897,33.139047,2738.791902,7477.878398
pattern_9,A1850809_200_CS_3,6204768,4204768,EX004,EX5600FS,DT044,CAT 793,A-185-08-09,52.07,187.2,107.66993,107.66993,281.665579,38.22377,81.350847,0,363641.91,6591767.0,199.46,RIGHT,187.2,485,25/10/2025,10:35:12,10:43:17,1827.981758,EX5600,225,29.0,8.0,34,281.665579,107.66993,54.421032,81.350847,38.22377,2392.582987,5888.843069
pattern_9,A1850809_200_CS_3,6204769,4204769,EX004,EX5600FS,DT042,CAT 793,A-185-08-09,59.69,179.07,98.929844,98.929844,256.257374,32.221984,69.640903,0,363643.22,6591767.19,198.94,STRAIGHT,179.1,362,25/10/2025,10:43:17,10:49:19,1862.006379,EX5600,225,29.0,8.0,34,256.257374,98.929844,55.464643,69.640903,32.221984,2515.712584,6267.425376
pattern_9,A1850809_200_CS_3,6204770,4204770,EX004,EX5600FS,DT010,CAT 793,A-185-08-09,47.18,197.03,108.245652,108.245652,293.446207,39.877127,80.453147,0,363643.25,6591766.91,198.33,LEFT,197.0,392,25/10/2025,10:49:19,10:55:51,1847.167228,EX5600,225,29.0,8.0,34,293.446207,108.245652,64.87028,80.453147,39.877127,2417.149847,6111.1183
pattern_9,A1850809_200_CS_3,6204771,4204771,EX004,EX5600FS,DT062,HIT EH5000,A-185-08-09,41.94,175.79,111.418459,111.418459,278.769449,37.278019,74.242143,0,363646.98,6591766.25,199.85,RIGHT,175.8,436,25/10/2025,10:55:51,11:03:07,1733.274712,EX5600,250,29.0,8.0,34,278.769449,111.418459,55.830828,74.242143,37.278019,2270.154252,5504.761704
pattern_9,A1850809_200_CS_3,6204772,4204772,EX004,EX5600FS,DT023,CAT 793,A-185-08-09,38.88,185.5,112.311455,112.311455,276.238915,36.496681,70.935228,0,363647.01,6591767.2,198.56,LEFT,185.5,400,25/10/2025,11:03:07,11:09:47,1813.329453,EX5600,225,29.0,8.0,34,276.238915,112.311455,56.495552,70.935228,36.496681,2417.518422,6216.843084
pattern_9,A1850809_200_CS_3,6204773,4204773,EX004,EX5600FS,DT054,HIT EH5000,A-185-08-09,48.87,201.37,110.791371,110.791371,280.634728,42.357103,78.847096,0,363643.15,6591770.54,199.25,LEFT,201.4,499,25/10/2025,11:09:47,11:18:06,2107.996248,EX5600,250,29.0,8.0,34,280.634728,110.791371,48.639158,78.847096,42.357103,2583.129064,6784.618109
pattern_9,A1850809_200_CS_3,6204774,4204774,EX004,EX5600FS,DT020,CAT 793,A-185-08-09,43.71,195.57,114.424002,114.424002,295.469206,50.663041,75.252792,0,363642.81,6591769.99,199.15,LEFT,195.6,394,25/10/2025,11:18:06,11:24:40,1831.443958,EX5600,225,29.0,8.0,34,295.469206,114.424002,55.129371,75.252792,50.663041,2382.809373,5939.467631
pattern_9,A1850809_200_CS_3,6204775,4204775,EX004,EX5600FS,DT019,CAT 793,A-185-08-09,54.96,188.02,105.509376,105.509376,258.554976,36.733726,65.666856,0,363643.82,6591767.1,198.26,STRAIGHT,188.0,351,25/10/2025,11:24:40,11:30:31,2061.339627,EX5600,225,29.0,8.0,34,258.554976,105.509376,50.645017,65.666856,36.733726,2617.84243,6592.827425
pattern_9,A1850809_200_CS_3,6204776,4204776,EX004,EX5600FS,DT083,HIT EH5000,A-185-08-09,33.54,182.6,113.483007,113.483007,269.40683,38.625534,71.609426,0,363641.2,6591763.63,199.43,LEFT,182.6,465,25/10/2025,11:30:31,11:38:16,2032.763283,EX5600,250,29.0,8.0,34,269.40683,113.483007,45.688862,71.609426,38.625534,2440.093393,6513.632019
pattern_9,A1850809_200_CS_3,6204777,4204777,EX004,EX5600FS,DT038,CAT 793,A-185-08-09,52.81,176.73,104.979359,104.979359,271.603458,40.306693,76.671564,0,363646.95,6591768.36,199.83,STRAIGHT,176.7,578,25/10/2025,11:38:16,11:47:54,2049.637315,EX5600,225,29.0,8.0,34,271.603458,104.979359,49.645842,76.671564,40.306693,2342.454233,5972.35008
pattern_9,A1850809_200_CS_3,6204778,4204778,EX004,EX5600FS,DT044,CAT 793,A-185-08-09,45.87,186.68,113.035032,113.035032,283.174927,50.33994,71.622138,0,363641.55,6591768.19,199.01,LEFT,186.7,397,25/10/2025,11:47:54,11:54:31,1804.111851,EX5600,225,29.0,8.0,34,283.174927,113.035032,48.177816,71.622138,50.33994,2373.264143,5935.173787
pattern_9,A1850809_200_CS_3,6204779,4204779,EX004,EX5600FS,DT054,HIT EH5000,A-185-08-09,44.42,186.91,137.666201,137.666201,317.692247,39.641395,82.294928,0,363643.81,6591767.29,199.36,LEFT,186.9,435,25/10/2025,11:54:31,12:01:46,1669.055226,EX5600,250,29.0,8.0,34,317.692247,137.666201,58.089722,82.294928,39.641395,2118.059419,5338.881351
pattern_9,A1850809_200_CS_2,6204780,4204780,EX004,EX5600FS,DT030,CAT 793,A-185-08-09,36.4,164.2,96.448762,96.448762,231.921868,35.199822,59.145752,0,363656.68,6591713.05,198.3,LEFT,164.2,472,25/10/2025,12:01:46,12:09:38,2078.584271,EX5600,225,29.0,8.0,34,231.921868,96.448762,41.127531,59.145752,35.199822,2548.781452,6773.363533
pattern_9,A1850809_200_CS_2,6204781,4204781,EX004,EX5600FS,DT070,HIT EH5000,A-185-08-09,29.84,164.98,88.181955,88.181955,265.522295,38.416448,82.491624,0,363654.36,6591715.68,199.28,LEFT,165.0,374,25/10/2025,12:09:38,12:15:52,1893.305776,EX5600,250,29.0,8.0,34,265.522295,88.181955,56.432269,82.491624,38.416448,2236.889512,6224.781248
pattern_9,A1850809_200_CS_2,6204782,4204782,EX004,EX5600FS,DT019,CAT 793,A-185-08-09,59.61,178.84,86.802989,86.802989,246.273269,35.24144,70.879099,0,363655.42,6591716.95,199.52,RIGHT,178.8,434,25/10/2025,12:15:52,12:23:06,2133.623466,EX5600,225,29.0,8.0,34,246.273269,86.802989,53.349742,70.879099,35.24144,2614.336168,6581.00759
pattern_9,A1850809_200_CS_2,6204783,4204783,EX004,EX5600FS,DT076,HIT EH5000,A-185-08-09,49.0,175.33,95.71008,95.71008,256.174322,46.541827,74.960692,0,363656.56,6591715.75,199.59,STRAIGHT,175.3,458,25/10/2025,12:23:06,12:30:44,1904.198366,EX5600,250,29.0,8.0,34,256.174322,95.71008,38.961723,74.960692,46.541827,2463.870637,6809.825167
pattern_9,A1850809_200_CS_2,6204784,4204784,EX004,EX5600FS,DT079,HIT EH5000,A-185-08-09,50.92,210.24,106.42514,106.42514,286.843202,39.466583,83.691038,0,363657.29,6591714.24,198.45,STRAIGHT,210.2,483,25/10/2025,12:30:44,12:38:47,1996.522635,EX5600,250,29.0,8.0,34,286.843202,106.42514,57.26044,83.691038,39.466583,2638.574992,6959.494849
pattern_9,A1850809_200_CS_2,6204785,4204785,EX004,EX5600FS,DT083,HIT EH5000,A-185-08-09,43.95,220.82,115.890845,115.890845,302.245174,41.214326,90.344001,0,363653.66,6591714.88,198.99,STRAIGHT,220.8,504,25/10/2025,12:38:47,12:47:11,2023.189706,EX5600,250,29.0,8.0,34,302.245174,115.890845,54.796002,90.344001,41.214326,2630.101521,7190.979482
pattern_9,A1850809_200_CS_2,6204786,4204786,EX004,EX5600FS,DT078,HIT EH5000,A-185-08-09,69.2,207.59,110.837756,110.837756,285.041915,38.961854,79.209992,0,363656.37,6591718.34,199.6,RIGHT,207.6,412,25/10/2025,12:47:11,12:54:03,2171.134903,EX5600,250,29.0,8.0,34,285.041915,110.837756,56.032314,79.209992,38.961854,2621.835979,6870.095966
pattern_9,A1850809_200_CS_2,6204787,4204787,EX004,EX5600FS,DT015,CAT 793,A-185-08-09,44.13,208.12,101.123793,101.123793,274.548657,39.30372,71.727477,0,363653.31,6591717.3,199.1,RIGHT,208.1,359,25/10/2025,12:54:03,13:00:02,2184.364595,EX5600,225,29.0,8.0,34,274.548657,101.123793,62.393667,71.727477,39.30372,2728.988657,7195.720299
pattern_9,A1850809_200_CS_2,6204788,4204788,EX004,EX5600FS,DT060,HIT EH5000,A-185-08-09,47.77,209.92,96.880443,96.880443,282.160743,42.824284,79.059286,0,363658.3,6591712.38,198.25,RIGHT,209.9,427,25/10/2025,13:00:02,13:07:09,2058.56013,EX5600,250,29.0,8.0,34,282.160743,96.880443,63.396729,79.059286,42.824284,2678.34455,7080.233914
pattern_9,A1850809_200_CS_2,6204789,4204789,EX004,EX5600FS,DT026,CAT 793,A-185-08-09,61.53,223.47,93.747295,93.747295,244.761292,37.750118,61.350011,0,363658.5,6591713.78,198.83,STRAIGHT,223.5,459,25/10/2025,13:07:09,13:14:48,2567.015043,EX5600,225,29.0,8.0,34,244.761292,93.747295,51.913868,61.350011,37.750118,3286.828629,9207.58975
pattern_9,A1850809_200_CS_2,6204790,4204790,EX004,EX5600FS,DT057,HIT EH5000,A-185-08-09,58.18,213.18,110.28293,110.28293,289.373371,38.158624,76.003692,0,363658.02,6591718.25,198.42,RIGHT,213.2,488,25/10/2025,13:14:48,13:22:56,1822.603632,EX5600,250,29.0,8.0,34,289.373371,110.28293,64.928125,76.003692,38.158624,2652.081603,7360.647429
pattern_9,A1850809_200_CS_5,6204791,4204791,EX004,EX5600FS,DT052,HIT EH5000,A-185-08-09,48.96,201.05,142.684646,142.684646,328.535129,48.966255,83.339151,0,363644.63,6591759.29,198.51,STRAIGHT,201.0,458,25/10/2025,13:22:56,13:30:34,1766.931204,EX5600,250,29.0,8.0,34,328.535129,142.684646,53.545077,83.339151,48.966255,2202.999148,5244.082599
pattern_9,A1850809_200_CS_5,6204792,4204792,EX004,EX5600FS,DT004,CAT 793,A-185-08-09,39.39,176.93,142.484605,142.484605,320.234888,47.386751,78.517326,0,363646.38,6591756.86,198.54,LEFT,176.9,512,25/10/2025,13:30:34,13:39:06,1472.997551,EX5600,225,29.0,8.0,34,320.234888,142.484605,51.846207,78.517326,47.386751,1988.968072,4511.360634
pattern_9,A1850809_200_CS_5,6204793,4204793,EX004,EX5600FS,DT035,CAT 793,A-185-08-09,36.94,185.81,119.716018,119.716018,293.389464,36.093185,86.687615,0,363645.25,6591757.51,198.85,LEFT,185.8,467,25/10/2025,13:39:06,13:46:53,1770.77681,EX5600,225,29.0,8.0,34,293.389464,119.716018,50.892646,86.687615,36.093185,2279.9935,5287.635748
pattern_9,A1850809_200_CS_5,6204794,4204794,EX004,EX5600FS,DT028,CAT 793,A-185-08-09,32.98,174.87,117.768602,117.768602,291.553304,45.154569,77.880526,0,363644.42,6591758.7,199.45,RIGHT,174.9,444,25/10/2025,13:46:53,13:54:17,1617.569537,EX5600,225,29.0,8.0,34,291.553304,117.768602,50.749607,77.880526,45.154569,2159.239525,4974.291202
pattern_9,A1850809_200_CS_5,6204795,4204795,EX004,EX5600FS,DT035,CAT 793,A-185-08-09,44.25,187.55,132.357849,132.357849,304.123162,35.931812,76.300718,0,363643.75,6591759.71,199.12,RIGHT,187.5,471,25/10/2025,13:54:17,14:02:08,1774.426402,EX5600,225,29.0,8.0,34,304.123162,132.357849,59.532784,76.300718,35.931812,2220.062072,5216.103604
pattern_9,A1850809_200_CS_5,6204796,4204796,EX004,EX5600FS,DT010,CAT 793,A-185-08-09,41.52,196.37,131.333739,131.333739,302.207979,39.635973,73.682641,0,363645.06,6591757.59,199.5,STRAIGHT,196.4,458,25/10/2025,14:02:08,14:09:46,1643.918754,EX5600,225,29.0,8.0,34,302.207979,131.333739,57.555627,73.682641,39.635973,2339.164739,5390.592986
pattern_9,A1850809_200_CS_5,6204797,4204797,EX004,EX5600FS,DT009,CAT 793,A-185-08-09,49.58,176.81,132.884686,132.884686,308.289058,38.157053,78.58136,0,363645.84,6591758.7,198.37,LEFT,176.8,436,25/10/2025,14:09:46,14:17:02,1432.616591,EX5600,225,29.0,8.0,34,308.289058,132.884686,58.66596,78.58136,38.157053,2064.709507,4924.560724
pattern_9,A1850809_200_CS_5,6204798,4204798,EX004,EX5600FS,DT010,CAT 793,A-185-08-09,51.99,182.13,148.20862,148.20862,314.842089,39.465829,78.16174,0,363646.74,6591763.05,198.39,LEFT,182.1,540,25/10/2025,14:17:02,14:26:02,1605.862552,EX5600,225,29.0,8.0,34,314.842089,148.20862,49.0059,78.16174,39.465829,2082.566597,4618.197072
pattern_9,A1850809_200_CS_5,6204799,4204799,EX004,EX5600FS,DT064,HIT EH5000,A-185-08-09,46.37,184.32,129.477177,129.477177,305.97616,40.187534,82.079363,0,363646.26,6591760.35,198.43,LEFT,184.3,434,25/10/2025,14:26:02,14:33:16,1585.189048,EX5600,250,29.0,8.0,34,305.97616,129.477177,54.232086,82.079363,40.187534,2168.625099,5117.290506
pattern_9,A1850809_200_CS_5,6204800,4204800,EX004,EX5600FS,DT029,CAT 793,A-185-08-09,58.78,176.34,146.535002,146.535002,319.361571,36.979342,82.122134,0,363646.52,6591761.13,198.17,STRAIGHT,176.3,487,25/10/2025,14:33:16,14:41:23,1482.778491,EX5600,225,29.0,8.0,34,319.361571,146.535002,53.725093,82.122134,36.979342,1987.807366,4774.915857
pattern_9,A1850809_200_CS_5,6204801,4204801,EX004,EX5600FS,DT029,CAT 793,A-185-08-09,47.18,168.61,125.452963,125.452963,302.083524,40.846377,77.684353,0,363642.63,6591755.94,199.7,RIGHT,168.6,539,25/10/2025,14:41:23,14:50:22,1504.955357,EX5600,225,29.0,8.0,34,302.083524,125.452963,58.099832,77.684353,40.846377,2009.322664,4606.4385
pattern_9,A1850809_200_CS_5,6204802,4204802,EX004,EX5600FS,DT037,CAT 793,A-185-08-09,38.36,169.97,125.34254,125.34254,286.871366,44.635399,71.838155,0,363645.05,6591761.88,198.96,RIGHT,170.0,413,25/10/2025,14:50:22,14:57:15,1623.272378,EX5600,225,29.0,8.0,34,286.871366,125.34254,45.055271,71.838155,44.635399,2132.992573,5094.576491
pattern_9,A1850809_200_CS_1,6204803,4204803,EX004,EX5600FS,DT035,CAT 793,A-185-08-09,58.45,191.26,78.156554,78.156554,240.765507,37.986225,75.446276,0,363657.25,6591705.95,199.12,RIGHT,191.3,471,25/10/2025,14:57:15,15:05:06,2143.430368,EX5600,225,29.0,8.0,34,240.765507,78.156554,49.176453,75.446276,37.986225,2859.781893,7916.139394
pattern_9,A1850809_200_CS_1,6204804,4204804,EX004,EX5600FS,DT004,CAT 793,A-185-08-09,45.07,180.52,64.655211,64.655211,231.191385,43.283014,64.792113,0,363657.84,6591708.17,198.24,STRAIGHT,180.5,860,25/10/2025,15:05:06,15:19:26,2200.74862,EX5600,225,29.0,8.0,34,231.191385,64.655211,58.461048,64.792113,43.283014,2810.914929,7732.087005
pattern_9,A1850809_200_CS_1,6204805,4204805,EX004,EX5600FS,DT056,HIT EH5000,A-185-08-09,39.71,189.83,86.482353,86.482353,254.268081,40.605648,71.000831,0,363651.67,6591709.22,199.19,LEFT,189.8,399,25/10/2025,15:19:26,15:26:05,2290.759078,EX5600,250,29.0,8.0,34,254.268081,86.482353,56.179249,71.000831,40.605648,2687.67522,7522.383238
pattern_9,A1850809_200_CS_1,6204806,4204806,EX004,EX5600FS,DT026,CAT 793,A-185-08-09,38.36,183.17,76.05819,76.05819,233.658158,35.824282,69.831322,0,363660.29,6591707.29,198.56,RIGHT,183.2,431,25/10/2025,15:26:05,15:33:16,2320.270364,EX5600,225,29.0,8.0,34,233.658158,76.05819,51.944364,69.831322,35.824282,2822.118673,7634.005789
pattern_9,A1850809_200_CS_1,6204807,4204807,EX004,EX5600FS,DT002,CAT 793,A-185-08-09,41.86,186.42,79.990418,79.990418,229.020374,40.825505,62.479191,0,363656.15,6591714.82,198.64,LEFT,186.4,406,25/10/2025,15:33:16,15:40:02,2369.34054,EX5600,225,29.0,8.0,34,229.020374,79.990418,45.72526,62.479191,40.825505,2930.340674,8219.240639
pattern_9,A1850809_200_CS_1,6204808,4204808,EX004,EX5600FS,DT006,CAT 793,A-185-08-09,53.88,185.9,75.479176,75.479176,257.107066,48.656053,75.800046,0,363660.12,6591707.85,199.53,STRAIGHT,185.9,533,25/10/2025,15:40:02,15:48:55,1892.085903,EX5600,225,29.0,8.0,34,257.107066,75.479176,57.171791,75.800046,48.656053,2602.954881,7290.817498
pattern_9,A1850809_200_CS_1,6204809,4204809,EX004,EX5600FS,DT011,CAT 793,A-185-08-09,59.18,178.38,93.775531,93.775531,255.682581,42.493315,68.645021,0,363661.77,6591712.85,198.19,LEFT,178.4,404,25/10/2025,15:48:55,15:55:39,1959.020396,EX5600,225,29.0,8.0,34,255.682581,93.775531,50.768713,68.645021,42.493315,2511.539103,7015.794727
pattern_9,A1850809_200_CS_1,6204810,4204810,EX004,EX5600FS,DT044,CAT 793,A-185-08-09,53.92,203.89,73.729312,73.729312,259.87883,46.46691,84.508706,0,363654.42,6591708.15,198.95,LEFT,203.9,331,25/10/2025,15:55:39,16:01:10,2293.432617,EX5600,225,29.0,8.0,34,259.87883,73.729312,55.173902,84.508706,46.46691,2824.377465,7964.744452
pattern_9,A1850809_200_CS_1,6204811,4204811,EX004,EX5600FS,DT073,HIT EH5000,A-185-08-09,65.89,197.66,87.831821,87.831821,263.391016,44.567225,78.273097,0,363657.6,6591706.07,197.96,STRAIGHT,197.7,384,25/10/2025,16:01:10,16:07:34,2123.874631,EX5600,250,29.0,8.0,34,263.391016,87.831821,52.718874,78.273097,44.567225,2701.659989,7391.091054
pattern_9,A1850809_200_CS_1,6204812,4204812,EX004,EX5600FS,DT017,CAT 793,A-185-08-09,44.84,196.33,84.83145,84.83145,246.545243,36.636281,74.095098,0,363658.57,6591706.8,198.54,LEFT,196.3,381,25/10/2025,16:07:34,16:13:55,2126.041625,EX5600,225,29.0,8.0,34,246.545243,84.83145,50.982414,74.095098,36.636281,2866.720387,7896.031968
pattern_9,A1850809_200_CS_1,6204813,4204813,EX004,EX5600FS,DT008,CAT 793,A-185-08-09,60.47,207.5,88.901667,88.901667,264.182528,37.574661,73.859534,0,363655.94,6591705.99,199.26,RIGHT,207.5,377,25/10/2025,16:13:55,16:20:12,2211.066857,EX5600,225,29.0,8.0,34,264.182528,88.901667,63.846667,73.859534,37.574661,2827.540714,7646.135343
pattern_9,A1850809_200_CS_1,6204814,4204814,EX004,EX5600FS,DT042,CAT 793,A-185-08-09,46.64,197.4,80.13361,80.13361,238.40009,39.275078,72.460325,0,363656.86,6591707.19,199.58,STRAIGHT,197.4,338,25/10/2025,16:20:12,16:25:50,2376.722778,EX5600,225,29.0,8.0,34,238.40009,80.13361,46.531077,72.460325,39.275078,2980.869908,7928.999907
pattern_9,A1850809_200_CS_5,6204815,4204815,EX004,EX5600FS,DT060,HIT EH5000,A-185-08-09,48.49,155.72,133.371414,133.371414,309.837683,43.907386,74.336194,0,363644.86,6591747.96,199.82,STRAIGHT,155.7,498,25/10/2025,16:25:50,16:34:08,1290.495124,EX5600,250,29.0,8.0,34,309.837683,133.371414,58.22269,74.336194,43.907386,1809.285935,4180.418994
pattern_9,A1850809_200_CS_5,6204816,4204816,EX004,EX5600FS,DT024,CAT 793,A-185-08-09,43.74,167.66,117.525925,117.525925,297.840489,45.022649,76.448091,0,363648.17,6591751.72,198.23,STRAIGHT,167.7,504,25/10/2025,16:34:08,16:42:32,1610.507564,EX5600,225,29.0,8.0,34,297.840489,117.525925,58.843824,76.448091,45.022649,2026.472254,4589.0517
pattern_9,A1850809_200_CS_5,6204817,4204817,EX004,EX5600FS,DT054,HIT EH5000,A-185-08-09,38.83,156.08,122.739281,122.739281,291.193292,36.874768,84.378291,0,363645.23,6591751.55,199.88,RIGHT,156.1,442,25/10/2025,16:42:32,16:49:54,1329.475594,EX5600,250,29.0,8.0,34,291.193292,122.739281,47.200952,84.378291,36.874768,1929.580793,4426.95688
pattern_9,A1850809_200_CS_5,6204818,4204818,EX004,EX5600FS,DT010,CAT 793,A-185-08-09,37.94,164.6,105.05961,105.05961,276.229818,42.484739,77.859923,0,363647.41,6591750.54,199.02,LEFT,164.6,402,25/10/2025,16:49:54,16:56:36,1735.543069,EX5600,225,29.0,8.0,34,276.229818,105.05961,50.825546,77.859923,42.484739,2145.192492,5111.350784
pattern_9,A1850809_200_CS_5,6204819,4204819,EX004,EX5600FS,DT057,HIT EH5000,A-185-08-09,44.09,172.34,125.255423,125.255423,284.585783,35.681476,71.72383,0,363643.52,6591751.24,198.14,RIGHT,172.3,488,25/10/2025,16:56:36,17:04:44,1691.039229,EX5600,250,29.0,8.0,34,284.585783,125.255423,51.925055,71.72383,35.681476,2180.125704,5196.015484
pattern_9,A1850809_200_CS_5,6204820,4204820,EX004,EX5600FS,DT030,CAT 793,A-185-08-09,54.36,180.67,140.534238,140.534238,293.681052,33.607101,75.637079,0,363644.54,6591750.79,198.43,RIGHT,180.7,479,25/10/2025,17:04:44,17:12:43,1801.351262,EX5600,225,29.0,8.0,34,293.681052,140.534238,43.902634,75.637079,33.607101,2214.628433,5067.277571
pattern_9,A1850809_200_CS_5,6204821,4204821,EX004,EX5600FS,DT066,HIT EH5000,A-185-08-09,58.6,175.8,108.328221,108.328221,284.599363,33.607894,92.043585,0,363644.01,6591750.46,199.32,RIGHT,175.8,475,25/10/2025,17:12:43,17:20:38,1777.789008,EX5600,250,29.0,8.0,34,284.599363,108.328221,50.619664,92.043585,33.607894,2223.717268,5109.635116
pattern_9,A1850809_200_CS_5,6204822,4204822,EX004,EX5600FS,DT024,CAT 793,A-185-08-09,42.14,181.93,119.753175,119.753175,277.770825,37.972899,74.000225,0,363643.65,6591751.87,198.32,RIGHT,181.9,356,25/10/2025,17:20:38,17:26:34,1922.874489,EX5600,225,29.0,8.0,34,277.770825,119.753175,46.044526,74.000225,37.972899,2357.867331,5650.518934
pattern_9,A1850809_200_CS_5,6204823,4204823,EX004,EX5600FS,DT065,HIT EH5000,A-185-08-09,43.17,197.68,121.548857,121.548857,300.670971,43.291228,74.368128,0,363647.51,6591752.79,199.29,LEFT,197.7,550,25/10/2025,17:26:34,17:35:44,1832.177526,EX5600,250,29.0,8.0,34,300.670971,121.548857,61.462758,74.368128,43.291228,2366.919113,5516.920269
pattern_9,A1850809_200_CS_5,6204824,4204824,EX004,EX5600FS,DT039,CAT 793,A-185-08-09,57.84,188.42,122.483558,122.483558,298.862016,42.954512,75.583336,0,363645.95,6591748.79,198.98,RIGHT,188.4,502,25/10/2025,17:35:44,17:44:06,1784.574513,EX5600,225,29.0,8.0,34,298.862016,122.483558,57.84061,75.583336,42.954512,2269.63249,5082.760564
pattern_9,A1850809_200_CS_5,6204825,4204825,EX004,EX5600FS,DT002,CAT 793,A-185-08-09,46.89,186.53,129.907648,129.907648,319.014121,44.286159,74.328249,0,363643.1,6591749.74,199.41,LEFT,186.5,446,25/10/2025,17:44:06,17:51:32,1491.903279,EX5600,225,29.0,8.0,34,319.014121,129.907648,70.492065,74.328249,44.286159,2104.944063,4897.5534
pattern_9,A1850809_200_CS_5,6204826,4204826,EX004,EX5600FS,DT008,CAT 793,A-185-08-09,33.26,183.43,131.995879,131.995879,311.895168,41.466018,78.239506,0,363647.3,6591751.94,198.42,LEFT,183.4,492,25/10/2025,17:51:32,17:59:44,1588.567375,EX5600,225,29.0,8.0,34,311.895168,131.995879,60.193765,78.239506,41.466018,2117.155674,4919.130385
pattern_9,A1850809_200_CS_1,6204827,4204827,EX004,EX5600FS,DT048,HIT EH5000,A-185-08-09,40.66,205.92,93.150574,93.150574,259.01766,36.631356,77.812773,0,363654.19,6591699.92,199.59,LEFT,205.9,518,25/10/2025,17:59:44,18:08:22,2278.293239,EX5600,250,29.0,8.0,34,259.01766,93.150574,51.422957,77.812773,36.631356,2861.990434,7766.963881
pattern_9,A1850809_200_CS_1,6204828,4204828,EX004,EX5600FS,DT033,CAT 793,A-185-08-09,57.88,209.33,77.97322,77.97322,257.102663,43.214744,74.944537,0,363658.86,6591701.92,199.44,LEFT,209.3,439,25/10/2025,18:08:22,18:15:41,2327.511789,EX5600,225,29.0,8.0,34,257.102663,77.97322,60.970162,74.944537,43.214744,2931.042745,8265.540541
pattern_9,A1850809_200_CS_1,6204829,4204829,EX004,EX5600FS,DT022,CAT 793,A-185-08-09,50.64,201.9,89.4963,89.4963,254.445032,44.510664,67.12,0,363660.43,6591699.83,199.4,LEFT,201.9,386,25/10/2025,18:15:41,18:22:07,2221.959826,EX5600,225,29.0,8.0,34,254.445032,89.4963,53.318068,67.12,44.510664,2856.636281,7868.842579
pattern_9,A1850809_200_CS_1,6204830,4204830,EX004,EX5600FS,DT085,HIT EH5000,A-185-08-09,37.61,190.06,107.588765,107.588765,284.907273,45.723896,74.134984,0,363661.69,6591701.06,198.89,STRAIGHT,190.1,428,25/10/2025,18:22:07,18:29:15,1927.337386,EX5600,250,29.0,8.0,34,284.907273,107.588765,57.459629,74.134984,45.723896,2401.477822,6772.167459
pattern_9,A1850809_200_CS_1,6204831,4204831,EX004,EX5600FS,DT072,HIT EH5000,A-185-08-09,38.48,187.07,95.883576,95.883576,269.223091,37.950412,79.398311,0,363655.1,6591700.08,198.53,LEFT,187.1,372,25/10/2025,18:29:15,18:35:27,2067.374598,EX5600,250,29.0,8.0,34,269.223091,95.883576,55.990792,79.398311,37.950412,2501.4336,6939.063427
pattern_9,A1850809_200_CS_1,6204832,4204832,EX004,EX5600FS,DT034,CAT 793,A-185-08-09,50.84,192.83,92.966695,92.966695,256.92249,42.566855,72.447385,0,363657.55,6591697.95,199.69,STRAIGHT,192.8,341,25/10/2025,18:35:27,18:41:08,2065.34546,EX5600,225,29.0,8.0,34,256.92249,92.966695,48.941555,72.447385,42.566855,2701.866896,7316.518492
pattern_9,A1850809_200_CS_1,6204833,4204833,EX004,EX5600FS,DT012,CAT 793,A-185-08-09,64.76,194.27,72.173636,72.173636,236.820914,38.979992,74.102311,0,363655.39,6591701.57,199.08,RIGHT,194.3,455,25/10/2025,18:41:08,18:48:43,2417.367377,EX5600,225,29.0,8.0,34,236.820914,72.173636,51.564974,74.102311,38.979992,2953.164438,7953.140178
pattern_9,A1850809_200_CS_1,6204834,4204834,EX004,EX5600FS,DT053,HIT EH5000,A-185-08-09,46.57,194.82,96.260542,96.260542,265.816849,37.980879,72.106932,0,363657.65,6591701.37,198.25,STRAIGHT,194.8,388,25/10/2025,18:48:43,18:55:11,1896.678144,EX5600,250,29.0,8.0,34,265.816849,96.260542,59.468496,72.106932,37.980879,2638.48049,7141.964646
pattern_9,A1850809_200_CS_1,6204835,4204835,EX004,EX5600FS,DT048,HIT EH5000,A-185-08-09,51.35,196.21,93.938991,93.938991,263.887136,40.472222,70.409059,0,363659.11,6591702.41,198.54,RIGHT,196.2,436,25/10/2025,18:55:11,19:02:27,2198.41882,EX5600,250,29.0,8.0,34,263.887136,93.938991,59.066864,70.409059,40.472222,2676.668429,7356.625531
pattern_9,A1850809_200_CS_1,6204836,4204836,EX004,EX5600FS,DT087,HIT EH5000,A-185-08-09,48.46,197.73,97.17852,97.17852,270.922264,43.507753,74.201913,0,363659.14,6591699.23,199.7,RIGHT,197.7,403,25/10/2025,19:02:27,19:09:10,1961.72319,EX5600,250,29.0,8.0,34,270.922264,97.17852,56.034079,74.201913,43.507753,2627.474726,7409.478728
pattern_9,A1850809_200_CS_1,6204837,4204837,EX004,EX5600FS,DT064,HIT EH5000,A-185-08-09,62.2,201.71,85.55618,85.55618,252.648233,40.808943,76.627213,0,363655.72,6591702.91,198.98,RIGHT,201.7,432,25/10/2025,19:09:10,19:16:22,2206.703042,EX5600,250,29.0,8.0,34,252.648233,85.55618,49.655897,76.627213,40.808943,2874.114345,7888.944158
pattern_9,A1850809_200_CS_4,6204838,4204838,EX004,EX5600FS,DT011,CAT 793,A-185-08-09,45.24,184.55,129.239533,129.239533,314.865905,38.405824,81.507386,0,363646.54,6591738.68,198.58,RIGHT,184.6,440,25/10/2025,19:16:22,19:23:42,1741.74903,EX5600,225,29.0,8.0,34,314.865905,129.239533,65.713163,81.507386,38.405824,2110.085651,4883.427251
pattern_9,A1850809_200_CS_4,6204839,4204839,EX004,EX5600FS,DT036,CAT 793,A-185-08-09,41.51,178.44,145.545524,145.545524,306.286941,41.507603,69.027046,0,363645.19,6591747.81,198.57,STRAIGHT,178.4,436,25/10/2025,19:23:42,19:30:58,1586.670377,EX5600,225,29.0,8.0,34,306.286941,145.545524,50.206768,69.027046,41.507603,2097.350652,4571.197438
pattern_9,A1850809_200_CS_4,6204840,4204840,EX004,EX5600FS,DT041,CAT 793,A-185-08-09,47.39,178.6,154.471155,154.471155,335.804177,34.060995,89.929037,0,363646.25,6591741.96,199.29,RIGHT,178.6,435,25/10/2025,19:30:58,19:38:13,1399.277945,EX5600,225,29.0,8.0,34,335.804177,154.471155,57.342989,89.929037,34.060995,1914.664378,4697.822293
pattern_9,A1850809_200_CS_4,6204841,4204841,EX004,EX5600FS,DT001,CAT 793,A-185-08-09,41.26,168.15,140.509507,140.509507,306.586121,32.749619,74.334135,0,363646.86,6591745.64,199.0,LEFT,168.1,475,25/10/2025,19:38:13,19:46:08,1554.915545,EX5600,225,29.0,8.0,34,306.586121,140.509507,58.99286,74.334135,32.749619,1974.442582,4584.015701
pattern_9,A1850809_200_CS_4,6204842,4204842,EX004,EX5600FS,DT089,HIT EH5000,A-185-08-09,35.75,156.88,139.291156,139.291156,309.356509,45.837817,76.634777,0,363645.36,6591743.98,198.58,RIGHT,156.9,507,25/10/2025,19:46:08,19:54:35,1303.521731,EX5600,250,29.0,8.0,34,309.356509,139.291156,47.592758,76.634777,45.837817,1825.611129,4254.611237
pattern_9,A1850809_200_CS_4,6204843,4204843,EX004,EX5600FS,DT085,HIT EH5000,A-185-08-09,39.49,172.69,126.878932,126.878932,300.077808,43.343544,74.482201,0,363646.38,6591741.4,199.39,STRAIGHT,172.7,499,25/10/2025,19:54:35,20:02:54,1466.511502,EX5600,250,29.0,8.0,34,300.077808,126.878932,55.373131,74.482201,43.343544,2071.780343,4666.565458
pattern_9,A1850809_200_CS_4,6204844,4204844,EX004,EX5600FS,DT078,HIT EH5000,A-185-08-09,52.4,187.82,136.808672,136.808672,322.625231,38.727049,84.663349,0,363647.59,6591744.26,199.29,STRAIGHT,187.8,457,25/10/2025,20:02:54,20:10:31,1626.12684,EX5600,250,29.0,8.0,34,322.625231,136.808672,62.426161,84.663349,38.727049,2095.777255,4806.764337
pattern_9,A1850809_200_CS_4,6204845,4204845,EX004,EX5600FS,DT032,CAT 793,A-185-08-09,36.06,187.92,150.75932,150.75932,322.114584,44.594518,79.271488,0,363648.5,6591740.29,199.16,RIGHT,187.9,534,25/10/2025,20:10:31,20:19:25,1603.896185,EX5600,225,29.0,8.0,34,322.114584,150.75932,47.489258,79.271488,44.594518,2100.272592,4686.855631
pattern_9,A1850809_200_CS_4,6204846,4204846,EX004,EX5600FS,DT055,HIT EH5000,A-185-08-09,37.04,178.85,132.959666,132.959666,313.360626,47.54527,77.164243,0,363646.41,6591740.16,198.83,STRAIGHT,178.8,461,25/10/2025,20:19:25,20:27:06,1608.920702,EX5600,250,29.0,8.0,34,313.360626,132.959666,55.691448,77.164243,47.54527,2054.684091,4675.474554
pattern_9,A1850809_200_CS_4,6204847,4204847,EX004,EX5600FS,DT007,CAT 793,A-185-08-09,48.23,186.81,132.685751,132.685751,312.125516,47.545469,73.487352,0,363645.47,6591744.34,198.87,STRAIGHT,186.8,539,25/10/2025,20:27:06,20:36:05,1644.628461,EX5600,225,29.0,8.0,34,312.125516,132.685751,58.406943,73.487352,47.545469,2154.671,5020.461918
pattern_9,A1850809_200_CS_4,6204848,4204848,EX004,EX5600FS,DT019,CAT 793,A-185-08-09,45.24,183.88,141.46457,141.46457,310.597898,41.55873,77.699671,0,363643.08,6591742.45,199.74,STRAIGHT,183.9,423,25/10/2025,20:36:05,20:43:08,1621.172628,EX5600,225,29.0,8.0,34,310.597898,141.46457,49.874927,77.699671,41.55873,2131.263785,4830.806462
pattern_9,A1850809_200_CS_4,6204849,4204849,EX004,EX5600FS,DT073,HIT EH5000,A-185-08-09,38.59,171.43,143.913173,143.913173,314.274576,40.193498,72.712466,0,363649.96,6591745.82,198.71,RIGHT,171.4,497,25/10/2025,20:43:08,20:51:25,1487.411591,EX5600,250,29.0,8.0,34,314.274576,143.913173,57.45544,72.712466,40.193498,1963.677249,4521.55967
pattern_9,A1850809_200_CS_4,6204850,4204850,EX004,EX5600FS,DT038,CAT 793,A-185-08-09,43.87,177.09,114.646311,114.646311,284.312884,37.641863,79.818872,0,363648.87,6591743.22,199.51,STRAIGHT,177.1,512,25/10/2025,20:51:25,20:59:57,1746.225772,EX5600,225,29.0,8.0,34,284.312884,114.646311,52.205839,79.818872,37.641863,2242.334483,5123.797826
pattern_9,A1850809_200_CS_3,6204851,4204851,EX004,EX5600FS,DT079,HIT EH5000,A-185-08-09,46.62,201.43,105.965008,105.965008,281.835796,39.540604,75.274475,0,363646.52,6591732.62,198.79,STRAIGHT,201.4,392,25/10/2025,20:59:57,21:06:29,1941.849777,EX5600,250,29.0,8.0,34,281.835796,105.965008,61.055709,75.274475,39.540604,2572.908236,6446.757118
pattern_9,A1850809_200_CS_3,6204852,4204852,EX004,EX5600FS,DT038,CAT 793,A-185-08-09,40.54,202.94,101.088515,101.088515,260.51726,36.430761,70.364743,0,363651.88,6591732.51,198.96,RIGHT,202.9,425,25/10/2025,21:06:29,21:13:34,2205.487679,EX5600,225,29.0,8.0,34,260.51726,101.088515,52.63324,70.364743,36.430761,2804.417447,7028.376869
pattern_9,A1850809_200_CS_3,6204853,4204853,EX004,EX5600FS,DT021,CAT 793,A-185-08-09,37.41,188.06,99.383544,99.383544,274.695778,35.84989,78.300972,0,363648.9,6591733.89,198.75,RIGHT,188.1,443,25/10/2025,21:13:34,21:20:57,1846.182946,EX5600,225,29.0,8.0,34,274.695778,99.383544,61.161373,78.300972,35.84989,2464.652201,6118.065172
pattern_9,A1850809_200_CS_3,6204854,4204854,EX004,EX5600FS,DT020,CAT 793,A-185-08-09,46.12,190.5,99.040379,99.040379,276.732596,47.921422,67.138972,0,363648.01,6591731.7,198.48,STRAIGHT,190.5,453,25/10/2025,21:20:57,21:28:30,1912.494139,EX5600,225,29.0,8.0,34,276.732596,99.040379,62.631823,67.138972,47.921422,2478.262585,6207.644668
pattern_9,A1850809_200_CS_3,6204855,4204855,EX004,EX5600FS,DT003,CAT 793,A-185-08-09,38.98,173.63,111.097796,111.097796,278.440596,42.506764,66.147661,0,363649.62,6591734.25,198.04,STRAIGHT,173.6,503,25/10/2025,21:28:30,21:36:53,1712.103031,EX5600,225,29.0,8.0,34,278.440596,111.097796,58.688375,66.147661,42.506764,2244.951192,5594.905354
pattern_9,A1850809_200_CS_3,6204856,4204856,EX004,EX5600FS,DT085,HIT EH5000,A-185-08-09,45.1,181.05,110.008335,110.008335,281.024212,46.771945,77.009556,0,363646.14,6591734.27,198.48,RIGHT,181.0,494,25/10/2025,21:36:53,21:45:07,1864.555523,EX5600,250,29.0,8.0,34,281.024212,110.008335,47.234376,77.009556,46.771945,2319.258378,6038.930863
pattern_9,A1850809_200_CS_3,6204857,4204857,EX004,EX5600FS,DT053,HIT EH5000,A-185-08-09,46.92,184.53,100.163254,100.163254,269.938724,43.156007,68.847289,0,363647.33,6591733.38,199.55,LEFT,184.5,481,25/10/2025,21:45:07,21:53:08,1861.647425,EX5600,250,29.0,8.0,34,269.938724,100.163254,57.772174,68.847289,43.156007,2460.971437,6157.725097
pattern_9,A1850809_200_CS_3,6204858,4204858,EX004,EX5600FS,DT017,CAT 793,A-185-08-09,57.95,182.71,96.783087,96.783087,271.555965,38.310946,77.648409,0,363647.81,6591734.5,199.77,STRAIGHT,182.7,402,25/10/2025,21:53:08,21:59:50,1944.222669,EX5600,225,29.0,8.0,34,271.555965,96.783087,58.813523,77.648409,38.310946,2422.230041,6170.718908
pattern_9,A1850809_200_CS_3,6204859,4204859,EX004,EX5600FS,DT038,CAT 793,A-185-08-09,41.39,172.02,100.550431,100.550431,265.702128,42.700366,73.865964,0,363648.4,6591736.36,198.85,RIGHT,172.0,414,25/10/2025,21:59:50,22:06:44,1893.035308,EX5600,225,29.0,8.0,34,265.702128,100.550431,48.585368,73.865964,42.700366,2330.7369,5909.676649
pattern_9,A1850809_200_CS_3,6204860,4204860,EX004,EX5600FS,DT055,HIT EH5000,A-185-08-09,36.29,186.6,101.583332,101.583332,266.643343,28.89429,80.236957,0,363648.3,6591736.23,198.8,RIGHT,186.6,425,25/10/2025,22:06:44,22:13:49,1925.557828,EX5600,250,29.0,8.0,34,266.643343,101.583332,55.928765,80.236957,28.89429,2519.283708,6184.821093
pattern_9,A1850809_200_CS_3,6204861,4204861,EX004,EX5600FS,DT076,HIT EH5000,A-185-08-09,49.41,163.91,105.430122,105.430122,271.428343,37.636017,74.467882,0,363650.19,6591732.9,199.08,STRAIGHT,163.9,410,25/10/2025,22:13:49,22:20:39,1617.012473,EX5600,250,29.0,8.0,34,271.428343,105.430122,53.894323,74.467882,37.636017,2173.937555,5655.426582
pattern_9,A1850809_200_CS_3,6204862,4204862,EX004,EX5600FS,DT033,CAT 793,A-185-08-09,39.49,182.15,105.364769,105.364769,284.602823,40.642004,75.431073,0,363644.24,6591735.69,199.37,RIGHT,182.2,488,25/10/2025,22:20:39,22:28:47,1724.437613,EX5600,225,29.0,8.0,34,284.602823,105.364769,63.164976,75.431073,40.642004,2304.100227,5771.912867
pattern_9,A1850809_200_CS_3,6204863,4204863,EX004,EX5600FS,DT027,CAT 793,A-185-08-09,41.69,176.07,121.080098,121.080098,287.145401,38.316093,74.683691,0,363651.24,6591732.32,199.29,LEFT,176.1,435,25/10/2025,22:28:47,22:36:02,1647.814485,EX5600,225,29.0,8.0,34,287.145401,121.080098,53.065519,74.683691,38.316093,2207.454682,5553.93559
pattern_9,A1850809_200_CS_3,6204864,4204864,EX004,EX5600FS,DT049,HIT EH5000,A-185-08-09,46.68,208.22,114.844072,114.844072,290.215787,36.406956,81.57151,0,363647.51,6591725.5,199.57,LEFT,208.2,409,25/10/2025,22:36:02,22:42:51,1904.092967,EX5600,250,29.0,8.0,34,290.215787,114.844072,57.393249,81.57151,36.406956,2582.850983,6552.351336
pattern_9,A1850809_200_CS_3,6204865,4204865,EX004,EX5600FS,DT082,HIT EH5000,A-185-08-09,44.26,174.76,111.424171,111.424171,285.005083,43.889549,71.744947,0,363650.06,6591728.66,198.69,RIGHT,174.8,490,25/10/2025,22:42:51,22:51:01,1783.518142,EX5600,250,29.0,8.0,34,285.005083,111.424171,57.946416,71.744947,43.889549,2207.50723,5693.476155
pattern_9,A1850809_200_CS_3,6204866,4204866,EX004,EX5600FS,DT003,CAT 793,A-185-08-09,37.47,188.14,103.438282,103.438282,276.938334,40.875729,69.270214,0,363649.58,6591727.1,199.83,STRAIGHT,188.1,464,25/10/2025,22:51:01,22:58:45,1993.764017,EX5600,225,29.0,8.0,34,276.938334,103.438282,63.35411,69.270214,40.875729,2445.639806,6277.95506
pattern_9,A1850809_200_CS_3,6204867,4204867,EX004,EX5600FS,DT029,CAT 793,A-185-08-09,43.93,183.78,107.302904,107.302904,277.086575,39.050618,76.497527,0,363646.46,6591724.56,198.57,RIGHT,183.8,516,25/10/2025,22:58:45,23:07:21,1823.756466,EX5600,225,29.0,8.0,34,277.086575,107.302904,54.235526,76.497527,39.050618,2387.713532,6104.27426
pattern_9,A1850809_200_CS_3,6204868,4204868,EX004,EX5600FS,DT015,CAT 793,A-185-08-09,39.4,195.16,114.38079,114.38079,290.492147,43.559594,79.955065,0,363650.72,6591728.26,199.27,LEFT,195.2,510,25/10/2025,23:07:21,23:15:51,1922.34926,EX5600,225,29.0,8.0,34,290.492147,114.38079,52.596698,79.955065,43.559594,2418.519943,6520.070793
pattern_9,A1850809_200_CS_3,6204869,4204869,EX004,EX5600FS,DT064,HIT EH5000,A-185-08-09,44.66,194.56,101.83204,101.83204,256.924852,28.690571,83.444909,0,363648.41,6591730.13,198.61,STRAIGHT,194.6,379,25/10/2025,23:15:51,23:22:10,2270.341803,EX5600,250,29.0,8.0,34,256.924852,101.83204,42.957331,83.444909,28.690571,2726.120771,7083.774471
pattern_9,A1850809_200_CS_3,6204870,4204870,EX004,EX5600FS,DT069,HIT EH5000,A-185-08-09,45.99,191.28,89.174314,89.174314,265.845995,42.75525,81.02971,0,363646.59,6591725.51,199.91,LEFT,191.3,428,25/10/2025,23:22:10,23:29:18,1860.610537,EX5600,250,29.0,8.0,34,265.845995,89.174314,52.88672,81.02971,42.75525,2590.22426,6989.740867
pattern_9,A1850809_200_CS_3,6204871,4204871,EX004,EX5600FS,DT031,CAT 793,A-185-08-09,39.39,195.78,105.151036,105.151036,285.828349,44.909492,81.608933,0,363650.44,6591727.25,198.54,STRAIGHT,195.8,436,25/10/2025,23:29:18,23:36:34,1817.5534,EX5600,225,29.0,8.0,34,285.828349,105.151036,54.158888,81.608933,44.909492,2465.845448,6507.541235
pattern_9,A1850809_200_CS_3,6204872,4204872,EX004,EX5600FS,DT070,HIT EH5000,A-185-08-09,43.81,192.21,102.535602,102.535602,270.281136,33.419665,79.106686,0,363650.76,6591730.03,199.76,LEFT,192.2,404,25/10/2025,23:36:34,23:43:18,2144.317926,EX5600,250,29.0,8.0,34,270.281136,102.535602,55.219182,79.106686,33.419665,2560.187737,6453.561416
pattern_9,A1850809_200_CS_3,6204873,4204873,EX004,EX5600FS,DT008,CAT 793,A-185-08-09,57.02,225.95,116.280006,116.280006,298.754506,39.763865,85.997112,0,363650.4,6591730.42,199.22,STRAIGHT,225.9,429,25/10/2025,23:43:18,23:50:27,2363.403253,EX5600,225,29.0,8.0,34,298.754506,116.280006,56.713524,85.997112,39.763865,2722.658369,6953.134409
pattern_9,A1850809_200_CS_3,6204874,4204874,EX004,EX5600FS,DT019,CAT 793,A-185-08-09,46.06,210.72,103.516751,103.516751,269.223538,35.911108,68.471966,0,363646.27,6591726.61,198.63,LEFT,210.7,408,25/10/2025,23:50:27,23:57:15,2232.349732,EX5600,225,29.0,8.0,34,269.223538,103.516751,61.323713,68.471966,35.911108,2817.666724,6986.446528
pattern_9,A1850809_200_CS_3,6204875,4204875,EX004,EX5600FS,DT063,HIT EH5000,A-185-08-09,42.04,197.21,110.303862,110.303862,287.741515,41.04452,81.0383,0,363654.37,6591725.32,198.64,RIGHT,197.2,384,25/10/2025,23:57:15,00:03:39,1909.596176,EX5600,250,29.0,8.0,34,287.741515,110.303862,55.354833,81.0383,41.04452,2467.398389,6259.909417
pattern_9,A1850809_200_CS_2,6204876,4204876,EX004,EX5600FS,DT027,CAT 793,A-185-08-09,51.19,208.22,104.648765,104.648765,279.488408,41.602636,74.306311,0,363647.11,6591721.02,199.35,STRAIGHT,208.2,344,26/10/2025,00:03:39,00:09:23,2151.623504,EX5600,225,29.0,8.0,34,279.488408,104.648765,58.930697,74.306311,41.602636,2681.977055,7162.604171
pattern_9,A1850809_200_CS_2,6204877,4204877,EX004,EX5600FS,DT042,CAT 793,A-185-08-09,55.66,187.8,92.902862,92.902862,258.395981,38.017884,74.144735,0,363648.38,6591722.45,198.43,LEFT,187.8,465,26/10/2025,00:09:23,00:17:08,2116.882875,EX5600,225,29.0,8.0,34,258.395981,92.902862,53.3305,74.144735,38.017884,2616.45769,6725.637567
pattern_9,A1850809_200_CS_2,6204878,4204878,EX004,EX5600FS,DT034,CAT 793,A-185-08-09,44.44,184.69,95.291043,95.291043,271.257236,37.042108,86.973184,0,363648.58,6591719.33,198.71,RIGHT,184.7,403,26/10/2025,00:17:08,00:23:51,1948.101343,EX5600,225,29.0,8.0,34,271.257236,95.291043,51.950901,86.973184,37.042108,2451.183691,6386.747866
pattern_9,A1850809_200_CS_2,6204879,4204879,EX004,EX5600FS,DT033,CAT 793,A-185-08-09,58.99,196.07,99.477477,99.477477,269.682968,42.500516,71.317961,0,363651.72,6591716.84,198.7,RIGHT,196.1,372,26/10/2025,00:23:51,00:30:03,2098.313434,EX5600,225,29.0,8.0,34,269.682968,99.477477,56.387014,71.317961,42.500516,2617.28246,6861.486132
pattern_9,A1850809_200_CS_2,6204880,4204880,EX004,EX5600FS,DT056,HIT EH5000,A-185-08-09,43.28,195.36,102.965776,102.965776,275.272851,46.735457,73.402071,0,363648.88,6591722.83,199.78,LEFT,195.4,355,26/10/2025,00:30:03,00:35:58,2057.290702,EX5600,250,29.0,8.0,34,275.272851,102.965776,52.169548,73.402071,46.735457,2554.889125,6562.318058
pattern_9,A1850809_200_CS_2,6204881,4204881,EX004,EX5600FS,DT010,CAT 793,A-185-08-09,47.48,204.4,108.467764,108.467764,283.58029,38.173741,75.412051,0,363650.17,6591718.42,199.31,LEFT,204.4,500,26/10/2025,00:35:58,00:44:18,2170.364217,EX5600,225,29.0,8.0,34,283.58029,108.467764,61.526734,75.412051,38.173741,2594.767011,6491.165215
pattern_9,A1850809_200_CS_2,6204882,4204882,EX004,EX5600FS,DT024,CAT 793,A-185-08-09,41.9,191.25,98.449929,98.449929,258.924136,32.933619,71.870738,0,363649.66,6591719.82,199.02,RIGHT,191.2,487,26/10/2025,00:44:18,00:52:25,2200.947243,EX5600,225,29.0,8.0,34,258.924136,98.449929,55.669849,71.870738,32.933619,2659.048474,6827.165276
pattern_9,A1850809_200_CS_2,6204883,4204883,EX004,EX5600FS,DT042,CAT 793,A-185-08-09,43.35,174.96,83.396913,83.396913,244.53422,45.627294,69.916595,0,363651.16,6591719.47,198.24,RIGHT,175.0,730,26/10/2025,00:52:25,01:04:35,2082.854729,EX5600,225,29.0,8.0,34,244.53422,83.396913,45.593418,69.916595,45.627294,2575.713318,6559.130688
pattern_9,A1850809_200_CS_2,6204884,4204884,EX004,EX5600FS,DT080,HIT EH5000,A-185-08-09,33.66,186.63,90.034679,90.034679,255.174757,38.045789,69.684621,0,363649.28,6591717.44,198.75,RIGHT,186.6,392,26/10/2025,01:04:35,01:11:07,1987.094928,EX5600,250,29.0,8.0,34,255.174757,90.034679,57.409669,69.684621,38.045789,2632.928431,6795.579785
pattern_9,A1850809_200_CS_2,6204885,4204885,EX004,EX5600FS,DT061,HIT EH5000,A-185-08-09,35.48,190.26,103.805669,103.805669,259.833584,38.372851,73.503391,0,363651.51,6591721.68,199.13,RIGHT,190.3,409,26/10/2025,01:11:07,01:17:56,2134.953484,EX5600,250,29.0,8.0,34,259.833584,103.805669,44.151672,73.503391,38.372851,2636.07698,6536.844855
pattern_9,A1850809_200_CS_2,6204886,4204886,EX004,EX5600FS,DT049,HIT EH5000,A-185-08-09,46.52,181.86,115.462206,115.462206,276.491598,39.082752,63.952227,0,363648.47,6591721.77,199.56,LEFT,181.9,430,26/10/2025,01:17:56,01:25:06,1911.800901,EX5600,250,29.0,8.0,34,276.491598,115.462206,57.994413,63.952227,39.082752,2367.822252,6279.328667
pattern_9,A1850809_200_CS_2,6204887,4204887,EX004,EX5600FS,DT088,HIT EH5000,A-185-08-09,58.51,201.44,115.152787,115.152787,271.559892,36.296831,70.618682,0,363650.14,6591718.1,199.46,STRAIGHT,201.4,382,26/10/2025,01:25:06,01:31:28,2015.717407,EX5600,250,29.0,8.0,34,271.559892,115.152787,49.491591,70.618682,36.296831,2670.461042,7063.86085
pattern_9,A1850809_200_CS_1,6204888,4204888,EX004,EX5600FS,DT073,HIT EH5000,A-185-08-09,39.1,192.62,101.200085,101.200085,275.354134,46.478601,72.383075,0,363651.82,6591712.83,199.45,STRAIGHT,192.6,489,26/10/2025,01:31:28,01:39:37,1990.627006,EX5600,250,29.0,8.0,34,275.354134,101.200085,55.292373,72.383075,46.478601,2518.304473,6733.654415
pattern_9,A1850809_200_CS_1,6204889,4204889,EX004,EX5600FS,DT031,CAT 793,A-185-08-09,35.74,186.58,87.988484,87.988484,268.969502,52.653657,73.372155,0,363650.86,6591707.4,199.29,STRAIGHT,186.6,425,26/10/2025,01:39:37,01:46:42,2066.035766,EX5600,225,29.0,8.0,34,268.969502,87.988484,54.955207,73.372155,52.653657,2497.300295,6671.100987
pattern_9,A1850809_200_CS_1,6204890,4204890,EX004,EX5600FS,DT088,HIT EH5000,A-185-08-09,63.73,191.19,90.816105,90.816105,255.028886,32.497466,80.000478,0,363649.76,6591710.52,199.41,LEFT,191.2,380,26/10/2025,01:46:42,01:53:02,2105.132519,EX5600,250,29.0,8.0,34,255.028886,90.816105,51.714836,80.000478,32.497466,2698.908716,7473.377316
pattern_9,A1850809_200_CS_1,6204891,4204891,EX004,EX5600FS,DT045,CAT 793,A-185-08-09,46.34,204.63,85.797216,85.797216,253.6746,43.860351,72.930303,0,363655.0,6591710.01,199.41,LEFT,204.6,393,26/10/2025,01:53:02,01:59:35,2297.886482,EX5600,225,29.0,8.0,34,253.6746,85.797216,51.08673,72.930303,43.860351,2903.983348,7963.881312
pattern_9,A1850809_200_CS_1,6204892,4204892,EX004,EX5600FS,DT012,CAT 793,A-185-08-09,43.79,194.5,85.087435,85.087435,250.172972,42.039089,79.459359,0,363648.13,6591711.22,199.63,RIGHT,194.5,451,26/10/2025,01:59:35,02:07:06,2123.074374,EX5600,225,29.0,8.0,34,250.172972,85.087435,43.587089,79.459359,42.039089,2798.890123,7626.399062
pattern_9,A1850809_200_CS_1,6204893,4204893,EX004,EX5600FS,DT061,HIT EH5000,A-185-08-09,42.47,188.29,72.344716,72.344716,243.260477,35.384266,76.983032,0,363649.85,6591711.19,199.32,RIGHT,188.3,373,26/10/2025,02:07:06,02:13:19,2086.77825,EX5600,250,29.0,8.0,34,243.260477,72.344716,58.548463,76.983032,35.384266,2786.545325,7369.392958
pattern_9,A1850809_200_CS_1,6204894,4204894,EX004,EX5600FS,DT034,CAT 793,A-185-08-09,57.96,199.82,87.332347,87.332347,248.05379,35.030781,72.560872,0,363647.94,6591711.62,198.51,RIGHT,199.8,561,26/10/2025,02:13:19,02:22:40,2351.351518,EX5600,225,29.0,8.0,34,248.05379,87.332347,53.129791,72.560872,35.030781,2900.048214,7852.707863
pattern_9,A1850809_200_CS_1,6204895,4204895,EX004,EX5600FS,DT022,CAT 793,A-185-08-09,64.21,192.64,97.056958,97.056958,266.375564,44.023882,72.301489,0,363648.21,6591713.74,199.09,RIGHT,192.6,488,26/10/2025,02:22:40,02:30:48,1894.188137,EX5600,225,29.0,8.0,34,266.375564,97.056958,52.993235,72.301489,44.023882,2603.508559,7293.082225
pattern_9,A1850809_200_CS_1,6204896,4204896,EX004,EX5600FS,DT034,CAT 793,A-185-08-09,59.8,186.27,96.342574,96.342574,266.152221,36.856776,78.16137,0,363650.38,6591708.3,199.27,STRAIGHT,186.3,413,26/10/2025,02:30:48,02:37:41,1961.076253,EX5600,225,29.0,8.0,34,266.152221,96.342574,54.791502,78.16137,36.856776,2519.48291,6850.240624
pattern_9,A1850809_200_CS_1,6204897,4204897,EX004,EX5600FS,DT017,CAT 793,A-185-08-09,43.7,195.02,93.469827,93.469827,265.265123,42.288483,78.456782,0,363650.26,6591711.71,199.67,STRAIGHT,195.0,503,26/10/2025,02:37:41,02:46:04,2359.419419,EX5600,225,29.0,8.0,34,265.265123,93.469827,51.05003,78.456782,42.288483,2646.711518,7047.234209
pattern_9,A1850809_200_CS_1,6204898,4204898,EX004,EX5600FS,DT007,CAT 793,A-185-08-09,52.31,187.15,98.895131,98.895131,266.847715,34.647003,81.907542,0,363647.55,6591710.52,199.25,LEFT,187.1,462,26/10/2025,02:46:04,02:53:46,2015.084128,EX5600,225,29.0,8.0,34,266.847715,98.895131,51.398038,81.907542,34.647003,2524.797871,6941.653224
pattern_9,A1850809_200_CS_1,6204899,4204899,EX004,EX5600FS,DT028,CAT 793,A-185-08-09,38.71,168.1,90.095947,90.095947,254.870441,38.502711,70.000652,0,363649.84,6591709.78,198.67,STRAIGHT,168.1,441,26/10/2025,02:53:46,03:01:07,1992.32525,EX5600,225,29.0,8.0,34,254.870441,90.095947,56.27113,70.000652,38.502711,2374.352359,6351.469377
pattern_9,A1850809_200_CS_1,6204900,4204900,EX004,EX5600FS,DT051,HIT EH5000,A-185-08-09,66.39,208.63,79.444358,79.444358,256.676485,42.402252,78.669608,0,363650.3,6591705.23,198.68,LEFT,208.6,436,26/10/2025,03:01:07,03:08:23,2240.409366,EX5600,250,29.0,8.0,34,256.676485,79.444358,56.160267,78.669608,42.402252,2926.073516,8187.434935
pattern_9,A1850809_200_CS_1,6204901,4204901,EX004,EX5600FS,DT008,CAT 793,A-185-08-09,37.38,192.08,78.419562,78.419562,239.007878,40.476443,69.320258,0,363653.15,6591700.94,198.89,RIGHT,192.1,393,26/10/2025,03:08:23,03:14:56,2248.079519,EX5600,225,29.0,8.0,34,239.007878,78.419562,50.791615,69.320258,40.476443,2893.209957,7807.781829
pattern_9,A1850809_200_CS_1,6204902,4204902,EX004,EX5600FS,DT034,CAT 793,A-185-08-09,34.77,200.98,96.178583,96.178583,254.874099,36.88149,77.021851,0,363651.74,6591702.31,198.01,STRAIGHT,201.0,397,26/10/2025,03:14:56,03:21:33,2171.999356,EX5600,225,29.0,8.0,34,254.874099,96.178583,44.792175,77.021851,36.88149,2838.769544,7792.441885
pattern_9,A1850809_200_CS_1,6204903,4204903,EX004,EX5600FS,DT032,CAT 793,A-185-08-09,49.84,209.59,84.57359,84.57359,251.380415,43.418363,71.446818,0,363646.99,6591705.06,199.46,LEFT,209.6,405,26/10/2025,03:21:33,03:28:18,2464.36267,EX5600,225,29.0,8.0,34,251.380415,84.57359,51.941645,71.446818,43.418363,3001.483188,8190.503511
pattern_9,A1850809_200_CS_1,6204904,4204904,EX004,EX5600FS,DT017,CAT 793,A-185-08-09,47.05,202.38,86.966002,86.966002,242.000556,30.094289,74.010109,0,363648.65,6591703.31,198.88,RIGHT,202.4,365,26/10/2025,03:28:18,03:34:23,2449.423692,EX5600,225,29.0,8.0,34,242.000556,86.966002,50.930156,74.010109,30.094289,3010.536198,8489.712079
pattern_9,A1850809_200_CS_1,6204905,4204905,EX004,EX5600FS,DT016,CAT 793,A-185-08-09,72.35,218.31,81.174519,81.174519,244.870548,33.698811,69.808425,0,363654.55,6591702.6,198.51,LEFT,218.3,397,26/10/2025,03:34:23,03:41:00,2626.442889,EX5600,225,29.0,8.0,34,244.870548,81.174519,60.188794,69.808425,33.698811,3209.58603,8891.016004
pattern_9,A1850809_200_CS_1,6204906,4204906,EX004,EX5600FS,DT039,CAT 793,A-185-08-09,35.42,200.69,91.51475,91.51475,235.148505,37.800643,64.11315,0,363654.15,6591704.14,199.1,LEFT,200.7,423,26/10/2025,03:41:00,03:48:03,2351.699567,EX5600,225,29.0,8.0,34,235.148505,91.51475,41.719961,64.11315,37.800643,3072.503677,8533.066524
pattern_9,A1850809_200_CS_1,6204907,4204907,EX004,EX5600FS,DT030,CAT 793,A-185-08-09,60.91,194.73,80.250232,80.250232,250.974674,39.717464,74.437648,0,363647.55,6591701.66,199.82,STRAIGHT,194.7,453,26/10/2025,03:48:03,03:55:36,2198.088967,EX5600,225,29.0,8.0,34,250.974674,80.250232,56.569331,74.437648,39.717464,2793.270708,7593.134294
pattern_9,A1850809_200_CS_1,6204908,4204908,EX004,EX5600FS,DT003,CAT 793,A-185-08-09,55.08,209.96,82.959275,82.959275,235.059794,34.603989,66.768681,0,363647.93,6591701.69,199.02,RIGHT,210.0,410,26/10/2025,03:55:36,04:02:26,2563.236423,EX5600,225,29.0,8.0,34,235.059794,82.959275,50.727849,66.768681,34.603989,3215.534596,9067.80756
pattern_9,A1850809_200_CS_1,6204909,4204909,EX004,EX5600FS,DT015,CAT 793,A-185-08-09,59.25,199.71,81.738145,81.738145,257.405391,40.026971,72.198717,0,363648.88,6591699.06,198.91,RIGHT,199.7,447,26/10/2025,04:02:26,04:09:53,2042.417614,EX5600,225,29.0,8.0,34,257.405391,81.738145,63.441558,72.198717,40.026971,2793.15497,7497.357971
pattern_9,A1850809_200_CS_1,6204910,4204910,EX004,EX5600FS,DT057,HIT EH5000,A-185-08-09,51.42,193.2,85.603225,85.603225,236.14896,33.609184,68.033701,0,363647.08,6591705.8,198.81,LEFT,193.2,344,26/10/2025,04:09:53,04:15:37,2340.394267,EX5600,250,29.0,8.0,34,236.14896,85.603225,48.90285,68.033701,33.609184,2945.24946,8154.956427
