Date,Time,Date Time,Pre_Leach_Density_pct_w_w,Leach_Tank_01_Density_pct_w_w,Leach_Tank_01_pH,Leach_Tank_01_CN_ppm,Leach_Tank_01_DO_ppm,Leach_Tank_02_Density_pct_w_w,Leach_Tank_02_pH,Leach_Tank_02_CN_ppm,Leach_Tank_02_DO_ppm,CIL_Tank_01_Density_pct_w_w,CIL_Tank_01_pH,CIL_Tank_01_CN_ppm,CIL_Tank_01_DO_ppm,CIL_Tank_01_Carbon_gpl,CIL_Tank_02_Density_pct_w_w,CIL_Tank_02_pH,CIL_Tank_02_CN_ppm,CIL_Tank_02_DO_ppm,CIL_Tank_02_Carbon_gpl,CIL_Tank_03_Density_pct_w_w,CIL_Tank_03_pH,CIL_Tank_03_CN_ppm,CIL_Tank_03_DO_ppm,CIL_Tank_03_Carbon_gpl,CIL_Tank_04_Density_pct_w_w,CIL_Tank_04_pH,CIL_Tank_04_CN_ppm,CIL_Tank_04_DO_ppm,CIL_Tank_04_Carbon_gpl,CIL_Tank_05_Density_pct_w_w,CIL_Tank_05_pH,CIL_Tank_05_CN_ppm,CIL_Tank_05_DO_ppm,CIL_Tank_05_Carbon_gpl,CIL_Tank_06_Density_pct_w_w,CIL_Tank_06_pH,CIL_Tank_06_CN_ppm,CIL_Tank_06_DO_ppm,CIL_Tank_06_Carbon_gpl,Tailing_Density_pct_w_w,Tailing_CN_ppm,DO_Purity_pct_w_w,DO_Flow
2025-01-01,08:00:00,2025-01-01 08:00:00,40,40,10.5,300,0,39,10.5,300,0,38,10.5,0,0,18.6,38,10.5,0,0,12,38,10.5,0,0,14,39,10.4,0,0,13.6,38,10.4,0,0,14.6,37,10.3,200,0,18,27,110,59.8103828430176,377.1434939066569
2025-01-01,10:00:00,2025-01-01 10:00:00,0,40,10.6,300,0,39,10.5,300,0,39,10.5,0,0,18.2,38,10.5,0,0,12.2,38,10.4,0,0,14,38,10.4,0,0,13.2,38,10.4,0,0,14,37,10.4,190,0,18,28,100,58.69140625,377.43610127766925
2025-01-01,12:00:00,2025-01-01 12:00:00,0,39,10.6,300,0,38,10.5,300,0,38,10.5,0,0,18.4,38,10.5,0,0,13,38,10.5,0,0,14.2,37,10.3,0,0,13.2,37,10.4,0,0,14.2,36,10.3,190,0,18,0,0,59.5865898132324,377.8971343994141
2025-01-01,14:00:00,2025-01-01 14:00:00,0,36,10.3,300,0,37,10.4,250,0,37,10.4,0,0,13,37,10.5,0,0,12.6,37,10.4,0,0,14,36,10.3,0,0,13,35,10.3,0,0,14.6,37,10.3,180,0,18.2,0,0,61.1287422180176,368.5287666320801
2025-01-01,16:00:00,2025-01-01 16:00:00,0,37,10.4,300,0,37,10.3,300,0,36,10.4,0,0,12.2,37,10.5,0,0,12.4,36,10.3,0,0,14,35,10.2,0,0,14,34,10.3,0,0,14.6,35,10.2,190,0,17.6,0,0,60.009765625,373.57024065653485
2025-01-01,18:00:00,2025-01-01 18:00:00,39,38,10.3,300,0,37,10.4,250,0,36,10.4,0,0,10,37,10.5,0,0,12.2,36,10.4,0,0,14.6,35,10.3,0,0,14,33,10.4,0,0,13.4,36,10.3,190,0,17,0,0,60.2335624694824,377.0400519053141
2025-01-01,20:00:00,2025-01-01 20:00:00,44,41,10,300,0,40,10.2,300,0,40,10.4,0,0,8.6,40,10.4,0,0,10.2,41,10.4,0,0,16.6,40,10.5,0,0,14,40,10.5,0,0,14,39,10.5,190,0,18,29,110,60.92529296875,371.0579428354899
2025-01-01,22:00:00,2025-01-01 22:00:00,44,40,10.4,300,0,39,10.3,300,0,39,10.5,0,0,13.6,39,10.4,0,0,5,40,10.4,0,0,16,39,10.5,0,0,14.2,39,10.5,0,0,14,39,10.5,200,0,18.2,27,140,60.9578437805176,367.666015625
2025-01-01,1900-01-01 00:00:00,2025-01-02 00:00:00,43,40,10.5,300,0,39,10.4,300,0,40,10.5,0,0,17,38,10.5,0,0,4.8,39,10.5,0,0,17,39,10.5,0,0,14,38,10.5,0,0,14.4,38,10.5,200,0,18,25,140,61.6170234680176,362.16772816975913
2025-01-01,1900-01-01 02:00:00,2025-01-02 02:00:00,42,40,10.9,350,0,40,10.6,300,0,42,10.6,0,0,17,39,10.5,0,0,8,39,10.5,0,0,13,38,10.6,0,0,13,38,10.6,0,0,14,38,10.5,200,0,18,25,130,61.63330078125,365.0537710825602
2025-01-01,1900-01-01 04:00:00,2025-01-02 04:00:00,43,41,10.8,350,0,40,10.6,300,0,41,10.6,0,0,17.2,40,10.5,0,0,14,39,10.5,0,0,8,39,10.6,0,0,14,39,10.5,0,0,14,38,10.5,210,0,18.2,24,140,62.8865547180176,361.3937115987142
2025-01-02,1900-01-01 06:00:00,2025-01-02 06:00:00,35,35,11,300,0,35,10.7,300,0,34,10.6,0,0,16,34,10.4,0,0,14,34,10.4,0,0,11,33,10.4,0,0,9,33,10.4,0,0,15,33,10.4,210,0,19,21,150,63.3504219055176,352.1283030192057
2025-01-02,1900-01-01 08:00:00,2025-01-02 08:00:00,37,40,11.6,400,0,40,11,380,0,38,10.9,0,0,17,33,10.6,0,0,14,32,10.6,0,0,13,35,10.5,0,0,7,38,10.5,0,0,14,36,10.5,200,0,18.5,28,160,60.33935546875,367.5329142888387
2025-01-02,1900-01-01 10:00:00,2025-01-02 10:00:00,34,35,11.4,300,0,40,11,350,0,38,10,0,0,17.2,34,10.6,0,0,15.4,35,10.6,0,0,15,38,10.5,0,0,8,38,10.4,0,0,8.6,36,10.5,200,0,18.5,27,160,70.2595977783203,329.7063089494904
2025-01-02,1900-01-01 12:00:00,2025-01-02 12:00:00,38,36,11.1,300,0,39,11,600,0,38,11,0,0,17.2,36,10.7,0,0,15.2,38,10.5,0,0,15.2,37,10.4,0,0,13,37,10.5,0,0,7,37,10.3,200,0,13,29,170,68.9127578735352,319.43383461497723
2025-01-02,1900-01-01 14:00:00,2025-01-02 14:00:00,39,40,11.2,200,0,39,11,500,0,39,11,0,0,17,38,10.7,0,0,15.4,37,10.6,0,0,15.2,37,10.5,0,0,15.2,36,10.4,0,0,13,35,10.4,240,0,9,28,200,62.68310546875,352.3371191660563
2025-01-02,1900-01-01 16:00:00,2025-01-02 16:00:00,38,39,11.8,200,0,37,11.9,450,0,39,10.7,0,0,16,37,10.6,0,0,14,36,10.4,0,0,15.2,38,10.5,0,0,15,37,10.5,0,0,13,37,10.3,220,0,7,29,180,61.1735038757324,368.62509689331057
2025-01-02,1900-01-01 18:00:00,2025-01-02 18:00:00,38,39,10.7,200,0,38,11.3,350,0,38,10.7,0,0,16.8,37,10.6,0,0,14.4,37,10.4,0,0,15.2,37,10.4,0,0,15,37,10.3,0,0,13.2,36,10.4,210,0,7.2,29,180,60.77880859375,373.3034332275391
2025-01-02,1900-01-01 20:00:00,2025-01-02 20:00:00,41,37,10.9,250,0,38,10.9,300,0,38,10.9,0,0,16,38,10.9,0,0,15,38,10.8,0,0,15.2,38,10.8,0,0,15,38,10.6,0,0,14,36,10.5,250,0,6,25,160,60.8927421569824,373.97400690714517
2025-01-02,1900-01-01 22:00:00,2025-01-02 22:00:00,37,40,10.9,300,0,37,10.9,350,0,38,10.8,0,0,15,38,10.8,0,0,15,37,10.8,0,0,16,37,10.8,0,0,15,37,10.7,0,0,13,37,10.5,260,0,9,27,160,60.85205078125,374.52654762268065
2025-01-02,1900-01-02 00:00:00,2025-01-03 00:00:00,38,39,10.8,300,0,40,10.8,350,0,39,10.9,0,0,16,39,10.8,0,0,15.2,38,10.8,0,0,15.2,38,10.7,0,0,15,38,10.7,0,0,14,37,10.6,250,0,8,25,150,61.03515625,373.9737653096517
2025-01-02,1900-01-02 02:00:00,2025-01-03 02:00:00,43,41,10.7,300,0,40,10.8,300,0,40,10.8,0,0,16.8,40,10.8,0,0,15,39,10.7,0,0,16,39,10.7,0,0,14.8,38,10.7,0,0,14.4,38,10.6,250,0,8,28,150,60.8194999694824,373.2622008005778
2025-01-02,1900-01-02 04:00:00,2025-01-03 04:00:00,43,40,10.6,350,0,40,10.7,350,0,39,10.7,0,0,16,39,10.8,0,0,15,40,10.7,0,0,15.6,38,10.7,0,0,15,39,10.7,0,0,14.8,39,10.6,240,0,12,27,140,61.0880546569824,371.92539545694984
2025-01-03,1900-01-02 06:00:00,2025-01-03 06:00:00,40,40,10.9,350,0,42,10.8,350,0,40,10.8,0,0,15,40,10.7,0,0,15.2,39,10.7,0,0,15.2,38,10.7,0,0,14.8,38,10.6,0,0,14,38,10.7,280,0,12,25,160,60.75439453125,371.3124519348145
2025-01-03,1900-01-02 08:00:00,2025-01-03 08:00:00,35,38,10.9,350,0,38,10.9,300,0,37,11,0,0,15,34,11,0,0,13.4,34,10.9,0,0,16.2,36,10.9,0,0,14.6,36,10.9,0,0,14.4,35,10.8,290,0,11,28,240,60.9903984069824,372.1490400950114
2025-01-03,1900-01-02 10:00:00,2025-01-03 10:00:00,38,39,10.9,350,0,38,11,300,0,37,11,0,0,15.2,35,11,0,0,14,35,10.9,0,0,16,36,10.8,0,0,14.8,36,10.9,0,0,14.8,35,10.8,290,0,11.2,0,0,60.7096366882324,372.06211433410647
2025-01-03,1900-01-02 12:00:00,2025-01-03 12:00:00,37,39,10.9,400,0,38,10.9,350,0,36,10.8,0,0,15,36,11,0,0,13.6,35,10.9,0,0,15.8,36,10.8,0,0,14.6,37,10.9,0,0,14.6,36,10.8,330,0,11.6,0,0,60.3963203430176,116.08398424784345
2025-01-03,1900-01-02 14:00:00,2025-01-03 14:00:00,-,38,10.8,400,0,38,10.9,350,0,36,10.9,0,0,15,36,10.9,0,0,14,36,10.9,0,0,16,36,10.9,0,0,14.6,36,10.8,0,0,14.4,37,10.8,300,0,11.4,0,0,60.43701171875,0
2025-01-03,1900-01-02 16:00:00,2025-01-03 16:00:00,-,39,10.9,400,0,38,10.9,350,0,37,10.9,0,0,15.2,36,11,0,0,13.8,36,10.9,0,0,15.4,36,10.9,0,0,14.6,36,10.9,0,0,14.4,35,10.8,300,0,11.8,0,0,60.77880859375,250.34215850830077
2025-01-03,1900-01-02 18:00:00,2025-01-03 18:00:00,34,37,10.8,300,0,38,10.7,300,0,38,10.9,0,0,14,36,10.9,0,0,16,37,10.9,0,0,17,36,10.9,0,0,14.6,35,10.8,0,0,15,36,10.7,250,0,12,28,210,60.8154296875,374.611545308431
2025-01-03,1900-01-02 20:00:00,2025-01-03 20:00:00,37,38,10.8,300,0,40,10.7,350,0,41,10.8,0,0,16,39,10.8,0,0,14,39,10.8,0,0,17,39,10.9,0,0,13,39,10.8,0,0,15,37,10.9,270,0,12,23,200,60.5265312194824,372.36569277445477
2025-01-03,1900-01-02 22:00:00,2025-01-03 22:00:00,37,39,10.7,350,0,40,10.8,350,0,40,10.8,0,0,16.4,38,10.8,0,0,14.8,38,10.7,0,0,16,39,10.8,0,0,14,38,10.8,0,0,15,38,10.8,310,0,12.4,24,210,60.77880859375,372.4422496795654
2025-01-03,1900-01-03 00:00:00,2025-01-04 00:00:00,38,39,10.6,350,0,39,10.7,350,0,39,10.7,0,0,16,37,10.7,0,0,15,38,10.7,0,0,16,38,10.7,0,0,13.6,38,10.8,0,0,14,37,10.8,290,0,12,23,200,60.8683280944824,372.68832041422525
2025-01-03,1900-01-03 02:00:00,2025-01-04 02:00:00,40,35,10.5,350,0,37,10.6,300,0,37,10.6,0,0,16,36,10.7,0,0,14,36,10.7,0,0,17,37,10.7,0,0,15,37,10.8,0,0,15,37,10.8,290,0,13,25,200,61.0148124694824,371.70187123616535
2025-01-03,1900-01-03 04:00:00,2025-01-04 04:00:00,42,38,10.6,300,0,37,10.6,300,0,37,10.7,0,0,16,37,10.7,0,0,14.4,36,10.6,0,0,16.4,36,10.6,0,0,14,37,10.7,0,0,14.8,37,10.7,290,0,13,25,190,61.3484687805176,372.48034884134927
2025-01-04,1900-01-03 06:00:00,2025-01-04 06:00:00,41,39,10.6,300,0,38,10.6,300,0,36,10.7,0,0,16,37,10.6,0,0,14.6,37,10.6,0,0,16.2,35,10.5,0,0,14.6,36,10.5,0,0,15,35,10.5,290,0,13,26,180,61.2955741882324,372.5651040395101
2025-01-04,1900-01-03 08:00:00,2025-01-04 08:00:00,37,36,11.2,350,0,37,11,350,0,36,10.9,0,0,14.4,36,10.8,0,0,12.6,37,10.8,0,0,18,37,10.9,0,0,15,36,10.8,0,0,14.6,34,10.8,230,0,12,28,180,61.4298515319824,369.86026624043785
2025-01-04,1900-01-03 10:00:00,2025-01-04 10:00:00,39,37,11.1,350,0,39,11.1,350,0,37,10.9,0,0,14.6,36,10.8,0,0,12.8,37,10.9,0,0,17.2,37,10.9,0,0,15,37,10.9,0,0,14.6,36,10.9,260,0,11.8,29,210,61.0677070617676,372.93776550292966
2025-01-04,1900-01-03 12:00:00,2025-01-04 12:00:00,36,36,11,300,0,38,10.9,350,0,38,10.9,0,0,15,36,10.8,0,0,12.8,36,10.8,0,0,17,36,10.8,0,0,15.2,34,10.8,0,0,14,33,10.8,200,0,12,26,160,60.8805351257324,372.10563774108886
2025-01-04,1900-01-03 14:00:00,2025-01-04 14:00:00,40,39,11,250,0,38,11.1,350,0,38,11,0,0,14.6,37,10.9,0,0,13,37,10.8,0,0,16.2,37,10.8,0,0,15,38,10.8,0,0,14.6,36,10.8,210,0,31,29,160,62.7685546875,314.10939871470134
2025-01-04,1900-01-03 16:00:00,2025-01-04 16:00:00,35,39,11.1,300,0,36,10.9,300,0,37,11.1,0,0,15.4,37,11,0,0,12.2,36,10.9,0,0,19,37,10.8,0,0,14.8,35,10.8,0,0,14,36,10.8,270,0,12.6,30,190,59.87548828125,229.8150552392006
2025-01-04,1900-01-03 18:00:00,2025-01-04 18:00:00,40,39,11.1,300,0,37,11,300,0,37,11.1,0,0,15.4,37,11,0,0,12.6,37,10.9,0,0,18.6,37,10.8,0,0,15,36,10.8,0,0,14.2,36,10.8,290,0,15,29,180,59.3912773132324,375.9155573527018
2025-01-04,1900-01-03 20:00:00,2025-01-04 20:00:00,36,35,10.7,250,0,34,10.8,300,0,33,10.9,0,0,16,33,10.9,0,0,14,35,10.9,0,0,17,34,10.7,0,0,15,34,10.7,0,0,14,33,10.7,260,0,17,23,180,59.3790702819824,377.5853583017985
2025-01-04,1900-01-03 22:00:00,2025-01-04 22:00:00,49,41,10.6,200,0,41,10.8,250,0,39,10.9,0,0,16,39,10.9,0,0,14.8,37,10.9,0,0,16,37,10.7,0,0,15.2,36,10.7,0,0,14,36,10.7,250,0,16.8,24,180,59.48486328125,377.49903513590493
2025-01-04,1900-01-04 00:00:00,2025-01-05 00:00:00,47,40,10.5,250,0,40,10.7,250,0,40,10.7,0,0,15.8,38,10.8,0,0,14,37,10.9,0,0,16.4,37,10.8,0,0,14,37,10.8,0,0,13.8,35,10.7,250,0,17,22,170,59.75341796875,376.7555221557617
2025-01-04,1900-01-04 02:00:00,2025-01-05 02:00:00,42,39,10.9,300,0,40,10.9,300,0,39,10.8,0,0,16,37,10.8,0,0,14,36,10.8,0,0,17,36,10.7,0,0,15,37,10.7,0,0,13.8,38,10.7,230,0,16,24,150,60.2132148742676,375.3938802083333
2025-01-04,1900-01-04 04:00:00,2025-01-05 04:00:00,42,40,10.8,300,0,41,10.8,350,0,38,10.7,0,0,16.4,39,10.7,0,0,13,38,10.7,0,0,16.8,38,10.8,0,0,14,38,10.8,0,0,14,38,10.8,240,0,16.8,23,150,60.3841133117676,373.2825757344564
2025-01-05,1900-01-04 06:00:00,2025-01-05 06:00:00,42,41,10.9,250,0,40,10.9,350,0,40,10.8,0,0,15.8,39,10.8,0,0,13,38,10.7,0,0,18,37,10.7,0,0,15,37,10.7,0,0,15,38,10.8,150,0,17,23,140,60.5916328430176,372.8309454600016
2025-01-05,1900-01-04 08:00:00,2025-01-05 08:00:00,43,41,11.3,350,0,39,11.3,300,0,38,11.2,0,0,15.6,37,11.1,0,0,14,36,11.2,0,0,14.6,36,11,0,0,19,36,10.9,0,0,11.4,34,10.8,200,0,15,25,210,60.7747383117676,371.4963114420573
2025-01-05,1900-01-04 10:00:00,2025-01-05 10:00:00,41,41,10.9,300,0,39,11.1,300,0,38,11.1,0,0,15.2,37,11.1,0,0,14,36,11.1,0,0,15,36,10.9,0,0,18.6,35,10.9,0,0,13.2,35,10.7,250,0,16,25,180,60.6038398742676,372.8894193013509
2025-01-05,1900-01-04 12:00:00,2025-01-05 12:00:00,41,40,10.7,250,0,43,11.2,300,0,38,11.4,0,0,15.6,36,11.7,0,0,14,37,11.1,0,0,15,37,11,0,0,18.6,36,10.9,0,0,12,35,10.9,220,0,15.6,25,180,59.8592109680176,212.47576675415038
2025-01-05,1900-01-04 14:00:00,2025-01-05 14:00:00,40,41,10.8,250,0,42,11.2,300,0,38,11.4,0,0,15.4,37,11.3,0,0,13.6,37,11.1,0,0,14.4,37,11,0,0,17.8,36,10.9,0,0,11.6,34,10.9,230,0,15.2,25,180,59.8388671875,186.91418317339074
2025-01-05,1900-01-04 16:00:00,2025-01-05 16:00:00,0,40,10.9,300,0,41,11.2,300,0,39,11.3,0,0,15.6,37,11.2,0,0,13.8,36,11.1,0,0,14.8,37,11,0,0,18.6,36,10.9,0,0,11.6,35,10.9,230,0,15,25,170,59.0128593444824,374.5563265482585
2025-01-05,1900-01-04 18:00:00,2025-01-05 18:00:00,0,41,10.3,250,0,40,10.8,250,0,38,11,0,0,15.6,37,10.9,0,0,14,36,10.8,0,0,15,36,11,0,0,19,36,10.8,0,0,13.8,35,10.8,210,0,16.2,0,0,59.6110038757324,379.7839505513509
2025-01-05,1900-01-04 20:00:00,2025-01-05 20:00:00,-,40,10.9,300,-,41,11.2,300,-,39,11.3,-,-,15.6,37,11.2,-,-,13.8,36,11.1,-,-,14.8,37,11,-,-,18.6,36,10.9,-,-,11.6,35,10.9,230,0,15,-,-,59.19189453125,382.77717514038085
2025-01-05,1900-01-04 22:00:00,2025-01-05 22:00:00,-,41,10.3,250,-,40,10.8,250,-,38,11,-,-,15.6,37,10.9,-,-,14,36,10.8,-,-,15,36,11,-,-,19,36,10.8,-,-,13.8,35,10.8,210,0,16.2,-,-,59.2936210632324,383.3082557678223
2025-01-05,1900-01-05 00:00:00,2025-01-06 00:00:00,0,41,10.8,250,0,40,10.8,250,0,43,11,0,0,15.8,43,10.7,0,0,11,42,10.8,0,0,19,40,10.7,0,0,15,41,10.7,0,0,15,38,10.8,170,0,16,27,130,59.4319648742676,382.048370107015
2025-01-05,1900-01-05 02:00:00,2025-01-06 02:00:00,-,40,10.7,250,0,40,10.7,250,0,39,10.8,0,0,15.8,40,10.7,0,0,12,41,10.7,0,0,18,39,10.7,0,0,15,39,10.7,0,0,14,38,10.8,180,0,15.8,24,130,70.8292617797852,345.2771745363871
2025-01-05,1900-01-05 04:00:00,2025-01-06 04:00:00,-,39,10.5,250,0,40,10.6,250,0,40,10.6,0,0,16,38,10.7,0,0,11,39,10.7,0,0,17,37,10.7,0,0,14.8,37,10.6,0,0,14,37,10.7,170,0,15.8,-,-,70.751953125,307.12938814225294
2025-01-06,1900-01-05 06:00:00,2025-01-06 06:00:00,-,40,10.5,250,0,40,10.5,250,0,40,10.6,0,0,16,39,10.7,0,0,13,37,10.6,0,0,17,39,10.7,0,0,15,38,10.6,0,0,15,36,10.6,0,0,16,-,-,70.3369140625,291.79820180851965
2025-01-06,1900-01-05 08:00:00,2025-01-06 08:00:00,38,38,10.6,250,0,38,10.5,250,0,37,10.7,0,0,14.6,38,10.8,0,0,13,38,10.9,0,0,15.6,35,10.8,0,0,15,35,10.7,0,0,13,34,10.8,170,0,17,0,0,70.6380157470703,306.9837478473162
2025-01-06,1900-01-05 10:00:00,2025-01-06 10:00:00,42,40,10.6,300,0,40,10.7,250,0,38,10.7,0,0,14.2,38,10.8,0,0,13.2,38,10.8,0,0,15.4,36,10.8,0,0,15,35,10.7,0,0,13.4,37,10.8,200,0,17.2,25,150,72.18017578125,303.54106348653636
2025-01-06,1900-01-05 12:00:00,2025-01-06 12:00:00,40,38,10.7,500,0,38,10.7,650,0,37,10.9,0,0,11,37,10.9,0,0,13,38,11,0,0,15.2,37,10.8,0,0,15.2,36,10.7,0,0,13.2,34,10.8,270,0,17,26,210,72.16796875,296.63520034744096
2025-01-06,1900-01-05 14:00:00,2025-01-06 14:00:00,40,38,10.1,350,0,38,10.7,600,0,37,10.8,0,0,11.2,37,10.9,0,0,13.4,38,10.9,0,0,15.6,37,10.9,0,0,15,36,10.8,0,0,13.2,34,10.8,250,0,16.2,26,210,69.4986953735352,247.7923653061812
2025-01-06,1900-01-05 16:00:00,2025-01-06 16:00:00,40,40,10.2,350,0,40,10.4,550,0,35,10.5,0,0,6,38,10.7,0,0,12,38,10.7,0,0,16,36,10.8,0,0,15,35,10.7,0,0,14.6,37,10.7,230,0,17,25,190,72.1720352172852,290.0874085551128
2025-01-06,1900-01-05 18:00:00,2025-01-06 18:00:00,40,40,10.2,250,0,38,10.4,300,0,35,10.4,0,0,3,37,10.7,0,0,12.8,38,10.7,0,0,16,36,10.8,0,0,15,36,10.7,0,0,14.8,35,10.7,220,0,17,25,210,71.2809219360352,294.83880742136387
2025-01-06,1900-01-05 20:00:00,2025-01-06 20:00:00,40,43,10.9,250,0,40,10.7,300,0,40,10.6,0,0,10,39,10.5,0,0,9,37,10.7,0,0,17,37,10.8,0,0,14.8,37,10.8,0,0,14.8,36,10.8,200,0,18,24,150,72.5748672485352,293.83451426823933
2025-01-06,1900-01-05 22:00:00,2025-01-06 22:00:00,41,41,10.9,250,0,37,10.8,350,0,39,10.7,0,0,14,37,10.6,0,0,5,37,10.7,0,0,17,38,10.7,0,0,14,37,10.8,0,0,14,37,10.8,230,0,17,25,160,71.0367813110352,290.32214423228675
2025-01-06,1900-01-06 00:00:00,2025-01-07 00:00:00,45,42,10.9,250,0,42,10.8,350,0,40,10.8,0,0,16,39,10.7,0,0,7,39,10.7,0,0,11,38,10.7,0,0,15,37,10.7,0,0,14,36,10.7,250,0,17,23,150,70.0846328735352,290.3755552609762
2025-01-06,1900-01-06 02:00:00,2025-01-07 02:00:00,41,42,10.9,250,0,41,10.9,300,0,41,10.9,0,0,17.8,40,10.8,0,0,11,39,10.8,0,0,7,37,10.7,0,0,14,36,10.7,0,0,15,36,10.8,250,0,17.2,24,170,73.4700469970703,297.7359431572879
2025-01-06,1900-01-06 04:00:00,2025-01-07 04:00:00,39,41,10.7,300,0,40,10.8,300,0,40,10.8,0,0,17,39,10.8,0,0,14,38,10.7,0,0,5,38,10.7,0,0,13.8,38,10.8,0,0,14.8,37,10.8,240,0,17,25,160,70.6746368408203,298.6359475294749
2025-01-07,1900-01-06 06:00:00,2025-01-07 06:00:00,37,40,10.6,350,0,40,10.7,300,0,39,10.7,0,0,17.8,38,10.7,0,0,15,38,10.6,0,0,7,37,10.7,0,0,10,37,10.7,0,0,15,37,10.8,250,0,17.2,24,170,70.52001953125,292.5846353848775
2025-01-07,1900-01-06 08:00:00,2025-01-07 08:00:00,34,39,11.6,300,0,41,11.2,300,0,38,10.9,0,0,18.18,37,10.8,0,0,15,38,10.7,0,0,8.8,37,10.7,0,0,6.6,38,10.6,0,0,13.8,37,10.6,270,0,13,29,220,65.9912109375,320.7454426874717
2025-01-07,1900-01-06 10:00:00,2025-01-07 10:00:00,0,39,11.7,350,0,41,11.2,300,0,38,11.1,0,0,18.8,37,10.9,0,0,14,38,10.8,0,0,14.4,38,10.8,0,0,7.6,37,10.7,0,0,10.2,35,10.7,230,0,17,27,180,70.849609375,315.90338009260597
2025-01-07,1900-01-06 12:00:00,2025-01-07 12:00:00,45,40,11.7,350,0,40,11.2,300,0,38,11,0,0,19.8,37,10.9,0,0,15,38,10.8,0,0,16,38,10.8,0,0,8,37,10.7,0,0,8,35,10.7,230,0,17,0,0,68.2942657470703,279.97480206377804
2025-01-07,1900-01-06 14:00:00,2025-01-07 14:00:00,40,39,11.3,300,0,38,11.2,300,0,39,11.2,0,0,19,37,11.1,0,0,12.6,38,10.9,0,0,16,37,10.8,0,0,10.4,37,10.7,0,0,5.6,37,10.7,270,0,17.4,28,200,67.9361953735352,320.17192319234215
2025-01-07,1900-01-06 16:00:00,2025-01-07 16:00:00,38,37,11.3,200,0,37,11.3,250,0,38,11.2,0,0,19,36,11.1,0,0,15,38,10.9,0,0,15,38,10.7,0,0,14,36,10.6,0,0,7,36,10.7,260,0,12,26,200,76.9327774047852,265.56737060546874
2025-01-07,1900-01-06 18:00:00,2025-01-07 18:00:00,38,38,11.3,250,0,37,11.3,250,0,38,11.2,0,0,19,37,11.1,0,0,15,38,10.8,0,0,15.4,37,10.7,0,0,16,36,10.6,0,0,8,35,10.7,250,0,8,25,200,68.9656524658203,268.7991896764686
2025-01-07,1900-01-06 20:00:00,2025-01-07 20:00:00,39,35,11,250,0,39,10.9,300,0,37,10.9,0,0,17,37,10.8,0,0,14,36,10.8,0,0,15,36,10.8,0,0,15,36,10.8,0,0,11,36,10.8,230,0,7,29,200,68.1437149047852,325.9388266169777
2025-01-07,1900-01-06 22:00:00,2025-01-07 22:00:00,40,38,10.9,300,0,39,10.9,300,0,39,10.8,0,0,17.2,38,10.8,0,0,14.8,38,10.8,0,0,15,37,10.8,0,0,14.8,37,10.8,0,0,12,36,10.8,250,0,10,27,200,67.96875,325.2870610078176
2025-01-07,1900-01-07 00:00:00,2025-01-08 00:00:00,43,41,10.9,200,0,35,10.9,300,0,37,10.9,0,0,17,37,10.8,0,0,15,37,10.8,0,0,15.8,36,10.7,0,0,14.8,36,10.7,0,0,13,36,10.8,210,0,11,25,190,64.7623748779297,331.8804246266683
2025-01-07,1900-01-07 02:00:00,2025-01-08 02:00:00,41,40,10.9,250,0,37,10.8,300,0,38,10.8,0,0,17.8,37,10.7,0,0,15,36,10.7,0,0,15,37,10.7,0,0,14,37,10.7,0,0,13,37,10.7,210,0,11.2,25,190,65.1896209716797,326.34042269388834
2025-01-07,1900-01-07 04:00:00,2025-01-08 04:00:00,42,39,10.8,250,0,38,10.8,300,0,38,10.7,0,0,17,38,10.6,0,0,14,37,10.6,0,0,15,37,10.6,0,0,16,37,10.7,0,0,13,38,10.7,200,0,12,24,170,64.63623046875,333.8811724344889
2025-01-08,1900-01-07 06:00:00,2025-01-08 06:00:00,42,40,10.6,300,0,39,10.7,350,0,39,10.7,0,0,17.2,39,10.7,0,0,14.8,38,10.7,0,0,15,38,10.6,0,0,15,37,10.6,0,0,13.2,37,10.7,210,0,12,27,170,64.5100860595703,333.24194650650026
2025-01-08,1900-01-07 08:00:00,2025-01-08 08:00:00,40,40,11.1,350,0,40,10.8,250,0,38,10.9,0,0,17,38,11,0,0,15,37,11,0,0,15,38,10.9,0,0,15.6,35,10.9,0,0,12,36,10.9,270,0,12,30,170,64.9943084716797,333.0607398668925
2025-01-08,1900-01-07 10:00:00,2025-01-08 10:00:00,40,40,11.1,350,0,40,10.8,250,0,38,10.9,0,0,17,38,11,0,0,15,37,11,0,0,15,37,10.9,0,0,15.6,36,10.9,0,0,12,36,10.9,270,0,11.8,30,170,65.58837890625,333.2624424616496
2025-01-08,1900-01-07 12:00:00,2025-01-08 12:00:00,38,40,11.2,350,0,39,10.8,250,0,38,10.8,0,0,17.2,38,10.9,0,0,15,37,11,0,0,15,36,10.9,0,0,15.4,35,10.9,0,0,12.2,34,10.9,250,0,11.8,28,150,64.74609375,334.5941837310791
2025-01-08,1900-01-07 14:00:00,2025-01-08 14:00:00,38,39,11.1,350,0,39,10.9,250,0,38,10.8,0,0,17.6,37,11,0,0,14.2,38,11,0,0,15.2,36,10.9,0,0,15,36,10.9,0,0,12,34,10.9,250,0,12,28,150,64.7216796875,337.28660316467284
2025-01-08,1900-01-07 16:00:00,2025-01-08 16:00:00,38,39,11.2,350,0,38,10.9,300,0,38,10.8,0,0,17.2,36,10.8,0,0,14,38,10.8,0,0,15,37,10.8,0,0,15.2,35,10.8,0,0,13,35,10.9,250,0,15.6,29,160,64.4449920654297,338.6261814117432
2025-01-08,1900-01-07 18:00:00,2025-01-08 18:00:00,39,40,11.3,350,0,39,11,300,0,38,10.9,0,0,17.2,37,10.8,0,0,13.8,38,10.8,0,0,15,38,10.8,0,0,15.2,34,10.8,0,0,13,33,10.9,250,0,19,27,170,64.3758087158203,341.20804402033485
2025-01-08,1900-01-07 20:00:00,2025-01-08 20:00:00,36,42,11,300,0,41,10.9,300,0,40,10.9,0,0,18,39,10.8,0,0,13,39,10.8,0,0,15.4,39,10.8,0,0,15,39,10.8,0,0,13,35,10.9,190,0,19,24,160,64.58740234375,343.1298222541809
2025-01-08,1900-01-07 22:00:00,2025-01-08 22:00:00,40,43,10.9,300,0,41,10.8,300,0,40,10.8,0,0,17.6,38,10.8,0,0,13.2,38,10.7,0,0,15,38,10.7,0,0,15,39,10.7,0,0,13.2,36,10.8,180,0,18.4,25,160,62.6546211242676,341.0232198079427
2025-01-08,1900-01-08 00:00:00,2025-01-09 00:00:00,42,42,10.9,300,0,42,10.9,300,0,41,10.8,0,0,18,39,10.8,0,0,13.4,39,10.8,0,0,16.4,39,10.8,0,0,15.4,38,10.8,0,0,13.2,38,10.8,200,0,19,23,170,64.73388671875,342.2820211092631
2025-01-08,1900-01-08 02:00:00,2025-01-09 02:00:00,39,42,10.9,350,0,40,10.9,300,0,39,10.7,0,0,17.8,38,10.7,0,0,13,38,10.7,0,0,15,37,10.8,0,0,15,37,10.8,0,0,13,37,10.8,210,0,18.8,24,170,64.2171173095703,339.41080719629923
2025-01-08,1900-01-08 04:00:00,2025-01-09 04:00:00,39,41,10.8,350,0,39,10.9,350,0,39,10.8,0,0,17.6,38,10.7,0,0,13.8,37,10.7,0,0,15.8,37,10.8,0,0,15,36,10.8,0,0,13.2,36,10.8,220,0,19,27,190,64.0706329345703,338.0615836779277
2025-01-09,1900-01-08 06:00:00,2025-01-09 06:00:00,38,41,10.9,350,0,41,10.8,350,0,40,10.8,0,0,18,39,10.8,0,0,13.4,38,10.8,0,0,15,37,10.7,0,0,15.4,38,10.8,0,0,13,40,10.8,210,0,19,25,190,64.9129180908203,333.99076455434164
2025-01-09,1900-01-08 08:00:00,2025-01-09 08:00:00,37,39,11,350,0,40,11,350,0,39,11,0,0,19,39,11,0,0,13.6,37,11,0,0,18.2,37,10.9,0,0,16,38,10.9,0,0,14,38,10.9,220,0,18,30,190,65.0105743408203,332.9231767336527
2025-01-09,1900-01-08 10:00:00,2025-01-09 10:00:00,39,37,11,350,0,40,11,350,0,38,11,0,0,18.8,37,11,0,0,13.8,36,11,0,0,18.2,39,10.9,0,0,15.8,36,10.9,0,0,14.6,38,10.9,210,0,18.2,30,170,65.6209259033203,332.31083628336586
2025-01-09,1900-01-08 12:00:00,2025-01-09 12:00:00,38,35,11,350,0,37,11,300,0,37,11,0,0,18.4,37,11,0,0,14,36,11,0,0,18,38,10.9,0,0,16.4,36,10.9,0,0,14.2,37,10.9,200,0,18.2,29,170,65.0471954345703,331.70717544555663
2025-01-09,1900-01-08 14:00:00,2025-01-09 14:00:00,-,39,11,300,0,39,11,300,0,37,11,0,0,18.6,36,11,0,0,14,39,11,0,0,18.4,37,10.8,0,0,15.8,38,10.8,0,0,14,35,10.8,200,0,18.4,30,160,64.8885040283203,334.9925244013468
2025-01-09,1900-01-08 16:00:00,2025-01-09 16:00:00,-,38,11,300,0,38,11,300,0,37,11,0,0,19,35,11,0,0,14.2,38,11,0,0,18.2,35,10.8,0,0,15.8,37,10.8,0,0,14.2,36,10.8,200,0,18.2,30,160,64.78271484375,333.84186900456746
2025-01-09,1900-01-08 18:00:00,2025-01-09 18:00:00,39,40,11,300,0,40,11,250,0,39,11,0,0,19,38,11,0,0,14,35,10.9,0,0,18,35,10.8,0,0,16.6,38,10.8,0,0,14.2,38,10.8,180,0,19,33,150,63.8834648132324,337.3887200037638
2025-01-09,1900-01-08 20:00:00,2025-01-09 20:00:00,38,40,11.2,350,0,38,11.3,300,0,38,11,0,0,19,39,11,0,0,13,39,10.9,0,0,18,40,10.8,0,0,16,40,10.7,0,0,12.4,38,10.7,260,0,18,27,200,63.720703125,336.7343026479085
2025-01-09,1900-01-08 22:00:00,2025-01-09 22:00:00,38,39,11,350,0,38,11,300,0,39,10.9,0,0,18.8,38,10.9,0,0,13.2,38,10.9,0,0,17,39,10.8,0,0,16,39,10.7,0,0,13,38,10.7,250,0,18,25,190,64.2415313720703,337.0668165206909
2025-01-09,1900-01-09 00:00:00,2025-01-10 00:00:00,39,38,11,350,0,40,11,350,0,40,10.9,0,0,19,39,10.9,0,0,13,39,10.9,0,0,18,39,10.8,0,0,15,39,10.8,0,0,12.8,39,10.8,220,0,17.8,27,170,63.7247734069824,338.2181955655416
2025-01-09,1900-01-09 02:00:00,2025-01-10 02:00:00,38,40,10.9,300,0,40,10.9,350,0,40,10.9,0,0,18,39,10.9,0,0,13.8,39,10.8,0,0,17.8,38,10.8,0,0,15,38,10.8,0,0,13,38,10.8,230,0,18,25,170,64.1276092529297,337.7332901318868
2025-01-09,1900-01-09 04:00:00,2025-01-10 04:00:00,40,41,10.9,300,0,40,10.9,350,0,40,10.8,0,0,18.4,38,10.8,0,0,13.8,38,10.8,0,0,18,37,10.7,0,0,15.8,37,10.7,0,0,12,37,10.8,230,0,18,24,180,64.5467071533203,340.5027484258016
2025-01-10,1900-01-09 06:00:00,2025-01-10 06:00:00,39,40,10.9,300,0,39,10.8,300,0,40,10.8,0,0,18,39,10.7,0,0,13,37,10.7,0,0,17,37,10.7,0,0,16,38,10.7,0,0,13,37,10.7,220,0,18,25,180,64.3880157470703,335.4515084902445
2025-01-10,1900-01-09 08:00:00,2025-01-10 08:00:00,39,38,10.8,300,0,40,11.2,300,0,37,11.3,0,0,17,36,11.3,0,0,12.4,34,11.1,0,0,17.6,38,11.1,0,0,15,38,11,0,0,12,35,10.9,210,0,16.4,30,190,64.599609375,340.61704381306964
2025-01-10,1900-01-09 10:00:00,2025-01-10 10:00:00,40,40,10.9,300,0,40,11.2,300,0,38,11.3,0,0,17,37,11.3,0,0,12.4,35,11.1,0,0,17.6,38,11.1,0,0,15,38,11,0,0,12.2,36,10.9,200,0,16.8,29,180,65.1407928466797,337.92474438349404
2025-01-10,1900-01-09 12:00:00,2025-01-10 12:00:00,38,37,10.9,300,0,39,11.2,300,0,38,11.3,0,0,17.2,38,11.3,0,0,12.4,36,11.2,0,0,17.8,39,11.1,0,0,15.2,37,11,0,0,12.2,35,11,200,0,17,29,180,64.8356170654297,333.8300539970398
2025-01-10,1900-01-09 14:00:00,2025-01-10 14:00:00,39,39,10.9,350,0,38,11.2,300,0,39,11.3,0,0,17,38,11.3,0,0,12,37,11.1,0,0,17.8,38,11.1,0,0,15,36,11,0,0,12,35,11,210,0,17,27,180,65.2628631591797,335.6169229189555
2025-01-10,1900-01-09 16:00:00,2025-01-10 16:00:00,35,38,11.2,350,0,37,11.4,300,0,35,11.1,0,0,17,34,11.1,0,0,12,36,11.1,0,0,18,35,11.1,0,0,15,36,11,0,0,12,35,11,210,0,18.4,29,190,64.4287109375,334.0453802108765
2025-01-10,1900-01-09 18:00:00,2025-01-10 18:00:00,35,36,11.2,300,0,36,11.1,300,0,36,11.1,0,0,17,34,11.1,0,0,12,36,11.1,0,0,18.4,35,11.1,0,0,15,36,11,0,0,12.2,36,11,210,0,18.4,39,190,64.2659454345703,336.9033321380615
2025-01-10,1900-01-09 20:00:00,2025-01-10 20:00:00,38,38,10.8,300,0,39,10.9,300,0,40,11,0,0,19,40,11,0,0,14,39,11,0,0,16,38,11,0,0,15,40,11,0,0,14,40,11,240,0,19,25,160,64.3513946533203,342.4594906171163
2025-01-10,1900-01-09 22:00:00,2025-01-10 22:00:00,37,35,10.8,300,0,38,11,250,0,37,10.8,0,0,18.8,38,11,0,0,13.8,37,11,0,0,16.6,38,10.9,0,0,15,36,10.9,0,0,14.2,36,10.9,220,0,18.8,24,140,64.6199493408203,336.49992809295657
2025-01-10,1900-01-10 00:00:00,2025-01-11 00:00:00,39,36,10.8,300,0,36,11,250,0,38,10.8,0,0,18.8,36,11,0,0,13.8,36,11,0,0,16.4,37,10.9,0,0,15.2,38,10.9,0,0,13.8,37,10.9,220,0,18.6,24,150,65.2547149658203,333.7577161471049
2025-01-10,1900-01-10 02:00:00,2025-01-11 02:00:00,38,38,11,300,0,40,10.8,250,0,38,10.7,0,0,18.6,37,10.9,0,0,14,37,10.9,0,0,16,38,11,0,0,15,38,11,0,0,13.6,39,11,230,0,18.8,28,160,65.673828125,331.77758467992146
2025-01-10,1900-01-10 04:00:00,2025-01-11 04:00:00,37,37,10.9,300,0,37,10.8,250,0,37,10.7,0,0,18.8,38,10.8,0,0,14,38,11,0,0,16,37,10.9,0,0,15,37,10.9,0,0,14.4,38,10.8,240,0,19,26,150,66.0970001220703,331.7214025815328
2025-01-11,1900-01-10 06:00:00,2025-01-11 06:00:00,39,36,10.9,300,0,37,10.8,250,0,35,10.9,0,0,18.6,36,10.9,0,0,13.8,37,10.9,0,0,17,37,10.9,0,0,15,37,11,0,0,14.2,36,11,270,0,18.8,25,180,65.6901092529297,335.71252899169923
2025-01-11,1900-01-10 08:00:00,2025-01-11 08:00:00,32,36,11,300,0,34,11.1,250,0,36,11.1,0,0,17,39,11.1,0,0,11,34,11.2,0,0,18,35,11.1,0,0,15.4,32,11.1,0,0,13,33,11.2,230,0,18,28,200,65.68603515625,331.92587838172915
2025-01-11,1900-01-10 10:00:00,2025-01-11 10:00:00,39,35,11.1,300,0,35,11.1,250,0,37,11.1,0,0,17,34,11,0,0,14,35,11.2,0,0,15.4,34,11.2,0,0,15,34,11.1,0,0,13,33,11.2,220,0,18,30,190,63.4765625,336.32957213719686
2025-01-11,1900-01-10 12:00:00,2025-01-11 12:00:00,33,35,11,350,0,35,11,250,0,35,11,0,0,17.2,35,11.1,0,0,14.6,34,11.1,0,0,15,33,11.2,0,0,15,35,11.2,0,0,12.8,35,11.1,250,0,17.8,31,210,63.8875312805176,347.33904825846355
2025-01-11,1900-01-10 14:00:00,2025-01-11 14:00:00,35,37,10.9,350,0,37,10.8,250,0,36,11.1,0,0,17.2,35,11.1,0,0,14.6,33,10.8,0,0,15,33,11.1,0,0,15,34,11.2,0,0,12.8,34,11.1,240,0,17.8,30,110,63.5416679382324,349.34051914215087
2025-01-11,1900-01-10 16:00:00,2025-01-11 16:00:00,39,38,10.6,300,0,35,10.8,300,0,35,10.9,0,0,17,34,11,0,0,14,33,10.8,0,0,14.8,31,11.1,0,0,15,32,11.1,0,0,13,32,11.1,240,0,18,26,210,63.48876953125,352.2111307144165
2025-01-11,1900-01-10 18:00:00,2025-01-11 18:00:00,33,34,10.7,300,0,35,10.8,300,0,34,10.8,0,0,17,34,10.8,0,0,14,35,10.7,0,0,14.8,34,10.9,0,0,15.2,34,10.9,0,0,13,33,11,250,0,18,31,210,61.8611640930176,353.846932665507
2025-01-11,1900-01-10 20:00:00,2025-01-11 20:00:00,38,37,11,350,0,38,10.8,300,0,36,10.7,0,0,19,37,10.7,0,0,14,35,10.8,0,0,17,35,10.8,0,0,15,35,10.7,0,0,14,33,10.7,210,0,18,23,170,62.87841796875,351.5012538909912
2025-01-11,1900-01-10 22:00:00,2025-01-11 22:00:00,40,38,11,350,0,37,10.7,300,0,37,10.7,0,0,19,38,10.7,0,0,13.8,35,10.7,0,0,17.2,36,10.7,0,0,15.4,35,10.8,0,0,13.6,35,10.5,240,0,18.2,25,180,62.890625,353.6375141143799
2025-01-11,1900-01-11 00:00:00,2025-01-12 00:00:00,39,39,10.9,350,0,37,10.7,350,0,37,10.6,0,0,18.8,37,10.6,0,0,14,36,10.6,0,0,17,36,10.7,0,0,15.4,36,10.7,0,0,13.8,35,10.6,240,0,18,24,180,61.5641288757324,354.45951417287193
2025-01-11,1900-01-11 02:00:00,2025-01-12 02:00:00,42,40,10.9,300,0,38,10.7,350,0,38,10.7,0,0,19,38,10.6,0,0,14,37,10.5,0,0,17.8,37,10.5,0,0,15.8,37,10.6,0,0,14,36,10.6,230,0,17.8,25,160,62.9801445007324,353.3640771230062
2025-01-11,1900-01-11 04:00:00,2025-01-12 04:00:00,-,40,10.9,300,0,38,10.7,350,0,38,10.7,0,0,19,37,10.6,0,0,14,36,10.5,0,0,18,37,10.5,0,0,15.8,36,10.6,0,0,13.8,36,10.6,240,0,18,20,140,62.82958984375,351.0228583017985
2025-01-12,1900-01-11 06:00:00,2025-01-12 06:00:00,-,39,10.9,300,0,38,10.7,350,0,38,10.7,0,0,19,38,10.6,0,0,14,37,10.5,0,0,17,37,10.5,0,0,15,36,10.6,0,0,14,36,10.6,240,0,18,-,-,62.2721366882324,351.41396656036375
2025-01-12,1900-01-11 08:00:00,2025-01-12 08:00:00,36,38,11.4,350,0,34,10.9,300,0,35,10.8,0,0,18,33,10.8,0,0,12.8,33,10.9,0,0,16,34,10.7,0,0,15,32,10.8,0,0,14,31,10.8,220,0,18.6,0,0,63.134765625,350.42305615743004
2025-01-12,1900-01-11 10:00:00,2025-01-12 10:00:00,35,35,11.5,600,0,35,10.8,550,0,35,11,0,0,18.8,33,10.9,0,0,12.4,34,10.9,0,0,16.8,34,10.8,0,0,15.4,33,10.3,0,0,14.4,34,10.9,220,0,18.8,26,140,63.41552734375,348.0703848520915
2025-01-12,1900-01-11 12:00:00,2025-01-12 12:00:00,0,36,11.5,600,0,35,10.9,550,0,35,11,0,0,18.4,34,10.9,0,0,12.6,34,10.9,0,0,16.2,34,10.8,0,0,15.8,33,10.8,0,0,13.8,32,10.9,230,0,18.4,27,200,63.2120780944824,349.604191271464
2025-01-12,1900-01-11 14:00:00,2025-01-12 14:00:00,0,35,11.4,600,0,37,11,550,0,36,10.9,0,0,18,33,10.8,0,0,12.8,34,10.8,0,0,16,34,10.8,0,0,15,33,10.9,0,0,14,32,10.8,210,0,18.6,25,150,62.6383476257324,349.1169947942098
2025-01-12,1900-01-11 16:00:00,2025-01-12 16:00:00,30,0,0,0,0,0,0,0,0,0,0,0,0,0,0,0,0,0,0,0,0,0,0,0,0,0,0,0,0,0,0,0,0,0,0,0,0,0,0,0,0,62.4755859375,350.2501689275106
2025-01-12,1900-01-11 18:00:00,2025-01-12 18:00:00,34,37,11.6,450,0,35,11.3,550,0,33,11,0,0,18.8,34,10.8,0,0,12.4,35,10.6,0,0,16.8,32,10.6,0,0,15.4,33,10.7,0,0,14.4,32,10.6,230,0,18.8,24,200,63.4073905944824,350.52071278889974
2025-01-12,1900-01-11 20:00:00,2025-01-12 20:00:00,39,37,11,350,0,36,11,450,0,36,10.7,0,0,18.2,35,10.7,0,0,14,35,10.6,0,0,18,35,10.6,0,0,16,35,10.6,0,0,14,33,10.6,210,0,18,21,140,62.6627616882324,350.3539735794067
2025-01-12,1900-01-11 22:00:00,2025-01-12 22:00:00,39,38,11,350,0,37,11,400,0,36,10.8,0,0,18.6,36,10.8,0,0,13.6,35,10.6,0,0,18.2,35,10.7,0,0,16,36,10.6,0,0,14,34,10.6,220,0,19,22,140,62.3494453430176,351.2408374150594
2025-01-12,1900-01-12 00:00:00,2025-01-13 00:00:00,38,36,10.9,300,0,38,11,400,0,38,11,0,0,18.4,37,11,0,0,13.8,36,10.9,0,0,18,35,10.8,0,0,16.2,35,10.9,0,0,13.6,34,10.8,220,0,18.6,24,130,62.6139335632324,352.1590482711792
2025-01-12,1900-01-12 02:00:00,2025-01-13 02:00:00,40,38,10.9,300,0,38,11,350,0,37,11,0,0,19,36,11,0,0,13.6,35,10.9,0,0,18.4,35,10.8,0,0,16.4,37,10.8,0,0,13.4,36,10.8,240,0,18.8,24,150,62.5,353.0103442509969
2025-01-12,1900-01-12 04:00:00,2025-01-13 04:00:00,39,38,10.9,300,0,39,11,350,0,38,11,0,0,18.6,35,11,0,0,13.6,36,10.9,0,0,18.2,36,10.8,0,0,16.6,35,10.8,0,0,13.6,36,10.8,230,0,18.6,25,130,62.7685546875,353.27606576283773
2025-01-13,1900-01-12 06:00:00,2025-01-13 06:00:00,40,38,11,300,0,37,11,300,0,37,11,0,0,19,35,10.9,0,0,14,36,10.9,0,0,18,37,10.9,0,0,16.6,36,10.9,0,0,14,34,10.7,240,0,19,22,140,63.0533866882324,355.34034945170083
2025-01-13,1900-01-12 08:00:00,2025-01-13 08:00:00,41,39,10.9,250,0,33,11.1,300,0,34,11.2,0,0,19.2,33,11.2,0,0,14.2,35,11.2,0,0,18,33,11.1,0,0,15.6,32,11,0,0,13.6,33,11,250,0,18.6,31,240,62.8214530944824,351.688006401062
2025-01-13,1900-01-12 10:00:00,2025-01-13 10:00:00,40,39,10.9,250,0,33,11.2,300,0,34,11.2,0,0,19,34,11.2,0,0,14,36,11.2,0,0,18.2,34,11,0,0,15.2,33,11,0,0,13,33,10.9,320,0,18,29,210,62.8946952819824,355.031707127889
2025-01-13,1900-01-12 12:00:00,2025-01-13 12:00:00,38,38,11,300,0,35,11.2,300,0,36,11.2,0,0,19.6,34,11.2,0,0,14,35,11.1,0,0,18,34,11.1,0,0,15.4,33,11,0,0,13.2,32,10.9,240,0,18.2,30,200,63.0452461242676,353.72407932281493
2025-01-13,1900-01-12 14:00:00,2025-01-13 14:00:00,37,36,10.3,300,0,37,10.6,300,0,36,10.9,0,0,19.2,34,10.6,0,0,14.2,35,11,0,0,18,32,10.7,0,0,15.6,32,11.1,0,0,13.6,34,10.9,300,0,18.6,31,200,62.7400703430176,351.51849466959635
2025-01-13,1900-01-12 16:00:00,2025-01-13 16:00:00,35,40,10.8,350,0,38,10.8,250,0,38,11,0,0,12,36,10.8,0,0,14.4,36,10.9,0,0,18.6,34,10.7,0,0,15.2,33,11.1,0,0,14,35,11,320,0,18,28,290,62.5651054382324,346.1805557886759
2025-01-13,1900-01-12 18:00:00,2025-01-13 18:00:00,39,39,10.7,350,0,38,11,300,0,36,11,0,0,8.2,34,10.9,0,0,14.2,34,11,0,0,18,33,10.9,0,0,15.6,34,11.1,0,0,13.2,34,11,310,0,18,26,270,63.96484375,347.11431783040365
2025-01-13,1900-01-12 20:00:00,2025-01-13 20:00:00,40,39,10.3,400,0,38,10.2,350,0,37,10.6,0,0,12,36,10.7,0,0,14,35,10.8,0,0,18.2,36,10.8,0,0,16,37,10.9,0,0,14.4,35,10.8,320,0,18.2,25,200,61.7146797180176,360.02254549662274
2025-01-13,1900-01-12 22:00:00,2025-01-13 22:00:00,41,39,10.2,400,0,38,10.4,350,0,36,10.7,0,0,6,37,10.8,0,0,13.8,36,10.8,0,0,18.4,38,10.8,0,0,16.4,37,10.9,0,0,14.4,34,10.9,300,0,18,26,190,63.2161445617676,349.5477671305338
2025-01-13,1900-01-13 00:00:00,2025-01-14 00:00:00,42,38,10.2,400,0,38,10.4,300,0,37,10.7,0,0,5,36,10.8,0,0,14.4,36,10.8,0,0,17.6,38,10.8,0,0,16.2,37,10.9,0,0,13.6,34,10.8,300,0,18,25,200,62.255859375,352.2491084416707
2025-01-13,1900-01-13 02:00:00,2025-01-14 02:00:00,42,40,10.2,350,0,40,10.4,350,0,38,10.7,0,0,12,37,10.6,0,0,8,36,10.7,0,0,18,36,10.7,0,0,16,37,10.8,0,0,14,35,10.9,300,0,19,24,200,62.7522773742676,349.3067612965902
2025-01-13,1900-01-13 04:00:00,2025-01-14 04:00:00,42,41,10.2,350,0,10,10.4,350,0,37,10.8,0,0,17,37,10.6,0,0,12,35,10.6,0,0,14,37,10.6,0,0,14,37,10.7,0,0,14.2,36,10.9,300,300,18.2,25,210,65.8284454345703,329.7421155611674
2025-01-14,1900-01-13 06:00:00,2025-01-14 06:00:00,41,40,10.6,350,0,41,10.5,350,0,38,10.8,0,0,17.2,36,10.6,0,0,16,35,10.6,0,0,8,37,10.5,0,0,16,36,10.6,0,0,14,36,10.6,290,290,19,25,300,61.5,338.78
2025-01-14,1900-01-13 08:00:00,2025-01-14 08:00:00,38,39,10.9,400,0,39,10.5,13.4,0,34,10.6,0,0,15.4,34,10.6,0,0,15.4,35,10.6,0,0,12,33,10.7,0,0,13.8,32,10.8,0,0,14,33,10.8,270,0,18.6,28,230,61.65,355.01
2025-01-14,1900-01-13 10:00:00,2025-01-14 10:00:00,3.5,37,11,400,0,36,10.6,16,0,34,10.6,0,0,12.6,34,10.6,0,0,12.6,34,10.8,0,0,11,33,10.7,0,0,10,32,10.8,0,0,14.2,32,10.9,280,0,18,26,230,61.8,353.57
2025-01-14,1900-01-13 12:00:00,2025-01-14 12:00:00,32,37,10.5,400,0,37,10.7,6.2,0,36,10.7,0,0,14.2,36,10.7,0,0,14.2,35,10.8,0,0,13.6,32,10.8,0,0,8.4,33,10.9,0,0,14,32,10.8,280,0,18.4,24,240,63.22,348.65
2025-01-14,1900-01-13 14:00:00,2025-01-14 14:00:00,37,37,10.5,400,0,37,10.7,16.4,0,36,10.6,0,0,15,36,10.6,0,0,15,35,10.8,0,0,14.6,32,10.8,0,0,7.6,33,10.9,0,0,13.8,32,10.8,270,0,18.2,25,210,62.64,356.62
2025-01-14,1900-01-13 16:00:00,2025-01-14 16:00:00,34,37,10.5,400,0,37,10.7,16.6,0,36,10.5,0,0,15.2,36,10.5,0,0,15.2,35,10.7,0,0,14.4,33,10.8,0,0,10.6,33,10.9,0,0,11,32,10.8,260,0,18,24,220,62.85,135.58
2025-01-14,1900-01-13 18:00:00,2025-01-14 18:00:00,37,37,11,450,0,36,10.6,16,0,35,10.5,0,0,15,35,10.5,0,0,15,35,10.5,0,0,15.6,34,10.4,0,0,14,33,10.6,0,0,8,34,10.6,280,0,18.8,24,250,62.89,0
2025-01-14,1900-01-13 20:00:00,2025-01-14 20:00:00,42,40,10.4,400,0,40,10.4,350,0,39,10.6,0,0,17,38,10.5,0,0,14,37,10.4,0,0,14,37,10.4,0,0,14,36,10.5,0,0,8,36,10.6,270,0,17.2,25,150,62.64,0
2025-01-14,1900-01-13 22:00:00,2025-01-14 22:00:00,41,41,10,400,0,39,10.4,350,0,40,10.6,0,0,16.4,39,10.5,0,0,15,36,10.4,0,0,16.4,35,10.4,0,0,14.4,35,10.5,0,0,8,37,10.6,280,0,18,25,150,57.16,237.38
2025-01-14,1900-01-14 00:00:00,2025-01-15 00:00:00,42,41,10.6,350,0,40,10.5,350,0,40,10.6,0,0,16.6,40,10.4,0,0,15.4,39,10.4,0,0,14.6,37,10.3,0,0,14.2,37,10.4,0,0,8.4,35,10.6,260,0,18,24,150,57.92,387.74
2025-01-14,1900-01-14 02:00:00,2025-01-15 02:00:00,40,41,10.6,350,0,40,10.5,350,0,39,10.6,0,0,17,39,10.4,0,0,15,38,10.4,0,0,16.2,36,10.3,0,0,15,36,10.4,0,0,15,36,10.6,270,0,13,24,150,61.16,367.84
2025-01-14,1900-01-14 04:00:00,2025-01-15 04:00:00,41,40,10.5,350,0,41,10.6,300,0,40,10.5,0,0,17.2,39,10.4,0,0,15.2,39,10.4,0,0,15.8,37,10.4,0,0,14.4,36,10.5,0,0,10.5,35,10.6,280,0,13.2,24,160,58.57,376.07
2025-01-15,1900-01-14 06:00:00,2025-01-15 06:00:00,41,41,10.5,350,0,40,10.4,300,0,39,10.5,0,0,17.4,40,10.5,0,0,15,39,10.4,0,0,15.6,36,10.4,0,0,14.6,37,10.5,0,0,15.2,35,10.5,270,0,13,0,160,58.8826484680176,383.10402221679686
2025-01-15,1900-01-14 08:00:00,2025-01-15 08:00:00,35,39,11.1,300,0,37,10.5,300,0,38,10.5,0,0,16,37,10.6,0,0,14.6,36,10.6,0,0,15.6,36,10.6,0,0,13,34,10.6,0,0,14,34,10.5,270,0,11.6,28,240,57.7799491882324,377.7212337493896
2025-01-15,1900-01-14 10:00:00,2025-01-15 10:00:00,40,40,10.9,300,0,36,10.6,350,0,37,10.6,0,0,16.2,37,10.6,0,0,14.4,36,10.6,0,0,15,36,10.6,0,0,13,34,10.6,0,0,14.2,36,10.5,260,0,11.4,29,220,59.326171875,379.6236014048258
2025-01-15,1900-01-14 12:00:00,2025-01-15 12:00:00,30,39,10.7,300,0,38,10.4,350,0,38,10.5,0,0,16.2,37,10.5,0,0,14.2,36,10.5,0,0,15.6,36,10.5,0,0,13.2,35,10.5,0,0,14.4,36,10.4,270,0,11.8,28,230,58.80126953125,378.7737509409587
2025-01-15,1900-01-14 14:00:00,2025-01-15 14:00:00,0,0,0,0,0,0,0,0,0,0,0,0,0,0,0,0,0,0,0,0,0,0,0,0,0,0,0,0,0,0,0,0,0,0,0,0,0,0,0,0,0,58.0729179382324,378.39023933410647
2025-01-15,1900-01-14 16:00:00,2025-01-15 16:00:00,39,37,10.7,350,0,36,10.7,300,0,35,10.4,0,0,15,35,10.6,0,0,13,36,10.4,0,0,16,32,10.5,0,0,14.6,33,10.4,0,0,14,32,10.4,270,0,11.4,25,240,58.7320976257324,379.7861207326253
2025-01-15,1900-01-14 18:00:00,2025-01-15 18:00:00,39,39,10.6,350,0,38,10.5,300,0,36,10.6,0,0,16,36,10.6,0,0,14,34,10.5,0,0,15.8,32,10.5,0,0,14.2,32,10.4,0,0,14.4,33,10.4,280,0,11.6,24,240,58.7646484375,379.95213623046874
2025-01-15,1900-01-14 20:00:00,2025-01-15 20:00:00,-,40,10.3,400,0,40,10.4,350,0,40,10.3,0,0,16,39,10.2,0,0,14,38,10.2,0,0,16,35,10.3,0,0,15,34,10.3,0,0,15,35,10.3,250,0,17,-,-,58.7239570617676,379.7696036020915
2025-01-15,1900-01-14 22:00:00,2025-01-15 22:00:00,-,40,10.3,400,0,38,10.3,350,0,39,10.3,0,0,16.4,39,10.2,0,0,14.4,38,10.2,0,0,16.2,36,10.3,0,0,14.8,34,10.3,0,0,15.2,35,10.3,200,0,12,-,-,58.3251953125,381.90634638468424
2025-01-15,1900-01-15 00:00:00,2025-01-16 00:00:00,42,42,10.3,350,0,40,10.3,350,0,40,10.3,0,0,16.2,38,10.2,0,0,14.4,39,10.2,0,0,16,36,10.3,0,0,15,35,10.3,0,0,14.8,37,10.4,180,0,11.4,25,100,58.65478515625,379.10337053934734
2025-01-15,1900-01-15 02:00:00,2025-01-16 02:00:00,40,40,10.3,350,0,40,10.2,300,0,40,10.3,0,0,16.4,39,10.2,0,0,14.6,39,10.2,0,0,16.4,37,10.2,0,0,15.2,37,10.2,0,0,15,37,10.3,190,0,12,24,100,59.1634101867676,379.2834922790527
2025-01-15,1900-01-15 04:00:00,2025-01-16 04:00:00,41,42,10.3,350,0,40,10.2,300,0,40,10.3,0,0,16.2,39,10.2,0,0,14,40,10.2,0,0,16,36,10.2,0,0,15,36,10.2,0,0,14.8,36,10.3,200,0,11.8,26,120,59.2976875305176,378.3679349263509
2025-01-16,1900-01-15 06:00:00,2025-01-16 06:00:00,38,38,10.8,400,0,41,10.6,350,0,39,10.5,0,0,17,38,10.5,0,0,14.2,37,10.5,0,0,16.2,35,10.4,0,0,15.2,37,10.4,0,0,14.6,34,10.4,220,0,12,25,140,59.5906562805176,376.17790298461915
2025-01-16,1900-01-15 08:00:00,2025-01-16 08:00:00,39,38,11.7,350,0,36,10.5,400,0,37,10.9,0,0,17,36,10.6,0,0,13,36,10.5,0,0,18.8,36,10.5,0,0,13.6,35,10.5,0,0,15,35,10.5,250,0,11.6,28,200,60.03417969,375.9477483091666
2025-01-16,1900-01-15 10:00:00,2025-01-16 10:00:00,40,38,11.4,350,0,37,10.8,400,0,38,10.9,0,0,17.2,37,10.6,0,0,13.4,37,10.5,0,0,18.8,34,10.5,0,0,13.2,35,10.5,0,0,14.8,34,10.6,240,0,11.8,25,180,60.07080078,375.9675201433333
2025-01-16,1900-01-15 12:00:00,2025-01-16 12:00:00,40,39,11.3,350,0,38,10.9,350,0,39,10.9,0,0,16.8,36,10.6,0,0,13,37,0,0,0,18,35,10.4,0,0,13,34,10.4,0,0,15.2,34,10.5,250,0,11.6,27,170,59.65169144,375.23582242249995
2025-01-16,1900-01-15 14:00:00,2025-01-16 14:00:00,39,38,11.2,350,0,40,11.2,350,0,38,11,0,0,17,37,10.7,0,0,13.2,36,0,0,0,18.2,36,10.5,0,0,13.6,35,10.4,0,0,15,37,10.5,260,0,11.4,24,200,59.52148438,377.4983126316667
2025-01-16,1900-01-15 16:00:00,2025-01-16 16:00:00,38,38,11,350,0,39,11.1,350,0,38,11,0,0,16.6,36,10.8,0,0,13.6,37,0,0,0,18,34,10.4,0,0,13.6,34,10.5,0,0,15,36,10.4,260,0,11.8,25,190,59.50114059,375.82863108249995
2025-01-16,1900-01-15 18:00:00,2025-01-16 18:00:00,36,37,11,300,0,39,11,300,0,37,11,0,0,17,38,10.8,0,0,17,36,10.7,0,0,18.4,35,10.4,0,0,13.4,34,10.4,0,0,15,35,10.4,260,0,11.6,26,200,59.05354691,380.98210780000005
2025-01-16,1900-01-15 20:00:00,2025-01-16 20:00:00,38,40,10.7,300,0,38,10.8,250,0,35,11.1,0,0,17,38,10.9,0,0,14,41,10.7,0,0,18,37,10.6,0,0,14,34,10.4,0,0,15,35,10.3,290,0,12,28,160,58.8948555,378.1165599841668
2025-01-16,1900-01-15 22:00:00,2025-01-16 22:00:00,39,38,11.1,300,0,37,11.1,250,0,36,11.1,0,0,17.4,37,11,0,0,14.8,40,10.7,0,0,17.6,37,10.5,0,0,14.6,36,10.7,0,0,14.8,38,10.5,250,0,12.4,30,130,58.63444138,378.9899206825
2025-01-16,1900-01-16 00:00:00,2025-01-17 00:00:00,37,37,11,300,0,40,11,250,0,38,11,0,0,17.2,39,11.2,0,0,14.6,38,10.7,0,0,17.8,39,10.5,0,0,14.6,34,10.5,0,0,15,35,10.4,260,0,12,28,140,58.68733597,379.51159846083334
2025-01-16,1900-01-16 02:00:00,2025-01-17 02:00:00,40,39,11,350,0,40,11,300,0,39,11,0,0,17,38,11.2,0,0,14.2,37,10.7,0,0,18,37,10.5,0,0,14,35,10.5,0,0,15.2,36,10.4,260,0,12,26,140,58.90299606,378.1366943350001
2025-01-16,1900-01-16 04:00:00,2025-01-17 04:00:00,41,39,10.9,350,0,40,10.9,300,0,40,10.9,0,0,17.2,37,11,0,0,14,39,10.9,0,0,17.8,38,10.7,0,0,14.2,37,10.7,0,0,15,37,10.7,250,0,12.2,28,120,59.24072266,377.2161940258333
2025-01-17,1900-01-16 06:00:00,2025-01-17 06:00:00,39,40,10.9,300,0,39,10.9,300,0,39,0.9,0,0,17.4,38,10.9,0,0,14.2,38,10.9,0,0,18.2,37,10.8,0,0,14,35,10.8,0,0,15.4,38,10.7,270,0,12.4,20,150,59.5703125,375.3543355308333
2025-01-17,1900-01-16 08:00:00,2025-01-17 08:00:00,37,38,10.9,350,0,38,11,350,0,39,11,0,0,15.8,37,11,0,0,10.8,37,11,0,0,14.2,36,10.9,0,0,14,35,10.9,0,0,15.4,56,10.8,280,0,10.2,27,250,59.92431640625,374.7755106608073
2025-01-17,1900-01-16 10:00:00,2025-01-17 10:00:00,39,38,11,350,0,39,11,300,0,38,11,0,0,15.6,36,11,0,0,11.2,37,10.9,0,0,15,35,10.9,0,0,14.2,35,10.9,0,0,14.6,34,10.9,260,0,10.6,25,216,59.43603515625,378.58953119913735
2025-01-17,1900-01-16 12:00:00,2025-01-17 12:00:00,38,39,11.3,350,0,40,10.9,300,0,36,10.9,0,0,15.8,37,11,0,0,10.4,38,11,0,0,18.2,36,10.9,0,0,13.6,36,11,0,0,15,35,10.9,260,0,11.8,25,210,59.2244453430176,374.55126355489097
2025-01-17,1900-01-16 14:00:00,2025-01-17 14:00:00,39,40,11.5,350,0,41,10.8,350,0,37,10.8,0,0,15,37,10.9,0,0,10.2,37,11,0,0,18.6,36,11,0,0,13,36,10.9,0,0,14,35,10.8,250,0,12,26,210,58.6466484069824,379.3619785308838
2025-01-17,1900-01-16 16:00:00,2025-01-17 16:00:00,39,0,0,0,0,0,0,0,0,0,0,0,0,0,0,0,0,0,0,0,0,0,0,0,0,0,0,0,0,0,0,0,0,0,0,0,0,0,0,0,0,58.4391288757324,382.6259883880615
2025-01-17,1900-01-16 18:00:00,2025-01-17 18:00:00,34,37,11.1,400,0,37,11.6,350,0,38,10.9,0,0,15.2,37,11,0,0,11,38,10.8,0,0,18,35,10.9,0,0,13.4,35,11,0,0,14.2,34,10.8,240,0,11.8,25,200,58.1787109375,375.90446554819744
2025-01-17,1900-01-16 20:00:00,2025-01-17 20:00:00,38,37,11.1,350,0,38,11,350,0,35,10.8,0,0,16,38,10.9,0,0,13,34,10.9,0,0,18,37,10.8,0,0,14,38,10.6,0,0,16,38,10.7,310,0,12,25,130,58.2194023132324,385.220872370402
2025-01-17,1900-01-16 22:00:00,2025-01-17 22:00:00,33,38,11,400,0,35,10.9,350,0,36,10.8,0,0,16.8,37,10.9,0,0,14,35,10.9,0,0,17.6,37,10.8,0,0,14.2,35,10.7,0,0,16.2,36,10.7,270,0,12.6,24,100,58.4635429382324,386.5399543762207
2025-01-17,1900-01-17 00:00:00,2025-01-18 00:00:00,38,37,11.1,400,0,38,10.9,350,0,38,10.9,0,0,16.6,39,10.8,0,0,13.4,37,10.8,0,0,18.2,36,10.8,0,0,14.4,37,10.8,0,0,16,37,10.8,300,0,12.4,25,120,58.2722969055176,386.3599540710449
2025-01-17,1900-01-17 02:00:00,2025-01-18 02:00:00,37,37,11,400,0,37,11,350,0,37,10.9,0,0,16,38,10.9,0,0,13.2,37,10.8,0,0,18,37,10.8,0,0,14,36,10.8,0,0,16.4,36,10.7,290,0,12,26,140,58.5245780944824,387.3419418334961
2025-01-17,1900-01-17 04:00:00,2025-01-18 04:00:00,39,38,11.1,400,0,38,10.9,350,0,38,10.8,0,0,16,37,10.8,0,0,13.2,37,10.7,0,0,18.2,37,10.7,0,0,14.2,37,10.7,0,0,16,36,10.8,270,0,12.4,27,110,58.2926445007324,384.7195701599121
2025-01-18,1900-01-17 06:00:00,2025-01-18 06:00:00,38,37,10.9,400,0,37,10.9,350,0,38,11,0,0,17,37,11,0,0,14,39,11,0,0,17,39,10.7,0,0,15,37,10.8,0,0,16,37,10.8,250,0,17,28,100,62.63427734375,383.1023345947266
2025-01-18,1900-01-17 08:00:00,2025-01-18 08:00:00,38,40,11.2,350,0,42,11,400,0,35,11,0,0,15.38,34,11,0,0,13.46,34,11,0,0,13.46,36,11,0,0,12.3,35,10.8,0,0,13.46,33,10.9,280,0,12.5,25,230,58.8094062805176,365.15263315836586
2025-01-18,1900-01-17 10:00:00,2025-01-18 10:00:00,37,39,11.3,350,0,40,11,350,0,37,11,0,0,15.57,35,11.1,0,0,13.26,36,11,0,0,14.23,35,11,0,0,11.53,34,10.9,0,0,14.03,34,10.9,270,0,12.69,22,220,58.14208984375,381.9313032786051
2025-01-18,1900-01-17 12:00:00,2025-01-18 12:00:00,37,38,11,400,0,38,10.7,350,0,36,10.7,0,0,14.42,36,10.6,0,0,14.23,34,10.6,0,0,14.42,36,10.6,0,0,12.5,35,10.7,0,0,15.38,34,10.7,270,0,12.3,26,220,58.7158203125,381.900679397583
2025-01-18,1900-01-17 14:00:00,2025-01-18 14:00:00,35,38,11.2,350,9.1,37,10.7,300,9,37,10.8,0,8.4,15.38,35,10.6,0,8.6,13.46,35,10.6,0,8.4,14.23,34,10.7,0,8.5,12.5,34,10.7,0,8.5,14.42,35,10.6,300,8.3,12.5,23,260,58.3536796569824,383.9803960164388
2025-01-18,1900-01-17 16:00:00,2025-01-18 16:00:00,34,38,11.1,350,9,38,10.9,350,8.8,38,10.9,0,9.1,14.42,37,10.6,0,8.4,13.26,37,10.7,0,8.9,14.23,36,10.7,0,8.3,13.46,35,10.8,0,8.4,15.57,36,10.8,280,8.5,12.3,0,0,73.98681640625,384.2933787027995
2025-01-18,1900-01-17 18:00:00,2025-01-18 18:00:00,0,37,11.2,400,8.9,36,11,350,9.1,40,10.8,0,9,15.57,38,10.7,0,8.8,14.42,36,10.8,0,8.8,13.46,35,10.8,0,8.7,12.5,38,10.8,0,8.7,15.38,35,10.7,280,8.21,11.53,0,0,94.8811798095703,277.8496332751044
2025-01-18,1900-01-17 20:00:00,2025-01-18 20:00:00,41,38,11.3,400,8.9,39,11,350,8.7,38,10.8,0,8.9,17,37,10.8,0,8.8,15,37,10.7,0,8.7,16,29,10.7,0,8.8,8,30,10.6,0,8.9,15,32,10.6,300,8.8,6,29,230,94.8689727783203,282.7722321963869
2025-01-18,1900-01-17 22:00:00,2025-01-18 22:00:00,39,39,11.1,300,8.8,38,10.9,250,8.7,38,10.9,0,8.9,17.2,38,10.8,0,8.7,14.8,38,10.7,0,8.7,16.4,32,10.7,0,8.8,13,35,10.6,0,8.8,15.6,35,10.7,280,8.8,13,28,200,94.90966796875,287.2230668874768
2025-01-18,1900-01-18 00:00:00,2025-01-19 00:00:00,40,38,11,300,9.1,37,10.9,300,8.9,37,10.9,0,9.2,17,39,10.8,0,8.8,15,39,10.8,0,8.6,16.6,36,10.7,0,8.5,14,36,10.6,0,8.9,15.4,36,10.6,300,8.6,14,27,210,95.0480117797852,289.90981837739236
2025-01-18,1900-01-18 02:00:00,2025-01-19 02:00:00,41,39,11,350,9.4,38,10.9,300,9.1,38,11,0,9.2,17.2,39,10.9,0,9.2,15,38,10.8,0,8.8,16.4,36,10.5,0,8.9,14,35,10.6,0,8.7,15.2,35,10.6,290,8.7,14,26,300,95.0235977172852,291.06481545773954
2025-01-18,1900-01-18 04:00:00,2025-01-19 04:00:00,37,39,11,350,8.9,37,10.9,350,8.8,37,11,0,9.7,17,38,10.9,0,9.5,15,38,10.8,0,9.2,16.4,35,10.5,0,9,14.2,36,10.6,0,9.2,15,34,10.6,290,8.7,14,28,200,95.0602188110352,293.45570430175866
2025-01-19,1900-01-18 06:00:00,2025-01-19 06:00:00,32,39,11.4,350,9.2,38,11.1,350,9.3,38,10.7,0,9.5,17.72,39,10.9,0,9.3,15,40,10.7,0,8.9,16,35,10.8,0,9.1,14.6,34,10.8,0,9.1,15.2,35,10.8,280,8.8,17,29,190,95.0154571533203,294.3901906569799
2025-01-19,1900-01-18 08:00:00,2025-01-19 08:00:00,32,34,11.4,350,9.1,36,11.2,350,8.1,35,11,0,8.6,14.42,33,11,0,7.6,12.5,34,11,0,7.4,15.38,32,10.9,0,7.4,12.5,31,10.8,0,6.5,15.38,32,10.8,280,6,14.42,23,250,94.9259414672852,295.50250832891714
2025-01-19,1900-01-18 10:00:00,2025-01-19 10:00:00,34,36,11.3,350,9,36,11.2,350,9,34,11.1,0,8.9,14.8,34,11,0,7.5,12.3,35,11,0,7.5,15.76,32,11,0,7.6,12.5,33,10.8,0,6.7,15.19,33,10.9,280,6.4,14.8,23,240,94.9991836547852,294.95454791809124
2025-01-19,1900-01-18 12:00:00,2025-01-19 12:00:00,37,35,11.3,350,8.9,36,11.1,350,9.3,35,11.1,0,8.9,15,34,11.1,0,7.8,12.88,33,11,0,7.5,13.07,33,10.9,0,7.6,13.83,31,10.7,0,7.2,15.76,32,10.8,290,7.1,15.76,25,240,95.0602188110352,294.1905377841244
2025-01-19,1900-01-18 14:00:00,2025-01-19 14:00:00,40,36,11.1,400,9,35,11.1,350,9.2,36,11.1,0,8.7,14.42,36,11,0,7.8,12.5,35,10.9,0,7.8,11.92,35,10.8,0,7.8,13.46,31,10.6,0,7.3,15.38,34,10.6,280,6.8,16.34,24,250,94.98291015625,297.81599627087513
2025-01-19,1900-01-18 16:00:00,2025-01-19 16:00:00,39,37,11.2,400,9.1,36,11.4,300,8.9,34,11.4,0,8.8,6.73,35,10.9,0,7.6,12.88,34,10.9,0,7.8,14.42,34,10.8,0,7.8,13.46,32,10.6,0,7,15.19,33,10.7,270,6.9,15.38,22,230,94.9422149658203,293.90154856523344
2025-01-19,1900-01-18 18:00:00,2025-01-19 18:00:00,37,38,11.2,500,9.6,35,11.3,550,9.1,34,11.2,0,8.3,7.69,34,11.1,0,8.7,12.88,34,10.9,0,7.7,13.07,34,10.9,0,7.4,13.46,32,10.7,0,7.1,15.76,33,10.8,270,6.8,10.34,23,220,95.1334609985352,318.77592099273267
2025-01-19,1900-01-18 20:00:00,2025-01-19 20:00:00,41,39,11.2,400,9.4,37,11.3,500,9.3,34,11.2,0,9.3,7,35,11.1,0,8.7,13,38,11,0,8.8,18,35,11,0,8.2,14,36,10.8,0,8.3,16,35,10.8,290,7.8,18,26,220,94.9991836547852,292.70459546471636
2025-01-19,1900-01-18 22:00:00,2025-01-19 22:00:00,37,39,10.9,450,10.2,37,11.1,450,10.1,34,11.2,0,9.5,5,36,11,0,9.1,14,37,11,0,8.7,18,36,11,0,8.5,14.2,35,10.8,0,8.7,16.6,34,10.7,280,9.5,18.2,24,200,94.9259414672852,291.6729364018111
2025-01-19,1900-01-19 00:00:00,2025-01-20 00:00:00,38,39,10.9,450,9.8,37,11.1,400,9.7,36,11,0,9.2,12,36,11,0,9.3,7,37,11,0,8.5,17,36,11,0,8.2,14.4,35,10.9,0,8.5,16.3,35,10.9,270,9.3,17.8,24,190,94.95849609375,284.90632259535295
2025-01-19,1900-01-19 02:00:00,2025-01-20 02:00:00,38,39,11,450,10.4,37,10.9,350,10.2,34,10.9,0,9.3,14,35,11.1,0,8.8,3,35,11.1,0,8.9,18.2,36,11,0,8.5,14.2,36,10.9,0,8.8,16,36,10.9,320,9.2,18,26,240,94.9625625610352,284.10542032085357
2025-01-19,1900-01-19 04:00:00,2025-01-20 04:00:00,39,39,10.6,400,10.2,38,10.9,350,9.8,35,10.9,0,8.9,15,34,11.1,0,9.1,12,35,11,0,8.7,10,36,11,0,8.9,14,35,10.9,0,8.2,16.4,34,10.9,310,9.4,18.4,23,250,94.9462890625,279.59792092403706
2025-01-20,1900-01-19 06:00:00,2025-01-20 06:00:00,39,38,10.6,400,9.7,37,10.9,350,9.3,35,10.9,0,9.1,15,35,11.1,0,9.3,16,35,11,0,8.9,5,35,11,0,9.1,14.4,36,10.9,0,8.7,16,35,10.9,300,9.7,18.2,25,240,95.05615234375,278.19577156819867
2025-01-20,1900-01-19 08:00:00,2025-01-20 08:00:00,37,36,10.4,350,9.2,34,10.9,400,9.6,36,11.1,0,9.3,13.46,35,11.2,0,7.5,15.38,34,11.2,0,6.8,6.73,34,11.2,0,6.7,11.53,33,11.1,0,6.8,15.38,32,11.1,330,6.5,15.38,23,290,94.9137344360352,288.90817962928367
2025-01-20,1900-01-19 10:00:00,2025-01-20 10:00:00,37,35,10.7,350,9.4,35,11,400,9.5,34,11.2,0,9.3,16.92,36,11.2,0,7.4,11.53,36,11.2,0,6.7,9.61,33,11.1,0,6.7,5.19,32,11.1,0,6.8,14.8,32,11,330,6.5,15.38,25,300,95.0602188110352,267.0929773991462
2025-01-20,1900-01-19 12:00:00,2025-01-20 12:00:00,38,36,10.6,350,9.7,35,11,400,9,35,11.1,0,9.1,16.34,36,11.2,0,7.4,13.46,36,11.2,0,6.9,10.57,34,11.2,0,6.5,13.46,33,11,0,6.8,7.69,34,11,330,6.6,14.8,22,300,95.1090469360352,258.74132055883916
2025-01-20,1900-01-19 14:00:00,2025-01-20 14:00:00,0,37,10.9,350,9.1,36,10.9,400,9.1,37,11.1,0,9.1,16.92,36,11.1,0,7.5,13.46,35,11.2,0,6.8,13.07,33,11.1,0,6.9,13.07,32,10.9,0,6.7,11.53,33,11.1,340,6.6,14.42,0,0,80.9366836547852,277.1692944804672
2025-01-20,1900-01-19 16:00:00,2025-01-20 16:00:00,0,38,10.9,350,9.8,35,10.8,400,9.7,35,10.9,0,9.4,17.11,35,10.9,0,7.8,14.03,36,11.1,0,6.8,13.84,32,11,0,6.8,13.84,32,10.9,0,6.8,11.92,33,11,340,6.5,10.57,0,0,94.78759765625,279.9745616065028
2025-01-20,1900-01-19 18:00:00,2025-01-20 18:00:00,0,37,10.9,350,9.9,37,10.6,400,9.9,33,10.8,0,9.1,17.31,34,10.8,0,7,14.42,33,10.8,0,6.9,13.46,31,10.9,0,6.7,14.42,30,10.9,0,6.7,12.25,32,10.9,350,6.5,8.65,0,0,95.01953125,294.5888788224043
2025-01-20,1900-01-19 20:00:00,2025-01-20 20:00:00,0,0,0,0,0,0,0,0,0,0,0,0,0,0,0,0,0,0,0,0,0,0,0,0,0,0,0,0,0,0,0,0,0,0,0,0,0,0,0,0,0,94.9747695922852,299.2261047557462
2025-01-20,1900-01-19 22:00:00,2025-01-20 22:00:00,41,39,10,350,9.5,37,10.3,350,9.2,35,10.4,0,9,18,35,10.8,0,8.4,14,36,10.9,0,8.6,15,33,11,0,7.4,15,34,11,0,8.7,14,34,11,350,8.5,8,0,0,94.9544219970703,298.09377396665514
2025-01-20,1900-01-20 00:00:00,2025-01-21 00:00:00,40,39,10,300,9.7,37,10.3,350,9.5,35,10.4,0,9.2,18,36,10.8,0,8.6,14,36,10.9,0,8.6,15,33,11,0,7.8,15,34,11,0,8.2,14,34,11,350,8.5,8,22,270,94.8974609375,299.1068671809354
2025-01-20,1900-01-20 02:00:00,2025-01-21 02:00:00,0,40,10.2,300,9.5,38,10.3,350,9.8,34,10.4,0,9.5,17.8,36,10.8,0,8.3,14.2,36,10.9,0,8.5,15,34,11,0,7.9,15.2,35,11,0,8.3,14.1,35,11,320,8.6,8,25,250,94.8526992797852,300.1093510897287
2025-01-20,1900-01-20 04:00:00,2025-01-21 04:00:00,0,39,10.2,300,8.9,38,10.3,350,9.2,35,10.4,0,9.2,17.8,35,10.8,0,8.5,14,35,10.9,0,8.9,15.2,35,11,0,7.5,15.4,35,11,0,8.6,14,34,11,330,8.9,8,21,200,94.9666290283203,298.77037444530674
2025-01-21,1900-01-20 06:00:00,2025-01-21 06:00:00,0,39,10.9,300,9.8,37,10.5,350,11.2,35,10.7,0,9.2,18,36,10.8,0,8.4,14,36,11,0,7.2,15,35,11,0,8.9,15,34,10.9,0,9.4,14,34,11,300,8.4,12,0,0,94.91,297.86
2025-01-21,1900-01-20 08:00:00,2025-01-21 08:00:00,0,38,11.1,300,11,37,10.6,350,11.7,35,10.8,0,7.5,16.34,34,10.8,0,6.8,12.18,34,11,0,6.7,13.46,31,11,0,6.9,13.46,34,11,0,6.7,12.5,33,11,250,6.2,10.57,0,0,94.87,295.37
2025-01-21,1900-01-20 10:00:00,2025-01-21 10:00:00,0,37,11.1,300,11.1,37,10.6,350,11.5,36,10.8,0,7.8,17.11,33,10.8,0,7,13.07,35,11,0,6.7,13.26,30,11,0,7.1,14.03,32,11,0,6.6,12.88,33,11,250,6.4,10.96,0,0,95.02,291.45
2025-01-21,1900-01-20 12:00:00,2025-01-21 12:00:00,0,36,10.9,300,11.2,36,10.6,300,11.5,35,10.7,0,7.9,16.73,34,10.8,0,7.1,13.04,35,10.9,0,6.9,14.03,32,11,0,7.2,13.26,33,10.8,0,6.8,12.88,32,10.8,290,6.6,10.57,0,0,95.05,293.33
2025-01-21,1900-01-20 14:00:00,2025-01-21 14:00:00,30,36,10.9,300,11.1,37,10.5,300,11.1,34,10.7,0,7.2,16.34,33,10.7,0,6.9,13.84,34,10.9,0,6.8,13.84,33,10.8,0,6.8,13.84,31,10.7,0,6.7,12.3,31,10.7,290,6.2,10.96,0,0,95.03,292.6
2025-01-21,1900-01-20 16:00:00,2025-01-21 16:00:00,37,34,10.8,300,10.9,36,10.4,300,10.9,33,10.5,0,7,17.3,31,10.7,0,6.8,13.07,33,10.7,0,7.1,11.53,32,10.7,0,6.6,14.23,31,10.7,0,6.9,12.11,31,10.7,310,6.8,10.57,21,280,95.04,292.18
2025-01-21,1900-01-20 18:00:00,2025-01-21 18:00:00,0,35,10.9,300,11,37,10.7,300,11.1,35,10.6,0,7.9,17.11,33,10.8,0,6.9,12.88,34,10.8,0,7.3,12.88,32,10.7,0,6.7,13.84,32,10.7,0,6.6,12.2,31,10.6,300,6.9,10.57,24,280,94.91,294.54
2025-01-21,1900-01-20 20:00:00,2025-01-21 20:00:00,34,38,10.3,350,9.7,37,10.3,300,9.9,35,10.5,0,9.6,18,36,10.6,0,9.3,14,36,10.7,0,8.9,15.4,33,10.8,0,8.6,15.2,33,10.8,0,8.9,14,34,10.9,380,9,12.2,26,250,94.84,295.16
2025-01-21,1900-01-20 22:00:00,2025-01-21 22:00:00,36,36,10.3,300,9.5,37,10.3,300,10.4,36,10.5,0,9.9,17.8,36,10.6,0,9.7,14.4,35,10.7,0,9.2,15,34,10.8,0,8.8,15.2,34,10.8,0,8.5,13.8,35,10.9,330,9.8,12,24,200,94.9,294.82
2025-01-21,1900-01-21 00:00:00,2025-01-22 00:00:00,40,38,10.2,350,10.2,39,10.4,300,10.9,36,10.5,0,9.7,17.8,35,10.6,0,9.5,14.2,36,10.7,0,9.5,15.4,35,10.8,0,8.9,15.4,34,10.8,0,8.5,14.2,34,10.9,340,9.6,12.4,226,220,94.86,294.28
2025-01-21,1900-01-21 02:00:00,2025-01-22 02:00:00,40,38,10.3,350,9.8,38,10.3,300,10.1,36,10.5,0,9.4,17.6,35,10.5,0,9.8,14,36,10.6,0,9.2,15,36,10.8,0,8.8,15.6,35,10.7,0,8.4,13.8,35,10.8,340,9.7,12,24,210,94.89,294.95
2025-01-21,1900-01-21 04:00:00,2025-01-22 04:00:00,41,38,10.1,350,10.2,37,10.2,300,10.5,35,10.4,0,9.8,17.8,36,10.5,0,9.3,14.2,35,10.6,0,9.4,15,36,10.7,0,9.1,15.4,36,10.8,0,8.7,14,34,10.9,320,9.9,12.2,23,190,94.86,295.77
2025-01-22,1900-01-21 06:00:00,2025-01-22 06:00:00,42,38,10.1,350,9.7,38,10.3,300,10.3,37,10.4,0,9.6,18,35,10.5,0,9.5,14.4,36,10.6,0,9.2,15.4,36,10.7,0,8.7,15,35,10.8,0,8.5,13.6,32,10.9,330,9.3,12,0,0,94.9625625610352,294.61058000481376
2025-01-22,1900-01-21 08:00:00,2025-01-22 08:00:00,41,39,11.9,350,10.2,36,10.8,300,10.1,37,10.4,0,7.5,16.34,34,10.4,0,7.9,17.5,35,10.7,0,7.6,15.38,34,10.7,0,7.1,13.46,32,10.7,0,6.9,12.5,30,10.9,310,7,10.57,22,290,94.9137344360352,293.53708460641406
2025-01-22,1900-01-21 10:00:00,2025-01-22 10:00:00,40,39,11.7,400,10.9,37,11,350,11,37,10.8,0,7,16.73,35,10.8,0,6.8,13.26,35,10.7,0,7.1,15.19,32,10.7,0,6.6,13.07,32,10.7,0,6.9,12.5,31,10.7,310,6.8,10.96,23,270,95.01953125,292.5420763584164
2025-01-22,1900-01-21 12:00:00,2025-01-22 12:00:00,38,38,11.2,400,10.9,37,10.9,350,0,36,10.6,0,7.6,16.73,36,10.5,0,6.9,13.26,34,10.5,0,7,15.38,33,10.6,0,7.2,13.46,33,10.6,0,6.6,13.46,32,10.6,310,6.4,10.96,24,280,95.1212539672852,291.9583091706658
2025-01-22,1900-01-21 14:00:00,2025-01-22 14:00:00,39,39,10.9,350,11.2,39,10.8,350,11.5,38,10.7,0,7.5,16.92,38,10.5,0,6.8,12.88,33,10.3,0,6.7,15,32,10.5,0,6.9,13.46,32,10.5,0,6.7,12.08,33,10.6,300,6.2,10.38,22,270,95.00732421875,291.58649160719165
2025-01-22,1900-01-21 16:00:00,2025-01-22 16:00:00,0,39,10.6,300,11.1,38,10.6,300,11.1,39,10.6,0,7.7,16.73,37,10.5,0,7.5,12.5,35,10.3,0,6.8,14.23,34,10.4,0,7,14.42,34,10.4,0,6.8,12.5,33,10.4,280,6.5,12.11,24,260,94.921875,295.55519499778745
2025-01-22,1900-01-21 18:00:00,2025-01-22 18:00:00,39,39,10.4,350,10.8,38,10.6,300,10.8,38,10.4,0,7.9,16.34,39,10.5,0,7.8,11.53,38,10.4,0,7.2,13.46,34,10.4,0,7.3,14.42,32,10.3,0,7,12.3,33,10.5,280,6.9,14.42,24,250,95.0480117797852,294.174141361285
2025-01-22,1900-01-21 20:00:00,2025-01-22 20:00:00,38,38,10.3,300,9,38,10.6,300,9.6,37,10.5,0,8.6,16.34,36,10.5,0,8.5,11.53,36,10.4,0,7.4,16.34,36,10.4,0,6.8,14.42,36,10.4,0,6.5,13.07,36,10.5,240,6,13.46,28,210,94.9869766235352,292.24910742575304
2025-01-22,1900-01-21 22:00:00,2025-01-22 22:00:00,37,38,11.1,250,8.8,38,10.7,300,8.9,37,10.6,0,8.5,15.38,36,10.5,0,8.3,12.5,36,10.5,0,7.6,14.42,36,10.5,0,6.5,13.84,35,10.5,0,6.4,13.46,34,10.6,230,7.2,13.07,24,210,94.9462890625,294.36921364646406
2025-01-22,1900-01-22 00:00:00,2025-01-23 00:00:00,34,38,11,250,9.2,37,10.8,300,9.4,37,10.7,0,8.4,16.15,37,10.5,0,8.3,11.92,36,10.5,0,8.1,15.38,36,10.5,0,7.2,14.42,36,10.5,0,7.4,13.46,35,10.5,230,7.2,13.65,27,210,94.6695938110352,294.76164598052077
2025-01-22,1900-01-22 02:00:00,2025-01-23 02:00:00,35,38,10.9,300,9.4,39,11.3,300,9.3,38,11.1,0,8.8,15.38,37,10.8,0,8.4,12.5,36,10.8,0,8.1,14.42,36,10.7,0,7,14.42,36,10.7,0,7.2,13.07,35,10.6,220,7.2,13.46,25,210,94.9747695922852,294.1353201371773
2025-01-22,1900-01-22 04:00:00,2025-01-23 04:00:00,33,37,11.1,300,9.1,38,11.2,300,9.2,38,11,0,8.5,15,37,10.9,0,8.3,13.46,35,10.9,0,7.8,14.42,36,10.7,0,7.2,14.03,36,10.7,0,7,12.5,34,10.6,220,7.3,13.07,24,200,94.9625625610352,292.9758631571196
2025-01-23,1900-01-22 06:00:00,2025-01-23 06:00:00,34,37,10.9,400,8.9,37,10.8,350,9.1,37,10.8,0,8.6,16.34,36,10.8,0,8.5,11.53,36,10.7,0,8.8,16.34,36,10.6,0,7.7,14.42,36,10.5,0,7.5,13.07,36,10.4,240,7.3,13.46,28,220,94.94,294.46
2025-01-23,1900-01-22 08:00:00,2025-01-23 08:00:00,42,39,10.9,500,8.6,40,10.8,400,9.5,36,10.8,0,9.2,17.4,37,10.6,0,9.3,14,38,10.6,0,8.9,15.4,36,10.6,0,8.5,15,38,10.6,0,8.7,14,37,10.7,280,9.2,13,25,130,94.99,294.6
2025-01-23,1900-01-22 10:00:00,2025-01-23 10:00:00,38,39,10.8,500,8.3,40,10.7,450,9.9,38,10.8,0,9.5,18,38,10.6,0,9.7,13.4,38,10.5,0,8.5,15.2,37,10.5,0,8.3,15.6,38,10.5,0,8.5,14.5,38,10.5,270,9.3,15,26,120,95.02,296.45
2025-01-23,1900-01-22 12:00:00,2025-01-23 12:00:00,0,40,10.7,600,9.1,41,10.6,500,10.2,37,10.8,0,9.7,18.2,38,10.6,0,9.9,14.2,37,10.5,0,9.1,15.6,35,10.5,0,8.7,15.4,37,10.4,0,8.6,14.4,36,10.3,250,9.5,14,0,0,95,296.96
2025-01-23,1900-01-22 14:00:00,2025-01-23 14:00:00,40,40,10.8,650,8.7,41,10.8,500,10.3,39,10.7,0,9.3,18.4,38,10.7,0,8.5,14,39,10.6,0,8.7,15.2,38,10.6,0,8.3,15.4,39,10.6,0,8.5,14.4,36,10.6,280,8.7,14.8,28,170,95.08,296.93
2025-01-23,1900-01-22 16:00:00,2025-01-23 16:00:00,41,39,10.7,650,9.2,40,10.7,550,10.5,38,10.7,0,9.5,18,37,10.6,0,8.7,13.4,38,10.6,0,9.3,16,37,10.5,0,8.2,15,37,10.5,0,8.1,14.4,35,10.4,280,8.5,15,25,150,94.97,296.66
2025-01-23,1900-01-22 18:00:00,2025-01-23 18:00:00,35,38,10.7,600,8.8,38,10.7,550,10.9,37,10.7,0,9.2,18.2,36,10.6,0,8.1,13.6,37,10.6,0,9.5,15.4,37,10.5,0,8.5,15.4,38,10.5,0,8.3,14,35,10.4,290,8.7,15.2,24,170,95.01,300.89
2025-01-23,1900-01-22 20:00:00,2025-01-23 20:00:00,36,38,10.4,400,9.4,39,10.5,600,10.2,37,10.7,0,8.4,16.34,38,10.6,0,7.6,10.57,37,10.6,0,7.6,17.3,36,10.6,0,7,14.42,35,10.5,0,6.9,11.53,36,10.5,260,6.7,14.42,29,240,95,298.63
2025-01-23,1900-01-22 22:00:00,2025-01-23 22:00:00,38,38,10.4,400,9.4,39,10.5,500,10.1,37,10.7,0,8.4,15.38,38,10.6,0,7.5,12.5,37,10.6,0,7.3,16.73,36,10.5,0,7.2,14.03,35,10.5,0,6.8,11.9,36,10.5,240,6.7,13.84,28,240,94.91,300.32
2025-01-23,1900-01-23 00:00:00,2025-01-24 00:00:00,42,38,10.5,400,9.3,37,10.4,450,9.7,37,10.6,0,8.4,15,38,10.6,0,7.6,11.92,37,10.6,0,7.5,16.15,35,10.5,0,7.4,14.42,35,10.5,0,6.7,12.5,36,10.6,250,6.2,14.8,28,220,92.68,160.79
2025-01-23,1900-01-23 02:00:00,2025-01-24 02:00:00,40,37,10.5,300,9.7,37,10.8,300,9.8,38,10.7,0,8.5,16.34,37,10.7,0,7.5,10.57,37,10.6,0,7.6,17.3,36,10.6,0,7,14.42,36,10.6,0,6.9,11.53,35,10.7,240,6.4,14.42,29,240,94.43,315.95
2025-01-23,1900-01-23 04:00:00,2025-01-24 04:00:00,37,37,10.4,400,10.5,38,10.5,450,10.8,38,10.7,0,8.5,16.92,38,10.7,0,6.9,10,38,10.7,0,7.7,17.3,38,10.6,0,7.2,14.23,37,10.5,0,7.4,13.46,36,10.5,290,7.2,13.84,27,250,94.78,305.2
2025-01-24,1900-01-23 06:00:00,2025-01-24 06:00:00,40,38,10.4,400,10.2,37,10.5,450,10.4,38,10.7,0,8.4,16.34,37,10.7,0,7.5,10.57,37,10.7,0,7.2,17.3,37,10.7,0,7.2,14.42,37,10.6,0,7.2,11.53,37,10.6,280,6.7,14.42,28,220,94.9503555297852,304.52051978288995
2025-01-24,1900-01-23 08:00:00,2025-01-24 08:00:00,35,37,10.7,350,9.7,38,10.5,450,10.9,37,10.6,0,8.7,17.3,35,10.6,0,8.5,12.5,37,10.7,0,8.9,15.3,34,10.7,0,8.7,13.4,35,10.6,0,8.3,13.4,34,10.6,320,8.7,15.3,25,200,95.0032501220703,302.37774874729416
2025-01-24,1900-01-23 10:00:00,2025-01-24 10:00:00,33,40,10.9,350,10.7,38,10.6,400,11.2,38,10.6,0,9.3,17.3,35,10.6,0,9.2,11.5,38,10.7,0,9.1,15.3,36,10.6,0,9.3,13.4,36,10.7,0,8.7,13.5,33,10.6,340,9.1,23,25,210,95.1822891235352,301.6449659501513
2025-01-24,1900-01-23 12:00:00,2025-01-24 12:00:00,37,39,10.9,350,10.8,38,10.6,400,11.4,38,10.6,0,8.9,16.9,36,10.6,0,9.3,13.07,37,10.7,0,9.5,15.7,35,10.6,0,8.9,13.8,35,10.7,0,8.5,14.4,34,10.6,350,9.3,21.3,21,200,95.2351837158203,292.4948161255879
2025-01-24,1900-01-23 14:00:00,2025-01-24 14:00:00,40,39,10.9,350,10.7,37,10.6,400,11.7,37,10.6,0,8.7,17.3,35,10.6,0,9.5,12.5,37,10.7,0,9.8,15.3,36,10.6,0,8.3,13.8,35,10.7,0,8.7,14.4,35,10.6,350,9.4,21.3,24,210,95.0764923095703,302.8329954940826
2025-01-24,1900-01-23 16:00:00,2025-01-24 16:00:00,40,37,10.6,300,10.3,35,10.4,450,11.3,36,10.3,0,8.5,17.3,36,10.4,0,9.2,12.5,36,10.5,0,9.7,15.7,35,10.5,0,8.4,13.8,36,10.5,0,8.3,13.5,34,10.4,350,9.3,20.1,25,190,95.1334609985352,298.9791916447071
2025-01-24,1900-01-23 18:00:00,2025-01-24 18:00:00,0,37,10.6,250,10.7,36,10.4,450,10.9,35,10.3,0,8.9,18.2,36,10.3,0,9.7,13.07,35,10.4,0,9.3,15.3,35,10.5,0,8.7,13.4,35,10.4,0,8.5,13.5,32,10.4,350,9.7,19.2,22,200,94.4051055908203,207.4998794532381
2025-01-24,1900-01-23 20:00:00,2025-01-24 20:00:00,0,37,10.6,250,9.8,37,10.7,350,8.9,35,10.5,0,7.2,16.34,35,10.5,0,6.8,9.03,36,10.4,0,6.7,17.3,35,10.5,0,5.5,14.42,35,10.5,0,6.2,14.42,36,10.5,300,5.2,20.19,0,0,52.5716133117676,251.1801933771698
2025-01-24,1900-01-23 22:00:00,2025-01-24 22:00:00,0,37,10.6,250,9.6,37,10.7,350,8.9,35,10.5,0,7.1,16.34,35,10.5,0,6.7,9.61,36,10.4,0,6.4,17.3,35,10.5,0,5.5,14.23,35,10.5,0,6.2,14.42,35,10.5,300,5,20,0,0,53.0598945617676,265.75171235126135
2025-01-24,1900-01-24 00:00:00,2025-01-25 00:00:00,41,37,10.7,250,9.4,35,10.7,350,9.1,35,10.5,0,7.4,11.53,34,10.5,0,7.1,9.8,34,10.5,0,6.2,17.3,36,10.4,0,5.6,14.8,34,10.6,0,6.3,15.38,36,10.6,310,5.2,20.76,30,260,56.6487617492676,331.1335358673629
2025-01-24,1900-01-24 02:00:00,2025-01-25 02:00:00,43,39,10.6,350,9.5,39,10.5,350,9.4,38,10.5,0,7.5,9.61,37,10.5,0,7.2,10.57,37,10.5,0,6.4,16.73,37,10.5,0,5.9,14.42,35,10.6,0,6.4,14.8,36,10.6,290,5.5,19.61,29,250,58.9762382507324,347.6024791240692
2025-01-24,1900-01-24 04:00:00,2025-01-25 04:00:00,0,40,10.5,400,9.8,37,10.5,400,9.1,35,10.5,0,7.4,5.38,36,10.4,0,7.1,14.42,35,10.5,0,6.2,11.53,36,10.4,0,5.6,13.84,35,10.5,0,6.3,14.61,34,10.5,300,5.2,20.38,27,250,63.63525390625,351.44495048522947
2025-01-25,1900-01-24 06:00:00,2025-01-25 06:00:00,0,39,10.5,450,9.2,39,10.6,350,8.8,38,10.5,0,72,10.57,36,10.5,0,7.4,0,0,0,0,0,0,0,0,0,0,0,0,0,0,0,0,0,0,0,0,0,0,0,60.7014961242676,357.0533133824666
2025-01-25,1900-01-24 08:00:00,2025-01-25 08:00:00,45,37,10.4,500,9.1,36,10.5,350,9.1,36,10.5,0,8,13,34,10.5,0,6.9,11,34,10.4,0,6.7,12,33,10.5,0,6.6,14,34,10.5,0,6.4,13,34,10.6,350,6,12,0,0,57.9549140930176,374.23357865015663
2025-01-25,1900-01-24 10:00:00,2025-01-25 10:00:00,36,33,10.2,450,9.7,38,10.3,400,9.4,34,10.3,0,8.1,14,0,0,0,0,11,34,10.5,0,7,12,33,10.4,0,6.9,14,35,10.4,290,6.2,15,0,0,0,0,0,24,280,63.3138008117676,353.9706301371256
2025-01-25,1900-01-24 12:00:00,2025-01-25 12:00:00,35,35,10.3,400,9.5,36,10.3,0,9.1,37,10.3,0,8.1,14,0,0,0,0,0,36,10.4,0,7.1,12,35,10.3,0,6.7,14,34,10.3,290,6.1,14,0,0,0,0,0,26,240,57.87353515625,376.98242136637367
2025-01-25,1900-01-24 14:00:00,2025-01-25 14:00:00,36,36,10.48,350,9.2,35,10.7,350,9.3,36,10.2,0,8.2,14,0,0,0,0,0,36,10.3,0,7.1,12,35,10.3,0,6.8,14.6,37,10.3,270,6.5,13.8,0,0,0,0,0,24,200,57.40966796875,379.3420864105225
2025-01-25,1900-01-24 16:00:00,2025-01-25 16:00:00,35,36,10.6,350,9.1,35,10.4,500,9,34,10.6,0,7.9,14,0,0,0,0,0,36,10.3,0,7,11,35,10.3,0,6,14,35,10.2,360,6,17,0,0,0,0,0,23,270,56.8196601867676,378.5357578913371
2025-01-25,1900-01-24 18:00:00,2025-01-25 18:00:00,35,37,10.5,300,9.3,36,10.4,450,9.1,36,11.5,0,7.6,13.6,0,0,0,0,0,34,10.2,0,7.1,11.2,36,10.2,0,6.1,13.8,35,10.2,350,0,17,0,0,0,0,0,22,290,57.0597343444824,378.16876455942787
2025-01-25,1900-01-24 20:00:00,2025-01-25 20:00:00,38,38,11,300,8.2,37,10.8,450,8.4,35,10.7,0,7.7,14.42,34,10.4,0,6.6,9.6,35,10.6,0,7,8.65,35,105,0,8.6,13.46,34,10.4,320,5.8,16.73,34,10.4,0,5.7,17.69,27,270,57.2265625,373.7005686442057
2025-01-25,1900-01-24 22:00:00,2025-01-25 22:00:00,39,38,11,300,8.4,37,10.8,400,8.5,36,10.7,0,7.5,14.42,34,10.5,0,6.4,-,35,10.6,0,7.2,8.65,35,10.6,0,6.4,13.26,34,10.5,330,5.4,16.73,34,10.5,0,5.8,17.69,28,260,57.0271797180176,388.49127095540365
2025-01-25,1900-01-25 00:00:00,2025-01-26 00:00:00,39,38,10.9,250,8.2,38,10.9,350,8.9,36,10.8,0,7.4,14.61,-,-,-,-,-,37,10.7,0,7,9.8,34,10.5,0,6.1,13.26,34,10.5,350,5.4,16.34,-,-,-,-,-,27,270,57.2591133117676,388.5350362141927
2025-01-25,1900-01-25 02:00:00,2025-01-26 02:00:00,41,38,10.8,300,8.4,38,10.9,350,8.1,36,10.7,0,7.2,14.23,-,-,-,-,-,37,10,0,7.1,10.19,34,10.6,0,6.2,13.46,34,10.5,350,5.7,17.11,-,-,-,-,-,27,250,58.2926445007324,384.23755798339846
2025-01-25,1900-01-25 04:00:00,2025-01-26 04:00:00,42,39,10.7,300,9.1,39,10.6,200,8.4,37,0.7,0,7.2,14.23,-,-,-,-,-,36,10.6,0,7.2,10,36,10.6,0,6.4,13.46,33,10..5,350,5.7,17.3,-,-,-,-,-,29,280,58.11767578125,388.5874804178874
2025-01-26,1900-01-25 06:00:00,2025-01-26 06:00:00,41,39,10.7,300,9.1,38,10.7,300,8.1,37,10.7,0,7.4,14.42,-,-,-,-,-,37,10.7,0,7.4,10,33,10.5,0,6.2,13.26,33,10.5,340,5.2,17.3,-,-,-,-,-,38,260,58.1258125305176,387.9611541748047
2025-01-26,1900-01-25 08:00:00,2025-01-26 08:00:00,41,40,10.8,250,9.8,38,10.7,300,8.9,38,10.8,0,7.2,13.7,0,0,0,0,0,38,10.8,0,6.7,10.19,36,10.8,0,5.5,13.64,38,10.8,300,6.2,17.3,0,0,0,0,0,29,260,59.0087890625,388.4189333597819
2025-01-26,1900-01-25 10:00:00,2025-01-26 10:00:00,42,38,10.6,250,9.9,40,10.6,300,8.7,39,10.5,0,7,14.4,38,10.6,0,7,9.6,36,10.6,0,6.3,0,35,10.7,0,6.1,13,35,10.7,450,6.3,17.3,0,0,0,0,0,22,400,59.0657539367676,387.8572285970052
2025-01-26,1900-01-25 12:00:00,2025-01-26 12:00:00,41,39,10.6,300,9.6,38,10.7,250,8.5,38,10.5,0,7.2,16.34,36,10.6,0,6.8,9.61,37,10.7,0,6.1,9.65,36,10.7,0,6.1,13.4,36,10.6,0,6.1,17.3,34,10.4,300,5.1,16.34,24,270,60.1765937805176,380.40979461669923
2025-01-26,1900-01-25 14:00:00,2025-01-26 14:00:00,40,41,10.6,300,9.7,40,10.6,300,8.3,39,10.5,0,7.3,16.3,38,10.6,0,6.5,13.4,39,10.5,0,6,8.4,36,0,0,6,11.53,36,10.6,0,5.5,17.9,34,10.4,300,5.2,17.3,27,290,62.0198554992676,374.1300141652425
2025-01-26,1900-01-25 16:00:00,2025-01-26 16:00:00,41,40,10.5,350,9.7,39,10.5,300,8.7,36,10.5,0,7.2,16.34,35,10.5,0,6.5,13.46,35,10.5,0,5.5,10.57,36,10.5,0,6.1,12.5,36,10.5,0,5.4,12.5,31,10.6,300,5.1,16.34,26,280,60.80322265625,368.9596603393555
2025-01-26,1900-01-25 18:00:00,2025-01-26 18:00:00,40,40,10.5,350,9.6,40,10.5,300,9.1,35,10.5,0,8.1,16.5,36,10.5,0,7.3,13.4,36,10.5,0,6,14.4,36,10.5,0,5.5,8.6,34,10.5,0,5,12.5,33,10.6,300,4.9,16.3,0,0,56.4656562805176,371.49426180521647
2025-01-26,1900-01-25 20:00:00,2025-01-26 20:00:00,38,41,10.4,400,8.7,41,10.5,300,8.4,39,10.5,0,8.2,16.34,39,10..5,0,7.4,14.42,35,10.5,0,6.8,13.45,35,10.5,0,6.8,9.61,36,10.5,0,7,10.57,36,10.4,290,6.8,16.34,29,320,57.1695976257324,384.60467319488527
2025-01-26,1900-01-25 22:00:00,2025-01-26 22:00:00,39,42,10.5,400,8.5,41,10.5,300,8.4,39,10.5,0,8.4,16.53,39,10.5,0,7.1,14.42,36,10.5,0,6.4,13.65,36,10.5,0,6.4,9.61,36,10.4,0,7.2,16.34,35,10.4,300,6.2,11.53,38,310,59.3302421569824,381.0086330413818
2025-01-26,1900-01-26 00:00:00,2025-01-27 00:00:00,39,41,10.5,350,8.2,42,10.4,300,8.5,40,10.5,0,8.7,16.96,39,10.6,0,7,14.61,37,10.6,0,6.9,13.65,30,10.5,0,6.9,12.5,36,10.6,0,7,13.46,37,10.6,300,6.9,11.53,30,290,58.9518241882324,379.7512785593669
2025-01-26,1900-01-26 02:00:00,2025-01-27 02:00:00,40,42,10.6,350,8.4,41,10.4,350,8.2,40,10.5,0,8.5,16.53,39,10.5,0,6.8,14.8,38,10.5,0,6.9,14.23,38,10.5,0,6.7,15,36,10.5,0,6.9,12.5,37,10.6,300,6.6,11.34,29,290,57.8694648742676,387.79369252522787
2025-01-26,1900-01-26 04:00:00,2025-01-27 04:00:00,40,39,10.6,400,8.2,41,10.5,350,8,39,10.5,0,8.5,15.96,37,10.5,0,6.2,14.42,37,10.5,0,6.4,13.46,38,10.5,0,6.2,13.46,37,10.5,0,6.3,11.5,36,10.6,250,6.1,11.53,29,280,58.2316093444824,387.57981236775714
2025-01-27,1900-01-26 06:00:00,2025-01-27 06:00:00,40,40,10.6,400,8.2,40,10.5,400,8.2,38,10.5,0,8.4,15.96,37,10.5,0,8.4,14.8,38,10.5,0,6.4,13.46,38,10.5,0,6.5,14.2,36,10.5,0,6.2,11.5,37,10.6,250,6.1,11.53,30,270,58.2926445007324,389.0382662455241
2025-01-27,1900-01-26 08:00:00,2025-01-27 08:00:00,38,40,10.8,350,7.1,38,10.5,350,6.9,39,10.4,0,5.1,15.38,38,10.4,0,5.1,14.42,37,10.4,0,5,13.46,35,10.4,0,5,13.46,35,10.5,0,6.3,13.05,34,10.5,300,6,11.53,31,220,58.8297538757324,388.15851669311525
2025-01-27,1900-01-26 10:00:00,2025-01-27 10:00:00,39,39,10.8,350,8.8,40,10.5,350,7,38,10.5,0,6.3,16.34,37,10.4,0,6.4,14.03,36,10.3,0,6.1,14.42,35,10.3,0,6.1,14.61,34,10.5,0,5.7,13.44,35,10.4,300,5.7,12.11,30,210,59.0372734069824,384.33774642944337
2025-01-27,1900-01-26 12:00:00,2025-01-27 12:00:00,37,39,10.9,300,7.2,39,10.6,350,7.1,38,10.6,0,6.6,16.15,38,10.5,0,6.5,14.42,37,10.4,0,6.1,13.84,36,10.4,0,6.1,14.42,35,10.4,0,6,13.46,35,10.4,290,6.1,12.3,29,200,58.6873359680176,384.95997314453126
2025-01-27,1900-01-26 14:00:00,2025-01-27 14:00:00,35,38,10.8,400,9,39,10.9,350,8.9,37,10.6,0,6.9,16.35,37,10.5,0,6.7,14.23,36,10.6,0,6.2,13.65,35,10.5,0,6.2,13.46,35,10.11,0,6.3,13.69,34,10.4,290,6.1,12.11,29,210,57.9630546569824,385.97632166544594
2025-01-27,1900-01-26 16:00:00,2025-01-27 16:00:00,0,41,10.8,350,8.1,40,10.5,400,7.3,36,10.5,0,6.3,16.34,34,10.5,0,6.4,13.04,36,10.3,0,6.5,14.4,37,10.3,0,6.5,14.42,37,10.3,0,6,12.5,37,10.3,280,5.7,11.51,30,210,57.7392578125,377.8232303619385
2025-01-27,1900-01-26 18:00:00,2025-01-27 18:00:00,0,46,10.7,350,8.2,39,10.5,350,7.1,37,10.5,0,6.3,10.15,35,10.5,0,6.2,14.03,36,10.4,0,6.1,14.42,36,10.4,0,6.3,14.42,35,10.3,0,6,12.88,36,10.3,300,5.1,11.92,29,220,58.1787109375,386.1236498514811
2025-01-27,1900-01-26 20:00:00,2025-01-27 20:00:00,37,42,11,350,7.9,41,10.6,350,8.2,39,10.4,0,6.1,16.34,39,10.4,0,6,14.42,38,10.4,0,5.4,13.46,37,10.4,0,5.2,13.46,37,10.4,0,5.7,13.46,37,10.4,250,5.7,12.5,29,130,57.8165702819824,383.9967926025391
2025-01-27,1900-01-26 22:00:00,2025-01-27 22:00:00,37,40,10.9,350,8,42,10.8,350,8.3,40,10.6,0,6.1,16.54,39,10.5,0,6.2,14.42,38,10.4,0,5.4,13.46,37,10.4,0,5.4,13.46,38,10.4,0,5.8,13.46,38,10.4,240,5.6,12.5,29,130,58.0078125,390.0362892150879
2025-01-27,1900-01-27 00:00:00,2025-01-28 00:00:00,42,40,10.8,300,8.2,42,10.8,300,8.3,40,10.6,0,6.2,16.15,40,10.5,0,6.1,14.23,39,10.4,0,5.6,13.07,38,10.4,0,5.3,13.26,38,10.5,0,5.8,13.07,38,10.5,240,5.8,12.69,31,130,58.2194023132324,388.7140729268392
2025-01-27,1900-01-27 02:00:00,2025-01-28 02:00:00,38,37,10.7,300,7.8,38,10.7,300,8.1,37,10.7,0,6.1,15.76,38,10.6,0,6,14.61,38,10.5,0,5.4,14.03,37,10.5,0,5.2,13.26,37,10.5,0,5.4,12.88,37,10.5,250,5.6,12.3,29,120,58.447265625,387.4022226969401
2025-01-27,1900-01-27 04:00:00,2025-01-28 04:00:00,38,39,10.6,200,7.2,39,10.7,250,8.2,37,10.7,0,6.7,15.38,38,10.7,0,6.5,14.42,39,10.6,0,5.4,14.42,40,10.5,0,5.9,13.46,37,10.4,0,5.2,12.5,36,10.4,220,5.8,12.5,28,140,58.2600898742676,387.457923634847
2025-01-28,1900-01-27 06:00:00,2025-01-28 06:00:00,40,40,10.6,200,7,39,10.7,250,8.1,37,10.7,0,6.5,15.76,38,10.7,0,6.4,14.61,38,10.6,0,5,13.07,39,10.5,0,5.8,13.26,37,10.4,0,5.7,13.46,36,10.4,220,5.6,12.69,28,130,58.5123710632324,385.82802912394203
2025-01-28,1900-01-27 08:00:00,2025-01-28 08:00:00,37,39,11,200,7.6,38,10.8,250,7.2,36,10.8,0,7,17.3,38,10.7,0,6.8,14.42,36,10.7,0,5.9,14.03,36,10.6,0,6,14.23,37,10.5,0,5.8,12.88,36,10.5,250,6,11.53,30,200,58.9111328125,385.55977465311685
2025-01-28,1900-01-27 10:00:00,2025-01-28 10:00:00,38,39,11.1,400,8.9,39,11,450,8.6,39,10.8,0,7.4,16.92,38,10.8,0,6.9,14.03,36,10.7,0,7,14.42,35,10.5,0,6.4,13.46,36,10.5,0,6.1,13.07,34,10.5,270,6.7,11.73,28,220,58.6263008117676,382.9056948343913
2025-01-28,1900-01-27 12:00:00,2025-01-28 12:00:00,36,37,10.7,300,8.9,39,11.1,300,8.4,38,10.8,0,7.1,17.3,38,10.8,0,6.6,14.42,37,10.8,0,6.8,14.03,36,10.6,0,6.7,14.23,36,10.6,0,6.2,12.88,35,10.5,290,5.9,11.53,29,210,59.0006523132324,384.9432147979736
2025-01-28,1900-01-27 14:00:00,2025-01-28 14:00:00,38,39,10.9,300,8.6,38,10.9,300,7.2,37,10.8,0,7,17.1,37,10.7,0,6.8,13.46,36,10.7,0,5.9,14.23,36,10.7,0,6,13.46,36,10.6,0,5.8,12.5,35,10.5,300,6,10.57,27,200,58.3414726257324,386.2185333251953
2025-01-28,1900-01-27 16:00:00,2025-01-28 16:00:00,37,37,10.2,300,8.7,36,10.7,300,8.8,36,10.6,0,6.9,17.3,34,10.7,0,7.1,14.42,36,10.7,0,7,13.46,35,10.5,0,6.5,13.46,35,10.5,0,6,13.84,33,10.4,270,6.1,11.53,28,200,58.0078125,384.23804054260256
2025-01-28,1900-01-27 18:00:00,2025-01-28 18:00:00,37,38,10.6,350,7.9,37,10.8,300,8.2,37,10.7,0,6.8,17.1,35,10.7,0,6.6,14.09,35,10.6,0,6.7,14.03,34,10.5,0,6.4,13.46,35,10.5,0,6.8,12.5,34,10.5,270,5.9,11.73,30,190,57.9549140930176,389.8542386372884
2025-01-28,1900-01-27 20:00:00,2025-01-28 20:00:00,35,37,10.3,250,7.3,36,10.5,250,8.4,38,10.6,0,6.9,15.3,38,10.6,0,6.6,14.2,36,10.6,0,6.2,14.2,36,10.5,0,6,13.4,39,10.5,0,6.1,12.5,38,10.5,280,6,10.3,30,200,57.5113945007324,390.5888303120931
2025-01-28,1900-01-27 22:00:00,2025-01-28 22:00:00,33,38,10.3,200,7.1,35,10.6,200,8.4,37,10.6,0,6.7,15.9,37,10.6,0,6.5,14.2,37,10.6,0,6,14.2,36,10.6,0,5.9,13.6,35,10.6,200,6.2,11.3,0,0,0,0,0,29,190,57.9427070617676,390.22653834025067
2025-01-28,1900-01-28 00:00:00,2025-01-29 00:00:00,37,37,10.6,350,7.4,38,10.6,300,8,38,10.6,0,6.4,15.9,37,10.6,0,6.5,14.2,38,10.6,0,6.1,13.2,36,10.6,0,5.7,13.6,36,10.6,0,5.9,11.3,37,10.6,300,5.6,10.7,31,220,57.9752616882324,388.8738182067871
2025-01-28,1900-01-28 02:00:00,2025-01-29 02:00:00,36,37,10.5,350,7.1,37,10.5,300,7.9,38,10.5,0,6.1,15.3,37,10.6,0,6.7,14.4,36,10.6,0,6.1,14.2,35,10.6,0,5.4,13.6,38,10.6,0,5.7,12.5,36,10.5,290,5.2,10.3,31,220,58.0322265625,387.8661506652832
2025-01-28,1900-01-28 04:00:00,2025-01-29 04:00:00,38,35,10.2,300,7.4,36,10.9,300,8.4,35,10.4,0,6.1,16.3,36,10.5,0,6.6,14.4,36,10.6,0,6.6,13.4,36,10.6,0,6.1,12.8,36,10.6,0,6.1,12.8,34,10.5,300,5.9,11.1,30,210,58.8582344055176,386.4778643290202
2025-01-29,1900-01-28 06:00:00,2025-01-29 06:00:00,42,36,10.4,300,7.7,37,10.5,300,8.2,37,10.5,0,6.3,16.3,36,10.6,0,6.6,14.2,36,10.6,0,6.4,13.4,35,10.6,0,6.3,13.4,37,10.6,0,6,12.5,34,10.5,300,5.7,11.1,28,200,58.4025077819824,388.22241566975913
2025-01-29,1900-01-28 08:00:00,2025-01-29 08:00:00,40,39,10.8,350,7,37,10.5,350,8.2,38,10.4,0,7.4,16.34,37,10.5,0,6.1,13.84,38,10.6,0,6.6,13.46,39,10.6,0,5.8,14.42,36,10.6,0,5.9,13.84,38,10.6,200,5.2,9.01,29,160,58.77685546875,387.21788228352864
2025-01-29,1900-01-28 10:00:00,2025-01-29 10:00:00,41,38,10.4,300,8.1,39,10.5,250,7.8,37,10.4,0,7.2,16.73,37,10.4,0,6,14.46,37,10.5,0,6,13.07,37,10.5,0,6.2,14.61,36,10.5,0,6.1,13.26,37,10.5,200,5.3,10.59,30,170,59.3302421569824,386.4858220418294
2025-01-29,1900-01-28 12:00:00,2025-01-29 12:00:00,40,38,10.5,300,8.2,39,10.5,250,7.7,38,10.4,0,7.5,18.34,37,10.4,0,6.5,13.84,37,10.5,0,6.2,13.46,37,10.5,0,6.3,14.42,36,10.5,0,6,13.84,36,10.5,200,5.5,9.01,30,170,58.642578125,385.6966143290202
2025-01-29,1900-01-28 14:00:00,2025-01-29 14:00:00,40,39,10,200,7,37,10.1,200,8.2,36,10.4,0,7.4,16.34,36,10.3,0,6.2,13.46,36,10.3,0,6.4,13.46,35,10.3,0,6,14.8,35,10.3,0,6.1,13.84,36,10.4,370,5.8,10,28,200,58.87451171875,387.1823155721029
2025-01-29,1900-01-28 16:00:00,2025-01-29 16:00:00,44,40,10.2,300,6.5,38,10,250,7.7,35,10.4,0,6.9,8.26,36,10.3,0,6.7,14.42,34,10.4,0,6.1,13.46,37,10.3,0,6,12.5,36,10.4,0,5.8,13.84,35,10.5,250,4.9,10.57,27,180,58.7931327819824,380.3204577763875
2025-01-29,1900-01-28 18:00:00,2025-01-29 18:00:00,43,38,10.3,300,6.5,38,10.2,300,7.2,38,10.2,0,6.8,6.34,37,10.3,0,6.4,13.89,34,10.4,0,6.2,14.07,37,10.4,0,6.2,14.61,36,10.5,0,5.7,13.84,35,10.5,250,4.8,10.57,28,180,58.7361640930176,384.2374375661214
2025-01-29,1900-01-28 20:00:00,2025-01-29 20:00:00,40,39,10.2,300,7.8,39,10.1,300,7.8,36,10.2,0,8,9.8,36,10.2,0,7.7,14.4,35,10.3,0,7.5,13.46,34,10.4,0,7.5,12.5,35,10.4,0,7.6,13.46,37,10.4,280,7.4,12.8,31,210,58.4554023742676,384.72415211995445
2025-01-29,1900-01-28 22:00:00,2025-01-29 22:00:00,41,39,10.2,300,7.9,40,10,300,7.8,36,10.1,0,7.9,10.5,35,10.2,0,7.2,8.6,35,10.3,0,7,13.46,34,10.4,0,7.2,12.3,34,10.4,0,7.1,13.46,35,10.1,270,5.9,12.11,30,210,59.2854804992676,385.4495798746745
2025-01-29,1900-01-29 00:00:00,2025-01-30 00:00:00,44,42,10.7,350,7.5,41,10.3,300,7.6,38,10.3,0,7.6,14.4,36,10.3,0,7.7,4.8,36,10.4,0,7,13.65,35,10.5,0,7.4,12.69,35,10.5,0,7.1,13.84,36,10.5,300,7,12.11,31,240,59.4278984069824,378.4139902750651
2025-01-29,1900-01-29 02:00:00,2025-01-30 02:00:00,41,41,10.6,350,7.5,40,10.2,300,7.4,36,10.1,0,7.7,17.3,38,10.2,0,7.4,5.7,37,10.4,0,7,10.57,36,10.4,0,7.2,13.26,35,10.5,0,7,13.46,34,10.4,300,7,11.53,30,230,60.2010078430176,374.4510752360026
2025-01-29,1900-01-29 04:00:00,2025-01-30 04:00:00,46,42,10.7,300,8.2,42,10.3,300,8,37,10.2,0,7.9,17.3,36,10.2,0,7.6,13.4,36,10.2,0,6.9,4.8,35,10.2,0,7.1,12.8,33,10.3,0,6.8,13.2,34,10.3,290,6.8,11.3,29,230,60.498046875,374.2608266194662
2025-01-30,1900-01-29 06:00:00,2025-01-30 06:00:00,43,41,10.7,300,8.5,40,10.3,300,8.2,38,10.2,0,7.8,17.3,36,10.2,0,7.4,14,35,10.2,0,6.6,5.7,35,10.3,0,6.8,10.5,34,10.3,0,7,13.2,34,10.4,290,6.9,11.3,30,220,58.80126953125,368.7981051127116
2025-01-30,1900-01-29 08:00:00,2025-01-30 08:00:00,30,37,10.3,350,6,37,10.4,350,7.4,37,10.3,0,7.2,16.36,37,10.2,0,6.7,12.5,35,10.2,0,6,6.7,35,10.3,0,6.6,11.5,35,10.3,0,6.4,13.5,35,10.4,250,6.2,11.5,28,170,58.7931327819824,386.2580774943034
2025-01-30,1900-01-29 10:00:00,2025-01-30 10:00:00,37,39,10.5,350,7.5,37,10.3,350,8.3,36,10.2,0,6.3,15,36,10.2,0,6.5,16,35,10.2,0,8.2,4,35,10.3,0,6.8,12,35,10.2,0,6.4,13,33,10.3,250,6.5,11,29,150,63.232421875,370.77305126190186
2025-01-30,1900-01-29 12:00:00,2025-01-30 12:00:00,38,38,10.5,350,7.7,37,10.3,350,8.5,37,10.2,0,7.5,18,35,10.2,0,6.9,17,35,10.2,0,7.4,8.6,35,10.1,0,7.2,8.6,35,10.2,0,7.5,13.5,35,10.3,250,7.3,11.5,28,160,61.0432929992676,361.93793398539225
2025-01-30,1900-01-29 14:00:00,2025-01-30 14:00:00,37,39,10.5,350,8.3,38,10.4,340,9.1,37,10.2,0,8.5,18.2,36,10.2,0,7.5,16.3,35,10.2,0,6.4,10.5,36,10.1,0,7.8,8.6,36,10.2,0,8.1,9.61,36,10.3,260,7.9,11.5,28,170,64.2252655029297,351.87295118967694
2025-01-30,1900-01-29 16:00:00,2025-01-30 16:00:00,38,39,10.6,300,8,40,10,250,8.9,38,10.2,0,8.4,15.74,38,10.2,0,7.2,14.42,37,10.2,0,6.9,11.53,35,10.2,0,7.8,11.53,35,10.2,0,8.1,3.84,35,10.2,250,7.4,13.46,29,150,65.0594024658203,337.52495708465574
2025-01-30,1900-01-29 18:00:00,2025-01-30 18:00:00,36,40,10.3,300,7.9,39,10.2,300,8.8,38,10.2,0,8.7,16.36,37,10.3,0,7.9,14.42,37,10.2,0,7.1,11.53,36,10.2,0,7.7,11.53,35,10.2,0,8.2,3.84,34,10.2,250,7.2,13.46,30,160,61.63330078125,341.35489047368367
2025-01-30,1900-01-29 20:00:00,2025-01-30 20:00:00,30,42,11.1,300,7.7,43,10.2,300,7.8,38,10.2,0,7.7,17.3,37,10.2,0,8,15,36,10.2,0,7.9,10.57,36,10.1,0,7.5,14.42,36,10.1,0,7.6,5.76,37,10.1,220,7.7,8.65,31,130,59.0006523132324,369.6934075037638
2025-01-30,1900-01-29 22:00:00,2025-01-30 22:00:00,39,43,11,300,7.9,43,10.3,300,7.8,39,10.2,0,7.6,17.5,38,10.2,0,7.9,15,36,10.2,0,7.8,15.19,36,10.2,0,7.6,10.76,37,10.1,0,7.7,5.14,37,10.1,230,7.2,9.61,32,130,60.9293632507324,368.43074836730955
2025-01-30,1900-01-30 00:00:00,2025-01-31 00:00:00,36,39,10.8,300,8.4,41,10.3,350,8.2,38,10.3,0,7.8,17.3,37,10.2,0,8.1,15.19,37,10.2,0,7.5,15,35,10.1,0,7.4,12.5,35,10.1,0,6.2,-,34,10.1,240,7,8.65,30,150,60.7625312805176,352.79827340443927
2025-01-30,1900-01-30 02:00:00,2025-01-31 02:00:00,40,40,10.8,300,8.1,40,10.5,250,8.1,38,10.3,0,8,17.3,36,10.3,0,8,14.8,35,10.2,0,7.2,15,35,10.1,0,7.5,13.46,34,10.1,0,7.1,5.76,35,10.1,230,6.9,5.76,30,140,59.3098945617676,366.9976127624512
2025-01-30,1900-01-30 04:00:00,2025-01-31 04:00:00,39,39,10.2,300,7.7,39,10.3,300,7.8,40,10.3,0,7.6,16.73,36,103,0,7.9,14.8,37,10.2,0,7.2,14.8,37,10.1,0,7.2,13.46,34,10.1,0,6.9,5.96,36,10.2,250,6.7,10.57,31,140,58.43505859375,383.7843603769938
2025-01-31,1900-01-30 06:00:00,2025-01-31 06:00:00,38,39,10.4,300,8,40,10.4,300,7.9,38,10.3,0,7.8,16.73,37,10.2,0,7.8,15,36,10.2,0,7.8,14.8,36,10.2,0,6.7,13.65,35,10.1,0,7,5.96,36,10.2,250,6.4,14.8,30,130,58.2316093444824,383.391807047526
2025-01-31,1900-01-30 08:00:00,2025-01-31 08:00:00,38,40,10,300,7.4,38,10.6,300,6.5,37,10.5,0,6.8,16.34,36,10.4,0,6.3,14.42,35,10.4,0,6,13.46,37,10.4,0,5.8,14.42,36,10.4,0,5.4,5.76,36,10.3,360,5.2,14.42,29,210,59.0047187805176,384.5646464029948
2025-01-31,1900-01-30 10:00:00,2025-01-31 10:00:00,36,38,10.5,250,7.4,39,10.3,300,6.7,37,10.4,0,6.5,16.53,36,10.4,0,6.3,14.16,35,10.4,0,6.4,13.84,37,10.4,0,5.4,14.8,36,10.5,0,5.4,5.79,35,10.3,300,5.4,14.23,29,190,58.9314765930176,383.0327688852946
2025-01-31,1900-01-30 12:00:00,2025-01-31 12:00:00,32,38,10.3,200,7.5,38,10.1,300,6.2,37,10.3,0,6.4,16.34,37,10.3,0,6.5,14.42,35,10.3,0,6.2,13.46,36,10.3,0,5.2,14.42,35,10,0,5.2,5.19,35,10.3,300,5.4,14.23,29,190,59.1389961242676,384.0746775309245
2025-01-31,1900-01-30 14:00:00,2025-01-31 14:00:00,36,37,10.2,300,7.3,37,10.1,300,6.2,37,10.3,0,6.4,16.53,37,10.3,0,6.5,14.42,36,10.3,0,6,13.84,36,10.3,0,5.7,14.8,36,10.2,0,5.3,5.76,35,10.3,250,5.6,14.23,28,200,58.9925117492676,383.9283131917318
2025-01-31,1900-01-30 16:00:00,2025-01-31 16:00:00,35,36,9.6,300,7.4,37,10,300,6.5,36,10.2,0,6.5,16.34,36,10.2,0,6.7,13.46,36,10.2,0,6.5,14.42,35,10.2,0,5.8,14.42,36,10.1,0,0,5.76,34,10.2,200,5.9,12.5,27,190,58.6100273132324,384.96190185546874
2025-01-31,1900-01-30 18:00:00,2025-01-31 18:00:00,34,36,9.7,350,7.5,35,10.1,300,6.2,35,10.1,0,6.2,16.34,36,10.1,0,6.4,14.61,36,10.2,0,6.2,14.42,35,10.2,0,6.2,14.8,35,10.2,0,5.4,5.76,34,10.2,220,5.6,14.23,28,200,58.92333984375,386.6251932779948
2025-01-31,1900-01-30 20:00:00,2025-01-31 20:00:00,42,40,9.5,300,7.7,41,9.9,300,9.1,38,10.1,0,6.8,17.3,38,10.1,0,10.3,14.42,38,10.1,0,6.6,15.38,38,10.2,0,6.2,14.42,37,10.1,0,6.3,5.76,39,10.1,200,6.4,18.26,29,150,58.4554023742676,387.36725997924805
2025-01-31,1900-01-30 22:00:00,2025-01-31 22:00:00,43,40,9.7,300,7.8,40,9.9,300,8.5,38,10.1,0,6.9,17.6,39,10.1,0,9.9,14.4,39,10.1,0,6.5,15.7,38,10.1,0,6.2,14.8,37,10.1,0,6.4,5.3,38,10.3,200,6.5,28.8,29,160,58.58154296875,387.68482309977213
2025-01-31,1900-01-31 00:00:00,2025-02-01 00:00:00,44,40,10.7,350,7.7,41,9.9,300,7.6,38,10,0,8.1,16.3,39,10.1,0,6.7,14.6,37,10.1,0,6.7,15,37,10.2,0,6.6,14.4,37,10.2,0,6.1,8.6,38,10.2,270,7.7,25.9,25,150,59.16748046875,385.74905954996746
2025-01-31,1900-01-31 02:00:00,2025-02-01 02:00:00,41,40,10.5,300,7.5,41,10,300,7.5,37,10,0,7.5,17.6,37,10.1,0,6.5,14.6,35,10.1,0,6.8,15.7,35,10.1,0,6.7,14.6,35,10.2,0,6.8,14.8,36,10.3,250,6.9,16.1,24,130,58.6588554382324,380.631751759847
2025-01-31,1900-01-31 04:00:00,2025-02-01 04:00:00,41,40,10.3,300,7.2,41,10,350,8.8,37,9.9,0,7.2,16.3,38,10,0,6.9,14.6,36,10,0,7.4,15.3,37,10.1,0,5.8,14.4,37,10.2,0,7.3,14.4,35,10.3,260,8.3,15.3,26,130,59.0616874694824,384.9154853820801
2025-02-01,08:00:00,2025-02-01 08:00:00,35,37,10.2,250,6.4,37,10.1,200,7.2,35,10.1,0,6.7,9.61,35,10.1,0,6.3,14.42,36,10.1,0,6.7,13.46,35,10.1,0,6.2,14.42,36,10.1,0,5.2,14.42,36,10.2,200,5.2,15.38,30,190,59.375,386.27133928934734
2025-02-01,10:00:00,2025-02-01 10:00:00,41,38,10.2,200,7.1,37,10.2,200,7.8,35,10.1,0,6.8,15.38,36,10.1,0,6.7,14.23,36,10,0,6.9,13.46,35,10,0,6.8,14.42,35,10.2,0,5.8,14.61,35,10.2,200,5.8,15.19,39,190,0,384.77768185933434
2025-02-01,12:00:00,2025-02-01 12:00:00,34,36,10,100,7,36,10.1,200,8,36,10.1,0,7.1,15.76,35,10.1,0,7,14.61,35,10,0,6.4,13.84,35,10,0,6.5,14.23,35,10.1,0,5.4,14.42,40,10.1,270,5.4,15.38,28,160,0,384.55162455240884
2025-02-01,14:00:00,2025-02-01 14:00:00,36,35,10,200,7.1,35,10,450,7.8,35,10,0,7.1,15.76,34,10.1,0,7.1,14.23,34,10.1,0,6.7,13.46,34,10.1,0,6.2,14.03,34,10.1,0,5.2,15.19,36,10.1,280,5.2,15.9,28,180,61.87744140625,382.76897659301756
2025-02-01,16:00:00,2025-02-01 16:00:00,38,36,9.9,200,7.9,36,10.1,250,7.2,33,10,0,6.8,6.73,36,9.9,0,6.7,14.03,34,9.9,0,6.5,13.84,36,9.8,0,6.8,14.42,34,10.1,0,5.7,14.42,34,10.1,220,5.7,15.38,28,190,58.65478515625,373.818359375
2025-02-01,18:00:00,2025-02-01 18:00:00,36,36,10,200,7.5,36,10,250,7.5,33,10,0,6.4,0,34,10,0,6.5,14.61,34,10,0,6.8,13.46,35,10,0,6.5,14.8,34,10,0,5.8,13.26,34,10.1,200,5.4,15.14,28,200,59.375,384.57405014038085
2025-02-01,20:00:00,2025-02-01 20:00:00,39,40,10,200,7.3,40,10,300,9.4,38,10.1,0,8.3,6.7,36,10,0,7.6,14.4,35,10,0,8.2,14.4,36,9.9,0,7.4,13.4,37,10,0,6.6,13.4,36,10,260,8.4,15,29,210,58.80126953125,384.05285491943357
2025-02-01,22:00:00,2025-02-01 22:00:00,39,40,9.9,200,7.9,41,10,250,9.1,39,10,0,8.1,14.42,37,10,0,7.4,9.6,36,10,0,8,14.4,36,9.8,0,7.2,13.4,38,10,0,6.2,13.4,37,10,250,8.1,15,30,200,61.2752265930176,374.17197138468424
2025-02-01,1900-01-01 00:00:00,2025-02-02 00:00:00,40,40,10,250,8.1,40,10,250,8.6,37,10,0,7.6,16.3,37,10,0,7.2,5.7,35,10,0,8.1,14.4,37,9.8,0,8.4,14.4,37,9.9,0,6.1,13.4,38,9.9,240,7.2,16.3,30,200,59.53369140625,373.2103584289551
2025-02-01,1900-01-01 02:00:00,2025-02-02 02:00:00,40,39,9.9,250,7.4,40,9.9,250,7.8,38,10,0,6.3,17.3,37,10,0,7.9,11.5,36,10,0,8.5,7.6,36,9.8,0,8.2,14.6,37,9.9,0,7.3,14.03,37,9.9,290,6.8,16.7,32,190,60.8805351257324,371.6376106262207
2025-02-01,1900-01-01 04:00:00,2025-02-02 04:00:00,41,39,10.3,250,7.2,40,9.9,250,9.6,36,9.9,0,7.9,18.26,36,9.9,0,8.3,15.38,36,9.9,0,7.3,4.8,36,9.9,0,7.5,14.46,36,9.9,0,8.1,13.46,36,9.9,240,7.3,15.38,31,190,61.1653633117676,367.3756991068522
2025-02-02,1900-01-01 06:00:00,2025-02-02 06:00:00,40,38,10.3,250,8.1,40,9.9,300,10.1,37,9.9,0,10.1,17.3,36,9.9,0,8.6,15,35,9.9,0,8.3,12.5,36,9.9,0,8.5,6.73,35,9.9,0,7.8,13.4,35,9.9,250,8.4,15.38,30,200,58.6100273132324,385.22147407531736
2025-02-02,1900-01-01 08:00:00,2025-02-02 08:00:00,36,35,10.6,200,7.4,35,10.1,200,7.8,36,9.9,0,7.4,17.3,35,9.9,0,6.3,15.38,34,9.9,0,7.1,12.11,34,9.9,0,6.4,5.76,34,10,0,6.7,13.46,35,10,200,6.2,16.34,26,130,59.3587226867676,379.83241678873696
2025-02-02,1900-01-01 10:00:00,2025-02-02 10:00:00,38,35,10.5,200,7,36,10.2,200,7.2,36,10.1,0,7,16.35,35,10,0,6.4,14.8,35,10,0,6.8,12.5,34,10,0,6.7,12.5,34,10,0,6.3,11.53,35,10,200,6.3,15.38,28,140,63.2568359375,366.0720480600993
2025-02-02,1900-01-01 12:00:00,2025-02-02 12:00:00,38,37,10.6,250,6.9,37,10.3,250,7.5,36,10.1,0,6.8,16.92,35,10,0,6.1,15,35,10,0,6.4,13.46,35,10,0,6.2,15.38,34,9.9,0,6.4,8.6,34,9.9,200,6.5,15.76,27,140,61.5804023742676,361.8871768315633
2025-02-02,1900-01-01 14:00:00,2025-02-02 14:00:00,38,37,10.6,250,6.4,36,10.4,250,7.2,35,10.1,0,6,16.73,35,10.1,0,6.5,14.4,36,10,0,6.2,12.5,35,10,0,6.4,15,34,10,0,6.5,12.5,34,9.9,200,6.5,8.65,27,140,59.4970703125,369.0769676208496
2025-02-02,1900-01-01 16:00:00,2025-02-02 16:00:00,38,37,10.3,300,6.8,37,10.1,300,7.8,36,10,0,6.4,17.3,35,10,0,6.2,15.7,35,9.9,0,6.4,11.53,34,9.9,0,6.2,15.38,35,9.8,0,6.2,13.46,35,9.8,150,6.1,6.73,27,150,58.21533203125,384.3215902964274
2025-02-02,1900-01-01 18:00:00,2025-02-02 18:00:00,36,36,10.2,300,0,37,10.1,300,0,36,10.1,0,6.01,17.11,35,10,0,0,18.76,35,10,0,6.5,14.42,34,9.9,0,6.5,12.3,35,9.8,0,6.5,15.46,35,9.8,200,6.1,6.34,28,150,57.1695976257324,379.7216204325358
2025-02-02,1900-01-01 20:00:00,2025-02-02 20:00:00,41,40,10.2,400,7.4,40,10,250,7.9,40,10,0,6.1,17.3,38,10,0,6.9,15.19,37,10,0,5.4,15.38,38,10,0,5.3,11.73,37,10,0,5.3,12.5,36,9.9,210,5.8,5.76,28,140,57.3201484680176,390.1668596903483
2025-02-02,1900-01-01 22:00:00,2025-02-02 22:00:00,37,40,10.1,400,6..5,40,10,300,8.1,40,10,0,6.2,17.3,39,10,0,7.5,15.38,38,10,0,5.6,15.38,37,10,0,5.6,11.53,37,10,0,5.4,12.5,35,9.8,200,5.6,5.38,29,150,57.1533203125,390.0786071777344
2025-02-02,1900-01-02 00:00:00,2025-02-03 00:00:00,35,39,10.2,400,6.4,42,10.1,300,7.6,39,10.1,0,6.1,16.34,40,10.1,0,6.9,15.38,37,10,0,5.9,14.61,38,9.9,0,5.9,12.11,38,9.9,0,5.7,12.69,37,9.9,220,5.6,5.76,29,170,57.48291015625,389.17257436116535
2025-02-02,1900-01-02 02:00:00,2025-02-03 02:00:00,41,40,10.2,400,8.1,41,10.1,300,9.6,40,10.1,0,7.9,17.3,40,10.1,0,8.3,15.3,37,10,0,8.1,14.6,38,9.9,0,6.5,11.9,38,9.9,0,7.5,12.3,36,9.9,200,7.3,5.7,27,140,57.7921562194824,386.9296152750651
2025-02-02,1900-01-02 04:00:00,2025-02-03 04:00:00,40,40,10.1,450,7.5,41,10,300,9.2,40,10,0,8.1,17.6,40,10,0,7.6,15,39,10,0,7.3,15.3,38,9.9,0,6.9,12.5,38,9.9,0,7.1,12.5,37,9.9,220,7.9,6.7,28,170,58.3780937194824,384.4937547047933
2025-02-03,1900-01-02 06:00:00,2025-02-03 06:00:00,43,41,10,350,7.4,40,10.1,350,8.6,40,10,0,7.2,17.3,41,10,0,7.4,15.19,38,10,0,7,15.38,38,9.7,0,6.7,11.73,39,10,0,7,12.5,39,10,180,6.2,5.38,32,160,58.6100273132324,385.22147407531736
2025-02-03,1900-01-02 08:00:00,2025-02-03 08:00:00,40,40,10.5,300,6.8,37,10.2,300,7.5,38,10.1,0,6.2,17.69,38,10.1,0,5.5,14.42,38,10.1,0,5.3,15.38,35,10.1,0,5.4,12.5,37,10.1,0,5.5,15.38,36,9.9,200,5.4,9.61,25,140,58.6466484069824,383.2905335744222
2025-02-03,1900-01-02 10:00:00,2025-02-03 10:00:00,42,40,10.4,300,7.1,39,10.1,300,7.2,39,10.1,0,6.1,17.5,39,10.1,0,5.4,14.23,38,10,0,5.2,15.38,36,10,0,5.5,12.5,37,10.1,0,5.6,15.19,35,9.9,200,5.3,16.34,24,150,59.5174140930176,383.15152371724446
2025-02-03,1900-01-02 12:00:00,2025-02-03 12:00:00,42,41,10.7,300,6.8,41,10.3,300,6.5,40,10.2,0,5.9,17.69,39,10.2,0,5.2,14.61,39,10.1,0,5.6,15,38,10,0,5.4,12.3,37,10,0,5.5,15.38,35,10,200,5.4,15.38,29,150,59.6720390319824,380.847198232015
2025-02-03,1900-01-02 14:00:00,2025-02-03 14:00:00,40,41,10.7,350,5.9,40,10.2,300,5.8,40,10.1,0,5.8,16.34,38,10.1,0,5.6,16.15,38,10,0,5.8,14.42,37,10,0,5.2,12.5,38,10,0,5.7,14.42,36,10,150,5.2,15.38,26,140,59.1389961242676,381.7584156036377
2025-02-03,1900-01-02 16:00:00,2025-02-03 16:00:00,36,39,10.7,200,5.9,38,10.4,250,5.2,39,10.1,0,5.9,16.53,38,10.1,0,5.2,15.38,37,10,0,5.3,15,36,10.1,0,5.1,12.5,36,10.1,0,5.5,15.38,36,10,200,5.5,15.19,25,140,58.4228515625,384.4473375956217
2025-02-03,1900-01-02 18:00:00,2025-02-03 18:00:00,38,39,10.6,250,5.4,39,10.4,250,5.8,38,10.2,0,5.8,17.3,38,10.1,0,5.5,14.42,36,10.1,0,5.5,15.38,35,10.1,0,5,12.5,35,10.1,0,5.1,15.38,36,10,200,5.6,16.34,25,130,58.21533203125,386.47292200724286
2025-02-03,1900-01-02 20:00:00,2025-02-03 20:00:00,38,40,10.1,250,6.3,39,10.2,200,7.1.,40,10.2,0,6.4,17.3,40,10.1,0,6.4,15.38,38,10,0,5.4,14.61,37,10,0,5.7,11.53,37,10,0,5.4,14.42,37,10,200,5.4,16.34,27,170,58.1624336242676,387.8263646443685
2025-02-03,1900-01-02 22:00:00,2025-02-03 22:00:00,43,43,10.7,300,6.2,40,10.2,300,6.9,39,10.2,0,6.5,17.3,40,10.2,0,6.3,15,38,10.1,0,5.6,14.61,34,10.1,0,5.8,11.53,35,10,0,5.6,14.42,35,10,210,5.4,16.34,26,180,57.97119140625,388.1034189860026
2025-02-03,1900-01-03 00:00:00,2025-02-04 00:00:00,41,40,10.6,250,7.9,42,10.4,25,8.1,40,10.1,0,7.3,16.73,40,10.2,0,8.1,15,40,10.1,0,6.9,14.42,39,10,0,5.5,11.92,37,10,0,6.1,14.42,37,9.9,250,6.3,15.3,29,180,58.3536796569824,386.5855272928874
2025-02-03,1900-01-03 02:00:00,2025-02-04 02:00:00,42,39,10.3,250,8.3,40,10.3,250,8.3,40,10.1,0,6.9,16.92,39,10.2,0,7.5,14.8,40,10.1,0,7.5,14.42,38,10,0,6.3,11.73,3,10,0,6.8,14.61,36,9.9,240,7.4,16.15,26,190,58.7931327819824,385.0597994486491
2025-02-03,1900-01-03 04:00:00,2025-02-04 04:00:00,42,42,11.2,300,8,40,10.4,300,7.2,40,10.3,0,6.5,17.11,38,10.2,0,7.2,15.59,38,10.1,0,7.1,14.42,37,10.1,0,6.3,11.53,37,10.1,0,6.2,14.23,36,10,210,6.4,16.15,27,170,58.8826484680176,385.05787022908527
2025-02-04,1900-01-03 06:00:00,2025-02-04 06:00:00,43,43,4.1,350,7.2,41,10.6,300,7,41,10.3,0,6.9,17.3,39,10.3,0,6.9,15,37,10.2,0,6,14.61,38,10.2,0,6,10.57,0,10.2,0,6.1,14.61,37,10.1,220,5.6,16.34,29,170,59.2203788757324,384.4966480255127
2025-02-04,1900-01-03 08:00:00,2025-02-04 08:00:00,29,39,10.9,300,7.4,39,10.4,200,7,38,10.4,0,6.8,15.38,37,10.3,0,6.4,13.06,36,10.2,0,6.2,12.5,36,10.2,0,6.4,14.42,36,10.2,0,6.1,15.38,35,10.1,16.34,5.6,200,30,150,59.5947265625,383.6179828643799
2025-02-04,1900-01-03 10:00:00,2025-02-04 10:00:00,36,38,11.1,300,7.2,37,10.6,250,7.1,37,10.5,0,6.2,16.34,37,10.3,0,6.2,15,36,10.3,0,6.8,13.46,36,10.2,0,6,13.04,36,10.2,0,6.1,15.76,36,10.1,15.76,5.2,200,29,150,59.8470039367676,382.50928319295247
2025-02-04,1900-01-03 12:00:00,2025-02-04 12:00:00,40,41,10.8,300,7.6,38,10.4,250,6.9,40,10.4,0,6.7,15.76,38,10.3,0,6.8,15.38,37,10.3,0,6.1,14.42,37,10.3,0,6.5,14.42,35,10.3,0,6.7,15.38,37,10.1,15.38,5,200,29,160,59.6761054992676,380.9552229563395
2025-02-04,1900-01-03 14:00:00,2025-02-04 14:00:00,37,39,10.3,300,7.2,38,10.4,300,6.4,39,10.4,0,6.8,19.96,38,10.3,0,6.2,14.03,37,10.2,0,6.8,12.5,36,10.2,0,6.7,13.46,36,10.2,0,6.4,15.84,36,10.1,14.42,5.6,200,28,160,59.4482421875,380.77666803995766
2025-02-04,1900-01-03 16:00:00,2025-02-04 16:00:00,37,39,10.3,300,7.1,40,10.4,300,6,37,10.5,0,6.3,17.3,39,10.4,0,6.5,15.38,39,10.2,0,6.1,12.5,35,10.2,0,6.2,13.84,37,10.2,0,6.1,14.23,36,10.1,13.84,5.4,200,29,160,59.2447929382324,380.3580726623535
2025-02-04,1900-01-03 18:00:00,2025-02-04 18:00:00,0,0,0,0,0,0,0,0,0,0,0,0,0,0,0,0,0,0,0,0,0,0,0,0,0,0,0,0,0,0,0,0,0,0,0,0,0,0,0,0,0,66.6341094970703,265.6118582248688
2025-02-04,1900-01-03 20:00:00,2025-02-04 20:00:00,40,41,10.6,300,6.1,42,10.4,250,6.6,42,10,0,6.4,15.3,39,10.4,0,6.3,14.6,42,10.4,0,5.9,14.42,40,10.3,0,5.6,11.7,39,10.2,0,5.5,14.42,35,10.1,230,5.3,14.8,28,180,71.49658203125,2.947410281499228
2025-02-04,1900-01-03 22:00:00,2025-02-04 22:00:00,42,40,10.5,250,6.2,38,10.4,300,6.9,41,10,0,5.7,16.34,40,10.4,0,6.3,14.23,41,10.4,0,5.7,14.42,40,10.3,0,5.5,11.53,39,10.2,0,5.3,14.61,37,10.2,240,5.6,14.8,30,180,73.13232421875,0
2025-02-04,1900-01-04 00:00:00,2025-02-05 00:00:00,38,38,10.4,250,6.4,38,10.2,300,6.9,40,10.9,0,6.5,15.38,39,10.4,0,6.1,14.23,40,10.4,0,5.7,14.42,38,10.3,0,5.2,11.53,38,10.2,0,5.3,14.42,38,10.1,220,5.5,14.42,30,160,76.9775390625,2.8112943331400575
2025-02-04,1900-01-04 02:00:00,2025-02-05 02:00:00,40,38,10.1,250,6.3,40,10.4,250,6.4,40,10.4,0,0,16.34,39,10.4,0,6.5,15,40,10.4,0,6.3,14.42,39,10.4,0,5.8,11.7,38,10.3,0,6.1,13.44,38,10.3,230,5.8,14.8,32,170,80.9733047485352,3.57711222966512
2025-02-04,1900-01-04 04:00:00,2025-02-05 04:00:00,38,40,10.3,250,6.4,40,10.3,250,6.8,40,10.4,0,0,16.34,38,10.4,0,6.4,15.38,40,10.4,0,6.5,14.42,38,10.3,0,6.5,11.15,40,10.2,0,5.9,13.44,38,10.2,250,0,14.42,31,190,82.1818008422852,0
2025-02-05,1900-01-04 06:00:00,2025-02-05 06:00:00,36,40,10,250,7.2,40,10.4,250,7.1,10.4,7.2,0,7.2,16.3,38,10.4,0,6.4,10.3,40,10.4,0,6.3,14.4,38,10.3,0,7.1,11.7,39,10.2,0,6.11,13.4,38,10.2,240,6.9,14.8,30,180,84.3546524047852,1.5794993877410894
2025-02-05,1900-01-04 08:00:00,2025-02-05 08:00:00,34,41,10.7,300,5.7,41,10.4,250,5.8,41,10.5,0,5.8,14.42,42,10.4,0,5.6,15.38,42,10.5,0,5.4,14.42,41,10.1,0,5.2,12.5,36,10.4,0,4.9,14.42,40,10.4,260,4.9,14.42,28,140,86.9344024658203,5.559293047587076
2025-02-05,1900-01-04 10:00:00,2025-02-05 10:00:00,37,42,10.5,400,4.8,41,10.8,600,5.9,40,10.6,0,5.7,15.19,39,10.4,0,5.5,14.42,38,10.5,0,5.5,14.42,38,10.2,0,5.1,13.46,38,10.4,0,4.8,14.23,38,10.4,310,4.7,14.42,27,190,87.14599609375,0
2025-02-05,1900-01-04 12:00:00,2025-02-05 12:00:00,35,40,10.6,400,4.7,39,10.7,550,5.2,39,10.6,0,5.1,14.23,38,10.6,0,5.3,14.23,38,10.5,0,5.2,13.46,38,10.2,0,5.5,12.5,37,10.5,0,5.6,13.84,37,10.5,300,4.9,14.23,25,190,85.5509414672852,0
2025-02-05,1900-01-04 14:00:00,2025-02-05 14:00:00,38,40,10.3,250,5.9,40,10.4,300,5.8,39,10.5,0,5.7,0.5965277777777778,38,10.5,0,5.6,15.38,39,10.4,0,5,14.23,39,10.3,0,5.1,12.5,38,10.4,0,5.5,14.42,38,10.4,190,5.5,13.46,28,140,85.1847305297852,0
2025-02-05,1900-01-04 16:00:00,2025-02-05 16:00:00,35,39,10.5,250,5.7,39,10.5,300,5.6,38,10.4,0,5.4,0.6513888888888889,37,10.4,0,5.3,15.19,38,10.4,0,5.1,14.23,37,10.5,0,5.2,11.53,37,10.5,0,5,14.23,37,10.5,180,5.2,14.42,25,140,84.85107421875,0
2025-02-05,1900-01-04 18:00:00,2025-02-05 18:00:00,40,43,9.9,300,5.9,41,10.32,350,5.8,41,10.4,0,5.5,16.34,40,10.2,0,5.3,15.38,43,10.2,0,5.2,14.42,40,10.3,0,5.1,11.53,40,10.1,0,5.1,14.42,35,10.2,160,5.1,14.42,24,130,57.1207695007324,261.17525051434836
2025-02-05,1900-01-04 20:00:00,2025-02-05 20:00:00,44,38,9.7,300,6.1,39,10.1,350,6.7,36,10.3,0,6.4,15.57,36,10.3,0,6.2,14.42,36,10.3,0,6,14.23,35,10.3,0,5.9,10.57,37,10.2,0,6.1,14.42,38,10.2,210,5.7,15.38,30,190,57.8369140625,359.2730033874512
2025-02-05,1900-01-04 22:00:00,2025-02-05 22:00:00,40,37,9.8,300,6.3,36,10.1,300,6.5,37,10.3,0,6.4,16.34,36,10.3,0,6.4,15.19,36,10.3,0,6.7,14.42,35,10.3,0,5.9,11.53,36,10.3,0,6,14.42,37,10.3,220,5.4,15.19,29,200,58.5408515930176,357.1724292755127
2025-02-05,1900-01-05 00:00:00,2025-02-06 00:00:00,41,40,9.9,300,6.5,38,10.1,250,6.8,37,10.2,0,6.7,16.53,37,10.3,0,6,15.19,36,10.3,0,6.4,14.42,36,10.2,0,6.3,11.34,37,10.3,0,6.1,14.42,38,10.4,240,5.5,15.76,30,210,60.2986640930176,351.8815100987752
2025-02-05,1900-01-05 02:00:00,2025-02-06 02:00:00,41,40,10,250,6,39,10.1,250,6.5,38,10.2,0,6.2,16.53,37,10.3,0,6.1,14.8,37,10.3,0,5.9,14.42,36,10.2,0,5.7,11.15,38,10.3,0,5.8,14.23,38,10.4,240,5.3,15.76,30,210,61.9140625,343.5063418706258
2025-02-05,1900-01-05 04:00:00,2025-02-06 04:00:00,41,40,10,300,6.5,39,10,300,6.4,36,10,0,6.2,16.34,35,10.3,0,6.8,14.47,36,10.3,0,6.2,14.42,35,10.2,0,5.4,10.57,36,10.2,0,6.2,14.42,37,10.2,240,5.3,14.01,30,240,62.90283203125,338.97581469217937
2025-02-06,1900-01-05 06:00:00,2025-02-06 06:00:00,40,40,10,350,6.2,39,10,300,6.1,36,10,0,6.5,16.34,36,10,0,6.2,14.42,36,10.1,0,6.2,14.42,36,10.1,0,5.2,10.57,36,10.2,0,6.7,14.23,37,10.2,240,5.5,14.61,30,220,64.2252655029297,333.8065442721049
2025-02-06,1900-01-05 08:00:00,2025-02-06 08:00:00,41,45,10,300,7.2,42,10,300,8.2,39,10,0,7.8,17.3,38,10.2,0,7.1,15.3,38,10.2,0,6.8,16.3,39,10.2,0,6.4,12.5,38,10.3,0,6.8,15.3,38,10.2,290,6.5,16.3,28,190,65.1774139404297,329.9948158582052
2025-02-06,1900-01-05 10:00:00,2025-02-06 10:00:00,39,41,10,300,7.6,39,9.9,300,9.1,39,10,0,7.5,17.3,37,10,0,7.5,15.3,40,10.1,0,6.3,16.3,38,10,0,6.9,11.5,38,10.1,0,6.3,15.3,39,10.2,280,6.7,16.3,27,170,67.0206680297852,320.1479312737783
2025-02-06,1900-01-05 12:00:00,2025-02-06 12:00:00,40,41,9.9,300,7.4,39,9.8,300,8.9,38,9.9,0,7.2,17.1,38,10,0,7.2,15,39,10,0,6.4,15.38,38,10,0,6.7,12.5,37,10,0,6.4,15.1,36,10.1,250,6.2,15.7,25,170,65.771484375,326.1230478604635
2025-02-06,1900-01-05 14:00:00,2025-02-06 14:00:00,41,44,10.6,300,7.3,40,9.9,300,8.4,38,9.8,0,7.1,14.42,37,9.8,0,7.1,15.3,40,9.9,0,6.2,15.3,37,9.9,0,5.9,12.5,34,10,0,6.1,15,37,10,180,6.1,15.3,26,140,65.4459686279297,324.42756633758546
2025-02-06,1900-01-05 16:00:00,2025-02-06 16:00:00,39,44,10.8,300,6.9,40,10.1,250,7.8,39,10,0,7,12.5,39,10,0,6.8,15.3,39,10,0,6.1,16.3,38,10,0,5.7,11.3,38,10.2,0,5.6,15.3,39,10.2,190,5.9,15.4,27,190,66.2841796875,318.38107646306355
2025-02-06,1900-01-05 18:00:00,2025-02-06 18:00:00,38,42,10.8,350,6.8,43,10.1,300,7.2,39,10,0,7.1,4.8,38,10,0,6.7,15.38,38,10,0,5.9,15.38,38,10,0,5.9,11.3,38,10.1,0,5.5,15.3,37,10.1,250,6,15.3,28,200,65.9383087158203,324.4993008613586
2025-02-06,1900-01-05 20:00:00,2025-02-06 20:00:00,40,40,10.8,250,6.9,40,10.4,250,6.4,38,10.1,0,6.7,7.69,38,10,0,6.2,15.38,38,10,0,6,15.38,39,10,0,5.7,11.53,38,10,0,5.9,14.42,36,10.1,250,6.1,15.96,30,190,65.95458984375,325.3250388622284
2025-02-06,1900-01-05 22:00:00,2025-02-06 22:00:00,45,42,10.5,300,6.5,42,10.3,250,6.7,40,10.1,0,6.4,12.6,39,10.1,0,6.1,10.57,39,10,0,5.9,15,39,10,0,5.4,11.53,38,10,0,5.7,14.42,36,10,250,5.7,16.34,31,190,64.5589141845703,327.1841239134471
2025-02-06,1900-01-06 00:00:00,2025-02-07 00:00:00,47,44,10.9,300,6.1,42,10.4,250,6.4,40,10.2,0,6.2,13.46,38,10.1,0,5.9,7.69,38,10,0,5.7,15.38,38,10,0,5.4,10.59,39,10,0,5.7,14.42,36,10,250,5.4,16.34,31,190,65.80810546875,330.66514727274574
2025-02-06,1900-01-06 02:00:00,2025-02-07 02:00:00,45,43,10.9,300,6,42,10.4,250,6.5,40,10.2,0,6.1,14.22,39,10.1,0,5.7,11.53,39,10,0,5.4,10.76,38,10,0,5.2,10.96,38,10,0,5.2,14.23,37,10,240,5.3,16.15,30,180,66.1702423095703,327.41210950215657
2025-02-06,1900-01-06 04:00:00,2025-02-07 04:00:00,41,42,10.04,250,5.7,40,10.3,300,6.2,38,10.4,0,6,17.69,39,10.2,0,6.2,10.57,39,10.1,0,5.7,9.61,38,10.1,0,5.7,11.53,39,10.1,0,5.4,14.23,38,10,250,5.2,15.38,32,200,64.5182342529297,329.6296296755473
2025-02-07,1900-01-06 06:00:00,2025-02-07 06:00:00,42,42,10.8,250,5.9,42,10.3,300,5.9,39,10.4,0,5.6,17.88,38,10.2,0,5.7,13.46,38,10.2,0,5.4,6.73,37,10.1,0,5.9,11.53,37,10.1,0,6.2,14.42,38,10,250,6.4,16.34,31,190,67.29736328125,324.3734331607819
2025-02-07,1900-01-06 08:00:00,2025-02-07 08:00:00,41,42,10.8,250,7.2,42,10.5,250,9.1,42,10.4,0,6.3,17.3,41,6.3,0,5.8,12.5,41,10.2,0,6.5,8.6,37,10.1,0,6.3,11.5,36,10.2,0,6.9,17.3,38,10,220,6.3,17.3,23,160,67.4357070922852,325.46658018194137
2025-02-07,1900-01-06 10:00:00,2025-02-07 10:00:00,38,42,10.6,250,7.5,44,10.4,250,8.8,42,10.4,0,6.4,17.3,44,6.4,0,6.1,12.5,41,10.2,0,6.3,8.6,38,10.2,0,5.9,11.5,40,10,0,6.1,17.3,38,10,240,6.8,17.3,30,180,65.8365936279297,324.504123433431
2025-02-07,1900-01-06 12:00:00,2025-02-07 12:00:00,41,42,10.2,250,7.3,42,10.4,250,8.5,42,10.4,0,6.1,17.8,42,6.1,0,6.3,16.3,41,10.2,0,6.7,5.7,39,10.2,0,6.1,11.5,39,10,0,6.4,16.7,37,10,230,6.5,16.9,28,170,67.8507461547852,320.69191281000775
2025-02-07,1900-01-06 14:00:00,2025-02-07 14:00:00,38,43,10.8,300,7.4,41,10.5,250,9.1,43,10.5,0,6.3,17.6,42,6.3,0,5.9,16.1,41,10.2,0,5.8,12.5,37,10.2,0,5.7,6.7,37,10.1,0,5.8,16.3,35,10,250,6.9,18.2,30,190,67.0491485595703,322.1449414253235
2025-02-07,1900-01-06 16:00:00,2025-02-07 16:00:00,35,39,10.3,250,8.1,42,10.5,250,9.5,41,10.4,0,6.7,18.2,42,6.7,0,6.7,15.3,40,10.2,0,6.1,11.5,38,10.2,0,6.3,15.3,38,10.2,0,6.3,8.6,36,10.1,220,5.9,16.9,26,170,65.9749298095703,320.4464455763499
2025-02-07,1900-01-06 18:00:00,2025-02-07 18:00:00,36,40,10.5,250,9.1,39,10.1,250,9.1,40,10.5,0,6.8,18.2,42,10.3,0,6.3,16.3,39,16.3,0,5.8,13.4,41,10.2,0,6.5,13.4,41,10.2,0,6.7,12.5,38,10,220,5.5,11.5,26,170,66.0441055297852,322.1602524757385
2025-02-07,1900-01-06 20:00:00,2025-02-07 20:00:00,38,40,10,200,6.3,41,10.3,200,6.4,40,10.4,0,5.8,16.34,38,10.4,0,5.6,15.38,39,10.4,0,5.2,12.5,39,10.3,0,5.4,13.46,37,10.2,0,5.3,14.42,38,10.2,200,5.6,10.57,29,130,66.3045196533203,321.7813220024109
2025-02-07,1900-01-06 22:00:00,2025-02-07 22:00:00,35,38,9.9,200,6.4,39,10.2,200,6.3,39,10.4,0,5.6,17.11,38,10.4,0,5.7,15.76,38,10.4,0,5.3,12.5,38,10.4,0,5.3,13.46,37,10.2,0,5.2,14.23,37,10.2,180,5.7,10.57,27,130,66.0929336547852,317.384139362971
2025-02-07,1900-01-07 00:00:00,2025-02-08 00:00:00,-,38,9.9,200,6.2,38,10.2,250,6.4,39,10.3,0,5.4,16.34,38,10.4,0,5.5,15.19,38,10.3,0,5.4,12.3,37,10.4,0,5.2,13.84,37,10.1,0,5.5,14.42,38,10.2,180,5.5,10.37,28,120,65.93017578125,325.3263649622599
2025-02-07,1900-01-07 02:00:00,2025-02-08 02:00:00,37,37,9.9,200,6.1,38,10.2,200,6.2,38,10.2,0,5.5,16.15,37,10.3,0,5.6,15.38,37,10.3,0,5.6,12.5,36,10.3,0,5.1,13.26,36,10.1,0,5.4,13.84,37,10.1,170,5.3,9.61,25,120,66.4957656860352,325.00241161982217
2025-02-07,1900-01-07 04:00:00,2025-02-08 04:00:00,39,38,10,250,6.3,39,10.2,250,6.4,39,10.3,0,5.1,15.38,38,10.3,0,5.2,14.61,37,10.3,0,5,12.5,37,10.4,0,5,14.23,38,10.2,0,5.2,14.42,37,10.3,190,5.3,10.57,27,140,66.40625,322.37473508516945
2025-02-08,1900-01-07 06:00:00,2025-02-08 06:00:00,-,38,10.2,200,6.2,37,10.2,250,6.1,37,10.3,0,5.7,17.3,37,10.3,0,5.2,15.19,36,10.3,0,5.2,12.5,36,10.3,0,5.1,13.46,37,10.2,0,5.3,14.25,37,10.2,180,5.2,10.57,24,140,67.3828125,214.9657595793406
2025-02-08,1900-01-07 08:00:00,2025-02-08 08:00:00,41,39,10.4,200,8.3,39,10.2,200,8.5,39,10.2,0,6.5,16.3,39,10.3,0,7.5,15.3,38,10.3,0,7.5,12.5,38,10.3,0,6.9,13.4,38,10.3,0,7.1,14.4,38,10,0,7.2,10.5,21,110,66.7765274047852,330.103684425354
2025-02-08,1900-01-07 10:00:00,2025-02-08 10:00:00,38,38,10.3,200,8.2,40,10.2,200,8.4,38,10.2,0,6.2,17.3,39,10.2,0,7.5,16.3,39,10.2,0,7.5,13.4,35,10.2,0,6.7,12.5,39,10.3,0,7.1,15.3,37,10.2,0,7.1,13.4,27,130,67.37060546875,329.0684072335561
2025-02-08,1900-01-07 12:00:00,2025-02-08 12:00:00,39,40,11.5,200,8.2,41,10.5,200,8.6,38,10.1,0,6,17.3,39,10.3,0,7.2,16.34,40,10.3,0,7.2,13.45,40,10.3,0,6.3,13.46,40,10.3,0,6.9,14.42,36,10.3,0,7,15,27,120,64.8234100341797,327.1392737388611
2025-02-08,1900-01-07 14:00:00,2025-02-08 14:00:00,0,40,11.1,200,7.9,41,10.5,200,8.4,39,10.1,0,5.9,17.3,36,10.3,0,7,16.3,40,10.2,0,6.7,13.46,38,10.2,0,6.2,13.46,37,10.3,0,6.9,14.42,37,10.3,0,6.7,15,0,0,67.2403945922852,325.0044601758321
2025-02-08,1900-01-07 16:00:00,2025-02-08 16:00:00,0,40,11.1,250,7.9,40,10.5,200,8.2,39,10.1,0,5.6,17.3,39,10.3,0,7,14.3,40,10.2,0,6.6,13.4,38,10.2,0,5.9,13.4,38,10.2,0,6.5,15.3,38,10.3,0,6.5,14.4,0,0,66.6178359985352,327.6025992393494
2025-02-08,1900-01-07 18:00:00,2025-02-08 18:00:00,0,40,11,250,7.2,39,10.5,200,8,38,10.1,0,5.6,17.3,38,10.3,0,6.7,15.57,39,10.22,0,5.9,14.23,37,10.2,0,5.6,13.65,37,10.2,0,6.2,15,36,10.2,190,6.1,18.26,0,0,64.07470703125,330.30695412953696
2025-02-08,1900-01-07 20:00:00,2025-02-08 20:00:00,-,40,11,250,7.2,39,10.5,200,8,38,10.1,0,5.6,17.3,38,10.3,0,6.7,15.57,39,10.22,0,5.9,14.23,37,10.2,0,5.6,13.65,37,10.2,0,6.2,14.42,36,10.2,190,6.1,18.26,-,-,66.90673828125,324.8929394086202
2025-02-08,1900-01-07 22:00:00,2025-02-08 22:00:00,-,40,11,250,7.2,39,10.5,200,8,38,10.1,0,5.6,17.3,38,10.3,0,6.7,15.57,39,10.22,0,5.9,14.23,37,10.2,0,5.6,13.65,37,10.2,0,6.2,14.42,36,10.2,190,6.1,18.26,-,-,69.1324844360352,319.1886087109645
2025-02-08,1900-01-08 00:00:00,2025-02-09 00:00:00,36,38,10.9,200,7.2,36,10.5,200,7.4,37,10.2,0,6.9,17.3,37,10.2,0,6.5,16.34,38,10.3,0,5.9,13.46,36,10.2,0,5.8,11.53,37,10.3,0,5.5,14.42,37,10.4,160,5.4,18.26,-,-,67.3909454345703,317.88568188411494
2025-02-08,1900-01-08 02:00:00,2025-02-09 02:00:00,35,37,10.9,200,6.9,36,10.5,200,7.9,37,10.2,0,6.7,16.53,37,10.2,0,6.3,16.34,37,10.3,0,5.7,13.26,36,10.3,0,5.9,12.5,35,10.3,0,5.3,14.42,35,10.4,160,5.5,17.3,29,120,68.3308868408203,315.8561197416236
2025-02-08,1900-01-08 04:00:00,2025-02-09 04:00:00,-,38,10.9,200,6.7,37,10.5,200,7.3,38,10.1,0,6.5,17.11,37,10.2,0,6.1,15.76,37,10.3,0,5.5,13.46,37,10.3,0,5.7,12.5,36,10.3,0,5.6,14.23,35,10.4,170,5.3,18.07,25,130,67.9768829345703,314.53571075213455
2025-02-09,1900-01-08 06:00:00,2025-02-09 06:00:00,-,38,10.9,200,6.7,36,10.5,200,7.2,38,10.1,0,6.7,17.3,37,10.1,0,6.2,15.76,37,10.2,0,5.5,13.46,36,10.3,0,5.7,12.5,36,10.3,0,5.5,14.42,35,10.4,170,5.4,18.26,-,-,67.1142578125,314.59080811900395
2025-02-13,1900-01-12 08:00:00,2025-02-13 08:00:00,0,0,0,0,0,0,0,0,0,0,0,0,0,0,0,0,0,0,0,0,0,0,0,0,0,0,0,0,0,0,0,0,0,0,0,0,0,0,0,0,0,20.3572578430176,0
2025-02-13,1900-01-12 10:00:00,2025-02-13 10:00:00,0,0,0,0,0,0,0,0,0,0,0,0,0,0,0,0,0,0,0,0,0,0,0,0,0,0,0,0,0,0,0,0,0,0,0,0,0,0,0,0,0,65.8406524658203,0
2025-02-13,1900-01-12 12:00:00,2025-02-13 12:00:00,0,0,0,0,0,0,0,0,0,0,0,0,0,0,0,0,0,0,0,0,0,0,0,0,0,0,0,0,0,0,0,0,0,0,0,0,0,0,0,0,0,65.7674102783203,0
2025-02-13,1900-01-12 14:00:00,2025-02-13 14:00:00,0,0,0,0,0,0,0,0,0,0,0,0,0,0,0,0,0,0,0,0,0,0,0,0,0,0,0,0,0,0,0,0,0,0,0,0,0,0,0,0,0,65.83251953125,0
2025-02-13,1900-01-12 16:00:00,2025-02-13 16:00:00,0,0,0,0,0,0,0,0,0,0,0,0,0,0,0,0,0,0,0,0,0,0,0,0,0,0,0,0,0,0,0,0,0,0,0,0,0,0,0,0,0,20.5647773742676,0
2025-02-13,1900-01-12 18:00:00,2025-02-13 18:00:00,32,37,10.6,200,6.8,37,10.2,200,6.5,35,10,0,6.7,0,35,10,0,6.4,0,34,9.9,0,6.1,0,34,9.9,0,6.1,0,35,10,0,5.8,0,37,10.1,90,5.7,0,0,0,20.2921543121338,0
2025-02-13,1900-01-12 20:00:00,2025-02-13 20:00:00,36,35,10.5,200,6.8,38,10.3,200,6.5,38,10.1,0,6.7,17.1,39,10.1,0,6.4,15.3,35,10.1,0,6.1,12.5,36,10.1,0,6.2,11.5,36,10.1,0,5.8,15.3,36,10.2,290,5.7,17.3,27,250,20.3043613433838,0
2025-02-13,1900-01-12 22:00:00,2025-02-13 22:00:00,37,39,9.8,150,5.5,35,10.3,200,5.1,36,10,0,5.1,17.1,35,10,0,5,15.3,35,10,0,5.1,12.5,35,10,0,5.2,11.5,35,10,0,5.5,15.3,34,10,200,5.2,17.3,28,190,20.3043613433838,0
2025-02-13,1900-01-13 00:00:00,2025-02-14 00:00:00,-,0,0,0,0,0,0,0,0,0,0,0,0,0,0,0,0,0,0,0,0,0,0,0,0,0,0,0,0,0,0,0,0,0,0,0,0,0,0,0,0,20.30029296875,0
2025-02-13,1900-01-13 02:00:00,2025-02-14 02:00:00,37,34,9.7,200,5,35,10.3,200,5,36,10.2,0,5.1,16.5,36,10.2,0,5,15.57,36,10.2,0,5.2,12.3,35,10.2,0,5.5,11.53,35,10.2,0,5.3,15.3,35,10.2,190,5.4,17.3,26,170,20.30029296875,0
2025-02-13,1900-01-13 04:00:00,2025-02-14 04:00:00,35,36,9.8,200,5.2,38,10.1,200,5.1,37,10,0,6.3,16.5,36,10,0,6.1,16.5,36,10,0,6.2,12.3,35,10,0,6.1,11.53,35,10,0,5.8,15.3,35,10,200,6,17.3,27,170,20.3043613433838,0
2025-02-14,1900-01-13 06:00:00,2025-02-14 06:00:00,35,36,10.1,200,6.2,38,10.1,200,6,38,10.1,0,6.2,16.5,37,10.1,0,6.2,16.5,35,10.1,0,6.1,12.3,36,10.1,0,6.2,11.53,36,10.1,0,6.2,15.3,36,10.1,200,6.1,17.3,28,180,88.28125,98.09003608226777
2025-02-14,1900-01-13 08:00:00,2025-02-14 08:00:00,34,37,9.8,200,8.9,37,10,100,8.7,,10.1,0,7.7,17.11,36,10.2,0,7.5,16.39,37,10.2,0,7.1,12.5,38,10,0,7,12.11,37,10,0,6.9,15.38,36,10.1,80,6.5,18.26,27,50,53.1168632507324,262.71592892191063
2025-02-14,1900-01-13 10:00:00,2025-02-14 10:00:00,35,37,9.9,200,8.4,36,10,150,8,,10.1,0,7.6,17.3,37,10.2,0,7.8,16.53,36,10.2,0,7.8,12.5,37,10,0,7.2,13.07,36,10,0,7.1,15.78,35,10.1,80,6.8,18.07,25,50,55.6966133117676,336.9637340687215
2025-02-14,1900-01-13 12:00:00,2025-02-14 12:00:00,36,37,9.7,250,8,38,9.9,150,7.9,,10.1,0,7.9,16.92,37,10.2,0,7.3,16.45,36,10.2,0,7.6,12.5,38,10,0,7,12.88,37,10,0,6.8,15.19,36,10.1,90,6.7,18.84,26,70,56.8196601867676,389.27662029266355
2025-02-14,1900-01-13 14:00:00,2025-02-14 14:00:00,37,38,10.5,250,7.9,38,10.2,150,8.1,,10.1,0,7.8,16.92,38,10.2,0,7.9,16.34,36,10.2,0,7.7,12.5,37,10.1,0,7.1,11.53,36,10.1,0,7.8,15.19,36,10.1,90,7,18.26,28,60,57.75146484375,385.15335642496746
2025-02-14,1900-01-13 16:00:00,2025-02-14 16:00:00,39,37,10.6,300,7.8,38,9.9,150,8.5,,9.8,0,6.9,16.92,37,9.9,0,7.5,16.34,36,9.9,0,7.3,13.46,35,10.1,0,7.4,11.53,37,10.1,0,7.9,15.38,38,10.2,90,6.9,18.26,27,70,63.7044258117676,359.0311534881592
2025-02-14,1900-01-13 18:00:00,2025-02-14 18:00:00,38,38,10.7,300,8,37,10,200,8.4,,9.9,0,7,17.11,37,10,0,7.1,16.53,37,10,0,7.2,13.46,36,10.1,0,7,12.11,36,10.1,0,7.1,15.19,37,10.2,100,6.8,18.07,26,60,64.0787811279297,361.074941444397
2025-02-14,1900-01-13 20:00:00,2025-02-14 20:00:00,29,37,11.4,0,6.4,38,10.9,0,5.9,36,10.8,0,6.4,17.69,37,0,0,6,17.5,35,0,0,5.1,13,36,0,0,5.7,12.69,36,0,0,5.7,15.76,35,5.3,130,0,19.8,28,40,64.1276092529297,360.582923189799
2025-02-14,1900-01-13 22:00:00,2025-02-14 22:00:00,35,37,11.5,350,0,38,11.3,250,0,35,10.4,0,6.7,17.3,35,10.1,0,6.2,17.3,35,10,0,5.8,13.4,37,10.1,0,5.4,12.5,37,10,0,6.1,15.3,35,10,150,5.2,19.8,29,80,64.22119140625,360.02206287384035
2025-02-14,1900-01-14 00:00:00,2025-02-15 00:00:00,37,37,11.4,300,0,37,11.2,250,0,36,10.4,0,6.5,0,35,10.1,0,6.7,17.69,35,10.1,0,5.9,14.42,36,10.1,0,5.5,11.52,36,10,0,5.2,14.42,35,10,60,0,20.19,29,90,64.2171173095703,360.453800201416
2025-02-14,1900-01-14 02:00:00,2025-02-15 02:00:00,40,38,10.8,300,0,36,11.1,250,0,36,10.6,0,6.2,17.69,35,10.3,0,6.5,16.53,35,10.1,0,6.2,13.84,36,10.1,0,5.9,12.5,36,10.1,0,5.4,15.7,33,10.1,100,0,19.23,29,80,64.2333984375,360.019410832723
2025-02-14,1900-01-14 04:00:00,2025-02-15 04:00:00,38,37,10.5,250,0,36,11,250,0,36,10.9,0,0,18.2,37,10.5,0,6.4,16.3,36,10.1,0,6.1,13.4,35,10.1,0,6.2,14.4,36,10.1,0,5.4,19.6,35,10.1,10,0,15.3,29,80,64.1886444091797,360.1636043548584
2025-02-15,1900-01-14 06:00:00,2025-02-15 06:00:00,0,0,0,0,0,0,0,0,0,0,0,0,0,0,0,0,0,0,0,0,0,0,0,0,0,0,0,0,0,0,0,0,0,0,0,0,0,0,0,0,0,64.2008514404297,357.47962493896483
2025-02-15,1900-01-14 08:00:00,2025-02-15 08:00:00,0,39,10.8,200,8.9,39,10.8,250,8.1,38,10.8,0,7.6,17.3,37,10.5,0,7,15.96,36,10.3,0,6.5,13.46,37,10.2,0,6.6,14.42,35,10,0,5.9,14.42,35,10,100,5.5,18.26,28,80,64.3351287841797,357.31891441345215
2025-02-15,1900-01-14 10:00:00,2025-02-15 10:00:00,0,38,10.7,200,6.9,39,10.8,250,5.5,37,10.8,0,6.8,15.19,36,10.5,0,5.9,15.96,36,10.3,0,5.3,13.46,37,10.2,0,6,14.42,34,10,0,5.3,14.42,34,10,100,6.1,18.26,0,0,64.3880157470703,355.6793743133545
2025-02-15,1900-01-14 12:00:00,2025-02-15 12:00:00,0,39,9.7,250,6.7,37,10.5,250,5.4,37,10.6,0,5.3,10.57,38,10.5,0,6.1,15.38,37,10.2,0,5.3,13.84,36,10.1,0,6.3,14.61,36,10,0,5.7,14.61,36,10,100,6.4,18.27,0,0,64.1682891845703,355.43306363423665
2025-02-15,1900-01-14 14:00:00,2025-02-15 14:00:00,41,38,10.8,250,6.3,37,10.7,250,5.5,37,10.6,0,5.4,9.61,36,10.6,0,6.3,15.38,37,10.2,0,5.3,13.46,36,10.2,0,6.1,14.42,34,10.1,0,5.7,14.42,34,10.1,100,6.1,18.26,26,70,63.623046875,357.3067372004191
2025-02-15,1900-01-14 16:00:00,2025-02-15 16:00:00,0,38,10.8,250,6.7,38,10.8,250,6,37,10.6,0,6.1,8.65,37,10.6,0,6,15.96,35,10.4,0,6.3,13.84,36,10.2,0,5.9,14.61,35,10.1,0,6,14.61,35,10.1,100,6.3,18.26,26,70,63.58642578125,357.90617707570397
2025-02-15,1900-01-14 18:00:00,2025-02-15 18:00:00,38,38,9.9,200,6.9,36,10.6,250,6.5,35,10.8,0,6.1,12.5,34,10.8,0,6.1,12.5,34,10.6,0,6.2,13.58,34,10.4,0,5.7,12.5,34,10.2,0,5.4,15.38,31,10.2,90,5.2,19.23,25,50,63.9078788757324,358.704788907369
2025-02-15,1900-01-14 20:00:00,2025-02-15 20:00:00,38,38,9.9,200,6.9,36,10.6,250,6.5,35,10.8,0,6.1,12.5,34,10.8,0,6.1,12.5,34,10.6,0,6.2,13.58,34,10.4,0,5.7,12.5,34,10.2,0,5.4,15.38,31,10.2,90,5.2,19.23,25,50,63.6271171569824,359.04308897654215
2025-02-15,1900-01-14 22:00:00,2025-02-15 22:00:00,40,35,9.9,200,6.5,36,10.5,250,6.5,35,10.7,0,6.4,15.38,35,10.7,0,6.4,9.61,34,10.6,0,6.1,12.11,34,10.4,0,5.4,13.07,34,10.2,0,5.2,15.76,33,10.2,100,5.3,18.84,26,60,63.4033203125,358.9922119140625
2025-02-15,1900-01-15 00:00:00,2025-02-16 00:00:00,38,38,10.6,200,6.7,37,10.6,250,6.9,35,10.6,0,6.2,16.34,35,10.6,0,6.2,13.07,34,10.5,0,6.3,12.11,34,10.4,0,5.2,12.5,34,10.3,0,5.4,15.38,33,10.2,100,5.1,18.65,28,70,63.4969062805176,360.3246767044067
2025-02-15,1900-01-15 02:00:00,2025-02-16 02:00:00,38,38,11,200,7,38,10.6,300,6.7,35,10.5,0,6.2,16.34,34,10.6,0,6.2,14.42,34,10.6,0,6.5,9.61,34,10.4,0,5.2,13.07,34,10.3,0,5.1,16.34,33,10.2,100,5.4,18.26,28,70,63.623046875,359.6383100509644
2025-02-15,1900-01-15 04:00:00,2025-02-16 04:00:00,0,38,11,300,7.1,38,10.7,300,6.5,36,10.6,0,6.3,16.75,34,10.6,0,6.3,15,35,10.6,0,6.2,13.46,35,10.4,0,5.1,4.8,34,10.3,0,5.3,15.19,34,10.2,100,5.3,19,28,70,63.0615234375,358.6006218592326
2025-02-16,1900-01-15 06:00:00,2025-02-16 06:00:00,0,38,11.3,250,6.8,37,10.5,250,6.7,36,10.5,0,6.3,15.76,34,10.6,0,6.4,14.42,34,10.4,0,5.6,13.46,34,10.4,0,5.6,13.46,34,10.5,0,5.1,9.61,33,10.2,110,5.1,17.3,0,0,63.8631172180176,358.62847258249917
2025-02-16,1900-01-15 08:00:00,2025-02-16 08:00:00,0,43,11.2,350,5.9,44,10.3,200,6.9,37,10.7,0,6.9,15.3,36,10.6,0,6.5,14.4,37,10.6,0,6.5,12.5,35,10.5,0,6.5,13.4,34,10.5,0,6.5,5.76,45,10.2,130,5.7,19.2,0,0,64.0787811279297,356.87475840250653
2025-02-16,1900-01-15 10:00:00,2025-02-16 10:00:00,45,34,11.8,500,5.4,38,10.7,350,6.3,38,10.6,0,6.3,15.7,37,10.4,0,6.2,14.6,38,10.5,0,6.1,12.6,35,10.4,0,6.5,13.8,34,10.4,0,6.5,6.15,35,10.2,130,5.5,18.8,33,90,64.29443359375,352.44827899932864
2025-02-16,1900-01-15 12:00:00,2025-02-16 12:00:00,43,42,11.4,300,5.5,40,10.8,300,6.4,38,10.4,0,6.5,15.3,37,10.4,0,6.3,14.4,37,10.5,0,6.1,13.07,36,10.5,0,6.4,13.4,37,10.5,0,6.4,23955,36,10.4,110,5.5,17.3,32,80,64.1560821533203,355.1287616729736
2025-02-16,1900-01-15 14:00:00,2025-02-16 14:00:00,43,42,11.3,300,5.4,40,10.8,350,6.5,38,10.5,0,6.5,16.5,38,10.4,0,6.2,14,35,10.5,0,6.3,13,35,10.5,0,6.2,13.6,37,10.5,0,6.3,9.06,35,10.4,120,5.2,17.1,28,80,63.5823554992676,358.4809029897054
2025-02-16,1900-01-15 16:00:00,2025-02-16 16:00:00,39,38,11.4,350,5.7,37,10.9,350,6.1,37,10.8,0,6.7,16.7,37,10.6,0,6,14.6,36,10.6,0,6.5,13.4,38,10.5,0,5.9,13,36,10.5,0,6.2,8.65,36,10.4,100,5.3,16.9,25,70,63.1103515625,360.8223616917928
2025-02-16,1900-01-15 18:00:00,2025-02-16 18:00:00,42,39,11,350,5.5,40,11.3,250,6.3,38,10.9,0,6.4,16.5,37,10.7,0,6.3,14.4,36,10.6,0,6.2,13,38,10.5,0,6.3,13.4,36,10.5,0,6,8.65,37,10.4,110,5.1,17.1,28,80,63.51318359375,360.9886192321777
2025-02-17,1900-01-16 08:00:00,2025-02-17 08:00:00,0,30,10.6,200,5.9,37,11,200,5.8,40,10.8,0,6,15.7,37,10.8,0,5.6,14.3,39,10.6,0,6,13.4,37,10.6,0,5,13.07,39,10.5,0,6.1,15.1,36,10.4,60,5,14.4,0,0,63.7166328430176,0
2025-02-17,1900-01-16 10:00:00,2025-02-17 10:00:00,43,37,10.6,150,6.2,37,11,250,5.9,39,10.8,0,6.1,16.344,39,10.7,0,6,14.03,37,10.5,0,6.1,13.82,39,10.6,0,5.1,12.8,38,10.4,0,5.8,15.4,34,10.4,90,4.8,14.8,27,60,63.8264961242676,0
2025-02-17,1900-01-16 12:00:00,2025-02-17 12:00:00,42,38,10.7,200,6,37,10.9,250,6.1,39,10.8,0,6.4,13.4,40,10.8,0,6.2,15.3,38,10.5,0,6.4,13.4,38,10.6,0,5.4,12.5,39,10.5,0,6.3,15.3,35,10.4,100,4.9,14.4,27,60,63.7776679992676,0
2025-02-17,1900-01-16 14:00:00,2025-02-17 14:00:00,0,38,10.6,200,6.3,38,10.9,250,6,38,10.7,0,6.2,14.14,39,10.8,0,6.4,1.9,37,10.6,0,6.2,14.03,36,10.5,0,5.8,12.6,38,10.5,0,6.5,15,35,10.4,100,5.2,15.1,0,0,0,0
2025-02-17,1900-01-16 16:00:00,2025-02-17 16:00:00,0,38,10.4,200,6.2,40,10.8,250,6,37,10.7,0,5.9,13.4,38,10.8,0,5.7,16.3,35,10.6,0,5.8,14.4,36,10.5,0,5.9,12.5,37,10.4,0,5.6,14.4,35,10.4,120,5.3,16.3,0,0,63.8020820617676,0
2025-02-17,1900-01-16 18:00:00,2025-02-17 18:00:00,41,39,10.5,200,6.1,38,10.6,250,5.9,36,10.2,0,5.8,13.4,37,10.8,0,5.8,15.9,36,10.6,0,5.7,14.4,36,10.5,0,6,12.8,37,10.4,0,5.8,15.1,35,10,120,5.6,16.3,28,80,63.6962890625,0
2025-02-17,1900-01-16 20:00:00,2025-02-17 20:00:00,39,40,10.1,250,2.4,37,10.8,250,6.8,37,10.8,0,6.7,13.46,36,10.8,0,6.5,16.34,36,10.8,0,6.7,14.42,34,10.7,0,5.9,12.5,34,10.6,0,6.2,14.42,34,10.5,110,5.4,14.42,30,80,63.7980155944824,0
2025-02-17,1900-01-16 22:00:00,2025-02-17 22:00:00,37,39,9.9,200,6.9,38,10.8,250,6.7,37,10.7,0,6.8,14.42,36,10.7,0,6.6,16.34,36,10.8,0,6.5,14.8,34,10.7,0,5.9,13.07,34,10.6,0,6.3,14.8,34,10.5,110,5.6,14.23,30,100,63.7247734069824,0
2025-02-17,1900-01-17 00:00:00,2025-02-18 00:00:00,39,40,9.8,200,6.8,38,10.5,250,6.4,36,10.8,0,6.4,14.8,37,10.7,0,6.2,15.38,37,10.7,0,6.4,14.42,35,10.7,0,5.8,16.38,36,10.7,0,5.9,10.57,34,10.6,140,5.4,14.42,29,100,63.8020820617676,0
2025-02-17,1900-01-17 02:00:00,2025-02-18 02:00:00,39,40,10.8,200,6.8,39,10.7,250,6.5,37,10.8,0,6.5,18.84,37,10.7,0,6.5,11.53,37,10.7,0,6.7,14.42,35,10.7,0,6.1,15.96,36,10.7,0,6.1,12.5,34,10.6,140,5.2,12.5,29,100,63.6962890625,0
2025-02-17,1900-01-17 04:00:00,2025-02-18 04:00:00,38,40,10,200,7.2,39,10.3,250,6.8,37,10.7,0,6.5,18.26,37,10.6,0,6.4,13.46,37,10.6,0,6.5,15.38,36,10.6,0,6.4,16.34,36,10.6,0,6.5,15.38,35,10.6,160,5.6,9.61,30,100,63.6881523132324,0
2025-02-18,1900-01-17 06:00:00,2025-02-18 06:00:00,0,40,10,200,6.9,39,10.3,250,6.7,37,10.8,0,6.3,17.69,37,10.6,0,6.3,14.8,36,10.6,0,6.5,14.42,36,10.6,0,6.3,13.46,35,10.5,0,6.3,13.46,36,10.5,160,5.6,11.5,30,110,63.7247734069824,0
2025-02-18,1900-01-17 08:00:00,2025-02-18 08:00:00,43,39,9.5,200,5.6,40,10,200,5.4,39,10.3,0,5.8,17.88,39,10.5,0,6.2,15,38,10.7,0,6.2,14.42,37,10.6,0,6.4,14.42,38,10.7,0,5.6,12.6,35,10.8,200,5.9,10.57,28,120,63.7451171875,0
2025-02-18,1900-01-17 10:00:00,2025-02-18 10:00:00,41,42,9.8,150,5.4,42,9.9,150,6.3,40,10.2,0,6.1,17.69,38,10.3,0,6.4,14.42,40,10.5,0,5.7,14.61,38,10.5,0,6,14.3,38,10.5,0,5.3,12.3,34,10.6,170,5.7,10.38,26,110,63.9444999694824,0
2025-02-18,1900-01-17 12:00:00,2025-02-18 12:00:00,0,40,10.1,150,5.3,40,10,150,5.7,39,10.3,0,6.3,17.3,37,10.4,0,6.3,15,38,10.5,0,5.9,14.8,36,10.5,0,6.1,14.03,37,10.5,0,6.3,13.07,35,10.6,160,5.3,10.57,28,90,63.8264961242676,0
2025-02-18,1900-01-17 14:00:00,2025-02-18 14:00:00,0,39,11.2,200,5.4,36,9.98,200,5.6,37,10.1,0,5.8,17.88,38,10.3,0,5.7,15,37,10.4,0,5.6,14.42,38,10.5,0,6,14.42,37,10.6,0,5.6,12.3,38,10.6,170,5.7,10.57,24,110,63.9200859069824,0
2025-02-18,1900-01-17 16:00:00,2025-02-18 16:00:00,44,39,11.3,200,5.7,40,10.1,250,6,36,10,0,5.9,17.88,41,10.2,0,5.9,16.34,40,10.3,0,5.7,15,38,10.8,0,5.7,15.35,38,10.6,0,6,12.5,36,10.5,200,6.1,10.57,28,140,59.6964530944824,86.79144961039225
2025-02-18,1900-01-17 18:00:00,2025-02-18 18:00:00,38,43,10.8,200,5.6,40,10.4,250,6.1,38,10.1,0,5.7,17.88,39,10.2,0,5.8,15,38,10.3,0,5.6,15,38,10.7,0,5.3,15.35,37,10.6,0,5.8,12.3,35,10.5,200,6,10.57,28,160,56.2744140625,328.44244303452626
2025-02-18,1900-01-17 20:00:00,2025-02-18 20:00:00,42,40,10.3,200,7,40,10.4,200,6.9,39,10.4,0,6.7,17.3,39,10.3,0,6.8,16.36,37,10.3,0,6.7,14.42,36,10.6,0,6.2,14.42,35,10.7,0,5.7,13.84,36,10.7,170,5.3,10.57,30,130,55.1798515319824,290.3045427330304
2025-02-18,1900-01-17 22:00:00,2025-02-18 22:00:00,38,40,10.2,200,6.8,39,10.4,200,6.7,39,10.4,0,6.5,17.69,38,10.3,0,6.7,16.34,37,10.3,0,6.5,14.8,36,10.6,0,6.7,14.42,35,10.7,0,5.6,13.46,35,10.7,170,5.2,10.57,30,120,55.2897148132324,286.3732152645321
2025-02-18,1900-01-18 00:00:00,2025-02-19 00:00:00,39,38,9.5,200,6.4,38,10.2,200,6.4,38,10.2,0,6.4,16.92,39,10.2,0,6.4,16.7,38,10.2,0,6.5,14.47,36,10.4,0,6.5,14.61,36,10.5,0,5.4,13.84,37,10.6,170,5.4,10.57,30,120,55.2937812805176,285.7010752306941
2025-02-18,1900-01-18 02:00:00,2025-02-19 02:00:00,40,39,9.8,200,6.7,39,10.2,200,6.4,38,10.2,0,6.7,17.8,39,10.2,0,6.7,16.7,38,10.3,0,6.7,13.84,37,10.4,0,6.7,13.84,36,10.5,0,5.4,14.03,36,10.6,170,5.4,10.19,30,120,55.3873710632324,289.4431178923463
2025-02-18,1900-01-18 04:00:00,2025-02-19 04:00:00,40,38,9.2,200,6.7,38,10.2,200,6.5,37,10.2,0,6.5,17.3,38,10.2,0,6.5,17.3,38,10.3,0,6.4,14.42,39,10.3,0,6.2,13.07,37,10.5,0,5.2,13.46,37,10.6,150,5.2,14.42,30,130,55.4484062194824,287.51422672308206
2025-02-19,1900-01-18 06:00:00,2025-02-19 06:00:00,38,38,10.5,200,6.7,38,10.2,200,6.4,38,10.2,0,6.7,17.3,38,10.2,0,6.4,16.7,38,10.3,0,6.5,14.42,38,10.3,0,6.2,14.42,37,10.3,0,5.4,13.4,37,10.5,150,5.2,14.42,30,130,55.35888671875,287.07887265773024
2025-02-19,1900-01-18 08:00:00,2025-02-19 08:00:00,0,42,9.1,200,6,34,9.6,200,6.3,30,9.7,0,6,17.3,38,9.9,0,5.8,16.34,39,10.2,0,5.7,15,39,10.2,0,5.8,15,38,10.2,0,5.9,13.84,39,10.4,150,5.5,13.46,32,90,55.322265625,284.7616462588854
2025-02-19,1900-01-18 10:00:00,2025-02-19 10:00:00,0,41,9.1,200,5.9,37,9.6,200,6.1,0,0,0,0,0,37,9.9,0,5.6,15,0,0,0,0,0,38,10.2,0,5.8,14.8,37,10.2,0,5.8,13.84,39,10.4,160,5.1,13.46,0,0,55.6315116882324,279.653139756488
2025-02-19,1900-01-18 12:00:00,2025-02-19 12:00:00,40,41,9.3,200,6.2,36,9.6,200,6.5,0,0,0,0,0,38,9.9,0,5.9,16.53,0,0,0,0,0,36,10.1,0,5.7,14.61,37,10.2,0,5.8,14.03,38,10.4,150,5.3,13.65,0,0,54.84619140625,277.19557732990165
2025-02-19,1900-01-18 14:00:00,2025-02-19 14:00:00,41,42,8.4,200,6,41,9.3,150,6.3,0,0,0,0,0,40,9.8,0,6,16.74,0,0,0,0,0,37,10,0,5.6,15,37,10,0,5.7,13.84,38,10.2,130,5.3,13.26,0,0,-9.99348831176758,174.33714312200124
2025-02-19,1900-01-18 16:00:00,2025-02-19 16:00:00,0,0,0,0,0,0,0,0,0,0,0,0,0,0,0,0,0,0,0,0,0,0,0,0,0,0,0,0,0,0,0,0,0,0,0,0,0,0,0,0,0,55.0130195617676,0
2025-02-19,1900-01-18 18:00:00,2025-02-19 18:00:00,0,39,9.1,150,6.1,40,9.4,150,6.7,0,0,0,0,0,39,9.8,0,6.2,16.56,0,0,0,0,0,36,10,0,5.7,14.72,36,10,0,5.6,14.12,36,10.1,120,5.5,13.43,0,0,55.0089530944824,0
2025-02-19,1900-01-18 20:00:00,2025-02-19 20:00:00,42,39,9.5,150,7.1,39,9.5,200,6.8,0,0,0,0,0,40,9.9,0,6.7,15.38,0,0,0,0,0,38,9.9,0,6.5,15.38,36,10.1,0,6.4,13.46,33,10.3,140,5.4,12.88,29,90,54.9275703430176,0
2025-02-19,1900-01-18 22:00:00,2025-02-19 22:00:00,42,39,9.5,150,7.1,39,9.5,200,6.8,0,0,0,0,0,40,9.9,0,6.7,15.38,0,0,0,0,0,38,9.9,0,6.5,15.38,36,10.1,0,6.4,13.46,33,10.3,140,5.4,12.88,29,90,54.9153633117676,0
2025-02-19,1900-01-19 00:00:00,2025-02-20 00:00:00,43,39,9.5,150,7.2,39,9.5,150,6.7,0,0,0,0,0,39,9.9,0,6.7,15.38,0,0,0,0,0,38,9.9,0,6.4,15.38,36,10.1,0,6.3,13.46,33,10.3,140,5.3,12.88,29,80,54.8421211242676,0
2025-02-19,1900-01-19 02:00:00,2025-02-20 02:00:00,43,40,9.7,150,6.8,40,9.7,150,6.9,0,0,0,0,0,40,9.9,0,6.5,15.96,0,0,0,0,0,38,9.9,0,6.5,16.34,37,10.1,0,6.7,13.84,35,10.3,130,5.4,13.26,30,80,54.84619140625,0
2025-02-19,1900-01-19 04:00:00,2025-02-20 04:00:00,43,40,9.9,200,6.7,39,9.9,150,6.7,0,0,0,0,0,40,9.9,0,6.7,16.36,0,0,0,0,0,40,9.9,0,6.8,15.76,38,10,0,6.2,12.5,39,10.1,110,5.2,13.46,30,80,54.9397773742676,0
2025-02-20,1900-01-19 06:00:00,2025-02-20 06:00:00,43,40,10,200,6.8,40,10,150,6.8,0,0,0,0,0,40,10,0,6.7,15.38,0,0,0,0,0,40,10,0,6.8,15.38,39,10,0,6.4,13.84,39,10.1,130,5.3,13.46,30,90,54.8380546569824,0
2025-02-20,1900-01-19 08:00:00,2025-02-20 08:00:00,43,43,10.9,250,6.1,41,9.4,150,6.2,41,9.6,0,5.5,14.42,41,9.5,0,5.8,15.76,41,9,0,5.7,14.42,40,9.5,0,6.1,15.76,38,9.7,0,5.5,13.46,37,9.9,120,5.3,12.5,31,80,88.4440078735352,117.38859912554423
2025-02-20,1900-01-19 10:00:00,2025-02-20 10:00:00,42,42,10.6,250,6,40,10.2,300,6.3,0,0,0,0,0,41,9.4,0,5.6,15.38,39,9,0,5.9,15,40,9.4,0,6,15,39,9.5,0,5.1,13.65,40,9.7,130,5.7,12.88,31,80,92.6066055297852,37.35978475411733
2025-02-20,1900-01-19 12:00:00,2025-02-20 12:00:00,40,42,9.9,300,6,43,10,300,6.5,0,0,0,0,0,40,9.5,0,5.7,15.76,39,9,0,5.9,14.42,41,9.4,0,6.1,15,38,9.6,0,5.3,13.46,40,9.5,130,5.5,12.88,33,90,63.6962890625,312.8117763617076
2025-02-20,1900-01-19 14:00:00,2025-02-20 14:00:00,41,42,9.7,300,6.1,40,10,200,5.6,0,0,0,0,0,41,9.9,0,5.7,18.26,39,9.8,0,5.7,14.42,39,9.6,0,6.3,14.42,38,9.5,0,5.3,14.42,39,9.6,110,5.3,12.5,31,80,91.58935546875,329.9666047974179
2025-02-20,1900-01-19 16:00:00,2025-02-20 16:00:00,0,42,10.1,250,6,42,10,200,5.9,0,0,0,0,0,42,9.9,0,5.9,18.26,41,9.7,0,5.7,14.42,41,9.7,0,5.7,16.34,39,9.5,0,5.6,13.84,39,9.5,130,5.8,12.5,0,0,94.66552734375,285.1748169907602
2025-02-20,1900-01-19 18:00:00,2025-02-20 18:00:00,0,40,10.1,250,6.1,40,10,200,5.7,40,9.9,0,5.7,14.82,39,9.9,0,5.7,18.26,40,9.6,0,5.5,14.42,39,9.6,0,5.8,16.34,38,9.5,0,5.7,13.46,38,9.5,120,5.3,12.5,0,0,94.82421875,271.92961549990963
2025-02-20,1900-01-19 20:00:00,2025-02-20 20:00:00,42,45,10.9,250,6.1,43,10.5,250,6.5,42,9.5,0,5.8,12.5,42,9.8,0,6.2,17.69,43,9.7,0,5.9,12.5,41,9.7,0,5.5,15,39,9.6,0,5.2,11.73,41,9.6,120,5.5,11.53,29,70,94.8201446533203,274.46240821586304
2025-02-20,1900-01-19 22:00:00,2025-02-20 22:00:00,41,43,10.9,250,6.2,42,10.7,250,6.4,42,9.7,0,5.7,12.5,41,9.9,0,6.8,18.07,42,9.7,0,5.7,12.5,41,9.7,0,5.3,15,40,9.7,0,5.3,12.3,40,9.6,120,5.4,12.5,27,80,94.88525390625,277.4033082276583
2025-02-20,1900-01-20 00:00:00,2025-02-21 00:00:00,40,43,10.9,250,6.4,43,10.8,250,6.2,41,9.9,0,5.5,12.5,42,9.9,0,5.8,17.3,41,9.9,0,5.4,13.46,40,9.8,0,5.5,19,40,9.9,0,5.1,13.46,39,9.8,130,5.3,13.46,27,80,94.970703125,280.2642752141692
2025-02-20,1900-01-20 02:00:00,2025-02-21 02:00:00,40,42,10.9,300,6.2,41,10.9,300,5.9,40,10.5,0,5.3,12.3,39,10.5,0,5.6,17.69,39,10.3,0,5.2,13.84,40,10.1,0,5.3,16.34,38,9.9,0,5.4,13.26,38,9.9,110,5.2,13.26,26,70,94.93408203125,283.64595380375783
2025-02-20,1900-01-20 04:00:00,2025-02-21 04:00:00,39,41,10.9,300,5.9,41,10.8,300,5.7,40,10.6,0,5.2,12.5,38,10.6,0,5.5,18.07,39,10.3,0,5.1,14.23,39,10.3,0,5.2,16.34,38,10,0,5.5,13.84,38,9.9,120,5.3,13.46,28,70,94.9381484985352,284.9047548464422
2025-02-21,1900-01-20 06:00:00,2025-02-21 06:00:00,39,41,10.9,300,6.2,41,10.8,300,5.9,40,10.6,0,5.3,12.5,39,10.6,0,5.5,18.07,39,10.3,0,5.4,14.46,39,10.3,0,5.3,16.34,39,10,0,5.5,13.46,39,10,120,5.3,13.46,27,80,95.0113906860352,284.4117713369274
2025-02-21,1900-01-20 08:00:00,2025-02-21 08:00:00,42,42,10.4,300,6.4,41,11.1,300,6.3,43,10.8,0,5.5,11.53,41,10.9,0,5.8,15.38,40,10.7,0,5.8,14.42,41,10.3,0,6,15.38,41,10.1,0,6.6,13.84,40,9.9,170,3.9,11.53,33,130,94.98291015625,285.19507214878683
2025-02-21,1900-01-20 10:00:00,2025-02-21 10:00:00,42,42,10.3,300,6.3,41,11.1,300,6.1,40,10.8,0,5.7,12.5,40,10.8,0,5.8,15.76,39,10.6,0,6.7,14.61,41,10.3,0,6.1,15.38,40,10.1,0,5.7,14.03,39,9.8,180,3.9,11.53,31,140,95.0480117797852,283.7858076502259
2025-02-21,1900-01-20 12:00:00,2025-02-21 12:00:00,38,41,10.7,350,6.1,41,10.8,250,6,41,10.7,0,5.3,10,41,10.7,0,5.8,17.3,43,10.7,0,6.4,14.42,40,10.3,0,6.3,15.38,40,10.3,0,5.7,13.46,41,9.9,170,5.7,11.53,34,110,95.0764923095703,285.0126593966503
2025-02-21,1900-01-20 14:00:00,2025-02-21 14:00:00,44,41,10.4,300,6.3,40,10.8,300,6.1,42,10.5,0,5.7,14.42,42,10.6,0,6,16.34,41,10.5,0,6.7,14.42,41,10.3,0,6.5,15.38,40,10.3,0,5.9,13.84,41,10.1,200,6,12.5,33,130,95.1212539672852,284.30085527217017
2025-02-21,1900-01-20 16:00:00,2025-02-21 16:00:00,42,40,10.3,200,6.3,42,10.7,350,6,41,10.5,0,5.9,16.15,41,10.4,0,6,13.46,41,10.4,0,6.5,14.42,41,10.5,0,5.9,16.34,42,10.5,0,5.7,14.42,43,10.1,200,6.1,13.46,33,140,95.0520782470703,285.11284756076833
2025-02-21,1900-01-20 18:00:00,2025-02-21 18:00:00,0,40,10.3,230,6.4,40,10.6,300,6.3,39,10.5,0,60,16.34,42,10.4,0,6.2,13.46,40,10.4,0,6.1,14.42,39,10.4,0,5.7,16.34,38,10.3,0,5.9,13.84,38,10.1,200,6.1,13.46,32,120,94.8282852172852,284.978298599304
2025-02-21,1900-01-20 20:00:00,2025-02-21 20:00:00,42,43,10.1,150,6.1,42,10.5,250,6.9,40,10.6,0,6.5,16.34,42,10.5,0,5.6,13.46,41,10.4,0,5.9,14.42,40,10.4,0,5.4,15.76,40,10.3,0,5.3,13.48,39,10.4,120,5.1,13.46,-,-,94.9178009033203,277.64829310658394
2025-02-21,1900-01-20 22:00:00,2025-02-21 22:00:00,44,41,10.3,250,6.2,44,10.6,250,6.6,41,10.6,0,6.9,16.15,42,10.5,0,5.9,13.84,40,10.5,0,6.2,14.42,41,10.5,0,5.3,15.38,39,10.4,0,5.2,14.42,40,10.3,140,5,13.46,30,70,94.5556640625,209.1086753801753
2025-02-21,1900-01-21 00:00:00,2025-02-22 00:00:00,43,42,10.4,250,6.3,43,10.6,250,6.5,42,10.5,0,6.7,15.38,41,10.5,0,6,13.46,40,10.5,0,6.1,14.23,40,10.4,0,5.8,14.42,38,10.4,0,5.4,14.23,39,10.4,150,5.2,13.84,28,90,94.56787109375,284.79287206992353
2025-02-21,1900-01-21 02:00:00,2025-02-22 02:00:00,39,43,10.1,250,6.5,44,10.4,250,6.9,42,10.6,0,6.5,16.34,42,10.6,0,5.8,13.84,41,10.6,0,5.9,13.46,41,10.5,0,5.9,15.38,40,10.4,0,5.5,14.42,39,10.1,150,5.4,13.46,26,100,94.9544219970703,284.5383626624321
2025-02-21,1900-01-21 04:00:00,2025-02-22 04:00:00,40,42,10,250,6.9,43,10.2,250,6.7,41,10.4,0,5.9,15.76,42,10.5,0,5.7,13.84,40,10.5,0,5.6,14.42,40,10.4,0,5.6,15.76,39,10.4,0,5.6,14.23,40,10.4,200,5.5,13.46,27,110,94.98291015625,283.51610693755407
2025-02-22,1900-01-21 06:00:00,2025-02-22 06:00:00,40,42,10.1,250,6.8,43,10.2,250,6.6,41,10.4,0,6,16.34,42,10.5,0,5.8,13.48,40,10.5,0,5.9,14.42,41,10.4,0,5.6,15.38,40,10.4,0,5.6,14.23,40,10.4,0,5.4,13.46,28,110,94.98291015625,286.496551873954
2025-02-22,1900-01-21 08:00:00,2025-02-22 08:00:00,0,43,10.2,250,6.3,42,10.2,300,6.7,40,10.3,0,6.6,15.38,43,10.4,0,6.7,13.46,42,10.5,0,6.5,13.46,41,10.6,0,6.3,15.19,40,10.6,0,5.8,13.84,40,10.5,280,5.5,12.5,0,0,95.0520782470703,275.2213550679075
2025-02-22,1900-01-21 10:00:00,2025-02-22 10:00:00,47,45,10.2,300,6.1,43,10.1,250,6.5,39,10.2,0,6.5,12.5,43,10.3,0,6.6,13.46,43,10.4,0,6.4,13.46,42,10.3,0,6.2,15.38,40,10.3,0,5.7,13.65,41,10.2,240,5.4,12.5,37,190,95.0846328735352,327.3933015988519
2025-02-22,1900-01-21 12:00:00,2025-02-22 12:00:00,40,43,10.1,300,6.1,42,10.1,200,6.8,41,10.2,0,6.2,9.8,42,10.2,0,6.2,13.65,42,10.3,0,6.1,13.84,42,10.2,0,5.9,15.38,41,10.2,0,5.4,13.46,42,10.2,220,5.5,12.69,37,190,95.0764923095703,278.4385851141376
2025-02-22,1900-01-21 14:00:00,2025-02-22 14:00:00,38,43,10.1,250,6.3,41,10.1,200,6.8,40,10.2,0,6.2,9.61,42,10.2,0,6.1,13.65,41,10.3,0,6,13.46,40,10.2,0,5.9,15.19,41,10.2,0,5.5,13.46,41,10.2,200,5.5,12.69,0,0,95.1212539672852,281.08048850234286
2025-02-22,1900-01-21 16:00:00,2025-02-22 16:00:00,46,43,10.1,250,6.7,41,10.1,250,6.5,40,10.2,0,6,6.53,41,10.2,0,6.2,13.46,40,10.3,0,6.1,13.46,40,10.3,0,6.1,15.19,40,10.3,0,5.3,13.65,39,10.4,190,5.2,12.5,33,130,95.0398712158203,281.04612701901544
2025-02-22,1900-01-21 18:00:00,2025-02-22 18:00:00,33,41,11.2,250,6.1,40,10.2,250,5.7,40,10.2,0,5.7,12.5,40,10.2,0,5.7,8.65,40,10.3,0,5.5,13.46,40,10.3,0,5.5,15.19,40,10.3,0,5.2,13.65,41,10.4,210,5.1,12.5,34,150,95.0602188110352,277.28298574216507
2025-02-22,1900-01-21 20:00:00,2025-02-22 20:00:00,41,42,10.5,250,6.3,40,10.3,250,7,40,10.1,0,6.6,13.4,39,10.1,0,6.3,8.07,39,10.2,0,5.8,13.46,38,10.3,0,5.8,14.42,40,10.3,0,5.5,14.42,39,10.3,180,4.9,13.46,30,110,94.73876953125,283.32706393018987
2025-02-22,1900-01-21 22:00:00,2025-02-22 22:00:00,35,40,10.4,200,6.5,41,10.4,250,6.9,40,10.2,0,6.5,16.34,40,10.2,0,6.2,4.8,39,10.2,0,5.6,13.46,39,10.4,0,5.7,14.23,39,10.4,0,5.6,14.42,38,10.4,170,5,13.26,32,130,95.0358047485352,279.93344884221443
2025-02-22,1900-01-22 00:00:00,2025-02-23 00:00:00,37,40,10.5,200,6.2,40,10.5,250,6.6,39,10.4,0,6.3,17.3,39,10.4,0,6,7.69,38,10.3,0,5.7,9.61,39,10.4,0,5.5,13.84,39,10.4,0,5.4,14.23,38,10.5,170,5.1,13.46,29,130,95.1578750610352,277.5869265398011
2025-02-22,1900-01-22 02:00:00,2025-02-23 02:00:00,39,40,10.7,200,6.5,38,10.6,250,6.4,39,10.5,0,6.5,17.69,39,10.4,0,6.2,11.53,37,10.4,0,5.9,4.8,38,10.4,0,5.7,14.23,39,10.3,0,5.6,13.84,39,10.3,160,5,13.26,32,130,95.0358047485352,271.35247823278576
2025-02-22,1900-01-22 04:00:00,2025-02-23 04:00:00,40,39,10.6,250,6.7,40,10.5,250,6.6,39,10.5,0,6.2,17.3,39,10.4,0,6,13.46,38,10.4,0,6,-,38,10.4,0,5.9,13.46,39,10.4,0,5.7,14.23,39,10.4,160,5.2,13.26,30,120,95.068359375,266.5383880074757
2025-02-23,1900-01-22 06:00:00,2025-02-23 06:00:00,38,39,10.5,250,6.5,39,10.5,250,6.9,38,10.5,0,6.2,17.3,39,10.4,0,6,14.42,38,10.4,0,5.8,9.61,38,10.4,0,5.5,11.53,38,10.4,0,5.6,14.23,38,10.4,170,5.1,13.26,30,120,94.9381484985352,247.79803233027923
2025-02-23,1900-01-22 08:00:00,2025-02-23 08:00:00,43,41,10.9,300,6.2,44,10.4,250,6.7,45,10.4,0,6.7,17.3,41,10.4,0,6.9,15.38,41,10.3,0,6.6,12.5,43,10.3,0,6.6,8.65,40,10.3,0,6.4,9.61,42,10.4,170,6.1,10.19,32,140,94.7062149047852,269.1806519903087
2025-02-23,1900-01-22 10:00:00,2025-02-23 10:00:00,39,42,10.8,300,6.5,40,10.4,250,6.5,43,10.4,0,6.6,17.3,42,10.2,0,6.6,15.38,41,10.3,0,6.4,15,41,10.3,0,6.4,8.46,41,10.4,0,6.2,7.64,42,10.3,170,6.1,12.3,33,140,95.0480117797852,277.5912664934993
2025-02-23,1900-01-22 12:00:00,2025-02-23 12:00:00,38,40,10.1,250,6.1,40,10.4,250,6.4,41,10.3,0,6.2,17.11,40,10.2,0,6.5,15.57,40,10.3,0,6.4,14.8,41,10.3,0,6.3,10.57,39,10.3,0,6,3.84,37,10.2,160,6.9,12.5,30,120,95.2718048095703,270.98042079318935
2025-02-23,1900-01-22 14:00:00,2025-02-23 14:00:00,41,40,10,250,6.2,41,10.2,250,6.3,40,10.3,0,6.1,17.69,40,10.3,0,6.4,15.38,40,10.3,0,6.2,15.38,40,10.3,0,6.3,14.42,38,10.2,0,5.9,7.69,37,10.2,190,5.7,5.76,31,140,94.62890625,261.9967696036135
2025-02-23,1900-01-22 16:00:00,2025-02-23 16:00:00,43,40,9.46,250,6.1,35,10.1,250,6.5,38,10.2,0,5.8,17.69,31,10.2,0,6.2,14.42,38,10.2,0,6,15.19,37,10.3,0,6.2,14.42,36,10.3,0,5.7,6.73,35,10.3,180,5.4,7.69,29,130,95.0113906860352,280.8572044614547
2025-02-23,1900-01-22 18:00:00,2025-02-23 18:00:00,41,40,10,250,6.5,34,10,250,6.7,38,10.2,0,6.2,17.69,36,10.2,0,6.1,15.38,37,10.2,0,6,15.38,36,10.2,0,6.2,14.8,37,10.3,0,5.4,6.73,34,10.4,180,5.3,9.61,27,130,95.01953125,278.5967642403363
2025-02-23,1900-01-22 20:00:00,2025-02-23 20:00:00,39,39,10,250,6.3,39,9.8,250,6.3,39,10,0,6.8,17.3,39,10.1,0,6.1,16.34,39,10.2,0,6,15.38,38,10.1,0,5.5,14.42,38,10.1,0,5.9,8.65,38,10.1,140,5.6,11.46,27,80,95.12939453125,281.2946086712337
2025-02-23,1900-01-22 22:00:00,2025-02-23 22:00:00,38,39,10.5,300,6.5,37,9.9,250,6.2,38,10.1,0,6.5,17.3,38,10.1,0,6,15.38,38,10.2,0,5.9,14.42,37,10.2,0,5.4,14.42,37,10.2,0,5.7,9.61,35,10.2,150,5.5,11.53,30,100,95.0358047485352,282.82877651969903
2025-02-23,1900-01-23 00:00:00,2025-02-24 00:00:00,39,40,10.1,250,6.7,38,10,250,6.3,37,10.2,0,6.3,17.69,37,10.2,0,5.9,16.15,38,10.2,0,5.7,15.38,37,10.3,0,5.5,14.23,38,10.3,0,5.8,9.42,37,10.4,140,5.6,11.53,29,100,95.03173828125,282.77717422202693
2025-02-23,1900-01-23 02:00:00,2025-02-24 02:00:00,40,40,10.2,300,6.5,40,10,300,6.6,39,10.2,0,6.1,17.3,38,10.2,0,6,15.38,38,10.2,0,5.5,13.46,38,10.2,0,5.8,14.42,38,10.2,0,5.5,9.61,38,10.2,140,5.4,11.57,33,90,95.05615234375,280.32202409354505
2025-02-23,1900-01-23 04:00:00,2025-02-24 04:00:00,39,40,10.4,300,6.2,39,10.2,300,6.4,38,10.2,0,6.4,17.3,38,10.2,0,5.9,16.34,37,10.2,0,5.7,14.42,37,10.3,0,5.6,14.23,37,10.3,0,5.2,9.61,36,10.3,150,5.1,12.5,30,90,94.9951171875,284.30109474953883
2025-02-24,1900-01-23 06:00:00,2025-02-24 06:00:00,39,39,10.5,300,6.5,39,10.2,300,6.6,38,10.2,0,6.5,17.3,38,10.2,0,6,15.38,38,10.2,0,5.7,14.42,37,10.3,0,5.5,14.42,37,10.3,0,5.5,9.61,35,10.4,160,5.3,12.5,29,100,95.0154571533203,288.9535114617553
2025-02-24,1900-01-23 08:00:00,2025-02-24 08:00:00,39,43,10.1,350,6,40,10.2,300,7,39,10.2,0,7.3,17.3,38,10.2,0,6.4,14.61,38,10.1,0,6.3,14.8,38,10.1,0,6.1,14.23,40,10.1,0,5.9,9.63,40,10.2,150,5.1,10.57,33,120,95.0235977172852,285.2643965899013
2025-02-24,1900-01-23 10:00:00,2025-02-24 10:00:00,0,39,10,300,6.5,35,10.1,350,6.9,38,10.2,0,7.1,17.11,37,10.2,0,6.4,14.23,37,10.1,0,6.2,15,39,10.1,0,6.1,14.23,39,10.1,0,5.7,9.8,39,10.1,170,5.2,12.3,0,0,95.068359375,288.1955302715302
2025-02-24,1900-01-23 12:00:00,2025-02-24 12:00:00,40,37,10,300,6.2,36,10,300,7.2,38,10.1,0,6.9,17.11,37,10.1,0,6.2,15.38,36,10.1,0,6,15.19,37,10,0,6,14.23,38,10,0,5.5,10.57,39,10,170,5.2,12.5,32,120,95.1375274658203,286.1988804387627
2025-02-24,1900-01-23 14:00:00,2025-02-24 14:00:00,38,39,9.9,300,6.4,39,10,300,6.7,39,10,0,6.7,17.3,39,10,0,6,15.38,37,10,0,5.9,15.19,37,10,0,5.9,14.42,38,10,0,5.4,10.57,38,10,150,5.3,12.5,32,110,95.0642852783203,284.8233749809364
2025-02-24,1900-01-23 16:00:00,2025-02-24 16:00:00,37,36,9.3,350,6.1,39,9.8,300,6.6,39,9.9,0,6.7,17.3,39,9.9,0,6.4,15.38,37,9.9,0,6.2,15.38,37,8.9,0,5.8,14.23,39,9.8,0,5.7,8.6,37,9.8,130,5.8,12.5,32,110,95.1334609985352,284.5085844441938
2025-02-24,1900-01-23 18:00:00,2025-02-24 18:00:00,37,39,9,250,6.2,39,9.5,250,6.5,39,9.9,0,6.6,16.34,39,9.9,0,6.3,14.42,37,9.9,0,5.7,14.8,38,9.8,0,5.4,14.61,38,9.8,0,5.4,10.57,37,9.8,140,5.2,12.5,33,120,95.0358047485352,285.748215740143
2025-02-24,1900-01-23 20:00:00,2025-02-24 20:00:00,40,39,8.8,200,7.3,40,9.4,250,8,38,9.6,0,8.4,18.2,38,9.7,0,7.7,16.3,40,9.8,0,6.8,15.3,38,9.7,0,6.6,15.3,40,9.8,0,65,11.5,38,9.9,16,6.7,14.4,28,100,95.0764923095703,279.8077019847619
2025-02-24,1900-01-23 22:00:00,2025-02-24 22:00:00,39,39,8.8,200,7.6,40,9.3,200,8.4,38,9.6,0,8.2,18.2,38,9.7,0,7.5,16.3,40,9.8,0,7.1,15.3,38,9.7,0,5.8,15.3,39,9.8,0,5.7,11.5,38,9.8,18,6.9,14.4,29,110,95.0032501220703,285.23425427246843
2025-02-24,1900-01-24 00:00:00,2025-02-25 00:00:00,41,40,8.7,150,8.1,41,9.1,200,8.2,39,9.3,0,8.5,17.6,40,9.3,0,7.2,16.7,40,9.7,0,6.7,15.7,40,9.7,0,6.3,15.3,39,9.8,0,6.1,11.9,39,9.8,20,6.3,15,30,130,95.03173828125,283.16768059007205
2025-02-24,1900-01-24 02:00:00,2025-02-25 02:00:00,43,39,8.9,150,8.1,40,9.1,200,8.5,39,9.3,0,8.1,18.2,39,9.3,0,7.4,16.7,40,9.7,0,5.9,15.3,40,9.7,0,6.7,15.3,39,9.7,0,6.5,11.9,39,9.7,190,6.5,15,32,110,94.9544219970703,282.5548568443085
2025-02-24,1900-01-24 04:00:00,2025-02-25 04:00:00,41,39,8.9,150,7.5,40,9.1,200,7.9,39,9.3,0,8.5,18.4,39,9.3,0,7.2,16.1,40,9.6,0,6.3,15.7,40,9.6,0,6.5,15.9,39,9.6,0,5.9,11.5,38,9.7,190,6.3,14.8,30,120,94.9747695922852,282.16254370314226
2025-02-25,1900-01-24 06:00:00,2025-02-25 06:00:00,43,40,9.4,200,8.1,41,9.1,150,8.3,40,9.1,0,8.7,18.2,38,9,0,7.5,16.3,39,9.4,0,6.7,15.3,40,9.6,0,6.8,15.3,40,9.6,0,6.3,12.5,38,9.8,210,6.7,5,30,120,95.0113906860352,282.0513839910893
2025-02-25,1900-01-24 08:00:00,2025-02-25 08:00:00,43,42,9.7,200,6.6,41,9.2,200,7.1,35,9.1,0,5.9,17.11,36,9.2,0,6.2,15.38,37,9.4,0,6,14.42,37,9.6,0,5.5,14.42,35,9.8,0,5.5,10.57,35,9.8,160,5.5,12.5,32,120,94.9991836547852,281.41215769984603
2025-02-25,1900-01-24 10:00:00,2025-02-25 10:00:00,40,40,11,250,6.5,41,9.7,250,7.2,39,9.2,0,5.7,17.3,39,9.2,0,6.1,15.38,38,9.2,0,6.1,14.8,37,9.7,0,5.7,14.42,36,9.8,0,5.4,10.38,36,9.8,180,5.4,12.5,32,120,95.10498046875,278.2271167643368
2025-02-25,1900-01-24 12:00:00,2025-02-25 12:00:00,40,40,10.4,300,6.2,41,9.8,250,6.9,40,9.2,0,5.7,17.11,40,9.1,0,5.9,15.59,39,9.1,0,5.9,15,37,9.2,0,5.5,14.61,37,9.6,0,5.4,10.35,37,9.6,150,5.4,12.69,24,110,95.1578750610352,259.7711703741923
2025-02-25,1900-01-24 14:00:00,2025-02-25 14:00:00,42,41,10.8,300,6.2,41,10,250,6.7,41,9.4,0,5.9,17.3,40,9.2,0,6,15.19,40,9.2,0,5.7,15.19,38,9.3,0,5.5,14.61,39,9.6,0,5.2,10.19,39,9.6,180,5.2,12.5,25,130,95.0886993408203,277.741246921507
2025-02-25,1900-01-24 16:00:00,2025-02-25 16:00:00,43,42,10.7,300,6.1,41,10.2,250,6.5,40,9.8,0,5.8,17.3,40,9.3,0,6.1,15.8,38,9.3,0,5.9,14.8,38,9.2,0,5.7,14.42,37,9.3,0,5.5,10.57,38,9.3,160,5.5,12.5,24,130,95.0032501220703,279.72234284632526
2025-02-25,1900-01-24 18:00:00,2025-02-25 18:00:00,44,42,10.5,300,6,42,10.3,300,6.8,40,10,0,6,17.11,41,9.4,0,6,14.8,39,9.4,0,5.7,14.8,38,9.3,0,5.5,14.42,38,9.3,0,5.3,10.57,38,9.4,160,5.2,12.69,35,140,94.9503555297852,279.34425558340735
2025-02-25,1900-01-24 20:00:00,2025-02-25 20:00:00,42,42,9.9,250,7.5,41,10.1,250,7.9,41,10,0,8.4,18.2,41,9.8,0,7.3,14.4,39,9.3,0,6.5,15.3,40,9.2,0,6.3,13.4,40,9.1,0,6.7,11.5,38,9.2,170,6.3,13.4,30,100,95.0276641845703,280.03592695482075
2025-02-25,1900-01-24 22:00:00,2025-02-25 22:00:00,40,41,10.4,200,7.3,41,10.1,250,7.5,41,10,0,8.1,18.6,41,9.8,0,7.5,15.3,40,9.2,0,6.8,15.3,40,9.2,0,6.3,13.4,40,9.1,0,6.4,12.5,39,9.2,150,6.7,15.3,30,80,94.98291015625,281.02334187766536
2025-02-25,1900-01-25 00:00:00,2025-02-26 00:00:00,40,41,10.3,200,7.9,40,10.2,250,8.2,39,10,0,8.5,18.6,39,10,0,7.2,14.4,41,9.4,0,6.3,13.8,41,9.4,0,6.3,13.8,41,9.2,0,6.1,12.5,40,9.3,120,5.9,18.2,32,70,94.9422149658203,281.43807846771864
2025-02-25,1900-01-25 02:00:00,2025-02-26 02:00:00,42,42,10.3,200,7.6,41,10.3,200,7.9,40,10.1,0,8.1,18.2,41,10,0,7.8,15.43,41,9.8,0,6.5,15.7,41,9.4,0,6.7,13.8,41,9.2,0,6.1,12.3,39,9.3,140,5.9,17.6,31,90,94.9788360595703,281.44495152477174
2025-02-25,1900-01-25 04:00:00,2025-02-26 04:00:00,41,42,10.1,200,7.1,41,10.4,200,8.5,40,10.2,0,7.8,18.6,41,10.1,0,7.5,15.3,41,9.8,0,6.7,15.7,41,9.4,0,6.3,13.4,41,9.3,0,5.8,12.5,39,9.4,130,6.4,18.2,30,100,94.93408203125,292.7492054686261
2025-02-26,1900-01-25 06:00:00,2025-02-26 06:00:00,41,42,9.9,200,7.8,42,10.2,200,8.6,40,10,0,7.6,18.6,41,9.9,0,7.9,15.3,41,9.9,0,6.5,15.3,42,9.7,0,5.8,13.8,42,9.6,0,5.9,12.5,40,9.5,130,6.3,18.2,31,80,94.8974609375,281.13269178306996
2025-02-26,1900-01-25 08:00:00,2025-02-26 08:00:00,40,42,10.1,200,6.7,42,10.1,200,6.5,42,10.1,0,6.5,17.3,42,10.1,0,6.1,15.38,40,10.1,0,5.9,14.42,39,9.9,0,5.6,13.46,39,9.8,0,6.5,12.5,37,9.6,100,5.5,14.42,33,100,95.0113906860352,273.31524869722006
2025-02-26,1900-01-25 10:00:00,2025-02-26 10:00:00,39,40,9.9,250,6.8,40,10.2,350,6.3,40,10.2,0,5.8,12.5,39,10,0,5.9,15.57,39,10,0,5.6,14.23,38,9.8,0,5.4,13.46,38,9.8,0,5.3,12.5,36,9.7,140,5.2,14.23,30,110,94.9300079345703,270.4840620694061
2025-02-26,1900-01-25 12:00:00,2025-02-26 12:00:00,0,41,10,250,6.5,40,10.2,300,6.1,40,10.2,0,5.6,7.69,38,10.1,0,5.6,15,38,10,0,5.3,13.23,38,9.9,0,5.4,14.23,39,9,0,5.5,12.3,38,9.7,140,5.4,13.84,0,0,95.0764923095703,280.1945877276361
2025-02-26,1900-01-25 14:00:00,2025-02-26 14:00:00,0,41,10.1,300,5.7,41,10.1,300,5.9,41,10.1,0,5.5,6.73,37,10.1,0,5.6,15.38,38,10,0,5.5,13.46,37,9.9,0,5.2,13.46,37,9.8,0,5.4,12.5,33,9.6,110,5.3,14.42,0,0,59.7615547180176,322.0494908042576
2025-02-26,1900-01-25 16:00:00,2025-02-26 16:00:00,40,38,9.8,300,5.9,40,9.9,300,5.8,40,9.9,0,5.4,7.69,38,10,0,5.7,15.19,38,9.9,0,5.3,14.23,37,9.9,0,5.4,14.42,37,9.9,0,5.7,12.5,37,9.6,110,5.5,15,27,90,54.296875,361.35272019704183
2025-02-26,1900-01-25 18:00:00,2025-02-26 18:00:00,0,0,0,0,0,0,0,0,0,0,0,0,0,0,0,0,0,0,0,0,0,0,0,0,0,0,0,0,0,0,0,0,0,0,0,0,0,0,0,0,0,62.79296875,327.06778066953024
2025-02-26,1900-01-25 20:00:00,2025-02-26 20:00:00,43,43,9.4,200,6.9,43,9.8,350,7.5,40,10,0,7.8,7.6,38,10,0,8.1,13.4,38,10,0,7.4,14.4,38,10,0,6.7,13.5,40,10.1,0,6.5,12.5,37,10,150,6.3,18.2,30,110,66.0237579345703,322.6951916188622
2025-02-26,1900-01-25 22:00:00,2025-02-26 22:00:00,43,42,9.4,200,6.3,42,9.8,400,6.5,39,10,0,6.9,14.4,39,10,0,7.5,9.6,38,10,0,6.8,15.3,38,10,0,6.1,14.4,39,10.1,0,7.1,12.5,38,9.9,160,5.9,18.6,32,120,68.6116485595703,314.69027347111455
2025-02-26,1900-01-26 00:00:00,2025-02-27 00:00:00,40,42,9.4,200,6.5,42,9.8,300,5.7,41,10,0,6.3,18.2,41,10,0,7.1,5.7,41,10,0,6.5,15.3,40,10,0,6.7,14.4,39,10.1,0,7.5,13.07,37,10,150,6.1,18.2,30,120,72.2941055297852,311.01128446155536
2025-02-26,1900-01-26 02:00:00,2025-02-27 02:00:00,43,41,9.7,150,7.1,41,9.7,200,7.4,39,10,0,6.5,18.2,39,10,0,7.1,15,39,10,0,7.2,7.6,39,10,0,6.3,"14,8",38,10.1,0,6.9,13.4,37,10,180,5.8,18.6,30,140,74.37744140625,305.83453853571166
2025-02-26,1900-01-26 04:00:00,2025-02-27 04:00:00,40,41,9.5,200,6.9,41,9.6,200,7.6,39,10,0,6.6,18.2,39,10,0,7.3,15.3,38,10,0,7.3,15.7,39,10,0,6.7,5.7,38,10.1,0,6.3,14.4,38,10,160,6.5,18.2,31,130,72.5138320922852,303.6687412184353
2025-02-27,1900-01-26 06:00:00,2025-02-27 06:00:00,41,42,9.6,200,7.1,41,9.5,200,7.3,40,9.9,0,6.9,18.2,39,9.9,0,7.5,16.3,38,9.9,0,6.9,16.3,39,9.9,0,6.5,11.5,38,9.9,0,6.3,6.7,38,10,160,6.7,18.2,30,120,94.9,
2025-02-27,1900-01-26 08:00:00,2025-02-27 08:00:00,40,41,9.7,150,6.1,41,9.7,150,6.3,39,9.7,0,5.7,17.3,39,9.8,0,5.4,15,38,9.9,0,5.4,15.38,36,10,0,6.2,12.5,38,10,0,5.8,6.53,38,10,150,5.8,16.34,29,110,77.4,
2025-02-27,1900-01-26 10:00:00,2025-02-27 10:00:00,40,43,9.5,150,6,37,9.5,150,6.2,37,9.8,0,5.9,17.3,38,9.8,0,5.5,15.19,38,9.9,0,5.5,15.38,37,9.9,0,6,15.19,37,9.8,0,5.8,4.8,38,9.8,160,5.6,16.73,29,130,75.88,
2025-02-27,1900-01-26 12:00:00,2025-02-27 12:00:00,41,38,10,200,5.9,39,9.6,150,6,40,9.5,0,5.5,17.69,40,9.5,0,5.6,14.8,37,9.2,0,5.4,15.38,35,9.2,0,5.7,15.19,37,9.8,0,5.6,4.8,34,9.7,140,5.8,16.73,27,120,79.91,
2025-02-27,1900-01-26 14:00:00,2025-02-27 14:00:00,41,39,10,200,5.7,40,9.7,150,5.8,39,9.6,0,5.7,17.69,39,9.5,0,6.4,14.61,38,9.6,0,5.6,14.61,38,9.6,0,5.9,14.42,37,9.8,0,5.5,4.61,37,9.8,140,5.7,15.57,29,120,79.34,
2025-02-27,1900-01-26 16:00:00,2025-02-27 16:00:00,42,40,9.8,200,5.6,40,9.7,200,5.6,40,9.7,0,5.4,17.3,39,9.6,0,5.2,15.19,39,9.6,0,5.5,15.19,38,9.6,0,5.6,14.42,38,9.7,0,5.3,4.8,38,9.8,110,5.5,16.34,30,90,76.35,
2025-02-27,1900-01-26 18:00:00,2025-02-27 18:00:00,43,40,9.7,200,5.9,41,9.7,200,5.7,41,9.7,0,5.7,17.3,40,9.6,0,5.4,15,39,9.6,0,5.3,14.42,39,9.5,0,5.8,15.19,38,9.6,0,5.6,4.61,39,9.8,130,5.2,16.73,30,110,77.69,
2025-02-27,1900-01-26 20:00:00,2025-02-27 20:00:00,41,41,9.1,200,7.2,40,9.5,200,7.5,41,9.7,0,6.3,18.2,41,9.7,0,6.5,15.3,41,9.5,0,6.1,15.3,41,9.5,0,6.7,14.4,39,9.6,0,6.5,5.7,37,9.7,170,5.9,17.3,32,110,77.21,
2025-02-27,1900-01-26 22:00:00,2025-02-27 22:00:00,41,41,9.5,150,7.5,41,9.5,150,7.8,41,9.7,0,6.5,18.2,41,9.7,0,6.1,15.3,41,9.5,0,6.5,15,40,9.5,0,6.1,14.4,39,9.6,0,6.5,5.7,37,9.7,150,5.7,17.3,32,100,76.78,
2025-02-27,1900-01-27 00:00:00,2025-02-28 00:00:00,42,41,9.1,200,7.5,41,9.2,200,7.3,41,9.4,0,6.7,18.2,42,9.5,0,6.5,15.3,41,9.5,0,6.3,15.3,41,9.6,0,6.6,14.6,40,9.6,0,5.9,7.6,39,9.6,140,6.1,16.3,33,100,78.1,
2025-02-27,1900-01-27 02:00:00,2025-02-28 02:00:00,41,40,9.1,200,7.7,40,9.2,200,7.1,41,9.4,0,6.3,18.2,42,9.5,0,6.7,15.7,41,9.5,0,6.5,15.3,41,9.6,0,6.4,14.4,41,9.6,0,6.3,7.6,41,9.6,120,6.3,17.3,33,90,78.58,
2025-02-27,1900-01-27 04:00:00,2025-02-28 04:00:00,40,40,9,200,7.1,40,9.1,200,6.9,41,9.4,0,6.5,18.4,41,9.5,0,6.3,15.3,41,9.5,0,6.8,15,41,9.6,0,6.7,14.6,40,9.6,0,6.1,7.6,40,9.6,140,5.9,19.6,32,110,78.84,
2025-02-28,1900-01-27 06:00:00,2025-02-28 06:00:00,42,41,9.1,200,6.9,41,9.1,200,6.7,41,9.3,0,6.9,18.4,41,9.4,0,6.7,15.3,41,9.5,0,6.3,15.3,41,9.6,0,6.3,14.4,40,9.6,0,6.3,7.6,40,9.6,150,5.7,20.1,33,110,79.1015625,
2025-02-28,1900-01-27 08:00:00,2025-02-28 08:00:00,42,41,9.2,250,6.1,41,9.2,200,6,40,9.2,0,5.9,16.34,40,9.8,0,5.6,12.5,41,9.3,0,5.7,15.38,39,9.4,0,5.3,14.42,37,9.4,0,5.2,7.69,36,9.6,100,5.5,17.3,29,80,79.9397811889648,
2025-02-28,1900-01-27 10:00:00,2025-02-28 10:00:00,40,41,9.6,250,5.9,39,9.2,200,5.7,40,9.2,0,5.5,17.3,39,9.7,0,5.7,15.76,39,9.7,0,5.6,15.76,39,9.4,0,5.5,14.42,38,9.4,0,5.6,6.73,38,9.5,90,5.6,18.26,30,80,67.041015625,
2025-02-28,1900-01-27 12:00:00,2025-02-28 12:00:00,40,40,10.3,250,6.1,40,9,250,5.9,404,9.1,0,5.4,16.34,39,9.5,0,5.8,16.34,39,9.7,0,5.7,16.34,39,9.4,0,5.3,15.38,38,9.4,0,5.6,7.69,38,9.4,100,5.5,16.4,28,90,67.66357421875,
2025-02-28,1900-01-27 14:00:00,2025-02-28 14:00:00,39,41,10.8,300,5.8,41,9.6,250,5.6,40,9.5,0,5.3,18.26,40,9.5,0,5.6,15.76,39,9.7,0,5.5,15.76,39,9.5,0,5.2,14.42,39,9.4,0,5.3,7.69,39,9.4,80,5.4,17.3,27,40,67.8385391235352,
2025-02-28,1900-01-27 16:00:00,2025-02-28 16:00:00,0,40,10.9,350,6,41,9.7,250,6.1,40,9.6,0,5.8,16.34,40,9.6,0,5.6,16.34,40,9.8,0,5.8,16.34,40,9.7,0,5.2,14.42,39,9.5,0,5.5,6.73,39,9.5,80,5.3,15.38,30,50,68.0704727172852,
2025-02-28,1900-01-27 18:00:00,2025-02-28 18:00:00,0,40,10.9,350,5.8,41,10.4,250,5.7,40,10.1,0,5.6,17.3,40,10.1,0,5.4,15.38,39,10.1,0,5.7,16.34,39,10,0,5.5,15.38,39,9.9,0,5.7,6.73,40,9.9,90,5.2,15.38,30,50,67.529296875,
2025-02-28,1900-01-27 20:00:00,2025-02-28 20:00:00,43,41,10.8,400,6.1,42,10.5,400,5.8,41,10.1,0,5.8,18.2,40,9.7,0,5.4,14.4,40,9.2,0,5.6,16.3,40,9.2,0,5.4,14.4,40,9.2,0,5.8,7.6,40,9.3,120,5.5,16.3,33,90,67.4560546875,
2025-02-28,1900-01-27 22:00:00,2025-02-28 22:00:00,42,41,10.5,400,6.3,41,10.4,400,6.1,40,10.2,0,6.1,18.2,40,9.8,0,5.6,15.3,40,9.2,0,5.3,16.3,40,9.2,0,5.5,14.4,40,9.2,0,5.6,7.6,40,9.2,130,5.3,17.3,35,90,67.4601211547852,
2025-02-28,1900-01-28 00:00:00,2025-03-01 00:00:00,39,42,10.9,400,6.3,41,10.5,400,6.3,40,10.5,0,6.3,18.2,40,10.2,0,5.9,15.3,40,9.8,0,6.1,15.3,40,9.5,0,5.7,14.4,40,9.3,0,5.3,6.7,41,9.3,130,5.8,17.3,35,100,67.56591796875,
2025-02-28,1900-01-28 02:00:00,2025-03-01 02:00:00,40,41,10.1,300,7.1,40,10.2,300,6.7,41,10.3,0,6.7,18.2,41,10.3,0,6.5,14.4,41,9.8,0,6.3,15.3,40,9.5,0,5.9,14.8,40,9.3,0,5.5,7.6,40,9.3,130,5.9,17.3,36,100,67.81005859375,
2025-02-28,1900-01-28 04:00:00,2025-03-01 04:00:00,39,42,9.7,250,7.3,40,9.9,300,6.3,40,10.3,0,6.3,18.2,41,10.2,0,6.5,15.3,41,10,0,6.3,16.3,41,9.7,0,6.2,14.4,39,9.5,0,5.8,7.6,40,9.4,150,5.7,18.2,35,120,67.63916015625,
2025-03-01,06:00:00,2025-03-01 06:00:00,42,40,9.9,200,5.1,41,10,200,6.4,41,10.1,0,4.9,17.3,40,10.1,0,5,14.42,40,10.1,0,5.6,15.38,40,10,0,5.6,15.38,39,9.7,0,5.5,6.73,40,9.6,150,5.9,13.46,29,100,67.9606094360352,340.8262199719747
2025-03-01,08:00:00,2025-03-01 08:00:00,42,40,9.9,200,5.1,41,10,200,6.4,41,10.1,0,4.9,17.3,40,10.1,0,5,14.42,40,10.1,0,5.6,15.38,40,10,0,5.6,15.38,39,9.7,0,5.5,6.73,40,9.6,150,5.9,13.46,29,100,68.4651641845703,339.4615645567576
2025-03-01,10:00:00,2025-03-01 10:00:00,42,41,10.8,250,5.4,40,10.2,200,5.9,40,10.1,0,5.1,17.69,40,10.1,0,5.2,15.38,39,10.1,0,5.5,15.76,40,10.1,0,5.5,15.38,40,9.7,0,5.7,6.73,41,9.6,140,5.8,17.3,30,100,68.7662734985352,335.4153402487437
2025-03-01,12:00:00,2025-03-01 12:00:00,41,41,10.9,250,5.7,41,10.4,250,5.8,41,10.2,0,5.2,16.34,40,10.2,0,5.5,14.42,39,10.2,0,5.4,15.38,39,10.1,0,5.4,14.42,39,9.9,0,5.4,7.69,39,9.8,140,5.7,16.34,28,100,69.25048828125,336.2160007814566
2025-03-01,14:00:00,2025-03-01 14:00:00,44,42,10.9,300,5.9,40,10.6,250,5.9,40,10.5,0,5.5,17.3,40,10.4,0,5.7,13.46,39,10.3,0,5.3,14.42,39,10.2,0,5.3,14.23,39,10,0,5.3,7.69,40,9.9,150,5.4,16.34,34,100,69.4010391235352,336.3497055371602
2025-03-01,16:00:00,2025-03-01 16:00:00,-,42,10.8,300,6,41,10.6,250,5.7,39,10.5,0,5.3,17.3,39,10.5,0,5.5,14.42,39,10.3,0,5.4,15.38,38,10.3,0,5.4,14.42,38,10.1,0,5.2,6.73,39,10,150,5.2,17.3,-,-,69.47021484375,337.81382671991986
2025-03-01,18:00:00,2025-03-01 18:00:00,41,42,10.7,350,5.8,40,10.6,250,5.3,40,10.5,0,5.3,17.69,39,10.5,0,5.7,15.38,39,10.4,0,5.5,15.38,38,10.3,0,5.6,15,38,10.2,0,5.7,6.73,39,10.1,150,5.5,16.34,28,110,68.44482421875,337.7408856426676
2025-03-01,20:00:00,2025-03-01 20:00:00,39,39,10.4,350,7.1,40,10.6,300,7.3,39,10.4,0,6.9,17.3,40,10.3,0,6.7,15.38,40,10.2,0,6.7,16.34,37,10,0,6.5,14.42,38,9.9,0,6.2,7.69,38,9.8,220,5.9,17.3,33,200,68.46923828125,341.8542632420858
2025-03-01,22:00:00,2025-03-01 22:00:00,43,40,10.9,250,6.9,41,10.5,300,7.1,39,10.4,0,6.7,18.2,40,10.3,0,6.5,15.3,40,10.2,0,6.5,16.3,38,10.1,0,6.4,14.4,38,9.9,0,6,7.6,39,9.9,220,5.7,18.2,33,190,68.8313751220703,341.49184992748
2025-03-01,1900-01-01 00:00:00,2025-03-02 00:00:00,40,40,10.1,200,6.7,41,10.4,250,7,41,10.4,0,6.4,18.2,40,10.4,0,6.2,15.3,40,10.3,0,6.2,16.3,38,10.1,0,6.1,14.4,38,10.1,0,6.2,7.6,39,9.8,210,5.3,18.6,34,190,68.505859375,342.8913479951521
2025-03-01,1900-01-01 02:00:00,2025-03-02 02:00:00,43,41,10.1,250,6.4,42,10.2,250,6.7,42,10.3,0,5.7,18.2,41,10.3,0,5.8,15.3,40,10.2,0,6.1,15.3,39,10.1,0,5.9,15.3,38,10.1,0,5.9,7.6,38,9.9,220,5.1,18.2,33,200,69.2138671875,342.90436917940775
2025-03-01,1900-01-01 04:00:00,2025-03-02 04:00:00,41,39,9.8,250,6,40,10,250,6.2,40,10.3,0,5.4,18.2,39,10.3,0,5.5,15.3,40,10.3,0,5.5,15.3,40,10.3,0,5.3,14.4,40,10.2,0,5.2,7.6,39,10.1,200,5.1,18.6,35,180,69.4661407470703,343.3054829120636
2025-03-02,1900-01-01 06:00:00,2025-03-02 06:00:00,42,40,10.2,250,5.7,41,10.3,250,5.9,41,10.3,0,5.5,17.3,41,10,0,5.2,15,41,10,0,5.3,15,40,10.3,0,5.7,14.42,39,10.2,0,5.1,7.69,39,10.1,190,5.2,17.3,33,180,68.9453125,340.92447928016384
2025-03-02,1900-01-01 08:00:00,2025-03-02 08:00:00,42,41,10,300,6.7,43,10,200,6.6,40,10,0,7.2,18.26,40,10.1,0,6.5,13.46,41,10.2,0,8.1,14.42,39,10.3,0,8.5,16.34,39,10.2,0,8.8,7.69,39,10.1,190,8.2,18.26,37,170,69.9055938720703,339.72125746409097
2025-03-02,1900-01-01 10:00:00,2025-03-02 10:00:00,41,39,9.5,150,7.1,42,9.8,200,6,40,9.9,0,8.2,18.07,44,10,0,8.4,13.84,40,10,0,8.9,14.61,40,10.1,0,8.8,16.15,39,10.1,0,7.3,7.88,39,10,170,8.5,18.26,36,150,69.5556640625,338.8158275286357
2025-03-02,1900-01-01 12:00:00,2025-03-02 12:00:00,38,39,9.4,200,0,40,9.7,200,0,41,9.9,0,0,17.88,41,10,0,0,13.65,40,10.1,0,0,14.42,39,10.1,0,0,15.96,38,10.1,0,0,8.65,38,10,170,0,18.07,36,150,91.4998321533203,311.6206117630005
2025-03-02,1900-01-01 14:00:00,2025-03-02 14:00:00,42,39,9.2,250,0,41,9.9,250,0,42,9.7,0,0,15.76,42,9.9,0,0,14.03,40,10,0,0,14.42,40,10.1,0,0,14.42,40,10.1,0,0,7.69,40,10.1,100,0,18.26,35,150,94.62890625,263.83282646493365
2025-03-02,1900-01-01 16:00:00,2025-03-02 16:00:00,41,40,10,250,0,42,9.8,300,0,43,9.9,0,0,15.38,43,9.8,0,0,13.46,44,9.8,0,0,14.42,43,10.1,0,0,13.46,41,10.1,0,0,6.73,38,10.2,170,0,18.26,33,130,94.6573867797852,266.53706144100676
2025-03-02,1900-01-01 18:00:00,2025-03-02 18:00:00,40,42,9.9,250,0,42,9.9,250,0,41,9.7,0,0,16.36,40,9.7,0,0,14.03,43,9.9,0,0,14.23,40,10.1,0,0,14.61,41,9.9,0,0,7.88,40,9.9,160,0,18.07,34,130,94.7550430297852,270.48201211583796
2025-03-02,1900-01-01 20:00:00,2025-03-02 20:00:00,42,40,10.5,250,0,40,9.9,300,0,41,9.8,0,0,17.3,41,9.7,0,0,16.34,41,9.8,0,0,15.38,41,9.8,0,0,15.38,40,9.8,0,0,7.69,40,9.9,150,0,17.3,32,110,94.7021484375,274.3940479231067
2025-03-02,1900-01-01 22:00:00,2025-03-02 22:00:00,44,41,10.6,250,0,41,10,250,0,40,9.8,0,0,18.26,40,9.7,0,0,14.8,40,9.8,0,0,15.96,39,9.8,0,0,14.42,39,9.7,0,0,7.69,40,9.9,160,0,16.53,33,130,94.8649063110352,276.26133344800525
2025-03-02,1900-01-02 00:00:00,2025-03-03 00:00:00,43,40,10.4,250,0,40,10,250,0,40,9.8,0,0,18.07,39,9.7,0,0,15.38,39,9.7,0,0,14.42,40,9.7,0,0,15.38,40,9.6,0,0,6.73,41,9.8,160,0,16.34,32,120,94.9462890625,277.16326720876
2025-03-02,1900-01-02 02:00:00,2025-03-03 02:00:00,43,40,10.8,250,0,41,10.3,200,0,40,10,0,0,17.3,40,10,0,0,14.42,40,9.8,0,0,15.38,41,9.8,0,0,15.38,40,9.7,0,0,6.73,40,9.9,150,0,17.3,30,120,94.9381484985352,279.9036689053445
2025-03-02,1900-01-02 04:00:00,2025-03-03 04:00:00,43,41,10.8,200,0,42,10.3,250,0,41,10.2,0,0,18.26,40,10,0,0,14.42,41,9.8,0,0,15.38,41,9.8,0,0,15.38,40,9.7,0,0,8.6,40,9.8,130,0,18.26,35,100,94.9381484985352,280.3688030019092
2025-03-03,1900-01-02 06:00:00,2025-03-03 06:00:00,44,41,10.9,200,0,41,10.5,250,0,40,10.3,0,0,18.26,40,10.2,0,0,14.42,40,10,0,0,15.38,41,9.9,0,0,15.38,41,9.7,0,0,7.69,40,9.8,130,0,18.26,35,110,95.01953125,280.09657171272363
2025-03-03,1900-01-02 08:00:00,2025-03-03 08:00:00,0,40,10.9,200,0,42,10.5,250,0,41,10.3,0,0,16.37,41,10.1,0,0,13.84,40,9.9,0,0,15.76,41,9.8,0,0,14.42,40,9.8,0,0,8.65,40,9.9,150,0,18.65,0,0,95.0520782470703,282.4402009222346
2025-03-03,1900-01-02 10:00:00,2025-03-03 10:00:00,0,40,10.9,200,0,42,10.5,250,0,41,10.3,0,0,16.34,40,10.1,0,0,13.84,40,9.9,0,0,15.38,41,9.8,0,0,14.28,40,9.8,0,0,7.88,39,9.9,150,0,17.69,0,0,94.5149688720703,282.5126589487307
2025-03-03,1900-01-02 12:00:00,2025-03-03 12:00:00,42,41,10.9,200,0,42,10.6,250,0,41,10.4,0,0,11.53,40,10.1,0,0,14.61,41,10,0,0,16.34,40,9.7,0,0,14.42,40,9.7,0,0,8.26,38,9.8,160,0,16.92,33,120,94.3440704345703,282.64925715892264
2025-03-03,1900-01-02 14:00:00,2025-03-03 14:00:00,41,41,11.2,300,0,41,10.6,250,0,39,10.5,0,0,6.73,41,10.2,0,0,13.46,40,10.1,0,0,16.34,39,9.9,0,0,14.42,40,9.8,0,0,8.65,39,9.8,140,0,17.3,33,100,94.9869766235352,281.0713253062529
2025-03-03,1900-01-02 16:00:00,2025-03-03 16:00:00,40,42,10.3,200,0,42,10.6,250,0,39,10.5,0,0,7.69,42,10.2,0,0,13.46,40,10,0,0,15.38,36,9.9,0,0,13.46,40,9.7,0,0,8.65,39,9.6,150,0,17.25,32,130,93.6238555908203,283.7278158320735
2025-03-03,1900-01-02 18:00:00,2025-03-03 18:00:00,40,40,10.5,150,0,40,10.5,150,0,39,10.5,0,0,12.5,38,10.3,0,0,7.69,39,10.1,0,0,15.76,37,10,0,0,14.23,39,9.7,0,0,8.26,38,9.6,170,0,17.69,34,140,93.9493789672852,282.50759483513735
2025-03-03,1900-01-02 20:00:00,2025-03-03 20:00:00,41,39,10.6,200,0,40,10.5,200,0,37,10.4,0,0,13.46,37,10.3,0,0,7.69,38,10.2,0,0,16.34,37,10.2,0,0,15.38,37,10,0,0,7.69,36,10,240,0,18.26,33,180,94.3684844970703,283.71383106211823
2025-03-03,1900-01-02 22:00:00,2025-03-03 22:00:00,43,39,10.5,200,0,41,10.5,200,0,38,10.4,0,0,16.34,38,10.3,0,0,6.73,38,10.2,0,0,15.38,37,10.2,0,0,15.38,37,10,0,0,7.69,37,10,200,0,18.26,31,170,94.3359375,283.44943632433814
2025-03-03,1900-01-03 00:00:00,2025-03-04 00:00:00,43,40,10.5,150,0,40,10.5,200,0,38,10.5,0,0,16.34,38,10.4,0,0,10.57,38,10.4,0,0,9.61,38,10.3,0,0,15.38,37,10.2,0,0,8.65,37,10,200,0,17.3,31,170,93.56689453125,284.09131453198694
2025-03-03,1900-01-03 02:00:00,2025-03-04 02:00:00,45,41,10,200,0,41,10.4,200,0,39,10.4,0,0,16.73,39,10.4,0,0,16.34,39,10.3,0,0,4.8,39,10.3,0,0,14.8,38,10.2,0,0,8.07,38,10.1,170,0,17.88,32,140,94.0266876220703,285.25692046663414
2025-03-03,1900-01-03 04:00:00,2025-03-04 04:00:00,44,41,9.9,200,0,41,10.2,200,0,40,10.4,0,0,16.73,40,10.4,0,0,16.34,39,10.4,0,0,11.53,39,10.4,0,0,7.69,37,10.2,0,0,7.69,38,10.2,180,0,18.2,33,140,94.5882110595703,283.8533227296546
2025-03-04,1900-01-03 06:00:00,2025-03-04 06:00:00,44,39,9.9,200,0,41,10.2,200,0,39,10.4,0,0,16.34,38,10.4,0,0,16.34,38,10.4,0,0,16.34,39,10.4,0,0,4.8,38,10.3,0,0,10.57,38,10.3,180,0,14.4,33,130,94.0226211547852,284.8267500183235
2025-03-04,1900-01-03 08:00:00,2025-03-04 08:00:00,0,41,9.6,200,0,40,10,150,0,40,10.2,0,0,16.34,39,10.3,0,0,15.76,39,10.3,0,0,16.34,39,10.3,0,0,4.8,39,10.2,0,0,10.57,38,10.2,160,0,14.42,0,0,94.2464141845703,285.66526846658286
2025-03-04,1900-01-03 10:00:00,2025-03-04 10:00:00,0,40,9.6,200,0,40,10,150,0,40,10.2,0,0,15.96,39,10.3,0,0,15.57,39,10.3,0,0,16.15,39,10.3,0,0,5.76,39,10.2,0,0,10.19,38,10.2,160,0,14.61,0,0,94.7713165283203,284.63553718989715
2025-03-04,1900-01-03 12:00:00,2025-03-04 12:00:00,0,40,9.8,200,0,40,10,200,0,40,10.2,0,0,16.15,39,10.2,0,0,15.57,38,10.2,0,0,16.53,38,10.1,0,0,6.15,37,10.1,0,0,7.69,37,10.1,150,0,15.19,0,0,0,284.29349941561617
2025-03-04,1900-01-03 14:00:00,2025-03-04 14:00:00,40,40,10.1,250,0,40,10.2,250,0,40,10,0,0,16.53,39,10.3,0,0,15.76,38,10,0,0,16.15,37,10.2,0,0,8.46,36,10.1,0,0,4.8,37,10,170,0,15.38,29,90,94.482421875,8.623046811421716
2025-03-04,1900-01-03 16:00:00,2025-03-04 16:00:00,43,39,9.8,250,0,40,9.9,250,0,40,9.9,0,0,16.34,40,10,0,0,15.38,39,10,0,0,16.34,39,10.1,0,0,8.65,38,10.1,0,0,9.61,38,10.1,170,0,6.73,34,110,94.4864883422852,247.22788837365806
2025-03-04,1900-01-03 18:00:00,2025-03-04 18:00:00,39,39,9.9,300,0,39,9.8,300,0,38,9.9,0,0,16.73,38,10.1,0,0,15.19,38,10.1,0,0,16.15,37,10.1,0,0,16.15,37,10.1,0,0,13.46,37,10.2,160,0,11.53,32,100,94.0592422485352,283.0297550495714
2025-03-04,1900-01-03 20:00:00,2025-03-04 20:00:00,40,42,9.6,300,0,41,9.7,250,0,41,9.8,0,0,16.34,38,10,0,0,15.38,39,10,0,0,15.38,39,10,0,0,13.46,39,10,0,0,7.3,37,10,150,0,12.5,34,120,94.8079376220703,281.60493983804867
2025-03-04,1900-01-03 22:00:00,2025-03-04 22:00:00,40,42,9.5,250,0,42,9.7,250,0,40,9.8,0,0,17.3,39,10,0,0,15.19,38,10,0,0,15.38,36,10,0,0,14.42,38,10.1,0,0,5.76,38,10,150,0,12.5,33,110,93.6238555908203,282.1795425075727
2025-03-04,1900-01-04 00:00:00,2025-03-05 00:00:00,41,41,9.6,200,0,41,9.5,200,0,40,9.7,0,0,17.11,39,10,0,0,15,39,10,0,0,15.38,40,10,0,0,15.38,38,10,0,0,11.53,38,10,140,0,6.73,32,100,94.1691055297852,283.4376204349256
2025-03-04,1900-01-04 02:00:00,2025-03-05 02:00:00,40,40,9.5,200,0,41,9.4,200,0,41,9.6,0,0,17.11,38,10,0,0,15.19,38,10,0,0,15.38,39,10,0,0,15.38,38,10,0,0,11.53,38,10.1,130,0,10.57,32,100,94.6533203125,282.53472320414926
2025-03-04,1900-01-04 04:00:00,2025-03-05 04:00:00,40,39,9.5,200,0,40,9.5,200,0,40,9.5,0,0,16.34,38,10,0,0,15.38,40,10,0,0,15.38,39,10.1,0,0,15,37,10.1,0,0,11.34,37,10.1,130,0,10.38,32,90,93.5546875,283.02806743690746
2025-03-05,1900-01-04 06:00:00,2025-03-05 06:00:00,42,41,9.5,200,0,40,9.5,200,0,40,9.5,0,0,16.34,40,9.5,0,0,15.19,39,10.1,0,0,15.19,39,10.1,0,0,15,38,10.1,0,0,11.53,38,10.1,140,0,10.38,34,100,94.6980743408203,282.4710648978595
2025-03-05,1900-01-04 08:00:00,2025-03-05 08:00:00,41,41,9.3,100,0,41,9.2,200,0,40,9.2,0,0,15.96,40,9.5,0,0,16.36,40,9.6,0,0,16.73,41,9.9,0,0,15.38,39,9.9,0,0,15.38,37,9.9,130,0,11.92,34,110,94.76318359375,282.54135298679273
2025-03-05,1900-01-04 10:00:00,2025-03-05 10:00:00,42,41,9.5,150,0,40,9.4,150,0,40,9.8,0,0,16.15,39,9.6,0,0,15.96,40,10,0,0,16.53,40,10.1,0,0,15.19,39,10.1,0,0,15.19,38,10.1,130,0,11.73,34,100,94.3928985595703,280.8216390567211
2025-03-05,1900-01-04 12:00:00,2025-03-05 12:00:00,41,41,9.5,200,0,41,9.3,150,0,39,9.3,0,0,16.34,40,9.3,0,0,16015,41,9.6,0,0,16.34,40,9.7,0,0,15.57,38,9.7,0,0,15.57,39,9.9,120,0,12.11,34,100,94.86083984375,282.8638599225009
2025-03-05,1900-01-04 14:00:00,2025-03-05 14:00:00,43,42,9.6,200,0,40,9.3,200,0,41,9.3,0,0,16.15,39,9.3,0,0,15.96,40,9.5,0,0,16.15,39,9.5,0,0,15.38,38,9.5,0,0,15.38,39,9.9,120,0,11.73,35,90,94.3440704345703,281.88380036121237
2025-03-05,1900-01-04 16:00:00,2025-03-05 16:00:00,41,42,9.4,200,0,40,9.3,200,0,40,9.2,0,0,16.34,39,9.4,0,0,16.34,39,9.2,0,0,15.34,40,9.4,0,0,14.42,40,9.4,0,0,14.42,40,9.6,120,0,12.5,35,90,94.3603515625,284.68436507061125
2025-03-05,1900-01-04 18:00:00,2025-03-05 18:00:00,40,41,9.5,200,0,41,9.4,200,0,40,9.3,0,0,16.34,39,9.4,0,0,16.34,40,9.3,0,0,16.15,40,9.4,0,0,15.19,39,9.4,0,0,12.5,39,9.6,130,0,12.5,34,100,94.7998046875,285.4337865014871
2025-03-05,1900-01-04 20:00:00,2025-03-05 20:00:00,39,39,9.3,300,0,40,9.2,250,0,39,9.2,0,0,15.76,38,9.2,0,0,15.38,38,9.2,0,0,16.34,39,9.2,0,0,14.42,39,9.4,0,0,12.5,37,9.5,120,0,10.57,33,100,94.6533203125,286.62700104480615
2025-03-05,1900-01-04 22:00:00,2025-03-05 22:00:00,40,40,9.5,300,0,40,9.5,250,0,39,9.3,0,0,15.96,38,9.3,0,0,15,38,9.3,0,0,15.76,38,9.2,0,0,14.8,38,9.4,0,0,12.88,37,9.5,120,0,10.57,30,110,94.5760040283203,288.1303045002123
2025-03-05,1900-01-05 00:00:00,2025-03-06 00:00:00,41,40,10.5,300,0,41,9.4,250,0,40,9.5,0,0,16.34,39,9.3,0,0,14.42,39,9.2,0,0,16.36,38,9.2,0,0,15.7,38,9.5,0,0,12.5,36,9.4,110,0,10.96,31,80,94.7428359985352,288.00226661190396
2025-03-05,1900-01-05 02:00:00,2025-03-06 02:00:00,40,41,11.2,300,0,41,9.9,250,0,40,9.5,0,0,15.96,39,9.5,0,0,15,39,9.3,0,0,15.76,38,9.3,0,0,15.76,39,9.5,0,0,12.88,39,9.3,110,0,10.19,32,90,94.8893203735352,288.00793300559747
2025-03-05,1900-01-05 04:00:00,2025-03-06 04:00:00,41,39,10.8,300,0,40,10.1,250,0,40,9.8,0,0,16.34,38,9.5,0,0,15.38,38,9.3,0,0,16.34,38,9.2,0,0,15.38,38,9.5,0,0,12.5,38,9.3,110,0,10.57,32,90,93.7906875610352,288.11704312671594
2025-03-06,1900-01-05 06:00:00,2025-03-06 06:00:00,40,40,10,250,0,40,10.1,250,0,39,9.8,0,0,17.19,37,9.5,0,0,15.38,38,9.5,0,0,15.78,39,9.2,0,0,15.76,38,9.5,0,0,12.5,38,9.5,100,0,10.57,32,80,94.39697265625,287.3824506694917
2025-03-06,1900-01-05 08:00:00,2025-03-06 08:00:00,40,39,10.5,250,0,37,10.1,250,0,40,10,0,0,15.38,38,9.7,0,0,17.3,39,9.5,0,0,15.38,40,9.3,0,0,16.34,38,9.3,0,0,12.5,38,9.3,90,0,10.57,33,80,94.7428359985352,287.4510517128045
2025-03-06,1900-01-05 10:00:00,2025-03-06 10:00:00,42,42,11.2,200,0,38,9.3,250,0,39,9.4,0,0,15.57,38,9.7,0,0,16.92,39,9.5,0,0,15.76,40,9.3,0,0,16.53,0,0,0,0,0,40,9.1,100,0,11.53,32,90,93.78662109375,285.5051600367762
2025-03-06,1900-01-05 12:00:00,2025-03-06 12:00:00,40,39,11.1,350,0,37,10.5,500,0,38,9.5,0,0,15.38,41,10,0,0,17.3,40,9.6,0,0,15.38,40,9.4,0,0,16.34,0,0,0,0,0,38,9.8,120,0,11.57,33,100,94.5597305297852,283.7878571407559
2025-03-06,1900-01-05 14:00:00,2025-03-06 14:00:00,42,40,10.8,300,0,39,10.6,400,0,38,9.6,0,0,15.38,39,10.1,0,0,17.5,39,9.6,0,0,15,39,9.5,0,0,16.53,0,0,0,0,0,38,9.8,120,0,11.15,33,90,94.4661407470703,282.7387149816379
2025-03-06,1900-01-05 16:00:00,2025-03-06 16:00:00,0,0,0,0,0,0,0,0,0,0,0,0,0,0,0,0,0,0,0,0,0,0,0,0,0,0,0,0,0,0,0,0,0,0,0,0,0,0,0,0,0,94.5882110595703,282.6727667113766
2025-03-06,1900-01-05 18:00:00,2025-03-06 18:00:00,44,42,10.4,300,0,41,10.4,400,0,40,10.1,0,0,15.76,41,9.9,0,0,16.15,41,9.2,0,0,14.42,35,9.5,0,0,15.38,0,0,0,0,0,37,9.8,110,0,10,34,80,94.7265625,239.42418942617422
2025-03-06,1900-01-05 20:00:00,2025-03-06 20:00:00,40,39,10.2,250,0,38,10.3,300,0,38,10.1,0,0,15.38,37,10.1,0,0,15.96,38,9.8,0,0,16.34,37,9.6,0,0,15.38,37,9.5,0,0,11.53,33,9.4,120,0,10.96,29,100,94.482421875,285.6289786460189
2025-03-06,1900-01-05 22:00:00,2025-03-06 22:00:00,40,41,10.9,200,0,41,10.4,250,0,38,10.2,0,0,16.34,38,10.2,0,0,15.38,38,10.1,0,0,15.38,36,9.6,0,0,15.19,37,9.5,0,0,11.53,37,9.5,150,0,10.96,29,110,94.37255859375,286.59107321690146
2025-03-06,1900-01-06 00:00:00,2025-03-07 00:00:00,-,41,10.5,200,0,41,10.4,250,0,39,10.2,0,0,16.73,38,10.2,0,0,15.9,37,10.1,0,0,15.38,37,9.5,0,0,15.19,37,9.5,0,0,11.92,36,9.7,150,0,10.57,30,110,94.6818008422852,282.984601500598
2025-03-06,1900-01-06 02:00:00,2025-03-07 02:00:00,-,40,10.3,200,0,39,10.3,250,0,38,10.2,0,0,16.73,37,10.2,0,0,15.9,37,10,0,0,15.19,38,9.5,0,0,15,36,9.5,0,0,11.34,36,9.6,130,0,10.57,-,-,94.7184219360352,264.513716376307
2025-03-06,1900-01-06 04:00:00,2025-03-07 04:00:00,-,40,10.3,200,0,39,10.3,250,0,38,10.2,0,0,15.96,39,10.2,0,0,15.38,39,10,0,0,15.19,38,9.5,0,0,14.8,36,9.5,0,0,11.34,35,9.6,130,0,10.19,-,-,94.7184219360352,264.513716376307
2025-03-07,1900-01-06 06:00:00,2025-03-07 06:00:00,-,40,10.3,200,0,40,10.3,250,0,38,10.2,0,0,16.34,38,10.2,0,0,15.38,38,10,0,0,15.19,38,9.5,0,0,15,37,9.5,0,0,11.53,36,9.6,130,0,10.57,-,-,93.8069610595703,265.1420975818588
2025-03-07,1900-01-06 08:00:00,2025-03-07 08:00:00,0,41,10.2,100,0,39,10.3,250,0,40,10.2,0,0,14.42,39,10.1,0,0,15.38,40,10.2,0,0,16.34,36,10.9,0,0,16.34,35,10.2,0,0,6.73,37,10.6,130,0,11.53,0,0,94.1446914672852,316.1483648889388
2025-03-07,1900-01-06 10:00:00,2025-03-07 10:00:00,0,41,10.2,100,0,40,10.3,250,0,40,10.2,0,0,14.8,39,10,0,0,15.76,39,10.2,0,0,16.15,36,10.9,0,0,16.34,36,10.2,0,0,6.92,37,10.6,130,0,11.92,0,0,94.6492462158203,264.79021140663815
2025-03-07,1900-01-06 12:00:00,2025-03-07 12:00:00,0,41,10.2,100,0,40,10.3,250,0,39,10.4,0,0,14.42,40,10.2,0,0,15.19,39,10.2,0,0,15.19,35,10.4,0,0,16.15,36,10.1,0,0,8.65,36,10.4,130,0,11.53,0,0,94.6818008422852,281.9980951226937
2025-03-07,1900-01-06 14:00:00,2025-03-07 14:00:00,0,41,10.2,100,0,39,10.2,250,0,39,10.4,0,0,14.23,39,10.3,0,0,15.38,40,10.1,0,0,15.57,36,10.2,0,0,15.96,38,9.7,0,0,9.61,34,10,120,0,11.73,0,0,94.4417266845703,278.1435658120861
2025-03-07,1900-01-06 16:00:00,2025-03-07 16:00:00,0,41,10.3,100,0,39,10.2,250,0,38,10.6,0,0,13.46,40,10.5,0,0,15.38,39,10.3,0,0,15.38,34,9.9,0,0,14.42,39,9.3,0,0,10.57,34,9.7,110,0,11.53,0,0,94.6614532470703,236.57419426894435
2025-03-07,1900-01-06 18:00:00,2025-03-07 18:00:00,37,40,10.7,150,0,39,10.2,8.65,0,39,10.4,0,0,8.65,39,10.3,0,0,15.57,36,10.1,0,0,15.96,38,9.7,0,0,15.38,35,10,0,0,10.57,35,10,110,0,11.92,29,80,94.677734375,260.00241155028345
2025-03-07,1900-01-06 20:00:00,2025-03-07 20:00:00,38,39,11.3,200,0,39,10.6,250,0,39,10.3,0,0,9.23,39,10.2,0,0,15.38,39,10,0,0,16.34,34,9.9,0,0,15.38,36,9.6,0,0,12.5,34,9.5,110,0,10.57,28,80,94.4905548095703,282.1078083619786
2025-03-07,1900-01-06 22:00:00,2025-03-07 22:00:00,35,39,11,200,0,39,10.8,250,0,38,10.4,0,0,4.8,38,10.3,0,0,15.76,37,10.2,0,0,15.96,36,10,0,0,15.76,36,9.7,0,0,12.5,37,9.7,110,0,10.19,29,90,94.4742813110352,283.8152247481669
2025-03-07,1900-01-07 00:00:00,2025-03-08 00:00:00,41,39,11,150,0,39,10.8,200,0,38,10.7,0,0,12.88,38,10.7,0,0,15.34,38,10.4,0,0,14.42,34,10.1,0,0,14.42,34,10,0,0,11.53,34,9.8,120,0,12.5,30,100,52.5797538757324,392.2166758219401
2025-03-07,1900-01-07 02:00:00,2025-03-08 02:00:00,40,38,11,150,0,38,11,200,0,37,10.7,0,0,15.38,37,10.7,0,0,10.57,37,10.3,0,0,10.57,35,10.1,0,0,13.07,35,10,0,0,11.92,35,9.8,120,0,11.92,29,100,55.7576484680176,381.40769627889
2025-03-07,1900-01-07 04:00:00,2025-03-08 04:00:00,40,40,11,150,0,40,11,200,0,38,10.8,0,0,14.42,38,10.8,0,0,12.5,38,10.6,0,0,12.5,34,10.4,0,0,9.61,35,10.2,0,0,12.5,36,10,130,0,12.5,27,100,58.4269218444824,375.61065368652345
2025-03-08,1900-01-07 06:00:00,2025-03-08 06:00:00,40,39,11,150,0,39,10.9,200,0,38,10.9,0,0,16.34,38,10.7,0,0,12.38,37,10.7,0,0,14.42,35,10.5,0,0,10.57,36,10.2,0,0,7.69,35,10.1,130,0,12.5,26,110,60.9171562194824,368.0426554361979
2025-03-08,1900-01-07 08:00:00,2025-03-08 08:00:00,42,42,11.2,250,0,42,11.3,250,0,40,11.3,0,0,14.42,39,11.2,0,0,13.46,38,11,0,0,16.34,37,10.8,0,0,12.5,37,10.6,0,0,5.76,72,10.4,150,0,12.5,33,150,62.4104804992676,364.8274743398031
2025-03-08,1900-01-07 10:00:00,2025-03-08 10:00:00,0,42,11.1,250,0,43,11.2,250,0,40,11.3,0,0,15,40,11.2,0,0,13.84,38,11,0,0,16.15,37,10.8,0,0,12.88,36,10.7,0,0,5.97,36,10.4,150,0,12.5,32,130,62.6546211242676,365.97342821756996
2025-03-08,1900-01-07 12:00:00,2025-03-08 12:00:00,0,41,11,250,0,42,11.2,250,0,39,11.3,0,0,14.61,39,11.2,0,0,13.65,37,11,0,0,15.96,38,10.9,0,0,12.3,37,10.7,0,0,6.73,36,10.4,140,0,12.69,30,120,62.3291015625,367.8865256627401
2025-03-08,1900-01-07 14:00:00,2025-03-08 14:00:00,0,40,11,250,0,40,11,200,0,39,11.2,0,0,13.46,38,11.2,0,0,13.26,37,10.9,0,0,15,37,10.9,0,0,12.5,37,10.6,0,0,5.96,36,10.4,120,0,12.5,0,0,61.4990234375,370.9629390716553
2025-03-08,1900-01-07 16:00:00,2025-03-08 16:00:00,0,38,10.9,250,0,38,11,200,0,36,11.2,0,0,10.57,39,11.2,0,0,13.46,38,10.9,0,0,14.42,36,10.9,0,0,12.5,37,10.6,0,0,5.76,36,10.4,110,0,12.5,0,0,0,387.75366541544594
2025-03-08,1900-01-07 18:00:00,2025-03-08 18:00:00,42,40,10.4,200,0,41,11.1,200,0,37,11.2,0,0,14.42,39,11.1,0,0,13.46,39,11,0,0,15.38,37,10.9,0,0,12.5,37,10.7,0,0,5.96,37,10.5,110,0,12.5,25,80,78.0517578125,359.89040797551473
2025-03-08,1900-01-07 20:00:00,2025-03-08 20:00:00,40,39,10.2,250,0,40,10.8,200,0,39,10.9,0,0,13.46,38,10.9,0,0,13.84,37,10.9,0,0,15.38,35,10.8,0,0,12.5,34,10.7,0,0,5.76,34,10.3,150,0,12.5,27,110,78.2023086547852,395.65779240926105
2025-03-08,1900-01-07 22:00:00,2025-03-08 22:00:00,40,39,11,350,0,39,10.8,300,0,39,10.9,0,0,15,39,10.8,0,0,12.5,38,10.8,0,0,13.46,36,10.8,0,0,13.07,36,10.8,0,0,8.65,34,10.4,130,0,7.69,28,110,76.953125,395.70469182332357
2025-03-08,1900-01-08 00:00:00,2025-03-09 00:00:00,44,40,10.9,350,0,40,11,300,0,38,10.8,0,0,18.26,38,10.8,0,0,10.57,39,10.9,0,0,12.5,36,10.6,0,0,12.5,34,10.8,0,0,10.57,33,10.7,140,0,5.76,28,100,77.2298202514648,394.91910247802736
2025-03-08,1900-01-08 02:00:00,2025-03-09 02:00:00,43,40,10.9,350,0,40,10.9,300,0,39,10.8,0,0,17.88,38,10.8,0,0,12.88,39,10.9,0,0,12.5,37,10.6,0,0,11.92,35,10.8,0,0,10.19,34,10.7,140,0,7.69,28,100,77.5309219360352,394.967930094401
2025-03-08,1900-01-08 04:00:00,2025-03-09 04:00:00,42,40,10.9,300,0,40,10.8,300,0,39,10.8,0,0,18.26,38,10.8,0,0,14.42,38,10.9,0,0,11.53,39,10.8,0,0,9.61,35,10.8,0,0,11.53,35,10.8,120,0,11.53,29,110,76.7293319702148,394.6700180053711
2025-03-09,1900-01-08 06:00:00,2025-03-09 06:00:00,42,40,10.9,300,0,40,10.8,300,0,39,10.8,0,0,18.26,38,10.9,0,0,14.8,38,10.9,0,0,14.42,38,10.8,0,0,10.57,35,10.8,0,0,8.65,35,10.8,120,0,15.38,28,110,76.5340194702148,395.07716064453126
2025-03-09,1900-01-08 08:00:00,2025-03-09 08:00:00,0,41,9.6,250,0,42,10.5,300,0,43,10.7,0,0,18.07,39,10.9,0,0,15.18,39,10.9,0,0,12.5,37,10.8,0,0,11.53,37,10.8,0,0,7.69,38,10.9,160,0,15.38,30,120,77.5349960327148,394.136526743571
2025-03-09,1900-01-08 10:00:00,2025-03-09 10:00:00,0,43,9.5,200,0,43,10.3,300,0,42,10.6,0,0,18.26,39,10.9,0,0,15.38,39,10.9,0,0,12.11,38,10.8,0,0,11.53,37,10.8,0,0,7.69,37,10.9,180,0,15.37,31,100,77.6123046875,392.13155873616535
2025-03-09,1900-01-08 12:00:00,2025-03-09 12:00:00,0,43,9.5,20,0,42,10,250,0,42,10.2,0,0,18.26,39,10.6,0,0,15.19,39,10.6,0,0,12.5,39,10.8,0,0,11.53,38,10.8,0,0,7.69,38,10.8,150,0,15.57,31,100,78.3040390014648,390.78667500813805
2025-03-09,1900-01-08 14:00:00,2025-03-09 14:00:00,0,42,9.2,200,0,42,9.8,250,0,41,10,0,0,17.88,38,10.4,0,0,15.38,38,10.4,0,0,12.11,39,10.9,0,0,11.34,37,10.8,0,0,7.69,37,10.8,180,0,15.38,30,110,70.3165664672852,389.11928507486977
2025-03-09,1900-01-08 16:00:00,2025-03-09 16:00:00,42,42,9.9,200,0,41,9.9,250,0,39,10.4,0,0,17.88,39,10.4,0,0,15.19,39,10.5,0,0,12.11,38,10.8,0,0,11.34,38,10.9,0,0,7.69,38,10.9,190,0,15.57,32,130,65.2587890625,387.1137153625488
2025-03-09,1900-01-08 18:00:00,2025-03-09 18:00:00,40,41,10.4,200,0,41,10.5,250,0,39,10.6,0,0,18.07,38,10.5,0,0,15.19,38,10.5,0,0,12.5,38,10.8,0,0,11.53,37,10.9,0,0,7.69,37,10.9,190,0,15.38,30,130,65.6168670654297,386.33740895589193
2025-03-09,1900-01-08 20:00:00,2025-03-09 20:00:00,40,42,10.5,300,0,40,10,300,0,39,10.1,0,0,16.92,40,10.1,0,0,15.38,39,10.3,0,0,15,38,10.6,0,0,10.61,37,10.7,0,0,8.65,35,10.8,150,0,12.88,29,130,66.1661758422852,386.1927324930827
2025-03-09,1900-01-08 22:00:00,2025-03-09 22:00:00,36,41,11,250,0,42,10.1,250,0,40,10.1,0,0,16.73,40,10.1,0,0,15.38,39,10.3,0,0,15,39,10.4,0,0,11.92,38,10.7,0,0,9.03,36,10.8,180,0,15,32,130,66.357421875,385.9963348388672
2025-03-09,1900-01-09 00:00:00,2025-03-10 00:00:00,40,41,11,250,0,42,10.2,250,0,41,10,0,0,17.3,40,10,0,0,15.76,39,10.1,0,0,14.47,40,10.1,0,0,11.53,38,10.3,0,0,8.65,37,10.4,170,0,15.38,30,130,66.5852813720703,385.5138409932454
2025-03-09,1900-01-09 02:00:00,2025-03-10 02:00:00,34,40,11,300,0,41,10.5,300,0,40,10.5,0,0,17.69,40,10.1,0,0,15.38,38,10.1,0,0,14.33,38,10.1,0,0,11.73,38,10.3,0,0,8.65,37,10.4,160,0,14.8,30,150,66.68701171875,387.5483459472656
2025-03-09,1900-01-09 04:00:00,2025-03-10 04:00:00,40,39,11,300,0,41,11,300,0,40,10.9,0,0,18.28,40,10.3,0,0,15.76,39,10.1,0,0,13.46,38,10.1,0,0,11.92,40,10.3,0,0,8.65,39,10.4,180,0,15,30,150,66.1173477172852,388.4239969889323
2025-03-10,1900-01-09 06:00:00,2025-03-10 06:00:00,44,40,10.8,250,0,41,10.9,300,0,40,10.8,0,0,17.69,40,10.3,0,0,15.38,38,10.1,0,0,15,39,10.1,0,0,11.53,40,10.3,0,0,8.65,38,10.4,180,0,15,30,150,66.4591445922852,386.8824755350749
2025-03-10,1900-01-09 08:00:00,2025-03-10 08:00:00,41,60,0,300,0,41,0,350,0,40,0,0,0,17.58,39,0,0,0,15.52,40,0,0,0,13.46,38,0,0,0,9.61,38,0,200,0,7.5,38,0,230,0,14.42,33,150,72.4609375,389.8025166829427
2025-03-10,1900-01-09 10:00:00,2025-03-10 10:00:00,33,40,11.3,250,0,39,11.3,250,0,39,10.8,0,0,17.58,39,10.8,0,0,15.38,39,10.7,0,0,13.46,38,10.6,0,0,10.57,38,10.2,0,0,7.69,38,10.1,230,0,15.19,33,160,72.3063125610352,391.72007649739584
2025-03-10,1900-01-09 12:00:00,2025-03-10 12:00:00,42,41,10.1,250,0,39,10.1,250,0,39,10.9,0,0,18.07,40,10.9,0,0,15.57,39,10.6,0,0,13.46,39,10.5,0,0,9.61,39,10.2,0,0,7.69,38,10.2,170,0,14.42,32,140,72.1110000610352,391.0343121846517
2025-03-10,1900-01-09 14:00:00,2025-03-10 14:00:00,43,40,10.4,200,0,39,10.4,200,0,39,10.9,0,0,18.07,39,10.8,0,0,15.75,39,10.8,0,0,13.46,38,10.6,0,0,10.57,38,10.4,200,0,7.69,0,0,0,0,0,33,150,71.4274063110352,392.56932322184247
2025-03-10,1900-01-09 16:00:00,2025-03-10 16:00:00,45,37,11.9,1000,0,38,11.9,700,0,38,11.4,0,0,11.57,37,11.1,0,0,15.76,38,10.9,0,0,12.5,37,10.8,0,0,10.57,37,10.6,200,0,8.07,0,0,0,0,13.46,31,150,0,391.80314483642576
2025-03-10,1900-01-09 18:00:00,2025-03-10 18:00:00,38,39,11,800,0,39,11.2,700,0,39,11.2,0,0,11.53,37,10.9,0,0,15.38,37,10.8,0,0,12.5,38,10.8,0,0,9.61,39,10.6,210,0,8.07,0,0,0,0,13.16,33,170,79.1585311889648,308.3813173294067
2025-03-10,1900-01-09 20:00:00,2025-03-10 20:00:00,39,40,10,250,0,40,10.8,300,0,40,11.1,0,0,17.88,40,10.9,0,0,15.76,39,10.9,0,0,14.23,38,10.8,0,0,12.11,38,10.8,0,0,10.19,39,10.6,170,0,15.19,34,60,79.8909530639648,393.9431427001953
2025-03-10,1900-01-09 22:00:00,2025-03-10 22:00:00,40,40,10.7,250,0,39,10.9,250,0,40,11.1,0,0,16.73,40,11.1,0,0,16.34,40,10.8,0,0,14.03,37,10.9,0,0,11.53,39,10.8,0,0,10.57,38,10.6,180,0,15,34,80,80.1106796264648,393.45944290161134
2025-03-10,1900-01-10 00:00:00,2025-03-11 00:00:00,40,39,11.5,300,0,39,11.1,250,0,40,11.1,0,0,16.34,40,11.1,0,0,17.3,39,11,0,0,13.46,39,10.9,0,0,11.53,40,10.9,0,0,9.61,39,10.7,180,0,14.42,34,150,80.3548202514648,393.04072621663414
2025-03-10,1900-01-10 02:00:00,2025-03-11 02:00:00,42,40,0,250,0,40,0,300,0,40,0,0,0,16.73,39,0,0,0,16.73,40,0,0,0,14.23,39,0,0,0,12.5,40,0,0,0,8.65,39,0,200,0,14.8,34,160,80.1717147827148,391.66160252889
2025-03-10,1900-01-10 04:00:00,2025-03-11 04:00:00,42,42,0,250,0,40,0,250,0,40,0,0,0,17.3,40,0,0,0,16.34,39,0,0,0,14.42,39,0,0,0,11.52,40,0,0,0,9.03,39,0,200,0,14.42,32,170,79.931640625,392.0323351542155
2025-03-11,1900-01-10 06:00:00,2025-03-11 06:00:00,43,42,0,250,0,41,0,250,0,40,0,0,0,16.34,40,0,0,0,18.26,39,0,0,0,11.53,40,0,0,0,13.4,39,0,0,0,11.53,39,0,200,0,14.42,34,140,79.9072265625,391.02514902750653
2025-03-11,1900-01-10 08:00:00,2025-03-11 08:00:00,43,42,9.7,150,0,42,10.5,250,0,40,10.9,0,0,15.38,40,11,0,0,16.15,40,11.1,0,0,13.46,39,11.1,0,0,9.61,39,11,0,0,9.61,39,11,180,0,13.46,30,150,80.1310195922852,390.2137591044108
2025-03-11,1900-01-10 10:00:00,2025-03-11 10:00:00,43,42,10.7,200,0,40,10.5,200,0,39,10.9,0,0,11.58,39,10.9,0,0,16.15,39,11.1,0,0,12.88,38,11.1,0,0,9.61,39,11,0,0,9.61,30,11,190,0,12.88,29,150,79.5450820922852,387.63635635375977
2025-03-11,1900-01-10 12:00:00,2025-03-11 12:00:00,43,43,10,200,0,42,10,200,0,39,10,0,0,6.73,40,10,0,0,16.34,39,11,0,0,13.26,39,11,0,0,9.8,37,11,0,0,9.42,35,11,180,0,12.88,28,140,80.3466796875,387.48842569986977
2025-03-11,1900-01-10 14:00:00,2025-03-11 14:00:00,41,42,10,250,0,43,10,200,0,37,10,0,0,-,38,10,0,0,16.53,38,10,0,0,13.26,39,10,0,0,9.8,38,10,0,0,9.23,36,11,170,0,12.5,28,140,79.7566757202148,386.4835299173991
2025-03-11,1900-01-10 16:00:00,2025-03-11 16:00:00,44,41,10,200,0,41,10,250,0,39,10,0,0,11.53,39,10,0,0,12.5,34,10,0,0,13.46,38,10,0,0,9.61,38,10,0,0,9.61,38,11,150,0,13.46,24,110,79.5654296875,385.8035545349121
2025-03-11,1900-01-10 18:00:00,2025-03-11 18:00:00,41,42,10,200,0,42,10,250,0,40,0,0,0,16.34,40,10,0,0,6.34,40,10,0,0,13.46,39,10,0,0,9.61,39,10,0,0,9.45,30,10,0,0,13.46,0,0,79.8990859985352,388.6997245788574
2025-03-11,1900-01-10 20:00:00,2025-03-11 20:00:00,41,40,11,250,0,41,11,200,0,38,0,0,0,16.92,39,0,0,0,6.73,38,0,0,0,12.5,35,0,0,0,11.53,36,0,0,0,11.57,37,11,170,0,13.38,20,90,65.41748046875,364.066358534495
2025-03-11,1900-01-10 22:00:00,2025-03-11 22:00:00,43,43,10,250,0,42,10,200,0,39,0,0,0,18.08,38,0,0,0,10.57,37,0,0,0,7.69,36,0,0,0,11.7,38,0,0,0,10.38,38,11,180,0,13.6,29,100,61.6617851257324,368.22229461669923
2025-03-11,1900-01-11 00:00:00,2025-03-12 00:00:00,42,41,10,200,0,42,10,200,0,40,0,0,0,17.3,39,0,0,0,14.42,38,0,0,0,1.98,38,0,0,0,11.53,38,0,0,0,10.57,38,10,150,0,12.6,32,100,62.5528984069824,364.9596105575562
2025-03-11,1900-01-11 02:00:00,2025-03-12 02:00:00,41,41,10,200,0,40,10,200,0,40,0,0,0,17.5,39,0,0,0,15,38,0,0,0,8.65,37,0,0,0,5.76,37,0,0,0,10.57,37,10,150,0,12.5,30,100,62.8133125305176,363.3824025472005
2025-03-11,1900-01-11 04:00:00,2025-03-12 04:00:00,42,41,10,200,0,40,10,200,0,42,0,0,0,17.69,40,0,0,0,14.83,39,0,0,0,12.5,38,0,0,0,3.84,38,0,0,0,10.38,37,10,180,0,12.69,31,110,63.3341484069824,362.43561929066976
2025-03-12,1900-01-11 06:00:00,2025-03-12 06:00:00,43,41,9,150,0,40,10,200,0,40,0,0,0,17.3,39,0,0,0,14.03,39,0,0,0,11.53,38,0,0,0,8.65,39,0,0,0,5.76,37,10,180,0,12.5,31,130,63.4318046569824,363.51128514607746
2025-03-12,1900-01-11 08:00:00,2025-03-12 08:00:00,44,41,11,200,0,42,9.8,200,0,41,9.9,0,0,17.3,40,10,0,0,15.76,39,10.2,0,0,10,40,10.2,0,0,7.69,37,10.5,0,0,4.42,37,10.4,160,0,13.46,25,150,63.43994140625,364.05454305013023
2025-03-12,1900-01-11 10:00:00,2025-03-12 10:00:00,-,40,9.9,200,0,40,9.6,200,0,40,9.9,0,0,17.11,39,10,0,0,15.38,39,10.2,0,0,10.57,40,10.2,0,0,7.69,38,10.5,0,0,4.8,38,10.4,150,0,12.5,-,-,62.890625,363.5558926264445
2025-03-12,1900-01-11 12:00:00,2025-03-12 12:00:00,-,40,9.9,200,0,38,9.4,200,0,40,9.9,0,0,17.3,38,10.1,0,0,15.38,38,10.2,0,0,14.42,39,10.2,0,0,6.19,37,10.6,0,0,4.8,36,10.5,150,0,12.5,-,-,62.4837226867676,365.8855374654134
2025-03-12,1900-01-11 14:00:00,2025-03-12 14:00:00,47,44,9.9,200,0,41,9.5,200,0,40,10,0,0,17.5,39,10.1,0,0,15.38,39,10.2,0,0,14.42,38,10.2,0,0,4.8,38,10.6,0,0,4.8,39,10.3,140,0,11.92,-,-,62.5244140625,367.18159205118815
2025-03-12,1900-01-11 16:00:00,2025-03-12 16:00:00,43,41,10.1,200,0,40,9.4,200,0,40,9.5,0,0,17.11,37,9.6,0,0,15.19,39,9.9,0,0,14.42,40,10,0,0,5.19,38,10,0,0,10.57,38,10.1,130,0,5.38,28,100,60.5550117492676,370.62439765930174
2025-03-12,1900-01-11 18:00:00,2025-03-12 18:00:00,40,41,10.7,250,0,41,10.1,200,0,41,10,0,0,17.3,40,10.1,0,0,15.19,38,10.1,0,0,14.25,39,10.2,0,0,5.19,38,10.2,0,0,10.57,38,10.2,130,0,4.8,27,100,61.53564453125,371.5722652435303
2025-03-12,1900-01-11 20:00:00,2025-03-12 20:00:00,40,42,10.3,300,0,42,9.9,200,0,43,9.8,0,0,17.3,40,9.7,0,0,15.38,40,9.8,0,0,13.46,38,9.8,0,0,5.76,38,10,0,0,11.53,39,10.1,120,0,6.73,32,80,61.60888671875,373.12451756795247
2025-03-12,1900-01-11 22:00:00,2025-03-12 22:00:00,42,41,9.9,200,0,43,9.9,200,0,42,9.9,0,0,18.07,41,9.7,0,0,15.96,40,9.8,0,0,14.42,40,9.8,0,0,6.53,39,10,0,0,11.34,38,10.1,120,0,8.07,32,90,61.3444023132324,376.2117809295654
2025-03-12,1900-01-12 00:00:00,2025-03-13 00:00:00,41,43,11.1,250,0,43,10.5,250,0,41,10.2,0,0,18.26,40,10,0,0,15.57,40,9.9,0,0,13.26,38,9.8,0,0,6.92,39,10,0,0,11.92,38,10.1,120,0,14.42,33,90,61.7919921875,374.98963152567546
2025-03-12,1900-01-12 02:00:00,2025-03-13 02:00:00,43,42,11.1,250,0,40,10.8,250,0,40,10.4,0,0,17.3,40,10.2,0,0,15.38,39,9.9,0,0,13.46,39,9.8,0,0,5.76,40,9.9,0,0,11.53,39,9.9,150,0,15.38,34,120,61.5234375,375.32696800231935
2025-03-12,1900-01-12 04:00:00,2025-03-13 04:00:00,45,40,11,300,0,41,10.7,250,0,40,10.6,0,0,16.92,42,10.3,0,0,15.38,38,9.9,0,0,14.03,39,9.8,0,0,8.65,39,9.8,0,0,9.03,40,9.9,170,0,15.57,33,130,61.46240234375,374.39332529703773
2025-03-13,1900-01-12 06:00:00,2025-03-13 06:00:00,43,43,11.2,300,0,41,10.9,250,0,42,10.7,0,0,17.3,40,10.5,0,0,15.96,39,10,0,0,13.46,39,9.9,0,0,8.84,38,9.8,0,0,9.23,38,9.9,180,0,15.76,34,130,62.08,373.2
2025-03-13,1900-01-12 08:00:00,2025-03-13 08:00:00,0,49,10.7,500,0,42,10.6,400,0,41,10.6,0,0,14.42,41,10.5,0,0,16.34,42,10.1,0,0,14.47,38,10.1,0,0,8.7,39,10,0,0,8.65,39,9.9,150,0,15.38,34,120,62.19,371.71
2025-03-13,1900-01-12 10:00:00,2025-03-13 10:00:00,0,43,10.6,350,0,41,10.6,300,0,40,10.5,0,0,16.38,40,10.4,0,0,15.76,41,10.1,0,0,14.8,37,10.1,0,0,8.05,38,10,0,0,9.03,38,10,150,0,15.76,31,120,70.61,381.26
2025-03-13,1900-01-12 12:00:00,2025-03-13 12:00:00,0,41,10.6,300,0,41,10.6,300,0,34,10.5,0,0,16.38,38,10.4,0,0,15.76,38,10.1,0,0,14.8,38,10,0,0,8.07,37,10,0,0,8.65,37,10,150,0,15.75,0,0,70.61,393.88
2025-03-13,1900-01-12 14:00:00,2025-03-13 14:00:00,0,41,10.6,300,0,41,10.6,300,0,39,10.5,0,0,16.38,39,10.4,0,0,15.76,39,10.1,0,0,14.42,38,10,0,0,8.07,38,10,0,0,9.03,38,10,160,0,15.76,0,0,70.34,393.16
2025-03-13,1900-01-12 16:00:00,2025-03-13 16:00:00,0,41,10.6,300,0,41,10.6,300,0,40,10.5,0,0,16.54,39,10.4,0,0,16.68,39,10.1,0,0,14.8,38,10,0,0,8.65,38,10,0,0,8.65,38,10,160,0,15.38,0,0,60.7,372.46
2025-03-13,1900-01-12 18:00:00,2025-03-13 18:00:00,0,31,11.9,2000,0,42,10.5,300,0,38,10.3,0,0,14.42,39,10.3,0,0,17,38,10.2,0,0,17,38,10.2,0,0,8.4,39,10,0,0,9.8,38,9.9,150,0,15,29,140,61.58,375.81
2025-03-13,1900-01-12 20:00:00,2025-03-13 20:00:00,41,40,9.5,350,0,41,10.1,350,0,41,10.1,0,0,16.36,40,10.2,0,0,16.36,40,10.2,0,0,14.42,40,10.1,0,0,7.69,39,10.1,0,0,9.61,40,9.9,120,0,14.23,30,90,61.79,379.75
2025-03-13,1900-01-12 22:00:00,2025-03-13 22:00:00,39,40,10.6,350,0,41,10.2,350,0,40,10.2,0,0,16.34,40,10.2,0,0,14.42,39,10.2,0,0,13.46,39,10.1,0,0,5.76,40,10.1,0,0,9.61,40,10,130,0,13.46,29,100,61.28,377.23
2025-03-13,1900-01-13 00:00:00,2025-03-14 00:00:00,39,43,10.7,400,0,42,10.3,350,0,40,10.3,0,0,16.15,40,10.3,0,0,15.38,40,10.2,0,0,14.42,39,10.1,0,0,6.73,39,10.1,0,0,8.65,39,10,170,0,15.38,36,120,61.32,377.65
2025-03-13,1900-01-13 02:00:00,2025-03-14 02:00:00,39,42,10.7,250,0,41,10.3,300,0,41,10.3,0,0,16.34,41,10.2,0,0,16.73,41,10.2,0,0,14.42,39,10.2,0,0,7.69,40,10.1,0,0,9.61,40,10.1,180,0,15.38,32,160,61.95,378.98
2025-03-13,1900-01-13 04:00:00,2025-03-14 04:00:00,41,41,10.9,200,0,41,10.6,200,0,40,10.4,0,0,16.34,40,10.3,0,0,16.53,40,10.3,0,0,14.23,40,10.2,0,0,7.5,38,10.1,0,0,9.8,39,10.1,160,0,14.42,34,150,61.65,375.45
2025-03-14,1900-01-13 06:00:00,2025-03-14 06:00:00,36,41,10.8,200,0,42,10.6,250,0,41,10.4,0,0,16.15,40,10.3,0,0,15.38,39,10.3,0,0,14.42,39,10.2,0,0,6.7,40,10.1,0,0,9.6,40,10.1,150,0,14.4,30,130,62.1500663757324,373.88454920450846
2025-03-14,1900-01-13 08:00:00,2025-03-14 08:00:00,40,39,10,200,0,46,10.7,200,0,40,10.7,0,0,15.76,38,10.5,0,0,15.76,39,10.4,0,0,13.46,38,10.4,0,0,7.11,37,10.3,0,0,8.65,37,10.2,210,0,14.42,34,160,62.1541328430176,373.482470703125
2025-03-14,1900-01-13 10:00:00,2025-03-14 10:00:00,43,39,11,200,0,39,10.5,200,0,39,10.5,0,0,15.38,38,10.5,0,0,15.76,37,10.4,0,0,13.46,37,10.4,0,0,7.3,38,10.4,0,0,6.65,38,10.2,200,0,13.65,33,170,62.1419258117676,358.70418612162274
2025-03-14,1900-01-13 12:00:00,2025-03-14 12:00:00,42,40,10.9,250,0,41,10.6,200,0,40,10.4,0,0,15.76,38,10.5,0,0,15.76,38,10.4,0,0,13.46,38,10.4,0,0,7.11,38,10.4,0,0,8.65,38,10.2,200,0,13.65,33,160,62.3291015625,369.9725112915039
2025-03-14,1900-01-13 14:00:00,2025-03-14 14:00:00,40,42,10.5,250,0,41,10.5,200,0,41,10.6,0,0,16.34,40,10.5,0,0,15.57,38,10.4,0,0,13.26,38,10.3,0,0,6.73,38,10.3,0,0,7.88,39,10.2,200,0,14.23,34,160,61.9140625,371.76806055704753
2025-03-14,1900-01-13 16:00:00,2025-03-14 16:00:00,45,41,10,200,0,40,10.3,200,0,0,0,0,0,0,40,10.3,0,0,15.38,38,10.3,0,0,13.65,38,10.2,0,0,7.69,37,10.2,0,0,8.07,37,10.1,190,0,13.84,31,150,61.09619140625,324.9578027089437
2025-03-14,1900-01-13 18:00:00,2025-03-14 18:00:00,45,43,10.3,250,0,41,10.2,0,0,0,0,0,0,0,39,10.2,0,0,15.76,37,10.3,0,0,13.46,36,10.2,0,0,7.11,36,10.2,0,0,8.88,37,10.1,190,0,13.84,33,160,74.3082656860352,396.71609751383465
2025-03-14,1900-01-13 20:00:00,2025-03-14 20:00:00,44,42,10.2,200,0,40,10.2,200,0,39,10.3,0,0,11.92,38,10.4,0,0,18.26,37,10.3,0,0,14.42,37,10.3,0,0,9.23,38,10.3,0,0,6.73,38,10.2,180,0,14.42,34,140,73.3439102172852,399.30844930013023
2025-03-14,1900-01-13 22:00:00,2025-03-14 22:00:00,40,40,10.6,200,0,37,10.3,150,0,38,10.4,0,0,11.56,38,10.4,0,0,18.46,37,10.3,0,0,14.42,38,10.3,0,0,9.61,38,10.3,0,0,7.11,39,10.2,140,0,15.38,32,120,73.0712890625,399.1446034749349
2025-03-14,1900-01-14 00:00:00,2025-03-15 00:00:00,40,40,10.9,200,0,39,10.4,200,0,39,10.2,0,0,14.03,39,10.5,0,0,17.3,38,10.2,0,0,14.03,39,10.3,0,0,9.03,38,10.2,0,0,9.23,39,10.1,150,0,15.38,32,130,73.27880859375,398.354190826416
2025-03-14,1900-01-14 02:00:00,2025-03-15 02:00:00,40,41,11.2,200,0,41,10.6,250,0,39,10.2,0,0,14.42,39,10.3,0,0,16.34,39,10.3,0,0,14.42,40,10.3,0,0,7.69,40,10.2,0,0,9.61,40,10.1,150,0,15.38,34,120,73.2503204345703,398.1841967264811
2025-03-14,1900-01-14 04:00:00,2025-03-15 04:00:00,39,40,11,200,0,41,10.6,250,0,39,10.2,0,0,14.23,40,10.4,0,0,17.11,39,10.3,0,0,14.42,39,10.4,0,0,9.61,40,10.3,0,0,8.65,39,10.1,140,0,15.38,33,100,73.6653594970703,397.72533289591473
2025-03-15,1900-01-14 06:00:00,2025-03-15 06:00:00,38,38,11.4,250,0,39,11,250,0,38,10.2,0,0,13.46,39,10.6,0,0,17.3,38,10.4,0,0,14.23,38,10.4,0,0,11.07,39,10.3,0,0,9.23,39,10.2,140,0,15,35,90,73.7386016845703,396.7029561360677
2025-03-15,1900-01-14 08:00:00,2025-03-15 08:00:00,35,38,11.3,250,0,40,11.3,250,0,0,0,0,0,0,40,11,0,0,16.92,39,10.6,0,0,14.03,36,10.4,0,0,8.26,36,10.4,0,0,9.61,38,10.1,170,0,14.42,30,150,74.2919921875,396.65099334716797
2025-03-15,1900-01-14 10:00:00,2025-03-15 10:00:00,0,39,11.3,200,0,40,11.3,250,0,0,0,0,0,0,38,11,0,0,15.57,38,10.6,0,0,13.46,37,10.5,0,0,8.26,36,10.5,0,0,10.57,38,10.1,170,0,13.65,0,0,73.2177734375,396.0374481201172
2025-03-15,1900-01-14 12:00:00,2025-03-15 12:00:00,0,39,11,250,0,40,11.1,250,0,0,0,0,0,0,38,10.9,0,0,15.57,38,10.6,0,0,13.46,37,10.5,0,0,8.26,36,10.5,0,0,10.57,37,10.2,160,0,12.5,0,0,74.267578125,397.3281979878744
2025-03-15,1900-01-14 14:00:00,2025-03-15 14:00:00,0,0,0,0,0,0,0,0,0,0,0,0,0,0,0,0,0,0,0,0,0,0,0,0,0,0,0,0,0,0,0,0,0,0,0,0,0,0,0,0,0,74.3326797485352,395.11489690144856
2025-03-15,1900-01-14 16:00:00,2025-03-15 16:00:00,0,0,0,0,0,0,0,0,0,0,0,0,0,0,0,0,0,0,0,0,0,0,0,0,0,0,0,0,0,0,0,0,0,0,0,0,0,0,0,0,0,74.5849609375,394.2420186360677
2025-03-15,1900-01-14 18:00:00,2025-03-15 18:00:00,0,38,11,200,0,38,10.9,200,0,36,10.9,0,0,15,37,10.8,0,0,15.76,38,10.4,0,0,13.65,38,10.2,0,0,7.69,36,10.2,0,0,10.96,35,10,150,0,12.11,0,0,73.69384765625,393.4049476623535
2025-03-15,1900-01-14 20:00:00,2025-03-15 20:00:00,39,39,11.2,250,0,40,11.1,250,0,39,10.8,0,0,16.34,38,10.8,0,0,17.3,39,10.7,0,0,14.42,36,10.5,0,0,7.69,37,10.4,0,0,10.57,37,10.2,140,0,13.46,33,80,74.69482421875,394.9080108642578
2025-03-15,1900-01-14 22:00:00,2025-03-15 22:00:00,40,38,11.5,250,0,39,11.5,250,0,39,11,0,0,16.92,38,10.9,0,0,17.69,39,10.8,0,0,14.61,39,10.7,0,0,8.26,38,10.5,0,0,12.5,39,10.3,120,0,12.88,31,100,74.4588241577148,394.50243555704753
2025-03-15,1900-01-15 00:00:00,2025-03-16 00:00:00,39,39,11.3,250,0,39,11.2,250,0,39,10.9,0,0,16.15,39,10.8,0,0,17.3,38,10.7,0,0,14.23,38,10.7,0,0,7.69,38,10.4,0,0,9.61,38,10.1,130,0,14.23,30,90,74.4222030639648,393.83764928181967
2025-03-15,1900-01-15 02:00:00,2025-03-16 02:00:00,40,39,11.4,250,0,40,11.3,300,0,39,11.2,0,0,17.3,37,11,0,0,17.69,38,10.9,0,0,13.84,39,10.8,0,0,8.07,38,10.7,0,0,11.34,38,10.5,130,0,14.42,30,100,74.96337890625,393.43701833089193
2025-03-15,1900-01-15 04:00:00,2025-03-16 04:00:00,41,40,11.2,250,0,40,11.1,300,0,40,11,0,0,16.34,39,10.9,0,0,17.69,39,10.7,0,0,14.42,38,10.7,0,0,8.26,37,10.6,0,0,10.57,38,10.4,140,0,13.46,29,100,75.146484375,393.2547264099121
2025-03-16,1900-01-15 06:00:00,2025-03-16 06:00:00,39,40,11.5,250,0,39,11.2,250,0,39,11.1,0,0,16.34,39,11,0,0,17.3,38,10.8,0,0,13.84,38,10.8,0,0,7.69,38,10.7,0,0,9.61,38,10.5,120,0,14.42,30,100,74.45068359375,393.2411023457845
2025-03-16,1900-01-15 08:00:00,2025-03-16 08:00:00,40,39,11.4,200,0,40,11.5,250,0,40,11.3,0,0,14.61,39,11.3,0,0,16.34,36,11.9,0,0,19.46,37,10.9,0,0,7.69,37,10.9,0,0,10.57,37,11,100,0,11.08,30,100,75.1220703125,393.48741353352864
2025-03-16,1900-01-15 10:00:00,2025-03-16 10:00:00,40,40,0,250,0,41,0,200,0,39,0,0,0,11.34,39,0,0,0,16.53,36,0,0,0,13.19,38,0,0,0,7.69,38,0,0,0,10.3,38,0,140,0,12.11,32,100,75.1057968139648,392.9299285888672
2025-03-16,1900-01-15 12:00:00,2025-03-16 12:00:00,41,40,0,250,0,40,0,200,0,39,0,0,0,10,39,0,0,0,16.15,37,0,0,0,14.03,37,0,0,0,8.07,37,0,0,0,9.61,37,0,140,0,11.03,34,110,74.3123397827148,390.7930648803711
2025-03-16,1900-01-15 14:00:00,2025-03-16 14:00:00,39,40,10.6,250,0,39,11,200,0,39,11.1,0,0,6.07,38,11,0,0,16.12,37,11.8,0,0,13.06,38,10.3,0,0,7.88,38,10.3,0,0,10.38,38,10.4,160,0,11.92,32,110,74.6826171875,391.74623794555663
2025-03-16,1900-01-15 16:00:00,2025-03-16 16:00:00,37,41,10.4,250,0,38,11.9,250,0,37,11,0,0,5.76,38,11,0,0,16.17,38,11.2,0,0,13.46,36,10.7,0,0,8.46,36,10.7,0,0,10.19,38,10.2,170,0,12.11,35,130,74.7029647827148,392.7669273376465
2025-03-16,1900-01-15 18:00:00,2025-03-16 18:00:00,38,39,10.1,250,0,40,10.1,250,0,38,10.9,0,0,5.76,39,11,0,0,16.59,39,11.1,0,0,13.26,37,11.2,0,0,8.6,36,10.3,0,0,10.57,37,10.2,0,0,11.92,34,130,74.1617813110352,392.9216100056966
2025-03-16,1900-01-15 20:00:00,2025-03-16 20:00:00,43,40,10.5,200,0,39,10.8,250,0,38,10.9,0,0,4.8,37,11,0,0,16.3,37,11,0,0,12.5,36,11,0,0,8.6,37,11,0,0,10.5,37,11.1,150,0,14.4,28,100,74.96337890625,393.4537760416667
2025-03-16,1900-01-15 22:00:00,2025-03-16 22:00:00,42,41,10.5,200,0,40,10.8,250,0,39,10.9,0,0,9.6,38,11,0,0,10.5,37,11,0,0,13.4,37,11,0,0,9.6,37,11,0,0,10.5,35,11.1,160,0,14.4,28,130,75.0244140625,394.5066553751628
2025-03-16,1900-01-16 00:00:00,2025-03-17 00:00:00,41,41,10.5,200,0,40,10.7,250,0,38,10.9,0,0,16.1,38,10.9,0,0,8.8,38,10.9,0,0,14.4,38,11,0,0,8.6,36,11.1,0,0,10.5,35,11.1,140,0,14.4,29,130,74.5849609375,394.206573232015
2025-03-16,1900-01-16 02:00:00,2025-03-17 02:00:00,41,41,10.5,200,0,41,10.5,200,0,39,10.6,0,0,16.3,39,10.6,0,0,11.5,37,10.7,0,0,9.6,37,10.8,0,0,9.6,36,10.9,0,0,10.3,36,10.9,150,0,13.4,31,130,74.8738632202148,393.95194346110026
2025-03-16,1900-01-16 04:00:00,2025-03-17 04:00:00,38,41,10.6,200,0,41,10.5,200,0,40,10.6,0,0,17.3,40,10.7,0,0,11.5,39,10.8,0,0,9.2,38,10.8,0,0,4.8,37,10.9,0,0,9.6,36,11,150,0,14,30,120,74.6541366577148,394.30917231241864
2025-03-17,1900-01-16 06:00:00,2025-03-17 06:00:00,40,41,10.6,200,0,40,10.5,200,0,40,10.6,0,0,17.3,40,10.7,0,0,15.38,39,10.8,0,0,4.8,38,10.8,0,0,8.65,37,10.9,0,0,13.46,36,11,150,0,8.65,31,110,73.79150390625,395.4741755167643
2025-03-17,1900-01-16 08:00:00,2025-03-17 08:00:00,36,38,10.2,250,0,39,10.6,250,0,42,10.6,0,0,17.3,40,10.8,0,0,15.38,41,10.7,0,0,6.7,40,10.9,0,0,10.19,38,10.9,0,0,10,40,11.1,150,0,11.15,34,130,74.5320663452148,393.9219230651855
2025-03-17,1900-01-16 10:00:00,2025-03-17 10:00:00,34,37,10.3,200,0,40,10.3,200,0,42,10.4,0,0,17.3,41,10.8,0,0,15.19,41,10.6,0,0,6.92,40,10.9,0,0,10.57,39,11,0,0,9.8,40,11.1,160,0,11.53,33,110,74.4222030639648,394.0967402140299
2025-03-17,1900-01-16 12:00:00,2025-03-17 12:00:00,36,38,10.7,200,0,40,10.5,250,0,40,10.3,0,0,17.11,40,10.2,0,0,15.38,40,10.3,0,0,6.73,40,10.7,0,0,10.19,39,10.6,0,0,9.61,40,10.8,150,0,11.73,35,90,73.9461212158203,393.3551554361979
2025-03-17,1900-01-16 14:00:00,2025-03-17 14:00:00,40,40,10.1,200,0,41,10.1,250,0,41,10.3,0,0,16.92,40,10.4,0,0,15.57,40,10.5,0,0,9.61,40,10.6,0,0,7.3,39,10.8,0,0,10.57,39,10.9,140,0,11.92,34,100,74.0885391235352,392.97911834716797
2025-03-17,1900-01-16 16:00:00,2025-03-17 16:00:00,38,37,10.1,200,0,38,10.1,250,0,40,10.3,0,0,17.3,41,10.3,0,0,15.76,41,10.4,0,0,12.5,37,10.5,0,0,4.8,40,10.7,0,0,10.57,40,10.7,150,0,10.57,35,120,92.9443359375,353.16442464192716
2025-03-17,1900-01-16 18:00:00,2025-03-17 18:00:00,40,40,10.1,200,0,40,10.1,250,0,41,10.2,0,0,17.3,41,10.3,0,0,15.38,40,10.4,0,0,12.5,38,10.5,0,0,7.3,41,10.7,0,0,8.65,40,10.7,150,0,11.15,35,130,92.6717071533203,357.93788630167643
2025-03-17,1900-01-16 20:00:00,2025-03-17 20:00:00,37,35,10.6,250,0,35,10.2,250,0,39,10.2,0,0,18.84,37,10.3,0,0,15.38,36,10.4,0,0,11.58,38,10.5,0,0,9.61,36,10.5,0,0,4.8,36,10.6,150,0,14.42,31,130,92.4072265625,362.28913396199545
2025-03-17,1900-01-16 22:00:00,2025-03-17 22:00:00,36,37,10.3,250,0,38,10.2,300,0,37,10.3,0,0,18.26,37,10.3,0,0,17.3,37,10.3,0,0,15.38,36,10.4,0,0,6.73,36,10.4,0,0,9.61,37,10.5,150,0,13.46,29,130,92.1101837158203,367.25549799601237
2025-03-17,1900-01-17 00:00:00,2025-03-18 00:00:00,37,37,10.3,200,0,37,10.3,300,0,37,10.3,0,0,17.69,37,10.3,0,0,15.76,36,10.3,0,0,15,36,10.3,0,0,10.57,36,10.4,0,0,8.65,37,10.5,150,0,12.5,30,140,91.1661758422852,369.2547996520996
2025-03-17,1900-01-17 02:00:00,2025-03-18 02:00:00,38,37,9.8,200,0,36,10.1,250,0,37,10,0,0,17.3,37,10.2,0,0,15.38,36,10.2,0,0,16.34,36,10.3,0,0,11.53,37,10.4,0,0,9.61,38,10.5,150,0,11.53,31,120,91.0847930908203,369.71872584025067
2025-03-17,1900-01-17 04:00:00,2025-03-18 04:00:00,39,36,9.6,250,0,36,10,300,0,37,10,0,0,18.07,37,10.1,0,0,16.15,36,10.2,0,0,15.76,36,10.2,0,0,12.5,36,10.4,0,0,8.07,38,10.4,150,0,12.88,30,140,90.5110626220703,370.41136220296227
2025-03-18,1900-01-17 06:00:00,2025-03-18 06:00:00,39,38,9.6,250,0,37,9.9,300,0,37,10,0,0,18.26,36,10,0,0,15.76,36,10.1,0,0,15.38,36,10.2,0,0,12.5,36,10.3,0,0,8.65,37,10.4,150,0,12.88,31,130,90.1326446533203,370.74580510457355
2025-03-18,1900-01-17 08:00:00,2025-03-18 08:00:00,42,38,9.6,250,0,37,9.9,300,0,36,10,0,0,18.2,37,10,0,0,15.7,37,10.1,0,0,15.3,37,10.2,0,0,12.5,36,10.3,0,0,8.6,37,10.4,160,0,12.8,31,130,90.13671875,369.55090357462564
2025-03-18,1900-01-17 10:00:00,2025-03-18 10:00:00,0,38,9.5,200,0,0,9.7,300,0,38,10.2,0,0,17.1,0,0,0,0,15.7,38,10.1,0,0,15.9,37,10.2,0,0,13.4,37,10.2,0,0,7.3,38,10.4,180,0,19.6,0,0,74.7843399047852,218.25725860595705
2025-03-18,1900-01-17 12:00:00,2025-03-18 12:00:00,0,38,9.4,200,0,0,9.8,250,0,37,10,0,0,16.5,0,0,0,0,15.7,37,10,0,0,16.1,38,10.2,0,0,13.2,37,10.2,0,0,7.5,38,10.4,180,0,10.5,0,0,91.7154922485352,359.8600270589193
2025-03-18,1900-01-17 14:00:00,2025-03-18 14:00:00,0,38,9.4,200,0,0,9.6,250,0,38,10.1,0,0,16.9,0,0,0,0,15.7,37,10.1,0,0,15,38,10.2,0,0,12.6,38,10.3,0,0,7.1,38,10.4,170,0,10.7,0,0,92.8385391235352,365.39014256795247
2025-03-18,1900-01-17 16:00:00,2025-03-18 16:00:00,0,38,9.4,200,0,38,9.6,250,0,38,9.9,0,0,16.3,0,0,0,0,15.7,38,10.1,0,0,16.3,38,10.2,0,0,13.6,37,10.3,0,0,6.7,38,10.4,180,0,9.6,0,0,92.4031524658203,356.31691182454426
2025-03-18,1900-01-17 18:00:00,2025-03-18 18:00:00,0,39,9.3,200,0,39,9.6,250,0,38,9.9,0,0,16.9,38,10.1,0,0,15.3,38,10.1,0,0,15.9,37,10.2,0,0,13.2,37,10.3,0,0,6.9,38,10.4,120,0,10,0,0,92.3543243408203,354.3425669352213
2025-03-18,1900-01-17 20:00:00,2025-03-18 20:00:00,-,39,9.2,200,0,38,9.6,250,0,36,9.8,0,0,17.3,36,9.9,0,0,16.34,36,10,0,0,16.34,35,10.1,0,0,13.46,34,10.1,0,0,6.73,35,10.2,120,0,10.57,-,-,92.5577774047852,360.00373764038085
2025-03-18,1900-01-17 22:00:00,2025-03-18 22:00:00,49,39,9.2,200,0,38,9.6,250,0,37,9.8,0,0,17.69,36,9.9,0,0,16.34,36,10,0,0,16.34,36,10,0,0,13.46,35,10.1,0,0,6.73,35,10.2,110,0,10.57,28,80,92.5496368408203,356.8927230834961
2025-03-18,1900-01-18 00:00:00,2025-03-19 00:00:00,36,38,9.7,250,0,38,9.7,250,0,37,9.9,0,0,17.69,37,10,0,0,15.38,36,10,0,0,15.76,36,10,0,0,14.42,35,10.1,0,0,8.07,36,10.2,100,0,11.53,30,90,92.4275665283203,352.6302096048991
2025-03-18,1900-01-18 02:00:00,2025-03-19 02:00:00,36,37,9.7,250,0,38,9.8,250,0,37,9.9,0,0,18.26,36,10,0,0,15.76,36,10.1,0,0,15.96,36,10.1,0,0,13.84,35,10.1,0,0,7.69,35,10.2,110,0,12.11,30,100,92.6188125610352,355.54735768636067
2025-03-18,1900-01-18 04:00:00,2025-03-19 04:00:00,-,36,9.7,200,0,36,9.8,200,0,36,9.7,0,0,16.73,36,9.9,0,0,16.34,35,9.9,0,0,16.73,36,10,0,0,14.42,35,10,0,0,7.69,34,10.1,110,0,10.19,-,-,92.1590118408203,356.1971926371256
2025-03-19,1900-01-18 06:00:00,2025-03-19 06:00:00,-,36,9.7,200,0,36,9.7,200,0,36,9.7,0,0,17.88,36,9.8,0,0,16.34,35,9.8,0,0,16.15,36,9.9,0,0,13.84,36,10,0,0,8.07,35,10.1,110,0,10.57,-,-,69.53125,319.0217493057251
2025-03-19,1900-01-18 08:00:00,2025-03-19 08:00:00,40,38,9.6,200,0,37,9.6,200,0,36,9.6,0,0,16.34,38,10,0,0,14.42,35,9.7,0,0,14.3,34,9.9,0,0,14.42,33,10,0,0,6.73,34,10.1,90,0,10.57,26,80,71.52099609375,397.1807487487793
2025-03-19,1900-01-18 10:00:00,2025-03-19 10:00:00,42,37,9.8,500,0,36,9.9,350,0,37,9.7,0,0,16.34,36,10,0,0,15.38,38,9.7,0,0,16.92,39,9.9,0,0,14.42,34,10,0,0,7.3,36,10.1,90,0,9.61,25,80,94.2097930908203,272.619357454055
2025-03-19,1900-01-18 12:00:00,2025-03-19 12:00:00,44,38,9.5,350,0,36,9.7,350,0,36,10,0,0,16.34,37,9.9,0,0,15.38,36,9.8,0,0,17.3,36,10,0,0,14.42,35,9.9,0,0,6.92,35,10.1,100,0,10,25,80,94.54345703125,187.2440439410042
2025-03-19,1900-01-18 14:00:00,2025-03-19 14:00:00,46,38,9.1,200,0,37,9.5,350,0,36,9.7,0,0,16.34,36,10,0,0,16.94,37,9.7,0,0,17.3,34,10.1,0,0,14.42,33,9.9,0,0,6.73,36,10,90,0,9.61,26,70,94.580078125,188.38059462224288
2025-03-19,1900-01-18 16:00:00,2025-03-19 16:00:00,41,39,9.4,250,0,38,9.6,350,0,37,9.7,0,0,16.53,37,10,0,0,16.34,36,9.8,0,0,17.69,35,10,0,0,14.61,34,9.9,0,0,7.3,34,10,110,0,10.57,27,80,94.6370391845703,157.09309935391263
2025-03-19,1900-01-18 18:00:00,2025-03-19 18:00:00,42,38,11.1,250,0,40,9.6,250,0,38,9.7,0,0,16.92,38,10,0,0,16.34,37,9.8,0,0,17.3,36,10,0,0,14.42,35,9.8,0,0,6.92,34,9.9,90,0,10.76,25,80,94.7265625,178.15538180199607
2025-03-19,1900-01-18 20:00:00,2025-03-19 20:00:00,41,40,10.7,150,0,41,10.1,250,0,39,9.8,0,0,14.42,38,9.9,0,0,16.34,38,9.7,0,0,17.3,36,9.7,0,0,13.46,36,9.8,0,0,7.3,35,9.9,100,0,9.61,26,80,94.775390625,200.14443576241223
2025-03-19,1900-01-18 22:00:00,2025-03-19 22:00:00,39,39,10.6,200,0,38,10.2,250,0,37,9.9,0,0,9.61,38,9.8,0,0,16.15,38,9.7,0,0,16.92,37,9.8,0,0,13.65,36,9.8,0,0,7.69,34,9.8,110,0,9.23,24,80,94.8445587158203,201.46122697682588
2025-03-19,1900-01-19 00:00:00,2025-03-20 00:00:00,41,40,10.2,250,0,40,10.2,250,0,38,10,0,0,6.73,38,9.9,0,0,14.8,37,9.8,0,0,18.26,37,9.7,0,0,12.5,36,9.7,0,0,7.3,36,9.7,120,0,9.61,27,80,94.93408203125,204.27541446095952
2025-03-19,1900-01-19 02:00:00,2025-03-20 02:00:00,39,41,10.9,350,0,40,10.7,250,0,39,10.1,0,0,13.46,39,10,0,0,8.65,38,9.9,0,0,17.3,37,9.7,0,0,13.46,37,9.7,0,0,7.3,36,9.7,100,0,9.61,29,90,94.93408203125,200.92942217060678
2025-03-19,1900-01-19 04:00:00,2025-03-20 04:00:00,40,40,11,400,0,39,10.9,250,0,37,10.3,0,0,14.42,38,10.2,0,0,6.73,37,10.1,0,0,17.3,37,10,0,0,13.46,36,9.9,0,0,7.69,35,9.8,120,0,10.19,28,80,94.98291015625,204.46578303573187
2025-03-20,1900-01-19 06:00:00,2025-03-20 06:00:00,40,40,11,450,0,39,11,350,0,38,10.7,0,0,17.88,36,10.4,0,0,14.42,36,10.1,0,0,8.26,37,10,0,0,13.46,37,9.9,0,0,7.3,37,9.8,110,0,9.23,27,80,94.9422149658203,206.55936575493158
2025-03-20,1900-01-19 08:00:00,2025-03-20 08:00:00,41,40,10.7,450,0,39,11,400,0,40,10.8,0,0,15.38,40,10.4,0,0,12.5,39,10.6,0,0,9.61,38,10.3,0,0,14.23,38,10,0,0,7.69,36,9.9,100,0,9.61,26,20,94.9137344360352,208.2777545799967
2025-03-20,1900-01-19 10:00:00,2025-03-20 10:00:00,36,36,10.6,350,0,41,10.9,400,0,41,10.9,0,0,18.26,39,10.4,0,0,15.35,39,10.7,0,0,9.61,40,10.4,0,0,13.46,38,10.3,0,0,7.3,37,10,100,0,14.42,26,30,94.9544219970703,279.61335391347916
2025-03-20,1900-01-19 12:00:00,2025-03-20 12:00:00,37,40,9.9,200,0,40,10.4,300,0,41,10.9,0,0,17.3,39,10.5,0,0,15.19,39,10.8,0,0,10,39,10.5,0,0,13.84,38,10.2,0,0,7.69,36,9.8,100,0,15.38,26,30,95.00732421875,283.76760161003716
2025-03-20,1900-01-19 14:00:00,2025-03-20 14:00:00,40,39,9.6,200,0,41,10.4,300,0,40,10.7,0,0,18.26,38,10.4,0,0,15.35,40,10.6,0,0,9.61,40,10.5,0,0,13.46,37,10.3,0,0,7.3,36,10.2,110,0,19.23,30,50,94.8649063110352,281.5538197977158
2025-03-20,1900-01-19 16:00:00,2025-03-20 16:00:00,44,40,9.3,250,0,40,9.6,300,0,39,10.4,0,0,17.3,40,10.5,0,0,13.46,38,10.5,0,0,9.61,38,10.5,0,0,12.5,37,10.4,0,0,7.3,38,10.3,110,0,19.23,30,50,94.7672500610352,279.98722018258024
2025-03-20,1900-01-19 18:00:00,2025-03-20 18:00:00,43,41,9.7,250,0,40,9.8,300,0,40,10.5,0,0,17.5,40,10.5,0,0,14.42,39,10.5,0,0,9.8,38,10.5,0,0,12.3,37,10.4,0,0,7.69,38,10.3,90,0,19.03,31,50,94.8160781860352,286.5533371643008
2025-03-20,1900-01-19 20:00:00,2025-03-20 20:00:00,40,39,10,250,0,38,10.8,300,0,38,10.4,0,0,16.34,38,10.4,0,0,13.46,38,10.4,0,0,8.63,39,10.5,0,0,13.46,38,10.2,0,0,6.73,36,10.3,110,0,18.26,31,90,94.83642578125,288.2927031778963
2025-03-20,1900-01-19 22:00:00,2025-03-20 22:00:00,41,39,11,250,0,40,10.8,300,0,33.8,10.8,0,0,16.92,38,10.6,0,0,13.84,38,10.5,0,0,8.26,38,10.5,0,0,13.07,37,10.4,0,0,6.34,36,10.4,110,0,18.26,30,90,94.93408203125,287.47600832929214
2025-03-20,1900-01-20 00:00:00,2025-03-21 00:00:00,40,39,11,300,0,39,11,300,0,39,11,0,0,17.3,39,10.8,0,0,13.46,37,10.5,0,0,9.61,37,10.5,0,0,12.5,37,10.5,0,0,8.65,36,10.4,140,0,19.23,31,90,94.8323516845703,265.44656586305547
2025-03-20,1900-01-20 02:00:00,2025-03-21 02:00:00,40,40,11,300,0,39,11,300,0,39,11,0,0,16.73,39,10.8,0,0,13.84,37,10.5,0,0,9.03,37,10.5,0,0,12.5,37,10.5,0,0,8.07,36,10.4,150,0,18.84,30,80,94.8811798095703,9.612871249516806
2025-03-20,1900-01-20 04:00:00,2025-03-21 04:00:00,40,41,11,300,0,40,11,350,0,39,11,0,0,16.34,38,11,0,0,13.46,39,10.8,0,0,8.65,38,10.6,0,0,12.88,38,10.5,0,0,7.69,37,10.3,110,0,18.26,29,60,94.9462890625,0
2025-03-21,1900-01-20 06:00:00,2025-03-21 06:00:00,41,39,11,350,0,40,11,350,0,39,11,0,0,16.92,38,10.9,0,0,13.46,38,10.8,0,0,9.61,38,10.6,0,0,13.46,37,10.6,0,0,8.65,37,10.4,110,0,18.84,30,80,94.9544219970703,0
2025-03-21,1900-01-20 08:00:00,2025-03-21 08:00:00,0,35,11.4,250,0,42,11.4,250,0,41,11.7,0,0,15.38,42,11.1,0,0,13.46,36,10.9,0,0,6.73,40,10.9,0,0,13.46,40,10.7,0,0,8.65,38,10.6,110,0,19.23,0,0,94.71435546875,0
2025-03-21,1900-01-20 10:00:00,2025-03-21 10:00:00,44,36,11.4,250,0,40,11.4,250,0,40,11.6,0,0,16.34,41,11.1,0,0,14.42,38,10.9,0,0,7.69,40,10.9,0,0,13.84,41,10.6,0,0,7.69,36,10.6,100,0,19.23,0,0,94.2667617797852,231.7659710416993
2025-03-21,1900-01-20 12:00:00,2025-03-21 12:00:00,43,43,10.9,250,0,41,10.9,250,0,41,11.2,0,0,15.38,38,11,0,0,13.46,41,10.9,0,0,7.69,40,10.8,0,0,14.42,40,10.7,0,0,7.69,40,10.5,100,0,19.61,31,70,94.95849609375,283.8395776782806
2025-03-21,1900-01-20 14:00:00,2025-03-21 14:00:00,41,41,10.7,250,0,40,10.8,250,0,40,11.1,0,0,16.15,39,11.1,0,0,14.03,38,10.9,0,0,7.3,39,10.8,0,0,13.46,40,10.6,0,0,8.07,38,10.6,100,0,19.03,30,80,94.9991836547852,286.02153290522597
2025-03-21,1900-01-20 16:00:00,2025-03-21 16:00:00,42,43,10,200,0,44,10.7,250,0,41,10.6,0,0,16.34,39,10.6,0,0,13.46,42,10.8,0,0,9.61,42,10.8,0,0,12.5,42,10.8,0,0,12.5,38,10.6,110,0,14.42,31,70,95.0235977172852,284.18752407263963
2025-03-21,1900-01-20 18:00:00,2025-03-21 18:00:00,42,43,10.4,300,0,43,10.7,350,0,42,10.5,0,0,16.73,40,`10.9,0,0,13.62,42,10.8,0,0,9.42,41,10.9,0,0,12.5,42,10.7,0,0,13.07,39,10.6,110,0,15,31,70,94.7265625,284.45722505122734
2025-03-21,1900-01-20 20:00:00,2025-03-21 20:00:00,42,42,10.2,350,0,40,10.7,500,0,37,10.7,0,0,17.3,38,10.8,0,0,13.46,38,10.8,0,0,8.65,37,10.7,0,0,13.46,35,10.6,0,0,12.5,38,10.6,120,0,16.73,32,90,95.1944961547852,286.11834457712246
2025-03-21,1900-01-20 22:00:00,2025-03-21 22:00:00,43,41,10.6,350,0,40,10.8,500,0,38,10.8,0,0,18.26,38,10.8,0,0,14.38,37,10.8,0,0,9.03,38,10.7,0,0,13.84,36,10.6,0,0,11.53,37,10.6,120,0,16.73,31,110,94.73876953125,288.05772552490237
2025-03-21,1900-01-21 00:00:00,2025-03-22 00:00:00,43,41,10.8,300,0,40,11,400,0,39,10.7,0,0,17.3,38,10.8,0,0,13.46,38,10.7,0,0,8.26,37,10.7,0,0,14.03,37,10.6,0,0,11.53,37,10.6,120,0,16.34,31,100,94.6248321533203,286.562500334112
2025-03-21,1900-01-21 02:00:00,2025-03-22 02:00:00,44,40,10.6,300,0,40,10.6,350,0,40,10.6,0,0,17.69,39,10.7,0,0,13.84,38,10.8,0,0,8.26,38,10.7,0,0,13.46,37,10.6,0,0,11.92,38,10.6,100,0,16.53,32,100,94.90966796875,285.028814958067
2025-03-21,1900-01-21 04:00:00,2025-03-22 04:00:00,42,41,10.4,300,0,41,10.5,350,0,40,10.6,0,0,17.88,40,10.7,0,0,13.65,38,10.7,0,0,8.65,38,10.7,0,0,13.65,37,10.6,0,0,12.5,37,10.6,130,0,16.34,31,110,94.6573867797852,286.79313816900054
2025-03-22,1900-01-21 06:00:00,2025-03-22 06:00:00,42,41,10.5,350,0,41,10.6,350,0,40,10.6,0,0,17.88,40,10.7,0,0,13.46,38,10.7,0,0,8.65,38,10.7,0,0,13.46,37,10.6,0,0,12.5,37,10.6,130,0,16.73,31,110,,
2025-03-22,1900-01-21 08:00:00,2025-03-22 08:00:00,42,43,10,300,0,43,10.4,250,0,42,10.4,0,0,16.53,43,10.6,0,0,11.92,41,10.6,0,0,8.07,42,10.7,0,0,13.07,41,10.8,0,0,11.53,40,10.8,150,0,11.92,30,110,,
2025-03-22,1900-01-21 10:00:00,2025-03-22 10:00:00,41,43,11,300,0,39,10.3,300,0,42,10.5,0,0,16.34,42,10.4,0,0,13.07,42,10.5,0,0,8.26,42,10.6,0,0,12.69,42,10.6,0,0,11.15,39,10.6,150,0,13.07,30,120,,
2025-03-22,1900-01-21 12:00:00,2025-03-22 12:00:00,42,41,11.2,300,0,40,10.5,300,0,41,10.5,0,0,16.34,42,10.4,0,0,13.07,40,10.4,0,0,7.69,40,10.5,0,0,13.84,39,10.6,0,0,11.34,39,10.6,150,0,13.46,31,110,,
2025-03-22,1900-01-21 14:00:00,2025-03-22 14:00:00,41,39,10.1,300,0,40,10.5,250,0,39,10.5,0,0,16.53,40,10.3,0,0,13.63,41,10.3,0,0,8.07,40,10.4,0,0,13.84,39,10.6,0,0,11.92,39,10.7,140,0,13.07,30,110,,
2025-03-22,1900-01-21 16:00:00,2025-03-22 16:00:00,43,42,10.6,250,0,41,10.4,200,0,44,10.3,0,0,15.38,39,10.3,0,0,12.11,39,10.4,0,0,7.88,40,10.4,0,0,12.11,41,10.4,0,0,12.11,39,10.5,110,0,12.3,31,100,,
2025-03-22,1900-01-21 18:00:00,2025-03-22 18:00:00,42,41,10.7,250,0,40,10.5,200,0,40,10.3,0,0,16.34,40,10.3,0,0,13.92,41,10.3,0,0,7.69,39,10.5,0,0,12.69,40,10.5,0,0,11.92,38,10.6,120,0,13.46,30,110,,
2025-03-22,1900-01-21 20:00:00,2025-03-22 20:00:00,43,42,10.3,300,0,42,10.3,300,0,39,10.3,0,0,9.23,40,10.5,0,0,13.07,39,10.4,0,0,8.07,40,10.4,0,0,12.3,39,10.4,0,0,11.42,39,10.5,150,0,13.84,32,120,,
2025-03-22,1900-01-21 22:00:00,2025-03-22 22:00:00,43,42,9.9,350,0,41,10.3,250,0,40,10.3,0,0,8.65,40,10.5,0,0,14.42,38,10.4,0,0,12.5,39,10.4,0,0,13.84,37,10.4,0,0,11.53,39,10.5,130,0,12.5,32,110,,
2025-03-22,1900-01-22 00:00:00,2025-03-23 00:00:00,42,43,11,400,0,41,10.5,250,0,37,10.5,0,0,6.92,39,10.6,0,0,13.46,38,10.5,0,0,11.53,39,10.5,0,0,13.46,38,10.5,0,0,11.92,38,10.5,140,0,11.53,31,100,,
2025-03-22,1900-01-22 02:00:00,2025-03-23 02:00:00,38,41,11,400,0,41,10.8,350,0,40,10.5,0,0,11.15,39,10.6,0,0,7.69,39,10.6,0,0,8.07,39,10.6,0,0,13.07,39,10.5,0,0,10,40,10.4,130,0,11.15,33,110,,
2025-03-22,1900-01-22 04:00:00,2025-03-23 04:00:00,40,42,11,400,0,42,11,350,0,40,10.8,0,0,13.46,38,10.8,0,0,6.97,39,10.6,0,0,6.15,39,10.6,0,0,13.46,39,10.5,0,0,12.3,39,10.4,130,0,13.84,31,100,,
2025-03-23,1900-01-22 06:00:00,2025-03-23 06:00:00,43,41,11,400,0,41,11,350,0,39,10.7,0,0,15.38,40,10.7,0,0,5,39,10.5,0,0,10,39,10.6,0,0,8.07,38,10.5,0,0,11.92,37,10.4,120,0,13.02,32,90,,
2025-03-23,1900-01-22 08:00:00,2025-03-23 08:00:00,40,40,10.48,400,0,40,10.54,350,0,41,10.7,0,0,15.76,43,10.7,0,0,5,42,10.52,0,0,10.38,40,10.46,0,0,8.07,40,10.35,0,0,11.53,37,10.48,110,0,7.3,34,100,,
2025-03-23,1900-01-22 10:00:00,2025-03-23 10:00:00,47,43,10.1,450,0,44,10.4,350,0,42,10.7,0,0,15.38,43,10.7,0,0,4.8,42,10.5,0,0,10.57,41,10.4,0,0,7.69,41,10.3,0,0,11.15,42,10.4,150,0,17.3,38,130,,
2025-03-23,1900-01-22 12:00:00,2025-03-23 12:00:00,46,42,10.1,400,0,44,10.7,350,0,41,10.6,0,0,15.76,40,10.6,0,0,4.8,44,10.5,0,0,10.38,43,10.5,0,0,8.07,42,10.4,0,0,11.53,41,10.4,150,0,23.07,34,100,,
2025-03-23,1900-01-22 14:00:00,2025-03-23 14:00:00,44,44,9.6,350,0,44,10.1,350,0,42,10.4,0,0,16.34,41,10.6,0,0,9.61,43,10.5,0,0,8.65,41,10.4,0,0,4.8,43,10.2,0,0,19.23,41,10.1,130,0,15.38,36,90,,
2025-03-23,1900-01-22 16:00:00,2025-03-23 16:00:00,40,40,11.3,450,0,40,10.5,400,0,42,10.2,0,0,15.38,41,10.1,0,0,10,40,10.2,0,0,10.57,39,10.3,0,0,5.76,38,10.3,0,0,17.3,40,10.2,90,0,15.38,33,60,,
2025-03-23,1900-01-22 18:00:00,2025-03-23 18:00:00,41,40,11.1,450,0,39,10.8,450,0,40,10.3,0,0,15.38,39,10.2,0,0,9.61,39,10.2,0,0,8.65,38,10.3,0,0,12.5,38,10.3,0,0,18.26,38,10.2,120,0,15.38,32,80,,
2025-03-23,1900-01-22 20:00:00,2025-03-23 20:00:00,40,41,11,500,0,41,11,500,0,41,10.6,0,0,16.53,40,10.5,0,0,9.61,40,10.4,0,0,9.61,39,10.3,0,0,8.84,40,10.3,0,0,14.42,40,10.3,110,0,13.46,33,100,,
2025-03-23,1900-01-22 22:00:00,2025-03-23 22:00:00,40,40,11,400,0,41,11,450,0,42,10.8,0,0,16.34,40,10.6,0,0,10.38,40,10.5,0,0,9.61,39,10.4,0,0,10.76,39,10.4,0,0,14.42,40,10.3,110,0,15,30,100,,
2025-03-23,1900-01-23 00:00:00,2025-03-24 00:00:00,41,40,11,400,0,40,11,450,0,42,10.8,0,0,16.92,40,10.7,0,0,10.38,39,10.5,0,0,9.42,38,10.4,0,0,9.23,38,10.4,0,0,13.84,39,10.3,110,0,14.03,32,90,,
2025-03-23,1900-01-23 02:00:00,2025-03-24 02:00:00,41,40,10.5,450,0,41,10.9,450,0,40,10.8,0,0,15.38,39,10.7,0,0,9.23,40,10.6,0,0,9.61,39,10.5,0,0,9.61,39,10.5,0,0,14.42,39,10.5,120,0,13.46,30,100,,
2025-03-23,1900-01-23 04:00:00,2025-03-24 04:00:00,40,41,10.5,350,0,41,10.6,400,0,40,10.7,0,0,16.34,40,10.6,0,0,9.61,39,10.5,0,0,9.23,39,10.5,0,0,10.67,39,10.5,0,0,14.42,39,10.5,120,0,15.19,31,100,,
2025-03-24,1900-01-23 06:00:00,2025-03-24 06:00:00,44,43,11,400,0,42,10.8,450,0,42,10.8,0,0,16.34,41,10.6,0,0,10.38,40,10.5,0,0,9.61,39,10.5,0,0,9.61,39,10.5,0,0,14.42,39,10.5,100,0,15.38,29,90,,
2025-03-24,1900-01-23 08:00:00,2025-03-24 08:00:00,44,42,11,450,0,39,10.8,400,0,40,10.8,0,0,15.38,40,10.9,0,0,7.69,39,11,0,0,9.61,39,10.6,0,0,10.57,39,10.6,0,0,13.46,39,10.5,120,0,13.65,29,100,,
2025-03-24,1900-01-23 10:00:00,2025-03-24 10:00:00,41,41,10.7,400,0,38,10.6,500,0,39,10.7,0,0,15.76,40,10.7,0,0,8.07,39,10.9,0,0,9.23,40,10.7,0,0,10.19,38,10.6,0,0,13.84,39,10.5,150,0,14.42,31,120,,
2025-03-24,1900-01-23 12:00:00,2025-03-24 12:00:00,43,42,10.4,250,0,40,10.6,400,0,41,10.6,0,0,15.38,39,10.5,0,0,8.07,41,10.5,0,0,9.61,35,10.6,0,0,10.57,40,10.5,0,0,13.46,38,10.5,180,0,13.65,31,120,,
2025-03-24,1900-01-23 14:00:00,2025-03-24 14:00:00,0,42,10.4,300,0,40,10.6,400,0,41,10.7,0,0,15.76,40,10.5,0,0,8.65,41,10.5,0,0,9.23,38,10.6,0,0,10.19,40,10.5,0,0,13.46,38,10.5,180,0,13.65,0,0,,
2025-03-24,1900-01-23 16:00:00,2025-03-24 16:00:00,0,40,10.3,250,0,39,10.6,400,0,39,10.7,0,0,15.76,39,10.5,0,0,8.07,39,10.5,0,0,9.61,38,10.6,0,0,10.57,38,10.5,0,0,13.84,37,10.5,180,0,13.65,0,0,,
2025-03-24,1900-01-23 18:00:00,2025-03-24 18:00:00,40,39,10.5,350,0,39,10.7,450,0,38,10.8,0,0,15.38,38,10.6,0,0,8.65,38,10.5,0,0,9.23,37,10.6,0,0,10.19,37,10.5,0,0,13.46,36,10.5,170,0,13.65,0,0,,
2025-03-24,1900-01-23 20:00:00,2025-03-24 20:00:00,40,40,10.5,500,0,40,10.7,400,0,39,10.6,0,0,17.3,37,10.7,0,0,9.61,37,10.7,0,0,10.38,34,10.6,0,0,11.53,35,10.7,0,0,14.43,35,10.6,150,0,17.3,28,120,,
2025-03-24,1900-01-23 22:00:00,2025-03-24 22:00:00,40,39,10.2,500,0,40,10.5,450,0,40,10.7,0,0,17.11,37,10.6,0,0,10,38,10.7,0,0,10.19,36,10.6,0,0,11.34,36,10.7,0,0,14.23,37,10.5,170,0,17.5,30,130,,
2025-03-24,1900-01-24 00:00:00,2025-03-25 00:00:00,41,40,10.5,500,0,40,10.4,450,0,39,10.8,0,0,17.5,38,10.7,0,0,9.42,37,10.7,0,0,10.38,35,10.6,0,0,11.53,36,10.6,0,0,14.61,36,10.5,160,0,17.69,31,130,,
2025-03-24,1900-01-24 02:00:00,2025-03-25 02:00:00,41,41,10.6,500,0,41,10.4,450,0,40,10.5,0,0,17.11,39,10.5,0,0,9.61,38,10.6,0,0,10.19,37,10.5,0,0,11.53,36,10.5,0,0,14.42,35,10.6,150,0,17.3,30,120,,
2025-03-24,1900-01-24 04:00:00,2025-03-25 04:00:00,43,41,10.8,450,0,40,10.5,500,0,38,10.2,0,0,17.3,38,10.4,0,0,9.61,37,10.5,0,0,10.19,34,10.5,0,0,11.53,35,10.5,0,0,15.38,36,10.6,140,0,16.92,29,120,,
2025-03-25,1900-01-24 06:00:00,2025-03-25 06:00:00,42,42,10.7,450,0,40,10.6,500,0,39,10.3,0,0,16.92,37,10.4,0,0,9.43,38,10.5,0,0,10.57,35,10.5,0,0,11.92,35,10.5,0,0,14.23,37,10.5,160,0,17.3,30,130,,
2025-03-25,1900-01-24 08:00:00,2025-03-25 08:00:00,42,41,11.5,500,0,41,10.6,500,0,40,10.6,0,0,18.26,39,10.5,0,0,9.23,39,10.5,0,0,11.53,34,10.7,0,0,11.53,38,10.5,0,0,15.38,39,10.5,160,0,16.34,30,130,,
2025-03-25,1900-01-24 10:00:00,2025-03-25 10:00:00,39,41,11.2,450,0,41,10.9,450,0,40,10.7,0,0,17.3,40,10.5,0,0,9.61,39,10.5,0,0,11.92,37,10.6,0,0,11.92,39,10.4,0,0,15.19,39,10.4,170,0,16.34,29,120,,
2025-03-25,1900-01-24 12:00:00,2025-03-25 12:00:00,40,40,11,400,0,40,11,450,0,40,10.6,0,0,18.07,40,10.5,0,0,9.23,40,10.5,0,0,11.34,38,10.5,0,0,11.34,39,10.4,0,0,15.38,39,10.5,150,0,16.34,32,120,,
2025-03-25,1900-01-24 14:00:00,2025-03-25 14:00:00,37,37,11.5,600,0,39,11.2,850,0,39,10.7,0,0,17.3,38,10.6,0,0,9.61,38,10.6,0,0,10.57,39,10.6,0,0,10.57,38,10.5,0,0,14.42,38,10.5,170,0,15.38,30,130,,
2025-03-25,1900-01-24 16:00:00,2025-03-25 16:00:00,40,38,10.7,500,0,39,11,650,0,39,10.9,0,0,16.34,37,10.8,0,0,9.23,38,10.7,0,0,10.57,39,10.4,0,0,10.57,36,10.5,0,0,14.42,36,10.5,160,0,15.38,28,120,,
2025-03-25,1900-01-24 18:00:00,2025-03-25 18:00:00,41,39,10.3,450,0,38,10.6,600,0,39,10.7,0,0,17.3,38,10.6,0,0,9.61,38,10.5,0,0,10.57,37,10.3,0,0,10.57,38,10.3,0,0,15.19,38,10.2,160,0,16.34,29,120,,
2025-03-25,1900-01-24 20:00:00,2025-03-25 20:00:00,41,39,11.2,400,0,39,10.8,650,0,38,11,0,0,16.92,39,10.8,0,0,9.91,39,10.8,0,0,10.57,39,10.5,0,0,11.15,40,10.6,0,0,15,38,10.5,200,0,17.3,32,140,,
2025-03-25,1900-01-24 22:00:00,2025-03-25 22:00:00,40,40,11.1,350,0,39,11.3,550,0,39,11,0,0,13.46,40,10.9,0,0,9.42,39,10.8,0,0,10,39,10.7,0,0,11.53,39,10.7,0,0,14.61,39,10.7,200,0,17.3,31,130,,
2025-03-25,1900-01-25 00:00:00,2025-03-26 00:00:00,39,39,11,300,0,39,11.2,500,0,38,11,0,0,7.69,40,10.9,0,0,9.61,39,10.8,0,0,10.38,39,10.6,0,0,11.34,40,10.7,0,0,14.42,39,10.5,200,0,17.11,32,150,,
2025-03-25,1900-01-25 02:00:00,2025-03-26 02:00:00,40,39,10.6,250,0,40,11,400,0,39,11.1,0,0,12.5,40,11,0,0,8.26,39,10.8,0,0,5.75,39,10.7,0,0,11.34,40,10.7,0,0,14.61,40,10.6,220,0,17.3,32,150,,
2025-03-25,1900-01-25 04:00:00,2025-03-26 04:00:00,40,39,10.3,250,0,39,10.9,450,0,39,10.9,0,0,14.42,39,11,0,0,6.73,39,10.9,0,0,5.76,39,10.8,0,0,10.57,39,10.8,0,0,15,39,10.7,200,0,16.34,31,140,,
2025-03-26,1900-01-25 06:00:00,2025-03-26 06:00:00,40,40,10.2,250,0,39,10.8,450,0,40,10.9,0,0,15.38,39,10.9,0,0,5.76,39,10.9,0,0,5.75,39,10.8,0,0,11.15,39,10.8,0,0,15,39,10.7,200,0,16.34,33,150,,
2025-03-26,1900-01-25 08:00:00,2025-03-26 08:00:00,37,38,10,300,0,36,10.7,350,0,39,10.7,0,0,15.38,39,10.8,0,0,6.75,38,10.9,0,0,4.8,37,10.8,0,0,8.65,37,10.8,0,0,16.34,39,10.8,190,0,20.19,30,170,,
2025-03-26,1900-01-25 10:00:00,2025-03-26 10:00:00,40,37,11.2,400,0,37,10.6,450,0,38,10.7,0,0,15.38,38,10.8,0,0,7.69,38,10.9,0,0,8.65,37,10.8,0,0,8.65,37,10.7,0,0,15.38,36,10.7,170,0,20,28,160,,
2025-03-26,1900-01-25 12:00:00,2025-03-26 12:00:00,38,38,11.3,400,0,37,11,450,0,38,10.8,0,0,17.3,38,10.9,0,0,8.65,37,10.9,0,0,4.8,37,10.8,0,0,9.61,38,10.7,0,0,14.42,38,10.7,180,0,18.07,30,160,,
2025-03-26,1900-01-25 14:00:00,2025-03-26 14:00:00,38,37,11.3,450,0,38,11.2,450,0,39,10.8,0,0,17.3,37,10.9,0,0,8.65,37,10.8,0,0,6.73,37,10.7,0,0,6.73,37,10.6,0,0,13.46,34,10.6,210,0,16.34,29,170,,
2025-03-26,1900-01-25 16:00:00,2025-03-26 16:00:00,39,38,10.9,350,0,39,11,400,0,38,10.9,0,0,16.53,38,10.9,0,0,8.65,38,10.8,0,0,7.69,37,10.7,0,0,6.73,37,10.7,0,0,14.23,37,10.7,200,0,18.07,28,170,,
2025-03-26,1900-01-25 18:00:00,2025-03-26 18:00:00,38,37,10.7,350,0,39,10.9,400,0,39,10.8,0,0,17.3,39,10.8,0,0,8.84,38,10.7,0,0,7.69,38,10.6,0,0,6.92,37,10.6,0,0,14.23,37,10.6,190,0,17.3,30,160,,
2025-03-26,1900-01-25 20:00:00,2025-03-26 20:00:00,34,37,10.5,500,0,37,10.8,400,0,37,10.7,0,0,17.3,36,10.8,0,0,9.61,38,10.6,0,0,6.73,36,10.6,0,0,5.76,38,10.7,0,0,14.42,37,10.2,190,0,20.19,30,160,,
2025-03-26,1900-01-25 22:00:00,2025-03-26 22:00:00,39,39,10.4,500,0,39,10.9,400,0,38,10.8,0,0,17.5,37,10.8,0,0,10,38,10.7,0,0,7.11,36,10.7,0,0,9.61,38,10.8,0,0,10.57,36,10.6,180,0,21.15,30,150,,
2025-03-26,1900-01-26 00:00:00,2025-03-27 00:00:00,40,38,10.4,500,0,39,10.7,450,0,37,10.4,0,0,16.92,36,10.9,0,0,9.42,38,11.2,0,0,6.92,38,11.4,0,0,9.61,37,10.7,0,0,15.38,38,10.7,190,0,13.46,32,160,,
2025-03-26,1900-01-26 02:00:00,2025-03-27 02:00:00,38,38,10.3,500,0,37,10.5,350,0,37,10.6,0,0,17.5,37,10.8,0,0,9.42,38,11,0,0,11.53,38,11,0,0,6.73,37,10.7,0,0,15.38,38,10.7,190,0,14.42,30,160,,
2025-03-26,1900-01-26 04:00:00,2025-03-27 04:00:00,39,39,10.4,500,0,38,10.6,400,0,38,10.5,0,0,16.92,38,10.9,0,0,10.19,37,10.9,0,0,12.11,38,11.2,0,0,8.65,38,10.8,0,0,12.15,37,10.7,180,0,14.42,31,150,,
2025-03-27,1900-01-26 06:00:00,2025-03-27 06:00:00,41,40,10.3,400,0,39,10.6,450,0,37,10.2,0,0,17.3,37,10.6,0,0,8.65,36,10.8,0,0,10.57,36,10.8,0,0,13.46,36,10.7,0,0,9.61,36,10.4,180,0,12.5,28,130,,
2025-03-27,1900-01-26 08:00:00,2025-03-27 08:00:00,39,39,10.1,450,0,37,10.3,450,0,37,10.4,0,0,17.69,36,10.6,0,0,10.57,36,10.8,0,0,9.61,35,10.8,0,0,13.46,35,10.9,0,0,11.53,36,10.8,180,0,12.5,29,140,,
2025-03-27,1900-01-26 10:00:00,2025-03-27 10:00:00,40,40,9.9,300,0,39,10.1,400,0,39,10.3,0,0,17.3,37,10.5,0,0,9.61,37,10.7,0,0,9.61,36,10.7,0,0,13.46,36,10.7,0,0,10.57,36,10.7,170,0,11.53,28,130,,
2025-03-27,1900-01-26 12:00:00,2025-03-27 12:00:00,42,40,10.2,350,0,40,10.3,400,0,40,10.3,0,0,18.07,38,10.5,0,0,10.38,37,10.7,0,0,9.42,37,10.6,0,0,12.5,36,10.7,0,0,11.53,37,10.7,170,0,12.5,30,130,,
2025-03-27,1900-01-26 14:00:00,2025-03-27 14:00:00,42,39,11.2,450,0,39,10.9,450,0,39,10.4,0,0,18.07,39,10.5,0,0,11.53,38,10.6,0,0,9.61,36,10.6,0,0,11.53,36,10.6,0,0,11.53,36,10.6,160,0,11.53,31,130,,
2025-03-27,1900-01-26 16:00:00,2025-03-27 16:00:00,40,39,10.8,400,0,39,10.8,450,0,38,10.4,0,0,17.3,37,10.5,0,0,10.57,38,10.6,0,0,9.61,37,10.5,0,0,13.46,36,10.5,0,0,10.57,36,10.5,170,0,12.5,29,140,,
2025-03-27,1900-01-26 18:00:00,2025-03-27 18:00:00,35,37,11.1,350,0,38,10.8,400,0,38,10.4,0,0,17.3,38,10.5,0,0,10.57,37,10.6,0,0,9.42,38,10.5,0,0,12.5,0,37,0,10.5,11.55,37,10.5,160,0,12.5,28,140,,
2025-03-27,1900-01-26 20:00:00,2025-03-27 20:00:00,35,39,11,350,0,39,10.8,450,0,39,10.8,0,0,18.26,39,10.8,0,0,10.57,39,10.8,0,0,9.61,37,10.6,0,0,13.36,37,10.6,0,0,12.5,37,10.6,200,0,13.84,30,130,,
2025-03-27,1900-01-26 22:00:00,2025-03-27 22:00:00,38,38,11,350,0,39,10.9,400,0,39,11.2,0,0,17.69,39,10.9,0,0,10.19,40,10.8,0,0,10,37,10.7,0,0,13.65,37,10.6,0,0,12.69,36,10.5,170,0,14.03,28,130,,
2025-03-27,1900-01-27 00:00:00,2025-03-28 00:00:00,39,38,10.7,350,0,39,10.8,400,0,39,10.8,0,0,17.3,39,10.8,0,0,10.19,39,10.8,0,0,9.61,38,10.6,0,0,13.26,38,10.6,0,0,12.88,37,10.6,180,0,13.65,29,160,,
2025-03-27,1900-01-27 02:00:00,2025-03-28 02:00:00,41,38,10.3,300,0,39,10.7,400,0,39,10.7,0,0,16.92,39,10.8,0,0,10.57,40,10.8,0,0,9.61,38,10.6,0,0,13.84,38,10.5,0,0,12.11,37,10.5,160,0,13.07,29,130,,
2025-03-27,1900-01-27 04:00:00,2025-03-28 04:00:00,42,39,10.4,350,0,39,0,350,0,38,10.8,0,0,16.34,39,10.8,0,0,10.57,39,10.6,0,0,9.61,38,10.6,0,0,`14.42,38,10.6,0,0,11.53,38,10.5,180,0,12.5,31,150,,
2025-03-28,1900-01-27 06:00:00,2025-03-28 06:00:00,42,39,10.1,350,0,38,10.6,350,0,38,10.8,0,0,17.3,39,10.8,0,0,10.57,39,10.6,0,0,9.61,38,10.6,0,0,14.42,38,10.6,0,0,11.53,37,10.5,180,0,13.65,30,160,,
2025-03-28,1900-01-27 08:00:00,2025-03-28 08:00:00,36,39,9.6,300,0,38,9.9,350,0,38,10.1,0,0,16.73,38,10.6,0,0,10.57,38,10.5,0,0,10.57,37,10.8,0,0,13.46,37,10.6,0,0,11.53,36,9.8,170,0,10.57,28,160,,
2025-03-28,1900-01-27 10:00:00,2025-03-28 10:00:00,42,40,10.8,300,0,40,10.3,350,0,39,10.2,0,0,16.73,39,10.6,0,0,10.57,38,10.6,0,0,10.57,37,10.7,0,0,13.46,37,10.7,0,0,11.53,37,10,160,0,10.57,30,140,,
2025-03-28,1900-01-27 12:00:00,2025-03-28 12:00:00,37,39,10.7,350,0,39,10.4,350,0,38,10.3,0,0,16.34,38,10.5,0,0,10.96,39,10.6,0,0,10.96,38,10.7,0,0,13.84,38,10.7,0,0,11.92,37,10.6,160,0,10,29,150,,
2025-03-28,1900-01-27 14:00:00,2025-03-28 14:00:00,36,39,10.6,400,0,37,10.3,350,0,38,10.2,0,0,16.34,38,10.4,0,0,10.96,37,10.5,0,0,10.96,37,10.6,0,0,13.84,37,10.7,0,0,11.92,37,10.7,150,0,10.57,30,120,,
2025-03-28,1900-01-27 16:00:00,2025-03-28 16:00:00,37,37,10.8,400,0,36,10.4,350,0,37,10.3,0,0,17.3,38,10.3,0,0,9.42,37,10.4,0,0,9.42,36,10.6,0,0,13.46,36,10.6,0,0,10.57,35,10.6,150,0,11.53,27,120,,
2025-03-28,1900-01-27 18:00:00,2025-03-28 18:00:00,40,38,10.4,450,0,38,10.3,400,0,38,10.3,0,0,17.5,38,10.3,0,0,9.42,37,10.4,0,0,10.96,35,10.4,0,0,13.46,36,10.5,0,0,9.61,36,10.6,150,0,12.5,28,120,,
2025-03-28,1900-01-27 20:00:00,2025-03-28 20:00:00,40,37,10.8,500,0,38,10.4,400,0,37,10.4,0,0,18.7,38,10.4,0,0,12.5,39,10.3,0,0,12.5,37,10.3,0,0,16.2,37,10.5,0,0,12.5,36,10.5,220,0,12.5,30,130,,
2025-03-28,1900-01-27 22:00:00,2025-03-28 22:00:00,42,38,10.5,550,0,39,10.3,400,0,38,10.4,0,0,18.7,38,10.4,0,0,13.7,39,10.3,0,0,12.5,38,10.4,0,0,16.2,38,10.5,0,0,12.5,37,10.5,150,0,12.5,29,120,,
2025-03-28,1900-01-28 00:00:00,2025-03-29 00:00:00,43,38,10.6,450,0,39,10.7,450,0,39,10.4,0,0,19.2,40,10.4,0,0,13.7,38,10.3,0,0,12.5,38,10.3,0,0,15,38,10.5,0,0,12.5,36,10.2,150,0,15,29,110,,
2025-03-28,1900-01-28 02:00:00,2025-03-29 02:00:00,43,39,10.5,450,0,39,10.5,450,0,39,10.4,0,0,20,40,10.4,0,0,12.5,38,10.3,0,0,12.5,38,10.5,0,0,15,38,10.4,0,0,12.5,36,10.3,150,0,13.7,29,110,,
2025-03-28,1900-01-28 04:00:00,2025-03-29 04:00:00,43,41,10.1,400,0,41,10.2,500,0,40,10.4,0,0,19,41,10.4,0,0,12.5,40,10.2,0,0,12.5,38,10.2,0,0,15,37,10.3,0,0,12.5,37,10.3,140,0,15,29,110,,
2025-03-29,1900-01-28 06:00:00,2025-03-29 06:00:00,39,40,11.5,450,0,39,10.4,450,0,39,10.4,0,0,19.2,40,10.4,0,0,13.7,40,10.3,0,0,12.5,38,10.4,0,0,16.2,37,10.4,0,0,12.5,37,10.3,140,0,13.7,29,110,,
2025-03-29,1900-01-28 08:00:00,2025-03-29 08:00:00,36,39,11,400,0,39,10.7,450,0,34,10.6,0,0,8.75,37,10.3,0,0,12,36,10.1,0,0,10,36,10,0,0,15,36,10,0,0,12.5,36,10.1,120,0,14.5,28,90,,
2025-03-29,1900-01-28 10:00:00,2025-03-29 10:00:00,42,40,10.9,500,0,30,10.8,750,0,37,10.4,0,0,0,38,10.4,0,0,12.2,37,10.2,0,0,10.5,36,10.1,0,0,15,36,10.1,0,0,12.5,37,10.2,140,0,13.75,30,110,,
2025-03-29,1900-01-28 12:00:00,2025-03-29 12:00:00,37,39,10.9,450,0,39,10.8,700,0,38,10.5,0,0,0,38,10.4,0,0,12.2,37,10.2,0,0,9.75,37,10.3,0,0,14.5,36,10.3,0,0,13,37,10.4,130,0,14.5,29,100,,
2025-03-29,1900-01-28 14:00:00,2025-03-29 14:00:00,36,37,11.1,400,0,39,10.9,650,0,39,10.6,0,0,11.5,37,10.5,0,0,10.25,38,10.3,0,0,10,35,10.6,0,0,14.75,35,10.7,0,0,14.5,37,10.8,140,0,15,30,100,,
2025-03-29,1900-01-28 16:00:00,2025-03-29 16:00:00,0,36,10.9,400,0,37,11,600,0,38,10.7,0,0,10.5,37,10.6,0,0,9.75,37,10.4,0,0,9.5,36,10.5,0,0,14.5,36,10.5,0,0,12.5,37,10.6,140,0,14.5,28,120,,
2025-03-29,1900-01-28 18:00:00,2025-03-29 18:00:00,35,37,11.5,450,0,39,11.2,500,0,39,10.8,0,0,9.5,39,10.7,0,0,7.5,38,10.6,0,0,6.75,37,10.4,0,0,15,37,10.2,0,0,12.5,36,10.2,140,0,14.25,29,120,,
2025-03-29,1900-01-28 20:00:00,2025-03-29 20:00:00,36,38,11,300,0,37,10.9,500,0,37,10.8,0,0,13.5,40,10.8,0,0,8.7,37,10.7,0,0,7.5,36,10.5,0,0,15.5,37,10.4,0,0,12.5,36,10.4,150,0,15,26,150,,
2025-03-29,1900-01-28 22:00:00,2025-03-29 22:00:00,40,37,11.1,500,0,34,10.7,450,0,37,10.7,0,0,16.25,39,10.7,0,0,8.75,38,10.6,0,0,9,37,10.6,0,0,15,37,10.5,0,0,13,36,10.4,180,0,15.5,27,160,,
2025-03-29,1900-01-29 00:00:00,2025-03-30 00:00:00,39,38,10.3,400,0,38,10.6,450,0,37,11.1,0,0,18,36,11.1,0,0,8.75,38,10.8,0,0,13,37,10.7,0,0,7.5,38,10.6,0,0,12.5,37,10.2,180,0,14.5,27,150,,
2025-03-29,1900-01-29 02:00:00,2025-03-30 02:00:00,41,38,9.9,400,0,39,10.8,450,0,38,10.9,0,0,17.5,36,10.9,0,0,12.5,39,10.8,0,0,12.5,38,10.8,0,0,9.5,37,10.6,0,0,12.5,38,10.2,220,0,15,26,190,,
2025-03-29,1900-01-29 04:00:00,2025-03-30 04:00:00,43,38,10.1,400,0,35,10.8,450,0,38,10.9,0,0,17.5,37,10.9,0,0,12.5,36,10.7,0,0,12.5,35,10.8,0,0,12.5,37,10.8,0,0,6.25,35,10.6,230,0,15,30,200,,
2025-03-30,1900-01-29 06:00:00,2025-03-30 06:00:00,41,39,10.3,400,0,37,10.6,450,0,38,10.8,0,0,17.5,36,10.8,0,0,12.5,37,10.8,0,0,12.5,38,10.8,0,0,12.5,38,10.7,0,0,6.25,36,10.5,220,0,14.5,29,170,,
2025-03-30,1900-01-29 08:00:00,2025-03-30 08:00:00,42,41,9.7,200, ,39,10.3,350, ,37,10.6,0,0,18.75,37,10.8,0,0,11.25,38,10.8,0,0,12.5,36,10.8,0,0,12.5,35,10.8,0,0,6.25,36,10.7,250,0,15,30,200,,
2025-03-30,1900-01-29 10:00:00,2025-03-30 10:00:00,41,40,11.2,300, ,36,10.6,400, ,37,10.5,0,0,18.25,37,10.7,0,0,10.75,37,10.8,0,0,11.75,36,10.8,0,0,12.5,36,10.5,0,0,6.25,35,10.3,230,0,14.5,30,210,,
2025-03-30,1900-01-29 12:00:00,2025-03-30 12:00:00,41,40,11.2,400, ,40,10.7,350, ,38,10.5,0,0,17.5,38,10.7,0,0,10,39,10.8,0,0,11.25,37,10.9,0,0,12.5,37,10.9,0,0,6.25,36,10.8,220,0,20,30,160,,
2025-03-30,1900-01-29 14:00:00,2025-03-30 14:00:00,41,40,10.8,350, ,38,10.6,350, ,38,10.5,0,0,16.25,37,10.6,0,0,10.75,38,10.7,0,0,11.25,35,10.7,0,0,12,38,10.7,0,0,6.25,36,10.8,200,0,22.5,29,170,,
2025-03-30,1900-01-29 16:00:00,2025-03-30 16:00:00,37,39,10.5,350, ,38,10.7,350, ,39,10.6,0,0,15,38,10.6,0,0,11.25,36,10.6,0,0,11.25,35,10.7,0,0,12.5,35,10.5,0,0,6.25,36,10.7,200,0,25,30,130,,
2025-03-30,1900-01-29 18:00:00,2025-03-30 18:00:00,37,39,10.3,350, ,34,10.7,350, ,39,10.6,0,0,17.5,38,10.6,0,0,11.25,37,10.6,0,0,12,3.5,10.5,0,0,15,35,10.5,0,0,15,35,10.5,200,0,16.25,30,140,,
2025-03-30,1900-01-29 20:00:00,2025-03-30 20:00:00,39,38,10.2,350,0,39,10.5,400,0,39,10.6,0,0,17.5,36,10.5,0,0,12.5,37,10.5,0,0,12.5,35,10.6,0,0,12.5,35,10.6,0,0,15,37,10.6,190,0,16.25,29,150,,
2025-03-30,1900-01-29 22:00:00,2025-03-30 22:00:00,42,38,10,350,0,38,10.5,400,0,38,10.6,0,0,18,36,10.5,0,0,12,37,10.5,0,0,11.5,36,10.6,0,0,12.5,35,10.6,0,0,14.2,36,10.6,180,0,15.5,30,150,,
2025-03-30,1900-01-30 00:00:00,2025-03-31 00:00:00,41,40,9.8,350,0,38,10.3,350,0,38,10.4,0,0,18.75,38,10.5,0,0,12.5,36,10.5,0,0,12.5,37,10.6,0,0,12.5,36,10.6,0,0,13.75,38,10.6,170,0,16.25,30,140,,
2025-03-30,1900-01-30 02:00:00,2025-03-31 02:00:00,38,38,9.6,350,0,37,10.1,350,0,37,10.3,0,0,18,38,10.6,0,0,12.5,37,10.6,0,0,12.5,37,10.6,0,0,12.5,35,10.6,0,0,14.2,37,10.6,180,0,16.25,30,150,,
2025-03-30,1900-01-30 04:00:00,2025-03-31 04:00:00,37,37,11.1,400,0,37,10.2,350,0,38,10.1,0,0,18.7,39,10.5,0,0,11.2,38,10.6,0,0,12.5,38,10.7,0,0,11.2,36,10.6,0,0,15,37,10.7,170,0,15.7,30,140,,
2025-03-31,1900-01-30 06:00:00,2025-03-31 06:00:00,0,37,10.9,400,0,37,10.3,350,0,38,10.1,0,0,18,39,10.5,0,0,10.8,38,10.6,0,0,12.5,38,10.7,0,0,11.2,36,10.6,0,0,14.42,37,10.6,160,0,15.7,0,0,,
2025-03-31,1900-01-30 08:00:00,2025-03-31 08:00:00,0,37,10.5,400,0,37,10.2,350,0,38,10.1,0,0,18.7,39,10.5,0,0,11.2,38,10.6,0,0,12.5,38,10.7,0,0,12.7,36,10.6,0,0,15,37,10.6,170,0,15,0,0,,
2025-03-31,1900-01-30 10:00:00,2025-03-31 10:00:00,0,38,10.5,350,0,38,10.1,300,0,37,10.1,0,0,18.5,39,10.3,0,0,11.25,39,10.4,0,0,12,37,10.3,0,0,12.5,37,10.4,0,0,14.2,37,10.5,150,0,16,0,0,,
2025-03-31,1900-01-30 12:00:00,2025-03-31 12:00:00,0,38,10.4,350,0,38,10.1,300,0,38,9.9,0,0,18.25,39,10.3,0,0,11.5,39,10.4,0,0,12.15,37,10.3,0,0,11.25,37,10.5,0,0,13.75,37,10.4,140,0,16.5,0,0,,
2025-03-31,1900-01-30 14:00:00,2025-03-31 14:00:00,0,38,10.4,350,0,39,10.1,300,0,38,9.9,0,0,18.75,38,10.2,0,0,11.75,38,10.3,0,0,12.25,37,10.3,0,0,11.25,38,10.4,0,0,13.75,37,10.4,130,0,15,0,0,,
2025-03-31,1900-01-30 16:00:00,2025-03-31 16:00:00,0,38,10.4,350,0,39,10.1,300,0,38,9.9,0,0,18.75,38,10.2,0,0,11.25,39,10.3,0,0,12.15,36,10.3,0,0,11.25,39,10.4,0,0,13.75,37,10.4,130,0,16.25,0,0,,
2025-03-31,1900-01-30 18:00:00,2025-03-31 18:00:00,0,38,10.4,350,0,39,10,300,0,38,9.9,0,0,18.5,38,10.2,0,0,11.25,38,10.3,0,0,12.15,36,10.3,0,0,12.5,38,10.4,0,0,13.75,37,10.4,130,0,15.75,0,0,,
2025-03-31,1900-01-30 20:00:00,2025-03-31 20:00:00,0,38,10.5,350,0,39,10,300,0,38,9.9,0,0,18.5,38,10.2,0,0,11.25,38,10.3,0,0,12.15,36,10.3,0,0,12.5,38,10.4,0,0,13.75,37,10.4,130,0,15.75,0,0,,
2025-03-31,1900-01-30 22:00:00,2025-03-31 22:00:00,0,0,0,0,0,0,0,0,0,0,0,0,0,0,0,0,0,0,0,0,0,0,0,0,0,0,0,0,0,0,0,0,0,0,0,0,0,0,0,0,0,,
2025-03-31,1900-01-31 00:00:00,2025-04-01 00:00:00,0,40,10.1,300,0,39,9.3,250,0,39,10.1,0,0,18.4,40,10.4,0,0,11.23,41,10.3,0,0,12.2,40,10.4,0,0,11.73,39,10.4,0,0,15.45,39,10.3,120,0,15.8,0,0,,
2025-03-31,1900-01-31 02:00:00,2025-04-01 02:00:00,0,41,10,300,0,40,9.2,250,0,38,10,0,0,18.75,39,10.3,0,0,10.75,42,10.2,0,0,11.5,39,10.4,0,0,11.25,38,10.4,0,0,15.25,39,10.3,110,0,15,0,0,,
2025-03-31,1900-01-31 04:00:00,2025-04-01 04:00:00,0,0,0,0,0,0,0,0,0,0,0,0,0,0,0,0,0,0,0,0,0,0,0,0,0,0,0,0,0,0,0,0,0,0,0,0,0,0,0,0,0,,
2025-04-01,06:00:00,2025-04-01 06:00:00,0,41,10,300,0,39,9.2,250,0,38,9.9,0,0,18.3,38,10.3,0,0,10.5,40,10.2,0,0,11.5,37,10.3,0,0,10.7,37,10.4,0,0,15,38,10.3,110,0,15.8,0,0,91.29,326.04
2025-04-01,08:00:00,2025-04-01 08:00:00,37,40,10.1,250,0,39,9.7,200,0,38,9.9,0,0,18.8,38,10.1,0,0,12.5,38,10.2,0,0,11.3,31,10.4,0,0,12.5,36,10.3,0,0,16.3,37,10.4,80,0,15,0,0,91.3,322.15
2025-04-01,10:00:00,2025-04-01 10:00:00,37,39,10.5,500,0,39,10.2,550,0,38,10.3,0,0,18.1,37,10.2,0,0,11.3,38,10.3,0,0,12,34,10.5,0,0,11.5,37,10.4,0,0,16.3,38,10.7,100,0,14.5,37,70,91.32,323.77
2025-04-01,12:00:00,2025-04-01 12:00:00,31,37,11.3,500,0,39,10.2,500,0,38,10.3,0,0,18.8,38,10.1,0,0,11.3,37,10.2,0,0,12.5,33,10.1,0,0,11.3,36,10.2,0,0,16.3,36,10.4,80,0,14.5,28,60,91.16,319.81
2025-04-01,14:00:00,2025-04-01 14:00:00,38,39,10.5,350,0,37,10.5,450,0,38,10.4,0,0,18,38,10.2,0,0,11,37,10.3,0,0,13,34,10.1,0,0,12,37,10.2,0,0,15.5,37,10.4,110,0,15,29,80,91.02,322.85
2025-04-01,16:00:00,2025-04-01 16:00:00,38,37,9.7,300,7.1,37,10.2,400,7.5,37,10.3,0,6.9,18,37,10.3,0,6.9,11.3,37,10.1,0,5.1,12.5,38,10.1,0,7.2,12.3,37,10.2,0,9.1,16.3,34,10.2,80,9.3,14.8,27,70,90.78,324.26
2025-04-01,18:00:00,2025-04-01 18:00:00,39,38,10.3,350,7.3,37,10.4,450,7.2,38,10.4,0,6.7,18.8,38,10.5,0,6.5,12.5,36,10.3,0,5.9,12.5,37,10.3,0,6.9,11.5,36,10.2,0,8.5,16.3,36,10.2,80,9.1,15,28,70,91.35,322.64
2025-04-01,20:00:00,2025-04-01 20:00:00,38,39,11.4,350,7.7,39,10.9,400,7.8,38,10.5,0,8.5,18.8,37,10.3,0,8.2,11.3,38,10.3,0,7.5,12.5,37,10.2,0,6.5,12.5,37,10.1,0,6.3,16.3,37,10.1,120,8.3,15,30,90,91.24,330.56
2025-04-01,22:00:00,2025-04-01 22:00:00,39,37,11.4,300,7.1,38,11,450,7.3,38,10.6,0,8.7,18,37,10.3,0,7.9,12.2,37,10.3,0,7.5,11.3,37,10.2,0,6.9,11.3,36,10.1,0,6.3,16.8,36,10.1,110,9.1,15.7,27,80,94.93,230.72
2025-04-01,1900-01-01 00:00:00,2025-04-02 00:00:00,37,36,10.8,350,6.9,38,11.1,400,6.7,38,11,0,7.5,18.7,36,10.6,0,8.1,12.5,36,10.5,0,7.7,11.3,35,10.2,0,6.3,12.5,36,10.2,0,6.7,16.3,37,10.2,110,8.5,16.3,29,90,94.79,217.49
2025-04-01,1900-01-01 02:00:00,2025-04-02 02:00:00,38,38,11.1,350,6.5,38,11.2,350,7.2,38,11.1,0,7.5,18.7,37,10.7,0,7.7,12.5,37,10.6,0,7.1,12.5,36,10.3,0,6.7,12.5,37,10.2,0,6.5,16.8,38,10.1,120,8.5,16.3,30,90,94.95,215.13
2025-04-01,1900-01-01 04:00:00,2025-04-02 04:00:00,37,38,10.7,350,7.1,37,10.7,400,5.9,38,10.9,0,7.5,18.7,38,10.8,0,7.7,12.5,38,10.6,0,7.7,12.5,38,10.5,0,6.5,12.5,37,10.3,0,6.5,16.3,36,10.2,130,8.7,15.7,31,100,94.99,221.51
2025-04-02,1900-01-01 06:00:00,2025-04-02 06:00:00,37.42,38,10.7,350,6.8,37,10.9,400,6.7,37,10.9,0,7.1,18.7,38,10.9,0,6.5,12.5,37,10.7,0,6.8,12.5,38,10.6,0,7.1,11.3,37,10.3,0,5.6,16.3,37,10.3,170,9.1,16.3,30,100,95,226.2
2025-04-02,1900-01-01 08:00:00,2025-04-02 08:00:00,38,38,10.5,300,6.2,37,10.5,300,6.4,36,11,0,6.1,19,36,11.1,0,6.3,11.3,36,10.7,0,6.3,11.3,34,10.5,0,6.3,11.3,37,10.5,0,6.6,15,37,10.3,180,6.3,15,28,80,95.08,222.27
2025-04-02,1900-01-01 10:00:00,2025-04-02 10:00:00,37,37,10.1,300,6.4,38,10.7,300,6.6,37,10.9,0,5.8,18.8,37,11,0,6.4,11,37,10.7,0,6.1,11.3,35,10.5,0,6,11.5,36,10.5,0,6.2,16.3,37,10.4,130,6.5,15,27,110,95.08,210.54
2025-04-02,1900-01-01 12:00:00,2025-04-02 12:00:00,38,38,10.3,350,6.5,38,10.5,300,6.5,37,10.7,0,6,18.8,37,10.8,0,6.7,11.3,36,10.9,0,5.9,12.5,35,10.6,0,5.7,12.5,36,10.6,0,5.8,16.3,36,10.5,130,6.2,14.8,29,100,95.2,216.56
2025-04-02,1900-01-01 14:00:00,2025-04-02 14:00:00,38,40,11.3,400,6.9,36,11,350,7.2,37,10.8,0,6.8,17.5,37,10.9,0,6.4,11.3,36,10.8,0,6.1,12.5,36,10.6,0,6,11.5,36,10.6,0,6.5,15,36,10.4,170,6.1,15,27,110,95.21,221.22
2025-04-02,1900-01-01 16:00:00,2025-04-02 16:00:00,40,37,10.8,350,7.8,38,10.9,300,7.2,37,10.8,0,7.1,17.5,36,10.7,0,6.6,11.3,35,10.7,0,6.6,11.3,35,10.7,0,6.4,12.5,36,10.6,0,6.9,15,37,10.4,140,7.4,13.8,32,100,95.18,224.79
2025-04-02,1900-01-01 18:00:00,2025-04-02 18:00:00,38,38,10.7,350,7.5,38,10.8,350,7.3,38,10.8,0,6.8,18.8,37,10.7,0,6.7,11.3,36,10.7,0,7.4,12.5,36,10.7,0,6.2,12.5,37,10.5,0,6.9,16.3,37,10.4,140,6.9,13.8,28,110,95.05,231.4
2025-04-02,1900-01-01 20:00:00,2025-04-02 20:00:00,37,38,9.6,300,7.3,38,10.7,300,7.2,38,10.6,0,6.7,17.3,36,10.8,0,7.1,11.3,36,10.8,0,7.2,12.5,35,10.6,0,6.3,12.5,35,10.7,0,7.1,15,35,10.6,140,7.3,15,31,110,95.02,234.33
2025-04-02,1900-01-01 22:00:00,2025-04-02 22:00:00,39,39,11,400,7.8,37,10.7,350,7.2,34,10.7,0,6.9,11,36,10.8,0,6.6,12.5,36,10.8,0,7.2,12.5,36,10.7,0,6.4,12.5,36,10.7,0,6.9,15,36,10.6,150,7.4,15.8,30,100,95,237.28
2025-04-02,1900-01-02 00:00:00,2025-04-03 00:00:00,39,39,10.7,400,7.7,38,10.6,350,7.3,34,10.6,0,6.8,6.3,37,10.7,0,6.3,11,36,10.8,0,7.1,11.8,35,10.8,0,6.5,12.3,36,10.8,0,7.1,16.3,36,10.7,150,7.4,15.8,29,110,95.02,237.69
2025-04-02,1900-01-02 02:00:00,2025-04-03 02:00:00,40,38,10.4,400,7.9,37,10.6,350,7.1,35,10.5,0,6.7,1.3,37,10.7,0,7,11,36,10.8,0,7.1,12.5,34,10.8,0,6.7,12.5,36,10.8,0,7.2,16,36,10.7,150,7.5,15.8,30,110,94.99,235.29
2025-04-02,1900-01-02 04:00:00,2025-04-03 04:00:00,39,38,10.5,400,7.3,38,10.6,350,7.2,36,10.5,0,6.7,1.3,37,10.7,0,7.1,12.5,37,10.8,0,7.2,12.5,35,10.8,0,6.3,12.3,36,10.8,0,7.1,16.3,36,10.8,140,7.3,15.8,29,100,94.96,234.29
2025-04-03,1900-01-02 06:00:00,2025-04-03 06:00:00,38,38,10.5,400,7.6,36,10.4,350,7.3,37,10.6,0,7,7.5,35,10.6,0,6.9,8.8,36,10.7,0,6.9,11.8,36,10.8,0,7.1,12.5,35,10.8,0,7.2,16,37,10.7,150,6.9,16,31,100,95.07,231.77
2025-04-03,1900-01-02 08:00:00,2025-04-03 08:00:00,41,39,11.1,350,7.3,39,10.3,400,7.5,38,10.3,0,7.2,7.5,38,10.5,0,7.1,10,38,10.5,0,6.8,11.3,37,10.4,0,6.5,12.5,37,10.4,0,7.5,16.3,36,10.3,110,7.4,15,28,90,95.05,233.69
2025-04-03,1900-01-02 10:00:00,2025-04-03 10:00:00,0,38,11,450,6.8,37,10.4,350,7.1,38,10.4,0,6.8,10,38,10.4,0,6.7,8.8,37,10.5,0,6.5,11.3,37,10.5,0,6.4,12.5,37,10.6,0,7.2,16.3,36,10.6,120,7.6,15,0,0,94.97,233.46
2025-04-03,1900-01-02 12:00:00,2025-04-03 12:00:00,0,39,10.9,450,7.1,38,10.3,350,7.3,37,10.4,0,6.8,10.8,38,10.4,0,6.5,8,38,10.6,0,6.7,11.8,37,10.4,0,6.2,12.5,37,10.6,0,7.1,16,34,10.5,120,7.8,15,0,0,95.17,233.65
2025-04-03,1900-01-02 14:00:00,2025-04-03 14:00:00,0,38,10.9,450,7.5,36,10.4,350,7.4,37,10.3,0,6.8,11.3,38,10.4,0,6.1,6.3,38,10.5,0,6.8,11.3,37,10.4,0,6.3,12.5,37,10.4,0,7.3,16.3,36,10.6,110,7.6,15,0,0,95.06,237.09
2025-04-03,1900-01-02 16:00:00,2025-04-03 16:00:00,0,39,11.8,400,5.5,37,10.4,350,7.5,37,10.4,0,6.2,13,37,10.5,0,6,7.5,37,10.5,0,6,8,35,10.4,0,6.1,13.3,35,10.5,0,7.9,16.3,34,10.5,130,6.8,16,0,0,94.82,238.67
2025-04-03,1900-01-02 18:00:00,2025-04-03 18:00:00,0,39,11.2,400,6.1,37,10.4,350,7.2,37,10.4,0,5.8,13,37,10.5,0,5.9,8,37,10.5,0,6.2,8,35,10.4,0,6.1,13.3,35,10.5,0,7.1,16.4,34,10.5,130,6.9,16,0,0,95.01,232.78
2025-04-03,1900-01-02 20:00:00,2025-04-03 20:00:00,0,38,10.9,400,0,39,10.8,350,0,35,10.4,0,0,14.5,35,10.5,0,0,10,35,10.4,0,0,6.3,33,10.5,0,0,12.5,33,10.4,0,0,17.5,34,10.4,120,0,15,0,0,95.04,239.08
2025-04-03,1900-01-02 22:00:00,2025-04-03 22:00:00,0,39,10.9,400,0,39,10.8,350,0,36,10.4,0,0,14.5,35,10.5,0,0,10,36,10.4,0,0,6.3,34,10.5,0,0,12.5,33,10.4,0,0,15.2,34,10.4,120,0,15,0,0,94.89,238.23
2025-04-03,1900-01-03 00:00:00,2025-04-04 00:00:00,32,39,10.9,400,0,38,10.7,350,0,36,10.4,0,0,14.5,35,10.4,0,0,10,35,10.4,0,0,6.3,33,10.5,0,0,12.5,33,10.4,0,0,15.5,34,10.4,120,0,15.2,0,0,95.02,234.76
2025-04-03,1900-01-03 02:00:00,2025-04-04 02:00:00,40,37,11.3,450,0,37,10.6,350,0,37,10.3,0,0,16.3,36,10.3,0,0,10,35,10.4,0,0,6.3,33,10.5,0,0,12.5,33,10.6,0,0,15.5,34,10.5,120,0,15,29,80,95.07,237.2
2025-04-03,1900-01-03 04:00:00,2025-04-04 04:00:00,41,38,11,400,0,38,10.6,350,0,37,10.3,0,0,16.3,37,10.3,0,0,10,36,10.4,0,0,6.3,35,10.5,0,0,12.5,35,10.6,0,0,15.2,35,10.6,110,0,15,30,80,94.95,233.33
2025-04-04,1900-01-03 06:00:00,2025-04-04 06:00:00,43,40,11.1,450,0,38,10.5,350,0,39,10.7,0,0,16.3,38,10.6,0,0,10,36,10.4,0,0,6.3,34,10.5,0,0,12.5,34,10.5,0,0,15.2,36,10.5,110,0,15.2,31,80,95.0032501220703,228.12403411865236
2025-04-04,1900-01-03 08:00:00,2025-04-04 08:00:00,43,40,10.3,400,6.2,32,10.8,350,6.2,38,10.6,0,7.2,13.75,36,10.4,0,7.4,7.5,37,10.5,0,7.6,6.25,35,9.5,0,6.9,13,36,10.1,0,7.2,16.75,35,10.4,110,7.4,15,28,100,95.0398712158203,228.9275904337565
2025-04-04,1900-01-03 10:00:00,2025-04-04 10:00:00,43,41,10.1,350,6.3,40,10.5,350,6.5,39,10.7,0,7,18.75,38,10.5,0,7.1,8.75,38,10.5,0,7.4,7.5,35,9.5,0,6.8,8.75,36,10.1,0,7,16.75,35,10.4,110,7.5,15,26,100,95.01953125,229.18450953165691
2025-04-04,1900-01-03 12:00:00,2025-04-04 12:00:00,41,41,10.4,400,6.1,39,10.4,350,6.7,40,10.6,0,7.1,18.5,39,10.5,0,7.3,8.5,37,10.5,0,7.7,7.5,37,9.7,0,6.3,10,35,10,0,7.1,13.5,34,10.3,120,7.7,16.25,26,100,95.1456680297852,226.18875370025637
2025-04-04,1900-01-03 14:00:00,2025-04-04 14:00:00,34,39,9.9,300,6.2,40,10.4,300,6.5,39,10.5,0,7.3,16.25,39,10.5,0,7.1,7.5,38,10.4,0,7.1,10,37,9.9,0,6.3,10,36,10.1,0,7.3,13.5,36,10.4,120,7.3,16.25,30,100,95.2392578125,230.12213090260826
2025-04-04,1900-01-03 16:00:00,2025-04-04 16:00:00,38,41,10.6,450,6.3,40,10.4,350,6.8,40,10.5,0,6.7,17.5,39,10.6,0,6.9,16.25,38,10.7,0,6.9,7.5,36,10.5,0,9.5,7.5,37,10.5,0,6.3,11.25,33,10.5,120,6.8,16.4,31,110,95.12939453125,231.3406625747681
2025-04-04,1900-01-03 18:00:00,2025-04-04 18:00:00,39,39,10.7,450,6.5,38,10.5,400,6.6,38,10.6,0,6.3,17.5,38,10.6,0,6.3,6.25,37,10.7,0,6.5,10,36,10.5,0,7.5,6.25,36,10.5,0,6.2,15,35,10.5,130,6.4,22.5,30,110,95.1456680297852,230.0096457163493
2025-04-04,1900-01-03 20:00:00,2025-04-04 20:00:00,38,37,10.5,350,8.5,39,10.6,350,9.9,39,10.4,0,8.7,17.5,38,10.5,0,8.2,16.25,37,10.5,0,7.8,11.25,38,10.5,0,7.2,5,36,10.5,0,12,13.75,37,10.4,130,10.2,20,29,80,95.0642852783203,236.21527716318766
2025-04-04,1900-01-03 22:00:00,2025-04-04 22:00:00,40,38,10.5,350,8.4,39,10.5,350,9.8,40,10.4,0,8.8,17,38,10.5,0,8.4,16.5,37,10.5,0,7.7,11.25,37,10.5,0,7,8.75,37,10.5,0,11.8,10.75,36,10.5,110,10,17,29,70,95.00732421875,238.24447784423828
2025-04-04,1900-01-04 00:00:00,2025-04-05 00:00:00,39,38,10.7,400,8.8,38,10.5,400,9.7,39,10.5,0,8.8,17.5,39,10.5,0,8.2,18.75,38,10.5,0,7.5,11.25,37,10.5,0,7.3,8.75,37,10.5,0,12,10.75,36,10.5,120,9.8,16.25,30,80,95.00732421875,230.7289249420166
2025-04-04,1900-01-04 02:00:00,2025-04-05 02:00:00,40,39,10.5,350,8.9,39,10.5,350,8.8,39,10.5,0,7.7,17.5,37,10.5,0,7.8,16.25,38,10.5,0,7.9,11.25,37,10.6,0,7,8.75,36,10.5,0,11.2,10,36,10.6,140,9.2,18.75,31,100,95.0642852783203,232.9498203913371
2025-04-04,1900-01-04 04:00:00,2025-04-05 04:00:00,39,37,10.4,350,8.7,38,10.5,400,8.9,38,10.6,0,7.9,17.5,38,10.5,0,7.8,16.25,37,10.5,0,7.6,11.25,37,10.6,0,7.5,8.75,36,10.6,0,11.8,10.75,36,10.6,130,9.8,18,29,90,94.9625625610352,233.24375565846762
2025-04-05,1900-01-04 06:00:00,2025-04-05 06:00:00,0,40,10.4,400,8.8,39,10.8,400,9.4,38,10.6,0,7.6,17.25,38,10.4,0,7.9,16,37,10.5,0,7.5,11.75,35,10.5,0,7.6,9.25,35,10.4,0,11.1,10.75,36,10.5,140,9.7,18.75,30,100,95.0276641845703,229.45794671376547
2025-04-05,1900-01-04 08:00:00,2025-04-05 08:00:00,44,39,10.2,200,6.5,39,10.3,300,8.7,39,10.4,0,7.2,18.75,39,10.4,0,7.2,16.25,39,10.4,0,6.5,11.25,38,10.5,0,6.3,8.75,39,10.5,0,7.2,11.25,39,10.5,120,8.5,20,31,50,95.1619415283203,231.55333563486735
2025-04-05,1900-01-04 10:00:00,2025-04-05 10:00:00,40,39,10.5,300,6.8,40,10.2,400,8.4,39,10.3,0,7,18,39,10.4,0,7.1,15,38,10.4,0,6.2,11.25,38,10.3,0,6.8,10,38,10.4,0,7,11.25,37,10.4,130,8.1,20,30,50,95.0764923095703,228.52490851084394
2025-04-05,1900-01-04 12:00:00,2025-04-05 12:00:00,41,39,10.4,250,6.2,40,10.5,350,8.1,39,10.2,0,6.9,18.7,37,10.3,0,7,15.7,37,10.3,0,6.4,12.5,38,10.3,0,6.5,9.25,38,10.2,0,6.9,11.25,38,10.3,120,8.7,18.7,31,90,95.1131134033203,229.11639111836752
2025-04-05,1900-01-04 14:00:00,2025-04-05 14:00:00,38,38,10.3,250,6.8,42,10.2,450,8,39,10.3,0,7.4,18,38,10.2,0,7.1,15,39,10.3,0,7,12.5,37,10.3,0,6.7,9.35,37,10.2,0,7.2,9.25,37,10.5,130,8.4,18.75,30,80,95.1416015625,235.28296248118085
2025-04-05,1900-01-04 16:00:00,2025-04-05 16:00:00,41,39,9.8,250,7.9,39,10.4,550,8.2,39,10.3,0,7.9,18.75,39,10.2,0,7.3,16.25,41,10.2,0,7.2,10,37,10.2,0,6.9,10,37,10.3,0,7.5,8.75,39,10.1,180,8,18.75,32,130,95.1171875,237.17833836873376
2025-04-05,1900-01-04 18:00:00,2025-04-05 18:00:00,43,40,11.2,300,7.2,41,10.4,550,7.9,39,10.3,0,7.4,18,39,10.3,0,7.1,15.7,41,10.2,0,6.8,11.25,37,10.2,0,6.4,10,37,10.3,0,7.4,9.25,38,10,160,8.5,18.75,30,120,95.1334609985352,235.94786961873376
2025-04-05,1900-01-04 20:00:00,2025-04-05 20:00:00,41,40,11.4,350,6.4,38,11,450,6.2,37,10.6,0,6,17.5,38,10.5,0,5.8,17.5,37,10.4,0,5.4,10.75,36,10.4,0,5.6,8.5,36,10.3,0,5.2,12,36,10.2,120,6.8,22,30,90,95.1619415283203,238.14634106953937
2025-04-05,1900-01-04 22:00:00,2025-04-05 22:00:00,41,39,11,400,6.6,37,11,450,6.4,38,10.7,0,6.2,17.5,37,10.6,0,6,17,37,10.4,0,5.4,11.25,36,10.3,0,6.1,8,37,10.3,0,5.3,12.5,37,10.4,110,6.7,22,29,80,94.7713165283203,238.3522620519002
2025-04-05,1900-01-05 00:00:00,2025-04-06 00:00:00,41,40,11.1,400,7.1,38,11.1,450,6.9,38,10.7,0,6.8,17,37,10.6,0,6.6,16.25,36,10.5,0,6.1,10..5,35,10.4,0,6.3,8.75,36,10.4,0,5.8,11.75,36,10.4,110,6.3,20.25,28,80,95.0032501220703,235.3223874409994
2025-04-05,1900-01-05 02:00:00,2025-04-06 02:00:00,40,40,10.7,350,7.2,39,10.8,400,6.3,37,10.6,0,6.1,17,38,10.5,0,6.3,17.5,37,10.6,0,6.2,10.75,36,10.4,0,5.8,8.5,37,10.3,0,5.7,12,37,10.3,110,6.9,22,30,90,95.0154571533203,234.31737047831217
2025-04-05,1900-01-05 04:00:00,2025-04-06 04:00:00,40,41,10.4,300,7.1,37,10.6,350,6.5,38,10.6,0,6.3,16.25,37,10.8,0,6.3,17,36,10.7,0,6.1,12,37,10.4,0,5.5,8.75,36,10.4,0,5.4,9.5,37,10.4,130,6.9,18.75,30,100,95.0520782470703,235.18554700215657
2025-04-06,1900-01-05 06:00:00,2025-04-06 06:00:00,42,40,10.9,350,7.8,39,10.8,350,7.2,39,10.7,0,6.5,17,38,10.7,0,6.7,16.25,38,10.6,0,7,11.25,36,10.5,0,5.7,8.5,36,10.5,0,6.1,10.5,36,10.5,120,6.8,19,29,100,95.03173828125,233.31765988667806
2025-04-06,1900-01-05 08:00:00,2025-04-06 08:00:00,43,40,10.8,350,5.1,39,10.8,350,4.9,40,10.8,0,5,18,39,10.8,0,5.2,17.5,38,10.7,0,5.3,10,36,10.5,0,5.6,8.75,38,10.4,0,5.1,11.25,38,10.4,130,5.3,20,31,140,95.0764923095703,220.347481229412
2025-04-06,1900-01-05 10:00:00,2025-04-06 10:00:00,42,40,10.6,400,5.8,40,10.7,400,5.8,38,10.8,0,6.4,11.5,40,10.8,0,6.6,17.5,39,10.8,0,6.8,10.25,37,10.6,0,6.2,8.5,38,10.6,0,7.7,11.75,35,10.5,180,6.7,20,30,140,95.00732421875,228.9822041052704
2025-04-06,1900-01-05 12:00:00,2025-04-06 12:00:00,44,42,10.2,450,6.4,40,10.6,400,6.2,39,10.5,0,6.7,10,41,10.8,0,6.2,17.5,40,10.8,0,6.9,10.25,37,10.7,0,6.6,8.5,39,10.7,0,7.2,11.5,37,10.6,160,6.8,19.5,20,120,94.6370391845703,261.41701596110306
2025-04-06,1900-01-05 14:00:00,2025-04-06 14:00:00,43,42,10.4,450,6.4,40,10.6,400,6,39,10.3,0,6.2,7.5,40,10.6,0,6.4,17,40,10.7,0,6.7,8.25,38,10.6,0,6.2,9.25,37,10.7,0,6.5,10.25,37,10.3,150,6.9,19,30,110,94.9300079345703,245.46855329945052
2025-04-06,1900-01-05 16:00:00,2025-04-06 16:00:00,43,43,10.6,450,6.6,41,10.5,400,5.8,40,10.2,0,6.8,8.75,39,10.5,0,6.7,13.75,40,10.6,0,6.5,11.25,39,10.5,0,6.4,9.25,36,10.5,0,6.7,10.5,38,10.5,130,7.2,19.5,30,110,95.42236328125,245.44210524416224
2025-04-06,1900-01-05 18:00:00,2025-04-06 18:00:00,42,43,10.5,400,5.6,40,10.4,400,6.5,40,10.4,0,6.5,12.5,40,10.5,0,6.3,18.25,40,10.6,0,6.7,11.25,38,10.5,0,6.6,8.75,37,10.5,0,6.5,10.75,37,10.5,140,7,19.25,30,120,94.5760040283203,250.6329568086813
2025-04-06,1900-01-05 20:00:00,2025-04-06 20:00:00,41,42,10.8,400,6.4,40,10.7,400,6.4,40,10.4,0,6.2,18,38,10.4,0,5.8,6.25,37,10.6,0,5.7,11.25,37,10.5,0,5.7,8.75,36,10.5,0,6.7,10.75,36,10.6,160,6.9,20,29,130,94.9625625610352,251.38744310233744
2025-04-06,1900-01-05 22:00:00,2025-04-06 22:00:00,40,41,10.5,350,6.5,41,10.7,450,7,39,10.5,0,6.1,18.25,37,10.6,0,5.9,8.75,38,10.5,0,5.7,8.5,36,10.5,0,5.5,8.75,36,10.5,0,6.5,11.25,37,10.4,150,6.7,20.5,28,120,95.0032501220703,249.43564320967226
2025-04-06,1900-01-06 00:00:00,2025-04-07 00:00:00,40,39,10.9,400,7.3,39,10.7,400,7.1,37,10.4,0,6,18,39,10.6,0,5.7,8.75,38,10.5,0,5.5,10,37,10.4,0,5.7,10.75,37,10.6,0,6.5,12.5,36,10.6,160,6.9,15,30,120,95.0398712158203,233.17792701721194
2025-04-06,1900-01-06 02:00:00,2025-04-07 02:00:00,42,40,10.6,400,6.9,40,10.5,350,7.3,38,10.3,0,6.1,18.75,37,10.5,0,5.7,8.5,38,10.4,0,5.7,10.25,36,10.5,0,5.6,10.5,37,10.6,0,6.9,13,36,10.5,160,6.9,15,30,130,95.0968399047852,230.55278313954673
2025-04-06,1900-01-06 04:00:00,2025-04-07 04:00:00,43,41,10.7,350,7,40,10.6,400,6.9,40,10.7,0,6.2,17,39,10.6,0,5.9,7.75,38,10.5,0,5.7,10.25,38,10.6,0,5.7,10.5,37,10.5,0,6.8,13,36,10.5,150,6.9,15,29,120,94.9951171875,235.42148952484135
2025-04-07,1900-01-06 06:00:00,2025-04-07 06:00:00,40,41,10.5,400,7.1,40,10.5,450,7,39,10.6,0,6.4,17,38,10.7,0,5.7,7.75,37,10.6,0,5.5,10,37,10.6,0,5.6,10.5,38,10.6,0,6.7,13,37,10.4,160,7,15,30,120,94.9666290283203,229.38946863810227
2025-04-07,1900-01-06 08:00:00,2025-04-07 08:00:00,38,40,10.5,300,6.1,40,10.4,400,6.2,41,10.4,0,6.7,17.5,42,10.5,0,6.4,8.75,41,10.5,0,6.3,10,39,10.7,0,6,10,39,10.4,0,6.9,12.5,39,10.5,180,7.4,15.5,32,140,95.1416015625,229.65277786254885
2025-04-07,1900-01-06 10:00:00,2025-04-07 10:00:00,40,40,10.2,300,6.1,40,10.4,300,6.3,41,10.4,0,6.5,17.25,41,10.4,0,6.7,8.75,42,10.5,0,6.2,10.25,40,10.4,0,6.5,10,39,10.4,0,7.2,12.75,38,10.3,160,7.1,15,31,130,95.12939453125,228.821374130249
2025-04-07,1900-01-06 12:00:00,2025-04-07 12:00:00,43,42,10,300,6.4,42,10.3,300,6.1,43,10.3,0,7.1,17,40,10.4,0,6.1,9,41,10.5,0,6.5,10,41,10.5,0,6.9,10.25,39,10.3,0,6.8,12.5,39,10.4,160,7,15.75,31,130,95.1253204345703,228.81365718841556
2025-04-07,1900-01-06 14:00:00,2025-04-07 14:00:00,41,41,10.4,300,6.3,42,10.4,300,6.6,42,10.3,0,6.9,17.75,41,10.4,0,6.5,12.5,41,10.6,0,5.9,7.5,40,10.5,0,6.8,7.5,38,10.3,0,7.4,12.25,39,10.3,150,7.1,15.5,31,120,95.2677383422852,228.070507367452
2025-04-07,1900-01-06 16:00:00,2025-04-07 16:00:00,44,41,10.4,300,6.5,41,10.3,300,6.5,41,10.1,0,6.7,17.75,41,10.3,0,6.3,13.75,42,10.2,0,6.5,8.75,40,10.5,0,6.5,7.5,40,10.3,0,6.2,11.25,37,10.6,140,6.6,30,32,110,95.17822265625,231.52548809051515
2025-04-07,1900-01-06 18:00:00,2025-04-07 18:00:00,42,41,10.6,350,6.7,41,10.4,300,6.4,41,10.2,0,6.9,17.75,41,10.3,0,6.7,13.25,42,10.3,0,6.4,8.75,40,10.3,0,6.5,10,39,10.3,0,6.6,12.5,38,10.5,140,6.8,25,32,110,95.0642852783203,230.61909287770592
2025-04-07,1900-01-06 20:00:00,2025-04-07 20:00:00,39,40,10,350,6.1,40,10.2,350,6.1,40,10.2,0,5.7,17.5,40,10.3,0,5.3,15,38,10.4,0,5.1,7.5,39,10.4,0,5.2,10,38,10.5,0,6.1,12.5,38,10.5,160,6.4,20.5,31,120,95.1416015625,234.28469734191899
2025-04-07,1900-01-06 22:00:00,2025-04-07 22:00:00,39,40,11,400,6.3,39,10.4,350,6.5,40,10.4,0,5.5,17,39,10.4,0,5.4,15,37,10.3,0,5.3,8.75,38,10.3,0,5.1,8.75,36,10.5,0,6.3,12.5,36,10.4,150,6.3,20.5,30,130,94.9991836547852,237.3593017578125
2025-04-07,1900-01-07 00:00:00,2025-04-08 00:00:00,41,38,11,400,6.5,38,10.3,350,6.7,40,10.3,0,5.7,17.5,40,10.3,0,5.2,14.75,38,10.4,0,5,12.5,39,10.4,0,5.4,8.75,38,10.3,0,6.5,10,37,10.3,140,6.7,20,30,120,95.0846328735352,235.7881207784017
2025-04-07,1900-01-07 02:00:00,2025-04-08 02:00:00,42,40,10.9,400,6.7,39,10.5,350,6.8,38,10.5,0,6.1,17.25,38,10.3,0,5.6,14.5,37,10.4,0,5.4,12.25,37,10.4,0,6,9.75,36,10.4,0,6.7,7.5,37,10.3,140,6.1,21.25,31,120,95.1009063720703,233.1231907526652
2025-04-07,1900-01-07 04:00:00,2025-04-08 04:00:00,41,38,10.5,350,6.5,39,10.5,350,6.4,38,10.5,0,6.2,17.5,38,10.4,0,5.4,15,37,10.4,0,5.3,12.5,38,10.3,0,6,10,38,10.3,0,6.5,11.25,38,10.4,130,6.7,17.5,30,100,95.0968399047852,233.69152634938558
2025-04-08,1900-01-07 06:00:00,2025-04-08 06:00:00,40,39,10.4,350,6.7,39,10.6,450,6.3,39,10.4,0,6,17,37,10.4,0,5.1,14.5,38,10.3,0,5.4,12.5,38,10.3,0,5.3,10,37,10.3,0,6.1,11.25,37,10.4,140,6.5,17.5,29,100,95.0113906860352,233.03361193339032
2025-04-08,1900-01-07 08:00:00,2025-04-08 08:00:00,41,42,9.8,250,6.4,40,10.3,300,6.7,40,10.3,0,6.1,17.5,39,10.4,0,6.4,15,40,10.3,0,5.9,12.5,37,10.2,0,6,8.75,39,10.2,0,5.9,12.5,39,10.2,100,6,17.5,31,80,95.1497344970703,231.98640047709148
2025-04-08,1900-01-07 10:00:00,2025-04-08 10:00:00,42,42,9.9,300,6.1,42,10.2,250,6.2,41,10.3,0,6.4,17,40,10.4,0,6.2,14.5,40,10.3,0,5.6,12.25,37,10.2,0,6.1,9.75,40,10.2,0,5.7,11.75,41,10.1,100,5.9,17,32,90,95.1456680297852,239.82192757924398
2025-04-08,1900-01-07 12:00:00,2025-04-08 12:00:00,47,41,10.7,350,6.7,40,10.3,250,6.9,42,10.4,0,6.3,17.25,41,10.4,0,6.6,13.75,40,10.3,0,6.2,12.5,38,10.3,0,5.8,8.75,41,10.2,0,6.2,12,41,10.3,100,6.3,17.75,33,80,94.9991836547852,249.5383629646773
2025-04-08,1900-01-07 14:00:00,2025-04-08 14:00:00,44,42,10.8,400,6.3,41,10.5,350,6.7,41,10.4,0,6.1,17.5,40,10.4,0,6.3,14.75,40,10.3,0,6.1,12.25,39,10.4,0,6.5,9.5,40,10.2,0,6.3,11.75,39,10.3,110,6.1,17.25,32,90,95.0886993408203,246.5381458906767
2025-04-08,1900-01-07 16:00:00,2025-04-08 16:00:00,38,42,10.9,650,6,42,10.7,700,6.4,39,10.4,0,6.1,17.75,40,10.3,0,6.4,14.25,41,10.3,0,6.3,12.5,39,10.3,0,6.3,10,40,10.2,0,6.3,11.25,39,10.3,130,6.1,18,32,100,95.1131134033203,248.346716246785
2025-04-08,1900-01-07 18:00:00,2025-04-08 18:00:00,41,42,10.9,600,6.3,41,10.8,650,6.4,40,10.5,0,6.3,17.75,40,10.3,0,6.2,15,40,10.3,0,6.6,12.5,39,10.3,0,6.3,9.5,40,10.3,0,6.7,11.75,39,10.3,130,6.1,17.25,31,90,94.9869766235352,249.80239727630592
2025-04-08,1900-01-07 20:00:00,2025-04-08 20:00:00,40,40,10.4,550,6.4,40,10.7,650,6.8,40,10.5,0,5,17.5,39,10.5,0,4.8,14.25,38,10.5,0,5.2,12.5,36,10.4,0,5.4,10,37,10.3,0,5.8,12.5,37,10.3,120,6.4,14.25,31,90,94.73876953125,252.05982297792409
2025-04-08,1900-01-07 22:00:00,2025-04-08 22:00:00,41,40,10.1,450,6.3,39,10.3,600,6.5,40,10.6,0,5.1,17,38,10.6,0,4.5,14.25,37,10.7,0,5.1,12.5,37,10.6,0,5.6,10,38,10.4,0,5.7,12.5,39,10.5,130,6.7,15,30,100,95.068359375,235.63585007985432
2025-04-08,1900-01-08 00:00:00,2025-04-09 00:00:00,41,38,10.3,450,6.1,43,10.2,550,6.3,40,10.5,0,5.4,17,39,10.5,0,5.1,14.25,37,10.5,0,5,12.5,36,10.6,0,5.1,10,37,10.3,0,5.4,12.5,36,10.3,130,6.7,15,31,100,95.1456680297852,233.57566452026367
2025-04-08,1900-01-08 02:00:00,2025-04-09 02:00:00,43,41,10.7,400,6.3,40,10.4,550,6.5,40,10.4,0,5.1,17.5,39,10.5,0,4.9,15,38,10.5,0,5.3,12.5,38,10.4,0,5.6,10.25,38,10.3,0,5.9,12.25,38,10.2,130,6.9,15.25,31,100,94.86083984375,235.50937932332357
2025-04-08,1900-01-08 04:00:00,2025-04-09 04:00:00,40,40,10.8,450,6.4,41,10.5,550,6.7,39,10.5,0,5.3,17.25,38,10.6,0,5.7,14.75,37,10.5,0,5.1,12.75,38,10.3,0,5.3,10,37,10.3,0,5.8,12.25,37,10.3,130,6.4,15,30,90,94.9910430908203,232.2369302113851
2025-04-09,1900-01-08 06:00:00,2025-04-09 06:00:00,42,41,10.9,500,6.7,40,10.6,550,6.5,39,10.5,0,5.8,17,39,10.5,0,5.8,15,38,10.5,0,6,12.75,37,10.4,0,5.5,10.25,36,10.3,0,6.1,12.5,37,10.3,120,6.8,15.25,29,90,95.0764923095703,236.4515808105469
2025-04-09,1900-01-08 08:00:00,2025-04-09 08:00:00,0,41,10.9,450,6.4,39,10.5,350,6.3,39,10.5,0,6.2,16.25,39,10.4,0,6.6,13,39,10.4,0,6.4,11.25,40,10.4,0,6.4,8.75,38,10.4,0,6.5,11.25,39,10.4,100,6.6,16.75,0,0,94.60041809,235.536869799889
2025-04-09,1900-01-08 10:00:00,2025-04-09 10:00:00,0,40,10.8,450,6.6,40,10.5,350,6.5,39,10.5,0,6.4,17,39,10.4,0,6.4,14,39,10.4,0,6.5,11.25,39,10.4,0,6.7,8.75,38,10.4,0,6.6,11.25,37,10.4,90,6.4,17,0,0,95.16194153000001,234.2034378952347
2025-04-09,1900-01-08 12:00:00,2025-04-09 12:00:00,0,40,10.8,450,6.5,40,10.5,350,6.4,39,10.5,0,6.3,17.5,39,10.4,0,6.5,13.75,39,10.4,0,6.3,11.75,39,10.4,0,6.6.,8.75,37,10.4,0,6.3,11.75,37,10.5,100,6.7,16.25,0,0,95.09277344,224.63011264801025
2025-04-09,1900-01-08 14:00:00,2025-04-09 14:00:00,0,40,10.8,450,6.5,40,10.5,350,6.3,38,10.5,0,6.2,17.5,38,10.4,0,6.6,13.75,38,10.4,0,6.3,11.25,38,10.4,0,6.4,8.25,37,10.4,0,6.5,11.75,37,10.4,100,6.6,16.25,0,0,95.03173828,227.1034678777059
2025-04-09,1900-01-08 16:00:00,2025-04-09 16:00:00,0,40,10.8,450,6.5,40,10.5,350,6.5,39,10.5,0,6.4,17.5,38,10.4,0,6.4,13.75,38,10.4,0,6.5,11.25,38,10.4,0,6.7,8.75,37,10.4,0,6.3,11.25,37,10.4,100,6.7,16.75,0,0,95.16194153000001,224.09119408925378
2025-04-09,1900-01-08 18:00:00,2025-04-09 18:00:00,0,40,10.8,450,6.7,39,10.5,350,6.4,39,10.5,0,6.3,17.5,38,10.4,0,6.5,13.75,37,10.4,0,6.4,11.75,37,10.4,0,6.6,8.25,37,10.4,0,6.6,11.75,37,10.4,100,6.4,16.25,0,0,95.08463287,229.9521364847819
2025-04-09,1900-01-08 20:00:00,2025-04-09 20:00:00,0,41,10.5,400,6.4,40,10.4,450,6.1,40,10.4,0,5.8,16.25,39,10.4,0,6,13,39,10.4,0,6.4,11.25,39,10.4,0,5.2,9.75,38,10.4,0,5.6,12.75,38,10.3,120,6.7,18.75,0,0,94.97476959,232.8930353164673
2025-04-09,1900-01-08 22:00:00,2025-04-09 22:00:00,0,41,10.4,450,6.6,41,10.4,450,6.5,39,10.4,0,6.1,17,39,10.4,0,6.1,14,39,10.4,0,6.1,11.75,38,10.4,0,5,9.75,38,10.4,0,5.9,12.75,38,10.3,120,5.9,17.75,0,0,95.05207825,230.46416848500573
2025-04-09,1900-01-09 00:00:00,2025-04-10 00:00:00,0,42,10.4,450,6.71,41,10.4,450,6.71,39,10.3,0,5.8,13,40,10.3,0,5.5,13.75,39,10.3,0,5.6,11.75,38,10.4,0,5.2,9.75,38,10.3,0,5.8,12.75,38,10.2,120,6.1,18,0,0,95.10904694,233.94543374379475
2025-04-09,1900-01-09 02:00:00,2025-04-10 02:00:00,0,43,10.4,450,6.2,41,10.4,450,6.2,39,10.3,0,6,17.5,40,10.3,0,5.3,13.75,40,10.3,0,5.4,11.75,38,10.3,0,5.1,10,39,10.3,0,5.7,12.5,38,10.2,120,6.4,18.75,0,0,94.99511719,220.49008935292562
2025-04-09,1900-01-09 04:00:00,2025-04-10 04:00:00,0,42,10.4,450,6,40,10.4,450,6,39,10.3,0,5.8,17.5,39,10.3,0,5.8,13.75,40,10.3,0,5.8,11,38,10.3,0,5.4,9.5,39,10.4,0,6.1,12.25,38,10.2,120,6.5,18.25,0,0,94.98697662,227.6422642389933
2025-04-10,1900-01-09 06:00:00,2025-04-10 06:00:00,0,42,10.5,400,6.4,40,10.4,450,6.1,39,10.4,0,6,17.75,39,10.3,0,6,13,39,10.3,0,6.5,11.5,38,10.4,0,5.8,10,38,10.3,0,6.3,12.75,38,10.3,120,6.6,18.5,0,0,94.94221497,235.70179793327497
2025-04-10,1900-01-09 08:00:00,2025-04-10 08:00:00,0,39,10.5,350,6.4,41,10.2,400,6.3,40,10.2,0,6.4,17.5,40,10.2,0,6.6,12.5,40,10.2,0,6.4,12.5,38,10.1,0,6.4,11.75,38,10.1,0,6.5,12,39,10.1,110,6.4,17,0,0,94.60041809,235.536869799889
2025-04-10,1900-01-09 10:00:00,2025-04-10 10:00:00,0,37,10.4,350,6.6,40,10.1,400,6.5,39,10.2,0,6.2,17.5,40,10.2,0,6.4,12.5,40,10.2,0,6.5,12.5,39,10.1,0,6.7,11.25,39,10.1,0,6.6,12.5,40,10.1,110,6.6,16.25,0,0,95.16194153000001,234.2034378952347
2025-04-10,1900-01-09 12:00:00,2025-04-10 12:00:00,0,38,10.4,350,6.5,40,10.1,400,6.4,39,10.2,0,6.3,17.5,39,10.2,0,6.5,12.5,39,10.2,0,6.3,12,39,10.1,0,6.6,11.25,39,10.1,0,6.3,12.5,39,10.1,110,6.7,17,0,0,95.09277344,224.63011264801025
2025-04-10,1900-01-09 14:00:00,2025-04-10 14:00:00,0,38,10.4,350,6.5,40,10.1,400,6.3,38,10.2,0,6.2,13.75,39,10.2,0,6.6,12.5,39,10.2,0,6.3,12.5,39,10.1,0,6.4,11.25,39,10.1,0,6.5,12,39,10.1,110,6.6,17,0,0,95.03173828,227.1034678777059
2025-04-10,1900-01-09 16:00:00,2025-04-10 16:00:00,0,38,10.4,350,6.5,40,10.1,400,6.5,39,10.2,0,6.4,10,39,10.2,0,6.4,12,39,10.2,0,6.5,12,39,10.1,0,6.7,11.25,39,10.1,0,6.3,12.5,39,10.1,110,6.7,17,0,0,95.16194153000001,224.09119408925378
2025-04-10,1900-01-09 18:00:00,2025-04-10 18:00:00,0,38,10.4,350,6.7,40,10.1,350,6.4,39,10.2,0,6.3,10,39,10.2,0,6.5,12,39,10.2,0,6.4,12.5,39,10.1,0,6.6,11.25,39,10.1,0,6.6,12.5,39,10.1,100,6.6,17.5,0,0,95.08463287,229.9521364847819
2025-04-10,1900-01-09 20:00:00,2025-04-10 20:00:00,0,40,10.5,350,5.8,40,10.3,400,7.3,37,10.2,0,6.3,6.25,38,10.2,0,6.2,13.75,38,10.2,0,6.4,11.5,37,10.1,0,6.6,10,38,10.1,0,6.7,11.75,39,10.1,130,6.6,16.25,0,0,94.97476959,232.8930353164673
2025-04-10,1900-01-09 22:00:00,2025-04-10 22:00:00,0,40,10.5,350,6.5,40,10.3,400,6.9,37,10.2,0,6.5,6.25,38,10.2,0,6.3,14,38,10.2,0,6.4,11.75,36,10.1,0,6.8,10.15,38,10.1,0,6.7,12,39,10.1,130,6.8,16.25,0,0,95.05207825,230.46416848500573
2025-04-10,1900-01-10 00:00:00,2025-04-11 00:00:00,0,40,10.5,350,6.9,40,10.3,400,6.9,37,10.1,0,6.6,13.75,37,10,0,6.2,12,38,10.1,0,6.2,7.5,36,10.1,0,6.5,10.25,38,10.1,0,6.8,11.75,38,10.1,130,6.6,16.25,0,0,95.10904694,233.94543374379475
2025-04-10,1900-01-10 02:00:00,2025-04-11 02:00:00,0,40,10.5,350,6.7,40,10.3,400,6.5,37,10.2,0,6.1,17.5,37,10.1,0,6.1,9.75,37,10.1,0,6.3,7.5,36,10.1,0,10.5,10,38,10.1,0,6.7,11.75,38,10.1,130,6.9,16.5,0,0,94.99511719,220.49008935292562
2025-04-10,1900-01-10 04:00:00,2025-04-11 04:00:00,0,40,10.4,350,6.5,39,10.3,400,6.7,38,10.3,0,5.9,17.75,38,10.1,0,5.8,10,39,10.2,0,6.3,6.25,37,10.1,0,6.4,12.5,37,10.1,0,6.4,12.5,36,10.2,130,6.9,16.75,0,0,94.98697662,227.6422642389933
2025-04-11,1900-01-10 06:00:00,2025-04-11 06:00:00,0,40,10.4,350,6.9,39,10.3,400,6.8,37,10.1,0,6.2,17.25,37,10.1,0,6.2,10.5,38,10.1,0,6.5,10,37,10,0,6.1,5,37,10.1,0,6.1,11.25,37,10.2,130,6.5,16.25,0,0,95.07649231,228.76627508799234
2025-04-11,1900-01-10 08:00:00,2025-04-11 08:00:00,0,40,10.4,350,6.4,40,10.2,450,6.3,38,10.2,0,6.2,16.25,38,10.1,0,6.6,10,38,10,0,6.4,9.75,38,10,0,6.4,6.25,37,10,0,6.5,7.25,38,10,90,6.6,16.25,0,0,94.88525391,240.23485913750034
2025-04-11,1900-01-10 10:00:00,2025-04-11 10:00:00,0,40,10.4,350,6.6,40,10.2,450,6.5,38,10.2,0,6.4,16.25,38,10.1,0,6.3,10,38,10,0,6.6,9.75,37,10,0,6.7,10,37,10,0,6.2,0,37,10,90,6.6,16.25,0,0,95.08869934,239.07769272250007
2025-04-11,1900-01-10 12:00:00,2025-04-11 12:00:00,0,40,10.4,350,6.3,39,10.2,450,6.2,37,10.1,0,6.4,17,37,10,0,5.9,12.5,39,10,0,6,10,37,10,0,6.7,10,38,10,0,5.7,5,38,10,90,5.7,10.25,0,0,94.69807434,229.6207073208334
2025-04-11,1900-01-10 14:00:00,2025-04-11 14:00:00,0,40,10.4,350,6.3,39,10.2,400,6,37,10.1,0,6.2,17.5,37,10,0,5.8,12.75,39,10,0,6.1,12.5,37,10,0,6.2,7,39,10,0,5.5,13.75,38,10,80,5.7,6.25,0,0,95.18635559,231.03961804833332
2025-04-11,1900-01-10 16:00:00,2025-04-11 16:00:00,37,40,10.5,350,6.1,40,10.3,400,6,38,10.1,0,6.1,17.25,38,10.1,0,5.8,12.75,38,10.1,0,5.9,12.5,37,10.2,0,5.9,6.25,39,10.2,0,5.5,14.5,39,10.1,80,5.4,7.5,29,60,95.133461,227.34459171166665
2025-04-11,1900-01-10 18:00:00,2025-04-11 18:00:00,37,39,10.5,300,6,39,10.1,350,6,38,10.1,0,5.7,17,37,10,0,5.7,12.5,37,10,0,5.7,12.5,38,10.1,0,5.5,7.75,38,10.1,0,5.4,7.75,38,10.1,100,5.2,17.75,29,80,95.10904694,232.77199172916664
2025-04-11,1900-01-10 20:00:00,2025-04-11 20:00:00,38,39,10.4,250,6.8,38,10.3,350,7.2,38,10.3,0,6.4,18.75,38,10.2,0,6.4,13.75,38,10.2,0,6.2,12.5,37,10,0,5.8,7.5,38,10,0,6.4,12.5,37,10.1,80,6.7,17,30,70,94.99511719,235.97632160250006
2025-04-11,1900-01-10 22:00:00,2025-04-11 22:00:00,40,38,10.2,200,6.7,40,10.4,350,6.9,38,10.4,0,6.3,18.5,38,10.2,0,6.3,13.5,37,102,0,5.9,12.5,38,10.1,0,5.7,7.75,37,10,0,6.5,12.25,37,10.1,90,6.8,16.25,34,70,94.96256256,231.9707274791667
2025-04-11,1900-01-11 00:00:00,2025-04-12 00:00:00,42,38,10,300,6.6,38,10.1,400,6.4,40,10.1,0,6.1,18.25,40,10.1,0,6.4,13.25,38,10.2,0,6.1,12.25,37,10.1,0,5.4,8,38,10.1,0,6.4,12.5,38,10.1,100,6.7,17,31,80,94.9381485,231.6911400475
2025-04-11,1900-01-11 02:00:00,2025-04-12 02:00:00,42,39,10.8,300,6.7,38,10.4,400,6.9,39,10.2,0,6.4,18.25,39,10.2,0,6.3,13.25,37,10.2,0,6.3,12.75,37,10.1,0,5.6,7.5,38,10.1,0,6.2,12.75,38,10.1,100,6.5,17,30,80,94.88117981,231.06264419666655
2025-04-11,1900-01-11 04:00:00,2025-04-12 04:00:00,40,30,11.1,450,6.4,38,10.6,400,6.7,40,10.3,0,6.2,17.5,39,10.1,0,6.3,12.75,38,10.1,0,6.1,12.5,37,10.1,0,5.8,7.5,37,10.2,0,6.4,12.5,36,10,80,6.9,15,31,70,95.00732422,227.97972011833332
2025-04-12,1900-01-11 06:00:00,2025-04-12 06:00:00,40,39,11,450,6.7,39,11,400,6.9,40,10.4,0,6.1,17.25,38,10.2,0,6.2,13.75,38,10.2,0,6.2,12.75,36,10.1,0,5.8,7.25,36,10.2,0,6.3,12.5,37,10.1,90,6.7,16.25,30,70,95.02766418,226.69102083583337
2025-04-12,1900-01-11 08:00:00,2025-04-12 08:00:00,39,41,10.6,450,6.4,40,10.5,400,6.3,39,10.5,0,6.2,17.5,38,10.4,0,6,12.5,38,10.3,0,5.8,10.25,38,10.3,0,5.6,7.5,37,10.2,0,5.9,11.25,38,10.3,110,6.1,15,34,80,94.95035553,228.68139947255452
2025-04-12,1900-01-11 10:00:00,2025-04-12 10:00:00,40,41,10.5,450,6.2,41,10.7,450,6.1,39,10.6,0,6.1,18,39,10.6,0,5.9,12.5,38,10.4,0,5.8,11.25,38,10.3,0,5.5,7.7,37,10.2,0,5.7,12.75,38,10.1,110,5.9,1.25,34,90,95.03987122,225.79330654144286
2025-04-12,1900-01-11 12:00:00,2025-04-12 12:00:00,41,41,10.5,450,6.3,40,10.5,450,6.4,40,10.5,0,6.2,17.5,40,10.5,0,5.8,12.5,39,10.4,0,5.9,11.25,38,10.4,0,5.7,7.5,38,10.2,0,5.6,12.75,37,10.2,120,5.7,15.25,33,100,94.99918365,225.28742249806726
2025-04-12,1900-01-11 14:00:00,2025-04-12 14:00:00,39,40,10.5,500,6.4,40,10.4,450,6.12,39,10.5,0,6.3,17,40,10.5,0,5.6,12.75,40,10.5,0,5.8,11.25,38,10.4,0,5.4,11.25,38,10.2,0,5.5,6.25,37,10.2,120,5.7,15.25,32,100,95.07242584,234.13712876637777
2025-04-12,1900-01-11 16:00:00,2025-04-12 16:00:00,0,0,0,0,0,0,0,0,0,0,0,0,0,0,0,0,0,0,0,0,0,0,0,0,0,0,0,0,0,0,0,0,0,0,0,0,0,0,0,0,0,95.06835938,226.220462290446
2025-04-12,1900-01-11 18:00:00,2025-04-12 18:00:00,37,41,10.7,550,6.8,41,10.3,450,6.6,39,10.3,0,6.2,13.75,38,10.3,0,6,12.5,38,10.3,0,6,12.5,38,10.2,0,5.9,10,37,10.2,0,5.2,10.5,37,10.1,130,5.8,10.5,31,100,95.03173828,231.66087970733645
2025-04-12,1900-01-11 20:00:00,2025-04-12 20:00:00,48,41,10.6,550,6.5,37,10.4,450,5.9,40,10.4,0,6.2,15,37,10.3,0,5.8,13.75,39,10.3,0,5.4,12.5,37,10.3,0,5.4,11.75,40,10.3,0,5.5,12.5,42.37,10.2,100,6.4,12.75,29,80,94.97476959,233.1773251215617
2025-04-12,1900-01-11 22:00:00,2025-04-12 22:00:00,43,32,10.5,500,6,37,10.4,450,6,38,10.5,0,6.1,15.5,37,10.3,0,5.7,13.75,38,10.2,0,5.9,12.5,38,10.3,0,5.3,11.75,37,10.3,0,5.8,12.5,38,10.2,110,6.7,13,29,90,94.9015274,230.77727158864343
2025-04-12,1900-01-12 00:00:00,2025-04-13 00:00:00,43,40,10,350,6.3,39,10.3,350,6.1,40,10.5,0,6.3,15.5,39,10.3,0,5.7,13.75,40,10.2,0,6.1,12.5,39,10.3,0,5.4,11.74,39,10.1,0,5.7,12.5,39,10.2,100,6.6,13.6,28,90,94.95849609,228.57084318796797
2025-04-12,1900-01-12 02:00:00,2025-04-13 02:00:00,38,40,10.3,450,6.5,39,10.3,450,6.6,40,10.4,0,6.1,15.75,39,10.3,0,5.6,13.74,39,10.3,0,5.9,12.5,38,10.2,0,0,11.75,40,10.2,0,5.7,12.8,37,10.1,110,6.5,13.4,29,90,95.07649231,230.71735026041668
2025-04-12,1900-01-12 04:00:00,2025-04-13 04:00:00,40,37,11.1,550,6.3,39,10.6,450,6.3,39,10.5,0,6.3,16.25,37,10.4,0,5.8,13.75,39,10.4,0,5.5,12.5,38,10.4,0,0,11.25,37,10.4,0,6.3,12.8,37,10.3,150,6.7,15,32,120,94.92594147,229.09119364420573
2025-04-13,1900-01-12 06:00:00,2025-04-13 06:00:00,39,39,11,500,6.4,39,10.7,450,6.1,38,10.6,0,6.1,16.25,36,10.4,0,5.7,13.5,37,10.4,0,5.8,12.25,39,10.4,0,0,11.75,37,10.4,0,6.4,12.5,0,10.3,150,6.7,15,30,110,94.95849609,225.12888158162437
2025-04-13,1900-01-12 08:00:00,2025-04-13 08:00:00,40,39,10,500,6.1,40,10.6,500,6.1,38,10.4,0,5.8,15,38,10.4,0,5.6,12.5,38,10.3,0,5.4,10,38,10.3,0,5.5,11.25,37,10.3,0,5.7,11.25,37,10.3,150,6,15,32,100,95.04394531,226.6830639521281
2025-04-13,1900-01-12 10:00:00,2025-04-13 10:00:00,41,35,11.1,1500,6,38,10.7,800,6.2,37,10.4,0,5.7,15.25,38,10.4,0,5.5,12.75,37,10.4,0,5.4,10,37,10.3,0,5.3,11.5,36,10.3,0,5.4,11.25,37,10.2,140,5.9,15,31,110,94.97476959,224.55632661183674
2025-04-13,1900-01-12 12:00:00,2025-04-13 12:00:00,41,39,10,800,5.9,38,10.5,1000,6.3,39,10.6,0,5.8,15,37,10.6,0,5.6,12.75,37,10.5,0,5.5,11.25,37,10.4,0,5.2,11,38,10.3,0,5.4,11.25,39,10.2,160,5.7,15,33,130,95.15380859,223.22567138671874
2025-04-13,1900-01-12 14:00:00,2025-04-13 14:00:00,38,38,11.5,600,6.3,39,10.7,800,6.7,39,10.6,0,5.9,15,38,10.6,0,6,12.25,37,10.5,0,5.2,11,37,10.4,0,5.8,11.5,38,10.5,0,6.1,11.25,38,10.3,160,5.9,15,32,120,95.06835938,227.05680853525797
2025-04-13,1900-01-12 16:00:00,2025-04-13 16:00:00,37,39,11.5,500,6,39,10.8,850,6.2,36,10.6,0,5.4,2.5,37,10.6,0,6.8,12.5,36,10.5,0,5.7,11.25,35,10.5,0,6,11.25,36,10.5,0,5.9,12.5,36,10.5,160,6.2,18.75,30,120,95.05615234,228.6768190383911
2025-04-13,1900-01-12 18:00:00,2025-04-13 18:00:00,43,43,11.1,400,5.9,40,11.2,650,6.4,39,10.8,0,5.7,0,38,10.8,0,5.2,12.5,37,10.5,0,5.4,11.25,37,10.5,0,6.1,11.25,36,10.5,0,5.7,12.5,36,10.4,170,6,18.75,29,140,95.05615234,228.85416768391931
2025-04-13,1900-01-12 20:00:00,2025-04-13 20:00:00,39,39,11.2,500,6.1,39,11.2,550,6.9,36,11,0,5.9,4.5,36,10.8,0,5.6,13.75,36,10.6,0,6,13,37,10.4,0,5.8,12.5,36,10.4,0,6.5,14.5,36,10.3,0,5.8,21.25,3,140,95.0968399,234.34618479410807
2025-04-13,1900-01-12 22:00:00,2025-04-13 22:00:00,39,37,10.5,500,6.3,38,11.1,500,6,37,10.9,0,6.1,6.25,38,10.8,0,5.7,12.5,37,10.7,0,6.1,7.5,37,10.4,0,5.9,12.5,36,10.5,0,6.3,13.75,35,10.3,0,5.9,23.75,30,140,94.97883606,233.70141201019288
2025-04-13,1900-01-13 00:00:00,2025-04-14 00:00:00,41,36,10.8,500,6.2,36,10.8,500,6.7,37,10.8,0,6.3,8.75,37,10.8,0,5.9,12.5,37,10.7,0,6.2,7.5,36,10.4,0,5.8,12.25,36,10.5,0,6.4,22.5,35,10.3,0,5.9,17,30,130,94.96256256,230.9154359817505
2025-04-13,1900-01-13 02:00:00,2025-04-14 02:00:00,40,36,10.8,500,6.3,35,10.7,500,6,37,10.9,0,6.1,12.5,38,10.8,0,5.7,10,37,10.7,0,6.1,8.75,35,10.2,0,5.9,18.75,35,10.5,0,6.3,13.75,35,10.5,0,5.8,16.25,30,140,94.99104309,232.57281977335614
2025-04-13,1900-01-13 04:00:00,2025-04-14 04:00:00,42,36,10.7,500,6.3,36,10.6,500,6.7,37,10.8,0,5.9,15,38,10.8,0,6.2,12.5,37,10.7,0,5.9,10,36,10.2,0,6.2,14.5,35,10.5,0,6.5,13.75,35,10.5,0,5.9,16.5,30,140,95.02359772,229.79733435312906
2025-04-14,1900-01-13 06:00:00,2025-04-14 06:00:00,44,37,10.7,550,6.2,36,10.6,500,6.3,37,10.8,0,6.2,15,38,10.8,0,5.9,13,37,10.7,0,6.2,10.5,36,10.2,0,6.4,15,35,10.5,0,6.3,15,34,10.5,0,6,15.5,30,130,94.97476959,228.84271138509115
2025-04-14,1900-01-13 08:00:00,2025-04-14 08:00:00,3.9,36,11.1,600,5.7,37,10.6,550,5.6,38,10.6,0,5.4,13.25,36,10.5,0,5.2,12.5,36,10.7,0,5.1,9.25,37,10.5,0,5,13.75,35,10.5,0,5.3,12.5,35,10.6,220,5.2,13.25,29,180,94.94628906,230.47562306833333
2025-04-14,1900-01-13 10:00:00,2025-04-14 10:00:00,4,38,11.3,600,5.9,38,10.8,500,5.6,37,10.5,0,5.4,15,36,10.5,0,5,10,36,10.6,0,5.3,8.25,36,10.5,0,5.6,14,36,10.5,0,5.1,13.75,37,10.6,220,5.4,14,30,110,95.08869934,228.50344835666655
2025-04-14,1900-01-13 12:00:00,2025-04-14 12:00:00,3.8,37,9.9,550,6.1,38,10.3,550,5.7,37,10.7,0,5.7,18.75,37,10.7,0,5.5,8.75,37,10.6,0,5.5,6.35,36,10.6,0,5.5,15,37,10.6,0,5.4,15,36,10.6,230,5.6,15,28,190,95.16601563,226.16512324083337
2025-04-14,1900-01-13 14:00:00,2025-04-14 14:00:00,0,38,10.1,600,5.8,38,10.3,550,5.5,36,10.7,0,5.7,19,37,10.7,0,5.8,19,37,10.6,0,5.4,8.75,36,10.6,0,5.2,13.75,35,10.5,0,5.7,14.25,35,10.6,230,6,15.25,0,0,95.09277344,223.95459607666672
2025-04-14,1900-01-13 16:00:00,2025-04-14 16:00:00,0,38,10.3,600,5.6,37,10.4,600,5.4,37,10.7,0,5.6,18.25,36,10.7,0,5.3,18.25,36,10.6,0,5.7,8.25,35,10.6,0,5.1,13.75,35,10.5,0,5.6,14.75,36,10.5,220,5.8,15,0,0,75.24414063,149.1513553163333
2025-04-14,1900-01-13 18:00:00,2025-04-14 18:00:00,4.3,40,10.6,550,6,38,10.5,600,5.9,38,10.6,0,5.4,18.25,37,10.6,0,5.3,12.25,37,10.5,0,5.2,8.25,36,10.5,0,5.6,13.25,35,10.5,0,5.5,13.75,36,10.5,230,5.4,15.75,30,180,93.54654694,280.8506948670417
2025-04-14,1900-01-13 20:00:00,2025-04-14 20:00:00,48,38,11.7,750,6.4,37,11.4,650,6.9,36,10.5,0,6,18.75,35,10.5,0,5.9,11.25,36,10.4,0,5.5,8.75,32,10.5,0,5.9,7.5,33,10.6,0,6,13.75,33,10.6,190,6.1,15,29,160,93.33088684,288.59362771634176
2025-04-14,1900-01-13 22:00:00,2025-04-14 22:00:00,44,38,11.6,700,6.7,38,11.3,650,6.4,36,10.7,0,6.1,18.75,36,10.6,0,6.1,11.25,37,10.5,0,5.9,7.5,33,10.6,0,6.1,8.75,33,10.6,0,6.3,13.75,33,10.6,200,6.2,15,29,160,92.91992188,285.1035639880334
2025-04-14,1900-01-14 00:00:00,2025-04-15 00:00:00,41,38,11.5,650,6.3,38,11.3,650,6.7,36,11,0,5.9,18.75,36,10.6,0,6,10.75,37,10.7,0,6,8.75,35,10.7,0,5.8,8.75,34,10.7,0,6.1,13.75,33,10.7,200,5.9,15,29,170,93.45703125,289.7017257814749
2025-04-14,1900-01-14 02:00:00,2025-04-15 02:00:00,42,38,11.4,650,6.4,38,11.4,650,6.9,37,11,0,6.1,17.75,36,10.8,0,5.9,10.25,37,10.8,0,5.7,8.75,35,10.8,0,5.9,8.75,34,10.7,0,6,13.75,33,10.6,190,6.1,14.75,30,160,94.47834778000001,290.8468362949833
2025-04-14,1900-01-14 04:00:00,2025-04-15 04:00:00,44,38,11.4,650,6.7,37,11.4,650,6.4,37,11.1,0,6,17.5,36,10.9,0,6.1,10.25,36,10.8,0,5.9,8.75,35,10.8,0,6,8.75,34,10.7,0,5.9,13.75,33,10.6,190,6.3,14.75,29,160,94.18131256,286.4764182575917
2025-04-15,1900-01-14 06:00:00,2025-04-15 06:00:00,42,38,11.3,650,6.3,38,11.4,650,6.4,37,11,0,5.9,18.75,36,10.9,0,6,11.25,36,10.8,0,6,7.5,35,10.8,0,5.8,7.5,34,10.7,0,6.1,13.75,33,10.7,190,6.1,15,29,160,94.78352356,284.5826098826666
2025-04-15,1900-01-14 08:00:00,2025-04-15 08:00:00,40,40,11.4,550,7.1,41,11.2,550,6.8,40,11.3,0,6.2,18.75,39,11.2,0,6,10,39,11.2,0,5.8,10,37,10.9,0,5.3,9.25,36,10.8,0,5.9,15,36,10.7,200,5.8,15,30,160,93.26578522,230.42088580315843
2025-04-15,1900-01-14 10:00:00,2025-04-15 10:00:00,41,40,11.2,550,7.3,40,11.2,550,7,39,11.2,0,6.4,18.25,39,11.2,0,6.2,11.25,38,11.2,0,5.9,10.75,37,10.8,0,5.1,8,35,10.8,0,5.7,13.75,36,10.7,200,5.6,15.5,29,160,94.26676178,282.1384305672667
2025-04-15,1900-01-14 12:00:00,2025-04-15 12:00:00,39,40,10.9,500,7.2,39,11,550,7.1,38,11.1,0,6.5,18.75,39,11.1,0,6.4,11.25,38,11.1,0,5.6,10,37,11.1,0,5.2,8.75,37,11,0,5.7,14.25,37,10.7,210,5.7,15,29,170,94.32373047,282.14542369514163
2025-04-15,1900-01-14 14:00:00,2025-04-15 14:00:00,40,40,10.5,500,7.2,40,10.9,550,7,39,11,0,6.4,19.25,39,11.1,0,6.4,10,38,11.1,0,5.4,10,37,11,0,5.3,8.25,37,11,0,5.4,13.5,37,10.8,210,5.8,15,30,160,92.76529694,280.45331753741664
2025-04-15,1900-01-14 16:00:00,2025-04-15 16:00:00,42,40,10.1,400,7.1,40,10.7,500,7.3,38,10.9,0,6.5,18.25,39,11.1,0,6.4,10,39,11.1,0,5.2,8.75,37,11,0,5.4,9.25,36,10.9,0,5.4,15,35,10.8,220,5.5,13.75,28,160,84.84293365,243.34165063175
2025-04-15,1900-01-14 18:00:00,2025-04-15 18:00:00,41,41,10.5,550,7.4,39,10.9,500,7,38,10.9,0,6.1,18.75,38,11.1,0,6.9,11.25,38,11,0,6,9.75,36,11,0,5.8,9.25,36,10.9,0,5.2,13.5,35,10.9,220,5.7,14.25,29,180,94.40510559,258.1151120449167
2025-04-15,1900-01-14 20:00:00,2025-04-15 20:00:00,47,38,11.2,500,6.4,37,11,550,6.1,37,10.6,0,5.7,13.75,36,10.6,0,5.9,10,37,10.8,0,5.6,10,33,11,0,5.5,7.5,36,10.8,0,5.8,13.75,36,10.9,160,6.1,15,32,120,0,299.05852071648314
2025-04-15,1900-01-14 22:00:00,2025-04-15 22:00:00,46,38,11.2,550,5.9,37,11.2,550,6.3,36,10.7,0,5.9,6.75,36,10.7,0,5.9,10,36,10.9,0,5.7,8.75,34,10.9,0,5.4,8.75,35,10.8,0,5.9,13.75,35,10.9,180,6,14.75,31,130,94.06330872,275.97210091709997
2025-04-15,1900-01-15 00:00:00,2025-04-16 00:00:00,40,38,11.1,550,6.3,38,11.2,500,6.2,34,10.9,0,6,8.75,36,10.9,0,5.8,7.5,36,11,0,5.9,8.75,35,10.8,0,5.5,7.5,33,10.8,0,5.8,12.5,33,10.9,200,6.3,13.75,31,150,94.59635162,253.6265426441417
2025-04-15,1900-01-15 02:00:00,2025-04-16 02:00:00,41,40,10.7,550,6.1,43,11,550,5.9,34,10.9,0,5.9,15,36,10.9,0,5.7,0,36,11,0,6,6.75,35,10.8,0,5.4,7.5,33,10.8,0,5.7,12.5,33,10.9,200,5..9,13.75,31,150,93.30647278000001,290.0509970654417
2025-04-15,1900-01-15 04:00:00,2025-04-16 04:00:00,43,38,10,550,6.1,38,10.8,550,6.3,34,10.9,0,6.2,15.5,36,10.9,0,5.6,10,36,11,0,5.7,0,35,10.8,0,5.2,7.5,33,10.8,0,5.5,13.25,33,10.9,200,5.7,14.75,31,140,94.91373444,252.27406446345015
2025-04-16,1900-01-15 06:00:00,2025-04-16 06:00:00,42,39,10.5,550,6.2,40,10.9,550,6.4,36,10.9,0,5.7,17.5,37,10.8,0,5.5,6.25,37,10.8,0,5.2,9.25,35,10.8,0,5.1,7,34,10.8,0,5.4,13.25,34,10.9,200,5.2,14.75,28,150,93.68082428,255.1965170602417
2025-04-16,1900-01-15 08:00:00,2025-04-16 08:00:00,43,39,11.6,600,6.1,40,11.6,600,6.1,40,11,0,5.3,16.25,39,11,0,5.5,6.25,36,11.1,0,5.5,7.5,35,11.1,0,5.4,5,34,11.1,0,6.4,12.5,36,11.1,160,6.6,13.75,29,100,91.65445709,296.50631738824995
2025-04-16,1900-01-15 10:00:00,2025-04-16 10:00:00,46,43,11.6,600,6.5,42,11.6,600,6.2,42,11,0,5.5,17,38,11,0,5.4,10,37,11,0,5.3,6.5,37,11.1,0,5.7,10,35,11.1,0,6.1,8.25,38,10.8,160,6.7,13.5,28,100,94.91373444,256.46568810340824
2025-04-16,1900-01-15 12:00:00,2025-04-16 12:00:00,44,38,11.1,450,6.4,39,11.1,500,6.3,39,11,0,5.1,15,37,11,0,5.6,11.5,38,11,0,5.4,6.25,37,11,0,5.3,12.5,36,11,0,6.1,5,36,11.1,190,6.3,12.5,30,130,90.36051178,269.29940565952495
2025-04-16,1900-01-15 14:00:00,2025-04-16 14:00:00,45,40,11,600,6.5,39,11,750,6.2,38,11,0,5.4,16.5,38,10.9,0,5.3,11.25,38,10.9,0,5.5,6.25,36,11,0,5.7,12.5,36,11.2,0,6.3,5.25,36,10.9,170,6.4,14.25,28,110,94.173172,287.3881169324666
2025-04-16,1900-01-15 16:00:00,2025-04-16 16:00:00,0,41,10.6,300,6.3,38,10.6,900,6.4,39,11,0,5.3,16.25,37,11,0,5.4,7.5,36,10.9,0,5.3,7.5,36,11,0,5.4,11.25,36,10.8,0,6.4,7.5,34,10.9,210,6.7,15,14,110,92.1712188720703,272.718098867602
2025-04-16,1900-01-15 18:00:00,2025-04-16 18:00:00,51,39,10.4,350,6.1,39,10.4,850,6.4,39,11,0,5.7,16.5,37,10.8,0,5.1,11.5,36,10.9,0,5.5,7.5,37,10.9,0,5.4,12.5,36,10.7,0,6.1,7.5,38,10.7,200,6.5,14.75,28,100,89.7420196533203,245.19157469566755
2025-04-16,1900-01-15 20:00:00,2025-04-16 20:00:00,36,40,11.8,500,6.2,39,11.6,750,5.9,38,11,0,6,17.5,38,11,0,6.4,10.5,38,11,0,5.6,6.75,37,10.9,0,5.8,7.5,36,10.8,0,5.9,7.5,36,10.8,230,6.5,21.25,29,180,88.037109375,263.44352838882094
2025-04-16,1900-01-15 22:00:00,2025-04-16 22:00:00,40,40,11.9,500,6.9,38,10.5,650,6.1,37,11.2,0,5.5,17.5,37,11.1,0,6.2,10.5,37,11,0,5.8,6.25,36,10.9,0,5.5,7.5,37,10.9,0,6.6,13.75,36,10.8,220,6.2,18,30,180,89.697265625,321.36176136496164
2025-04-16,1900-01-16 00:00:00,2025-04-17 00:00:00,37,39,11.5,500,6.5,38,11.5,600,6.4,38,11.4,0,5.9,16.5,37,11.2,0,5.5,10.75,38,11.1,0,5.4,6.75,36,10.9,0,5.7,8.75,36,11,0,5.8,13.5,37,11,200,6.3,18,29,170,89.66064453125,323.80967822838574
2025-04-16,1900-01-16 02:00:00,2025-04-17 02:00:00,39,40,11.11,550,6.7,40,11.2,600,6.5,39,11.4,0,5.5,17.75,38,11.2,0,5.9,10.25,37,11.1,0,5.3,6.25,36,10.9,0,5.8,7.75,35,11,0,5.9,13.3,35,11,200,6.1,18.25,28,170,89.5060195922852,318.7128661951671
2025-04-16,1900-01-16 04:00:00,2025-04-17 04:00:00,37,38,10.8,550,7.8,38,11.1,600,6.8,38,11.3,0,5.8,17,38,11,0,6.1,10.5,38,11.1,0,5.1,6.25,35,11,0,5.4,8.25,36,11,0,5.6,13.25,35,10.9,210,5.9,17.75,29,170,89.306640625,316.0627647120816
2025-04-17,1900-01-16 06:00:00,2025-04-17 06:00:00,41,38,10.7,500,6.9,38,11,500,6.4,39,10.8,0,5.2,17.25,38,10.8,0,5.2,10.5,36,10.8,0,5.8,7.75,36,10.2,0,5.9,7.75,37,10.7,0,5.1,12.25,36,10.7,170,5.8,12,30,140,88.8386993408203,316.85088711843514
2025-04-17,1900-01-16 08:00:00,2025-04-17 08:00:00,39,34,11.1,450,5.8,35,11.2,500,5.7,36,11.2,0,5.5,17.25,37,11.2,0,5.4,11.25,37,11.2,0,5.5,7.75,35,11.1,0,5.2,9.5,36,11.1,0,5.6,14.25,36,11.1,250,6.2,20,31,220,91.2434844970703,224.1503909305359
2025-04-17,1900-01-16 10:00:00,2025-04-17 10:00:00,40,37,10.9,500,6.2,38,11.2,500,6.4,37,11.1,0,5.7,17.5,38,11.2,0,5.3,11.25,38,11.2,0,5.8,7.5,37,11.1,0,5.4,10,37,11.1,0,5.9,15,37,10.9,270,6.5,20,30,240,91.71142578125,297.9745373810952
2025-04-17,1900-01-16 12:00:00,2025-04-17 12:00:00,48,39,11.5,550,6.4,38,11.3,500,6.4,37,11.3,0,6.1,16.25,35,11.3,0,5.4,11.75,37,11.3,0,6.2,7.5,37,11.4,0,6,8.75,36,11.3,0,6.3,13.75,35,11.2,220,6.6,17.5,27,200,91.5771484375,293.5939907172074
2025-04-17,1900-01-16 14:00:00,2025-04-17 14:00:00,40,39,11.3,500,6.4,39,11.4,500,6.2,38,11.4,0,6,17,37,11.3,0,5.7,11.5,37,11.3,0,6,7.5,37,11.4,0,5.8,9.25,36,11.3,0,6.2,14,36,11.2,230,6.4,18.75,29,200,91.00341796875,300.1974822553806
2025-04-17,1900-01-16 16:00:00,2025-04-17 16:00:00,40,38,10.9,500,6.1,37,11,500,6.3,36,11,0,5.8,16.25,36,11.1,0,5.7,11.25,36,11.1,0,6,8.75,35,11,0,5.8,9.5,36,11,0,7,15,36,10.9,240,6.3,17.5,30,200,91.2353515625,308.43629403313
2025-04-17,1900-01-16 18:00:00,2025-04-17 18:00:00,43,39,10.8,500,6.7,38,10.4,500,6.2,35,11.1,0,5.8,16.25,36,11.1,0,5.9,11.75,36,11.2,0,5.8,8.25,36,11.1,0,5.9,9.5,36,11,0,6.8,15,36,10.9,250,6.1,17.5,30,220,91.3533477783203,308.93988716127353
2025-04-17,1900-01-16 20:00:00,2025-04-17 20:00:00,41,39,11.1,450,6.1,38,10.9,400,6.2,36,10.9,0,5.9,17.5,36,10.9,0,5.6,10,35,10.9,0,5.7,7.5,36,10.8,0,5,8.75,36,10.9,0,5.9,12.5,37,10.9,200,6.4,18,34,160,91.015625,300.8673324599241
2025-04-17,1900-01-16 22:00:00,2025-04-17 22:00:00,39,43,11.2,450,6.2,42,11.1,450,6.2,37,10.9,0,5.7,17.5,38,10.9,0,5.5,10,35,10.9,0,5.5,7.5,36,10.8,0,5.3,8.75,37,10.8,0,5.6,12.75,37,10.9,200,5.9,18,34,160,91.46728515625,309.4476992636919
2025-04-17,1900-01-17 00:00:00,2025-04-18 00:00:00,35,41,11.3,500,6,42,1.3,450,6,38,11,0,5.6,16.75,38,10.9,0,5.4,10,37,10.9,0,5.6,7.5,37,10.9,0,5.5,7.5,37,10.8,0,5.4,12.5,37,10.8,180,5.7,17,32,150,91.7928009033203,307.05174576599774
2025-04-17,1900-01-17 02:00:00,2025-04-18 02:00:00,30,40,11.1,500,6.2,40,11,450,6.2,37,10.9,0,5.9,16.75,37,10.9,0,5.5,10.25,36,10.9,0,5.7,7.5,36,10.7,0,5.7,7.5,37,10.7,0,5.4,12.5,37,10.8,170,5.6,17.25,29,150,91.6056289672852,306.27170149375064
2025-04-17,1900-01-17 04:00:00,2025-04-18 04:00:00,39,37,10.8,450,6,39,10.9,400,6,39,10.8,0,5.7,16.5,37,10.8,0,5.4,10.25,36,10.8,0,5.9,7.5,38,10.6,0,5.8,7.5,37,10.7,0,5.3,12.5,37,10.7,170,5.4,17.5,29,140,91.5690078735352,306.3055802556841
2025-04-18,1900-01-17 06:00:00,2025-04-18 06:00:00,41,38,10.7,500,6.9,38,11,500,6.4,39,10.8,0,5.2,17.25,38,10.8,0,5.2,10.5,36,10.8,0,5.8,7.75,36,10.2,0,5.9,7.75,37,10.7,0,5.1,12.25,36,10.7,170,5.8,12,30,140,91.6056289672852,307.2712923367818
2025-04-18,1900-01-17 08:00:00,2025-04-18 08:00:00,42,38,10.9,500,6.6,38,10.9,350,7,37,10.9,0,6.4,17,35,10.9,0,6.1,12,36,10.9,0,6.4,8.75,34,10.9,0,6.4,10,35,10.9,0,6.1,15,36,10.9,120,6,18.75,30,90,90.8854141235352,294.12856855665643
2025-04-18,1900-01-17 10:00:00,2025-04-18 10:00:00,37,35,10.5,1500,6.4,36,10.2,750,6.8,36,10.3,0,6.2,16.25,35,10.2,0,6.3,11.75,36,10.3,0,6.2,9,35,10.2,0,6.1,9.75,35,10.1,0,6.2,15,36,10.1,200,6.3,17.5,30,160,91.2801055908203,302.8932773945853
2025-04-18,1900-01-17 12:00:00,2025-04-18 12:00:00,42,38,10.1,550,6.2,38,10.1,850,6.5,36,10.1,0,6.3,17,36,10.1,0,6.2,12.25,37,10.1,0,6.3,8.25,36,10,0,6.2,10.25,37,10.1,0,6,14.75,38,10.2,180,6.2,18.25,32,160,91.259765625,306.891517076424
2025-04-18,1900-01-17 14:00:00,2025-04-18 14:00:00,43,38,10.5,550,6.4,39,10.3,750,6.3,37,10.2,0,6.1,16.5,35,10.2,0,6.1,12,36,10.1,0,6.1,8.25,36,10.1,0,6.2,10.25,37,10.1,0,6.3,15,36,10.3,200,6.5,18.75,30,160,89.697265625,305.5553138610286
2025-04-18,1900-01-17 16:00:00,2025-04-18 16:00:00,40,38,10.8,500,6.2,38,10.4,750,6.9,36,10.3,0,5.7,17.5,36,10.2,0,5.6,11.25,36,10.1,0,5.7,8,35,10.2,0,4.9,11.25,36,10.1,0,6.4,13.75,35,10,200,7.1,16.25,31,160,90.9993438720703,312.4072858710618
2025-04-18,1900-01-17 18:00:00,2025-04-18 18:00:00,45,39,10.9,500,6.3,38,10.6,700,6.7,38,10.4,0,5.6,17.5,36,10.4,0,5.4,11.75,35,10.3,0,5.3,8.75,36,10.2,0,4.8,10.25,36,10.2,0,6.3,15,36,10,200,6.9,18,32,140,91.162109375,301.3844278729831
2025-04-18,1900-01-17 20:00:00,2025-04-18 20:00:00,40,34,10.8,600,6.4,35,10.9,650,6.4,36,10.3,0,5.8,15.25,37,10.2,0,5.9,11.25,36,9.9,0,5.8,8.25,36,9.9,0,5.9,8.75,35,10.2,0,5.5,14.5,37,10.2,170,5.9,18.75,31,140,90.4256134033203,304.3610138419084
2025-04-18,1900-01-17 22:00:00,2025-04-18 22:00:00,39,35,11,600,6.9,36,11,600,6.3,36,11,0,5.9,15,37,11,0,6,11.5,36,10.8,0,5.7,8.75,36,10.8,0,6.2,8.75,36,10.7,0,5.4,14,37,10.5,180,5.7,18.25,31,140,91.12548828125,307.09358111713084
2025-04-18,1900-01-18 00:00:00,2025-04-19 00:00:00,37,35,11,600,6,36,11,600,6,36,11,0,5.7,15.25,37,11,0,5.8,11.25,36,11,0,5.6,8.25,36,11,0,5.8,8.75,36,11,0,5.9,14.5,37,10.8,180,5.8,18.75,30,150,91.36962890625,308.0877461516609
2025-04-18,1900-01-18 02:00:00,2025-04-19 02:00:00,43,36,11,550,6.4,36,11,600,6.4,36,11,0,5.8,15.25,36,11,0,5.9,11.25,36,11,0,5.8,8.75,35,11,0,5.9,8.25,35,11,0,6,13.25,36,11,200,5.9,18.5,31,150,90.9627227783203,303.2485771156692
2025-04-18,1900-01-18 04:00:00,2025-04-19 04:00:00,43,36,11,500,6.2,36,11,550,6.9,35,11,0,5.7,15,35,11,0,5.6,11.25,35,11,0,5.2,8.75,35,11,0,5.9,8.25,35,11,0,6.4,13.25,36,11,200,6.1,18.5,31,160,91.2353515625,304.9002944990837
2025-04-19,1900-01-18 06:00:00,2025-04-19 06:00:00,43,37,10,550,6.8,39,10,500,7.3,36,10,0,6.5,16.25,36,0,0,7,10,35,0,0,7.3,7.5,36,0,0,5.7,8.75,38,0,0,6.3,11.25,36,10,210,6,17.5,28,190,91.0400390625,306.53802582593636
2025-04-19,1900-01-18 08:00:00,2025-04-19 08:00:00,30,38,10,550,6.4,39,10,500,7.1,37,10,0,6.1,16.75,36,0,0,6.8,10.25,35,0,0,7.1,7.75,36,0,0,5.5,8.5,38,0,0,6.1,11.75,36,10,210,5.8,17.25,29,190,90.576171875,303.91119290906937
2025-04-19,1900-01-18 10:00:00,2025-04-19 10:00:00,44,38,10,550,6.6,38,10,500,6.8,38,10,0,6.2,17,37,0,0,6.7,10.75,36,0,0,6.9,8,36,0,0,5.6,9,38,0,0,6,11.5,36,10,220,6,17.25,30,200,90.9138946533203,306.8663191691041
2025-04-19,1900-01-18 12:00:00,2025-04-19 12:00:00,37,38,10,550,6.5,38,10,500,6.9,37,10,0,6.1,11.25,37,0,0,6.5,10.25,36,0,0,6.8,7.5,36,0,0,5.7,8.75,37,0,0,6.1,12.25,36,10,220,5.9,17,29,200,91.0074844360352,304.7685192097289
2025-04-19,1900-01-18 14:00:00,2025-04-19 14:00:00,38,39,11,550,6.8,39,11,550,7.1,36,11,0,6.1,7.5,38,0,0,6.2,10,36,0,0,5.6,7.5,35,0,0,5.7,8.75,35,0,0,6.8,12.5,36,11,220,6.8,15.25,29,200,91.46728515625,292.06886610640214
2025-04-19,1900-01-18 16:00:00,2025-04-19 16:00:00,48,39,11,550,6.5,39,11,550,7,36,10,0,6.3,5,37,0,0,6.4,10.25,36,0,0,5.8,7.75,35,0,0,5.9,8.5,35,0,0,6.7,12.5,36,11,220,6.7,16.75,29,200,90.9423828125,306.90212689541903
2025-04-19,1900-01-18 18:00:00,2025-04-19 18:00:00,45,39,10,350,6.9,38,10,450,0,36,0,0,7,8.75,36,0,0,7.1,6.25,35,0,0,6.6,7,35,0,0,7.5,8.75,34,0,0,7,13.75,34,10,200,6.8,17.5,27,160,92.28515625,314.4253954811332
2025-04-19,1900-01-18 20:00:00,2025-04-19 20:00:00,43,39,10,450,7.1,39,10,450,0,36,0,0,7.1,11.25,36,0,0,7,7.5,36,0,0,6.8,3.75,35,0,0,7.1,13.75,34,0,0,7.1,10,34,10,200,7.3,18,29,160,92.5333633422852,316.9603582439323
2025-04-19,1900-01-18 22:00:00,2025-04-19 22:00:00,41,39,10,500,7.3,38,10,500,0,34,0,0,7.1,15,36,0,0,6.8,5,35,0,0,6.9,11.75,34,0,0,6.5,7.5,33,0,0,7.4,8.75,33,10,190,7,17.5,27,150,92.83447265625,317.8433645076429
2025-04-19,1900-01-19 00:00:00,2025-04-20 00:00:00,45,40,10,500,7.1,39,10,500,0,35,0,0,6.9,15.25,36,0,0,6.5,8.25,36,0,0,6.8,8.75,34,0,0,6.3,7.5,34,0,0,7.4,10,33,10,200,7.1,17.25,28,150,92.8141250610352,317.9741750564116
2025-04-19,1900-01-19 02:00:00,2025-04-20 02:00:00,43,40,10,500,7.2,40,10,500,0,36,0,0,6.8,16.25,36,0,0,6.3,11.25,36,0,0,6.9,8.75,35,0,0,6.4,8,35,0,0,7.6,11.25,34,10,210,7.1,16.75,29,150,92.6066055297852,317.8221445719401
2025-04-19,1900-01-19 04:00:00,2025-04-20 04:00:00,44,40,10,500,7.2,40,10,500,0,37,0,0,6.9,18.75,37,0,0,7,8.75,36,0,0,7.1,6.25,35,0,0,6.7,7.5,35,0,0,6.9,10,33,10,190,6.9,15,30,140,92.7693634033203,319.34739119336007
2025-04-20,1900-01-19 06:00:00,2025-04-20 06:00:00,44,37,11,500,6.4,36,11,550,6.3,36,11,0,5.8,15.25,35,11,0,5.8,11.5,35,11,0,5.8,8.75,35,11,0,5.9,8.25,34,11,0,5.9,13.25,36,11,190,5.8,18.5,30,150,94.2301406860352,333.90600916544594
2025-04-20,1900-01-19 08:00:00,2025-04-20 08:00:00,42,40,11,650,6.4,33.9,11,550,6.1,38,11,0,6.1,17.5,36,0,0,5.9,10,35,0,0,5.8,5.75,36,0,0,5.8,8.75,35,0,0,7.2,11.25,35,11,180,7.4,13.75,29,130,94.29931640625,335.50166346232095
2025-04-20,1900-01-19 10:00:00,2025-04-20 10:00:00,40,38,11,650,6.7,38,10,550,6,37,10,0,6.3,17.5,37,0,0,5.7,12,36,0,0,5.9,6.25,36,0,0,5.8,5,35,0,0,7,11.25,3,10,180,7.5,21.25,29,150,94.3318634033203,335.4970831553141
2025-04-20,1900-01-19 12:00:00,2025-04-20 12:00:00,45,40,11,600,6.6,40,10,600,6.2,37,10,0,6.2,16.25,37,0,0,5.5,12.5,36,0,0,5.7,7.5,37,0,0,5.9,4,36,0,0,6.9,15.5,34,10,190,7.1,18.75,30,150,94.3196563720703,335.8866231282552
2025-04-20,1900-01-19 14:00:00,2025-04-20 14:00:00,44,43,11,550,6.4,40,11,550,6.1,39,10,0,6.1,16,38,0,0,5.4,12.5,38,0,0,5.5,7.5,36,0,0,5.7,4,35,0,0,7.3,12.5,34,10,190,6.9,18.5,31,170,94.3888320922852,316.4571277630748
2025-04-20,1900-01-19 16:00:00,2025-04-20 16:00:00,43,43,11,500,6.2,41,11,500,5.9,40,10,0,5.7,15,38,0,0,5.2,12.5,38,0,0,5.4,7.5,36,0,0,5.5,5,36,0,0,7.1,12.5,35,10,190,6.8,18.25,32,170,92.1142578125,282.6293647424628
2025-04-20,1900-01-19 18:00:00,2025-04-20 18:00:00,38,42,11,500,6.4,41,11,500,6,40,10,0,5.9,15.25,38,0,0,5.4,12.5,38,0,0,5.7,7.5,36,0,0,5.6,6.25,35,0,0,7,12.5,35,10,190,6.5,18.25,31,170,93.3553009033203,338.9062506357829
2025-04-20,1900-01-19 20:00:00,2025-04-20 20:00:00,44,42,11,500,6.5,41,11,500,6.8,40,0,0,6.8,16.75,41,0,0,6,12.5,39,0,0,6.1,7.5,37,0,0,6.8,6.25,36,0,0,7.3,12.5,36,10,190,7.8,18.75,31,150,93.2291641235352,338.0960650126139
2025-04-20,1900-01-19 22:00:00,2025-04-20 22:00:00,43,42,11,500,6.8,42,11,500,7,40,0,0,6.5,17.5,40,0,0,6.2,12.75,38,0,0,6.3,7.75,36,0,0,6.8,6.5,37,0,0,7.1,12.5,36,10,190,7.5,21.25,30,160,93.54248046875,335.0556996663411
2025-04-20,1900-01-20 00:00:00,2025-04-21 00:00:00,40,39,11,500,6.3,40,11,500,6.8,40,0,0,6.8,17,39,0,0,6.1,12.5,39,0,0,6.1,7.5,37,0,0,6.5,10,36,0,0,7.3,8,35,10,190,7.3,20.75,30,160,93.5791015625,336.72863655090333
2025-04-20,1900-01-20 02:00:00,2025-04-21 02:00:00,40,39,10,500,7.1,38,10,450,7.3,39,0,0,6.7,16.75,38,0,0,6.3,12.5,37,0,0,6.5,7.25,36,0,0,6.3,10.5,36,0,0,7.1,8.75,35,10,190,7.5,20,29,150,93.310546875,336.44217681884766
2025-04-20,1900-01-20 04:00:00,2025-04-21 04:00:00,44,40,10,450,7.3,39,10,450,7.5,40,0,0,6.8,17.25,38,0,0,6.6,12.25,39,0,0,6.3,7.5,36,0,0,6.8,9.75,35,0,0,7,8.75,35,10,170,7.3,20,28,130,93.4610977172852,336.7648063659668
2025-04-21,1900-01-20 06:00:00,2025-04-21 06:00:00,44,40,10,500,7.2,40,10,500,0,37,0,0,6.9,18.75,37,0,0,7,8.75,36,0,0,7.1,6.25,35,0,0,6.7,7.5,35,0,0,6.9,10,33,10,190,6.9,15,30,140,93.4244766235352,336.67486406962075
2025-04-21,1900-01-20 08:00:00,2025-04-21 08:00:00,46,38,10.11,500,6.7,38,1.49,500,6.2,38,10.74,0,6.1,16.25,38,10.91,0,6,8.12,38,11.05,0,5.8,7.5,38,10.85,0,5.9,8.75,37,10.4,0,7.1,12.5,38,10.1,250,7.4,16.5,33,220,93.408203125,334.94309514363607
2025-04-21,1900-01-20 10:00:00,2025-04-21 10:00:00,45,37,10.3,2000,6.4,39,10.4,850,6.1,38,10.4,0,6.2,17.5,38,10.6,0,6.1,11.25,40,10.7,0,5.9,7.5,37,10.9,0,5.7,7.5,37,10.9,0,7.2,11.25,36,10.9,230,7.5,16.25,29,210,94.0144805908203,319.64590441385906
2025-04-21,1900-01-20 12:00:00,2025-04-21 12:00:00,41,38,10.1,1250,6.1,39,10.2,900,6.4,38,10.4,0,6,16.25,37,10.6,0,5.9,12,39,10.7,0,5.9,7.5,37,10.9,0,5.4,8.75,36,10.9,0,6.9,12.5,37,10.9,230,7.1,16.25,30,210,93.32275390625,316.71537488301595
2025-04-21,1900-01-20 14:00:00,2025-04-21 14:00:00,41,39,9.7,800,6.3,39,10,900,6.2,37,10.4,0,6.2,6.25,36,10.5,0,6.3,12.5,38,10.7,0,5.7,7.5,37,10.9,0,5.3,9.5,36,10.9,0,7.1,12,38,10.8,220,7.2,16.25,32,190,94.0022735595703,331.076629892985
2025-04-21,1900-01-20 16:00:00,2025-04-21 16:00:00,45,40,10.1,750,6.1,40,10.9,550,6.7,35,10.1,0,6.1,0,37,10.3,0,5.8,11.75,38,10.2,0,6.2,7,36,10.6,0,5.8,7.75,36,10.7,0,7.1,12.5,36,10.7,220,7.4,16.25,32,160,93.66455078125,334.3419663747152
2025-04-21,1900-01-20 18:00:00,2025-04-21 18:00:00,43,40,10.4,650,6.3,40,10.8,550,6.5,36,10.1,0,6,0,37,10.3,0,6,12,38,10.3,0,6.1,7,36,10.6,0,5.5,8.75,36,10.7,0,6.9,12.25,36,10.7,220,7.1,16.5,32,170,93.7255859375,355.597029876709
2025-04-21,1900-01-20 20:00:00,2025-04-21 20:00:00,45,37,11,400,7.1,37,11,500,7.1,37,0,0,7.8,11.25,37,0,0,7.2,8.75,37,0,0,5.4,7.5,36,0,0,5.5,10,35,0,0,7.9,12.5,35,10,200,7.8,17.5,30,130,93.7215118408203,341.0068230946859
2025-04-21,1900-01-20 22:00:00,2025-04-21 22:00:00,41,38,11,400,7.3,39,11,500,7.4,38,0,0,7.6,12.5,37,0,0,7.4,8.75,37,0,0,5.3,6.25,36,0,0,5.7,8.75,35,0,0,7.6,12.5,36,10,200,7.5,17.5,30,130,93.7906875610352,336.32655868530276
2025-04-21,1900-01-21 00:00:00,2025-04-22 00:00:00,43,40,10,300,7.1,38,10,500,7.3,38,0,0,7,13.75,37,0,0,7.1,6.25,35,0,0,5.6,8.75,36,0,0,5.4,10,35,0,0,7.5,9.25,35,10,220,7.3,17.5,30,140,93.9453125,339.9339307149251
2025-04-21,1900-01-21 02:00:00,2025-04-22 02:00:00,-,39,10,350,7.1,39,10,500,7,38,0,0,7.1,13.75,38,0,0,7.2,6.25,37,0,0,5.3,8.5,36,0,0,5.5,10,35,0,0,7.6,9.25,35,10,220,7.5,17.25,-,-,68.6726837158203,218.4783716360728
2025-04-21,1900-01-21 04:00:00,2025-04-22 04:00:00,-,39,10,350,7,39,10,500,7.2,37,0,0,7.3,13.5,37,0,0,7.2,6.5,36,0,0,5.8,8.75,36,0,0,5.6,9.5,36,0,0,7.5,8.75,35,10,210,7.6,17.5,-,-,71.1140899658203,36.44700022059649
2025-04-22,1900-01-21 06:00:00,2025-04-22 06:00:00,-,40,10,350,7.3,38,10,500,7.1,38,0,0,7.6,13.75,37,0,0,7.1,6.25,37,0,0,5.4,8.75,36,0,0,5.4,10.25,35,0,0,7.6,9.25,35,10,220,7.3,17.5,-,-,71.044921875,0
2025-04-22,1900-01-21 08:00:00,2025-04-22 08:00:00,0,41,10.9,400,6.7,43,10.7,450,6.3,37,10.5,0,5.8,12.5,37,10.5,0,5.4,7.75,38,10.5,0,5.3,7.5,36,10.3,0,5.2,8.75,36,10.2,0,6.2,7.5,37,10.3,200,6.4,16.25,29,180,71.05712890625,0
2025-04-22,1900-01-21 10:00:00,2025-04-22 10:00:00,40,40,10,400,6.5,42,10,450,6.1,0,0,0,0,0,37,0,0,5.6,7.5,37,0,0,5.2,7.5,36,0,0,5.3,7.25,25,0,0,6.1,7.75,37,10,200,6.5,16.5,31,170,87.5691680908203,119.95707963307699
2025-04-22,1900-01-21 12:00:00,2025-04-22 12:00:00,40,42,10,450,6.4,41,10,500,6.2,0,0,0,0,0,38,0,0,5.4,6,38,0,0,5,6,37,0,0,5.1,8.25,36,0,0,6.4,7.5,47,10,200,6.2,16.5,31,170,95.0642852783203,231.52813853813956
2025-04-22,1900-01-21 14:00:00,2025-04-22 14:00:00,41,42,10,500,6.2,41,10,500,6.1,0,0,0,0,0,38,0,0,5.2,6.25,37,0,0,5.6,6.25,36,0,0,5,6.25,38,0,0,6.7,7.75,39,10,190,6.4,16.25,32,170,95.0846328735352,261.7232106679585
2025-04-22,1900-01-21 16:00:00,2025-04-22 16:00:00,37,41,11,500,6,40,10,500,6.4,0,0,0,0,0,40,0,0,6.6,6.25,39,0,0,5.5,6.25,37,0,0,5.7,6.25,38,0,0,7,7.5,40,10,180,6.2,16.25,33,160,95.1334609985352,264.26998984272745
2025-04-22,1900-01-21 18:00:00,2025-04-22 18:00:00,44,42,10,500,6.1,41,10,550,6.3,38,0,0,6.1,13.75,40,0,0,6.2,11.5,3.9,0,0,5.7,6.75,38,0,0,5.9,6.5,38,0,0,6.9,10,39,10,180,6.4,15,34,150,95.0968399047852,266.65231940315573
2025-04-22,1900-01-21 20:00:00,2025-04-22 20:00:00,46,40,10,450,7,40,10,450,7,39,0,0,4.9,13.75,40,0,0,5.6,12.5,38,0,0,4.5,8.75,38,0,0,5.1,6.25,37,0,0,6.5,11.75,35,10,170,7.1,18,33,140,88.7247695922852,304.79251040709204
2025-04-22,1900-01-21 22:00:00,2025-04-22 22:00:00,39,41,10,450,7.1,40,10,450,7.3,38,0,0,5.1,16.25,39,0,0,5.2,8.75,37,0,0,4.9,8.5,39,0,0,5.2,10,36,0,0,6.3,8.75,35,10,160,6.9,17.5,30,140,89.306640625,358.34032643636067
2025-04-22,1900-01-22 00:00:00,2025-04-23 00:00:00,40,38,10,600,7,39,10,500,7.1,41,0,0,6.1,16.5,42,0,0,5.3,11.25,39,0,0,5.1,6.25,39,0,0,5.5,10,38,0,0,6.5,13.75,38,10,170,6.7,13.25,30,140,89.1682891845703,354.8787124633789
2025-04-22,1900-01-22 02:00:00,2025-04-23 02:00:00,39,39,10,500,7.3,38,10,450,7,37,0,0,6.3,16.75,38,0,0,5.8,11.75,38,0,0,5.3,6.5,36,0,0,5.4,10.5,36,0,0,6.6,13.5,37,10,140,7.1,13.75,31,120,89.8274688720703,350.79547653198244
2025-04-22,1900-01-22 04:00:00,2025-04-23 04:00:00,42,37,10,550,7.1,38,10,450,7,39,0,0,5.9,17.5,38,0,0,5.5,12.5,41,0,0,5.7,6.25,40,0,0,5.5,10,39,0,0,6.1,15,37,10,170,6.9,15,19,130,90.0431289672852,349.1664258956909
2025-04-23,1900-01-22 06:00:00,2025-04-23 06:00:00,47,39,10,550,7,37,10,450,7.1,38,0,0,5.7,17.25,36,0,0,5.7,12.5,40,0,0,5.9,8.75,37,0,0,6.1,10,36,0,0,6.3,11.25,34,10,170,6.7,15.9,29,140,90.0960235595703,349.53993123372396
2025-04-23,1900-01-22 08:00:00,2025-04-23 08:00:00,49,40,11.7,750,6.2,39,11,500,7.4,39,10.7,0,6.4,17.5,39,10.5,0,6.2,8,38,10.4,0,6,6.25,36,10.2,0,5.6,10,38,10.2,0,7,11.25,,10.3,180,6.6,13.75,31,130,91.7032852172852,346.0700000762939
2025-04-23,1900-01-22 10:00:00,2025-04-23 10:00:00,45,41,10.5,600,6.4,40,10.8,600,7.1,40,10.5,0,6.2,16.25,39,10.4,0,6,8.75,38,10.3,0,6.1,6.5,37,10.1,0,5.4,10,37,10.2,0,7.2,12,,10.3,150,6.8,28.75,27,120,91.6951446533203,344.2878330230713
2025-04-23,1900-01-22 12:00:00,2025-04-23 12:00:00,43,41,10,400,6.1,40,10.4,500,6.8,40,10.4,0,6.5,17,39,10.3,0,6.3,15,37,10.2,0,6.4,8.5,36,10.1,0,5.8,6.25,37,10.1,0,6.9,12.5,,10.3,150,6.7,18.75,29,140,91.2801055908203,343.8120911916097
2025-04-23,1900-01-22 14:00:00,2025-04-23 14:00:00,43,41,10.6,500,6.2,40,10,1250,6.4,40,10.4,0,6.3,16.5,39,10.3,0,6.1,15,38,10.2,0,6.3,9.5,37,10.1,0,5.9,6.25,38,10.2,0,7.1,10,,10.3,170,7.2,23.25,32,150,92.34619140625,341.29099146525067
2025-04-23,1900-01-22 16:00:00,2025-04-23 16:00:00,43,40,11,500,6.1,39,10.7,1000,6.5,39,10.4,0,6.2,16.25,39,10.9,0,6.4,15,40,10.2,0,6,10,39,10.1,0,6.2,6.25,39,10.2,0,7,8.75,,10.3,200,7.6,25,34,160,92.1875,344.36499315897623
2025-04-23,1900-01-22 18:00:00,2025-04-23 18:00:00,42,40,11,550,6.2,41,10.7,800,6.4,36,10.5,0,6.1,12.5,39,10.4,0,6.2,15,39,10.3,0,6.1,10,39,10.2,0,10.3,8,39,10.2,0,7.1,5,,10.2,200,7.4,25,32,160,91.85791015625,346.23155352274574
2025-04-23,1900-01-22 20:00:00,2025-04-23 20:00:00,43,42,10.9,450,6.9,40,10.8,650,6.7,37,10.4,0,6.5,6.75,36,10.7,0,6.2,14.25,36,10.3,0,6.3,8.75,35,10.2,0,6.1,6,36,10.1,0,7.2,8.75,37,10.1,210,7.5,21.25,31,140,92.5211563110352,345.33311564127604
2025-04-23,1900-01-22 22:00:00,2025-04-23 22:00:00,41,38,11,450,7.1,38,11,600,6.9,37,10.6,0,6.6,-,36,10.5,0,6.6,13.75,37,10.4,0,6.3,7.5,36,10.2,0,6.3,6,37,10.2,0,7.1,13.75,37,10.3,190,7.4,17.75,32,150,92.7001953125,347.0129236857096
2025-04-23,1900-01-23 00:00:00,2025-04-24 00:00:00,45,39,10.8,500,6.5,38,10.8,400,6.7,36,10.7,0,6.4,11.25,35,10.7,0,6.4,7.5,36,10.6,0,5.9,8.75,36,10.3,0,6.4,6.25,35,10.2,0,7,13,37,10.3,180,7.2,18.25,30,150,92.7164688110352,346.6232641855876
2025-04-23,1900-01-23 02:00:00,2025-04-24 02:00:00,43,42,11,550,6.2,40,10.9,350,6,38,10.7,0,5.9,16.25,37,10.7,0,5.9,-,37,10.6,0,5.6,8.75,37,10.5,0,6.1,6.25,36,10.3,0,6.9,13,38,10.4,170,7.1,18.25,32,140,92.9036407470703,348.1505588531494
2025-04-23,1900-01-23 04:00:00,2025-04-24 04:00:00,44,39,10.9,500,6.4,37,10.8,550,6.1,38,10.7,0,5.7,17.5,38,10.7,0,5.7,8.75,38,10.6,0,5.7,9,37,10.6,0,6.2,-,36,10.5,0,6.7,12.5,36,10.4,180,6.9,18.25,30,140,93.00537109375,346.70753784179686
2025-04-24,1900-01-23 06:00:00,2025-04-24 06:00:00,47,39,10.8,550,6.3,38,10.9,600,6.5,37,10.8,0,6.4,17.5,37,10.7,0,6.1,9.25,38,10.7,0,6.2,8.25,38,10.6,0,6,6.75,37,10.5,0,6.9,13,37,10.5,190,6.7,16.75,32,160,92.6066055297852,346.15511728922525
2025-04-24,1900-01-23 08:00:00,2025-04-24 08:00:00,41,41,10.7,600,6.6,38,10.6,500,5.1,36,10.6,0,7,15.75,36,10.6,0,7.2,8.25,35,10.4,0,8.4,"8,75",33,10.5,0,7.6,3.75,34,10.3,0,8.3,14.25,36,10.1,380,8.1,18.75,30,250,92.9890899658203,345.0553382873535
2025-04-24,1900-01-23 10:00:00,2025-04-24 10:00:00,43,40,10.7,600,6.5,40,10.7,500,5.8,37,10.6,0,7.3,15.25,36,10.6,0,7.3,7.5,36,10.4,0,7.8,"8,75",33,10.5,0,7.4,4.5,34,10.3,0,8.1,14.5,36,10.4,250,0,18.75,30,190,92.85888671875,343.9918501536051
2025-04-24,1900-01-23 12:00:00,2025-04-24 12:00:00,38,49,10.7,550,6.7,40,10.7,500,6.9,38,10.6,0,7.4,16.25,36,10.6,0,7.4,8.75,36,10.4,0,7.6,8,33,10.5,0,7.4,5,34,10.3,0,9,13.5,36,10.4,240,0,18.5,29,180,92.2566680908203,343.43521003723146
2025-04-24,1900-01-23 14:00:00,2025-04-24 14:00:00,42,10,9.8,500,6.4,40,10.5,500,7.1,39,10.3,0,7.3,15,38,10.5,0,7.3,8,37,10.4,0,7.5,"8,25",35,10.5,0,7.3,5,35,10.5,0,8.1,13.75,36,10.5,240,0,18,30,190,92.49267578125,340.86070048014324
2025-04-24,1900-01-23 16:00:00,2025-04-24 16:00:00,42,41,9.2,500,7.2,41,10.1,500,7.5,41,10.1,0,6.7,16.75,40,10.3,0,6.7,8.75,39,10.4,0,6.2,7.5,37,10.5,0,6.8,6.25,37,10.5,0,7.8,12.5,36,10.5,220,6.8,17.5,30,170,92.41943359375,343.4041041056315
2025-04-24,1900-01-23 18:00:00,2025-04-24 18:00:00,42,40,10.1,500,7.3,40,10.9,500,7.5,41,10.2,0,6.7,15.75,40,10.3,0,6.4,7.5,39,10.4,0,6.4,8.25,39,10.4,0,6.4,6.25,37,10.5,0,7.4,13.75,36,10.5,220,6.5,18.75,30,180,92.0857696533203,344.1151860555013
2025-04-24,1900-01-23 20:00:00,2025-04-24 20:00:00,43,40,11,500,7.1,40,10.9,500,6.7,39,10.5,0,6.5,16.25,37,10.4,0,6.6,10,38,10.4,0,6.8,7.5,36,10.5,0,6.9,6.5,36,10.5,0,7.5,12.5,33,10.4,240,7.9,17,29,190,92.8019180297852,344.08251253763837
2025-04-24,1900-01-23 22:00:00,2025-04-24 22:00:00,43,40,11,500,7.3,40,10.8,500,7.1,38,10.6,0,6.7,16.5,38,10.5,0,6.3,10.25,37,10.4,0,6.8,7.25,37,10.5,0,6.7,6.75,35,10.5,0,6.9,12.5,35,10.5,230,7.3,16.75,32,190,92.8629531860352,344.63806940714517
2025-04-24,1900-01-24 00:00:00,2025-04-25 00:00:00,41,43,10.8,450,7,40,10.9,500,6.9,40,10.9,0,6.4,16,39,10.8,0,6.5,9.25,37,10.7,0,6.4,7,37,10.4,0,6.3,6.25,35,10.4,0,7.3,11.75,36,10.4,230,7.5,16.25,34,180,92.8629531860352,342.48649673461915
2025-04-24,1900-01-24 02:00:00,2025-04-25 02:00:00,41,40,10.7,450,7.3,39,10.8,500,7.2,38,10.7,0,6.7,15.75,38,10.6,0,6.6,10,38,10.6,0,6.5,7.5,38,10.5,0,6.8,6.25,36,10.5,0,7.1,11.75,36,10.4,240,7.2,16.75,33,180,92.9768829345703,343.21277033487956
2025-04-24,1900-01-24 04:00:00,2025-04-25 04:00:00,38,41,10.5,400,7,41,10.9,450,6.5,41,10.7,0,6.5,15.75,37,10.6,0,6.7,9.5,37,10.6,0,6.3,6.25,37,10.4,0,6.5,7,35,10.5,0,7,12.5,35,10.4,230,7.3,17.5,31,150,93.0094375610352,343.86393280029296
