date,cu_regime,guidance_status,throughput_tpd,cu_feed_ppm,cu_solution_ppm_avg,free_cn_ppm_avg,wad_gpl_avg,complexed_cn_gpl_avg,specific_nacn_kgpt,nacn_consumption_tpd,recovery_au_pct,expected_nacn_tpd_band_regime,expected_specific_nacn_band_regime,expected_free_cn_band_regime,analogue_count,expected_nacn_tpd_band_analog,expected_specific_nacn_band_analog,expected_free_cn_band_analog,guidance_comment
2025-01-01,Medium Cu,Normal,13872.0414,324.0156719777839,1118.75,432.75,4.199375,3.766625,2.018448416683647,28.0,76.71389706313914,12.8 to 29.4,1.29 to 2.81,347 to 597,30,15.4 to 28.0,1.22 to 2.14,348 to 511,Medium-Cu regime: operate near historical median band and monitor Cu trend closely.
2025-01-02,Medium Cu,Normal,12805.4052,396.8076174791777,1239.1785714285716,465.25,4.613214285714285,4.147964285714285,2.1865766496791528,28.0,80.62971691568066,12.8 to 29.4,1.29 to 2.81,347 to 597,30,15.8 to 27.8,1.25 to 2.14,356 to 511,Medium-Cu regime: operate near historical median band and monitor Cu trend closely.
2025-01-03,Medium Cu,Normal,13264.1838,197.67810683982842,1266.8125,610.34375,4.9865625,4.37621875,2.7140757805240905,36.0,81.1526191616445,12.8 to 29.4,1.29 to 2.81,347 to 597,30,15.2 to 27.0,1.23 to 2.14,429 to 618,Medium-Cu regime: operate near historical median band and monitor Cu trend closely.
2025-01-04,Medium Cu,Normal,11038.5786,279.64294629511215,1315.607142857143,645.8214285714286,5.213928571428571,4.5681071428571425,2.8989239610976725,32.0,83.48163250945768,12.8 to 29.4,1.29 to 2.81,347 to 597,30,13.7 to 28.0,1.22 to 2.21,437 to 618,Medium-Cu regime: operate near historical median band and monitor Cu trend closely.
2025-01-05,Medium Cu,Normal,11847.4524,327.91265551095114,1385.0625,661.71875,5.4646875,4.80296875,2.025751966726619,24.0,82.35977864997088,12.8 to 29.4,1.29 to 2.81,347 to 597,30,15.8 to 25.1,1.37 to 2.24,360 to 594,Medium-Cu regime: operate near historical median band and monitor Cu trend closely.
2025-01-06,Medium Cu,Normal,12205.242,926.1856456351634,1434.0,544.3125,5.421875,4.8775625,1.2453665400489395,15.2,79.06584499867073,12.8 to 29.4,1.29 to 2.81,347 to 597,30,15.2 to 27.0,1.23 to 2.14,412 to 594,Medium-Cu regime: operate near historical median band and monitor Cu trend closely.
2025-01-07,Medium Cu,Normal,11263.639799999999,452.89439326376123,1445.5625,682.59375,5.6078125000000005,4.925218750000001,1.3672312212966895,15.399999999999999,76.60067356706939,12.8 to 29.4,1.29 to 2.81,347 to 597,30,12.1 to 23.5,0.96 to 1.81,480 to 676,Medium-Cu regime: operate near historical median band and monitor Cu trend closely.
2025-01-08,Medium Cu,Normal,11768.5848,104.24421745815431,1275.21875,865.34375,5.3884375,4.52309375,1.3765461417247042,16.2,73.72530768996914,12.8 to 29.4,1.29 to 2.81,347 to 597,30,12.7 to 21.9,0.99 to 1.69,525 to 752,Medium-Cu regime: operate near historical median band and monitor Cu trend closely.
2025-01-09,Medium Cu,Normal,12491.8584,564.7455690970718,1269.0714285714287,523.0,4.903928571428571,4.380928571428571,0.6724379776831284,8.4,77.47612339372272,12.8 to 29.4,1.29 to 2.81,347 to 597,30,15.6 to 28.0,1.23 to 2.14,387 to 530,Medium-Cu regime: operate near historical median band and monitor Cu trend closely.
2025-01-10,Medium Cu,Normal,3274.929,160.5835936596089,1183.5,388.375,4.33,3.941625,2.4428010500380313,8.0,84.2169443479963,12.8 to 29.4,1.29 to 2.81,347 to 597,30,8.0 to 19.5,1.14 to 3.05,315 to 471,Medium-Cu regime: operate near historical median band and monitor Cu trend closely.
2025-01-11,Medium Cu,Normal,4485.8351999999995,,1167.3333333333333,308.5,4.181666666666667,3.8731666666666666,0.0,0.0,61.77446626762414,12.8 to 29.4,1.29 to 2.81,347 to 597,30,8.3 to 22.0,1.13 to 3.05,310 to 448,Medium-Cu regime: operate near historical median band and monitor Cu trend closely. Recovery is in the lower historical range.
2025-01-12,Medium Cu,Normal,11272.296,767.805863122477,1073.5,356.34375,4.008125,3.6517812499999995,1.774261428195285,20.0,78.14596450746379,12.8 to 29.4,1.29 to 2.81,347 to 597,30,14.0 to 24.5,1.36 to 2.01,315 to 465,Medium-Cu regime: operate near historical median band and monitor Cu trend closely.
2025-01-13,Medium Cu,Normal,13061.244,394.18811524715346,1115.25,303.46875,4.03125,3.72778125,1.2249981701589834,16.0,79.05487304287395,12.8 to 29.4,1.29 to 2.81,347 to 597,30,15.4 to 27.3,1.23 to 2.14,329 to 486,Medium-Cu regime: operate near historical median band and monitor Cu trend closely.
2025-01-14,Medium Cu,Normal,12081.1698,425.08886486498346,1094.78125,284.0625,3.9387499999999998,3.6546874999999996,1.6554688271991675,20.0,79.934373717704,12.8 to 29.4,1.29 to 2.81,347 to 597,30,14.9 to 24.4,1.22 to 2.16,329 to 486,Medium-Cu regime: operate near historical median band and monitor Cu trend closely. Free CN is in the lower historical range.
2025-01-15,Medium Cu,Normal,9078.4302,372.28323455956314,1219.96875,355.875,4.4159375,4.0600625,2.7031105003153515,24.54,81.23141556427326,12.8 to 29.4,1.29 to 2.81,347 to 597,30,12.1 to 26.7,1.29 to 2.24,325 to 465,Medium-Cu regime: operate near historical median band and monitor Cu trend closely.
2025-01-16,Medium Cu,Normal,6530.241570469501,200.37208872391992,1186.78125,451.65625,4.5218750000000005,4.07021875,4.440877062058671,29.0,82.75234621125969,12.8 to 29.4,1.29 to 2.81,347 to 597,30,8.3 to 22.1,1.13 to 2.87,323 to 484,Medium-Cu regime: operate near historical median band and monitor Cu trend closely. Specific NaCN is already in the upper historical range.
2025-01-17,Medium Cu,Normal,9656.380827523106,234.95531369639338,1165.09375,580.53125,4.748125,4.16759375,1.6983588668392084,16.4,78.8719431860514,12.8 to 29.4,1.29 to 2.81,347 to 597,30,12.1 to 21.2,0.99 to 2.28,436 to 608,Medium-Cu regime: operate near historical median band and monitor Cu trend closely.
2025-01-18,Medium Cu,Normal,11827.843342491684,334.20108297662733,1253.78125,427.875,4.8975,4.469625,1.4372865371768389,17.0,82.53587865136848,12.8 to 29.4,1.29 to 2.81,347 to 597,30,15.4 to 28.8,1.23 to 2.44,366 to 521,Medium-Cu regime: operate near historical median band and monitor Cu trend closely.
2025-01-19,Medium Cu,Normal,10851.085521338264,552.254755381753,1351.4375,406.53125,5.188437499999999,4.781906249999999,2.2117602845176068,24.0,80.23349053350091,12.8 to 29.4,1.29 to 2.81,347 to 597,30,15.4 to 28.8,1.23 to 2.65,357 to 521,Medium-Cu regime: operate near historical median band and monitor Cu trend closely.
2025-01-20,Medium Cu,Normal,14634.465314931611,432.790955227524,1355.0625,466.75,5.314687500000001,4.8479375000000005,1.298305034801252,19.0,72.55624247292751,12.8 to 29.4,1.29 to 2.81,347 to 597,30,15.4 to 28.0,1.23 to 2.32,352 to 530,Medium-Cu regime: operate near historical median band and monitor Cu trend closely.
2025-01-21,Medium Cu,Normal,13057.241620118302,172.4533652396672,1303.6875,532.21875,5.198125,4.66590625,1.225373663557513,16.0,72.60004029723375,12.8 to 29.4,1.29 to 2.81,347 to 597,30,13.7 to 28.0,1.22 to 2.16,387 to 541,Medium-Cu regime: operate near historical median band and monitor Cu trend closely.
2025-01-22,Medium Cu,Normal,13459.378438654961,123.9056880437269,1197.875,885.40625,5.4690625,4.58365625,1.1516133579753156,15.5,80.37024957904451,12.8 to 29.4,1.29 to 2.81,347 to 597,30,13.9 to 26.0,1.11 to 2.05,583 to 752,Medium-Cu regime: operate near historical median band and monitor Cu trend closely.
2025-01-23,Medium Cu,Normal,14803.328800000001,294.04683422631564,1154.90625,738.75,5.2234375,4.4846875,0.5404189900855272,8.0,78.37714501143867,12.8 to 29.4,1.29 to 2.81,347 to 597,30,14.8 to 23.6,1.01 to 1.75,502 to 676,Medium-Cu regime: operate near historical median band and monitor Cu trend closely.
2025-01-24,Medium Cu,Normal,7972.933800000001,1123.3046088556052,1182.84375,339.5,4.4909375,4.1514375,2.0067895208160387,16.0,82.35079627998584,12.8 to 29.4,1.29 to 2.81,347 to 597,30,11.6 to 25.0,1.29 to 2.44,316 to 451,Medium-Cu regime: operate near historical median band and monitor Cu trend closely.
2025-01-25,Medium Cu,Normal,14648.5702,334.5709134506518,1177.3125,330.8125,4.4818750000000005,4.1510625,1.3653209649089164,20.0,74.97185647214779,12.8 to 29.4,1.29 to 2.81,347 to 597,30,19.2 to 30.0,1.36 to 2.44,302 to 414,Medium-Cu regime: operate near historical median band and monitor Cu trend closely.
2025-01-26,Medium Cu,Normal,11894.4403,682.1351692931322,1167.21875,477.28125,4.703125,4.22584375,1.0088747093043124,12.0,79.35484106979419,12.8 to 29.4,1.29 to 2.81,347 to 597,30,15.4 to 28.8,1.23 to 2.32,387 to 530,Medium-Cu regime: operate near historical median band and monitor Cu trend closely.
2025-01-27,Medium Cu,Normal,14927.517800000001,400.4651329933533,1170.15625,497.59375,4.61809375,4.1205,1.3398074795797597,20.0,76.7453825707415,12.8 to 29.4,1.29 to 2.81,347 to 597,30,16.0 to 28.0,1.23 to 2.21,363 to 530,Medium-Cu regime: operate near historical median band and monitor Cu trend closely.
2025-01-28,Medium Cu,Normal,14361.9802,905.0081694718865,1183.0,483.75,4.5975,4.1137500000000005,1.6710787555604623,24.0,79.65115048409766,12.8 to 29.4,1.29 to 2.81,347 to 597,30,16.0 to 28.0,1.23 to 2.21,363 to 530,Medium-Cu regime: operate near historical median band and monitor Cu trend closely.
2025-01-29,Medium Cu,Normal,13638.8181,134.71331420927956,1182.4375,328.5625,4.2571875,3.928625,1.759683267569937,24.0,78.05307161261359,12.8 to 29.4,1.29 to 2.81,347 to 597,30,16.2 to 27.3,1.24 to 2.32,328 to 486,Medium-Cu regime: operate near historical median band and monitor Cu trend closely.
2025-01-30,Medium Cu,Normal,13598.6955,277.3555699177987,1156.71875,657.59375,4.751875,4.09428125,2.353166890162369,32.0,77.73146018033866,12.8 to 29.4,1.29 to 2.81,347 to 597,30,13.7 to 27.0,1.22 to 2.01,429 to 640,Medium-Cu regime: operate near historical median band and monitor Cu trend closely.
2025-01-31,Medium Cu,Normal,10475.819800000001,822.1483730830081,1044.1071428571427,787.9285714285714,4.618571428571429,3.8306428571428577,0.7636633841296124,8.0,79.06885205735257,12.8 to 29.4,1.29 to 2.81,347 to 597,30,15.6 to 24.0,1.26 to 2.15,364 to 603,Medium-Cu regime: operate near historical median band and monitor Cu trend closely.
2025-02-01,Medium Cu,Normal,12038.6906,96.10403617983927,1024.5625,1000.75,4.8359375,3.8351875,1.32904819399545,16.0,75.5395360200409,12.8 to 29.4,1.29 to 2.81,347 to 597,30,15.4 to 24.0,1.23 to 2.14,364 to 603,Medium-Cu regime: operate near historical median band and monitor Cu trend closely.
2025-02-02,Medium Cu,Normal,12606.1388,167.366513332313,965.25,774.25,4.428928571428571,3.654678571428571,1.2692228963875918,16.0,74.55801097676621,12.8 to 29.4,1.29 to 2.81,347 to 597,30,15.6 to 24.0,1.23 to 2.02,369 to 637,Medium-Cu regime: operate near historical median band and monitor Cu trend closely.
2025-02-03,Medium Cu,Normal,13415.277900000001,165.9870340244222,975.875,477.90625,4.0528125,3.5749062499999997,0.8945025283449402,12.0,72.73974989997392,12.8 to 29.4,1.29 to 2.81,347 to 597,30,16.0 to 24.0,1.25 to 2.02,412 to 655,Medium-Cu regime: operate near historical median band and monitor Cu trend closely.
2025-02-04,Medium Cu,Normal,10628.667800000001,308.4589497793566,1024.3333333333335,406.625,4.084583333333333,3.6779583333333328,0.7526813473274608,8.0,76.1119488987701,12.8 to 29.4,1.29 to 2.81,347 to 597,30,15.2 to 24.0,1.23 to 2.14,364 to 594,Medium-Cu regime: operate near historical median band and monitor Cu trend closely.
2025-02-05,Low Cu,Normal,8676.9899,183.02341795558854,822.75,900.6999999999999,4.048,3.1473,1.8439574304448596,16.0,74.91929765775755,6.8 to 15.0,0.74 to 1.47,427 to 693,30,15.2 to 24.0,1.23 to 2.14,429 to 655,Low-Cu regime: lower reagent band may be adequate if free CN remains stable.
2025-02-06,Low Cu,Normal,7164.75,74.26428925729238,696.4583333333334,888.1666666666667,3.610833333333334,2.722666666666667,1.674866534073066,12.0,82.34487114187361,6.8 to 15.0,0.74 to 1.47,427 to 693,30,12.8 to 23.0,1.17 to 2.14,434 to 676,Low-Cu regime: lower reagent band may be adequate if free CN remains stable.
2025-02-07,Low Cu,Normal,40.1226,84.60975609756099,720.5,811.0,3.655,2.844,99.69443655196822,4.0,99.59060818933675,6.8 to 15.0,0.74 to 1.47,427 to 693,30,12.0 to 23.0,1.17 to 2.14,412 to 725,Low-Cu regime: lower reagent band may be adequate if free CN remains stable. Specific NaCN is already in the upper historical range.
2025-02-09,Low Cu,Normal,629.5427000000001,84.60975609756099,736.5,695.5,3.5475000000000003,2.8520000000000003,0.0,0.0,75.26697918824078,6.8 to 15.0,0.74 to 1.47,427 to 693,30,12.0 to 23.0,1.23 to 2.16,407 to 676,Low-Cu regime: lower reagent band may be adequate if free CN remains stable.
2025-02-10,Low Cu,Normal,12256.499,175.93141381112062,702.90625,646.78125,3.3359375,2.68915625,0.9790724088501945,12.0,79.25603613608946,6.8 to 15.0,0.74 to 1.47,427 to 693,30,15.4 to 23.0,1.23 to 1.82,412 to 676,Low-Cu regime: lower reagent band may be adequate if free CN remains stable.
2025-02-11,Low Cu,Normal,12047.2883,212.58071851319798,719.09375,623.0625,3.3478125,2.72475,0.9960747764291488,12.0,80.11161485706951,6.8 to 15.0,0.74 to 1.47,427 to 693,30,12.8 to 24.0,1.23 to 1.95,429 to 655,Low-Cu regime: lower reagent band may be adequate if free CN remains stable.
2025-02-12,Low Cu,Normal,12244.080100000001,365.0659567564711,736.75,457.57142857142856,3.2128571428571426,2.755285714285714,1.3067539471585128,16.0,79.01024135793926,6.8 to 15.0,0.74 to 1.47,427 to 693,30,12.8 to 24.0,1.06 to 2.02,407 to 620,Low-Cu regime: lower reagent band may be adequate if free CN remains stable.
2025-02-13,Low Cu,Normal,11121.6026,103.06663572238742,706.6785714285714,405.17857142857144,3.0285714285714285,2.623392857142857,1.0789811892757255,12.0,76.22733651839343,6.8 to 15.0,0.74 to 1.47,427 to 693,30,15.2 to 24.0,1.23 to 2.02,407 to 571,Low-Cu regime: lower reagent band may be adequate if free CN remains stable.
2025-02-14,Low Cu,Normal,12449.4696,242.9303383702532,692.90625,587.4375,3.2068749999999997,2.6194374999999996,1.606494143332821,20.0,80.00597420132026,6.8 to 15.0,0.74 to 1.47,427 to 693,30,12.0 to 24.0,1.03 to 1.74,429 to 640,Low-Cu regime: lower reagent band may be adequate if free CN remains stable.
2025-02-15,Low Cu,Normal,7895.5545,170.03064860490719,706.8571428571429,773.6071428571429,3.4678571428571425,2.6942499999999994,2.026456786537285,16.0,86.22673124052608,6.8 to 15.0,0.74 to 1.47,427 to 693,30,12.0 to 20.0,1.03 to 1.97,459 to 725,Low-Cu regime: lower reagent band may be adequate if free CN remains stable.
2025-02-16,Low Cu,Normal,634.3192,217.54055268478993,716.0,775.5,3.5424999999999995,2.7669999999999995,6.305973396359435,4.0,95.62294316447296,6.8 to 15.0,0.74 to 1.47,427 to 693,30,12.0 to 16.3,1.03 to 2.02,418 to 774,Low-Cu regime: lower reagent band may be adequate if free CN remains stable. Specific NaCN is already in the upper historical range.
2025-02-17,,Normal,546.4316,543.0405526847899,,,,,0.0,0.0,84.19172161036335,nan to nan,nan to nan,,0,,,,Low-Cu regime: lower reagent band may be adequate if free CN remains stable.
2025-02-18,Low Cu,Normal,9461.2912,352.3638722423684,770.1428571428571,554.25,3.4146428571428573,2.860392857142857,2.1138763808474685,20.0,81.78453596988608,6.8 to 15.0,0.74 to 1.47,427 to 693,30,12.8 to 24.0,1.23 to 2.02,407 to 605,Low-Cu regime: lower reagent band may be adequate if free CN remains stable.
2025-02-19,Low Cu,Normal,13402.859,296.8056378050563,696.21875,708.9375,3.3996875,2.6907500000000004,0.2984437872546447,4.0,79.19150983590728,6.8 to 15.0,0.74 to 1.47,427 to 693,30,12.8 to 20.0,1.1 to 1.69,479 to 725,Low-Cu regime: lower reagent band may be adequate if free CN remains stable.
2025-02-20,Low Cu,Normal,15176.8511,245.87720709947612,616.96875,833.59375,3.3240625,2.4904687500000002,0.5271185667756865,8.0,80.66584996308154,6.8 to 15.0,0.74 to 1.47,427 to 693,30,12.0 to 20.0,1.03 to 1.76,477 to 731,Low-Cu regime: lower reagent band may be adequate if free CN remains stable.
2025-02-21,Low Cu,Normal,15609.602,295.37676064631944,601.96875,646.34375,3.0815625000000004,2.4352187500000007,0.5125050593858831,8.0,82.89588537716428,6.8 to 15.0,0.74 to 1.47,427 to 693,30,12.0 to 20.0,1.0 to 1.76,469 to 731,Low-Cu regime: lower reagent band may be adequate if free CN remains stable.
2025-02-22,Low Cu,Normal,12027.227,363.29214582242685,608.6666666666666,528.4166666666667,2.908333333333333,2.3799166666666665,0.6651574797748475,8.0,80.91056897870192,6.8 to 15.0,0.74 to 1.47,427 to 693,30,12.0 to 19.2,0.92 to 1.83,435 to 702,Low-Cu regime: lower reagent band may be adequate if free CN remains stable.
2025-02-23,Low Cu,Normal,12529.7148,257.10078559976705,640.59375,449.375,2.8187499999999996,2.369375,1.3567746968989272,17.0,80.7777675639388,6.8 to 15.0,0.74 to 1.47,427 to 693,30,9.3 to 19.2,0.8 to 1.74,412 to 674,Low-Cu regime: lower reagent band may be adequate if free CN remains stable.
2025-02-24,Low Cu,Normal,14892.1717,272.87300256426386,635.34375,549.0625,2.9275,2.3784375000000004,1.2086887233512087,18.0,81.51690138818716,6.8 to 15.0,0.74 to 1.47,427 to 693,30,12.0 to 18.5,0.92 to 1.69,466 to 702,Low-Cu regime: lower reagent band may be adequate if free CN remains stable.
2025-02-25,Low Cu,Normal,7481.9096,176.155060352832,640.25,496.25,2.87,2.3737500000000002,0.5346228722143341,4.0,85.4641360383333,6.8 to 15.0,0.74 to 1.47,427 to 693,30,8.1 to 17.8,0.8 to 1.97,450 to 702,Low-Cu regime: lower reagent band may be adequate if free CN remains stable.
2025-02-26,Low Cu,Normal,8853.7204,285.0978912127096,705.5416666666666,302.66666666666663,2.7824999999999998,2.479833333333333,0.45178747682160825,4.0,77.18585120230938,6.8 to 15.0,0.74 to 1.47,427 to 693,30,12.0 to 20.0,0.92 to 1.77,369 to 553,Low-Cu regime: lower reagent band may be adequate if free CN remains stable.
2025-02-27,Low Cu,Normal,5191.1002,101.4213011705561,678.0833333333333,289.75,2.6841666666666666,2.3944166666666664,2.119011303230094,11.0,82.70437936357166,6.8 to 15.0,0.74 to 1.47,427 to 693,30,8.0 to 19.2,0.92 to 2.02,364 to 574,Low-Cu regime: lower reagent band may be adequate if free CN remains stable. Free CN is in the lower historical range.
2025-02-28,Low Cu,Normal,14322.8129,86.40636698569367,606.28125,431.09375,2.684375,2.25328125,1.5360111280934208,22.0,75.54156521361635,6.8 to 15.0,0.74 to 1.47,427 to 693,30,12.0 to 20.0,0.92 to 1.64,369 to 573,Low-Cu regime: lower reagent band may be adequate if free CN remains stable.
2025-03-01,Low Cu,Normal,15173.985200000001,,626.15625,625.5625,3.0203125,2.39475,1.383947573640707,21.0,79.40026200699073,6.8 to 15.0,0.74 to 1.47,427 to 693,30,12.0 to 20.0,0.92 to 1.5,470 to 676,Low-Cu regime: lower reagent band may be adequate if free CN remains stable.
2025-03-02,Low Cu,Normal,13889.1067,268.6024133921275,664.71875,640.4375,3.2196875,2.57925,1.2592602517770275,17.49,80.19493425256141,6.8 to 15.0,0.74 to 1.47,427 to 693,30,12.0 to 20.0,0.92 to 1.5,479 to 676,Low-Cu regime: lower reagent band may be adequate if free CN remains stable.
2025-03-03,Low Cu,Normal,8197.4293,277.4334200130092,775.25,545.8125,3.453125,2.9073124999999997,0.0,0.0,82.8133404842448,6.8 to 15.0,0.74 to 1.47,427 to 693,30,12.0 to 23.0,1.12 to 2.09,406 to 620,Low-Cu regime: lower reagent band may be adequate if free CN remains stable.
2025-03-06,Low Cu,Normal,6870.5176,0.0,763.45,429.59999999999997,3.3195,2.8899,0.7277472078668425,5.0,77.21676087627698,6.8 to 15.0,0.74 to 1.47,427 to 693,30,8.0 to 17.9,0.8 to 1.83,436 to 702,Low-Cu regime: lower reagent band may be adequate if free CN remains stable.
2025-03-07,Low Cu,Normal,14045.7759,185.70161093483043,643.3125,656.25,3.1859375,2.5296875,0.7831536027853042,11.0,78.65091447490667,6.8 to 15.0,0.74 to 1.47,427 to 693,30,8.1 to 17.9,0.7 to 1.5,459 to 702,Low-Cu regime: lower reagent band may be adequate if free CN remains stable.
2025-03-08,Low Cu,Normal,7455.1612000000005,204.97379121812818,618.3125,694.8125,3.14125,2.4464375,1.0730820951262596,8.0,78.57903333720732,6.8 to 15.0,0.74 to 1.47,427 to 693,30,8.8 to 16.3,0.81 to 1.83,459 to 731,Low-Cu regime: lower reagent band may be adequate if free CN remains stable.
2025-03-09,Low Cu,Normal,9710.6245,144.0594177064765,625.7083333333334,587.4583333333333,3.0433333333333334,2.4558750000000003,0.8238399085455318,8.0,70.49315009967431,6.8 to 15.0,0.74 to 1.47,427 to 693,30,8.8 to 17.4,0.81 to 1.66,436 to 692,Low-Cu regime: lower reagent band may be adequate if free CN remains stable.
2025-03-10,Low Cu,Normal,12821.0813,191.13674523050835,595.25,605.59375,2.9787500000000002,2.37315625,0.9359584982898439,12.0,79.76207189280072,6.8 to 15.0,0.74 to 1.47,427 to 693,30,8.0 to 17.4,0.77 to 1.38,459 to 692,Low-Cu regime: lower reagent band may be adequate if free CN remains stable.
2025-03-11,Low Cu,Normal,15429.0503,315.94855933769986,634.125,467.375,2.896875,2.4295,0.5185024252594471,8.0,79.49258067757182,6.8 to 15.0,0.74 to 1.47,427 to 693,30,5.8 to 16.0,0.68 to 1.59,504 to 695,Low-Cu regime: lower reagent band may be adequate if free CN remains stable.
2025-03-12,Low Cu,Normal,15511.206100000001,437.67089487621257,720.8125,390.25,3.0640625,2.6738125,1.4827989423723793,23.0,79.24681736901762,6.8 to 15.0,0.74 to 1.47,427 to 693,30,8.0 to 16.0,0.57 to 1.5,475 to 685,Low-Cu regime: lower reagent band may be adequate if free CN remains stable.
2025-03-13,Low Cu,Normal,14831.9878,410.21786359547815,723.46875,579.75,3.3084375,2.7286875000000004,1.8203898468686712,27.0,75.13402485598594,6.8 to 15.0,0.74 to 1.47,427 to 693,30,8.0 to 16.8,0.68 to 1.52,460 to 654,Low-Cu regime: lower reagent band may be adequate if free CN remains stable.
2025-03-14,Low Cu,Normal,4411.575400000001,186.75420064879276,755.25,632.875,3.47375,2.840875,2.7201167183949746,12.0,77.21496136924792,6.8 to 15.0,0.74 to 1.47,427 to 693,30,5.8 to 16.8,0.74 to 1.66,460 to 685,Low-Cu regime: lower reagent band may be adequate if free CN remains stable.
2025-03-15,Low Cu,Normal,3944.756708574,375.2272727272729,787.25,522.5,3.4750000000000005,2.9525000000000006,0.7605031746265735,3.0,75.4275561283754,6.8 to 15.0,0.74 to 1.47,427 to 693,30,8.0 to 16.8,0.79 to 1.78,475 to 685,Low-Cu regime: lower reagent band may be adequate if free CN remains stable.
2025-03-16,Medium Cu,Normal,11330.889165840208,329.8360958660399,916.0625,462.3125,3.745625,3.2833125,0.2647629816240943,3.0,83.15855512062453,12.8 to 29.4,1.29 to 2.81,347 to 597,30,15.6 to 24.0,1.23 to 2.02,407 to 637,Medium-Cu regime: operate near historical median band and monitor Cu trend closely.
2025-03-17,Medium Cu,Normal,12624.925169116295,397.626747546932,1004.6875,652.09375,4.311249999999999,3.659156249999999,1.7746639841326108,22.405,78.40522892705522,12.8 to 29.4,1.29 to 2.81,347 to 597,30,15.2 to 24.0,1.17 to 1.95,412 to 637,Medium-Cu regime: operate near historical median band and monitor Cu trend closely.
2025-03-18,Medium Cu,Normal,14049.779199137507,296.553906952385,1044.5625,486.34375,4.321875,3.8355312500000003,1.2117628155355735,17.025,73.90388887755113,12.8 to 29.4,1.29 to 2.81,347 to 597,30,15.2 to 24.0,1.23 to 2.02,412 to 637,Medium-Cu regime: operate near historical median band and monitor Cu trend closely.
2025-03-19,Medium Cu,Normal,13536.353538106614,253.57298481590067,888.09375,1082.34375,4.4834375,3.4010937500000002,1.0940908094863142,14.809999999999999,75.92406532981829,12.8 to 29.4,1.29 to 2.81,347 to 597,30,15.2 to 23.6,1.17 to 1.77,463 to 656,Medium-Cu regime: operate near historical median band and monitor Cu trend closely.
2025-03-20,Low Cu,Normal,14084.945340304006,172.82552927716313,817.40625,928.0625,4.164375,3.2363124999999995,0.49698453425797345,7.0,83.27813774855808,6.8 to 15.0,0.74 to 1.47,427 to 693,30,8.0 to 17.4,0.68 to 1.52,475 to 647,Low-Cu regime: lower reagent band may be adequate if free CN remains stable.
2025-03-21,Low Cu,Normal,14175.49815380774,252.12605981301263,785.9375,587.21875,3.6521874999999997,3.06496875,0.4938098064736935,7.0,81.61445646638575,6.8 to 15.0,0.74 to 1.47,427 to 693,30,8.0 to 17.4,0.57 to 1.52,475 to 647,Low-Cu regime: lower reagent band may be adequate if free CN remains stable.
2025-03-22,Low Cu,Normal,14746.068794234192,295.2880769790117,713.65625,426.90625,3.1840625,2.75715625,0.8137762116430705,12.0,78.44052509611645,6.8 to 15.0,0.74 to 1.47,427 to 693,30,8.0 to 17.4,0.53 to 1.46,475 to 647,Low-Cu regime: lower reagent band may be adequate if free CN remains stable.
2025-03-23,Low Cu,Normal,10397.77543899655,165.19685485942023,700.3333333333334,461.4583333333333,3.08375,2.622291666666667,0.7693953429688658,8.0,81.21884842273995,6.8 to 15.0,0.74 to 1.47,427 to 693,30,8.0 to 17.4,0.79 to 1.59,460 to 639,Low-Cu regime: lower reagent band may be adequate if free CN remains stable.
2025-03-24,Low Cu,Normal,12713.533492901339,0.12642589276545782,673.28125,452.5,2.8909375,2.4384375,1.0712993368527162,13.620000000000001,83.70498107612573,6.8 to 15.0,0.74 to 1.47,427 to 693,30,8.0 to 16.8,0.77 to 1.59,459 to 639,Low-Cu regime: lower reagent band may be adequate if free CN remains stable.
2025-03-25,Low Cu,Normal,13796.101779566257,293.0686189198964,662.78125,454.125,2.9415625,2.4874375,0.9872353957385931,13.620000000000001,78.37247218677892,6.8 to 15.0,0.74 to 1.47,427 to 693,30,8.0 to 17.4,0.69 to 1.38,459 to 645,Low-Cu regime: lower reagent band may be adequate if free CN remains stable.
2025-03-26,Low Cu,Normal,13893.652574176562,303.80301686497995,674.21875,397.46875,2.9128125000000002,2.5153437500000004,1.633839616962307,22.700000000000003,82.51089046724994,6.8 to 15.0,0.74 to 1.47,427 to 693,30,8.0 to 17.4,0.69 to 1.34,453 to 625,Low-Cu regime: lower reagent band may be adequate if free CN remains stable.
2025-03-27,Low Cu,Normal,11635.259649896509,260.79887765736265,730.75,508.625,3.2704999999999997,2.761875,1.755869711096797,20.43,80.60002751331155,6.8 to 15.0,0.74 to 1.47,427 to 693,30,8.0 to 17.1,0.79 to 1.59,455 to 639,Low-Cu regime: lower reagent band may be adequate if free CN remains stable.
2025-03-28,Low Cu,Normal,12348.484799169957,271.2283059988927,741.21875,548.65625,3.42375,2.87509375,1.5524171841138414,19.17,82.89612973478305,6.8 to 15.0,0.74 to 1.47,427 to 693,30,8.0 to 17.9,0.77 to 1.38,453 to 637,Low-Cu regime: lower reagent band may be adequate if free CN remains stable.
2025-03-29,Low Cu,Normal,8816.2657,359.51598341658024,704.375,743.0625,3.5715625,2.8285,2.188568341355683,19.295,84.42413811079263,6.8 to 15.0,0.74 to 1.47,427 to 693,30,7.2 to 17.1,0.85 to 1.74,528 to 695,Low-Cu regime: lower reagent band may be adequate if free CN remains stable.
2025-03-30,Low Cu,Normal,13566.1328,213.82164369909617,696.75,647.21875,3.4906249999999996,2.8434062499999997,0.9203064855741351,12.485,83.61161892415379,6.8 to 15.0,0.74 to 1.47,427 to 693,30,8.0 to 17.9,0.77 to 1.46,459 to 647,Low-Cu regime: lower reagent band may be adequate if free CN remains stable.
2025-03-31,Low Cu,Normal,13311.8634,271.91084867551064,715.3125,536.40625,3.4328125000000003,2.89640625,0.9378852249941206,12.485,82.66655076922775,6.8 to 15.0,0.74 to 1.47,427 to 693,30,8.0 to 17.4,0.69 to 1.34,455 to 647,Low-Cu regime: lower reagent band may be adequate if free CN remains stable.
2025-04-01,Low Cu,Normal,13525.0291,360.7364765916655,702.375,696.625,3.5565625,2.8599375,1.1748588400449356,15.89,84.07884389508081,6.8 to 15.0,0.74 to 1.47,427 to 693,30,8.0 to 17.4,0.77 to 1.38,463 to 647,Low-Cu regime: lower reagent band may be adequate if free CN remains stable.
2025-04-02,Low Cu,Normal,15736.9817,135.92510494327271,704.5,790.4375,3.7259375,2.9355,1.2260928027894955,19.295,84.46529554983584,6.8 to 15.0,0.74 to 1.47,427 to 693,30,8.0 to 17.4,0.77 to 1.38,483 to 654,Low-Cu regime: lower reagent band may be adequate if free CN remains stable.
2025-04-03,Low Cu,Normal,12210.6666,190.45207996474477,696.9285714285714,684.3214285714287,3.5835714285714286,2.89925,0.7436121464490726,9.08,85.14990668531553,6.8 to 15.0,0.74 to 1.47,427 to 693,30,8.0 to 17.4,0.69 to 1.33,504 to 685,Low-Cu regime: lower reagent band may be adequate if free CN remains stable.
2025-04-04,Low Cu,Normal,15332.636,355.68691999882185,631.96875,613.5625,3.2384375,2.624875,0.5922008453080083,9.08,84.80245341434679,6.8 to 15.0,0.74 to 1.47,427 to 693,30,8.3 to 17.9,0.75 to 1.29,459 to 647,Low-Cu regime: lower reagent band may be adequate if free CN remains stable.
2025-04-05,Low Cu,Normal,12030.0015,307.42295821090653,590.4642857142858,482.3571428571429,2.9503571428571425,2.4679999999999995,1.037821981983959,12.485,83.22946437186141,6.8 to 15.0,0.74 to 1.47,427 to 693,30,8.0 to 17.4,0.75 to 1.29,455 to 645,Low-Cu regime: lower reagent band may be adequate if free CN remains stable.
2025-04-06,Low Cu,Normal,15298.2236,219.9485444592898,533.65625,620.3125,2.9065625,2.28625,0.8161078257478208,12.485,84.2854365641902,6.8 to 15.0,0.74 to 1.47,427 to 693,30,8.3 to 17.9,0.68 to 1.25,471 to 647,Low-Cu regime: lower reagent band may be adequate if free CN remains stable.
2025-04-07,Low Cu,Normal,14136.8051,275.0706001196097,519.40625,779.90625,3.0596875000000003,2.27978125,1.0437294633141685,14.754999999999999,86.97724728480924,6.8 to 15.0,0.74 to 1.47,427 to 693,30,8.0 to 17.4,0.68 to 1.25,539 to 677,Low-Cu regime: lower reagent band may be adequate if free CN remains stable.
2025-04-08,Low Cu,Normal,13985.7729,178.48780318533633,504.6875,616.0,2.8134375,2.1974375,0.9738467868300651,13.620000000000001,83.81779397594387,6.8 to 15.0,0.74 to 1.47,427 to 693,30,8.3 to 17.4,0.68 to 1.22,530 to 654,Low-Cu regime: lower reagent band may be adequate if free CN remains stable.
2025-04-09,Low Cu,Normal,12055.8108,333.2702770853023,510.625,533.15625,2.7003125,2.1671562499999997,1.2238911380394257,14.754999999999999,85.74595954472204,6.8 to 15.0,0.74 to 1.47,427 to 693,30,8.3 to 15.6,0.75 to 1.15,463 to 645,Low-Cu regime: lower reagent band may be adequate if free CN remains stable.
2025-04-10,Low Cu,Normal,8329.712599999999,309.3605996962288,494.625,635.40625,2.7703124999999997,2.13490625,1.6351104358630575,13.62,82.13208002013326,6.8 to 15.0,0.74 to 1.47,427 to 693,30,8.3 to 16.0,0.79 to 1.38,486 to 654,Low-Cu regime: lower reagent band may be adequate if free CN remains stable.
2025-04-11,Low Cu,Normal,2251.1445,118.27698066126015,469.5,880.75,3.03125,2.1505,2.5209399041243246,5.675,88.91932147186166,6.8 to 15.0,0.74 to 1.47,427 to 693,30,7.2 to 16.0,0.85 to 1.82,512 to 706,Low-Cu regime: lower reagent band may be adequate if free CN remains stable.
2025-04-13,Low Cu,Normal,711.1895999999999,118.27698066126015,510.25,794.0,3.0425000000000004,2.2485000000000004,0.0,0.0,-2.05596856412066e-14,6.8 to 15.0,0.74 to 1.47,427 to 693,30,6.3 to 16.0,0.98 to 1.98,489 to 706,Low-Cu regime: lower reagent band may be adequate if free CN remains stable. Recovery is in the lower historical range.
2025-04-14,Low Cu,Normal,11734.6284,118.27698066126017,484.0,769.28125,2.9468749999999995,2.1775937499999993,1.2573896247110814,14.754999999999999,82.3755807250577,6.8 to 15.0,0.74 to 1.47,427 to 693,30,8.3 to 16.0,0.75 to 1.25,557 to 692,Low-Cu regime: lower reagent band may be adequate if free CN remains stable.
2025-04-15,Low Cu,Normal,14333.7205,229.99683773161348,494.5,666.75,2.8784375,2.2116875,0.4751034457522735,6.81,85.6878158342691,6.8 to 15.0,0.74 to 1.47,427 to 693,30,12.0 to 19.8,0.84 to 1.52,459 to 622,Low-Cu regime: lower reagent band may be adequate if free CN remains stable.
2025-04-16,Low Cu,Normal,13704.738299999999,217.73810809914346,500.0,638.40625,2.8912499999999994,2.2528437499999994,0.57972650232949,7.945,83.33942003427983,6.8 to 15.0,0.74 to 1.47,427 to 693,30,11.2 to 16.0,0.81 to 1.25,463 to 637,Low-Cu regime: lower reagent band may be adequate if free CN remains stable.
2025-04-17,Low Cu,Normal,14500.0471,516.8611259652645,501.6875,533.78125,2.743125,2.20934375,1.017582901506575,14.754999999999999,83.60259091299793,6.8 to 15.0,0.74 to 1.47,427 to 693,30,11.2 to 17.4,0.79 to 1.25,471 to 640,Low-Cu regime: lower reagent band may be adequate if free CN remains stable.
2025-04-18,Low Cu,Normal,12436.259,330.7943768151136,498.34375,497.9375,2.5475000000000003,2.0495625000000004,0.6388577143657108,7.945,83.1656192383404,6.8 to 15.0,0.74 to 1.47,427 to 693,30,9.6 to 16.8,0.79 to 1.29,459 to 619,Low-Cu regime: lower reagent band may be adequate if free CN remains stable.
2025-04-19,Low Cu,Normal,10491.0025,291.37483848297245,561.40625,412.5,2.5700000000000003,2.1575,1.406443283184805,14.754999999999999,80.64397969240865,6.8 to 15.0,0.74 to 1.47,427 to 693,30,9.0 to 19.3,0.82 to 1.59,455 to 632,Low-Cu regime: lower reagent band may be adequate if free CN remains stable.
2025-04-20,Low Cu,Normal,2994.8347,558.754282856071,641.125,237.875,2.49125,2.253375,1.1369575756551773,3.405,88.1168714649473,6.8 to 15.0,0.74 to 1.47,427 to 693,30,6.2 to 14.5,0.86 to 1.96,467 to 695,Low-Cu regime: lower reagent band may be adequate if free CN remains stable. Free CN is in the lower historical range.
2025-04-21,Low Cu,Normal,4167.724,597.9498370155741,666.3,337.85,2.685,2.34715,1.0893235732500521,4.54,83.55355225665019,6.8 to 15.0,0.74 to 1.47,427 to 693,30,8.0 to 14.8,0.76 to 1.55,436 to 601,Low-Cu regime: lower reagent band may be adequate if free CN remains stable.
2025-04-22,Low Cu,Normal,6041.288,854.0275444964363,738.6999999999999,488.35,3.135,2.6466499999999997,2.066612285327235,12.485,80.64780907953609,6.8 to 15.0,0.74 to 1.47,427 to 693,30,8.0 to 14.5,0.78 to 1.52,452 to 644,Low-Cu regime: lower reagent band may be adequate if free CN remains stable.
2025-04-23,Low Cu,Normal,11184.029999999999,1071.6948825021198,841.625,309.5625,3.1634375,2.853875,1.420775874170581,15.89,79.72836613244509,6.8 to 15.0,0.74 to 1.47,427 to 693,30,8.0 to 14.5,0.75 to 1.2,452 to 601,Low-Cu regime: lower reagent band may be adequate if free CN remains stable.
2025-04-24,Low Cu,Normal,9194.802099999999,464.8091331502124,835.25,635.1785714285713,3.633928571428572,2.9987500000000007,3.4563005983565436,31.78,81.0793957127767,6.8 to 15.0,0.74 to 1.47,427 to 693,30,8.0 to 14.8,0.73 to 1.23,506 to 677,Low-Cu regime: lower reagent band may be adequate if free CN remains stable. Specific NaCN is already in the upper historical range.
2025-04-25,Low Cu,Normal,13004.0636,169.95590517085165,788.0,950.25,3.893928571428572,2.943678571428572,1.2219257371211258,15.89,79.12251668880633,6.8 to 15.0,0.74 to 1.47,427 to 693,30,8.0 to 14.8,0.68 to 1.22,592 to 696,Low-Cu regime: lower reagent band may be adequate if free CN remains stable.
2025-04-26,Low Cu,Normal,13661.7228,230.7872890937024,760.09375,793.1875,3.6587500000000004,2.8655625000000002,0.9138671734724408,12.485,80.24769766071822,6.8 to 15.0,0.74 to 1.47,427 to 693,30,9.1 to 15.9,0.75 to 1.23,559 to 677,Low-Cu regime: lower reagent band may be adequate if free CN remains stable.
2025-04-27,Low Cu,Normal,13618.7073,275.1598545248227,814.46875,509.0625,3.4853125,2.9762500000000003,0.6667299472689305,9.08,82.2991723053314,6.8 to 15.0,0.74 to 1.47,427 to 693,30,9.1 to 15.9,0.75 to 1.22,506 to 640,Low-Cu regime: lower reagent band may be adequate if free CN remains stable.
2025-04-28,Medium Cu,Normal,13079.5797,364.33497437038193,873.8125,432.3125,3.5690625000000002,3.13675,0.6942119095768804,9.08,79.54644417605061,12.8 to 29.4,1.29 to 2.81,347 to 597,30,15.4 to 21.8,1.17 to 1.77,407 to 642,Medium-Cu regime: operate near historical median band and monitor Cu trend closely.
2025-04-29,Medium Cu,Normal,5328.1866,465.41520467836256,943.6666666666667,321.6666666666667,3.586666666666667,3.265,1.065090325477715,5.675,77.50422303709004,12.8 to 29.4,1.29 to 2.81,347 to 597,30,15.4 to 24.0,1.23 to 2.14,364 to 517,Medium-Cu regime: operate near historical median band and monitor Cu trend closely.
2025-04-30,Medium Cu,Normal,7993.2357999999995,442.51158860453893,966.5416666666665,290.7916666666667,3.494583333333333,3.203791666666666,1.135960482987378,9.08,73.83555565471936,12.8 to 29.4,1.29 to 2.81,347 to 597,30,8.6 to 20.0,0.92 to 1.77,356 to 514,Medium-Cu regime: operate near historical median band and monitor Cu trend closely. Free CN is in the lower historical range.
2025-05-01,Medium Cu,Normal,7358.5181999999995,196.33338916449335,913.375,528.4375,3.7675,3.2390625,2.6221311785299384,19.295,74.99396940512024,12.8 to 29.4,1.29 to 2.81,347 to 597,30,8.6 to 20.0,0.92 to 1.95,364 to 651,Medium-Cu regime: operate near historical median band and monitor Cu trend closely.
2025-05-02,Medium Cu,Normal,4161.9886,88.97981497056352,887.9375,673.875,3.8937500000000003,3.219875,4.0905926556358185,17.025,76.01836904619475,12.8 to 29.4,1.29 to 2.81,347 to 597,30,8.6 to 19.8,0.92 to 1.95,393 to 651,Medium-Cu regime: operate near historical median band and monitor Cu trend closely. Specific NaCN is already in the upper historical range.
2025-05-03,Low Cu,Normal,5786.0626999999995,81.4565591644668,808.6875,774.3125,3.7925,3.0181875,1.3731271871630428,7.945,71.00519328643169,6.8 to 15.0,0.74 to 1.47,427 to 693,30,9.1 to 15.6,0.92 to 1.52,514 to 696,Low-Cu regime: lower reagent band may be adequate if free CN remains stable.
2025-05-04,Low Cu,Normal,11009.1003,261.413103894742,759.65625,863.53125,3.7643750000000002,2.9008437500000004,0.30928957927651907,3.405,75.91945892398515,6.8 to 15.0,0.74 to 1.47,427 to 693,30,8.0 to 15.9,0.75 to 1.26,617 to 774,Low-Cu regime: lower reagent band may be adequate if free CN remains stable.
2025-05-05,Low Cu,Normal,4127.5761999999995,97.91873589164787,761.6666666666667,709.1666666666667,3.6133333333333333,2.904166666666667,0.5499595622244358,2.27,84.90305952421906,6.8 to 15.0,0.74 to 1.47,427 to 693,30,4.4 to 14.5,0.86 to 2.06,493 to 735,Low-Cu regime: lower reagent band may be adequate if free CN remains stable.
2025-05-06,Low Cu,Normal,9335.3194,425.68725099601585,767.6875,554.28125,3.4303125,2.87603125,0.9726501698485003,9.08,80.41261965618543,6.8 to 15.0,0.74 to 1.47,427 to 693,30,8.3 to 15.6,0.77 to 1.33,491 to 640,Low-Cu regime: lower reagent band may be adequate if free CN remains stable.
2025-05-07,Low Cu,Normal,13092.0064,631.6313332407991,796.34375,404.96875,3.25875,2.85378125,1.1270235859340856,14.754999999999999,76.26390757554833,6.8 to 15.0,0.74 to 1.47,427 to 693,30,9.1 to 16.8,0.77 to 1.34,455 to 601,Low-Cu regime: lower reagent band may be adequate if free CN remains stable.
2025-05-08,Low Cu,Normal,12760.704,427.6787080237867,795.46875,542.4375,3.48625,2.9438125,2.3125683347877986,29.51,76.01091890529585,6.8 to 15.0,0.74 to 1.47,427 to 693,30,9.1 to 15.9,0.75 to 1.22,486 to 619,Low-Cu regime: lower reagent band may be adequate if free CN remains stable.
2025-05-09,Low Cu,Normal,14524.74,186.10951912238897,795.625,631.40625,3.6425,3.01109375,1.2502805557965238,18.16,74.21171807052367,6.8 to 15.0,0.74 to 1.47,427 to 693,30,9.1 to 16.7,0.69 to 1.22,530 to 647,Low-Cu regime: lower reagent band may be adequate if free CN remains stable.
2025-05-10,Low Cu,Normal,12814.47,754.7781215567593,816.875,495.40625,3.4987500000000002,3.0033437500000004,1.4405589930757965,18.46,76.34559683817182,6.8 to 15.0,0.74 to 1.47,427 to 693,30,9.6 to 17.4,0.79 to 1.26,456 to 615,Low-Cu regime: lower reagent band may be adequate if free CN remains stable.
2025-05-11,Low Cu,Normal,13439.429999999998,468.8361562541756,861.0,427.25,3.5493750000000004,3.1221250000000005,1.1823418106273853,15.889999999999999,75.19664917592239,6.8 to 15.0,0.74 to 1.47,427 to 693,30,11.2 to 17.9,0.79 to 1.33,451 to 612,Low-Cu regime: lower reagent band may be adequate if free CN remains stable.
2025-05-12,Low Cu,Normal,13684.949999999999,453.97857706459786,870.34375,736.6875,4.0015625,3.2648750000000004,1.643411192587478,22.490000000000002,76.75728936155862,6.8 to 15.0,0.74 to 1.47,427 to 693,30,9.1 to 15.9,0.67 to 1.22,544 to 694,Low-Cu regime: lower reagent band may be adequate if free CN remains stable.
2025-05-13,Low Cu,Normal,14596.349999999999,331.11169130163523,869.09375,636.4375,3.876875,3.2404375,0.8553508240073718,12.485,79.75446696483256,6.8 to 15.0,0.74 to 1.47,427 to 693,30,11.2 to 18.1,0.79 to 1.24,515 to 640,Low-Cu regime: lower reagent band may be adequate if free CN remains stable.
2025-05-14,Medium Cu,Normal,14942.3498,375.4005195117172,910.75,369.90625,3.6346875,3.26478125,0.987461824779393,14.754999999999999,78.13175793595248,12.8 to 29.4,1.29 to 2.81,347 to 597,30,12.8 to 23.6,1.06 to 1.77,407 to 541,Medium-Cu regime: operate near historical median band and monitor Cu trend closely.
2025-05-15,Medium Cu,Normal,9020.622800000001,568.8906021872382,961.3333333333334,312.7083333333333,3.587916666666667,3.275208333333334,1.2582279795581297,11.35,78.27186998322523,12.8 to 29.4,1.29 to 2.81,347 to 597,30,9.1 to 20.0,0.99 to 1.77,344 to 486,Medium-Cu regime: operate near historical median band and monitor Cu trend closely.
2025-05-16,Medium Cu,Normal,12368.2594,635.440411558553,1018.46875,301.5,3.781875,3.480375,1.376507352360349,17.025,72.29042345020486,12.8 to 29.4,1.29 to 2.81,347 to 597,30,12.7 to 21.8,1.15 to 1.77,356 to 495,Medium-Cu regime: operate near historical median band and monitor Cu trend closely.
2025-05-17,Medium Cu,Normal,11880.1998,448.63815222431253,984.78125,371.59375,3.7975,3.4259062499999997,2.006279389341583,23.835,70.27096840079146,12.8 to 29.4,1.29 to 2.81,347 to 597,30,11.5 to 20.0,0.99 to 1.74,344 to 514,Medium-Cu regime: operate near historical median band and monitor Cu trend closely. Recovery is in the lower historical range.
2025-05-18,Medium Cu,Normal,9736.694800000001,766.4521424755919,895.7142857142857,536.4285714285714,3.7960714285714285,3.259642857142857,1.3988319732482526,13.620000000000001,77.34043865696044,12.8 to 29.4,1.29 to 2.81,347 to 597,30,11.5 to 20.0,0.99 to 2.01,370 to 629,Medium-Cu regime: operate near historical median band and monitor Cu trend closely.
2025-05-19,Low Cu,Normal,10213.448,206.03802708837634,842.15625,531.625,3.64375,3.112125,1.333535942024672,13.620000000000001,77.33009919882161,6.8 to 15.0,0.74 to 1.47,427 to 693,30,8.0 to 18.2,0.78 to 1.52,459 to 640,Low-Cu regime: lower reagent band may be adequate if free CN remains stable.
2025-05-20,Low Cu,Normal,8501.4706,268.44470022489367,791.03125,770.09375,3.8403124999999996,3.0702187499999996,1.2015568224161122,10.215,81.08036591077038,6.8 to 15.0,0.74 to 1.47,427 to 693,30,7.9 to 15.7,0.76 to 1.66,512 to 705,Low-Cu regime: lower reagent band may be adequate if free CN remains stable.
2025-05-21,Low Cu,Normal,10873.9302,52.33898767374542,649.53125,670.40625,3.2487499999999994,2.5783437499999993,1.1417215093030484,12.415,78.56167810804722,6.8 to 15.0,0.74 to 1.47,427 to 693,30,8.3 to 18.2,0.76 to 1.59,501 to 662,Low-Cu regime: lower reagent band may be adequate if free CN remains stable.
2025-05-22,Low Cu,Normal,7498.9698,297.2472447616555,700.46875,647.0625,3.3928125,2.7457499999999997,1.7082346431105775,12.809999999999999,80.3453161498058,6.8 to 15.0,0.74 to 1.47,427 to 693,30,7.1 to 14.5,0.76 to 1.66,512 to 709,Low-Cu regime: lower reagent band may be adequate if free CN remains stable.
2025-05-23,Low Cu,Normal,10559.2354,348.8844426658534,869.09375,372.28125,3.5028125,3.13053125,1.2122089824799247,12.8,78.38405680328306,6.8 to 15.0,0.74 to 1.47,427 to 693,30,10.7 to 19.1,0.98 to 1.52,436 to 636,Low-Cu regime: lower reagent band may be adequate if free CN remains stable.
2025-05-24,Medium Cu,Normal,11418.5218,938.4065608640244,994.09375,620.96875,4.225937500000001,3.6049687500000007,2.802464325986574,32.0,79.33243130752884,12.8 to 29.4,1.29 to 2.81,347 to 597,30,15.2 to 24.0,1.22 to 1.96,429 to 651,Medium-Cu regime: operate near historical median band and monitor Cu trend closely.
2025-05-25,Medium Cu,Normal,12916.6198,713.3370216975485,1090.59375,649.53125,4.5878125,3.93828125,1.579360569241188,20.4,67.8208281002188,12.8 to 29.4,1.29 to 2.81,347 to 597,30,15.2 to 24.0,1.22 to 1.96,437 to 651,Medium-Cu regime: operate near historical median band and monitor Cu trend closely. Recovery is in the lower historical range.
2025-05-26,Low Cu,Normal,13391.4886,339.7864305037968,872.0,1070.28125,4.4759375,3.40565625,2.119256555242111,28.38,75.79129032553192,6.8 to 15.0,0.74 to 1.47,427 to 693,30,10.7 to 17.1,0.89 to 1.67,594 to 763,Low-Cu regime: lower reagent band may be adequate if free CN remains stable.
2025-05-27,Low Cu,Normal,14599.233,107.76136387352385,827.34375,834.875,4.140625,3.3057499999999997,0.7774381023989411,11.35,76.3679668664902,6.8 to 15.0,0.74 to 1.47,427 to 693,30,9.4 to 17.1,0.69 to 1.66,548 to 699,Low-Cu regime: lower reagent band may be adequate if free CN remains stable.
2025-05-28,Low Cu,Normal,13993.191200000001,314.04873213182145,873.4375,869.5625,4.310625,3.4410625,0.32194228861819596,4.505,72.76952778222568,6.8 to 15.0,0.74 to 1.47,427 to 693,30,10.5 to 18.8,0.83 to 1.7,582 to 763,Low-Cu regime: lower reagent band may be adequate if free CN remains stable.
2025-05-29,Low Cu,Normal,12120.836000000001,350.04785597968066,825.09375,439.75,3.6887499999999998,3.2489999999999997,0.5560672547669153,6.74,79.2276212410461,6.8 to 15.0,0.74 to 1.47,427 to 693,30,12.0 to 19.1,0.99 to 1.52,453 to 640,Low-Cu regime: lower reagent band may be adequate if free CN remains stable.
2025-05-30,Low Cu,Normal,2310.9506,122.85647530040052,842.75,275.75,3.45,3.1742500000000002,0.9822797596798477,2.27,80.46470525710274,6.8 to 15.0,0.74 to 1.47,427 to 693,30,4.0 to 13.4,0.84 to 1.99,443 to 695,Low-Cu regime: lower reagent band may be adequate if free CN remains stable. Free CN is in the lower historical range.
2025-05-31,Low Cu,Watch,1989.3774,879.7101449275364,822.0,215.75,3.22875,3.013,0.0,0.0,64.16127627182887,6.8 to 15.0,0.74 to 1.47,427 to 693,30,4.0 to 12.8,0.82 to 1.99,419 to 689,Low-Cu regime: lower reagent band may be adequate if free CN remains stable. Free CN is in the lower historical range. Recovery is in the lower historical range.
2025-06-01,Low Cu,Normal,11750.7414,289.0881347000696,759.78125,240.625,3.105625,2.8649999999999998,0.5650707282180509,6.64,71.13944316550285,6.8 to 15.0,0.74 to 1.47,427 to 693,30,12.0 to 17.8,0.86 to 1.47,427 to 552,Low-Cu regime: lower reagent band may be adequate if free CN remains stable. Free CN is in the lower historical range.
2025-06-02,Low Cu,Normal,11515.7456,603.6545348539626,745.5,257.25,3.0293750000000004,2.7721250000000004,0.5852855936657718,6.74,79.06604429243185,6.8 to 15.0,0.74 to 1.47,427 to 693,30,12.0 to 17.8,0.86 to 1.47,416 to 552,Low-Cu regime: lower reagent band may be adequate if free CN remains stable. Free CN is in the lower historical range.
2025-06-03,Low Cu,Normal,5447.7164,521.4191616766466,778.8125,316.9375,3.19625,2.8793125,1.028871473559086,5.605,87.41950163124159,6.8 to 15.0,0.74 to 1.47,427 to 693,30,4.1 to 13.4,0.63 to 1.56,346 to 614,Low-Cu regime: lower reagent band may be adequate if free CN remains stable.
2025-06-07,Low Cu,Normal,6808.1939999999995,253.88590350572875,821.1428571428572,436.2857142857143,3.2380952380952386,2.801809523809524,1.1336339710648669,7.718,,6.8 to 15.0,0.74 to 1.47,427 to 693,30,5.9 to 13.4,0.76 to 1.56,331 to 630,Low-Cu regime: lower reagent band may be adequate if free CN remains stable.
2025-06-08,Low Cu,Normal,5807.217,169.8758334564733,777.6666666666666,927.6190476190477,3.861666666666667,2.934047619047619,2.1499110503361596,12.485,,6.8 to 15.0,0.74 to 1.47,427 to 693,30,8.0 to 15.6,0.79 to 1.64,592 to 779,Low-Cu regime: lower reagent band may be adequate if free CN remains stable.
2025-06-09,Low Cu,Normal,13405.145999999999,255.08772313292292,803.5416666666666,1129.625,4.233750000000001,3.1041250000000007,1.0160277254719943,13.62,,6.8 to 15.0,0.74 to 1.47,427 to 693,30,8.3 to 17.1,0.69 to 1.26,622 to 779,Low-Cu regime: lower reagent band may be adequate if free CN remains stable.
2025-06-10,Low Cu,Normal,8279.136,316.5415427765736,818.7142857142858,854.3333333333334,3.874285714285714,3.0199523809523807,0.9596411992749001,7.945,,6.8 to 15.0,0.74 to 1.47,427 to 693,30,8.0 to 15.9,0.75 to 1.34,592 to 779,Low-Cu regime: lower reagent band may be adequate if free CN remains stable.
2025-06-11,Low Cu,Normal,4665.735,319.7262876688476,800.25,691.7916666666666,3.826666666666667,3.1348750000000005,0.9580484103790722,4.47,81.19201412506494,6.8 to 15.0,0.74 to 1.47,427 to 693,30,3.6 to 13.4,0.98 to 1.82,525 to 763,Low-Cu regime: lower reagent band may be adequate if free CN remains stable.
2025-06-12,Low Cu,Normal,12810.18,248.06485174197184,762.15625,689.9375,3.743125,3.0531875,0.17447061633794372,2.235,,6.8 to 15.0,0.74 to 1.47,427 to 693,30,9.1 to 15.9,0.75 to 1.22,563 to 761,Low-Cu regime: lower reagent band may be adequate if free CN remains stable.
2025-06-13,Low Cu,Normal,7957.428,121.275907920342,737.5416666666667,500.70833333333337,3.4683333333333337,2.9676250000000004,0.985242970467342,7.84,79.01234635640773,6.8 to 15.0,0.74 to 1.47,427 to 693,30,6.7 to 13.6,0.82 to 1.56,443 to 662,Low-Cu regime: lower reagent band may be adequate if free CN remains stable.
2025-06-14,Low Cu,Normal,10302.408,320.02505867037206,715.5625,430.65625,3.289375,2.85871875,0.764384404112126,7.875,,6.8 to 15.0,0.74 to 1.47,427 to 693,30,9.1 to 15.9,0.82 to 1.44,436 to 579,Low-Cu regime: lower reagent band may be adequate if free CN remains stable.
2025-06-15,Low Cu,Normal,12571.806,187.41951482494264,660.40625,435.75,3.0878125,2.6520625,0.6264016482596056,7.875,78.84683268001929,6.8 to 15.0,0.74 to 1.47,427 to 693,30,9.6 to 16.7,0.81 to 1.24,471 to 601,Low-Cu regime: lower reagent band may be adequate if free CN remains stable.
2025-06-16,Low Cu,Normal,13798.56,312.78254424065096,662.21875,360.5625,2.99125,2.6306875,0.3239468466274742,4.47,,6.8 to 15.0,0.74 to 1.47,427 to 693,30,9.6 to 16.7,0.75 to 1.24,454 to 619,Low-Cu regime: lower reagent band may be adequate if free CN remains stable.
2025-06-17,Low Cu,Normal,5145.389999999999,406.7069851652845,679.75,229.4375,2.82625,2.5968125,0.8687388128013621,4.47,84.78864031343831,6.8 to 15.0,0.74 to 1.47,427 to 693,30,4.1 to 12.7,0.63 to 1.33,322 to 552,Low-Cu regime: lower reagent band may be adequate if free CN remains stable. Free CN is in the lower historical range.
2025-06-18,Low Cu,Normal,10025.274,237.11234727544826,635.1666666666666,288.7083333333333,2.7299999999999995,2.4412916666666664,1.3585663593832948,13.620000000000001,,6.8 to 15.0,0.74 to 1.47,427 to 693,30,8.3 to 15.9,0.76 to 1.44,428 to 547,Low-Cu regime: lower reagent band may be adequate if free CN remains stable. Free CN is in the lower historical range.
2025-06-19,Low Cu,Normal,13566.0,140.75007455733007,688.03125,455.1875,3.1479375,2.6927499999999998,1.6733008993070912,22.7,74.49063241230982,6.8 to 15.0,0.74 to 1.47,427 to 693,30,11.2 to 16.7,0.79 to 1.26,471 to 636,Low-Cu regime: lower reagent band may be adequate if free CN remains stable.
2025-06-20,Low Cu,Normal,13686.155999999999,573.0071625884314,735.875,497.4375,3.2925,2.7950625000000002,0.8826437459868206,12.08,,6.8 to 15.0,0.74 to 1.47,427 to 693,30,11.2 to 16.7,0.79 to 1.26,471 to 636,Low-Cu regime: lower reagent band may be adequate if free CN remains stable.
2025-06-21,Low Cu,Normal,8898.327,339.6262235458516,793.5875000000001,399.36249999999995,3.30475,2.9053875,1.3727299524955647,12.215,75.63443160220015,6.8 to 15.0,0.74 to 1.47,427 to 693,30,8.0 to 15.9,0.85 to 1.37,462 to 630,Low-Cu regime: lower reagent band may be adequate if free CN remains stable.
2025-06-22,Low Cu,Normal,13472.007,1911.566435106255,867.625,343.65625,3.3696875000000004,3.0260312500000004,1.6849753715240796,22.7,,6.8 to 15.0,0.74 to 1.47,427 to 693,30,12.0 to 18.1,0.83 to 1.4,432 to 549,Low-Cu regime: lower reagent band may be adequate if free CN remains stable.
2025-06-23,Medium Cu,Normal,10319.85,1850.95377632666,1039.642857142857,486.0952380952381,4.2664285714285715,3.7803333333333335,3.0795021245463836,31.78,81.12629365829704,12.8 to 29.4,1.29 to 2.81,347 to 597,30,15.4 to 24.4,1.23 to 2.14,344 to 530,Medium-Cu regime: operate near historical median band and monitor Cu trend closely.
2025-06-24,Medium Cu,Normal,12397.386,2999.6323616854784,1364.8125,328.4642857142857,4.4775,4.149035714285715,2.4718920585355653,30.645,77.04045788992379,12.8 to 29.4,1.29 to 2.81,347 to 597,30,16.0 to 24.4,1.23 to 2.14,359 to 517,Medium-Cu regime: operate near historical median band and monitor Cu trend closely.
2025-06-25,Medium Cu,Normal,10871.211,2373.2164216192064,1522.0833333333333,361.04166666666663,5.2681249999999995,4.907083333333333,0.41907842649728716,4.55589,76.71286672541035,12.8 to 29.4,1.29 to 2.81,347 to 597,30,16.0 to 28.0,1.25 to 2.32,333 to 517,Medium-Cu regime: operate near historical median band and monitor Cu trend closely.
2025-06-26,Medium Cu,Normal,12696.806999999999,405.3774480799967,1499.125,269.9375,4.8340625,4.564125,1.9666361786864999,24.97,82.35914789734441,12.8 to 29.4,1.29 to 2.81,347 to 597,30,12.0 to 21.8,1.04 to 1.77,333 to 478,Medium-Cu regime: operate near historical median band and monitor Cu trend closely. Free CN is in the lower historical range.
2025-06-27,Medium Cu,Normal,13402.239,536.7333292900979,1518.25,382.40625,5.1425,4.76009375,1.820591320599491,24.4,84.22078086365889,12.8 to 29.4,1.29 to 2.81,347 to 597,30,12.4 to 21.8,1.14 to 1.92,344 to 527,Medium-Cu regime: operate near historical median band and monitor Cu trend closely.
2025-06-28,Medium Cu,Normal,10015.583999999999,582.666098681083,1475.7500000000002,343.375,5.075833333333334,4.732458333333334,1.0982884273148725,11.0,86.13763640417437,12.8 to 29.4,1.29 to 2.81,347 to 597,30,15.4 to 27.1,1.23 to 2.32,331 to 517,Medium-Cu regime: operate near historical median band and monitor Cu trend closely.
2025-06-29,Medium Cu,Normal,4938.023999999999,1645.4031593141492,1343.6666666666667,408.6666666666667,4.690833333333334,4.282166666666667,1.6200812308729162,8.0,81.81708476081695,12.8 to 29.4,1.29 to 2.81,347 to 597,30,11.5 to 24.4,1.22 to 2.42,331 to 514,Medium-Cu regime: operate near historical median band and monitor Cu trend closely.
2025-06-30,Medium Cu,Normal,8714.217,491.2603236001079,1203.8,494.1,4.341150000000001,3.8470500000000007,1.5147660426633855,13.2,84.5128240837677,12.8 to 29.4,1.29 to 2.81,347 to 597,30,11.2 to 24.4,1.22 to 2.42,346 to 530,Medium-Cu regime: operate near historical median band and monitor Cu trend closely.
2025-07-01,Medium Cu,Normal,3871.1549999999997,436.11968471502655,1237.1875,438.3125,4.336875,3.8985625,2.970689626222665,11.5,84.04694473659782,12.8 to 29.4,1.29 to 2.81,347 to 597,30,8.6 to 24.0,1.11 to 2.39,328 to 516,Medium-Cu regime: operate near historical median band and monitor Cu trend closely.
2025-07-02,Medium Cu,Watch,1124.04,324.5722658539445,1137.0,239.0,3.84,3.601,8.07800434148251,9.08,75.44687125790723,12.8 to 29.4,1.29 to 2.81,347 to 597,30,11.1 to 24.0,1.23 to 2.46,323 to 471,Medium-Cu regime: operate near historical median band and monitor Cu trend closely. Free CN is in the lower historical range. Specific NaCN is already in the upper historical range.
2025-07-03,Medium Cu,Normal,8471.967,226.12490624270316,1114.34375,535.75,4.270625,3.7348749999999997,3.2153099746493345,27.24,60.809507010476935,12.8 to 29.4,1.29 to 2.81,347 to 597,30,12.3 to 24.3,1.14 to 2.14,356 to 570,Medium-Cu regime: operate near historical median band and monitor Cu trend closely. Recovery is in the lower historical range.
2025-07-04,Medium Cu,Normal,3067.854,223.02334630350208,1059.6666666666667,526.8333333333334,4.15,3.623166666666667,2.219792728076369,6.81,57.38616640770605,12.8 to 29.4,1.29 to 2.81,347 to 597,30,9.1 to 23.5,1.29 to 2.58,344 to 520,Medium-Cu regime: operate near historical median band and monitor Cu trend closely. Recovery is in the lower historical range.
2025-07-05,Medium Cu,Watch,5381.826,197.1306040716433,1225.85,313.8,4.509,4.195200000000001,4.6378311004480635,24.96,41.34307591955865,12.8 to 29.4,1.29 to 2.81,347 to 597,30,9.1 to 23.5,1.29 to 2.39,344 to 528,Medium-Cu regime: operate near historical median band and monitor Cu trend closely. Specific NaCN is already in the upper historical range. Recovery is in the lower historical range.
2025-07-06,Medium Cu,Normal,12513.666,97.49203101032397,1159.09375,588.84375,4.776875,4.188031250000001,1.4512134173950304,18.16,43.45352153052763,12.8 to 29.4,1.29 to 2.81,347 to 597,30,12.4 to 23.5,1.1 to 2.01,344 to 634,Medium-Cu regime: operate near historical median band and monitor Cu trend closely. Recovery is in the lower historical range.
2025-07-07,Medium Cu,Normal,12570.837,188.5281862991323,1073.28125,656.3125,4.6721875,4.015874999999999,0.8126746055175165,10.216,71.63081211236963,12.8 to 29.4,1.29 to 2.81,347 to 597,30,12.4 to 21.8,1.1 to 2.0,356 to 636,Medium-Cu regime: operate near historical median band and monitor Cu trend closely.
2025-07-08,Medium Cu,Normal,12295.501,131.67922719444402,997.875,613.375,4.4503125,3.8369375,1.276076509611117,15.69,78.69187026015416,12.8 to 29.4,1.29 to 2.81,347 to 597,30,12.4 to 24.3,1.03 to 2.01,360 to 637,Medium-Cu regime: operate near historical median band and monitor Cu trend closely.
2025-07-09,Medium Cu,Normal,13439.290500000001,356.0793296552948,916.40625,928.5,4.5756250000000005,3.6471250000000004,0.2433164161456291,3.27,77.15238227713293,12.8 to 29.4,1.29 to 2.81,347 to 597,30,13.9 to 23.5,1.01 to 1.96,524 to 676,Medium-Cu regime: operate near historical median band and monitor Cu trend closely.
2025-07-10,Low Cu,Normal,11710.8555,206.57301108588587,818.5625,927.5,4.171875,3.244375,0.17078171616070237,2.0,80.18151673721022,6.8 to 15.0,0.74 to 1.47,427 to 693,30,8.0 to 15.9,0.63 to 1.23,637 to 823,Low-Cu regime: lower reagent band may be adequate if free CN remains stable.
2025-07-11,Low Cu,Normal,2653.1005,378.3311213929138,704.375,823.125,3.64,2.816875,0.0,0.0,82.35319635890524,6.8 to 15.0,0.74 to 1.47,427 to 693,30,4.0 to 12.5,0.89 to 1.98,525 to 763,Low-Cu regime: lower reagent band may be adequate if free CN remains stable.
2025-07-12,Low Cu,Normal,8119.8665,203.82840608473475,739.4000000000001,435.35,3.2424999999999997,2.8071499999999996,0.7881902984488722,6.4,77.17732781730994,6.8 to 15.0,0.74 to 1.47,427 to 693,30,5.9 to 13.6,0.79 to 1.33,381 to 614,Low-Cu regime: lower reagent band may be adequate if free CN remains stable.
2025-07-13,Low Cu,Normal,8890.5785,446.9749961207255,731.875,412.0416666666667,3.1470833333333332,2.7350416666666666,1.3609913010722532,12.1,80.6795127756556,6.8 to 15.0,0.74 to 1.47,427 to 693,30,8.0 to 15.6,0.78 to 1.44,427 to 541,Low-Cu regime: lower reagent band may be adequate if free CN remains stable.
2025-07-14,Low Cu,Normal,11585.237,520.9381092863464,719.0714285714286,355.4642857142857,3.0149999999999997,2.659535714285714,1.2602245426658083,14.6,82.73003958604598,6.8 to 15.0,0.74 to 1.47,427 to 693,30,8.3 to 15.9,0.78 to 1.32,427 to 536,Low-Cu regime: lower reagent band may be adequate if free CN remains stable.
2025-07-15,Low Cu,Normal,13415.678,398.3969320614239,734.875,380.15625,3.0874999999999995,2.7073437499999997,1.0435551598659418,14.0,81.18202631157175,6.8 to 15.0,0.74 to 1.47,427 to 693,30,9.8 to 15.9,0.78 to 1.33,427 to 536,Low-Cu regime: lower reagent band may be adequate if free CN remains stable.
2025-07-16,Low Cu,Normal,13469.5145,304.32266139344637,719.59375,426.34375,3.0406250000000004,2.6142812500000003,0.8025530541579653,10.809999999999999,76.92372391657317,6.8 to 15.0,0.74 to 1.47,427 to 693,30,11.2 to 16.7,0.79 to 1.26,432 to 601,Low-Cu regime: lower reagent band may be adequate if free CN remains stable.
2025-07-17,Low Cu,Normal,10540.62,578.2532644374643,721.71875,540.90625,3.1254910714285713,2.5845848214285714,1.6151801317190069,17.025,78.89965136053905,6.8 to 15.0,0.74 to 1.47,427 to 693,30,9.5 to 16.7,0.81 to 1.36,462 to 613,Low-Cu regime: lower reagent band may be adequate if free CN remains stable.
2025-07-18,Low Cu,Normal,8089.6425,514.3930501289607,812.84375,326.2455357142857,3.080580357142857,2.7543348214285714,1.683634350961739,13.62,78.98704303318674,6.8 to 15.0,0.74 to 1.47,427 to 693,30,8.0 to 15.6,0.86 to 1.44,401 to 532,Low-Cu regime: lower reagent band may be adequate if free CN remains stable.
2025-07-19,Low Cu,Normal,10587.83,580.172174215763,849.09375,338.75,3.2940625,2.9553125,1.6079782164995093,17.025,79.35793569848896,6.8 to 15.0,0.74 to 1.47,427 to 693,30,9.8 to 15.9,0.85 to 1.44,407 to 534,Low-Cu regime: lower reagent band may be adequate if free CN remains stable.
2025-07-20,Medium Cu,Normal,11338.794,995.897972727535,926.166875,298.53125,3.426875,3.12834375,1.5014824327878256,17.025,76.09676281922579,12.8 to 29.4,1.29 to 2.81,347 to 597,30,11.5 to 23.5,1.17 to 2.01,333 to 536,Medium-Cu regime: operate near historical median band and monitor Cu trend closely. Free CN is in the lower historical range.
2025-07-21,Medium Cu,Normal,2660.776,147.7955256194372,1007.3333333333333,356.75,3.6275,3.27075,3.839105584235577,10.215,81.98238055884968,12.8 to 29.4,1.29 to 2.81,347 to 597,30,8.6 to 24.0,1.23 to 2.65,323 to 484,Medium-Cu regime: operate near historical median band and monitor Cu trend closely. Specific NaCN is already in the upper historical range.
2025-07-25,Medium Cu,Normal,3121.075,120.92655911389353,1078.6666666666667,224.16666666666666,3.560833333333333,3.3366666666666664,0.0,0.0,80.1242886950973,12.8 to 29.4,1.29 to 2.81,347 to 597,30,9.1 to 24.0,1.23 to 2.78,316 to 436,Medium-Cu regime: operate near historical median band and monitor Cu trend closely. Free CN is in the lower historical range.
2025-07-26,Medium Cu,Normal,7337.147,96.34534640806449,926.71875,456.71875,3.669375,3.21265625,2.316976884884547,17.0,83.26423905382228,12.8 to 29.4,1.29 to 2.81,347 to 597,30,12.4 to 21.8,1.18 to 2.01,344 to 587,Medium-Cu regime: operate near historical median band and monitor Cu trend closely.
2025-07-27,Medium Cu,Normal,6583.324,94.887923683077,891.125,469.0,3.6237500000000002,3.1547500000000004,2.2784842429143697,15.0,83.44647038679541,12.8 to 29.4,1.29 to 2.81,347 to 597,30,12.4 to 21.8,1.18 to 2.14,356 to 587,Medium-Cu regime: operate near historical median band and monitor Cu trend closely.
2025-07-28,Low Cu,Normal,7483.909,133.59466095552725,864.21875,477.65625,3.6184375,3.1407812500000003,1.4698201167331137,11.0,86.75390883714998,6.8 to 15.0,0.74 to 1.47,427 to 693,30,8.0 to 14.4,0.85 to 1.61,403 to 579,Low-Cu regime: lower reagent band may be adequate if free CN remains stable.
2025-07-29,Low Cu,Normal,7603.987,67.68390896401189,822.1875,514.59375,3.5806250000000004,3.0660312500000004,1.3150995655305566,10.0,81.57835226633861,6.8 to 15.0,0.74 to 1.47,427 to 693,30,8.0 to 14.4,0.85 to 1.61,403 to 579,Low-Cu regime: lower reagent band may be adequate if free CN remains stable.
2025-07-30,Low Cu,Normal,6538.532999999999,33.4677287151355,768.3928571428571,651.9285714285714,3.6245833333333333,2.972654761904762,1.4383960438832382,9.405,77.8462378614777,6.8 to 15.0,0.74 to 1.47,427 to 693,30,8.0 to 14.5,0.92 to 1.58,456 to 635,Low-Cu regime: lower reagent band may be adequate if free CN remains stable.
2025-07-31,Low Cu,Normal,5510.246,48.95849095578695,704.7083333333334,788.2083333333334,3.6108333333333333,2.822625,1.2358794870501244,6.81,82.0994108120646,6.8 to 15.0,0.74 to 1.47,427 to 693,30,4.1 to 13.4,0.83 to 1.82,548 to 773,Low-Cu regime: lower reagent band may be adequate if free CN remains stable.
2025-08-01,Low Cu,Normal,5694.175,104.94916627799067,640.2083333333334,841.2916666666667,3.513333333333333,2.6720416666666664,0.7973060188701612,4.54,,6.8 to 15.0,0.74 to 1.47,427 to 693,30,8.0 to 14.5,0.92 to 1.63,532 to 773,Low-Cu regime: lower reagent band may be adequate if free CN remains stable.
2025-08-02,Low Cu,Normal,6394.63,78.11960721589583,615.8333333333333,742.8333333333334,3.304583333333333,2.5617499999999995,0.7115345219348109,4.55,,6.8 to 15.0,0.74 to 1.47,427 to 693,30,8.3 to 14.5,0.92 to 1.63,501 to 696,Low-Cu regime: lower reagent band may be adequate if free CN remains stable.
2025-08-03,Low Cu,Normal,6468.964,65.8596742190681,598.7916666666667,553.0416666666667,3.0741666666666663,2.5211249999999996,0.7018125313419583,4.54,,6.8 to 15.0,0.74 to 1.47,427 to 693,30,8.0 to 14.5,0.95 to 1.61,441 to 635,Low-Cu regime: lower reagent band may be adequate if free CN remains stable.
2025-08-04,Low Cu,Normal,7652.589999999999,121.01065860238973,543.9999999999999,587.6785714285714,2.952857142857143,2.3651785714285714,0.7415789948239747,5.675,60.70559780633336,6.8 to 15.0,0.74 to 1.47,427 to 693,30,8.0 to 15.6,0.92 to 1.59,441 to 644,Low-Cu regime: lower reagent band may be adequate if free CN remains stable. Recovery is in the lower historical range.
2025-08-05,Low Cu,Normal,10057.009,225.67298387595366,543.8125,481.65625,2.796875,2.31521875,0.9028529257555601,9.08,76.6488464749881,6.8 to 15.0,0.74 to 1.47,427 to 693,30,10.2 to 15.9,0.94 to 1.59,439 to 588,Low-Cu regime: lower reagent band may be adequate if free CN remains stable.
2025-08-06,Low Cu,Normal,11674.25,245.69599271146808,537.5625,394.4375,2.628125,2.2336875,0.42829303809666575,5.0,76.22080411720702,6.8 to 15.0,0.74 to 1.47,427 to 693,30,12.0 to 16.8,0.95 to 1.4,412 to 546,Low-Cu regime: lower reagent band may be adequate if free CN remains stable.
2025-08-07,Low Cu,Normal,7454.366,437.4971038515794,554.8333333333334,377.25,2.682916666666667,2.3056666666666668,0.6090390517449774,4.54,82.55852663145956,6.8 to 15.0,0.74 to 1.47,427 to 693,30,8.0 to 14.4,0.92 to 1.46,384 to 529,Low-Cu regime: lower reagent band may be adequate if free CN remains stable.
2025-08-08,Low Cu,Normal,9040.158,1339.5000665195091,572.1428571428571,287.32142857142856,2.5725,2.2851785714285713,1.506610835784065,13.620000000000001,85.40248545365644,6.8 to 15.0,0.74 to 1.47,427 to 693,30,8.0 to 14.7,0.84 to 1.46,378 to 496,Low-Cu regime: lower reagent band may be adequate if free CN remains stable. Free CN is in the lower historical range.
2025-08-09,Low Cu,Normal,11148.194,913.265439498326,724.25,318.625,3.0265625000000003,2.7079375000000003,2.0362042497645807,22.7,86.1775860597591,6.8 to 15.0,0.74 to 1.47,427 to 693,30,8.0 to 16.0,0.77 to 1.4,383 to 457,Low-Cu regime: lower reagent band may be adequate if free CN remains stable.
2025-08-10,Low Cu,Normal,8307.301,467.83039351894223,800.2083333333334,347.7083333333333,3.2304166666666667,2.8827083333333334,2.7325361149186724,22.7,86.59315837461395,6.8 to 15.0,0.74 to 1.47,427 to 693,30,6.7 to 13.6,0.67 to 1.48,321 to 460,Low-Cu regime: lower reagent band may be adequate if free CN remains stable.
2025-08-11,Low Cu,Normal,7866.062,565.4047843516768,804.375,421.875,3.355,2.933125,2.8858150367998627,22.7,83.98766726618577,6.8 to 15.0,0.74 to 1.47,427 to 693,30,8.0 to 13.6,0.86 to 1.67,360 to 542,Low-Cu regime: lower reagent band may be adequate if free CN remains stable.
2025-08-12,Low Cu,Normal,11195.7691,765.7110175094926,814.3125,398.1875,3.3509375,2.95275,2.1289292220219154,23.835,84.43267136531449,6.8 to 15.0,0.74 to 1.47,427 to 693,30,12.2 to 20.3,1.01 to 1.61,391 to 506,Low-Cu regime: lower reagent band may be adequate if free CN remains stable.
2025-08-13,Medium Cu,Normal,10067.63,1839.3955568952808,996.6428571428571,210.75,3.4596428571428577,3.2488928571428577,2.2547511181876967,22.7,84.94845679732362,12.8 to 29.4,1.29 to 2.81,347 to 597,30,11.5 to 24.0,1.11 to 2.0,317 to 431,Medium-Cu regime: operate near historical median band and monitor Cu trend closely. Free CN is in the lower historical range.
2025-08-14,Medium Cu,Normal,13187.6544,678.1857540050903,1367.8125,323.28125,4.7009375,4.37765625,3.098352349906895,40.86,83.52410910473996,12.8 to 29.4,1.29 to 2.81,347 to 597,30,12.7 to 24.0,1.13 to 1.93,329 to 466,Medium-Cu regime: operate near historical median band and monitor Cu trend closely.
2025-08-15,Medium Cu,Normal,10097.7388,480.87503742898645,1416.0416666666667,515.4583333333333,5.116666666666667,4.601208333333334,0.0,0.0,77.58377951256239,12.8 to 29.4,1.29 to 2.81,347 to 597,30,12.0 to 24.4,1.13 to 2.14,356 to 535,Medium-Cu regime: operate near historical median band and monitor Cu trend closely.
2025-08-16,Medium Cu,Normal,11702.9142,380.9442563709295,1354.3125,389.71875,4.75625,4.3665312499999995,2.3276253704397836,27.24,80.20787283706234,12.8 to 29.4,1.29 to 2.81,347 to 597,30,13.9 to 23.6,1.26 to 2.24,325 to 525,Medium-Cu regime: operate near historical median band and monitor Cu trend closely.
2025-08-17,Medium Cu,Normal,12143.2554,507.35397070691846,1222.65625,737.75,4.9365625,4.1988125,1.5667133213717963,19.025,82.42114347192982,12.8 to 29.4,1.29 to 2.81,347 to 597,30,12.4 to 19.8,0.92 to 2.14,438 to 669,Medium-Cu regime: operate near historical median band and monitor Cu trend closely.
2025-08-18,Medium Cu,Normal,11224.937,445.2471372522111,1224.6875,671.03125,4.8515625,4.18053125,0.7126988775081766,8.0,83.91417619201607,12.8 to 29.4,1.29 to 2.81,347 to 597,30,10.5 to 19.8,0.95 to 2.21,384 to 655,Medium-Cu regime: operate near historical median band and monitor Cu trend closely.
2025-08-19,Medium Cu,Normal,9625.407,377.66842001128316,1188.5714285714284,502.21428571428567,4.471071428571428,3.968857142857143,0.8311336860872481,8.0,80.41486906178568,12.8 to 29.4,1.29 to 2.81,347 to 597,30,10.5 to 21.8,1.17 to 2.26,360 to 587,Medium-Cu regime: operate near historical median band and monitor Cu trend closely.
2025-08-20,Medium Cu,Normal,10969.0122,507.5061488739162,1182.625,543.9375,4.331875,3.7879375,1.367488678697978,15.0,70.96304512356542,12.8 to 29.4,1.29 to 2.81,347 to 597,30,10.5 to 19.8,0.92 to 1.93,360 to 587,Medium-Cu regime: operate near historical median band and monitor Cu trend closely.
2025-08-21,Medium Cu,Normal,11241.8732,304.8923426879423,1131.4375,376.8125,4.1665624999999995,3.7897499999999997,2.49068811770622,28.0,74.13149012692595,12.8 to 29.4,1.29 to 2.81,347 to 597,30,12.4 to 22.0,1.17 to 2.19,344 to 536,Medium-Cu regime: operate near historical median band and monitor Cu trend closely.
2025-08-22,Medium Cu,Normal,12952.429399999999,711.9520069245375,1090.0625,404.6875,4.0490625,3.6443749999999997,1.5441118713991988,20.0,78.60238577028696,12.8 to 29.4,1.29 to 2.81,347 to 597,30,12.4 to 21.8,1.17 to 2.0,360 to 542,Medium-Cu regime: operate near historical median band and monitor Cu trend closely.
2025-08-23,Medium Cu,Normal,12373.775899999999,548.392404842055,1151.375,353.71875,4.179375,3.82565625,0.9697928988676772,12.0,75.44494932098532,12.8 to 29.4,1.29 to 2.81,347 to 597,30,12.4 to 22.0,1.17 to 2.19,356 to 534,Medium-Cu regime: operate near historical median band and monitor Cu trend closely.
2025-08-24,Medium Cu,Normal,13455.810899999999,817.4462783617921,1250.6875,315.25,4.4015625,4.0863125,2.6011067084778965,35.0,68.8653972436328,12.8 to 29.4,1.29 to 2.81,347 to 597,30,12.0 to 20.0,1.02 to 1.93,360 to 536,Medium-Cu regime: operate near historical median band and monitor Cu trend closely. Recovery is in the lower historical range.
2025-08-25,Medium Cu,Normal,13292.348399999999,931.7338479407672,1311.0,408.34375,4.8065625,4.39821875,2.1064750304017013,28.0,73.44436052367519,12.8 to 29.4,1.29 to 2.81,347 to 597,30,12.4 to 21.8,1.02 to 2.0,370 to 542,Medium-Cu regime: operate near historical median band and monitor Cu trend closely.
2025-08-26,Medium Cu,Normal,13998.247,775.5922223318253,1419.1875,380.1875,5.033125,4.6529375,2.00025045993259,28.0,73.86607347031251,12.8 to 29.4,1.29 to 2.81,347 to 597,30,15.1 to 24.0,1.06 to 1.93,329 to 478,Medium-Cu regime: operate near historical median band and monitor Cu trend closely.
2025-08-27,Medium Cu,Normal,14673.496,1407.9997429141574,1532.40625,281.15625,5.100937500000001,4.81978125,1.3630017004809216,20.0,83.46887249744199,12.8 to 29.4,1.29 to 2.81,347 to 597,30,14.8 to 24.3,1.23 to 1.99,325 to 465,Medium-Cu regime: operate near historical median band and monitor Cu trend closely. Free CN is in the lower historical range.
2025-08-28,Medium Cu,Watch,3822.5798,1550.7685558453875,1434.0,226.5,4.68125,4.454750000000001,3.754009268818927,14.35,88.12750411485679,12.8 to 29.4,1.29 to 2.81,347 to 597,30,8.3 to 24.0,1.13 to 2.85,313 to 423,Medium-Cu regime: operate near historical median band and monitor Cu trend closely. Free CN is in the lower historical range. Specific NaCN is already in the upper historical range.
2025-08-29,Medium Cu,Normal,4130.0336,1362.3003875968993,1709.8333333333333,82.0,4.8725,4.7905,1.6488969968670473,6.81,81.25911914008086,12.8 to 29.4,1.29 to 2.81,347 to 597,30,8.3 to 22.0,1.29 to 2.48,303 to 445,Medium-Cu regime: operate near historical median band and monitor Cu trend closely. Free CN is in the lower historical range.
2025-08-30,Medium Cu,Normal,10638.284599999999,768.5219364801238,1621.65625,320.71875,5.32125,5.00053125,3.3125641327550124,35.24,78.70926340097817,12.8 to 29.4,1.29 to 2.81,347 to 597,30,12.4 to 24.9,1.28 to 2.08,325 to 455,Medium-Cu regime: operate near historical median band and monitor Cu trend closely.
2025-08-31,Medium Cu,Normal,7615.467799999999,377.9719213269932,1731.28125,447.9375,5.855,5.4070625,1.6289216008503116,12.405,81.19870118984316,12.8 to 29.4,1.29 to 2.81,347 to 597,30,12.4 to 24.3,1.3 to 2.31,343 to 534,Medium-Cu regime: operate near historical median band and monitor Cu trend closely.
2025-09-01,Medium Cu,Normal,13540.418599999999,1561.117055941092,1611.78125,297.3125,5.324375,5.0270624999999995,1.8721725486389318,25.349999999999998,81.58904537638,12.8 to 29.4,1.29 to 2.81,347 to 597,30,13.9 to 26.7,1.26 to 2.08,321 to 465,Medium-Cu regime: operate near historical median band and monitor Cu trend closely. Free CN is in the lower historical range.
2025-09-02,Medium Cu,Normal,13097.914999999999,1597.2116523269738,1760.4375,298.625,5.8378125,5.5391875,2.6863054157856423,35.185,81.57029526996521,12.8 to 29.4,1.29 to 2.81,347 to 597,30,13.9 to 25.3,1.28 to 2.08,313 to 407,Medium-Cu regime: operate near historical median band and monitor Cu trend closely. Free CN is in the lower historical range.
2025-09-03,Medium Cu,Normal,14829.6174,1172.7434530669643,1840.8125,270.03125,6.0121875,5.74215625,2.4910285278162334,36.941,82.99812482930074,12.8 to 29.4,1.29 to 2.81,347 to 597,30,16.0 to 27.8,1.36 to 2.31,313 to 401,Medium-Cu regime: operate near historical median band and monitor Cu trend closely. Free CN is in the lower historical range.
2025-09-04,Medium Cu,Normal,13083.548,969.3506263182193,1890.5625,386.03125,6.42,6.03396875,3.745161480662585,49.0,81.3316621626559,12.8 to 29.4,1.29 to 2.81,347 to 597,30,15.4 to 27.8,1.37 to 2.27,317 to 426,Medium-Cu regime: operate near historical median band and monitor Cu trend closely. Specific NaCN is already in the upper historical range.
2025-09-05,Medium Cu,Normal,11109.5222,336.98510229985027,1864.875,592.90625,6.760000000000001,6.167093750000001,4.950707961139859,55.0,78.78559023359331,12.8 to 29.4,1.29 to 2.81,347 to 597,30,10.7 to 24.4,0.85 to 2.25,387 to 642,Medium-Cu regime: operate near historical median band and monitor Cu trend closely. Specific NaCN is already in the upper historical range.
2025-09-06,Medium Cu,Normal,7274.491,3665.413542785185,1786.9375,756.71875,6.70875,5.95203125,2.3369332644717,17.0,78.36558680482285,12.8 to 29.4,1.29 to 2.81,347 to 597,30,10.8 to 24.0,1.18 to 2.59,458 to 655,Medium-Cu regime: operate near historical median band and monitor Cu trend closely.
2025-09-07,Medium Cu,Normal,11532.8698,3914.0137252503814,2043.71875,422.125,7.032500000000001,6.610375,3.5550561751767975,41.0,82.68658691679175,12.8 to 29.4,1.29 to 2.81,347 to 597,30,14.8 to 27.8,1.36 to 2.44,325 to 423,Medium-Cu regime: operate near historical median band and monitor Cu trend closely. Specific NaCN is already in the upper historical range.
2025-09-08,Medium Cu,Watch,14688.8208,2129.5133499534672,2283.6875,367.5,7.5159375,7.1484375,4.183453582604806,61.45,68.00015579263196,12.8 to 29.4,1.29 to 2.81,347 to 597,30,16.2 to 30.0,1.31 to 2.49,325 to 455,Medium-Cu regime: operate near historical median band and monitor Cu trend closely. Specific NaCN is already in the upper historical range. Recovery is in the lower historical range.
2025-09-09,Medium Cu,Normal,11641.1012,1517.618265458918,2439.892857142857,367.17857142857144,7.885357142857143,7.518178571428572,4.29469679380504,49.995,71.32659631850005,12.8 to 29.4,1.29 to 2.81,347 to 597,30,15.4 to 33.4,1.39 to 2.7,354 to 474,Medium-Cu regime: operate near historical median band and monitor Cu trend closely. Specific NaCN is already in the upper historical range.
2025-09-10,Medium Cu,Normal,13084.505799999999,660.8782595136548,2246.78125,323.65625,7.270357142857144,6.946700892857144,4.605065022784429,60.254999999999995,73.56712442555407,12.8 to 29.4,1.29 to 2.81,347 to 597,30,20.0 to 35.2,1.37 to 2.7,325 to 401,Medium-Cu regime: operate near historical median band and monitor Cu trend closely. Specific NaCN is already in the upper historical range.
2025-09-11,Medium Cu,Normal,12708.0904,3148.5401557337154,2520.4375,370.96875,8.0609375,7.689968749999999,3.036648212700785,38.59,69.60581530972641,12.8 to 29.4,1.29 to 2.81,347 to 597,30,15.5 to 36.5,1.37 to 3.0,323 to 430,Medium-Cu regime: operate near historical median band and monitor Cu trend closely. Recovery is in the lower historical range.
2025-09-12,High Cu,Watch,13371.8458,2534.897125543748,2751.03125,273.6875,8.413124999999999,8.1394375,4.328871336521097,57.885000000000005,76.30383242320647,22.7 to 53.4,2.87 to 4.9,186 to 422,30,16.2 to 38.2,1.23 to 3.08,323 to 382,"High-Cu regime: expect materially higher cyanide demand and stronger complexation risk. Free CN is in the lower historical range. Specific NaCN is already in the upper historical range. Extra NaCN may be required to maintain free CN, but efficiency should be checked carefully."
2025-09-13,High Cu,Critical,10892.1016,1490.02129912963,2865.15625,270.375,8.70875,8.438375,4.480769808463777,48.805,63.47583939851778,22.7 to 53.4,2.87 to 4.9,186 to 422,30,20.0 to 40.3,1.68 to 3.26,304 to 378,"High-Cu regime: expect materially higher cyanide demand and stronger complexation risk. Free CN is in the lower historical range. Specific NaCN is already in the upper historical range. Recovery is in the lower historical range. Extra NaCN may be required to maintain free CN, but efficiency should be checked carefully."
2025-09-14,High Cu,Watch,8660.427599999999,1983.139415007969,3010.28125,354.9375,9.2425,8.8875625,7.077017767575358,61.290000000000006,68.13894795634108,22.7 to 53.4,2.87 to 4.9,186 to 422,30,16.1 to 41.0,1.77 to 3.7,321 to 402,High-Cu regime: expect materially higher cyanide demand and stronger complexation risk. Specific NaCN is already in the upper historical range. Recovery is in the lower historical range.
2025-09-15,High Cu,Watch,6300.4084,1629.0930029374194,3068.65,728.9000000000001,10.206,9.4771,9.727940810948066,61.290000000000006,72.72206773112228,22.7 to 53.4,2.87 to 4.9,186 to 422,30,12.6 to 37.8,1.38 to 3.29,375 to 623,High-Cu regime: expect materially higher cyanide demand and stronger complexation risk. Specific NaCN is already in the upper historical range.
2025-09-16,High Cu,Normal,13423.567,790.6495345374226,2943.4375,688.4375,9.8975,9.209062500000002,2.790241967727356,37.455,73.26672452055594,22.7 to 53.4,2.87 to 4.9,186 to 422,30,15.1 to 49.0,1.18 to 4.07,375 to 717,High-Cu regime: expect materially higher cyanide demand and stronger complexation risk.
2025-09-17,Medium Cu,Normal,15103.5482,672.628849488373,2584.1875,1252.96875,9.543437500000001,8.290468750000002,2.8615792413599874,43.22,63.58566780575241,12.8 to 29.4,1.29 to 2.81,347 to 597,30,13.9 to 26.0,1.11 to 2.28,536 to 752,Medium-Cu regime: operate near historical median band and monitor Cu trend closely. Recovery is in the lower historical range.
2025-09-18,Medium Cu,Normal,15059.4894,525.1457816746419,2675.0625,638.125,9.149375,8.511249999999999,1.6580907450952487,24.97,45.620387214108135,12.8 to 29.4,1.29 to 2.81,347 to 597,30,15.5 to 36.5,1.3 to 2.67,368 to 608,Medium-Cu regime: operate near historical median band and monitor Cu trend closely. Recovery is in the lower historical range.
2025-09-19,Medium Cu,Normal,15771.1348,477.6116389086365,2659.1875,489.34375,8.8665625,8.37721875,2.73474296852754,43.129999999999995,57.13398762320955,12.8 to 29.4,1.29 to 2.81,347 to 597,30,16.3 to 36.5,1.36 to 2.95,331 to 534,Medium-Cu regime: operate near historical median band and monitor Cu trend closely. Recovery is in the lower historical range.
2025-09-20,Medium Cu,Normal,16036.4454,1067.9718138393964,2353.15625,715.375,8.4025,7.687125,1.6986307950763204,27.240000000000002,63.13776058620423,12.8 to 29.4,1.29 to 2.81,347 to 597,30,15.1 to 36.5,1.18 to 2.67,368 to 632,Medium-Cu regime: operate near historical median band and monitor Cu trend closely. Recovery is in the lower historical range.
2025-09-21,Medium Cu,Normal,6503.4619999999995,2703.872901678657,2392.75,560.4166666666667,8.252500000000001,7.6920833333333345,3.4904486256704508,22.7,73.79062840550262,12.8 to 29.4,1.29 to 2.81,347 to 597,30,8.6 to 30.2,1.13 to 2.87,356 to 528,Medium-Cu regime: operate near historical median band and monitor Cu trend closely. Specific NaCN is already in the upper historical range.
2025-09-22,Medium Cu,Normal,12365.198,1352.7438077410384,2571.035714285714,348.10714285714283,8.368214285714286,8.020107142857142,3.2126456850913345,39.725,57.622910046863616,12.8 to 29.4,1.29 to 2.81,347 to 597,30,21.0 to 40.3,1.69 to 3.08,323 to 419,Medium-Cu regime: operate near historical median band and monitor Cu trend closely. Recovery is in the lower historical range.
2025-09-23,Medium Cu,Watch,13742.791799999999,1642.3192055886689,2429.0625,558.21875,8.3465625,7.788343749999999,3.9642600130200623,54.48,60.739842887712605,12.8 to 29.4,1.29 to 2.81,347 to 597,30,18.4 to 39.4,1.55 to 3.17,368 to 592,Medium-Cu regime: operate near historical median band and monitor Cu trend closely. Specific NaCN is already in the upper historical range. Recovery is in the lower historical range.
2025-09-24,Medium Cu,Normal,15480.099,2976.8645041371615,2661.40625,435.0625,8.871875000000001,8.4368125,2.4195581694923267,37.455,66.4231595773333,12.8 to 29.4,1.29 to 2.81,347 to 597,30,24.5 to 41.0,1.73 to 3.29,325 to 475,Medium-Cu regime: operate near historical median band and monitor Cu trend closely. Recovery is in the lower historical range.
2025-09-25,Medium Cu,Normal,14857.4358,1084.508253152152,2698.25,381.9375,8.833124999999999,8.4511875,3.2037829838712817,47.6,66.10899274162908,12.8 to 29.4,1.29 to 2.81,347 to 597,30,24.5 to 41.0,1.67 to 3.29,325 to 432,Medium-Cu regime: operate near historical median band and monitor Cu trend closely. Recovery is in the lower historical range.
2025-09-26,Medium Cu,Normal,15757.7991,1011.2691167874555,2675.75,529.5,9.0621875,8.5326875,2.1576617257418897,34.0,63.952831887947625,12.8 to 29.4,1.29 to 2.81,347 to 597,30,21.1 to 42.6,1.57 to 3.21,367 to 530,Medium-Cu regime: operate near historical median band and monitor Cu trend closely. Recovery is in the lower historical range.
2025-09-27,High Cu,Normal,16746.5652,338.5147501651391,2836.59375,401.03125,9.2521875,8.851156249999999,2.7787787790656915,46.535,71.13055265567436,22.7 to 53.4,2.87 to 4.9,186 to 422,30,25.8 to 48.5,1.9 to 3.7,317 to 476,High-Cu regime: expect materially higher cyanide demand and stronger complexation risk.
2025-09-28,High Cu,Normal,15167.806499999999,543.4382685327406,2883.65625,738.625,10.080625000000001,9.342,3.3673293498305115,51.075,79.11887178654374,22.7 to 53.4,2.87 to 4.9,186 to 422,30,18.2 to 45.7,1.23 to 3.21,406 to 731,High-Cu regime: expect materially higher cyanide demand and stronger complexation risk.
2025-09-29,High Cu,Normal,16391.9931,510.27894616743794,2854.875,953.375,10.2953125,9.3419375,2.7004037721318954,44.265,82.9313379872887,22.7 to 53.4,2.87 to 4.9,186 to 422,30,12.5 to 37.5,0.87 to 2.66,633 to 857,High-Cu regime: expect materially higher cyanide demand and stronger complexation risk.
2025-09-30,High Cu,Normal,13735.104599999999,723.8581897762202,2799.9285714285716,904.5714285714286,10.043928571428571,9.139357142857143,1.4047945437561504,19.295,77.50216682266583,22.7 to 53.4,2.87 to 4.9,186 to 422,30,15.0 to 41.7,1.11 to 2.73,643 to 880,High-Cu regime: expect materially higher cyanide demand and stronger complexation risk.
2025-10-01,Medium Cu,Normal,15761.6427,366.50720242292317,2573.875,736.09375,9.1946875,8.45859375,1.2961846927287597,20.43,81.13665612851388,12.8 to 29.4,1.29 to 2.81,347 to 597,30,18.4 to 43.2,1.47 to 3.21,383 to 655,Medium-Cu regime: operate near historical median band and monitor Cu trend closely.
2025-10-02,Medium Cu,Normal,14429.835299999999,412.40207240682065,2406.8125,860.53125,8.9234375,8.062906250000001,2.123724863304573,30.645,72.46292610420737,12.8 to 29.4,1.29 to 2.81,347 to 597,30,15.1 to 36.6,1.18 to 2.4,533 to 738,Medium-Cu regime: operate near historical median band and monitor Cu trend closely.
2025-10-03,Medium Cu,Normal,2972.0637,338.35905667366336,2337.375,718.375,8.46,7.741625000000001,3.437005741162277,10.215,72.61622531643751,12.8 to 29.4,1.29 to 2.81,347 to 597,30,8.0 to 17.0,1.07 to 2.87,356 to 549,Medium-Cu regime: operate near historical median band and monitor Cu trend closely.
2025-10-06,Medium Cu,Normal,9553.2678,348.1451001568031,2056.875,756.0,7.637083333333334,6.881083333333334,0.9504601137633764,9.08,79.35868894083254,12.8 to 29.4,1.29 to 2.81,347 to 597,30,11.2 to 27.8,1.22 to 2.78,455 to 656,Medium-Cu regime: operate near historical median band and monitor Cu trend closely.
2025-10-07,Medium Cu,Normal,14419.2654,441.23451681095884,1950.75,722.3125,7.275625,6.5533125,1.2594261563421947,18.16,80.28446856530907,12.8 to 29.4,1.29 to 2.81,347 to 597,30,15.1 to 33.2,1.28 to 2.45,406 to 667,Medium-Cu regime: operate near historical median band and monitor Cu trend closely.
2025-10-08,Medium Cu,Normal,9514.8318,320.64296210366047,1950.15,576.5,7.0105,6.434,2.266461504868641,21.565,84.56416109903316,12.8 to 29.4,1.29 to 2.81,347 to 597,30,15.0 to 35.2,1.38 to 3.17,387 to 587,Medium-Cu regime: operate near historical median band and monitor Cu trend closely.
2025-10-09,Medium Cu,Normal,15877.9116,273.91380306034137,2011.9375,577.25,7.2006250000000005,6.623375,1.9300397163062677,30.644999999999996,80.9235860381319,12.8 to 29.4,1.29 to 2.81,347 to 597,30,20.9 to 42.6,1.5 to 3.21,381 to 632,Medium-Cu regime: operate near historical median band and monitor Cu trend closely.
2025-10-10,Medium Cu,Normal,16678.3413,601.0891552313309,2020.53125,680.28125,7.36875,6.68846875,2.517936241057736,41.995,76.41502088433408,12.8 to 29.4,1.29 to 2.81,347 to 597,30,16.3 to 36.6,1.28 to 2.38,433 to 704,Medium-Cu regime: operate near historical median band and monitor Cu trend closely.
2025-10-11,Medium Cu,Normal,15586.758899999999,387.4256770876846,2062.21875,551.78125,7.308125,6.75634375,2.475819395653833,38.59,74.46365092052574,12.8 to 29.4,1.29 to 2.81,347 to 597,30,20.7 to 42.8,1.57 to 3.09,367 to 627,Medium-Cu regime: operate near historical median band and monitor Cu trend closely.
2025-10-12,Medium Cu,Normal,14707.535399999999,691.4235070769604,2099.90625,695.46875,7.6840625,6.98859375,2.0836257854596085,30.644999999999996,78.29192968327168,12.8 to 29.4,1.29 to 2.81,347 to 597,30,16.3 to 39.4,1.28 to 2.51,449 to 707,Medium-Cu regime: operate near historical median band and monitor Cu trend closely.
2025-10-13,Medium Cu,Normal,17822.704999999998,296.55128335500444,2077.5,562.53125,7.44875,6.88621875,1.4010218987521816,24.97,79.7203260186216,12.8 to 29.4,1.29 to 2.81,347 to 597,30,21.4 to 39.4,1.57 to 2.72,374 to 652,Medium-Cu regime: operate near historical median band and monitor Cu trend closely.
2025-10-14,Medium Cu,Normal,16034.123,817.2333210147859,2187.875,296.28125,7.10375,6.80746875,2.1828446744483623,35.0,,12.8 to 29.4,1.29 to 2.81,347 to 597,30,25.0 to 41.4,1.83 to 3.16,325 to 476,Medium-Cu regime: operate near historical median band and monitor Cu trend closely. Free CN is in the lower historical range.
2025-10-15,Medium Cu,Normal,14279.526,1856.178785160317,2314.6875,530.5625,8.0903125,7.559749999999999,3.4178305358315115,48.805,,12.8 to 29.4,1.29 to 2.81,347 to 597,30,25.1 to 42.8,1.83 to 3.16,374 to 627,Medium-Cu regime: operate near historical median band and monitor Cu trend closely.
2025-10-16,Medium Cu,Normal,15128.18,2236.114353756614,2395.09375,426.90625,8.067499999999999,7.640593749999999,2.2438257609309247,33.945,80.2295152015195,12.8 to 29.4,1.29 to 2.81,347 to 597,30,25.1 to 41.4,1.73 to 2.96,367 to 574,Medium-Cu regime: operate near historical median band and monitor Cu trend closely.
2025-10-17,Medium Cu,Normal,14378.568,948.6475682089164,2630.875,576.625,8.950624999999999,8.373999999999999,3.3153510140926414,47.67,80.3720805654313,12.8 to 29.4,1.29 to 2.81,347 to 597,30,25.5 to 42.8,1.76 to 3.21,392 to 652,Medium-Cu regime: operate near historical median band and monitor Cu trend closely.
2025-10-18,High Cu,Normal,13635.752999999999,2250.6251291007143,2869.34375,389.875,9.0653125,8.6754375,2.7468230027340628,37.455,84.76507912724844,22.7 to 53.4,2.87 to 4.9,186 to 422,30,34.0 to 48.5,2.26 to 3.7,321 to 476,High-Cu regime: expect materially higher cyanide demand and stronger complexation risk.
2025-10-19,High Cu,Watch,11716.086,1420.48884158813,3276.3125,493.5625,10.4125,9.9189375,5.812521348853194,68.10000000000001,85.78437260928352,22.7 to 53.4,2.87 to 4.9,186 to 422,30,35.8 to 50.8,2.43 to 4.13,368 to 577,High-Cu regime: expect materially higher cyanide demand and stronger complexation risk. Complexed/WAD cyanide is elevated. Specific NaCN is already in the upper historical range. A meaningful share of added cyanide may be reporting to copper-related complexes.
2025-10-20,High Cu,Watch,13800.823,592.1588895982812,3415.34375,624.46875,11.119375000000002,10.494906250000001,5.921385992704928,81.72,83.33730643208467,22.7 to 53.4,2.87 to 4.9,186 to 422,30,30.6 to 47.3,2.09 to 3.21,429 to 694,High-Cu regime: expect materially higher cyanide demand and stronger complexation risk. Complexed/WAD cyanide is elevated. Specific NaCN is already in the upper historical range. A meaningful share of added cyanide may be reporting to copper-related complexes.
2025-10-21,High Cu,Watch,14845.618999999999,66.46728694640413,3357.40625,973.90625,11.5378125,10.563906249999999,2.5994200713355236,38.59,87.44394455464965,22.7 to 53.4,2.87 to 4.9,186 to 422,30,19.6 to 43.2,1.4 to 2.77,566 to 780,High-Cu regime: expect materially higher cyanide demand and stronger complexation risk. Complexed/WAD cyanide is elevated. A meaningful share of added cyanide may be reporting to copper-related complexes.
2025-10-22,High Cu,Watch,15715.635,728.3425654261321,3386.84375,501.90625,10.8271875,10.325281250000002,1.4444214312689243,22.7,84.23365236707123,22.7 to 53.4,2.87 to 4.9,186 to 422,30,34.0 to 49.7,2.18 to 3.7,387 to 635,High-Cu regime: expect materially higher cyanide demand and stronger complexation risk. Complexed/WAD cyanide is elevated. A meaningful share of added cyanide may be reporting to copper-related complexes.
2025-10-23,High Cu,Watch,14625.202,258.2499999999999,3424.28125,341.84375,10.7478125,10.40596875,1.552115314373094,22.7,79.63639318892406,22.7 to 53.4,2.87 to 4.9,186 to 422,30,34.3 to 49.7,2.29 to 4.13,350 to 500,High-Cu regime: expect materially higher cyanide demand and stronger complexation risk. Complexed/WAD cyanide is elevated. A meaningful share of added cyanide may be reporting to copper-related complexes.
2025-10-24,High Cu,Watch,14564.029,260.3861858989833,3012.75,419.625,9.701875,9.28225,3.506927924958128,51.075,81.87607462308658,22.7 to 53.4,2.87 to 4.9,186 to 422,30,34.3 to 49.7,2.29 to 3.91,353 to 523,High-Cu regime: expect materially higher cyanide demand and stronger complexation risk. Specific NaCN is already in the upper historical range.
2025-10-25,High Cu,Normal,13748.389,454.41264864966064,2717.3125,625.5625,9.4459375,8.820374999999999,2.064969212029133,28.39,78.40561068368353,22.7 to 53.4,2.87 to 4.9,186 to 422,30,28.1 to 47.3,1.97 to 3.21,429 to 670,High-Cu regime: expect materially higher cyanide demand and stronger complexation risk.
2025-10-26,Medium Cu,Normal,11955.922999999999,428.09850551233075,2310.40625,1380.6875,9.0184375,7.637749999999999,1.3290483720913895,15.89,76.15742246910484,12.8 to 29.4,1.29 to 2.81,347 to 597,30,15.5 to 30.6,1.26 to 2.23,598 to 780,Medium-Cu regime: operate near historical median band and monitor Cu trend closely.
2025-10-27,Medium Cu,Normal,16185.599,412.8307080842533,2383.21875,797.625,8.5665625,7.7689375,0.7012406522613096,11.35,68.76636453814147,12.8 to 29.4,1.29 to 2.81,347 to 597,30,18.4 to 38.3,1.32 to 2.46,559 to 721,Medium-Cu regime: operate near historical median band and monitor Cu trend closely. Recovery is in the lower historical range.
2025-10-28,Medium Cu,Normal,9837.201,353.49231719814014,2298.8500000000004,688.3,8.1595,7.4712,0.5768917398353455,5.675,62.61741889072569,12.8 to 29.4,1.29 to 2.81,347 to 597,30,16.5 to 30.6,1.41 to 2.49,530 to 692,Medium-Cu regime: operate near historical median band and monitor Cu trend closely. Recovery is in the lower historical range.
2025-10-29,Medium Cu,Normal,15924.4,729.4269333372552,2248.375,412.78125,7.4871875,7.07440625,0.5701941674411595,9.08,71.1587483214279,12.8 to 29.4,1.29 to 2.81,347 to 597,30,25.8 to 42.8,1.74 to 3.16,367 to 573,Medium-Cu regime: operate near historical median band and monitor Cu trend closely.
2025-10-30,Medium Cu,Normal,16155.498,1349.7554853458703,2646.78125,354.0,8.2321875,7.8781875,3.867414053098209,62.480000000000004,70.64065318692569,12.8 to 29.4,1.29 to 2.81,347 to 597,30,26.0 to 42.8,1.94 to 3.29,325 to 476,Medium-Cu regime: operate near historical median band and monitor Cu trend closely. Specific NaCN is already in the upper historical range.
2025-10-31,High Cu,Watch,12064.675,2131.8517686981395,2963.464285714286,576.6428571428571,9.615,9.038357142857143,5.178755333235252,62.480000000000004,78.42485289849458,22.7 to 53.4,2.87 to 4.9,186 to 422,30,37.5 to 57.2,2.5 to 4.32,367 to 577,High-Cu regime: expect materially higher cyanide demand and stronger complexation risk. Specific NaCN is already in the upper historical range.
2025-11-01,High Cu,Watch,11872.417,959.039987044031,3494.46875,502.96875,11.0928125,10.58984375,4.588787607443371,54.48,81.17377473712418,22.7 to 53.4,2.87 to 4.9,186 to 422,30,37.7 to 59.7,2.76 to 4.44,367 to 577,High-Cu regime: expect materially higher cyanide demand and stronger complexation risk. Complexed/WAD cyanide is elevated. Specific NaCN is already in the upper historical range. A meaningful share of added cyanide may be reporting to copper-related complexes.
2025-11-02,High Cu,Watch,14511.595,553.0220751416638,3240.09375,694.5625,10.8390625,10.1445,3.441386008912184,49.94,78.20360859228391,22.7 to 53.4,2.87 to 4.9,186 to 422,30,27.5 to 47.7,1.76 to 3.29,496 to 694,High-Cu regime: expect materially higher cyanide demand and stronger complexation risk. Complexed/WAD cyanide is elevated. Specific NaCN is already in the upper historical range. A meaningful share of added cyanide may be reporting to copper-related complexes.
2025-11-03,High Cu,Critical,14570.826,455.9451561642207,3406.6875,478.9375,10.7884375,10.3095,4.941380811218252,72.0,68.52506799518962,22.7 to 53.4,2.87 to 4.9,186 to 422,30,27.5 to 49.4,1.76 to 3.35,421 to 635,High-Cu regime: expect materially higher cyanide demand and stronger complexation risk. Complexed/WAD cyanide is elevated. Specific NaCN is already in the upper historical range. Recovery is in the lower historical range. A meaningful share of added cyanide may be reporting to copper-related complexes.
2025-11-04,High Cu,Watch,15927.313,493.29332691024865,3133.0625,875.78125,10.6859375,9.81015625,2.565404472179331,40.86,76.96411489077471,22.7 to 53.4,2.87 to 4.9,186 to 422,30,25.0 to 44.0,1.59 to 2.79,559 to 737,High-Cu regime: expect materially higher cyanide demand and stronger complexation risk. Complexed/WAD cyanide is elevated. A meaningful share of added cyanide may be reporting to copper-related complexes.
2025-11-05,High Cu,Normal,16324.452,572.2837164132293,2748.84375,1037.3125,9.875,8.8376875,1.7335957127381671,28.299999999999997,82.75312486832964,22.7 to 53.4,2.87 to 4.9,186 to 422,30,18.4 to 41.7,1.3 to 2.68,649 to 922,High-Cu regime: expect materially higher cyanide demand and stronger complexation risk.
2025-11-06,High Cu,Normal,17081.832,991.0675165434686,3019.71875,534.9375,9.700000000000001,9.165062500000001,2.524904822855066,43.129999999999995,80.22690189861925,22.7 to 53.4,2.87 to 4.9,186 to 422,30,29.0 to 51.1,1.96 to 3.49,423 to 635,High-Cu regime: expect materially higher cyanide demand and stronger complexation risk.
2025-11-07,High Cu,Watch,4123.8369999999995,1069.5214896728205,3260.583333333333,319.4166666666667,9.795833333333334,9.476416666666667,5.504582261617034,22.7,81.50105770317761,22.7 to 53.4,2.87 to 4.9,186 to 422,30,5.6 to 23.7,0.96 to 3.7,311 to 448,High-Cu regime: expect materially higher cyanide demand and stronger complexation risk. Specific NaCN is already in the upper historical range.
2025-11-08,High Cu,Watch,12606.615,1201.0833807760757,3430.321428571429,167.7857142857143,9.939642857142857,9.771857142857144,3.871380223795206,48.805,81.30632443679863,22.7 to 53.4,2.87 to 4.9,186 to 422,30,35.7 to 54.5,2.54 to 4.27,343 to 468,"High-Cu regime: expect materially higher cyanide demand and stronger complexation risk. Free CN is in the lower historical range. Specific NaCN is already in the upper historical range. Extra NaCN may be required to maintain free CN, but efficiency should be checked carefully."
2025-11-09,High Cu,Watch,14258.853000000001,1301.3999689663713,3855.90625,362.625,11.718124999999999,11.3555,6.208774296221442,88.53,77.75073865091575,22.7 to 53.4,2.87 to 4.9,186 to 422,30,37.7 to 57.0,2.74 to 4.32,367 to 534,High-Cu regime: expect materially higher cyanide demand and stronger complexation risk. Complexed/WAD cyanide is elevated. Specific NaCN is already in the upper historical range. A meaningful share of added cyanide may be reporting to copper-related complexes.
2025-11-10,High Cu,Watch,15066.4185,1069.0815015425442,3229.1875,754.15625,10.8121875,10.05803125,1.2806626870214708,19.294999999999998,73.29930357999531,22.7 to 53.4,2.87 to 4.9,186 to 422,30,28.3 to 49.4,1.78 to 3.35,541 to 738,High-Cu regime: expect materially higher cyanide demand and stronger complexation risk. Complexed/WAD cyanide is elevated. A meaningful share of added cyanide may be reporting to copper-related complexes.
2025-11-11,High Cu,Watch,16667.8785,3680.388319343554,3626.8125,171.34375,10.521875000000001,10.350531250000001,2.723801952360044,45.4,73.82839733956902,22.7 to 53.4,2.87 to 4.9,186 to 422,30,37.7 to 57.0,2.7 to 4.32,343 to 487,"High-Cu regime: expect materially higher cyanide demand and stronger complexation risk. Free CN is in the lower historical range. Complexed/WAD cyanide is elevated. Extra NaCN may be required to maintain free CN, but efficiency should be checked carefully. A meaningful share of added cyanide may be reporting to copper-related complexes."
2025-11-12,High Cu,Critical,15970.657500000001,2529.420585615468,4164.375,146.6875,11.7815625,11.634875,4.832612558374631,77.18,72.65012153547178,22.7 to 53.4,2.87 to 4.9,186 to 422,30,37.7 to 61.0,2.57 to 4.56,343 to 468,"High-Cu regime: expect materially higher cyanide demand and stronger complexation risk. Free CN is in the lower historical range. Complexed/WAD cyanide is elevated. Specific NaCN is already in the upper historical range. Extra NaCN may be required to maintain free CN, but efficiency should be checked carefully. A meaningful share of added cyanide may be reporting to copper-related complexes."
2025-11-13,High Cu,Critical,13495.230000000001,2031.2387504269175,4539.041666666667,142.0,12.582916666666666,12.440916666666666,6.475991887503955,87.39500000000001,81.22552699407214,22.7 to 53.4,2.87 to 4.9,186 to 422,30,37.5 to 60.4,2.57 to 4.91,357 to 720,"High-Cu regime: expect materially higher cyanide demand and stronger complexation risk. Free CN is in the lower historical range. Complexed/WAD cyanide is elevated. Specific NaCN is already in the upper historical range. Extra NaCN may be required to maintain free CN, but efficiency should be checked carefully. A meaningful share of added cyanide may be reporting to copper-related complexes."
2025-11-14,High Cu,Critical,15349.603500000001,1355.117565897913,4527.21875,246.75,13.1271875,12.8804375,4.510539962807508,69.235,80.32728460236167,22.7 to 53.4,2.87 to 4.9,186 to 422,30,37.7 to 61.3,2.62 to 5.12,345 to 693,"High-Cu regime: expect materially higher cyanide demand and stronger complexation risk. Free CN is in the lower historical range. Complexed/WAD cyanide is elevated. Specific NaCN is already in the upper historical range. Extra NaCN may be required to maintain free CN, but efficiency should be checked carefully. A meaningful share of added cyanide may be reporting to copper-related complexes."
2025-11-15,High Cu,Watch,15798.7935,878.4161458474441,4314.90625,405.09375,13.15875,12.753656249999999,3.8180130653647697,60.32,81.82935333921192,22.7 to 53.4,2.87 to 4.9,186 to 422,30,37.7 to 62.2,2.57 to 4.77,345 to 693,High-Cu regime: expect materially higher cyanide demand and stronger complexation risk. Complexed/WAD cyanide is elevated. Specific NaCN is already in the upper historical range. A meaningful share of added cyanide may be reporting to copper-related complexes.
2025-11-16,High Cu,Watch,16667.8785,788.0708313411674,4073.40625,298.75,12.092812499999999,11.794062499999999,0.8999345657577238,15.0,77.96218812396157,22.7 to 53.4,2.87 to 4.9,186 to 422,30,39.2 to 62.2,2.62 to 4.77,345 to 673,High-Cu regime: expect materially higher cyanide demand and stronger complexation risk. Complexed/WAD cyanide is elevated. A meaningful share of added cyanide may be reporting to copper-related complexes.
2025-11-17,High Cu,Critical,15021.4995,1132.7061693883556,4178.15625,214.96875,12.086875,11.871906249999999,3.5282762549770745,53.0,84.68905625818451,22.7 to 53.4,2.87 to 4.9,186 to 422,30,38.9 to 62.2,2.71 to 4.91,310 to 625,"High-Cu regime: expect materially higher cyanide demand and stronger complexation risk. Free CN is in the lower historical range. Complexed/WAD cyanide is elevated. Specific NaCN is already in the upper historical range. Extra NaCN may be required to maintain free CN, but efficiency should be checked carefully. A meaningful share of added cyanide may be reporting to copper-related complexes."
2025-11-18,High Cu,Critical,13433.710500000001,3807.49296778497,4274.78125,236.78125,12.46625,12.22946875,4.650986039932899,62.480000000000004,79.79470189869429,22.7 to 53.4,2.87 to 4.9,186 to 422,30,38.9 to 62.2,2.75 to 5.12,280 to 566,"High-Cu regime: expect materially higher cyanide demand and stronger complexation risk. Free CN is in the lower historical range. Complexed/WAD cyanide is elevated. Specific NaCN is already in the upper historical range. Extra NaCN may be required to maintain free CN, but efficiency should be checked carefully. A meaningful share of added cyanide may be reporting to copper-related complexes."
2025-11-19,High Cu,Critical,14517.6255,3508.6776805158784,4500.625,166.78125,12.477187500000001,12.310406250000002,3.566698975669265,51.78,82.70530258356673,22.7 to 53.4,2.87 to 4.9,186 to 422,30,38.9 to 62.5,2.75 to 4.91,271 to 527,"High-Cu regime: expect materially higher cyanide demand and stronger complexation risk. Free CN is in the lower historical range. Complexed/WAD cyanide is elevated. Specific NaCN is already in the upper historical range. Extra NaCN may be required to maintain free CN, but efficiency should be checked carefully. A meaningful share of added cyanide may be reporting to copper-related complexes."
2025-11-20,High Cu,Critical,12460.140000000001,3856.4705815987454,4772.90625,45.03125,12.0434375,11.99840625,5.522409860563364,68.81,76.85556465062132,22.7 to 53.4,2.87 to 4.9,186 to 422,30,38.9 to 62.5,2.75 to 4.91,253 to 503,"High-Cu regime: expect materially higher cyanide demand and stronger complexation risk. Free CN is in the lower historical range. Complexed/WAD cyanide is elevated. Specific NaCN is already in the upper historical range. Extra NaCN may be required to maintain free CN, but efficiency should be checked carefully. A meaningful share of added cyanide may be reporting to copper-related complexes."
2025-11-21,High Cu,Critical,16024.365,2123.503054414538,4911.6875,130.375,13.31375,13.183375,6.091661042418843,97.61500000000001,74.82696835970319,22.7 to 53.4,2.87 to 4.9,186 to 422,30,43.7 to 66.7,2.75 to 4.91,239 to 503,"High-Cu regime: expect materially higher cyanide demand and stronger complexation risk. Free CN is in the lower historical range. Complexed/WAD cyanide is elevated. Specific NaCN is already in the upper historical range. Extra NaCN may be required to maintain free CN, but efficiency should be checked carefully. A meaningful share of added cyanide may be reporting to copper-related complexes."
2025-11-22,High Cu,Critical,7050.33,789.1952323476161,5090.25,101.33333333333334,13.710833333333333,13.6095,8.640021105395066,60.915,69.02724493947271,22.7 to 53.4,2.87 to 4.9,186 to 422,30,46.3 to 68.6,3.46 to 5.52,220 to 500,"High-Cu regime: expect materially higher cyanide demand and stronger complexation risk. Free CN is in the lower historical range. Complexed/WAD cyanide is elevated. Specific NaCN is already in the upper historical range. Recovery is in the lower historical range. Extra NaCN may be required to maintain free CN, but efficiency should be checked carefully. A meaningful share of added cyanide may be reporting to copper-related complexes."
2025-11-23,High Cu,Critical,15021.4995,1557.516392056384,5168.375,193.96875,14.539955357142858,14.345986607142859,4.611057637754473,69.265,63.648346751077554,22.7 to 53.4,2.87 to 4.9,186 to 422,30,47.1 to 68.6,2.95 to 5.44,182 to 490,"High-Cu regime: expect materially higher cyanide demand and stronger complexation risk. Free CN is in the lower historical range. Complexed/WAD cyanide is elevated. Specific NaCN is already in the upper historical range. Recovery is in the lower historical range. Extra NaCN may be required to maintain free CN, but efficiency should be checked carefully. A meaningful share of added cyanide may be reporting to copper-related complexes."
2025-11-24,High Cu,Critical,15166.0215,1661.8341460831884,5243.8125,261.21875,15.42,15.15878125,3.4178376972497366,51.835,66.1859215630092,22.7 to 53.4,2.87 to 4.9,186 to 422,30,48.8 to 69.1,3.46 to 5.44,177 to 464,"High-Cu regime: expect materially higher cyanide demand and stronger complexation risk. Free CN is in the lower historical range. Complexed/WAD cyanide is elevated. Recovery is in the lower historical range. Extra NaCN may be required to maintain free CN, but efficiency should be checked carefully. A meaningful share of added cyanide may be reporting to copper-related complexes."
2025-11-25,High Cu,Watch,14910.1785,1836.6758889247942,5182.75,318.6875,15.462499999999999,15.1438125,5.521396004749372,82.32499999999999,72.07836457203084,22.7 to 53.4,2.87 to 4.9,186 to 422,30,49.1 to 69.1,3.46 to 5.44,177 to 464,High-Cu regime: expect materially higher cyanide demand and stronger complexation risk. Complexed/WAD cyanide is elevated. Specific NaCN is already in the upper historical range. A meaningful share of added cyanide may be reporting to copper-related complexes.
2025-11-26,High Cu,Watch,17137.575,1959.6826017937165,5407.75,153.3125,14.7678125,14.6145,2.516692122426889,43.129999999999995,74.3311127595373,22.7 to 53.4,2.87 to 4.9,186 to 422,30,48.8 to 69.3,3.44 to 5.44,177 to 416,"High-Cu regime: expect materially higher cyanide demand and stronger complexation risk. Free CN is in the lower historical range. Complexed/WAD cyanide is elevated. Extra NaCN may be required to maintain free CN, but efficiency should be checked carefully. A meaningful share of added cyanide may be reporting to copper-related complexes."
2025-11-27,High Cu,Critical,14773.4685,3128.582227224794,5724.5625,114.8125,15.2540625,15.13925,6.914422296971087,102.15,77.93121643432994,22.7 to 53.4,2.87 to 4.9,186 to 422,30,48.8 to 69.1,3.44 to 5.44,169 to 401,"High-Cu regime: expect materially higher cyanide demand and stronger complexation risk. Free CN is in the lower historical range. Complexed/WAD cyanide is elevated. Specific NaCN is already in the upper historical range. Extra NaCN may be required to maintain free CN, but efficiency should be checked carefully. A meaningful share of added cyanide may be reporting to copper-related complexes."
2025-11-28,High Cu,Critical,12375.184500000001,2827.985453811084,6099.4375,168.3125,16.866875,16.6985625,5.7780956720281615,71.505,80.5879314132482,22.7 to 53.4,2.87 to 4.9,186 to 422,30,49.4 to 69.3,3.51 to 5.74,167 to 383,"High-Cu regime: expect materially higher cyanide demand and stronger complexation risk. Free CN is in the lower historical range. Complexed/WAD cyanide is elevated. Specific NaCN is already in the upper historical range. Extra NaCN may be required to maintain free CN, but efficiency should be checked carefully. A meaningful share of added cyanide may be reporting to copper-related complexes."
2025-11-29,High Cu,Critical,3711.6765,2572.8910038655263,6570.0,32.0,16.299999999999997,16.267999999999997,8.256376869050953,30.645,68.13461035509305,22.7 to 53.4,2.87 to 4.9,186 to 422,30,51.3 to 69.3,3.63 to 5.8,167 to 352,"High-Cu regime: expect materially higher cyanide demand and stronger complexation risk. Free CN is in the lower historical range. Complexed/WAD cyanide is elevated. Specific NaCN is already in the upper historical range. Recovery is in the lower historical range. Extra NaCN may be required to maintain free CN, but efficiency should be checked carefully. A meaningful share of added cyanide may be reporting to copper-related complexes."
2025-12-02,High Cu,Critical,8414.5005,822.8753041939447,6453.35,7.226999999999999,14.405,14.397772999999999,4.278328820587746,36.0,67.19122044103638,22.7 to 53.4,2.87 to 4.9,186 to 422,30,48.8 to 69.3,3.54 to 5.8,157 to 336,"High-Cu regime: expect materially higher cyanide demand and stronger complexation risk. Free CN is in the lower historical range. Complexed/WAD cyanide is elevated. Specific NaCN is already in the upper historical range. Recovery is in the lower historical range. Extra NaCN may be required to maintain free CN, but efficiency should be checked carefully. A meaningful share of added cyanide may be reporting to copper-related complexes."
2025-12-03,High Cu,Critical,8805.1005,711.109394410116,5559.0,31.916666666666668,13.767083333333332,13.735166666666665,6.675676217437836,58.78,58.45295978440057,22.7 to 53.4,2.87 to 4.9,186 to 422,30,46.3 to 69.3,3.63 to 5.8,148 to 319,"High-Cu regime: expect materially higher cyanide demand and stronger complexation risk. Free CN is in the lower historical range. Complexed/WAD cyanide is elevated. Specific NaCN is already in the upper historical range. Recovery is in the lower historical range. Extra NaCN may be required to maintain free CN, but efficiency should be checked carefully. A meaningful share of added cyanide may be reporting to copper-related complexes."
2025-12-04,High Cu,Critical,13133.925000000001,601.4768786588278,4981.5625,285.46875,14.501562499999999,14.216093749999999,4.925793317686829,64.695,68.48722787978775,22.7 to 53.4,2.87 to 4.9,186 to 422,30,49.4 to 70.9,3.51 to 5.8,148 to 357,"High-Cu regime: expect materially higher cyanide demand and stronger complexation risk. Free CN is in the lower historical range. Complexed/WAD cyanide is elevated. Specific NaCN is already in the upper historical range. Recovery is in the lower historical range. Extra NaCN may be required to maintain free CN, but efficiency should be checked carefully. A meaningful share of added cyanide may be reporting to copper-related complexes."
2025-12-05,High Cu,Watch,14454.153,1586.2753624174798,4729.53125,627.3125,14.850000000000001,14.222687500000001,3.053101762517665,44.129999999999995,59.628366743032544,22.7 to 53.4,2.87 to 4.9,186 to 422,30,43.7 to 70.9,2.74 to 5.44,177 to 503,High-Cu regime: expect materially higher cyanide demand and stronger complexation risk. Complexed/WAD cyanide is elevated. Recovery is in the lower historical range. A meaningful share of added cyanide may be reporting to copper-related complexes.
2025-12-06,High Cu,Watch,13678.812,1958.9254569959166,4455.8125,446.3125,13.647812499999999,13.2015,0.9957005038156824,13.620000000000001,63.386394268301906,22.7 to 53.4,2.87 to 4.9,186 to 422,30,43.4 to 67.2,2.75 to 4.86,250 to 527,High-Cu regime: expect materially higher cyanide demand and stronger complexation risk. Complexed/WAD cyanide is elevated. Recovery is in the lower historical range. A meaningful share of added cyanide may be reporting to copper-related complexes.
2025-12-07,High Cu,Critical,12695.4765,2343.7351115917927,4130.666666666667,216.33333333333334,11.742916666666666,11.526583333333333,0.5364115320917651,6.81,69.51895158295113,22.7 to 53.4,2.87 to 4.9,186 to 422,30,45.7 to 67.2,2.75 to 5.12,220 to 471,"High-Cu regime: expect materially higher cyanide demand and stronger complexation risk. Free CN is in the lower historical range. Complexed/WAD cyanide is elevated. Recovery is in the lower historical range. Extra NaCN may be required to maintain free CN, but efficiency should be checked carefully. A meaningful share of added cyanide may be reporting to copper-related complexes."
2025-12-08,High Cu,Critical,13258.917000000001,1980.8490122191977,3907.0625,264.6875,11.149062500000001,10.884375,2.824891354248616,37.455,60.742344943141724,22.7 to 53.4,2.87 to 4.9,186 to 422,30,49.4 to 69.3,3.44 to 5.71,167 to 361,"High-Cu regime: expect materially higher cyanide demand and stronger complexation risk. Free CN is in the lower historical range. Complexed/WAD cyanide is elevated. Recovery is in the lower historical range. Extra NaCN may be required to maintain free CN, but efficiency should be checked carefully. A meaningful share of added cyanide may be reporting to copper-related complexes."
2025-12-09,High Cu,Critical,15041.0295,1976.1941675559974,3918.46875,249.3125,11.247499999999999,10.998187499999998,3.471171969977188,52.21,58.07380337371361,22.7 to 53.4,2.87 to 4.9,186 to 422,30,43.7 to 68.6,2.73 to 4.79,215 to 471,"High-Cu regime: expect materially higher cyanide demand and stronger complexation risk. Free CN is in the lower historical range. Complexed/WAD cyanide is elevated. Specific NaCN is already in the upper historical range. Recovery is in the lower historical range. Extra NaCN may be required to maintain free CN, but efficiency should be checked carefully. A meaningful share of added cyanide may be reporting to copper-related complexes."
2025-12-10,High Cu,Watch,15320.308500000001,3087.3931716674456,3978.59375,130.46875,10.778125000000001,10.64765625,3.0374714712827093,46.535,,22.7 to 53.4,2.87 to 4.9,186 to 422,30,43.7 to 69.3,2.77 to 4.9,168 to 336,"High-Cu regime: expect materially higher cyanide demand and stronger complexation risk. Free CN is in the lower historical range. Complexed/WAD cyanide is elevated. Extra NaCN may be required to maintain free CN, but efficiency should be checked carefully. A meaningful share of added cyanide may be reporting to copper-related complexes."
2025-12-11,High Cu,Critical,16057.566,1838.8210804620824,3880.0625,147.6875,10.666562500000001,10.518875000000001,3.675525917190687,59.019999999999996,,22.7 to 53.4,2.87 to 4.9,186 to 422,30,43.7 to 69.1,2.77 to 4.79,169 to 336,"High-Cu regime: expect materially higher cyanide demand and stronger complexation risk. Free CN is in the lower historical range. Complexed/WAD cyanide is elevated. Specific NaCN is already in the upper historical range. Extra NaCN may be required to maintain free CN, but efficiency should be checked carefully. A meaningful share of added cyanide may be reporting to copper-related complexes."
2025-12-12,High Cu,Critical,18003.7305,2520.073578368628,4023.34375,187.8125,11.072499999999998,10.884687499999998,3.5934219299716794,64.695,71.18579162776389,22.7 to 53.4,2.87 to 4.9,186 to 422,30,43.4 to 69.1,2.77 to 4.79,177 to 383,"High-Cu regime: expect materially higher cyanide demand and stronger complexation risk. Free CN is in the lower historical range. Complexed/WAD cyanide is elevated. Specific NaCN is already in the upper historical range. Extra NaCN may be required to maintain free CN, but efficiency should be checked carefully. A meaningful share of added cyanide may be reporting to copper-related complexes."
2025-12-13,High Cu,Critical,16905.168,2396.6441179163394,4279.9375,138.1875,11.660625000000001,11.5224375,4.271770620676469,72.215,70.00128287651034,22.7 to 53.4,2.87 to 4.9,186 to 422,30,43.7 to 69.1,2.73 to 4.79,169 to 357,"High-Cu regime: expect materially higher cyanide demand and stronger complexation risk. Free CN is in the lower historical range. Complexed/WAD cyanide is elevated. Specific NaCN is already in the upper historical range. Recovery is in the lower historical range. Extra NaCN may be required to maintain free CN, but efficiency should be checked carefully. A meaningful share of added cyanide may be reporting to copper-related complexes."
2025-12-14,High Cu,Critical,18128.7225,2932.3006280691743,4213.3125,93.075,11.0328125,10.9397375,3.2765684399438517,59.4,68.07066767085033,22.7 to 53.4,2.87 to 4.9,186 to 422,30,43.7 to 69.1,2.73 to 4.64,169 to 383,"High-Cu regime: expect materially higher cyanide demand and stronger complexation risk. Free CN is in the lower historical range. Complexed/WAD cyanide is elevated. Recovery is in the lower historical range. Extra NaCN may be required to maintain free CN, but efficiency should be checked carefully. A meaningful share of added cyanide may be reporting to copper-related complexes."
2025-12-15,High Cu,Watch,8536.563,1481.8575882670696,4021.0999999999995,84.535,10.4285,10.343964999999999,3.373723124868873,28.8,76.36524271838323,22.7 to 53.4,2.87 to 4.9,186 to 422,30,49.5 to 69.1,3.76 to 5.8,143 to 283,"High-Cu regime: expect materially higher cyanide demand and stronger complexation risk. Free CN is in the lower historical range. Complexed/WAD cyanide is elevated. Extra NaCN may be required to maintain free CN, but efficiency should be checked carefully. A meaningful share of added cyanide may be reporting to copper-related complexes."
2025-12-16,High Cu,Critical,15238.282500000001,944.1412381221076,3822.21875,285.325,10.8821875,10.5968625,3.720891773728437,56.7,76.20646749929976,22.7 to 53.4,2.87 to 4.9,186 to 422,30,43.7 to 64.7,2.75 to 4.57,189 to 398,"High-Cu regime: expect materially higher cyanide demand and stronger complexation risk. Free CN is in the lower historical range. Complexed/WAD cyanide is elevated. Specific NaCN is already in the upper historical range. Extra NaCN may be required to maintain free CN, but efficiency should be checked carefully. A meaningful share of added cyanide may be reporting to copper-related complexes."
2025-12-17,High Cu,Critical,17088.75,2253.4809327361986,3434.53125,353.4375,10.27125,9.9178125,3.452563821227416,59.0,65.14039404763719,22.7 to 53.4,2.87 to 4.9,186 to 422,30,38.9 to 61.9,2.73 to 4.31,239 to 500,High-Cu regime: expect materially higher cyanide demand and stronger complexation risk. Complexed/WAD cyanide is elevated. Specific NaCN is already in the upper historical range. Recovery is in the lower historical range. A meaningful share of added cyanide may be reporting to copper-related complexes.
2025-12-18,High Cu,Critical,17494.974000000002,2885.800363338595,3708.65625,157.4375,9.805,9.6475625,4.115467676602434,72.0,69.90998361286894,22.7 to 53.4,2.87 to 4.9,186 to 422,30,43.7 to 64.1,2.75 to 4.44,169 to 351,"High-Cu regime: expect materially higher cyanide demand and stronger complexation risk. Free CN is in the lower historical range. Specific NaCN is already in the upper historical range. Recovery is in the lower historical range. Extra NaCN may be required to maintain free CN, but efficiency should be checked carefully."
2025-12-19,High Cu,Critical,5047.5285,1693.429251457813,4290.0,17.375,10.1575,10.140125000000001,11.37190211011191,57.4,65.05409063698778,22.7 to 53.4,2.87 to 4.9,186 to 422,30,49.5 to 69.1,3.97 to 5.8,133 to 282,"High-Cu regime: expect materially higher cyanide demand and stronger complexation risk. Free CN is in the lower historical range. Complexed/WAD cyanide is elevated. Specific NaCN is already in the upper historical range. Recovery is in the lower historical range. Extra NaCN may be required to maintain free CN, but efficiency should be checked carefully. A meaningful share of added cyanide may be reporting to copper-related complexes."
2025-12-20,High Cu,Critical,15159.186,2046.0663426495069,4036.9375,487.3125,12.26375,11.7764375,5.679724491803188,86.1,68.68740498040502,22.7 to 53.4,2.87 to 4.9,186 to 422,30,43.4 to 64.1,2.8 to 4.61,262 to 500,High-Cu regime: expect materially higher cyanide demand and stronger complexation risk. Complexed/WAD cyanide is elevated. Specific NaCN is already in the upper historical range. Recovery is in the lower historical range. A meaningful share of added cyanide may be reporting to copper-related complexes.
2025-12-21,High Cu,Critical,17937.3285,668.9519029605772,4164.375,522.5,12.9253125,12.4028125,4.248124239905625,76.2,70.15258141354684,22.7 to 53.4,2.87 to 4.9,186 to 422,30,44.4 to 69.3,2.86 to 4.61,220 to 498,High-Cu regime: expect materially higher cyanide demand and stronger complexation risk. Complexed/WAD cyanide is elevated. Specific NaCN is already in the upper historical range. Recovery is in the lower historical range. A meaningful share of added cyanide may be reporting to copper-related complexes.
2025-12-22,High Cu,Watch,17060.431500000002,1754.5170999727086,4108.9375,766.3125,13.390937499999998,12.624624999999998,3.2238340513251376,55.0,72.31708141263141,22.7 to 53.4,2.87 to 4.9,186 to 422,30,30.7 to 67.2,2.18 to 4.84,373 to 673,High-Cu regime: expect materially higher cyanide demand and stronger complexation risk. Complexed/WAD cyanide is elevated. A meaningful share of added cyanide may be reporting to copper-related complexes.
2025-12-23,High Cu,Watch,13898.524500000001,852.886952836097,3954.25,826.8125,13.1371875,12.310375,3.007513495407372,41.8,75.42008978792435,22.7 to 53.4,2.87 to 4.9,186 to 422,30,38.9 to 62.5,2.72 to 4.64,324 to 673,High-Cu regime: expect materially higher cyanide demand and stronger complexation risk. Complexed/WAD cyanide is elevated. A meaningful share of added cyanide may be reporting to copper-related complexes.
2025-12-24,High Cu,Watch,8334.4275,1360.363514570887,4187.8125,537.4375,12.948125,12.4106875,3.695514778909529,30.8,73.95165287145336,22.7 to 53.4,2.87 to 4.9,186 to 422,30,38.5 to 62.5,3.13 to 5.52,266 to 558,High-Cu regime: expect materially higher cyanide demand and stronger complexation risk. Complexed/WAD cyanide is elevated. Specific NaCN is already in the upper historical range. A meaningful share of added cyanide may be reporting to copper-related complexes.
2025-12-25,High Cu,Critical,6302.331,2964.6411363241778,4445.625,220.87499999999997,12.951666666666668,12.730791666666669,3.241657729497229,20.43,70.29247217932196,22.7 to 53.4,2.87 to 4.9,186 to 422,30,36.4 to 68.6,3.6 to 6.11,122 to 319,"High-Cu regime: expect materially higher cyanide demand and stronger complexation risk. Free CN is in the lower historical range. Complexed/WAD cyanide is elevated. Recovery is in the lower historical range. Extra NaCN may be required to maintain free CN, but efficiency should be checked carefully. A meaningful share of added cyanide may be reporting to copper-related complexes."
2025-12-26,High Cu,Critical,8699.638500000001,1392.9248520751764,4161.5,171.5625,12.0015625,11.83,3.9139557350572667,34.05,62.302264794506,22.7 to 53.4,2.87 to 4.9,186 to 422,30,36.4 to 67.2,3.6 to 5.74,143 to 311,"High-Cu regime: expect materially higher cyanide demand and stronger complexation risk. Free CN is in the lower historical range. Complexed/WAD cyanide is elevated. Specific NaCN is already in the upper historical range. Recovery is in the lower historical range. Extra NaCN may be required to maintain free CN, but efficiency should be checked carefully. A meaningful share of added cyanide may be reporting to copper-related complexes."
2025-12-27,High Cu,Critical,8542.422,735.8365807672767,4149.25,220.40625,12.265625,12.04521875,8.370576869183001,71.505,70.97104607223923,22.7 to 53.4,2.87 to 4.9,186 to 422,30,34.5 to 62.2,3.54 to 5.52,167 to 336,"High-Cu regime: expect materially higher cyanide demand and stronger complexation risk. Free CN is in the lower historical range. Complexed/WAD cyanide is elevated. Specific NaCN is already in the upper historical range. Extra NaCN may be required to maintain free CN, but efficiency should be checked carefully. A meaningful share of added cyanide may be reporting to copper-related complexes."
2025-12-28,High Cu,Watch,11060.8155,474.1156387033753,4237.03125,294.3125,12.9953125,12.701,2.8732058680483368,31.78,76.82553855972391,22.7 to 53.4,2.87 to 4.9,186 to 422,30,40.3 to 68.6,3.51 to 5.52,215 to 361,"High-Cu regime: expect materially higher cyanide demand and stronger complexation risk. Free CN is in the lower historical range. Complexed/WAD cyanide is elevated. Extra NaCN may be required to maintain free CN, but efficiency should be checked carefully. A meaningful share of added cyanide may be reporting to copper-related complexes."
2025-12-29,High Cu,Watch,15195.3165,628.0619507318296,4064.5625,397.25,12.836875,12.439625,3.143073722748717,47.760000000000005,78.34977113498456,22.7 to 53.4,2.87 to 4.9,186 to 422,30,46.8 to 71.3,3.14 to 4.64,199 to 440,High-Cu regime: expect materially higher cyanide demand and stronger complexation risk. Complexed/WAD cyanide is elevated. A meaningful share of added cyanide may be reporting to copper-related complexes.
2025-12-30,High Cu,Watch,13802.827500000001,814.1135703924353,3937.59375,373.71875,12.38125,12.00753125,1.7271823472400853,23.84,73.2964317935105,22.7 to 53.4,2.87 to 4.9,186 to 422,30,39.4 to 69.0,2.84 to 4.64,251 to 440,High-Cu regime: expect materially higher cyanide demand and stronger complexation risk. Complexed/WAD cyanide is elevated. A meaningful share of added cyanide may be reporting to copper-related complexes.
2025-12-31,High Cu,Watch,15507.7965,1234.03929232528,3806.96875,341.3125,11.7709375,11.429625,3.147126672702985,48.805,77.54419699323027,22.7 to 53.4,2.87 to 4.9,186 to 422,30,43.7 to 69.3,2.84 to 4.57,199 to 403,High-Cu regime: expect materially higher cyanide demand and stronger complexation risk. Complexed/WAD cyanide is elevated. A meaningful share of added cyanide may be reporting to copper-related complexes.
2026-01-01,High Cu,Watch,18452.4676,2066.9381167949955,3899.8,356.35,12.0275,11.671149999999999,1.7837722690270432,24.97,63.35438115807025,22.7 to 53.4,2.87 to 4.9,186 to 422,30,46.0 to 71.3,2.83 to 4.45,175 to 391,High-Cu regime: expect materially higher cyanide demand and stronger complexation risk. Complexed/WAD cyanide is elevated. Recovery is in the lower historical range. A meaningful share of added cyanide may be reporting to copper-related complexes.
2026-01-02,High Cu,Critical,14598.3908,1859.5727608014477,4148.25,264.90625,12.325,12.06009375,6.4531085165907465,40.86,63.2381037262785,22.7 to 53.4,2.87 to 4.9,186 to 422,30,46.0 to 69.3,2.94 to 4.64,189 to 356,"High-Cu regime: expect materially higher cyanide demand and stronger complexation risk. Free CN is in the lower historical range. Complexed/WAD cyanide is elevated. Specific NaCN is already in the upper historical range. Recovery is in the lower historical range. Extra NaCN may be required to maintain free CN, but efficiency should be checked carefully. A meaningful share of added cyanide may be reporting to copper-related complexes."
2026-01-03,High Cu,Watch,13801.9728,592.672652550923,4165.142857142857,797.0357142857143,13.424999999999999,12.627964285714285,1.5624577958884256,18.16,51.03704728448889,22.7 to 53.4,2.87 to 4.9,186 to 422,30,31.0 to 59.0,2.57 to 4.5,409 to 693,High-Cu regime: expect materially higher cyanide demand and stronger complexation risk. Complexed/WAD cyanide is elevated. Recovery is in the lower historical range. A meaningful share of added cyanide may be reporting to copper-related complexes.
2026-01-04,High Cu,Critical,15477.870799999999,583.5138888888888,4333.28125,186.59375,12.3696875,12.18309375,6.086625299908823,37.458,56.61331154493624,22.7 to 53.4,2.87 to 4.9,186 to 422,30,43.7 to 69.3,2.94 to 4.79,175 to 342,"High-Cu regime: expect materially higher cyanide demand and stronger complexation risk. Free CN is in the lower historical range. Complexed/WAD cyanide is elevated. Specific NaCN is already in the upper historical range. Recovery is in the lower historical range. Extra NaCN may be required to maintain free CN, but efficiency should be checked carefully. A meaningful share of added cyanide may be reporting to copper-related complexes."
2026-01-05,High Cu,Watch,15947.903999999999,641.6172569263504,4387.21875,986.6875,19.0484375,18.06175,1.3471989798784845,18.08,56.09724563022704,22.7 to 53.4,2.87 to 4.9,186 to 422,30,28.3 to 59.0,1.85 to 4.14,489 to 763,High-Cu regime: expect materially higher cyanide demand and stronger complexation risk. Complexed/WAD cyanide is elevated. Recovery is in the lower historical range. A meaningful share of added cyanide may be reporting to copper-related complexes.
2026-01-06,High Cu,Watch,15947.903999999999,646.6423355993044,4396.4375,322.78125,13.3634375,13.04065625,2.287447930461583,10.08,70.53823717724511,22.7 to 53.4,2.87 to 4.9,186 to 422,30,43.7 to 71.3,3.14 to 4.79,187 to 356,High-Cu regime: expect materially higher cyanide demand and stronger complexation risk. Complexed/WAD cyanide is elevated. A meaningful share of added cyanide may be reporting to copper-related complexes.
2026-01-07,High Cu,Watch,14626.729599999999,525.4924794920757,3954.46875,276.71875,11.865312500000002,11.588593750000001,2.6827596512073346,12.0,73.17796935219796,22.7 to 53.4,2.87 to 4.9,186 to 422,30,33.2 to 68.1,2.76 to 4.64,199 to 356,"High-Cu regime: expect materially higher cyanide demand and stronger complexation risk. Free CN is in the lower historical range. Complexed/WAD cyanide is elevated. Extra NaCN may be required to maintain free CN, but efficiency should be checked carefully. A meaningful share of added cyanide may be reporting to copper-related complexes."
2026-01-08,High Cu,Critical,16155.070399999999,1591.5928199104578,4313.0625,229.4375,12.6096875,12.38025,4.396452521803929,40.025,72.7255062506527,22.7 to 53.4,2.87 to 4.9,186 to 422,30,43.7 to 69.3,3.14 to 4.64,175 to 337,"High-Cu regime: expect materially higher cyanide demand and stronger complexation risk. Free CN is in the lower historical range. Complexed/WAD cyanide is elevated. Specific NaCN is already in the upper historical range. Extra NaCN may be required to maintain free CN, but efficiency should be checked carefully. A meaningful share of added cyanide may be reporting to copper-related complexes."
2026-01-09,High Cu,Critical,15200.346,1930.9691233274891,3902.09375,183.46875,11.4209375,11.237468750000001,4.088064837471463,25.82,82.07766882665467,22.7 to 53.4,2.87 to 4.9,186 to 422,30,38.1 to 67.8,2.94 to 4.64,187 to 298,"High-Cu regime: expect materially higher cyanide demand and stronger complexation risk. Free CN is in the lower historical range. Complexed/WAD cyanide is elevated. Specific NaCN is already in the upper historical range. Extra NaCN may be required to maintain free CN, but efficiency should be checked carefully. A meaningful share of added cyanide may be reporting to copper-related complexes."
2026-01-10,High Cu,Critical,9314.670399999999,2246.935281837873,3659.1,146.05,10.3915,10.24545,3.783279331064682,8.0,81.88442302695876,22.7 to 53.4,2.87 to 4.9,186 to 422,30,32.3 to 61.2,3.54 to 5.95,168 to 285,"High-Cu regime: expect materially higher cyanide demand and stronger complexation risk. Free CN is in the lower historical range. Complexed/WAD cyanide is elevated. Specific NaCN is already in the upper historical range. Extra NaCN may be required to maintain free CN, but efficiency should be checked carefully. A meaningful share of added cyanide may be reporting to copper-related complexes."
2026-01-11,High Cu,Critical,9674.279999999999,2659.661985684055,3556.75,144.14285714285714,10.15357142857143,10.009428571428574,4.13467462178064,24.0,69.75253009964445,22.7 to 53.4,2.87 to 4.9,186 to 422,30,32.3 to 61.2,3.54 to 5.74,168 to 283,"High-Cu regime: expect materially higher cyanide demand and stronger complexation risk. Free CN is in the lower historical range. Complexed/WAD cyanide is elevated. Specific NaCN is already in the upper historical range. Recovery is in the lower historical range. Extra NaCN may be required to maintain free CN, but efficiency should be checked carefully. A meaningful share of added cyanide may be reporting to copper-related complexes."
2026-01-12,High Cu,Critical,15077.218799999999,2456.792718453106,3818.178571428571,63.642857142857146,9.944642857142858,9.881,4.045839011104621,25.0,59.47512220809573,22.7 to 53.4,2.87 to 4.9,186 to 422,30,28.7 to 67.8,3.14 to 4.59,160 to 276,"High-Cu regime: expect materially higher cyanide demand and stronger complexation risk. Free CN is in the lower historical range. Complexed/WAD cyanide is elevated. Specific NaCN is already in the upper historical range. Recovery is in the lower historical range. Extra NaCN may be required to maintain free CN, but efficiency should be checked carefully. A meaningful share of added cyanide may be reporting to copper-related complexes."
2026-01-13,High Cu,Critical,17446.928799999998,3032.609106293243,4272.625,139.375,11.693124999999998,11.553749999999999,4.585334239456517,40.0,69.15576915634234,22.7 to 53.4,2.87 to 4.9,186 to 422,30,38.1 to 69.3,3.14 to 4.79,154 to 274,"High-Cu regime: expect materially higher cyanide demand and stronger complexation risk. Free CN is in the lower historical range. Complexed/WAD cyanide is elevated. Specific NaCN is already in the upper historical range. Recovery is in the lower historical range. Extra NaCN may be required to maintain free CN, but efficiency should be checked carefully. A meaningful share of added cyanide may be reporting to copper-related complexes."
2026-01-14,High Cu,Critical,13162.884,1748.6008776494298,4704.6875,100.40625,12.703750000000001,12.60334375,6.487939877005678,42.7,79.75875970508814,22.7 to 53.4,2.87 to 4.9,186 to 422,30,32.3 to 67.8,3.54 to 4.9,146 to 265,"High-Cu regime: expect materially higher cyanide demand and stronger complexation risk. Free CN is in the lower historical range. Complexed/WAD cyanide is elevated. Specific NaCN is already in the upper historical range. Extra NaCN may be required to maintain free CN, but efficiency should be checked carefully. A meaningful share of added cyanide may be reporting to copper-related complexes."
2026-01-15,High Cu,Watch,15558.001199999999,820.3583243957316,4434.4375,477.9375,13.63,13.152062500000001,3.8565365324692227,30.0,78.56424649065856,22.7 to 53.4,2.87 to 4.9,186 to 422,30,33.2 to 61.9,2.92 to 4.61,239 to 403,High-Cu regime: expect materially higher cyanide demand and stronger complexation risk. Complexed/WAD cyanide is elevated. Specific NaCN is already in the upper historical range. A meaningful share of added cyanide may be reporting to copper-related complexes.
2026-01-16,High Cu,Watch,16604.5824,1712.8913348303133,4317.625,326.90625,12.8371875,12.51028125,3.938671772919746,32.7,78.60727533816187,22.7 to 53.4,2.87 to 4.9,186 to 422,30,38.1 to 68.1,3.14 to 4.64,184 to 322,High-Cu regime: expect materially higher cyanide demand and stronger complexation risk. Complexed/WAD cyanide is elevated. Specific NaCN is already in the upper historical range. A meaningful share of added cyanide may be reporting to copper-related complexes.
2026-01-17,High Cu,Critical,17263.2152,196.96304496743258,4460.0625,211.625,12.8640625,12.6524375,3.4755982188068884,30.0,81.71972715775955,22.7 to 53.4,2.87 to 4.9,186 to 422,30,33.9 to 64.1,3.21 to 4.6,160 to 295,"High-Cu regime: expect materially higher cyanide demand and stronger complexation risk. Free CN is in the lower historical range. Complexed/WAD cyanide is elevated. Specific NaCN is already in the upper historical range. Extra NaCN may be required to maintain free CN, but efficiency should be checked carefully. A meaningful share of added cyanide may be reporting to copper-related complexes."
2026-01-18,High Cu,Watch,15839.434799999999,1217.1317824003177,4040.5625,502.46875,12.7928125,12.29034375,3.21097315921904,32.7,84.9254748727444,22.7 to 53.4,2.87 to 4.9,186 to 422,30,30.7 to 58.4,2.71 to 4.36,331 to 503,High-Cu regime: expect materially higher cyanide demand and stronger complexation risk. Complexed/WAD cyanide is elevated. A meaningful share of added cyanide may be reporting to copper-related complexes.
2026-01-19,High Cu,Watch,12435.8472,619.7939145663518,4188.5625,361.125,12.7825,12.421375000000001,1.0952209190862365,3.405,85.91475221323229,22.7 to 53.4,2.87 to 4.9,186 to 422,30,30.4 to 61.9,3.14 to 4.64,251 to 403,High-Cu regime: expect materially higher cyanide demand and stronger complexation risk. Complexed/WAD cyanide is elevated. A meaningful share of added cyanide may be reporting to copper-related complexes.
2026-01-20,High Cu,Watch,15688.946,1526.7012279675478,4091.78125,291.70982142857144,12.355982142857144,12.064272321428572,1.953286090729103,13.62,72.81332381100542,22.7 to 53.4,2.87 to 4.9,186 to 422,30,30.7 to 64.1,3.21 to 4.79,171 to 322,"High-Cu regime: expect materially higher cyanide demand and stronger complexation risk. Free CN is in the lower historical range. Complexed/WAD cyanide is elevated. Extra NaCN may be required to maintain free CN, but efficiency should be checked carefully. A meaningful share of added cyanide may be reporting to copper-related complexes."
2026-01-21,High Cu,Critical,16879.1756,2011.2227947412782,4229.1875,269.0625,12.281875000000001,12.0128125,4.303527714943614,40.86,77.67584581711793,22.7 to 53.4,2.87 to 4.9,186 to 422,30,30.0 to 68.1,3.23 to 4.57,174 to 326,"High-Cu regime: expect materially higher cyanide demand and stronger complexation risk. Free CN is in the lower historical range. Complexed/WAD cyanide is elevated. Specific NaCN is already in the upper historical range. Extra NaCN may be required to maintain free CN, but efficiency should be checked carefully. A meaningful share of added cyanide may be reporting to copper-related complexes."
2026-01-22,High Cu,Critical,15626.4052,565.2992194882572,4158.34375,174.375,11.9134375,11.739062500000001,5.473747730540099,45.4,73.64805683021743,22.7 to 53.4,2.87 to 4.9,186 to 422,30,30.7 to 61.0,3.14 to 4.57,168 to 283,"High-Cu regime: expect materially higher cyanide demand and stronger complexation risk. Free CN is in the lower historical range. Complexed/WAD cyanide is elevated. Specific NaCN is already in the upper historical range. Extra NaCN may be required to maintain free CN, but efficiency should be checked carefully. A meaningful share of added cyanide may be reporting to copper-related complexes."
2026-01-25,High Cu,Critical,7434.5376,321.67417328434294,4131.083333333333,221.16666666666669,11.877500000000001,11.656333333333334,5.495970590020286,4.54,60.10416371222947,22.7 to 53.4,2.87 to 4.9,186 to 422,30,24.2 to 58.4,3.42 to 6.22,143 to 290,"High-Cu regime: expect materially higher cyanide demand and stronger complexation risk. Free CN is in the lower historical range. Complexed/WAD cyanide is elevated. Specific NaCN is already in the upper historical range. Recovery is in the lower historical range. Extra NaCN may be required to maintain free CN, but efficiency should be checked carefully. A meaningful share of added cyanide may be reporting to copper-related complexes."
2026-01-26,High Cu,Critical,13007.509199999999,361.9150642276617,3684.416666666667,458.5416666666667,11.634166666666667,11.175625,4.8864082294863955,27.24,68.00155969662839,22.7 to 53.4,2.87 to 4.9,186 to 422,30,25.4 to 57.6,2.71 to 4.46,288 to 492,High-Cu regime: expect materially higher cyanide demand and stronger complexation risk. Complexed/WAD cyanide is elevated. Specific NaCN is already in the upper historical range. Recovery is in the lower historical range. A meaningful share of added cyanide may be reporting to copper-related complexes.
2026-01-27,High Cu,Watch,16162.887999999999,316.0,3750.71875,250.96875,11.318750000000001,11.067781250000001,3.064736945526072,22.565,73.49332367704453,22.7 to 53.4,2.87 to 4.9,186 to 422,30,26.9 to 58.4,3.14 to 4.48,177 to 326,"High-Cu regime: expect materially higher cyanide demand and stronger complexation risk. Free CN is in the lower historical range. Complexed/WAD cyanide is elevated. Extra NaCN may be required to maintain free CN, but efficiency should be checked carefully. A meaningful share of added cyanide may be reporting to copper-related complexes."
2026-01-28,High Cu,Watch,16577.2208,940.7644210232693,3767.4375,301.53125,11.42375,11.12221875,3.0991322743315335,25.755,70.64426919639168,22.7 to 53.4,2.87 to 4.9,186 to 422,30,30.0 to 55.8,3.08 to 4.57,184 to 315,High-Cu regime: expect materially higher cyanide demand and stronger complexation risk. Complexed/WAD cyanide is elevated. A meaningful share of added cyanide may be reporting to copper-related complexes.
2026-01-29,High Cu,Critical,16349.5332,1634.3927323556711,3723.40625,274.34375,11.0815625,10.80721875,3.2416827655972464,25.0,63.35656703896716,22.7 to 53.4,2.87 to 4.9,186 to 422,30,25.8 to 55.8,3.07 to 4.48,184 to 317,"High-Cu regime: expect materially higher cyanide demand and stronger complexation risk. Free CN is in the lower historical range. Complexed/WAD cyanide is elevated. Recovery is in the lower historical range. Extra NaCN may be required to maintain free CN, but efficiency should be checked carefully. A meaningful share of added cyanide may be reporting to copper-related complexes."
2026-01-30,High Cu,Watch,15043.0168,904.5288197197409,3559.21875,312.96875,10.7690625,10.45609375,2.924945214446613,28.0,64.65639752503796,22.7 to 53.4,2.87 to 4.9,186 to 422,30,25.0 to 57.6,2.81 to 4.32,239 to 351,High-Cu regime: expect materially higher cyanide demand and stronger complexation risk. Complexed/WAD cyanide is elevated. Recovery is in the lower historical range. A meaningful share of added cyanide may be reporting to copper-related complexes.
2026-01-31,High Cu,Critical,16400.3476,1016.1804472060627,3813.3125,141.21875,10.752500000000001,10.611281250000001,3.923392452974594,26.16,58.67613790737269,22.7 to 53.4,2.87 to 4.9,186 to 422,30,25.8 to 55.8,3.11 to 4.48,172 to 283,"High-Cu regime: expect materially higher cyanide demand and stronger complexation risk. Free CN is in the lower historical range. Complexed/WAD cyanide is elevated. Specific NaCN is already in the upper historical range. Recovery is in the lower historical range. Extra NaCN may be required to maintain free CN, but efficiency should be checked carefully. A meaningful share of added cyanide may be reporting to copper-related complexes."
2026-02-01,High Cu,Critical,15933.246,697.409896254752,4229.6875,183.09375,12.0025,11.81940625,5.300865875038897,44.05,70.33207465672004,22.7 to 53.4,2.87 to 4.9,186 to 422,30,26.6 to 61.0,3.14 to 4.48,177 to 283,"High-Cu regime: expect materially higher cyanide demand and stronger complexation risk. Free CN is in the lower historical range. Complexed/WAD cyanide is elevated. Specific NaCN is already in the upper historical range. Recovery is in the lower historical range. Extra NaCN may be required to maintain free CN, but efficiency should be checked carefully. A meaningful share of added cyanide may be reporting to copper-related complexes."
2026-02-02,High Cu,Critical,12071.3516,1054.6130494616693,4320.333333333334,211.25,17.28625,17.075,4.142038245327889,20.0,63.758650224399915,22.7 to 53.4,2.87 to 4.9,186 to 422,30,38.3 to 69.3,3.45 to 6.01,157 to 274,"High-Cu regime: expect materially higher cyanide demand and stronger complexation risk. Free CN is in the lower historical range. Complexed/WAD cyanide is elevated. Specific NaCN is already in the upper historical range. Recovery is in the lower historical range. Extra NaCN may be required to maintain free CN, but efficiency should be checked carefully. A meaningful share of added cyanide may be reporting to copper-related complexes."
2026-02-03,High Cu,Watch,16710.12,1486.8660633440345,4026.5,322.75,12.113125,11.790375000000001,2.8725107898686546,24.0,68.71278494027408,22.7 to 53.4,2.87 to 4.9,186 to 422,30,25.9 to 48.5,2.96 to 4.57,187 to 320,High-Cu regime: expect materially higher cyanide demand and stronger complexation risk. Complexed/WAD cyanide is elevated. Recovery is in the lower historical range. A meaningful share of added cyanide may be reporting to copper-related complexes.
2026-02-04,High Cu,Critical,15933.246,1998.8919868937676,4293.25,187.28125,12.095624999999998,11.908343749999998,4.221675859394878,30.945,72.31301843132631,22.7 to 53.4,2.87 to 4.9,186 to 422,30,25.2 to 61.0,2.96 to 4.62,187 to 310,"High-Cu regime: expect materially higher cyanide demand and stronger complexation risk. Free CN is in the lower historical range. Complexed/WAD cyanide is elevated. Specific NaCN is already in the upper historical range. Extra NaCN may be required to maintain free CN, but efficiency should be checked carefully. A meaningful share of added cyanide may be reporting to copper-related complexes."
2026-02-05,High Cu,Critical,13702.2984,1231.4118109390674,4634.285714285714,150.89285714285714,12.814999999999998,12.66410714285714,6.626625501018136,45.4,65.46646772435525,22.7 to 53.4,2.87 to 4.9,186 to 422,30,26.6 to 64.1,2.96 to 4.9,168 to 283,"High-Cu regime: expect materially higher cyanide demand and stronger complexation risk. Free CN is in the lower historical range. Complexed/WAD cyanide is elevated. Specific NaCN is already in the upper historical range. Recovery is in the lower historical range. Extra NaCN may be required to maintain free CN, but efficiency should be checked carefully. A meaningful share of added cyanide may be reporting to copper-related complexes."
2026-02-06,High Cu,Critical,13650.5068,1147.8986083483464,4648.59375,429.75,14.1321875,13.7024375,6.256177975751054,45.4,60.797324222589346,22.7 to 53.4,2.87 to 4.9,186 to 422,30,30.4 to 61.9,3.08 to 4.83,268 to 436,High-Cu regime: expect materially higher cyanide demand and stronger complexation risk. Complexed/WAD cyanide is elevated. Specific NaCN is already in the upper historical range. Recovery is in the lower historical range. A meaningful share of added cyanide may be reporting to copper-related complexes.
2026-02-07,High Cu,Critical,10072.9776,1217.9213716607749,4189.0,319.2857142857143,12.705714285714286,12.386428571428572,8.249794976214382,45.4,61.00913389502745,22.7 to 53.4,2.87 to 4.9,186 to 422,30,24.7 to 60.7,2.98 to 5.74,217 to 371,High-Cu regime: expect materially higher cyanide demand and stronger complexation risk. Complexed/WAD cyanide is elevated. Specific NaCN is already in the upper historical range. Recovery is in the lower historical range. A meaningful share of added cyanide may be reporting to copper-related complexes.
2026-02-08,High Cu,Watch,13031.939199999999,967.865320440066,3665.84375,620.1875,12.096562500000001,11.476375,1.816690489163731,15.675,63.958236996857245,22.7 to 53.4,2.87 to 4.9,186 to 422,30,28.1 to 53.6,2.58 to 4.81,403 to 625,High-Cu regime: expect materially higher cyanide demand and stronger complexation risk. Complexed/WAD cyanide is elevated. Recovery is in the lower historical range. A meaningful share of added cyanide may be reporting to copper-related complexes.
2026-02-09,High Cu,Watch,11704.9016,2588.4239081078013,3428.78125,310.59375,10.6346875,10.32409375,2.2349611209034,8.0,50.09704840920526,22.7 to 53.4,2.87 to 4.9,186 to 422,30,25.6 to 54.1,2.78 to 4.64,240 to 386,High-Cu regime: expect materially higher cyanide demand and stronger complexation risk. Complexed/WAD cyanide is elevated. Recovery is in the lower historical range. A meaningful share of added cyanide may be reporting to copper-related complexes.
2026-02-10,High Cu,Watch,11431.2297,2136.741703087319,3180.28125,230.875,9.580625,9.34975,3.1772609730692403,18.16,68.24083254511278,22.7 to 53.4,2.87 to 4.9,186 to 422,30,27.4 to 54.1,2.89 to 4.83,224 to 352,"High-Cu regime: expect materially higher cyanide demand and stronger complexation risk. Free CN is in the lower historical range. Recovery is in the lower historical range. Extra NaCN may be required to maintain free CN, but efficiency should be checked carefully."
2026-02-11,High Cu,Watch,10261.7845,2240.2777842599803,2994.375,633.5,9.871666666666668,9.238166666666668,0.6636272667780151,3.405,64.25460705823684,22.7 to 53.4,2.87 to 4.9,186 to 422,30,23.0 to 50.8,2.36 to 5.42,341 to 625,High-Cu regime: expect materially higher cyanide demand and stronger complexation risk. Recovery is in the lower historical range.
2026-02-12,High Cu,Watch,5963.782,692.0048543689318,3211.25,165.5,9.225,9.0595,2.4741011660050614,3.405,46.42165797053686,22.7 to 53.4,2.87 to 4.9,186 to 422,30,25.0 to 58.6,3.42 to 6.48,145 to 312,"High-Cu regime: expect materially higher cyanide demand and stronger complexation risk. Free CN is in the lower historical range. Recovery is in the lower historical range. Extra NaCN may be required to maintain free CN, but efficiency should be checked carefully."
2026-02-13,High Cu,Critical,12006.239300000001,894.0297361405128,2902.53125,222.25,8.5059375,8.2836875,4.447687461968211,26.16,62.51635205360429,22.7 to 53.4,2.87 to 4.9,186 to 422,30,23.9 to 51.6,2.96 to 4.28,166 to 308,"High-Cu regime: expect materially higher cyanide demand and stronger complexation risk. Free CN is in the lower historical range. Specific NaCN is already in the upper historical range. Recovery is in the lower historical range. Extra NaCN may be required to maintain free CN, but efficiency should be checked carefully."
2026-02-14,High Cu,Watch,13184.4262,622.7064375044949,2872.46875,277.9375,8.757187499999999,8.479249999999999,2.066073986594881,10.215,69.25970322199187,22.7 to 53.4,2.87 to 4.9,186 to 422,30,24.2 to 51.6,2.89 to 4.42,224 to 337,"High-Cu regime: expect materially higher cyanide demand and stronger complexation risk. Free CN is in the lower historical range. Recovery is in the lower historical range. Extra NaCN may be required to maintain free CN, but efficiency should be checked carefully."
2026-02-15,High Cu,Watch,13211.6226,886.5548115083436,2703.71875,334.78125,8.4325,8.097718749999999,1.7530019363405067,6.81,70.4502522865394,22.7 to 53.4,2.87 to 4.9,186 to 422,30,24.1 to 53.6,2.69 to 4.47,274 to 412,High-Cu regime: expect materially higher cyanide demand and stronger complexation risk. Recovery is in the lower historical range.
2026-02-16,Medium Cu,Watch,16288.701000000001,1387.8981603415332,2632.71875,214.65625,7.9087499999999995,7.6940937499999995,2.8139137675865005,11.0,64.66477839238775,12.8 to 29.4,1.29 to 2.81,347 to 597,30,26.0 to 46.5,1.94 to 3.31,325 to 433,Medium-Cu regime: operate near historical median band and monitor Cu trend closely. Free CN is in the lower historical range. Recovery is in the lower historical range.
2026-02-17,Medium Cu,Watch,15613.647500000001,1181.255721617204,2583.84375,261.09375,7.8765625,7.615468750000001,2.899066345644091,13.62,63.18030956581693,12.8 to 29.4,1.29 to 2.81,347 to 597,30,20.0 to 41.0,1.5 to 3.21,325 to 426,Medium-Cu regime: operate near historical median band and monitor Cu trend closely. Free CN is in the lower historical range. Recovery is in the lower historical range.
2026-02-18,Medium Cu,Normal,15403.8467,1144.0741269670784,2558.71875,349.03125,8.047500000000001,7.698468750000001,2.907390658464551,13.0,66.6587971682798,12.8 to 29.4,1.29 to 2.81,347 to 597,30,20.0 to 41.0,1.5 to 3.21,328 to 433,Medium-Cu regime: operate near historical median band and monitor Cu trend closely. Recovery is in the lower historical range.
2026-02-19,Medium Cu,Watch,12604.5601,1953.2720066224865,2642.46875,273.4375,8.17125,7.897812500000001,3.1690911609045362,23.0,65.42908110391137,12.8 to 29.4,1.29 to 2.81,347 to 597,30,16.2 to 40.6,1.38 to 3.18,323 to 385,Medium-Cu regime: operate near historical median band and monitor Cu trend closely. Free CN is in the lower historical range. Recovery is in the lower historical range.
2026-02-20,Medium Cu,Watch,11666.284300000001,1348.1157620584686,2572.875,260.375,7.855625000000001,7.595250000000001,4.192851703433972,25.08,68.3338002783521,12.8 to 29.4,1.29 to 2.81,347 to 597,30,14.2 to 27.2,1.24 to 2.91,325 to 457,Medium-Cu regime: operate near historical median band and monitor Cu trend closely. Free CN is in the lower historical range. Specific NaCN is already in the upper historical range. Recovery is in the lower historical range.
2026-02-21,Medium Cu,Watch,10965.0057,1457.5531086936471,2550.0714285714284,204.85714285714283,7.549999999999999,7.345142857142856,4.9685336688881065,27.24,65.87657782773336,12.8 to 29.4,1.29 to 2.81,347 to 597,30,16.2 to 30.0,1.39 to 3.08,302 to 370,Medium-Cu regime: operate near historical median band and monitor Cu trend closely. Free CN is in the lower historical range. Specific NaCN is already in the upper historical range. Recovery is in the lower historical range.
2026-02-22,Medium Cu,Watch,9873.264500000001,2488.3179926218218,2601.53125,176.0,7.5971875,7.4211875,4.943147223494316,18.16,65.4680249905402,12.8 to 29.4,1.29 to 2.81,347 to 597,30,16.0 to 30.0,1.39 to 3.15,288 to 366,Medium-Cu regime: operate near historical median band and monitor Cu trend closely. Free CN is in the lower historical range. Specific NaCN is already in the upper historical range. Recovery is in the lower historical range.
2026-02-23,High Cu,Critical,3999.8134,3557.514307594417,2836.375,136.625,7.967499999999999,7.830874999999999,5.107738275990575,10.215,60.997410513658714,22.7 to 53.4,2.87 to 4.9,186 to 422,30,18.7 to 58.6,3.19 to 5.74,167 to 319,"High-Cu regime: expect materially higher cyanide demand and stronger complexation risk. Free CN is in the lower historical range. Specific NaCN is already in the upper historical range. Recovery is in the lower historical range. Extra NaCN may be required to maintain free CN, but efficiency should be checked carefully."
2026-02-24,High Cu,Critical,10939.751900000001,2979.8810361613605,3094.1071428571427,279.2857142857143,9.076642857142858,8.797357142857143,4.797640794760619,34.08,56.899297242813475,22.7 to 53.4,2.87 to 4.9,186 to 422,30,23.9 to 53.6,2.84 to 4.56,244 to 342,"High-Cu regime: expect materially higher cyanide demand and stronger complexation risk. Free CN is in the lower historical range. Specific NaCN is already in the upper historical range. Recovery is in the lower historical range. Extra NaCN may be required to maintain free CN, but efficiency should be checked carefully."
2026-02-25,High Cu,Critical,12589.0193,1434.2553876225331,3093.125,224.40625,8.8634375,8.63903125,3.6710564102479375,27.0,59.369914995959846,22.7 to 53.4,2.87 to 4.9,186 to 422,30,23.0 to 48.8,2.84 to 4.28,184 to 308,"High-Cu regime: expect materially higher cyanide demand and stronger complexation risk. Free CN is in the lower historical range. Specific NaCN is already in the upper historical range. Recovery is in the lower historical range. Extra NaCN may be required to maintain free CN, but efficiency should be checked carefully."
2026-02-26,High Cu,Critical,12516.1718,1382.9749949870372,3149.25,264.15625,9.241071428571429,8.97691517857143,4.70271588953421,28.215,62.243613869229875,22.7 to 53.4,2.87 to 4.9,186 to 422,30,24.2 to 50.5,2.77 to 4.42,232 to 320,"High-Cu regime: expect materially higher cyanide demand and stronger complexation risk. Free CN is in the lower historical range. Specific NaCN is already in the upper historical range. Recovery is in the lower historical range. Extra NaCN may be required to maintain free CN, but efficiency should be checked carefully."
2026-02-27,High Cu,Watch,9547.879,1246.5457464676208,3090.6785714285716,305.92857142857144,9.64857142857143,9.342642857142858,4.279484480270434,30.645,60.86167290649848,22.7 to 53.4,2.87 to 4.9,186 to 422,30,12.2 to 43.4,2.99 to 4.77,221 to 318,High-Cu regime: expect materially higher cyanide demand and stronger complexation risk. Specific NaCN is already in the upper historical range. Recovery is in the lower historical range.
2026-02-28,High Cu,Critical,13937.183700000001,2537.7010941529024,3155.1875,220.90625,9.150937500000001,8.93003125,4.397588588862468,20.43,66.66372911023275,22.7 to 53.4,2.87 to 4.9,186 to 422,30,24.2 to 45.1,2.89 to 4.32,223 to 305,"High-Cu regime: expect materially higher cyanide demand and stronger complexation risk. Free CN is in the lower historical range. Specific NaCN is already in the upper historical range. Recovery is in the lower historical range. Extra NaCN may be required to maintain free CN, but efficiency should be checked carefully."
2026-03-01,High Cu,Critical,14016.830300000001,1203.1429172062474,3613.125,409.5,11.185,10.775500000000001,5.095445865532095,40.777,67.584257724365,22.7 to 53.4,2.87 to 4.9,186 to 422,30,25.2 to 51.0,3.07 to 4.57,248 to 326,High-Cu regime: expect materially higher cyanide demand and stronger complexation risk. Complexed/WAD cyanide is elevated. Specific NaCN is already in the upper historical range. Recovery is in the lower historical range. A meaningful share of added cyanide may be reporting to copper-related complexes.
2026-03-02,High Cu,Critical,12380.1898,1427.275694335478,4052.1785714285716,215.89285714285714,11.756428571428572,11.540535714285715,4.092829013009155,18.89,64.48412068326856,22.7 to 53.4,2.87 to 4.9,186 to 422,30,25.9 to 45.4,3.32 to 5.25,168 to 276,"High-Cu regime: expect materially higher cyanide demand and stronger complexation risk. Free CN is in the lower historical range. Complexed/WAD cyanide is elevated. Specific NaCN is already in the upper historical range. Recovery is in the lower historical range. Extra NaCN may be required to maintain free CN, but efficiency should be checked carefully. A meaningful share of added cyanide may be reporting to copper-related complexes."
2026-03-03,High Cu,Critical,10524.0355,1378.1679741578218,3731.625,997.3125,12.6521875,11.654875,4.706844631985516,29.105,64.41124203688157,22.7 to 53.4,2.87 to 4.9,186 to 422,30,24.7 to 53.6,1.88 to 4.81,489 to 736,High-Cu regime: expect materially higher cyanide demand and stronger complexation risk. Complexed/WAD cyanide is elevated. Specific NaCN is already in the upper historical range. Recovery is in the lower historical range. A meaningful share of added cyanide may be reporting to copper-related complexes.
2026-03-04,High Cu,Critical,12874.5815,1353.9410033949453,3634.40625,228.6875,10.721562500000001,10.492875000000002,3.173695393516286,20.43,60.91189947832182,22.7 to 53.4,2.87 to 4.9,186 to 422,30,23.9 to 42.2,3.11 to 4.69,184 to 279,"High-Cu regime: expect materially higher cyanide demand and stronger complexation risk. Free CN is in the lower historical range. Complexed/WAD cyanide is elevated. Recovery is in the lower historical range. Extra NaCN may be required to maintain free CN, but efficiency should be checked carefully. A meaningful share of added cyanide may be reporting to copper-related complexes."
2026-03-05,High Cu,Critical,12835.729500000001,1284.272417707151,3715.7499999999995,185.07142857142858,10.737857142857141,10.552785714285713,3.1833017359862557,10.215,64.8506362015335,22.7 to 53.4,2.87 to 4.9,186 to 422,30,24.2 to 43.7,3.32 to 4.82,169 to 272,"High-Cu regime: expect materially higher cyanide demand and stronger complexation risk. Free CN is in the lower historical range. Complexed/WAD cyanide is elevated. Recovery is in the lower historical range. Extra NaCN may be required to maintain free CN, but efficiency should be checked carefully. A meaningful share of added cyanide may be reporting to copper-related complexes."
2026-03-06,High Cu,Critical,11911.0519,1946.9214710919025,3609.5,186.10714285714283,10.246785714285716,10.060678571428573,5.2342144525455385,19.215,65.21657036444014,22.7 to 53.4,2.87 to 4.9,186 to 422,30,24.2 to 42.2,3.42 to 4.77,152 to 271,"High-Cu regime: expect materially higher cyanide demand and stronger complexation risk. Free CN is in the lower historical range. Complexed/WAD cyanide is elevated. Specific NaCN is already in the upper historical range. Recovery is in the lower historical range. Extra NaCN may be required to maintain free CN, but efficiency should be checked carefully. A meaningful share of added cyanide may be reporting to copper-related complexes."
2026-03-07,High Cu,Critical,11716.7919,1182.9997513056455,3813.1875,228.34375,11.2846875,11.05634375,6.568777584929199,32.7,62.202195600656,22.7 to 53.4,2.87 to 4.9,186 to 422,30,21.3 to 40.8,3.23 to 4.82,168 to 274,"High-Cu regime: expect materially higher cyanide demand and stronger complexation risk. Free CN is in the lower historical range. Complexed/WAD cyanide is elevated. Specific NaCN is already in the upper historical range. Recovery is in the lower historical range. Extra NaCN may be required to maintain free CN, but efficiency should be checked carefully. A meaningful share of added cyanide may be reporting to copper-related complexes."
2026-03-08,High Cu,Critical,13407.825200000001,1876.6146769052448,3677.0625,406.09375,11.37321875,10.967125,3.555759363569268,27.675,56.66469203158921,22.7 to 53.4,2.87 to 4.9,186 to 422,30,21.3 to 39.9,3.11 to 4.64,231 to 326,High-Cu regime: expect materially higher cyanide demand and stronger complexation risk. Complexed/WAD cyanide is elevated. Specific NaCN is already in the upper historical range. Recovery is in the lower historical range. A meaningful share of added cyanide may be reporting to copper-related complexes.
2026-03-09,High Cu,Watch,14671.4865,1714.7220125786164,3310.15625,266.03125,10.0409375,9.77490625,3.0024224198413703,21.35,59.51434028509968,22.7 to 53.4,2.87 to 4.9,186 to 422,30,22.9 to 44.3,3.11 to 4.6,195 to 278,"High-Cu regime: expect materially higher cyanide demand and stronger complexation risk. Free CN is in the lower historical range. Recovery is in the lower historical range. Extra NaCN may be required to maintain free CN, but efficiency should be checked carefully."
2026-03-10,High Cu,Critical,14550.074,1829.6475300400534,3181.78125,261.75,9.624375,9.362625000000001,3.900323805913289,22.7,61.168134275013585,22.7 to 53.4,2.87 to 4.9,186 to 422,30,21.7 to 39.9,3.11 to 4.6,217 to 279,"High-Cu regime: expect materially higher cyanide demand and stronger complexation risk. Free CN is in the lower historical range. Specific NaCN is already in the upper historical range. Recovery is in the lower historical range. Extra NaCN may be required to maintain free CN, but efficiency should be checked carefully."
2026-03-11,High Cu,Watch,8884.4811,1693.3616486279655,2914.1785714285716,596.6428571428571,9.531071428571428,8.93442857142857,5.115661735157498,22.7,68.69662012534243,22.7 to 53.4,2.87 to 4.9,186 to 422,30,23.6 to 48.0,3.24 to 5.16,275 to 567,High-Cu regime: expect materially higher cyanide demand and stronger complexation risk. Specific NaCN is already in the upper historical range. Recovery is in the lower historical range.
2026-03-12,High Cu,Watch,13870.164,1915.5035714285714,2792.65625,408.22797320263754,8.8265625,8.418334526797363,2.0457580746702058,9.08,57.8342006637832,22.7 to 53.4,2.87 to 4.9,186 to 422,30,21.7 to 39.9,3.11 to 4.47,237 to 332,High-Cu regime: expect materially higher cyanide demand and stronger complexation risk. Recovery is in the lower historical range.
2026-03-13,High Cu,Watch,9967.4806,1313.0,3162.5,358.53125,9.80125,9.44271875,4.55481197525481,27.24,62.71257567379189,22.7 to 53.4,2.87 to 4.9,186 to 422,30,12.4 to 33.7,3.05 to 4.77,221 to 350,High-Cu regime: expect materially higher cyanide demand and stronger complexation risk. Specific NaCN is already in the upper historical range. Recovery is in the lower historical range.
