Date,Leach_Feed_Throughput_M3Hr,Leach_Feed_Throughput_M3Day,Percent_Solids,Leach_Feed_Grade_Au_Gt_Ds,Leach_Feed_Grade_Au_Gt_Ns,Leach_Feed_Grade_Au_Gt_Day,Leach_Feed_Grade_Ag_Gt_Ds,Leach_Feed_Grade_Ag_Gt_Ns,Leach_Feed_Grade_Ag_Gt_Day,Free_CN_Leach_Tank_1_ppm,Free_CN_Leach_Tank_2_ppm,NaCN_Withdrawn_daily_kgpt,NaCN_Withdrawn_mtd_kgpt,NaCN_Withdrawn_tpd,Au_Leach_Feed_g,WAD_CN_Tailings_ppm,Au_Tailings_g,Leach_Feed_Gt_150um_Day,Leach_Feed_Gt_75um_Day,Leach_Feed_Lt_75um_Day,Cyanide_Profile_Ppm_Leach_Tank_1,Cyanide_Profile_Ppm_Leach_Tank_2,Free_CN_Cil_Tank_1_ppm,Free_CN_Cil_Tank_2_ppm,Free_CN_Cil_Tank_3_ppm,Free_CN_Cil_Tank_4_ppm,Free_CN_Cil_Tank_5_ppm,Free_CN_Cil_Tank_6_ppm,Free_CN_Cil_Tank_7_ppm,Free_CN_Cil_Tank_8_ppm,Free_CN_Cil_Tank_9_ppm,DO_Leach_Tank_1_ppm,DO_Leach_Tank_2_ppm,DO_Cil_Tank_1_ppm,DO_Cil_Tank_2_ppm,DO_Cil_Tank_3_ppm,DO_Cil_Tank_4_ppm,DO_Cil_Tank_5_ppm,DO_Cil_Tank_6_ppm,DO_Cil_Tank_7_ppm,DO_Cil_Tank_8_ppm,DO_Cil_Tank_9_ppm,Carbon_Concentration_Cil_Tank_1_gpl,Carbon_Concentration_Cil_Tank_2_gpl,Carbon_Concentration_Cil_Tank_3_gpl,Carbon_Concentration_Cil_Tank_4_gpl,Carbon_Concentration_Cil_Tank_5_gpl,Carbon_Concentration_Cil_Tank_6_gpl,Carbon_Concentration_Cil_Tank_7_gpl,Carbon_Concentration_Cil_Tank_8_gpl,Carbon_Concentration_Cil_Tank_9_gpl,Au_Loading_Cil_Tank_1_gptc,Au_Loading_Cil_Tank_2_gptc,Au_Loading_Cil_Tank_3_gptc,Au_Loading_Cil_Tank_4_gptc,Au_Loading_Cil_Tank_5_gptc,Au_Loading_Cil_Tank_6_gptc,Au_Loading_Cil_Tank_7_gptc,Au_Loading_Cil_Tank_8_gptc,Au_Loading_Cil_Tank_9_gptc,Ag_Loading_Cil_Tank_1_gptc,Ag_Loading_Cil_Tank_2_gptc,Ag_Loading_Cil_Tank_3_gptc,Ag_Loading_Cil_Tank_4_gptc,Ag_Loading_Cil_Tank_5_gptc,Ag_Loading_Cil_Tank_6_gptc,Ag_Loading_Cil_Tank_7_gptc,Ag_Loading_Cil_Tank_8_gptc,Ag_Loading_Cil_Tank_9_gptc,Au_Dissolved_Leach_Tank_1_gpt,Au_Dissolved_Leach_Tank_2_gpt,Au_Dissolved_Cil_Tank_1_gpt,Au_Dissolved_Cil_Tank_2_gpt,Au_Dissolved_Cil_Tank_3_gpt,Au_Dissolved_Cil_Tank_4_gpt,Au_Dissolved_Cil_Tank_5_gpt,Au_Dissolved_Cil_Tank_6_gpt,Au_Dissolved_Cil_Tank_7_gpt,Au_Dissolved_Cil_Tank_8_gpt,Au_Dissolved_Cil_Tank_9_gpt,Ag_Dissolved_Leach_Tank_1_gpt,Ag_Dissolved_Leach_Tank_2_gpt,Ag_Dissolved_Cil_Tank_1_gpt,Ag_Dissolved_Cil_Tank_2_gpt,Ag_Dissolved_Cil_Tank_3_gpt,Ag_Dissolved_Cil_Tank_4_gpt,Ag_Dissolved_Cil_Tank_5_gpt,Ag_Dissolved_Cil_Tank_6_gpt,Ag_Dissolved_Cil_Tank_7_gpt,Ag_Dissolved_Cil_Tank_8_gpt,Au_Undissolved_Leach_Tank_1_gpdpt,Au_Undissolved_Leach_Tank_2_gpdpt,Au_Undissolved_Cil_Tank_1_gpdpt,Au_Undissolved_Cil_Tank_2_gpdpt,Au_Undissolved_Cil_Tank_3_gpdpt,Au_Undissolved_Cil_Tank_4_gpdpt,Au_Undissolved_Cil_Tank_5_gpdpt,Au_Undissolved_Cil_Tank_6_gpdpt,Au_Undissolved_Cil_Tank_7_gpdpt,Au_Undissolved_Cil_Tank_8_gpdpt,Au_Undissolved_Cil_Tank_9_gpdpt,Leach_Feed_Dry_t,Ph_Leach_Tank_01,Ph_Leach_Tank_02,Ph_Cil_Tank_01,Ph_Cil_Tank_02,Ph_Cil_Tank_03,Ph_Cil_Tank_04,Ph_Cil_Tank_05,Ph_Cil_Tank_06,Ph_Cil_Tank_07,Ph_Cil_Tank_08,Ph_Cil_Tank_09,Au_Dissolved_Leach_Tank_1_g,Au_Dissolved_Leach_Tank_2_g,Au_Dissolved_Cil_Tank_1_g,Au_Dissolved_Cil_Tank_2_g,Au_Dissolved_Cil_Tank_3_g,Au_Dissolved_Cil_Tank_4_g,Au_Dissolved_Cil_Tank_5_g,Au_Dissolved_Cil_Tank_6_g,Au_Dissolved_Cil_Tank_7_g,Au_Dissolved_Cil_Tank_8_g,Au_Dissolved_Cil_Tank_9_g,Gold_On_Carbon_Grams,Sum_Au_Undissolved_Tank_g,Total_Au_Grams,NaCN_Withdrawn_t_day_cleaned,NaCN_Withdrawn_kg_day,DO_Leach_Tank_1_ppm_Imputed,Au_Recovered_g,Residence_Time_hr,Au_Feed_Grade_ppm,Ag_Feed_Grade_ppm,Leach_Feed_Throughput_m3,Recovery_pct,Avg_Free_CN_Tank_ppm,Avg_Free_CN_Leach_ppm,Avg_Free_CN_Cil_ppm,Avg_DO_Tank_ppm,Avg_DO_Leach_ppm,Avg_DO_Cil_ppm,Avg_Ph_Tank,Avg_Ph_Leach_ppm,Avg_Ph_Cil_ppm,Avg_Carbon_Tank_gpl,Avg_Au_Loading_Tank_gpl,Avg_Ag_Loading_Tank_gpl,Avg_Au_Dissolved_Tank,Avg_Au_Dissolved_Leach,Avg_Au_Dissolved_Cil,CN_Loss_Tailings_Est_kg ,Quarter,Month,Week,Free_Cn_Leach_Adds_Tank_1,Free_Cn_Leach_Adds_Tank_2,Free_Cn_Leach_Adds_ppm,Solids_Fraction,Liquid_Fraction,Slurry_Mass_kg,Solution_Mass_kg,CN_in_solution_kg_day,NaCN_Used_Est_kg_day,NaCN_Used_Est_kgt,CN_Inlet_kg,CN_Tailings_kg,CN_Loss_kg,CN_Loss_pct,Ultrafines_Fraction,Particle_Size,Pct_lt_75,Pct_lt_150,P80_um,Grade_x_Ultrafines,Throughput_x_Ultrafines,Supplier_Quality_Flag,Supplier_Quality_Early,Supplier_Quality_Post,NaCN_Used_Est_Scaled_kgpd,NaCN_Used_Est_Scaled_kgpt,Au_Tail_to_Feed_Solid_Ratio,CN_to_Au_Ratio,DO_Carbon_Interaction,Grade_x_RT,CN_x_DO,CN_per_Grade,NaCN_per_Grade,Residence_Time_Modifier,Inferred_Sample_Type,k_fit,Au_Calc_gpt,Au_CyanideSoluble_gpt,Au_PregRobbed_gpt,Au_HClDigestible_gpt,Au_HNO3Digestible_gpt,Au_GangueOccluded_gpt,Au_Carbonaceous_gpt,Au_Refractory_Total_gpt,Gold_Exposed_Fraction,Liberation_Class,Au_CILRecoverable_gpt,Au_Inaccessible_gpt
2025-05-01,118.9688276214816,2855.2518629155584,50.458333333333336,1.8649999999999998,1.6400000000000001,1.7525,1.82,1.7,1.76,55.0,100.0,0.0,0.0,0.0,3718.409554548101,210.0,425.4207418221512,7.656274965164886,15.153864375290295,77.18986065954483,55.0,100,845,310,205,170,205,240.0,310,275,295,8.13,7.12,7.71,13.45,8.81,8.3,8.31,8.59,8.52,8.29,7.83,13.875,10.9375,9.875,11.3125,10.8125,11.0,7.375,12.0,15.5,631.0,514.0,350.5,291.0,260.0,224.0,183.0,147.5,128.5,1417.75,1163.0,953.25,747.25,572.75,470.0,415.75,362.0,317.5,,1.611,1.112,1.045,0.978,0.772,0.315,0.114,0.088,0.021,0.002,1.59,2.099,1.685,1.636,1.401,1.109,0.829,0.639,0.61,0.379,369.766810666546,421.5341641598624,84.86148304797233,71.66080790717663,67.88918643837786,62.23175423517971,54.68851129758216,52.80270056318279,49.03107909438401,45.25945762558524,35.830403953588316,2111.5547500000002,10.899999999999999,11.135,11.145,11.105,11.1,10.975,10.925,10.92,10.91,10.84,10.844999999999999,1000.5639517788884,1169.744939271255,205.89253567955126,193.4871400945423,181.08174450953337,142.93978196458053,58.323874765340506,21.10768801031371,16.2936539026983,3.8882583176893672,0.3703103159704159,300.56699032612556,1315.5563589894377,8036.771249999999,0.0,0.0,8.13,3292.9888127259496,35.72364362135312,1.7525,1.76,2855.2518629155584,88.55906710701606,273.6363636363636,77.5,317.22222222222223,8.599166666666665,7.793333333333334,8.867777777777777,10.981818181818182,11.017499999999998,10.973888888888888,11.409722222222221,303.27777777777777,713.25,1.0998888888888887,1.611,1.036,378.5833522618749,2,2025-05,18,False,True,100.0,0.5045833333333334,0.4954166666666666,4184749.298100744,2073194.5481007434,207.31945481007432,390.49679017070497,0.18493330100519767,285.5251862915558,599.6028912122672,-314.07770492071137,-109.99999999999999,0.7718986065954482,69.04150894101254,0.7718986065954482,0.9234372503483512,61.59002775983895,1.3527523080585229,2203.9649344635773,PostChange,0,1,235.58514762495383,0.11156951891725933,0.11440932892983938,0.026893218332468764,98.11410300925924,62.60568544642134,859.9166666666665,57.06101534370703,222.8214333559894,0.9,Sulfide Super Grade,0.07858567534578917,1.7525,1.59127,0.01104075,0.04293625,0.089027,0.0164735,0.0024535,0.15089025,0.64,>80%,1.60231075,0.15018924999999994
2025-05-02,145.28881628061765,3099.4947473198436,46.95,1.7000000000000002,1.755,1.7275,1.47,1.91,1.69,110.0,225.0,0.0,0.0,0.0,3494.9103634543126,150.0,417.8531566057508,7.8379389312977095,11.210906488549616,80.95115458015268,110.0,225,175,210,210,190,215,175.0,205,175,175,19.89,10.72,8.0,8.03,8.09,7.65,8.16,8.17,8.29,8.23,7.31,12.25,9.3125,10.5625,10.9375,12.3125,13.4375,9.25,10.75,16.875,722.0,497.0,415.0,282.5,232.5,203.5,156.5,126.5,100.0,1437.0,1281.0,1013.0,826.0,558.0,410.0,391.0,329.0,308.0,1.378,2.049,1.451,1.286,1.143,0.926,0.792,0.164,0.047,0.009,0.001,1.984,1.863,1.474,1.351,1.295,0.993,0.733,0.567,0.365,0.179,486.5707074690433,339.93296001261933,108.77854720403819,98.5805584036596,76.48491600283936,67.98659200252386,62.88759760233457,56.08893840208219,49.2902792018298,45.89094960170361,35.69296080132503,2065.9224,11.605,11.58,11.52,11.57,11.465,11.4,11.370000000000001,11.41,11.335,11.375,11.335,1497.9857244262166,1543.1738307437495,278.6637546336462,246.9755950784762,219.51252346399556,177.83779241265083,152.10316586481582,31.496110103320447,9.026324236927202,1.7284450666456341,0.19204945184951494,-1080.0569750636773,1428.1850067039989,7914.761718749999,0.0,0.0,19.89,3077.0572068485617,32.90858940419247,1.7275,1.69,3099.4947473198436,88.0439521146187,187.72727272727272,167.5,192.22222222222223,10.202500000000002,16.833333333333332,7.992222222222223,11.45136363636364,11.592500000000001,11.42,11.743055555555555,303.94444444444446,728.1111111111111,1.0384,1.7134999999999998,0.8696250000000001,304.4789090707043,2,2025-05,18,False,True,225.0,0.46950000000000003,0.5305,4400260.702875399,2334338.302875399,525.2261181469648,989.290240214556,0.4788612777588142,697.3863181469648,464.9242120979765,232.46210604898823,33.33333333333333,0.8095115458015267,66.80424021946564,0.8095115458015267,0.9216206106870228,50.0,1.3984311953721376,2509.076784106599,PostChange,0,1,596.8348348855558,0.2888950886468707,0.11956047885381288,0.06437933354537129,119.80852430555558,56.84958819574249,2295.5625000000005,130.2452663081545,572.66831463468,0.9,Sulfide Super Grade,0.08060202162616557,1.7275,1.56857,0.01088325,0.04232375,0.087757,0.0162385,0.0024185,0.14873774999999997,0.64,>80%,1.57945325,0.14804675
2025-05-03,132.3897368105277,3177.353683452665,52.375,2.0749999999999997,1.995,2.035,1.79,1.86,1.8250000000000002,190.0,300.0,0.0,0.0,0.0,4534.73697652518,200.0,513.5164972002387,7.540118764845606,11.806199524940617,80.65368171021377,190.0,300,310,230,280,210,200,220.0,235,215,225,,0.0,0.0,0.0,0.0,0.0,0.0,0.0,0.0,0.0,0.0,12.875,10.125,8.625,9.0625,4.875,8.375,4.8125,11.0,13.125,535.5,412.5,321.0,243.0,208.0,189.5,138.0,115.0,106.5,1486.5,1257.5,997.75,802.5,619.0,501.0,452.5,404.0,338.5,1.989,2.286,1.392,1.117,1.045,0.9,0.362,0.188,0.136,0.075,0.004,2.239,2.951,2.327,1.88,1.71,1.413,0.998,0.844,0.859,0.317,343.83643019962705,312.5785729087519,93.65635490778476,85.6856012986116,73.72947088485184,67.75140567797197,61.773340471092084,53.80258686191891,49.817210057332325,47.82452165503903,41.84645644815915,2482.9317,11.24,11.32,11.295,11.375,11.254999999999999,11.25,11.235,11.375,11.295,11.465,11.504999999999999,1310.301029218761,1624.375354009809,252.2258423706569,202.3967427643849,189.35057850383365,163.07705325689025,65.59321475443808,34.06498445810596,24.642754714374526,13.589754438074186,0.7247869033639567,142.38738980770302,1232.3019513711406,5602.334062499999,0.0,0.0,19.89,4021.220479324941,32.10218633550481,2.035,1.8250000000000002,3177.353683452665,88.6759364466221,237.72727272727272,245.0,236.11111111111111,19.89,19.89,,11.328181818181818,11.280000000000001,11.338888888888889,9.208333333333334,252.11111111111111,762.1388888888889,1.4623,2.1375,1.2934999999999999,392.6520608903185,2,2025-05,18,False,True,300.0,0.52375,0.47624999999999995,4740681.050119332,2257749.350119332,677.3248050357995,1275.7758914221574,0.5138183589271333,953.2061050357995,635.470736690533,317.73536834526647,33.33333333333333,0.8065368171021378,66.80402315914489,0.8065368171021378,0.924598812351544,50.0,1.6413024228028505,2562.652726659666,PostChange,0,1,769.6704794568464,0.30998455553845733,0.11324063553377899,0.06615598689692476,183.15375000000003,65.3279491927523,5967.0,147.41942300037837,626.9138193041593,0.9,Sulfide Super Grade,0.08067407463337935,2.035,1.8477800000000002,0.0128205,0.049857500000000006,0.103378,0.019129000000000004,0.002849,0.1752135,0.64,>80%,1.8606005,0.17439950000000004
2025-05-04,137.10013322856096,2879.10279779978,50.5,2.175,2.215,2.195,2.11,2.07,2.09,310.0,240.0,0.0,0.0,0.0,4458.536144863366,200.0,483.82763581782183,7.625088289962824,11.860627323420074,80.51428438661709,310.0,240,300,315,270,270,275,255.0,245,235,245,,0.0,0.0,0.0,0.0,0.0,0.0,0.0,0.0,0.0,0.0,12.125,13.0,9.125,7.25,8.0,10.125,10.4375,11.625,17.9375,663.0,432.5,288.0,273.5,213.0,191.0,166.0,149.5,136.5,1486.5,1257.5,997.75,802.5,619.0,501.0,452.5,404.0,338.5,1.844,2.393,1.914,1.508,1.335,0.678,0.28,0.065,0.044,0.018,0.004,1.91,2.311,1.888,1.356,1.233,1.077,0.8,0.571,0.458,0.345,392.4273689926691,362.810209068694,92.51660331251696,79.29994569644312,69.85947597067607,66.08328808036926,58.530912299755634,54.75472440944881,49.0904425739886,47.20234862883519,43.426160738528374,2131.7712,11.145,11.375,11.195,11.29,11.175,11.120000000000001,11.14,11.31,11.215,11.395,11.34,1394.1984795004073,1736.7605213141458,354.2251181102362,279.0864566929134,247.0692438229704,125.47786315503666,51.819766494705405,12.029588650556612,8.143106163453705,3.3312707032310613,0.7402823784957915,-236.79121758771015,1316.001479771925,7096.434843750001,0.0,0.0,19.205,3974.708509045544,35.427703407446494,2.195,2.09,2879.10279779978,89.1482849953962,269.09090909090907,275.0,267.77777777777777,19.205,19.205,,11.245454545454546,11.26,11.242222222222223,11.069444444444445,279.22222222222223,762.1388888888889,1.1965,2.1185,0.966,363.4013754627638,2,2025-05,18,True,False,310.0,0.505,0.495,4221329.108910891,2089557.908910891,647.7629517623761,1220.0946297415087,0.5723384525231923,892.5218673179319,575.820559559956,316.7013077579759,35.48387096774194,0.8051428438661711,66.94425243959108,0.8051428438661711,0.9237491171003718,50.0,1.7672885422862454,2318.0890144035648,PostChange,0,1,736.0781975657585,0.34528949334044784,0.10851715004603804,0.06952954735090526,212.58868055555553,77.76380897934504,5953.549999999999,141.2294249228933,555.8492351932377,0.9,Sulfide Super Grade,0.08079469536557736,2.195,1.9930599999999998,0.013828499999999999,0.0537775,0.111506,0.020633,0.0030729999999999998,0.18898949999999998,0.64,>80%,2.0068885,0.18811149999999977
2025-05-05,101.3608141893992,2432.659540545581,50.23529411764706,2.26,2.335,2.2975,2.04,2.34,2.19,195.0,325.0,0.0,0.0,0.0,3917.0673534497073,300.0,376.41690967988296,7.164375347029429,10.66,82.17562465297057,195.0,325,315,295,290,325,305,300.0,280,300,300,,0.0,0.0,0.0,0.0,0.0,0.0,0.0,0.0,0.0,0.0,7.25,7.375,5.0,7.1875,7.0,8.0,5.9375,2.5625,8.5,772.5,535.0,409.5,357.5,247.0,220.0,222.0,194.5,151.0,1536.0,1234.0,982.5,779.0,680.0,592.0,514.0,479.0,369.0,1.921,1.777,0.963,0.677,0.435,0.473,0.149,0.08,0.025,0.007,0.002,2.272,2.525,1.905,1.043,1.103,1.099,0.973,0.77,0.677,0.655,404.11382321075774,448.1989675610222,89.93369447453954,65.5766522210184,61.82941495124594,58.08217768147345,56.20855904658721,50.58770314192849,46.84046587215601,44.96684723726977,43.09322860238353,1787.40245,10.93,11.075,11.1,11.245000000000001,11.06,11.07,11.07,11.165,11.08,11.16,11.21,1135.4763877381938,1293.424064750494,178.73926868905744,125.65574756229688,80.73892199349947,87.79197724810402,27.655400866738898,14.848537378114845,4.64016793066089,1.299247020585049,0.37121343445287114,588.670427474138,1369.4315340003823,5291.8396875,0.0,0.0,18.5,3540.6504437698245,41.929418523203665,2.2975,2.19,2432.659540545581,90.3903385948067,293.6363636363636,260.0,301.1111111111111,18.5,18.5,,11.10590909090909,11.0025,11.128888888888888,6.534722222222222,345.44444444444446,796.1666666666666,1.1923,1.849,1.028125,461.91094777517577,2,2025-05,19,False,True,325.0,0.5023529411764706,0.49764705882352944,3558061.0831381734,1770658.6331381735,575.4640557699064,1083.9159636158,0.6064196474698801,790.6143506773138,729.7978621636744,60.816488513639456,7.692307692307683,0.8217562465297057,65.61796918378678,0.8217562465297057,0.9283562465297056,50.0,1.8879849764019987,1999.053173123415,PostChange,0,1,653.9221543660949,0.36585054158681213,0.09609661405193295,0.08297023529957354,120.89236111111111,96.33283905706041,6012.5,141.45749093583925,471.77856184121066,0.9,Sulfide Super Grade,0.080864943009353,2.2975,2.08613,0.01447425,0.05628875,0.11671299999999998,0.0215965,0.0032164999999999997,0.19781474999999998,0.64,>80%,2.10060425,0.19689574999999992
2025-05-06,136.086622020955,3203.7058934099828,51.541666666666664,2.085,2.04,2.0625,2.21,1.91,2.06,185.0,295.0,2.7857842371246453,0.5228753553066646,6.81,5039.2287132845595,240.0,542.3985110460792,5.570875202593194,17.223679092382497,77.2054457050243,185.0,295,285,280,285,285,275,270.0,235,260,235,18.5,10.5,8.31,8.06,8.3,7.9,8.31,8.18,8.4,8.37,7.91,9.4375,6.625,7.4375,6.125,4.1875,3.3125,4.5,2.6875,4.875,768.5,493.0,377.5,281.0,284.0,209.5,171.0,153.5,101.5,1555.25,1282.5,964.0,811.25,662.5,543.5,457.75,412.0,341.5,1.56,1.936,1.47,0.959,0.765,0.656,0.275,0.175,0.086,0.014,0.007,3.562,3.149,2.676,1.911,1.541,1.237,1.131,1.011,1.026,0.717,473.0844623152315,434.9324895478741,124.5280391126545,103.12478239016701,87.55877750108519,75.88427383427384,68.10127138973293,66.1555207785977,62.26401955632725,54.48101711178635,48.64376527838066,2444.554,11.545,11.405000000000001,11.545,11.805,11.59,11.495000000000001,11.4565,11.649999999999999,11.56,11.504999999999999,11.565,1675.1121747275592,1388.8724497955268,268.9146889493043,175.43482088597474,139.9453993511686,120.00546663315895,50.307169701400476,32.01365344634576,15.732423979347056,2.5610922757076606,1.2805461378538303,628.167398995473,1598.758418816111,4744.9603125,6.81,6810.0,18.5,4496.8302022384805,31.83812852790695,2.0625,2.06,3203.7058934099828,89.2364776058647,262.72727272727275,240.0,267.77777777777777,10.103333333333333,15.833333333333334,8.193333333333335,11.5565,11.475000000000001,11.57461111111111,5.465277777777778,315.5,781.1388888888889,1.4746000000000001,1.748,1.40625,479.64845698218,2,2025-05,19,False,True,295.0,0.5154166666666666,0.48458333333333337,4742869.523039612,2298315.523039612,678.0030792966855,1277.0534556622044,0.5224075457781683,945.0932385559449,768.8894144183959,176.20382413754908,18.644067796610173,0.772054457050243,67.72839343598054,0.772054457050243,0.944291247974068,60.14066985916081,1.5923623176661261,2473.435414085308,PostChange,0,1,770.4412288398573,0.31516637752320353,0.1076352239413529,0.0585407046960009,55.217523148148146,65.66614008880808,2980.4833333333336,143.02960955340822,619.1744309904943,0.9,Sulfide Super Grade,0.07945765901360326,2.0625,1.8727500000000001,0.01299375,0.05053125,0.104775,0.019387500000000002,0.0028875,0.17758124999999997,0.64,>80%,1.88574375,0.17675624999999995
2025-05-07,139.45305631619348,3346.873351588644,49.25,2.19,2.19,2.19,1.93,2.11,2.02,750.0,665.0,0.0,0.4418248218949644,0.0,4831.132401962435,250.0,544.9586624436548,5.430384307445957,16.74544835868695,77.8241673338671,750.0,665,495,475,480,485,470,495.0,445,430,455,22.0,12.86,8.26,8.37,8.53,8.14,8.59,8.61,8.72,8.5,8.22,13.6875,12.4375,8.5,6.625,6.3125,6.6875,6.85,9.0625,18.8125,660.5,498.5,381.5,323.5,252.5,191.0,155.0,136.5,110.5,1574.5,1331.0,945.5,843.5,645.0,495.0,401.5,345.0,314.0,2.335,2.101,1.698,1.173,0.795,0.63,0.561,0.203,0.117,0.02,0.009,2.09,2.572,2.369,2.038,1.599,1.372,1.099,0.957,0.803,0.605,414.0410683129781,342.65467722453366,96.47870755603275,87.37694269225607,78.2751778284794,69.17341296470272,60.071648100926055,54.61058918266004,49.149530264394045,43.68847134612803,41.8681183733727,2389.2120999999997,11.620000000000001,11.615,11.925,11.974499999999999,11.485,11.375,11.41,11.555,11.469999999999999,11.51,11.495000000000001,1360.8710240236212,1545.5081197154745,318.51002415783114,220.03077640585155,149.12571802442625,118.1750973023755,105.23211045497249,38.07864246409878,21.94680378472688,3.7515903905516037,1.6882156757482214,406.2654989879645,1337.3883438464636,7108.22859375,0.0,0.0,22.0,4286.17373951878,30.47620548640843,2.19,2.02,3346.873351588644,88.71985660707024,513.1818181818181,707.5,470.0,11.066666666666668,18.953333333333333,8.437777777777777,11.584954545454547,11.6175,11.577722222222224,9.886111111111111,301.05555555555554,766.1111111111111,1.5278000000000003,2.218,1.3552500000000003,535.2130393952771,2,2025-05,19,True,False,750.0,0.4925,0.5075000000000001,4851192.081218273,2461979.981218274,1846.4849859137055,3477.9488531756615,1.4556886151613169,2510.155013691483,836.718337897161,1673.4366757943221,66.66666666666667,0.778241673338671,67.25388560848678,0.778241673338671,0.9456961569255404,58.120985399758496,1.7043492646116896,2604.6763175929523,PostChange,0,1,2098.2325966091767,0.8782111042419285,0.11280143392929767,0.1552431060873731,109.4062962962963,66.74289001523445,8300.000000000002,342.4641896612344,1588.0972475813633,0.9,Sulfide Super Grade,0.08162711944293612,2.19,1.98852,0.013797,0.053655,0.11125199999999999,0.020586,0.0030659999999999997,0.188559,0.64,>80%,2.002317,0.18768299999999982
2025-05-08,135.5861771020855,3254.068250450052,52.291666666666664,2.26,2.55,2.405,2.42,2.23,2.325,230.0,275.0,0.0,0.3793830292678631,0.0,5905.11531714024,510.0,605.4172830203187,5.867649556155925,17.807499035121573,76.32485140872251,230.0,275,260,310,325,305,305,330.0,315,345,355,18.27,10.61,8.31,8.22,8.46,8.0,8.29,8.48,8.6,8.65,8.38,13.25,6.375,12.875,11.1875,9.125,7.625,12.875,10.375,15.0625,768.5,721.5,491.0,370.0,287.0,238.0,214.0,197.0,150.0,1481.0,1186.25,930.75,778.75,658.0,542.75,421.75,402.75,372.5,1.85,2.21,1.417,1.25,0.835,0.654,0.614,0.558,0.228,0.089,0.008,2.794,2.954,2.443,2.255,1.856,1.635,1.515,1.303,1.019,0.958,522.327159783734,428.7760266881399,109.33788680547568,95.42215575750603,77.53050155297366,67.59069366156679,61.62680892672265,57.650885770159896,55.66292419187853,53.67496261359715,49.699039457034395,2536.8481,11.38,11.620000000000001,11.530000000000001,11.805,11.5,11.475,11.879999999999999,11.71,11.495000000000001,11.75,11.780000000000001,1530.6356838835845,1571.8888761072126,257.0038312435293,226.7147417462326,151.44544748648337,118.6171528816289,111.36228114574945,101.20546071551824,41.35276889451283,16.14208961233176,1.4509743471758887,1174.8942102892838,1579.2990452087886,9367.5046875,0.0,0.0,18.27,5299.698034119921,31.345378200316773,2.405,2.325,3254.068250450052,89.74757899709377,305.0,252.5,316.6666666666667,10.211666666666666,15.716666666666667,8.376666666666665,11.629545454545456,11.5,11.658333333333335,10.972222222222221,381.8888888888889,752.7222222222222,1.7043999999999997,2.0300000000000002,1.6230000000000002,1026.4281642092499,2,2025-05,19,False,True,275.0,0.5229166666666667,0.4770833333333333,4851342.980079682,2314494.8800796815,636.4860920219124,1198.8540880089904,0.47257622086595974,894.8687688737643,1659.5748077295264,-764.706038855762,-85.45454545454542,0.763248514087225,68.46424884214589,0.763248514087225,0.9413235044384407,62.8988796518711,1.835612676379776,2483.662756894418,PostChange,0,1,723.2638639127166,0.2851033390263755,0.10252421002906227,0.04656979334540386,112.04467592592592,75.38563457176183,2808.208333333333,114.34463889963037,498.4819555881225,0.9,Sulfide Super Grade,0.07901927330828445,2.405,2.18374,0.015151499999999998,0.058922499999999996,0.12217399999999999,0.022607,0.0033669999999999998,0.2070705,0.64,>80%,2.1988914999999998,0.20610850000000003
2025-05-09,137.78082176112753,3306.7397222670606,51.63,1.91,1.8199999999999998,1.8624999999999998,1.77,1.85,1.81,480.0,530.0,1.346266453214572,0.49879357630243093,3.405,4581.437759027845,330.0,607.878627713075,5.92854961832061,13.223045801526716,80.84840458015267,480.0,530,590,525,510,530,530,465.0,430,405,330,19.02,10.45,8.6,8.27,8.57,8.0,8.34,8.55,8.41,8.4,8.17,13.8125,12.5,10.3125,11.9375,8.5,7.1875,6.875,4.9375,15.75,750.5,543.5,462.5,310.5,261.0,251.5,233.0,218.0,190.5,1387.5,1041.5,916.0,714.0,671.0,590.5,442.0,460.5,431.0,2.152,1.915,1.452,1.18,1.062,0.931,0.777,0.298,0.106,0.036,0.006,2.123,2.115,1.996,1.741,1.589,1.308,1.04,0.989,0.849,0.769,428.3256739145347,359.48761917827017,83.86769668701558,76.06605048357227,68.26440428012896,64.3635811784073,56.56193497496399,52.66111187324234,48.760288771520685,46.80987722065986,44.85946566979903,2529.2169999999996,11.32,11.280000000000001,11.440000000000001,11.399999999999999,11.24,11.274999999999999,11.370000000000001,11.355,11.295,11.405000000000001,11.440000000000001,1378.9612456272723,1372.5108032100968,265.37120104259554,215.65979148089718,194.0938123328075,170.15192022772482,142.0064898141162,54.46323547568421,19.372828726250088,6.579451265518897,1.0965752109198164,156.12885846069082,1330.027704232115,9011.9390625,3.405,3405.0,19.02,3973.5591313147697,30.84609269763453,1.8624999999999998,1.81,3306.7397222670606,86.73170607817963,484.09090909090907,505.0,479.44444444444446,10.316666666666666,16.16333333333333,8.367777777777778,11.347272727272728,11.3,11.357777777777777,10.20138888888889,357.8888888888889,739.3333333333334,1.4348,2.0335,1.285125,679.9487098956624,2,2025-05,19,False,True,530.0,0.5163,0.4837,4898735.23145458,2369518.2314545806,1255.8446626709278,2365.4476140469706,0.9352489778642841,1752.5720528015422,1091.2241083481301,661.3479444534121,37.73584905660377,0.8084840458015267,65.67509064885496,0.8084840458015267,0.9407145038167939,50.0,1.5058015353053433,2673.4463090710897,PostChange,0,1,1427.06506015259,0.5642319580141166,0.13268293921820373,0.11568420829370014,105.2443287037037,57.450847649344304,5467.833333333333,284.56223053835953,1270.0321684431067,0.9,Sulfide Super Grade,0.08154272105383355,1.8624999999999998,1.69115,0.01173375,0.04563125,0.09461499999999999,0.0175075,0.0026074999999999996,0.16036125,0.64,>80%,1.7028837499999998,0.15961625000000002
2025-05-10,143.01174772429246,3333.3654865403832,50.958333333333336,2.285,2.315,2.3,2.08,2.25,2.165,300.0,285.0,0.0,0.44450696793827377,0.0,5420.906546438574,530.0,614.7070132525756,6.695577443028196,19.9554808806489,73.3489416763229,300.0,285,290,295,300,365,355,375.0,390,405,415,,0.0,0.0,0.0,0.0,0.0,0.0,0.0,0.0,0.0,0.0,12.5,11.5625,11.125,10.0,7.0625,8.5625,8.8125,6.1875,14.0,758.5,518.0,469.0,359.5,334.0,338.0,290.5,278.0,228.0,1523.25,1158.75,1028.0,834.25,787.25,661.0,499.75,470.25,418.75,1.924,1.958,1.958,1.749,1.288,1.051,0.956,0.387,0.167,0.039,0.01,3.01,2.821,2.645,2.4,1.89,1.44,1.248,1.135,1.062,1.054,0.0,0.0,95.66628416914722,80.35967870208366,74.61970165193483,63.139747551637164,57.39977050148833,53.57311913472245,51.6597934513395,47.83314208457361,45.919816401190666,2501.10345,11.605,11.54,11.865,11.879999999999999,11.455,11.434999999999999,11.67,11.575,11.43,11.74,11.77,1756.152786929946,1413.8762980299482,360.5384559976368,322.0540140653048,237.1672785112136,193.52702617646386,176.03409802540386,71.26066520484446,30.75072632870549,7.181307346224635,1.8413608580063165,244.90645880811564,570.1710536481174,9437.14359375,0.0,0.0,19.02,4806.199533185998,30.59970483640642,2.3,2.165,3333.3654865403832,88.66043884013412,343.1818181818182,292.5,354.44444444444446,19.02,19.02,,11.633181818181818,11.5725,11.646666666666667,9.979166666666666,397.05555555555554,820.1388888888889,1.6756,1.9409999999999998,1.6092499999999998,1109.3272730239253,2,2025-05,19,True,False,300.0,0.5095833333333334,0.4904166666666666,4908134.325429272,2407030.8754292717,722.1092626287816,1360.1297064349187,0.5438118548974529,1000.0096459621151,1766.683707866403,-766.6740619042879,-76.66666666666663,0.7334894167632291,70.84164735419081,0.7334894167632291,0.933044225569718,70.83092598549806,1.6870256585554269,2444.988306581183,PostChange,0,1,820.56079779678,0.32807951138397734,0.11339561159865884,0.05534129714836976,189.80374999999998,70.37932112373475,5706.0,130.43421550341085,591.3581708057438,0.9,Sulfide Super Grade,0.0782007730813887,2.3,2.0884,0.01449,0.05635,0.11683999999999999,0.02162,0.0032199999999999998,0.19802999999999998,0.64,>80%,2.10289,0.1971099999999999
2025-05-11,138.0501151347876,3313.2027632349027,52.208333333333336,1.91,1.9899999999999998,1.9499999999999997,1.78,1.91,1.845,295.0,280.0,0.0,0.3996895740395522,0.0,4757.765604144852,300.0,631.1021740965682,7.81729213483146,18.903640449438203,73.27906741573034,295.0,280,270,270,285,260,250,255.0,265,275,275,,0.0,0.0,0.0,0.0,0.0,0.0,0.0,0.0,0.0,0.0,13.6875,11.875,10.9375,8.875,7.75,6.5,3.875,4.4375,13.25,1033.5,595.0,537.0,469.5,400.5,377.5,365.0,340.5,327.0,1523.25,1158.75,1028.0,834.25,787.25,661.0,499.75,470.25,418.75,2.432,2.08,1.523,1.075,0.785,0.941,0.824,0.635,0.248,0.109,0.009,1.922,2.379,12.379,1.952,1.696,1.894,1.722,1.352,1.412,1.247,497.75489091703264,427.7581093818249,113.04480217936045,97.17886503138004,85.27941217039472,75.36320145290696,65.4469907354192,57.514022161429,51.56429573093635,49.581053587438795,49.581053587438795,2576.817,11.4,11.620000000000001,11.855,11.905000000000001,11.715,11.719999999999999,11.855,11.76,11.635,11.73,11.73,1359.1075886801996,1480.8505942665347,276.4954524241936,195.16258132370857,142.51407101312674,170.8353386284742,149.5943879169636,115.28208292144646,45.023553644911374,19.78857801328766,1.6339192855008158,169.66345062296796,1570.066696935562,11237.244374999998,0.0,0.0,11.25,4126.663430048284,30.785921444907448,1.9499999999999997,1.845,3313.2027632349027,86.73532438111775,270.90909090909093,287.5,267.22222222222223,11.25,11.25,,11.720454545454546,11.510000000000002,11.767222222222223,9.020833333333334,493.94444444444446,820.1388888888889,2.8165999999999998,2.2560000000000002,2.95675,615.3459382351921,2,2025-05,19,True,False,295.0,0.5220833333333333,0.47791666666666666,4935643.096568236,2358826.096568236,695.8536984876297,1310.6760093343094,0.5086414787446332,977.3948151542963,993.9608289704709,-16.566013816174518,-1.6949152542372885,0.7327906741573034,71.5863904494382,0.7327906741573034,0.9218270786516853,72.22102603148792,1.4289418146067414,2427.8840864907447,PostChange,0,1,790.7255806444091,0.3068613644835505,0.13264675618882255,0.06200389521984922,101.484375,60.03254681756952,3318.75,151.28127548063858,672.1380963863311,0.9,Sulfide Super Grade,0.07795910525818055,1.9499999999999997,1.7705999999999997,0.012284999999999999,0.047775,0.09905999999999998,0.01833,0.00273,0.16789500000000002,0.64,>80%,1.7828849999999998,0.1671149999999999
2025-05-12,142.95540241029855,3430.9296578471653,50.708333333333336,2.4850000000000003,2.3150000000000004,2.4000000000000004,2.2,2.32,2.26,280.0,270.0,0.0,0.36335387665247826,0.0,5784.701989802465,240.0,619.592132144618,6.806862967157418,18.096727066817664,75.09640996602492,280.0,270,260,275,265,265,260,260.0,250,250,235,11.25,0.57,8.19,8.13,8.36,8.07,8.35,8.44,8.47,8.41,8.17,12.5,10.0,6.0625,6.5,10.25,8.75,8.25,8.1875,14.375,1162.0,796.0,736.5,508.0,492.0,359.5,238.5,225.5,161.0,1659.0,1276.0,1140.0,954.5,903.5,731.5,557.5,480.0,406.5,1.909,2.641,1.402,1.642,1.276,1.072,0.773,0.262,0.125,0.028,0.009,2.948,3.003,2.161,2.321,2.321,2.083,1.713,1.224,1.135,0.853,625.7296365985808,409.7039287252613,117.77125660266147,98.77589263449026,83.5796014599533,75.98145587268482,66.48377388859922,60.78516469814786,55.08655550769649,51.28748271406226,47.48840992042801,2555.7552,11.370000000000001,11.55,12.015,11.985,11.399999999999999,11.405000000000001,11.95,11.85,11.425,11.795,11.885000000000002,1831.9858992088136,1912.3615651424811,258.8748137652739,303.1900457935662,235.60931695042052,197.9413697263721,142.73197649112467,48.37746163088572,23.080850014735553,5.170110403300764,1.6618212010609597,202.56227377228754,1692.6731586225653,11365.0790625,0.0,0.0,11.25,5165.109857657847,29.729551512869783,2.4000000000000004,2.26,3430.9296578471653,89.28912616005348,260.90909090909093,275.0,257.77777777777777,8.138333333333334,7.69,8.287777777777778,11.693636363636363,11.46,11.745555555555555,9.430555555555555,519.8888888888889,900.9444444444445,1.8361000000000005,2.275,1.726375,518.4738068550607,2,2025-05,20,False,True,270.0,0.5070833333333333,0.49291666666666667,5040108.857847165,2484353.657847165,670.7754876187346,1263.4399173018517,0.49435091330415826,926.3510076187347,823.4231178833197,102.92788973541496,11.11111111111111,0.7509640996602492,69.8190331257078,0.7509640996602492,0.9319313703284259,66.93534836392581,1.8023138391845985,2576.5050015028437,PostChange,0,1,762.228235737098,0.29823992365821966,0.10710873839946519,0.046674833116030566,76.74900462962962,71.3509236308875,2197.35,112.4995312519531,526.4311054128323,0.9,Sulfide Super Grade,0.07857291673288548,2.4000000000000004,2.1792000000000002,0.015120000000000001,0.05880000000000001,0.12192000000000001,0.022560000000000004,0.0033600000000000006,0.20664000000000002,0.64,>80%,2.1943200000000003,0.20568000000000008
2025-05-13,102.41979793564056,2355.6553525197332,61.0,2.19,1.9649999999999999,2.0774999999999997,2.03,2.13,2.08,465.0,355.0,1.4594997186444594,0.447348221970069,3.405,4854.859072806558,320.0,598.6417173442624,10.607678345293373,16.507678345293375,72.88464330941325,465.0,355,330,360,355,355,345,340.0,345,340,325,16.53,9.93,8.9,8.76,8.77,8.41,8.53,8.73,8.74,8.77,8.4,12.5,9.0,8.0,7.0,7.6875,8.4375,9.875,9.5625,17.0,1094.0,767.5,476.5,402.0,335.0,216.5,173.5,130.0,97.0,1574.75,1167.0,1035.25,881.5,854.5,710.75,574.0,484.5,428.0,2.53,2.049,1.082,0.711,0.517,0.476,0.16,0.085,0.015,0.004,0.002,2.53,2.978,2.32,2.107,1.866,1.683,1.531,1.359,1.036,1.059,643.74624173181,534.804570054119,156.57889356584485,126.2733012627781,103.54410703547804,98.49317498496693,95.96770895971136,88.39131088394467,80.814912808178,73.23851473241129,65.66211665664461,2332.9912000000004,11.68,11.600000000000001,12.120000000000001,11.71,11.61,11.745000000000001,12.045,11.870000000000001,11.595,11.86,11.715,1142.280216476248,1297.4125075165364,174.70428743235118,114.80106133493685,83.47700240529164,76.85696933253156,25.834275405892964,13.724458809380637,2.4219633193024652,0.6458568851473241,0.32292844257366204,1325.5015800218548,2067.5148526758867,9235.072031250002,3.405,3405.0,16.53,4256.217355462296,43.30005231490906,2.0774999999999997,2.08,2355.6553525197332,87.66922564864088,355.90909090909093,410.0,343.8888888888889,10.083333333333334,14.33,8.66777777777778,11.777272727272726,11.64,11.80777777777778,9.895833333333334,410.22222222222223,856.6944444444445,1.7540000000000002,2.2895,1.6201249999999998,415.0496104918033,2,2025-05,20,True,False,465.0,0.61,0.39,3824575.7377049183,1491584.537704918,693.5868100327868,1306.4062090586813,0.5599704829828253,1095.379738921676,753.8097128063147,341.57002611536143,31.182795698924735,0.7288464330941324,73.57689689742507,0.7288464330941324,0.8939232165470662,76.93957223175886,1.5141784647530598,1716.9110012831088,PostChange,0,1,788.1496272599442,0.3378279469120775,0.12330774351359122,0.09578032915612253,99.78298611111113,89.95585868422356,4688.75,223.8256374217212,628.8326934930187,0.9,Sulfide Super Grade,0.07749065675313793,2.0774999999999997,1.8863699999999999,0.013088249999999997,0.05089874999999999,0.10553699999999998,0.019528499999999997,0.0029084999999999996,0.17887275,0.64,>80%,1.8994582499999997,0.17804175
2025-05-14,130.15323282054703,2369.8734476074605,51.375,2.115,2.3200000000000003,2.2175000000000002,2.21,2.37,2.29,410.0,270.0,0.0,0.42238131935813517,0.0,4122.933204336496,270.0,462.32090617299264,13.461736334405145,21.019796355841372,65.51846730975349,410.0,270,290,255,245,275,280,270.0,300,280,270,19.72,10.63,8.07,8.0,8.19,8.02,8.32,8.18,8.27,8.32,7.68,12.75,9.4375,9.3125,9.625,9.25,9.9375,12.3125,9.1875,17.0,998.5,533.0,482.5,361.5,305.0,284.5,189.5,142.0,98.0,1490.5,1058.0,930.5,808.5,805.5,690.0,590.5,489.0,449.5,1.804,2.179,1.789,1.299,1.136,1.072,0.962,0.37,0.19,0.056,0.002,2.531,2.62,2.458,1.995,1.903,1.781,1.534,1.343,1.036,0.749,637.8895504003286,486.01108601929803,112.31412440977213,102.63187230548144,91.01316978033259,83.26736809690003,65.83931430917677,60.02996304660235,54.22061178402793,52.284161363169794,48.41126052145351,1799.6636999999998,11.575,11.434999999999999,11.875,11.715,11.36,11.485,11.649999999999999,11.594999999999999,11.36,11.575,11.56,1523.7363990966953,1566.1422705809898,327.88722952165887,238.08021864093618,208.20564155204272,196.47574625333613,176.31498870868407,67.81345719564773,34.823126668035314,10.263658386368304,0.3665592280845823,-687.6040724261577,1793.9124820365432,9354.953906249999,0.0,0.0,19.72,3660.612298163503,43.040272932284864,2.2175000000000002,2.29,2369.8734476074605,88.78660208012286,285.90909090909093,340.0,273.8888888888889,10.26,16.69,8.116666666666667,11.562272727272727,11.504999999999999,11.575000000000001,10.979166666666666,377.1666666666667,812.4444444444445,1.6782,1.9914999999999998,1.5998750000000002,399.91257465566474,2,2025-05,20,True,False,410.0,0.51375,0.48624999999999996,3502995.0364963496,1703331.33649635,698.3658479635035,1315.4077712794506,0.7309186551239827,971.6481135190588,639.8658308540143,331.7822826650445,34.146341463414636,0.6551846730975349,79.96454314040729,0.6551846730975349,0.8653826366559485,93.05920846321058,1.452872012593784,1552.7047600532221,PostChange,0,1,793.5802336516333,0.440960293665774,0.11213397919877142,0.09944376483440541,112.64625,95.4418052273417,4206.6,184.89206362090812,593.1913593532613,0.9,Sulfide Super Grade,0.07588125281174814,2.2175000000000002,2.0134900000000004,0.013970250000000002,0.05432875000000001,0.11264900000000001,0.020844500000000002,0.0031045000000000005,0.19092675000000003,0.64,>80%,2.0274602500000003,0.19003974999999995
2025-05-15,120.0173625,2880.4167,50.0,2.6550000000000002,2.25,2.4525,2.36,2.29,2.325,315.0,270.0,0.0,0.39653344811530655,0.0,4890.130141050001,240.0,558.0612733500001,12.961522633744856,19.56728395061728,67.47119341563786,315.0,270,260,245,265,230,250,240.0,230,220,230,19.87,10.27,8.54,8.06,8.17,8.02,8.49,8.35,8.28,8.13,8.0,12.625,10.625,10.25,10.75,10.5,10.375,13.75,11.125,15.375,873.5,520.5,456.0,345.5,288.0,275.0,219.0,185.5,169.0,1509.5,1160.0,1008.5,890.5,837.25,727.25,645.0,481.0,437.75,2.12,1.751,1.43,1.104,0.905,0.682,0.172,0.108,0.019,0.007,0.006,0.655,1.995,2.193,1.962,1.779,1.412,1.248,1.143,0.798,0.642,408.64864864864865,313.78378378378375,96.76216216216216,93.04054054054053,85.59729729729729,76.29324324324324,66.98918918918918,61.40675675675676,55.824324324324316,52.1027027027027,50.24189189189189,2101.9257000000002,11.01,11.34,11.575,11.59,11.25,11.26,11.45,11.425,11.27,11.41,11.2965,426.8918918918918,1277.7567567567567,266.0959459459459,205.4335135135135,168.40337837837836,126.90729729729729,32.00594594594594,20.096756756756754,3.53554054054054,1.3025675675675674,1.1164864864864865,1800.7799907129236,1360.6905405405403,9816.6871875,0.0,0.0,19.87,4332.068867700001,35.41154305903031,2.4525,2.325,2880.4167,88.58800773694391,250.45454545454547,292.5,241.11111111111111,10.337499999999999,16.67,8.226666666666667,11.35240909090909,11.175,11.39183333333333,11.708333333333334,370.22222222222223,855.1944444444445,1.5048,1.9355,1.397125,438.66275478260883,2,2025-05,20,True,False,315.0,0.5,0.5,4203851.4,2101925.7,662.1065955,1247.1116158898924,0.5933186010760952,907.3312605000001,691.300008,216.03125250000005,23.809523809523814,0.6747119341563785,78.43145576131687,0.6747119341563785,0.8703847736625514,90.01834968505844,1.6547310185185184,1943.4515228333332,PostChange,0,1,752.3774369714549,0.35794673283239975,0.11411992263056092,0.0644154635795365,121.03489583333332,86.84680935227183,3256.3124999999995,128.43984326261665,508.50419198694084,0.9,Sulfide Super Grade,0.0759677061739196,2.4525,2.2268700000000003,0.015450750000000001,0.06008625000000001,0.124587,0.0230535,0.0034335000000000004,0.21116025000000002,0.64,>80%,2.24232075,0.21017924999999993
2025-05-16,132.70356574074077,3184.8855777777785,51.416666666666664,2.2,1.99,2.095,2.19,2.13,2.16,275.0,290.0,0.0,0.3704192423614796,0.0,5234.9689956,170.0,645.1237857,19.971074249605056,13.124881516587676,66.90404423380727,275.0,290,300,345,385,430,495,515.0,480,395,300,20.12,9.87,8.15,8.03,8.44,7.98,8.58,8.63,8.41,8.39,8.02,11.8125,8.6875,9.0,10.125,12.25,12.625,10.4375,9.0625,12.8125,943.0,594.0,466.0,367.0,309.0,271.5,251.0,203.5,188.0,1528.5,1262.0,1086.5,972.5,869.0,764.5,699.5,473.0,426.0,0.585,2.095,1.58,1.183,1.047,0.959,0.753,0.257,0.079,0.022,0.006,2.454,2.69,2.473,2.19,1.979,1.854,1.552,1.323,1.284,0.988,494.1969786865045,463.78485692118113,106.632501939665,98.87741088950754,85.306001551732,75.61213773903518,67.85704668887772,62.040728401259635,56.22441011364153,54.28563735110218,52.346864588562816,2421.4782,11.085,11.325,11.465,11.385,11.370000000000001,11.265,11.434999999999999,11.425,11.315,11.425,11.455,1333.3620555885173,1505.0611564967369,289.44589019214095,216.71803044133082,191.8037006526402,175.6826637305463,137.9447818447355,47.080755556569756,14.472294509607046,4.030259230523481,1.0991616083245859,672.5613660558882,1617.1645748710694,9765.264843750001,0.0,0.0,20.12,4589.845209900001,32.02626829412486,2.095,2.16,3184.8855777777785,87.67664553042765,382.72727272727275,282.5,405.0,10.395,16.703333333333333,8.292222222222223,11.35909090909091,11.205,11.393333333333333,10.756944444444445,399.22222222222223,897.9444444444445,1.6323,1.34,1.705375,338.2322660869566,2,2025-05,20,False,True,290.0,0.5141666666666667,0.48583333333333334,4709520.0,2288041.8,663.532122,1249.7966679177555,0.516129638465362,923.6168175555557,541.4305482222223,382.18626933333337,41.37931034482759,0.6690404423380727,83.16689375987362,0.6690404423380727,0.8002892575039495,112.36225708800498,1.4016397266982625,2130.817255752593,PostChange,0,1,753.9973180928548,0.3113789412156817,0.12323354469572362,0.05539669867075535,111.8184375,67.09503207619159,3014.5499999999997,138.42416026653808,596.5588077945954,0.9,Sulfide Super Grade,0.07308935192021082,2.095,1.9022600000000003,0.013198500000000002,0.051327500000000005,0.106426,0.019693000000000002,0.0029330000000000003,0.1803795,0.64,>80%,1.9154585000000002,0.17954150000000002
2025-05-17,138.6621635547284,3164.9638831366756,51.36363636363637,2.0700000000000003,2.06,2.0650000000000004,1.9,2.15,2.025,290.0,285.0,0.9447847993532013,0.4056488405921751,2.27,4866.531232997123,280.0,565.7634784971237,12.892709083633452,20.735870348139258,66.3714205682273,290.0,285,265,290,265,270,300,290.0,295,280,275,,0.0,0.0,0.0,0.0,0.0,0.0,0.0,0.0,0.0,0.0,12.5,10.75,12.375,8.75,9.5,13.375,15.5,11.5,14.6875,821.5,791.0,582.5,452.5,350.0,286.0,267.5,190.5,149.5,1386.0,1180.75,930.75,867.75,753.0,658.5,661.75,523.75,419.0,1.856,2.139,1.804,1.451,1.109,0.962,0.841,0.546,0.333,0.075,0.005,1.956,2.027,1.856,1.491,1.357,1.235,0.958,0.871,0.756,0.564,508.6265240109481,402.3463548146306,114.21322468275692,104.53413784523515,92.91923364020901,83.24014680268725,73.56105996516547,67.7536078626524,60.01033839263499,52.267068922617575,48.39543418760886,2402.6635499999998,11.205,11.4,11.469999999999999,11.5,11.28,11.315000000000001,11.3,11.27,11.23,11.25,11.285,1428.3262005474,1537.589201293854,330.67872107489427,265.9727407315253,203.28309405324708,176.33754416521523,154.15787384921623,100.08347101268974,61.03991913411297,13.747729534710128,0.9165153023140086,28.76672425106881,1607.8671311271464,11633.82515625,2.27,2270.0,20.560000000000002,4300.767754499999,32.22785591439725,2.0650000000000004,2.025,3164.9638831366756,88.374399517648,282.27272727272725,287.5,281.1111111111111,20.560000000000002,20.560000000000002,,11.318636363636365,11.3025,11.322222222222221,12.104166666666666,432.3333333333333,820.1388888888889,1.3083000000000002,1.9975,1.1360000000000001,553.9345899038091,2,2025-05,20,False,True,285.0,0.5136363636363637,0.48636363636363633,4677752.0442477865,2275088.4942477867,648.4002208606192,1221.2949586617583,0.5083087720133592,902.0147066939526,886.1898872782692,15.82481941568335,1.7543859649122775,0.6637142056822729,79.07580532212886,0.6637142056822729,0.8710729091636655,91.07790993023015,1.3705698347338937,2100.6314897091406,PostChange,0,1,736.802351190048,0.30666064384672087,0.11625600482351989,0.05856327358336477,248.86166666666668,66.55052246323034,5859.6,138.0138594970484,591.4232660673595,0.9,Sulfide Super Grade,0.07566353671761906,2.0650000000000004,1.8750200000000004,0.013009500000000002,0.05059250000000001,0.10490200000000001,0.019411000000000005,0.0028910000000000003,0.17779650000000005,0.64,>80%,1.8880295000000005,0.17697049999999992
2025-05-18,135.59685689434025,3254.324565464166,51.333333333333336,2.745,2.535,2.64,2.85,2.11,2.48,225.0,225.0,0.0,0.38160276682707117,0.0,6122.672108875325,180.0,630.5986988753247,11.82047040376323,20.88125049000392,67.29827910623285,225.0,225,215,205,215,230,215,190.0,215,220,200,21.0,10.71,9.79,9.16,9.11,8.48,8.73,9.02,9.0,8.89,8.51,12.875,9.625,8.875,8.625,8.4375,12.3125,12.6875,11.0,13.75,791.0,589.5,448.0,338.5,262.0,288.0,258.5,215.5,202.0,1386.0,1180.75,930.75,867.75,753.0,658.5,661.75,523.75,419.0,1.987,2.609,2.021,1.816,1.379,1.142,1.035,0.957,0.097,0.062,0.007,2.952,3.463,3.03,2.894,2.442,2.065,1.824,1.674,1.206,0.954,568.8617292958774,356.4866836920831,106.37714337832907,98.64062385990513,90.90410434148119,81.23345494345128,73.49693542502735,61.892156147391454,56.0897665085735,50.287376869755555,48.35324699014957,2468.3476,11.905000000000001,11.725,11.870000000000001,12.065000000000001,11.625,11.69,11.905000000000001,11.85,11.615,11.969999999999999,11.485,1640.222911346224,1876.0813571689164,370.5817967894928,332.9918569865012,252.861107260124,209.4034695366654,189.78335461510392,175.48084093396565,17.78645932141554,11.368664720904777,1.2835589201021522,414.34831808794877,1592.6232214520246,9419.182031250002,0.0,0.0,21.0,5492.07341,31.34290939584008,2.64,2.48,3254.324565464166,89.70059660779124,214.0909090909091,225.0,211.66666666666666,11.116666666666667,17.57,8.965555555555557,11.791363636363634,11.815000000000001,11.78611111111111,10.909722222222221,377.0,820.1388888888889,2.0685,2.298,2.011125,366.2799261885942,2,2025-05,20,False,True,225.0,0.5133333333333333,0.4866666666666667,4808469.350649351,2340121.750649351,526.5273938961041,991.7412596021545,0.40178346826117783,732.2230272294374,585.7784217835498,146.44460544588765,20.00000000000002,0.6729827910623285,77.82636956095648,0.6729827910623285,0.8817952959623677,88.01772102875138,1.7766745684045473,2190.104429088774,PostChange,0,1,598.3135250535507,0.24239435525756206,0.10299403392208757,0.036748660715285354,121.27974537037036,82.74528080501781,2501.25,85.22694989791705,375.65814508359983,0.9,Sulfide Super Grade,0.07581639336131263,2.64,2.39712,0.016632,0.06468,0.134112,0.024816,0.003696,0.22730400000000003,0.64,>80%,2.413752,0.226248
2025-05-19,139.8382586841617,3274.54589085412,51.041666666666664,2.15,1.915,2.0324999999999998,2.0,2.18,2.09,220.0,220.0,0.9216812895937228,0.4117629080875103,2.27,5150.9844823918365,150.0,657.3906845224491,14.82126592356688,22.973093152866245,62.20564092356688,220.0,220,215,210,210,220,200,210.0,195,190,175,,0.0,0.0,0.0,0.0,0.0,0.0,0.0,0.0,0.0,0.0,12.375,12.0625,10.1875,7.8125,9.875,7.875,11.0625,10.5,16.3125,866.0,706.5,449.5,397.5,344.5,321.5,272.0,261.5,209.5,1243.5,1099.5,775.0,763.0,637.0,552.5,624.0,574.5,412.0,2.281,2.369,1.768,1.334,0.797,0.423,0.137,0.097,0.076,0.029,0.008,2.721,2.214,2.097,1.621,1.595,1.49,1.265,0.923,0.805,0.513,549.0562819783968,458.8004548038658,93.97888004548038,84.38919840818647,67.12777146105742,63.291898806139855,57.5380898237635,53.70221716884594,51.78428084138716,49.86634451392837,49.86634451392837,2462.8904,11.425,11.344999999999999,11.545,11.575,11.205,11.17,11.615,11.344999999999999,11.2,11.525,11.364999999999998,1660.737919272314,1709.073905628198,325.2506878908471,245.40973848777716,146.62036100056852,77.8173308698124,25.203249005116547,17.844636156907335,13.981364411597498,5.334994314951677,1.4717225696418421,266.4780626385765,1579.4017623649802,10717.554375,2.27,2270.0,20.55,4493.593797869387,31.149357315433654,2.0324999999999998,2.09,3274.54589085412,87.23757202589762,205.9090909090909,220.0,202.77777777777777,20.55,20.55,,11.392272727272728,11.385,11.393888888888888,10.895833333333334,425.3888888888889,742.3333333333334,1.4959,2.325,1.288625,308.1344688553683,2,2025-05,21,False,True,220.0,0.5104166666666666,0.48958333333333337,4825254.661224491,2362364.2612244906,519.720137469388,978.9194441727403,0.3974677249839214,720.4000959879064,491.18188362811804,229.21821235978837,31.818181818181813,0.6220564092356687,82.88476562499999,0.6220564092356687,0.8517873407643312,98.41087070324761,1.2643296517714966,2036.952258742128,PostChange,0,1,590.5781752202321,0.23979068464444542,0.12762427974102392,0.0427102820348323,223.909375,63.3110687436189,4521.0,108.24054986199332,481.6308132175194,0.9,Sulfide Super Grade,0.0745426515011299,2.0324999999999998,1.8455099999999998,0.012804749999999998,0.04979624999999999,0.10325099999999998,0.019105499999999997,0.0028454999999999995,0.17499824999999997,0.64,>80%,1.8583147499999997,0.17418525000000007
2025-05-20,132.68575726147756,3184.4581742754613,50.958333333333336,1.93,2.165,2.0475,1.95,2.27,2.11,215.0,205.0,0.0,0.39060126923537963,0.0,5046.179731626328,130.0,612.7398180947465,12.342843256379101,20.19648845686513,67.46066828675578,215.0,205,205,180,190,185,185,165.0,150,160,145,20.1,11.25,9.46,8.96,8.94,8.48,8.88,8.81,8.77,8.7,7.95,9.625,8.0625,7.25,8.75,5.25,14.25,10.25,6.875,14.8125,996.0,663.5,625.0,516.5,452.5,406.5,329.0,251.0,203.5,1267.25,1119.25,841.0,796.25,716.5,605.0,569.75,553.0,445.75,2.302,1.428,1.577,1.151,1.063,0.969,0.683,0.118,0.027,0.004,0.001,2.601,1.847,2.494,2.059,2.116,2.068,1.612,1.312,0.826,0.773,457.6975164170965,390.16837465063963,120.53951805312549,101.40626121929606,91.83963280238133,82.2730043854666,76.53302733531778,66.96639891840304,63.139747551637164,57.39977050148833,51.6597934513395,2389.37475,10.71,11.075,11.36,11.115,10.855,10.91,10.879999999999999,11.05,10.875,11.115,10.66,1392.9353314094842,1031.1620804835372,290.3826073075961,211.94063475652706,195.73665920607144,178.42786714081208,125.76494660183144,21.728058124474536,4.9716743166170545,0.7365443432025267,0.18413608580063168,978.8749193430864,1559.6230452861912,10268.1009375,0.0,0.0,20.1,4433.439913531582,32.03056671429116,2.0475,2.11,3184.4581742754613,87.85735247885697,180.45454545454547,210.0,173.88888888888889,10.866666666666667,17.150000000000002,8.772222222222222,10.96409090909091,10.8925,10.979999999999997,9.458333333333334,493.72222222222223,768.1944444444445,1.6990000000000003,1.865,1.6575,259.94399409683956,2,2025-05,21,False,True,205.0,0.5095833333333334,0.4904166666666666,4688879.31316435,2299504.5631643496,471.39843544869166,887.9030484758024,0.37160476751325944,652.8139257264696,413.97956265580996,238.83436307065966,36.585365853658544,0.6746066828675578,78.05135935601459,0.6746066828675578,0.876571567436209,88.80418290296245,1.3812571831713245,2148.256765678448,PostChange,0,1,535.6683486703622,0.22418766611238453,0.12142647521143034,0.040624791605258725,102.78055555555557,65.58258534751116,2227.666666666667,100.12161112766238,433.6501645783427,0.9,Sulfide Super Grade,0.07565847706948907,2.0475,1.85913,0.01289925,0.05016375,0.104013,0.0192465,0.0028664999999999997,0.17628975,0.64,>80%,1.87202925,0.1754707499999999
2025-05-21,137.49792003185985,3299.9500807646364,51.666666666666664,2.9,2.83,2.865,2.5,2.42,2.46,250.0,210.0,0.0,0.37046505950784225,0.0,6221.254288309678,150.0,700.8469003870969,16.624664634146338,21.11856707317073,62.25676829268293,250.0,210,195,180,170,175,155,160.0,155,155,155,,0.0,0.0,0.0,0.0,0.0,0.0,0.0,0.0,0.0,0.0,10.6875,6.8125,10.875,8.8125,7.1875,8.8125,8.1875,8.0,13.6875,898.5,866.0,631.0,585.5,411.0,353.0,261.5,213.5,149.5,1291.0,1139.0,907.0,829.5,796.0,657.5,515.5,531.5,479.5,1.929,2.017,2.475,2.053,1.578,1.281,0.688,0.119,0.092,0.033,0.01,2.957,3.431,3.274,2.823,2.389,2.041,1.542,1.187,1.005,0.707,574.3366880146385,520.7319304666056,130.83389752973468,115.2119396157365,107.40096065873742,95.68449222323879,85.92076852698993,66.39332113449223,60.535086916742905,54.6768526989936,52.724107959743826,2527.0432,10.985,11.254999999999999,11.545,11.64,11.2,11.195,11.66,11.68,11.23,11.715,11.73,1420.575480329369,1444.932296431839,452.1233989021043,375.03407593778593,288.2629185727356,234.00811070448307,125.68117108874657,21.738458371454712,16.806203110704484,6.028311985361391,1.82676120768527,1135.1003420887766,1864.450045745654,10068.515625,0.0,0.0,20.885,5520.407387922581,30.909558479249917,2.865,2.46,3299.9500807646364,88.73463665190387,178.1818181818182,230.0,166.66666666666666,20.885,20.885,,11.439545454545454,11.12,11.510555555555559,9.229166666666666,485.5,794.0555555555555,1.8913999999999997,1.9729999999999999,1.871,308.348889761571,2,2025-05,21,True,False,250.0,0.5166666666666666,0.4833333333333334,4891051.35483871,2364008.15483871,591.0020387096775,1113.1825486995117,0.4405079219458978,824.9875201911591,494.99251211469544,329.99500807646365,40.0,0.6225676829268293,83.97993521341463,0.6225676829268293,0.8337533536585365,102.51075879651621,1.7836564115853661,2054.442275555843,PostChange,0,1,671.5785677886239,0.26575666288119804,0.11265363348096126,0.0401848226120211,192.75114583333334,88.55588504305102,5221.25,87.25973033252937,388.5440360415885,0.9,Sulfide Super Grade,0.0741324089234641,2.865,2.60142,0.018049500000000003,0.0701925,0.145542,0.026931000000000004,0.004011000000000001,0.24667650000000002,0.64,>80%,2.6194695,0.2455305000000001
2025-05-22,145.3262942153891,2693.380652791878,51.391304347826086,2.7750000000000004,3.0300000000000002,2.9025000000000003,2.43,3.07,2.75,225.0,285.0,1.1093234876231264,0.4000723784393076,2.27,5629.239044652792,220.0,585.128771652792,19.15725555030704,20.596041568256968,60.24670288143599,225.0,285,290,250,235,245,245,260.0,240,235,215,21.67,8.96,8.26,8.23,8.15,7.87,8.12,8.23,8.11,7.74,5.53,13.25,9.0,7.5625,9.9375,9.75,9.25,10.0,9.125,15.125,993.0,763.5,671.5,516.5,415.0,316.0,252.0,183.5,151.5,1356.25,1201.25,944.75,848.25,811.5,642.0,555.0,534.75,501.0,1.983,2.475,1.638,1.51,1.128,0.811,0.227,0.088,0.018,0.001,0.001,3.123,3.318,2.713,2.534,2.387,1.991,1.872,1.532,0.727,0.699,691.3712326810455,759.7486073418082,118.17889587201827,108.49210112841023,102.6800242822454,94.93058848735895,91.05587058991571,81.36907584630767,69.744922153978,61.99548635909156,56.183409512926715,2046.2921999999999,10.82,10.995000000000001,11.075,11.370000000000001,11.01,11.075,11.07,11.035,11.035,11.015,11.015,1656.3998000285678,1778.5637766033428,300.15689044422226,276.70140694186546,206.70144836451936,148.61247750321385,41.596834023710905,16.125644907870306,3.2984273675189257,0.18324596486216257,0.18324596486216257,615.7875935452879,2235.7502142551057,11142.1771875,2.27,2270.0,21.67,5044.110272999999,37.87062177574857,2.9025000000000003,2.75,2693.380652791878,89.60554407067497,247.72727272727272,255.0,246.11111111111111,10.211666666666668,17.433333333333334,7.804444444444446,11.046818181818182,10.9075,11.077777777777778,10.333333333333334,473.6111111111111,821.6388888888889,1.8913000000000004,2.229,1.806875,370.2685422732289,2,2025-05,21,False,True,285.0,0.5139130434782608,0.48608695652173917,3981786.8527918784,1935494.6527918784,551.6159760456854,1038.9968864719078,0.5077461012029014,767.6134860456852,592.5437436142132,175.06974243147204,22.807017543859644,0.60246702881436,86.8190954180444,0.60246702881436,0.8084274444969296,109.94263828895217,1.7486605511336801,1622.6730393536043,PostChange,0,1,626.8226552498679,0.3063211868030714,0.10394455929325035,0.050628512617655,105.52055555555557,109.91947970411023,2910.3250000000003,98.1908761726919,357.96496359079134,0.9,Sulfide Super Grade,0.07336653950779469,2.9025000000000003,2.63547,0.018285750000000003,0.07111125000000001,0.14744700000000002,0.027283500000000002,0.0040635,0.24990525000000002,0.64,>80%,2.65375575,0.2487442500000001
2025-05-23,140.63186144974256,3375.1646747938216,51.458333333333336,3.9899999999999998,2.585,3.2874999999999996,3.11,2.67,2.8899999999999997,370.0,315.0,0.0,0.3809081024607856,0.0,7428.693338234413,230.0,762.7683393125508,18.528387096774196,20.876901725431356,60.59471117779445,370.0,315,260,250,250,255,245,245.0,240,260,210,,0.0,0.0,0.0,0.0,0.0,0.0,0.0,0.0,0.0,0.0,13.125,11.8125,8.9375,9.875,9.5,10.5,11.25,10.3125,19.1875,1099.0,822.5,511.5,469.5,398.0,243.0,183.5,164.0,143.5,1421.5,1263.5,982.5,867.0,827.0,626.5,594.5,538.0,522.5,2.305,2.378,1.515,0.858,0.636,0.772,0.622,0.361,0.068,0.032,0.009,2.789,3.75,2.665,2.343,2.101,1.01,1.297,1.568,0.735,0.592,692.7051706426209,624.1958680515924,157.22884944641027,131.9945896587148,122.28910512498577,87.34936080356127,79.58497317657803,69.87948864284901,64.05619792261159,58.23290720237417,54.35071338888257,2569.2242,11.489999999999998,11.4,11.48,11.41,11.27,11.265,11.45,11.43,11.285,11.375,11.34,1257.3383175436595,1707.5674009816235,277.4078957881521,157.1062538523,116.45638397443216,141.35900696267552,113.89287866681887,66.10181543202832,12.45131149412168,5.859440703116084,1.6479676977513984,2810.3190318703505,2141.8672240611804,11778.330468749999,0.0,0.0,21.635,6665.924998921862,30.220747675439235,3.2874999999999996,2.8899999999999997,3375.1646747938216,89.73213316820211,263.6363636363636,342.5,246.11111111111111,21.635,21.635,,11.381363636363636,11.445,11.367222222222223,11.61111111111111,448.27777777777777,849.2222222222222,1.6993999999999996,2.3415,1.538875,484.7200312550607,2,2025-05,21,True,False,370.0,0.5145833333333334,0.4854166666666666,4992824.356275303,2423600.156275303,896.7320578218621,1689.0406669427157,0.6574127189611229,1248.810929673714,776.287875202579,472.5230544711351,37.83783783783784,0.6059471117779445,86.20854744936234,0.6059471117779445,0.814716129032258,108.09437469882941,1.9920511299699921,2045.1712864662613,PostChange,0,1,1018.9914613441592,0.39661445713618887,0.10267866831797891,0.04980687493124307,251.2063888888889,99.35070798300647,8004.950000000001,112.54718616825501,513.7750659139336,0.9,Sulfide Super Grade,0.07389996375653654,3.2874999999999996,2.9850499999999998,0.020711249999999997,0.08054375,0.167005,0.0309025,0.0046025,0.28305375,0.64,>80%,3.0057612499999995,0.28173875000000015
2025-05-24,140.17774224649406,3364.2658139158575,51.5,3.0,2.5149999999999997,2.7575,2.29,2.56,2.425,280.0,230.0,0.885336621949367,0.4039219177615491,2.27,6223.728106201455,200.0,777.6501811820389,19.198048780487806,19.385853658536583,61.416097560975615,280.0,230,220,220,230,215,235,225.0,235,215,190,21.6,9.25,8.28,8.17,8.25,8.06,8.34,8.32,8.28,8.29,7.74,14.4375,11.0,9.5625,9.75,10.375,8.75,8.5,9.5,16.6875,981.5,773.5,598.0,397.0,319.0,290.5,226.0,191.0,163.5,1566.5,1214.25,971.25,818.5,777.75,645.75,535.75,485.5,446.25,1.751,2.543,1.833,1.41,1.056,0.81,0.373,0.131,0.068,0.033,0.01,3.218,3.076,2.903,2.689,2.333,1.935,1.926,1.743,1.529,1.23,525.8673609208001,571.5949575226089,110.7751027678816,93.28429706768978,87.45402850095917,79.68033707865168,73.85006851192108,68.01979994519046,66.0763770896136,64.13295423403673,64.13295423403673,2563.9964999999997,11.4,11.31,11.2,11.190000000000001,11.16,11.12,11.175,11.165,11.14,11.1,11.17,1895.5272677445873,1825.1896409975334,335.47818169361466,258.06013976431893,193.27057275966018,148.2473143326939,68.26697314332694,23.975800219238145,12.445453548917511,6.039705398739381,1.8302137571937516,680.9073698967206,1804.86823787339,11368.7765625,2.27,2270.0,21.6,5446.077925019416,30.318650677984472,2.7575,2.425,3364.2658139158575,87.50507464477487,226.8181818181818,255.0,220.55555555555554,10.514999999999999,17.483333333333334,8.192222222222222,11.193636363636363,11.355,11.157777777777776,10.95138888888889,437.77777777777777,829.0555555555555,2.0582000000000003,2.1470000000000002,2.036,419.9369531447868,2,2025-05,21,True,False,280.0,0.515,0.485,4978633.980582523,2414637.4805825236,676.0984945631067,1273.4660729645602,0.4966723133064185,941.9944278964401,672.8531627831716,269.14126511326856,28.571428571428566,0.614160975609756,86.11371951219512,0.614160975609756,0.8080195121951219,109.91450894542163,1.6935488902439022,2066.200774485113,PostChange,0,1,768.2769752437081,0.29964041497081145,0.12494925355225137,0.044989111867049916,115.15385416666666,83.60367924454218,2944.2,101.5408828979768,461.81739067657423,0.9,Sulfide Super Grade,0.07334713772470655,2.7575,2.50381,0.01737225,0.06755875,0.14008099999999998,0.0259205,0.0038604999999999998,0.23742074999999996,0.64,>80%,2.52118225,0.23631775
2025-05-25,138.54959678291428,3325.1903227899425,51.375,2.73,2.8049999999999997,2.7675,2.91,2.59,2.75,250.0,270.0,0.0,0.38655336124661266,0.0,6950.065898029196,230.0,786.3733788175183,19.22427697016067,20.931935730680948,59.84378729915837,250.0,270,245,235,210,220,210,220.0,195,220,210,,0.0,0.0,0.0,0.0,0.0,0.0,0.0,0.0,0.0,0.0,13.6875,10.6875,11.25,10.875,10.875,10.625,8.6875,6.375,11.875,1191.0,748.0,592.0,440.0,306.0,247.0,227.5,188.5,162.5,1566.5,1214.25,971.25,818.5,777.75,645.75,535.75,485.5,446.25,2.641,2.961,2.316,1.467,1.072,0.874,0.361,0.139,0.06,0.023,0.009,3.823,3.921,3.781,2.748,2.467,2.088,1.706,1.289,1.165,1.086,554.3563949907618,668.2652432765348,118.12347567234656,108.44122356805586,98.75897146376515,91.01316978033259,81.33091767604189,77.45801683432562,73.58511599260933,69.71221515089304,67.77576473003491,2525.124,10.98,11.575,11.645,11.665,11.629999999999999,11.605,11.615,11.594999999999999,11.55,11.61,11.605,2093.7000615889965,2128.1997536440163,424.47558612194626,268.8711938000411,196.47574625333613,160.18638267296245,66.1639406692671,25.475866351878473,10.996776842537468,4.215431122972697,1.6495165263806202,781.5652593353077,2008.820509135702,11934.24703125,0.0,0.0,21.3,6163.692519211678,30.674935897930403,2.7675,2.75,3325.1903227899425,88.68538240708614,225.9090909090909,260.0,218.33333333333334,21.3,21.3,,11.552272727272728,11.2775,11.613333333333333,10.54861111111111,455.8333333333333,829.0555555555555,2.1932,2.801,2.04125,477.99184233576636,2,2025-05,21,False,True,270.0,0.51375,0.48624999999999996,4915083.211678832,2389959.211678832,645.2889871532846,1215.434790944753,0.48133667532554963,897.8013871532845,764.7937742416868,133.00761291159768,14.814814814814811,0.5984378729915837,87.11280604437643,0.5984378729915837,0.8077572302983933,110.18379331998929,1.6561768135042079,1989.9198240626108,PostChange,0,1,733.2669355055448,0.2903884860725829,0.11314617592913863,0.0388485525117917,224.68541666666667,84.8928850975224,5751.0,97.56062308717945,439.17990935705853,0.9,Sulfide Super Grade,0.07328275623116372,2.7675,2.51289,0.01743525,0.06780375000000001,0.140589,0.026014500000000003,0.0038745,0.23828175000000001,0.64,>80%,2.53032525,0.23717474999999988
2025-05-26,141.09281843734973,3386.2276424963934,51.333333333333336,3.55,2.475,3.0125,2.88,2.69,2.785,325.0,265.0,0.8838208705343563,0.4073908013633701,2.27,7157.8465351461045,220.0,856.0923349431818,15.826761726078798,20.194195121951218,63.97904315196999,325.0,265,225,235,230,230,225,215.0,215,210,210,21.0,9.32,8.42,8.23,8.34,8.02,8.21,8.35,8.28,8.32,7.92,13.8125,9.75,11.6875,10.3125,10.5,9.3125,9.375,8.75,16.5625,1216.0,791.0,532.0,387.5,337.0,287.5,160.5,153.5,138.5,1711.5,1165.0,960.0,770.0,728.5,665.0,477.0,433.0,370.0,2.913,3.07,2.042,1.54,1.01,0.763,0.282,0.111,0.055,0.018,0.008,4.262,4.054,3.459,2.738,2.286,1.794,1.658,1.31,1.237,0.873,652.2947829259393,591.6161984677125,129.58670193360086,112.179533017147,104.44301349872308,102.5088836191171,96.70649398029914,87.03584458226923,81.23345494345128,77.36519518423933,71.56280554542137,2568.39375,12.125,11.645,11.54,11.55,11.415,11.379999999999999,11.485,11.58,11.425,11.594999999999999,11.504999999999999,2280.923750456038,2207.5775264502004,374.4324735497992,282.3829624224735,185.1992156147391,139.90792229113458,51.709087924115266,20.353577161619842,10.085105800802625,3.300580080262677,1.4669244801167454,748.6441861267137,2106.53290769792,11750.312343750003,2.27,2270.0,21.0,6301.754200202923,30.12201504704616,3.0125,2.785,3386.2276424963934,88.03980595644738,235.0,295.0,221.66666666666666,10.450833333333332,17.106666666666666,8.232222222222223,11.567727272727272,11.885,11.49722222222222,11.118055555555555,444.8333333333333,808.8888888888889,2.1338000000000004,2.9915,1.919375,465.8204813664598,2,2025-05,22,True,False,325.0,0.5133333333333333,0.4866666666666667,5003364.448051948,2434970.698051948,791.3654768668831,1490.5773259510354,0.5803538985994788,1100.523983811328,744.9700813492066,355.5539024621214,32.307692307692314,0.6397904315196998,82.404824108818,0.6397904315196998,0.841732382739212,99.58404120367472,1.9273686749530958,2166.4760446167033,PostChange,0,1,899.2593235582694,0.35012517981647845,0.11960194043552616,0.045404717522819334,116.19294560185183,90.74257032922655,3396.520833333333,107.88345930801889,494.7958101221358,0.9,Sulfide Super Grade,0.07477683886736297,3.0125,2.7353500000000004,0.018978750000000003,0.07380625,0.153035,0.028317500000000002,0.0042175,0.25937625,0.64,>80%,2.75432875,0.2581712500000002
2025-05-27,140.915304136253,3311.5096472019454,51.375,2.0549999999999997,2.175,2.1149999999999998,2.21,1.98,2.0949999999999998,315.0,370.0,0.0,0.39133494289902077,0.0,5271.9400144708015,190.0,857.3900263138684,15.382214559386973,21.08454406130268,63.53324137931035,315.0,370,360,345,310,305,290,260.0,260,255,230,21.5,9.79,8.47,8.23,8.22,8.07,8.29,8.37,8.29,8.15,7.67,12.4375,10.1875,10.5,11.4375,15.25,8.9375,8.8125,10.4375,17.3125,1160.0,690.5,573.0,466.5,341.0,233.5,178.5,164.5,151.0,1504.25,1072.75,884.5,767.25,645.25,578.25,471.5,430.5,370.0,3.172,2.475,1.826,1.49,1.414,1.249,0.946,0.316,0.119,0.027,0.007,2.753,3.068,2.863,2.58,2.044,1.883,1.607,1.154,1.182,1.086,569.5442414288649,501.1989324574011,127.80572777663727,118.12347567234656,112.31412440977213,106.50477314719772,96.82252104290701,87.14026893861632,85.20381851775817,81.33091767604189,71.6486655717512,2514.7349999999997,10.93,11.559999999999999,11.795000000000002,11.785,11.475000000000001,11.44,11.675,11.61,11.32,11.6,11.575,1689.0474235269971,1778.8903715869437,334.66857524122366,273.0866249230138,259.15737425579965,228.91623793882167,173.3825148840074,57.916358037364,21.810274071032644,4.9485495791418606,1.282957298296038,-409.16831849835285,1957.6374666392946,11731.37859375,0.0,0.0,21.5,4414.549988156933,30.801661739438003,2.1149999999999998,2.0949999999999998,3311.5096472019454,83.73672644300879,300.0,342.5,290.55555555555554,10.545833333333333,17.596666666666668,8.195555555555556,11.524090909090908,11.245,11.58611111111111,11.70138888888889,439.8333333333333,747.1388888888889,2.0045999999999995,2.8235,1.7998750000000001,393.23826055220565,2,2025-05,22,False,True,370.0,0.51375,0.48624999999999996,4894861.313868612,2380126.3138686125,880.6467361313867,1658.7431413450906,0.6596095180387161,1225.2585694647198,629.1868329683696,596.0717364963502,48.64864864864865,0.6353324137931035,82.4056082375479,0.6353324137931035,0.8461778544061304,98.81169878754861,1.3437280551724136,2103.9094174559605,PostChange,0,1,1000.7130856436391,0.39793977721057655,0.1626327355699121,0.07018289263238908,123.40089699074073,65.14551457891137,3901.958333333333,174.9400712053371,784.2720088061478,0.9,Sulfide Super Grade,0.07503419342398636,2.1149999999999998,1.9204199999999998,0.013324499999999998,0.051817499999999996,0.10744199999999998,0.019881,0.0029609999999999997,0.18210149999999997,0.64,>80%,1.9337444999999998,0.1812555
2025-05-28,145.37815273123854,3489.0756655497253,50.291666666666664,2.37,2.37,2.37,2.04,1.96,2.0,260.0,255.0,0.0,0.3761955740540994,0.0,5138.171232480365,270.0,593.1358504803645,11.266233133433284,18.61142803598201,70.12233883058471,260.0,255,265,260,275,255,260,265.0,250,295,275,,0.0,0.0,0.0,0.0,0.0,0.0,0.0,0.0,0.0,0.0,12.875,11.0,9.25,10.25,10.125,11.9375,9.5,12.0,15.5,868.5,642.0,544.5,367.0,341.5,284.0,209.0,181.5,150.0,1297.0,980.5,809.0,764.5,562.0,491.5,466.0,428.0,370.0,2.35,2.595,1.748,1.431,1.469,1.121,0.978,0.301,0.13,0.036,0.009,2.471,2.738,2.228,2.163,2.271,1.789,1.57,1.419,1.29,1.07,515.1712924279036,463.6541631851133,110.72502992254016,105.09494365529237,99.46485738804455,91.95807569838081,80.6979031638852,73.19112147422146,65.68433978455772,58.17755809489398,48.79408098281431,2567.8166,10.545,11.2,11.275,11.379999999999999,11.285,11.285,11.355,11.315,11.280000000000001,11.335,11.309999999999999,1801.0983491791064,1887.6616381743866,324.2413482080351,265.44014261195554,272.48886757299977,207.93738635080513,181.41192136582285,55.8333214019557,24.114059077256616,6.677739436778754,1.6694348591946886,-483.24709667595016,1712.6133657776477,10296.581249999997,0.0,0.0,21.45,4545.035382,29.23410375049269,2.37,2.0,3489.0756655497253,88.45628486005053,265.0,257.5,266.6666666666667,21.45,21.45,,11.233181818181817,10.872499999999999,11.313333333333333,11.381944444444445,398.6666666666667,685.3888888888889,1.8744999999999998,2.4725,1.725,595.8858866942834,2,2025-05,22,False,True,255.0,0.5029166666666667,0.4970833333333333,5105849.08036454,2538032.48036454,647.1982824929577,1219.0310463097562,0.4747344675276872,889.71429471518,942.0504296984259,-52.33613498324587,-5.882352941176469,0.701223388305847,75.71493393928036,0.701223388305847,0.8873376686656671,83.17068533886324,1.6618994302848573,2446.6214602522564,PostChange,0,1,735.4365419463325,0.2864054005828658,0.11543715139949477,0.049628552351086805,244.14270833333333,69.28482588866768,5469.75,107.59448272370157,514.3569209875723,0.9,Sulfide Super Grade,0.07655664310156773,2.37,2.1519600000000003,0.014931000000000002,0.058065000000000005,0.120396,0.022278000000000003,0.003318,0.204057,0.64,>80%,2.166891,0.20310899999999998
2025-05-29,143.07981796527082,3433.9156311664997,50.708333333333336,3.62,2.84,3.23,2.026,2.65,2.338,210.0,230.0,0.8874191524990721,0.39516615238151703,2.27,5983.042586816352,200.0,682.8375991327034,6.721402646502836,18.344317580340267,74.93427977315689,210.0,230,215,225,215,205,200,205.0,210,210,200,21.4,9.32,8.59,8.43,8.38,8.21,8.44,8.39,8.3,8.07,6.85,11.875,11.625,10.625,10.875,12.3125,10.4375,6.8125,9.4375,14.875,741.5,584.0,431.0,369.0,292.0,237.0,207.0,195.0,155.5,1467.0,1190.25,930.0,777.0,613.25,502.75,460.25,375.5,325.75,2.476,3.328,2.844,2.428,2.219,1.141,1.022,0.589,0.154,0.029,0.011,3.805,3.35,3.18,2.842,2.684,2.422,1.982,1.511,1.151,0.991,625.7296365985808,737.4670717054702,127.26893858674708,96.87635623767315,74.0819194758677,70.28284668223345,68.38331028541633,64.5842374917821,58.88562830133073,53.187019110879376,51.28748271406226,2557.9795,10.925,10.969999999999999,11.26,11.260000000000002,10.94,11.030000000000001,11.29,11.21,10.89,11.19,11.26,2448.1993380335966,2409.821767813017,525.1354995352633,448.32243068622336,409.7312494615855,210.68199893450614,188.70902972047787,108.75696526943392,28.4356072181542,5.354757203418648,2.0311148012967286,-1482.206538818786,2028.034447190043,9133.860937500001,2.27,2270.0,21.4,5300.204987683648,29.703700077613917,3.23,2.338,3433.9156311664997,88.58711785476277,211.36363636363637,220.0,209.44444444444446,10.481666666666664,17.37333333333333,8.184444444444445,11.111363636363636,10.9475,11.14777777777778,10.98611111111111,356.8888888888889,737.9722222222222,2.2567,2.902,2.0953749999999998,432.437533278554,2,2025-05,22,False,True,230.0,0.5070833333333333,0.49291666666666667,5044495.316351685,2486515.8163516847,571.8986377608875,1077.2003165511567,0.4211137409628016,789.800595168295,686.7831262333,103.01746893499501,13.043478260869568,0.7493427977315689,69.8669517958412,0.7493427977315689,0.9327859735349716,67.2591601072697,2.4203772366729672,2573.179946232471,PostChange,0,1,649.8706314216183,0.2540562312644094,0.11412882145237235,0.03844197942144111,115.1527546296296,95.94295125069296,2410.783333333333,71.20720988479911,333.4975175157837,0.9,Sulfide Super Grade,0.07838255349130939,3.23,2.93284,0.020349,0.079135,0.16408399999999998,0.030362,0.004522,0.278103,0.64,>80%,2.953189,0.2768109999999999
2025-05-30,142.5049615816761,3420.1190779602266,50.75,2.245,2.355,2.3,2.326,1.9,2.113,220.0,220.0,0.0,0.38106531708402364,0.0,5392.270779326108,210.0,780.4628897261083,1.514283565250094,14.526664159458443,83.95905227529146,220.0,220,205,210,205,205,185,180.0,170,175,180,,0.0,0.0,0.0,0.0,0.0,0.0,0.0,0.0,0.0,0.0,10.5,9.6875,10.5,14.5625,9.75,9.75,8.875,14.75,15.0,815.5,696.5,526.0,396.0,334.0,256.0,228.0,169.5,142.0,1637.0,1400.0,1051.0,789.5,664.5,514.0,454.5,323.0,281.5,3.381,2.703,2.069,1.817,1.732,1.426,1.16,0.495,0.153,0.062,0.019,2.935,3.368,3.092,2.889,2.658,2.316,1.888,1.583,1.381,0.862,633.9433936590012,596.652605796707,95.09150904885017,89.38601850591915,87.48418832494217,81.77869778201115,76.07320723908013,70.36771669614913,66.56405633419512,64.66222615321811,60.85856579126411,2550.7787,10.934999999999999,11.035,10.955,11.035,10.925,10.795,10.87,10.815000000000001,10.645,10.82,10.805,1758.0420465369436,1956.3555585793983,381.8584576132807,335.34887263573273,319.6611157980677,263.1851911824738,214.0917403728398,91.35811334875493,28.237962307796977,11.442834399237992,3.506675057830997,-750.9235337881962,1922.8621853313375,9946.522031250002,0.0,0.0,21.2,4611.8078896,29.82352300459469,2.3,2.113,3420.1190779602266,85.52626673129265,195.9090909090909,220.0,190.55555555555554,21.2,21.2,,10.875909090909092,10.985,10.851666666666668,11.48611111111111,395.94444444444446,790.5555555555555,2.2752999999999997,3.042,2.0836249999999996,452.02704998500764,2,2025-05,22,False,True,220.0,0.5075,0.49250000000000005,5026164.926108374,2475386.2261083745,544.5849697438424,1025.7536267158232,0.4021335236631164,752.4261971512499,718.2250063716476,34.20119077960226,4.545454545454544,0.8395905227529146,60.97201955622414,0.8395905227529146,0.984857164347499,50.0,1.9310582023317033,2871.499564541843,PostChange,0,1,618.833049744253,0.2426055422778358,0.14473733268707356,0.04079913806322134,243.50555555555553,68.59410291056778,4664.0,95.65175803583463,445.9778986681898,0.9,Sulfide Super Grade,0.0804438715394139,2.3,2.0884,0.01449,0.05635,0.11683999999999999,0.02162,0.0032199999999999998,0.19802999999999998,0.64,>80%,2.10289,0.1971099999999999
2025-05-31,140.99100667867637,3383.784160288233,51.291666666666664,2.83,2.81,2.8200000000000003,2.37,2.83,2.6,245.0,225.0,0.0,0.36787310877771756,0.0,6669.873806468724,210.0,866.0633322030867,7.6260975609756105,21.253170731707318,71.12073170731708,245.0,225,215,220,215,210,195,190.0,185,185,180,21.0,11.08,8.46,8.44,8.4,8.32,8.48,8.6,8.57,8.52,8.37,12.5625,11.75,10.1875,10.375,11.875,11.375,10.375,7.875,15.5625,731.0,629.0,453.5,394.5,321.0,302.5,281.0,239.0,184.5,1637.0,1400.0,1051.0,789.5,664.5,514.0,454.5,323.0,281.5,2.429,3.18,2.183,1.527,1.28,1.063,0.913,0.302,0.111,0.034,0.01,3.082,3.628,2.913,2.403,2.376,2.081,1.972,1.534,1.059,0.826,560.6040161374877,507.57390650286055,106.24961251794953,98.52236797118955,90.79512342442959,83.06787887766963,77.27244546759965,73.40882319421966,69.54520092083969,67.61338978414969,67.61338978414969,2563.4635,11.065,10.94,10.9,10.965,10.809999999999999,10.76,10.825,10.79,10.64,10.825,10.805,2000.6998153761995,2287.747361703098,400.4744921705832,280.1303479360882,234.81784240877073,195.00888006290882,167.491164155631,55.40233469331935,20.363109771385588,6.237348938982973,1.8345143938185213,156.66447208096736,1802.2661545825451,10253.1675,0.0,0.0,21.0,5803.810474265638,30.143766614035915,2.8200000000000003,2.6,3383.784160288233,87.01529658082673,205.9090909090909,235.0,199.44444444444446,10.769999999999998,17.69333333333333,8.462222222222222,10.847727272727274,11.0025,10.813333333333333,11.32638888888889,392.8888888888889,790.5555555555555,2.0773,2.8045,1.8955,444.5340688835517,2,2025-05,22,True,False,245.0,0.5129166666666667,0.4870833333333333,4997816.734362307,2434353.234362307,596.4165424187652,1123.381043195376,0.43822782855904757,829.0271192706172,710.594673660529,118.43244561008817,14.285714285714285,0.7112073170731708,72.8158536585366,0.7112073170731708,0.9237390243902439,76.11159884321422,2.0056046341463416,2406.5720541932865,PostChange,0,1,677.7312786222012,0.2643810916840444,0.12984703419173269,0.03673232914277759,121.98520833333332,85.00542185158129,2638.6499999999996,86.87912454211154,398.36065942864593,0.9,Sulfide Super Grade,0.07734048699576303,2.8200000000000003,2.56056,0.017766,0.06909000000000001,0.14325600000000002,0.026508000000000004,0.003948,0.24280200000000005,0.64,>80%,2.578326,0.24167400000000017
2025-06-01,140.03990534711545,3360.957728330771,51.208333333333336,2.566,2.1,2.333,6.417,4.39,5.403499999999999,255.0,255.0,0.8936777065915148,0.8936777065915148,2.27,5930.813430182588,240.0,967.4053748738812,5.965960090361446,18.045259789156624,75.98878012048193,255.0,255,250,220,235,225,210,210.0,215,215,205,21.1,9.53,8.59,8.55,8.43,8.35,8.6,8.55,8.49,8.4,8.08,12.372983870967742,10.118951612903226,9.568548387096774,9.53225806451613,9.23991935483871,9.627016129032258,9.229032258064517,9.006048387096774,14.877016129032258,731.0,629.0,453.5,394.5,321.0,302.5,281.0,239.0,184.5,1678.75,1510.0,1141.75,939.75,798.5,650.25,507.25,415.0,333.25,2.507,1.744,2.159,2.189,1.541,1.17,1.045,0.433,0.099,0.038,0.018,2.795,2.441,2.791,2.855,2.422,2.151,1.993,1.799,1.278,1.052,461.0114560320679,498.7992802969915,115.63074225066619,98.28613091306627,92.50459380053296,86.72305668799964,79.01434053795523,75.15998246293303,73.23280342542192,71.30562438791083,69.37844535039972,2540.0656,10.809999999999999,10.945,10.985,10.915,11.365,10.684999999999999,10.719999999999999,10.805,10.655000000000001,10.870000000000001,10.825,1805.266107909901,1255.8372924590615,396.4420540005011,401.95074395882216,282.9630408590886,214.83890837451892,191.88603354818142,79.50875839843307,18.178676862459294,6.977673947206598,3.305213974992599,309.4573581122288,1721.046456145945,14512.297031249998,2.27,2270.0,21.1,4963.408055308706,30.34849237769455,2.333,5.403499999999999,3360.957728330771,83.68848748553368,226.8181818181818,255.0,220.55555555555554,10.647499999999999,17.243333333333336,8.44888888888889,10.870909090909091,10.8775,10.869444444444445,10.396863799283153,392.8888888888889,886.0555555555555,2.0591999999999997,2.1255,2.042625,505.08369209608367,2,2025-06,22,False,True,255.0,0.5120833333333333,0.48791666666666667,4960258.291293735,2420192.6912937346,617.1491362799023,1162.4319434695624,0.4576385521183242,857.0442207243466,806.6298547993849,50.41436592496166,5.882352941176482,0.7598878012048194,68.7357374811747,0.7598878012048194,0.9403403990963856,63.89291400617715,1.7728182402108437,2553.950778123614,PostChange,0,1,701.2905301642174,0.2760915033707072,0.16311512514466306,0.042995788520723964,110.70060730286737,70.8030327171614,2715.1124999999997,109.30086026206487,498.25416242089074,0.9,Sulfide Super Grade,0.0788675100303744,2.333,2.118364,0.014697900000000002,0.05715850000000001,0.11851640000000001,0.021930200000000004,0.0032662000000000004,0.20087130000000003,0.64,>80%,2.1330619,0.19993810000000023
2025-06-02,278.7596833333333,6690.2324,31.0,2.026,1.83,1.928,4.054,3.54,3.797,295.0,270.0,0.0,0.44361747025789144,0.0,4982.7099078,230.0,771.6735108000001,7.017359339834958,17.52369092273068,75.45894973743435,295.0,270,265,250,250,240,240,235.0,225,235,220,,0.0,0.0,0.0,0.0,0.0,0.0,0.0,0.0,0.0,0.0,13.0,8.6875,11.0,13.1875,12.6875,10.375,8.875,6.625,16.75,941.5,813.0,761.0,578.0,485.5,462.5,367.0,339.5,307.5,1720.5,1620.0,1232.5,1090.0,932.5,786.5,560.0,507.0,385.0,1.936,2.05,1.743,1.484,1.451,1.265,0.721,0.282,0.121,0.071,0.008,2.302,2.342,2.366,2.076,2.259,2.13,1.97,1.614,1.515,1.029,258.0717901518638,281.18269673262773,58.932811780948,51.075103543488275,47.1462494247584,44.199608835711004,42.23518177634607,38.30632765761621,36.34190059825127,35.3596870685688,29.466405890474,2576.9556000000002,11.129999999999999,11.035,11.535,11.375,11.195,10.965,11.24,11.219999999999999,10.85,11.120000000000001,11.09,1659.8104003681544,1757.5471698113206,381.0576599171652,324.43463414634147,317.22011734928674,276.55647722043255,157.62626092959042,61.651325356649785,26.453228255867465,15.522142199723882,1.748973768982973,-769.2721445365289,922.3177634606535,11752.280624999998,0.0,0.0,19.935000000000002,4211.036397,15.24610714569497,1.928,3.797,6690.2324,84.51297536723918,247.72727272727272,282.5,240.0,19.935000000000002,19.935000000000002,,11.159545454545455,11.0825,11.176666666666668,11.243055555555555,561.7222222222222,981.5555555555555,1.8945,1.9929999999999999,1.8698750000000002,1147.1608800000001,2,2025-06,23,True,False,295.0,0.31,0.69,8312760.0,5735804.399999999,1692.0622979999998,3187.0858272475016,1.2367639656839648,1973.618558,1538.7534520000002,434.86510599999974,22.033898305084733,0.7545894973743437,69.72400600150037,0.7545894973743437,0.9298264066016505,66.19611089135358,1.4548485509377345,5048.379104033549,PostChange,0,1,1922.7560994221662,0.7461347410961081,0.15487024632760824,0.05920473105171206,224.13031250000003,29.3944945768999,5880.825000000001,153.0075051477949,1653.0442410814785,0.9,Sulfide Super Grade,0.08019313249286676,1.928,1.750624,0.0121464,0.047236,0.0979424,0.0181232,0.0026991999999999997,0.1660008,0.64,>80%,1.7627704,0.16522959999999998
2025-06-03,138.64991045384568,3327.5978508922963,51.625,1.95,1.9,1.9249999999999998,3.89,4.01,3.95,305.0,305.0,0.8918851690379747,0.5925197462099585,2.27,4904.223481572154,240.0,750.0242131803874,4.80772142316427,11.403050719152157,83.78922785768358,305.0,305,265,260,260,240,255,250.0,235,220,215,18.77,12.3,8.48,8.41,8.43,8.16,8.33,8.41,8.44,8.36,7.86,13.875,9.5625,8.6875,10.6875,9.0,10.5625,6.6875,8.6875,15.5,857.5,800.5,617.0,547.0,464.0,391.5,282.0,249.0,191.5,1720.5,1620.0,1232.5,1090.0,932.5,786.5,560.0,507.0,385.0,2.339,2.233,1.805,1.228,1.146,1.04,0.622,0.262,0.116,0.045,0.015,3.053,2.804,2.51,2.57,2.214,1.915,1.741,1.479,1.38,1.139,451.27169215995616,520.1097468962207,107.27263529734552,101.42140064476303,97.52057754304137,89.71893133959806,83.86769668701558,78.0164620344331,76.06605048357227,72.16522738185061,62.41316962754648,2545.1706999999997,11.52,11.52,11.55,11.559999999999999,11.4,11.105,11.43,11.379999999999999,11.285,11.425,11.379999999999999,1676.3983126414707,1600.4264352836274,329.8863759517114,224.43239316825571,209.44586528568487,190.07303655943483,113.67829686535428,47.88378421016531,21.200454077783114,8.224314081898621,2.7414380272995404,-262.318730610712,1739.843590095343,12480.289687499999,2.27,2270.0,18.77,4154.199268391767,30.652742479878896,1.9249999999999998,3.95,3327.5978508922963,84.70656535130101,255.45454545454547,305.0,244.44444444444446,10.393333333333333,16.613333333333333,8.32,11.414090909090909,11.52,11.390555555555554,10.36111111111111,488.8888888888889,981.5555555555555,1.952,2.286,1.8684999999999996,497.7270336161703,2,2025-06,23,False,True,305.0,0.51625,0.48375,4930112.736077482,2384942.0360774817,727.407321003632,1370.1088701916988,0.5383170842693179,1014.9173445221504,798.6234842141511,216.29386030799935,21.311475409836074,0.8378922785768357,63.13655847842542,0.8378922785768357,0.9519227857683573,50.0,1.6129426362604085,2788.1685454715275,PostChange,0,1,826.58118727498,0.32476453829795393,0.15293434648698984,0.06219129310604453,107.68648148148147,59.006529273766866,3169.9666666666662,158.44073537280326,711.7411702753227,0.9,Sulfide Super Grade,0.08072457103567648,1.9249999999999998,1.7478999999999998,0.0121275,0.047162499999999996,0.09778999999999999,0.018095,0.002695,0.1657425,0.64,>80%,1.7600274999999999,0.16497249999999997
2025-06-04,138.11822898081638,3314.8374955395934,52.208333333333336,2.09,2.13,2.11,4.37,4.86,4.615,265.0,300.0,0.0,0.44334723923523855,0.0,5445.666498849959,340.0,755.905600789944,4.017196401799101,11.99736131934033,83.98544227886057,265.0,300,290,300,285,300,290,300.0,285,285,290,18.22,12.71,8.37,8.3,8.32,8.03,8.33,8.46,8.42,8.42,8.25,13.875,10.8125,10.5,11.3125,12.25,9.375,8.375,9.4375,15.125,910.0,812.5,657.5,533.5,414.5,285.0,270.0,229.0,160.0,1700.75,1530.0,1220.75,1033.5,826.25,748.5,583.0,524.25,428.5,2.189,2.341,1.83,1.757,1.153,1.091,0.914,0.405,0.133,0.05,0.011,2.219,2.451,2.164,2.163,2.117,2.109,1.763,1.728,1.572,1.48,528.8645715993472,451.09036989356076,107.0950757488678,101.14534931837514,95.19562288788248,93.21238074438493,89.24589645738983,83.29617002689717,77.34644359640453,73.37995930940941,61.48050644842411,2578.0883999999996,11.225,11.36,11.54,11.565000000000001,11.425,11.5,11.510000000000002,11.43,11.46,11.575,11.504999999999999,1558.4528609853098,1666.6688659509414,332.2302547184993,318.97735384721483,209.3232151313823,198.06732672015445,165.93358077197175,73.52636784753672,24.145696107956503,9.077329363893423,1.9970124600565526,134.53104256573477,1761.3523460309436,9656.73684375,0.0,0.0,18.22,4689.760898060014,30.77073918020114,2.11,4.615,3314.8374955395934,86.11913526196327,290.0,282.5,291.6666666666667,10.3375,16.383333333333333,8.322222222222223,11.46318181818182,11.2925,11.501111111111111,11.229166666666666,474.6666666666667,955.0555555555555,1.9625999999999997,2.265,1.887,697.7361561691939,2,2025-06,23,False,True,300.0,0.5220833333333333,0.47791666666666666,4938078.339984037,2359989.9399840375,707.9969819952113,1333.5485045190355,0.517262520757254,994.451248661878,1127.0447484834617,-132.5934998215837,-13.333333333333327,0.8398544227886058,62.51984632683658,0.8398544227886058,0.959828035982009,50.0,1.7720928320839582,2783.9809314544327,PostChange,0,1,804.5244652710643,0.3120624045595428,0.1388086473803674,0.05508967544438415,116.08151041666666,64.9262596702244,3101.25,142.17942095061161,632.0105139402351,0.9,Sulfide Super Grade,0.08068117368767386,2.11,1.91588,0.013293,0.051695,0.10718799999999999,0.019834,0.0029539999999999996,0.181671,0.64,>80%,1.9291729999999998,0.18082700000000007
2025-06-05,139.04467938077303,3337.0723051385526,51.625,2.08,2.47,2.2750000000000004,4.12,5.32,4.720000000000001,295.0,275.0,0.8893529718140927,0.5323349429260728,2.27,5810.337183791043,0.0,770.5086850547216,5.365,15.455833333333334,79.17916666666666,295.0,275,260,255,245,240,230,245.0,235,240,225,18.4,12.19,8.38,8.33,8.28,8.07,8.34,8.41,8.47,8.38,8.35,12.0,9.1875,7.8125,10.9375,12.1875,10.5625,8.625,11.55,13.6875,734.5,608.5,528.0,432.0,306.0,305.0,253.0,230.5,206.0,1681.0,1440.0,1209.0,977.0,720.0,710.5,606.0,541.5,472.0,2.201,2.361,1.69,1.42,1.621,0.885,0.586,0.324,0.122,0.047,0.002,2.868,3.236,2.305,2.002,2.482,2.229,1.964,1.769,1.21,1.312,374.78496467521785,428.3256739145347,134.5783970093971,97.52057754304137,118.97510460251047,91.66934289045888,83.86769668701558,74.11563893271145,64.3635811784073,60.462758076685645,56.56193497496399,2552.4174000000003,10.7,10.575,10.955,10.925,10.379999999999999,10.34,10.86,10.83,10.434999999999999,10.965,10.940000000000001,1577.4915289114483,1692.166060772344,308.86868440908154,259.52279991768984,296.2580694835037,161.7448436106729,107.09884559983539,59.215061389670076,22.29702928870293,8.589839152205228,0.3655250703066054,547.8788752351212,1585.2256704849442,11402.87484375,2.27,2270.0,18.4,5039.828498736321,30.565714696363177,2.2750000000000004,4.720000000000001,3337.0723051385526,86.73900221825008,249.54545454545453,285.0,241.66666666666666,10.33333333333333,16.33,8.334444444444443,10.718636363636364,10.6375,10.736666666666668,10.727777777777778,400.3888888888889,928.5555555555555,1.9835,2.281,1.9091250000000002,0.0,2,2025-06,23,True,False,295.0,0.51625,0.48375,4944149.927360776,2391732.5273607755,705.5610955714287,1328.960387930658,0.5206673438014715,984.436330015873,0.0,984.436330015873,100.0,0.7917916666666667,66.36614583333333,0.7917916666666667,0.94635,53.319269962797236,1.801326041666667,2642.26604227283,PostChange,0,1,801.7564729315603,0.31411652064884066,0.1326099778174993,0.050771580145633266,110.85370370370367,69.53700093422624,3048.3333333333326,129.66975969336397,584.1558445592142,0.9,Sulfide Super Grade,0.08028423650298516,2.2750000000000004,2.0657000000000005,0.014332500000000001,0.05573750000000001,0.11557000000000002,0.021385000000000005,0.0031850000000000003,0.19587750000000004,0.64,>80%,2.0800325,0.19496750000000018
2025-06-06,140.44053068144896,3370.5727363547753,51.458333333333336,2.61,1.986,2.298,6.12,4.96,5.54,295.0,275.0,0.0,0.44340479945456923,0.0,5899.675121743421,240.0,851.5310931578948,5.344390243902439,13.699512195121951,80.9560975609756,295.0,275,290,300,290,280,265,275.0,275,260,240,20.91,12.57,8.26,8.34,8.22,8.12,8.4,8.49,8.47,8.46,8.29,11.4375,8.625,9.4375,9.375,11.1875,9.25,9.25,10.625,13.5,946.5,664.0,576.0,495.0,363.0,360.0,346.0,325.0,299.5,1729.5,1432.25,1232.75,1041.0,827.5,753.75,656.25,576.0,471.0,2.099,2.215,1.596,1.275,1.51,1.265,0.98,0.353,0.127,0.032,0.007,2.798,3.079,2.608,2.208,2.802,2.55,1.078,1.919,1.807,1.623,441.50439447551656,479.5651181371991,139.75897728569802,135.8767834722064,131.9945896587148,122.28910512498577,112.58362059125673,102.87813605752771,97.05484533729029,89.29045771030707,75.70277936308642,2565.72875,11.395,11.350000000000001,11.48,11.524999999999999,11.085,11.100000000000001,11.365,11.325,10.9495,11.305,11.335,1507.226229882434,1590.522200662025,292.2396050679147,233.46209051478144,276.4923581782902,231.63101529505767,179.44537153293007,64.6369552562493,23.254655290491957,5.859440703116084,1.2817526538066433,643.8235287497697,1928.4988072137887,10587.56015625,0.0,0.0,20.91,5048.144028585526,30.261919257767296,2.298,5.54,3370.5727363547753,85.56647483825756,276.8181818181818,285.0,275.0,10.786666666666667,18.13,8.338888888888887,11.292227272727274,11.3725,11.27438888888889,10.29861111111111,486.1111111111111,968.8888888888889,2.0909,2.157,2.074375,505.1066773455377,2,2025-06,23,True,False,295.0,0.5145833333333334,0.4854166666666666,4986031.578947368,2420302.828947368,713.9893345394736,1344.8354068324213,0.524153384036571,994.3189572246587,808.937456725146,185.38150049951264,18.64406779661017,0.809560975609756,65.24268292682926,0.809560975609756,0.9465560975609756,50.0,1.8603711219512193,2728.6841528070167,PostChange,0,1,811.3338081764567,0.31621963474371817,0.14433525161742428,0.05000275335717539,111.08768518518518,69.54189045434924,3182.0666666666666,128.37193919956832,585.2173867095536,0.9,Sulfide Super Grade,0.08069537703088729,2.298,2.086584,0.0144774,0.056301000000000004,0.11673839999999999,0.0216012,0.0032172,0.1978578,0.64,>80%,2.1010614,0.19693860000000019
2025-06-07,101.94502137386438,2007.1275624824334,51.0625,2.6,2.57,2.585,5.08,5.02,5.05,205.0,320.0,1.324036128179408,0.5222610280477143,2.0,3906.1749589698898,300.0,539.1344859397797,9.831607142857143,16.76611607142857,73.40227678571428,205.0,320,300,280,285,310,285,300.0,300,270,290,,0.0,0.0,0.0,0.0,0.0,0.0,0.0,0.0,0.0,0.0,12.8125,9.75,8.5,8.0625,8.6875,10.875,6.4375,10.5,17.25,818.5,633.0,568.5,492.0,425.0,369.0,320.0,269.5,201.0,1778.0,1424.5,1256.5,1105.0,935.0,797.0,706.5,610.5,470.0,1.81,2.14,1.561,1.753,1.473,1.189,0.73,0.375,0.116,0.062,0.012,2.326,2.811,2.32,2.733,2.462,2.244,2.106,1.69,1.301,1.175,526.809047797755,481.6539865579475,117.06449626420114,109.38813585343385,107.46904575074204,95.9545051345911,90.19723482651563,86.35905462113199,78.6826942103647,74.84451400498106,71.00633379959741,1510.5328,11.125,11.325,11.305,11.295,11.14,11.145,11.24,11.125,11.165,11.175,11.225000000000001,1305.4897478762239,1543.5072157210602,287.10316109992834,322.4162981474531,270.9179732864795,218.683958070349,134.26348981611,68.97097079594691,21.335020299546244,11.40320050492989,2.207071065470301,-817.6112266182063,1839.429048821261,8335.439999999999,2.0,2000.0,20.91,3367.04047303011,50.818892583910056,2.585,5.05,2007.1275624824334,86.197892014495,285.90909090909093,262.5,291.1111111111111,20.91,20.91,,11.205909090909092,11.225,11.201666666666666,10.319444444444445,455.1666666666667,1009.2222222222222,1.9981000000000002,1.975,2.003875,377.653296493002,2,2025-06,23,False,True,320.0,0.510625,0.489375,2958203.769889841,1447670.9698898408,463.2547103647491,872.5639260175385,0.5776530810966426,642.2808199943787,602.13826874473,40.142551249648704,6.250000000000005,0.7340227678571429,72.76833147321429,0.7340227678571429,0.9016839285714287,74.59470631934624,1.8974488549107145,1473.2773288557164,PostChange,0,1,526.4143176008939,0.3484957874472464,0.13802107985504997,0.0819215737546964,215.77958333333333,131.3668373294075,6691.2,123.79062363395113,337.54760175687466,0.9,Sulfide Super Grade,0.07781247403858058,2.585,2.34718,0.0162855,0.0633325,0.131318,0.024299,0.003619,0.22256850000000003,0.64,>80%,2.3634654999999998,0.2215345000000002
2025-06-08,139.30663697729992,3343.359287455198,51.666666666666664,2.14,2.15,2.145,4.79,4.24,4.515000000000001,340.0,330.0,0.0,0.45344017481853244,0.0,5495.404412264516,260.0,878.879837283871,8.848524651863004,19.87543846443357,71.27603688370343,340.0,330,335,325,310,310,300,280.0,275,295,285,,0.0,0.0,0.0,0.0,0.0,0.0,0.0,0.0,0.0,0.0,11.416666666666666,8.916666666666666,9.166666666666666,10.083333333333334,11.25,7.25,9.0,5.75,16.166666666666668,721.0,549.0,505.0,448.0,340.0,267.0,233.0,127.0,113.0,1841.5,1563.0,1313.25,1135.25,980.25,805.0,682.75,609.75,491.75,2.182,2.217,1.874,1.517,1.352,1.316,1.206,0.524,0.142,0.026,0.01,2.191,2.34,2.232,2.029,1.926,1.715,2.084,1.476,1.198,0.887,474.78499542543454,352.259835315645,109.3537053979872,95.68449222323879,91.77900274473924,80.06253430924062,70.29881061299176,70.29881061299176,64.44057639524245,62.48783165599268,60.535086916742905,2560.2852000000003,11.32,11.455,11.45,11.455,11.39,11.309999999999999,11.4,11.395,11.315000000000001,11.26,6.3500000000000005,1563.1344922232388,1588.2076852698995,342.33505032021964,277.11967520585546,246.97811527904852,240.40177493138154,220.30740164684354,95.72228728270815,25.94000914913083,4.749579139981702,1.82676120768527,15.161047697600452,1531.985681610247,9288.0084375,0.0,0.0,19.66,4616.524574980645,30.50823774241668,2.145,4.515000000000001,3343.359287455198,84.00700346415985,307.72727272727275,335.0,301.6666666666667,19.66,19.66,,10.91818181818182,11.3875,10.81388888888889,9.888888888888891,367.0,1046.9444444444443,1.7946000000000002,2.1995,1.693375,541.5021152314167,2,2025-06,23,False,True,330.0,0.5166666666666666,0.4833333333333334,4955390.709677421,2395105.5096774204,790.3848181935487,1488.7302052139055,0.5814704569685851,1103.3085648602153,869.2734147383514,234.0351501218638,21.21212121212121,0.7127603688370343,73.48280485509974,0.7127603688370343,0.91151475348137,77.43324107008951,1.5288709911554386,2383.013998881291,PostChange,0,1,898.1449630244795,0.35079879500318145,0.1599299653584015,0.060050175609189675,194.4155555555556,65.44016995748377,6487.8,153.8454366180111,694.0434800834986,0.9,Sulfide Super Grade,0.07747489267685027,2.145,1.9476600000000002,0.0135135,0.0525525,0.108966,0.020163,0.003003,0.1846845,0.64,>80%,1.9611735000000001,0.1838264999999999
2025-06-09,141.9212349775717,3406.1096394617202,50.916666666666664,2.08,2.19,2.135,4.37,4.49,4.43,300.0,285.0,0.0,0.40078512304365993,0.0,5454.742466501144,260.0,759.1715198764322,7.618989784335981,15.708444948921679,76.67256526674234,300.0,285,250,250,250,265,270,250.0,260,265,265,19.66,15.42,8.54,0.0,7.7,7.44,7.84,7.9,7.87,8.0,7.92,14.0,11.375,7.5625,9.8125,7.625,10.375,7.8125,10.9375,16.25,731.0,569.0,441.5,340.0,312.5,281.0,249.5,223.0,206.5,1841.5,1563.0,1313.25,1135.25,980.25,805.0,682.75,609.75,491.75,2.626,2.78,2.111,1.804,1.518,1.104,0.894,0.44,0.109,0.056,0.016,3.072,3.242,2.693,2.498,2.222,2.104,1.954,1.866,1.587,1.27,479.6293099532095,367.216190432926,97.46217462408576,89.81808249670648,82.17399036932721,76.44092127379275,74.52989824194793,70.70785217825829,64.97478308272385,63.063760050879026,59.241713987189385,2552.6094,11.305,11.434999999999999,11.335,11.315,11.205,11.165,11.27,11.3,11.170000000000002,11.27,11.32,1897.1188842956433,2008.3741425521282,388.8913103620588,332.33535002044243,279.64803843183574,203.38039158678964,164.69390405669375,81.05740244401035,20.080129241811655,10.316396674692227,2.947541907054922,-691.3628033466885,1525.2586766910458,11258.305781250001,0.0,0.0,19.66,4695.570946624712,29.946188113932653,2.135,4.43,3406.1096394617202,86.08235815826902,264.54545454545456,292.5,258.3333333333333,10.722727272727274,18.246666666666666,7.90125,11.280909090909091,11.37,11.261111111111111,10.63888888888889,372.6666666666667,1046.9444444444443,2.16,2.703,2.02425,556.3318914338575,2,2025-06,24,True,False,300.0,0.5091666666666667,0.49083333333333334,5013308.150572832,2460698.750572832,738.2096251718496,1390.4555622472078,0.5447192830392334,1021.8328918385162,885.5885062600473,136.24438557846884,13.333333333333336,0.7667256526674234,69.34151532349603,0.7667256526674234,0.9238101021566402,63.239036168432435,1.6369592684449488,2611.55163637309,PostChange,0,1,838.8562650022033,0.3286269591431432,0.13917641841730988,0.054998013534528996,114.07790404040406,63.93511162324621,3216.8181818181824,140.5145643345933,651.2641918525945,0.9,Sulfide Super Grade,0.07912657644929268,2.135,1.93858,0.013450499999999999,0.0523075,0.10845799999999998,0.020069,0.0029889999999999995,0.18382349999999997,0.64,>80%,1.9520304999999998,0.1829695
2025-06-10,142.94110071474984,3430.586417153996,50.666666666666664,2.15,1.98,2.065,4.78,4.16,4.470000000000001,245.0,245.0,1.334030189436205,0.49787501623978425,3.405,5275.709534315789,240.0,796.2194543157893,10.556084337349397,16.0663328313253,73.3775828313253,245.0,245,255,250,250,240,250,245.0,245,230,230,19.2,9.86,8.2,8.19,8.2,8.05,8.41,8.35,8.36,8.56,8.47,12.875,10.5625,7.75,10.9375,8.75,10.5,8.5625,8.9375,14.0,868.5,746.5,582.5,494.5,438.0,346.0,274.0,251.5,221.5,1905.0,1701.5,1370.0,1165.5,1025.5,813.0,659.0,609.0,513.5,1.838,1.992,1.307,1.261,1.095,1.041,0.94,0.597,0.275,0.074,0.011,2.217,2.315,1.776,1.773,1.76,1.701,1.622,1.35,1.228,1.215,491.05148658448155,617.5344452501813,104.34844089920232,96.75946337926032,92.96497461928934,83.47875271936185,79.68426395939086,77.78701957940535,70.19804205946338,66.40355329949237,62.60906453952139,2552.4159999999997,11.25,11.344999999999999,11.305,11.33,11.215,11.165,11.295000000000002,11.31,11.219999999999999,11.355,11.33,1331.5170413343005,1443.0804931109503,241.44431834662802,232.94666062364033,202.28120014503264,192.30568890500365,173.6477882523568,110.28481870920959,50.801214648295876,13.670145032632343,2.0320485859318347,486.2241352007013,1842.81950688905,11979.700781249998,3.405,3405.0,19.2,4479.49008,29.732526045683727,2.065,4.470000000000001,3430.586417153996,84.90782236708088,244.0909090909091,245.0,243.88888888888889,10.254166666666666,16.086666666666666,8.309999999999999,11.283636363636363,11.2975,11.280555555555555,10.319444444444445,469.22222222222223,1084.6666666666667,1.6255000000000002,1.915,1.5531249999999999,518.6602764302061,2,2025-06,24,False,True,245.0,0.5066666666666666,0.4933333333333334,5037663.157894736,2485247.1578947366,608.8855536842104,1146.8670632614587,0.44932607508394357,840.493672202729,823.3407401169591,17.152932085769976,2.040816326530612,0.7337758283132529,73.23656344126505,0.7337758283132529,0.894439156626506,75.76201286177556,1.5152470854668674,2517.2813898473682,PostChange,0,1,691.9003003495552,0.2710766193087472,0.15092177632919127,0.04643925113890377,105.81730324074074,61.39766628433689,2512.2708333333335,118.64349325184865,555.380876248279,0.9,Sulfide Super Grade,0.07740590714765502,2.065,1.87502,0.0130095,0.0505925,0.104902,0.019411,0.002891,0.1777965,0.64,>80%,1.8880295,0.17697049999999992
2025-06-11,140.49976927747417,3371.99446265938,50.833333333333336,2.05,2.19,2.12,4.36,4.67,4.515000000000001,270.0,260.0,0.0,0.45148387456778527,0.0,5346.873505573771,230.0,785.1550583606557,5.762033511043412,14.55071591774562,79.68725057121095,270.0,260,255,245,265,270,270,250.0,250,235,230,19.02,9.97,8.07,8.12,8.03,8.02,7.98,8.34,8.34,8.47,8.28,14.0625,9.375,8.9375,9.9375,8.625,9.125,6.9375,7.6875,15.0,982.0,766.0,651.5,576.5,482.0,372.0,250.0,250.5,215.0,1868.5,1633.0,1305.0,1161.5,974.0,756.5,616.25,553.25,464.0,2.315,2.095,1.355,1.367,1.249,1.164,0.53,0.244,0.11,0.046,0.01,3.16,2.682,2.141,2.047,2.116,1.956,1.918,1.74,1.481,1.149,568.1888334089878,456.04630049931916,120.10465274625511,101.04042215161145,91.50830685428961,89.60188379482524,81.97619155696778,80.0697684975034,74.35049931911031,70.53765320018158,64.81838402178848,2520.96,11.100000000000001,11.195,10.955,11.07,11.030000000000001,11.01,11.14,11.205,11.11,11.255,11.260000000000002,1673.9877439854745,1514.9046754425785,249.85080571947347,252.06350658193375,230.30528143440768,214.6319836586473,97.7276214253291,44.99158420335906,20.28309123921925,8.482019972764412,1.843917385383568,254.22175104125824,1798.24289605084,9554.33203125,0.0,0.0,19.02,4561.718447213115,30.249159994039843,2.12,4.515000000000001,3371.99446265938,85.31562309184643,254.54545454545453,265.0,252.22222222222223,10.138333333333334,16.003333333333334,8.183333333333334,11.120909090909091,11.1475,11.115,9.965277777777779,505.05555555555554,1036.888888888889,1.8958000000000006,2.205,1.8184999999999998,487.6611147540984,2,2025-06,24,False,True,260.0,0.5083333333333333,0.4916666666666667,4959265.573770492,2438305.5737704923,633.959449180328,1194.0950270687115,0.4736667884729276,876.7185602914388,775.5587264116574,101.15983387978144,11.538461538461544,0.7968725057121097,66.29673933739528,0.7968725057121097,0.9423796648895658,51.343359282788015,1.6893697121096725,2687.049676706739,PostChange,0,1,720.3927415311942,0.2857612740905029,0.14684376908153565,0.048626547781421565,101.03130787037038,64.12821918736446,2635.9666666666667,122.64093093900499,563.2497144205505,0.9,Sulfide Super Grade,0.08042782799866585,2.12,1.9249600000000002,0.013356000000000002,0.05194000000000001,0.107696,0.019928,0.002968,0.182532,0.64,>80%,1.9383160000000001,0.18168399999999996
2025-06-12,140.14872368969586,2522.6770264145252,51.166666666666664,2.15,2.23,2.19,5.03,4.89,4.96,270.0,320.0,1.7881140514282083,0.5393744971334213,3.405,4174.831187001221,230.0,615.7180131017101,7.107465788139888,18.414475418144956,74.47805879371515,270.0,320,310,290,285,275,255,280.0,275,235,260,16.85,11.53,8.05,8.15,8.16,8.1,8.33,8.45,8.4,8.44,8.28,13.75,8.1875,8.4375,9.0625,8.3125,7.25,9.5625,8.25,17.0625,837.0,668.5,499.0,453.5,356.0,296.5,245.0,210.5,174.5,1832.0,1564.5,1240.0,1157.5,922.5,700.0,573.5,497.5,414.5,2.458,2.484,1.781,1.86,1.509,1.054,0.5,0.25,0.073,0.023,0.011,2.309,2.533,1.873,1.974,1.457,1.948,1.269,0.847,0.629,0.517,520.8460067389126,407.61861396958386,123.19140333302978,113.56707494763681,105.86761223932247,98.1681495310081,90.46868682269374,82.76922411437938,76.99462708314361,71.22003005190784,67.37029869775066,1904.2409499999999,11.315,11.25,11.32,11.29,11.235,11.375,11.27,11.275,11.185,11.21,11.215,1770.8075767234318,1789.53865768145,327.18515663418634,341.69814224569717,277.2163960477188,193.62894727256173,91.85433931335945,45.92716965667972,13.410733539750478,4.2252996084145344,2.0207954648939075,-1295.9194688462028,1758.081727529369,8039.480624999999,3.405,3405.0,16.85,3559.113173899511,40.433237759719226,2.19,4.96,2522.6770264145252,85.25166682143188,277.72727272727275,295.0,273.8888888888889,9.965833333333334,15.076666666666668,8.262222222222224,11.267272727272728,11.282499999999999,11.26388888888889,9.98611111111111,415.6111111111111,989.1111111111111,1.5455999999999999,2.471,1.31425,363.48052009772,2,2025-06,24,False,True,320.0,0.5116666666666666,0.4883333333333334,3721643.5504885996,1817402.6004885996,581.568832156352,1095.4146219824293,0.5752500081370634,807.256648452648,580.2157160753408,227.04093237730729,28.125,0.7447805879371515,70.39337937151545,0.7447805879371515,0.9289253421186011,68.74184941769957,1.6310694875823617,1878.8408789085552,PostChange,0,1,660.8592488492714,0.34704602316701116,0.14748333178568113,0.07664980586433144,99.51991898148148,88.54879069378511,3189.066666666667,146.11805425546,500.1870411470401,0.9,Sulfide Super Grade,0.07851981354585698,2.19,1.98852,0.013797,0.053655,0.11125199999999999,0.020586,0.0030659999999999997,0.188559,0.64,>80%,2.002317,0.18768299999999982
2025-06-13,141.63153050108932,3399.156732026144,51.0,2.11,2.36,2.235,4.47,5.02,4.744999999999999,140.0,360.0,0.0,0.4956682844154009,0.0,5710.842001764705,250.0,808.0452017647059,8.857916666666668,17.436401515151516,73.70568181818182,140.0,360,350,235,320,305,290,265.0,260,250,250,18.48,13.78,8.33,8.29,8.25,8.27,8.5,8.53,8.5,8.48,8.34,12.6875,9.6875,8.9375,8.75,12.3125,9.6875,9.1875,6.5625,17.625,624.0,539.0,427.0,356.0,313.0,255.0,203.0,165.0,124.0,1745.75,1469.0,1127.0,1007.5,818.0,680.25,531.75,456.0,362.5,1.967,1.889,1.64,0.836,0.564,0.125,0.136,0.098,0.035,0.017,0.009,2.58,2.781,2.808,1.971,1.795,0.907,0.862,0.77,0.436,0.356,450.7364975450082,360.58919803600656,111.10654664484451,101.52839607201311,95.78150572831424,90.03461538461538,80.45646481178396,74.70957446808511,70.87831423895254,67.04705400981997,63.215793780687406,2553.54,12.86,11.02,11.285,11.219999999999999,11.379999999999999,11.345,11.2,11.395,11.395,11.315000000000001,11.43,1419.7168576104748,1363.4189852700492,301.8432078559738,153.86641571194764,103.80461538461537,23.006342062193127,25.030900163666125,18.036972176759413,6.441775777414076,3.1288625204582656,1.656456628477905,1483.3637466632963,1566.0839607201308,9258.14953125,0.0,0.0,18.48,4902.796799999999,30.00744244564463,2.235,4.744999999999999,3399.156732026144,85.85068188692644,275.0,250.0,280.55555555555554,10.519166666666667,16.91333333333333,8.387777777777778,11.440454545454545,11.94,11.32944444444444,10.604166666666666,334.0,910.8611111111111,1.3760999999999999,1.928,1.238125,533.3480818414323,2,2025-06,24,False,True,360.0,0.51,0.49,5006941.176470588,2453401.176470588,883.2244235294116,1663.5983473165436,0.6514870913776732,1223.6964235294117,849.789183006536,373.9072405228758,30.555555555555554,0.7370568181818181,71.97014678030303,0.7370568181818181,0.9114208333333333,72.56170150829533,1.6473219886363635,2505.3716454084965,PostChange,0,1,1003.642211936929,0.39303954977675265,0.14149318113073556,0.06303798982510049,111.54699652777778,67.06663386601575,3786.9,161.07310481832297,744.3359749247402,0.9,Sulfide Super Grade,0.07821207626983473,2.235,2.0293799999999997,0.0140805,0.0547575,0.11353799999999999,0.021009,0.003129,0.19243349999999998,0.64,>80%,2.0434604999999997,0.1915395000000002
2025-06-14,137.57381736173036,3301.771616681529,51.916666666666664,2.38,2.44,2.41,5.14,4.98,5.0600000000000005,50.0,405.0,0.0,0.4586075208826582,0.0,6139.697839320386,290.0,830.0080663203853,5.450787971069662,10.539840121811952,84.00937190711838,50.0,405,365,325,360,350,345,330.0,310,355,305,,0.0,0.0,0.0,0.0,0.0,0.0,0.0,0.0,0.0,0.0,14.75,11.4375,8.5,9.4,15.75,6.9375,7.375,8.125,12.625,806.0,553.5,468.5,377.5,300.0,253.0,203.5,158.5,102.0,1659.5,1373.5,1014.0,857.5,713.5,660.5,490.0,414.5,310.5,1.927,1.936,1.392,0.868,0.704,0.522,0.221,0.079,0.036,0.017,0.007,2.275,2.252,2.7285,2.1685,1.947,1.6515,1.0725,0.8085,0.5415,0.38749999999999996,501.3366041542483,408.7821541565409,116.04014168462562,112.10657755972306,108.17301343482052,100.30588518501538,92.43875693521025,86.5384107478564,80.63806456050256,78.67128249805128,72.77093631069744,2546.6138,11.254999999999999,11.305,11.515,11.515,11.465,11.370000000000001,11.434999999999999,11.434999999999999,11.2,11.344999999999999,11.415,1376.5295520198085,1382.9585950754276,253.56145811362282,158.11159888119585,128.2379788160851,95.08554679260857,40.25652459993581,14.390341372827734,6.557623916731624,3.096655738456601,1.2750935393644827,1849.946747893749,1757.8018272272918,11168.6971875,0.0,0.0,17.125,5309.689773000001,30.892506157805027,2.41,5.0600000000000005,3301.771616681529,86.48128803660701,318.1818181818182,227.5,338.3333333333333,17.125,17.125,,11.386818181818182,11.28,11.410555555555558,10.544444444444444,358.05555555555554,832.6111111111111,1.5168499999999998,1.9315,1.4131874999999998,594.7726807927979,2,2025-06,24,False,True,405.0,0.5191666666666667,0.48083333333333333,4905195.120385233,2358581.320385233,955.2254347560194,1799.2159322595123,0.7065130693391798,1337.2175047560193,957.5137688376435,379.70373591837574,28.395061728395056,0.8400937190711839,63.40088503996956,0.8400937190711839,0.9454921202893034,50.0,2.0246258629615532,2773.797596981661,PostChange,0,1,1085.4597571089707,0.4262365016277579,0.1351871196339298,0.06596415826952652,180.57361111111112,74.45093984031011,6935.625,168.04909523196997,746.5595297361887,0.9,Sulfide Super Grade,0.0810712540572713,2.41,2.1882800000000002,0.015183,0.05904500000000001,0.12242800000000001,0.022654,0.0033740000000000003,0.20750100000000002,0.64,>80%,2.203463,0.20653699999999997
2025-06-15,139.9756090612743,3359.414617470583,51.541666666666664,2.13,2.27,2.2,4.87,5.03,4.95,225.0,365.0,0.0,0.4265080428098847,0.0,5645.4300295992325,290.0,891.5912950190783,8.738033157498117,18.114498869630747,73.14746797287114,225.0,365,370,340,330,265,265,275.0,255,240,285,15.77,9.09,8.57,8.48,8.63,8.27,8.66,8.88,8.74,8.63,8.14,14.125,9.5,10.6875,11.3125,10.3125,10.4375,10.875,6.9375,15.625,971.0,768.5,592.5,459.0,336.0,255.0,213.0,144.5,116.0,1920.25,1656.75,1090.5,874.5,679.5,576.75,445.5,399.5,327.25,2.111,2.29,2.61,1.632,1.562,1.21,0.833,0.224,0.071,0.032,0.01,2.683,2.95,2.786,2.363,2.361,1.857,1.6,1.179,0.685,0.22,518.8668296360604,404.4109113339883,120.63653789038405,110.9077848347079,103.12478239016701,97.28753055676133,91.45027872335564,83.66727627881474,75.88427383427384,73.9385232231386,71.99277261200338,2563.3659,11.0,11.219999999999999,11.350000000000001,11.344999999999999,11.29,11.365,11.365,11.25,11.305,11.44,11.35,1514.4161888008043,1642.8294989833453,477.4607742569281,298.550185282493,285.7447239039547,221.35154668616207,152.3849904046058,40.97747641132257,12.988396541088848,5.85392520161751,1.8293516255054718,101.60051535401362,1752.1675013136553,12767.0053125,0.0,0.0,15.77,4753.838734580154,30.36243263024177,2.2,4.95,3359.414617470583,84.20684889646269,292.27272727272725,295.0,291.6666666666667,9.8025,13.543333333333331,8.555555555555555,11.298181818181819,11.11,11.34,11.090277777777779,428.3888888888889,885.6111111111111,1.7451999999999999,2.2005,1.631375,607.7441334877509,2,2025-06,24,False,True,365.0,0.5154166666666666,0.48458333333333337,4973385.739692805,2410019.8396928054,879.657241487874,1656.8793776064836,0.6463686583356998,1226.1863353767628,974.230239066469,251.9560963102938,20.547945205479458,0.7314746797287113,72.24410324039187,0.7314746797287113,0.9126196684250187,73.64311896110902,1.609244295403165,2457.3267313902456,PostChange,0,1,999.5886844537962,0.3899516196473536,0.15793151103537317,0.0646540649846494,108.71244791666668,66.7973517865319,3577.9125,165.90833678028736,753.12356653219,0.9,Sulfide Super Grade,0.078069917729023,2.2,1.9976000000000003,0.01386,0.0539,0.11176,0.020680000000000004,0.0030800000000000003,0.18942,0.64,>80%,2.01146,0.18854000000000015
2025-06-16,142.07464531709942,3409.791487610386,51.09090909090909,2.11,2.25,2.1799999999999997,5.18,4.42,4.8,235.0,300.0,0.0,0.3985583415033115,0.0,5603.725057790036,230.0,663.5114711325623,9.95,18.866923076923076,71.18307692307692,235.0,300,285,265,300,285,285,285.0,290,260,275,19.0,14.84,8.33,8.3,8.34,8.15,8.39,8.48,8.48,8.54,8.34,12.75,10.6875,11.375,11.1875,10.8125,13.0,12.75,15.0625,19.625,1103.0,825.5,649.0,493.0,339.0,274.0,203.0,143.5,117.5,1920.25,1656.75,1090.5,874.5,679.5,576.75,445.5,399.5,327.25,2.08,1.96,1.363,1.146,0.859,0.607,0.509,0.439,0.112,0.033,0.01,2.781,3.004,2.671,2.465,2.099,1.446,0.876,0.734,0.454,0.419,429.3249280254145,497.1130745557432,86.42988682616898,74.90590191601311,71.06457361262783,65.3025811575499,59.54058870247196,55.69926039908667,53.778596247394034,51.857932095701386,44.17527548893081,2568.2605000000003,10.9,10.965,11.399999999999999,11.280000000000001,11.235,11.370000000000001,11.455,11.434999999999999,11.48,11.385,11.41,1499.7557827856645,1413.231410701876,250.60702819418245,210.70847711704553,157.93942569244513,111.60562444157648,93.58692395512756,80.71642360766405,20.592800555941626,6.067521592375658,1.8386429067805024,1097.8260695416548,1489.1925990271022,11313.64875,0.0,0.0,19.0,4940.213586657474,29.913852612577948,2.1799999999999997,4.8,3409.791487610386,88.159457070254,278.6363636363636,267.5,281.1111111111111,10.6825,17.613333333333333,8.372222222222224,11.301363636363638,10.932500000000001,11.383333333333333,13.027777777777779,460.8333333333333,885.6111111111111,1.5204,2.02,1.3955,491.7167790035587,2,2025-06,25,False,True,300.0,0.510909090909091,0.489090909090909,5026844.395017793,2458583.895017793,737.5751685053378,1389.2605306858804,0.5409344303998291,1022.9374462831158,784.2520421503889,238.68540413272694,23.333333333333325,0.7118307692307693,74.22932692307693,0.7118307692307693,0.9005,79.20760794226771,1.5517910769230767,2427.1944975422302,PostChange,0,1,838.1353072533093,0.32634357272298087,0.11840542929745987,0.05353581714059188,139.1692361111111,65.21219869541991,3204.7499999999995,137.61404764198332,637.2725495231125,0.9,Sulfide Super Grade,0.07717539998337698,2.1799999999999997,1.9794399999999999,0.013733999999999998,0.05340999999999999,0.11074399999999998,0.020492,0.0030519999999999996,0.18769799999999998,0.64,>80%,1.9931739999999998,0.18682599999999994
2025-06-17,136.46843680555554,3275.242483333333,51.25,2.01,1.93,1.9699999999999998,4.57,4.26,4.415,210.0,435.0,0.0,0.3748544167858214,0.0,4885.706972474999,220.0,736.9799298749999,8.083821138211382,13.907073170731708,78.0091056910569,210.0,435,390,435,360,375,355,375.0,365,380,355,19.37,12.25,8.34,8.44,8.43,8.14,8.48,8.54,8.62,8.64,8.48,12.0625,10.3125,10.375,10.5625,10.25,9.5625,10.75,18.3125,21.8125,1122.0,843.5,538.0,343.0,295.5,210.0,170.0,158.5,145.0,2181.0,1940.0,1167.0,891.5,645.5,493.0,401.0,384.5,344.0,1.262,1.723,1.204,0.935,0.811,0.73,0.292,0.189,0.098,0.029,0.015,1.455,2.503,2.275,2.076,1.858,1.538,1.395,0.949,0.639,0.36,605.3315105946684,438.8653451811346,98.4042036910458,73.32077922077922,67.5322966507177,59.81431989063568,54.02583732057417,48.237354750512644,44.37836637047163,59.81431989063568,67.5322966507177,2478.25935,10.835,10.765,11.015,11.115,11.035,11.030000000000001,11.205,11.085,11.145,11.105,11.14,908.3294600136705,1240.1360218728641,220.97885167464113,171.60733082706767,148.8487115516063,133.98219412166782,53.59287764866712,34.68854066985646,17.986650717703352,5.32258031442242,2.7530587833219413,1213.3872602897382,1617.256630211893,13305.740624999999,0.0,0.0,19.37,4148.7270426,31.142732337848432,1.9699999999999998,4.415,3275.242483333333,84.91559289112132,366.8181818181818,322.5,376.6666666666667,10.591666666666667,16.996666666666666,8.456666666666667,11.04318181818182,10.8,11.097222222222223,12.666666666666666,425.05555555555554,938.6111111111111,1.4075,1.4925000000000002,1.3862499999999998,450.974872173913,2,2025-06,25,False,True,435.0,0.5125,0.48750000000000004,4835628.0,2357368.6500000004,1025.4553627500002,1931.4975914057459,0.7793766989745226,1424.7304802499998,720.5533463333333,704.1771339166665,49.42528735632184,0.7800910569105691,68.79669715447154,0.7800910569105691,0.9191617886178862,58.94730996100716,1.536779382113821,2554.9873704618967,PostChange,0,1,1165.2647516248442,0.47019483720492944,0.15084407108878678,0.08903522099272317,134.1611111111111,61.351182705561406,4607.375,220.8110618727824,980.4506532483317,0.9,Sulfide Super Grade,0.08013255184684956,1.9699999999999998,1.78876,0.012410999999999998,0.048264999999999995,0.10007599999999998,0.018518,0.0027579999999999996,0.169617,0.64,>80%,1.8011709999999999,0.1688289999999999
2025-06-18,135.82288019822005,3259.749124757281,51.5,1.67,1.88,1.775,4.21,4.98,4.595000000000001,565.0,240.0,0.0,0.353763020163593,0.0,4412.045873874756,190.0,689.0429828118932,9.443025958930647,15.853808601317322,74.70316543975203,565.0,240,230,205,180,195,185,190.0,180,190,180,18.94,13.11,8.37,8.4,8.44,8.09,8.38,8.54,8.56,8.61,8.28,14.1875,12.0625,9.75,9.625,14.25,12.625,12.375,16.5,21.5625,1397.0,825.5,478.0,379.5,282.5,228.0,182.5,145.0,117.5,2055.75,1825.25,1287.25,888.5,672.5,499.5,413.5,350.25,304.75,1.977,2.287,1.434,1.239,1.027,0.733,0.379,0.169,0.074,0.017,0.008,2.729,2.951,2.473,2.369,2.075,1.519,1.313,0.97,0.874,0.455,503.0035626198959,449.65469991778565,106.88825705672788,103.00141134557413,91.34087421211291,83.56718278980543,75.79349136749795,64.13295423403673,56.35926281172924,50.52899424499863,44.69872567826802,2484.3415499999996,10.899999999999999,10.795,10.92,10.975000000000001,10.835,10.780000000000001,10.985,11.0,10.835,11.05,11.015,1418.953959989038,1641.450534392984,262.452652781584,226.76348451630585,187.96295286379828,134.15466840230198,69.36510139764319,30.930612496574405,13.543581803233762,3.1113633872293778,1.4641710057550013,-263.2784735061773,1628.9694162784326,11491.861874999999,0.0,0.0,18.94,3723.0028910628625,31.29075155671523,1.775,4.595000000000001,3259.749124757281,84.38268770295535,230.9090909090909,402.5,192.77777777777777,10.555000000000001,16.996666666666666,8.407777777777778,10.917272727272728,10.8475,10.93277777777778,13.659722222222221,448.3888888888889,921.9166666666666,1.6312000000000002,2.132,1.5060000000000002,386.546346699029,2,2025-06,25,True,False,565.0,0.515,0.485,4823964.174757281,2339622.6247572815,1321.886782987864,2489.841323375681,1.0022137750647375,1841.7582554878638,619.3523337038835,1222.4059217839804,66.3716814159292,0.7470316543975203,71.71241282448663,0.7470316543975203,0.9055697404106935,70.88155397485944,1.3259811865555984,2435.1357815883007,PostChange,0,1,1502.1112861740871,0.6046315516375305,0.1561731229704465,0.12805850531735397,144.17836805555558,55.54108401316953,5963.575000000001,318.30806587005145,1402.7196034814908,0.9,Sulfide Super Grade,0.07913946276269129,1.775,1.6117,0.0111825,0.0434875,0.09016999999999999,0.016685,0.002485,0.15282749999999998,0.64,>80%,1.6228825,0.1521174999999999
2025-06-19,141.17746905615297,2541.1944430107533,51.666666666666664,1.98,1.96,1.97,4.39,4.37,4.38,440.0,360.0,2.332988832074958,0.437311584948963,4.54,3835.4436051096777,170.0,546.7009011096775,7.228036688150719,21.819652949925633,70.95231036192365,440.0,360,305,300,260,265,240,240.0,225,235,205,19.0,12.44,8.38,8.4,8.41,8.01,8.33,8.45,8.51,8.54,8.38,12.875,9.5,10.9375,10.125,10.8125,11.5,15.0625,16.75,25.75,963.5,816.5,650.0,397.0,307.5,229.0,185.5,130.0,110.5,1930.5,1710.5,1407.5,885.5,699.5,506.0,426.0,316.0,265.5,2.129,2.121,1.238,0.917,0.576,0.335,0.156,0.04,0.003,0.001,0.001,2.273,2.358,2.214,2.043,1.649,1.402,1.293,0.924,0.708,0.337,39.05489478499542,34.46020128087831,99.58998170173832,91.77900274473924,89.82625800548948,83.96802378774017,78.10978956999085,72.25155535224154,68.34606587374199,64.44057639524245,60.535086916742905,1946.0016,10.73,10.76,11.05,11.09,11.11,11.120000000000001,11.155000000000001,11.15,11.055,11.085,11.065000000000001,1525.166514181153,1519.4354986276305,226.15303751143642,167.51400274473926,105.22144556267155,61.19650045745655,28.497474839890213,7.30704483074108,0.548028362305581,0.182676120768527,0.182676120768527,-352.40357356555546,782.3614364135407,9391.03640625,4.54,4540.0,19.0,3288.7427040000002,40.13860500936424,1.97,4.38,2541.1944430107533,85.74608422396439,279.54545454545456,400.0,252.77777777777777,10.487499999999999,16.813333333333333,8.378888888888888,11.033636363636363,10.745000000000001,11.09777777777778,13.70138888888889,421.05555555555554,905.2222222222222,1.482,2.125,1.3212499999999998,269.1104596914447,2,2025-06,25,True,False,440.0,0.5166666666666666,0.4833333333333334,3766454.70967742,1820453.10967742,800.9993682580647,1508.7232528181303,0.7752939426247801,1118.1255549247314,432.00305531182806,686.1224996129033,61.36363636363635,0.7095231036192365,72.67232895389192,0.7095231036192365,0.9277196331184928,75.9161134999491,1.3977605141298959,1803.0361681049467,PostChange,0,1,910.2066884723507,0.46773172667090857,0.14253915776035614,0.11471945498398688,143.69331597222222,79.07305186844755,4614.499999999999,223.34912005522816,765.845479372252,0.9,Sulfide Super Grade,0.07805903314049642,1.97,1.7887600000000001,0.012411,0.048265,0.100076,0.018518,0.002758,0.16961700000000002,0.64,>80%,1.801171,0.1688289999999999
2025-06-20,139.86198350267674,3356.6876040642414,51.791666666666664,1.94,1.93,1.935,4.18,4.12,4.15,365.0,350.0,0.8799404586544275,0.4607682111265826,2.27,4996.560671504425,380.0,550.1455251327434,5.629024390243902,18.078048780487805,78.7929268292683,365.0,350,305,325,305,315,355,345.0,325,355,340,20.21,13.71,8.29,8.28,8.31,8.0,8.34,8.32,8.39,8.41,8.32,14.8125,11.875,10.125,11.3125,10.25,12.0,14.5625,13.4375,24.125,857.5,579.0,411.5,313.0,219.0,171.5,126.0,108.0,81.0,2017.25,1650.75,1143.75,850.25,614.75,481.0,383.0,277.0,236.75,1.62,1.56,1.597,1.479,1.083,0.863,0.347,0.148,0.055,0.019,0.009,2.613,2.431,2.079,2.002,1.7254999999999998,1.5175,1.2945,1.1179999999999999,0.9884999999999999,0.8135000000000001,445.74824246032654,514.916073186929,80.34996336073645,74.47069774897525,64.67192172937325,56.83290091369164,48.99388009801004,43.11461448624883,41.15485928232843,39.195104078408036,33.31583846664683,2579.7200000000003,10.850000000000001,10.915,11.145,11.16,10.92,11.105,11.07,11.24,10.955,11.09,11.205,1158.8811284893175,1115.9596052119352,291.3191088644119,269.79396494080476,197.55704126497062,157.42541700061832,63.298516453319294,26.99763814147336,10.032906066088074,3.4659130046486073,1.6417482653598665,1154.16470980216,1442.7640958116747,8954.731406249999,2.27,2270.0,20.21,4446.415146371682,30.387099435913992,1.935,4.15,3356.6876040642414,88.98951576290779,335.0,357.5,330.0,10.7325,18.043333333333333,8.295555555555556,11.059545454545455,10.8825,11.098888888888888,13.61111111111111,318.5,850.5,1.4718499999999999,1.59,1.4423124999999999,793.4518137745288,2,2025-06,25,True,False,365.0,0.5179166666666667,0.4820833333333333,4980955.75221239,2401235.75221239,876.4510495575223,1650.8403512226814,0.6399300510220804,1225.190975483448,1275.5412895444117,-50.35031406096368,-4.109589041095896,0.7687114812611541,67.88786436644854,0.7687114812611541,0.9450826888756693,61.08759444144632,1.4874567162403332,2580.324300251177,PostChange,0,1,995.9453640528344,0.38606723367374535,0.11010484237092209,0.07305024876043412,146.08124999999998,58.799037408493575,3917.3625,188.62951612653163,853.1430593240765,0.9,Sulfide Super Grade,0.07958465390301167,1.935,1.7569800000000002,0.0121905,0.047407500000000005,0.098298,0.018189,0.002709,0.1666035,0.64,>80%,1.7691705,0.16582950000000007
2025-06-21,136.2982114886154,3271.1570757267696,51.916666666666664,1.83,1.99,1.9100000000000001,4.24,4.566,4.4030000000000005,250.0,310.0,0.0,0.43806390853231836,0.0,4822.437360280256,220.0,547.1186823736757,8.00625382262997,16.949724770642202,77.54402140672782,250.0,310,280,275,265,285,270,300.0,270,255,245,,0.0,0.0,0.0,0.0,0.0,0.0,0.0,0.0,0.0,0.0,13.0625,9.3125,10.75,11.8125,12.4375,14.375,10.375,18.5,23.9375,919.5,588.0,344.5,303.0,225.5,177.5,124.0,93.5,82.5,2104.0,1591.0,880.0,815.0,530.0,456.0,340.0,238.0,208.0,1.328,1.86,2.12,1.068,0.88,0.828,0.319,0.233,0.104,0.03,0.013,1.789,2.267,2.217,1.75,1.42,1.265,1.096,0.843,0.567,0.429,485.9108624879637,401.0692833233986,84.57162868540512,80.63806456050256,68.83737218579486,64.9038080608923,62.93702599844102,60.97024393598974,57.036679811087176,53.103115686184616,49.16955156128205,2523.0011999999997,10.934999999999999,11.09,11.265,11.7,11.66,11.615,11.93,11.84,11.65,11.864999999999998,11.879999999999999,948.6410197624836,1328.6688981613097,386.17118620752905,194.54284286303823,160.2974735201064,150.82535008482736,58.10783415103857,42.442399238846356,18.94424687055803,5.464686597276354,2.3680308588197536,980.4073284864681,1469.1476362969418,9538.95234375,0.0,0.0,19.965,4275.31867790658,31.181627063059373,1.9100000000000001,4.4030000000000005,3271.1570757267696,88.65472702911626,273.1818181818182,280.0,271.6666666666667,19.965,19.965,,11.584545454545454,11.0125,11.711666666666666,13.840277777777779,317.55555555555554,795.7777777777778,1.2775,1.594,1.1983750000000002,447.0232009602903,2,2025-06,25,False,True,310.0,0.5191666666666667,0.48083333333333333,4859713.386837881,2336712.1868378813,724.3807779197432,1364.4082215928752,0.5407877814694957,1014.0586934752986,719.6545566598893,294.4041368154093,29.03225806451613,0.7565270381144178,70.09892220481838,0.7565270381144178,0.9218902066084881,66.43086633252507,1.4449666427985381,2474.7187737065933,PostChange,0,1,823.142008834807,0.32625510001137026,0.1134527297088375,0.0642828463783269,276.32114583333333,59.55690769044341,6189.15,162.30281516850695,714.3461142050958,0.9,Sulfide Super Grade,0.07873002716672454,1.9100000000000001,1.7342800000000003,0.012033,0.046795,0.097028,0.017954,0.002674,0.164451,0.64,>80%,1.7463130000000002,0.16368699999999992
2025-06-22,144.10453396077,3458.50881505848,50.666666666666664,1.76,1.81,1.7850000000000001,4.38,4.59,4.484999999999999,420.0,420.0,0.0,0.4171023845463458,0.0,4599.409176759869,240.0,662.4273292598687,7.3063414634146335,18.964878048780488,73.72878048780488,420.0,420,375,365,345,340,335,345.0,350,350,305,19.72,12.45,8.3,8.33,8.38,8.02,8.34,8.45,8.48,8.5,8.22,13.6875,10.75,9.8125,10.125,11.1875,13.3125,13.5,12.375,21.1875,1084.5,628.5,353.0,313.5,236.0,169.0,130.5,87.0,68.0,1952.5,1477.0,985.0,725.5,448.75,389.5,299.0,225.5,184.0,1.38,1.56,1.698,1.435,1.068,0.763,0.357,0.149,0.077,0.02,0.008,1.78,2.17,1.924,1.838,1.678,1.453,1.237,0.966,0.908,0.761,386.8890500362582,297.6069615663525,92.96497461928934,85.37599709934734,83.47875271936185,81.58150833937636,73.99253081943436,66.40355329949237,58.814575779550395,51.22559825960841,45.533865119651914,2573.1907500000007,11.79,11.555,11.52,11.695,11.39,11.54,11.844999999999999,11.66,11.555,11.620000000000001,11.36,999.7244379985498,1130.1232777374912,313.67440899202325,265.08997461928936,197.29344452501817,140.95027918781727,65.94921319796956,27.525021754894855,14.224340101522845,3.6946337926033364,1.4778535170413345,778.1485560514967,1323.867367657723,8151.433593749998,0.0,0.0,19.72,3936.9818475000006,29.492479404964385,1.7850000000000001,4.484999999999999,3458.50881505848,85.5975560381317,359.09090909090907,420.0,345.55555555555554,10.575833333333334,17.296666666666667,8.335555555555555,11.593636363636366,11.6725,11.576111111111112,12.881944444444445,341.1111111111111,742.9722222222222,1.3705,1.47,1.3456249999999996,522.8817816933641,2,2025-06,25,False,True,420.0,0.5066666666666666,0.4933333333333334,5078665.95394737,2505475.2039473695,1052.2995856578952,1982.0600573825307,0.7702732715724748,1452.5737023245617,830.0421156140353,622.5315867105264,42.857142857142854,0.7372878048780487,70.98597560975608,0.7372878048780487,0.9269365853658537,70.6672153917383,1.316058731707317,2549.916372405848,PostChange,0,1,1195.7688845940686,0.4647027759578524,0.14402443961868308,0.09131607644786151,136.23729745370372,52.64407573786143,4441.85,235.29279948011492,1110.3915705696497,0.9,Sulfide Super Grade,0.07868747550899649,1.7850000000000001,1.62078,0.0112455,0.04373250000000001,0.09067800000000001,0.016779000000000002,0.0024990000000000004,0.15368850000000003,0.64,>80%,1.6320255000000001,0.1529745
2025-06-23,138.65535614680945,3327.7285475234266,51.875,1.99,2.18,2.085,4.57,4.796,4.683,595.0,525.0,1.560321036053168,0.4691215727570698,4.0,5347.4321313253,370.0,580.3717594879517,7.182165413533835,17.15462781954887,75.6632067669173,595.0,525,540,485,510,525,470,450.0,475,460,430,20.17,13.12,8.43,8.24,8.39,7.91,8.39,8.35,8.44,8.36,8.22,13.0,9.8125,11.875,11.375,13.75,11.5,13.3125,11.875,17.625,789.0,666.0,449.5,267.5,151.5,115.5,97.5,83.5,62.0,1952.5,1477.0,985.0,725.5,448.75,389.5,299.0,225.5,184.0,1.62,1.58,1.204,0.796,0.602,0.482,0.386,0.097,0.04,0.015,0.003,2.153,2.361,2.103,1.809,1.565,1.334,1.138,0.919,0.581,0.388,423.7023031969749,346.6655207975249,88.39970780336887,80.54195599862496,78.577518047439,72.68420419388107,68.75532829150912,64.82645238913717,60.89757648676522,56.96870058439327,49.11094877964937,2563.575,11.615,11.495,11.68,11.715,11.495000000000001,11.415,11.620000000000001,11.61,11.54,11.695,11.715,1157.7793056033001,1129.1921622550703,219.42061876933653,145.06545892059128,109.71030938466826,87.8411447232726,70.34581299415606,17.6775747679615,7.2897215537985565,2.7336455826744586,0.5467291165348918,1820.9035485518805,1391.1302165692678,9897.8090625,4.0,4000.0,20.17,4767.060371837349,30.651538592566627,2.085,4.683,3327.7285475234266,89.14672042141257,496.8181818181818,560.0,482.77777777777777,10.6825,17.82,8.303333333333333,11.599545454545455,11.555,11.609444444444442,12.680555555555555,298.0,742.9722222222222,1.3036999999999999,1.6,1.229625,765.1781220534309,2,2025-06,26,True,False,595.0,0.51875,0.48124999999999996,4941831.325301205,2378256.325301205,1415.0625135542168,2665.342574530829,1.0396975218321405,1979.9984857764389,1231.259562583668,748.7389231927709,37.81512605042016,0.7566320676691729,69.69934915413533,0.7566320676691729,0.9281783458646616,65.80037643013101,1.5775778610902256,2517.8661315543836,PostChange,0,1,1607.99048723916,0.6272453457531612,0.10853279578587437,0.1112683593522366,135.46003472222222,63.90845796550142,6356.0875,285.3703339552328,1278.335631258761,0.9,Sulfide Super Grade,0.07983510300203256,2.085,1.89318,0.0131355,0.0510825,0.105918,0.019599000000000002,0.0029189999999999997,0.1795185,0.64,>80%,1.9063155,0.1786844999999999
2025-06-24,143.2121557580461,3437.0917381931063,50.458333333333336,1.97,2.046,2.008,4.36,4.631,4.4955,660.0,590.0,0.0,0.44887003960425537,0.0,5106.520226901156,400.0,561.7015457011561,6.92330553449583,12.879230477634573,80.19746398786958,660.0,590,515,625,545,460,535,510.0,480,455,450,,0.0,0.0,0.0,0.0,0.0,0.0,0.0,0.0,0.0,0.0,14.4375,12.125,10.5,11.125,15.75,14.25,17.25,11.25,18.75,1008.0,650.5,499.0,253.0,151.0,134.5,107.5,83.0,66.0,1801.0,1363.0,1090.0,636.0,367.5,323.0,258.0,213.0,160.0,1.79,1.77,1.158,0.765,0.572,0.473,0.378,0.094,0.045,0.018,0.004,2.37,1.995,1.7,1.475,1.348,1.128,0.96,0.78,0.612,0.395,354.97613823988416,303.2087847465677,77.31824011037479,73.54661864157602,71.66080790717663,69.77499717277725,66.00337570397848,62.23175423517971,58.46013276638094,52.80270056318279,47.14526835998463,2541.8449,11.545,11.47,11.575,11.57,11.415,11.344999999999999,11.515,11.565000000000001,11.46,11.575,11.600000000000001,1299.7165991902832,1285.1946260149728,214.40967294687078,141.64369585868408,105.90875036753894,87.57838972700335,69.98864971840861,17.40458485060955,8.331982109334357,3.332792843733743,0.7406206319408318,1310.8416130377682,1237.128818447063,10422.591093749998,0.0,0.0,20.17,4544.8186812,29.67625183423874,2.008,4.4955,3437.0917381931063,89.00030704388261,529.5454545454545,625.0,508.3333333333333,20.17,20.17,,11.512272727272729,11.5075,11.513333333333334,13.9375,328.05555555555554,690.1666666666666,1.1958,1.78,1.04975,868.0583308368936,2,2025-06,26,True,False,660.0,0.5045833333333334,0.4954166666666666,5037512.601156069,2495667.701156069,1647.1406827630055,3102.473668801495,1.2205597866343045,2268.48054720745,1374.8366952772426,893.6438519302073,39.393939393939384,0.801974639878696,66.70365096664139,0.801974639878696,0.9307669446550417,50.0,1.6103650768764215,2756.4604089674576,PostChange,0,1,1871.7099235249084,0.7363588248539116,0.10999692956117386,0.12924652614183707,281.11937500000005,59.589913683151394,13312.2,328.68362209351545,1545.0489135021712,0.9,Sulfide Super Grade,0.08213079937946638,2.008,1.823264,0.012650400000000001,0.049196000000000004,0.1020064,0.0188752,0.0028112,0.1728888,0.64,>80%,1.8359144,0.17208559999999995
