Date,Leach_Feed_Throughput_M3Hr,Leach_Feed_Throughput_M3Day,Percent_Solids,Leach_Feed_Grade_Au_Gt_Ds,Leach_Feed_Grade_Au_Gt_Ns,Leach_Feed_Grade_Au_Gt_Day,Leach_Feed_Grade_Ag_Gt_Ds,Leach_Feed_Grade_Ag_Gt_Ns,Leach_Feed_Grade_Ag_Gt_Day,Free_CN_Leach_Tank_1_ppm,Free_CN_Leach_Tank_2_ppm,NaCN_Dose_kgpt_day,NaCN_Dose_kgpt_mtd,NaCN_Used_t_day,Au_Leach_Feed_g,WAD_CN_Tailings_ppm,Au_Tailings_g,Leach_Feed_Gt_150um_Day,Leach_Feed_Gt_75um_Day,Leach_Feed_Lt_75um_Day,Cyanide_Profile_Ppm_Leach_Tank_1,Cyanide_Profile_Ppm_Leach_Tank_2,Free_CN_Cil_Tank_1_ppm,Free_CN_Cil_Tank_2_ppm,Free_CN_Cil_Tank_3_ppm,Free_CN_Cil_Tank_4_ppm,Free_CN_Cil_Tank_5_ppm,Free_CN_Cil_Tank_6_ppm,Free_CN_Cil_Tank_7_ppm,Free_CN_Cil_Tank_8_ppm,Free_CN_Cil_Tank_9_ppm,DO_Leach_Tank_1_ppm,DO_Leach_Tank_2_ppm,DO_Cil_Tank_1_ppm,DO_Cil_Tank_2_ppm,DO_Cil_Tank_3_ppm,DO_Cil_Tank_4_ppm,DO_Cil_Tank_5_ppm,DO_Cil_Tank_6_ppm,DO_Cil_Tank_7_ppm,DO_Cil_Tank_8_ppm,DO_Cil_Tank_9_ppm,Carbon_Concentration_Cil_Tank_1_gpl,Carbon_Concentration_Cil_Tank_2_gpl,Carbon_Concentration_Cil_Tank_3_gpl,Carbon_Concentration_Cil_Tank_4_gpl,Carbon_Concentration_Cil_Tank_5_gpl,Carbon_Concentration_Cil_Tank_6_gpl,Carbon_Concentration_Cil_Tank_7_gpl,Carbon_Concentration_Cil_Tank_8_gpl,Carbon_Concentration_Cil_Tank_9_gpl,Au_Loading_Cil_Tank_1_gptc,Au_Loading_Cil_Tank_2_gptc,Au_Loading_Cil_Tank_3_gptc,Au_Loading_Cil_Tank_4_gptc,Au_Loading_Cil_Tank_5_gptc,Au_Loading_Cil_Tank_6_gptc,Au_Loading_Cil_Tank_7_gptc,Au_Loading_Cil_Tank_8_gptc,Au_Loading_Cil_Tank_9_gptc,Ag_Loading_Cil_Tank_1_gptc,Ag_Loading_Cil_Tank_2_gptc,Ag_Loading_Cil_Tank_3_gptc,Ag_Loading_Cil_Tank_4_gptc,Ag_Loading_Cil_Tank_5_gptc,Ag_Loading_Cil_Tank_6_gptc,Ag_Loading_Cil_Tank_7_gptc,Ag_Loading_Cil_Tank_8_gptc,Ag_Loading_Cil_Tank_9_gptc,Au_Dissolved_Leach_Tank_1_gpt,Au_Dissolved_Leach_Tank_2_gpt,Au_Dissolved_Cil_Tank_1_gpt,Au_Dissolved_Cil_Tank_2_gpt,Au_Dissolved_Cil_Tank_3_gpt,Au_Dissolved_Cil_Tank_4_gpt,Au_Dissolved_Cil_Tank_5_gpt,Au_Dissolved_Cil_Tank_6_gpt,Au_Dissolved_Cil_Tank_7_gpt,Au_Dissolved_Cil_Tank_8_gpt,Au_Dissolved_Cil_Tank_9_gpt,Ag_Dissolved_Leach_Tank_1_gpt,Ag_Dissolved_Leach_Tank_2_gpt,Ag_Dissolved_Cil_Tank_1_gpt,Ag_Dissolved_Cil_Tank_2_gpt,Ag_Dissolved_Cil_Tank_3_gpt,Ag_Dissolved_Cil_Tank_4_gpt,Ag_Dissolved_Cil_Tank_5_gpt,Ag_Dissolved_Cil_Tank_6_gpt,Ag_Dissolved_Cil_Tank_7_gpt,Ag_Dissolved_Cil_Tank_8_gpt,Au_Undissolved_Leach_Tank_1_gpdpt,Au_Undissolved_Leach_Tank_2_gpdpt,Au_Undissolved_Cil_Tank_1_gpdpt,Au_Undissolved_Cil_Tank_2_gpdpt,Au_Undissolved_Cil_Tank_3_gpdpt,Au_Undissolved_Cil_Tank_4_gpdpt,Au_Undissolved_Cil_Tank_5_gpdpt,Au_Undissolved_Cil_Tank_6_gpdpt,Au_Undissolved_Cil_Tank_7_gpdpt,Au_Undissolved_Cil_Tank_8_gpdpt,Au_Undissolved_Cil_Tank_9_gpdpt,Leach_Feed_Dry_t,Ph_Leach_Tank_01,Ph_Leach_Tank_02,Ph_Cil_Tank_01,Ph_Cil_Tank_02,Ph_Cil_Tank_03,Ph_Cil_Tank_04,Ph_Cil_Tank_05,Ph_Cil_Tank_06,Ph_Cil_Tank_07,Ph_Cil_Tank_08,Ph_Cil_Tank_09,Au_Dissolved_Leach_Tank_1_g,Au_Dissolved_Leach_Tank_2_g,Au_Dissolved_Cil_Tank_1_g,Au_Dissolved_Cil_Tank_2_g,Au_Dissolved_Cil_Tank_3_g,Au_Dissolved_Cil_Tank_4_g,Au_Dissolved_Cil_Tank_5_g,Au_Dissolved_Cil_Tank_6_g,Au_Dissolved_Cil_Tank_7_g,Au_Dissolved_Cil_Tank_8_g,Au_Dissolved_Cil_Tank_9_g,Sum_Au_Undissolved_Tank_g,Gold_In_Carbon_Total_Au_Grams,Gold_On_Carbon_Grams,NaCN_Used_t_day_cleaned,NaCN_Used_kg_day,Daily_NaCN_Used_Kgt,DO_Leach_Tank_1_ppm_Imputed,Residence_Time_hr,Au_Feed_Grade_ppm,Ag_Feed_Grade_ppm,Leach_Feed_Throughput_m3,Recovery_pct,Avg_Free_CN_Tank_ppm,Avg_Free_CN_Leach_ppm,Avg_Free_CN_Cil_ppm,Avg_DO_Tank_ppm,Avg_DO_Leach_ppm,Avg_DO_Cil_ppm,Avg_Ph_Tank,Avg_Ph_Leach_ppm,Avg_Ph_Cil_ppm,Avg_Carbon_Tank_gpl,Avg_Au_Loading_Tank_gpl,Avg_Ag_Loading_Tank_gpl,Avg_Au_Dissolved_Tank,Avg_Au_Dissolved_Leach,Avg_Au_Dissolved_Cil,WAD_CN_Tailings_ppm,CN_Loss_Tailings_Est_kg ,Month,Free_Cn_Leach_Adds_Tank_1,Free_Cn_Leach_Adds_Tank_2,Free_Cn_Leach_Adds_ppm,Solids_Fraction,Liquid_Fraction,Slurry_Mass_kg,Solution_Mass_kg,Calc_NaCN_Used_kg_day,Ultrafines_Fraction,Particle_Size,pct_lt_75,pct_lt_150,P80_um,Grade_x_Ultrafines,Throughput_x_Ultrafines,Supplier_Quality_Flag,Supplier_Quality_Early,Supplier_Quality_Post,Estimated_NaCN_Used_kg_scaled,Est_NaCN_Added_kg_day,Au_Tail_to_Feed_Solid_Ratio,CN_to_Au_Ratio,DO_Carbon_Interaction,Grade_x_RT,CN_x_DO,CN_per_Grade,NaCN_per_Grade,Residence_Time_Modifier,Inferred_Sample_Type
2024-06-01,140.38744529478458,3369.29868707483,51.041666666666664,2.08,2.13,2.105,7.8,5.99,6.895,485.0,470.0,0.0,0.0,0.0,5408.537506622448,312.0,838.7025320204081,15.655000000000001,22.020000000000003,65.85869169510808,485.0,470.0,450.0,435.0,425.0,425.0,450.0,435.0,405.0,385.0,375.0,,0.0,0.0,0.0,0.0,0.0,0.0,0.0,0.0,0.0,0.0,11.375,10.125,8.25,9.1875,10.0,6.375,4.6875,5.625,13.1875,866.0,451.5,326.0,252.0,198.0,178.0,158.0,122.0,98.5,1618.0,953.5,772.0,484.5,358.5,321.0,289.0,291.5,267.5,2.04,2.16,0.88,0.76,0.24,0.145,0.072,0.006,0.004,0.001,0.001,2.9698326086956524,3.172495081967213,2.682447513812155,2.1611602209944754,1.717613259668508,1.3640491712707181,1.0986574585635358,0.8377337016574586,0.624767955801105,0.4760165745856353,579.1415577032404,511.44968732234224,111.24030699260943,88.22507106310404,88.22507106310404,72.88158044343378,92.0609437180216,72.88158044343378,65.20983513359865,76.71745309835134,88.22507106310404,2534.1569999999997,11.46,11.47,11.395,11.25,11.24,11.3,11.24,11.26,11.285,11.34,11.305,1471.722569641842,1558.294485503127,161.88948266060262,139.813644115975,44.15167708925526,26.674971574758384,13.245503126776578,1.1037919272313816,0.7358612848209211,0.18396532120523026,0.18396532120523026,1846.2581580443434,6443.220468749999,1091.5918749921154,0.0,0.0,0.0,19.11,30.273362344302797,2.105,6.895,3369.29868707483,84.49298852058502,430.90909090909093,477.5,420.55555555555554,19.11,19.11,,11.322272727272729,11.465,11.290555555555557,8.756944444444445,294.44444444444446,595.0555555555555,1.5162445856353592,2.1,1.370305732044199,312.0,659.4654524933453,2024-06,True,False,485.0,0.5104166666666666,0.48958333333333337,4964879.020408163,2430722.0204081633,1178.9001798979593,0.6361087933486668,82.19362649421966,0.6361087933486668,0.8487931827438189,98.16150562266802,1.3390090099989436,2143.2405222664174,Early,1,0,1376.9254178407584,1376.9254178407584,0.15507011479414987,0.08967303996804034,167.34520833333335,63.72542773475739,9268.35,230.40270592538752,654.118231191661,0.9,Sulfide Super Grade
2024-06-02,139.86450500095665,3356.7481200229595,51.083333333333336,2.43,2.53,2.48,6.93,6.98,6.955,425.0,470.0,0.7912157643411318,0.3951075803858719,2.0,6271.254182379283,326.0,861.8574123792822,15.245,19.4,62.11766793168881,425.0,470.0,425.0,450.0,425.0,450.0,415.0,440.0,395.0,390.0,365.0,,0.0,0.0,0.0,0.0,0.0,0.0,0.0,0.0,0.0,0.0,11.25,10.75,8.5625,7.0625,8.375,5.0625,5.625,7.375,13.875,987.0,521.5,387.5,245.5,182.5,184.0,138.0,97.0,79.5,1618.0,953.5,772.0,484.5,358.5,321.0,289.0,291.5,267.5,2.44,2.36,1.04,0.4,0.16,0.08,0.022,0.012,0.005,0.001,0.001,2.9698326086956524,3.172495081967213,2.682447513812155,2.1611602209944754,1.717613259668508,1.3640491712707181,1.0986574585635358,0.8377337016574586,0.624767955801105,0.4760165745856353,549.7170025933847,542.1866326948451,119.05514809590973,111.37417079939941,103.69319350288912,96.01221620637881,80.6502616133582,72.96928431684789,72.96928431684789,61.44781837208244,53.76684107557214,2527.7555,10.3,11.120000000000001,11.29,11.305,11.344999999999999,11.29,11.305,11.32,11.335,11.34,11.395,1759.4776832430955,1701.7898903498792,191.23503344101186,73.55193593885072,29.420774375540287,14.710387187770143,4.0453564766367895,2.2065580781655214,0.919399199235634,0.1838798398471268,0.1838798398471268,1863.8418535875155,6838.1596875,1632.003712497136,2.0,2000.0,0.7912157643411318,21.56,30.38655161272641,2.48,6.955,3356.7481200229595,86.25701674154918,422.72727272727275,447.5,417.22222222222223,21.56,21.56,,11.21318181818182,10.71,11.325,8.659722222222221,313.6111111111111,595.0555555555555,1.576244585635359,2.4,1.370305732044199,326.0,686.1711440400029,2024-06,False,True,470.0,0.5108333333333334,0.48916666666666664,4948297.879282218,2420542.3792822184,1137.6549182626427,0.6419590246885482,82.22446287034263,0.6419590246885482,0.8424495693859696,99.26696653886032,1.5920583812275995,2154.8947492550565,Early,1,0,1328.752001567232,1328.752001567232,0.13742983258450828,0.07494513638445513,186.7036111111111,75.3586479995615,10133.199999999999,189.51536485739976,535.7849369830088,0.9,Sulfide Super Grade
2024-06-03,140.6872290835901,3376.4934980061626,51.083333333333336,2.28,2.83,2.5549999999999997,5.22,5.31,5.265,435.0,410.0,0.0,0.2630008901265126,0.0,6500.057768580342,278.0,905.0664782202283,15.129999999999999,19.18,64.55126237623762,435.0,410.0,440.0,395.0,425.0,415.0,390.0,380.0,395.0,380.0,375.0,21.56,10.7,8.89,8.41,8.32,8.55,8.9,7.96,8.69,8.72,8.67,9.9375,8.75,8.4375,6.4375,7.8125,7.0625,6.3125,6.875,13.1875,1135.0,632.0,397.0,286.0,190.0,165.0,164.5,146.0,151.0,1618.0,953.5,772.0,484.5,358.5,321.0,289.0,291.5,267.5,2.32,1.88,1.08,0.84,0.56,0.16,0.088,0.016,0.007,0.001,0.001,2.9698326086956524,3.172495081967213,2.682447513812155,2.1611602209944754,1.717613259668508,1.3640491712707181,1.0986574585635358,0.8377337016574586,0.624767955801105,0.4760165745856353,519.5955229992265,640.0814413758588,111.37417079939941,99.85270485463397,84.49075026161336,80.6502616133582,78.73001728923062,76.80977296510305,78.73001728923062,72.96928431684789,65.2883070203376,2542.6245,11.51,11.415,11.364999999999998,11.33,11.31,11.28,11.265,11.205,11.25,11.235,11.219999999999999,1672.945993903271,1355.6631329905817,198.59022703489694,154.45906547158648,102.97271031439101,29.420774375540287,16.181425906547158,2.942077437554029,1.2871588789298876,0.1838798398471268,0.1838798398471268,1908.5722507848402,7314.172968750001,2059.4507334045347,0.0,0.0,0.0,21.56,30.208854262634166,2.5549999999999997,5.265,3376.4934980061626,86.07602408404593,403.6363636363636,422.5,399.44444444444446,10.910833333333331,17.939999999999998,8.567777777777778,11.307727272727274,11.462499999999999,11.273333333333333,8.3125,362.94444444444446,595.0555555555555,1.5162445856353588,2.0999999999999996,1.370305732044199,278.0,588.5817741073835,2024-06,True,False,435.0,0.5108333333333334,0.48916666666666664,4977405.220228385,2434780.7202283847,1059.1296132993475,0.652947988167236,81.25592295433519,0.652947988167236,0.8469572445634008,97.37274349828103,1.6682821097672877,2204.674636582877,Early,1,0,1237.0364431244323,1237.0364431244323,0.1392397591595407,0.06692248215126356,90.69630208333331,77.18362264103028,4746.212499999999,170.2537367759813,484.16109648276614,0.9,Sulfide Super Grade
2024-06-04,140.64595687055134,3375.5029648932323,51.166666666666664,2.19,2.46,2.325,5.57,7.01,6.29,500.0,435.0,0.7849305885880511,0.39399034703950236,2.0,5930.170201856678,208.0,920.9262611140065,16.13,21.575000000000003,62.57902272727273,500.0,435.0,430.0,400.0,405.0,425.0,410.0,375.0,400.0,365.0,375.0,21.86,11.41,8.87,9.17,8.68,8.06,8.66,9.04,9.29,9.04,8.49,12.875,10.125,9.25,9.6875,7.1875,9.125,6.1875,10.625,12.625,1363.5,694.163,382.0,276.0,191.0,164.5,141.0,117.0,88.5,1535.5,945.5,747.0,509.75,426.0,347.0,294.25,234.75,199.25,2.42,2.28,0.96,0.76,0.6,0.107,0.051,0.02,0.006,0.002,0.001,2.9698326086956524,3.172495081967213,2.682447513812155,2.1611602209944754,1.717613259668508,1.3640491712707181,1.0986574585635358,0.8377337016574586,0.624767955801105,0.4760165745856353,913.3676350059193,573.6854566979328,134.7405973955013,119.3416719788726,92.39355249977233,76.99462708314361,80.84435843730078,73.14489572898643,73.14489572898643,69.29516437482924,65.44543302067207,2547.996,11.7,11.515,11.425,11.4,11.395,11.405000000000001,11.385000000000002,11.415,11.36,11.280000000000001,11.35,1743.431381477097,1642.5717147800747,176.36033148165012,139.61859575630635,110.22520717603133,19.65682861305892,9.369142609962664,3.674173572534378,1.1022520717603135,0.36741735725343777,0.18370867862671889,2272.3982879519167,9408.853033125,1161.1917636018106,2.0,2000.0,0.7849305885880511,21.86,30.217718977244708,2.325,6.29,3375.5029648932323,84.47049191226125,410.90909090909093,467.5,398.3333333333333,11.202499999999999,18.376666666666665,8.81111111111111,11.420909090909092,11.6075,11.379444444444443,9.743055555555555,379.74033333333335,582.1111111111111,1.5662445856353588,2.3499999999999996,1.370305732044199,208.0,439.8387430222349,2024-06,True,False,500.0,0.5116666666666666,0.4883333333333334,4979796.74267101,2431800.74267101,1215.900371335505,0.6240178746863737,83.55158088492753,0.6240178746863737,0.8391568311547861,101.12455230169599,1.450841558645819,2106.374186150228,Early,1,0,1420.1407001216894,1420.1407001216894,0.15529508087738755,0.08431461205674247,109.14657986111109,70.25619662209395,5601.249999999999,215.0528384824151,610.8105772111471,0.9,Sulfide Super Grade
2024-06-05,141.22307870156382,3389.353888837532,51.083333333333336,2.07,1.55,1.81,5.15,4.97,5.0600000000000005,380.0,335.0,0.7836042256406391,0.4722608963448058,2.0,4624.567127129527,175.0,831.9444305647635,18.5,21.265,59.29833838575218,380.0,335.0,335.0,295.0,320.0,330.0,325.0,325.0,305.0,320.0,320.0,21.93,12.1,9.34,8.89,8.59,8.44,8.62,8.56,8.52,8.48,8.41,12.3125,10.625,7.4375,8.0,8.0625,9.9375,8.0,9.875,11.0,1103.5,682.5,425.0,249.5,212.5,180.5,118.0,77.0,69.5,1453.0,937.5,722.0,535.0,493.5,373.0,299.5,178.0,131.0,1.8,1.64,0.72,0.36,0.12,0.066,0.022,0.009,0.003,0.002,0.001,2.9698326086956524,3.172495081967213,2.682447513812155,2.1611602209944754,1.717613259668508,1.3640491712707181,1.0986574585635358,0.8377337016574586,0.624767955801105,0.4760165745856353,519.5955229992265,579.8384821875427,119.05514809590973,111.37417079939941,103.69319350288912,96.01221620637881,88.3312389098685,80.6502616133582,80.6502616133582,76.80977296510305,72.96928431684789,2552.30885,11.505,11.525,11.435,11.36,11.274999999999999,11.265,11.205,11.29,11.23,11.27,11.24,1297.9753400973657,1182.599754310933,132.39348468993128,66.19674234496564,22.065580781655214,12.136069429910368,4.0453564766367895,1.654918558624141,0.5516395195413804,0.3677596796942536,0.1838798398471268,1928.9795532098824,8152.660781250001,1070.8848878674626,2.0,2000.0,0.7836042256406391,21.93,30.09423133297644,1.81,5.0600000000000005,3389.353888837532,82.01032858439332,326.3636363636364,357.5,319.44444444444446,11.150833333333333,18.653333333333332,8.649999999999999,11.327272727272726,11.515,11.285555555555554,9.472222222222221,346.44444444444446,569.1666666666666,1.4402445856353592,1.72,1.370305732044199,175.0,371.9213087683524,2024-06,True,False,380.0,0.5108333333333334,0.48916666666666664,4996363.164763458,2444054.314763458,928.7406396101139,0.5985901480005118,86.75994125919492,0.5985901480005118,0.8132507918523694,108.64193605351977,1.0834481678809265,2028.8338459453685,Early,1,0,1084.7454390680791,1084.7454390680791,0.17989671415606678,0.0821698527783867,105.62317129629628,54.470558712687364,4237.316666666667,209.94359147187032,599.3035613439037,0.9,Sulfide Super Grade
2024-06-06,141.1457509504513,3387.498022810831,51.125,1.86,2.08,1.9700000000000002,3.6,5.26,4.43,375.0,325.0,0.0,0.39321516280528235,0.0,5036.2231682308075,172.0,781.4053881154034,19.63,20.925,60.34523881728582,375.0,325.0,325.0,330.0,320.0,315.0,330.0,290.0,285.0,275.0,290.0,21.0,10.32,8.0,8.06,8.52,7.5,8.54,8.84,8.27,8.5,7.95,11.375,10.75,10.6875,9.6875,9.4375,8.3125,6.0625,5.25,11.625,1167.5,842.5,463.0,222.5,143.0,116.5,91.0,79.5,56.5,1359.5,823.25,640.0,439.5,404.0,305.75,250.0,171.5,123.25,1.36,1.53,1.04,0.92,0.64,0.32,0.072,0.015,0.008,0.001,0.001,2.9698326086956524,3.172495081967213,2.682447513812155,2.1611602209944754,1.717613259668508,1.3640491712707181,1.0986574585635358,0.8377337016574586,0.624767955801105,0.4760165745856353,572.9965180583054,490.0628114972348,138.42389567829588,134.57878746500987,119.1983546118659,111.50813818529389,92.28259711886392,99.97281354543591,80.74727247900593,76.90216426571993,67.28939373250493,2553.9797,11.715,11.585,11.425,11.385000000000002,11.344999999999999,11.385,11.305,11.32,11.295,11.305,11.305,980.2362258482965,1102.7657540793334,191.1460640404178,169.09074895883114,117.62834710179557,58.814173550897785,13.233189048952001,2.7569143851983338,1.4703543387724447,0.1837942923465556,0.1837942923465556,1983.9627466375364,8513.127187500002,1615.6221296325925,0.0,0.0,0.0,21.0,30.110718681796854,1.9700000000000002,4.43,3387.498022810831,84.48429781577956,314.54545454545456,350.0,306.6666666666667,10.541666666666666,17.44,8.242222222222221,11.397272727272728,11.65,11.341111111111111,9.243055555555555,353.55555555555554,501.8611111111111,1.385244585635359,1.445,1.370305732044199,172.0,365.17538595599024,2024-06,True,False,375.0,0.51125,0.48875,4995559.315403422,2441579.6154034226,915.5923557762835,0.5980683447792565,87.2800158264401,0.5980683447792565,0.805451401997702,110.85708553328207,1.1781946392151355,2025.9553354454779,Early,1,0,1069.3885780543224,1069.3885780543224,0.15515702184220442,0.07446056051795955,97.43721064814814,59.31811580313981,3953.125,190.35436368343306,542.8340861489648,0.9,Sulfide Super Grade
2024-06-07,141.59034823633155,3398.1683576719574,51.041666666666664,2.07,2.32,2.195,4.79,6.72,5.755,420.0,365.0,46.5594739765406,7.016680251567747,119.0,5613.813730314285,148.0,794.7714975428571,18.37,23.96,60.2290991672975,420.0,365.0,325.0,295.0,320.0,310.0,300.0,295.0,285.0,245.0,285.0,,0.0,0.0,0.0,0.0,0.0,0.0,0.0,0.0,0.0,0.0,12.3125,10.5625,11.25,10.0,8.125,6.25,7.0625,5.8125,11.625,881.5,477.0,294.5,142.0,122.0,91.0,69.5,56.0,41.5,1266.0,709.0,558.0,344.0,314.5,238.5,200.5,165.0,115.5,2.04,2.2,0.84,0.4,0.2,0.08,0.021,0.008,0.002,0.001,0.001,2.9698326086956524,3.172495081967213,2.682447513812155,2.1611602209944754,1.717613259668508,1.3640491712707181,1.0986574585635358,0.8377337016574586,0.624767955801105,0.4760165745856353,714.5252984650368,556.5776009096077,157.27077885162024,138.0914155770324,116.99411597498579,92.0609437180216,88.22507106310404,80.5533257532689,84.38919840818647,76.71745309835134,65.20983513359865,2555.8707999999997,10.895,11.285,11.33,11.34,11.335,11.325,11.32,11.305,11.27,11.32,11.27,1471.722569641842,1587.1517907902219,154.5308698123934,73.58612848209211,36.793064241046054,14.71722569641842,3.8632717453098357,1.4717225696418421,0.36793064241046053,0.18396532120523026,0.18396532120523026,2170.6150369528136,5988.3403125,1473.7629623014132,,,,21.0,30.01617026116944,2.195,5.755,3398.1683576719574,85.84257448281308,313.1818181818182,392.5,295.55555555555554,21.0,21.0,,11.272272727272727,11.09,11.312777777777777,9.222222222222221,241.66666666666666,434.55555555555554,1.5202445856353592,2.12,1.370305732044199,148.0,315.50376725465844,2024-06,True,False,420.0,0.5104166666666666,0.48958333333333337,5007420.342857143,2451549.542857143,1029.650808,0.5872623653709163,86.99086702986266,0.5872623653709163,0.8208837621512811,106.9130325713181,1.2890408919891612,1995.6163876550354,Early,1,0,1202.605948502094,1202.605948502094,0.14157425517186914,0.07481544991990438,193.66666666666666,65.88549372326692,8820.0,191.34309183101672,547.8817629541979,0.9,Sulfide Super Grade
2024-06-08,139.90354837553176,3217.781612637231,51.166666666666664,2.49,1.89,2.19,5.65,8.43,7.04,265.0,305.0,0.0,6.174781131795393,0.0,5322.856189724512,156.0,779.5790221496744,15.565000000000001,20.060000000000002,63.78775766016713,265.0,305.0,305.0,315.0,305.0,290.0,285.0,290.0,275.0,260.0,255.0,,0.0,0.0,0.0,0.0,0.0,0.0,0.0,0.0,0.0,0.0,12.0,12.1875,10.4375,8.125,8.0625,9.0625,8.25,8.5,10.75,987.5,593.0,331.5,222.0,177.0,120.5,74.5,49.0,31.0,1231.25,790.75,683.0,346.25,267.0,213.75,181.0,163.5,127.0,1.8,2.32,1.64,0.74,0.42,0.27,0.075,0.022,0.004,0.001,0.001,2.9698326086956524,3.172495081967213,2.682447513812155,2.1611602209944754,1.717613259668508,1.3640491712707181,1.0986574585635358,0.8377337016574586,0.624767955801105,0.4760165745856353,611.4279209543757,430.26409252344956,111.64220927055823,100.0930152080867,96.24328385392951,100.0930152080867,84.69408979145797,84.69408979145797,73.14489572898643,65.44543302067207,57.745970312357706,2428.9401500000004,11.7,11.66,11.625,11.649999999999999,11.6,11.545,11.504999999999999,11.465,11.42,11.4,11.364999999999998,1296.7671432474276,1671.3887624077954,301.28223294781895,135.944422183772,77.15764502322193,49.6013432292141,13.778150897003917,4.041590929787815,0.7348347145068755,0.18370867862671889,0.18370867862671889,1815.4880156634185,7197.231562500001,991.562298604718,0.0,0.0,0.0,19.11,31.698857249794152,2.19,7.04,3217.781612637231,85.35412202842132,286.3636363636364,285.0,286.6666666666667,19.11,19.11,,11.539545454545454,11.68,11.508333333333333,9.708333333333334,287.3333333333333,444.8333333333333,1.508244585635359,2.06,1.370305732044199,156.0,314.46536291233554,2024-06,False,True,305.0,0.5116666666666666,0.4883333333333334,4747114.299674269,2318174.1496742684,707.0431156506519,0.6416455911847793,82.18274067938799,0.6416455911847793,0.8434305579450131,99.04800744007531,1.4052038446946666,2064.6753851441285,Early,1,0,825.8083712676772,825.8083712676772,0.14645877971578677,0.05730006393724973,185.52625,69.42049737704919,5828.55,139.26877046223532,377.07972624219855,0.9,Sulfide Super Grade
2024-06-09,140.40039058440578,3369.609374025739,51.083333333333336,1.69,1.77,1.73,4.74,5.43,5.085,410.0,350.0,1.1822937326018088,5.618699347480253,3.0,4393.416789894372,148.0,725.6003590962481,14.205,21.729999999999997,63.777801296720064,410.0,350.0,355.0,345.0,315.0,350.0,290.0,280.0,255.0,270.0,245.0,,0.0,0.0,0.0,0.0,0.0,0.0,0.0,0.0,0.0,0.0,10.3125,10.875,11.75,10.0625,10.75,10.8125,12.8125,13.125,15.0,1015.5,521.0,269.0,147.0,90.5,51.5,39.0,36.5,41.0,1231.25,790.75,683.0,346.25,267.0,213.75,181.0,163.5,127.0,1.4,1.12,0.56,0.36,0.16,0.08,0.025,0.011,0.005,0.001,0.001,2.9698326086956524,3.172495081967213,2.682447513812155,2.1611602209944754,1.717613259668508,1.3640491712707181,1.0986574585635358,0.8377337016574586,0.624767955801105,0.4760165745856353,617.4903316802403,587.3688520860823,96.01221620637881,84.49075026161336,80.6502616133582,76.80977296510305,69.12879566859274,65.2883070203376,57.607329723827284,49.926352427316985,42.24537513080668,2537.4405,12.114999999999998,11.955,15.850000000000001,11.809999999999999,11.8,11.8,11.774999999999999,11.754999999999999,11.75,11.754999999999999,11.695,1009.5363756312843,807.6291005050275,102.97271031439101,66.19674234496564,29.420774375540287,14.710387187770143,4.59699599617817,2.0226782383183948,0.919399199235634,0.1838798398471268,0.1838798398471268,1827.0183447836573,6094.914375000001,1628.8285324746535,3.0,3000.0,1.1822937326018088,19.11,30.270571059736394,1.73,5.085,3369.609374025739,83.4843723280419,315.0,380.0,300.55555555555554,19.11,19.11,,12.187272727272727,12.035,12.221111111111112,11.722222222222221,245.66666666666666,444.8333333333333,1.3482445856353589,1.26,1.370305732044199,148.0,312.70683151712893,2024-06,True,False,410.0,0.5108333333333334,0.48916666666666664,4967257.096247961,2429816.596247961,996.224804461664,0.6396149788925644,81.42776011953323,0.6396149788925644,0.8575408591949041,95.99758323934648,1.1065339134841363,2155.25262864366,Early,1,0,1163.5652267568876,1163.5652267568876,0.16515627671958097,0.09332144424427744,224.01166666666666,52.36808793334396,7835.099999999999,236.99284975231356,672.5771681995408,0.9,Sulfide Super Grade
2024-06-10,139.87124659503465,3356.909918280832,51.291666666666664,1.6,1.76,1.6800000000000002,3.28,5.12,4.2,310.0,370.0,0.0,5.054458373263719,0.0,4276.037753155199,176.0,714.4842234367993,14.73,20.665,66.12255563938137,310.0,370.0,355.0,340.0,330.0,340.0,310.0,370.0,310.0,295.0,300.0,,0.0,0.0,0.0,0.0,0.0,0.0,0.0,0.0,0.0,0.0,10.1875,9.3125,7.75,9.3125,10.125,9.5,11.5,14.0,20.75,776.0,479.5,402.5,173.0,91.0,51.0,49.5,42.5,43.5,1196.5,872.5,808.0,348.5,219.5,189.0,161.5,162.0,138.5,1.44,1.56,0.52,0.28,0.16,0.08,0.022,0.009,0.003,0.001,0.001,2.9698326086956524,3.172495081967213,2.682447513812155,2.1611602209944754,1.717613259668508,1.3640491712707181,1.0986574585635358,0.8377337016574586,0.624767955801105,0.4760165745856353,560.6040161374877,492.42244660725277,119.77229047477947,112.04504592801949,104.31780138125954,96.59055683449957,92.72693456111958,84.99969001435962,81.13606774097963,73.40882319421966,69.54520092083969,2543.1043,11.68,11.675,11.695,11.675,11.675,11.675,11.65,11.585,11.575,11.6,11.605,1035.9610694504593,1122.291158571331,95.39474847856312,51.366403026918604,29.35223030109634,14.67611515054817,4.035931666400747,1.651062954436669,0.5503543181455565,0.18345143938185215,0.18345143938185215,1887.568873794817,5246.37796875,1205.30328657978,0.0,0.0,0.0,19.11,30.3850870243897,1.6800000000000002,4.2,3356.909918280832,83.29097485377447,330.0,340.0,327.77777777777777,19.11,19.11,,11.644545454545455,11.6775,11.637222222222222,11.381944444444445,234.27777777777777,455.1111111111111,1.396244585635359,1.5,1.370305732044199,176.0,369.60297467537885,2024-06,False,True,370.0,0.5129166666666667,0.4870833333333333,4958123.73679935,2415019.43679935,893.5571916157596,0.6513410929067984,80.85981020985793,0.6513410929067984,0.854901943735475,95.64326419103475,1.0942530360834215,2186.4933749627085,Early,1,0,1043.6520669092097,1043.6520669092097,0.16709025146225528,0.08652870282236977,217.50895833333334,51.0469462009747,7070.7,220.2367843048553,621.2177706735135,0.9,Sulfide Super Grade
2024-06-11,141.0034435121042,3384.0826442905013,51.125,2.09,2.03,2.0599999999999996,5.27,5.15,5.21,285.0,330.0,1.1758228712207044,4.699453449976399,3.0,5260.771917881172,204.0,614.7762459405868,15.695,21.14,63.99207250872432,285.0,330.0,300.0,300.0,320.0,310.0,300.0,325.0,315.0,300.0,300.0,,0.0,0.0,0.0,0.0,0.0,0.0,0.0,0.0,0.0,0.0,10.875,9.5,8.8125,10.25,9.625,9.0625,8.125,9.75,17.5,823.0,354.0,279.0,94.5,71.0,52.5,50.5,44.5,41.0,1212.75,870.25,650.0,327.5,251.0,196.25,174.25,161.75,142.25,1.56,1.64,0.76,0.4,0.201,0.101,0.044,0.014,0.006,0.002,0.001,2.9698326086956524,3.172495081967213,2.682447513812155,2.1611602209944754,1.717613259668508,1.3640491712707181,1.0986574585635358,0.8377337016574586,0.624767955801105,0.4760165745856353,527.759950843176,550.3782344507406,111.50813818529389,103.81792175872191,96.12770533214992,92.28259711886392,84.59238069229193,76.90216426571993,69.21194783914794,65.36683962586194,57.67662319928995,2551.4047,11.620000000000001,11.684999999999999,11.684999999999999,11.7,11.695,11.7,11.695,11.655,11.44,11.600000000000001,11.5,1124.3886120024576,1182.049566464122,139.68366218338224,73.51771693862223,36.942652761657676,18.563223527002116,8.086948863248445,2.573120092851778,1.1027657540793334,0.3675885846931112,0.1837942923465556,1835.624503311258,4707.62671875,2056.66471368489,3.0,3000.0,1.1758228712207044,21.13,30.141107863335023,2.0599999999999996,5.21,3384.0826442905013,88.31395362625426,307.72727272727275,307.5,307.77777777777777,21.13,21.13,,11.634090909090908,11.6525,11.63,10.38888888888889,201.11111111111111,442.8888888888889,1.4162445856353592,1.6,1.370305732044199,204.0,432.67831293887537,2024-06,False,True,330.0,0.51125,0.48875,4990522.640586797,2439117.9405867974,804.9089203936431,0.6346715313309057,82.56193915295835,0.6346715313309057,0.844337442221761,99.28330622710246,1.3074233545416656,2147.780914002193,Early,1,0,940.113141413466,940.113141413466,0.11686046373745737,0.06272843703380145,219.51722222222222,62.090682198470134,6972.9,160.1933971194315,456.3633872716473,0.9,Sulfide Super Grade
2024-06-12,140.8929825441834,3381.4315810604016,51.125,1.71,1.6,1.655,4.01,4.8,4.404999999999999,335.0,310.0,0.0,4.305671384826301,0.0,4222.922657982703,188.0,474.07730790513455,14.615,20.125,65.3967032967033,335.0,310.0,315.0,290.0,300.0,270.0,290.0,290.0,290.0,285.0,270.0,21.13,10.48,9.1,8.86,8.98,7.93,8.74,9.08,8.62,9.03,6.75,10.125,10.3125,9.6875,9.5,9.75,9.75,9.875,8.875,13.5,959.0,534.0,195.5,123.0,107.5,60.0,45.5,43.5,40.5,1229.0,868.0,492.0,306.5,282.5,203.5,187.0,161.5,146.0,1.04,0.96,0.48,0.2,0.088,0.031,0.011,0.003,0.001,0.001,0.001,2.9698326086956524,3.172495081967213,2.682447513812155,2.1611602209944754,1.717613259668508,1.3640491712707181,1.0986574585635358,0.8377337016574586,0.624767955801105,0.4760165745856353,444.8262442821054,474.9839557588584,96.12770533214992,88.43748890557792,80.74727247900593,76.90216426571993,69.21194783914794,65.36683962586194,65.36683962586194,57.67662319928995,53.83151498600396,2549.4059500000003,11.29,11.719999999999999,11.79,11.765,11.72,11.71,11.725,11.785,11.77,11.745000000000001,11.725000000000001,749.5924080016384,691.931453539974,88.22126032634668,36.758858469311114,16.17389772649689,5.697623062743223,2.021737215812111,0.5513828770396667,0.1837942923465556,0.1837942923465556,0.1837942923465556,1573.4785962995832,5430.073593750001,2156.535044208282,0.0,0.0,0.0,21.13,30.16473867793394,1.655,4.404999999999999,3381.4315810604016,88.77371559223388,295.0,322.5,288.8888888888889,10.819166666666666,17.58,8.565555555555555,11.70409090909091,11.504999999999999,11.748333333333331,10.152777777777779,234.27777777777777,430.6666666666667,1.296244585635359,1.0,1.370305732044199,188.0,398.4303871002446,2024-06,True,False,335.0,0.51125,0.48875,4986613.105134475,2437207.155134475,816.464396970049,0.6530742589251617,80.80476387224498,0.6530742589251617,0.8540495191189188,95.69148863558802,1.0808378985211426,2208.3259239071594,Early,1,0,953.6096440729991,953.6096440729991,0.11226284407766116,0.07932894517183274,109.84459490740741,49.92264251198067,3624.420833333333,202.41569537344185,576.1956991637508,0.9,Sulfide Super Grade
2024-06-13,146.72589894260045,2853.818734433579,51.125,1.7,2.31,2.005,3.4,5.01,4.205,300.0,300.0,0.0,4.021290862608024,0.0,4315.01864220055,190.0,442.1097522005502,13.03,10.405,66.07941176470588,300.0,300.0,305.0,300.0,305.0,345.0,315.0,280.0,295.0,290.0,290.0,,0.0,0.0,0.0,0.0,0.0,0.0,0.0,0.0,0.0,0.0,9.5625,11.3125,9.375,11.1875,8.375,10.5,10.1875,10.25,14.6875,786.5,328.0,159.5,98.5,61.5,68.5,48.5,38.5,32.5,1297.75,939.75,555.25,354.0,281.5,207.25,189.0,167.75,140.5,1.24,1.16,0.654,0.265,0.102,0.029,0.011,0.005,0.001,0.001,0.001,2.9698326086956524,3.172495081967213,2.682447513812155,2.1611602209944754,1.717613259668508,1.3640491712707181,1.0986574585635358,0.8377337016574586,0.624767955801105,0.4760165745856353,535.2993787123642,512.6810951047995,111.50813818529389,103.81792175872191,96.12770533214992,88.43748890557792,80.74727247900593,80.74727247900593,73.05705605243394,65.36683962586194,61.521731412575946,2151.61605,11.245000000000001,11.725000000000001,11.745000000000001,11.805,11.8,11.780000000000001,11.785,11.74,11.594999999999999,11.739999999999998,11.71,893.7447941557997,836.0838396941351,120.20146719464735,48.70548747183723,18.747017819348667,5.330034478050112,2.021737215812111,0.9189714617327779,0.1837942923465556,0.1837942923465556,0.1837942923465556,1809.311900047791,4189.410937500001,1946.7092870323563,0.0,0.0,0.0,21.13,35.74158329304149,2.005,4.205,2853.818734433579,89.75416356544208,302.27272727272725,300.0,302.77777777777777,21.13,21.13,,11.697272727272725,11.485000000000001,11.744444444444447,10.604166666666666,180.22222222222223,459.19444444444446,1.336244585635359,1.2,1.370305732044199,190.0,339.83960105134486,2024-06,False,True,300.0,0.51125,0.48875,4208539.951100245,2056923.9011002448,617.0771703300735,0.7381985812340438,75.4602857246122,0.7381985812340438,0.854436847172161,83.2299233965571,1.4800881553742578,2106.6849408580024,Early,1,0,720.7304359477433,720.7304359477433,0.10245836434557916,0.06952461272496557,224.06604166666665,71.66187450254817,6339.0,149.62518890180098,359.46475875319493,0.9,Sulfide Super Grade
2024-06-14,140.25545949250008,3366.131027820002,51.166666666666664,2.67,2.05,2.36,5.31,4.67,4.99,255.0,270.0,1.1806739727821591,3.81575859091849,3.0,5999.000024953745,188.0,650.3600569537458,15.82,19.64,65.16063684609553,255.0,270.0,255.0,270.0,260.0,240.0,245.0,235.0,240.0,250.0,245.0,,0.0,0.0,0.0,0.0,0.0,0.0,0.0,0.0,0.0,0.0,9.125,11.5625,10.1875,10.3125,10.25,6.8125,6.3125,6.3125,13.75,1089.5,736.5,413.5,187.5,109.5,73.0,53.5,44.5,39.5,1366.5,1011.5,618.5,401.5,280.5,211.0,191.0,174.0,135.0,1.6,1.52,0.76,0.4,0.16,0.088,0.039,0.011,0.005,0.002,0.002,2.9698326086956524,3.172495081967213,2.682447513812155,2.1611602209944754,1.717613259668508,1.3640491712707181,1.0986574585635358,0.8377337016574586,0.624767955801105,0.4760165745856353,618.9764138056643,626.5249066569529,146.28979145797285,138.59032874965848,130.89086604134414,119.3416719788726,111.64220927055823,96.24328385392951,80.84435843730078,73.14489572898643,69.29516437482924,2540.9215999999997,6.26,11.685,11.754999999999999,11.78,11.795,11.844999999999999,11.835,11.84,11.865,11.870000000000001,11.845,1152.6819051088246,1095.0478098533833,139.61859575630635,73.48347145068756,29.393388580275023,16.16636371915126,7.164638466442037,2.0207954648939075,0.9185433931335945,0.36741735725343777,0.36741735725343777,2211.783890356069,6983.18296875,2831.671544163958,3.0,3000.0,1.1806739727821591,19.11,30.30185074704533,2.36,4.99,3366.131027820002,89.15885890567637,251.36363636363637,262.5,248.88888888888889,19.11,19.11,,11.30681818181818,8.9725,11.825555555555555,9.402777777777779,305.22222222222223,487.72222222222223,1.4082445856353591,1.56,1.370305732044199,188.0,396.44278548194325,2024-06,False,True,270.0,0.5116666666666666,0.4883333333333334,4965970.553745928,2425048.9537459286,654.7632175114007,0.6475872036644142,81.85231281036526,0.6475872036644142,0.8427757913697416,98.80305699713878,1.5283058006480175,2179.863379473976,Early,1,0,764.7467802886247,764.7467802886247,0.10841141094323639,0.04500750106299288,179.68708333333333,71.51236776302697,5159.7,114.40629488858099,324.04387281775274,0.9,Sulfide Super Grade
2024-06-15,141.48141136711794,3395.553872810831,51.125,1.7,2.09,1.895,4.76,4.63,4.695,240.0,235.0,0.0,3.556491784618767,0.0,4854.972177198105,176.0,552.8588562154034,15.434999999999999,19.82,64.10730405149565,240.0,235.0,215.0,220.0,220.0,225.0,220.0,195.0,210.0,220.0,210.0,,0.0,0.0,0.0,0.0,0.0,0.0,0.0,0.0,0.0,0.0,10.0625,8.5,9.5625,9.8125,9.9375,8.6875,10.375,8.0,13.0,1074.5,786.0,557.0,341.5,93.0,61.0,48.5,40.5,39.5,1279.25,1018.75,661.25,440.5,290.75,209.75,171.0,158.5,132.75,1.4,1.56,0.68,0.4,0.12,0.091,0.073,0.024,0.009,0.005,0.001,2.9698326086956524,3.172495081967213,2.682447513812155,2.1611602209944754,1.717613259668508,1.3640491712707181,1.0986574585635358,0.8377337016574586,0.624767955801105,0.4760165745856353,542.8388065815524,490.0628114972348,107.66302997200792,96.12770533214992,88.43748890557792,80.74727247900593,76.90216426571993,69.21194783914794,65.36683962586194,57.67662319928995,57.67662319928995,2560.05335,11.155000000000001,11.675,11.760000000000002,11.765,11.765,11.785,11.780000000000001,11.77,6.79,11.8,11.805,1009.0667030791286,1124.3886120024576,124.9801187956578,73.51771693862223,22.05531508158667,16.725280603536557,13.416983341298556,4.411063016317334,1.6541486311190001,0.9189714617327779,0.1837942923465556,1732.7113128968385,7386.13875,1909.9871134525665,0.0,0.0,0.0,21.3,30.03928190235564,1.895,4.695,3395.553872810831,88.61252266672167,219.0909090909091,237.5,215.0,21.3,21.3,,11.259090909090911,11.415000000000001,11.224444444444446,9.770833333333334,337.94444444444446,484.72222222222223,1.3922445856353591,1.48,1.370305732044199,176.0,374.55646079217615,2024-06,True,False,240.0,0.51125,0.48875,5007439.315403423,2447385.965403423,587.3726316968216,0.6451873742608798,81.88457665351724,0.6451873742608798,0.8446593992828444,98.50699794935946,1.2226300742243672,2190.7684873601816,Early,1,0,686.0362905342636,686.0362905342636,0.11387477333278326,0.04943385692861138,208.11875,56.92443920496394,5112.0,126.64840818781958,362.0225173135042,0.9,Sulfide Super Grade
2024-06-16,140.42828872701548,3370.278929448372,51.083333333333336,1.81,1.79,1.8,3.69,4.79,4.24,300.0,290.0,1.1820588525825642,3.4066446875670606,3.0,4570.730759410931,152.5,459.26034541092986,13.765,21.049999999999997,65.54630947849257,300.0,290.0,260.0,250.0,225.0,235.0,220.0,235.0,220.0,240.0,230.0,21.3,10.25,9.03,8.74,8.56,7.93,8.82,8.75,9.13,9.07,8.43,8.575,12.375,8.875,11.125,12.5,10.0,7.5625,8.5,12.6875,829.5,575.0,429.0,208.0,108.0,65.5,46.5,40.5,31.0,1279.25,1018.75,661.25,440.5,290.75,209.75,171.0,158.5,132.75,1.4,1.48,0.52,0.24,0.08,0.021,0.005,0.001,0.001,0.001,0.001,2.9698326086956524,3.172495081967213,2.682447513812155,2.1611602209944754,1.717613259668508,1.3640491712707181,1.0986574585635358,0.8377337016574586,0.624767955801105,0.4760165745856353,489.4740434050685,436.7614541152919,96.01221620637881,80.6502616133582,72.96928431684789,72.96928431684789,65.2883070203376,61.44781837208244,61.44781837208244,57.607329723827284,53.76684107557214,2537.9447,11.235,11.149999999999999,11.155000000000001,11.149999999999999,11.165,11.195,11.2,11.184999999999999,11.18,11.205,11.23,1009.5363756312843,1067.2241685245006,95.61751672050593,44.13116156331043,14.710387187770143,3.861476636789663,0.919399199235634,0.1838798398471268,0.1838798398471268,0.1838798398471268,0.1838798398471268,1548.394658537695,5978.266218749999,1874.9773098970625,3.0,3000.0,1.1820588525825642,21.3,30.264557366085654,1.8,4.24,3370.278929448372,89.95214617563431,245.9090909090909,295.0,235.0,10.9425,17.616666666666667,8.717777777777778,11.186363636363637,11.192499999999999,11.185,10.244444444444445,259.22222222222223,484.72222222222223,1.3842445856353591,1.44,1.370305732044199,152.5,322.27883492765443,2024-06,True,False,300.0,0.5108333333333334,0.48916666666666664,4968244.110929853,2430299.410929853,729.0898232789559,0.6531033704033041,80.25319234849829,0.6531033704033041,0.8628455520207233,93.77297536906617,1.1755860667259475,2201.1405280219715,Early,1,0,851.5583648894808,851.5583648894808,0.10047853824365684,0.06563501894796875,112.09983333333335,54.47620325895418,3282.7500000000005,166.66574074588473,473.08535224219906,0.9,Sulfide Super Grade
2024-06-17,140.32490782980926,3367.7977879154223,51.125,2.09,2.08,2.085,5.67,5.85,5.76,250.0,275.0,0.0,3.204329783961162,0.0,5296.506862686064,204.0,649.9047271860636,13.03,19.535,66.73224400456795,250.0,275.0,250.0,265.0,255.0,265.0,280.0,285.0,270.0,265.0,265.0,20.0,9.86,9.36,8.94,8.82,8.44,8.52,8.6,8.56,8.51,8.48,9.625,11.25,10.625,9.3125,11.125,10.125,8.625,8.3125,14.25,777.0,603.0,261.0,235.0,115.5,83.5,53.5,37.0,35.0,1192.0,1026.0,704.0,479.5,301.0,208.5,151.0,143.0,130.5,1.36,1.44,0.72,0.36,0.12,0.068,0.018,0.006,0.003,0.001,0.001,2.9698326086956524,3.172495081967213,2.682447513812155,2.1611602209944754,1.717613259668508,1.3640491712707181,1.0986574585635358,0.8377337016574586,0.624767955801105,0.4760165745856353,520.2205229739877,550.3782344507406,119.1983546118659,107.66302997200792,105.74047586536491,103.81792175872191,94.20515122550691,73.05705605243394,69.21194783914794,57.67662319928995,53.83151498600396,2539.12685,11.325,11.33,11.335,11.355,11.36,11.399999999999999,11.399999999999999,11.385000000000002,11.42,11.440000000000001,11.370000000000001,980.2362258482965,1037.897180309961,132.33189048952002,66.16594524476001,22.05531508158667,12.49801187956578,3.3082972622380002,1.1027657540793334,0.5513828770396667,0.1837942923465556,0.1837942923465556,1855.0008329350715,5768.625937499998,2390.3842699777338,0.0,0.0,0.0,20.0,30.286854028470426,2.085,5.76,3367.7977879154223,87.72955942406782,265.90909090909093,262.5,266.6666666666667,10.674166666666666,16.62,8.692222222222222,11.374545454545455,11.3275,11.385,10.36111111111111,244.5,481.72222222222223,1.3762445856353591,1.4,1.370305732044199,204.0,430.5961817017116,2024-06,False,True,275.0,0.51125,0.48875,4966507.28606357,2427380.4360635695,667.5296199174817,0.6720452785325852,78.69855582163899,0.6720452785325852,0.868777828321191,90.64995904493992,1.40121440574044,2263.312602421044,Early,1,0,779.6576135101768,779.6576135101768,0.12270440575932186,0.05192101268429904,110.59622685185184,63.14809064936084,2935.395833333333,131.89385182804878,373.93471182880506,0.9,Sulfide Super Grade
2024-06-18,142.6673978080121,3424.0175473922905,51.041666666666664,1.99,2.69,2.34,3.37,7.47,5.42,265.0,300.0,0.0,3.0222834969734023,0.0,6028.7021499918355,186.0,556.1624499918368,13.855,16.61,66.79839326702371,265.0,300.0,280.0,270.0,260.0,320.0,275.0,265.0,280.0,265.0,265.0,21.36,10.27,9.11,8.43,8.86,7.89,8.93,8.72,9.15,9.07,8.13,9.5,9.5,7.6875,7.375,8.25,9.0,9.0625,11.6875,19.125,1017.5,609.5,312.5,185.0,158.0,81.5,59.5,46.5,36.0,1311.75,980.5,663.0,387.75,265.5,198.5,158.25,130.75,115.75,2.32,2.4,1.12,0.44,0.28,0.12,0.044,0.018,0.003,0.001,0.001,2.9698326086956524,3.172495081967213,2.682447513812155,2.1611602209944754,1.717613259668508,1.3640491712707181,1.0986574585635358,0.8377337016574586,0.624767955801105,0.4760165745856353,526.492325184764,541.5349630471859,126.58379761227971,118.91205230244456,107.40443433769188,95.89681637293917,88.22507106310404,80.5533257532689,69.0457077885162,57.5380898237635,49.86634451392837,2575.3127999999997,11.01,10.98,10.56,11.085,11.105,11.129999999999999,11.135,11.185,11.2,11.18,11.23,1673.7237066515065,1731.4383172256964,206.0411597498579,80.94474133030131,51.51028993746448,22.07583854462763,8.09447413303013,3.3113757816941445,0.5518959636156908,0.18396532120523026,0.18396532120523026,1862.0529277998864,5873.008593749998,1694.7068396802179,0.0,0.0,0.0,21.36,29.789566959924766,2.34,5.42,3424.0175473922905,90.77475655365409,276.8181818181818,282.5,275.55555555555554,10.94,17.66333333333333,8.698888888888888,11.072727272727272,10.995000000000001,11.090000000000002,10.131944444444445,278.44444444444446,467.97222222222223,1.5682445856353593,2.36,1.370305732044199,186.0,399.52767520141987,2024-06,False,True,300.0,0.5104166666666666,0.48958333333333337,5045510.791836735,2470197.991836735,741.0593975510205,0.6867783553843079,78.47936831069973,0.6867783553843079,0.8575517516444965,91.43709115967513,1.6070613515992804,2351.541140005089,Early,1,0,865.5385231225257,865.5385231225257,0.0922524344634591,0.04976195415466101,110.84347222222222,69.70758668622395,3282.0,128.20458032230633,369.8866770323741,0.9,Sulfide Super Grade
2024-06-19,140.58667883167723,3374.0802919602534,51.25,2.39,2.73,2.56,5.41,4.77,5.09,300.0,320.0,1.175066775127941,2.92379282081761,3.0,6538.22729155122,200.0,640.6901075512195,11.435,19.745,67.67815052950075,300.0,320.0,295.0,315.0,290.0,290.0,285.0,265.0,240.0,280.0,250.0,21.33,10.08,9.43,9.12,8.74,7.95,8.86,8.89,8.67,8.7,8.22,10.8125,8.4375,8.5,7.375,8.9375,7.3125,7.625,9.25,16.3125,1084.5,600.5,313.0,134.0,115.0,85.5,59.5,45.0,43.5,1431.5,935.0,622.0,296.0,230.0,188.5,165.5,118.5,101.0,1.92,1.96,0.76,0.442,0.129,0.066,0.021,0.002,0.001,0.001,0.001,2.9698326086956524,3.172495081967213,2.682447513812155,2.1611602209944754,1.717613259668508,1.3640491712707181,1.0986574585635358,0.8377337016574586,0.624767955801105,0.4760165745856353,612.8981544771018,484.26520847573477,96.47470950102529,88.75673274094326,84.89774436090225,77.17976760082024,69.4617908407382,65.6028024606972,61.743814080656186,57.88482570061517,50.16684894053315,2553.0464,10.74,10.74,10.785,10.844999999999999,10.93,10.985,11.135000000000002,11.155000000000001,10.65,11.175,11.22,1381.9275461380726,1410.7177033492824,139.48831168831168,81.12346548188654,23.676305536568695,12.113458646616541,3.854282296650718,0.3670745044429255,0.18353725222146275,0.18353725222146275,0.18353725222146275,1749.3323991797672,6036.9178125,2843.955495453608,3.0,3000.0,1.175066775127941,21.33,30.230460206606594,2.56,5.09,3374.0802919602534,90.20085905580054,284.54545454545456,310.0,278.8888888888889,10.943333333333335,17.58,8.73111111111111,10.941818181818181,10.74,10.986666666666668,9.395833333333334,275.6111111111111,454.22222222222223,1.4842445856353592,1.94,1.370305732044199,200.0,422.349139342524,2024-06,False,True,320.0,0.5125,0.48750000000000004,4981553.951219513,2428507.5512195127,777.122416390244,0.6845985906777062,76.94201222392067,0.6845985906777062,0.8843292137395629,86.1115785455174,1.7525723921349279,2309.890612709413,Early,1,0,907.6592116511295,907.6592116511295,0.09799140944199468,0.048942929899899325,102.82173611111114,77.38997812891289,3501.8666666666672,124.99951172065734,354.55299457858735,0.9,Sulfide Super Grade
2024-06-20,133.25210167187916,2215.3161902949914,51.1,3.06,3.09,3.075,7.14,7.16,7.15,250.0,260.0,0.0,2.825313269928137,0.0,5136.221716401664,150.0,493.9573240606653,12.969999999999999,20.134999999999998,66.35167630057803,250.0,260.0,270.0,270.0,240.0,280.0,260.0,240.0,230.0,240.0,230.0,21.38,10.3,9.15,8.41,8.84,7.87,8.91,8.72,9.1,9.07,8.13,8.6875,10.8125,9.0,9.0,9.3125,9.375,8.5,7.125,14.8125,1129.0,643.5,328.5,245.5,127.5,84.5,70.5,58.5,45.0,1547.25,1036.0,657.0,314.5,240.5,197.25,162.25,125.5,108.25,2.64,2.52,1.24,0.4,0.286,0.143,0.066,0.011,0.005,0.001,0.001,2.9698326086956524,3.172495081967213,2.682447513812155,2.1611602209944754,1.717613259668508,1.3640491712707181,1.0986574585635358,0.8377337016574586,0.624767955801105,0.4760165745856353,806.1371703161689,836.2731392999509,161.37811390815264,134.4817615901272,126.79708949926281,115.27008136296618,99.90073718123736,92.21606509037295,80.68905695407632,76.84672090864413,61.4773767269153,1669.0175,10.32,10.29,10.33,10.64,10.8,10.86,10.9,10.94,10.98,10.99,11.02,1903.3429803964395,1816.8273903784195,227.96857969748265,73.53825151531699,52.57984983345164,26.28992491672582,12.133811500027303,2.022301916671217,0.9192281439414624,0.18384562878829247,0.18384562878829247,2591.467312837875,6526.5178125,524.2614017269321,0.0,0.0,0.0,21.38,46.04308876847855,3.075,7.15,2215.3161902949914,90.38286601835557,251.8181818181818,255.0,251.11111111111111,10.938333333333333,17.686666666666667,8.68888888888889,10.733636363636363,10.305,10.828888888888889,9.625,303.6111111111111,487.6111111111111,1.6122445856353589,2.58,1.370305732044199,150.0,208.32542095635156,2024-06,False,True,260.0,0.511,0.489,3266179.060665362,1597161.560665362,415.26200577299414,0.6671415008887885,78.9541899761159,0.6671415008887885,0.8695914594933571,91.01584535598583,2.051460115233025,1477.9293681366337,Early,1,0,485.01545810423295,485.01545810423295,0.09617133981644432,0.05062086770314715,105.28145833333332,141.58249796307155,2843.9666666666662,84.55257056074613,157.7280913246568,0.9,Sulfide Super Grade
2024-06-21,160.937447711345,3245.5718621787914,51.166666666666664,2.86,3.05,2.955,5.44,8.51,6.975,245.0,250.0,0.0,2.692207003765751,0.0,7241.84470297329,192.0,737.3134749732898,12.54,18.655,66.68044216344256,245.0,250.0,255.0,255.0,220.0,230.0,255.0,245.0,235.0,225.0,215.0,21.36,10.27,9.11,8.43,8.86,7.89,8.93,6.72,9.15,9.07,8.13,10.6875,11.8125,9.6875,8.625,10.75,6.5625,6.8125,5.5625,13.875,1317.5,876.0,452.5,163.0,115.0,86.0,71.0,52.5,44.5,1663.0,1137.0,692.0,333.0,251.0,206.0,159.0,132.5,115.5,2.44,2.32,1.2,0.36,0.144,0.061,0.011,0.005,0.002,0.001,0.001,2.9698326086956524,3.172495081967213,2.682447513812155,2.1611602209944754,1.717613259668508,1.3640491712707181,1.0986574585635358,0.8377337016574586,0.624767955801105,0.4760165745856353,626.5249066569529,649.1703852108186,130.89086604134414,119.3416719788726,107.79247791640107,103.94274656224388,96.24328385392951,88.54382114561515,80.84435843730078,73.14489572898643,57.745970312357706,2449.9175999999998,11.59,11.655000000000001,11.66,11.655000000000001,11.66,11.695,11.7,11.685,11.69,11.7,11.65,1757.8399052909574,1671.3887624077954,220.45041435206267,66.1351243056188,26.454049722247518,11.206229396229853,2.0207954648939075,0.9185433931335945,0.36741735725343777,0.18370867862671889,0.18370867862671889,2134.1853838448233,8520.004218749998,2747.6198725092686,0.0,0.0,0.0,21.36,31.427435389314155,2.955,6.975,3245.5718621787914,89.81870634880404,239.0909090909091,247.5,237.22222222222223,10.773333333333333,17.66333333333333,8.476666666666667,11.667272727272728,11.6225,11.677222222222222,9.375,353.1111111111111,521.0,1.572244585635359,2.38,1.370305732044199,192.0,390.3768998884012,2024-06,False,True,250.0,0.5116666666666666,0.4883333333333334,4788112.573289902,2338194.9732899023,584.5487433224755,0.6812785790749497,77.92771546753703,0.6812785790749497,0.871877973444458,88.93028533674446,2.0131782011664763,2211.1385865508055,Early,1,0,682.7380607552853,682.7380607552853,0.10181293651195951,0.034521590872745075,101.0,92.86807157542333,2693.3333333333335,84.60208256486442,231.04424714477628,0.9,Sulfide Super Grade
2024-06-22,140.095787327568,3362.298895861632,51.125,3.25,3.07,3.16,8.01,6.29,7.15,255.0,260.0,0.0,2.5670680542833235,0.0,8012.96337704401,162.0,864.3169570440095,14.61,19.435000000000002,65.57114503816794,255.0,260.0,245.0,245.0,245.0,255.0,245.0,235.0,230.0,220.0,190.0,21.3,10.6,8.74,8.53,8.8,7.89,8.72,8.2,8.84,8.94,8.68,10.25,10.1875,10.1875,9.0625,10.625,9.25,7.1875,7.9375,14.875,1348.5,935.0,563.0,333.5,145.0,120.5,61.5,67.0,47.0,1754.75,1156.75,819.75,474.25,304.75,257.0,218.5,168.0,127.75,2.12,2.28,1.0,0.36,0.12,0.069,0.021,0.009,0.003,0.001,0.001,2.9698326086956524,3.172495081967213,2.682447513812155,2.1611602209944754,1.717613259668508,1.3640491712707181,1.0986574585635358,0.8377337016574586,0.624767955801105,0.4760165745856353,889.6524885642108,769.0216426571992,188.41030245101382,173.02986959786986,149.95922031815388,134.57878746500987,119.1983546118659,107.66302997200792,96.12770533214992,76.90216426571993,73.05705605243394,2534.9809999999998,11.46,11.765,11.81,11.785,11.815000000000001,11.825,11.785,11.719999999999999,11.71,11.705,11.765,1528.0152932341093,1643.337202157438,183.79429234655558,66.16594524476001,22.05531508158667,12.681806171912337,3.8596801392776676,1.6541486311190001,0.5513828770396667,0.1837942923465556,0.1837942923465556,2777.600621287635,9290.5584375,3686.4244340753007,0.0,0.0,0.0,21.3,30.336386846970427,3.16,7.15,3362.298895861632,89.21351669321048,238.63636363636363,257.5,234.44444444444446,10.878333333333332,17.733333333333334,8.593333333333334,11.740454545454547,11.6125,11.768888888888888,9.95138888888889,402.3333333333333,586.8333333333334,1.5362445856353593,2.2,1.370305732044199,162.0,341.3857053300733,2024-06,False,True,260.0,0.51125,0.48875,4958398.0440097805,2423417.0440097805,630.0884314425429,0.6582381301047571,80.52655268716597,0.6582381301047571,0.8533370269005875,95.41346472976079,2.0800324911310324,2213.19333806525,Early,1,0,735.9272579089316,735.9272579089316,0.10786483306789516,0.03244742148015586,108.25452546296296,95.86298243642655,2828.3666666666663,82.27822063854228,232.88763576980185,0.9,Sulfide Super Grade
2024-06-23,141.1098022238308,3386.635253371939,51.166666666666664,2.92,3.09,3.005,5.5,6.79,6.145,255.0,285.0,0.0,2.4521255330636285,0.0,7686.859237469708,187.5,731.0135927348537,14.46,20.085,65.4165651021953,255.0,285.0,295.0,290.0,260.0,265.0,255.0,260.0,245.0,250.0,235.0,,0.0,0.0,0.0,0.0,0.0,0.0,0.0,0.0,0.0,0.0,12.5625,9.1875,9.0,10.3125,8.75,8.0,8.1875,8.0,19.5,1539.5,826.5,510.0,360.5,189.5,107.0,93.0,66.5,60.5,1754.75,1156.75,819.75,474.25,304.75,257.0,218.5,168.0,127.75,2.84,2.56,1.2,0.56,0.32,0.08,0.021,0.009,0.001,0.001,0.001,2.9698326086956524,3.172495081967213,2.682447513812155,2.1611602209944754,1.717613259668508,1.3640491712707181,1.0986574585635358,0.8377337016574586,0.624767955801105,0.4760165745856353,785.0432565340133,475.55504963118113,142.44006010381568,134.7405973955013,119.3416719788726,111.64220927055823,100.0930152080867,92.39355249977233,84.69408979145797,76.99462708314361,59.6708359894363,2556.3992000000003,11.295000000000002,11.73,11.91,11.87,11.84,11.83,11.835,11.885000000000002,11.8,11.795,11.8,2046.0103815681634,1844.2910481741192,220.45041435206267,102.87686003096259,58.786777160550045,14.696694290137511,3.857882251161097,1.6533781076404699,0.18370867862671889,0.18370867862671889,0.18370867862671889,2182.6089654858392,10258.243593750001,2660.69376286117,0.0,0.0,0.0,21.3,30.118389601727145,3.005,6.145,3386.635253371939,90.49008743165847,263.1818181818182,270.0,261.6666666666667,21.3,21.3,,11.780909090909091,11.512500000000001,11.840555555555556,10.38888888888889,417.0,586.8333333333334,1.6362445856353591,2.7,1.370305732044199,187.5,397.7968589434925,2024-06,False,True,285.0,0.5116666666666666,0.4883333333333334,4996219.9348534215,2439820.7348534213,695.348909433225,0.6544171755946091,80.63990141479623,0.6544171755946091,0.855344401768651,95.28468689183765,1.9665236126618002,2216.272277280798,Early,1,0,812.1498359168385,812.1498359168385,0.0950991256834153,0.037076261083429665,221.28333333333336,90.50576075319007,6070.5,94.84161450377869,270.2652689730944,0.9,Sulfide Super Grade
2024-06-24,140.4149649506475,3369.9591588155395,51.125,2.86,2.73,2.795,5.56,5.01,5.285,270.0,280.0,2.3615014804252783,2.4482644248461582,6.0,7103.843076269925,248.0,675.7293842699266,14.64,19.6,64.56788154897494,270.0,280.0,295.0,270.0,295.0,285.0,275.0,280.0,265.0,275.0,265.0,,0.0,0.0,0.0,0.0,0.0,0.0,0.0,0.0,0.0,0.0,10.5625,7.5625,7.8125,8.8125,7.9375,9.25,8.4375,9.0625,20.3125,1546.5,814.0,578.0,378.0,186.0,118.0,106.0,81.5,62.5,1846.5,1176.5,947.5,615.5,358.5,308.0,278.0,203.5,140.0,2.28,2.16,0.88,0.26,0.24,0.08,0.02,0.003,0.001,0.001,0.001,2.9698326086956524,3.172495081967213,2.682447513812155,2.1611602209944754,1.717613259668508,1.3640491712707181,1.0986574585635358,0.8377337016574586,0.624767955801105,0.4760165745856353,633.3119410118111,618.2330852734347,126.88857103843789,119.1983546118659,111.50813818529389,103.81792175872191,96.12770533214992,88.43748890557792,80.74727247900593,69.21194783914794,55.754069092646944,2540.7563999999998,11.58,11.885,11.87,11.870000000000001,11.925,11.925,11.915,11.895,11.850000000000001,11.82,12.335,1643.337202157438,1556.8457704649416,161.73897726496892,47.78651601010445,44.11063016317334,14.703543387724446,3.6758858469311115,0.5513828770396667,0.1837942923465556,0.1837942923465556,0.1837942923465556,2103.236495528094,9131.01609375,2955.0426151041443,6.0,6000.0,2.3615014804252783,19.11,30.26742912690093,2.795,5.285,3369.9591588155395,90.48783345838297,277.72727272727275,275.0,278.3333333333333,19.11,19.11,,11.897272727272728,11.7325,11.93388888888889,9.972222222222221,430.05555555555554,652.6666666666666,1.540244585635359,2.2199999999999998,1.370305732044199,248.0,523.805818210269,2024-06,False,True,280.0,0.51125,0.48875,4969694.669926651,2428938.2699266504,680.1027155794621,0.6534689392867039,80.91858617053502,0.6534689392867039,0.8518336819847355,96.16844288968437,1.8264456853063373,2202.1636369507037,Early,1,0,794.3426693725169,794.3426693725169,0.09512166541617041,0.03941528507792179,190.56916666666663,84.5974644096881,5350.8,100.17853245605562,284.20029601773047,0.9,Sulfide Super Grade
2024-06-25,139.99059703029258,3359.774328727022,51.291666666666664,2.94,3.38,3.16,6.46,7.14,6.8,380.0,480.0,0.0,2.3480462020934065,0.0,8049.109488358855,246.0,792.6606532153128,19.525,20.84,63.24116376042457,380.0,480.0,475.0,445.0,415.0,435.0,395.0,370.0,370.0,330.0,330.0,,0.0,0.0,0.0,0.0,0.0,0.0,0.0,0.0,0.0,0.0,11.9375,8.375,6.875,6.75,9.0,8.4375,9.25,13.375,12.375,1765.0,1605.5,589.0,304.0,149.0,125.5,100.0,80.0,66.5,1717.75,1207.5,926.75,630.75,420.25,303.75,271.75,211.0,166.25,2.36,2.52,1.081,0.931,0.412,0.048,0.016,0.01,0.008,0.001,0.001,2.9698326086956524,3.172495081967213,2.682447513812155,2.1611602209944754,1.717613259668508,1.3640491712707181,1.0986574585635358,0.8377337016574586,0.624767955801105,0.4760165745856353,674.2399653545461,613.634125772115,197.0447359423791,169.99938002871923,158.40851320857928,135.22677956829938,123.63591274815944,115.90866820139948,88.8633122877396,73.40882319421966,61.81795637407972,2545.2743,11.96,12.260000000000002,12.29,12.225000000000001,12.23,12.19,12.165,12.135,12.16,12.145,12.120000000000001,1697.8250860438081,1812.9318715383038,198.31100597178215,170.79329006450436,75.58199302532307,8.805669090328903,2.9352230301096345,1.8345143938185213,1.4676115150548172,0.18345143938185215,0.18345143938185215,2412.1881726802358,11687.917031250001,3283.770938972798,0.0,0.0,0.0,19.11,30.35918190334128,3.16,6.8,3359.774328727022,90.15219442148587,402.27272727272725,430.0,396.1111111111111,19.11,19.11,,12.17090909090909,12.110000000000001,12.184444444444445,9.597222222222221,531.6111111111111,650.6388888888889,1.5842445856353593,2.44,1.370305732044199,246.0,517.0449698359058,2024-06,False,True,480.0,0.5129166666666667,0.4870833333333333,4962354.443541835,2417080.1435418352,1160.198468900081,0.6103996274455381,86.12840070650117,0.6103996274455381,0.811545961250443,108.91244975982212,1.9288628227279006,2050.804998556057,Early,1,0,1355.0822951835717,1355.0822951835717,0.09847805578514121,0.05963392605035466,183.40291666666664,95.93501481455846,9172.8,151.8982534865396,428.8221541019084,0.9,Sulfide Super Grade
2024-06-26,138.5932832874898,3326.2387988997557,51.125,2.58,2.68,2.63,6.34,5.12,5.73,360.0,535.0,1.1962706263224399,2.303394124905283,3.0,6599.093701948348,532.0,768.4732331983497,18.355,21.67,60.16468571428571,360.0,535.0,540.0,560.0,575.0,555.0,575.0,595.0,565.0,610.0,575.0,,0.0,0.0,0.0,0.0,0.0,0.0,0.0,0.0,0.0,0.0,12.6875,10.5,8.3125,8.8125,8.3125,8.125,8.4375,7.5,13.125,1310.5,864.5,489.5,290.0,202.5,101.5,89.5,82.5,66.0,1589.0,1238.5,906.0,646.0,482.0,299.5,265.5,218.5,192.5,1.88,1.64,1.122,0.765,0.563,0.214,0.04,0.001,0.001,0.001,0.001,2.9698326086956524,3.172495081967213,2.682447513812155,2.1611602209944754,1.717613259668508,1.3640491712707181,1.0986574585635358,0.8377337016574586,0.624767955801105,0.4760165745856353,459.9051000204819,663.4696524885641,134.57878746500987,123.04346282515189,115.3532463985799,115.3532463985799,107.66302997200792,111.50813818529389,103.81792175872191,76.90216426571993,69.21194783914794,2507.79375,12.095,11.93,12.04,11.93,11.97,11.995000000000001,11.965,11.969999999999999,11.945,11.915,11.915,1355.0324298491155,1182.049566464122,206.2171960128354,140.60263364511502,103.47618659111077,39.331978562162895,7.351771693862223,0.1837942923465556,0.1837942923465556,0.1837942923465556,0.1837942923465556,2080.806697617259,9454.6190625,2796.2403442848745,3.0,3000.0,1.1962706263224399,19.11,30.665266737234646,2.63,5.73,3326.2387988997557,88.35486707861926,549.5454545454545,447.5,572.2222222222222,19.11,19.11,,11.969999999999999,12.0125,11.960555555555556,9.534722222222221,388.5,648.6111111111111,1.448244585635359,1.7599999999999998,1.370305732044199,532.0,1109.0702530562346,2024-06,False,True,535.0,0.51125,0.48875,4905220.048899756,2397426.298899756,1282.6230699113694,0.6005077796716457,86.41841946091398,0.6005077796716457,0.8167975089537303,107.64612037708488,1.579335460536428,1997.4322757849739,Early,1,0,1498.0711145728833,1498.0711145728833,0.11645132921380734,0.08107173866042303,182.20854166666663,80.64965151892712,10223.85,203.4212797669971,569.606623006332,0.9,Sulfide Super Grade
2024-06-27,139.1240239133492,3338.9765739203804,51.208333333333336,1.9,2.02,1.96,3.2,4.18,3.69,445.0,540.0,0.0,2.21691212584299,0.0,4949.574818416436,348.0,836.346102416436,16.75,21.04,62.35821592649311,445.0,540.0,525.0,485.0,500.0,470.0,465.0,465.0,460.0,480.0,425.0,,0.0,0.0,0.0,0.0,0.0,0.0,0.0,0.0,0.0,0.0,12.25,10.8125,7.5625,8.5625,8.6875,8.0,8.1875,9.375,16.875,895.0,557.5,317.0,207.0,165.0,106.0,86.5,81.0,71.5,1492.75,1102.5,772.0,574.75,436.0,313.5,249.0,204.5,175.0,1.76,1.56,0.881,0.722,0.486,0.24,0.01,0.006,0.001,0.001,0.001,2.9698326086956524,3.172495081967213,2.682447513812155,2.1611602209944754,1.717613259668508,1.3640491712707181,1.0986574585635358,0.8377337016574586,0.624767955801105,0.4760165745856353,649.9505773566858,740.6413555925025,119.4851003256884,107.92202610062179,115.63074225066619,115.63074225066619,100.21330995057737,80.94151957546633,69.37844535039972,69.37844535039972,61.669729200355306,2523.4532,11.93,11.855,11.785,11.84,11.81,11.760000000000002,11.695,11.695,11.690000000000001,11.8,11.739999999999998,1267.3587355091447,1123.3406973831054,161.77186177602664,132.57580499692534,89.24077732480016,44.069519666567984,1.8362299861069995,1.1017379916641996,0.18362299861069994,0.18362299861069994,0.18362299861069994,2230.8419933040295,6659.850937499999,1291.9892645625805,0.0,0.0,0.0,19.11,30.5482826075174,1.96,3.69,3338.9765739203804,83.10266774219576,478.1818181818182,492.5,475.0,19.11,19.11,,11.781818181818181,11.8925,11.757222222222222,10.034722222222221,276.27777777777777,591.1111111111111,1.428244585635359,1.6600000000000001,1.370305732044199,348.0,727.5815379245057,2024-06,False,True,540.0,0.5120833333333333,0.48791666666666667,4927817.477624084,2404364.277624084,1298.3567099170054,0.6226592790455984,84.03705166851856,0.6226592790455984,0.8327478942581046,102.75771392199792,1.2204121869293727,2079.044746267406,Early,1,0,1516.4476058215246,1516.4476058215246,0.1689733225780424,0.10910028028887687,191.76354166666664,59.874633910734104,10319.4,275.50879842449785,773.6938106548051,0.9,Sulfide Super Grade
2024-06-28,135.52882689270152,3252.6918454248366,51.0,2.38,2.33,2.355,5.44,5.98,5.710000000000001,410.0,420.0,1.2277412807809318,2.1822113703658297,3.0,5760.3389191691185,332.0,796.4889413176471,18.355,21.675,59.67022861647615,410.0,420.0,450.0,410.0,360.0,380.0,380.0,395.0,385.0,370.0,370.0,,0.0,0.0,0.0,0.0,0.0,0.0,0.0,0.0,0.0,0.0,12.125,10.625,9.8125,10.3125,10.25,9.6875,6.25,9.5,12.75,1094.0,512.0,310.5,219.5,119.0,105.5,87.0,73.5,58.0,1396.5,966.5,638.0,503.5,390.0,327.5,232.5,190.5,157.5,1.52,1.76,0.925,0.746,0.403,0.071,0.04,0.003,0.001,0.001,0.001,2.9698326086956524,3.172495081967213,2.682447513812155,2.1611602209944754,1.717613259668508,1.3640491712707181,1.0986574585635358,0.8377337016574586,0.624767955801105,0.4760165745856353,593.4697217675941,563.4206219312603,137.92536824877251,126.43158756137481,99.61276595744681,80.45646481178396,84.28772504091654,88.11898527004911,80.45646481178396,72.79394435351882,65.13142389525369,2443.51155,11.775,11.66,11.825,11.765,11.725000000000001,11.74,11.71,11.725000000000001,11.72,11.725000000000001,11.705,1097.08674304419,1270.3109656301147,170.24693126022916,137.30184942716858,74.17244680851064,13.067602291325695,7.362029459901801,0.5521522094926351,0.18405073649754503,0.18405073649754503,0.18405073649754503,1992.105073649754,7200.79359375,2190.4847260057354,3.0,3000.0,1.2277412807809318,19.11,31.358642271468447,2.355,5.710000000000001,3252.6918454248366,86.17288058056602,393.6363636363636,415.0,388.8888888888889,19.11,19.11,,11.734090909090911,11.717500000000001,11.737777777777778,10.145833333333334,286.55555555555554,533.6111111111111,1.4242445856353592,1.6400000000000001,1.370305732044199,332.0,677.7671934424553,2024-06,False,True,420.0,0.51,0.49,4791199.117647059,2347687.567647059,986.0287784117647,0.5984964071247398,86.60034235264499,0.5984964071247398,0.8158981152329403,107.92951060180154,1.4094590387787622,1946.7243829707043,Early,1,0,1151.6565277266711,1151.6565277266711,0.1382711941943399,0.07291237649269802,193.886875,73.84960254930819,8026.2,178.343191748655,489.0240498879712,0.9,Sulfide Super Grade
2024-06-29,140.87569840773946,3381.0167617857473,51.125,1.9,2.08,1.99,3.86,5.12,4.49,290.0,495.0,0.0,2.1051696382119447,0.0,5076.35083025379,334.0,819.3651862537898,19.96,19.03,60.23395494131011,290.0,495.0,565.0,545.0,555.0,535.0,535.0,505.0,495.0,505.0,480.0,,0.0,0.0,0.0,0.0,0.0,0.0,0.0,0.0,0.0,0.0,11.25,10.25,8.4375,9.5,9.5625,9.4375,8.9375,7.9375,12.1875,1086.0,517.5,252.0,220.0,133.0,99.5,83.0,66.5,57.0,1347.0,1032.5,666.5,476.5,361.0,311.0,236.0,206.5,176.0,1.76,1.88,0.766,0.685,0.363,0.16,0.041,0.009,0.001,0.001,0.001,2.9698326086956524,3.172495081967213,2.682447513812155,2.1611602209944754,1.717613259668508,1.3640491712707181,1.0986574585635358,0.8377337016574586,0.624767955801105,0.4760165745856353,520.2205229739877,459.9051000204819,99.97281354543591,92.28259711886392,96.12770533214992,88.43748890557792,80.74727247900593,76.90216426571993,76.90216426571993,69.21194783914794,65.36683962586194,2549.0932000000003,11.91,11.74,11.615,11.555,11.555,11.55,11.545,11.54,11.530000000000001,11.52,11.530000000000001,1268.540998156619,1355.0324298491155,140.78642793746158,125.89909025739058,66.71732812179967,29.407086775448892,7.535565986208779,1.6541486311190001,0.1837942923465556,0.1837942923465556,0.1837942923465556,1726.076616371953,6607.894687499999,1261.4485590942113,0.0,0.0,0.0,21.87,30.168439610493614,1.99,4.49,3381.0167617857473,83.85916943780606,500.45454545454544,392.5,524.4444444444445,21.87,21.87,,11.599090909090908,11.825,11.54888888888889,9.722222222222221,279.3888888888889,534.7777777777778,1.460244585635359,1.8199999999999998,1.370305732044199,334.0,707.7628943569683,2024-06,False,True,495.0,0.51125,0.48875,4986001.369193154,2436908.169193154,1206.2695437506113,0.6070505350944521,87.1319103555111,0.6070505350944521,0.7988388992173702,112.86074966100321,1.2080305648379597,2052.4480344053495,Early,1,0,1408.8921385194426,1408.8921385194426,0.16140830562193945,0.09751099097602217,212.625,60.03519482488229,10825.65,248.7424686308109,707.9824415552899,0.9,Sulfide Super Grade
2024-06-30,131.9109724835047,2929.522847237833,51.22727272727273,1.94,1.93,1.935,3.96,5.1,4.529999999999999,265.0,275.0,0.0,2.0425050130732414,0.0,4295.931079479238,258.0,700.9562084930791,18.605,23.41,59.67908123370982,265.0,275.0,280.0,255.0,245.0,255.0,280.0,280.0,275.0,285.0,275.0,21.87,10.92,9.07,9.12,8.79,8.22,8.85,9.01,9.22,9.17,8.76,11.125,10.625,10.25,8.3125,9.375,9.1875,8.75,9.0,16.25,999.0,511.0,383.0,205.5,129.0,96.0,77.0,69.5,64.0,1347.0,1032.5,666.5,476.5,361.0,311.0,236.0,206.5,176.0,1.56,1.68,0.763,0.444,0.281,0.08,0.04,0.01,0.001,0.001,0.001,2.9698326086956524,3.172495081967213,2.682447513812155,2.1611602209944754,1.717613259668508,1.3640491712707181,1.0986574585635358,0.8377337016574586,0.624767955801105,0.4760165745856353,461.2631395840063,491.50990283541654,104.12448249297978,96.41155786387016,96.41155786387016,92.55509554931535,84.84217092020575,88.69863323476055,80.98570860565093,69.41632166198652,61.7033970328769,2215.2146000000002,12.205,11.95,11.905000000000001,11.84,11.85,11.86,11.81,11.79,11.795,11.754999999999999,11.73,1123.102308590741,1209.4947938669516,140.07461581471634,81.51130985810491,51.5871127705574,14.68672249695584,7.34336124847792,1.83584031211948,0.183584031211948,0.183584031211948,0.183584031211948,1727.921967644939,6785.000156249999,960.0024401896926,0.0,0.0,0.0,21.87,34.81795682056995,1.935,4.529999999999999,2929.522847237833,83.68325293109567,270.0,270.0,270.0,11.239166666666668,18.22,8.912222222222221,11.862727272727273,12.0775,11.815,10.319444444444445,281.55555555555554,534.7777777777778,1.4202445856353592,1.62,1.370305732044199,258.0,473.1659415735505,2024-06,False,True,275.0,0.5122727272727272,0.4877272727272728,4324287.595385981,2109072.9953859807,579.9950737311447,0.5868491116661688,87.25634721349047,0.5868491116661688,0.8170493329179833,107.87105871758342,1.1355530310740367,1719.187880507268,Early,1,0,677.4194905220577,677.4194905220577,0.1631674706890434,0.06401406235626482,115.98195601851853,67.37274644780285,3090.7708333333335,142.11812858848273,350.08578277221187,0.9,Sulfide Super Grade
2024-07-01,145.71571619425552,3497.1771886621323,49.0,2.02,1.93,1.975,5.82,4.9,5.36,270.0,290.0,1.6140865855765705,1.6140865855765705,4.0,4906.01604934898,170.0,772.1053561163267,15.215,21.2,63.585,270.0,290.0,275.0,285.0,265.0,265.0,255.0,260.0,250.0,245.0,230.0,21.74,10.36,9.11,8.95,8.89,8.14,8.9,9.15,9.19,9.31,7.77,11.5,9.6875,8.125,9.0,8.125,7.875,8.3125,10.75,16.125,922.0,643.0,300.5,163.0,116.5,105.0,86.5,77.0,64.0,1297.5,1098.5,695.0,449.5,332.0,294.5,239.5,222.5,194.5,1.44,1.6,0.721,0.528,0.283,0.08,0.04,0.01,0.001,0.001,0.001,2.9698326086956524,3.172495081967213,2.682447513812155,2.1611602209944754,1.717613259668508,1.3640491712707181,1.0986574585635358,0.8377337016574586,0.624767955801105,0.4760165745856353,467.69148366363146,425.1740760578467,93.96347080878414,90.34949116229244,86.73551151580074,75.89357257632564,75.89357257632564,68.66561328334225,65.05163363685055,65.05163363685055,57.82367434386716,2478.1818000000003,11.74,11.895,11.875,11.89,11.850000000000001,11.629999999999999,11.815,11.85,11.774999999999999,11.815,11.82,1062.0674879485805,1180.0749866095339,135.6016791644349,99.30331012319228,53.22506963042313,15.045956079271557,7.522978039635778,1.8807445099089446,0.18807445099089445,0.18807445099089445,0.18807445099089445,1572.293733261917,6398.67515625,1572.703808605957,4.0,4000.0,1.6140865855765705,21.74,29.166380339745025,1.975,5.36,3497.1771886621323,84.26207031632553,262.72727272727275,280.0,258.8888888888889,11.104166666666666,17.946666666666662,8.823333333333332,11.814090909090908,11.817499999999999,11.813333333333333,9.944444444444445,275.27777777777777,535.9444444444445,1.4002445856353591,1.52,1.370305732044199,170.0,381.29256798580315,2024-07,False,True,290.0,0.49,0.51,5057513.877551021,2579332.077551021,748.0063024897961,0.63585,82.26875,0.63585,0.84785,98.3932783018868,1.25580375,2223.680115410817,Early,1,0,873.6523313555108,873.6523313555108,0.1573792968367447,0.05911109892077962,110.42476851851852,57.60360117099643,3220.208333333333,146.8346995711414,442.35337104901276,0.9,Sulfide Super Grade
2024-07-02,144.12186741565316,3170.68108314437,49.0,2.13,1.93,2.03,5.19,4.57,4.880000000000001,240.0,285.0,0.0,0.8465607032278173,0.0,4608.982350908163,177.5,700.0216788469389,20.08,21.25,58.67,240.0,285.0,285.0,290.0,295.0,290.0,270.0,275.0,315.0,245.0,240.0,21.86,11.37,9.39,9.05,9.31,8.26,9.04,9.12,9.3,9.23,8.33,11.3125,9.8125,8.625,7.875,8.625,9.25,10.375,8.5625,17.125,712.5,314.0,265.5,178.0,109.0,98.0,71.5,59.265,52.0,1189.0,996.25,693.25,493.75,342.75,283.5,245.0,201.25,181.25,1.8,1.64,0.802,0.684,0.24,0.08,0.01,0.001,0.001,0.001,0.001,2.9698326086956524,3.172495081967213,2.682447513812155,2.1611602209944754,1.717613259668508,1.3640491712707181,1.0986574585635358,0.8377337016574586,0.624767955801105,0.4760165745856353,481.86395286555967,418.0878414568826,101.19143010176754,90.34949116229244,83.12153186930905,79.50755222281735,86.73551151580074,75.89357257632564,68.66561328334225,65.05163363685055,65.05163363685055,2246.8190000000004,11.91,11.91,11.89,11.885,11.89,11.83,11.844999999999999,11.844999999999999,11.79,11.405000000000001,11.835,1327.5843599357256,1209.5768612747722,150.83570969469736,128.64292447777183,45.13786823781467,15.045956079271557,1.8807445099089446,0.18807445099089445,0.18807445099089445,0.18807445099089445,0.18807445099089445,1615.5197643277984,4798.937517187501,992.3166642452587,0.0,0.0,0.0,21.86,32.169744394111824,2.03,4.880000000000001,3170.68108314437,84.81179519576582,275.45454545454544,262.5,278.3333333333333,11.343333333333334,18.363333333333333,9.003333333333334,11.821363636363635,11.91,11.801666666666668,10.17361111111111,206.64055555555555,514.0,1.4402445856353592,1.72,1.370305732044199,177.5,360.9463885980481,2024-07,False,True,285.0,0.49,0.51,4585344.897959185,2338525.8979591844,666.4798809183675,0.5867,88.38125,0.5867,0.7992,112.74900398406375,1.191001,1860.238591480802,Early,1,0,778.4315450655149,778.4315450655149,0.15188204804234176,0.06183577594820753,115.40266203703703,65.30458112004699,3232.85,140.3933970768617,383.4619263282028,0.9,Sulfide Super Grade
2024-07-03,137.96043807408884,2875.3254635274684,48.90909090909091,2.29,2.24,2.265,5.23,6.28,5.755000000000001,330.0,310.0,0.0,0.5919732920593768,0.0,4606.863132704833,218.0,622.9626095286245,19.54,20.725,59.735,330.0,310.0,295.0,285.0,270.0,290.0,290.0,285.0,285.0,285.0,270.0,,0.0,0.0,0.0,0.0,0.0,0.0,0.0,0.0,0.0,0.0,10.75,10.125,7.125,8.125,8.25,9.0,9.625,11.0,14.1875,800.5,615.0,356.5,217.5,138.5,98.0,86.5,57.5,49.0,1080.5,894.0,691.5,538.0,353.5,272.5,250.5,180.0,168.0,1.76,2.12,1.122,0.688,0.441,0.08,0.01,0.001,0.001,0.001,0.001,2.9698326086956524,4.67,2.682447513812155,2.1611602209944754,1.717613259668508,1.3640491712707181,1.0986574585635358,0.8377337016574586,0.624767955801105,0.4760165745856353,480.5721514060523,459.37043884402055,100.920151795271,90.10727838863481,97.3158606597256,82.89869611754403,75.69011384645324,72.08582271090785,64.87724043981706,68.48153157536245,61.27294930427168,2032.0608,12.11,11.965,11.899999999999999,11.875,11.905000000000001,11.565,11.815,11.825,11.780000000000001,11.715,11.73,1299.320813466965,1565.0909798579355,211.22083973922355,129.51866108786612,83.01995572637931,15.060309428821643,1.8825386786027054,0.18825386786027054,0.18825386786027054,0.18825386786027054,0.18825386786027054,1653.5922350880603,5947.715625000001,677.5432068838086,0.0,0.0,0.0,21.86,35.474245018115525,2.265,5.755000000000001,2875.3254635274684,86.47750993281922,290.45454545454544,320.0,283.8888888888889,21.86,21.86,,11.835,12.0375,11.79,9.79861111111111,268.77777777777777,492.05555555555554,1.4842445856353592,1.94,1.370305732044199,218.0,402.39204941457905,2024-07,True,False,330.0,0.4890909090909091,0.510909090909091,4154771.1524163573,2122710.3524163575,700.494416297398,0.59735,87.378125,0.59735,0.8046000000000001,111.11278648974667,1.35299775,1717.5756656381334,Early,1,0,818.1596570278735,818.1596570278735,0.1352249006718078,0.07163225615653285,214.19763888888886,80.34916496603167,7213.8,145.69472099460927,361.2167968476402,0.9,Sulfide Super Grade
2024-07-04,149.17269968057923,3580.1447923339015,48.916666666666664,2.22,2.19,2.205,6.74,6.04,6.390000000000001,365.0,365.0,1.580565555596255,0.8613448696409988,4.0,5584.245289188501,196.0,827.7760700846678,17.174999999999997,17.545,65.28,365.0,365.0,365.0,380.0,335.0,345.0,360.0,315.0,335.0,315.0,310.0,,0.0,0.0,0.0,0.0,0.0,0.0,0.0,0.0,0.0,0.0,11.0625,8.125,8.6875,6.5,7.25,8.25,8.5625,10.5625,19.3125,877.5,753.5,326.5,184.0,141.0,90.5,82.0,67.0,61.0,1279.25,1024.75,712.25,558.75,382.25,304.5,282.0,210.25,188.25,1.84,1.92,0.841,0.645,0.243,0.04,0.01,0.006,0.001,0.001,0.001,2.9698326086956524,4.67,2.682447513812155,2.1611602209944754,1.717613259668508,1.3640491712707181,1.0986574585635358,0.8377337016574586,0.624767955801105,0.4760165745856353,516.0238169573167,614.9872887025556,136.99372017305205,100.94274118014361,97.33764328085277,93.73254538156192,90.12744748227108,82.9172516836894,75.7070558851077,75.7070558851077,61.28666428794434,2530.7397,11.825,11.955,11.940000000000001,11.965,11.92,11.925,11.879999999999999,11.845,11.885000000000002,11.805,11.809999999999999,1358.2730475893136,1417.328397484501,158.30893827215556,121.41410842513716,45.7420594531912,7.529557111636413,1.8823892779091032,1.1294335667454618,0.1882389277909103,0.1882389277909103,0.1882389277909103,1945.763230899603,6175.781249999999,1646.2018732301053,4.0,4000.0,1.580565555596255,19.11,28.490467820857617,2.205,6.390000000000001,3580.1447923339015,85.17658112749271,344.54545454545456,365.0,340.0,19.11,19.11,,11.886818181818182,11.89,11.886111111111113,9.8125,287.0,549.1388888888889,1.4722445856353592,1.88,1.370305732044199,196.0,450.43080286734323,2024-07,False,True,365.0,0.48916666666666664,0.5108333333333334,5173573.492333902,2642833.792333902,964.6343342018741,0.6528,82.434375,0.6528,0.82825,102.43659162154461,1.4394240000000003,2337.118520435571,Early,1,0,1126.668361183407,1126.668361183407,0.14823418872507294,0.06536245832658284,187.516875,62.821481544991045,6975.15,165.53212910599044,510.95839074807225,0.9,Sulfide Super Grade
2024-07-05,147.1164693606479,3530.7952646555495,49.416666666666664,2.21,2.07,2.1399999999999997,5.13,7.66,6.395,405.0,370.0,0.0,0.6767793919727653,0.0,5432.050840024283,280.0,827.0781520080945,17.915,18.445,63.64,405.0,370.0,370.0,360.0,355.0,355.0,375.0,340.0,345.0,340.0,325.0,,0.0,0.0,0.0,0.0,0.0,0.0,0.0,0.0,0.0,0.0,11.875,6.5,9.1875,7.5625,10.375,8.1875,8.625,10.1875,16.75,978.5,739.0,291.0,218.0,142.5,102.5,91.5,82.5,56.5,1478.0,1155.5,733.0,579.5,411.0,336.5,313.5,240.5,208.5,1.92,1.963,1.08,0.685,0.284,0.281,0.08,0.006,0.002,0.001,0.001,2.9698326086956524,4.67,2.682447513812155,2.1611602209944754,1.717613259668508,1.3640491712707181,1.0986574585635358,0.8377337016574586,0.624767955801105,0.4760165745856353,545.2018459608406,523.6807204623863,95.12337470316771,87.80619203369326,84.14760069895605,80.48900936421883,80.48900936421883,76.8304180294816,73.1718266947444,69.51323536000717,62.19605269053274,2532.8896000000004,11.885000000000002,11.86,11.875,11.885,11.895,11.905,11.915,11.93,11.935,11.93,11.899999999999999,1409.8696178144185,1441.4448227967207,202.22817330525567,128.26509140194457,53.178519646937595,52.61677472108967,14.979864689278198,1.123489851695865,0.37449661723195493,0.18724830861597747,0.18724830861597747,1778.6492853622474,6537.9609375,1294.5073429263848,0.0,0.0,0.0,19.11,28.888675880205902,2.1399999999999997,6.395,3530.7952646555495,84.77410877832658,358.1818181818182,387.5,351.6666666666667,19.11,19.11,,11.901363636363635,11.8725,11.907777777777776,9.916666666666666,300.22222222222223,606.2222222222222,1.4845445856353592,1.9415,1.370305732044199,280.0,631.2631665312708,2024-07,True,False,405.0,0.49416666666666664,0.5058333333333334,5125577.605396291,2592688.0053962907,1050.0386421854978,0.6364,83.921875,0.6364,0.8208500000000001,105.43507725670912,1.3618959999999998,2246.9981064267918,Early,1,0,1226.418420145931,1226.418420145931,0.15225891221673418,0.0745574759749836,189.5075,61.82176638364062,7739.55,189.25145209601826,573.0900417035112,0.9,Sulfide Super Grade
2024-07-06,142.975278205554,2966.737022765246,49.875,1.84,1.86,1.85,3.12,5.36,4.24,315.0,325.0,0.0,0.5723395254138477,0.0,3993.7503201174814,204.0,682.7150263674812,15.05,21.6,63.35,315.0,325.0,315.0,305.0,340.0,335.0,310.0,300.0,305.0,280.0,280.0,,0.0,0.0,0.0,0.0,0.0,0.0,0.0,0.0,0.0,0.0,11.6875,7.875,7.3125,9.75,9.875,8.75,7.6875,9.3125,16.3125,961.5,434.0,337.5,205.0,125.0,102.5,85.0,69.5,67.0,1415.75,1049.25,718.75,547.25,390.75,313.75,280.5,218.75,186.5,1.84,1.8,0.844,0.602,0.32,0.12,0.04,0.02,0.001,0.001,0.001,2.9698326086956524,4.67,2.682447513812155,2.1611602209944754,1.717613259668508,1.3640491712707181,1.0986574585635358,0.8377337016574586,0.624767955801105,0.4760165745856353,516.2198825673213,458.05426199635554,155.73844907876088,133.49009921036648,100.11757440777487,88.99339947357765,81.57728285077953,74.16116622798138,74.16116622798138,70.45310791658231,66.74504960518324,2157.02625,11.97,11.934999999999999,11.91,11.885000000000002,11.875,11.870000000000001,11.850000000000001,11.785,11.77,11.780000000000001,11.74,1344.5150840251063,1315.2864952419518,157.26442194776268,112.17201660255111,59.62632111763514,22.35987041911318,7.453290139704393,3.7266450698521965,0.18633225349260982,0.18633225349260982,0.18633225349260982,1819.7114395626643,6029.945156249999,288.6253792634935,0.0,0.0,0.0,19.11,34.381207103057456,1.85,4.24,2966.737022765246,82.9054154204763,310.0,320.0,307.77777777777777,19.11,19.11,,11.851818181818182,11.9525,11.829444444444444,9.840277777777779,265.22222222222223,569.0277777777778,1.460244585635359,1.82,1.370305732044199,204.0,384.5556834586465,2024-07,False,True,325.0,0.49875,0.50125,4324864.661654135,2167838.411654135,704.5474837875939,0.6335000000000001,82.3125,0.6335000000000001,0.8495,98.17708333333334,1.1719750000000002,1879.4279039217836,Early,1,0,822.893536742743,822.893536742743,0.17094584579523694,0.08137714527693352,188.04770833333333,63.605233140656296,6210.75,175.6747260825617,444.80491280735936,0.9,Sulfide Super Grade
2024-07-07,146.45640521885522,3514.9537252525256,49.5,1.87,1.82,1.8450000000000002,5.77,5.76,5.765,335.0,325.0,0.0,0.48468927323475947,0.0,4716.476399812122,268.0,800.0945332545455,15.219999999999999,20.7,64.08,335.0,325.0,320.0,315.0,305.0,325.0,350.0,310.0,305.0,285.0,290.0,,0.0,0.0,0.0,0.0,0.0,0.0,0.0,0.0,0.0,0.0,13.125,9.75,6.3125,7.25,7.75,6.625,8.4375,9.1875,14.5,853.5,488.5,246.0,179.5,140.5,89.0,80.5,61.0,54.5,1415.75,1049.25,718.75,547.25,390.75,313.75,280.5,218.75,186.5,1.64,1.68,0.881,0.643,0.4,0.247,0.04,0.001,0.001,0.001,0.001,2.9698326086956524,4.67,2.682447513812155,2.1611602209944754,1.717613259668508,1.3640491712707181,1.0986574585635358,0.8377337016574586,0.624767955801105,0.4760165745856353,596.8765133171913,532.1549636803875,102.69152542372883,84.3537530266344,80.6861985472155,84.3537530266344,80.6861985472155,77.01864406779661,77.01864406779661,69.68353510895884,62.34842615012107,2527.7028,11.725,11.775,11.8,11.82,11.8,11.715,11.780000000000001,11.780000000000001,11.735,11.75,11.765,1203.1961259079903,1232.542372881356,164.81952784503633,120.29393462469734,74.83292978208233,46.209334140435836,7.483292978208233,0.1870823244552058,0.1870823244552058,0.1870823244552058,0.1870823244552058,1847.872154963681,5744.56828125,1026.1839581916906,0.0,0.0,0.0,21.92,29.018874207987473,1.8450000000000002,5.765,3514.9537252525256,83.03618071137986,315.0,330.0,311.6666666666667,21.92,21.92,,11.767727272727273,11.75,11.771666666666668,9.215277777777779,243.66666666666666,569.0277777777778,1.428244585635359,1.66,1.370305732044199,268.0,600.9649485322794,2024-07,True,False,335.0,0.495,0.505,5106470.303030303,2578767.503030303,863.8871135151516,0.6408,81.9625,0.6408,0.8478,98.06763285024155,1.182276,2252.3823471418186,Early,1,0,1008.998170521151,1008.998170521151,0.1696381928862014,0.07102760018333698,201.99888888888893,53.53982291373689,7343.200000000001,181.57083159440867,546.8795131306339,0.9,Sulfide Super Grade
2024-07-08,145.88684534026382,3473.322642809448,49.458333333333336,1.67,1.81,1.74,3.95,4.96,4.455,595.0,490.0,0.0,0.421049720795746,0.0,4347.171224644061,224.0,789.6581241864365,16.85,21.935,61.215,595.0,490.0,400.0,370.0,350.0,335.0,340.0,305.0,305.0,305.0,300.0,21.92,10.72,9.12,9.03,8.72,8.13,8.87,8.96,9.23,9.42,8.95,11.25,12.1875,12.75,10.1875,11.0625,9.0,8.8125,6.5,13.375,986.5,521.5,268.0,145.0,108.5,88.0,67.5,56.0,50.5,1353.5,943.0,704.5,515.0,370.5,291.0,247.5,197.0,164.5,1.72,1.52,0.88,0.682,0.364,0.01,0.04,0.04,0.001,0.001,0.001,2.9698326086956524,3.172495081967213,2.682447513812155,2.1611602209944754,1.717613259668508,1.3640491712707181,1.0986574585635358,0.8377337016574586,0.624767955801105,0.4760165745856353,517.1394634813204,474.0445081912104,98.90292239080254,91.57677999148383,80.58756639250578,80.58756639250578,73.26142399318707,69.59835279352771,65.93528159386835,62.27221039420901,58.609139194549655,2494.7114,12.055,11.989999999999998,11.95,11.9,11.870000000000001,11.82,11.79,11.809999999999999,11.8,11.805,11.82,1262.448622845745,1115.6522713520537,164.70550637592163,127.64676744133926,68.12818672822212,1.8716534815445638,7.486613926178255,7.486613926178255,0.18716534815445637,0.18716534815445637,0.18716534815445637,1672.5152148091704,6623.53734375,800.1281244039607,0.0,0.0,0.0,21.92,29.366693074472288,1.74,4.455,3473.322642809448,81.83512718086938,372.27272727272725,542.5,334.44444444444446,11.249166666666667,18.186666666666667,8.936666666666666,11.873636363636363,12.022499999999999,11.840555555555556,10.569444444444445,254.61111111111111,531.8333333333334,1.4202445856353592,1.62,1.370305732044199,224.0,496.570106528552,2024-07,True,False,595.0,0.4945833333333334,0.5054166666666666,5044066.8576242635,2549355.457624263,1516.8664972864365,0.6121500000000001,84.771875,0.6121500000000001,0.8315,103.52461819010713,1.0651410000000001,2126.194455795804,Early,1,0,1771.661478383654,1771.661478383654,0.18164872819130612,0.13687061522374647,118.89744212962964,51.09804594958178,6693.2541666666675,341.95205774679454,1018.1904002756615,0.9,Sulfide Super Grade
2024-07-09,146.66865882854404,3446.7134824707846,49.916666666666664,1.45,1.77,1.6099999999999999,3.69,4.0,3.8449999999999998,300.0,380.0,1.195668809305173,0.5114093722373941,3.0,4044.6150269649406,346.0,743.947670223706,18.14,20.37,61.49,300.0,380.0,425.0,445.0,445.0,445.0,475.0,415.0,430.0,400.0,365.0,21.97,11.23,8.69,8.74,8.64,7.54,8.72,8.45,9.3,8.89,8.6,13.0,8.6875,8.75,9.25,7.625,9.875,10.0,8.5,13.0,802.5,413.5,236.5,154.5,105.5,75.0,60.5,51.5,46.0,1300.0,892.75,678.25,510.75,379.0,261.75,231.5,193.5,164.5,1.28,0.88,0.824,0.612,0.44,0.326,0.04,0.001,0.001,0.001,0.001,2.9698326086956524,3.172495081967213,2.682447513812155,2.1611602209944754,1.717613259668508,1.3640491712707181,1.0986574585635358,0.8377337016574586,0.624767955801105,0.4760165745856353,516.8488094702255,429.49408110906063,111.37727866048522,77.96409506233965,74.25151910699014,74.25151910699014,70.53894315164064,70.53894315164064,66.82636719629113,63.11379124094163,59.401215285592116,2509.0559999999996,11.92,11.815000000000001,11.815000000000001,11.82,11.780000000000001,11.795,11.739999999999998,11.75,11.775,11.735,11.715,934.8949003015709,642.74024395733,153.46884097762975,113.9841391727056,81.94938110455958,60.71704145474187,7.449943736778144,0.1862485934194536,0.1862485934194536,0.1862485934194536,0.1862485934194536,1614.6065625421973,5280.81890625,1304.380544252152,3.0,3000.0,1.195668809305173,21.97,29.593408479918402,1.6099999999999999,3.8449999999999998,3446.7134824707846,81.60646525654728,411.3636363636364,340.0,427.22222222222223,11.061666666666667,18.39,8.618888888888888,11.787272727272727,11.8675,11.769444444444446,9.854166666666666,216.16666666666666,512.4444444444445,1.312244585635359,1.08,1.370305732044199,346.0,757.4191173346883,2024-07,False,True,380.0,0.49916666666666665,0.5008333333333334,5026489.482470784,2517433.482470785,956.6247233388982,0.6149,85.40625,0.6149,0.8186,106.79307805596467,0.9899889999999999,2119.3841203712855,Early,1,0,1117.3133394671495,1117.3133394671495,0.18393534743452722,0.09395208133940751,109.00350694444444,47.645387652668624,4203.433333333333,236.02337873677803,693.9791302334455,0.9,Sulfide Super Grade
2024-07-10,146.09142715275195,3506.194251666047,49.833333333333336,1.85,2.21,2.0300000000000002,4.99,5.62,5.305,345.0,300.0,0.0,0.4572790488589133,0.0,5176.366114532776,224.0,767.6885957663878,16.37,18.655,64.975,345.0,300.0,295.0,285.0,270.0,290.0,290.0,315.0,315.0,295.0,295.0,21.94,11.2,8.72,8.65,8.55,7.6,8.78,8.54,8.45,8.8,8.9,14.0,10.4375,8.8125,9.375,9.875,7.4375,7.0625,9.8125,18.75,874.5,444.0,259.0,198.0,131.5,80.5,69.5,63.0,50.0,1246.5,842.5,652.0,506.5,387.5,232.5,215.5,190.0,164.5,1.76,1.92,0.766,0.521,0.363,0.08,0.04,0.01,0.001,0.001,0.001,2.9698326086956524,3.172495081967213,2.682447513812155,2.1611602209944754,1.717613259668508,1.3640491712707181,1.0986574585635358,0.8377337016574586,0.624767955801105,0.4760165745856353,493.8058828820726,472.0203292255105,88.88505891877305,85.18151479715752,77.77442655392643,74.07088243231088,66.6637941890798,66.6637941890798,62.96025006746426,62.96025006746426,59.25670594584871,2546.1461,11.645,11.6,11.71,11.71,11.74,11.695,11.69,11.7,11.605,11.625,11.64,1286.6348835117385,1403.6016911037148,142.7945407933795,97.12265764145003,67.6689534046955,14.913267967976973,7.456633983988486,1.8641584959971216,0.18641584959971216,0.18641584959971216,0.18641584959971216,1610.242889268688,6364.736250000001,1383.3514144115247,0.0,0.0,0.0,21.94,29.091371635080513,2.0300000000000002,5.305,3506.194251666047,85.16935280889265,299.54545454545456,322.5,294.44444444444446,11.005833333333333,18.36,8.554444444444446,11.66909090909091,11.622499999999999,11.679444444444446,10.618055555555555,241.11111111111111,493.05555555555554,1.464244585635359,1.8399999999999999,1.370305732044199,224.0,499.2623372005235,2024-07,True,False,345.0,0.49833333333333335,0.5016666666666667,5109323.277591974,2563177.1775919735,884.2961262692309,0.6497499999999999,82.121875,0.6497499999999999,0.8362999999999999,100.3383811310641,1.3189925,2278.149715020014,Early,1,0,1032.8353781942894,1032.8353781942894,0.1483064719110735,0.06664907241228629,116.86054976851851,59.05548441921345,3797.0125,169.949901724622,508.7833942661806,0.9,Sulfide Super Grade
2024-07-11,134.88573827160494,3237.2577185185182,50.0,2.09,2.07,2.08,5.61,5.04,5.325,295.0,290.0,0.0,0.4163881810463307,0.0,4917.1757408,200.0,747.6752928,15.125,23.68,61.195,295.0,290.0,300.0,330.0,305.0,315.0,305.0,315.0,315.0,310.0,300.0,21.89,10.82,9.43,9.12,8.76,8.13,9.94,9.04,9.27,8.98,8.35,11.875,7.1875,6.875,9.0625,9.5,8.5625,8.875,10.125,22.9375,705.5,373.0,246.0,183.0,145.5,90.5,63.5,56.5,48.0,1167.25,846.25,649.5,458.75,348.5,225.0,212.5,175.25,118.88499999999999,1.52,1.2,1.0,0.724,0.44,0.361,0.04,0.025,0.001,0.001,0.001,2.9698326086956524,3.172495081967213,2.682447513812155,2.1611602209944754,1.717613259668508,1.3640491712707181,1.0986574585635358,0.8377337016574586,0.624767955801105,0.4760165745856353,488.9189189189189,445.1351351351351,115.37027027027025,89.31891891891891,85.59729729729729,78.15405405405404,70.71081081081081,74.43243243243244,66.98918918918918,63.26756756756757,59.545945945945945,2362.3232,11.774999999999999,11.84,11.79,11.8,11.75,11.645,11.69,11.69,11.64,11.66,11.675,1109.1891891891892,875.6756756756756,186.08108108108107,134.7227027027027,81.87567567567567,67.17527027027026,7.443243243243243,4.652027027027027,0.18608108108108107,0.18608108108108107,0.18608108108108107,1637.4405405405403,4794.56578125,1702.6635866908343,0.0,0.0,0.0,21.89,31.508149448996836,2.08,5.325,3237.2577185185182,84.79461926495317,307.27272727272725,292.5,310.55555555555554,11.301666666666668,18.2,9.00222222222222,11.723181818181816,11.8075,11.704444444444443,10.555555555555555,212.38888888888889,466.87611111111113,1.3682445856353591,1.3599999999999999,1.370305732044199,200.0,410.83881739130436,2024-07,True,False,295.0,0.5,0.5,4724646.399999999,2362323.1999999997,696.8853439999999,0.61195,83.70625,0.61195,0.84875,99.63312922297298,1.272856,1981.0398608474072,Early,1,0,813.9443524025554,813.9443524025554,0.1520538073504684,0.05999378821306984,119.29537037037038,65.53695085391342,3333.991666666667,141.82624121999413,391.31751885931095,0.9,Sulfide Super Grade
2024-07-12,143.5008,3444.0192,50.0,1.89,2.41,2.15,4.99,5.78,5.385,320.0,340.0,1.1936957584647354,0.4839123369504692,3.0,5407.1566848,204.0,769.0401792,15.59,21.869999999999997,62.54,320.0,340.0,310.0,305.0,300.0,310.0,320.0,305.0,295.0,265.0,265.0,21.94,11.2,8.72,8.69,8.6,7.72,8.8,8.53,9.36,8.94,8.7,11.25,9.75,7.6875,9.0,8.5625,8.875,6.9375,8.625,16.125,665.5,428.0,266.0,131.0,97.0,65.0,58.5,48.0,43.5,1088.0,850.0,647.0,411.0,309.5,217.5,209.5,160.5,73.27,2.04,2.08,0.724,0.643,0.36,0.08,0.04,0.01,0.002,0.001,0.001,2.9698326086956524,3.172495081967213,2.682447513812155,2.1611602209944754,1.717613259668508,1.3640491712707181,1.0986574585635358,0.8377337016574586,0.624767955801105,0.4760165745856353,488.9189189189189,423.24324324324317,78.15405405405404,70.71081081081081,74.43243243243244,66.98918918918918,63.26756756756757,66.98918918918918,63.26756756756757,63.26756756756757,59.545945945945945,2513.2032,11.88,11.844999999999999,11.795,11.8,11.765,11.735,11.74,11.675,11.715,11.684999999999999,11.719999999999999,1488.6486486486485,1517.8378378378377,134.7227027027027,119.65013513513513,66.98918918918918,14.886486486486486,7.443243243243243,1.8608108108108108,0.37216216216216214,0.18608108108108107,0.18608108108108107,1518.7864864864864,4542.17953125,1284.610939037378,3.0,3000.0,1.1936957584647354,21.94,29.616559628935864,2.15,5.385,3444.0192,85.77736462932837,303.1818181818182,330.0,297.22222222222223,11.095,18.36,8.673333333333334,11.759545454545457,11.8625,11.736666666666666,9.645833333333334,200.27777777777777,440.69666666666666,1.508244585635359,2.06,1.370305732044199,204.0,445.8203937391305,2024-07,False,True,340.0,0.5,0.5,5026406.399999999,2513203.1999999997,854.4890879999999,0.6254,83.15625,0.6254,0.8441,99.89711934156381,1.3446099999999999,2153.88960768,Early,1,0,998.021515813669,998.021515813669,0.14222635370671624,0.0628796278376342,107.02052083333335,63.6756032022121,3772.3,158.13879935442162,464.19389482545154,0.9,Sulfide Super Grade
2024-07-13,135.3221841049383,3247.732418518519,50.0,2.34,2.67,2.505,4.98,6.31,5.645,325.0,400.0,1.2658404638478282,0.5431166446745692,3.0,5940.32203485,288.0,761.9443583500001,14.79,19.005000000000003,66.20500000000001,325.0,400.0,425.0,430.0,425.0,360.0,365.0,325.0,280.0,265.0,300.0,,0.0,0.0,0.0,0.0,0.0,0.0,0.0,0.0,0.0,0.0,12.75,9.25,10.6875,7.375,6.75,7.1875,6.875,7.375,12.0625,677.0,417.5,221.5,173.5,133.5,74.5,67.0,59.0,54.5,1267.5,973.5,641.25,425.5,352.75,232.75,202.75,169.5,116.38499999999999,1.96,2.0,1.0,0.841,0.568,0.421,0.16,0.08,0.002,0.002,0.001,2.9698326086956524,3.172495081967213,2.682447513812155,2.1611602209944754,1.717613259668508,1.3640491712707181,1.0986574585635358,0.8377337016574586,0.624767955801105,0.4760165745856353,671.3513513513514,620.2702702702702,160.02972972972972,137.7,104.2054054054054,100.48378378378378,89.31891891891891,89.31891891891891,70.71081081081081,66.98918918918918,57.68513513513513,2369.9669000000004,12.07,11.93,12.0,11.89,11.825,11.77,11.75,11.754999999999999,11.695,11.71,11.695,1430.2702702702702,1459.4594594594594,186.08108108108107,156.49418918918917,105.69405405405404,78.34013513513513,29.772972972972973,14.886486486486486,0.37216216216216214,0.37216216216216214,0.18608108108108107,2168.0635135135135,4878.20578125,1716.9024760713196,3.0,3000.0,1.2658404638478282,21.94,31.406528265197473,2.505,5.645,3247.732418518519,87.1733492918412,354.54545454545456,362.5,352.77777777777777,21.94,21.94,,11.826363636363636,12.0,11.787777777777778,8.92361111111111,208.66666666666666,486.87611111111113,1.492244585635359,1.98,1.370305732044199,288.0,593.5221453913045,2024-07,False,True,400.0,0.5,0.5,4739933.800000001,2369966.9000000004,947.9867600000001,0.6620500000000001,80.36562500000001,0.6620500000000001,0.8521000000000001,95.36635096027359,1.6584352500000004,2150.161247680186,Early,1,0,1107.224418044867,1107.224418044867,0.1282665070815879,0.067336416721741,195.7840277777778,78.67335330431966,8776.0,159.68000127744,442.00399121954285,0.9,Sulfide Super Grade
2024-07-14,138.3948513888889,3321.4764333333333,50.0,2.02,2.67,2.3449999999999998,5.26,5.84,5.55,495.0,450.0,0.0,0.5040829705031833,0.0,5699.518905149999,362.0,803.4831031499999,11.695,19.15,69.155,495.0,450.0,400.0,420.0,390.0,405.0,420.0,425.0,440.0,405.0,385.0,,0.0,0.0,0.0,0.0,0.0,0.0,0.0,0.0,0.0,0.0,12.1875,9.8125,10.4375,11.125,6.375,8.4375,5.5625,9.25,15.9375,821.0,426.5,264.0,195.5,118.5,76.5,61.0,51.0,40.0,1267.5,973.5,641.25,425.5,352.75,232.75,202.75,169.5,116.38499999999999,2.52,2.4,1.241,0.526,0.361,0.208,0.04,0.006,0.001,0.001,0.001,2.9698326086956524,3.172495081967213,2.682447513812155,2.1611602209944754,1.717613259668508,1.3640491712707181,1.0986574585635358,0.8377337016574586,0.624767955801105,0.4760165745856353,540.0,459.7297297297297,119.09189189189189,96.76216216216216,78.15405405405404,74.43243243243244,66.98918918918918,63.26756756756757,59.545945945945945,59.545945945945945,55.824324324324316,2423.7801,12.11,12.12,12.07,12.08,12.06,11.975000000000001,12.0,12.01,11.989999999999998,11.965,11.95,1838.9189189189187,1751.3513513513512,230.92662162162162,97.87864864864865,67.17527027027026,38.70486486486486,7.443243243243243,1.1164864864864865,0.18608108108108107,0.18608108108108107,0.18608108108108107,1673.3432432432433,5602.573125,852.0541855813109,0.0,0.0,0.0,19.11,30.709234898179268,2.3449999999999998,5.55,3321.4764333333333,85.90261535190305,421.3636363636364,472.5,410.0,19.11,19.11,,12.03,12.114999999999998,12.011111111111113,9.902777777777779,228.22222222222223,486.87611111111113,1.588244585635359,2.46,1.370305732044199,362.0,762.9638227826089,2024-07,True,False,495.0,0.5,0.5,4847560.2,2423780.1,1199.7711495,0.69155,76.5875,0.69155,0.8830500000000001,85.39490861618799,1.6216847499999998,2296.967027471667,Early,1,0,1401.3021793597186,1401.3021793597186,0.1409738464809696,0.08684943558178665,189.24208333333334,72.01315583623038,9459.449999999999,211.0865198869088,597.5676774767352,0.9,Sulfide Super Grade
2024-07-15,170.92260683760685,2259.02712037037,50.0,2.43,2.37,2.4000000000000004,6.25,5.32,5.785,360.0,370.0,1.819859121672293,0.565401614760438,3.0,3966.4059234250003,0.0,562.9556638749999,14.09,20.775,65.13499999999999,360.0,370.0,360.0,360.0,360.0,350.0,350.0,370.0,360.0,390.0,380.0,,0.0,0.0,0.0,0.0,0.0,0.0,0.0,0.0,0.0,0.0,13.1875,11.75,9.6875,10.375,10.5,10.0625,9.0,8.9375,11.875,1256.0,716.5,303.0,172.5,116.5,95.5,73.5,55.5,50.5,1447.0,1097.0,635.5,440.0,396.0,248.0,196.0,178.5,159.5,1.0,2.04,0.88,0.602,0.404,0.2,0.04,0.006,0.001,0.001,0.001,2.9698326086956524,3.172495081967213,2.682447513812155,2.1611602209944754,1.717613259668508,1.3640491712707181,1.0986574585635358,0.8377337016574586,0.624767955801105,0.4760165745856353,656.7567567567568,532.7027027027027,133.97837837837835,119.09189189189189,111.64864864864863,78.15405405405404,74.43243243243244,74.43243243243244,66.98918918918918,66.98918918918918,63.26756756756757,1648.4792499999999,11.89,11.89,11.87,11.83,11.78,11.83,11.81,11.87,11.87,11.78,11.79,729.7297297297297,1488.6486486486485,163.75135135135133,112.0208108108108,75.17675675675676,37.21621621621622,7.443243243243243,1.1164864864864865,0.18608108108108107,0.18608108108108107,0.18608108108108107,1978.4432432432432,8580.4471875,781.6267177527388,3.0,3000.0,1.819859121672293,19.11,45.1521803701396,2.4000000000000004,5.785,2259.02712037037,85.80690744358091,364.54545454545456,365.0,364.44444444444446,19.11,19.11,,11.837272727272728,11.89,11.825555555555557,10.597222222222221,315.5,533.0555555555555,1.4002445856353591,1.52,1.370305732044199,0.0,0.0,2024-07,False,True,370.0,0.5,0.5,3296958.4999999995,1648479.2499999998,609.9373224999999,0.6513499999999999,80.596875,0.6513499999999999,0.8591,94.72021660649823,1.56324,1471.4173148532402,Early,1,0,712.3912753263628,712.3912753263628,0.14193092556419099,0.09328344277998259,202.51291666666665,108.36523288833504,7070.7,154.166024308232,296.8284612673958,0.9,Sulfide Super Grade
2024-07-16,139.1765995050236,2180.43339224537,49.23076923076923,1.73,1.75,1.74,4.02,4.01,4.015,380.0,345.0,0.0,0.5415836306131016,0.0,2717.5828883465624,247.5,515.7715260328124,14.25,20.045,65.705,380.0,345.0,335.0,330.0,320.0,320.0,330.0,310.0,320.0,330.0,305.0,,0.0,0.0,0.0,0.0,0.0,0.0,0.0,0.0,0.0,0.0,11.625,10.6875,9.375,10.0,11.8125,10.375,6.25,9.8125,9.125,915.5,569.0,313.5,205.0,113.0,74.0,70.5,52.5,50.5,1259.75,900.5,589.5,435.75,332.0,233.75,193.5,174.75,156.25,1.32,1.64,1.04,0.72,0.523,0.24,0.04,0.001,0.001,0.001,0.001,2.9698326086956524,3.172495081967213,2.682447513812155,2.1611602209944754,1.717613259668508,1.3640491712707181,1.0986574585635358,0.8377337016574586,0.624767955801105,0.4760165745856353,542.2295623451693,556.4987613542527,109.15937241948802,87.32749793559042,83.68885218827415,76.41156069364162,76.41156069364162,72.77291494632536,69.13426919900908,65.49562345169281,58.218331957060286,1555.6518999999998,11.83,11.9,11.865,11.84,11.870000000000001,11.84,11.825,11.825,6.4510000000000005,11.805,11.765,971.197357555739,1206.639141205615,195.12237819983486,135.08472336911643,98.12404211395541,45.0282411230388,7.504706853839801,0.18761767134599505,0.18761767134599505,0.18761767134599505,0.18761767134599505,1797.3483071841451,6434.18390625,-463.9514206383279,0.0,0.0,0.0,19.11,46.77969084621397,1.74,4.015,2180.43339224537,81.02094592056328,329.54545454545456,362.5,322.22222222222223,19.11,19.11,,11.346909090909092,11.865,11.231777777777777,9.895833333333334,262.6111111111111,475.0833333333333,1.3922445856353591,1.48,1.370305732044199,247.5,345.26594818614126,2024-07,True,False,380.0,0.49230769230769234,0.5076923076923077,3159917.9218749995,1604266.0218749996,609.6210883124999,0.65705,80.340625,0.65705,0.8575,94.57158892491893,1.143267,1432.6537603748206,Early,1,0,712.0219218406446,712.0219218406446,0.18979054079436716,0.1398301415678991,189.109375,81.3966620724123,7261.8,218.38954948534777,409.2056493012365,0.9,Sulfide Super Grade
2024-07-17,140.37270254894173,2023.706461747243,49.125,0.0,1.99,1.99,0.0,5.13,5.13,340.0,330.0,0.0,0.5212666307903172,0.0,2865.7819926839697,176.66666666666666,433.2933366839694,6.285,10.13,83.58500000000001,340.0,330.0,355.0,300.0,275.0,280.0,245.0,230.0,230.0,260.0,245.0,,0.0,0.0,0.0,0.0,0.0,0.0,0.0,0.0,0.0,0.0,11.9,11.2,10.8,12.1,7.4,9.9,7.0,10.8,18.6,780.5,421.0,238.5,119.5,95.5,75.0,71.5,68.0,58.5,1072.5,704.0,543.5,431.5,268.0,219.5,191.0,171.0,153.0,2.2,1.46,0.64,0.48,0.4,0.28,0.041,0.015,0.007,0.001,0.001,2.9698326086956524,3.172495081967213,2.682447513812155,2.1611602209944754,1.717613259668508,1.3640491712707181,1.0986574585635358,0.8377337016574586,0.624767955801105,0.4760165745856353,561.8801528252565,419.63201286949527,105.19249949728534,90.68318922179772,76.17387894631008,76.17387894631008,68.91922380856627,65.29189623969435,58.03724110195054,58.03724110195054,54.40991353307863,1439.3424,11.84,11.434999999999999,11.775,11.78,11.725000000000001,11.73,11.684999999999999,11.715,11.715,11.7,11.705,1620.4705409209737,1075.403177156646,120.20945103559221,90.15708827669415,75.13090689724514,52.5916348280716,7.7009179569676265,2.8174090086466923,1.31479087070179,0.18782726724311283,0.18782726724311283,1634.4311280916954,5558.2604999999985,-613.458316287531,0.0,0.0,0.0,19.11,50.40256673980991,1.99,5.13,2023.706461747243,84.8804501601964,280.90909090909093,335.0,268.8888888888889,19.11,19.11,,11.709545454545456,11.6375,11.725555555555555,11.077777777777776,214.22222222222223,417.1111111111111,1.462244585635359,1.83,1.370305732044199,176.66666666666666,228.9932876822658,2024-07,True,False,340.0,0.49125,0.50875,2929959.0839694655,1490616.6839694656,506.8096725496183,0.8358500000000001,64.1875,0.8358500000000001,0.93715,50.0,1.6633415000000003,1691.5150460514333,Early,1,0,591.9408038444129,591.9408038444129,0.15119549839803595,0.11864126471168536,211.69633333333329,100.30110781222173,6497.4,170.85341279692062,297.456195619325,0.9,Sulfide Super Grade
2024-07-18,138.96073486023548,1022.5194073465661,48.7,0.0,2.0,2.0,0.0,4.76,4.76,340.0,340.0,0.0,0.5116887151116691,0.0,1440.9055537774127,30.0,238.51350725913755,5.185,9.88,84.935,340.0,340.0,290.0,310.0,300.0,310.0,280.0,290.0,270.0,210.0,100.0,,0.0,0.0,0.0,0.0,0.0,0.0,0.0,0.0,0.0,0.0,12.3,11.9,11.6,11.8,9.4,8.4,9.7,11.1,18.4,827.0,439.0,224.0,121.5,89.0,82.5,68.0,62.5,46.0,1256.0,904.5,600.0,465.5,288.25,242.25,205.0,179.0,159.75,1.52,1.76,1.04,0.6,0.263,0.121,0.04,0.001,0.001,0.001,0.001,2.9698326086956524,3.172495081967213,2.682447513812155,2.1611602209944754,1.717613259668508,1.3640491712707181,1.0986574585635358,0.8377337016574586,0.624767955801105,0.4760165745856353,456.53811228032697,632.1296939266066,100.29791143635491,85.96963837401847,85.96963837401847,82.38757010843439,82.38757010843439,75.22343357726616,68.05929704609797,68.05929704609797,60.89516051492976,718.1831999999999,11.65,11.73,11.72,11.72,11.74,11.77,11.73,11.76,11.72,11.71,11.69,1124.5937717002298,1302.1612093371082,196.2120185887506,113.19924149350996,49.6190008546552,22.828513701191174,7.546616099567331,0.18866540248918326,0.18866540248918326,0.18866540248918326,0.18866540248918326,1797.9173227925862,5905.20075,-1616.8024883934743,0.0,0.0,0.0,21.0,99.75360787008395,2.0,4.76,1022.5194073465661,83.44697148027078,276.3636363636364,340.0,262.22222222222223,21.0,21.0,,11.72181818181818,11.690000000000001,11.72888888888889,11.622222222222222,217.72222222222223,477.80555555555554,1.4242445856353592,1.6400000000000001,1.370305732044199,30.0,19.735451206142308,2024-07,False,True,340.0,0.48700000000000004,0.5129999999999999,1474708.8295687882,756525.6295687882,257.218714053388,0.84935,62.65625,0.84935,0.9481499999999999,50.0,1.6987,868.476858629806,Early,1,0,300.42491413910835,300.42491413910835,0.16553028519729232,0.23596272434974758,244.06666666666666,199.5072157401679,7140.0,169.99915000424997,150.21170601102412,0.9,Sulfide Super Grade
2024-07-19,149.77343914763063,3594.5625395431352,48.708333333333336,2.32,2.45,2.385,5.46,5.66,5.5600000000000005,365.0,445.0,0.0,0.48063536457720835,0.0,6030.872651396407,242.0,849.9720246982037,14.815,19.994999999999997,65.19,365.0,445.0,420.0,390.0,370.0,390.0,345.0,345.0,320.0,310.0,300.0,21.0,12.14,9.44,9.21,7.0,6.78,8.56,9.0,9.41,9.41,9.34,12.0625,11.625,8.6875,10.0,11.1875,11.5625,9.0,9.125,15.125,983.0,700.0,261.5,157.0,106.0,82.5,70.5,66.0,54.5,1439.5,1105.0,656.5,499.5,308.5,265.0,219.0,187.0,166.5,1.64,2.0,0.844,0.641,0.12,0.014,0.008,0.004,0.001,0.001,0.001,2.9698326086956524,3.172495081967213,2.682447513812155,2.1611602209944754,1.717613259668508,1.3640491712707181,1.0986574585635358,0.8377337016574586,0.624767955801105,0.4760165745856353,583.1079306430432,512.8539630956886,107.48857034745255,103.90561800253745,93.15676096779221,82.40790393304695,78.82495158813187,71.6590468983017,68.07609455338661,60.91018986355645,60.91018986355645,2525.3228,11.92,11.739999999999998,11.58,11.595,11.565,6.56,11.594999999999999,11.465,11.425,11.335,10.405000000000001,1213.2721971197723,1479.6002403899663,159.21978186836427,120.92402864647096,22.63788367796648,2.64108642909609,1.5091922451977655,0.7545961225988828,0.1886490306497207,0.1886490306497207,0.1886490306497207,1823.3012197564944,7149.578437499999,2176.9058718481983,0.0,0.0,0.0,21.0,28.3761928963306,2.385,5.5600000000000005,3594.5625395431352,85.9063178112143,363.6363636363636,405.0,354.44444444444446,11.024166666666666,18.046666666666667,8.683333333333334,11.016818181818183,11.829999999999998,10.836111111111112,10.930555555555555,275.6666666666667,538.5,1.460244585635359,1.8199999999999998,1.370305732044199,242.0,559.6003367914606,2024-07,False,True,445.0,0.48708333333333337,0.5129166666666667,5184580.598802394,2659257.798802395,1183.369720467066,0.6518999999999999,81.015625,0.6518999999999999,0.85185,96.29282320580147,1.5547814999999996,2343.29531952817,Early,1,0,1382.145727516346,1382.145727516346,0.14093682188785706,0.07378699994551591,120.50026620370369,67.67722005774847,4905.754166666667,186.58202690974042,579.5135984823318,0.9,Sulfide Super Grade
2024-07-20,146.91215206929232,3525.8916496630154,49.458333333333336,2.02,2.34,2.1799999999999997,4.96,5.12,5.04,390.0,430.0,1.184614674757822,0.5210214549963829,3.0,5535.016199823145,332.0,890.2460777244944,16.950000000000003,19.91,63.14,390.0,430.0,430.0,410.0,425.0,385.0,425.0,425.0,440.0,395.0,385.0,,0.0,0.0,0.0,0.0,0.0,0.0,0.0,0.0,0.0,0.0,12.0,8.6325,7.25,7.5,9.25,8.8125,10.4375,12.0,15.875,1090.0,552.5,299.5,212.5,159.0,102.5,85.5,73.5,57.0,1542.25,1167.5,807.75,566.25,428.75,378.5,317.5,265.5,246.25,1.56,1.68,0.8,0.602,0.244,0.08,0.04,0.02,0.004,0.001,0.001,2.9698326086956524,3.172495081967213,2.682447513812155,2.1611602209944754,1.717613259668508,1.3640491712707181,1.0986574585635358,0.8377337016574586,0.624767955801105,0.4760165745856353,588.9643889648371,567.4169113197821,95.23985119114319,91.57677999148383,87.91370879182448,87.91370879182448,84.25063759216513,87.91370879182448,87.91370879182448,80.58756639250578,65.93528159386835,2532.4690499999997,11.915,11.934999999999999,11.899999999999999,11.83,11.83,11.795,11.68,11.695,11.67,11.635000000000002,11.58,1145.011541650792,1233.0893525470067,149.7322785235651,112.67353958898273,45.66834494968736,14.97322785235651,7.486613926178255,3.7433069630891276,0.7486613926178255,0.18716534815445637,0.18716534815445637,1925.6262522130833,6800.31290625,1923.1965091844145,3.0,3000.0,1.184614674757822,21.0,28.92885265199473,2.1799999999999997,5.04,3525.8916496630154,83.91610709733894,412.72727272727275,410.0,413.3333333333333,21.0,21.0,,11.769545454545455,11.924999999999999,11.735,10.195277777777777,292.44444444444446,635.5833333333334,1.4202445856353592,1.62,1.370305732044199,332.0,747.1270692940184,2024-07,False,True,430.0,0.4945833333333334,0.5054166666666666,5120409.199663015,2587940.1496630153,1112.8142643550966,0.6314,83.63125,0.6314,0.8305,102.92566549472627,1.3764519999999998,2226.2479875972276,Early,1,0,1299.7387497717777,1299.7387497717777,0.16083892902661054,0.0776872161663663,214.10083333333333,63.064898781348504,9030.0,197.2468016201761,596.2077007774175,0.9,Sulfide Super Grade
2024-07-21,147.38640821527318,3537.273797166556,49.208333333333336,2.61,1.92,2.2649999999999997,5.21,5.44,5.325,405.0,410.0,1.1895147840331828,0.5571497156558569,3.0,5715.01642486198,268.0,949.668560417972,16.095,20.630000000000003,63.275,405.0,410.0,435.0,400.0,420.0,395.0,405.0,395.0,380.0,400.0,385.0,,0.0,0.0,0.0,0.0,0.0,0.0,0.0,0.0,0.0,0.0,12.3125,8.0,9.0,8.25,11.0,7.9375,9.6875,11.3125,14.875,1277.5,558.0,316.0,264.0,170.0,115.5,99.0,76.5,65.0,1542.25,1167.5,807.75,566.25,428.75,378.5,317.5,265.5,246.25,1.4,1.52,0.0,0.0,0.0,0.0,0.0,0.0,0.0,0.0,0.0,2.9698326086956524,3.172495081967213,2.682447513812155,2.1611602209944754,1.717613259668508,1.3640491712707181,1.0986574585635358,0.8377337016574586,0.624767955801105,0.4760165745856353,499.09218970104865,591.7807392169577,174.53966862688105,112.72353598819402,98.1785636026206,90.90607740983388,87.26983431344053,87.26983431344053,83.63359121704718,79.99734812065383,54.54364644590033,2522.0367499999998,12.205,12.129999999999999,12.075,12.03,12.030000000000001,12.015,12.02,11.99,11.99,12.0,11.985,1030.302081702927,1118.613688706035,0.0,0.0,0.0,0.0,0.0,0.0,0.0,0.0,0.0,1959.9350289560184,7852.302656250002,2618.164481853035,3.0,3000.0,1.1895147840331828,19.11,28.835766143323294,2.2649999999999997,5.325,3537.273797166556,83.38292509035253,402.72727272727275,407.5,401.6666666666667,19.11,19.11,,12.042727272727273,12.1675,12.015,10.26388888888889,326.8333333333333,635.5833333333334,1.3882445856353591,1.46,1.370305732044199,268.0,606.6555460965282,2024-07,False,True,410.0,0.4920833333333334,0.5079166666666666,5125222.8619813705,2603186.1119813705,1067.306305912362,0.63275,83.0125,0.63275,0.83905,100.66953465826468,1.43317875,2238.2099951571386,Early,1,0,1246.5866120740245,1246.5866120740245,0.1661707490964747,0.07174082618842197,196.14291666666668,65.31301031462725,7835.099999999999,181.01465335693885,550.3669352780008,0.9,Sulfide Super Grade
2024-07-22,147.53786397707236,3540.9087354497365,49.0,1.55,1.64,1.595,3.94,4.96,4.45,670.0,500.0,0.0,0.5287211152130652,0.0,4004.7393311428573,302.5,843.1838711428574,16.03,20.545,63.425,670.0,500.0,450.0,435.0,415.0,405.0,390.0,410.0,415.0,345.0,355.0,,0.0,0.0,0.0,0.0,0.0,0.0,0.0,0.0,0.0,0.0,10.875,7.8125,8.5625,9.75,10.3125,9.875,9.8125,8.3125,17.125,1239.0,555.0,411.0,288.0,177.0,136.0,132.0,77.0,71.0,1645.0,1230.0,959.0,633.0,549.0,492.0,416.0,344.0,326.0,0.0,0.0,0.0,0.0,0.0,0.0,0.0,0.0,0.0,0.0,0.0,2.9698326086956524,3.172495081967213,2.682447513812155,2.1611602209944754,1.717613259668508,1.3640491712707181,1.0986574585635358,0.8377337016574586,0.624767955801105,0.4760165745856353,425.1740760578467,389.7429030530262,86.73551151580074,83.12153186930905,79.50755222281735,68.66561328334225,50.59571505088377,50.59571505088377,46.98173540439207,46.98173540439207,43.36775575790037,2509.1710000000003,12.25,11.905000000000001,11.875,11.845,11.805,11.815000000000001,11.879999999999999,11.875,11.86,11.83,11.84,0.0,0.0,0.0,0.0,0.0,0.0,0.0,0.0,0.0,0.0,0.0,1371.4698446705943,7766.47125,3162.103617258203,0.0,0.0,0.0,21.0,28.806164637577087,1.595,4.45,3540.9087354497365,78.94534946167812,435.45454545454544,585.0,402.22222222222223,21.0,21.0,,11.889090909090909,12.0775,11.847222222222221,10.270833333333334,342.8888888888889,732.6666666666666,1.3703057320441987,,1.370305732044199,302.5,686.9607027950312,2024-07,True,False,670.0,0.49,0.51,5120757.142857144,2611586.142857143,1749.7627157142858,0.63425,82.878125,0.63425,0.8397,100.42285227549283,1.0116287499999999,2245.8213654589954,Early,1,0,2043.6783364182804,2043.6783364182804,0.21054650538321873,0.1673017753714317,215.6875,45.94583259693545,14070.0,420.0600623193585,1281.2949990396803,0.9,Sulfide Super Grade
2024-07-23,150.05346302280174,3601.2831125472417,49.0,1.73,1.65,1.69,4.67,0.0,4.67,895.0,780.0,2.3511398345510734,0.6186298416530507,6.0,4315.45786807551,502.0,819.2812990755102,12.46,22.02,65.52,895.0,780.0,805.0,820.0,865.0,805.0,770.0,740.0,730.0,695.0,655.0,21.0,12.46,9.46,9.3,9.17,8.28,9.16,9.29,9.03,8.82,7.12,11.4375,8.125,9.0625,7.6875,9.375,10.8125,11.4375,10.4375,21.25,824.0,484.0,397.5,266.0,180.5,133.0,106.0,91.0,68.0,1645.0,1230.0,959.0,633.0,549.0,492.0,416.0,344.0,326.0,1.44,1.44,0.64,0.36,0.2,0.094,0.028,0.011,0.001,0.001,0.001,2.9698326086956524,3.172495081967213,2.682447513812155,2.1611602209944754,1.717613259668508,1.3640491712707181,1.0986574585635358,0.8377337016574586,0.624767955801105,0.4760165745856353,453.5190144617032,446.43277986073906,75.89357257632564,72.27959292983395,72.27959292983395,68.66561328334225,68.66561328334225,61.43765399035886,57.82367434386716,54.20969469737546,54.20969469737546,2551.9537,11.905,11.855,12.05,11.809999999999999,11.785,11.745000000000001,11.64,11.68,11.655,11.675,11.7,1062.0674879485805,1062.0674879485805,120.36764863417245,67.70680235672201,37.61489019817889,17.67899839314408,5.2660846277450455,2.068818960899839,0.18807445099089445,0.18807445099089445,0.18807445099089445,1485.4164970540976,6564.12234375,1121.276750061511,6.0,6000.0,2.3511398345510734,21.0,28.32323836041145,1.69,4.67,3601.2831125472417,81.01519412027372,778.1818181818181,837.5,765.0,11.174166666666666,18.153333333333332,8.847777777777777,11.772727272727273,11.879999999999999,11.748888888888889,11.069444444444445,283.3333333333333,732.6666666666666,1.3842445856353591,1.44,1.370305732044199,502.0,1159.4519720922806,2024-07,True,False,895.0,0.49,0.51,5208068.775510205,2656115.075510205,2377.222992581633,0.6552,79.3375,0.6552,0.8754,91.09900090826523,1.107288,2359.560695340953,Early,1,0,2776.5359766459983,2776.5359766459983,0.18984805879726288,0.20739398398972844,123.69181712962963,47.86627282909535,10000.879166666666,529.5826651913302,1642.9109748735204,0.9,Sulfide Super Grade
2024-07-24,151.28575134766615,3630.858032343988,48.666666666666664,1.62,1.68,1.65,0.0,0.0,0.0,795.0,750.0,0.0,0.5895912168146868,0.0,4207.695899131849,594.0,792.4667569212329,13.08,20.905,66.015,795.0,750.0,685.0,675.0,795.0,790.0,735.0,720.0,715.0,770.0,675.0,21.0,12.86,8.82,8.93,9.23,7.15,8.69,9.15,9.0,9.07,7.1,11.125,5.375,6.25,4.75,8.0625,8.6875,10.125,12.9375,16.3125,991.0,411.5,260.5,195.0,168.5,134.0,117.0,88.5,75.5,1645.0,1230.0,959.0,633.0,549.0,492.0,416.0,344.0,326.0,1.55,1.4,0.96,0.44,0.12,0.071,0.022,0.005,0.001,0.001,0.001,2.9698326086956524,3.172495081967213,2.682447513812155,2.1611602209944754,1.717613259668508,1.3640491712707181,1.0986574585635358,0.8377337016574586,0.624767955801105,0.4760165745856353,456.0875756496974,484.1545033819864,82.3062655749377,75.14919900320398,71.57066571733712,64.41359914560341,60.83506585973656,60.83506585973656,57.2565325738697,53.677999288002844,46.52093271626913,2547.67575,12.129999999999999,12.215,12.18,12.205,12.17,12.2,12.145,12.120000000000001,12.120000000000001,12.08,12.08,1147.187611249555,1036.1694553221785,181.1816304734781,83.04158063367747,22.647703809184762,13.399891420434317,4.152079031683873,0.9436543253826984,0.1887308650765397,0.1887308650765397,0.1887308650765397,1512.8074047703803,5578.1010937500005,925.3523034263851,0.0,0.0,0.0,21.0,28.092533250095556,1.65,0.0,3630.858032343988,81.16625402789354,736.8181818181819,772.5,728.8888888888889,11.0,18.286666666666665,8.57111111111111,12.149545454545455,12.1725,12.144444444444444,9.291666666666666,271.27777777777777,732.6666666666666,1.391244585635359,1.475,1.370305732044199,594.0,1388.0356575759386,2024-07,True,False,795.0,0.48666666666666664,0.5133333333333334,5234950.171232877,2687274.4212328773,2136.3831648801374,0.66015,79.415625,0.66015,0.8692,91.81116957665631,1.0892475,2396.9109300518835,Early,1,0,2495.2411850723115,2495.2411850723115,0.1883374597210645,0.1889395096646666,102.20833333333333,46.352679862657666,8745.0,481.8152617256865,1512.2582196909786,0.9,Sulfide Super Grade
2024-07-25,135.37558907365968,2575.5205821263753,49.421052631578945,1.57,1.68,1.625,0.0,0.0,0.0,940.0,700.0,1.623515913662398,0.6236331953756331,3.0,3019.3843430171564,447.5,593.2003988599041,15.59,19.915,64.495,940.0,700.0,665.0,620.0,580.0,655.0,620.0,655.0,645.0,655.0,585.0,21.0,12.18,9.01,8.93,9.17,7.71,8.75,9.0,9.08,9.1,9.22,12.25,9.625,8.875,8.75,6.5625,7.3125,6.375,8.375,15.75,874.0,578.0,434.0,292.5,220.5,152.5,136.5,100.5,88.5,1397.6568875872053,1008.0410523891009,731.4819994734763,554.3387192312756,441.57545741740165,363.72270304067393,302.53269382651047,260.4495853626431,221.40927504278005,1.72,1.92,1.04,0.4,0.14,0.04,0.012,0.001,0.001,0.001,0.001,2.9698326086956524,3.172495081967213,2.682447513812155,2.1611602209944754,1.717613259668508,1.3640491712707181,1.0986574585635358,0.8377337016574586,0.624767955801105,0.4760165745856353,552.4467272264199,473.5257661940742,106.11281942439936,98.7946939468546,98.7946939468546,95.13563120808219,91.4765684693098,87.8175057305374,87.8175057305374,80.49938025299262,65.86312929790306,1847.84145,12.275,12.05,11.99,12.025,12.025,11.969999999999999,12.0,12.0,11.95,11.96,11.92,1262.9493165803551,1409.8038882757453,194.7291620680873,74.89583156464896,26.21354104762714,7.489583156464896,2.2468749469394687,0.1872395789116224,0.1872395789116224,0.1872395789116224,0.1872395789116224,1838.284421427965,7228.9471875,-564.3849354101905,3.0,3000.0,1.623515913662398,21.0,39.60364390324064,1.625,0.0,2575.5205821263753,80.35359757257199,665.4545454545455,820.0,631.1111111111111,11.179166666666667,18.06,8.885555555555555,12.014999999999999,12.162500000000001,11.982222222222221,9.319444444444445,319.6666666666667,586.8009303745631,1.460244585635359,1.8199999999999998,1.370305732044199,447.5,735.8981302670512,2024-07,True,False,940.0,0.49421052631578943,0.5057894736842106,3738976.3099041535,1891134.8599041535,1777.6667683099042,0.64495,81.934375,0.64495,0.8441,98.65992970123025,1.04804375,1661.0819994424057,Early,1,0,2076.2695599457875,2076.2695599457875,0.19646402427428017,0.31132174417407676,104.18362268518518,64.35592134276604,10508.416666666668,578.4579787201309,1277.6964818344425,0.9,Sulfide Super Grade
2024-07-26,149.29383886369365,3583.052132728648,49.0,1.31,1.61,1.46,0.0,0.0,0.0,670.0,570.0,0.0,0.5966407194379711,0.0,3723.6396219028575,458.0,905.3213573102042,17.76,20.905,61.334999999999994,670.0,570.0,515.0,530.0,525.0,550.0,520.0,545.0,555.0,560.0,560.0,21.0,12.76,9.18,9.02,8.97,7.02,8.81,9.11,9.26,9.05,8.77,11.9375,11.25,10.0,10.5,9.25,8.375,6.125,8.375,19.125,916.5,755.5,424.0,256.5,185.5,123.0,96.5,75.5,70.0,1397.6568875872053,1008.0410523891009,731.4819994734763,554.3387192312756,441.57545741740165,363.72270304067393,302.53269382651047,260.4495853626431,221.40927504278005,1.36,1.48,0.881,0.683,0.52,0.364,0.04,0.02,0.002,0.001,0.001,2.9698326086956524,3.172495081967213,2.682447513812155,2.1611602209944754,1.717613259668508,1.3640491712707181,1.0986574585635358,0.8377337016574586,0.624767955801105,0.4760165745856353,411.0016068559185,517.2951258703802,93.96347080878414,86.73551151580074,83.12153186930905,90.34949116229244,79.50755222281735,79.50755222281735,72.27959292983395,72.27959292983395,72.27959292983395,2539.0348000000004,12.32,12.075,12.02,12.02,12.004999999999999,12.025,12.010000000000002,11.995000000000001,11.99,11.975,11.969999999999999,1003.0637386181039,1091.5693626138188,165.69359132297802,128.45485002678092,97.79871451526512,68.45910016068558,7.522978039635778,3.761489019817889,0.3761489019817889,0.18807445099089445,0.18807445099089445,1658.320621317622,8078.774531250001,242.58740255454654,0.0,0.0,0.0,21.0,28.467350242633124,1.46,0.0,3583.052132728648,75.68719185430824,554.5454545454545,620.0,540.0,11.1625,18.253333333333334,8.79888888888889,12.036818181818179,12.1975,12.00111111111111,10.54861111111111,322.55555555555554,586.8009303745631,1.380244585635359,1.42,1.370305732044199,458.0,1052.4716035208519,2024-07,True,False,670.0,0.49,0.51,5181703.673469389,2642668.8734693886,1770.5881452244905,0.61335,85.265625,0.61335,0.8223999999999999,105.8030375508252,0.8954909999999999,2197.665025609116,Early,1,0,2068.001908268557,2068.001908268557,0.24312808145691772,0.17993148318086058,117.74887152777777,41.56233135424436,7478.875,458.9009664317368,1416.4299616225621,0.9,Sulfide Super Grade
2024-07-27,143.56513880445635,3445.5633313069525,49.958333333333336,1.3,1.9,1.6,0.0,0.0,0.0,665.0,710.0,1.1946131547933536,0.621188659179008,3.0,4031.6206155890573,530.0,770.7177040776313,18.035,19.439999999999998,62.525,665.0,710.0,710.0,700.0,680.0,750.0,690.0,680.0,660.0,640.0,625.0,,0.0,0.0,0.0,0.0,0.0,0.0,0.0,0.0,0.0,0.0,11.625,9.4375,7.625,9.1875,11.25,11.875,9.75,6.6875,13.4375,979.0,672.5,388.0,258.5,187.0,128.5,74.5,67.5,53.0,1397.6568875872053,1008.0410523891009,731.4819994734763,554.3387192312756,441.57545741740165,363.72270304067393,302.53269382651047,260.4495853626431,221.40927504278005,1.64,1.72,0.728,0.486,0.281,0.016,0.008,0.004,0.001,0.001,0.001,2.9698326086956524,3.172495081967213,2.682447513812155,2.1611602209944754,1.717613259668508,1.3640491712707181,1.0986574585635358,0.8377337016574586,0.624767955801105,0.4760165745856353,415.4402593601549,386.2865569489161,96.64452349325711,81.77613526352525,70.62484409122635,66.90774703379338,66.90774703379338,63.190649976360426,59.47355291892745,59.47355291892745,48.322261746628556,2511.2731999999996,12.18,12.155,12.115,12.075,12.024999999999999,12.030000000000001,11.965,11.985,11.99,11.975,11.985,1197.2956300515566,1255.7002949321204,135.52802485534818,90.47612648310331,52.31232827520995,2.9786379089087514,1.4893189544543757,0.7446594772271878,0.18616486930679696,0.18616486930679696,0.18616486930679696,1415.0478307855103,7288.083281249999,517.5959081474514,3.0,3000.0,1.1946131547933536,21.0,29.603286949687238,1.6,0.0,3445.5633313069525,80.88317881158017,682.7272727272727,687.5,681.6666666666666,21.0,21.0,,12.043636363636363,12.1675,12.01611111111111,10.097222222222221,312.05555555555554,586.8009303745631,1.432244585635359,1.68,1.370305732044199,530.0,1159.2999456039452,2024-07,False,True,710.0,0.4995833333333334,0.5004166666666666,5026735.346121768,2515462.146121768,1785.9781237464551,0.62525,84.69375,0.62525,0.81965,106.18248456790124,1.0004,2154.338472899672,Early,1,0,2085.977011647327,2085.977011647327,0.1911682118841984,0.17610784041897315,212.04166666666666,47.365259119499584,14910.0,443.7472265798338,1303.7274839828042,0.9,Sulfide Super Grade
2024-07-28,150.25152489192286,3606.0365974061488,49.083333333333336,1.88,1.66,1.77,0.0,0.0,0.0,805.0,720.0,0.7807584728934225,0.627602060205748,2.0,4542.024495125552,612.0,862.1258400627758,17.655,20.305,62.04,805.0,720.0,755.0,620.0,680.0,705.0,690.0,685.0,700.0,635.0,635.0,21.0,13.07,9.45,9.0,8.88,8.54,9.05,9.11,9.06,8.95,8.81,10.6875,9.4375,8.375,9.6875,12.125,9.5,10.875,10.5,17.0625,818.0,506.5,388.5,301.0,166.5,117.5,113.5,79.5,68.5,1397.6568875872053,1008.0410523891009,731.4819994734763,554.3387192312756,441.57545741740165,363.72270304067393,302.53269382651047,260.4495853626431,221.40927504278005,1.2,1.12,0.8,0.521,0.16,0.08,0.04,0.04,0.001,0.001,0.001,2.9698326086956524,3.172495081967213,2.682447513812155,2.1611602209944754,1.717613259668508,1.3640491712707181,1.0986574585635358,0.8377337016574586,0.624767955801105,0.4760165745856353,475.94630812525133,433.324250681199,97.81762183410017,101.44049671684462,79.7032474203779,72.45749765488901,68.83462277214456,68.83462277214456,65.2117478894001,65.2117478894001,65.2117478894001,2561.61165,12.265,12.19,12.17,12.17,12.120000000000001,12.135,12.075,12.065,11.875,12.024999999999999,12.030000000000001,884.2810559699827,825.3289855719839,150.32777951489706,97.9009664090767,30.06555590297941,15.032777951489704,7.516388975744852,7.516388975744852,0.1879097243936213,0.1879097243936213,0.1879097243936213,1593.9939116451515,6646.575,1658.8852422821326,2.0,2000.0,0.7807584728934225,21.0,28.28590260935494,1.77,0.0,3606.0365974061488,81.01890817656313,693.6363636363636,762.5,678.3333333333334,11.326666666666666,18.356666666666666,8.983333333333334,12.101818181818182,12.2275,12.073888888888888,10.916666666666666,284.3888888888889,586.8009303745631,1.328244585635359,1.1600000000000001,1.370305732044199,612.0,1414.1412379239682,2024-07,True,False,805.0,0.49083333333333334,0.5091666666666667,5218903.191850594,2657291.5418505943,2139.1196911897287,0.6204,84.759375,0.6204,0.82345,105.28195025855702,1.0981079999999999,2237.1851050307746,Early,1,0,2498.437378182225,2498.437378182225,0.18981091823436866,0.1772337425445232,123.64944444444443,50.066047618558244,9117.966666666667,454.79969039722937,1411.5385665517285,0.9,Sulfide Super Grade
2024-07-29,150.03972453231293,3600.9533887755106,49.0,1.74,1.91,1.825,0.0,0.0,0.0,765.0,825.0,1.1756775591429005,0.648700442261936,3.0,4662.200835027551,616.0,692.9482213331632,20.64,19.645000000000003,59.715,765.0,825.0,810.0,750.0,765.0,785.0,785.0,750.0,800.0,810.0,765.0,21.0,12.98,9.16,8.95,8.28,8.92,8.96,8.97,8.98,9.04,8.37,11.3125,9.375,9.9375,9.6875,8.5625,12.8125,10.1875,14.6875,18.0,891.0,465.5,349.5,213.0,155.0,113.5,95.5,84.0,71.0,1302.0,1144.0,618.0,449.0,378.0,275.0,243.0,151.0,161.0,1.24,1.16,0.68,0.444,0.245,0.24,0.12,0.04,0.001,0.001,0.001,2.9698326086956524,3.172495081967213,2.682447513812155,2.1611602209944754,1.717613259668508,1.3640491712707181,1.0986574585635358,0.8377337016574586,0.624767955801105,0.4760165745856353,425.1740760578467,333.0530262453133,86.73551151580074,79.50755222281735,72.27959292983395,65.05163363685055,65.05163363685055,57.82367434386716,61.43765399035886,54.20969469737546,46.98173540439207,2551.72005,11.895,12.024999999999999,12.08,12.14,12.14,12.149999999999999,12.120000000000001,12.11,12.100000000000001,12.129999999999999,12.13,914.5581146223888,855.554365291912,127.89062667380824,83.50505623995714,46.07824049276914,45.13786823781467,22.568934118907336,7.522978039635778,0.18807445099089445,0.18807445099089445,0.18807445099089445,1347.305784681307,6692.76984375,1865.3292223723633,3.0,3000.0,1.1756775591429005,21.0,28.325831797196543,1.825,0.0,3600.9533887755106,85.13688607905995,782.7272727272727,795.0,780.0,11.217500000000001,18.326666666666668,8.847777777777779,12.092727272727272,11.959999999999999,12.122222222222222,11.618055555555555,270.8888888888889,524.5555555555555,1.336244585635359,1.2,1.370305732044199,616.0,1422.623550857143,2024-07,False,True,825.0,0.49,0.51,5207591.93877551,2655871.88877551,2191.0943082397957,0.59715,88.07812499999999,0.59715,0.7936,114.43798449612406,1.08979875,2150.309316107296,Early,1,0,2559.142408615736,2559.142408615736,0.14863113920940052,0.17695505388821903,130.32553819444445,51.694643029883686,9254.437500000002,452.0523175215478,1402.2621293120233,0.9,Sulfide Super Grade
2024-07-30,151.7528963624339,3642.0695126984133,49.0,1.35,1.79,1.57,0.0,0.0,0.0,785.0,825.0,1.1624050765484426,0.6679519446387723,3.0,4058.659255392857,538.0,715.1077664142857,17.96,21.965,60.075,785.0,825.0,855.0,780.0,790.0,700.0,770.0,715.0,730.0,700.0,705.0,21.0,12.55,9.28,9.04,8.58,8.34,8.67,9.02,9.11,9.2,8.54,11.625,10.3125,10.625,11.5625,10.25,9.6875,9.625,10.75,15.75,837.0,591.0,275.5,146.5,156.0,105.5,85.0,76.0,73.5,1302.0,1144.0,618.0,449.0,378.0,275.0,243.0,151.0,161.0,1.68,1.8,0.64,0.563,0.52,0.4,0.32,0.04,0.002,0.001,0.001,2.9698326086956524,3.172495081967213,2.682447513812155,2.1611602209944754,1.717613259668508,1.3640491712707181,1.0986574585635358,0.8377337016574586,0.624767955801105,0.4760165745856353,403.9153722549544,361.39796464916975,68.66561328334225,72.27959292983395,65.05163363685055,65.05163363685055,72.27959292983395,65.05163363685055,68.66561328334225,61.43765399035886,50.59571505088377,2580.8559,12.195,12.03,11.955,11.91,11.96,11.99,11.935,11.945,11.925,11.965,11.9,1239.0787359400106,1327.5843599357256,120.36764863417245,105.88591590787357,97.79871451526512,75.22978039635778,60.18382431708623,7.522978039635778,0.3761489019817889,0.18807445099089445,0.18807445099089445,1354.3920192822711,6594.2203125,308.9784692407603,3.0,3000.0,1.1624050765484426,21.0,28.006055250831302,1.57,0.0,3642.0695126984133,82.38068974467119,759.5454545454545,805.0,749.4444444444445,11.194166666666666,18.183333333333334,8.864444444444445,11.973636363636365,12.1125,11.94277777777778,11.131944444444445,260.6666666666667,524.5555555555555,1.444244585635359,1.74,1.370305732044199,538.0,1256.6730112546586,2024-07,False,True,825.0,0.49,0.51,5267052.857142857,2686196.9571428574,2216.1124896428573,0.60075,86.178125,0.60075,0.8204,106.69531072160255,0.9431775,2187.9732597535717,Early,1,0,2588.363008009493,2588.363008009493,0.17619310255328813,0.203269096538173,124.61284143518517,43.96950674380515,9235.1875,525.4743600359233,1648.628357787207,0.9,Sulfide Super Grade
2024-07-31,147.481871180627,3170.860230383481,49.130434782608695,1.53,1.61,1.57,4.25,3.97,4.11,930.0,925.0,0.0,0.646768361843075,0.0,3543.637027563717,728.0,487.29076206371684,13.399999999999999,22.105,64.495,930.0,925.0,965.0,940.0,935.0,935.0,955.0,980.0,945.0,965.0,975.0,21.0,13.68,9.36,9.34,9.47,8.89,9.34,9.38,9.4,9.42,9.37,12.125,10.5,10.6875,9.6875,8.875,10.25,10.0,9.8125,18.125,778.5,478.5,315.0,207.5,192.5,131.0,106.5,93.5,91.0,1302.0,1144.0,618.0,449.0,378.0,275.0,243.0,151.0,161.0,1.28,1.28,0.68,0.2,0.12,0.04,0.01,0.001,0.001,0.001,0.001,2.9698326086956524,3.172495081967213,2.682447513812155,2.1611602209944754,1.717613259668508,1.3640491712707181,1.0986574585635358,0.8377337016574586,0.624767955801105,0.4760165745856353,327.22312893448355,377.01795290277454,65.30235486127302,61.674446257868965,54.41862905106084,50.790720447656795,50.790720447656795,50.790720447656795,43.53490324084867,39.90699463744462,36.27908603404057,2255.6061,12.170000000000002,12.085,12.105,12.105,12.094999999999999,12.125,12.059999999999999,12.105,12.030000000000001,12.075,12.065000000000001,942.765213336442,942.765213336442,127.71522499417112,37.56330146887386,22.537980881324312,7.512660293774772,1.878165073443693,0.18781650734436928,0.18781650734436928,0.18781650734436928,0.18781650734436928,1157.7296572627652,6763.4446875,973.1768521533038,0.0,0.0,0.0,21.0,32.16792686811812,1.57,4.11,3170.860230383481,86.24885228725772,950.0,927.5,955.0,11.637500000000001,18.56,9.33,12.092727272727274,12.127500000000001,12.084999999999999,11.118055555555555,266.0,524.5555555555555,1.352244585635359,1.28,1.370305732044199,728.0,1478.4417481616006,2024-07,True,False,930.0,0.49130434782608695,0.508695652173913,4591056.6637168145,2335450.563716814,2171.969024256637,0.64495,80.565625,0.64495,0.8660000000000001,93.83906356028047,1.0125715000000002,2045.046305585826,Early,1,0,2536.8045634878195,2536.8045634878195,0.13751147712742287,0.26244222892077174,129.38637152777778,50.503645182945455,10822.875000000002,592.3529149495863,1615.7887933757233,0.9,Sulfide Super Grade
2024-08-01,165.2051797323222,3964.924313575733,45.583333333333336,1.55,2.01,1.7799999999999998,3.57,3.81,3.69,665.0,710.0,1.1834939518725083,1.1834939518725083,3.0,4515.089700609871,672.0,739.6506149148082,14.164662600076246,21.5374609226077,64.29787647731605,665.0,710.0,395.0,825.0,755.0,760.0,860.0,835.0,820.0,850.0,845.0,,0.0,0.0,0.0,0.0,0.0,0.0,0.0,0.0,0.0,0.0,13.34375,7.9375,9.6875,8.875,11.0625,11.0625,9.0625,11.5625,19.1875,634.5,387.0,257.5,224.5,134.0,104.0,97.5,83.0,69.5,1314.0,990.75,637.0,448.75,382.0,308.5,244.5,175.25,149.5,1.2,1.32,0.76,0.44,0.08,0.044,0.014,0.001,0.001,0.001,0.001,2.9698326086956524,3.172495081967213,2.682447513812155,2.1611602209944754,1.717613259668508,1.3640491712707181,1.0986574585635358,0.8377337016574586,0.624767955801105,0.4760165745856353,332.4479459763647,338.8411757066794,81.51367906151249,65.21094324920999,61.95039608674949,55.4293017618285,48.908207436907496,45.647660274447,48.908207436907496,48.908207436907496,45.647660274447,2534.8672,11.969999999999999,12.085,12.120000000000001,12.05,12.05,12.024999999999999,12.06,11.965,12.030000000000001,12.04,11.945,915.8564564304575,1007.4421020735033,147.9108177135189,85.63257867624779,15.569559759317778,8.563257867624777,2.7246729578806113,0.19461949699147224,0.19461949699147224,0.19461949699147224,0.19461949699147224,1173.413384701961,5567.944921874999,1592.9668878925927,3.0,3000.0,1.1834939518725083,18.345,25.725585643780466,1.7799999999999998,3.69,3964.924313575733,83.61825204015547,756.3636363636364,687.5,771.6666666666666,18.345,18.345,,12.03090909090909,12.0275,12.031666666666666,11.309027777777779,221.27777777777777,516.6944444444445,1.3482445856353589,1.26,1.370305732044199,672.0,1768.2859633339165,2024-08,False,True,710.0,0.45583333333333337,0.5441666666666667,5560951.809872029,3026084.6098720296,2148.520073009141,0.6429787647731605,81.16674132672512,0.6429787647731605,0.8583533739992376,95.56631460385364,1.1445022012962256,2549.362137561996,Early,1,0,2509.4167849931373,2509.4167849931373,0.16381747959844534,0.15725047498039685,207.46411458333333,45.791542445929224,13024.949999999999,398.87416362829424,1409.7767905759729,0.9,Sulfide Super Grade
2024-08-02,136.34028319204197,3252.8519231568016,51.17391304347826,1.85,1.68,1.7650000000000001,5.05,3.94,4.495,810.0,815.0,1.2215351765484792,1.2022137082337934,3.0,4337.052639700934,584.0,677.7228997009347,16.539212598425195,21.913562992125986,61.54722440944882,810.0,815.0,850.0,840.0,795.0,790.0,765.0,805.0,790.0,810.0,720.0,15.69,7.5,8.77,9.03,9.1,8.4,9.16,9.37,9.29,9.27,9.3,12.125,10.25,8.8125,9.9375,9.0625,7.8125,8.0,7.6875,16.4375,680.0,490.0,332.0,183.5,155.5,134.5,102.0,98.5,79.0,1326.0,837.5,656.0,448.5,386.0,342.0,246.0,199.5,138.0,0.56,0.64,0.6,0.2,0.12,0.022,0.005,0.0013,0.001,0.001,0.001,2.9698326086956524,3.172495081967213,2.682447513812155,2.1611602209944754,1.717613259668508,1.3640491712707181,1.0986574585635358,0.8377337016574586,0.624767955801105,0.4760165745856353,324.65301370839376,332.20308379463546,73.1601791356822,69.30964339169893,65.45910764771565,69.30964339169893,65.45910764771565,61.60857190373238,57.7580361597491,57.7580361597491,50.05696467178256,2455.926,12.149999999999999,12.135,12.105,12.129999999999999,12.105,12.085,12.094999999999999,12.079999999999998,12.055,12.045,12.02,403.4059537668386,461.0353757335298,110.21626951129696,36.73875650376566,22.04325390225939,4.041263215414221,0.9184689125941414,0.23880191727447675,0.18369378251882829,0.18369378251882829,0.18369378251882829,1226.7353876125535,5953.8834375,2620.5054134958436,3.0,3000.0,1.2215351765484792,15.69,31.357099065552255,1.7650000000000001,4.495,3252.8519231568016,84.37365289281645,799.0909090909091,812.5,796.1111111111111,10.0475,12.959999999999999,9.076666666666666,12.091363636363637,12.142499999999998,12.079999999999998,10.01388888888889,250.55555555555554,508.8333333333333,1.216244585635359,0.6000000000000001,1.370305732044199,584.0,1189.9633263876474,2024-08,False,True,815.0,0.5117391304347826,0.4882608695652174,4799175.70093458,2343249.7009345796,1909.7485062616822,0.6154722440944882,84.36999261811023,0.6154722440944882,0.8346078740157481,102.62943661073527,1.0863085108267718,2002.0400728523884,Early,1,0,2230.5376695953482,2230.5376695953482,0.1562634710718355,0.18791563481143247,100.6145486111111,55.34527985069973,8188.7125,461.75375776907777,1263.7535592406548,0.9,Sulfide Super Grade
2024-08-03,135.1614697984749,3243.875275163398,51.0,2.01,2.02,2.0149999999999997,4.73,6.0,5.365,1085.0,1275.0,0.0,0.8077890792705638,0.0,4912.671248552939,804.0,684.6700480529412,14.174394177812745,21.597478363493316,64.22812745869393,1085.0,1275.0,1250.0,1230.0,1145.0,1030.0,945.0,905.0,865.0,840.0,825.0,,0.0,0.0,0.0,0.0,0.0,0.0,0.0,0.0,0.0,0.0,12.5625,9.0,8.125,9.1875,6.875,7.625,8.1875,9.9375,18.875,684.0,410.0,302.5,214.5,155.5,135.5,110.5,120.0,109.0,1382.25,975.0,721.5,560.25,461.25,366.5,301.75,249.5,184.25,0.6,0.48,0.44,0.32,0.16,0.077,0.021,0.004,0.001,0.001,0.001,2.9698326086956524,3.172495081967213,2.682447513812155,2.1611602209944754,1.717613259668508,1.3640491712707181,1.0986574585635358,0.8377337016574586,0.624767955801105,0.4760165745856353,338.05237315875615,338.05237315875615,107.27528641571196,72.79394435351882,68.96268412438626,65.13142389525369,57.46890343698855,61.300163666121115,57.46890343698855,53.63764320785598,53.63764320785598,2436.8882999999996,11.945,11.96,11.995,11.92,11.915,11.895,11.875,11.86,11.855,11.81,11.525,433.0605564648118,346.4484451718494,80.98232405891982,58.896235679214406,29.448117839607203,14.171906710310965,3.8650654664484456,0.7362029459901801,0.18405073649754503,0.18405073649754503,0.18405073649754503,1273.781342062193,5856.871874999999,3260.1653841752686,0.0,0.0,0.0,10.995,31.44387232794027,2.0149999999999997,5.365,3243.875275163398,86.06318205691831,1035.909090909091,1180.0,1003.8888888888889,10.995,10.995,,11.868636363636364,11.9525,11.850000000000001,10.041666666666666,249.05555555555554,578.0277777777778,1.2042445856353592,0.54,1.370305732044199,804.0,1636.8909030997438,2024-08,False,True,0.0,0.51,0.49,4778212.352941176,2341324.052941176,0.0,0.6422812745869394,81.21641669944925,0.6422812745869394,0.8582560582218726,95.64153357356061,1.2941967682926827,2083.480346333006,Early,1,0,0.0,0.0,0.1393681794308169,0.0,110.40812499999998,63.35940274079963,0.0,0.0,0.0,0.9,Sulfide Super Grade
2024-08-04,140.21761544164244,3365.2227705994187,51.541666666666664,2.03,1.61,1.8199999999999998,5.33,3.77,4.55,420.0,425.0,0.0,0.6002713676785433,0.0,4675.806091566895,500.0,747.0755340668958,14.861257979722117,20.79263612467142,64.34610589560647,420.0,425.0,440.0,430.0,465.0,485.0,555.0,555.0,650.0,555.0,620.0,6.3,6.42,8.57,8.97,9.0,8.36,9.09,9.0,9.19,9.15,9.12,12.375,9.9375,11.875,7.8125,8.75,6.875,11.25,11.6875,22.125,847.0,680.5,479.0,305.5,232.5,167.5,160.0,143.5,130.5,1382.25,975.0,721.5,560.25,461.25,366.5,301.75,249.5,184.25,1.76,1.36,0.6,0.36,0.12,0.044,0.011,0.003,0.001,0.001,0.001,2.9698326086956524,3.172495081967213,2.682447513812155,2.1611602209944754,1.717613259668508,1.3640491712707181,1.0986574585635358,0.8377337016574586,0.624767955801105,0.4760165745856353,373.8893331201023,335.73736035274493,108.9620342235727,81.72152566767951,73.9385232231386,70.04702200086815,62.26401955632725,62.26401955632725,66.1555207785977,58.37251833405679,58.37251833405679,2567.7977499999997,12.315,12.04,11.875,6.77,11.675,11.635000000000002,11.68,11.615,11.585,11.57,11.575,1262.6113179959334,975.654200269585,109.7610975303283,65.85665851819698,21.95221950606566,8.049147152224075,2.0122867880560187,0.5488054876516415,0.18293516255054718,0.18293516255054718,0.18293516255054718,1351.724395147472,8891.68265625,1482.1204982287695,0.0,0.0,0.0,6.3,30.310029068842773,1.8199999999999998,4.55,3365.2227705994187,84.02252960373416,509.09090909090907,422.5,528.3333333333334,8.289166666666668,6.34,8.93888888888889,11.303181818181818,12.177499999999998,11.10888888888889,11.409722222222221,349.55555555555554,578.0277777777778,1.4082445856353591,1.56,1.370305732044199,500.0,1049.6463334329198,2024-08,False,True,425.0,0.5154166666666666,0.48458333333333337,4981984.316895715,2414186.5668957154,1026.029290930679,0.6434610589560648,81.57197005257228,0.6434610589560648,0.8513874202027789,97.05359992154706,1.1710991273000377,2165.389807592964,Early,1,0,1198.3761086997758,1198.3761086997758,0.15977470396265847,0.09089341852018067,94.57708912037039,55.16425290529384,3522.895833333334,233.5152004659315,658.4447935449673,0.9,Sulfide Super Grade
2024-08-05,149.54234011719632,3589.0161628127116,42.869565217391305,1.99,2.16,2.075,2.67,5.28,3.975,355.0,410.0,0.0,0.49574845914872195,0.0,4381.348516488438,268.0,574.6238269922922,10.607796143250688,19.855316804407714,69.5368870523416,355.0,410.0,350.0,370.0,355.0,355.0,360.0,395.0,355.0,380.0,350.0,20.0,11.1,9.54,9.22,9.2,8.43,9.05,9.32,9.18,9.16,9.17,11.4375,10.875,9.3125,8.6875,10.3125,7.8125,10.6875,12.0,18.125,899.0,721.5,391.0,276.0,231.5,179.0,142.0,126.0,120.5,1438.5,1112.5,787.0,672.0,536.5,391.0,357.5,299.5,230.5,0.72,0.96,0.96,0.764,0.641,0.44,0.08,0.04,0.004,0.001,0.001,2.9698326086956524,3.172495081967213,2.682447513812155,2.1611602209944754,1.717613259668508,1.3640491712707181,1.0986574585635358,0.8377337016574586,0.624767955801105,0.4760165745856353,322.95425470907406,311.2104636287441,62.88800123516696,56.898667784198686,68.87733468613526,53.90400105871454,53.90400105871454,50.909334333230404,47.91466760774626,44.920000882262116,38.930667431293834,2107.4328,11.84,11.96,11.905000000000001,11.855,11.84,11.829999999999998,11.765,11.79,11.785,11.75,11.77,563.4161189289338,751.2214919052451,191.56148043583747,152.45101151352065,127.90719683267899,87.79901186642552,15.963456702986457,7.981728351493229,0.7981728351493229,0.19954320878733073,0.19954320878733073,1113.3113944152806,8457.592968750001,1905.5116644061068,0.0,0.0,0.0,20.0,28.420044762368143,2.075,3.975,3589.0161628127116,86.88477246606162,366.8181818181818,382.5,363.3333333333333,11.114166666666668,17.033333333333335,9.14111111111111,11.826363636363636,11.9,11.81,11.027777777777779,342.94444444444446,647.2222222222222,1.264244585635359,0.84,1.370305732044199,268.0,654.4992286670783,2024-08,False,True,410.0,0.42869565217391303,0.571304347826087,4915918.2961460445,2808485.4961460447,1151.4790534198783,0.695368870523416,75.66931818181818,0.695368870523416,0.8939220385674932,82.93548854800846,1.4428904063360883,2495.6901154253596,Early,1,0,1344.8982397324608,1344.8982397324608,0.13115227533938376,0.0935784949444302,122.5645601851852,58.9715928819139,4556.808333333333,197.58940920766645,648.1406064223597,0.9,Sulfide Super Grade
2024-08-06,228.30314923637047,5479.275581672891,33.458333333333336,2.01,1.95,1.98,6.01,4.93,5.47,365.0,385.0,1.2916830145298195,0.6238967728682933,3.0,4603.270546415005,306.0,668.8557133725093,8.967331941544886,17.32901878914405,73.70364926931106,365.0,385.0,370.0,355.0,345.0,380.0,365.0,335.0,335.0,325.0,305.0,,0.0,0.0,0.0,0.0,0.0,0.0,0.0,0.0,0.0,0.0,10.6875,8.1875,7.125,8.3125,10.125,8.0625,7.25,7.875,13.0625,827.0,557.5,425.0,308.0,274.5,199.5,144.0,122.5,114.0,1368.5,947.25,791.5,674.0,580.0,462.75,367.0,310.0,196.25,1.2,1.44,0.68,0.48,0.32,0.28,0.12,0.04,0.002,0.001,0.001,2.9698326086956524,3.172495081967213,2.682447513812155,2.1611602209944754,1.717613259668508,1.3640491712707181,1.0986574585635358,0.8377337016574586,0.624767955801105,0.4760165745856353,267.04393047762426,245.84996774130485,49.72103657940527,47.5592523803007,43.235683982091544,41.07389978298696,38.91211558388238,38.91211558388238,32.426762986568654,30.26497878746408,30.26497878746408,2322.5512499999995,11.649999999999999,11.844999999999999,11.84,11.845,11.82,11.92,11.905000000000001,11.895,11.89,11.899999999999999,11.940000000000001,1011.6092201216054,1213.9310641459265,146.177532307572,103.18414045240375,68.78942696826917,60.19074859723553,25.796035113100938,8.598678371033646,0.42993391855168234,0.21496695927584117,0.21496695927584117,865.264722672975,6853.650937500001,1298.2518540272722,3.0,3000.0,1.2916830145298195,20.0,18.615599540415545,1.98,5.47,5479.275581672891,85.4699890734554,351.3636363636364,375.0,346.1111111111111,20.0,20.0,,11.859090909090908,11.747499999999999,11.88388888888889,8.965277777777779,330.22222222222223,633.0277777777778,1.360244585635359,1.3199999999999998,1.370305732044199,306.0,1229.0746547755696,2024-08,False,True,385.0,0.33458333333333334,0.6654166666666667,6941622.665006225,4619071.415006226,1778.342494777397,0.7370364926931107,72.03980167014615,0.7370364926931107,0.9103266805845511,72.70884032479582,1.4593322555323591,4038.4260572151916,Early,1,0,2077.05879126873,2077.05879126873,0.14530010926544595,0.08363618781864458,179.30555555555557,36.858887090022776,7700.0,194.44346240675551,1049.0142934978762,0.9,Sulfide Super Grade
2024-08-07,208.08702499496795,4838.023331133005,34.541666666666664,1.77,1.2,1.4849999999999999,5.84,3.74,4.79,535.0,500.0,0.0,0.5434436212612064,0.0,3187.947450528016,312.0,557.9313324371834,7.224988713318284,19.724695259593677,73.05031602708804,535.0,500.0,445.0,425.0,430.0,450.0,410.0,405.0,420.0,410.0,360.0,20.0,12.4,9.84,9.39,9.11,8.84,8.74,8.72,8.3,8.32,8.19,10.6875,8.5625,7.25,7.6875,9.9375,11.9375,14.875,15.0625,12.5625,826.5,512.0,435.0,301.5,270.5,200.5,165.0,139.0,86.0,1298.5,782.0,796.0,676.0,623.5,534.5,376.5,320.5,162.0,0.84,1.08,0.56,0.36,0.28,0.12,0.08,0.04,0.04,0.01,0.01,2.9698326086956524,3.172495081967213,2.682447513812155,2.1611602209944754,1.717613259668508,1.3640491712707181,1.0986574585635358,0.8377337016574586,0.624767955801105,0.4760165745856353,207.46662196540905,194.22407162719148,51.77837182243082,45.02467114993985,38.27097047744887,36.019736919951875,33.76850336245488,31.517269804957895,27.014802689963904,22.512335574969924,22.512335574969924,2135.59225,11.885,11.754999999999999,11.68,11.65,11.629999999999999,11.65,11.555,11.59,11.575,11.559999999999999,11.555,702.66984834441,903.4326621570987,119.45387421854971,76.79177628335337,59.72693710927486,25.597258761117793,17.06483917407853,8.532419587039264,8.532419587039264,2.133104896759816,2.133104896759816,710.1096909696885,7496.68125,703.544688210851,0.0,0.0,0.0,20.0,21.082990514663944,1.4849999999999999,4.79,4838.023331133005,82.49872869313532,435.45454545454544,517.5,417.22222222222223,10.987499999999999,17.466666666666665,8.827777777777776,11.64409090909091,11.82,11.604999999999999,10.95138888888889,326.22222222222223,618.8333333333334,1.288244585635359,0.96,1.370305732044199,312.0,1097.9858525431375,2024-08,True,False,535.0,0.34541666666666665,0.6545833333333333,6182655.48854041,4047063.23854041,2165.178832619119,0.7305031602708805,71.3591704288939,0.7305031602708805,0.9277501128668172,72.02088511840182,1.0847971930022573,3534.1913328569126,Early,1,0,2528.873792403776,2528.873792403776,0.17501271306864669,0.16781957930686361,120.32838541666666,31.308240914275956,5878.312499999999,360.26693422939917,1702.933847182023,0.9,Sulfide Super Grade
2024-08-08,200.14592501306,2985.5100481114778,38.84615384615385,0.0,2.04,2.04,0.0,7.44,7.44,575.0,435.0,1.9540659030871894,0.6631183956533429,3.0,3134.348111085149,320.0,386.2319950851485,3.406370558375635,6.7979949238578685,72.32,575.0,435.0,375.0,375.0,375.0,375.0,335.0,365.0,385.0,400.0,385.0,,0.0,0.0,0.0,0.0,0.0,0.0,0.0,0.0,0.0,0.0,11.333333333333334,10.083333333333334,10.75,7.416666666666667,10.5,9.666666666666666,10.666666666666666,13.25,14.833333333333334,726.0,474.5,309.0,263.0,185.0,152.5,101.5,82.5,59.5,1203.0,782.75,699.75,578.5,507.75,404.75,291.5,241.75,146.0,1.4,1.48,0.88,0.48,0.32,0.24,0.2,0.04,0.04,0.001,0.001,2.9698326086956524,3.172495081967213,2.682447513812155,2.1611602209944754,1.717613259668508,1.3640491712707181,1.0986574585635358,0.8377337016574586,0.624767955801105,0.4760165745856353,226.26437865359233,215.97963416933814,60.32002640015087,55.07480671318123,52.452196869696415,52.452196869696415,41.961757495757126,39.33914765227231,39.33914765227231,36.71653780878749,34.09392796530267,1535.2604000000001,11.81,11.91,11.855,11.815000000000001,11.835,11.79,11.795,11.73,11.67,11.649999999999999,11.615,1133.3584763341507,1198.1218178389593,181.66117292098815,99.08791250235717,66.05860833490479,49.543956251178585,41.28663020931549,8.257326041863099,8.257326041863099,0.20643315104657745,0.20643315104657745,853.9937582500473,6313.77875,-37.63401704508425,3.0,3000.0,1.9540659030871894,20.0,34.16501648169679,2.04,7.44,2985.5100481114778,87.67743781492636,398.1818181818182,505.0,374.44444444444446,20.0,20.0,,11.770454545454545,11.86,11.750555555555556,10.944444444444443,261.5,539.5277777777778,1.3842445856353591,1.44,1.370305732044199,320.0,672.527328041326,2024-08,True,False,575.0,0.38846153846153847,0.6115384615384616,3952155.485148515,2416895.085148515,1389.7146739603963,0.876347240931766,60.308119275648465,0.876347240931766,0.9587228506578582,50.0,1.7877483715008027,2616.3434934365573,Early,1,0,1623.151383595496,1623.151383595496,0.1232256218507364,0.18345122482292756,218.88888888888886,69.69663362266145,11500.0,281.8613634246891,795.6585426519948,0.9,Sulfide Super Grade
2024-08-09,219.87164072671155,5276.919377441077,35.75,1.81,1.64,1.725,5.87,5.74,5.805,325.0,390.0,0.0,0.5844877349669005,0.0,4203.857916618183,330.0,600.8235206181818,11.511968911917098,19.6560621761658,68.83196891191709,325.0,390.0,380.0,435.0,400.0,390.0,395.0,440.0,420.0,375.0,375.0,20.0,9.49,8.48,8.63,8.62,8.38,9.03,8.38,9.16,7.7,9.08,12.5,9.8125,9.375,11.0,9.8125,11.5625,10.125,7.4375,11.375,727.0,442.0,257.5,220.5,194.0,103.0,84.0,81.0,70.5,1107.5,783.5,603.5,481.0,392.0,275.0,206.5,163.0,130.0,0.76,0.96,0.64,0.52,0.36,0.16,0.04,0.004,0.003,0.002,0.001,2.9698326086956524,3.172495081967213,2.682447513812155,2.1611602209944754,1.717613259668508,1.3640491712707181,1.0986574585635358,0.8377337016574586,0.624767955801105,0.4760165745856353,226.05926634006454,216.83235750985781,47.05723503405426,39.99864977894612,39.99864977894612,37.645788027243405,35.29292627554069,32.94006452383798,30.587202772135264,25.88147926872984,25.88147926872984,2434.4827,11.495000000000001,11.885,11.86,11.879999999999999,11.91,11.879999999999999,11.875,6.875,11.855,11.83,11.765,630.1398016489426,795.9660652407696,135.31423109093083,109.9428127613813,76.11425498864858,33.82855777273271,8.457139443183177,0.8457139443183177,0.6342854582387383,0.42285697215915885,0.21142848607957943,758.175098578086,6021.474374999998,1811.7780150563904,0.0,0.0,0.0,20.0,19.329459615405874,1.725,5.805,5276.919377441077,85.70780619765766,393.1818181818182,357.5,401.1111111111111,10.579166666666666,16.496666666666666,8.606666666666666,11.373636363636363,11.690000000000001,11.303333333333335,10.333333333333334,242.16666666666666,460.22222222222223,1.268244585635359,0.86,1.370305732044199,330.0,1255.50913826087,2024-08,False,True,390.0,0.3575,0.6425000000000001,6809741.818181819,4375259.118181819,1706.3510560909094,0.688319689119171,76.675,0.688319689119171,0.8848803108808291,85.51077203304496,1.18735146373057,3632.2075053871713,Early,1,0,1992.974622409812,1992.974622409812,0.1429219380234234,0.09277192705735823,109.31805555555555,33.34331783657513,4125.875,226.0856458803137,1155.3409095656325,0.9,Sulfide Super Grade
2024-08-10,229.44198031978567,5063.019699056604,33.125,2.15,1.4,1.775,6.04,4.22,5.13,370.0,395.0,1.4156995845841924,0.6622548046288061,3.0,3823.42469663632,348.0,487.4315223990565,10.481481481481481,23.881591220850478,65.63692729766805,370.0,395.0,445.0,450.0,420.0,430.0,420.0,420.0,410.0,415.0,390.0,20.0,12.17,9.58,9.27,9.31,8.58,8.99,9.23,9.54,9.43,7.92,11.875,9.5625,12.375,10.75,11.9375,7.6875,6.4375,5.0625,11.625,799.7715000000001,493.5,282.0,183.0,136.5,92.0,81.5,87.0,97.0,1181.5,831.25,582.25,493.0,432.0,319.0,264.25,208.5,174.5,1.12,0.52,0.4,0.36,0.08,0.004,0.003,0.002,0.001,0.001,0.001,2.9698326086956524,3.172495081967213,2.682447513812155,2.1611602209944754,1.717613259668508,1.3640491712707181,1.0986574585635358,0.8377337016574586,0.624767955801105,0.4760165745856353,213.4571512138052,192.52997952617721,36.28771570634688,36.28771570634688,34.15314419420883,32.018572682070776,32.018572682070776,29.884001169932727,21.34571512138052,19.211143609242463,17.076572097104414,2119.09365,12.155000000000001,11.969999999999999,11.865,11.885000000000002,11.815000000000001,11.79,11.76,11.735,11.69,6.725,11.684999999999999,946.3819830359754,439.39163498098856,86.18835916934775,77.56952325241296,17.23767183386955,0.8618835916934775,0.6464126937701081,0.43094179584673875,0.21547089792336938,0.21547089792336938,0.21547089792336938,664.2702837086865,6146.218542187502,1716.7220147310456,3.0,3000.0,1.4156995845841924,20.0,20.146080019993946,1.775,5.13,5063.019699056604,87.25144180744877,415.0,382.5,422.22222222222223,11.168333333333335,17.39,9.094444444444445,11.370454545454544,12.0625,11.216666666666667,9.70138888888889,250.25238888888887,498.47222222222223,1.260244585635359,0.8200000000000001,1.370305732044199,348.0,1294.6115037145203,2024-08,False,True,395.0,0.33125,0.66875,6397263.849056603,4278170.199056603,1689.8772286273581,0.6563692729766805,78.0278463648834,0.6563692729766805,0.8951851851851852,87.58928940681275,1.1650554595336078,3323.2105589363946,Early,1,0,1973.7336110413596,1973.7336110413596,0.1274855819255123,0.10331052167641841,108.34834490740742,35.75929203548925,4411.491666666667,222.5339575551687,1111.9563332270577,0.9,Sulfide Super Grade
2024-08-11,230.46577649911816,5531.178635978836,35.0,2.11,1.79,1.95,5.32,5.09,5.205,390.0,425.0,0.0,0.5968246422369496,0.0,4855.915005685713,316.0,677.3591718428571,10.134653156664069,20.07079501169135,69.79455183164458,390.0,425.0,320.0,425.0,420.0,380.0,370.0,370.0,390.0,365.0,345.0,,0.0,0.0,0.0,0.0,0.0,0.0,0.0,0.0,0.0,0.0,11.6875,9.0625,8.3125,8.9375,10.5625,7.8125,7.0625,8.3125,12.8125,671.0,477.0,298.0,222.5,188.0,162.0,103.0,100.5,93.0,1181.5,831.25,582.25,493.0,432.0,319.0,264.25,208.5,174.5,1.12,1.16,0.6,0.4,0.24,0.12,0.03,0.002,0.002,0.001,0.001,2.9698326086956524,3.172495081967213,2.682447513812155,2.1611602209944754,1.717613259668508,1.3640491712707181,1.0986574585635358,0.8377337016574586,0.624767955801105,0.4760165745856353,233.44418052256532,210.99762470308787,50.37007125890736,48.080522565320656,43.501425178147265,41.21187648456056,38.922327790973874,41.21187648456056,38.922327790973874,34.34323040380047,32.05368171021377,2483.1182,12.165,12.129999999999999,12.185,12.105,12.07,12.065,12.055,12.024999999999999,11.99,11.965,11.96,933.7767220902614,967.1258907363421,127.5605700712589,85.04038004750595,51.02422802850356,25.51211401425178,6.378028503562945,0.4252019002375297,0.4252019002375297,0.21260095011876484,0.21260095011876484,813.0591448931117,5772.3393750000005,1975.8551277306774,0.0,0.0,0.0,20.0,18.440915890243957,1.95,5.205,5531.178635978836,86.05084374315143,381.8181818181818,407.5,376.1111111111111,20.0,20.0,,12.064999999999998,12.147499999999999,12.046666666666665,9.395833333333334,257.22222222222223,498.47222222222223,1.324244585635359,1.1400000000000001,1.370305732044199,316.0,1267.161436720497,2024-08,False,True,425.0,0.35,0.65,7094623.428571428,4611505.228571429,1959.8897221428574,0.6979455183164458,75.21256332813718,0.6979455183164458,0.8986534684333592,81.77953390240239,1.3609937607170692,3860.4613399891,Early,1,0,2289.1013341069665,2289.1013341069665,0.13949156256848566,0.08752212497590553,187.91666666666669,35.959785985975714,8500.0,217.94760026871657,1173.892100095367,0.9,Sulfide Super Grade
2024-08-12,254.00308197908794,6096.0739674981105,32.666666666666664,1.76,1.75,1.755,6.09,4.39,5.24,485.0,620.0,1.196636494142265,0.6512292177606489,3.0,4404.999930448979,446.0,647.0432031734694,8.975830130668717,20.683843197540355,70.34032667179095,485.0,620.0,725.0,735.0,705.0,700.0,690.0,605.0,625.0,555.0,600.0,20.0,11.41,9.4,9.18,9.06,8.46,8.85,9.1,9.25,9.16,9.24,12.4375,8.5,8.1875,8.8125,10.625,9.875,9.25,8.75,14.625,887.0,564.0,330.0,241.5,204.0,160.5,112.5,107.5,99.0,1255.5,879.0,561.0,505.0,472.0,363.0,322.0,254.0,219.0,1.24,1.32,1.0,0.84,0.76,0.32,0.084,0.021,0.002,0.001,0.001,2.9698326086956524,3.172495081967213,2.682447513812155,2.1611602209944754,1.717613259668508,1.3640491712707181,1.0986574585635358,0.8377337016574586,0.624767955801105,0.4760165745856353,238.52657755672988,189.17625116568234,62.921666148585636,41.94777743239043,50.33733291886851,48.23994404724899,41.94777743239043,41.94777743239043,35.655610817531866,31.460833074292818,29.363444202673303,2507.027,12.225000000000001,12.205,12.195,12.14,12.145,12.405000000000001,12.135,12.47,12.065,12.535,11.995000000000001,1051.128380478707,1118.9431147031398,216.15946534037928,181.5739508859186,164.28119365868827,69.17102890892137,18.157395088591862,4.5393487721479655,0.43231893068075855,0.21615946534037928,0.21615946534037928,811.5249922287848,7098.618281249999,936.4719434220218,3.0,3000.0,1.196636494142265,20.0,16.7320804412519,1.755,5.24,6096.0739674981105,85.31116428173202,640.4545454545455,552.5,660.0,11.092500000000001,17.136666666666667,9.077777777777778,12.228636363636362,12.215,12.231666666666667,10.118055555555555,300.6666666666667,536.7222222222222,1.352244585635359,1.28,1.370305732044199,446.0,2004.1089306477372,2024-08,False,True,620.0,0.32666666666666666,0.6733333333333333,7674572.448979592,5167545.448979592,3203.878178367347,0.7034032667179094,74.14718966179862,0.7034032667179094,0.910241698693313,79.18846257183287,1.234472733089931,4287.998342892178,Early,1,0,3742.048202792868,3742.048202792868,0.1468883571826798,0.14074915091696868,112.23453125,29.36480117439708,6877.35,353.2743403171492,2132.2090488332647,0.9,Sulfide Super Grade
2024-08-13,220.23655327191753,5285.677278526021,34.958333333333336,1.88,1.73,1.805,4.5,3.09,3.795,790.0,645.0,0.0,0.5998136508946295,0.0,4280.9637093618585,382.0,598.9329601677889,9.836516443361754,18.444750304506698,71.71873325213154,790.0,645.0,520.0,495.0,450.0,420.0,435.0,420.0,420.0,450.0,450.0,20.0,9.29,8.64,8.42,8.79,8.27,8.72,8.95,9.06,9.14,8.93,12.75,10.8125,8.3125,8.5,8.3125,9.5625,11.25,10.75,17.3125,649.5,438.0,258.0,221.0,138.5,132.5,109.5,88.0,78.0,1281.75,841.5,686.0,607.0,524.25,417.25,330.75,288.25,254.5,1.44,1.48,1.28,0.44,0.4,0.24,0.12,0.075,0.023,0.002,0.001,2.9698326086956524,3.172495081967213,2.682447513812155,2.1611602209944754,1.717613259668508,1.3640491712707181,1.0986574585635358,0.8377337016574586,0.624767955801105,0.4760165745856353,313.77208777727213,251.01767022181775,52.57923699467718,50.29318321229991,43.4350218651681,45.721075647545376,48.007129429922635,41.14896808279083,38.86291430041357,41.14896808279083,36.5768605180363,2369.2828499999996,12.295,12.155000000000001,12.094999999999999,12.06,12.04,11.99,12.015,11.98,11.995000000000001,11.98,11.965,1200.9355521696973,1234.2948730633,272.2120584917981,93.57289510655558,85.06626827868689,51.03976096721213,25.519880483606066,15.949925302253792,4.891310426024496,0.4253313413934345,0.21266567069671724,962.5631161327346,5861.6053125,700.7242309426495,0.0,0.0,0.0,20.0,19.297432405567527,1.805,3.795,5285.677278526021,86.0093894545752,499.54545454545456,717.5,451.1111111111111,10.684166666666668,16.43,8.76888888888889,12.051818181818184,12.225000000000001,12.013333333333334,10.840277777777779,234.77777777777777,581.25,1.3882445856353591,1.46,1.370305732044199,382.0,1464.2774545480645,2024-08,True,False,790.0,0.34958333333333336,0.6504166666666666,6777447.961859355,4408165.111859355,3482.450438368891,0.7171873325213154,73.82361449451888,0.7171873325213154,0.9016348355663824,78.06105602933081,1.2945231352009743,3790.8207879546026,Early,1,0,4067.4135153460225,4067.4135153460225,0.139906105454248,0.18453788764253767,115.81933449074076,34.83186549204938,8440.491666666667,437.6707054254547,2253.4022057196485,0.9,Sulfide Super Grade
2024-08-14,211.96348619329396,4776.243888888889,36.52173913043478,2.05,1.81,1.93,5.19,3.02,4.105,750.0,520.0,0.882896961510107,0.6196825361100207,2.0,4375.908355,540.0,604.2338050000001,10.195484008528787,20.540788912579956,69.26372707889126,750.0,520.0,525.0,545.0,490.0,600.0,570.0,585.0,585.0,575.0,565.0,19.43,10.15,9.06,8.96,8.98,8.34,8.74,8.9,8.98,9.0,8.28,11.6875,9.5625,9.4375,8.625,9.1875,8.875,9.8125,10.625,12.75,779.0,507.5,467.5,318.0,235.0,188.5,157.5,130.0,130.0,1308.0,804.0,811.0,709.0,576.5,471.5,339.5,322.5,290.0,1.0,1.36,0.72,0.64,0.32,0.08,0.04,0.003,0.002,0.001,0.001,2.9698326086956524,3.172495081967213,2.682447513812155,2.1611602209944754,1.717613259668508,1.3640491712707181,1.0986574585635358,0.8377337016574586,0.624767955801105,0.4760165745856353,256.1104140526976,241.8820577164366,58.05169385194478,50.795232120451686,48.376411543287325,41.11994981179423,41.11994981179423,38.70112923462986,36.28230865746549,33.86348808030113,29.02584692597239,2265.27,12.129999999999999,12.11,12.075,12.024999999999999,12.399999999999999,12.02,11.98,11.945,11.98,11.945,11.91,824.341279799247,1121.104140526976,151.34905897114174,134.53249686323713,67.26624843161856,16.81656210790464,8.40828105395232,0.6306210790464241,0.420414052697616,0.210207026348808,0.210207026348808,875.3284818067754,7529.775468750001,1446.9251541977637,2.0,2000.0,0.882896961510107,19.43,21.355693380165423,1.93,4.105,4776.243888888889,86.1918085119495,573.6363636363636,635.0,560.0,10.6875,16.336666666666666,8.804444444444446,12.047272727272729,12.12,12.03111111111111,10.0625,323.6666666666667,625.7777777777778,1.332244585635359,1.1800000000000002,1.370305732044199,540.0,1848.798,2024-08,True,False,750.0,0.3652173913043478,0.6347826086956522,6202525.0,3937255.0,2952.94125,0.6926372707889127,75.58234808102345,0.6926372707889127,0.8980451599147122,82.66754068819333,1.3367899326226014,3308.204531822223,Early,1,0,3448.9602545207817,3448.9602545207817,0.1380819148805049,0.17139298613121895,107.54296875,41.21648822371927,8015.625,388.59902280299065,1787.0167794575063,0.9,Sulfide Super Grade
2024-08-15,220.98058502503662,3128.716782979476,31.4,0.0,1.7,1.7,0.0,4.26,4.26,490.0,640.0,0.0,0.5970310202601313,0.0,2092.36191835414,470.0,333.2919643385351,3.772076372315036,7.6794272076372305,77.99000000000001,490.0,640.0,550.0,590.0,540.0,460.0,490.0,500.0,490.0,500.0,470.0,,0.0,0.0,0.0,0.0,0.0,0.0,0.0,0.0,0.0,0.0,12.1875,11.0,10.5625,7.1875,8.5625,8.5625,8.625,13.75,11.75,946.0,445.0,292.0,249.0,204.0,154.0,123.0,114.0,104.0,1176.25,791.5,736.0,650.25,519.0,445.5,354.0,320.0,252.75,0.64,0.96,0.6,0.24,0.08,0.04,0.003,0.002,0.001,0.001,0.001,2.9698326086956524,3.172495081967213,2.682447513812155,2.1611602209944754,1.717613259668508,1.3640491712707181,1.0986574585635358,0.8377337016574586,0.624767955801105,0.4760165745856353,156.55064167666885,140.89557750900195,37.92439294617303,35.9283722647955,33.932351583417976,33.932351583417976,31.936330902040446,31.936330902040446,31.936330902040446,31.936330902040446,25.948268857907863,1224.50655,12.19,12.21,12.19,12.16,12.11,12.05,11.91,11.93,11.94,11.95,11.92,547.2292493767889,820.8438740651832,130.8219924291386,52.328796971655436,17.442932323885145,8.721466161942573,0.654109962145693,0.43607330809712863,0.21803665404856432,0.21803665404856432,0.21803665404856432,592.8572800295449,7194.5859375,173.60260632971813,0.0,0.0,0.0,19.715,32.60122506290436,1.7,4.26,3128.716782979476,84.07101747480169,520.0,565.0,510.0,19.715,19.715,,12.05090909090909,12.2,12.017777777777779,10.243055555555555,292.3333333333333,582.8055555555555,1.256244585635359,0.8,1.370305732044199,470.0,1093.340907923013,2024-08,False,True,640.0,0.314,0.6859999999999999,3899702.388535032,2675195.838535032,1712.1253366624203,0.8719665577880664,60.63794445456944,0.8719665577880664,0.9578263309388224,50.0,1.482343148239713,2728.1364035483666,Early,1,0,1999.7188352144494,1999.7188352144494,0.1592898252519831,0.30587442563637673,201.94184027777777,55.422082606937416,12617.6,376.4683737154487,1176.2982777833363,0.9,Sulfide Super Grade
2024-08-16,210.9916379049939,4835.225035322776,34.208333333333336,1.62,1.15,1.385,3.74,3.79,3.765,450.0,505.0,0.0,0.5616841080207399,0.0,2923.781255035323,476.0,573.243065035323,11.590334249084249,22.089954212454217,66.31971153846153,450.0,505.0,485.0,500.0,470.0,465.0,480.0,485.0,485.0,490.0,470.0,20.0,18.09,9.1,8.96,9.6,9.08,8.76,9.05,9.24,9.14,8.81,11.6875,10.5,9.5625,9.1875,11.6875,11.25,12.75,10.4375,14.75,747.0,509.0,323.0,215.0,172.0,126.5,123.0,101.5,87.5,1044.5,779.0,661.0,591.5,461.5,419.5,368.5,317.5,215.5,0.89,1.0,0.76,0.6,0.28,0.16,0.04,0.004,0.001,0.001,0.001,2.9698326086956524,3.172495081967213,2.682447513812155,2.1611602209944754,1.717613259668508,1.3640491712707181,1.0986574585635358,0.8377337016574586,0.624767955801105,0.4760165745856353,265.95342525028036,252.8737485986272,68.929895954212,53.36508073874477,51.14153570796374,48.91799067718271,46.694445646401675,44.47090061562065,40.02381055405858,37.80026552327755,31.129630430934455,2108.106,11.995000000000001,11.905,11.89,11.955,11.975000000000001,11.955,11.93,11.8,11.84,11.815000000000001,11.77,746.2850343213423,838.5225104734183,162.50566252974843,128.29394410243296,59.87050724780206,34.21171842731546,8.552929606828865,0.8552929606828865,0.21382324017072163,0.21382324017072163,0.21382324017072163,941.3007296973036,6755.13328125,371.588421783028,0.0,0.0,0.0,20.0,21.09519190003759,1.385,3.765,4835.225035322776,80.39377726879921,480.45454545454544,477.5,481.1111111111111,11.652499999999998,19.363333333333333,9.082222222222223,11.893636363636364,11.95,11.88111111111111,11.3125,267.1666666666667,539.8333333333334,1.285244585635359,0.9450000000000001,1.370305732044199,476.0,1678.1876841857757,2024-08,False,True,505.0,0.34208333333333335,0.6579166666666667,6162551.035322777,4054445.0353227775,2047.4947428380026,0.6631971153846153,78.29413919413919,0.6631971153846153,0.8840966575091574,88.70619289758869,0.9185280048076923,3206.7072956615402,Early,1,0,2391.4217695284387,2391.4217695284387,0.19606222731200781,0.1727215396604282,131.81890624999997,29.216840781552065,5884.512499999999,364.61830600501077,1726.645850592009,0.9,Sulfide Super Grade
2024-08-17,216.25161171182452,5078.308681699346,34.0,1.4,1.48,1.44,4.36,4.99,4.675000000000001,465.0,440.0,1.3655413558979026,0.6083990740716297,3.0,3172.109757141177,356.0,534.7265194985296,15.519408672798948,22.40692509855453,62.073666228646516,465.0,440.0,415.0,385.0,375.0,400.0,410.0,380.0,400.0,410.0,390.0,,0.0,0.0,0.0,0.0,0.0,0.0,0.0,0.0,0.0,0.0,10.0,10.0625,8.0875,9.25,9.6875,12.375,10.75,8.875,16.125,891.0,597.5,261.0,221.0,173.5,128.5,96.5,98.5,84.5,1140.25,974.0,808.0,718.75,582.75,492.25,428.75,397.25,283.75,1.36,1.64,0.96,0.72,0.56,0.24,0.12,0.08,0.04,0.001,0.001,2.9698326086956524,3.172495081967213,2.682447513812155,2.1611602209944754,1.717613259668508,1.3640491712707181,1.0986574585635358,0.8377337016574586,0.624767955801105,0.4760165745856353,298.5014137606032,272.54476908576817,66.1894439208294,57.36418473138549,52.95155513666353,48.53892554194157,48.53892554194157,46.332610744580585,44.12629594721961,41.91998114985863,30.888407163053728,2196.9309000000003,12.105,11.975,11.940000000000001,11.850000000000001,11.785,11.735,11.780000000000001,11.705,11.705,11.695,11.705,1142.0923656927428,1377.229029217719,205.57662582469368,154.18246936852026,119.91969839773799,51.39415645617342,25.69707822808671,17.131385485391142,8.565692742695571,0.21414231856738924,0.21414231856738924,1007.8965127238455,6533.743875,-464.4819848150122,3.0,3000.0,1.3655413558979026,20.0,20.085427332839465,1.44,4.675000000000001,5078.308681699346,83.1428746027866,406.3636363636364,452.5,396.1111111111111,20.0,20.0,,11.816363636363638,12.04,11.766666666666666,10.579166666666667,283.55555555555554,647.3055555555555,1.396244585635359,1.5,1.370305732044199,356.0,1320.1812896777494,2024-08,True,False,465.0,0.34,0.6599999999999999,6461561.470588236,4264630.570588236,1983.0532153235297,0.6207366622864653,83.40358902759527,0.6207366622864653,0.8448059132720105,100.00221385940497,0.89386079369251,3152.292381138432,Early,1,0,2316.155704841908,2316.155704841908,0.168571253972134,0.14659013577735572,211.58333333333334,28.92301535928883,9300.0,322.91442420538743,1608.4302920409636,0.9,Sulfide Super Grade
2024-08-18,204.9850218404712,4919.640524171309,34.916666666666664,1.84,1.63,1.7349999999999999,4.31,3.55,3.9299999999999997,380.0,400.0,1.3624972230603472,0.649902950804735,3.0,3837.839093465048,322.0,631.628359218616,12.227862461673237,22.562601839684625,65.20953569864214,380.0,400.0,380.0,380.0,430.0,400.0,380.0,365.0,380.0,370.0,355.0,,0.0,0.0,0.0,0.0,0.0,0.0,0.0,0.0,0.0,0.0,11.5625,7.875,9.8125,7.5625,12.0,8.0,10.9375,9.6875,12.1875,773.5,548.5,311.5,274.5,214.5,192.5,134.0,119.0,111.5,1140.25,974.0,808.0,718.75,582.75,492.25,428.75,397.25,283.75,1.64,1.88,1.04,0.68,0.4,0.2,0.16,0.003,0.002,0.001,0.001,2.9698326086956524,3.172495081967213,2.682447513812155,2.1611602209944754,1.717613259668508,1.3640491712707181,1.0986574585635358,0.8377337016574586,0.624767955801105,0.4760165745856353,273.01222455196415,250.63417335918024,68.47683664991888,67.3355560390869,54.781469319935105,54.781469319935105,52.498908098271144,43.36866321161529,41.086101989951324,41.086101989951324,31.95585710329548,2201.83935,12.23,12.24,12.23,12.254999999999999,12.225,12.24,12.195,12.184999999999999,12.184999999999999,12.165,12.21,1368.148118843217,1568.364916722712,221.23956165684217,144.65663646793527,85.09213909878545,42.546069549392726,34.03685563951418,0.6381910432408908,0.42546069549392723,0.21273034774696362,0.21273034774696362,979.017361633105,6754.153124999999,-270.020761599308,3.0,3000.0,1.3624972230603472,19.11,20.733222173215886,1.7349999999999999,3.9299999999999997,4919.640524171309,83.54208334856631,383.6363636363636,390.0,382.22222222222223,19.11,19.11,,12.214545454545457,12.235,12.21,9.958333333333334,297.72222222222223,647.3055555555555,1.448244585635359,1.7599999999999998,1.370305732044199,322.0,1149.1604512124109,2024-08,False,True,400.0,0.3491666666666666,0.6508333333333334,6305983.818615753,4104144.468615753,1641.6577874463012,0.6520953569864213,79.38645422689443,0.6520953569864213,0.8777213753832677,90.97063031130402,1.1313854443714408,3208.0747438543544,Early,1,0,1917.4145304878039,1917.4145304878039,0.16457916651433693,0.10422531801322975,190.30375,35.97214047052956,7644.0,230.54622163561018,1105.1316882829517,0.9,Sulfide Super Grade
2024-08-19,204.97776127626673,4765.732949673202,34.73913043478261,1.14,1.5,1.3199999999999998,3.08,4.98,4.03,410.0,390.0,0.0,0.6172099784702798,0.0,2806.3349159064705,302.0,577.325380512353,11.625332725615312,20.092479489516865,68.28218778486782,410.0,390.0,405.0,390.0,400.0,375.0,370.0,385.0,365.0,375.0,305.0,,0.0,0.0,0.0,0.0,0.0,0.0,0.0,0.0,0.0,0.0,12.25,9.0625,9.5,7.3125,10.0625,9.5,10.75,10.625,15.875,928.5,568.0,422.0,322.0,230.5,181.5,160.0,144.5,116.5,1236.0,1169.0,955.0,846.0,704.0,565.0,489.0,477.0,352.0,1.44,1.52,1.12,0.72,0.68,0.32,0.16,0.04,0.001,0.001,0.001,2.9698326086956524,3.172495081967213,2.682447513812155,2.1611602209944754,1.717613259668508,1.3640491712707181,1.0986574585635358,0.8377337016574586,0.624767955801105,0.4760165745856353,297.9143393037492,253.44951254199557,72.5665972751819,68.03118494548303,54.424947956386426,49.88953562668756,49.88953562668756,45.35412329698869,45.35412329698869,40.81871096728982,40.81871096728982,2119.0749,12.195,12.205,12.17,12.19,12.185,12.16,12.15,12.135,12.120000000000001,12.125,12.115,1202.8542572706474,1269.6794937856835,238.56609435867844,153.36391780200753,144.84370014634047,68.16174124533669,34.08087062266834,8.520217655667086,0.21300544139167715,0.21300544139167715,0.21300544139167715,1018.5113218047284,8168.58234375,-893.8139465853809,0.0,0.0,0.0,19.11,21.402793878115723,1.3199999999999998,4.03,4765.732949673202,79.4277804391757,379.09090909090907,400.0,374.44444444444446,19.11,19.11,,12.159090909090908,12.2,12.149999999999999,10.54861111111111,341.5,754.7777777777778,1.3922445856353591,1.48,1.370305732044199,302.0,1045.4164339335039,2024-08,True,False,410.0,0.3473913043478261,0.6526086956521739,6099965.294117646,3980890.394117647,1632.1650615882352,0.6828218778486782,77.08946558796718,0.6828218778486782,0.8837466727438469,86.44962105487616,0.9013248787602551,3254.1467220211757,Early,1,0,1906.3272681890596,1906.3272681890596,0.20572219560824298,0.14609802902572178,201.58395833333333,28.25168791911275,7835.099999999999,310.6037075476701,1444.1763836554721,0.9,Sulfide Super Grade
2024-08-20,140.7770190141766,3378.648456340238,49.166666666666664,2.27,1.36,1.815,5.57,4.66,5.115,470.0,405.0,0.0,0.5838625021413157,0.0,4369.349138391525,294.0,640.0733958915254,13.486607929515417,22.767973568281935,63.74541850220264,470.0,405.0,385.0,380.0,400.0,395.0,380.0,340.0,345.0,335.0,355.0,,0.0,0.0,0.0,0.0,0.0,0.0,0.0,0.0,0.0,0.0,11.375,10.5,10.375,10.4375,9.6875,11.375,9.0625,10.25,13.6875,907.5,592.0,427.5,356.0,230.5,204.0,174.5,146.0,105.5,1155.75,1028.25,867.25,776.75,635.5,539.5,436.25,412.0,331.5,0.8,1.0,0.92,0.32,0.32,0.2,0.01,0.003,0.002,0.001,0.001,2.9698326086956524,3.172495081967213,2.682447513812155,2.1611602209944754,1.717613259668508,1.3640491712707181,1.0986574585635358,0.8377337016574586,0.624767955801105,0.4760165745856353,356.0572194903889,334.69378632096556,98.0581582476531,83.53102369244523,79.89924005364325,72.63567277603933,72.63567277603933,69.00388913723737,65.37210549843539,58.10853822083146,47.21318730442556,2405.9843499999997,12.08,12.004999999999999,11.985,11.97,11.94,11.915,11.879999999999999,11.86,11.87,11.825,11.8,589.0031291908806,736.2539114886007,172.72516763522574,60.07831917746982,60.07831917746982,37.54894948591864,1.877447474295932,0.5632342422887796,0.37548949485918637,0.18774474742959318,0.18774474742959318,1337.2084935181042,8610.146718749998,2070.7592738693083,0.0,0.0,0.0,19.11,30.18958655156645,1.815,5.115,3378.648456340238,85.3508297089952,380.90909090909093,437.5,368.3333333333333,19.11,19.11,,11.92090909090909,12.0425,11.893888888888888,10.75,349.27777777777777,686.9722222222222,1.276244585635359,0.9,1.370305732044199,294.0,635.945811833456,2024-08,True,False,470.0,0.49166666666666664,0.5083333333333333,4893527.491525423,2487543.141525423,1169.145276516949,0.6374541850220264,81.08824339207048,0.6374541850220264,0.8651339207048458,94.62019162863052,1.156979345814978,2153.733598212294,Early,1,0,1365.5319388652472,1365.5319388652472,0.14649170291004796,0.10756750836647941,205.4325,54.79409959109311,8981.699999999999,258.95174131272006,752.3550497601926,0.9,Sulfide Super Grade
2024-08-21,145.22016748710737,3485.284019690577,49.375,1.73,1.67,1.7,4.15,4.33,4.24,400.0,380.0,0.0,0.5528596042124023,0.0,4251.354364313925,362.0,632.7448259316457,16.316651162790695,23.665023255813953,60.018325581395345,400.0,380.0,420.0,375.0,400.0,435.0,410.0,425.0,395.0,415.0,375.0,,0.0,0.0,0.0,0.0,0.0,0.0,0.0,0.0,0.0,0.0,11.8125,8.4375,8.8125,10.4375,10.375,10.4375,10.1875,10.1875,13.5625,819.0,667.5,536.5,438.5,320.0,241.0,216.0,149.0,132.0,1075.5,887.5,779.5,707.5,567.0,514.0,383.5,347.0,311.0,1.24,1.48,1.0,0.8,0.72,0.56,0.36,0.08,0.04,0.04,0.001,2.9698326086956524,3.172495081967213,2.682447513812155,2.1611602209944754,1.717613259668508,1.3640491712707181,1.0986574585635358,0.8377337016574586,0.624767955801105,0.4760165745856353,573.1944910984212,458.55559287873695,127.89402082633524,120.58579106483037,102.3152166610682,98.66110178031576,91.35287201881088,80.39052737655358,73.08229761504872,65.77406785354384,62.11995297279141,2497.1820000000002,11.59,11.645,11.69,11.719999999999999,11.705,11.715,11.64,11.625,11.635,11.629999999999999,11.64,910.9439032583135,1087.2556264696,187.33120591199193,149.86496472959354,134.8784682566342,104.90547531071549,67.4392341283171,14.986496472959354,7.493248236479677,7.493248236479677,0.18733120591199193,1853.9259321464558,9168.61265625,949.0370628271987,0.0,0.0,0.0,19.11,29.265907577040316,1.7,4.24,3485.284019690577,85.1166293912609,402.72727272727275,390.0,405.55555555555554,19.11,19.11,,11.657727272727273,11.6175,11.666666666666666,10.472222222222221,391.05555555555554,619.1666666666666,1.3682445856353591,1.3599999999999999,1.370305732044199,362.0,805.9699571161254,2024-08,True,False,400.0,0.49375,0.50625,5057583.797468355,2560401.7974683545,1024.1607189873419,0.6001832558139535,85.18645348837211,0.6001832558139535,0.836833488372093,102.77217088117486,1.0203115348837208,2091.809110374234,Early,1,0,1196.1936642081075,1196.1936642081075,0.148833706087391,0.09408766377077843,200.12416666666664,49.75204288096854,7644.0,235.29273357215544,703.6391928330465,0.9,Sulfide Super Grade
2024-08-22,141.20201553052183,3388.848372732524,48.083333333333336,1.65,1.33,1.49,3.89,4.03,3.96,655.0,585.0,0.0,0.5266868030105386,0.0,3484.633629706065,422.0,598.4549317060657,6.878208955223881,29.193606965174126,70.32140547263681,655.0,585.0,570.0,530.0,580.0,580.0,595.0,645.0,650.0,580.0,625.0,,0.0,0.0,0.0,0.0,0.0,0.0,0.0,0.0,0.0,0.0,11.142857142857142,7.0,9.1875,9.3125,10.625,11.125,10.625,9.5,16.75,845.0,597.5,498.0,334.0,233.5,224.0,147.5,126.5,100.0,1064.75,927.75,763.0,667.25,563.75,515.25,380.75,344.5,326.25,1.16,1.24,0.52,0.24,0.16,0.08,0.001,0.001,0.001,0.001,0.001,2.9698326086956524,3.172495081967213,2.682447513812155,2.1611602209944754,1.717613259668508,1.3640491712707181,1.0986574585635358,0.8377337016574586,0.624767955801105,0.4760165745856353,503.4159621088044,448.24708954893543,80.8913593909079,77.37434376521625,73.8573281395246,73.8573281395246,70.34031251383296,70.34031251383296,59.78926563675802,56.27225001106636,45.72120313399142,2336.9867999999997,11.61,11.695,11.67,11.61,11.615,11.65,11.58,11.54,11.58,11.585,11.535,863.7227214377406,923.2898056748262,98.73244212296935,45.56881944137046,30.37921296091364,15.18960648045682,0.18987008100571026,0.18987008100571026,0.18987008100571026,0.18987008100571026,0.18987008100571026,1560.1067549023946,7828.7140178571435,908.7782663127509,0.0,0.0,0.0,19.11,30.09872050361301,1.49,3.96,3388.848372732524,82.82588658376271,599.5454545454545,620.0,595.0,19.11,19.11,,11.606363636363636,11.6525,11.59611111111111,10.58531746031746,345.1111111111111,617.0277777777778,1.336244585635359,1.2,1.370305732044199,422.0,925.9405495302539,2024-08,True,False,655.0,0.48083333333333333,0.5191666666666667,4860284.506065858,2523297.706065858,1652.759997473137,0.6609575737241518,75.23071037401733,0.6609575737241518,0.9353510602915707,81.67040060225823,0.9848267848489861,2239.884998160329,Early,1,0,1930.3816293489474,1930.3816293489474,0.17174113416237288,0.18796811074088451,202.28541666666666,44.847093550383384,12517.05,439.59436513848897,1295.5494455399275,0.9,Sulfide Super Grade
2024-08-23,181.04746245568464,4307.420877591497,42.25,1.48,1.22,1.35,4.5,2.92,3.71,365.0,415.0,0.0,0.5014980174949146,0.0,3350.674071025739,414.0,600.1565317886094,8.373803036200856,18.190432074737252,73.43576488906189,365.0,415.0,410.0,430.0,425.0,445.0,445.0,465.0,495.0,520.0,540.0,,0.0,0.0,0.0,0.0,0.0,0.0,0.0,0.0,0.0,0.0,12.0,12.0625,13.625,8.875,14.4375,8.5625,5.625,9.5625,16.25,875.0,668.0,435.0,312.0,278.5,211.5,167.0,155.0,157.0,1054.0,968.0,746.5,627.0,560.5,516.5,378.0,342.0,341.5,1.12,1.0,0.64,0.4,0.32,0.04,0.04,0.04,0.001,0.001,0.001,2.9698326086956524,3.172495081967213,2.682447513812155,2.1611602209944754,1.717613259668508,1.3640491712707181,1.0986574585635358,0.8377337016574586,0.624767955801105,0.4760165745856353,310.83890500819984,241.7635927841554,64.58541692948151,58.71401539043774,55.77831462091585,55.77831462091585,46.97121231235019,49.906913081872084,46.97121231235019,46.97121231235019,46.97121231235019,2479.4703499999996,12.08,12.115,12.094999999999999,12.100000000000001,12.125,12.085,12.1,12.1,12.1,12.115,12.11,881.2211429292291,786.8045919010974,128.4065093982591,80.25406837391193,64.20325469912954,8.025406837391193,8.025406837391193,8.025406837391193,0.20063517093477984,0.20063517093477984,0.20063517093477984,1025.250321685379,9704.85375,787.2462921622159,0.0,0.0,0.0,19.11,23.68006352261391,1.35,3.71,4307.420877591497,82.08848371799755,450.45454545454544,390.0,463.8888888888889,19.11,19.11,,12.102272727272727,12.0975,12.103333333333332,11.222222222222221,362.1111111111111,614.8888888888889,1.308244585635359,1.06,1.370305732044199,414.0,1220.075469266272,2024-08,False,True,415.0,0.4225,0.5775,5868568.875739644,3389098.5257396447,1406.4758881819525,0.7343576488906188,71.83627384196184,0.7343576488906188,0.9162619696379914,72.55387297827879,0.9913828260023355,3163.187468450458,Early,1,0,1642.7280553859207,1642.7280553859207,0.17911516282002446,0.12385567536652599,214.45666666666665,31.96808575552878,7930.65,307.4051303323679,1216.8265830519185,0.9,Sulfide Super Grade
2024-08-24,189.7910910312273,4554.986184749455,41.083333333333336,1.43,1.48,1.455,4.31,4.6,4.455,540.0,445.0,1.1884431980404313,0.5333923635596611,3.0,3678.3022983882356,356.0,571.5899862588236,10.911563479623824,21.649976489028212,67.43846003134796,540.0,445.0,475.0,490.0,455.0,455.0,405.0,410.0,360.0,435.0,365.0,,0.0,0.0,0.0,0.0,0.0,0.0,0.0,0.0,0.0,0.0,13.5,11.5,11.9375,12.875,12.0,9.1875,7.1875,9.5,15.0625,934.0,517.5,440.5,297.0,215.0,180.0,145.0,139.5,129.0,1084.25,883.75,718.0,624.25,532.5,467.0,366.0,327.75,318.75,0.8,1.0,0.64,0.4,0.32,0.004,0.003,0.002,0.001,0.001,0.001,2.9698326086956524,3.172495081967213,2.682447513812155,2.1611602209944754,1.717613259668508,1.3640491712707181,1.0986574585635358,0.8377337016574586,0.624767955801105,0.4760165745856353,282.6349972938091,277.0931346017736,70.65874932345228,50.87429951288564,48.04794953994756,45.22159956700946,36.74254964819519,36.74254964819519,33.9161996752571,33.9161996752571,31.089849702319004,2524.3108,12.23,12.17,12.165,12.16,12.165,12.155,12.145,12.17,12.15,12.095,12.575,635.7966609767268,794.7458262209084,129.70251883925224,81.06407427453266,64.85125941962612,0.8106407427453265,0.6079805570589949,0.40532037137266325,0.20266018568633162,0.20266018568633162,0.20266018568633162,946.9380781881013,9227.645156249999,1397.1484862015436,3.0,3000.0,1.1884431980404313,19.11,22.393042670800213,1.455,4.455,4554.986184749455,84.46049454637581,439.54545454545456,492.5,427.77777777777777,19.11,19.11,,12.198181818181816,12.2,12.197777777777778,11.416666666666666,333.05555555555554,591.3611111111111,1.276244585635359,0.9,1.370305732044199,356.0,1120.6435027314576,2024-08,True,False,540.0,0.4108333333333334,0.5891666666666666,6144367.05882353,3620056.2588235294,1954.8303797647059,0.6743846003134796,77.17068965517241,0.6743846003134796,0.8908843652037618,86.26314552529071,0.9812295934561128,3071.8125376356825,Early,1,0,2283.1921509235026,2283.1921509235026,0.15539505453624186,0.14680685712988245,218.17249999999999,32.58187708601431,10319.4,371.1314698868049,1569.1934426041762,0.9,Sulfide Super Grade
2024-08-25,144.6932321705008,3400.2909560067683,49.25,1.83,1.62,1.725,4.71,4.56,4.635,455.0,445.0,1.2359182563665239,0.5634167118377945,3.0,4189.671399289341,292.0,597.2007992893402,7.600055888223553,24.326690618762477,68.07325349301396,455.0,445.0,440.0,385.0,410.0,365.0,380.0,380.0,360.0,390.0,380.0,,0.0,0.0,0.0,0.0,0.0,0.0,0.0,0.0,0.0,0.0,12.125,12.1875,11.1875,11.1875,12.6875,9.9375,10.375,11.3125,21.125,825.5,608.5,480.5,353.0,261.0,205.5,160.5,144.5,112.5,1084.25,883.75,718.0,624.25,532.5,467.0,366.0,327.75,318.75,1.0,1.04,0.64,0.6,0.44,0.08,0.04,0.04,0.001,0.001,0.001,2.9698326086956524,3.172495081967213,2.682447513812155,2.1611602209944754,1.717613259668508,1.3640491712707181,1.0986574585635358,0.8377337016574586,0.624767955801105,0.4760165745856353,364.070594551067,314.1001207891558,80.09553080123473,72.8141189102134,72.8141189102134,69.17341296470272,65.53270701919205,65.53270701919205,61.892001073681385,54.61058918266004,50.96988323714938,2427.3450000000003,12.025,12.094999999999999,12.145,12.004999999999999,11.97,11.915,11.905000000000001,11.835,11.825,11.82,11.719999999999999,735.605958931687,765.0301972889546,120.05089249765132,112.54771171654811,82.53498859213528,15.006361562206415,7.503180781103207,7.503180781103207,0.18757951952758017,0.18757951952758017,0.18757951952758017,1271.605784458462,9633.9159375,1746.4804306500782,3.0,3000.0,1.2359182563665239,19.11,29.99743296079189,1.725,4.635,3400.2909560067683,85.74587975107933,399.09090909090907,450.0,387.77777777777777,19.11,19.11,,11.932727272727272,12.059999999999999,11.904444444444444,12.458333333333334,350.1666666666667,591.3611111111111,1.300244585635359,1.02,1.370305732044199,292.0,635.1061673802695,2024-08,True,False,455.0,0.4925,0.5075000000000001,4928619.289340102,2501274.289340102,1138.0798016497465,0.6807325349301396,74.70425149700598,0.6807325349301396,0.9239994411177644,80.64213165565994,1.174263622754491,2314.6886819825154,Early,1,0,1329.2482545539538,1329.2482545539538,0.14254120248920676,0.10860040242706812,238.07875,51.745571857366016,8695.05,263.766586860366,770.5742311951547,0.9,Sulfide Super Grade
2024-08-26,144.4304313132368,3466.330351517683,49.875,1.57,1.51,1.54,4.65,3.09,3.87,435.0,465.0,0.0,0.5394780508217338,0.0,3886.5282650826316,324.0,657.8019806107769,19.883288305673485,14.085889617908144,66.03082207641837,435.0,465.0,460.0,415.0,435.0,465.0,455.0,400.0,420.0,410.0,385.0,,0.0,0.0,0.0,0.0,0.0,0.0,0.0,0.0,0.0,0.0,11.625,9.5375,7.6875,7.375,11.375,11.4375,7.5625,9.5625,23.0,832.5,574.0,483.5,393.0,274.0,210.0,158.0,142.5,108.0,1114.5,799.5,689.5,621.5,504.5,417.5,354.0,313.5,296.0,1.0,1.04,0.8,0.68,0.56,0.4,0.32,0.04,0.04,0.004,0.001,2.9698326086956524,3.172495081967213,2.682447513812155,2.1611602209944754,1.717613259668508,1.3640491712707181,1.0986574585635358,0.8377337016574586,0.624767955801105,0.4760165745856353,516.2198825673213,443.5128568536141,85.2853411621786,85.2853411621786,77.86922453938044,77.86922453938044,77.86922453938044,77.86922453938044,63.036991293784176,55.62087467098603,55.62087467098603,2520.2657,12.185,12.17,12.14,12.135000000000002,12.115,12.04,12.065,12.024999999999999,11.98,12.03,11.96,730.7147195788621,759.9433083620165,149.06580279408786,126.7059323749747,104.34606195586152,74.53290139704393,59.62632111763514,7.453290139704393,7.453290139704393,0.7453290139704393,0.18633225349260982,1616.0590605385705,8243.582625,1206.063605524808,0.0,0.0,0.0,20.0,29.425931649976974,1.54,3.87,3466.330351517683,83.07481804466457,431.3636363636364,450.0,427.22222222222223,20.0,20.0,,12.076818181818181,12.1775,12.054444444444446,11.018055555555556,352.8333333333333,567.8333333333334,1.300244585635359,1.02,1.370305732044199,324.0,713.6166520797648,2024-08,False,True,465.0,0.49875,0.50125,5053164.3107769415,2532898.6107769418,1177.7978540112779,0.6603082207641837,83.65779139328446,0.6603082207641837,0.8011671169432651,111.98214269078659,1.016874659976843,2288.846426991529,Early,1,0,1375.6379292492757,1375.6379292492757,0.16925181955335436,0.11964405461235302,220.36111111111111,45.31593474096454,9300.0,301.94609125914764,893.2655822035413,0.9,Sulfide Super Grade
2024-08-27,142.3286440813514,3415.8874579524336,49.833333333333336,1.29,1.46,1.375,3.25,2.78,3.0149999999999997,690.0,490.0,1.209401085836577,0.5663690721371455,3.0,3418.5203368640964,378.0,659.8473213190634,8.309722547870262,20.23966002344666,71.45061742868307,690.0,490.0,475.0,445.0,455.0,415.0,430.0,430.0,440.0,415.0,410.0,20.0,12.27,9.87,9.68,9.58,8.84,9.11,9.26,9.34,9.23,9.24,12.5,10.125,8.5,7.9375,8.75,13.75,12.5,15.5,17.6875,766.0,524.0,400.5,313.5,294.5,194.5,143.0,112.0,122.0,1016.75,792.0,724.25,567.25,474.5,417.5,358.5,331.25,272.5,1.16,0.88,0.52,0.44,0.44,0.36,0.32,0.16,0.04,0.04,0.004,2.9698326086956524,3.172495081967213,2.682447513812155,2.1611602209944754,1.717613259668508,1.3640491712707181,1.0986574585635358,0.8377337016574586,0.624767955801105,0.4760165745856353,348.56885850499236,290.4740487541603,74.07088243231088,70.36733831069535,66.6637941890798,66.6637941890798,62.96025006746426,62.96025006746426,59.25670594584871,55.553161824233165,51.84961770261762,2480.5666499999998,12.075,12.08,12.04,12.02,12.025,12.024999999999999,12.030000000000001,12.04,12.024999999999999,12.5,11.975000000000001,848.0093550418276,643.3174417558693,96.93624179185032,82.02297382387334,82.02297382387334,67.10970585589637,59.65307187190789,29.826535935953945,7.456633983988486,7.456633983988486,0.7456633983988487,1209.388701987947,8084.974218750001,830.3603107933166,3.0,3000.0,1.209401085836577,20.0,29.8604685475034,1.375,3.0149999999999997,3415.8874579524336,80.69786760653412,463.1818181818182,590.0,435.0,11.368333333333334,17.423333333333332,9.35,12.075909090909091,12.0775,12.075555555555557,11.916666666666666,318.8888888888889,550.5,1.300244585635359,1.02,1.370305732044199,378.0,820.8053287878437,2024-08,True,False,690.0,0.49833333333333335,0.5016666666666667,4977725.719063545,2497159.069063545,1723.0397576538462,0.7145061742868307,73.03694069949199,0.7145061742868307,0.9169027745212973,76.40046374733102,0.9824459896443922,2440.672679375961,Early,1,0,2012.466601259756,2012.466601259756,0.19302132393465873,0.20184171278997162,135.4726388888889,41.05814425281718,7844.150000000001,501.8145322579472,1463.6014292694279,0.9,Sulfide Super Grade
2024-08-28,147.30014077319868,3535.2033785567683,49.625,1.41,1.08,1.245,4.53,3.06,3.795,635.0,640.0,0.0,0.5439110083764401,0.0,3183.220215020466,444.0,496.3444825122796,12.576485768500946,19.53262618595825,67.89088804554079,635.0,640.0,440.0,430.0,470.0,500.0,495.0,520.0,535.0,530.0,510.0,10.5,7.31,7.76,8.65,8.81,8.34,8.83,9.02,9.1,8.9,8.64,11.625,10.125,9.625,8.0,9.8125,10.0625,11.75,13.625,19.375,553.5,451.5,381.0,245.0,193.0,182.5,125.0,109.0,92.0,919.0,784.5,759.0,513.0,444.5,417.5,363.0,349.0,249.0,0.56,0.84,0.44,0.4,0.28,0.12,0.08,0.04,0.001,0.001,0.001,2.9698326086956524,3.172495081967213,2.682447513812155,2.1611602209944754,1.717613259668508,1.3640491712707181,1.0986574585635358,0.8377337016574586,0.624767955801105,0.4760165745856353,267.0547437882971,238.1839606760488,62.577422395798266,58.8963975489866,55.21537270217493,55.21537270217493,51.53434785536328,51.53434785536328,47.85332300855161,36.810248468116626,18.405124234058313,2551.60225,11.705,11.774999999999999,11.71,11.665,11.68,11.67,11.649999999999999,11.649999999999999,11.631,11.595,11.55,410.29964312167533,615.4494646825129,82.20646421116423,74.73314928287657,52.313204498013604,22.41994478486297,14.946629856575314,7.473314928287657,0.18683287320719144,0.18683287320719144,0.18683287320719144,943.2806612349337,6400.396406250001,1404.8850301744724,0.0,0.0,0.0,10.5,28.852654027967432,1.245,3.795,3535.2033785567683,84.40747265394303,518.6363636363636,637.5,492.22222222222223,8.863333333333332,9.436666666666666,8.672222222222222,11.661909090909091,11.739999999999998,11.644555555555556,11.555555555555555,259.1666666666667,533.1666666666666,1.2362445856353592,0.7,1.370305732044199,444.0,1000.02911794327,2024-08,False,True,640.0,0.49625,0.5037499999999999,5141767.758186398,2590165.5081863976,1657.7059252392946,0.678908880455408,77.9284985768501,0.678908880455408,0.8742351423149906,88.7464281530032,0.845241556166983,2400.0809679181516,Early,1,0,1936.158347150972,1936.158347150972,0.1559252734605697,0.2010542647913805,102.42074074074071,35.921554264819456,5672.533333333332,514.0520959671006,1555.1347757455537,0.9,Sulfide Super Grade
2024-08-29,139.3129653871717,3343.5111692921205,47.04347826086956,1.28,1.25,1.2650000000000001,3.66,2.48,3.0700000000000003,420.0,460.0,1.3423584867225868,0.5707108111839567,3.0,2830.8873201983824,408.0,371.2697348822551,8.233977322285217,17.05761447884867,74.70840819886611,420.0,460.0,425.0,420.0,395.0,420.0,410.0,425.0,430.0,430.0,400.0,10.15,7.82,8.51,8.7,8.82,8.31,8.621,8.65,8.97,8.96,8.98,11.4375,11.0625,9.9375,10.8125,12.625,15.5,11.625,11.1875,14.125,717.0,523.5,383.0,259.5,242.5,207.5,157.5,119.5,120.0,989.75,818.75,731.0,565.5,511.75,470.5,384.5,368.0,281.25,0.0,0.4,0.36,0.24,0.16,0.08,0.04,0.001,0.001,0.001,0.001,2.9698326086956524,3.172495081967213,2.682447513812155,2.1611602209944754,1.717613259668508,1.3640491712707181,1.0986574585635358,0.8377337016574586,0.624767955801105,0.4760165745856353,0.0,327.52619777604906,64.76997666224317,44.3162998215348,37.498407541298675,34.089461401180614,30.680515261062553,30.680515261062553,27.27156912094449,23.862622980826433,23.862622980826433,2234.87245,11.88,11.629999999999999,11.649999999999999,11.620000000000001,11.645,11.655000000000001,11.65,11.635,11.620000000000001,11.605,11.505,0.0,300.97469454994734,69.07369239921292,46.04912826614194,30.69941884409463,15.349709422047315,7.674854711023658,0.19187136777559144,0.19187136777559144,0.19187136777559144,0.19187136777559144,644.5581888070287,8094.839531250001,1988.2622731426259,3.0,3000.0,1.3423584867225868,10.15,30.50685187978456,1.2650000000000001,3.0700000000000003,3343.5111692921205,86.88504016979958,421.3636363636364,440.0,417.22222222222223,8.886750000000001,9.373333333333333,8.724555555555556,11.645000000000003,11.754999999999999,11.620555555555557,12.034722222222221,303.3333333333333,569.0,1.262493984039288,0.4,1.370305732044199,408.0,892.5552156174556,2024-08,False,True,460.0,0.47043478260869565,0.5295652173913044,4750653.082255082,2515780.6322550825,1157.259090837338,0.7470840819886612,70.95348070213694,0.7470840819886612,0.9176602267771479,69.38867172669215,0.9450613637156564,2497.883972529439,Early,1,0,1351.6491763867073,1351.6491763867073,0.13114959830200423,0.16249322137193514,106.94956770833333,38.59116762792747,4087.9050000000007,363.6334890633275,1068.4889260849377,0.9,Sulfide Super Grade
2024-08-30,147.56564449909115,3425.9823797872336,48.958333333333336,1.57,1.65,1.6099999999999999,4.45,4.01,4.23,0.0,370.0,0.0,0.5506577483268046,0.0,3907.634803319681,350.0,463.2298863797873,4.490358422939067,17.802915173237754,77.70672640382318,0.0,370.0,350.0,350.0,340.0,375.0,400.0,405.0,390.0,400.0,380.0,12.94,5.84,8.42,8.73,8.79,4.48,8.95,8.84,9.18,8.75,8.16,10.6875,10.6875,7.875,7.1875,8.375,11.25,11.8125,7.625,14.0,828.0,541.0,392.0,357.5,341.5,289.0,200.0,164.5,128.5,1060.5,853.0,703.0,618.0,579.0,523.5,406.0,387.0,313.5,0.0,1.16,0.8,0.56,0.4,0.36,0.24,0.04,0.001,0.001,0.001,2.9698326086956524,3.172495081967213,2.682447513812155,2.1611602209944754,1.717613259668508,1.3640491712707181,1.0986574585635358,0.8377337016574586,0.624767955801105,0.4760165745856353,0.0,382.18627997769113,93.84796430563303,72.19074177356387,64.97166759620748,64.97166759620748,61.362130507529294,57.75259341885109,46.923982152816514,43.31444506413832,36.095370886781936,2424.74715,,11.395,11.469999999999999,11.52,11.51,11.52,11.49,11.475,11.475,11.42,11.405000000000001,0.0,855.9286112660345,150.52537646402678,105.36776352481876,75.26268823201339,67.73641940881204,45.15761293920803,7.526268823201339,0.18815672058003347,0.18815672058003347,0.18815672058003347,923.6168432794201,8112.785156250001,2135.5187982833054,0.0,0.0,0.0,12.94,29.772482369373595,1.6099999999999999,4.23,3425.9823797872336,88.14551743713982,376.0,370.0,376.6666666666667,8.835,10.573333333333332,8.255555555555555,11.468,11.395,11.476111111111111,9.944444444444445,360.22222222222223,604.8333333333334,1.3469384284837322,1.16,1.370305732044199,350.0,769.3693547178538,2024-08,False,True,370.0,0.48958333333333337,0.5104166666666666,4952675.029787234,2527927.8797872337,935.3333155212765,0.7770672640382318,66.73977001194743,0.7770672640382318,0.9550964157706093,58.05090617836072,1.251078295101553,2662.218754504456,Early,1,0,1092.445516808717,1092.445516808717,0.1185448256286018,0.09468643274588281,87.85916666666668,47.933696614691485,3268.9500000000003,229.81223719107336,678.5333735869448,0.9,Sulfide Super Grade
2024-08-31,163.71931591856358,3649.5764173513126,44.291666666666664,1.49,1.55,1.52,4.27,4.89,4.58,0.0,440.0,1.3383455265533104,0.5754389587149095,3.0,3413.1125363431047,356.0,587.0381819593604,6.128511904761904,17.859583333333333,76.01190476190476,0.0,440.0,410.0,420.0,415.0,405.0,2530.0,400.0,400.0,415.0,385.0,7.98,6.67,13.61,20.2,12.29,10.43,10.04,9.77,9.39,9.37,8.36,11.6875,8.0625,9.5625,8.5625,12.1875,9.3125,14.0,9.875,16.25,769.0,681.5,580.5,442.5,364.0,304.5,265.0,197.0,173.0,1101.5,915.25,770.0,675.25,635.5,492.0,409.0,383.75,322.75,0.0,0.88,0.6,0.52,0.32,0.28,0.12,0.004,0.003,0.002,0.001,2.9698326086956524,3.172495081967213,2.682447513812155,2.1611602209944754,1.717613259668508,1.3640491712707181,1.0986574585635358,0.8377337016574586,0.624767955801105,0.4760165745856353,0.0,350.0945879432471,81.44305677416592,75.17820625307623,72.04578099253139,62.648505210896865,59.516079950352015,59.516079950352015,50.11880416871749,43.853953647627804,37.58910312653811,2241.5736,,11.515,11.5,11.645,11.675,11.695,11.690000000000001,11.684999999999999,11.665,11.600000000000001,11.51,0.0,679.8159601104239,118.19527488283507,102.43590489845705,63.03747993751204,55.15779494532303,23.639054976567014,0.7879684992189004,0.5909763744141754,0.3939842496094502,0.1969921248047251,892.004158017505,10087.991250000001,1781.1423334266804,3.0,3000.0,1.3383455265533104,7.98,27.94844889808519,1.52,4.58,3649.5764173513126,82.80050318562516,622.0,440.0,642.2222222222222,10.507499999999999,7.543333333333334,11.495555555555555,11.617999999999999,11.515,11.629444444444445,11.055555555555555,419.6666666666667,633.8888888888889,1.3158273173726212,0.88,1.370305732044199,356.0,872.777021178126,2024-08,False,True,440.0,0.4429166666666666,0.5570833333333334,5060937.572906868,2819363.9729068675,1240.5201480790217,0.7601190476190476,68.82287946428572,0.7601190476190476,0.9387148809523809,63.9564259551195,1.1553809523809524,2774.1125505700156,Early,1,0,1448.8959730088707,1448.8959730088707,0.17199496814374834,0.1289145890488062,116.16624999999998,42.48164232508949,4623.299999999999,289.4717797909224,953.2147637244956,0.9,Sulfide Super Grade
2024-09-01,155.36917521541466,3728.8602051699518,48.625,1.44,0.89,1.165,3.72,3.25,3.4850000000000003,365.0,350.0,0.0,0.0,0.0,3049.638702434267,274.0,683.5768074744216,3.4594808126410834,17.801828442437923,78.73869074492099,365.0,350.0,340.0,310.0,255.0,295.0,310.0,305.0,320.0,395.0,340.0,,0.0,0.0,0.0,0.0,0.0,0.0,0.0,0.0,0.0,0.0,11.1875,10.125,8.3125,7.6875,12.0,12.75,10.5625,10.1875,15.75,823.0,779.5,593.0,510.5,360.5,311.5,212.0,176.5,68.0,1101.5,915.25,770.0,675.25,635.5,492.0,409.0,383.75,322.75,0.0,1.08,0.68,0.56,0.4,0.24,0.12,0.04,0.04,0.001,0.001,2.9698326086956524,3.172495081967213,2.682447513812155,2.1611602209944754,1.717613259668508,1.3640491712707181,1.0986574585635358,0.8377337016574586,0.624767955801105,0.4760165745856353,0.0,371.42790418362586,78.6305865083072,71.48235137118836,67.90823380262894,67.90823380262894,64.33411623406953,60.75999866551011,53.61176352839127,50.037645959831856,46.46352839127243,2613.2127,,11.399999999999999,11.545000000000002,11.565,11.510000000000002,11.565000000000001,11.530000000000001,11.190000000000001,11.565000000000001,11.465,11.25,0.0,799.6770534463202,128.39259358110363,105.73507706679122,75.52505504770801,45.3150330286248,22.6575165143124,7.552505504770801,7.552505504770801,0.18881263761927003,0.18881263761927003,932.5643624474545,10036.6725,1173.341274965569,0.0,0.0,0.0,7.98,27.354203265271273,1.165,3.4850000000000003,3728.8602051699518,77.58499041447826,325.90909090909093,357.5,318.8888888888889,7.98,7.98,,11.4585,11.399999999999999,11.465,10.95138888888889,426.05555555555554,633.8888888888889,1.3380495395948435,1.08,1.370305732044199,274.0,657.8391304298648,2024-09,True,False,365.0,0.48625,0.5137499999999999,5374216.349614396,2761003.6496143956,1007.7663321092543,0.7873869074492099,65.45049379232505,0.7873869074492099,0.9654051918735891,54.428299525374065,0.9173057471783296,2936.055705259195,Early,1,0,1177.0454374224373,1177.0454374224373,0.22415009585521734,0.11968630897445377,87.39208333333335,31.867646804041033,2912.7000000000003,313.3020317422168,1010.3307588968654,0.9,Sulfide Super Grade
2024-09-02,136.49629767086677,3275.911144100802,48.5,1.29,1.35,1.32,4.47,3.95,4.21,0.0,355.0,1.311597882976089,0.6121825427944676,3.0,3024.8042144758765,284.0,369.5382352329896,6.827944044086477,15.571242051716828,77.6008139041967,0.0,355.0,405.0,415.0,385.0,400.0,395.0,385.0,345.0,365.0,340.0,,6.37,16.6,11.47,9.58,9.19,9.45,9.14,9.22,9.15,9.21,12.0,9.25,9.6875,8.0,9.5,12.8125,15.0,14.625,16.25,796.0,659.0,481.5,346.0,333.0,221.5,159.5,133.0,108.0,1142.5,977.5,837.0,732.5,692.0,460.5,412.0,380.5,332.0,0.0,1.12,0.64,0.6,0.44,0.28,0.08,0.04,0.003,0.002,0.001,2.9698326086956524,3.172495081967213,2.682447513812155,2.1611602209944754,1.717613259668508,1.3640491712707181,1.0986574585635358,0.8377337016574586,0.624767955801105,0.4760165745856353,0.0,425.9104238869635,64.09602772593973,56.97424686750199,49.852466009064244,46.291575579845365,46.291575579845365,42.73068515062649,39.16979472140762,35.60890429218875,35.60890429218875,2287.2864,,11.57,11.754999999999999,11.765,11.785,11.8,11.805,11.760000000000002,11.72,11.655000000000001,11.774999999999999,0.0,830.3705678485738,120.99685417222074,113.43455078645694,83.18533724340176,52.93612370034658,15.124606771527592,7.562303385763796,0.5671727539322847,0.37811516928818983,0.18905758464409492,842.5346041055718,8969.465624999999,1428.0418640568641,3.0,3000.0,1.311597882976089,19.11,31.136375656488617,1.32,4.21,3275.911144100802,87.78306928215447,379.0,355.0,381.6666666666667,10.771818181818183,12.74,10.334444444444447,11.739,11.57,11.757777777777777,11.902777777777779,359.72222222222223,662.9444444444445,1.3424939840392878,1.12,1.370305732044199,284.0,599.8001055383238,2024-09,False,True,355.0,0.485,0.515,4716054.43298969,2428768.0329896905,862.2126517113402,0.776008139041967,68.26695633743113,0.776008139041967,0.9317205595591352,59.62987605546687,1.0243307435353965,2542.1337106005044,Early,1,0,1007.0424417341125,1007.0424417341125,0.12216930717845532,0.11736296792402899,128.2145580808081,41.10001586656497,3823.9954545454552,268.93735653517774,762.905161123107,0.9,Sulfide Super Grade
2024-09-03,128.3086699340882,2804.613676975945,48.5,4.13,1.0,2.565,7.85,2.5,5.175,0.0,370.0,0.0,0.43739945553390575,0.0,5025.12158171134,320.0,354.5589470103092,7.4637108190091,18.195844287158746,74.34044489383217,0.0,370.0,445.0,405.0,405.0,400.0,395.0,370.0,365.0,395.0,370.0,,6.3,16.17,11.18,9.28,9.06,9.33,9.2,9.2,9.27,9.03,10.625,10.8125,9.625,8.875,12.0,11.3125,10.0625,12.625,18.375,801.0,761.5,633.5,532.5,315.5,249.5,189.0,155.5,150.0,1192.25,964.0,810.0,674.0,625.5,439.75,384.5,350.5,310.0,0.0,1.12,0.4,0.36,0.16,0.08,0.001,0.001,0.001,0.001,0.001,2.9698326086956524,3.172495081967213,2.682447513812155,2.1611602209944754,1.717613259668508,1.3640491712707181,1.0986574585635358,0.8377337016574586,0.624767955801105,0.4760165745856353,0.0,342.1247667288723,39.16979472140762,39.16979472140762,35.60890429218875,32.04801386296987,32.04801386296987,32.04801386296987,28.487123433750995,24.926233004532122,24.926233004532122,1958.2199999999998,,11.454999999999998,11.805,11.95,11.875,11.965,11.93,11.96,12.015,12.05,11.975,0.0,830.3705678485738,75.62303385763796,68.06073047187417,30.249213543055184,15.124606771527592,0.18905758464409492,0.18905758464409492,0.18905758464409492,0.18905758464409492,0.18905758464409492,630.5568914956012,10403.346562499997,3650.141697521699,0.0,0.0,0.0,19.11,36.36864529234585,2.565,5.175,2804.613676975945,92.94427127294378,392.0,370.0,394.44444444444446,10.648181818181818,12.705,10.19111111111111,11.898,11.454999999999998,11.947222222222221,11.590277777777779,420.8888888888889,638.9444444444445,1.3424939840392878,1.12,1.370305732044199,320.0,578.6009072164949,2024-09,False,True,370.0,0.485,0.515,4037567.010309278,2079347.0103092783,769.3583938144329,0.7434044489383216,70.7020412032356,0.7434044489383216,0.925362891809909,69.4397241784005,1.9068324115267947,2084.9622850171822,Early,1,0,898.591030806294,898.591030806294,0.07055728727056226,0.07363005928982796,123.41538510101012,93.2855751748671,3939.827272727273,144.24895029649008,350.3265214585105,0.9,Sulfide Super Grade
2024-09-04,150.06554136438845,3601.572992745323,48.5,1.59,1.73,1.6600000000000001,3.97,4.49,4.23,0.0,665.0,1.1930004278894868,0.640110126253081,3.0,4186.364845134021,276.0,505.60381447422685,8.8761973986228,23.311652639632747,67.81214996174445,0.0,665.0,390.0,345.0,380.0,440.0,445.0,435.0,430.0,430.0,365.0,,7.81,20.15,10.13,9.32,8.8,9.15,9.17,9.21,9.13,8.82,10.25,10.5625,7.75,8.5,11.0,10.375,12.3125,13.25,24.3125,662.5,605.5,425.5,334.0,254.5,192.5,158.0,288.5,128.0,1242.0,950.5,783.0,615.5,559.0,419.0,357.0,320.5,288.0,0.0,1.36,0.92,0.8,0.44,0.04,0.04,0.001,0.001,0.001,0.001,2.9698326086956524,3.172495081967213,2.682447513812155,2.1611602209944754,1.717613259668508,1.3640491712707181,1.0986574585635358,0.8377337016574586,0.624767955801105,0.4760165745856353,0.0,286.2676619568115,124.6311650226606,117.50938416422285,106.82671287656622,96.14404158890962,71.2178085843775,49.852466009064244,46.291575579845365,46.291575579845365,42.73068515062649,2514.668,,12.010000000000002,11.655000000000001,11.71,11.940000000000001,12.05,12.04,12.145,12.125,11.725,12.25,0.0,1008.3071181018396,173.9329778725673,151.24606771527593,83.18533724340176,7.562303385763796,7.562303385763796,0.18905758464409492,0.18905758464409492,0.18905758464409492,0.18905758464409492,987.7630765129298,8414.88046875,2240.306493301686,3.0,3000.0,1.1930004278894868,19.11,28.32095870483797,1.6600000000000001,4.23,3601.572992745323,87.92260509587668,432.5,665.0,406.6666666666667,10.98181818181818,13.459999999999999,10.431111111111111,11.965,12.010000000000002,11.96,12.034722222222221,338.77777777777777,614.9444444444445,1.3691606507059546,1.36,1.370305732044199,276.0,640.8514738144331,2024-09,False,True,665.0,0.485,0.515,5184882.474226804,2670214.4742268045,1775.692625360825,0.6781214996174445,75.66502964804897,0.6781214996174445,0.911238026013772,82.67638889299153,1.125681689364958,2442.304078822146,Early,1,0,2073.9638112052335,2073.9638112052335,0.1207739490412333,0.1588490312240597,132.1631313131313,47.01279145003104,7302.90909090909,400.5999963855639,1249.36826356783,0.9,Sulfide Super Grade
2024-09-05,285.3795454447148,1712.277272668289,48.92857142857143,0.0,1.6,1.6,0.0,5.68,5.68,0.0,420.0,0.0,0.5668832100691459,0.0,1939.8134229897814,245.0,219.20847949489055,4.705965770171149,5.0340505297473515,81.0,0.0,420.0,360.0,340.0,340.0,270.0,360.0,320.0,350.0,300.0,340.0,,8.68,21.54,10.81,10.23,9.64,9.89,9.9,9.82,9.68,9.68,9.4375,6.9375,6.3125,7.1875,10.875,11.25,16.3125,11.9375,16.0,927.0,594.5,393.5,298.0,291.0,169.0,147.0,149.5,132.5,1225.0,973.75,763.5,590.25,548.25,457.5,369.75,344.5,310.75,0.0,1.04,0.72,0.42,0.4,0.2,0.08,0.001,0.001,0.001,0.001,2.9698326086956524,3.172495081967213,2.682447513812155,2.1611602209944754,1.717613259668508,1.3640491712707181,1.0986574585635358,0.8377337016574586,0.624767955801105,0.4760165745856353,0.0,374.7792009176066,97.37187918180081,93.76551328617856,90.1591473905563,86.55278149493404,72.12731791244504,61.30822022557829,54.09548843433378,50.489122538711534,50.489122538711534,1210.8036000000002,,11.82,11.86,11.84,11.86,11.88,11.92,11.92,11.93,11.87,11.88,0.0,767.623781303766,135.51512139170327,79.05048747849358,75.28617855094627,37.64308927547314,15.057235710189255,0.18821544637736567,0.18821544637736567,0.18821544637736567,0.18821544637736567,1031.1377939208567,7361.140781250001,608.6963480538496,0.0,0.0,0.0,19.11,59.56979142814328,1.6,5.68,1712.277272668289,88.69950703006114,340.0,420.0,331.1111111111111,11.725454545454546,13.895,11.243333333333332,11.878,11.82,11.884444444444444,10.694444444444445,344.6666666666667,620.3611111111111,1.333605095150399,1.04,1.370305732044199,245.0,269.2510576071088,2024-09,False,True,420.0,0.4892857142857143,0.5107142857142857,2474635.094890511,1263831.494890511,530.8092278540146,0.8926601878963157,59.95011810882179,0.8926601878963157,0.9481379223625357,50.0,1.4282563006341054,1528.481751950666,Early,1,0,619.9716738696924,619.9716738696924,0.11300492969938856,0.21651566847736597,125.39722222222224,95.31166628502926,4924.690909090909,262.4983593852538,387.4798744193426,0.9,Sulfide Super Grade
2024-09-06,148.81496968936509,3571.559272544762,49.041666666666664,1.82,1.57,1.695,4.24,4.57,4.405,0.0,435.0,0.0,0.4573800012683148,0.0,4300.403197396941,414.0,648.8041101984707,15.643090978302247,15.346440807004187,69.01046821469356,0.0,435.0,435.0,440.0,430.0,440.0,440.0,415.0,415.0,440.0,465.0,,0.0,0.0,0.0,0.0,0.0,0.0,0.0,0.0,0.0,0.0,10.6875,10.8125,8.25,7.8125,11.4375,10.5,9.125,8.5,19.0,863.5,721.0,401.5,288.5,280.0,212.5,135.0,152.5,131.0,1208.0,997.0,744.0,565.0,537.5,496.0,382.5,368.5,333.5,0.0,0.0,0.64,0.48,0.36,0.32,0.04,0.001,0.001,0.001,0.001,2.9698326086956524,3.172495081967213,2.682447513812155,2.1611602209944754,1.717613259668508,1.3640491712707181,1.0986574585635358,0.8377337016574586,0.624767955801105,0.4760165745856353,0.0,319.2728449911813,72.36851153133442,68.7500859547677,68.7500859547677,68.7500859547677,65.13166037820098,61.51323480163426,61.51323480163426,54.27638364850082,50.657958071934104,2534.0042,,11.68,11.645,11.67,11.655000000000001,11.655000000000001,11.675,11.72,11.684999999999999,11.665,11.434999999999999,0.0,0.0,120.31495612957963,90.23621709718472,67.67716282288853,60.157478064789814,7.519684758098727,0.18799211895246817,0.18799211895246817,0.18799211895246817,0.18799211895246817,890.9840860887231,8425.614375000001,3303.0998523909548,0.0,0.0,0.0,19.11,28.558954847562774,1.695,4.405,3571.559272544762,84.91294698619897,435.5,435.0,435.55555555555554,19.11,19.11,,11.648500000000002,11.68,11.645000000000001,10.680555555555555,353.94444444444446,625.7777777777778,1.3703057320441987,,1.370305732044199,414.0,947.8941114494476,2024-09,False,True,435.0,0.49041666666666667,0.5095833333333333,5167043.398470688,2633039.1984706875,1145.372051334749,0.6901046821469357,79.14538922725542,0.6901046821469357,0.8435690902169775,94.75602813834027,1.169727436239056,2464.7497765484436,Early,1,0,1337.7654166646512,1337.7654166646512,0.1508705301380102,0.10115330587218146,204.10541666666666,48.4074284666189,8312.85,256.63565406693766,789.2374774571542,0.9,Sulfide Super Grade
2024-09-07,155.86509417880993,3740.7622602914385,47.73913043478261,1.56,1.59,1.5750000000000002,4.48,4.59,4.535,0.0,295.0,1.1749648362398635,0.5742922734692004,3.0,4024.1920499825137,280.0,628.3457429825137,22.572171602126048,19.869627942293093,57.55820045558086,0.0,295.0,340.0,370.0,375.0,385.0,365.0,375.0,335.0,330.0,325.0,,7.7,16.33,11.19,9.44,9.29,9.28,9.26,9.19,9.21,9.1,11.625,9.6875,6.9375,6.1875,8.0,9.8125,12.1875,6.0,14.875,794.5,557.5,556.5,390.5,347.5,247.0,190.0,125.5,111.5,1118.75,939.75,719.75,564.25,520.75,486.25,384.0,363.5,293.25,0.0,1.16,0.8,0.64,0.52,0.4,0.08,0.001,0.001,0.001,0.001,2.9698326086956524,3.172495081967213,2.682447513812155,2.1611602209944754,1.717613259668508,1.3640491712707181,1.0986574585635358,0.8377337016574586,0.624767955801105,0.4760165745856353,0.0,334.4508910070452,87.02548694571074,78.32293825113966,73.10140903439702,66.13937007874016,66.13937007874016,55.69631164525487,45.25325321176958,48.734272689598015,45.25325321176958,2553.2679,,11.39,11.41,11.425,11.39,11.344999999999999,11.309999999999999,11.295,11.309999999999999,11.34,11.39,0.0,866.755076668048,152.42934106920848,121.94347285536678,99.07907169498552,76.21467053460424,15.242934106920847,0.1905366763365106,0.1905366763365106,0.1905366763365106,0.1905366763365106,900.116556154165,7865.387343750001,2063.854085864949,3.0,3000.0,1.1749648362398635,19.11,27.267169871429708,1.5750000000000002,4.535,3740.7622602914385,84.38579135443489,349.5,295.0,355.55555555555554,10.827272727272726,13.405,10.254444444444443,11.3605,11.39,11.357222222222221,9.479166666666666,368.94444444444446,598.9166666666666,1.3469384284837322,1.16,1.370305732044199,280.0,680.5479087859347,2024-09,False,True,295.0,0.4773913043478261,0.5226086956521738,5348375.382513661,2795107.4825136606,824.5567073415299,0.5755820045558085,90.63373196659074,0.5755820045558085,0.7742782839787395,119.6220761549472,0.9065416571753986,2153.1154403452633,Early,1,0,963.0612567112403,963.0612567112403,0.15614208645565114,0.07330664052210974,102.6335227272727,42.945792547501796,3194.045454545454,187.30039809271048,611.4635822701063,0.9,Sulfide Super Grade
2024-09-08,153.12222650373238,3674.9334360895773,48.375,1.29,1.09,1.19,4.03,2.69,3.3600000000000003,360.0,375.0,0.0,0.49375015172530706,0.0,3044.819969139793,324.0,539.5678631397933,15.402472464868971,17.9730459551842,66.62448157994683,360.0,375.0,355.0,375.0,360.0,395.0,400.0,380.0,355.0,365.0,375.0,,0.0,0.0,0.0,0.0,0.0,0.0,0.0,0.0,0.0,0.0,12.3125,7.75,8.875,8.0,8.9375,12.4375,10.3125,7.9375,16.4375,755.5,656.5,523.5,406.0,301.0,241.5,188.5,132.0,110.5,1118.75,939.75,719.75,564.25,520.75,486.25,384.0,363.5,293.25,0.0,0.76,1.6,0.52,0.32,0.28,0.04,0.001,0.001,0.001,0.001,2.9698326086956524,3.172495081967213,2.682447513812155,2.1611602209944754,1.717613259668508,1.3640491712707181,1.0986574585635358,0.8377337016574586,0.624767955801105,0.4760165745856353,0.0,403.4631515877772,88.69233073696826,81.5969442780108,70.95386458957461,67.40617136009588,67.40617136009588,63.858478130617144,63.858478130617144,42.57231875374476,31.929239065308572,2556.3797,,11.75,11.655,11.620000000000001,11.58,11.489999999999998,11.49,11.4,11.365,11.325,11.36,0.0,564.1941282204914,302.88316357100064,98.43702816057521,60.57663271420012,53.004553624925116,7.572079089275015,0.1893019772318754,0.1893019772318754,0.1893019772318754,0.1893019772318754,981.7371479928103,8360.398125,1418.3083153755347,0.0,0.0,0.0,19.11,27.755604767779452,1.19,3.3600000000000003,3674.9334360895773,82.2791538216222,372.27272727272725,367.5,373.3333333333333,19.11,19.11,,11.503499999999999,11.75,11.476111111111111,10.333333333333334,368.3333333333333,598.9166666666666,1.302493984039288,0.76,1.370305732044199,324.0,768.6198863417595,2024-09,False,True,375.0,0.48375,0.51625,5284505.839793282,2728126.1397932814,1023.0473024224806,0.6662448157994683,80.48624430307635,0.6662448157994683,0.8459752753513103,96.51242217584124,0.7928313308013671,2448.4053502028073,Early,1,0,1194.8932219866676,1194.8932219866676,0.17720846178377805,0.12315999100135404,197.47,33.02916967365755,7166.25,315.1234023243502,1004.10351340465,0.9,Sulfide Super Grade
2024-09-09,136.74643078192693,2687.067364864864,49.95,1.23,1.67,1.45,4.07,0.0,4.07,0.0,305.0,1.5321972091027838,0.5944768640750944,3.0,2847.8886406418915,216.0,383.7665298648649,13.203654320987654,18.390123456790125,68.40622222222223,0.0,305.0,300.0,280.0,310.0,290.0,275.0,270.0,270.0,260.0,255.0,,5.35,15.57,10.16,8.89,8.38,8.38,8.34,8.33,8.45,8.36,13.25,10.0625,7.875,9.5,10.375,8.9375,13.375,10.5625,20.8125,809.0,690.5,474.0,298.0,228.0,175.0,156.0,132.5,89.0,1029.5,882.5,695.5,563.5,504.0,476.5,385.5,358.5,253.0,0.0,0.0,0.0,0.0,0.0,0.0,0.0,0.0,0.0,0.0,0.0,2.9698326086956524,3.172495081967213,2.682447513812155,2.1611602209944754,1.717613259668508,1.3640491712707181,1.0986574585635358,0.8377337016574586,0.624767955801105,0.4760165745856353,0.0,0.0,0.0,0.0,0.0,0.0,0.0,0.0,0.0,0.0,0.0,1957.9724999999999,,11.600000000000001,11.565,11.559999999999999,11.565000000000001,11.48,11.54,11.559999999999999,11.55,11.535,11.585,0.0,0.0,0.0,0.0,0.0,0.0,0.0,0.0,0.0,0.0,0.0,0.0,8542.2609375,2458.439090034948,3.0,3000.0,1.5321972091027838,19.11,37.959599127924996,1.45,4.07,2687.067364864864,86.52452471672603,281.5,305.0,278.8888888888889,9.93818181818182,12.23,9.428888888888888,11.553999999999998,11.600000000000001,11.54888888888889,11.63888888888889,339.1111111111111,572.0555555555555,1.3703057320441987,,1.370305732044199,216.0,368.4945659224441,2024-09,False,True,305.0,0.49950000000000006,0.5005,3919864.864864864,1961892.3648648642,598.3771712837836,0.6840622222222222,77.9983950617284,0.6840622222222222,0.8679634567901234,89.40218850698176,0.9918902222222222,1838.1212728702696,Early,1,0,698.8893128064582,698.8893128064582,0.1347547528327396,0.10709688421358197,115.66939393939396,55.04141873549124,3031.145454545455,210.343376942228,481.9893054575197,0.9,Sulfide Super Grade
2024-09-10,125.75158788629267,2722.521877738236,49.588235294117645,1.71,1.59,1.65,3.39,3.47,3.43,0.0,300.0,0.0,0.541791742676662,0.0,3240.808235655516,245.0,482.91013165551595,10.855512048192772,14.270933734939758,74.87355421686746,0.0,300.0,380.0,340.0,360.0,330.0,340.0,340.0,310.0,290.0,310.0,,0.0,0.0,0.0,0.0,0.0,0.0,0.0,0.0,0.0,0.0,12.0,10.5,9.833333333333334,11.666666666666666,9.916666666666666,11.25,10.083333333333334,12.333333333333334,18.833333333333332,924.0,558.5,433.0,231.0,195.5,163.0605,124.0,94.0,75.0,1108.0,857.0,710.75,582.25,479.75,425.75,327.5,291.5,224.25,0.0,1.92,0.44,0.32,0.04,0.04,0.001,0.001,0.001,0.001,0.001,2.9698326086956524,3.172495081967213,2.682447513812155,2.1611602209944754,1.717613259668508,1.3640491712707181,1.0986574585635358,0.8377337016574586,0.624767955801105,0.4760165745856353,0.0,367.70597738287563,88.24943457189015,80.89531502423264,77.21825525040389,69.86413570274637,69.86413570274637,66.18707592891761,55.155896607431345,51.47883683360259,51.47883683360259,1962.9168,,11.3,11.2,11.19,11.22,11.29,11.38,11.45,11.41,11.47,11.5,0.0,1407.294497766797,82.2387722132472,59.810016155088874,7.476252019386109,7.476252019386109,0.18690630048465273,0.18690630048465273,0.18690630048465273,0.18690630048465273,0.18690630048465273,978.0978998384492,8032.599184375001,1192.963903715439,0.0,0.0,0.0,19.11,37.465263671172984,1.65,3.43,2722.521877738236,85.09908342176753,330.0,300.0,333.3333333333333,19.11,19.11,,11.341,11.3,11.345555555555556,11.824074074074073,310.8956111111111,556.3055555555555,1.4313828729281768,1.92,1.370305732044199,245.0,425.13159617515095,2024-09,False,True,300.0,0.49588235294117644,0.5041176470588236,3958432.4555160147,1995515.6555160147,598.6546966548043,0.7487355421686747,72.48872364457831,0.7487355421686747,0.8914448795180722,72.4514294156756,1.235413644578313,2038.4488941944164,Early,1,0,699.2134553793155,699.2134553793155,0.14900916578232468,0.09256950062622857,225.95805555555552,61.81768505743542,5733.0,181.81707989648547,423.76316227132895,0.9,Sulfide Super Grade
2024-09-11,143.8970689581227,3453.529654994945,50.375,1.46,1.7,1.58,3.14,4.22,3.6799999999999997,0.0,430.0,0.0,0.4858977137208744,0.0,4031.8366478411913,260.0,613.9876511364764,12.830170278637771,17.53671826625387,69.63311145510836,0.0,430.0,380.0,355.0,345.0,350.0,320.0,340.0,320.0,340.0,300.0,,5.93,17.48,10.93,9.12,4.88,9.14,9.14,9.0,9.06,8.97,11.125,11.0,9.6875,7.375,12.625,8.9375,11.75,8.9375,17.8125,709.0,478.5,354.5,228.0,148.0,137.0,82.5,76.5,72.0,1186.5,831.5,726.0,601.0,455.5,375.0,269.5,224.5,195.5,0.0,1.24,0.64,0.4,0.28,0.08,0.001,0.001,0.001,0.001,0.001,2.9698326086956524,3.172495081967213,2.682447513812155,2.1611602209944754,1.717613259668508,1.3640491712707181,1.0986574585635358,0.8377337016574586,0.624767955801105,0.4760165745856353,0.0,442.64695911587233,109.11247542206252,97.82497796460778,90.29997965963794,90.29997965963794,86.53748050715303,86.53748050715303,75.24998304969829,56.43748728727372,52.674988134788805,2547.824,,11.585,11.504999999999999,11.45,11.38,11.3,11.27,11.515,11.25,11.265,11.29,0.0,901.1838090718016,118.60741745203066,74.12963590751916,51.890745135263415,14.825927181503832,0.1853240897687979,0.1853240897687979,0.1853240897687979,0.1853240897687979,0.1853240897687979,1187.6217913078858,6195.320625,2253.4716446783773,0.0,0.0,0.0,19.11,29.535000474796647,1.58,3.6799999999999997,3453.529654994945,84.77151470248106,348.0,430.0,338.8888888888889,10.250909090909092,12.52,9.746666666666666,11.381,11.585,11.358333333333333,11.027777777777779,254.0,540.5555555555555,1.3558273173726212,1.24,1.370305732044199,260.0,567.4536482468443,2024-09,False,True,430.0,0.50375,0.49624999999999997,5057715.136476426,2509891.1364764264,1079.2531886848633,0.6963311145510837,76.9981617647059,0.6963311145510837,0.8716982972136224,86.9470800761251,1.1002031609907121,2404.8001537978494,Early,1,0,1260.5402672128716,1260.5402672128716,0.15228485297518943,0.10665114625371527,113.0447474747475,46.6653007501787,4407.890909090909,272.15017626470717,797.805246304056,0.9,Sulfide Super Grade
2024-09-12,127.16521222235185,2214.7941128726284,47.833333333333336,1.11,1.39,1.55,3.99,4.11,4.050000000000001,0.0,360.0,0.0,0.45779618112491505,0.0,2353.5757413318292,268.0,335.16950205731706,11.774789915966387,19.198487394957983,69.02672268907563,0.0,360.0,370.0,330.0,365.0,370.0,345.0,330.0,320.0,355.0,335.0,,7.48,18.77,11.27,9.56,9.3,9.47,9.46,9.41,9.1,9.43,14.25,11.1875,12.75,13.6875,9.3125,9.8125,8.9375,8.25,15.6875,760.5,440.0,196.5,179.0,130.5,90.0,81.0,71.5,64.5,1043.5,752.0,637.75,499.0,411.0,349.5,297.5,230.25,217.75,0.0,0.88,0.6,0.36,0.24,0.16,0.04,0.001,0.001,0.001,0.001,2.9698326086956524,3.172495081967213,2.682447513812155,2.1611602209944754,1.717613259668508,1.3640491712707181,1.0986574585635358,0.8377337016574586,0.624767955801105,0.4760165745856353,0.0,287.4816712304567,66.32612843388394,48.87188410917764,45.38103524423638,41.89018637929512,38.39933751435386,34.908488649412604,34.908488649412604,31.41763978447134,27.92679091953008,1515.98265,,11.530000000000001,11.545,11.585,11.44,11.43,11.47,11.71,11.665,11.64,11.61,0.0,656.9101669463829,114.21279038954155,68.52767423372494,45.68511615581662,30.45674410387775,7.614186025969437,0.19035465064923593,0.19035465064923593,0.19035465064923593,0.19035465064923593,657.5116509142301,6410.476874999999,1092.6276846842052,0.0,0.0,0.0,19.11,46.05394217329941,1.55,4.050000000000001,2214.7941128726284,85.7591367819056,348.0,360.0,346.6666666666667,11.123636363636365,13.295,10.641111111111112,11.5625,11.530000000000001,11.56611111111111,11.541666666666666,223.72222222222223,493.1388888888889,1.3158273173726212,0.88,1.370305732044199,268.0,385.2952237921528,2024-09,False,True,360.0,0.47833333333333333,0.5216666666666667,3169301.707317073,1653319.0573170732,595.1948606341464,0.6902672268907563,76.7175420168067,0.6902672268907563,0.882252100840336,85.72311806777499,1.0699142016806722,1528.7997904265617,Early,1,0,695.1724549285249,695.1724549285249,0.142408632180944,0.15295874854500544,128.38530303030305,71.38361036861409,4004.5090909090914,232.2565660866704,448.4954644992773,0.9,Sulfide Super Grade
2024-09-13,145.65734689473183,3495.776325473564,49.125,1.82,1.17,1.495,5.06,3.71,4.385,0.0,370.0,1.2065935996483828,0.5226685378107402,3.0,3719.6508182513994,215.2,562.0010502513994,9.659340659340659,16.91065934065934,73.43,0.0,370.0,315.0,315.0,320.0,280.0,315.0,270.0,285.0,250.0,260.0,,0.0,0.0,0.0,0.0,0.0,0.0,0.0,0.0,0.0,0.0,14.25,10.3125,11.0,12.3125,12.1875,10.1875,14.1875,13.625,21.6875,629.5,441.5,245.5,141.5,112.0,105.0,94.0,78.0,69.0,900.5,672.5,549.5,397.0,366.5,324.0,325.5,236.0,240.0,0.0,1.36,1.56,0.36,0.24,0.16,0.04,0.001,0.001,0.001,0.001,2.9698326086956524,3.172495081967213,2.682447513812155,2.1611602209944754,1.717613259668508,1.3640491712707181,1.0986574585635358,0.8377337016574586,0.624767955801105,0.4760165745856353,0.0,312.9459079026745,65.29189623969435,61.664568670822455,54.40991353307863,50.782585964206724,47.15525839533481,43.52793082646291,36.27327568871909,29.01862055097527,25.391292982103362,2486.3383999999996,,11.629999999999999,11.64,11.655000000000001,11.655000000000001,11.61,11.64,11.64,11.594999999999999,11.61,11.6,0.0,1001.745425296602,293.010536899256,67.61781620752062,45.07854413834708,30.052362758898052,7.513090689724513,0.18782726724311283,0.18782726724311283,0.18782726724311283,0.18782726724311283,726.4612507540721,6194.8584375,1712.2679429747973,3.0,3000.0,1.2065935996483828,19.11,29.178068189526485,1.495,4.385,3495.776325473564,84.89102666589562,298.0,370.0,290.0,19.11,19.11,,11.6275,11.629999999999999,11.627222222222223,13.305555555555555,212.88888888888889,445.72222222222223,1.3691606507059546,1.36,1.370305732044199,215.2,481.844074870583,2024-09,False,True,370.0,0.49125,0.50875,5061248.6513994895,2574910.2513994905,952.7167930178115,0.7343000000000001,72.64333791208792,0.7343000000000001,0.9034065934065935,74.28202187319266,1.0977785000000002,2566.9485557952385,Early,1,0,1112.7489762733796,1112.7489762733796,0.15108973334104384,0.0994717026083476,254.26916666666665,43.6212119433421,7070.7,247.48998334459299,744.3087178503017,0.9,Sulfide Super Grade
2024-09-14,141.1590521831464,3387.8172523955136,49.958333333333336,1.52,1.6600000000000001,1.59,3.1,3.83,3.465,0.0,270.0,1.2149755947852277,0.5775142469756842,3.0,3929.7147422119265,366.0,496.31038414128443,11.244830404577032,17.461847159787496,71.29332243563547,0.0,270.0,290.0,345.0,365.0,415.0,410.0,410.0,415.0,370.0,395.0,,5.99,14.98,9.05,8.85,8.71,8.85,9.1,9.14,9.34,9.84,12.6875,10.6875,11.3125,12.1875,13.0625,13.125,11.4375,13.5,20.9375,593.5,372.5,280.0,153.5,129.5,89.0,75.0,68.0,61.5,922.75,725.5,611.25,438.75,368.0,327.75,270.25,215.0,209.75,0.0,0.84,0.841,0.56,0.363,0.164,0.04,0.002,0.001,0.001,0.001,2.9698326086956524,3.172495081967213,2.682447513812155,2.1611602209944754,1.717613259668508,1.3640491712707181,1.0986574585635358,0.8377337016574586,0.624767955801105,0.4760165745856353,0.0,473.7476641826329,107.795814665556,85.49323232095821,74.34194114865932,74.34194114865932,63.190649976360426,66.90774703379338,59.47355291892745,52.03935880406153,44.60516468919559,2469.1854,,11.1,11.16,11.195,11.21,11.24,11.23,11.24,11.254999999999999,11.26,11.254999999999999,0.0,613.2489812459193,156.56465508701623,104.25232681180631,67.5778475583673,30.531038566314702,7.446594772271879,0.3723297386135939,0.18616486930679696,0.18616486930679696,0.18616486930679696,1101.937066888804,5730.51140625,2452.0816582060916,3.0,3000.0,1.2149755947852277,19.11,30.10788138819358,1.59,3.465,3387.8172523955136,87.37032032350712,368.5,270.0,379.44444444444446,10.26909090909091,12.55,9.762222222222224,11.2145,11.1,11.227222222222222,13.215277777777779,202.5,454.3333333333333,1.3113828729281767,0.84,1.370305732044199,366.0,787.1559267044273,2024-09,False,True,270.0,0.4995833333333334,0.5004166666666666,4942489.541284403,2473304.141284403,667.7921181467889,0.7129332243563548,74.96969248058848,0.7129332243563548,0.8875516959542297,81.16321788830761,1.1335638267266042,2415.28747728042,Early,1,0,779.9642047638167,779.9642047638167,0.12629679676492886,0.06870727717198744,135.7088888888889,47.87153140722779,2772.6545454545458,169.81025276570585,490.54043984869065,0.9,Sulfide Super Grade
2024-09-15,150.22030830708286,3605.2873993699886,48.5,1.4,1.5999999999999999,1.4999999999999998,3.48,3.66,3.5700000000000003,0.0,390.0,0.0,0.5343573409092697,0.0,3779.901627515721,210.0,494.87543526572165,11.18771450557907,18.500238553289726,70.31204694113121,0.0,390.0,410.0,395.0,415.0,375.0,370.0,325.0,305.0,290.0,350.0,,9.02,22.0,10.42,9.07,9.47,9.68,8.94,9.04,9.2,8.34,12.6875,11.375,7.6875,11.875,9.3125,11.9375,11.75,20.625,24.0,590.5,360.5,316.0,194.5,164.5,104.5,91.5,81.5,55.5,922.75,725.5,611.25,438.75,368.0,327.75,270.25,215.0,209.75,0.0,0.68,0.6,0.482,0.4,0.28,0.08,0.004,0.001,0.001,0.001,2.9698326086956524,3.172495081967213,2.682447513812155,2.1611602209944754,1.717613259668508,1.3640491712707181,1.0986574585635358,0.8377337016574586,0.624767955801105,0.4760165745856353,0.0,397.98187150093304,89.02226073047186,78.33958944281524,64.09602772593973,71.2178085843775,56.97424686750199,53.41335643828311,53.41335643828311,49.852466009064244,42.73068515062649,2517.26145,,11.55,11.55,11.52,11.495000000000001,11.475,11.44,11.385,11.34,11.32,11.33,0.0,504.1535590509198,113.43455078645694,91.12575579845374,75.62303385763796,52.93612370034658,15.124606771527592,0.7562303385763797,0.18905758464409492,0.18905758464409492,0.18905758464409492,957.0416688882964,5915.75296875,2431.825835136489,0.0,0.0,0.0,19.11,28.291780571452957,1.4999999999999998,3.5700000000000003,3605.2873993699886,86.90771654840736,362.5,390.0,359.44444444444446,11.299090909090909,14.065,10.684444444444445,11.440500000000002,11.55,11.428333333333335,13.472222222222221,217.66666666666666,454.3333333333333,1.2936050951503988,0.68,1.370305732044199,210.0,488.1072627835052,2024-09,False,True,390.0,0.485,0.515,5190229.793814434,2672968.3438144336,1042.4576540876292,0.7031204694113121,75.54729222777992,0.7031204694113121,0.8881228549442093,82.72914910989783,1.0546807041169681,2534.9513686077153,Early,1,0,1217.5640189147707,1217.5640189147707,0.1309228345159264,0.10317728830851114,152.22386363636363,42.43767085717943,4406.645454545454,259.9982666782222,811.7039345836166,0.9,Sulfide Super Grade
2024-09-16,146.03314475308642,3504.795474074074,48.5,1.41,1.76,1.585,3.81,4.93,4.37,0.0,295.0,0.0,0.4981675694722283,0.0,3882.5458060999995,308.0,472.44101059999997,8.025971451229184,16.409698651863597,75.56432989690721,0.0,295.0,345.0,340.0,360.0,340.0,335.0,335.0,335.0,340.0,330.0,,4.56,16.21,10.24,10.14,7.06,8.17,8.39,8.44,8.55,8.52,9.8125,8.1875,10.125,10.5625,7.9375,11.5,12.6875,16.875,19.875,602.0,475.0,305.5,199.5,156.0,107.0,77.5,60.5,57.5,945.0,778.5,673.0,480.5,369.5,331.5,215.0,194.0,179.5,0.0,0.92,0.92,0.684,0.563,0.4,0.321,0.08,0.001,0.001,0.001,2.9698326086956524,3.172495081967213,2.682447513812155,2.1611602209944754,1.717613259668508,1.3640491712707181,1.0986574585635358,0.8377337016574586,0.624767955801105,0.4760165745856353,0.0,509.69608104505465,89.02226073047186,83.68092508664354,76.5591442282058,71.2178085843775,65.87647294054918,53.41335643828311,58.754692082111426,58.754692082111426,51.63291122367367,2447.0966,,11.844999999999999,11.86,11.825,11.780000000000001,11.75,11.670000000000002,11.655000000000001,11.645,11.625,11.620000000000001,0.0,682.0901093041856,173.9329778725673,129.31538789656094,106.43942015462542,75.62303385763796,60.687484670754465,15.124606771527592,0.18905758464409492,0.18905758464409492,0.18905758464409492,1118.6083444414824,5256.155625000001,2165.497046342642,0.0,0.0,0.0,19.11,29.102982115367865,1.585,4.37,3504.795474074074,87.83166936864643,335.5,295.0,340.0,9.944545454545455,11.834999999999999,9.524444444444446,11.727500000000001,11.844999999999999,11.714444444444446,11.95138888888889,226.72222222222223,462.94444444444446,1.3202717618170656,0.92,1.370305732044199,308.0,695.9362845217391,2024-09,False,True,295.0,0.485,0.515,5045559.999999999,2598463.3999999994,766.5467029999999,0.7556432989690722,70.28852597145122,0.7556432989690722,0.9197402854877081,66.89423963991044,1.1976946288659795,2648.375214241207,Early,1,0,895.3070474669775,895.3070474669775,0.12168330631353579,0.07598107394805632,118.85113005050506,46.12822665285807,2933.640909090909,186.11869956656423,564.8589267367256,0.9,Sulfide Super Grade
2024-09-17,148.07999545490455,3553.9198909177094,48.833333333333336,1.88,1.69,1.785,4.68,3.83,4.255,0.0,520.0,1.197116409934079,0.5435001717751704,3.0,4477.187826169709,334.0,542.7333646697099,11.010224719101123,16.526369624176674,72.4634056567222,0.0,520.0,455.0,415.0,415.0,425.0,400.0,405.0,415.0,410.0,370.0,,5.77,16.67,10.79,9.79,8.51,8.64,8.94,9.05,8.98,9.0,11.9375,10.125,12.8125,13.375,16.5625,12.75,14.5625,12.5,12.4375,571.5,415.5,226.0,171.5,133.0,100.0,77.0,71.0,70.5,935.0,770.0,650.5,448.25,354.0,312.0,218.0,202.25,180.75,0.0,1.08,0.882,0.48,0.4,0.321,0.162,0.008,0.001,0.001,0.001,2.9698326086956524,3.172495081967213,2.682447513812155,2.1611602209944754,1.717613259668508,1.3640491712707181,1.0986574585635358,0.8377337016574586,0.624767955801105,0.4760165745856353,0.0,352.57153043943316,120.47369195115431,124.0699215616365,107.88688831446653,89.90574026205545,82.71328104109101,61.13590337819771,59.3377885729566,53.943444157233266,46.750984936268836,2506.02195,,11.725,11.775,11.795,11.754999999999999,11.75,11.73,11.66,11.690000000000001,11.68,11.73,0.0,797.9427756484536,166.17158302879045,90.4335145734914,75.36126214457617,60.47741287102237,30.521311168553346,1.5072252428915234,0.18840315536144042,0.18840315536144042,0.18840315536144042,1098.7891746144935,5758.441875,2711.9481526870027,3.0,3000.0,1.197116409934079,19.11,28.700703203994024,1.785,4.255,3553.9198909177094,87.877806655835,423.0,520.0,412.22222222222223,10.477272727272727,12.44,10.041111111111112,11.729000000000001,11.725,11.729444444444447,13.006944444444445,204.0,452.30555555555554,1.3380495395948435,1.08,1.370305732044199,334.0,762.6130841641194,2024-09,False,True,520.0,0.48833333333333334,0.5116666666666667,5131785.563139931,2625763.6131399316,1365.3970788327645,0.7246340565672221,74.09176191398683,0.7246340565672221,0.8898977528089889,78.50215486925663,1.2934717909724915,2575.2913872706395,Early,1,0,1594.7490511478966,1594.7490511478966,0.12122193344164994,0.11614433438787994,136.27730429292927,51.23075521912933,5448.181818181818,291.31489459442804,893.4118302686801,0.9,Sulfide Super Grade
2024-09-18,149.30737810422605,3583.3770745014253,48.75,1.46,1.58,1.52,3.77,4.69,4.23,0.0,410.0,0.0,0.5102163027758237,0.0,3835.243959917308,314.0,465.9955680223078,13.382051086542129,20.158936332443766,66.45901258101411,0.0,410.0,445.0,425.0,400.0,405.0,425.0,400.0,415.0,395.0,385.0,,0.0,0.0,0.0,0.0,0.0,0.0,0.0,0.0,0.0,0.0,12.125,12.5,9.8125,12.375,13.5,14.0,11.125,11.1875,12.0,566.5,374.0,236.5,152.0,112.0,101.0,79.5,66.5,56.0,925.0,761.5,628.0,416.0,338.5,292.5,221.0,210.5,182.0,0.0,1.2,0.766,0.641,0.44,0.283,0.08,0.04,0.001,0.001,0.001,2.9698326086956524,3.172495081967213,2.682447513812155,2.1611602209944754,1.717613259668508,1.3640491712707181,1.0986574585635358,0.8377337016574586,0.624767955801105,0.4760165745856353,0.0,436.11222444889773,89.68436873747494,77.12855711422844,66.36643286573145,71.74749498997996,59.191683366733464,59.191683366733464,48.42955911823647,52.01693386773546,48.42955911823647,2520.5718500000003,,11.870000000000001,11.795,11.704999999999998,11.67,11.629999999999999,11.615,11.605,11.585,11.600000000000001,11.555,0.0,887.3747494989979,144.4424248496994,120.87153306613224,82.9695390781563,53.36449899799598,15.085370741482963,7.542685370741482,0.18856713426853705,0.18856713426853705,0.18856713426853705,1008.298496993988,5347.828125,2057.5107153500057,0.0,0.0,0.0,19.11,28.46476881425933,1.52,4.23,3583.3770745014253,87.84964990773742,410.5,410.0,410.55555555555554,19.11,19.11,,11.663,11.870000000000001,11.639999999999999,12.069444444444445,193.77777777777777,441.6666666666667,1.3513828729281767,1.2,1.370305732044199,314.0,723.5193310345599,2024-09,False,True,410.0,0.4875,0.5125,5170403.794871795,2649831.944871795,1086.431097397436,0.6645901258101411,79.32689906595502,0.6645901258101411,0.8661794891345787,91.98196272511491,1.0101769912314145,2381.4770207680776,Early,1,0,1268.9238819767081,1268.9238819767081,0.12150350092262584,0.10690323856447453,230.64708333333334,43.266448597674184,7835.099999999999,269.73506753245044,834.8128512159184,0.9,Sulfide Super Grade
2024-09-19,141.93677996942526,3406.4827192662065,50.65,2.0,1.7,1.85,5.43,5.04,5.234999999999999,0.0,315.0,0.0,0.4806341904974548,0.0,4690.2303058289,278.0,566.0857120288994,11.203386545039908,18.69327251995439,70.1033409350057,0.0,315.0,340.0,345.0,340.0,355.0,320.0,300.0,335.0,335.0,325.0,,0.0,0.0,0.0,0.0,0.0,0.0,0.0,0.0,0.0,0.0,12.1875,10.25,12.0625,14.625,13.5625,12.4375,15.5625,11.5,11.8125,652.5,503.0,284.0,215.0,136.0,101.5,84.0,70.0,64.0,991.25,772.75,666.75,455.25,367.25,287.75,216.0,193.75,175.5,0.0,0.88,0.921,0.64,0.523,0.4,0.121,0.008,0.001,0.001,0.001,2.9698326086956524,3.172495081967213,2.682447513812155,2.1611602209944754,1.717613259668508,1.3640491712707181,1.0986574585635358,0.8377337016574586,0.624767955801105,0.4760165745856353,0.0,617.236194567552,127.05398053236901,100.50538758530682,108.090699855896,81.54210690883383,75.85312270589195,62.57882623236085,62.57882623236085,54.993513961771654,54.993513961771654,2533.25835,,11.405000000000001,11.495000000000001,11.535,11.48,11.55,11.55,11.55,11.525,11.56,11.52,0.0,637.622556350091,170.16914258136435,118.25000135947143,96.63242298594307,73.90625084966965,22.356640882025065,1.4781250169933928,0.1847656271241741,0.1847656271241741,0.1847656271241741,1345.4261725441147,6541.610624999999,3003.6190891859087,0.0,0.0,0.0,20.05,29.94290839143664,1.85,5.234999999999999,3406.4827192662065,87.9305348540053,331.0,315.0,332.77777777777777,20.05,20.05,,11.517,11.405000000000001,11.529444444444444,12.666666666666666,234.44444444444446,458.47222222222223,1.3158273173726212,0.88,1.370305732044199,278.0,596.6699219907293,2024-09,False,True,315.0,0.5065,0.49350000000000005,5001497.235932874,2468238.8859328735,777.4952490688552,0.7010334093500571,75.68752850627138,0.7010334093500571,0.8879661345496009,83.0889730999146,1.2969118072976056,2388.058194579242,Early,1,0,908.0946707345489,908.0946707345489,0.12069465145994693,0.06716088112102427,253.96666666666667,55.39438052415778,6315.75,170.26934989540595,490.8593308871567,0.9,Sulfide Super Grade
2024-09-20,147.2494940720118,3533.987857728283,49.05555555555556,1.76,2.01,1.9849999999999999,4.94,4.16,4.550000000000001,390.0,420.0,1.1959934697161896,0.5194732406709448,3.0,4983.031616675481,250.0,593.3755416754811,12.092127335112467,18.821601219977126,69.0862714449104,390.0,420.0,480.0,490.0,450.0,445.0,420.0,370.0,375.0,360.0,345.0,20.05,11.85,10.12,8.05,8.01,8.98,8.82,8.56,7.89,7.97,8.09,12.0625,9.125,11.6875,11.3125,11.3125,12.25,13.625,16.625,14.0625,769.5,462.5,327.0,194.0,152.0,107.5,79.0,66.5,59.0,1057.5,784.0,705.5,494.5,396.0,283.0,211.0,177.0,169.0,1.2,1.32,0.84,0.562,0.485,0.4,0.16,0.04,0.001,0.001,0.001,2.9698326086956524,3.172495081967213,2.682447513812155,2.1611602209944754,1.717613259668508,1.3640491712707181,1.0986574585635358,0.8377337016574586,0.624767955801105,0.4760165745856353,390.3822680044063,369.08868974962047,114.02711155437794,95.92757003781001,85.06784512786926,72.39816606627171,59.728487004674164,54.29862454970378,59.728487004674164,54.29862454970378,41.62894548810623,2508.3749,11.84,11.765,11.625,11.605,11.54,11.565,11.48,11.370000000000001,11.425,11.465,11.475,884.5395814105809,972.9935395516391,157.8903152817887,105.63613950995864,91.162860609128,75.18586441989939,30.074345767959755,7.518586441989939,0.18796466104974846,0.18796466104974846,0.18796466104974846,1396.574819137218,6519.54515625,2064.5531789546235,3.0,3000.0,1.1959934697161896,20.05,28.862577944896394,1.9849999999999999,4.550000000000001,3533.987857728283,88.09207752786922,413.1818181818182,405.0,415.0,10.703333333333333,17.316666666666666,8.49888888888889,11.559545454545454,11.8025,11.505555555555553,12.45138888888889,246.33333333333334,475.27777777777777,1.3482445856353589,1.26,1.370305732044199,250.0,566.2956776059874,2024-09,False,True,420.0,0.4905555555555556,0.5094444444444444,5113335.016987542,2604960.116987542,1094.0832491347676,0.6908627144491041,76.87865993137629,0.6908627144491041,0.8790787266488753,86.24070166618527,1.3713624881814714,2441.500444220336,Early,1,0,1277.8614005282943,1277.8614005282943,0.11907922472130776,0.0842860395656511,133.27136574074075,57.292217220619335,4495.4,211.58583583961794,643.7556488522952,0.9,Sulfide Super Grade
2024-09-21,144.8502071969697,3476.4049727272727,49.5,2.33,2.67,2.5,5.9,5.73,5.815,415.0,420.0,0.0,0.49280678022623425,0.0,6253.778978959091,424.0,691.320586459091,10.960472741136103,24.859207014868474,64.18032024399542,415.0,420.0,405.0,405.0,440.0,425.0,460.0,445.0,435.0,465.0,465.0,,0.0,0.0,0.0,0.0,0.0,0.0,0.0,0.0,0.0,0.0,11.625,9.625,11.25,11.125,11.4375,11.3125,12.6875,15.125,18.875,764.5,500.5,297.0,202.0,163.5,111.0,85.5,73.0,64.5,1186.0,889.25,760.0,570.75,424.5,322.25,225.5,207.25,187.75,1.56,1.6,0.888,0.683,0.44,0.241,0.08,0.02,0.001,0.001,0.001,2.9698326086956524,3.172495081967213,2.682447513812155,2.1611602209944754,1.717613259668508,1.3640491712707181,1.0986574585635358,0.8377337016574586,0.624767955801105,0.4760165745856353,489.00726392251823,417.0944309927361,84.3537530266344,89.85508474576271,78.85242130750605,60.51464891041163,60.51464891041163,47.67820823244553,53.17953995157385,47.67820823244553,47.67820823244553,2499.9813,11.445,11.66,11.684999999999999,11.620000000000001,11.59,11.575,11.575,11.54,11.469999999999999,11.205,11.49,1144.503631961259,1173.8498789346247,166.12910411622278,127.77722760290558,82.31622276029056,45.0868401937046,14.966585956416466,3.7416464891041166,0.1870823244552058,0.1870823244552058,0.1870823244552058,1476.406416464891,6585.4228125,2803.946580256108,0.0,0.0,0.0,20.05,29.340655303452756,2.5,5.815,3476.4049727272727,88.94555453934258,434.54545454545456,417.5,438.3333333333333,20.05,20.05,,11.532272727272726,11.5525,11.527777777777777,12.5625,251.27777777777777,530.3611111111111,1.412244585635359,1.58,1.370305732044199,424.0,940.3530890750989,2024-09,False,True,420.0,0.495,0.505,5050467.2727272725,2550485.9727272727,1071.2041085454546,0.6418032024399543,79.23759531071293,0.6418032024399543,0.890395272588639,89.77319084067804,1.6045080060998855,2231.1678444745453,Early,1,0,1251.139146385875,1251.139146385875,0.11054445460657418,0.06715939297072933,251.878125,73.3516382586319,8421.0,167.99932800268797,500.453656739723,0.9,Sulfide Super Grade
2024-09-22,146.35209144199922,3512.4501946079813,49.541666666666664,2.31,1.8,2.055,5.72,4.16,4.9399999999999995,255.0,315.0,0.0,0.46847896707508635,0.0,5200.943266958579,270.0,577.9449769585788,13.658218262806235,18.05153674832962,75.29175946547885,255.0,315.0,305.0,320.0,325.0,325.0,325.0,335.0,310.0,325.0,325.0,,0.0,0.0,0.0,0.0,0.0,0.0,0.0,0.0,0.0,0.0,12.0,12.875,10.1875,8.375,10.375,11.4375,11.5,14.5,15.9375,830.0,561.0,309.0,239.5,214.5,125.5,103.5,72.5,69.5,1186.0,889.25,760.0,570.75,424.5,322.25,225.5,207.25,187.75,1.2,1.24,0.685,0.52,0.44,0.286,0.08,0.04,0.002,0.001,0.001,2.9698326086956524,3.172495081967213,2.682447513812155,2.1611602209944754,1.717613259668508,1.3640491712707181,1.0986574585635358,0.8377337016574586,0.624767955801105,0.4760165745856353,396.0044407562742,417.6046829793437,126.68542063830262,115.66929710453718,123.01337946038082,86.29296768116265,67.93276179155359,60.588679435709956,49.57255590194451,49.57255590194451,42.22847354610088,2528.9925000000003,11.89,11.91,11.855,11.795,11.805,11.79,11.76,11.77,11.725,11.73,11.7,879.9964115100814,909.3296252270841,128.09447765043623,97.239603471864,82.27966447619262,53.481781909525196,14.959938995671385,7.479969497835692,0.3739984748917846,0.1869992374458923,0.1869992374458923,1535.1652151972546,7483.389375000002,2449.815294126536,0.0,0.0,0.0,19.11,29.03955767304027,2.055,4.9399999999999995,3512.4501946079813,88.8876892653253,315.0,285.0,321.6666666666667,19.11,19.11,,11.793636363636363,11.9,11.77,11.909722222222221,280.55555555555554,530.3611111111111,1.340244585635359,1.22,1.370305732044199,270.0,604.7498282992652,2024-09,False,True,315.0,0.4954166666666666,0.5045833333333334,5104778.805719093,2575786.305719093,811.3726863015142,0.703651343943678,76.49960931385772,0.703651343943678,0.8723549070345986,85.69450990359202,1.4460035118042585,2471.5402999711396,Early,1,0,947.6626555498458,947.6626555498458,0.11112310734674691,0.060565936567926935,227.59479166666665,59.676291018097764,6019.65,153.28392562566603,461.14746670324996,0.9,Sulfide Super Grade
2024-09-23,139.51605756921967,3348.385381661272,51.5,2.74,2.2,2.47,6.13,5.16,5.645,250.0,365.0,1.1755976032856545,0.5020312299775825,3.0,6306.782051405825,260.0,692.6161314058251,16.04001497005988,18.254270209580838,65.70571482035929,250.0,365.0,325.0,295.0,315.0,300.0,290.0,260.0,235.0,265.0,275.0,,0.0,0.0,0.0,0.0,0.0,0.0,0.0,0.0,0.0,0.0,11.9375,11.0,11.625,10.6875,11.9375,11.625,13.25,11.625,16.625,930.5,600.0,360.0,261.0,156.0,112.5,87.0,87.0,79.5,1314.5,994.5,814.5,647.0,453.0,361.5,240.0,237.5,206.5,1.12,0.84,0.888,0.683,0.521,0.44,0.16,0.08,0.002,0.001,0.001,2.9698326086956524,3.172495081967213,2.682447513812155,2.1611602209944754,1.717613259668508,1.3640491712707181,1.0986574585635358,0.8377337016574586,0.624767955801105,0.4760165745856353,396.3058372156755,518.2460948204988,122.43563990134284,116.60537133461222,122.43563990134284,110.7751027678816,91.34087421211291,77.73691422307482,64.13295423403673,58.30268566730611,58.30268566730611,2551.8935999999994,11.695,11.715,11.64,11.605,11.58,11.575,11.56,11.57,11.545,11.535,11.535,803.8585913949026,602.893943546177,162.52298163880513,125.00359961633325,95.35413674979446,80.52940531652507,29.283420115100025,14.641710057550013,0.3660427514387503,0.18302137571937516,0.18302137571937516,1736.6197999451908,7991.229843749999,3699.739874284369,3.0,3000.0,1.1755976032856545,19.11,30.462443349156423,2.47,5.645,3348.385381661272,89.01791554297589,288.6363636363636,307.5,284.44444444444446,19.11,19.11,,11.59590909090909,11.705,11.571666666666667,12.256944444444445,297.05555555555554,585.4444444444445,1.292244585635359,0.98,1.370305732044199,260.0,543.3411278345292,2024-09,False,True,365.0,0.515,0.485,4955133.203883494,2403239.6038834946,877.1824554174756,0.657057148203593,81.45893759356288,0.657057148203593,0.8395998502994013,98.94157988625824,1.6229311560628747,2200.0805499609546,Early,1,0,1024.5267916176188,1024.5267916176188,0.10982084457024105,0.05787420542281765,234.23020833333334,75.24223507241638,6975.15,147.7726810822628,414.78649544642275,0.9,Sulfide Super Grade
2024-09-24,139.83362294534072,3356.0069506881773,50.791666666666664,2.82,2.13,2.4749999999999996,5.25,4.4,4.825,435.0,375.0,1.197134538768005,0.5329780264929609,3.0,6204.738264728465,330.0,742.9070770926988,14.843921875000001,19.183421875,65.97265625,435.0,375.0,385.0,375.0,395.0,355.0,350.0,380.0,330.0,365.0,360.0,,0.0,0.0,0.0,0.0,0.0,0.0,0.0,0.0,0.0,0.0,12.8125,9.6875,12.5,11.0,10.875,9.625,10.375,15.75,23.25,1020.0,554.0,358.0,195.5,174.5,111.5,88.0,83.0,74.5,993.0,878.5,687.0,419.0,346.5,301.5,233.5,237.5,206.5,1.08,0.96,0.844,0.721,0.6,0.526,0.323,0.08,0.001,0.001,0.001,2.9698326086956524,3.172495081967213,2.682447513812155,2.1611602209944754,1.717613259668508,1.3640491712707181,1.0986574585635358,0.8377337016574586,0.624767955801105,0.4760165745856353,425.6281053610727,462.9639040769563,114.24754407060371,125.67229847766409,108.53516686707351,95.20628672550309,76.16502938040247,62.83614923883204,57.123772035301855,51.41139483177167,51.41139483177167,2505.984,11.71,11.64,11.629999999999999,11.58,11.465,11.504999999999999,11.465,11.434999999999999,11.46,11.46,11.47,781.3136102729317,694.5009869092725,155.6984400027225,133.00779057104612,110.68609478866529,97.03480976472991,59.586014361231484,14.758145971822039,0.18447682464777548,0.18447682464777548,0.18447682464777548,1631.2010458969535,8156.015625,3416.1950655073388,3.0,3000.0,1.197134538768005,19.11,30.393262439186557,2.4749999999999996,4.825,3356.0069506881773,88.02677815894607,373.1818181818182,405.0,366.1111111111111,19.11,19.11,,11.529090909090911,11.675,11.496666666666666,12.875,295.44444444444446,478.1111111111111,1.300244585635359,1.02,1.370305732044199,330.0,696.691617733709,2024-09,True,False,435.0,0.5079166666666667,0.4920833333333333,4933848.728465956,2427864.7284659557,1056.1211568826907,0.6597265625,80.544541015625,0.6597265625,0.8515607812499999,95.70138685828181,1.6328232421874995,2214.046929303618,Early,1,0,1233.522642567612,1233.522642567612,0.11973221841053924,0.07010771146831553,246.04125,75.22332453698672,8312.85,175.75686562882575,498.3909731951031,0.9,Sulfide Super Grade
2024-09-25,140.35855112218061,3368.605226932335,51.291666666666664,2.21,2.06,2.135,6.29,4.38,5.335,410.0,400.0,0.0,0.5098618923325967,0.0,5452.079037118176,308.0,641.6262373681764,12.691569876358187,19.08108654926939,68.22734357437244,410.0,400.0,400.0,390.0,370.0,370.0,380.0,335.0,340.0,330.0,335.0,,0.0,0.0,0.0,0.0,0.0,0.0,0.0,0.0,0.0,0.0,15.0625,10.4375,10.1875,11.8125,12.0,9.1875,9.6875,13.125,21.25,764.0,498.5,234.0,157.5,130.0,103.5,83.0,86.0,67.5,993.0,878.5,687.0,419.0,346.5,301.5,233.5,247.5,230.5,1.28,1.2,1.12,0.88,0.641,0.4,0.28,0.04,0.002,0.001,0.001,2.9698326086956524,3.172495081967213,2.682447513812155,2.1611602209944754,1.717613259668508,1.3640491712707181,1.0986574585635358,0.8377337016574586,0.624767955801105,0.4760165745856353,393.9379572858022,469.6952567638411,110.11323479132949,96.59055683449957,102.38599024456954,83.06787887766963,90.79512342442959,77.27244546759965,63.749767510769715,57.95433410069974,54.090711827319765,2551.96435,11.605,11.620000000000001,11.51,11.425,11.45,11.379999999999999,11.385,11.33,11.34,11.355,11.370000000000001,920.8542839559638,863.300891208716,205.46561210767442,161.4372666560299,117.59237264376722,73.38057575274085,51.366403026918604,7.338057575274085,0.3669028787637043,0.18345143938185215,0.18345143938185215,1599.6532571285302,6842.486718749999,2409.4089088344613,0.0,0.0,0.0,19.11,30.279594410321465,2.135,5.335,3368.605226932335,88.23153088941052,369.09090909090907,405.0,361.1111111111111,19.11,19.11,,11.433636363636365,11.6125,11.393888888888888,12.527777777777779,236.0,481.8888888888889,1.344244585635359,1.24,1.370305732044199,308.0,649.0586431294461,2024-09,True,False,410.0,0.5129166666666667,0.4870833333333333,4975397.595450853,2423433.245450853,993.6076306348497,0.6822734357437243,77.79014143874112,0.6822734357437243,0.8730843012364181,88.56127504593793,1.4566537853128514,2298.3098618433924,Early,1,0,1160.5084343104227,1160.5084343104227,0.11768469110589472,0.07520067064484728,239.40583333333333,64.64693406603632,7835.099999999999,192.0365712572775,543.5611235125001,0.9,Sulfide Super Grade
2024-09-26,148.13886666666667,3555.3328,49.333333333333336,2.37,2.32,2.3449999999999998,5.16,6.21,5.6850000000000005,435.0,415.0,0.0,0.4887289627982332,0.0,5968.8867708,284.0,717.6169296000002,12.267905405405404,18.209545795795794,69.5225487987988,435.0,415.0,390.0,365.0,380.0,340.0,320.0,330.0,335.0,325.0,260.0,,0.0,0.0,0.0,0.0,0.0,0.0,0.0,0.0,0.0,0.0,13.9375,12.0625,11.0,10.375,10.375,10.125,10.375,12.1875,16.25,701.0,666.0,223.0,158.0,124.0,118.0,109.0,104.0,90.0,859.0,559.0,413.0,214.0,128.0,126.0,96.0,105.0,96.0,0.0,0.0,0.0,0.0,0.0,0.0,0.0,0.0,0.0,0.0,0.0,2.9698326086956524,3.172495081967213,2.682447513812155,2.1611602209944754,1.717613259668508,1.3640491712707181,1.0986574585635358,0.8377337016574586,0.624767955801105,0.4760165745856353,551.0243553008597,407.9011461318052,114.96371776504299,98.54032951289399,85.76658309455587,78.4672994269341,72.99283667621778,71.16801575931233,67.51837392550144,63.868732091690546,56.56944842406877,2544.2532,11.645,11.555,11.530000000000001,11.504999999999999,11.5,11.469999999999999,11.41,11.43,11.375,11.4,11.415,0.0,0.0,0.0,0.0,0.0,0.0,0.0,0.0,0.0,0.0,0.0,1668.7808381088828,7200.7378125,5254.194723419951,0.0,0.0,0.0,19.11,28.689297384481137,2.3449999999999998,5.6850000000000005,3555.3328,87.97737405389215,354.09090909090907,425.0,338.3333333333333,19.11,19.11,,11.475909090909092,11.6,11.448333333333332,11.854166666666666,254.77777777777777,288.44444444444446,1.3703057320441987,,1.370305732044199,284.0,645.301540173913,2024-09,True,False,435.0,0.49333333333333335,0.5066666666666666,5157270.0,2613016.8,1136.662308,0.695225487987988,76.71584787912913,0.695225487987988,0.877320945945946,85.96139669921169,1.6303037693318316,2471.7579808397,Early,1,0,1327.592658033362,1327.592658033362,0.12022625946107857,0.07287791119242452,226.53312499999998,67.27640236660825,8312.85,185.500275052132,566.1351798215625,0.9,Sulfide Super Grade
2024-09-27,150.4414953149598,3610.5958875590354,49.666666666666664,2.39,2.47,2.43,5.38,5.6,5.49,400.0,430.0,1.1497768503507364,0.5156820614287269,3.0,6343.004963294967,326.0,694.0827415449666,13.83502028771671,19.24563629656953,66.91934341571375,400.0,430.0,365.0,375.0,360.0,340.0,355.0,335.0,325.0,335.0,320.0,,0.0,0.0,0.0,0.0,0.0,0.0,0.0,0.0,0.0,0.0,13.8125,11.1875,11.6875,9.4375,10.4375,10.875,10.5625,12.9375,17.5,913.5,525.5,252.0,207.0,158.5,142.0,113.5,100.5,81.5,1244.0,1005.0,675.5,617.0,366.0,340.5,305.5,213.5,236.0,1.52,1.28,1.0,0.725,0.48,0.284,0.08,0.04,0.002,0.001,0.001,2.9698326086956524,3.172495081967213,2.682447513812155,2.1611602209944754,1.717613259668508,1.3640491712707181,1.0986574585635358,0.8377337016574586,0.624767955801105,0.4760165745856353,484.17639662295676,419.137776181067,110.5656547512125,97.66632836357105,116.09393748877314,97.66632836357105,92.13804562601042,92.13804562601042,79.23871923836896,68.18215376324771,55.28282737560625,2609.20195,11.754999999999999,11.685,11.54,11.64,11.620000000000001,11.515,11.605,11.559999999999999,11.530000000000001,11.55,11.55,1113.1740614334474,937.4097359439558,186.74959583258493,135.39345697862407,89.63980599964076,53.03688521645412,14.939967666606794,7.469983833303397,0.37349919166516987,0.18674959583258494,0.18674959583258494,1712.2862134003951,7782.464531250001,3110.6499722150957,3.0,3000.0,1.1497768503507364,19.11,28.250184505959126,2.43,5.49,3610.5958875590354,89.05750908975459,358.1818181818182,415.0,345.55555555555554,19.11,19.11,,11.595454545454544,11.719999999999999,11.567777777777778,12.04861111111111,277.1111111111111,555.8888888888889,1.3762445856353591,1.4,1.370305732044199,326.0,749.58024622527,2024-09,False,True,430.0,0.49666666666666665,0.5033333333333334,5253426.744966444,2644224.794966444,1137.0166618355709,0.6691934341571375,79.32229804500184,0.6691934341571375,0.8616497971228329,92.47929369129847,1.6261400450018442,2416.187061349269,Early,1,0,1328.006534298229,1328.006534298229,0.10942490910245403,0.06779121291695005,230.24895833333332,68.64794834948069,8217.3,176.95400430450903,546.5024976433139,0.9,Sulfide Super Grade
2024-09-28,147.297937687869,3535.150504508856,49.833333333333336,2.71,1.56,2.135,7.04,3.47,5.255,390.0,410.0,0.0,0.49579258431297885,0.0,5483.500194930434,318.0,772.7364554304347,14.435433807030668,19.877554225878836,65.6870119670905,390.0,410.0,415.0,430.0,400.0,395.0,385.0,370.0,375.0,335.0,310.0,,0.0,0.0,0.0,0.0,0.0,0.0,0.0,0.0,0.0,0.0,14.25,11.875,9.3125,11.5,10.375,8.9375,10.0,13.5,17.0625,800.5,396.5,254.0,178.0,145.0,136.0,118.0,108.5,96.5,1244.0,997.0,675.5,492.5,330.5,303.5,268.0,203.5,172.5,1.44,1.12,0.881,0.76,0.643,0.52,0.4,0.08,0.04,0.001,0.001,2.9698326086956524,3.172495081967213,2.682447513812155,2.1611602209944754,1.717613259668508,1.3640491712707181,1.0986574585635358,0.8377337016574586,0.624767955801105,0.4760165745856353,348.56885850499236,421.18737069353244,92.5886030403886,98.14391922281193,87.03328685796528,74.07088243231088,74.07088243231088,61.10847800665648,74.07088243231088,66.6637941890798,66.6637941890798,2567.1737,12.39,11.995000000000001,11.93,11.895,11.875,11.835,11.7,11.795,11.780000000000001,11.735,11.715,1052.701268327786,818.7676531438337,164.2323634973464,141.67604569578123,119.86539129261492,96.93624179185032,74.56633983988486,14.913267967976973,7.456633983988486,0.18641584959971216,0.18641584959971216,1464.1707520014393,7022.468906249999,2219.6386709869125,0.0,0.0,0.0,10.46,28.853085567334574,2.135,5.255,3535.150504508856,85.90797067637858,383.1818181818182,400.0,379.44444444444446,10.46,10.46,,11.87681818181818,12.1925,11.806666666666665,11.868055555555555,248.11111111111111,520.7777777777778,1.352244585635359,1.28,1.370305732044199,318.0,714.6276929376181,2024-09,False,True,410.0,0.49833333333333335,0.5016666666666667,5151519.130434782,2584345.4304347825,1059.581626478261,0.656870119670905,80.46776364996262,0.656870119670905,0.8556456619296934,95.00361271268488,1.402417705497382,2322.1347349513926,Early,1,0,1237.5643830177817,1237.5643830177817,0.14092029323621424,0.0747697611790094,124.13986111111112,61.601337686259306,4288.6,192.0365712572775,579.6527337191778,0.9,Sulfide Super Grade
2024-09-29,144.93055492086697,3478.333318100807,49.875,1.84,1.81,1.8250000000000002,4.8,3.88,4.34,370.0,390.0,0.0,0.47764419180215606,0.0,4617.953346855138,390.0,543.7461071551378,10.139938603223332,22.97135840368381,66.88870299309288,370.0,390.0,395.0,390.0,425.0,415.0,400.0,390.0,385.0,395.0,400.0,10.46,9.52,9.35,7.22,14.68,11.68,8.48,8.07,8.1,8.12,7.92,14.4375,11.625,10.9375,11.6875,11.75,13.0,10.75,10.25,12.5,873.0,491.5,306.0,204.5,159.5,123.5,123.0,113.0,84.0,1275.0,1001.0,724.25,554.75,348.25,322.0,286.75,208.5,204.25,1.08,1.32,0.96,0.721,0.485,0.322,0.04,0.016,0.004,0.001,0.001,2.9698326086956524,3.172495081967213,2.682447513812155,2.1611602209944754,1.717613259668508,1.3640491712707181,1.0986574585635358,0.8377337016574586,0.624767955801105,0.4760165745856353,1279.6436525612473,399.8886414253898,88.99339947357765,77.86922453938044,70.45310791658231,63.036991293784176,70.45310791658231,66.74504960518324,66.74504960518324,59.328932982385105,55.62087467098603,2528.9927,11.905000000000001,11.870000000000001,11.850000000000001,11.825,11.805,11.79,11.754999999999999,11.76,11.75,11.725000000000001,11.725000000000001,789.1718971451711,964.543429844098,178.87896335290543,134.34555476817167,90.37114294391576,59.99898562462037,7.453290139704393,2.981316055881757,0.7453290139704393,0.18633225349260982,0.18633225349260982,2298.7780319902818,7921.50328125,1845.6425391133944,0.0,0.0,0.0,10.46,29.324389203646724,1.8250000000000002,4.34,3478.333318100807,88.22538760541111,395.90909090909093,380.0,399.44444444444446,9.505,10.146666666666667,9.29111111111111,11.796363636363635,11.887500000000001,11.77611111111111,11.881944444444445,275.3333333333333,547.1944444444445,1.336244585635359,1.2000000000000002,1.370305732044199,390.0,861.9574334815297,2024-09,False,True,390.0,0.49875,0.50125,5070662.055137844,2541669.355137844,991.2510485037592,0.6688870299309286,77.03202225633153,0.6688870299309286,0.8986006139677667,85.67294752583217,1.2207188296239448,2326.612042254241,Early,1,0,1157.7560063348762,1157.7560063348762,0.11774612394588894,0.08445299696793018,112.93788194444446,53.51701029665528,3706.9500000000003,213.6974591920044,634.3833767129364,0.9,Sulfide Super Grade
2024-09-30,146.45572683651076,3514.937444076258,49.458333333333336,1.52,1.01,1.2650000000000001,4.27,3.21,3.7399999999999998,425.0,390.0,1.18830649371473,0.5026972089581393,3.0,3196.200417962595,0.0,382.56002994389223,10.812708492731446,18.05326702371844,71.1340244835501,425.0,390.0,370.0,400.0,380.0,355.0,365.0,380.0,345.0,335.0,330.0,,0.0,0.0,0.0,0.0,0.0,0.0,0.0,0.0,0.0,0.0,13.875,12.0625,12.6875,10.4375,14.4375,11.25,13.6875,13.625,23.25,848.5,607.5,367.5,242.5,149.0,136.0,111.0,90.0,88.5,1306.0,997.0,773.0,492.5,330.5,303.5,268.0,203.5,172.5,0.96,0.88,0.6,0.32,0.222,0.141,0.062,0.014,0.001,0.001,0.001,2.9698326086956524,3.172495081967213,2.682447513812155,2.1611602209944754,1.717613259668508,1.3640491712707181,1.0986574585635358,0.8377337016574586,0.624767955801105,0.4760165745856353,344.75964232088023,308.8471795791219,65.93528159386835,62.27221039420901,54.9460679948903,54.9460679948903,51.28299679523095,51.28299679523095,51.28299679523095,36.63071199659353,32.96764079693418,2524.6012,11.86,11.785,11.765,11.745000000000001,11.735,11.635,11.719999999999999,11.655000000000001,11.655000000000001,11.625,11.59,704.6224871697182,645.9039465722417,112.29920889267383,59.89291140942604,41.55070729028932,26.390314089778347,11.604251585576296,2.6203148741623896,0.18716534815445637,0.18716534815445637,0.18716534815445637,1115.1537930570807,8868.65296875,1209.7903701340763,3.0,3000.0,1.18830649371473,10.46,29.01900862329744,1.2650000000000001,3.7399999999999998,3514.937444076258,88.03078718737689,370.45454545454544,407.5,362.22222222222223,10.46,10.46,,11.706363636363637,11.8225,11.680555555555555,13.92361111111111,293.3888888888889,538.5,1.280244585635359,0.9199999999999999,1.370305732044199,0.0,0.0,2024-09,True,False,425.0,0.4945833333333334,0.5054166666666666,5104501.162594777,2579899.9625947764,1096.45748410278,0.7113402448355011,74.79917750573833,0.7113402448355011,0.8918729150726855,80.69380567240873,0.899845409716909,2500.316462050676,Early,1,0,1280.6344465682614,1280.6344465682614,0.11969212812623108,0.13297038496444302,145.64097222222222,36.70904590847127,4445.5,335.9657235911178,1012.3512435223921,0.9,Sulfide Super Grade
2024-10-01,149.29997321615403,3583.1993571876965,49.166666666666664,1.41,1.23,1.3199999999999998,4.79,3.02,3.9050000000000002,420.0,385.0,0.0,0.0,0.0,3372.1325768135584,0.0,586.8790399999999,12.367541729893777,20.557518968133536,67.07493930197268,420.0,385.0,405.0,370.0,395.0,370.0,360.0,345.0,330.0,345.0,335.0,,0.0,0.0,0.0,0.0,0.0,0.0,0.0,0.0,0.0,0.0,14.375,11.25,8.375,11.5,12.25,11.875,13.75,23.5,25.9375,651.0,541.5,342.5,248.5,175.0,163.5,128.5,96.5,74.0,1201.75,894.0,691.75,512.25,396.0,334.5,281.75,212.0,168.25,0.92,1.0,0.681,0.6,0.43,0.241,0.08,0.04,0.002,0.001,0.001,2.9698326086956524,3.172495081967213,2.682447513812155,2.1611602209944754,1.717613259668508,1.3640491712707181,1.0986574585635358,0.8377337016574586,0.624767955801105,0.4760165745856353,469.99552972731334,413.0263746088511,79.89924005364325,72.63567277603933,61.74032185963343,58.10853822083146,50.84497094322753,54.47675458202949,47.21318730442556,47.21318730442556,43.5814036656236,2551.6479999999997,11.76,11.745000000000001,11.68,11.69,11.645,11.6,11.61,11.565,11.815000000000001,11.620000000000001,11.605,677.3535985695127,736.2539114886007,127.85417299955297,112.64684845775591,80.73024139472507,45.246484130531954,15.019579794367456,7.509789897183728,0.37548949485918637,0.18774474742959318,0.18774474742959318,1398.7351810460434,7959.9525,978.6194201790523,0.0,0.0,0.0,11.8,28.46618059232282,1.3199999999999998,3.9050000000000002,3583.1993571876965,82.59620502363043,369.09090909090907,402.5,361.6666666666667,11.8,11.8,,11.66681818181818,11.752500000000001,11.647777777777778,14.756944444444445,269.0,521.3611111111111,1.288244585635359,0.96,1.370305732044199,0.0,0.0,2024-10,True,False,420.0,0.49166666666666664,0.5083333333333333,5189792.5423728805,2638144.542372881,1108.0207077966102,0.6707493930197269,78.3078765174507,0.6707493930197269,0.8763245827010623,89.29541764640534,0.8853891987860394,2403.428793902323,Early,1,0,1294.1399976638525,1294.1399976638525,0.17403794976369574,0.12455026320372971,174.13194444444446,37.57535838186612,4956.0,318.1794077317596,980.4016618539652,0.9,Sulfide Super Grade
2024-10-02,148.61726010172592,3566.814242441422,49.0,1.55,1.53,1.54,5.21,4.1,4.654999999999999,310.0,375.0,0.0,0.0,0.0,3896.3395440025515,0.0,581.3314975000001,8.574057361376672,20.764711281070745,70.66123135755258,310.0,375.0,355.0,350.0,345.0,380.0,360.0,360.0,345.0,355.0,310.0,11.8,6.37,16.6,11.47,9.58,9.19,9.45,9.14,9.22,9.15,9.21,14.625,11.25,11.4375,10.625,10.0,12.1875,12.0,19.35625,24.375,459.0,340.5,265.5,220.5,166.5,140.5,113.0,72.0,62.5,1097.5,791.0,610.5,532.0,461.5,365.5,295.5,220.5,164.0,1.04,1.16,1.0,0.642,0.321,0.522,0.364,0.12,0.04,0.001,0.001,2.9698326086956524,3.172495081967213,2.682447513812155,2.1611602209944754,1.717613259668508,1.3640491712707181,1.0986574585635358,0.8377337016574586,0.624767955801105,0.4760165745856353,368.4841992501339,403.9153722549544,86.73551151580074,70.47260310658811,86.73551151580074,65.05163363685055,61.43765399035886,56.01668452062131,57.82367434386716,50.59571505088377,39.753776111408676,2527.5282500000003,11.745000000000001,11.72,11.719999999999999,11.684999999999999,11.6,11.614999999999998,11.565000000000001,11.52,11.530000000000001,11.54,11.565000000000001,767.048741296197,855.554365291912,188.07445099089446,120.74379753615425,60.37189876807712,98.17486341724691,68.45910016068558,22.568934118907336,7.522978039635778,0.18807445099089445,0.18807445099089445,1347.022335297268,6011.217000000001,1122.7554756048903,0.0,0.0,0.0,11.8,28.59694760279492,1.54,4.654999999999999,3566.814242441422,85.08006063293905,349.54545454545456,342.5,351.1111111111111,10.248333333333335,9.99,10.334444444444447,11.618636363636364,11.732500000000002,11.593333333333332,13.984027777777778,204.44444444444446,504.22222222222223,1.316244585635359,1.1,1.370305732044199,0.0,0.0,2024-10,False,True,375.0,0.49,0.51,5158220.918367348,2630692.668367347,986.5097506377551,0.7066123135755258,73.69551625239005,0.7066123135755258,0.9142594263862333,78.10889264254035,1.0881829629063098,2520.3548639456694,Early,1,0,1152.2182910502622,1152.2182910502622,0.14919939367060958,0.09624417886711632,143.31297800925927,44.03929930830418,3843.1250000000005,243.50491230576424,748.188837118111,0.9,Sulfide Super Grade
2024-10-03,150.14383179922817,3557.1576150433807,49.625,1.7,1.74,1.72,4.78,4.7,4.74,380.0,355.0,1.1684753984223595,0.3923299802720792,3.0,4419.920194339233,326.0,641.8620375,8.249352517985612,19.226690647482016,72.52395683453237,380.0,355.0,380.0,375.0,340.0,365.0,360.0,340.0,340.0,350.0,330.0,,6.3,16.17,11.18,9.28,9.06,9.33,9.2,9.2,9.27,9.03,12.875,11.625,13.1875,12.1875,12.6875,14.625,17.0625,13.1875,21.625,742.5,520.5,384.5,223.0,176.5,134.5,114.0,100.5,71.5,1094.0,819.5,614.75,462.5,380.5,292.75,261.75,200.75,176.75,1.0,1.08,0.845,0.561,0.482,0.321,0.12,0.04,0.006,0.001,0.001,2.9698326086956524,3.172495081967213,2.682447513812155,2.1611602209944754,1.717613259668508,1.3640491712707181,1.0986574585635358,0.8377337016574586,0.624767955801105,0.4760165745856353,440.27944246178714,353.66709312504213,80.98254662985657,75.46100935963908,64.41793481920409,58.8963975489866,60.73690997239243,55.21537270217493,58.8963975489866,51.53434785536328,46.01281058514578,2567.44815,11.73,11.518,11.695,11.66,11.67,11.64,11.665,11.615,11.61,11.57,11.635,732.6779341458488,791.2921688775167,157.87377786007676,104.8132418692344,90.05344488586627,59.97335229950845,22.41994478486297,7.473314928287657,1.1209972392431486,0.18683287320719144,0.18683287320719144,1346.1002626085785,8267.60203125,1806.644658580286,3.0,3000.0,1.1684753984223595,11.8,28.67457982987242,1.72,4.74,3557.1576150433807,85.47797224207672,355.90909090909093,367.5,353.3333333333333,9.983636363636364,9.05,10.19111111111111,11.63709090909091,11.624,11.64,14.340277777777779,274.1666666666667,478.1388888888889,1.304244585635359,1.04,1.370305732044199,326.0,738.8154704866936,2024-10,True,False,380.0,0.49625,0.5037499999999999,5173699.04282116,2606250.8928211587,990.3753392720404,0.7252395683453237,72.32837230215827,0.7252395683453237,0.9175064748201439,74.30229447223773,1.2474120575539567,2579.7914532703426,Early,1,0,1156.7332002310584,1156.7332002310584,0.1452202775792328,0.08597440299638918,143.1681186868687,49.320277307380564,3793.7818181818184,220.92894808751112,672.5153924867055,0.9,Sulfide Super Grade
2024-10-04,147.64667080305512,3543.520099273323,49.375,1.47,1.58,1.525,3.73,4.92,4.325,325.0,375.0,1.1816104779703007,0.5890708420178126,3.0,3875.7390945933535,356.0,583.9487824999999,7.70228527011271,17.887912942090942,74.40980178779634,325.0,375.0,360.0,365.0,420.0,375.0,380.0,360.0,390.0,380.0,395.0,,0.0,8.69,8.72,8.71,8.84,8.55,8.34,8.61,8.6,8.38,14.625,11.875,12.6875,12.857142857142858,13.75,17.9375,15.125,21.75,20.3125,788.5,470.5,251.5,197.5,121.0,105.0,90.5,63.5,67.5,1090.5,848.0,619.0,393.0,299.5,220.0,228.0,181.0,189.5,1.08,1.32,0.966,0.64,0.563,0.44,0.361,0.08,0.04,0.001,0.001,2.9698326086956524,3.172495081967213,2.682447513812155,2.1611602209944754,1.717613259668508,1.3640491712707181,1.0986574585635358,0.8377337016574586,0.624767955801105,0.4760165745856353,322.4219012428619,372.5764192139738,78.56346993617736,65.77406785354384,60.29289553241519,56.63878065166275,52.98466577091031,56.63878065166275,52.98466577091031,51.1576083305341,47.503493449781665,2538.9077499999994,11.745000000000001,11.815000000000001,11.805,11.76,11.735,11.695,11.695,11.66,11.585,11.6,11.585,793.4027544507893,969.7144776620758,180.9619449109842,119.89197178367483,105.46746892845145,82.42573060127646,67.62656533422908,14.986496472959354,7.493248236479677,0.18733120591199193,0.18733120591199193,1217.5367484044339,7781.939732142859,946.128539140561,3.0,3000.0,1.1816104779703007,19.11,28.784936205361824,1.525,4.325,3543.520099273323,84.93322774707393,375.0,350.0,380.55555555555554,9.654999999999998,19.11,8.604444444444445,11.69818181818182,11.780000000000001,11.68,15.657738095238095,239.5,452.05555555555554,1.336244585635359,1.2000000000000002,1.370305732044199,356.0,805.8551885415518,2024-10,False,True,375.0,0.49375,0.50625,5142091.645569619,2603183.8955696193,976.1939608386072,0.7440980178779635,70.80780217644774,0.7440980178779635,0.9229771472988729,69.53203760515888,1.1347494772638942,2636.726282180004,Early,1,0,1140.1697110078208,1140.1697110078208,0.1506677225292608,0.09675573893070462,151.17546130952377,43.897027713176776,3620.624999999999,245.90002688506962,747.6473669076405,0.9,Sulfide Super Grade
2024-10-05,143.3662426917847,2855.3776669447116,49.476190476190474,1.36,1.55,1.455,4.38,4.64,4.51,565.0,485.0,0.0,0.4902969999000326,0.0,2988.7280171670836,338.0,441.16890599999994,13.71202247191011,15.756067415730337,70.53191011235955,565.0,485.0,455.0,425.0,445.0,425.0,410.0,400.0,400.0,385.0,365.0,,8.68,21.54,10.81,10.23,9.64,9.89,9.9,9.82,9.68,9.68,13.625,11.625,11.5,13.625,10.6875,13.1875,12.1875,20.125,21.875,669.0,508.5,334.0,268.5,215.5,163.0,104.5,76.5,58.5,1028.25,808.25,607.0,436.5,305.25,241.75,230.25,195.75,198.0,1.0,1.16,1.21,0.883,0.44,0.201,0.04,0.002,0.001,0.001,0.001,2.9698326086956524,3.172495081967213,2.682447513812155,2.1611602209944754,1.717613259668508,1.3640491712707181,1.0986574585635358,0.8377337016574586,0.624767955801105,0.4760165745856353,402.430514639957,294.63662678996843,53.14238671004431,64.13736327074314,62.30486717729334,38.48241796244588,34.817425775546276,32.98492968209647,40.31491405589569,34.817425775546276,31.15243358864667,2051.9483999999998,11.325,11.33,11.365,11.395,11.35,11.375,11.395,11.45,11.465,11.455,11.510000000000002,733.8422522222507,851.2570125778108,226.42702692317548,165.23559072162308,82.33710069933653,37.61308463765147,7.485190972666958,0.37425954863334787,0.18712977431667394,0.18712977431667394,0.18712977431667394,1089.2213054281835,7923.184687499999,439.74706355762845,0.0,0.0,0.0,13.85,35.722069686543854,1.455,4.51,2855.3776669447116,85.23890753973092,432.72727272727275,525.0,412.22222222222223,11.24727272727273,11.265,11.243333333333332,11.401363636363637,11.3275,11.41777777777778,14.270833333333334,266.44444444444446,450.1111111111111,1.312244585635359,1.08,1.370305732044199,338.0,615.8644443329289,2024-10,True,False,565.0,0.49476190476190474,0.5052380952380953,4147345.1780558224,2095396.7780558227,1183.8991796015398,0.7053191011235955,76.98757022471911,0.7053191011235955,0.862879775280899,87.55731696011523,1.0262392921348316,2013.9524094178332,Early,1,0,1382.7641223154953,1382.7641223154953,0.1476109246026908,0.18904363219224773,160.5079545454546,51.97561139392131,6354.709090909092,388.31348238156437,950.3468170771989,0.9,Sulfide Super Grade
2024-10-06,152.58974154616413,3662.153797107939,49.625,1.21,1.27,1.24,3.19,3.5,3.3449999999999998,455.0,445.0,1.5132993284885559,0.6720108666845187,4.0,3281.6314569178844,312.0,462.56546,9.18529992684711,17.869209948792978,72.9454901243599,455.0,445.0,400.0,395.0,395.0,400.0,410.0,390.0,400.0,390.0,385.0,13.85,10.02,8.31,8.35,8.48,8.29,8.29,8.31,8.63,8.57,8.46,12.875,11.875,11.1875,11.25,11.0625,14.75,12.625,17.75,25.875,490.5,345.0,223.5,178.5,135.0,116.5,71.5,66.5,78.5,1021.0,775.0,615.5,393.0,307.5,263.5,232.5,210.5,206.5,1.04,1.0,0.925,0.683,0.488,0.24,0.08,0.04,0.008,0.002,0.001,2.9698326086956524,3.172495081967213,2.682447513812155,2.1611602209944754,1.717613259668508,1.3640491712707181,1.0986574585635358,0.8377337016574586,0.624767955801105,0.4760165745856353,303.1432226786075,281.4901353444213,71.77998451282741,57.055885125580765,53.3748602787691,49.693835431957446,57.055885125580765,46.01281058514578,46.01281058514578,40.491273314928286,31.288711197899133,2643.2312,11.65,11.504999999999999,11.515,12.1,11.385,11.344999999999999,11.295,11.254999999999999,11.235,11.24,11.175,761.9850515116827,732.6779341458488,172.82040771665208,127.60685240051176,91.17444212510941,44.83988956972594,14.946629856575314,7.473314928287657,1.4946629856575315,0.3736657464143829,0.18683287320719144,1037.3994141808632,5672.897343749999,860.0288592426896,4.0,4000.0,1.5132993284885559,13.85,27.852462144148895,1.24,3.3449999999999998,3662.153797107939,85.90440559603721,405.90909090909093,450.0,396.1111111111111,9.450833333333334,12.573333333333332,8.41,11.427272727272726,11.5775,11.393888888888888,14.36111111111111,189.5,447.22222222222223,1.300244585635359,1.02,1.370305732044199,312.0,727.9582042781732,2024-10,True,False,455.0,0.49625,0.5037499999999999,5326410.478589421,2683179.2785894205,1220.8465717581864,0.729454901243599,72.64988112655449,0.729454901243599,0.9081470007315289,74.67411085834203,0.9045240775420628,2671.376036408243,Early,1,0,1425.9177363795973,1425.9177363795973,0.1409559440396279,0.13865054805006563,135.7244675925926,34.53705305874463,4300.129166666667,366.9325247377037,1149.9243847868947,0.9,Sulfide Super Grade
2024-10-07,143.34627992202726,3440.310718128654,49.56521739130435,1.21,1.27,1.24,3.39,0.0,3.39,535.0,530.0,0.0,0.5760542890152331,0.0,3077.449743410526,344.0,408.995928,5.143704292527822,15.209403815580286,79.64689189189188,535.0,530.0,510.0,505.0,480.0,470.0,455.0,440.0,420.0,410.0,375.0,,7.7,16.33,11.19,9.44,9.29,9.28,9.26,9.19,9.21,9.1,13.4375,7.375,10.75,9.875,11.9375,15.8125,13.875,18.75,21.875,513.5,342.5,245.0,157.0,106.5,98.0,83.0,83.5,69.0,966.0,768.5,595.0,480.0,311.0,263.5,232.5,210.5,206.5,0.8,0.92,0.688,0.603,0.52,0.364,0.281,0.08,0.001,0.001,0.001,2.9698326086956524,3.172495081967213,2.682447513812155,2.1611602209944754,1.717613259668508,1.3640491712707181,1.0986574585635358,0.8377337016574586,0.624767955801105,0.4760165745856353,280.997191011236,252.17696629213486,67.97970505617978,56.95596910112361,53.281390449438206,47.76952247191012,47.76952247191012,45.932233146067425,44.09494382022473,40.420365168539334,27.559339887640455,2478.7632,10.925,11.125,10.675,10.645,10.629999999999999,11.18,11.175,11.195,11.165,11.14,11.155000000000001,586.5168539325845,674.4943820224721,128.62314606741572,112.73220505617978,97.21516853932586,68.05061797752809,52.53358146067417,14.956179775280901,0.18695224719101125,0.18695224719101125,0.18695224719101125,964.9371488764046,5267.742187499999,929.4902625315065,0.0,0.0,0.0,11.57,29.64848479020016,1.24,3.39,3440.310718128654,86.70990716011701,466.3636363636364,532.5,451.6666666666667,10.141818181818183,9.635,10.254444444444443,11.000909090909092,11.025,10.995555555555555,13.743055555555555,188.66666666666666,448.1666666666667,1.2682445856353592,0.8600000000000001,1.370305732044199,344.0,754.4818209977116,2024-10,True,False,535.0,0.4956521739130435,0.5043478260869565,5001013.473684209,2522250.2736842097,1349.4038964210522,0.7964689189189188,65.93550775039745,0.7964689189189188,0.9485629570747217,51.45102707669253,0.9876214594594593,2740.1005584130985,Early,1,0,1576.0694209719502,1576.0694209719502,0.13290092839882997,0.1738452434992801,139.3795707070707,36.7641211398482,5425.872727272727,431.44813348279445,1271.013476481601,0.9,Sulfide Super Grade
2024-10-08,149.51923458856348,3588.4616301255237,49.791666666666664,1.01,1.52,1.2650000000000001,3.27,4.08,3.675,600.0,565.0,1.5368575320772904,0.7013259074742083,4.0,3296.3694444451885,456.0,403.420608,5.769830699774266,18.003991723100075,76.22617757712565,600.0,565.0,525.0,535.0,510.0,495.0,480.0,485.0,445.0,475.0,425.0,9.29,8.77,8.65,8.66,8.69,8.21,8.49,8.58,8.59,8.61,8.5,14.0625,11.625,8.8125,10.875,13.4375,10.25,12.6875,14.75,20.0625,489.5,315.0,193.0,145.0,112.5,109.0,98.0,69.0,79.5,1021.0,775.0,615.5,339.5,307.5,291.5,249.5,232.5,215.5,0.88,0.96,0.844,0.725,0.521,0.366,0.24,0.08,0.04,0.001,0.001,2.9698326086956524,3.172495081967213,2.682447513812155,2.1611602209944754,1.717613259668508,1.3640491712707181,1.0986574585635358,0.8377337016574586,0.624767955801105,0.4760165745856353,319.1322917837473,268.3612453636057,61.03405080364167,57.33501742160278,51.78646734854445,46.23791727548611,49.936950657525,42.53888389344723,40.68936720242778,35.140817129369445,25.893233674272224,2602.7136,11.465,11.445,11.335,11.295,11.245000000000001,11.18,11.635,11.08,11.055,11.025,11.024999999999999,643.6057097898167,702.1153197707091,157.40547825109584,135.2120518152186,97.1661779251433,68.25877374395863,44.75985163538271,14.91995054512757,7.459975272563785,0.18649938181409462,0.18649938181409462,998.0862425536695,5178.59578125,1018.2175998189106,4.0,4000.0,1.5368575320772904,9.29,28.424436572958996,1.2650000000000001,3.675,3588.4616301255237,87.76166886633972,503.6363636363636,582.5,486.1111111111111,8.694166666666668,9.116666666666665,8.553333333333333,11.25318181818182,11.455,11.208333333333334,12.95138888888889,178.94444444444446,449.72222222222223,1.280244585635359,0.9199999999999999,1.370305732044199,456.0,1040.6687785541208,2024-10,True,False,600.0,0.4979166666666666,0.5020833333333334,5227207.230125524,2624493.630125524,1574.6961780753145,0.7622617757712566,68.46478320165538,0.7622617757712566,0.9423016930022574,63.10064484905424,0.9642611463506398,2735.3471344665,Early,1,0,1839.2050743060124,1839.2050743060124,0.12238331133660284,0.18201843273698526,112.60153356481483,35.95691226479313,5216.500000000001,474.3045509521663,1453.9055614627648,0.9,Sulfide Super Grade
2024-10-09,139.59422729044834,3350.26145497076,49.56521739130435,1.45,1.75,1.6,4.53,3.19,3.8600000000000003,685.0,730.0,0.0,0.6256683828191775,0.0,3863.4396355052636,480.0,422.42938499999997,5.148841978287092,15.014439083232812,79.83671893848009,685.0,730.0,740.0,750.0,745.0,670.0,680.0,670.0,590.0,565.0,515.0,8.87,8.44,8.65,8.61,8.59,8.36,8.74,8.74,8.72,8.49,8.63,15.0,12.8125,12.6875,12.0,11.5625,12.875,11.625,12.375,17.5,562.5,348.5,175.5,128.5,100.0,80.5,94.0,79.5,76.5,1025.5,768.0,486.5,353.0,249.0,223.0,212.0,201.0,194.0,1.16,1.36,0.56,0.32,0.16,0.04,0.02,0.002,0.001,0.001,0.001,5.532,2.574,1.895,1.382,1.015,0.867,0.578,0.426,0.186,0.101,432.30337078651695,374.6629213483147,51.44410112359552,60.630547752809,45.932233146067425,58.793258426966304,56.95596910112361,58.793258426966304,44.09494382022473,56.95596910112361,40.420365168539334,2413.8822,11.69,11.725,11.575,11.575,11.575,11.55,11.45,11.495000000000001,11.39,11.379999999999999,11.41,850.4494382022473,997.0786516853935,104.69325842696631,59.824719101123605,29.912359550561803,7.478089887640451,3.7390449438202253,0.3739044943820225,0.18695224719101125,0.18695224719101125,0.18695224719101125,1280.9869382022473,5681.224687499999,1385.8060944002218,0.0,0.0,0.0,8.87,30.44538504559496,1.6,3.8600000000000003,3350.26145497076,89.06597682754386,667.2727272727273,707.5,658.3333333333334,8.642499999999998,8.726666666666667,8.614444444444443,11.528636363636362,11.7075,11.488888888888889,13.159722222222221,182.83333333333334,412.44444444444446,0.897,1.26,0.80625,480.0,1025.209465263158,2024-10,False,True,730.0,0.4956521739130435,0.5043478260869565,4870113.2105263155,2456231.0105263153,1793.04863768421,0.7983671893848009,65.82007689987937,0.7983671893848009,0.948511580217129,50.679683489234776,1.2773875030156816,2674.738821509239,Early,1,0,2094.2351920463957,2094.2351920463957,0.10934023172456125,0.18895079744258256,113.73289930555552,48.71261607295194,6309.024999999999,456.24714845532213,1308.8888144739067,0.9,Sulfide Super Grade
2024-10-10,156.15909131409995,3643.7121306623326,48.416666666666664,1.81,1.69,1.75,4.61,3.91,4.26,535.0,690.0,1.5761671547333933,0.7224890426659543,4.0,4443.857110501034,560.0,520.2493895000001,9.207069625095638,17.85869548584545,72.93423488905891,535.0,690.0,650.0,675.0,725.0,725.0,720.0,750.0,720.0,740.0,730.0,9.0,8.69,8.76,8.76,8.83,8.65,8.68,8.88,8.75,8.77,8.69,14.8125,11.75,11.6875,11.625,11.125,12.4375,14.0,14.5,20.5,666.0,353.0,212.5,181.5,118.5,113.0,99.5,87.5,73.5,1021.0,775.0,547.0,342.5,307.5,258.0,212.0,201.0,194.0,1.24,1.4,0.64,0.48,0.36,0.24,0.2,0.04,0.007,0.001,0.001,3.998,2.6885,2.0805,1.4855,0.9949999999999999,0.76,0.5745,0.4285,0.182,0.0945,348.2440172268348,285.5600941260045,55.05737912356257,53.28133463570571,60.38551258713315,53.28133463570571,60.38551258713315,56.833423611419434,53.28133463570571,51.505290147848854,47.953201172135145,2537.8019000000004,11.405000000000001,11.555,11.52,11.555,11.515,11.52,11.575,11.57,11.535,11.510000000000002,11.55,920.1314212138702,1038.8580562092084,121.10116769524485,90.82587577143364,68.11940682857524,45.41293788571682,37.84411490476402,7.568822980952803,1.3245440216667406,0.1892205745238201,0.1892205745238201,1125.7684344891886,6502.157343749999,1589.6556832900114,4.0,4000.0,1.5761671547333933,9.0,27.993429871052694,1.75,4.26,3643.7121306623326,88.29284163366488,696.3636363636364,612.5,715.0,8.788333333333332,8.896666666666667,8.752222222222223,11.52818181818182,11.48,11.538888888888888,13.604166666666666,211.66666666666666,428.6666666666667,0.9240499999999999,1.3199999999999998,0.8250625,560.0,1316.625983111577,2024-10,False,True,690.0,0.48416666666666663,0.5158333333333334,5241587.401032703,2703785.5010327026,1865.6119957125647,0.7293423488905891,72.67052171002295,0.7293423488905891,0.9079293037490436,74.72802785532865,1.276349110558531,2657.513564058399,Early,1,0,2178.987348146473,2178.987348146473,0.11707158366335124,0.15527051902040212,119.55795138888887,48.98850227434222,6063.949999999999,394.28346123736435,1245.1285124921988,0.9,Sulfide Super Grade
2024-10-11,150.04262528985157,3601.0230069564377,50.34782608695652,1.45,2.02,1.7349999999999999,4.17,4.68,4.425,525.0,520.0,0.0,0.652921202650821,0.0,4608.241724442142,502.0,570.7257237500002,10.073955523149836,17.683386802770688,72.24265767407948,525.0,520.0,550.0,505.0,520.0,500.0,520.0,525.0,555.0,590.0,525.0,,5.93,17.48,10.93,9.12,4.88,9.14,9.14,9.0,9.06,8.97,12.75,12.5625,9.0625,11.4375,8.9375,10.0625,14.75,15.25,19.9375,556.0,365.0,198.0,153.0,122.0,95.0,92.0,71.5,72.5,1019.0,797.0,547.0,342.5,332.5,258.0,169.5,165.0,159.5,1.665,1.443,1.052,0.736,0.425,0.208,0.101,0.045,0.022,0.001,0.001,5.532,2.574,1.895,1.382,1.015,0.867,0.578,0.426,0.186,0.101,412.8108643372472,287.49328052058286,71.43102277549868,65.79173150374878,60.15244023199888,58.27267647474891,46.994093931249125,43.234566416749196,48.87385768849909,48.87385768849909,41.35480265949923,2654.5382500000005,11.585,11.559999999999999,11.504999999999999,11.515,11.48,11.465,11.46,11.445,11.485,11.495000000000001,11.425,1210.416607723865,1049.027726694016,195.01883434714958,136.43903239496396,78.78612604328761,38.558856981185464,18.723291130287176,8.342060404583394,4.078340642240771,0.1853791201018532,0.1853791201018532,1185.2831942283212,5395.23421875,1295.4607245966768,0.0,0.0,0.0,13.61,28.32528417701218,1.7349999999999999,4.425,3601.0230069564377,87.61510880119705,530.4545454545455,522.5,532.2222222222222,9.75090909090909,9.77,9.746666666666666,11.492727272727272,11.5725,11.475000000000001,12.75,191.66666666666666,421.1111111111111,0.9558000000000002,1.554,0.80625,502.0,1142.753102134865,2024-10,True,False,525.0,0.5034782608695653,0.49652173913043474,5272398.942141624,2617860.6921416237,1374.3768633743525,0.7224265767407948,73.64456115566898,0.7224265767407948,0.8992604447685016,77.41747951212986,1.2534101106452789,2601.474723680383,Early,1,0,1605.2372110386825,1605.2372110386825,0.1238489119880295,0.11392631537000257,124.3240909090909,49.144368047116124,5119.227272727272,302.5919158967384,925.2034345846321,0.9,Sulfide Super Grade
2024-10-12,147.0667386499592,3529.601727599021,49.208333333333336,1.71,1.81,1.76,4.29,4.2,4.245,505.0,425.0,0.0,0.5983052495247748,0.0,4435.651154013442,494.0,553.6446629999999,10.53638812963686,12.175755564232722,77.28785630613042,505.0,425.0,430.0,435.0,400.0,415.0,400.0,370.0,495.0,500.0,365.0,18.22,12.1,8.54,8.72,8.73,8.58,8.63,8.77,8.74,8.78,8.82,13.3125,12.8125,11.125,11.1875,8.5625,10.125,14.8125,11.25,16.875,704.5,323.0,244.0,147.0,110.0,89.0,76.5,58.5,56.0,1141.25,860.25,582.0,386.75,358.0,260.75,198.5,178.75,170.25,1.348,1.444,0.889,0.665,0.177,0.141,0.047,0.008,0.002,0.001,0.001,2.464,2.803,2.266,1.589,0.975,0.653,0.571,0.431,0.178,0.088,299.4553138206292,385.0139749122376,78.17922657245714,70.90674037967044,59.998011090490365,54.54364644590033,59.998011090490365,56.36176799409701,59.998011090490365,56.36176799409701,47.27116025311362,2516.5666499999998,11.135,11.254999999999999,11.32,11.32,11.3,11.26,11.205,11.14,11.12,11.155000000000001,11.235,992.0337186682468,1062.6830042707331,166.83166457974644,124.79533964626704,33.216203184044005,26.46036524830624,8.820121749435414,1.5012973190528365,0.3753243297632091,0.18766216488160456,0.18766216488160456,1228.087631643673,5726.1365625,1459.2308205413888,0.0,0.0,0.0,18.22,28.8984446042258,1.76,4.245,3529.601727599021,87.51830015985243,430.90909090909093,465.0,423.3333333333333,10.570833333333333,16.18,8.70111111111111,11.222272727272728,11.195,11.228333333333332,12.229166666666666,200.94444444444446,459.6111111111111,0.9543000000000001,1.396,0.843875,494.0,1115.8128370922946,2024-10,True,False,505.0,0.4920833333333334,0.5079166666666666,5114106.6553767985,2597540.0053767986,1311.7577027152834,0.7728785630613042,70.78033238969152,0.7728785630613042,0.8946361187036314,63.92184492967283,1.3602662709878954,2727.9535114054283,Early,1,0,1532.099624476613,1532.099624476613,0.12481699840147578,0.11385025162383851,129.27248263888887,50.86126250343741,5338.270833333333,286.9301878966597,870.5062042128243,0.9,Sulfide Super Grade
2024-10-13,153.6162604742783,3602.301308121827,49.25,2.16,2.23,2.1950000000000003,4.12,5.26,4.6899999999999995,755.0,700.0,1.555480348080726,0.6736784250146819,4.0,5663.107735656853,562.0,552.8838734999999,6.521217489634377,9.886490765171503,83.59229174519412,755.0,700.0,675.0,695.0,665.0,610.0,550.0,570.0,560.0,575.0,550.0,,0.0,0.0,0.0,0.0,0.0,0.0,0.0,0.0,0.0,0.0,14.0,12.0,13.75,13.0625,12.6875,14.625,13.625,10.9375,21.5,802.5,393.5,215.5,167.5,135.0,77.5,74.0,59.5,38.5,1141.25,860.25,582.0,386.75,358.0,260.75,198.5,178.75,170.25,2.048,1.935,1.014,0.447,0.155,0.115,0.109,0.074,0.027,0.01,0.006,3.044,2.85,2.247,1.614,0.982,0.822,0.517,0.29,0.111,0.1,478.28882029257824,349.7933163333781,76.45482485572406,69.17341296470272,65.53270701919205,58.25129512817072,50.96988323714938,54.61058918266004,58.25129512817072,50.96988323714938,43.68847134612803,2571.5528999999997,11.455,11.285,11.195,11.24,11.245,11.245000000000001,11.239999999999998,11.32,11.285,11.255,11.265,1506.521003892095,1423.3975305328145,190.2056328009663,83.84804522882834,29.074825526774926,21.571644745671723,20.446167628506238,13.880884445040932,5.064647027244665,1.8757951952758019,1.1254771171654812,1355.9844987250035,6742.486875,1796.4740209869815,4.0,4000.0,1.555480348080726,18.22,28.315232756912526,2.1950000000000003,4.6899999999999995,3602.301308121827,90.2370942014955,627.7272727272727,727.5,605.5555555555555,18.22,18.22,,11.275454545454544,11.370000000000001,11.254444444444445,14.020833333333334,218.16666666666666,459.6111111111111,1.0665999999999998,1.9915,0.835375,562.0,1294.9820531864932,2024-10,True,False,755.0,0.4925,0.5075000000000001,5221427.208121827,2649874.3081218274,2000.6551026319796,0.8359229174519411,64.33057859027517,0.8359229174519411,0.9347878251036562,50.0,1.834850803807011,3011.2462190261413,Early,1,0,2336.714261410346,2336.714261410346,0.09762905798504502,0.13331902468432008,255.45958333333334,62.151935901423,13756.099999999999,343.96198650575616,1064.5574559616337,0.9,Sulfide Super Grade
2024-10-14,128.8655949074074,3092.7742777777776,48.75,2.73,2.13,2.4299999999999997,5.68,4.3,4.99,525.0,680.0,1.3790069632956614,0.7177306378132405,3.0,5289.843317249998,508.2,489.48266249999995,4.9131564986737395,10.206737400530503,84.88010610079576,525.0,680.0,660.0,700.0,665.0,660.0,640.0,665.0,680.0,675.0,625.0,,5.99,14.98,9.05,8.85,8.71,8.85,9.1,9.14,9.34,9.84,13.6875,9.75,10.3125,9.6875,11.875,11.3125,15.4375,16.75,23.5,786.5,439.0,225.0,166.0,140.5,88.5,74.5,62.5,55.0,1263.5,923.5,617.0,431.0,383.5,263.5,227.5,192.5,181.0,1.401,1.416,0.563,0.532,0.122,0.092,0.02,0.019,0.011,0.001,0.001,2.456,2.476,2.04,1.997,1.3,1.241,0.783,0.422,0.271,0.114,316.53306613226454,386.87374749498997,66.36643286573145,62.779058116232456,53.81062124248496,59.191683366733464,55.604308617234466,53.81062124248496,52.01693386773546,50.22324649298597,46.63587174348697,2175.4784999999997,11.605,11.675,11.695,11.695,11.68,11.675,11.67,11.615,11.605,11.57,11.620000000000001,1036.01002004008,1047.1022044088174,106.16329659318635,100.31771543086171,23.00519038076152,17.34817635270541,3.771342685370741,3.5827755511022037,2.0742384769539073,0.18856713426853705,0.18856713426853705,1203.8455911823644,6408.907031249999,2457.4954369659067,3.0,3000.0,1.3790069632956614,18.22,32.980098396734306,2.4299999999999997,4.99,3092.7742777777776,90.7467455434112,652.2727272727273,602.5,663.3333333333334,10.18818181818182,12.105,9.762222222222224,11.645909090909093,11.64,11.647222222222224,13.590277777777779,226.38888888888889,498.1111111111111,1.0985000000000003,1.4085,1.0210000000000001,508.2,1010.6734698260867,2024-10,False,True,680.0,0.4875,0.5125,4462519.999999999,2287041.4999999995,1555.1882199999998,0.8488010610079576,62.520656498673745,0.8488010610079576,0.9508684350132626,50.0,2.062586578249337,2625.1500884358975,Early,1,0,1816.42027557403,1816.42027557403,0.09253254456588794,0.1285482308677354,138.46022095959597,80.14163910406435,6927.963636363637,279.83423936527015,747.4949796807545,0.9,Sulfide Super Grade
2024-10-15,132.17929876711904,1715.0264015033697,45.92857142857143,2.21,2.75,2.48,4.01,5.88,4.945,545.0,530.0,0.0,0.6956009302627388,0.0,2751.444991837092,0.0,265.95324,7.699615048118985,10.911793525809275,81.38859142607174,545.0,530.0,485.0,490.0,525.0,535.0,520.0,520.0,540.0,515.0,445.0,18.22,12.01,8.64,8.75,8.77,8.75,8.49,8.57,8.69,8.67,8.74,14.1875,14.75,10.625,13.625,12.4375,15.3125,16.875,16.375,19.1875,536.0,523.0,234.0,127.0,97.0,86.0,71.0,59.0,58.0,1175.75,921.5,640.75,438.0,347.75,285.0,238.25,190.75,171.5,1.349,1.474,0.71,0.561,0.289,0.207,0.011,0.009,0.008,0.004,0.002,1.864,2.211,1.677,1.59,0.964,0.588,0.348,0.216,0.185,0.135,323.0674755294205,251.99263091294802,77.4392738844021,60.96283263240165,54.372256131601475,51.076967881201384,51.076967881201384,49.42932375600134,47.78167963080129,46.134035505601254,41.19110313000112,1108.1385,11.614999999999998,11.65,11.66,11.59,11.6,11.575,11.59,11.585,11.57,11.55,11.55,1026.1718337117125,1121.2581785700995,137.7230618928877,108.8206165097324,56.05910547471062,40.15306170679965,2.1337375786222035,1.7457852915999847,1.5518091480888754,0.7759045740444377,0.38795228702221884,1054.5245468755816,6460.632187499999,-14.235550709693143,0.0,0.0,0.0,18.22,59.47430308395727,2.48,4.945,1715.0264015033697,90.33405207848885,513.6363636363636,537.5,508.3333333333333,10.543333333333331,16.15,8.674444444444443,11.594090909090909,11.6325,11.585555555555555,14.819444444444445,199.0,489.9166666666667,0.8526,1.4115,0.7128749999999999,0.0,0.0,2024-10,True,False,545.0,0.4592857142857143,0.5407142857142857,2412743.2348367027,1304604.7348367027,711.009580486003,0.8138859142607174,66.44438976377954,0.8138859142607174,0.9230038495188101,50.0,2.018437067366579,1395.8358307688384,Early,1,0,830.4411012849372,830.4411012849372,0.09665947921511149,0.19807773792203381,156.24634259259255,147.49627164821402,5746.116666666666,219.7571783984742,334.85393255871435,0.9,Sulfide Super Grade
2024-10-16,131.91652330752245,3165.996559380539,49.625,3.12,2.88,3.0,8.1,6.06,7.08,425.0,475.0,3.5009102366615323,0.8633033122178979,8.0,6871.597590730478,406.0,571.28,9.041942567567567,13.89089527027027,77.06716216216215,425.0,475.0,465.0,500.0,450.0,445.0,505.0,425.0,425.0,455.0,445.0,17.76,13.24,8.71,8.64,8.65,8.81,8.82,8.77,8.75,8.84,8.92,13.0,11.9375,13.75,12.0,15.4375,12.625,14.9375,15.0625,20.625,626.5,485.0,260.5,151.5,96.5,91.0,73.5,61.5,52.5,1088.0,919.5,664.5,445.0,312.0,306.5,249.0,189.0,162.0,1.907,1.624,0.767,0.694,0.289,0.18,0.059,0.049,0.023,0.009,0.008,3.774,3.204,2.432,2.294,1.394,0.838,0.529,0.457,0.257,0.15,627.9395326914013,461.9325297959734,93.86613359369738,75.46100935963908,68.09895966601576,64.41793481920409,57.055885125580765,55.21537270217493,51.53434785536328,49.693835431957446,47.85332300855161,2285.12,11.815,11.76,11.655000000000001,11.665,11.629999999999999,11.64,11.625,11.629999999999999,11.625,11.575,11.600000000000001,1397.2168204161337,1189.8689650528586,143.30081374991582,129.66201400579084,53.99470035687832,33.62991717729446,11.023139519224294,9.15481078715238,4.297156083765403,1.6814958588647226,1.4946629856575315,1653.0688640495591,6395.328281250001,3310.1054391139883,8.0,8000.0,3.5009102366615323,17.76,32.21734391902099,3.0,7.08,3165.996559380539,91.68635834015318,455.90909090909093,450.0,457.22222222222223,10.639166666666666,16.253333333333334,8.767777777777779,11.656363636363636,11.7875,11.627222222222223,14.375,210.94444444444446,481.72222222222223,1.1882,1.7655,1.043875,406.0,818.9393585806591,2024-10,False,True,475.0,0.49625,0.5037499999999999,4604775.818639798,2319655.818639798,1101.836513853904,0.7706716216216217,69.9842377533784,0.7706716216216217,0.9095805743243244,63.19586400288929,2.312014864864865,2439.943702466275,Early,1,0,1286.9170164702234,1286.9170164702234,0.08313641659846828,0.06912511882837213,152.93802083333333,96.65203175706297,5053.604166666666,158.3328055573148,428.97090892037806,0.9,Sulfide Super Grade
2024-10-17,147.93713177957773,1134.1846769767624,46.7,0.0,2.84,2.84,0.0,4.68,4.68,630.0,520.0,0.0,0.8466848814840459,0.0,2131.628786158458,0.0,187.56799999999998,2.3411315789473686,4.8612631578947365,84.71000000000001,630.0,520.0,480.0,440.0,400.0,400.0,400.0,450.0,380.0,400.0,370.0,,5.77,16.67,10.79,9.79,8.51,8.64,8.94,9.05,8.98,9.0,13.3125,10.3125,11.375,12.0,12.4375,11.4375,10.375,10.75,14.5,542.0,426.5,199.0,142.5,112.5,111.5,76.0,69.0,60.5,1200.75,925.0,673.75,397.75,318.75,293.25,247.25,210.5,181.25,1.625,1.732,0.403,0.203,0.13,0.076,0.044,0.021,0.001,0.001,0.001,2.809,3.265,1.868,1.499,0.69,0.212,0.1,0.08,0.02,0.01,555.6665442526626,429.9800640050365,148.44234825035417,106.27122658832174,79.28170872462097,69.16063952573319,64.1001049262893,60.7264151933267,57.35272546036411,52.292190860920215,45.54481139499503,750.2719999999999,12.08,11.96,11.9,11.88,11.83,11.86,11.86,11.78,11.82,11.86,11.86,1226.8703111064476,1307.6550023608413,77.58727847437176,39.08242563349248,25.028154346571537,14.631844079534128,8.471067624993442,4.043009548292325,0.19252426420439642,0.19252426420439642,0.19252426420439642,1668.8187791826247,5270.666718750001,-760.6668371847762,0.0,0.0,0.0,17.76,89.93244404596184,2.84,4.68,1134.1846769767624,91.2007193176431,442.72727272727275,575.0,413.3333333333333,10.354545454545455,11.765,10.041111111111112,11.88090909090909,12.02,11.85,11.833333333333334,193.27777777777777,494.25,0.7836,1.6785,0.5598749999999999,0.0,0.0,2024-10,True,False,630.0,0.467,0.5329999999999999,1606578.1584582438,856306.1584582438,539.4728798286936,0.9216384824107395,56.48955341055598,0.9216384824107395,0.9745286630203647,50.0,2.6174532900465,1045.308244462378,Early,1,0,630.0905989650253,630.0905989650253,0.08799280682356897,0.29554864528516833,122.5287878787879,255.40814109053161,6523.363636363637,221.83020482322246,221.86210575491822,0.9,Sulfide Super Grade
2024-10-18,144.52912648106718,3468.6990355456123,49.666666666666664,2.79,3.21,3.0,5.13,6.68,5.904999999999999,705.0,705.0,0.0,0.7955219452569312,0.0,7522.5203064429525,408.0,827.1977999999998,10.95725,16.602,72.44075000000001,705.0,705.0,685.0,615.0,605.0,555.0,540.0,550.0,515.0,490.0,450.0,,0.0,0.0,0.0,0.0,0.0,0.0,0.0,0.0,0.0,0.0,12.0,12.875,12.4375,11.875,13.0,11.75,12.8125,12.125,20.25,763.0,432.5,272.0,127.0,109.5,87.0,66.0,55.5,46.5,1313.5,930.5,683.0,350.5,325.5,280.0,245.5,232.0,200.5,3.489,3.215,2.206,1.343,1.061,0.218,0.105,0.034,0.022,0.01,0.006,4.754,4.17,3.683,2.491,1.291,0.752,0.434,0.317,0.227,0.133,556.4415304472786,599.8006107418718,119.77945931381356,108.7228938386923,93.98080653853063,75.55319741332855,66.3393928507275,64.49663193820729,58.96834920064667,57.125588288126465,53.44006646308604,2506.66,11.79,11.835,11.835,11.85,11.805,11.805,11.73,11.715,11.73,11.754999999999999,11.754999999999999,2555.1738818034855,2354.5096102029825,411.96960840668237,250.80470720316157,198.1413211783726,40.711411891503516,19.60870756242142,6.349486258307888,4.108491108316868,1.8674959583258492,1.1204975749955095,1854.6485270343092,6252.9825,848.6963201972118,0.0,0.0,0.0,19.11,29.405837449358245,3.0,5.904999999999999,3468.6990355456123,89.00371462883902,583.1818181818181,705.0,556.1111111111111,19.11,19.11,,11.782272727272728,11.8125,11.775555555555554,13.23611111111111,217.66666666666666,506.77777777777777,1.6032,3.352,1.166,408.0,901.2565467172456,2024-10,False,True,705.0,0.49666666666666665,0.5033333333333334,5046966.44295302,2540306.442953021,1790.9160422818798,0.7244075,74.0728125,0.7244075,0.8904275,78.45760299963861,2.1732225,2512.751596592008,Early,1,0,2091.7443748716178,2091.7443748716178,0.1099628537116097,0.093718590483056,252.94208333333333,88.21751234807473,13472.55,234.99921666927776,697.2458008045365,0.9,Sulfide Super Grade
2024-10-19,195.94487695892215,1236.0855988158673,46.916666666666664,3.32,0.0,3.32,6.38,0.0,6.38,950.0,870.0,0.0,0.780044774499143,0.0,2748.1256317668913,552.5,271.611252,4.379977090492554,6.122978235967926,78.97,950.0,870.0,760.0,700.0,720.0,620.0,670.0,580.0,560.0,580.0,450.0,,0.0,0.0,0.0,0.0,0.0,0.0,0.0,0.0,0.0,0.0,15.2,9.4,12.2,12.0,9.4,13.1,13.3,9.1,16.5,723.0,267.0,150.5,119.0,85.0,77.0,72.0,68.0,62.0,1265.25,929.0,674.0,393.0,316.25,281.75,221.75,206.5,185.75,0.0,0.0,0.0,0.0,0.0,0.0,0.0,0.0,0.0,0.0,0.0,4.2509999999999994,4.092499999999999,3.395,2.5525,1.395,0.864,0.5725,0.3705,0.296,0.248,0.0,0.0,0.0,0.0,0.0,0.0,0.0,0.0,0.0,0.0,0.0,823.0644,11.85,11.74,11.46,11.71,11.74,11.76,11.74,11.72,11.71,11.64,11.66,0.0,0.0,0.0,0.0,0.0,0.0,0.0,0.0,0.0,0.0,0.0,0.0,5398.503,2462.4996219461054,0.0,0.0,0.0,20.05,82.51855704630239,3.32,6.38,1236.0855988158673,90.11649071424114,678.1818181818181,910.0,626.6666666666666,20.05,20.05,,11.702727272727275,11.795,11.682222222222222,12.244444444444444,180.38888888888889,497.02777777777777,1.2116874999999998,,1.2116874999999998,552.5,447.4034174021161,2024-10,True,False,950.0,0.4691666666666666,0.5308333333333334,1754311.3321492008,931246.9321492008,884.6845855417408,0.8826130724291124,60.39625071805888,0.8826130724291124,0.9510469160819455,50.0,2.930275400464653,1090.985308156252,Early,1,0,1033.2890887418282,1033.2890887418282,0.09883509285758858,0.3456901638769706,245.5011111111111,273.9616093937239,19047.5,286.14371643458907,311.23071579357537,0.9,Sulfide Super Grade
2024-10-20,248.14252036871846,3339.584753295669,31.466666666666665,0.0,3.28,3.28,0.0,7.0,7.0,925.0,750.0,0.0,0.7566072473227816,0.0,4301.281095864407,0.0,380.04384,2.958647058823529,5.024117647058823,81.41,925.0,750.0,720.0,640.0,635.0,570.0,580.0,515.0,570.0,580.0,505.0,20.05,11.85,10.12,8.05,8.01,8.98,8.82,8.56,7.89,7.97,8.09,12.0,11.9,11.8,10.6,11.7,14.4,12.1,13.8,18.8,562.0,357.0,210.0,99.5,78.5,63.5,57.5,55.0,50.5,1265.25,929.0,674.0,393.0,316.25,281.75,221.75,206.5,185.75,2.538,2.364,1.261,0.823,0.416,0.303,0.287,0.064,0.027,0.014,0.003,4.322,4.015,3.107,2.614,1.499,0.976,0.711,0.424,0.365,0.363,231.52358664860208,282.5372582830398,46.0300283286119,53.03459785687893,49.03198669786919,39.02545880034487,35.02284764133514,31.02023648232541,30.019583692572976,29.018930902820543,28.018278113068117,1310.496,11.915,11.780000000000001,11.655000000000001,11.780000000000001,11.780000000000001,11.77,11.75,11.73,11.715,11.71,11.705,2169.131912797143,2020.4207414706248,274.8208085971179,179.36362051976846,90.66253479492549,66.0354520261116,62.548431457076,13.948082276142385,5.884347210247569,3.0511429979061466,0.6538163566941743,854.2827934474691,4784.31,-967.8856635080397,0.0,0.0,0.0,20.05,30.542719390289857,3.28,7.0,3339.584753295669,91.16440354559937,635.4545454545455,837.5,590.5555555555555,10.703333333333333,17.316666666666666,8.49888888888889,11.753636363636366,11.8475,11.732777777777777,13.011111111111111,170.38888888888889,497.02777777777777,1.4961,2.4509999999999996,1.2573750000000001,0.0,0.0,2024-10,True,False,925.0,0.31466666666666665,0.6853333333333333,4164711.86440678,2854215.86440678,2640.1496745762715,0.9107001027191962,57.649816375453454,0.9107001027191962,0.9669028352735483,50.0,2.9870963369189636,3041.3601778658276,Early,1,0,3083.6276521246527,3083.6276521246527,0.08835596454400628,0.21505220872204062,139.26225925925925,100.18011960015073,9900.583333333334,282.01133533129473,940.1275155028957,0.9,Sulfide Super Grade
2024-10-21,151.47309237770193,3635.354217064846,48.833333333333336,3.51,2.83,3.17,7.21,4.92,6.0649999999999995,475.0,505.0,1.5604002863646604,0.801226445549014,4.0,8130.148911325598,0.0,845.936784,6.624497354497355,12.555026455026454,80.82047619047619,475.0,505.0,530.0,530.0,525.0,565.0,530.0,595.0,595.0,555.0,555.0,19.7,12.23,9.15,8.64,8.72,8.75,8.63,8.61,8.53,8.11,8.42,13.625,11.6875,9.0625,13.3125,15.8125,13.0625,15.375,15.4375,18.8125,872.5,659.0,333.5,156.5,118.0,99.5,78.0,60.5,52.0,1217.0,927.5,665.0,435.5,307.0,283.5,198.0,181.0,171.0,2.582,2.567,1.465,1.189,0.9,0.6,0.528,0.228,0.122,0.065,0.012,4.18,4.99,3.891,3.626,2.967,1.758,0.986,0.989,0.904,0.871,634.6287547909797,451.2915589624745,102.4925438987432,97.09819948301988,77.31893662536768,71.92459220964436,61.13590337819771,61.13590337819771,57.539673767715485,53.943444157233266,53.943444157233266,2563.4448,11.46,11.620000000000001,11.67,11.725000000000001,11.7,11.715,11.71,11.73,11.719999999999999,11.739999999999998,11.73,1907.6743025225064,1896.5917639718336,276.0106226045102,224.01135172475267,169.56283982529638,113.04189321686424,99.47686603084054,42.955919422408414,22.98518495409573,12.246205098493627,2.260837864337285,1722.4529548088067,7898.0353125,2513.7846487407646,4.0,4000.0,1.5604002863646604,19.7,28.057788570147626,3.17,6.0649999999999995,3635.354217064846,89.59506408521524,541.8181818181819,490.0,553.3333333333334,10.765833333333333,17.209999999999997,8.617777777777778,11.683636363636365,11.540000000000001,11.715555555555557,14.020833333333334,269.94444444444446,487.27777777777777,2.1140999999999996,2.5745,1.9990000000000003,0.0,0.0,2024-10,False,True,505.0,0.48833333333333334,0.5116666666666667,5249375.017064847,2685930.217064847,1356.3947596177475,0.808204761904762,66.12751322751323,0.808204761904762,0.9337550264550265,50.0,2.5620090952380954,2938.1105894423663,Early,1,0,1584.234571331848,1584.234571331848,0.10404935914784767,0.062114483450175964,150.94595486111112,88.94318976736797,5436.745833333333,159.3054911498702,499.7569633319289,0.9,Sulfide Super Grade
2024-10-22,150.15660000860962,3603.7584002066305,49.291666666666664,2.19,3.64,2.915,5.63,6.24,5.9350000000000005,475.0,655.0,0.0,0.7588972448956477,0.0,7524.206998734573,0.0,798.48219,6.345131086142322,13.819176029962545,78.5334456928839,475.0,655.0,670.0,630.0,610.0,570.0,545.0,525.0,510.0,505.0,500.0,18.19,11.99,9.75,9.61,8.64,8.5,8.74,8.8,8.92,8.54,8.45,13.8125,11.75,11.375,11.875,12.75,11.75,18.1875,13.9375,22.625,892.5,696.5,223.5,197.5,131.5,112.5,83.5,68.5,53.5,1239.25,962.5,668.5,445.0,328.25,289.0,201.5,181.25,157.25,3.233,3.039,1.602,1.408,1.038,0.93,0.901,0.804,0.074,0.039,0.006,4.808,4.376,3.24,2.905,2.07,1.342,0.917,0.753,0.427,0.275,628.9708876904831,528.907337376088,116.64551008078051,107.53257960571953,92.95189084562197,76.5486159905122,67.43568551545124,65.61309942043904,67.43568551545124,60.145341135402454,54.677582850365866,2575.749,11.76,11.765,11.765,11.739999999999998,11.735,11.71,11.695,11.665,11.645,11.629999999999999,11.565000000000001,2377.1654545861397,2234.520821678713,300.3698916959431,263.9955103045492,194.62169012508673,174.3720345051355,168.934626977556,150.74743628185908,13.874764035892502,7.31237564053794,1.1249808677750677,1866.8642160263153,8180.77453125,824.4737526907322,0.0,0.0,0.0,18.19,28.30378418102378,2.915,5.9350000000000005,3603.7584002066305,89.3878226617863,563.1818181818181,565.0,562.7777777777778,10.693333333333333,16.123333333333335,8.883333333333333,11.697727272727274,11.7625,11.683333333333334,14.229166666666666,273.27777777777777,496.94444444444446,1.8200999999999996,3.136,1.491125,0.0,0.0,2024-10,False,True,655.0,0.49291666666666667,0.5070833333333333,5225526.28909552,2649777.28909552,1735.6041243575658,0.7956963908273662,66.78700720620212,0.7956963908273662,0.9357114938734001,51.92104685450384,2.3194549792617725,2867.497552458219,Early,1,0,2027.14146192092,2027.14146192092,0.10612177338213706,0.08705236314074805,152.1572222222222,82.50553088768432,7004.133333333333,224.69905763616592,695.4149254791304,0.9,Sulfide Super Grade
2024-10-23,150.9428929363075,3622.6294304713797,49.5,3.0,3.46,3.23,7.54,6.18,6.859999999999999,545.0,490.0,1.5354288008326018,0.7982852194857272,4.0,8431.862972418434,0.0,898.7717302499999,11.32765031353744,13.450748801180374,75.22160088528219,545.0,490.0,485.0,500.0,505.0,495.0,515.0,545.0,535.0,550.0,540.0,8.92,8.89,7.73,7.88,7.99,7.144,7.44,7.64,7.81,7.88,7.22,13.5,13.0625,9.5,13.25,13.1875,14.0,13.0,15.4375,24.9375,865.5,649.5,280.0,178.0,134.0,81.5,54.0,46.5,37.5,1261.5,997.5,672.0,454.5,349.5,294.5,205.0,181.5,143.5,3.298,2.893,1.223,0.943,0.567,0.66,0.4,0.126,0.122,0.101,0.012,5.575,5.096,3.931,3.552,2.751,2.027,1.109,0.553,0.027,0.01,640.0242130750606,517.772397094431,121.02929782082326,100.85774818401939,88.02130750605326,80.6861985472155,75.18486682808717,71.51731234866828,69.68353510895884,62.34842615012107,60.51464891041163,2605.1354499999998,11.655000000000001,11.71,11.675,11.665,11.635,11.64,11.629999999999999,11.61,11.61,11.605,11.61,2419.5980629539954,2122.467312348668,228.80168280871675,176.41863196125908,106.0756779661017,123.47433414043584,74.83292978208233,23.572372881355932,22.82404358353511,18.89531476997579,2.24498789346247,1887.6399515738499,7764.74203125,2198.4518542545406,4.0,4000.0,1.5354288008326018,8.92,28.15634388161189,3.23,6.859999999999999,3622.6294304713797,89.34076925597601,518.6363636363636,517.5,518.8888888888889,7.955333333333333,8.910000000000002,7.6371111111111105,11.640454545454547,11.682500000000001,11.63111111111111,14.430555555555555,258.5,506.6111111111111,2.0151000000000003,3.0955,1.7449999999999999,0.0,0.0,2024-10,True,False,545.0,0.495,0.505,5262899.898989898,2657764.4489898984,1448.4816246994947,0.7522160088528218,72.56628089265953,0.7522160088528218,0.8867234968646255,72.2032207339755,2.4296577085946143,2724.999851741952,Early,1,0,1691.7896869747221,1691.7896869747221,0.1065923074402398,0.06463577524714952,114.79987962962963,90.9449907376064,4335.656666666667,168.73012777050226,523.7722753102071,0.9,Sulfide Super Grade
2024-10-24,152.94034925699023,3670.5683821677653,48.458333333333336,3.27,3.62,3.4450000000000003,7.41,7.9,7.655,405.0,470.0,0.0,0.7603891108781533,0.0,8831.686363883064,0.0,831.8937412500002,11.152599019238023,15.586363636363636,73.26103734439835,405.0,470.0,455.0,415.0,440.0,485.0,475.0,490.0,485.0,445.0,440.0,8.63,7.23,7.74,8.14,8.32,8.32,8.43,8.51,8.53,8.58,8.45,14.4375,12.3125,11.9375,10.0,11.9375,12.5625,15.25,14.0,23.375,1275.0,726.5,411.0,194.5,126.5,101.5,74.0,65.0,60.0,1426.0,1075.75,733.0,542.5,399.25,327.5,227.75,205.75,175.25,3.26,3.618,2.393,1.921,1.367,1.239,1.06,0.518,0.102,0.01,0.006,5.168,5.799,5.076,4.384,3.378,2.873,1.827,1.108,0.65,0.561,606.6950187656844,655.509560505452,147.59425370316907,117.36410535432722,104.91639721068644,97.80342112860602,87.13395700548536,80.02098092340492,76.4644928823647,56.9038086566435,55.125564636123386,2559.6730500000003,11.780000000000001,11.77,11.84,11.76,11.67,11.745000000000001,11.735,11.705,11.705,11.645,11.655000000000001,2418.0137244886623,2683.550200981589,452.6098910701992,363.3362309844767,258.55316384996337,234.34335772502166,200.4874569721735,97.97405916187346,19.292189255812918,1.8913911035110706,1.1348346621066423,2085.531560771947,10309.737656250001,1256.2756539246066,0.0,0.0,0.0,8.63,27.788611838845735,3.4450000000000003,7.655,3670.5683821677653,90.58057875954465,455.0,437.5,458.8888888888889,8.2925,8.163333333333334,8.335555555555555,11.728181818181817,11.775,11.717777777777778,13.979166666666666,337.1111111111111,568.0833333333334,2.6734999999999998,3.439,2.4821250000000004,0.0,0.0,2024-10,False,True,470.0,0.48458333333333337,0.5154166666666666,5282214.37661221,2722541.3266122094,1279.5944235077384,0.7326103734439834,73.68222604677479,0.7326103734439834,0.8884740098076198,77.02267031627963,2.523842736514523,2689.0964732116045,Early,1,0,1494.5337326249287,1494.5337326249287,0.09419421240455352,0.053217469533570844,115.92223958333334,95.73176778482356,3897.4750000000004,136.42921210678634,433.8256587426244,0.9,Sulfide Super Grade
2024-10-25,154.39918508245674,3705.5804419789615,49.291666666666664,2.66,3.26,2.96,5.54,7.38,6.46,390.0,410.0,0.0,0.7247877191346613,0.0,7849.170998074705,0.0,860.7707062500001,11.737182842602689,14.922188295165395,73.34062886223192,390.0,410.0,400.0,385.0,405.0,395.0,405.0,380.0,400.0,415.0,380.0,8.44,7.49,8.18,8.22,8.32,8.2,8.22,8.35,8.45,8.47,7.32,13.3125,11.9375,12.125,12.8125,13.0,12.5,12.8125,18.3125,22.375,1289.5,975.5,444.5,222.0,165.5,107.0,91.5,81.0,71.5,1590.5,1154.0,794.0,630.5,449.0,360.5,250.5,230.0,207.0,3.148,3.101,2.055,1.69,0.981,0.711,0.581,0.325,0.159,0.022,0.005,4.819,5.149,4.776,4.563,3.502,2.535,1.751,1.216,0.984,0.057,578.9391125332855,435.9911835127212,142.16171541095125,123.9358544608293,114.82292398576831,96.59706303564637,89.30671865559758,78.3712020855244,71.08085770547562,61.96792723041465,60.145341135402454,2648.52525,11.735,11.754999999999999,11.754999999999999,11.7,11.73,11.705,11.7,11.73,11.745000000000001,11.705,11.690000000000001,2314.666517487525,2280.1082816800554,385.30594721296075,316.8696110899774,183.93437188122357,133.31023283134553,108.93564736288572,60.936463671149504,29.811992996039294,4.1249298485085815,0.9374840564792232,1853.3198997516167,11421.426093749998,1160.968336887172,0.0,0.0,0.0,8.44,27.526052017245373,2.96,6.46,3705.5804419789615,89.03360996389128,396.8181818181818,400.0,396.1111111111111,8.174999999999999,8.123333333333333,8.19222222222222,11.722727272727274,11.745,11.717777777777778,14.354166666666666,383.1111111111111,629.5555555555555,2.5633,3.1245000000000003,2.4229999999999996,0.0,0.0,2024-10,False,True,410.0,0.49291666666666667,0.5070833333333333,5373170.414201183,2724645.1642011832,1117.1045173224852,0.7334062886223192,73.99784623773172,0.7334062886223192,0.8826281715739731,77.8920683667658,2.1708826143220645,2717.695999143243,Early,1,0,1304.7496560897964,1304.7496560897964,0.10966390036108724,0.052234815638564566,117.34531249999998,81.47711397104631,3351.7499999999995,138.51304556403525,440.7923135698178,0.9,Sulfide Super Grade
2024-10-26,158.39405252146608,3801.457260515186,48.166666666666664,2.68,3.36,3.02,5.02,6.6,5.81,560.0,495.0,1.5220425628548404,0.7601821996587532,4.0,7950.8436798581315,0.0,801.554457,11.311676427525622,17.487869692532943,71.20045387994143,560.0,495.0,520.0,475.0,480.0,455.0,445.0,440.0,440.0,420.0,400.0,,0.0,0.0,0.0,0.0,0.0,0.0,0.0,0.0,0.0,0.0,14.6875,10.625,10.25,11.0625,13.5,13.9375,16.5,14.375,19.5625,1236.5,976.5,408.5,261.0,161.0,121.5,110.0,96.0,72.5,1463.5,1019.0,739.5,594.5,415.0,364.25,295.0,277.25,224.0,2.157,2.37,1.026,0.675,0.361,0.298,0.309,0.033,0.024,0.015,0.006,3.798,3.833,3.405,2.823,2.187,1.671,1.496,0.553,0.376,0.114,622.1936741383893,511.58146540267563,128.69039160095687,112.82445291042794,91.6698679897227,75.80392929919377,70.51528306901746,65.22663683884115,59.93799060866485,54.64934437848853,52.886462301763096,2628.0474,11.66,11.66,11.69,11.66,11.65,11.645,11.645,11.6,11.575,11.585,11.59,1604.7070966598742,1763.16913263046,194.64048108443345,128.05294808186412,68.48461371489324,56.533005227252595,58.6197940108089,6.260366350668912,4.5529937095773905,2.845621068485869,1.1382484273943476,1845.979498538141,11243.21296875,3247.569950237911,4.0,4000.0,1.5220425628548404,8.44,26.831815540700468,3.02,5.81,3801.457260515186,89.91862386842571,466.3636363636364,527.5,452.77777777777777,8.44,8.44,,11.632727272727273,11.66,11.626666666666669,13.833333333333334,382.6111111111111,599.1111111111111,1.7152,2.2635,1.578125,0.0,0.0,2024-10,True,False,560.0,0.48166666666666663,0.5183333333333333,5456153.771626297,2828106.3716262975,1583.7395681107266,0.7120045387994144,75.06951409224011,0.7120045387994144,0.8868832357247437,81.44874945737331,2.1502537071742314,2706.6548235388004,Early,1,0,1849.767523795404,1849.767523795404,0.10081376131574282,0.0704327770169407,116.75333333333333,81.03208293291542,4726.4,185.42984957003452,612.5037744230661,0.9,Sulfide Super Grade
2024-10-27,242.06076630665314,5200.272129487931,31.583333333333332,2.3,3.0,2.65,5.52,6.82,6.17,545.0,465.0,1.4633449289598475,0.7837191176675631,3.0,5446.081702610685,0.0,604.77880675,10.771444812884889,12.814111795357649,76.41444339175747,545.0,465.0,395.0,415.0,410.0,425.0,415.0,415.0,405.0,365.0,375.0,,0.0,0.0,0.0,0.0,0.0,0.0,0.0,0.0,0.0,0.0,14.1875,13.25,11.375,12.75,13.5,14.125,13.5,14.375,24.125,1222.0,760.0,631.0,255.0,170.0,139.0,126.0,113.0,98.0,1463.5,1019.0,739.5,594.5,415.0,364.25,295.0,277.25,224.0,1.624,2.082,0.742,0.428,0.328,0.29,0.247,0.075,0.057,0.004,0.004,2.9,3.947,3.25,2.693,2.045,1.788,0.94,0.903,0.834,0.324,232.59506106252644,295.67168779134715,67.35401047886889,54.285321878491345,43.227200755094955,39.20606580113264,36.1902145856609,35.184930847170314,34.17964710867974,31.163795893207993,28.147944677736255,2050.0976499999997,11.43,11.605,11.64,11.645,11.65,11.635000000000002,11.635,11.64,11.65,11.675,11.675,1386.8786069268406,1778.0057017374888,161.58331355703663,93.20439110837152,71.4276642138922,63.152507993990056,53.78851542936395,16.332545170859497,12.412734329853219,0.8710690757791733,0.8710690757791733,897.2058808799168,12184.920000000002,1190.9313375634515,3.0,3000.0,1.4633449289598475,8.74,19.61435814514651,2.65,6.17,5200.272129487931,88.89515729336034,420.90909090909093,505.0,402.22222222222223,8.74,8.74,,11.625454545454545,11.5175,11.649444444444446,14.57638888888889,390.44444444444446,599.1111111111111,1.6483,1.853,1.597125,0.0,0.0,2024-10,True,False,545.0,0.3158333333333333,0.6841666666666667,6491074.353562005,4440976.703562005,2420.332303441293,0.7641444339175746,71.47312588820463,0.7641444339175746,0.8922855518711511,67.48832003294571,2.0249827498815725,3973.759002604895,Early,1,0,2826.88655499047,2826.88655499047,0.11104842706639664,0.1000719470915656,127.39763888888889,51.97804908463825,4763.3,205.65960128452346,1066.745617937468,0.9,Sulfide Super Grade
2024-10-28,102.41263121426795,2457.9031491424307,49.666666666666664,3.05,3.07,3.0599999999999996,7.43,6.86,7.145,520.0,505.0,0.0,0.7616310649458209,0.0,5439.693541761743,0.0,541.743135,8.187645161290323,12.714709677419355,79.09764516129033,520.0,505.0,475.0,515.0,475.0,475.0,455.0,460.0,425.0,405.0,390.0,8.74,7.41,8.3,8.32,8.43,8.4,8.5,8.56,8.6,8.59,8.63,14.3125,11.6875,11.0,9.875,9.875,13.3125,12.5,21.875,19.125,1054.5,533.0,303.0,205.0,147.0,140.5,126.5,120.0,103.5,1336.5,884.0,685.0,558.5,381.0,368.0,339.5,324.5,241.0,2.853,2.919,1.334,0.479,0.171,0.449,0.115,0.079,0.042,0.014,0.006,4.59,4.607,3.766,2.621,1.815,1.322,1.025,0.495,0.316,0.279,607.0271241243039,440.8173163283636,121.62222022633377,112.40841566373271,103.19461110113168,84.76700197592959,75.55319741332855,70.02491467576792,64.49663193820729,60.81111011316688,53.44006646308604,1776.2069999999999,11.684999999999999,11.73,11.684999999999999,11.605,11.57,11.53,11.52,11.47,11.48,11.51,11.5,2089.3984192563325,2137.733608765943,249.1239608406683,89.45305640380818,31.934180887372026,83.85056852883064,21.47620352074727,14.75321807077421,7.843483024968568,2.614494341656189,1.1204975749955095,1794.1626100233516,9227.700937500002,164.59676426489932,0.0,0.0,0.0,8.74,41.49878730396195,3.0599999999999996,7.145,2457.9031491424307,90.04092545212488,463.6363636363636,512.5,452.77777777777777,8.435,8.296666666666667,8.481111111111112,11.571363636363637,11.7075,11.541111111111112,13.729166666666666,303.6666666666667,568.6666666666666,1.7411,2.886,1.4548750000000001,0.0,0.0,2024-10,True,False,520.0,0.49666666666666665,0.5033333333333334,3576255.704697986,1800048.7046979866,936.025326442953,0.7909764516129033,68.18125,0.7909764516129033,0.9181235483870968,54.435585149027276,2.4203879419354837,1944.1435113168604,Early,1,0,1093.2537679598552,1093.2537679598552,0.09959074547875113,0.09559362048759618,115.80552083333333,126.98628915012354,4386.2,169.93408518272818,357.2713056362088,0.9,Sulfide Super Grade
2024-10-29,154.88296137566138,3717.191073015873,49.0,2.81,3.18,2.995,6.63,6.82,6.725,510.0,555.0,0.0,0.7310751126256432,0.0,7893.208359942857,0.0,790.22664,6.478527584947022,12.076010230179028,81.44546218487395,510.0,555.0,555.0,560.0,585.0,595.0,575.0,550.0,540.0,565.0,535.0,10.46,9.52,9.35,7.22,14.68,11.68,8.48,8.07,8.1,8.12,7.92,13.0,10.875,12.8125,12.0625,10.6875,13.75,14.25,13.25,19.75,1103.5,636.0,298.0,167.5,136.5,121.0,105.5,97.5,93.0,1401.5,938.75,724.25,533.75,376.25,338.0,310.5,296.0,241.5,2.25,2.323,1.089,0.789,0.342,0.188,0.066,0.014,0.004,0.002,0.002,4.706,5.041,4.073,3.199,1.935,1.239,0.832,0.559,0.352,0.21,566.898768077129,382.6566684520621,140.94520621317622,102.99841992501337,99.3844402785217,95.77046063203,84.92852169255488,75.89357257632564,72.27959292983395,63.244643813604704,59.63066416711301,2634.0888,11.34,11.57,11.620000000000001,11.675,11.684999999999999,11.695,11.665,11.675,11.675,11.72,11.7,1659.480449919657,1713.321371183717,204.81307712908406,148.39074183181575,64.32146223888591,35.35799678628816,12.412913765399034,2.6330423138725227,0.7522978039635778,0.3761489019817889,0.3761489019817889,1744.6309587573644,8888.0728125,3257.0453775463902,0.0,0.0,0.0,10.46,27.440074506916382,2.995,6.725,3717.191073015873,89.98852426080235,556.8181818181819,532.5,562.2222222222222,9.505,10.146666666666667,9.29111111111111,11.638181818181817,11.455,11.678888888888888,13.381944444444445,306.5,573.3888888888889,1.6972,2.2865,1.5498750000000003,0.0,0.0,2024-10,False,True,555.0,0.49,0.51,5375691.428571428,2741602.6285714284,1521.5894588571427,0.8144546218487396,65.64566587504568,0.8144546218487396,0.9352147241505299,50.0,2.4392915924369754,3027.4834497126535,Early,1,0,1777.1777773418519,1777.1777773418519,0.10011475739197652,0.07031361325979464,127.19538194444446,82.18302314821457,5275.275000000001,185.30822935482686,593.3795804828203,0.9,Sulfide Super Grade
2024-10-30,148.18302588783487,3556.392621308037,49.291666666666664,3.14,3.26,3.2,7.96,8.52,8.24,410.0,450.0,1.5736292469696227,0.7624787374647736,4.0,8141.908210308368,0.0,851.534758,7.633186646433992,17.319051593323216,75.04776176024279,410.0,450.0,415.0,390.0,410.0,415.0,410.0,435.0,395.0,430.0,415.0,8.17,8.17,8.34,8.42,8.47,4.43,8.43,8.52,8.58,8.61,8.59,14.3125,10.75,9.25,12.0,11.25,12.75,12.25,13.625,21.0,1073.0,546.5,308.5,193.5,172.0,145.0,140.5,132.0,123.0,1466.5,993.5,763.5,509.0,371.5,308.0,281.5,267.5,242.0,2.545,2.428,1.295,0.716,0.464,0.304,0.081,0.021,0.001,0.001,0.001,4.555,4.711,3.94,2.985,1.971,1.275,0.912,0.648,0.437,0.324,521.7599409250598,493.1703551209469,92.95189084562197,83.838960370561,71.08085770547562,72.90344380048782,63.790513325426836,60.145341135402454,56.500168945378064,54.677582850365866,49.209824565329285,2541.8948,11.489999999999998,11.565,11.515,11.510000000000002,11.455,11.4,11.375,11.395,11.345,11.265,11.4,1871.2917048938216,1785.2637561816107,242.80837062811878,134.24771688782474,86.9985204412719,56.99903063393676,15.187241714963415,3.9374330372127373,0.18749681129584464,0.18749681129584464,0.18749681129584464,1620.028879590056,9255.0178125,3086.0528036198702,4.0,4000.0,1.5736292469696227,8.17,28.68074784231346,3.2,8.24,3556.392621308037,89.54133679716651,415.90909090909093,430.0,412.77777777777777,8.075,8.17,8.043333333333333,11.428636363636365,11.5275,11.406666666666666,13.020833333333334,314.8888888888889,578.1111111111111,1.7465000000000004,2.4865,1.5615,0.0,0.0,2024-10,False,True,450.0,0.49291666666666667,0.5070833333333333,5156844.902789517,2614950.1027895175,1176.727546255283,0.7504776176024278,70.36589055386949,0.7504776176024278,0.92366813353566,67.8713533080616,2.4015283763277693,2668.993061698109,Early,1,0,1374.3878370198647,1374.3878370198647,0.10458663202833489,0.05526959876927384,105.14322916666666,91.77839309540308,3633.7499999999995,140.62456054824827,429.4948568972799,0.9,Sulfide Super Grade
2024-10-31,261.6192527419193,6169.8540438302625,33.166666666666664,2.79,3.01,2.9,6.07,6.77,6.42,395.0,460.0,0.0,0.734618080476282,0.0,7508.544610232412,0.0,840.5986875,5.8558878504672895,11.857943925233645,82.28616822429906,395.0,460.0,385.0,380.0,395.0,385.0,395.0,390.0,390.0,395.0,340.0,8.83,8.58,8.58,8.61,8.68,8.55,8.59,8.64,8.68,8.72,8.01,15.375,11.75,12.4375,11.25,11.125,11.375,11.25,14.6875,21.125,1046.0,532.5,279.5,226.0,123.5,169.0,126.5,108.0,106.0,1523.0,962.0,709.75,487.75,356.5,309.0,289.25,266.0,251.25,2.027,2.132,1.214,0.652,0.286,0.161,0.081,0.044,0.006,0.001,0.001,4.541,4.766,3.934,2.945,2.045,2.06,1.278,0.709,0.342,0.272,310.2145587891082,301.8303815245377,62.00099087149878,53.44913006163688,52.38014746040414,49.17319965670593,44.89726925177498,39.55235624561129,36.34540844191308,35.27642584068034,32.069478036982126,2586.4575,11.51,11.51,11.495000000000001,11.469999999999999,11.46,11.45,11.475,11.445,11.4,11.415,11.364999999999998,1712.2828274947337,1800.9802605914022,261.50537489272057,140.44604977763908,61.60670281657173,34.680696340797375,17.448052196301788,9.477954279472575,1.2924483108371694,0.2154080518061949,0.2154080518061949,1017.1893461808534,9410.22515625,2620.852106972508,0.0,0.0,0.0,8.83,16.531995615357882,2.9,6.42,6169.8540438302625,88.80477201461309,391.8181818181818,427.5,383.8888888888889,8.608333333333333,8.746666666666668,8.562222222222223,11.454090909090908,11.51,11.441666666666666,13.375,301.8888888888889,572.7222222222222,1.7744,2.0795000000000003,1.698125,0.0,0.0,2024-10,False,True,460.0,0.33166666666666667,0.6683333333333333,7798364.3216080405,5211906.8216080405,2397.477137939699,0.8228616822429907,64.73107476635515,0.8228616822429907,0.9414411214953271,50.0,2.386298878504673,5076.936477699889,Early,1,0,2800.1923031405586,2800.1923031405586,0.11195227985386917,0.06126353692739952,115.13645833333332,47.94278728453786,3959.833333333333,158.62014268916315,965.5802232201125,0.9,Sulfide Super Grade
2024-11-01,150.04254366582492,3601.021047979798,49.5,3.14,2.23,2.685,7.54,4.23,5.885,820.0,520.0,1.5446423356536758,1.5446423356536758,4.0,6966.275487878788,340.0,738.0349312500001,6.192813546706363,11.559717156680312,82.24746929661333,820.0,520.0,450.0,440.0,450.0,410.0,430.0,405.0,390.0,375.0,390.0,17.0,11.93,10.72,10.5,10.35,9.69,9.75,9.78,9.74,9.72,9.72,14.1875,11.625,11.25,12.0625,12.875,13.0625,11.625,14.625,18.125,1225.0,654.0,332.5,210.0,135.5,135.5,121.0,106.0,110.5,1579.5,930.5,656.0,466.5,341.5,310.0,297.0,264.5,260.5,3.037,3.078,1.91,1.306,1.272,0.724,0.223,0.119,0.051,0.008,0.001,3.772,4.115,3.682,2.984,2.747,1.891,1.119,0.726,0.505,0.21,524.9636803874092,489.00726392251823,106.3590799031477,95.35641646489105,89.85508474576271,77.01864406779661,67.8497578692494,62.34842615012107,64.1822033898305,64.1822033898305,58.68087167070218,2589.59625,11.91,11.765,11.705,11.645,11.600000000000001,11.575,11.555,11.530000000000001,11.505,11.465,11.465,2228.1138014527846,2258.193704600484,357.3272397094431,244.3295157384988,237.9687167070218,135.447602905569,41.7193583535109,22.26279661016949,9.541198547215496,1.4966585956416465,0.1870823244552058,1699.8036319612588,10131.25359375,679.842797421117,4.0,4000.0,1.5446423356536758,17.0,28.325299586133447,2.685,5.885,3601.021047979798,89.40560228296786,461.8181818181818,670.0,415.55555555555554,11.325000000000001,15.31,9.996666666666666,11.610909090909091,11.8375,11.560555555555558,13.270833333333334,336.6666666666667,567.3333333333334,1.9979,3.0575,1.7330000000000003,340.0,781.0868267457182,2024-11,True,False,820.0,0.495,0.505,5231507.575757576,2641911.325757576,2166.3672871212125,0.8224746929661333,64.96584015630815,0.8224746929661333,0.9380718645329363,50.0,2.208344550614068,2961.748680801768,Early,1,0,2530.2618770268705,2530.2618770268705,0.10594397717032143,0.11770995870415796,150.2921875,76.05342938876831,9286.5,305.3992350121601,942.365904420047,0.9,Sulfide Super Grade
2024-11-02,148.01446060873064,3552.3470546095355,49.916666666666664,2.3,3.18,2.74,5.46,6.58,6.02,310.0,425.0,0.0,0.772864891421129,0.0,7129.6181001505865,456.0,736.9964910000002,6.8840695067264575,14.577858744394621,78.53807174887892,310.0,425.0,465.0,500.0,380.0,510.0,565.0,555.0,565.0,545.0,535.0,16.83,12.93,11.53,11.1,9.63,9.34,9.02,8.97,9.3,9.27,9.22,13.3125,12.0,11.3125,11.25,11.1875,11.4375,10.9375,13.8125,19.5,943.5,621.5,324.0,182.0,133.0,124.5,131.5,116.5,123.5,1567.0,1117.5,671.25,500.5,422.0,379.75,388.5,429.0,366.75,3.007,2.942,1.6,1.42,1.066,0.426,0.063,0.003,0.001,0.001,0.001,4.275,4.678,3.767,3.405,2.494,1.624,0.888,0.44,0.337,0.138,553.2466129540443,618.7626592249179,135.50902237025701,103.95212674978622,89.10182292838817,76.1078070846649,72.39523112931539,68.68265517396588,66.82636719629113,61.25750326326687,57.54492730791736,2585.9526000000005,11.515,11.73,11.78,11.77,11.795,11.83,11.82,11.815000000000001,11.82,11.83,11.805,2196.272629067831,2148.797497411892,297.99774947112576,264.4730026556241,198.54100058513754,79.34190079668723,11.733661385425576,0.5587457802583607,0.1862485934194536,0.1862485934194536,0.1862485934194536,1903.3867353828152,8695.1653125,1154.798190236407,0.0,0.0,0.0,16.83,28.71341072028548,2.74,6.02,3552.3470546095355,89.66288964363416,486.8181818181818,367.5,513.3333333333334,11.164166666666667,15.53,9.708888888888888,11.773636363636363,11.6225,11.80722222222222,12.75,300.0,649.1388888888889,1.9042000000000001,2.9745,1.636625,456.0,1028.8100831031434,2024-11,False,True,425.0,0.49916666666666665,0.5008333333333334,5180539.432387314,2594586.8323873132,1102.6994037646082,0.7853807174887892,67.71624859865472,0.7853807174887892,0.9311593049327354,56.267759709923155,2.1519431659192825,2789.944878518424,Early,1,0,1287.924849933231,1287.924849933231,0.10337110356365847,0.05961048600780222,142.343125,78.67474537358223,4744.770833333333,155.10892296013517,470.043850180558,0.9,Sulfide Super Grade
2024-11-03,148.46230700163855,3563.0953680393254,49.916666666666664,2.96,3.18,3.0700000000000003,6.22,6.66,6.4399999999999995,355.0,405.0,0.0,0.5148451910386174,0.0,7966.7987388853935,292.0,855.9463770000001,8.92162434652726,14.353338312173266,76.72503734129948,355.0,405.0,320.0,325.0,320.0,325.0,325.0,330.0,320.0,320.0,325.0,,0.0,0.0,0.0,0.0,0.0,0.0,0.0,0.0,0.0,0.0,14.9375,11.6875,13.8125,14.5625,15.625,14.5625,6.875,9.1875,17.75,1220.0,783.0,410.0,186.0,187.0,166.5,161.0,149.0,161.0,1567.0,1117.5,671.25,500.5,422.0,379.75,388.5,429.0,366.75,2.77,3.011,1.352,0.862,0.451,0.352,0.151,0.069,0.007,0.001,0.001,4.869,4.952,4.523,3.685,3.21,2.568,2.214,1.235,1.158,0.685,735.2356303731377,560.526173650808,102.09583877211146,96.52697483908719,90.95811090606293,89.10182292838817,76.1078070846649,68.68265517396588,64.97007921861638,63.11379124094163,61.25750326326687,2593.7769000000003,11.760000000000002,11.745,11.58,11.545,11.495000000000001,11.495000000000001,11.435,11.44,11.46,11.215,11.434999999999999,2023.1709951838682,2199.1941756312735,251.80809830310127,160.54628752756898,83.99811563217357,65.55950488364766,28.12353760633749,12.851152945942298,1.303740153936175,0.1862485934194536,0.1862485934194536,2008.5763874510515,11838.86109375,2280.4400065587424,0.0,0.0,0.0,16.905,28.626794812996494,3.0700000000000003,6.4399999999999995,3563.0953680393254,89.25608133136105,333.6363636363636,380.0,323.3333333333333,16.905,16.905,,11.509545454545457,11.752500000000001,11.455555555555556,13.222222222222221,380.3888888888889,649.1388888888889,2.5059,2.8905000000000003,2.40975,292.0,660.7927643678597,2024-11,False,True,405.0,0.49916666666666665,0.5008333333333334,5196214.156928214,2602437.256928214,1053.9870890559266,0.7672503734129948,70.12286687826737,0.7672503734129948,0.9107837565347274,64.26045716453199,2.3554586463778944,2733.786251634285,Early,1,0,1231.030105638555,1231.030105638555,0.10743918668638948,0.050835977319625636,223.52166666666668,87.88426007589925,6846.525000000001,131.92139439285214,400.9856989516499,0.9,Sulfide Super Grade
2024-11-04,151.4641493319804,3635.1395839675292,48.666666666666664,2.73,2.97,2.85,5.51,6.25,5.88,340.0,345.0,0.0,0.3875966832673518,0.0,7272.128443287671,0.0,816.2176,6.317764705882354,13.046117647058825,80.63611764705881,340.0,345.0,355.0,345.0,350.0,340.0,360.0,355.0,330.0,345.0,320.0,16.98,11.97,10.42,10.23,10.16,9.64,9.6,9.62,9.65,9.62,9.54,13.3125,12.875,10.5625,10.375,13.375,14.5625,14.5,13.625,19.0,1147.0,883.5,357.5,279.5,248.0,233.5,245.0,266.5,225.5,1554.5,1304.5,686.5,534.5,502.5,449.5,480.0,593.5,473.0,2.765,2.869,1.425,0.896,0.568,0.356,0.144,0.044,0.007,0.001,0.001,4.865,4.657,4.658,4.852,3.25,3.12,2.586,2.154,1.658,1.152,470.1210395158419,428.02064791740827,80.51699893200427,73.35993236027055,69.7813990744037,66.20286578853684,62.62433250266998,59.04579921680313,55.46726593093627,57.2565325738697,53.677999288002844,2550.68,11.879999999999999,11.81,11.765,11.77,11.719999999999999,11.415,11.655,11.7,11.665,11.620000000000001,11.635,2046.434674261303,2123.4072623709503,268.94148273406904,169.10285510857958,107.19913136347454,67.18818796724813,27.177244571021713,8.304158063367746,1.321116055535778,0.1887308650765397,0.1887308650765397,1476.0748131007474,13133.9821875,1634.0687988734144,0.0,0.0,0.0,16.98,28.059445213565454,2.85,5.88,3635.1395839675292,88.77608383342863,344.09090909090907,342.5,344.44444444444446,11.200833333333335,15.310000000000002,9.83111111111111,11.694090909090908,11.844999999999999,11.660555555555556,13.57638888888889,431.77777777777777,730.9444444444445,2.9064000000000005,2.817,2.9287500000000004,0.0,0.0,2024-11,False,True,345.0,0.48666666666666664,0.5133333333333334,5241123.2876712335,2690443.2876712335,928.2029342465756,0.8063611764705882,66.05102941176472,0.8063611764705882,0.9368223529411764,50.0,2.2981293529411766,2931.235431562862,Early,1,0,1084.117412883174,1084.117412883174,0.11223916166571372,0.0474414062802263,152.06686921296298,79.96941885866154,3864.287500000001,121.05220683436198,380.39073999149963,0.9,Sulfide Super Grade
2024-11-05,147.37843567188983,3537.082456125356,48.75,2.76,2.98,2.87,5.42,6.6,6.01,430.0,410.0,4.019279842318829,1.0930656683052489,10.0,7187.663437876922,0.0,783.7224884999998,5.52475138121547,15.90342541436464,78.57182320441989,430.0,410.0,390.0,370.0,365.0,365.0,345.0,370.0,345.0,350.0,340.0,8.51,7.45,7.69,7.87,7.96,7.93,7.99,8.09,8.17,8.19,8.22,13.8125,14.5,10.5,13.5,10.625,12.375,10.5625,15.0,23.0625,1132.5,763.0,376.0,296.5,287.0,275.0,284.0,286.5,288.5,1665.0,1204.75,541.75,656.75,599.25,522.0,489.5,528.5,608.5,1.887,1.887,0.962,0.381,0.324,0.204,0.261,0.075,0.001,0.001,0.001,3.043,3.243,2.925,2.434,1.954,1.536,4.334,1.019,0.529,0.368,541.6232464929859,450.18036072144287,121.97074148296593,107.62124248496993,95.06543086172344,84.30330661322644,73.54118236472945,69.95380761523046,71.74749498997996,62.779058116232456,60.98537074148297,2488.0078999999996,11.725,11.79,11.795,11.83,11.77,11.79,11.795,11.7,11.754999999999999,11.79,11.805,1395.3967935871742,1395.3967935871742,181.40158316633264,71.84407815631262,61.09575150300601,38.46769539078156,49.21602204408817,14.142535070140278,0.18856713426853705,0.18856713426853705,0.18856713426853705,1739.7712424849697,14040.3478125,3154.4667840103066,10.0,10000.0,4.019279842318829,8.51,28.83732603500976,2.87,6.01,3537.082456125356,89.09628288422621,370.90909090909093,420.0,360.0,8.048333333333334,8.156666666666666,8.012222222222222,11.77681818181818,11.7575,11.78111111111111,13.770833333333334,443.22222222222223,757.3333333333334,1.8872999999999998,1.887,1.887375,0.0,0.0,2024-11,True,False,430.0,0.4875,0.5125,5103605.948717948,2615598.048717948,1124.7071609487175,0.785718232044199,66.84558011049725,0.785718232044199,0.9447524861878454,55.61269332851602,2.2550113259668514,2779.150174021368,Early,1,0,1313.6293504271493,1313.6293504271493,0.10903717115773777,0.05982472659112327,110.83225694444445,82.76312572047802,3460.7833333333333,149.82526193288524,457.70898025691525,0.9,Sulfide Super Grade
2024-11-06,153.97619429838343,3695.428663161202,47.875,3.01,2.99,3.0,8.74,6.81,7.775,340.0,395.0,0.0,0.9126100638700583,0.0,7608.834962060052,0.0,759.7805249999999,8.454803209782193,9.106411922048148,82.43878486816966,340.0,395.0,415.0,435.0,415.0,450.0,440.0,435.0,420.0,400.0,400.0,18.67,12.4,10.95,10.26,9.62,9.22,9.22,9.29,9.32,9.32,9.3,14.25,14.875,12.4375,11.8125,11.8125,12.5,13.375,14.75,16.625,1383.0,678.5,454.0,338.0,305.5,281.0,270.0,239.0,368.5,1775.5,1105.0,397.0,779.0,696.0,594.5,499.0,463.5,744.0,1.605,1.624,0.66,0.183,0.066,0.044,0.021,0.01,0.006,0.001,0.001,3.177,3.386,2.955,2.481,1.934,1.431,1.202,0.655,0.324,0.155,760.72039233879,445.46689641460677,104.8560540791305,90.87524686857977,78.64204055934788,69.90403605275367,64.66123334879714,57.67082974352178,55.92322884220294,50.6804261382464,50.6804261382464,2532.60175,11.905000000000001,61.85,11.955,11.975000000000001,11.91,11.985,11.86,11.885,11.879999999999999,11.855,11.84,1197.6071972960435,1211.7844787593613,125.58086685665054,34.82014944661674,12.558086685665055,8.37205779044337,3.9957548545297903,1.9027404069189475,1.1416442441513686,0.19027404069189477,0.19027404069189477,1830.0808105242234,15255.048281250001,4240.982572925168,0.0,0.0,0.0,18.67,27.60166933184567,3.0,7.775,3695.428663161202,90.01449592758294,413.1818181818182,367.5,423.3333333333333,11.353333333333332,16.580000000000002,9.611111111111109,16.44545454545454,36.8775,11.905000000000001,13.604166666666666,479.72222222222223,783.7222222222222,1.4365999999999999,1.6145,1.3921249999999998,0.0,0.0,2024-11,False,True,395.0,0.47875,0.52125,5290029.765013055,2757428.015013055,1089.1840659301567,0.8243878486816965,66.26001146350782,0.8243878486816965,0.915451967902178,50.0,2.4731635460450896,3046.466485580141,Early,1,0,1272.1392791849325,1272.1392791849325,0.09985504072417065,0.05191333521749246,154.45263888888886,82.80500799553701,4484.566666666666,131.66622777924073,424.04501291160113,0.9,Sulfide Super Grade
2024-11-07,290.86277416191,2448.095015862742,45.0625,2.76,2.77,2.7649999999999997,5.66,6.21,5.9350000000000005,270.0,370.0,0.0,0.8293459564527025,0.0,4275.431998809431,0.0,446.64541400000013,14.547156428119061,20.227732742241923,65.22511082963902,270.0,370.0,370.0,390.0,410.0,260.0,350.0,360.0,320.0,320.0,330.0,18.23,13.01,9.77,9.52,9.44,9.71,9.87,8.91,8.93,9.21,9.47,13.875,12.5,14.4375,16.75,15.25,11.4375,12.8125,10.0625,16.4375,1110.5,638.5,386.5,343.0,319.5,269.5,208.0,167.0,117.0,1575.0,1034.25,604.75,674.5,584.25,481.0,393.25,328.5,451.25,1.746,1.025,1.064,0.755,0.688,0.649,0.352,0.101,0.037,0.008,0.001,2.828,1.187,2.315,1.087,1.718,1.16,0.745,0.481,0.286,0.265,383.7659567592024,339.7272404097858,117.11152926348448,93.04751640112465,78.60910868370877,70.58777106292216,59.3578983938209,56.14936334550626,51.3365607730343,49.73229324887698,46.52375820056233,1540.1566000000003,11.62,11.61,11.7,11.73,11.59,11.7,11.6,11.48,11.63,11.65,11.67,1339.166144200627,786.165691755809,208.09997608505964,147.66492663930453,134.56088679184307,126.93316210451476,68.8451048702453,19.75385111333743,7.236559318747374,1.5646614743237568,0.1955826842904696,1345.9489965420291,12479.237812500001,973.4664410295104,0.0,0.0,0.0,18.23,41.66504949320924,2.7649999999999997,5.9350000000000005,2448.095015862742,89.55320973121836,340.90909090909093,320.0,345.55555555555554,11.191666666666668,16.49,9.425555555555555,11.634545454545455,11.614999999999998,11.63888888888889,13.729166666666666,395.5,680.75,1.0828000000000002,1.3855,1.007125,0.0,0.0,2024-11,False,True,370.0,0.450625,0.549375,3417823.2454923727,1877666.645492372,694.7366588321777,0.6522511082963901,80.82627849905002,0.6522511082963901,0.8545284357188093,95.651709211045,1.8034743144395184,1596.7726873113422,Early,1,0,811.4347427910207,811.4347427910207,0.10446790268781643,0.08654096243444709,153.65225694444445,115.20386184872353,4140.916666666667,133.81506757660915,293.4653917313213,0.9,Sulfide Super Grade
2024-11-08,149.02402682052352,3576.576643692564,49.875,1.99,2.89,2.44,5.33,5.09,5.21,615.0,550.0,0.0,0.7186417650108672,0.0,6356.791457396615,0.0,741.1204125,10.113817504655493,18.91094972067039,70.97523277467411,615.0,550.0,540.0,525.0,510.0,460.0,475.0,455.0,440.0,430.0,405.0,19.77,13.45,9.11,9.75,9.63,9.73,9.87,9.53,9.33,9.71,9.45,14.0625,14.375,14.75,12.4375,13.1875,11.5625,12.25,11.8125,16.5,985.0,612.5,459.0,335.5,224.5,159.5,118.5,85.5,73.5,1374.5,963.5,812.5,570.0,472.5,367.5,287.5,193.5,158.5,1.299,1.299,0.96,0.59,0.488,0.547,0.566,0.341,0.069,0.007,0.001,2.597,3.216,3.123,2.279,1.642,1.1189,0.849,0.633,0.431,0.273,428.97145171087266,392.6179388540191,83.43131200647906,76.0151953836809,66.74504960518324,68.59907876088278,63.036991293784176,61.18296213808464,61.18296213808464,59.328932982385105,57.47490382668557,2600.4224999999997,11.575,11.649999999999999,11.655000000000001,11.645,11.635,11.64,11.665,11.675,11.67,11.695,11.75,949.1984207329417,949.1984207329417,178.87896335290543,109.9360295606398,90.9301397043936,101.92374266045758,105.46405547681715,63.539298440979955,12.85692549099008,1.3043257744482688,0.18633225349260982,1418.5867787001418,10730.0015625,3041.864963582965,0.0,0.0,0.0,19.77,28.51889115248825,2.44,5.21,3576.576643692564,88.34128164393927,491.3636363636364,582.5,471.1111111111111,11.591666666666667,17.66333333333333,9.567777777777778,11.659545454545453,11.612499999999999,11.67,13.4375,339.27777777777777,577.7777777777778,1.2946899999999997,1.299,1.2936124999999998,0.0,0.0,2024-11,True,False,615.0,0.49875,0.50125,5213879.699248119,2613457.1992481197,1607.2761775375936,0.7097523277467411,74.46161545623836,0.7097523277467411,0.898861824953445,79.82652695471674,1.7317956797020484,2538.483598225424,Early,1,0,1877.2576848134884,1877.2576848134884,0.11658718356060736,0.09674692085177661,155.76302083333334,69.58609441207133,7128.875,252.04814734365843,769.3647504778621,0.9,Sulfide Super Grade
2024-11-09,166.13495734828876,3156.564189617486,45.75,3.92,3.01,3.465,7.52,6.87,7.195,760.0,660.0,2.464962894174065,0.883325586567939,5.0,7040.529839114754,0.0,659.2391325000001,8.14904148783977,13.654234620886982,78.19672389127327,760.0,660.0,605.0,560.0,550.0,565.0,580.0,590.0,585.0,595.0,580.0,18.23,12.93,8.72,9.12,9.24,9.37,9.75,9.54,9.31,9.76,9.71,14.0625,13.8125,11.5,14.25,11.125,16.625,18.0,14.25,16.75,1181.0,726.5,405.5,316.5,257.5,210.0,82.5,74.0,52.0,1547.0,1107.5,687.5,443.0,411.75,313.5,251.0,208.75,181.0,2.21,2.385,1.254,0.575,0.504,0.363,0.144,0.039,0.001,0.001,0.001,2.854,3.238,2.795,2.128,1.944,1.378,0.857,0.662,0.158,0.051,366.285602809208,404.84198205228256,90.1255364806867,81.93230589153336,73.73907530238003,67.18449083105735,68.82313694888802,63.907198595396025,60.62990635973468,57.35261412407335,52.43667577058135,2028.4281,11.985,11.92,11.885000000000002,11.870000000000001,11.795,11.745000000000001,11.780000000000001,11.71,11.684999999999999,11.705,11.705,1684.0148263753415,1817.3644166991805,243.66399141630902,111.72790674990246,97.93193913382756,70.53431330472104,27.98055403823644,7.578066718689037,0.19430940304330863,0.19430940304330863,0.19430940304330863,1387.2585251658213,11623.513593749996,2309.011388616482,5.0,5000.0,2.464962894174065,18.23,32.31361501707982,3.465,7.195,3156.564189617486,90.63651248465003,602.7272727272727,710.0,578.8888888888889,11.159166666666666,16.463333333333335,9.391111111111112,11.798636363636364,11.9525,11.764444444444445,14.48611111111111,367.27777777777777,572.3333333333334,1.4568,2.2975,1.2466249999999999,0.0,0.0,2024-11,True,False,760.0,0.4575,0.5425,4433722.622950819,2405294.522950819,1828.0238374426226,0.7819672389127326,68.72019849785408,0.7819672389127326,0.9185095851216023,58.25419805098534,2.709516482832618,2468.329783805993,Early,1,0,2135.0853355637078,2135.0853355637078,0.0936348751534998,0.1079464212732545,161.65292824074072,111.96667603418157,8480.966666666665,219.3355863330842,616.1844657197837,0.9,Sulfide Super Grade
2024-11-10,146.28712110576376,3510.89090653833,49.541666666666664,3.12,3.3,3.21,6.68,6.46,6.57,825.0,795.0,0.0,0.7904318671776261,0.0,8200.712592887552,0.0,771.000289,9.991719984945426,19.931829130598416,70.07645088445615,825.0,795.0,760.0,425.0,750.0,710.0,740.0,720.0,640.0,625.0,595.0,21.05,18.62,12.11,11.97,11.56,11.22,11.41,11.14,11.9,11.21,11.02,12.5625,14.8125,10.5,12.9375,14.6875,14.8125,12.625,15.0,23.375,1061.5,835.5,390.5,312.5,131.5,120.0,80.0,58.0,54.5,1547.0,1107.5,687.5,443.0,411.75,313.5,251.0,208.75,181.0,1.966,3.966,0.649,0.12,0.014,0.001,0.001,0.001,0.001,0.001,0.001,3.509,2.023,3.305,2.494,2.16,1.227,0.749,0.558,0.349,0.238,1591.21784376612,1504.816874873842,100.98113239284993,89.96500885908448,84.45694709220176,78.94888532531903,75.27684414739721,67.93276179155359,66.09674120259267,60.588679435709956,60.588679435709956,2527.8698,11.935,11.754999999999999,11.725000000000001,11.725,11.725000000000001,11.815000000000001,11.765,11.75,11.75,11.739999999999998,11.765,1441.7274541906834,2908.388140040819,121.3625051023841,22.439908493507076,2.6179893242424925,0.1869992374458923,0.1869992374458923,0.1869992374458923,0.1869992374458923,0.1869992374458923,0.1869992374458923,3780.8703983223804,10382.835000000003,2853.912728733807,0.0,0.0,0.0,21.05,29.052454979459903,3.21,6.57,3510.89090653833,90.59837446725439,689.5454545454545,810.0,662.7777777777778,13.688333333333334,20.24,11.504444444444443,11.768181818181818,11.844999999999999,11.751111111111111,14.590277777777779,338.22222222222223,572.3333333333334,1.7012000000000005,2.966,1.385,0.0,0.0,2024-11,True,False,825.0,0.4954166666666666,0.5045833333333334,5102512.632464256,2574642.8324642563,2124.0803367830113,0.7007645088445615,74.94704318780579,0.7007645088445615,0.9000828001505456,81.1171551621098,2.2494540733910426,2460.30774172717,Early,1,0,2480.871794849871,2480.871794849871,0.09401625532745601,0.1006010137113596,199.71658564814817,93.25838048406628,11292.875,257.00854514471916,772.854849315071,0.9,Sulfide Super Grade
2024-11-11,144.11842066195175,3458.842095886842,49.75,2.18,2.9,2.54,5.8,6.48,6.140000000000001,615.0,705.0,1.995495289114541,0.904188563099703,5.0,6383.315938608041,0.0,726.6366440000002,10.918823529411764,15.415779707856297,73.66539676273193,615.0,705.0,685.0,685.0,730.0,715.0,730.0,740.0,735.0,735.0,735.0,19.28,13.4,10.62,10.43,10.35,9.4,9.45,9.53,9.58,9.53,9.5,14.0625,12.625,12.5625,12.5625,14.375,12.25,14.125,13.6875,19.0,1339.5,509.0,327.5,144.0,131.5,112.0,89.5,91.0,81.5,1719.5,1251.5,562.5,316.0,351.0,259.5,214.5,224.0,203.5,2.843,2.835,1.651,1.064,1.028,0.978,0.325,0.131,0.03,0.0013,0.001,4.4042,3.791,3.076,2.487,1.678,0.631,1.007,0.469,0.257,0.186,804.1027369556426,615.7543481191857,116.37757179452609,99.75220439530808,92.36315221787785,84.97410004044762,75.73778481865983,68.34873264122962,66.50146959687206,64.6542065525145,60.95968046379939,2505.6436000000003,11.945,12.015,12.0,12.005,11.96,11.969999999999999,11.98,11.95,11.905,11.915,11.905,2080.21585546717,2074.362275852771,308.0482856950249,198.52415262235405,191.80717001483077,182.4780275043818,60.63942631791829,24.442353377376296,5.59748550626938,0.24255770527167314,0.18658285020897936,2149.5259875960633,9819.189375,513.3146272118356,5.0,5000.0,1.995495289114541,19.28,29.489637622167123,2.54,6.140000000000001,3458.842095886842,88.61662729859408,710.0,660.0,721.1111111111111,11.695833333333333,17.32,9.82111111111111,11.95909090909091,11.98,11.954444444444444,13.916666666666666,313.94444444444446,566.8888888888889,1.5469,2.839,1.223875,0.0,0.0,2024-11,False,True,705.0,0.4975,0.5025,5036469.547738695,2530825.9477386936,1784.232293155779,0.7366539676273193,73.28339172917488,0.7366539676273193,0.8908117647058823,75.68230150094107,1.871101077773391,2547.9697533314347,Early,1,0,2083.9379259329166,2083.9379259329166,0.11383372701405911,0.11044416519257134,162.76701388888887,74.9036795603045,8245.5625,277.5579623702269,820.4447722382654,0.9,Sulfide Super Grade
2024-11-12,143.44030441365624,3442.5673059277497,50.791666666666664,2.23,2.473,2.3514999999999997,4.79,5.507,5.1485,760.0,735.0,0.0,0.8243525843934393,0.0,6048.5486587366695,0.0,694.0674000000001,9.609169230769231,15.74183846153846,74.6489923076923,760.0,735.0,710.0,640.0,645.0,605.0,610.0,645.0,620.0,605.0,570.0,18.91,16.11,12.01,11.9,11.1,10.61,10.75,10.42,10.22,10.11,10.1,16.0,11.5,12.125,11.125,11.875,10.375,11.125,13.0,16.9375,1334.5,526.5,221.5,112.0,112.0,88.0,91.5,75.0,61.5,1761.25,1122.5,486.0,297.75,302.0,218.25,272.25,201.5,187.75,3.556,3.619,1.945,1.709,1.809,1.646,0.8,0.251,0.066,0.001,0.001,3.975,3.947,2.746,2.184,2.137,0.686,0.435,0.387,0.191,0.163,701.9130158586112,619.7742586836673,93.30216099099303,81.87740658393265,79.9732808494226,78.06915511491253,70.45265217687229,66.64440070785216,64.74027497334211,59.027897769811915,53.315520566281734,2570.6200000000003,10.885,11.16,11.23,11.3,11.36,11.435,11.5,11.625,11.64,11.655000000000001,11.725,2572.54740567643,2618.1240329423513,358.80742393992335,315.2708933230483,333.71857578782584,303.64885337023844,147.5814597182204,46.303682986591646,12.175470426753183,0.18447682464777548,0.18447682464777548,1969.0900242756995,9337.08796875,-1357.3725491460154,0.0,0.0,0.0,18.91,29.629050338207303,2.3514999999999997,5.1485,3442.5673059277497,88.52505883378366,649.5454545454545,747.5,627.7777777777778,12.595833333333333,17.976666666666663,10.802222222222222,11.410454545454545,11.0225,11.496666666666666,12.67361111111111,291.3888888888889,538.8055555555555,1.6103999999999998,3.5875000000000004,1.1161250000000003,0.0,0.0,2024-11,True,False,760.0,0.5079166666666667,0.4920833333333333,5061105.824446268,2490485.824446268,1892.7692265791636,0.7464899230769231,71.85011057692309,0.7464899230769231,0.9039083076923077,71.24516660403756,1.7553710541153844,2569.841803389136,Early,1,0,2210.7063028943007,2210.7063028943007,0.11474941166216336,0.12564997702419697,159.63469328703704,69.67271187029446,9572.833333333334,323.19658432241414,940.1220079414082,0.9,Sulfide Super Grade
2024-11-13,136.76554471239731,3282.3730730975353,51.833333333333336,2.56,2.966,2.763,5.34,6.364,5.852,600.0,540.0,0.0,0.7585484714812134,0.0,6993.542184441801,436.0,736.2181134,12.353682795698925,15.341182795698925,72.30513440860216,600.0,540.0,530.0,525.0,485.0,400.0,575.0,515.0,520.0,535.0,530.0,19.11,12.37,10.34,10.27,10.13,10.56,10.78,10.71,10.68,10.53,10.65,14.5625,12.8125,13.8125,15.4375,12.5,12.25,13.4375,12.0625,17.75,1156.5,611.5,177.0,117.5,106.0,68.5,89.5,78.5,76.0,1803.0,993.5,409.5,279.5,253.0,177.0,330.0,179.0,172.0,2.576,2.705,1.522,0.85,0.609,0.559,0.279,0.129,0.031,0.001,0.001,4.17,4.252,3.44,2.481,1.581,0.063,0.71,1.109,0.463,0.36,561.6979748923302,600.1704389260515,105.95316594886833,92.21849628882983,84.3701136259507,80.44592229451112,72.597539631632,70.63544396591222,66.71125263447266,64.74915696875287,56.900774305873725,2525.6196,11.71,11.675,11.635,11.545,11.51,11.445,11.5,11.425,11.4,11.385,11.385,1841.8883899935854,1934.1258132502517,277.5059406212774,154.98032163474753,111.03884220654265,101.92235269861634,50.8700114542289,23.52054293044992,5.652223494914322,0.18232979015852652,0.18232979015852652,1856.4502794831853,8822.434218750002,1741.8056788522765,0.0,0.0,0.0,19.11,31.075078221910907,2.763,5.852,3282.3730730975353,89.47288664336894,523.1818181818181,570.0,512.7777777777778,12.103333333333333,16.863333333333333,10.516666666666667,11.510454545454547,11.6925,11.47,13.847222222222221,275.6666666666667,510.72222222222223,1.5487999999999997,2.6405000000000003,1.2758749999999996,436.0,889.8033610468336,2024-11,True,False,600.0,0.5183333333333333,0.4816666666666667,4872578.006430869,2346958.406430869,1408.1750438585211,0.7230513440860215,75.03034274193547,0.7230513440860215,0.8764631720430107,81.34889309820362,1.9977908637096773,2373.324262294938,Early,1,0,1644.7126259881054,1644.7126259881054,0.10527113356631054,0.08579343402471945,167.5975462962963,85.86044112713984,7262.0,217.15448007788606,595.2611919566363,0.9,Sulfide Super Grade
2024-11-14,138.65156672983176,3327.637601515962,51.916666666666664,2.53,2.546,2.538,5.21,5.214,5.212,550.0,565.0,1.9481299491510808,0.8478059782570802,5.0,6517.50476576894,396.0,757.1363504999999,14.848940471733435,15.140138524897042,70.01092100336952,550.0,565.0,505.0,500.0,500.0,510.0,495.0,495.0,455.0,465.0,455.0,18.21,16.12,10.82,10.64,10.24,10.81,10.17,10.19,10.01,10.11,9.84,14.375,10.8125,10.9375,13.125,12.375,9.9375,11.4375,12.4375,20.625,980.5,412.0,168.5,149.0,111.0,100.0,78.0,70.5,61.0,1899.75,865.5,426.5,292.5,263.75,219.5,268.0,174.5,160.0,2.338,2.563,0.814,0.351,0.087,0.07,0.066,0.012,0.006,0.001,0.001,3.93,4.232,2.979,2.415,1.471,1.079,0.644,0.749,0.413,0.339,516.7623458205328,524.4752166536751,169.14325737081023,139.641526434041,112.10657755972306,86.5384107478564,80.63806456050256,74.73771837314871,68.83737218579486,66.87059012334359,60.97024393598974,2566.5639,11.72,11.705,11.645,11.61,11.58,11.635000000000002,11.620000000000001,11.645,11.635000000000002,11.58,11.629999999999999,1670.1225182264204,1830.8485946169017,148.2751630060984,63.93683318813334,15.847591132101426,12.750935393644829,12.02231051400798,2.185874638910542,1.092937319455271,0.18215621990921183,0.18215621990921183,1900.7213237654182,7074.3375,1999.769970340777,5.0,5000.0,1.9481299491510808,18.21,30.652376314515784,2.538,5.212,3327.637601515962,88.3830334198356,499.54545454545456,557.5,486.6666666666667,12.114166666666668,17.513333333333332,10.314444444444446,11.636818181818182,11.7125,11.62,12.895833333333334,236.72222222222223,507.77777777777777,1.499,2.4505,1.261125,396.0,818.5348853915838,2024-11,False,True,565.0,0.5191666666666667,0.48083333333333333,4943622.27929374,2377058.3792937403,1343.0379843009632,0.7001092100336952,78.02376216772744,0.7001092100336952,0.8515105952826656,91.23591314985349,1.7768771750655183,2329.7097324757606,Early,1,0,1568.6341975702117,1568.6341975702117,0.11616966580164402,0.08668961823664134,156.22227430555557,77.79573108624105,6844.5041666666675,222.6153561254684,618.056744287931,0.9,Sulfide Super Grade
2024-11-15,145.22260570859586,3485.3425370063005,50.208333333333336,2.59,2.74,2.665,5.39,5.24,5.3149999999999995,455.0,460.0,0.0,0.7887981179907944,0.0,6830.765461083195,302.0,712.12909603,11.486789751318764,17.023884702336098,71.48932554634514,455.0,460.0,460.0,520.0,485.0,400.0,395.0,460.0,435.0,440.0,380.0,16.23,13.01,10.11,10.37,10.41,10.57,10.27,10.74,10.91,10.85,10.81,14.875,13.5,12.5,11.4375,17.3125,15.9375,12.875,15.1875,24.5625,822.5,373.0,197.5,135.0,120.0,112.0,79.5,76.5,54.0,1996.5,737.5,443.5,305.5,274.5,262.0,206.0,170.0,148.0,3.688,3.216,1.603,1.093,0.783,0.539,0.211,0.077,0.017,0.001,0.001,3.302,3.465,2.631,1.892,1.231,1.063,0.619,0.391,0.288,0.28,499.2395351461131,411.13844070856373,91.73526458309829,84.24667155590659,76.75807852871489,73.01378201511905,71.14163375832112,69.26948550152319,61.7808924743315,61.7808924743315,56.164447703937725,2558.8541,11.43,11.525,11.55,11.56,11.545,11.55,11.57,11.515,11.49,11.485,11.51,2685.1702583775245,2341.5150626198806,297.614864605664,202.927665011847,145.3727005528602,100.07137368836737,39.17450806724585,14.295910526909624,3.156239986460567,0.18566117567415097,0.18566117567415097,1556.2691244499606,7307.606718749999,278.7376715381929,0.0,0.0,0.0,16.23,29.265416215765082,2.665,5.3149999999999995,3485.3425370063005,89.57468090381376,444.54545454545456,457.5,441.6666666666667,11.709166666666667,15.156666666666666,10.559999999999999,11.520909090909091,11.4775,11.530555555555557,15.354166666666666,218.88888888888889,504.8333333333333,1.5299,3.452,1.0493749999999997,302.0,666.4007621497384,2024-11,False,True,460.0,0.5020833333333333,0.4979166666666667,5096472.896265561,2537618.7962655607,1167.3046462821578,0.7148932554634513,74.9984151281085,0.7148932554634513,0.8851321024868124,81.24534515206375,1.9051905258100976,2491.6478726856785,Early,1,0,1363.3821295782984,1363.3821295782984,0.10425319096186235,0.06734237950647702,179.78449652777778,77.99233421501394,5386.216666666666,172.60723224303098,511.586121469825,0.9,Sulfide Super Grade
2024-11-16,136.2134358160857,3269.122459586057,51.708333333333336,2.6,2.67,2.635,5.14,5.13,5.135,405.0,415.0,0.0,0.7384542101751527,0.0,6614.975269401471,350.0,714.3323932500002,5.868176943699733,14.77188816545385,79.35993489084642,405.0,415.0,430.0,440.0,415.0,440.0,475.0,410.0,425.0,430.0,395.0,19.21,13.11,10.91,10.85,10.63,10.71,10.79,10.51,10.48,10.44,10.39,12.5625,10.9375,12.625,12.5625,13.875,11.9375,11.5,14.0625,21.5625,831.0,417.0,178.5,153.0,98.0,92.0,89.5,69.5,62.5,1516.75,799.0,568.25,410.75,342.75,308.75,270.0,221.5,170.75,2.625,2.645,1.52,0.807,0.737,0.322,0.108,0.044,0.013,0.001,0.001,4.679,4.693,3.691,2.162,1.414,1.193,0.89,0.597,0.486,0.457,590.3574125346087,598.0243919181751,107.52938585451801,95.7989073976615,87.97858842642383,82.11334919799556,76.24810996956731,72.33795048394848,66.47271125552022,60.607472027091966,56.697312541473124,2506.4294500000005,11.385000000000002,11.415,11.395,11.42,11.36,11.39,11.36,11.375,11.395,11.335,11.295000000000002,1879.5992265977163,1893.9199826098893,277.5362515159142,147.34983879825182,134.56856405738736,58.793863807976564,19.719681028762327,8.033944122829096,2.3736653090176874,0.18258963915520673,0.18258963915520673,1894.165591606984,6372.00375,1468.986511336694,0.0,0.0,0.0,19.21,31.20103369052606,2.635,5.135,3269.122459586057,89.20128399339225,425.45454545454544,410.0,428.8888888888889,12.270000000000001,17.176666666666666,10.634444444444444,11.374999999999998,11.4,11.369444444444445,13.51388888888889,221.22222222222223,512.0555555555555,1.616,2.635,1.36125,350.0,712.4220343989771,2024-11,False,True,415.0,0.5170833333333333,0.48291666666666666,4847244.705882354,2340815.255882353,971.4383311911765,0.7935993489084642,66.56765128303331,0.7935993489084642,0.9413182305630027,52.70812159380237,2.091134284373803,2594.373455429532,Early,1,0,1134.6152565671139,1134.6152565671139,0.1079871600660774,0.06273644013752293,165.8154166666667,82.21472377453617,5092.05,157.49465846429428,430.59239113594026,0.9,Sulfide Super Grade
2024-11-17,147.7413048913043,3545.7913173913034,49.833333333333336,2.62,2.46,2.54,5.38,4.76,5.07,505.0,525.0,1.9418223046952994,0.8125005804749091,5.0,6545.432534634781,342.0,741.5714591999999,9.67181818181818,12.728249158249158,77.59993265993266,505.0,525.0,490.0,455.0,470.0,475.0,420.0,430.0,455.0,445.0,405.0,,0.0,0.0,0.0,0.0,0.0,0.0,0.0,0.0,0.0,0.0,14.0,11.25,13.375,15.1875,13.1875,15.875,16.5,21.6875,25.875,980.0,421.5,254.0,176.0,154.0,87.5,70.0,61.5,61.0,1516.75,799.0,568.25,410.75,342.75,308.75,270.0,221.5,170.75,1.519,1.68,0.987,0.841,0.714,0.708,0.219,0.074,0.014,0.001,0.001,2.077,2.557,1.61,1.557,1.027,0.893,0.432,0.258,0.251,0.173,384.87811459926246,384.87811459926246,77.77442655392643,75.92265449311866,72.21911037150312,66.6637941890798,61.10847800665648,62.96025006746426,59.25670594584871,57.40493388504093,49.99784564180985,2574.9008999999996,11.115,11.079999999999998,11.045,11.04,11.04,11.09,11.095,11.01,11.120000000000001,11.14,11.155000000000001,1110.4536295763244,1228.1514797157504,183.9924435549159,156.7757295133579,133.10091661419446,131.9824215165962,40.82507106233696,13.794772870378699,2.60982189439597,0.18641584959971216,0.18641584959971216,1353.0644283529732,8164.90078125,2797.205063522607,5.0,5000.0,1.9418223046952994,19.21,28.766498327104898,2.54,5.07,3545.7913173913034,88.67039794122059,461.3636363636364,515.0,449.44444444444446,19.21,19.21,,11.084545454545456,11.0975,11.081666666666669,16.32638888888889,251.72222222222223,512.0555555555555,0.9399999999999998,1.5995,0.7751250000000001,342.0,770.8752317807183,2024-11,False,True,525.0,0.49833333333333335,0.5016666666666667,5167025.217391303,2592124.317391304,1360.8652666304345,0.7759993265993266,70.04492845117846,0.7759993265993266,0.9032818181818182,61.78514082252952,1.9710382895622895,2751.5316745573905,Early,1,0,1589.4560097889503,1589.4560097889503,0.11329602058779416,0.08020860305594665,313.6299305555556,73.06690575084644,10085.25,206.692099637403,625.7676189420318,0.9,Sulfide Super Grade
2024-11-18,136.65249796407855,3279.6599511378854,51.875,2.05,2.19,2.12,5.11,4.63,4.87,375.0,400.0,0.0,0.7662374427247229,0.0,5366.821902280121,354.0,656.9015700000001,10.777274450341167,16.291402577710386,72.93132297194845,375.0,400.0,405.0,410.0,390.0,405.0,420.0,430.0,445.0,445.0,415.0,,0.0,0.0,0.0,0.0,0.0,0.0,0.0,0.0,0.0,0.0,13.25,11.6875,12.625,9.875,12.1875,13.6875,13.5,18.5625,24.0625,734.5,590.0,381.0,211.5,162.5,143.5,131.0,91.5,66.0,1037.0,860.5,693.0,516.0,411.0,355.5,334.0,273.0,193.5,1.943,2.124,0.719,0.321,0.238,0.21,0.109,0.036,0.022,0.001,0.001,4.028,4.232,2.957,1.992,1.792,1.08,0.624,0.553,0.362,0.317,600.8869027157099,500.73908559642484,108.04408731522862,90.36414575455484,90.36414575455484,84.47083190099691,84.47083190099691,82.50639394981094,76.61308009625301,68.75532829150912,49.11094877964937,2526.5445000000004,11.64,11.649999999999999,11.605,11.65,11.565,11.575,11.489999999999998,11.44,11.399999999999999,11.355,11.275,1388.6204881402543,1517.9773117909933,131.03274492952903,58.50001546923342,43.373843245101405,38.27103815744242,19.864491234101067,6.5607493984187,4.0093468545892055,0.1822430388449639,0.1822430388449639,1836.3257820556892,8294.16984375,1492.0892813749763,0.0,0.0,0.0,18.48,31.10078530080866,2.12,4.87,3279.6599511378854,87.75995212882111,412.72727272727275,387.5,418.3333333333333,18.48,18.48,,11.51318181818182,11.645,11.483888888888892,14.381944444444445,279.05555555555554,519.2777777777778,1.3744,2.0335,1.2096250000000002,354.0,721.5144052488214,2024-11,False,True,400.0,0.51875,0.48124999999999996,4870447.228915663,2343902.728915663,937.5610915662652,0.7293132297194844,73.65371967399545,0.7293132297194844,0.8922272554965883,77.11812639494129,1.5461440470053072,2391.8993913460176,Early,1,0,1095.0475025526391,1095.0475025526391,0.12240047871178884,0.07453200558603557,265.77833333333336,65.93366483771436,7392.0,188.67835529077692,516.5294043672619,0.9,Sulfide Super Grade
2024-11-19,145.51604957949226,3286.2374530035327,49.21739130434783,2.67,2.626,2.6479999999999997,5.35,4.574,4.962,280.0,285.0,0.0,0.7277966778309998,0.0,6216.934931338515,258.0,656.229168,7.795496715927751,13.164486863711,79.04001642036125,280.0,285.0,280.0,255.0,280.0,265.0,260.0,280.0,290.0,280.0,285.0,18.48,13.77,10.11,10.17,9.99,9.37,9.41,9.41,9.41,9.4,9.32,14.5625,11.25,12.5625,13.625,16.1875,17.125,17.3125,13.625,17.875,835.5,288.0,184.0,127.0,90.0,100.5,86.0,85.0,84.0,1311.5,1043.5,636.25,438.25,346.5,302.25,269.5,233.0,195.0,1.671,1.973,0.57,0.262,0.128,0.066,0.009,0.001,0.001,0.001,0.001,2.962,3.653,2.524,1.539,0.874,0.694,0.321,0.296,0.096,0.076,513.4888930371477,484.9617323128617,92.7489313048348,80.01868583162218,74.56286634310248,69.10704685458279,63.65122736606309,63.65122736606309,60.014014373716634,60.014014373716634,58.1954078775434,2343.6755999999996,11.34,11.370000000000001,11.325,11.32,11.375,11.335,11.375,11.370000000000001,11.36,11.41,11.375,1229.6214299047974,1451.8510360276275,106.95719619189845,49.162781407504205,24.018458092215795,12.38451745379877,1.688797834608923,0.1876442038454359,0.1876442038454359,0.1876442038454359,0.1876442038454359,1620.4140470412544,6827.6967187499995,2674.537671569356,0.0,0.0,0.0,18.48,31.038536155314873,2.6479999999999997,4.962,3286.2374530035327,89.44449032766838,276.3636363636364,282.5,275.0,11.443333333333333,16.91,9.621111111111112,11.359545454545454,11.355,11.360555555555557,14.902777777777779,208.88888888888889,530.6388888888889,1.0064,1.822,0.8024999999999999,258.0,542.5200338042707,2024-11,False,True,285.0,0.4921739130434783,0.5078260869565216,4761885.053003533,2418209.4530035327,689.1896941060069,0.7904001642036125,67.97217518472905,0.7904001642036125,0.9220450328407225,54.557638618852245,2.0929796348111656,2597.4426224660533,Early,1,0,804.9560291106209,804.9560291106209,0.10555509672331619,0.04584252580212209,170.5374537037037,82.19004373927378,3261.35,107.62799234141866,303.985267846655,0.9,Sulfide Super Grade
2024-11-20,147.95510308641974,3550.9224740740738,49.333333333333336,2.3,2.426,2.363,5.02,4.774,4.897,295.0,325.0,0.0,0.6902510403750438,0.0,6007.2222227,196.0,693.7195083,5.650932622763609,12.065439665017129,82.28362771221926,295.0,325.0,320.0,310.0,300.0,280.0,285.0,310.0,290.0,280.0,270.0,20.99,16.48,11.3,10.55,10.34,10.07,10.03,10.0,9.94,9.92,9.79,13.725,13.625,13.375,12.625,12.5,13.375,16.25,21.6875,24.0625,1000.0,706.5,248.0,168.0,120.0,100.0,86.5,82.0,84.0,1586.0,1226.5,579.5,360.5,282.0,249.0,205.0,193.0,196.5,1.306,1.508,0.597,0.35,0.215,0.119,0.109,0.065,0.016,0.001,0.001,2.257,2.827,2.353,1.938,1.252,0.751,0.422,0.24,0.135,0.11,457.9942693409743,415.0573065902579,78.4672994269341,72.99283667621778,71.16801575931233,67.51837392550144,65.69355300859598,63.868732091690546,60.219090257879664,56.56944842406877,54.74462750716332,2541.0971,11.07,11.175,11.195,11.19,11.18,11.145,11.145,11.165,11.125,11.14,11.22,959.8538681948423,1108.3151862464183,111.88618194842405,65.5949140401146,40.29401862464183,22.302270773638966,20.428130372492834,12.181912607449856,2.9986246418338105,0.18741404011461316,0.18741404011461316,1464.2935530085963,9392.1121875,2966.964382716452,0.0,0.0,0.0,20.99,28.724930139906014,2.363,4.897,3550.9224740740738,88.45190867621672,296.8181818181818,310.0,293.8888888888889,12.533333333333331,19.486666666666665,10.215555555555556,11.159090909090908,11.1225,11.167222222222222,15.691666666666666,288.3333333333333,542.0,1.0014999999999998,1.407,0.9001250000000001,196.0,444.7965029565217,2024-11,False,True,325.0,0.49333333333333335,0.5066666666666666,5150872.5,2609775.3999999994,848.1770049999998,0.8228362771221926,64.60456556909021,0.8228362771221926,0.943490673772364,50.0,1.9443621228397412,2921.8278289166365,Early,1,0,990.6491634547331,990.6491634547331,0.11548091323783283,0.054101544432948546,196.66888888888886,67.87700992059791,4073.3333333333326,137.536447158497,419.23189637569584,0.9,Sulfide Super Grade
2024-11-21,150.3603992213161,3608.6495813115866,49.958333333333336,2.02,2.45,2.2350000000000003,5.35,4.947,5.1485,295.0,340.0,0.0,0.6552627998864287,0.0,5898.116023637615,222.5,639.1233882,10.189204126750184,16.740000000000002,73.07079587324982,295.0,340.0,330.0,315.0,290.0,300.0,300.0,290.0,300.0,290.0,285.0,17.95,9.39,6.36,6.08,5.96,5.85,5.68,5.61,5.55,5.73,6.28,12.3125,8.75,11.4375,11.9375,11.25,14.375,22.8125,15.625,20.8125,862.5,400.5,266.5,201.0,120.5,92.5,87.0,74.0,74.5,1314.25,886.75,501.5,321.0,268.25,244.75,224.0,203.5,171.25,1.707,1.706,1.12,0.596,0.373,0.187,0.038,0.004,0.004,0.001,0.001,2.777,2.845,2.327,1.729,1.473,1.051,0.636,0.45,0.256,0.296,444.59396177139394,400.86340815453553,100.36162055069008,94.78597496454063,92.92742643582415,81.77613526352525,78.05903820609228,72.48339261994283,65.0491985050769,57.61500439021097,48.322261746628556,2630.1374,11.565,11.56,11.54,11.504999999999999,11.515,11.475000000000001,11.425,11.42,11.399999999999999,11.434999999999999,11.405000000000001,1246.2095368890289,1245.4794785780218,208.50465362361263,110.95426210685098,69.43949625143526,34.81283056037103,7.074265033658285,0.7446594772271878,0.7446594772271878,0.18616486930679696,0.18616486930679696,1536.837422608461,6871.795781249999,2317.038619066627,0.0,0.0,0.0,17.95,28.265421094981313,2.2350000000000003,5.1485,3608.6495813115866,89.16394005071088,303.1818181818182,317.5,300.0,8.199166666666667,15.096666666666666,5.9,11.476818181818182,11.5625,11.457777777777777,14.368055555555555,242.11111111111111,459.47222222222223,1.1631,1.7065000000000001,1.02725,222.5,509.72324137614675,2024-11,False,True,340.0,0.4995833333333334,0.5004166666666666,5264662.018348623,2634524.618348623,895.7383702385318,0.7307079587324982,73.19900515843774,0.7307079587324982,0.8981079587324982,75.87068446367304,1.6331322877671337,2636.868969341074,Early,1,0,1046.1996280494632,1046.1996280494632,0.10836059949289126,0.0576455258996936,117.80608217592592,63.17321614728324,2787.7166666666667,152.12459899508278,468.0961731936157,0.9,Sulfide Super Grade
2024-11-22,142.90798309437864,3429.7915942650875,51.625,1.53,2.42,1.975,5.13,5.0,5.0649999999999995,355.0,415.0,0.0,0.623728306268591,0.0,5183.545502159079,178.0,695.1838677499999,11.066004423147806,17.582499078510875,74.66929966826392,355.0,415.0,425.0,350.0,345.0,315.0,330.0,320.0,340.0,345.0,310.0,20.64,13.0,10.89,10.65,10.54,9.34,9.3,9.32,9.37,9.31,7.37,13.875,11.375,11.1875,12.1875,16.125,13.5625,13.625,14.625,27.75,604.5,264.0,189.5,126.5,113.0,108.0,62.5,105.0,154.0,1042.5,547.0,423.5,281.5,254.5,240.5,243.0,214.0,146.0,0.795,1.132,1.382,1.139,1.143,0.705,0.443,0.148,0.031,0.001,0.001,0.58,0.632,2.016,1.438,1.285,0.813,0.593,0.513,0.505,0.486,451.27169215995616,504.812401399273,99.4709890939022,87.76851978873724,76.06605048357227,70.21481583098978,72.16522738185061,72.16522738185061,64.3635811784073,60.462758076685645,54.61152342410317,2623.3353499999994,11.75,11.77,11.635,11.645,11.57,11.585,11.655000000000001,11.645,11.645,11.620000000000001,11.6,569.7890801838262,811.3223129158379,252.57782358186432,208.1665275396118,208.897577680225,128.8475872830784,80.9638030729131,27.0488552026888,5.665638589752384,0.1827625351533027,0.1827625351533027,1613.3727861993282,6374.936250000001,2192.5883935035467,0.0,0.0,0.0,20.64,29.739416287144955,1.975,5.0649999999999995,3429.7915942650875,86.58864154929404,350.0,385.0,342.22222222222223,11.6975,18.093333333333334,9.565555555555555,11.647272727272728,11.76,11.622222222222222,14.92361111111111,191.88888888888889,376.94444444444446,0.9576000000000002,0.9635,0.9561249999999999,178.0,380.48442766628057,2024-11,False,True,415.0,0.51625,0.48375,5081521.2590799015,2458185.9090799023,1020.1471522681595,0.7227147439968149,74.02448241391761,0.7227147439968149,0.8928935373805036,78.38384503825051,1.4273616193937095,2478.7609540117205,Early,1,0,1191.505920388847,1191.505920388847,0.1341135845070595,0.08006103155207993,174.5689409722222,58.735347167111286,4854.4625,210.1255183518058,603.291082267354,0.9,Sulfide Super Grade
2024-11-23,143.3574105919503,3440.5778542068074,50.458333333333336,2.4,2.84,2.62,6.01,5.18,5.595,345.0,310.0,1.9650820637920663,0.6835469233729122,5.0,6686.373851722543,246.0,699.716325,9.0693984962406,17.01917293233083,73.91142857142857,345.0,310.0,405.0,380.0,375.0,360.0,410.0,350.0,370.0,350.0,325.0,21.33,15.82,11.87,11.06,10.94,10.57,10.49,10.46,10.43,10.38,8.11,13.214285714285714,10.714285714285714,10.5,10.071428571428571,13.285714285714286,13.285714285714286,19.142857142857142,14.357142857142858,19.0,715.5,346.5,195.0,170.0,144.0,118.0,115.0,111.0,92.0,1150.75,667.75,487.5,309.0,283.0,270.0,252.25,222.5,190.5,1.796,1.671,0.497,0.17,0.016,0.05,0.009,0.001,0.001,0.001,0.001,4.903,4.965,2.153,1.299,0.944,0.867,0.543,0.481,0.33,0.245,525.0688711464953,539.8595435731571,90.51891525117048,84.86148304797233,81.08986157917356,73.54661864157602,69.77499717277725,66.00337570397848,62.23175423517971,60.34594350078032,54.68851129758216,2544.423,11.615,11.565,11.48,11.345,11.385,11.434999999999999,11.43,11.39,11.4,11.375,11.385,1304.0731911428763,1213.3108587971863,92.02211351864835,31.476376857485352,2.9624825277633273,9.257757899260397,1.6663964218668714,0.18515515798520796,0.18515515798520796,0.18515515798520796,0.18515515798520796,1707.9898751498429,6617.477678571428,3313.2535914206333,5.0,5000.0,1.9650820637920663,21.33,29.646182798998204,2.62,5.595,3440.5778542068074,89.53518991733105,361.8181818181818,327.5,369.44444444444446,12.732500000000002,19.493333333333332,10.47888888888889,11.436818181818184,11.59,11.402777777777779,13.73015873015873,223.0,425.9166666666667,1.0329000000000002,1.7335,0.85775,246.0,534.3973438853982,2024-11,True,False,345.0,0.5045833333333334,0.4954166666666666,5042621.965317919,2498198.965317919,861.878643034682,0.7391142857142857,71.97373120300752,0.7391142857142857,0.909306015037594,72.35923659738023,1.9364794285714286,2542.9802431564544,Early,1,0,1006.6523280972566,1006.6523280972566,0.10464810082668936,0.05159747385514813,174.81924603174605,77.6729989333753,4392.712500000001,131.6788867218064,384.21697936162707,0.9,Sulfide Super Grade
2024-11-24,144.5773439738081,3469.856255371394,50.27777777777778,2.49,2.646,2.568,5.53,5.234,5.382,340.0,350.0,0.0,0.6542748475665846,0.0,6574.112775248619,292.0,735.1603200000001,9.20469349379466,16.793836028582174,74.00147047762317,340.0,350.0,345.0,340.0,345.0,335.0,320.0,320.0,345.0,340.0,335.0,,0.0,0.0,0.0,0.0,0.0,0.0,0.0,0.0,0.0,0.0,11.8125,10.75,12.375,13.5,16.625,11.375,10.625,16.8125,20.875,749.5,453.5,267.0,144.0,119.0,118.0,150.0,117.0,110.0,1150.75,667.75,487.5,309.0,283.0,270.0,252.25,222.5,190.5,1.925,1.895,1.253,0.562,0.325,0.214,0.141,0.062,0.011,0.001,0.001,3.851,3.854,3.685,2.356,2.121,1.254,1.22,1.101,0.898,0.852,426.68372723167244,434.0403432184254,97.54872798434442,88.16904260123438,82.54123137136835,76.91342014150233,75.03748306488033,69.4096718350143,65.65779768177028,61.90592352852627,56.27811229866024,2552.6400000000003,11.485,11.46,11.375,11.365,11.379999999999999,11.38,11.33,11.370000000000001,11.335,11.37,11.385,1400.50052687039,1378.674544633449,232.4576238145416,104.26271714586782,60.2942759295499,39.701461688995934,26.15843971097395,11.50229263886798,2.0407293391539962,0.18552084901399968,0.18552084901399968,1534.1854809573986,7179.373593750001,2566.1727870557206,0.0,0.0,0.0,21.33,29.396030409646606,2.568,5.382,3469.856255371394,88.81734547104422,337.72727272727275,345.0,336.1111111111111,21.33,21.33,,11.385000000000003,11.4725,11.365555555555556,13.86111111111111,247.55555555555554,425.9166666666667,1.7307000000000001,1.9100000000000001,1.6858750000000002,292.0,640.9867284170072,2024-11,False,True,350.0,0.5027777777777778,0.49722222222222223,5077074.033149173,2524434.033149172,883.5519116022103,0.7400147047762317,72.00201438510717,0.7400147047762317,0.9079530650620534,72.32414884309217,1.9003577618653629,2567.744652434623,Early,1,0,1031.9661543966995,1031.9661543966995,0.11182654528955778,0.05323912320423553,295.65749999999997,75.48900609197248,7465.499999999999,136.29230415769408,401.85441427280244,0.9,Sulfide Super Grade
2024-11-25,142.12599750254748,3110.1905786807474,50.416666666666664,2.81,2.97,2.89,6.2,5.63,5.915,265.0,265.0,0.0,0.629994679089171,0.0,6651.646033506819,156.0,666.2192765000001,10.609202015959681,14.724901301973963,74.66589668206636,265.0,265.0,305.0,335.0,315.0,305.0,320.0,320.0,260.0,280.0,285.0,,0.0,0.0,0.0,0.0,0.0,0.0,0.0,0.0,0.0,0.0,14.0,10.75,12.0625,13.0625,9.4375,12.4375,15.25,20.375,22.125,715.0,360.5,174.0,161.5,125.0,117.5,110.0,99.5,108.5,1259.0,788.5,551.5,336.5,311.5,299.5,261.5,231.0,235.0,2.101,2.121,1.421,1.069,0.762,0.325,0.121,0.063,0.011,0.001,0.001,4.235,4.211,3.685,2.562,2.124,1.685,1.235,0.865,0.562,0.485,620.456703594845,605.6839249378248,137.49763735021475,116.77881528374404,103.5941103323536,90.40940538096312,79.10822970834273,77.22470042957266,69.69058331449241,64.03999547818222,58.38940764187202,2297.30785,11.405000000000001,11.385,11.295,11.315,11.31,11.41,11.3,11.475000000000001,11.364999999999998,11.395,11.415,1526.2294822518652,1540.7580827492652,263.225551661768,198.02119262943697,141.15261813248924,60.20288831110105,22.413998417363775,11.670098349536511,2.0376362197603433,0.18523965634184938,0.18523965634184938,2022.8735134524075,6844.2796875,2208.162986964864,0.0,0.0,0.0,7.95,32.795417971867636,2.89,5.915,3110.1905786807474,89.98414417808756,295.90909090909093,265.0,302.77777777777777,7.95,7.95,,11.37,11.395,11.364444444444445,14.38888888888889,219.05555555555554,474.8888888888889,1.7425000000000002,2.1109999999999998,1.650375,156.0,306.48381550413234,2024-11,False,True,265.0,0.5041666666666667,0.49583333333333335,4556643.6694214875,2259335.8194214874,598.7239921466942,0.7466589668206636,72.46456583368334,0.7466589668206636,0.8939079798404032,72.64065819756368,2.1578444141117177,2322.2516840931285,Early,1,0,699.2943907509033,699.2943907509033,0.10015855821912432,0.039839762769259865,114.39166666666667,94.77875793869747,2106.75,91.69518444572856,241.96954015761304,0.9,Sulfide Super Grade
2024-11-26,146.1417581479169,3507.4021955500057,50.041666666666664,3.96,3.066,3.513,5.28,5.554,5.417,235.0,225.0,0.0,0.6049526594722898,0.0,9004.865658406663,180.0,717.5195160000002,13.502042200452147,14.951363978899773,71.54659382064808,235.0,225.0,210.0,230.0,230.0,205.0,250.0,225.0,215.0,220.0,210.0,7.95,7.44,8.24,8.24,8.2,8.08,8.2,8.3,8.19,8.12,8.23,15.0,15.8125,13.8125,19.0,17.25,12.5,11.9375,12.0,18.3125,814.5,428.0,215.0,199.0,187.0,141.0,138.0,126.0,98.5,1210.75,863.5,576.5,443.0,337.25,369.75,263.5,224.25,212.75,1.884,2.251,1.059,1.005,0.586,0.501,0.293,0.278,0.059,0.001,0.001,2.802,3.375,2.328,2.225,0.926,0.487,0.116,0.097,0.001,0.001,825.5978640470447,0.0,117.37371403465288,104.33219025302479,95.01681612329043,33.53534686704368,81.97529234166232,80.11221751571546,72.65991821192797,65.20761890814049,59.61839443029988,2562.5697000000005,11.524999999999999,11.525,11.57,11.56,11.475000000000001,11.545,11.455,11.47,11.434999999999999,11.325,11.415,1374.1912894576753,1641.881418561161,196.9710651600838,186.92721481197754,108.99437599981975,93.18461156298584,54.497187999909876,51.70722956988037,10.973836491449429,0.18599722866863438,0.18599722866863438,1535.4293727328024,9100.272656249997,4565.2914649137,0.0,0.0,0.0,7.95,29.081352611745483,3.513,5.417,3507.4021955500057,92.0318687338756,223.1818181818182,230.0,221.66666666666666,8.095,7.78,8.200000000000001,11.481818181818182,11.524999999999999,11.472222222222221,15.069444444444445,260.77777777777777,500.1388888888889,1.0315999999999996,2.0675,0.7726250000000001,180.0,400.4299262600009,2024-11,True,False,235.0,0.5004166666666666,0.4995833333333334,5120872.006661117,2558302.3066611164,601.2010420653623,0.7154659382064807,76.22215523737752,0.7154659382064807,0.8649795779954785,85.33710281918869,2.5134318409193668,2509.4268025066553,Early,1,0,702.1875220375317,702.1875220375317,0.07968131266124401,0.026097002322362388,121.9871527777778,102.16279172506188,1902.325,66.8942018383096,199.8820162873239,0.9,Sulfide Super Grade
2024-11-27,139.81279092801097,3355.506982272263,49.958333333333336,3.01,2.393,2.7015,6.12,4.807,5.4635,365.0,290.0,0.0,0.5828421079646035,0.0,6626.484190530398,150.0,679.8868914,11.90274325908558,15.513950762016412,72.58330597889801,365.0,290.0,265.0,255.0,230.0,235.0,245.0,215.0,205.0,195.0,195.0,,0.0,0.0,0.0,0.0,0.0,0.0,0.0,0.0,0.0,0.0,14.3125,13.5,10.0,12.3125,12.875,14.0,17.75,18.75,15.4375,937.5,596.5,321.5,252.5,156.0,190.5,109.5,97.0,88.5,1162.5,938.5,601.5,549.5,363.0,440.0,265.5,217.5,190.5,1.55,1.75,1.783,1.131,0.949,0.783,0.252,0.088,0.026,0.001,0.001,3.47,3.95,2.531,1.273,0.882,0.066,0.453,0.176,0.119,0.07,510.18979219668154,517.4782177994913,113.37146025170546,102.22016907940657,89.21032937839118,81.77613526352525,76.2004896773758,68.76629556250987,61.332101447643936,59.47355291892745,52.03935880406153,2445.6362999999997,11.455,11.56,11.52,11.58,11.66,11.55,11.489999999999998,11.545,11.54,11.56,11.445,1131.5903820609226,1277.602044262332,331.931961974019,210.55246718598735,176.6704609721503,145.76709266722202,46.913547065312834,16.38250849899813,4.840286601976721,0.18616486930679696,0.18616486930679696,1732.0579023797197,9587.673281249998,2586.38724714995,0.0,0.0,0.0,7.95,30.397791016047364,2.7015,5.4635,3355.506982272263,89.73985492379813,245.0,327.5,226.66666666666666,7.95,7.95,,11.536818181818182,11.5075,11.543333333333331,14.32638888888889,305.5,525.3888888888889,0.8870000000000001,1.65,0.69625,150.0,319.5281426152228,2024-11,True,False,365.0,0.4995833333333334,0.5004166666666666,4895352.0600500405,2449715.7600500407,894.1462524182649,0.7258330597889802,74.57464830011722,0.7258330597889802,0.8809725674091442,79.87913159127662,1.9608380110199297,2435.537900085964,Early,1,0,1044.3400749402997,1044.3400749402997,0.1026014507620187,0.055081999670595246,113.89479166666668,82.11963242985195,2901.75,135.10962387701693,386.57642390377964,0.9,Sulfide Super Grade
2024-11-28,130.2434557401255,3125.8429377630123,50.166666666666664,2.35,2.42,2.385,5.71,5.2,5.455,370.0,395.0,2.1813729596309885,0.6357864682911545,5.0,5483.817326033222,0.0,602.8313472,11.605284653465347,15.687446369636962,72.7072689768977,370.0,395.0,390.0,390.0,380.0,360.0,335.0,330.0,335.0,320.0,285.0,,0.0,0.0,0.0,0.0,0.0,0.0,0.0,0.0,0.0,0.0,12.6875,11.25,16.875,15.625,11.9375,12.5625,16.0,14.9375,19.6875,991.0,487.0,351.0,246.5,171.5,125.5,101.0,102.0,99.5,1365.25,775.75,593.5,481.0,347.5,344.5,248.75,203.25,176.25,1.619,1.507,0.747,0.458,0.128,0.071,0.038,0.014,0.008,0.001,0.001,2.653,2.611,1.981,1.993,1.539,1.142,0.761,0.511,0.383,0.3,447.30397906703956,476.635387530452,134.63116484706305,130.89141026797796,129.0215329784354,93.49386447712712,89.75410989804203,84.14447802941442,63.575827844446444,54.226441396733726,52.35656410719119,2292.1344,11.765,11.59,11.515,11.51,11.43,11.48,11.425,11.43,11.44,11.43,11.475000000000001,1179.3004601642156,1097.7182170892358,138.75172832265633,85.07134079220428,23.7753965532798,13.187915275647388,7.0583208517549405,2.600433998014978,1.4859622845799876,0.18574528557249845,0.18574528557249845,1756.034760443923,9320.034843750002,2316.4651669368495,5.0,5000.0,2.1813729596309885,7.79,32.63119805788949,2.385,5.455,3125.8429377630123,89.0070855508226,353.6363636363636,382.5,347.22222222222223,7.79,7.79,,11.499090909090908,11.6775,11.459444444444443,14.618055555555555,297.22222222222223,503.97222222222223,1.1736,1.563,1.07625,0.0,0.0,2024-11,False,True,395.0,0.5016666666666666,0.4983333333333334,4569038.671096346,2276904.2710963464,899.3771870830568,0.727072689768977,74.31125979785479,0.727072689768977,0.8839471534653466,79.05480460007094,1.7340683650990099,2272.715032554714,Early,1,0,1050.4496735490977,1050.4496735490977,0.10992914449177403,0.07203011634337708,113.87465277777778,77.82540736806644,3077.05,165.61775422325275,440.4382679943052,0.9,Sulfide Super Grade
2024-11-29,140.18451662684188,3364.428399044205,50.375,2.44,2.38,2.41,5.29,4.9,5.095000000000001,500.0,440.0,0.0,0.6137732233191421,0.0,6002.620554354839,0.0,657.75385,9.379661538461539,16.198276923076925,74.42206153846153,500.0,440.0,430.0,450.0,415.0,405.0,420.0,390.0,380.0,380.0,355.0,7.79,8.13,8.05,8.05,8.0,8.15,8.08,8.02,7.93,7.23,7.82,10.125,9.0,10.125,11.8125,11.25,11.4375,13.6875,18.5625,31.75,751.5,315.0,276.5,167.0,130.5,107.0,100.5,77.0,67.0,1568.0,613.0,585.5,412.5,332.0,249.0,232.0,189.0,162.0,0.849,0.916,0.699,0.3,0.188,0.054,0.024,0.005,0.001,0.001,0.001,1.729,1.914,2.17,1.607,1.42,1.189,0.938,0.751,0.666,0.418,398.38226320428515,398.38226320428515,103.46872669333516,88.41873008339549,82.77498135466811,82.77498135466811,80.89373177842566,80.89373177842566,79.01248220218321,62.08123601600109,54.55623771103126,2482.09,11.575,11.465,11.39,11.555,11.57,11.555,11.615,11.629999999999999,11.594999999999999,11.57,11.530000000000001,617.0202047596449,665.7132008949761,129.54153874838974,55.59722693063937,34.84092887653401,10.007500847515086,4.44777815445115,0.9266204488439895,0.1853240897687979,0.1853240897687979,0.1853240897687979,1511.6393653807045,5824.27171875,3807.7095048277597,0.0,0.0,0.0,7.79,30.317185537066866,2.41,5.095000000000001,3364.428399044205,89.04222174225545,415.0,470.0,402.77777777777777,7.920000000000002,7.903333333333333,7.925555555555557,11.549999999999999,11.52,11.556666666666665,14.194444444444445,221.33333333333334,482.55555555555554,1.0924,0.8825000000000001,1.1448749999999999,0.0,0.0,2024-11,True,False,500.0,0.50375,0.49624999999999997,4927225.806451612,2445135.806451612,1222.567903225806,0.7442206153846154,71.8485,0.7442206153846154,0.9062033846153846,71.5221134631604,1.793571683076923,2503.8769735541546,Early,1,0,1427.9282077415576,1427.9282077415576,0.10957778257744552,0.08329695263467139,112.42000000000003,73.06441714433114,3960.000000000001,207.46801880490122,592.4988725115487,0.9,Sulfide Super Grade
2024-11-30,170.24531887841795,3345.320515960913,51.166666666666664,3.25,2.426,2.838,5.53,4.894,5.212,375.0,440.0,0.0,0.5928886140922028,0.0,7168.963982915961,310.0,643.9292640000001,8.56330071509221,13.5623296951449,77.87436958976288,375.0,440.0,405.0,420.0,400.0,405.0,405.0,395.0,385.0,390.0,385.0,,0.0,0.0,0.0,0.0,0.0,0.0,0.0,0.0,0.0,0.0,11.375,10.6875,9.25,12.5,10.9375,12.75,16.25,21.375,21.3125,683.0,429.0,280.0,182.0,118.0,88.0,79.5,65.0,64.5,1575.0,798.75,684.75,475.75,293.25,302.0,260.25,229.75,191.0,1.684,1.57,0.605,0.425,0.147,0.015,0.001,0.001,0.001,0.001,0.001,3.341,3.399,2.225,2.499,1.664,1.141,0.953,0.692,0.543,0.37,437.81258537473815,460.4580639286039,86.61895546853657,80.84435843730078,78.9194927602222,71.22003005190784,67.37029869775066,63.520567343593484,57.745970312357706,55.82110463527911,51.97137328112194,2525.2128000000002,11.600000000000001,11.585,11.565,11.57,11.54,11.66,11.535,11.625,11.565000000000001,11.524999999999999,11.59,1213.1977051270378,1131.069119388034,111.14375056916492,78.07618841635552,27.005175758127677,2.755630179400783,0.18370867862671889,0.18370867862671889,0.18370867862671889,0.18370867862671889,0.18370867862671889,1512.3028002914125,6040.3364062499995,3958.675025188129,0.0,0.0,0.0,7.79,30.49035197474985,2.838,5.212,3345.320515960913,91.01781979189016,400.45454545454544,407.5,398.8888888888889,7.79,7.79,,11.57818181818182,11.592500000000001,11.575,14.04861111111111,221.0,534.5,1.3340999999999998,1.627,1.2608749999999997,310.0,649.6674086503332,2024-11,False,True,440.0,0.5116666666666666,0.4883333333333334,4935269.315960913,2410056.5159609127,1060.4248670228017,0.7787436958976289,69.18058195333083,0.7787436958976289,0.9143669928490779,59.79565484884049,2.2100746089574708,2605.1472625615643,Early,1,0,1238.549266521008,1238.549266521008,0.08982180208109836,0.06137567451148372,109.43868055555555,86.53161890434008,3427.6,155.03821339600634,436.41469428261627,0.9,Sulfide Super Grade
2024-12-01,132.26658458852236,2869.0826640326973,50.04545454545455,2.98,2.626,2.803,6.34,5.134,5.737,455.0,455.0,0.0,0.0,0.0,5878.3968473640325,134.0,582.8086242,5.697199265381084,13.519274563820018,80.7835261707989,455.0,455.0,455.0,420.0,420.0,435.0,375.0,380.0,375.0,380.0,380.0,,0.0,0.0,0.0,0.0,0.0,0.0,0.0,0.0,0.0,0.0,13.125,12.8125,12.9375,12.1875,13.25,14.4375,12.5625,16.6875,19.125,611.0,311.0,246.5,141.0,99.0,92.0,91.5,83.0,77.5,1575.0,798.75,684.75,475.75,293.25,302.0,260.25,229.75,191.0,2.752,2.598,0.839,0.835,0.534,0.328,0.17,0.048,0.008,0.001,0.001,3.672,3.256,1.633,1.63,1.434,0.952,0.548,0.402,0.296,0.225,548.0237445616106,467.64692869257436,83.8476329179264,80.12107145490745,76.3945099918885,72.66794852886956,70.80466779736008,68.9413870658506,65.21482560283165,65.21482560283165,55.89842194528427,2096.4339,11.25,11.525,11.48,11.54,11.525,11.61,11.555,11.61,11.510000000000002,11.595,11.600000000000001,2007.2289654155297,1894.9058329031782,156.0452765282796,155.30131811813285,99.31844775459037,61.00458963203304,31.618232431236635,8.927500921760933,1.4879168202934887,0.1859896025366861,0.1859896025366861,1654.7759641619355,6009.919687500001,877.493009350304,0.0,0.0,0.0,8.34,35.55143296451133,2.803,5.737,2869.0826640326973,90.08558558850378,411.8181818181818,455.0,402.22222222222223,8.34,8.34,,11.52727272727273,11.3875,11.558333333333334,14.125,194.72222222222223,534.5,1.2469999999999999,2.675,0.89,134.0,243.83638172207088,2024-12,False,True,455.0,0.5004545454545455,0.4995454545454545,4189059.564032697,2092625.6640326972,952.1446771348772,0.8078352617079889,65.57104568411387,0.8078352617079889,0.9430280073461891,50.0,2.264362238567493,2317.746144760708,Early,1,0,1112.0807594772546,1112.0807594772546,0.09914414411496236,0.0774020556648926,117.8025,99.65066659952525,3794.7,162.32550008740603,396.7451987246762,0.9,Sulfide Super Grade
2024-12-02,141.07252109053496,3385.740506172839,50.625,2.43,2.63,2.5300000000000002,6.73,7.11,6.92,490.0,525.0,1.9872742903542873,1.0840242596824343,5.0,6377.772196604939,163.0,704.48252,7.251772588055131,16.64796324655436,76.10026416539051,490.0,525.0,535.0,560.0,540.0,500.0,480.0,460.0,490.0,460.0,470.0,8.34,8.59,8.61,8.58,8.57,8.49,8.46,8.5,8.51,8.52,8.5,13.375,14.625,12.75,12.625,15.375,21.375,17.875,16.5,23.375,753.5,503.5,312.5,233.0,156.5,126.0,105.5,85.5,75.5,1582.0,984.5,784.0,539.0,254.5,355.0,288.5,270.5,220.0,1.95,1.779,1.004,0.699,0.623,0.622,0.253,0.132,0.007,0.004,0.003,2.754,2.66,2.27,1.844,1.467,1.523,1.063,0.726,0.51,0.407,483.0275229357798,431.0091743119266,117.48715596330275,90.95779816513762,81.48302752293579,77.69311926605505,73.90321100917431,68.21834862385322,66.32339449541284,62.53348623853211,51.16376146788991,2516.009,12.1,12.2,12.11,12.105,11.985,11.96,11.93,11.93,11.91,11.875,11.77,1413.3027522935781,1289.3669724770643,185.55577981651376,129.18674311926605,115.1406880733945,114.95587155963302,46.75857798165138,24.395779816513762,1.2937155963302753,0.7392660550458716,0.5544495412844037,1603.7999999999997,8804.7834375,2341.1249226111595,5.0,5000.0,1.9872742903542873,8.34,30.126348966802063,2.5300000000000002,6.92,3385.740506172839,88.95409716303422,500.90909090909093,507.5,499.44444444444446,8.500833333333333,8.423333333333334,8.526666666666667,11.988636363636363,12.149999999999999,11.952777777777776,16.430555555555557,261.27777777777777,586.4444444444445,1.3538999999999999,1.8645,1.22625,163.0,347.8115715834675,2024-12,False,True,525.0,0.50625,0.49375,4969894.320987655,2453885.320987655,1288.2897935185188,0.7610026416539051,69.46969276416539,0.7610026416539051,0.9274822741194487,64.64043895661166,1.9253366833843801,2576.55746915216,Early,1,0,1504.6897035794925,1504.6897035794925,0.11045902836965785,0.08231714520620095,139.67341435185185,76.21966288600923,4462.9375,207.50906122900696,594.73666253473,0.9,Sulfide Super Grade
2024-12-03,127.30890251572329,3055.413660377359,55.208333333333336,2.99,2.626,2.808,7.03,5.134,6.082000000000001,720.0,745.0,1.933766187556756,1.3892611143910794,5.0,7262.541197660377,216.0,692.9483040000001,9.01,15.31,75.68,720.0,745.0,745.0,755.0,680.0,670.0,675.0,610.0,605.0,620.0,530.0,,0.0,0.0,0.0,0.0,0.0,0.0,0.0,0.0,0.0,0.0,10.5,10.6875,11.5,12.875,14.0625,15.0,19.625,19.375,30.75,766.5,501.0,261.0,161.0,115.5,89.5,91.0,78.0,79.0,1625.5,1102.75,614.75,507.0,308.25,353.0,243.75,237.75,202.25,1.598,1.437,0.877,0.87,0.581,0.381,0.093,0.001,0.001,0.001,0.001,3.054,2.754,2.424,2.132,1.382,1.069,0.919,0.522,0.29,0.148,575.4464813719693,541.5966883500887,99.2645180366647,92.79074512123005,88.47489651094027,84.1590479006505,79.84319929036073,77.68527498521584,73.36942637492609,71.2115020697812,64.73772915434654,2585.628,12.025,12.18,12.309999999999999,12.86,12.33,12.455,12.44,12.295,12.329999999999998,12.440000000000001,12.46,1097.1484328799525,986.6096984033114,153.54242164399759,152.316883500887,101.71966587817856,66.70429036073328,16.28214961561206,0.17507687758722645,0.17507687758722645,0.17507687758722645,0.17507687758722645,1848.5795091661735,6928.389843749999,3992.67142724025,5.0,5000.0,1.933766187556756,10.705,33.38336845276868,2.808,6.082000000000001,3055.413660377359,90.45859727138989,668.6363636363636,732.5,654.4444444444445,10.705,10.705,,12.375,12.1025,12.435555555555554,16.041666666666668,238.05555555555554,577.2222222222222,1.1921,1.5175,1.11075,216.0,394.01661794913866,2024-12,False,True,745.0,0.5520833333333334,0.44791666666666663,4683401.660377358,2097773.660377358,1562.8413769811318,0.7567999999999999,70.83124999999998,0.7567999999999999,0.9098999999999999,67.63553233180933,2.1250943999999996,2312.337058173585,Early,1,0,1825.3589682248007,1825.3589682248007,0.09541402728610103,0.10258117368614739,171.72604166666667,93.74049861537445,7975.225,265.31244546849905,650.0542976074875,0.9,Sulfide Super Grade
2024-12-04,148.61910379443512,3566.858491066443,49.75,2.51,2.566,2.538,5.36,5.134,5.247,775.0,775.0,0.0,1.022289656082745,0.0,6560.529026268843,291.0,749.328825,6.886853932584271,15.653988764044941,77.45915730337079,775.0,775.0,820.0,770.0,775.0,815.0,770.0,655.0,695.0,680.0,640.0,13.07,10.35,10.01,9.81,9.75,9.48,9.49,9.48,9.48,9.46,9.23,11.0625,7.125,8.875,11.5,13.0625,13.125,19.8125,22.375,34.5,797.0,569.5,277.5,206.5,165.0,147.0,86.5,91.5,83.5,1669.0,1221.0,445.5,475.0,362.0,351.0,199.0,205.0,184.5,1.754,1.451,0.807,0.659,0.335,0.214,0.0058,0.039,0.014,0.001,0.001,3.199,2.836,2.561,2.248,1.547,1.438,1.054,1.073,0.706,0.516,507.0918160981529,507.0918160981529,103.4467304840232,86.82136308480517,75.73778481865983,70.19599568558716,68.34873264122962,64.6542065525145,60.95968046379939,53.57062828636915,53.57062828636915,2583.8925,11.135,11.335,11.805,12.025,12.04,12.125,12.14,12.24,12.24,12.254999999999999,12.295,1283.3973304570582,1061.6930025616828,150.57236011864634,122.9580982877174,62.50525482000808,39.92872994472158,1.0821805312120802,7.276731158150195,2.6121599029257108,0.18658285020897936,0.18658285020897936,1651.489382499663,7251.841406250001,3076.489418983808,0.0,0.0,0.0,13.07,28.596592843666016,2.538,5.247,3566.858491066443,88.57822559736216,742.7272727272727,775.0,735.5555555555555,10.223333333333334,12.163333333333334,9.576666666666666,11.966818181818182,11.235,12.129444444444445,15.715277777777779,269.3333333333333,568.0,1.4347999999999999,1.6025,1.3928749999999999,291.0,660.4083732466681,2024-12,False,True,775.0,0.4975,0.5025,5193753.768844221,2609861.268844221,2022.6424833542712,0.7745915730337078,68.39231039325843,0.7745915730337078,0.9311314606741573,60.14454979705071,1.9659134123595503,2762.8585293837937,Early,1,0,2362.3949627152565,2362.3949627152565,0.11421774402637837,0.11813071733953813,160.66252314814818,72.57815263722435,7923.083333333334,305.3573468977664,930.8060105024238,0.9,Sulfide Super Grade
2024-12-05,164.3531617383558,947.7698993578517,47.583333333333336,2.48,2.29,2.385,5.61,5.44,5.525,500.0,520.0,0.0,0.9591542070776716,0.0,1536.7387268490368,239.0,180.28886400000005,5.25,13.649999999999999,81.1,500.0,520.0,490.0,440.0,520.0,490.0,500.0,480.0,480.0,520.0,550.0,13.41,10.4,9.14,8.58,8.21,7.99,8.5,8.66,8.79,8.2,7.55,11.6,7.8,8.3,13.8,11.0,11.6,13.6,19.8,33.0,748.5,458.5,337.5,219.0,171.5,126.5,107.5,90.0,78.0,1517.5,1026.25,468.75,423.25,326.5,301.5,203.5,204.5,180.5,1.049,1.157,0.523,0.403,0.17,0.079,0.063,0.036,0.004,0.001,0.001,1.9,2.21,1.762,1.59,1.062,0.557,0.511,0.433,0.235,0.089,441.59212091834485,414.4172211695236,79.69039351341823,74.49319393645617,69.29599435949412,60.63399506455735,55.43679548759529,50.23959591063323,48.507196051645884,46.77479619265853,45.04239633367118,643.8888000000001,11.93,11.7,11.68,11.82,11.6,11.51,11.36,11.55,11.35,11.48,11.77,785.0512052174679,865.8763054686467,99.80777310183757,76.90732803067026,32.44229718415371,15.076126338518486,12.022733662362842,6.870133521350195,0.7633481690389107,0.19083704225972767,0.19083704225972767,1386.1236989379981,6949.83375,-539.6881803890573,0.0,0.0,0.0,13.41,107.62105872860982,2.385,5.525,947.7698993578517,88.26808611964452,499.09090909090907,510.0,496.6666666666667,9.403333333333334,12.406666666666666,8.402222222222221,11.613636363636362,11.815,11.568888888888887,14.5,259.6666666666667,516.9166666666666,0.8445,1.103,0.7798750000000002,239.0,147.409498504226,2024-12,False,True,520.0,0.47583333333333333,0.5241666666666667,1353181.3660245184,709292.5660245183,368.83213433274955,0.8109999999999999,65.09374999999999,0.8109999999999999,0.9475,50.0,1.9342349999999997,768.6413883792177,Early,1,0,430.7865494796834,430.7865494796834,0.11731913880355468,0.3383789260430884,136.34833333333336,256.67622506773444,4889.733333333334,218.02843593947196,180.62253385926408,0.9,Sulfide Super Grade
2024-12-06,128.15419157320028,2528.9093803778187,52.095238095238095,2.49,2.52,2.505,5.48,4.88,5.18,625.0,655.0,2.550371364675153,1.211010409764748,5.0,4912.852292713712,154.0,548.9396640000001,8.593769455252916,13.818827821011674,77.58740272373541,625.0,655.0,630.0,580.0,610.0,625.0,605.0,645.0,640.0,585.0,530.0,13.16,10.69,10.24,10.06,10.0,9.22,9.27,9.25,9.28,9.24,9.16,9.9375,8.875,10.625,14.875,7.625,5.25,6.9375,11.1875,22.75,714.5,408.5,231.5,171.0,138.0,108.5,90.0,80.5,73.5,1366.0,831.5,492.0,371.5,291.0,252.0,208.0,204.0,176.5,2.154,1.72,1.293,1.064,0.857,0.715,0.377,0.24,0.089,0.001,0.001,3.499,2.58,2.258,1.939,1.467,1.045,0.612,0.452,0.24,0.215,534.9120781061363,581.4261718544959,96.865600230959,85.0045063251273,79.07395937221145,77.09711038790616,69.189714450685,63.25916749776915,59.30546952915857,53.374922576242724,49.42122460763215,1960.4988000000003,11.98,12.16,12.07,12.184999999999999,12.105,12.0,12.01,12.015,11.989999999999998,11.995000000000001,11.91,1535.534827568107,1226.1466589680333,235.04589864049134,193.4175066925621,155.78834890556928,129.97511023043413,68.53233084877435,43.628009028397464,16.178720014697394,0.18178337095165611,0.18178337095165611,1748.9299249383237,5239.755937500001,757.7002888507116,5.0,5000.0,2.550371364675153,13.16,40.33359233487489,2.505,5.18,2528.9093803778187,88.82645698886293,611.8181818181819,640.0,605.5555555555555,10.227500000000001,12.336666666666668,9.524444444444445,12.038181818181817,12.07,12.03111111111111,10.895833333333334,224.0,465.8333333333333,1.2102,1.9369999999999998,1.0285,154.0,241.41826253175432,2024-12,False,True,655.0,0.520952380952381,0.47904761904761906,3763297.513711152,1802798.7137111519,1180.8331574808044,0.7758740272373542,69.37897920719846,0.7758740272373542,0.9140623054474709,60.91173084429511,1.9435644382295723,1962.1151054720603,Early,1,0,1379.1830864808346,1379.1830864808346,0.11173543011137067,0.13332377221506037,111.43713541666668,101.0356487988616,6699.012500000001,261.476002091808,550.5698925277084,0.9,Sulfide Super Grade
2024-12-07,133.2834707840819,3198.803298817966,52.875,2.45,2.43,2.4400000000000004,7.8,6.34,7.07,505.0,670.0,0.0,1.0052394958973228,0.0,6188.797269743263,245.0,676.9694754,11.283438675696011,12.167088036117383,76.5494732881866,505.0,670.0,635.0,610.0,615.0,630.0,600.0,640.0,635.0,635.0,640.0,,0.0,0.0,0.0,0.0,0.0,0.0,0.0,0.0,0.0,0.0,11.5,8.875,7.9375,11.8125,10.0,14.9375,14.375,14.25,25.75,723.5,464.0,328.5,205.5,143.5,135.0,125.0,109.5,91.5,1401.25,783.25,548.25,407.0,348.0,441.0,266.5,241.25,210.0,1.796,1.829,0.748,0.415,0.408,0.245,0.057,0.038,0.002,0.002,0.001,3.034,3.095,2.14,1.517,1.077,0.865,0.543,0.505,0.33,0.31,562.7670206121174,538.9881324172394,105.10268582136167,92.97545284197379,70.74219237976266,74.78460337289197,66.69978138663338,48.50893191755154,48.50893191755154,46.487726420986895,46.487726420986895,2535.4662,11.695,11.754999999999999,11.76,11.754999999999999,11.715,11.754999999999999,11.735,11.765,11.815000000000001,11.915,11.855,1268.7545284197377,1292.0668332292319,134.74512179887572,74.75832292317303,73.49733916302311,44.134431605246725,10.268010618363524,6.84534041224235,0.3602810743285447,0.3602810743285447,0.18014053716427236,1702.0531855090571,6792.721875,2603.8446064743384,0.0,0.0,0.0,12.375,31.886924725159382,2.4400000000000004,7.07,3198.803298817966,89.06137257541668,619.5454545454545,587.5,626.6666666666666,12.375,12.375,,11.774545454545454,11.725,11.785555555555556,13.270833333333334,258.44444444444446,516.2777777777778,1.0912000000000002,1.8125,0.910875,245.0,481.4232409559049,2024-12,False,True,670.0,0.52875,0.47124999999999995,4795207.94326241,2259741.7432624106,1514.026967985815,0.7654947328818661,71.70872836719337,0.7654947328818661,0.8871656132430398,67.72469458987786,1.8678071482317535,2448.6670767702913,Early,1,0,1768.3449804007053,1768.3449804007053,0.10938627424583314,0.10826013049023245,164.2265625,77.8040963293889,8291.25,274.589038569514,724.7285791454564,0.9,Sulfide Super Grade
2024-12-08,137.81291000810373,3307.5098401944892,51.416666666666664,2.63,2.79,2.71,5.94,6.38,6.16,585.0,584.0,1.988300996003595,1.1470174077670396,5.0,6818.78418213632,199.0,741.839391,10.850231851007221,14.719190421892817,74.43057772709996,585.0,584.0,565.0,535.0,545.0,525.0,535.0,515.0,520.0,535.0,500.0,11.59,10.13,9.54,9.4,9.64,9.59,9.61,9.62,9.65,9.62,9.54,12.1875,10.25,10.3125,9.8125,9.5625,10.625,11.625,13.9375,23.0,751.0,454.5,279.5,190.5,155.5,133.0,111.5,94.5,76.5,1401.25,783.25,548.25,407.0,348.0,441.0,266.5,241.25,210.0,2.079,2.0,1.009,0.724,0.584,0.551,0.138,0.059,0.013,0.008,0.002,3.447,3.341,2.515,1.675,1.188,0.913,0.538,0.362,0.283,0.265,593.0363744238055,532.2121308931587,100.8161836520469,91.12231983935007,75.61213773903518,67.85704668887772,62.040728401259635,58.1631828761809,58.1631828761809,56.22441011364153,56.22441011364153,2514.7097999999996,11.825,12.055,12.015,12.135000000000002,12.03,12.01,12.075,12.004999999999999,11.985,12.105,12.0,1493.5666560175255,1436.8125599014193,184.8423437999178,132.63216740450002,106.98506321025967,100.93967436447447,25.280716991465475,10.808422481858425,2.3815168180366024,1.4655488110994477,0.3663872027748619,1751.4721076171786,6588.164062499999,2577.369648415238,5.0,5000.0,1.988300996003595,11.59,30.838910518253265,2.71,6.16,3307.5098401944892,89.12065008680796,540.3636363636364,584.5,530.5555555555555,9.96,11.103333333333333,9.57888888888889,12.021818181818183,11.94,12.04,12.368055555555555,249.61111111111111,516.2777777777778,1.1818000000000002,2.0395000000000003,0.9673750000000001,199.0,411.1748106075681,2024-12,True,False,585.0,0.5141666666666667,0.48583333333333334,4890845.64019449,2376135.8401944893,1390.0394665137762,0.7443057772709996,72.76228382744205,0.7443057772709996,0.8914976814899278,73.6486438505828,2.0170686564044087,2461.798682437439,Early,1,0,1623.5307330348294,1623.5307330348294,0.10879349913192035,0.08579242052161855,123.18583333333333,83.57344750446634,5826.6,215.86636211674497,599.0866207264288,0.9,Sulfide Super Grade
2024-12-09,141.54941105285744,3397.1858652685787,50.333333333333336,2.95,2.8,2.875,6.47,7.0,6.734999999999999,645.0,620.0,0.0,1.0030216579106468,0.0,7201.7030957860925,173.0,775.9987890000001,9.839544419134397,13.747137433561123,76.41331814730448,645.0,620.0,600.0,615.0,590.0,580.0,540.0,540.0,585.0,555.0,540.0,12.11,8.87,8.29,8.22,8.21,8.12,8.24,8.25,8.12,8.03,7.84,12.875,14.0625,13.0625,13.0,12.9375,13.375,8.8125,7.1875,14.6875,667.5,300.5,247.5,181.0,144.0,122.0,109.0,101.0,89.0,1436.5,735.0,604.5,442.5,405.0,630.0,325.0,278.5,243.5,2.041,2.18,1.001,0.746,0.581,0.388,0.096,0.101,0.044,0.01,0.004,3.898,3.9696,2.851,1.734,0.158,0.965,0.653,0.431,0.343,0.321,567.3757455268391,523.1646484727996,116.49624073739385,103.34343936381713,90.19063799024039,78.91680824146034,63.885035243086946,58.248120368696924,54.49017711910357,48.85326224471355,50.732233869510225,2503.2219,11.715,11.95,11.92,12.129999999999999,12.015,11.98,11.995000000000001,12.065000000000001,12.05,12.2,12.17,1483.994758720405,1585.0605458160132,185.59386679920476,138.3147099222845,107.72231429604193,71.9384818362552,17.799212000722935,18.726254292427257,8.157972166998011,1.8540845834086392,0.7416338333634557,1755.6963491776617,6348.033749999999,2801.392649076327,0.0,0.0,0.0,12.11,30.02485116955353,2.875,6.734999999999999,3397.1858652685787,89.22478782200758,582.7272727272727,632.5,571.6666666666666,8.8675,11.03,8.146666666666667,12.017272727272728,11.8325,12.058333333333334,12.222222222222221,217.94444444444446,566.7222222222222,1.1677000000000002,2.1105,0.932,173.0,371.5839384756693,2024-12,True,False,645.0,0.5033333333333334,0.4966666666666666,4973288.543046357,2470066.643046357,1593.1929847649005,0.7641331814730448,70.8913914198937,0.7641331814730448,0.9016045558086561,66.30649412482094,2.1968828967350036,2595.9024432829374,Early,1,0,1860.8088739440636,1860.8088739440636,0.10775212177992419,0.08956214820594403,108.38055555555555,86.32144711246639,5719.537499999999,224.34704574940608,647.2356179436118,0.9,Sulfide Super Grade
2024-12-10,143.32231405509557,3439.735537322294,50.041666666666664,2.53,2.353,2.4415,6.71,5.883,6.2965,570.0,665.0,0.0,0.8907543204429388,0.0,6138.31889306047,254.0,674.273114375,7.672322580645162,16.682903225806452,75.64477419354839,570.0,665.0,670.0,615.0,645.0,620.0,615.0,610.0,600.0,575.0,565.0,11.25,8.36,8.11,8.14,8.17,8.05,8.14,8.15,8.04,7.94,7.78,10.5625,11.0625,11.0,13.125,11.0,9.375,9.4375,12.75,20.0625,715.5,501.0,292.0,214.5,176.5,143.5,121.0,96.0,80.0,1559.75,881.5,645.0,499.25,411.0,489.0,309.75,268.25,236.5,2.243,2.377,0.846,0.503,0.306,0.21,0.122,0.028,0.001,0.001,0.001,2.88,3.014,1.954,1.602,0.984,0.629,0.382,0.203,0.169,0.087,562.5755356780749,533.350832525967,89.42759164544981,80.11221751571546,78.24914268976859,67.07069373408736,57.755319604353005,52.166095126512396,50.30302030056553,48.43994547461865,46.57687064867178,2513.13125,10.95,10.77,10.855,10.905000000000001,10.915,10.940000000000001,10.940000000000001,10.969999999999999,11.005,10.995000000000001,10.985,1636.046211387243,1733.7859315503683,157.3536554536647,93.5566060203231,56.915151972602125,39.05941802041322,22.691661897573397,5.207922402721763,0.18599722866863438,0.18599722866863438,0.18599722866863438,1666.0272649437845,6728.135156249999,1716.6378811758227,0.0,0.0,0.0,11.25,29.653442508374695,2.4415,6.2965,3439.735537322294,89.01534563254309,613.6363636363636,617.5,612.7777777777778,8.615,10.286666666666667,8.057777777777778,10.93,10.86,10.945555555555556,12.041666666666666,260.0,588.8888888888889,1.063,2.3099999999999996,0.75125,254.0,554.1498531386891,2024-12,False,True,665.0,0.5004166666666666,0.4995833333333334,5022077.435470441,2508946.1854704414,1668.4492133378435,0.7564477419354838,70.0172177419355,0.7564477419354838,0.9232767741935484,66.31620163582578,1.8468671619354837,2601.9801800626874,Early,1,0,1948.706234331173,1948.706234331173,0.10984654367456917,0.10833585083886728,103.73895833333333,72.39887988419682,5728.975,272.3724252614161,798.1561551380796,0.9,Sulfide Super Grade
2024-12-11,141.1340015686987,3387.2160376487686,50.958333333333336,2.29,2.23,2.26,5.6,5.44,5.52,715.0,710.0,1.1804011853116545,0.9202065329946784,3.0,5747.478762723139,177.0,635.3771999999999,7.550503216042376,17.793594400302688,74.65590238365493,715.0,710.0,665.0,625.0,620.0,605.0,655.0,585.0,575.0,545.0,530.0,16.79,9.03,8.68,8.66,8.6,8.52,8.61,8.58,8.52,8.46,8.32,12.1875,13.875,9.8125,9.8125,9.25,13.0625,13.5,14.0625,17.625,776.0,444.0,296.5,225.5,141.0,126.5,106.5,93.5,76.5,1683.0,1028.0,685.5,556.0,417.0,348.0,294.5,258.0,229.5,1.721,1.88,0.815,0.446,0.308,0.154,0.101,0.046,0.008,0.002,0.002,2.989,3.007,2.049,1.214,0.823,0.576,0.081,0.07,0.012,0.01,435.18780249494415,345.14894680633506,103.319586902679,86.0996557522325,80.35967870208366,65.05307323502011,59.31309618487128,55.48644481810538,49.74646776795655,47.83314208457361,47.83314208457361,2541.5087999999996,11.045,10.855,10.58,10.91,10.775,10.765,10.765,10.684999999999999,10.61,10.705,10.66,1242.7380535799493,1357.5523188438726,150.0709099275148,82.12469426708172,56.71391442659455,28.356957213297274,18.5977446658638,8.470259946829056,1.4730886864050534,0.36827217160126335,0.36827217160126335,1375.381036833375,7088.410312500001,2162.003792001495,3.0,3000.0,1.1804011853116545,16.79,30.11322539403278,2.26,5.52,3387.2160376487686,88.94511443659584,620.9090909090909,712.5,600.5555555555555,9.963333333333333,14.203333333333333,8.549999999999999,10.759545454545453,10.95,10.717222222222222,12.57638888888889,254.0,611.0555555555555,0.8436,1.8005,0.604375,177.0,376.4584498526076,2024-12,True,False,715.0,0.5095833333333334,0.4904166666666666,4987425.282093213,2445916.482093213,1748.8302846966474,0.7465590238365495,70.55912552024215,0.7465590238365495,0.9244949678395763,68.77114277798107,1.6872233938706016,2528.7566985905696,Early,1,0,2042.5892807115617,2042.5892807115617,0.11054885563404153,0.12440237354809033,125.30275462962963,68.05588939051408,7123.783333333333,316.3702815474268,903.7965675866752,0.9,Sulfide Super Grade
2024-12-12,137.84339012159748,3308.2413629183397,51.875,2.33,2.126,2.2279999999999998,5.41,5.314,5.362,680.0,650.0,1.961890127325492,1.0165940221588414,5.0,5681.744189477709,257.0,640.96351905,9.217411852963242,17.82801950487622,72.95456864216054,680.0,650.0,560.0,560.0,550.0,570.0,580.0,550.0,560.0,595.0,590.0,19.22,9.89,8.3,8.25,8.26,8.21,8.27,8.27,7.17,8.12,7.75,14.625,11.3125,10.9375,10.75,12.3125,12.25,14.25,15.4375,21.8125,883.5,315.0,333.0,228.5,207.0,162.5,147.0,117.5,79.5,1645.25,950.25,695.0,553.75,432.75,371.25,332.0,287.5,244.5,1.71,1.886,0.921,0.654,0.559,0.103,0.068,0.037,0.011,0.008,0.003,2.44,2.756,2.275,1.738,1.209,0.912,0.678,0.42,0.285,0.204,570.0721897559298,523.8501203162599,123.7595909247164,104.11521141285667,86.43526985218288,78.577518047439,66.79089034032314,64.82645238913717,56.96870058439327,53.039824682021326,45.18207287727742,2548.5627,11.004999999999999,11.1,11.065000000000001,11.094999999999999,10.91,10.995000000000001,10.975,10.965,10.945,10.965,11.035,1222.1003781368165,1347.883808869027,167.84583877621176,119.1869474046064,101.87385871433483,18.77103300103128,12.392526641457547,6.7429924372636645,2.0046734272946027,1.4579443107597112,0.5467291165348918,1773.6178411825372,8355.13875,2036.827529407333,5.0,5000.0,1.961890127325492,19.22,30.832091377402246,2.2279999999999998,5.362,3308.2413629183397,88.71889515481828,585.9090909090909,665.0,568.3333333333334,10.077499999999999,16.11,8.066666666666666,11.005,11.052499999999998,10.994444444444444,13.743055555555555,274.8333333333333,612.4722222222222,1.1317,1.798,0.9651249999999999,257.0,528.3761893169196,2024-12,True,False,680.0,0.51875,0.48124999999999996,4912891.951807228,2364329.251807228,1607.7438912289151,0.7295456864216053,72.66427700675169,0.7295456864216053,0.9078258814703676,74.69929201864109,1.6254277893473366,2413.5132159586074,Early,1,0,1877.8039625058952,1877.8039625058952,0.11281104845181707,0.11968155857127889,138.4956423611111,68.6938995888522,6852.699999999999,305.20509333441055,842.8166671181438,0.9,Sulfide Super Grade
2024-12-13,141.83838476608489,2858.04345303661,49.57142857142857,2.17,2.11,2.1399999999999997,5.53,4.31,4.92,515.0,545.0,0.0,0.945864040830532,0.0,4410.7114465684435,139.0,494.30676,12.502444861567339,16.49576724542468,75.00178789300797,515.0,545.0,510.0,520.0,490.0,475.0,460.0,470.0,465.0,480.0,480.0,21.83,9.46,8.43,8.39,8.33,8.27,8.4,8.39,8.29,8.2,7.99,14.9375,13.75,13.5,10.875,13.375,12.375,11.1875,12.125,22.1875,790.0,341.5,292.5,195.0,176.5,156.0,134.5,113.5,85.5,1607.5,872.5,704.5,551.5,448.5,394.5,369.5,317.0,259.5,1.868,1.666,0.7,0.368,0.23,0.075,0.049,0.026,0.01,0.001,0.001,2.905,2.717,2.144,1.62,1.137,0.945,0.943,0.654,0.508,0.437,511.65218060149215,468.41396815629565,97.39407353280517,86.36832935928005,80.8554572725175,75.34258518575494,62.47921698330898,56.96634489654642,49.61584878086301,45.940600723021305,42.265352665179606,2059.6115,11.055,10.93,11.02,10.59,11.025,10.935,10.940000000000001,10.915,10.940000000000001,11.02,11.035,1369.42604415045,1221.3403584339667,130.85789554649642,68.79386508730097,42.99616567956311,14.020488808553187,9.16005268825475,4.860436120298439,1.8693985078070918,0.18693985078070918,0.18693985078070918,1577.2939581570647,8066.86125,1049.9154817787255,0.0,0.0,0.0,21.83,35.688750600214696,2.1399999999999997,4.92,2858.04345303661,88.79303790356603,491.8181818181818,530.0,483.3333333333333,10.650833333333333,17.706666666666667,8.29888888888889,10.94590909090909,10.9925,10.935555555555554,13.8125,253.88888888888889,613.8888888888889,1.1922,1.767,1.0485,139.0,253.24885971808047,2024-12,False,True,545.0,0.4957142857142857,0.5042857142857142,4154835.878962536,2095224.3789625356,1141.897286534582,0.721171037432769,74.94029865898999,0.721171037432769,0.879784184023391,81.06180204070952,1.5433060201061255,2061.1381620543457,Early,1,0,1333.7069797791955,1333.7069797791955,0.11206962096433971,0.12356283257296571,147.11463541666666,76.37392628445944,5804.704166666666,254.67170714155543,623.2246483797719,0.9,Sulfide Super Grade
2024-12-14,143.98921505245372,3455.7411612588894,50.125,2.31,2.4,2.355,4.97,5.6,5.285,395.0,475.0,0.0,0.8713639127585721,0.0,5961.69034343248,161.0,658.051849,10.457787104158719,16.43671880961465,73.10549408622663,395.0,475.0,440.0,490.0,465.0,450.0,450.0,420.0,425.0,460.0,415.0,,0.0,0.0,0.0,0.0,0.0,0.0,0.0,0.0,0.0,0.0,13.625,9.9375,12.125,12.0,12.8125,11.375,13.5625,18.125,20.625,908.0,607.5,352.5,247.0,145.0,132.0,116.5,105.5,93.0,1593.75,907.0,642.5,514.0,416.0,380.75,360.0,322.0,256.0,2.201,2.175,1.287,0.821,0.669,0.557,0.152,0.097,0.039,0.013,0.003,2.852,2.927,2.29,1.665,1.315,0.921,0.813,0.466,0.278,0.137,556.6204424000541,446.76114455793817,98.98322735574648,76.57193059595481,67.23389027937496,59.763458026111074,57.895849962795104,54.16063383616316,56.028241899479134,50.425417709531224,48.55780964621525,2530.96865,10.635,10.850000000000001,10.91,10.885,10.91,10.905000000000001,10.92,10.95,10.905000000000001,11.015,11.04,1603.962186295069,1585.014881959007,239.16234898193872,152.56588074139214,124.31982243117096,103.50693736048166,28.2460583102212,18.025445105864847,7.2473439085435984,2.415781302847866,0.5574879929648922,1573.0020462693637,8776.14375,1437.4941349402256,0.0,0.0,0.0,21.39,29.51609951100692,2.355,5.285,3455.7411612588894,88.96199213491651,444.09090909090907,435.0,446.1111111111111,21.39,21.39,,10.90227272727273,10.7425,10.937777777777777,13.79861111111111,300.77777777777777,599.1111111111111,1.2261000000000002,2.1879999999999997,0.985625,161.0,352.56835109476316,2024-12,False,True,475.0,0.50125,0.49875,5049314.014962594,2518345.364962594,1196.214048357232,0.7310549408622663,73.34518313620754,0.7310549408622663,0.8954221289584128,76.21609730031868,1.721634385730637,2526.336650279417,Early,1,0,1397.1475757208152,1397.1475757208152,0.11038007865083488,0.07967538946789977,295.15229166666666,69.51041434842129,10160.25,201.69765733478837,593.2660904712995,0.9,Sulfide Super Grade
2024-12-15,148.8192416666667,3571.6618000000008,50.0,2.24,2.37,2.305,6.12,5.07,5.595000000000001,440.0,430.0,0.0,0.8059901278414333,0.0,6011.541200700002,111.0,690.6821670000002,7.377666417352281,20.201196709050112,72.4211368735976,440.0,430.0,400.0,410.0,395.0,420.0,405.0,345.0,370.0,390.0,375.0,20.95,9.77,8.38,8.34,8.27,8.23,8.34,8.33,8.23,7.93,7.62,14.6875,11.875,11.25,10.1875,13.375,12.0,12.25,19.4375,20.4375,905.5,517.5,406.0,253.5,194.5,143.0,124.5,96.5,83.0,1593.75,907.0,642.5,514.0,416.0,380.75,360.0,322.0,256.0,1.664,1.879,0.923,0.599,0.49,0.105,0.051,0.017,0.005,0.002,0.002,2.713,3.094,2.38,1.749,1.656,1.019,0.594,0.512,0.34,0.253,729.7297297297297,634.8648648648648,156.3081081081081,147.00405405405405,141.42162162162163,148.86486486486487,119.09189189189189,148.86486486486487,147.00405405405405,119.09189189189189,96.76216216216216,2606.3478000000005,11.175,11.105,11.129999999999999,11.129999999999999,11.01,11.004999999999999,10.969999999999999,10.975,10.95,10.97,10.985,1214.2702702702702,1371.162162162162,171.75283783783783,111.46256756756756,91.17972972972971,19.53851351351351,9.490135135135134,3.163378378378378,0.9304054054054054,0.37216216216216214,0.37216216216216214,2589.008108108108,9182.414531249999,2323.7043631582274,0.0,0.0,0.0,20.95,28.558135039549374,2.305,5.595000000000001,3571.6618000000008,88.51073054411445,398.1818181818182,435.0,390.0,10.445,17.223333333333333,8.185555555555556,11.036818181818182,11.14,11.01388888888889,13.944444444444445,302.6666666666667,599.1111111111111,1.2046,1.7715,1.062875,111.0,251.5692224347827,2024-12,True,False,440.0,0.5,0.5,5212695.600000001,2606347.8000000003,1146.7930320000003,0.724211368735976,71.84783096484666,0.724211368735976,0.9262233358264771,73.44806360842685,1.6693072049364248,2586.6380808400004,Early,1,0,1339.4250859306394,1339.4250859306394,0.1148926945588554,0.0731925450246877,145.64972222222224,65.82650126616132,4595.8,190.88854278289463,581.0929609548936,0.9,Sulfide Super Grade
2024-12-16,145.2671926999463,3486.412624798711,50.791666666666664,2.32,2.23,2.275,6.13,4.85,5.49,515.0,455.0,0.0,0.7498010429711085,0.0,5925.166205217391,121.0,781.008,8.26953962264151,20.544811320754718,71.18564905660378,515.0,455.0,550.0,435.0,440.0,445.0,435.0,415.0,410.0,400.0,390.0,21.95,10.01,8.29,8.25,8.23,8.11,8.11,8.11,8.1,8.03,7.62,12.5,13.125,11.5625,12.75,12.875,13.0625,11.5625,16.0,21.6875,882.0,552.5,253.0,204.0,173.0,145.0,127.5,115.5,95.0,1580.0,941.5,580.5,476.5,383.5,367.0,350.5,327.0,252.5,2.083,2.156,1.425,0.764,0.616,0.203,0.097,0.09,0.027,0.009,0.002,2.946,3.195,2.772,1.685,1.204,0.997,0.622,0.415,0.331,0.274,694.4458561154345,627.241418426844,118.05579553962383,87.58978378746285,85.68565805295279,110.43929260158357,104.7269153980534,91.39803525648297,76.16502938040247,74.26090364589241,70.45265217687229,2603.3599999999997,10.615,10.775,10.775,10.85,10.825,10.855,10.870000000000001,10.91,10.95,11.015,10.545,1506.9224538875153,1559.7334664337413,262.87947512308006,140.94029403090047,113.6377239830297,37.44879540349843,17.894251990834224,16.602914218299794,4.9808742654899385,1.6602914218299794,0.36895364929555097,2140.4613403816047,8493.24515625,1478.89896250326,0.0,0.0,0.0,21.95,29.256433754994504,2.275,5.49,3486.412624798711,86.81880013235266,444.54545454545456,485.0,435.55555555555554,10.563333333333334,17.97,8.094444444444443,10.816818181818181,10.695,10.843888888888891,13.902777777777779,283.05555555555554,584.3333333333334,1.2539000000000002,2.1195000000000004,1.0375,121.0,265.37985330812853,2024-12,True,False,515.0,0.5079166666666667,0.4920833333333333,5125565.217391303,2522205.2173913033,1298.9356869565213,0.7118564905660378,73.1774316037736,0.7118564905660378,0.917304603773585,76.81440707151876,1.619473516037736,2481.8254557543387,Early,1,0,1517.1238362739828,1517.1238362739828,0.13181199867647347,0.08691739305920533,146.85967592592596,66.5583867926125,5440.116666666667,226.37263132909305,666.8646890668537,0.9,Sulfide Super Grade
2024-12-17,146.71330816138652,3521.1193958732765,50.708333333333336,2.21,2.05,2.13,5.89,5.83,5.859999999999999,1265.0,1345.0,2.287510308093326,0.8507193129542788,6.0,5589.4097305069845,130.0,655.73475,12.054582712369598,18.697559612518628,74.24785767511177,1265.0,1345.0,675.0,605.0,609.0,720.0,620.0,600.0,530.0,495.0,455.0,20.0,10.0,8.41,8.29,8.36,8.29,8.35,8.33,8.27,8.17,8.0,16.25,15.125,11.0625,11.4375,12.0625,9.75,11.25,11.25,19.625,687.0,422.5,254.0,192.0,133.5,129.0,122.0,120.5,109.5,1572.75,905.25,552.75,477.5,377.75,346.0,316.75,295.25,238.0,2.529,2.763,1.259,1.011,0.726,0.19,0.128,0.06,0.011,0.006,0.002,3.25,3.568,2.455,2.265,1.301,0.812,0.497,0.372,0.218,0.16,513.9922014916913,491.6447144703135,113.97218380902723,81.68006506313618,89.27821065040466,87.37867425358755,89.27821065040466,81.68006506313618,70.28284668223345,66.48377388859922,51.28748271406226,2622.939,11.17,11.185,11.04,11.465,11.364999999999998,11.325,10.745000000000001,10.75,10.71,10.825,10.805,1831.2617941103122,2000.702387159665,232.47032134841646,186.67791491918115,134.05357688558408,35.08289202239804,23.634790415089206,11.078808007073064,2.0311148012967286,1.1078808007073067,0.36929360023576885,1736.9584287365963,7727.798906249998,472.95366534975403,6.0,6000.0,2.287510308093326,20.0,28.968060588784112,2.13,5.859999999999999,3521.1193958732765,88.26826477899802,719.9090909090909,1305.0,589.8888888888889,10.372499999999999,16.666666666666668,8.274444444444445,11.034999999999998,11.1775,11.003333333333334,13.090277777777779,241.11111111111111,564.6666666666666,1.3372,2.646,1.01,130.0,288.22249209388735,2024-12,False,True,0.0,0.5070833333333333,0.49291666666666667,5172599.5069843875,2549660.5069843875,0.0,0.7071224540486836,75.48019347455822,0.7071224540486836,0.8851944503583848,82.59831271763551,1.506170827123696,2489.8625882083293,Early,1,0,0.0,0.0,0.11731735221001983,0.0,135.77890624999998,61.70196905411016,0.0,0.0,0.0,0.9,Sulfide Super Grade
2024-12-18,144.52461886917857,3468.590852860286,50.5,2.13,2.2,2.165,5.52,5.6,5.56,920.0,800.0,0.0,0.7993525460672251,0.0,5561.509660704208,318.0,693.4262175,9.665968527538404,14.650621955788683,75.68340951667292,920.0,800.0,710.0,720.0,600.0,690.0,630.0,570.0,600.0,620.0,650.0,20.95,9.03,8.6,8.58,8.61,8.41,8.53,8.45,8.37,8.26,8.11,13.25,14.5625,12.4375,14.375,11.3125,12.375,11.1875,12.875,20.875,744.0,381.5,229.0,185.0,143.0,119.0,105.5,95.0,84.5,1565.5,869.0,525.0,478.5,372.0,325.0,283.0,263.5,223.5,1.932,2.033,1.009,0.788,0.607,0.166,0.132,0.051,0.014,0.006,0.004,2.692,2.705,2.066,1.449,0.85,0.702,0.497,0.313,0.227,0.202,503.49171870757544,422.044528916644,90.62850936736356,84.96422753190335,75.5237578061363,69.85947597067607,77.4118517512897,67.97138202552267,58.530912299755634,54.75472440944881,50.978536519142004,2568.24525,11.33,11.305,11.335,11.64,11.325,11.275,11.225,11.185,11.14,11.265,11.27,1402.1819169155578,1475.484387727396,186.7362299755634,145.83562856367092,112.33785093673636,30.72171870757535,24.42931849036112,9.43860032582134,2.59098832473527,1.1104235677436873,0.7402823784957915,1556.1596253054572,7185.5971875000005,1475.3743407520556,0.0,0.0,0.0,20.95,29.406754594848877,2.165,5.56,3468.590852860286,87.53169085725912,682.7272727272727,860.0,643.3333333333334,10.570833333333335,16.976666666666663,8.435555555555556,11.299545454545454,11.317499999999999,11.295555555555556,13.694444444444445,231.83333333333334,545.0,1.0271,1.9825,0.7882499999999999,318.0,696.1127590228155,2024-12,True,False,920.0,0.505,0.495,5085634.158415842,2517388.908415842,2315.997795742575,0.7568340951667293,71.23909938179094,0.7568340951667293,0.9033403147246161,68.41470662624978,1.638545816035969,2625.147819628108,Early,1,0,2705.026504362009,2705.026504362009,0.1246830914274088,0.165422710042278,144.76168981481484,63.66562369784782,9725.166666666668,424.9403005066951,1249.4291039588772,0.9,Sulfide Super Grade
2024-12-19,142.53307798643712,3420.7938716744907,50.291666666666664,2.27,2.26,2.2649999999999997,5.71,5.6,5.654999999999999,995.0,1175.0,3.9720936587908,0.9766494687536856,10.0,5706.015004140843,330.0,667.15446,6.728837209302326,17.53348837209302,79.73767441860464,995.0,1175.0,5110.0,1125.0,1100.0,1025.0,1005.0,910.0,915.0,900.0,835.0,,0.0,0.0,0.0,0.0,0.0,0.0,0.0,0.0,0.0,0.0,12.75,12.1875,11.875,12.3125,12.5,12.375,11.625,15.5,22.125,696.5,474.5,214.5,176.0,172.5,138.5,120.5,107.5,90.0,1314.75,794.5,549.75,461.75,355.0,321.5,279.25,260.5,207.25,1.792,1.79,1.103,0.684,0.47,0.177,0.126,0.048,0.016,0.007,0.002,2.876,2.94,2.382,1.803,1.034,0.76,0.669,0.582,0.384,0.31,404.7774440504958,382.69867437501415,108.84833450012421,91.95807569838081,73.19112147422146,76.94451231905333,71.31442605180553,65.68433978455772,63.807644362141794,54.424167250062105,50.67077640523024,2517.564,11.32,11.485,11.55,11.629999999999999,11.59,11.559999999999999,11.530000000000001,11.515,11.49,11.530000000000001,11.55,1303.5412931053952,1302.0864479121972,204.59851663241574,126.87704929879635,87.1815982023893,32.832218897495544,23.372088028725642,8.903652582371674,2.9678841941238914,1.2984493349292023,0.3709855242654864,1444.3195162710874,7218.037968750001,1941.5342300483192,10.0,10000.0,3.9720936587908,20.95,29.817639947440224,2.2649999999999997,5.654999999999999,3420.7938716744907,88.3078740677014,1372.2727272727273,1085.0,1436.111111111111,20.95,20.95,,11.522727272727273,11.4025,11.549444444444445,13.694444444444445,243.38888888888889,504.9166666666667,1.1506000000000003,1.791,0.9904999999999999,330.0,714.0519225964482,2024-12,True,False,995.0,0.5029166666666667,0.4970833333333333,5005926.76056338,2488362.76056338,2475.9209467605633,0.7667084078711985,68.62449686940965,0.7667084078711985,0.9352996422182468,62.341830914926945,1.7365945438282644,2622.751423007102,Early,1,0,2891.812676162334,2891.812676162334,0.11692125932298589,0.17437738934754474,286.8986111111111,67.5369544809521,20845.25,439.2916587564735,1276.7328515822599,0.9,Sulfide Super Grade
2024-12-20,131.54701483179144,2899.5154519174034,48.42857142857143,2.4,2.21,2.3049999999999997,5.34,5.16,5.25,405.0,785.0,0.0,0.9347346979312041,0.0,4658.694317118583,381.0,484.8461279999999,7.918340611353712,19.942794759825325,81.13886462882097,405.0,785.0,845.0,860.0,960.0,975.0,950.0,950.0,940.0,960.0,965.0,,0.0,0.0,0.0,0.0,0.0,0.0,0.0,0.0,0.0,0.0,13.5,11.625,12.0625,11.75,13.1875,10.375,12.125,14.375,16.875,648.0,350.0,274.0,149.5,113.5,104.0,94.5,89.0,82.5,1064.0,720.0,574.5,445.0,338.0,318.0,275.5,257.5,191.0,1.806,1.871,0.896,0.809,0.401,0.309,0.217,0.139,0.049,0.015,0.003,1.981,2.251,1.157,1.0,0.961,0.604,0.49,0.338,0.253,0.182,592.2242521123544,369.26923955240926,83.50361954784198,71.06691025348253,60.40687371546016,58.630200959123094,55.07685544644897,53.3001826901119,51.52350993377483,47.97016442110071,40.86347339575246,2020.1921999999997,11.245000000000001,11.33,11.355,11.425,11.195,11.405,11.41,11.425,11.44,28.015,11.52,1339.962091801781,1388.188855903174,169.52078556748114,153.06062000456726,75.86811943366065,58.461967344142494,41.05581525462434,26.29842543959808,9.270667960721626,2.8379595798127424,0.5675919159625485,1483.83528202786,6189.27234375,906.827885482483,0.0,0.0,0.0,19.11,35.17829157714922,2.3049999999999997,5.25,2899.5154519174034,89.59266062556604,872.2727272727273,595.0,933.8888888888889,19.11,19.11,,12.887727272727274,11.287500000000001,13.243333333333332,12.875,211.66666666666666,464.8333333333333,0.8662000000000001,1.8385,0.623125,381.0,712.7337575482877,2024-12,False,True,785.0,0.4842857142857143,0.5157142857142857,4171488.31858407,2151296.1185840704,1688.7674530884954,0.7443932534754216,70.51575457714033,0.7443932534754216,0.9273546732903329,68.99537979811252,1.7158264492608466,2158.3797407550533,Early,1,0,1972.437421445655,1972.437421445655,0.10407339374433967,0.16850214814813713,246.04125,81.08596208532893,15001.35,340.56251382857346,855.7175116141167,0.9,Sulfide Super Grade
2024-12-21,145.3040429450369,3487.2970306808857,50.791666666666664,1.91,1.95,1.93,5.49,5.58,5.535,325.0,405.0,0.0,0.8857360184840788,0.0,5030.805062061361,168.0,598.9246919999999,14.38791759465479,20.14391982182628,74.46816258351893,325.0,405.0,430.0,435.0,445.0,450.0,420.0,430.0,435.0,435.0,450.0,,0.0,0.0,0.0,0.0,0.0,0.0,0.0,0.0,0.0,0.0,12.3125,10.6875,10.625,12.625,13.25,12.625,13.4375,14.625,22.75,725.5,410.0,248.5,190.0,130.0,117.0,108.0,96.0,83.5,1327.75,874.25,583.5,495.0,388.75,362.75,304.0,278.5,209.5,1.204,1.364,0.482,0.265,0.201,0.143,0.101,0.088,0.015,0.004,0.003,2.287,2.397,1.762,1.273,1.04,0.727,0.296,0.092,0.05,0.01,470.43106382013303,350.9565079293056,97.11041246001315,74.26090364589241,70.45265217687229,64.74027497334211,62.83614923883204,60.93202350432198,53.315520566281734,45.699017628241485,41.89076615922136,2604.0204,11.165,11.315000000000001,11.39,11.415,11.405000000000001,11.395,11.42,11.43,11.445,11.5,11.51,871.0199877487125,986.7701522335914,88.91782948022778,48.886358531660505,37.079841754202874,26.380185924631892,18.632159289425324,16.233960569004243,2.7671523697166323,0.7379072985911019,0.5534304739433265,1392.6252921024573,6708.579843750002,2329.456411099203,0.0,0.0,0.0,19.11,29.24901409389976,1.93,5.535,3487.2970306808857,88.09485391281308,423.6363636363636,365.0,436.6666666666667,19.11,19.11,,11.399090909090908,11.24,11.434444444444445,13.659722222222221,234.27777777777777,536.0,0.7817999999999998,1.284,0.65625,168.0,368.5547523081643,2024-12,False,True,405.0,0.5079166666666667,0.4920833333333333,5126865.430680886,2522845.030680886,1021.7522374257588,0.6831941521423756,78.0503182403302,0.6831941521423756,0.8680007560123413,89.50273062881584,1.3185647136347847,2382.5009381446516,Early,1,0,1193.380619018114,1193.380619018114,0.11905146087186926,0.0805040137719135,261.03729166666665,56.450597201226536,7739.55,209.84347231361497,618.3287231766229,0.9,Sulfide Super Grade
2024-12-22,153.54457284078794,3685.0697481789107,50.166666666666664,2.04,2.45,2.245,5.16,4.78,4.970000000000001,255.0,240.0,0.0,0.8400408110154155,0.0,6074.507808605649,112.5,648.529716,10.0901271340356,14.537671630948056,79.37220123501633,255.0,240.0,305.0,290.0,315.0,1970.0,300.0,305.0,365.0,300.0,275.0,,0.0,0.0,0.0,0.0,0.0,0.0,0.0,0.0,0.0,0.0,11.6875,9.5,11.9375,11.6875,11.9375,9.75,13.8125,16.3125,23.375,701.5,474.0,199.5,158.0,136.0,120.5,101.5,91.5,41.435,1327.75,874.25,583.5,495.0,388.75,362.75,304.0,278.5,209.5,2.315,1.85,0.629,0.222,0.099,0.097,0.054,0.039,0.008,0.004,0.002,3.413,3.058,1.927,1.417,1.28,0.968,0.587,0.344,0.248,0.22,483.9682396463051,395.97401425606785,95.36374176666966,86.01435531895696,65.44570513398898,72.92521429215915,59.83607326536136,56.09631868627627,56.09631868627627,50.486686817648646,48.6168095281061,2702.20715,10.989999999999998,11.265,11.355,11.36,11.395,11.625,11.305,11.45,11.395,11.399999999999999,11.42,1686.2758278444467,1347.5638365063612,116.83378462510152,41.23545339709465,18.388783271677347,18.017292700532348,10.030245420914914,7.244066137327438,1.4859622845799876,0.7429811422899938,0.3714905711449969,1470.823477397816,6015.811621875001,2170.5953444031925,0.0,0.0,0.0,21.0,27.67925900192429,2.245,4.970000000000001,3685.0697481789107,89.3237487474913,447.27272727272725,247.5,491.6666666666667,21.0,21.0,,11.36,11.1275,11.411666666666667,13.333333333333334,224.88166666666666,536.0,1.1156000000000001,2.0825,0.8738750000000001,112.5,262.5898974667776,2024-12,True,False,255.0,0.5016666666666666,0.4983333333333334,5386459.435215948,2684252.285215948,684.4843327300666,0.763194242644388,70.8641381604683,0.763194242644388,0.9029795467881192,66.45637822099282,1.713371074736651,2812.4240155531493,Early,1,0,799.4602867321448,799.4602867321448,0.1067625125250871,0.041978709721756546,280.0,62.13993645932003,5355.0,113.58524015483226,356.10544573616363,0.9,Sulfide Super Grade
2024-12-23,150.64159909703093,3615.3983783287426,50.416666666666664,2.15,2.25,2.2,5.53,4.96,5.245,565.0,270.0,0.0,0.7992896262582744,0.0,5880.29546786777,81.0,667.6185,12.225561694290976,16.890309392265195,74.88412891344383,565.0,270.0,255.0,220.0,200.0,225.0,200.0,200.0,200.0,205.0,195.0,21.0,10.02,8.34,8.24,8.13,8.08,8.16,8.13,8.0,7.0,7.68,16.0,12.25,12.125,12.25,10.875,10.75,10.875,7.875,16.25,1092.5,583.5,241.5,207.5,128.0,120.5,102.0,94.0,83.0,1591.5,1028.5,592.5,545.0,439.5,407.5,332.5,299.5,228.0,2.32,2.432,1.249,0.842,0.625,0.26,0.129,0.027,0.008,0.002,0.001,3.516,3.699,3.083,2.27,1.191,0.946,0.516,0.3,0.225,0.17,487.50169568166393,539.2064209812344,107.3611688898937,96.05999321727333,79.10822970834273,69.69058331449241,64.03999547818222,65.92352475695228,62.15646619941216,52.73881980556183,45.20470269048156,2670.474,11.125,11.05,11.01,10.940000000000001,10.875,10.870000000000001,10.855,10.96,10.945,11.0,11.030000000000001,1685.3176576983947,1766.6778204838345,231.3643307709699,155.97179063983717,115.77478521365586,48.16231064888084,23.89591566809857,5.001470721229933,1.481917250734795,0.37047931268369877,0.18523965634184938,1668.9916007234904,9175.8084375,1173.8169428260535,0.0,0.0,0.0,21.0,28.212658558294372,2.2,5.245,3615.3983783287426,88.64651438608607,248.63636363636363,417.5,211.11111111111111,10.315,17.34,7.973333333333333,10.969090909090909,11.0875,10.94277777777778,12.13888888888889,294.72222222222223,607.1666666666666,1.3453,2.376,1.087625,81.0,184.98525969098102,2024-12,True,False,565.0,0.5041666666666667,0.49583333333333335,5296807.9338842975,2626333.9338842975,1483.878672644628,0.7200397010908061,74.84461104618218,0.7200397010908061,0.8824465221702791,80.77160582669808,1.5840873423997734,2603.2303676560127,Early,1,0,1733.1325384419267,1733.1325384419267,0.1135348561391393,0.09608360720772971,125.21263888888889,62.06784882824763,5827.974999999999,256.81701446811604,787.7839366375273,0.9,Sulfide Super Grade
2024-12-24,127.17930455840455,3052.303309401709,52.0,2.02,2.13,2.075,5.08,4.87,4.975,415.0,445.0,2.118805312472085,0.8535291391886896,5.0,4947.817280215384,146.0,566.3568959999999,8.281719532554257,23.02594323873122,72.6923372287145,415.0,445.0,465.0,425.0,445.0,445.0,425.0,405.0,395.0,380.0,355.0,21.76,13.99,11.28,11.06,10.93,9.8,9.9,9.98,9.91,9.9,9.68,14.9375,9.75,11.8125,12.75,12.75,12.5625,11.3125,6.75,15.6875,881.5,469.5,322.0,215.5,144.5,123.5,112.0,105.0,95.0,1467.75,1001.5,617.25,553.0,462.0,433.75,329.75,287.5,223.25,1.857,1.845,0.934,0.558,0.259,0.199,0.181,0.012,0.006,0.004,0.004,2.84,2.878,2.599,2.155,1.277,1.045,0.678,0.486,0.293,0.185,479.3392070484582,409.7577092511014,106.45969162995594,82.80198237885462,72.94460352422907,67.03017621145375,65.05870044052864,61.11574889867841,55.20132158590309,53.22984581497797,45.34394273127753,2359.8203999999996,11.445,11.575,11.605,11.815,11.705,11.665,11.67,11.64,11.65,11.715,11.705,1325.259911894273,1316.6960352422907,169.97154185022023,101.54616740088105,47.13343612334801,36.21449339207048,32.93881057268722,2.1837885462555064,1.0918942731277532,0.7279295154185021,0.7279295154185021,1498.2829295154188,7944.8278125000015,1301.6380049623383,5.0,5000.0,2.118805312472085,21.76,33.41738669476898,2.075,4.975,3052.303309401709,88.5533991268298,418.1818181818182,430.0,415.55555555555554,12.495833333333335,19.17,10.27111111111111,11.653636363636366,11.51,11.685555555555556,12.034722222222221,274.27777777777777,597.3055555555555,1.242,1.851,1.08975,146.0,276.54885222742473,2024-12,False,True,445.0,0.52,0.48,4538116.153846153,2178295.7538461536,969.3416104615383,0.6989647810453319,73.79169609605754,0.6989647810453319,0.9203680814177475,78.52126040598762,1.4503519206690638,2133.4525143399073,Early,1,0,1132.166340097356,1132.166340097356,0.11446600873170194,0.08993864866016811,150.38388310185186,69.34107739164564,5560.645833333334,214.4567977985648,545.619703084494,0.9,Sulfide Super Grade
2024-12-25,142.29478529239051,2976.332592365836,49.0,2.36,2.55,2.455,5.4,5.9,5.65,635.0,495.0,0.0,0.8232831034478524,0.0,5182.228660055102,162.0,527.2747750000001,10.807164876226063,21.676230733302194,71.51660439047174,635.0,495.0,430.0,375.0,375.0,380.0,380.0,370.0,375.0,380.0,395.0,,0.0,0.0,0.0,0.0,0.0,0.0,0.0,0.0,0.0,0.0,13.625,10.25,10.625,12.125,10.125,9.375,10.8125,11.0625,20.25,685.5,463.0,272.5,202.0,191.0,162.5,120.0,101.0,89.0,1344.0,974.5,642.0,561.0,484.5,460.0,327.0,275.5,218.5,2.211,2.245,1.283,0.905,0.882,0.691,0.324,0.184,0.036,0.021,0.005,3.095,3.208,2.511,1.721,1.539,0.905,0.713,0.508,0.274,0.107,432.26031065881085,396.82913765399036,102.99841992501337,88.54250133904658,79.50755222281735,77.7005623995715,63.244643813604704,57.82367434386716,52.40270487412961,50.59571505088377,46.98173540439207,2109.0991000000004,11.715,11.75,11.76,11.685,11.675,11.585,11.585,11.565,11.530000000000001,11.58,11.545,1630.7161221210495,1655.7927155865023,241.29952062131758,170.20737814675948,165.8816657739689,129.95944563470806,60.936122121049806,34.60569898232458,6.7706802356722005,3.949563470808784,0.9403722549544723,1448.886957686127,6911.679375,549.9509362582529,0.0,0.0,0.0,21.76,34.27036355467315,2.455,5.65,2976.332592365836,89.82532787361811,417.27272727272725,565.0,384.44444444444446,21.76,21.76,,11.634090909090908,11.7325,11.612222222222222,12.027777777777779,254.05555555555554,587.4444444444445,1.2733999999999999,2.2279999999999998,1.0347499999999998,162.0,309.2347251854481,2024-12,True,False,635.0,0.49,0.51,4304283.877551022,2195184.7775510214,1393.9423337448986,0.6876596576006898,76.0159618303812,0.6876596576006898,0.8960849531132109,83.68723255347425,1.6882044594096934,2046.703851372064,Early,1,0,1628.0891826683305,1628.0891826683305,0.10174672126381888,0.12253415309413385,261.7244444444445,84.1337425267226,13817.6,258.654750897145,663.1700818604936,0.9,Sulfide Super Grade
2024-12-26,147.59363127331878,3542.247150559651,50.875,2.76,2.26,2.51,5.24,4.85,5.045,350.0,370.0,1.5086156094571341,0.8525116471347617,4.0,6661.508708154177,0.0,742.4025,4.643687150837988,19.619750465549348,79.73656238361265,350.0,370.0,365.0,350.0,360.0,380.0,425.0,345.0,360.0,360.0,340.0,,0.0,0.0,0.0,0.0,0.0,0.0,0.0,0.0,0.0,0.0,13.6375,10.75,11.0625,10.625,10.75,11.625,11.25,13.4375,18.0,732.5,376.5,252.0,195.5,175.0,160.5,144.5,125.5,101.0,1240.5,923.75,667.5,543.25,471.75,425.25,343.0,309.5,260.75,1.794,1.858,1.064,0.697,0.675,0.156,0.086,0.038,0.014,0.009,0.002,2.223,2.256,1.892,1.212,0.82,0.538,0.399,0.368,0.243,0.21,494.0222055718276,456.5962809072952,116.43205163136027,97.34483005244874,91.61866357877528,76.34888631564608,74.44016415775492,68.71399768408146,66.80527552619031,62.98783121040802,55.352942578843404,2651.4375,11.52,11.555,11.55,11.61,11.59,11.61,11.620000000000001,11.61,11.6,11.615,11.57,1296.651045569103,1342.9083849873987,196.10220829643757,128.46169096110617,124.40694605272121,28.751827532184453,15.850366460050404,7.003650296301341,2.58029221442681,1.6587592807029492,0.3686131734895443,1660.6631292146315,7083.613125000001,2768.675163410093,4.0,4000.0,1.5086156094571341,20.59,28.795280415112956,2.51,5.045,3542.247150559651,88.85533994587075,364.09090909090907,360.0,365.0,20.59,20.59,,11.586363636363636,11.5375,11.597222222222221,12.348611111111111,251.44444444444446,576.1388888888889,0.9334000000000001,1.826,0.71025,0.0,0.0,2024-12,False,True,370.0,0.50875,0.49124999999999996,5211670.761670762,2560233.2616707617,947.2863068181819,0.7666977152270448,67.37207017261137,0.7666977152270448,0.9553491620111731,61.03300734656659,1.9244112652198822,2715.832797103594,Early,1,0,1106.4063065486616,1106.4063065486616,0.1114466005412925,0.05554297325275471,254.2579027777778,72.2761538419335,7618.3,147.40977127581166,440.79756915257775,0.9,Sulfide Super Grade
2024-12-27,146.03493522041478,3504.838445289955,50.375,2.28,2.33,2.3049999999999997,5.7,5.66,5.68,285.0,325.0,0.0,0.8184706855473708,0.0,5966.35297492804,95.0,659.3475840000001,9.673731003039514,16.049148936170212,75.77712006079028,285.0,325.0,280.0,265.0,260.0,275.0,245.0,225.0,210.0,220.0,210.0,20.59,16.07,11.41,11.15,10.98,10.11,10.17,10.21,10.12,10.07,9.93,13.125,11.5,13.3125,13.125,12.5,14.0625,16.4375,15.875,23.75,810.5,541.0,339.5,208.0,176.5,145.0,156.0,132.0,103.5,1137.0,873.0,693.0,525.5,459.0,390.5,359.0,343.5,303.0,1.969,1.962,1.237,0.963,0.882,0.405,0.378,0.176,0.072,0.02,0.004,2.678,2.589,1.991,1.655,1.295,1.034,1.0,0.54,0.276,0.23,464.779307071666,420.5146111600787,99.70622754085024,90.29997965963794,90.29997965963794,75.24998304969829,71.48748389721338,63.96248559224355,58.31873686351617,50.79373855854635,45.14998982981897,2585.6768,10.985,11.145,11.165,11.2,11.219999999999999,11.215,11.235,11.24,11.254999999999999,11.309999999999999,11.309999999999999,1430.9926774696594,1425.9053495152218,229.24589904400304,178.46709844735238,163.45584717607974,75.05625635636315,70.05250593260561,32.61703979930843,13.343334463353449,3.706481795375958,0.7412963590751916,1530.5625228829076,9045.38390625,1677.7573822136587,0.0,0.0,0.0,20.59,29.10262529705889,2.3049999999999997,5.68,3504.838445289955,88.94890083153432,254.54545454545453,305.0,243.33333333333334,12.616666666666667,19.083333333333332,10.461111111111112,11.207272727272727,11.065,11.238888888888889,14.854166666666666,290.22222222222223,564.8333333333334,1.1952,1.9655,1.0026249999999999,95.0,210.41924805696405,2024-12,False,True,325.0,0.50375,0.49624999999999997,5132857.171215882,2547180.371215881,827.8336206451613,0.7465726114363574,71.79594269842934,0.7465726114363574,0.9046923053887733,71.11825353160977,1.7208498693608036,2616.6163907626647,Early,1,0,966.8886080822624,966.8886080822624,0.11051099168465682,0.05447213756305121,187.41006944444445,67.08155130972074,4100.416666666667,140.99721910100175,419.47263052319187,0.9,Sulfide Super Grade
2024-12-28,142.23398100396932,3413.615544095264,51.708333333333336,2.45,2.19,2.3200000000000003,5.33,5.58,5.455,400.0,405.0,1.910429877289268,0.8608901371875041,5.0,6074.376117766318,137.0,680.4751200000001,8.827044167610417,16.74722536806342,77.92573046432616,400.0,405.0,400.0,385.0,395.0,365.0,370.0,360.0,370.0,360.0,365.0,19.46,9.8,7.98,7.95,7.86,7.76,7.74,7.68,7.55,7.39,7.13,9.8125,10.625,10.6875,9.0,15.5625,13.5625,11.625,15.25,21.875,675.5,625.5,303.0,198.0,178.0,157.0,116.5,78.5,60.5,1062.75,824.25,654.5,449.25,400.25,343.25,318.5,300.75,277.25,1.806,2.052,1.196,0.675,0.59,0.171,0.081,0.052,0.019,0.005,0.001,2.797,3.359,2.683,1.787,1.142,0.674,0.428,0.257,0.15,0.096,437.0178248632817,391.01594856188365,99.70906688328033,87.97858842642383,78.20318971237674,70.38287074113906,68.42779099832963,72.33795048394848,66.47271125552022,54.742232798663714,48.876993570235456,2617.212,11.515,11.43,11.39,11.445,11.355,11.35,11.27,11.219999999999999,11.205,11.275,11.219999999999999,1293.164267899229,1469.3095668489577,218.37720842962725,123.24800642976454,107.72788710157197,31.222828295540353,14.789760771571745,9.49466123607075,3.4692031439489277,0.9129481957760337,0.18258963915520673,1475.1651682950826,6902.571093750001,2119.8316094633055,5.0,5000.0,1.910429877289268,19.46,29.880342025169043,2.3200000000000003,5.455,3413.615544095264,88.79761300901752,379.54545454545456,402.5,374.44444444444446,9.813333333333333,16.24,7.67111111111111,11.334090909090909,11.4725,11.303333333333333,13.11111111111111,265.8333333333333,514.5277777777778,1.1075,1.929,0.9021250000000001,137.0,291.1878730308658,2024-12,False,True,405.0,0.5170833333333333,0.48291666666666666,5061489.766317486,2444277.766317486,989.9324953585818,0.7529056083509774,70.77374015898808,0.7529056083509774,0.9147145491052134,68.19058615886068,1.7467410113742678,2570.1302879033974,Early,1,0,1156.215969806486,1156.215969806486,0.1120238699098247,0.06667351381411124,128.6637037037037,69.32239349839219,3974.3999999999996,174.5682130680471,498.3668043700182,0.9,Sulfide Super Grade
2024-12-29,148.30238745085117,3559.257298820428,50.041666666666664,2.1,2.13,2.115,4.58,4.66,4.62,390.0,400.0,0.0,0.82889607933848,0.0,5505.156585180974,135.0,611.1071482499999,8.630764502497119,16.05338071456012,75.31585478294275,390.0,400.0,380.0,370.0,375.0,370.0,365.0,365.0,360.0,360.0,325.0,,0.0,0.0,0.0,0.0,0.0,0.0,0.0,0.0,0.0,0.0,15.5,11.625,10.625,13.375,12.625,14.25,13.5,11.375,19.375,600.0,485.5,198.5,163.0,118.0,112.5,101.0,78.0,69.5,1062.75,824.25,654.5,449.25,400.25,343.25,318.5,300.75,277.25,1.761,1.776,0.87,0.561,0.519,0.453,0.162,0.084,0.032,0.011,0.007,2.619,2.987,2.191,1.504,1.322,1.548,1.481,1.322,0.874,0.684,431.06437149358976,372.61496518937423,104.33219025302479,91.29066647139669,72.65991821192797,78.24914268976859,61.481469256246754,55.89224477840613,50.30302030056553,46.57687064867178,44.713795822724904,2600.4559499999996,11.57,11.605,11.59,11.665,11.585,11.575,11.595,11.58,11.61,11.690000000000001,11.675,1284.474979158687,1295.4159926097832,161.81758894171193,104.34444528310391,96.53256167902126,84.25674458689139,30.131551044318773,15.62376720816529,5.9519113173963,2.045969515354978,1.3019806006804409,1409.1786551156972,6610.444687500001,1807.5360666993918,0.0,0.0,0.0,19.46,28.65766406767046,2.115,4.62,3559.257298820428,88.89936845947297,369.09090909090907,395.0,363.3333333333333,19.46,19.46,,11.612727272727271,11.5875,11.618333333333332,13.583333333333334,214.0,514.5277777777778,1.4463,1.7685,1.3657499999999998,135.0,304.76255464413725,2024-12,False,True,400.0,0.5004166666666666,0.4995833333333334,5196581.415487094,2596125.465487094,1038.4501861948377,0.7531585478294276,70.82181857472148,0.7531585478294276,0.9136923549750289,68.23659958431999,1.5929303286592396,2680.6850585308844,Early,1,0,1212.883398369575,1212.883398369575,0.11100631540527028,0.07265915034582991,264.3316666666667,60.61095950312303,7784.0,189.1244013030671,573.4646164176883,0.9,Sulfide Super Grade
2024-12-30,144.70523711676103,3472.925690802265,50.166666666666664,2.15,2.09,2.12,5.21,5.1,5.154999999999999,430.0,455.0,0.0,0.7997878808098294,0.0,5411.5361251021595,140.0,611.194812,9.201936227429888,15.134736842105264,75.66332693046485,430.0,455.0,430.0,410.0,385.0,400.0,400.0,390.0,385.0,380.0,350.0,,0.0,0.0,0.0,0.0,0.0,0.0,0.0,0.0,0.0,0.0,13.5625,13.5625,12.875,12.75,13.875,13.0,10.8125,15.8125,20.25,771.5,415.5,226.5,148.0,129.0,110.0,101.0,89.5,84.5,988.5,775.5,616.0,373.0,341.5,296.0,278.0,258.0,251.5,1.675,1.784,0.909,0.679,0.57,0.294,0.195,0.128,0.056,0.013,0.009,2.064,2.414,1.715,1.239,0.816,0.785,0.21,0.21,0.082,0.012,417.9725706036271,381.3083100243616,97.2336190562122,89.75410989804203,87.88423260849949,71.05533700261661,78.53484616078677,65.44570513398898,59.83607326536136,56.09631868627627,50.486686817648646,2546.64505,11.58,11.585,11.585,11.75,11.635000000000002,11.605,11.59,11.55,11.565000000000001,11.690000000000001,11.71,1220.0915817017055,1299.488586122891,168.84246458540107,126.12104890372645,105.87481277632409,54.60911395831454,36.2203306866372,23.7753965532798,10.401735992059912,2.4146887124424796,1.6717075701524857,1455.6078092574212,7226.73984375,1739.6097986937202,0.0,0.0,0.0,19.11,29.370049658746787,2.12,5.154999999999999,3472.925690802265,88.70570577613096,401.3636363636364,442.5,392.22222222222223,19.11,19.11,,11.622272727272728,11.5825,11.631111111111112,14.055555555555555,230.61111111111111,464.22222222222223,0.8528000000000002,1.7295,0.6336249999999999,140.0,307.966378139535,2024-12,False,True,455.0,0.5016666666666666,0.4983333333333334,5076368.870431895,2529723.820431895,1151.0243382965123,0.7566332693046485,70.96163081060315,0.7566332693046485,0.9079806377257011,67.90860783861802,1.604062530925855,2627.7311194838226,Early,1,0,1344.3671440367307,1344.3671440367307,0.11294294223869045,0.08407963829150461,268.60166666666663,62.26450527654319,8695.05,214.62162914325873,634.1324541095233,0.9,Sulfide Super Grade
2024-12-31,142.90198449322108,3114.072412081442,46.916666666666664,2.31,2.14,2.225,4.79,5.1,4.945,390.0,430.0,2.411326540899751,0.8445858098468928,5.0,4617.162214062567,0.0,508.01912525,7.997234544596507,15.005747994336952,76.99701746106653,390.0,430.0,415.0,405.0,400.0,400.0,440.0,440.0,445.0,435.0,375.0,,0.0,0.0,0.0,0.0,0.0,0.0,0.0,0.0,0.0,0.0,10.5625,9.375,9.25,11.375,10.0,10.0625,13.25,14.5,28.3125,645.5,412.0,280.0,158.5,124.0,114.0,108.5,87.0,84.0,988.5,775.5,565.0,373.0,341.5,296.0,278.0,244.0,232.5,1.677,1.804,1.219,1.063,0.957,0.321,0.192,0.077,0.012,0.006,0.001,2.262,2.367,1.941,1.627,1.351,1.2,0.996,0.875,0.664,0.551,472.7631521310613,339.5904332209032,100.17917780016644,89.99146480353936,81.50170397301677,61.12627797976258,56.032421481449035,52.63651714924,49.240612817030964,50.93856498313548,44.146756318717415,2073.54745,11.34,11.370000000000001,11.455,11.465,11.445,11.45,11.415,11.45,11.475,11.54,11.61,1263.4247229401203,1359.10447238162,234.1856040562443,204.2159943492926,183.8520287791844,61.668235358535206,36.885673485479,14.792691970738975,2.3053545928424377,1.1526772964212189,0.1921128827368698,1398.1470826580226,5747.19796875,744.2315881272841,5.0,5000.0,2.411326540899751,19.11,32.75453698644834,2.225,4.945,3114.072412081442,88.99715665820192,415.90909090909093,410.0,417.22222222222223,19.11,19.11,,11.45590909090909,11.355,11.478333333333332,12.965277777777779,223.72222222222223,454.8888888888889,1.2686,1.7405,1.150625,0.0,0.0,2024-12,False,True,430.0,0.4691666666666666,0.5308333333333334,4419639.325044406,2346091.8750444055,1008.8195062690944,0.7699701746106653,69.37513567720623,0.7699701746106653,0.9200276545540349,62.50763432480496,1.7131836385087305,2397.7428788806037,Early,1,0,1178.2755180474333,1178.2755180474333,0.11002843341798081,0.09313079767705408,247.76645833333333,72.87884479484757,8217.3,193.25755839299597,529.5596505397428,0.9,Sulfide Super Grade
2025-01-01,137.74199383950614,3305.8078521481475,52.083333333333336,2.07,1.71,1.89,4.81,4.25,4.529999999999999,560.0,332.0,0.0,0.0,0.0,4845.538148556001,395.0,618.3929185560002,9.651921627731726,17.72844009042954,72.61963828183873,470.0,450.0,435.0,430.0,420.0,430.0,430.0,440.0,410.0,395.0,395.0,,0.0,0.0,0.0,0.0,0.0,0.0,0.0,0.0,0.0,0.0,12.469494047619046,10.736180462839341,10.347235202492213,10.60455329327993,11.064146639964399,11.040782153983088,11.32724465954606,12.335381898086338,18.243419003115264,867.2699602803739,538.6993598130841,324.7803738317757,220.0771028037383,163.70093457943926,130.13346028037384,107.16355140186916,92.68114485981309,80.89922897196263,547.2780373831775,387.82943925233644,278.44392523364485,207.0981308411215,165.21495327102804,140.62383177570092,116.64252336448598,102.3411214953271,88.84705607476636,1.134,1.664,0.904,0.664,0.452,0.268,0.104,0.055,0.011,0.002,0.002,2.334,2.319,1.629,1.368,0.931,0.867,0.66,0.551,0.404,0.319,418.4845005740529,410.73478760045936,94.85648679678533,88.92795637198626,92.88030998851896,65.21383467278991,67.19001148105627,61.26148105625719,65.21383467278991,57.30912743972446,53.35677382319175,2561.9062000000004,11.625,11.530000000000001,11.51,11.39,11.395,11.405000000000001,11.285,11.325,11.34,11.295,11.26,808.51205510907,1186.3880597014927,164.35467278989668,120.72068886337544,82.17733639494834,48.72461538461539,18.908059701492537,9.999454649827785,1.9998909299655567,0.36361653272101035,0.36361653272101035,1475.4291044776126,5049.876562500001,1785.0817794116501,0.0,0.0,0.0,19.11,30.85478786485408,1.89,4.529999999999999,3305.8078521481475,87.23788979475304,427.72727272727275,460.0,420.55555555555554,19.11,19.11,,11.396363636363638,11.5775,11.356111111111112,12.018715262325076,280.6005685358256,226.0354465212876,0.9527000000000001,1.399,0.841125,395.0,809.5623592,2025-01,True,False,560.0,0.5208333333333334,0.47916666666666663,4918859.904,2356953.704,1319.89407424,0.7261963828183873,73.14517709118313,0.7261963828183873,0.9034807837226828,76.01879268746782,1.372511163526752,2400.6657045226066,Early,1,0,1541.602699420878,1541.602699420878,0.12762110205246963,0.11557023860536178,229.6776486630322,58.31554906457421,10701.6,296.29472859931957,815.6584882730134,0.9,Sulfide Super Grade
2025-01-02,142.34851259985473,3416.3643023965137,51.0,2.03,1.62,1.825,4.99,4.71,4.85,561.0,415.0,0.0,0.0,0.0,4687.500641564705,375.0,644.0825210431371,6.042944716058669,17.716980067694625,76.24007521624671,405.0,375.0,380.0,400.0,400.0,400.0,380.0,400.0,405.0,380.0,375.0,,0.0,0.0,0.0,0.0,0.0,0.0,0.0,0.0,0.0,0.0,13.125,7.875,8.8125,10.4375,8.3125,10.5625,10.3125,11.5625,19.75,560.0,332.0,230.5,165.0,121.0,112.0,106.5,90.0,89.0,1204.5,780.5,565.0,476.0,363.5,330.5,286.0,244.0,232.5,1.593,1.572,1.039,0.872,0.791,0.49,0.237,0.049,0.014,0.007,0.002,1.71,1.775,1.355,1.215,0.885,0.567,0.5,0.447,0.366,0.328,360.58919803600656,428.19967266775774,90.03461538461538,88.11898527004911,76.62520458265139,70.87831423895254,67.04705400981997,59.38453355155483,57.46890343698855,55.55327332242226,51.722013093289696,2566.4667999999997,11.745000000000001,11.7,11.629999999999999,11.719999999999999,11.67,11.585,11.620000000000001,11.61,11.59,11.629999999999999,11.64,1149.7757774140753,1134.618657937807,191.22871522094925,160.49224222585926,145.5841325695581,90.18486088379706,43.62002454991817,9.018486088379706,2.5767103109656304,1.2883551554828152,0.36810147299509005,1405.6217675941077,6411.69609375,1113.9354219282757,0.0,0.0,0.0,20.38,29.856300725437556,1.825,4.85,3416.3643023965137,86.25957476502573,390.90909090909093,390.0,391.1111111111111,20.38,20.38,,11.649090909090908,11.7225,11.632777777777779,11.194444444444445,200.66666666666666,498.05555555555554,0.8827999999999999,1.5825,0.707875,375.0,804.0720792838874,2025-01,True,False,561.0,0.51,0.49,5032287.843137254,2465821.043137254,1383.3256051999995,0.762400752162467,68.62679343738247,0.762400752162467,0.9395705528394133,63.263846213445525,1.3913813726965023,2604.638713808104,Early,1,0,1615.6891138270037,1615.6891138270037,0.13740425234974263,0.11967998361974327,228.14277777777778,54.48774882392354,11433.18,307.3955759146525,885.3042524846459,0.9,Sulfide Super Grade
2025-01-03,142.40437044753085,3417.7048907407407,50.625,1.63,1.67,1.65,4.09,4.16,4.125,557.0,303.5,0.0,0.0,0.0,4193.084929668518,345.0,689.4514127527777,4.746083236094905,19.379389342668222,75.87452742123688,565.0,460.0,450.0,435.0,430.0,425.0,425.0,420.0,380.0,365.0,345.0,20.38,16.52,12.0,11.67,11.43,10.73,10.66,10.66,10.57,10.46,9.6,14.0,11.4375,12.25,11.5625,11.5,11.0,14.4375,16.5,17.5625,561.0,415.0,184.0,155.5,143.0,135.5,115.0,116.5,101.0,1129.0,780.5,530.0,386.0,325.0,246.0,265.0,210.0,181.0,1.362,1.347,0.866,0.725,0.722,0.71,0.341,0.196,0.086,0.009,0.004,1.349,1.315,1.018,0.726,0.655,0.386,0.355,0.208,0.099,0.049,661.3761467889908,624.2201834862385,89.06284403669724,75.79816513761469,83.37798165137615,68.21834862385322,62.53348623853211,58.74357798165138,62.53348623853211,56.84862385321101,56.84862385321101,2539.76235,11.86,11.805,11.780000000000001,11.84,11.695,11.725,11.725,11.74,11.815000000000001,11.805,11.780000000000001,987.1376146788992,976.2660550458716,160.0511009174312,133.99197247706422,133.4375229357798,131.2197247706422,63.022431192660555,36.224036697247705,15.894220183486237,1.663348623853211,0.7392660550458716,1899.561467889908,5498.525156250001,865.6298457805153,0.0,0.0,0.0,20.38,29.844589647379678,1.65,4.125,3417.7048907407407,83.55741836101369,427.27272727272725,512.5,408.3333333333333,12.921666666666667,19.093333333333334,10.864444444444445,11.77909090909091,11.8325,11.767222222222223,13.36111111111111,214.05555555555554,450.27777777777777,0.6205,1.3545,0.43700000000000006,345.0,743.1156505555556,2025-01,True,False,557.0,0.50625,0.49375,5016814.518518519,2477052.1685185186,1379.7180578648147,0.7587452742123688,68.04472238428627,0.7587452742123688,0.952539167639051,63.30496186507777,1.2519297024504086,2593.1674345020374,Early,1,0,1611.4755903187543,1611.4755903187543,0.1644258163898631,0.1328377577231743,172.64782407407407,49.24357291817647,7197.368333333334,337.5737116744747,976.6459538540702,0.9,Sulfide Super Grade
2025-01-04,139.3061062398009,3204.0404435154214,49.833333333333336,1.79,1.61,1.7000000000000002,4.23,4.05,4.140000000000001,481.0,226.0,3.008518620473872,0.700359855399102,7.0,3957.77733988796,595.0,677.0929748879598,8.268268015170671,19.814690265486725,71.9170417193426,810.0,935.0,840.0,830.0,825.0,790.0,770.0,720.0,685.0,655.0,595.0,,0.0,0.0,0.0,0.0,0.0,0.0,0.0,0.0,0.0,0.0,14.1875,10.5625,11.4375,11.0,12.3125,13.6875,13.5625,12.75,20.125,557.0,303.5,189.5,160.0,118.5,101.5,97.5,77.5,68.0,1129.0,834.0,530.0,386.0,325.0,246.0,265.0,210.0,181.0,0.875,1.006,0.426,0.315,0.284,0.168,0.071,0.05,0.002,0.001,0.001,1.56,1.523,1.155,0.982,0.46,0.441,0.371,0.274,0.275,0.264,522.8532877574886,363.0925609427004,85.18151479715752,75.92265449311866,62.96025006746426,61.10847800665648,64.81202212827202,55.553161824233165,53.70138976342539,55.553161824233165,53.70138976342539,2326.7264999999998,11.675,11.655000000000001,11.665,11.725,11.61,11.64,11.615,11.655000000000001,11.745000000000001,11.719999999999999,11.77,639.66222901862,735.4288027345506,79.41315192947737,58.720992623909325,52.94210128631825,31.317862732751642,13.235525321579562,9.320792479985608,0.3728316991994243,0.18641584959971216,0.18641584959971216,1454.4398713681753,4569.926718750001,1660.2965741013338,7.0,7000.0,3.008518620473872,20.38,31.834804147505466,1.7000000000000002,4.140000000000001,3204.0404435154214,82.89209026329087,768.6363636363636,872.5,745.5555555555555,20.38,20.38,,11.679545454545456,11.665000000000001,11.682777777777778,13.291666666666666,185.88888888888889,456.22222222222223,0.6103000000000001,0.9405,0.5277499999999999,595.0,1211.8804202922786,2025-01,True,False,481.0,0.49833333333333335,0.5016666666666667,4669016.387959865,2342289.887959866,1126.6414361086954,0.719170417193426,72.71951643489254,0.719170417193426,0.9173173198482932,75.49547258990063,1.2225897092288243,2304.2511024675955,Early,1,0,1315.8885346043053,1315.8885346043053,0.1710790973670913,0.12153286016176357,270.88416666666666,54.119167050759295,9802.779999999999,282.9395121205169,774.0475259582621,0.9,Sulfide Super Grade
2025-01-05,153.9195326482103,3694.068783557047,49.666666666666664,1.59,1.57,1.58,4.41,3.95,4.18,469.5,272.5,0.0,0.5527311170942237,0.0,4221.905559425337,500.0,698.1342094253357,5.141797421731124,15.746195211786372,79.11200736648252,600.0,685.0,640.0,670.0,640.0,630.0,615.0,615.0,600.0,600.0,500.0,,0.0,0.0,0.0,0.0,0.0,0.0,0.0,0.0,0.0,0.0,13.3125,11.625,11.625,11.875,13.1875,14.0625,12.9375,16.5,16.0,481.0,226.0,147.5,133.5,101.0,94.5,78.0,65.5,52.5,1113.0,676.5,484.0,312.25,281.5,227.25,219.25,180.25,156.25,1.761,1.745,1.187,1.003,0.908,0.51,0.133,0.028,0.003,0.002,0.001,1.499,1.463,1.178,0.897,0.529,0.355,0.225,0.211,0.167,0.127,462.4968564756602,404.6847494162027,82.92424106340938,68.18215376324771,64.49663193820729,62.653871025687096,57.125588288126465,51.59730555056584,49.75454463804563,49.75454463804563,47.911783725525424,2669.5237500000003,11.445,11.555,11.489999999999998,11.530000000000001,11.46,11.395,11.385,11.355,11.42,11.475,11.515,1289.6707382791453,1277.953116579846,221.6717702532783,187.30984462008266,169.56863301598713,95.24229387461831,24.837696245733795,5.228988683312378,0.5602487874977548,0.37349919166516987,0.18674959583258494,1401.5822705227233,4574.2935937500015,251.8349068314718,0.0,0.0,0.0,20.27,27.61183020035253,1.58,4.18,3694.068783557047,83.46400222366978,617.7272727272727,642.5,612.2222222222222,20.27,20.27,,11.45681818181818,11.5,11.447222222222223,13.458333333333334,153.27777777777777,405.5833333333333,0.7195,1.7530000000000001,0.461125,500.0,1176.2418624161076,2025-01,True,False,469.5,0.49666666666666665,0.5033333333333334,5374880.033557048,2705356.283557048,1270.164775130034,0.7911200736648251,66.26861878453037,0.7911200736648251,0.9485820257826887,53.52463175061497,1.2499697163904238,2922.451968170582,Early,1,0,1483.5201432184992,1483.5201432184992,0.16535997776330222,0.11120570874728562,272.80041666666665,43.626691716557,9516.765,297.1500180378605,938.930856905019,0.9,Sulfide Super Grade
2025-01-06,150.20970851765827,3369.7044610794674,51.208333333333336,1.53,1.4,1.4649999999999999,4.25,3.62,3.935,407.0,200.5,0.0,0.46019141754050885,0.0,3734.520076691619,495.0,653.0421166916192,5.286718027734977,20.13306625577812,74.5802157164869,575.0,545.0,520.0,510.0,515.0,500.0,510.0,500.0,500.0,495.0,495.0,20.27,16.39,13.52,12.21,11.91,11.08,11.02,11.03,10.95,10.84,10.63,13.1875,12.0625,13.25,14.375,17.375,12.25,15.0625,14.1875,18.125,469.5,272.5,142.5,116.0,82.5,71.5,54.0,58.5,52.5,1113.0,676.5,484.0,312.25,281.5,227.25,219.25,180.25,156.25,1.053,1.351,1.271,0.889,0.269,0.184,0.124,0.055,0.008,0.002,0.001,2.262,2.484,2.372,2.292,2.223,2.097,1.927,1.811,1.695,1.584,309.8601589723735,302.3025941193888,113.70356321315509,92.50459380053296,71.30562438791083,73.23280342542192,67.4512663128886,59.7425501628442,55.88819208782199,53.961013050310896,50.106654975288684,2546.676,11.675,11.66,11.635,11.6,11.56,11.585,11.575,11.59,11.64,11.579999999999998,11.594999999999999,758.2549707335961,972.8418475413945,233.3848312341996,163.24084576491225,49.39458662627828,33.78663174436879,22.76925182772679,10.099264923588496,1.4689839888855996,0.3672459972213999,0.18362299861069994,1250.0590145079375,3712.7999999999997,836.3187969467486,0.0,0.0,0.0,20.27,30.26971687817537,1.4649999999999999,3.935,3369.7044610794674,82.5133590587055,515.0,560.0,505.0,13.343333333333332,18.976666666666663,11.465555555555556,11.608636363636363,11.6675,11.595555555555556,14.430555555555555,146.61111111111111,405.5833333333333,1.8404999999999998,1.202,2.000125,495.0,1044.4461810733364,2025-01,True,False,407.0,0.5120833333333333,0.48791666666666667,4973167.127746135,2426491.127746135,987.581888992677,0.7458021571648691,69.19156394453005,0.7458021571648691,0.9471328197226502,66.82488466566053,1.0926001602465332,2513.1328560811494,Early,1,0,1153.4705213726477,1153.4705213726477,0.17486640941294493,0.1089832138111192,192.55171296296294,44.345135226526914,5430.736666666666,277.8138033187487,787.3465173429859,0.9,Sulfide Super Grade
2025-01-07,141.9542611233144,3406.9022669595456,50.583333333333336,1.51,1.46,1.4849999999999999,4.25,3.84,4.045,307.5,218.0,0.0,0.3945943104866911,0.0,3757.555997155848,385.0,609.3528831558484,7.780179938744258,21.980876722817765,70.23894333843798,380.0,380.0,385.0,390.0,385.0,380.0,385.0,400.0,405.0,420.0,385.0,22.0,10.66,8.84,8.74,8.65,7.75,8.52,8.86,8.61,8.14,7.16,12.375,9.75,9.3125,13.8125,11.8125,12.375,12.4375,18.5,21.9375,407.0,200.5,138.5,118.5,89.0,70.5,61.0,49.0,48.0,1097.0,519.0,438.0,238.5,238.0,208.5,173.5,150.5,131.5,1.072,1.011,0.441,0.358,0.242,0.157,0.022,0.002,0.002,0.001,0.001,1.383,1.267,0.782,0.709,0.399,0.255,0.202,0.161,0.139,0.128,0.0,0.0,81.38462252615373,73.81395996558129,66.24329740500885,62.45796612472263,54.88730356415019,52.99463792400709,51.10197228386397,54.88730356415019,49.209306643720865,2528.6772,11.695,11.645,11.620000000000001,11.645,11.655000000000001,11.665,11.594999999999999,11.555,11.565000000000001,11.535,11.559999999999999,777.3104478963818,733.0791630813823,81.54146121099589,66.19465558625062,44.746107966124725,29.029499796204885,4.067827996920429,0.3698025451745845,0.3698025451745845,0.18490127258729225,0.18490127258729225,546.9803700013588,2974.1128124999996,1411.523529667185,0.0,0.0,0.0,22.0,29.939221030554787,1.4849999999999999,4.045,3406.9022669595456,83.78326540929591,390.45454545454544,380.0,392.77777777777777,10.8275,18.22,8.363333333333332,11.612272727272726,11.67,11.599444444444446,13.590277777777779,131.33333333333334,354.94444444444446,0.48580000000000007,1.0415,0.34687500000000004,385.0,827.0319434796936,2025-01,True,False,307.5,0.5058333333333334,0.49416666666666664,4999032.355848435,2470355.155848435,759.6342104233938,0.7023894333843798,73.46327287519144,0.7023894333843798,0.9221982006125574,77.75439983767042,1.0430483085758038,2392.972152885674,Early,1,0,887.233431997525,887.233431997525,0.1621673459070409,0.08183510777557312,147.1487326388889,44.45974323037385,3329.45625,207.06931266456118,597.4595672739746,0.9,Sulfide Super Grade
2025-01-08,143.47340993426963,3341.73483971903,50.75,1.01,1.25,1.13,2.97,3.85,3.41,318.0,148.0,0.0,0.34598557606892505,0.0,2819.94788587069,235.0,546.9534138706897,7.544129666011787,21.67464833005894,70.78122200392927,290.0,310.0,305.0,290.0,305.0,300.0,295.0,290.0,270.0,265.0,235.0,22.0,9.69,8.38,8.3,8.25,7.45,8.29,8.61,8.53,8.59,8.23,12.5,8.1875,10.75,8.9375,12.3125,10.0625,11.4375,12.4375,17.5,307.5,218.0,153.0,88.5,71.5,57.5,56.0,49.5,50.5,1028.0,491.0,370.5,234.5,214.5,191.25,161.25,156.0,146.0,1.375,1.399,1.062,0.846,0.744,0.275,0.075,0.019,0.004,0.001,0.001,1.618,1.494,1.184,0.796,0.496,0.419,0.275,0.232,0.165,0.145,365.44972105048305,328.1589331881889,60.85856579126411,47.545754524425085,36.134773438563066,34.23294325758606,32.33111307660906,32.33111307660906,30.429282895632056,28.527452714655052,28.527452714655052,2492.3185000000003,12.035,11.93,11.93,11.975000000000001,11.915,11.905000000000001,11.89,11.865,11.92,11.945,11.925,995.1864199210777,1012.5569465233365,196.00467954823785,156.13932099605387,137.31401279085588,50.75450741597496,13.84213838617499,3.506675057830997,0.7382473805959994,0.18456184514899984,0.18456184514899984,1024.5271057286707,3182.0254687500005,-292.7185888218453,0.0,0.0,0.0,22.0,30.523068074598065,1.13,3.41,3341.73483971903,80.60413043052348,286.8181818181818,300.0,283.8888888888889,10.693333333333333,17.896666666666665,8.292222222222222,11.930454545454547,11.9825,11.918888888888889,11.569444444444445,116.88888888888889,332.55555555555554,0.6486,1.387,0.464,235.0,494.2466693403301,2025-01,True,False,318.0,0.5075,0.49250000000000005,4910972.413793105,2418653.9137931042,769.1319445862072,0.7078122200392927,72.97681728880157,0.7078122200392927,0.9245587033398821,76.58283613097285,0.7998278086444006,2365.320755684176,Early,1,0,898.3265438687982,898.3265438687982,0.19395869569476523,0.11276804142138039,123.71592592592593,34.49106692429581,3400.48,281.41343881912553,794.9722072094922,0.9,Sulfide Super Grade
2025-01-09,145.4877875871422,1583.3920882400644,49.81818181818182,0.0,1.36,1.36,0.0,4.42,4.42,266.5,137.5,4.350374271399318,0.5612358941951919,5.0,1564.2416196437957,200.0,254.0095236437956,2.6624244966442956,7.6344714765100665,74.9,440.0,400.0,320.0,300.0,280.0,240.0,240.0,240.0,250.0,240.0,200.0,,0.0,0.0,0.0,0.0,0.0,0.0,0.0,0.0,0.0,0.0,12.8125,9.6875,10.0,11.3125,12.5625,11.875,11.75,12.6875,22.625,318.0,148.0,88.0,75.5,74.0,65.5,66.5,73.0,80.5,959.0,463.0,303.0,230.5,191.0,174.0,149.0,161.5,160.5,1.243,1.354,0.988,0.574,0.256,0.121,0.088,0.021,0.004,0.001,0.001,1.756,1.862,1.452,1.121,0.874,0.622,0.425,0.352,0.214,0.2,326.63854003139727,348.41444270015705,75.88902080062795,64.78331043956044,59.2304552590267,57.379503532182106,53.67760007849294,49.975696624803774,46.273793171114605,44.42284144427002,42.571889717425435,1149.3264,11.82,11.76,11.75,11.88,11.7,11.7,11.72,11.74,11.89,11.89,11.84,908.8339874411306,989.9929356357931,184.20887755102044,107.02013736263737,47.73023547880691,22.55999411302983,16.407268445839875,3.91537087912088,0.745784929356358,0.1864462323390895,0.1864462323390895,1169.257093799058,3121.7259375,-971.3682493773454,5.0,5000.0,4.350374271399318,22.0,64.41866216053454,1.36,4.42,1583.3920882400644,83.76149052333501,286.3636363636364,420.0,256.6666666666667,22.0,22.0,,11.79,11.79,11.790000000000001,12.8125,109.88888888888889,310.1666666666667,0.7857000000000001,1.2985000000000002,0.6575000000000001,200.0,201.34185109489044,2025-01,True,False,266.5,0.4981818181818182,0.5018181818181817,2307042.04379562,1157715.64379562,308.53121907153275,0.8791400102604803,59.506890129161924,0.8791400102604803,0.968749747672929,50.0,1.1956304139542533,1392.0233367017336,Early,1,0,360.35661456405904,360.35661456405904,0.16238509476664983,0.17037009925658836,281.875,87.60938053832697,5863.0,195.95444151145946,264.96615066364143,0.9,Sulfide Super Grade
2025-01-10,138.97615775859467,3335.4277862062722,51.083333333333336,1.33,1.69,1.51,4.51,4.31,4.41,446.5,200.5,0.0,0.5022373796347314,0.0,3796.2755075126433,265.0,573.5507016961665,9.34143352601156,22.500913294797687,68.15765317919076,340.0,300.0,290.0,280.0,270.0,280.0,280.0,275.0,280.0,285.0,265.0,22.0,10.77,8.71,8.51,8.44,8.41,8.3,8.68,8.56,8.57,8.33,13.375,11.75,10.5,12.375,13.0625,13.1875,10.0625,11.25,19.9375,266.5,137.5,88.0,79.5,84.5,80.0,84.0,71.5,67.5,927.5,538.75,374.75,272.0,225.0,196.0,176.25,172.0,162.75,1.809,1.599,1.001,0.794,0.711,0.618,0.16,0.125,0.034,0.003,0.001,2.778,2.52,1.94,1.667,1.428,0.975,0.694,0.522,0.477,0.398,361.4577551298967,316.27553573865964,74.88952864097547,69.12879566859274,63.36806269621002,59.527574047954865,57.607329723827284,55.687085399699704,51.84659675144456,48.006108103189405,44.16561945493425,2511.7005000000004,11.68,11.67,11.6,11.645,11.64,11.675,11.629999999999999,11.61,11.675,11.695,11.665,1304.4652167978522,1153.0347604531596,184.06371968697388,146.00059283861867,130.73856613130715,113.63774102552435,29.420774375540287,22.98497998089085,6.251914554802311,0.5516395195413804,0.1838798398471268,1201.959991355385,3682.0565625000004,136.73842542987825,0.0,0.0,0.0,22.0,30.58078499610246,1.51,4.41,3335.4277862062722,84.89175244101389,285.90909090909093,320.0,278.3333333333333,10.94,18.256666666666664,8.501111111111111,11.65318181818182,11.675,11.648333333333333,12.833333333333334,106.55555555555556,338.3333333333333,1.1509,1.704,1.012625,265.0,554.2344439712036,2025-01,True,False,446.5,0.5108333333333334,0.48916666666666664,4916868.8417618275,2405168.341761827,1073.9076645966559,0.6815765317919076,75.73986271676301,0.6815765317919076,0.9065856647398844,82.89407263622954,1.0291805630057804,2273.3493025648313,Early,1,0,1254.2968310727824,1254.2968310727824,0.1510824755898611,0.11761527821581926,140.39666666666668,46.17698534411471,4884.71,295.6934060039337,830.6546520041472,0.9,Sulfide Super Grade
2025-01-11,148.51809990086795,3564.4343976208306,49.458333333333336,1.38,1.5,1.44,3.62,4.72,4.17,475.5,279.0,0.0,0.4536306919313433,0.0,3698.3924182059604,280.0,681.0566025735469,10.778035378246141,18.829337598795636,70.39262702295824,375.0,330.0,320.0,320.0,305.0,310.0,295.0,300.0,290.0,295.0,280.0,,0.0,0.0,0.0,0.0,0.0,0.0,0.0,0.0,0.0,0.0,11.625,10.75,11.75,10.9375,12.6875,13.5625,15.0,12.5,18.125,446.5,200.5,143.5,97.5,80.0,76.5,62.0,48.5,41.5,896.0,614.5,446.5,313.5,259.0,218.0,203.5,182.5,165.0,1.593,1.596,0.595,0.279,0.195,0.114,0.036,0.001,0.001,0.001,0.001,3.298,3.3,1.358,1.161,1.359,1.243,0.872,0.692,0.641,0.542,366.30711996593527,395.03709015934203,71.42988839335739,67.76681719369803,64.10374599403868,58.609139194549655,56.77760359471998,53.11453239506062,49.45146119540127,45.788389995741916,42.12531879608257,2560.1523500000003,11.765,11.719999999999999,11.77,11.815000000000001,11.704999999999998,11.684999999999999,11.705,11.675,11.755,11.719999999999999,11.71,1169.232939647251,1171.4348849196565,111.36338215190155,52.21913213509333,36.497242890119,21.336849689608027,6.73795253356043,0.18716534815445637,0.18716534815445637,0.18716534815445637,0.18716534815445637,1270.5111068779274,3702.7753125,440.76763441962464,0.0,0.0,0.0,22.0,28.616040757569394,1.44,4.17,3564.4343976208306,81.58506384501193,310.90909090909093,352.5,301.6666666666667,22.0,22.0,,11.729545454545455,11.7425,11.726666666666667,12.993055555555555,132.94444444444446,366.5,1.1057000000000001,1.5945,0.9835,280.0,636.9950874722538,2025-01,True,False,475.5,0.4945833333333334,0.5054166666666666,5176382.173546757,2616229.8235467565,1244.0172810964827,0.7039262702295823,75.24088022205495,0.7039262702295823,0.8922196462175386,81.8896407223331,1.0136538291305985,2509.0990109952595,Early,1,0,1452.9805354030582,1452.9805354030582,0.18414936154988068,0.12856937453669628,285.84722222222223,41.207098690899926,10461.0,330.20604023583167,1009.0072537017508,0.9,Sulfide Super Grade
2025-01-12,145.53860636062004,3492.926552654881,50.541666666666664,2.33,2.45,2.39,5.07,5.09,5.08,736.5,380.5,0.0,0.4131857126144519,0.0,6193.71944347568,330.0,753.4581517378402,10.111486988847584,21.339851301115242,68.54866171003717,335.0,425.0,455.0,440.0,435.0,430.0,415.0,400.0,385.0,380.0,330.0,,0.0,0.0,0.0,0.0,0.0,0.0,0.0,0.0,0.0,0.0,11.8125,9.4375,10.75,9.6875,9.5625,12.3125,11.9375,13.75,17.9375,475.5,279.0,157.5,112.0,70.0,60.5,51.5,51.0,42.5,1072.0,845.75,433.25,322.25,231.5,195.25,184.5,171.25,156.25,2.152,2.107,1.235,0.518,0.311,0.274,0.035,0.014,0.006,0.001,0.001,3.611,3.74,2.879,1.868,1.248,0.889,0.736,0.453,0.283,0.231,533.7540460399737,518.9275447610855,96.40932456597025,83.17667217456257,77.50553543538784,73.72477760927137,69.94401978315489,66.1632619570384,62.38250413092193,58.601746304805445,51.04023065257249,2589.3940000000002,11.684999999999999,11.754999999999999,11.77,11.745000000000001,11.67,11.7,11.66,11.625,11.67,11.7,11.67,1561.1364675524574,1528.491885284864,228.45766823603978,95.82273048280858,57.53063548292175,50.68615473414972,6.474508816405986,2.589803526562394,1.109915797098169,0.18498596618302815,0.18498596618302815,1691.6296634147443,5385.5203125,1905.6720743530336,0.0,0.0,0.0,22.0,29.201873690264826,2.39,5.08,3492.926552654881,87.83512623369604,402.72727272727275,380.0,407.77777777777777,22.0,22.0,,11.695454545454545,11.719999999999999,11.69,11.909722222222221,144.38888888888889,401.3333333333333,1.2846,2.1295,1.073375,330.0,727.1167595541061,2025-01,True,False,736.5,0.5054166666666666,0.4945833333333334,5123285.737840067,2533891.7378400667,1866.211264919209,0.6854866171003716,75.97676579925651,0.6854866171003716,0.8988851301115242,83.5385956079869,1.6383130148698883,2394.3544063594577,Early,1,0,2179.687279333886,2179.687279333886,0.12164873766303953,0.11891077836530228,262.01388888888886,69.79247811973293,16203.0,308.1577064531111,911.9992298500366,0.9,Sulfide Super Grade
2025-01-13,142.67367378439045,3424.168170825371,50.875,1.72,3.58,2.65,3.84,6.18,5.01,746.0,510.5,0.0,0.37967854436941273,0.0,6798.278203019657,445.0,861.0977112078624,9.011653046062408,22.897678306092125,68.09066864784545,335.0,415.0,425.0,450.0,455.0,465.0,475.0,460.0,455.0,455.0,445.0,22.0,9.77,8.23,8.07,8.09,7.12,8.24,8.46,8.38,8.48,7.0,13.5,11.4375,11.5,11.25,11.25,13.0,12.6875,12.6875,20.625,736.5,380.5,189.5,90.0,65.5,56.0,49.0,45.5,47.0,1072.0,845.75,433.25,322.25,231.5,195.25,184.5,171.25,156.25,1.986,2.04,1.352,0.865,0.526,0.325,0.145,0.066,0.01,0.001,0.001,3.895,3.889,3.865,3.562,2.352,1.852,1.456,1.251,0.865,0.685,598.8147946325183,568.8740549008924,124.06694026292487,112.61460731557796,104.97971868401336,99.2535522103399,83.98377494721068,82.07505278931953,82.07505278931953,74.44016415775492,72.53144199986377,2563.0532000000003,11.955,11.934999999999999,11.895,11.91,11.879999999999999,11.844999999999999,11.845,11.855,11.844999999999999,11.86,11.73,1435.42306382399,1474.4526939581772,249.18250527893196,159.42519753422792,96.94526462775015,59.89964069205095,26.72445507799196,12.164234725154962,1.8430658674477216,0.18430658674477216,0.18430658674477216,2003.7091546897348,5755.6846875,2417.8208697675177,0.0,0.0,0.0,22.0,29.788256566678395,2.65,5.01,3424.168170825371,87.33359116098866,439.54545454545456,375.0,453.8888888888889,10.486666666666666,17.923333333333332,8.007777777777779,11.868636363636364,11.945,11.851666666666667,13.104166666666666,184.38888888888889,401.3333333333333,1.9913999999999994,2.013,1.986,445.0,957.6745195641491,2025-01,True,False,746.0,0.50875,0.49124999999999996,5037942.407862408,2474889.207862408,1846.2673490653563,0.6809066864784546,75.57561524888561,0.6809066864784546,0.9098834695393759,82.50692928599763,1.8044027191679048,2331.5390031416946,Early,1,0,2156.3932930077294,2156.3932930077294,0.1266640883901133,0.10973366751431884,137.41902777777776,78.93887990169775,7823.053333333333,281.508371666522,813.7302474359453,0.9,Sulfide Super Grade
2025-01-14,142.37691636722727,3417.045992813454,49.958333333333336,2.81,2.34,2.575,5.21,5.2,5.205,1090.0,759.0,0.0,0.3519456640005307,0.0,6415.502659076145,340.0,849.2607498261466,7.691212823483972,20.032595596755502,72.27619157976052,440.0,415.0,415.0,410.0,410.0,425.0,375.0,365.0,360.0,355.0,340.0,22.0,10.39,8.47,8.31,8.42,7.36,8.35,8.62,8.52,8.61,8.14,14.5625,9.5625,11.5,11.125,12.0625,11.375,13.5625,12.5625,18.75,746.0,510.5,172.0,96.5,68.0,53.0,51.0,54.5,52.0,1248.0,1077.0,420.0,331.0,204.0,172.5,165.5,160.0,147.5,2.366,2.613,1.439,1.251,0.856,0.328,0.113,0.067,0.015,0.002,0.001,3.44,3.917,3.465,2.788,2.352,1.744,1.214,0.865,0.562,0.457,349.8444289348673,444.59396177139394,120.80565436657139,109.65436319427249,98.5030720219736,94.78597496454063,94.78597496454063,76.2004896773758,72.48339261994283,68.76629556250987,61.332101447643936,2490.4885499999996,11.585,11.585,11.55,11.649999999999999,11.52,11.49,11.485,11.525,11.559999999999999,11.51,11.45,1727.3179638426727,1907.6423666614132,267.89124693248084,232.89225150280296,159.3571281266182,61.062077132629405,21.036630231668056,12.473046243555396,2.7924730396019544,0.3723297386135939,0.18616486930679696,1591.7557095256325,8968.413750000002,1173.547492579127,0.0,0.0,0.0,22.0,29.850344483077155,2.575,5.205,3417.045992813454,86.76236617835892,391.8181818181818,427.5,383.8888888888889,10.765833333333333,18.13,8.31111111111111,11.537272727272729,11.585,11.526666666666666,12.784722222222221,200.38888888888889,436.1666666666667,1.8426000000000002,2.4895,1.6808750000000001,340.0,737.5465746868764,2025-01,False,True,759.0,0.4995833333333334,0.5004166666666666,4985131.376146787,2494642.8261467875,1893.4339050454118,0.7227619157976053,72.13438827732716,0.7227619157976053,0.9230878717651604,74.09762748583373,1.8611119331788337,2469.7107081343825,Early,1,0,2211.4826304328612,2211.4826304328612,0.1323763382164108,0.1183071756546195,137.6381886574074,76.86463704392368,8171.2675,294.75613686937135,858.8248707511276,0.9,Sulfide Super Grade
2025-01-15,137.3348796896939,3296.037112552654,49.458333333333336,1.89,1.88,1.8849999999999998,4.49,4.1,4.295,850.0,466.0,0.0,0.3290957817777938,0.0,4467.342599225105,355.0,812.165601337658,8.079702093397744,17.04770531400966,74.87259259259258,330.0,350.0,350.0,340.0,335.0,365.0,335.0,360.0,335.0,325.0,355.0,10.98,8.72,8.49,8.61,7.89,8.62,8.96,8.93,8.93,9.02,8.98,12.5,12.8125,11.625,13.0,14.375,12.9375,10.0625,12.5,17.8125,1090.0,759.0,324.0,151.5,123.5,98.5,78.5,77.0,72.0,1328.5,970.25,521.25,363.0,249.25,196.5,192.25,177.75,186.5,2.121,2.011,1.214,0.752,0.425,0.121,0.069,0.02,0.003,0.001,0.001,3.685,3.712,3.465,2.788,2.412,1.744,1.214,0.865,0.562,0.457,409.4020752560453,430.94955290110033,108.06060038995092,100.73445799063222,97.07138679097287,87.91370879182448,84.25063759216513,75.09295959301674,64.10374599403868,60.44067479437933,53.11453239506062,2367.3762,11.925,11.905000000000001,11.83,12.015,11.9,11.865,11.844999999999999,11.83,11.934999999999999,11.879999999999999,11.85,1556.775307590596,1476.037314269066,227.21873265951004,140.7483418121512,79.54527296564396,22.64700712668922,12.914409022657491,3.7433069630891276,0.5614960444633692,0.18716534815445637,0.18716534815445637,1571.1343324891866,6974.002968750001,137.90248460652833,0.0,0.0,0.0,10.98,30.94625349075785,1.8849999999999998,4.295,3296.037112552654,81.8199391853552,343.6363636363636,340.0,344.44444444444446,9.092500000000001,10.226666666666668,8.714444444444446,11.889090909090909,11.915000000000001,11.883333333333333,13.069444444444445,308.22222222222223,465.02777777777777,1.7639,2.066,1.688375,355.0,746.8061260488626,2025-01,True,False,850.0,0.4945833333333334,0.5054166666666666,4786607.312552654,2419231.112552654,2056.346445669756,0.7487259259259259,70.75444343800322,0.7487259259259259,0.9192029790660226,68.79801164204835,1.4113483703703702,2467.828438982201,Early,1,0,2401.760333240652,2401.760333240652,0.18180060814644805,0.1902697142922146,118.83392361111113,58.33368783007854,7728.625000000001,450.9259897825476,1274.1366535141206,0.9,Sulfide Super Grade
2025-01-16,140.21645993883791,1910.4492666666663,49.333333333333336,2.68,2.77,2.725,5.82,5.99,5.905,915.0,579.5,3.6572481190132904,0.449370524610733,5.0,3731.7971502,200.0,479.9059506,8.24037508846426,18.13046001415428,73.62916489738146,360.0,340.0,340.0,280.0,240.0,220.0,200.0,200.0,200.0,220.0,200.0,22.0,10.02,8.74,8.83,8.85,7.71,8.79,9.08,9.05,8.91,8.69,14.0,11.0625,12.25,11.5,9.5625,11.9375,13.75,12.9375,17.9375,850.0,466.0,223.0,154.5,112.0,80.0,75.5,71.0,100.5,1409.0,863.5,622.5,395.0,294.5,220.5,219.0,195.5,225.5,2.451,2.386,1.452,0.986,0.562,0.368,0.214,0.099,0.01,0.002,0.001,3.885,3.985,2.94,2.529,2.171,1.616,1.214,0.871,0.575,0.457,651.2106017191978,551.0243553008597,104.01479226361032,93.06586676217766,89.41622492836676,82.116941260745,72.99283667621778,72.99283667621778,65.69355300859598,67.51837392550144,62.04391117478511,1367.14815,12.05,11.96,12.02,12.13,11.88,11.83,11.87,11.92,12.04,12.07,12.24,1801.3796561604584,1753.6074498567334,272.1251862464183,184.79024355300857,105.3266905444126,68.96836676217764,40.10660458452722,18.553989971346702,1.8741404011461316,0.3748280802292263,0.18741404011461316,1912.0902936962757,8726.801249999999,-999.507545064899,5.0,5000.0,3.6572481190132904,22.0,53.39058292710837,2.725,5.905,1910.4492666666663,87.14008475583192,254.54545454545453,350.0,233.33333333333334,11.055833333333332,18.006666666666664,8.738888888888887,12.00090909090909,12.005,11.999999999999998,12.770833333333334,236.94444444444446,493.8888888888889,1.7209999999999996,2.4185,1.546625,200.0,244.19097391304348,2025-01,True,False,915.0,0.49333333333333335,0.5066666666666666,2771246.2499999995,1404098.0999999996,1284.7497614999997,0.7362916489738146,71.63200636942675,0.7362916489738146,0.9175962491153574,71.96178109120264,2.0063947434536447,1406.6478408348146,Early,1,0,1500.5550362434583,1500.5550362434583,0.12859915244168085,0.24519017598557358,141.1922048611111,145.4893384763703,10116.0875,335.7785842987732,550.6603778494238,0.9,Sulfide Super Grade
2025-01-17,135.221146228903,3245.3075094936717,52.666666666666664,2.0,2.23,2.115,6.44,5.57,6.005000000000001,788.0,423.0,0.0,0.4209185641945837,0.0,5411.847588764241,245.0,769.4471850094936,8.003016949152544,20.23790583804143,71.75907721280602,355.0,365.0,335.0,320.0,325.0,325.0,290.0,1630.0,260.0,285.0,245.0,21.77,11.28,9.21,8.75,8.73,7.92,8.61,8.95,8.81,8.87,8.72,11.5,11.6875,9.9375,13.9375,11.3125,14.3125,13.75,10.1875,21.5,915.0,579.5,336.0,244.5,251.5,153.5,127.0,123.0,99.5,1382.0,903.25,629.5,434.5,341.75,288.0,264.5,237.25,243.25,2.623,2.282,1.441,1.057,0.815,0.576,0.114,0.012,0.001,0.001,0.001,2.978,2.768,2.94,2.529,2.171,1.331,1.178,0.871,0.575,0.394,480.6538603620243,488.533431843369,92.42737347617289,86.39950129294421,84.39021056520133,78.36233838197266,74.34375692648688,70.3251754710011,72.334466198744,66.30659401551533,64.29730328777244,2557.16325,11.835,11.89,11.895,11.96,11.905,11.905000000000001,11.89,11.855,11.92,11.89,11.870000000000001,1857.514222386406,1616.030291835981,260.21840967861107,190.874988917621,147.1741872922054,104.01513114148504,20.58632803841892,2.166981898780939,0.18058182489841157,0.18058182489841157,0.18058182489841157,1658.3740118212042,7655.386875,442.61768146095744,0.0,0.0,0.0,21.77,31.429995370735732,2.115,6.005000000000001,3245.3075094936717,85.78217194055918,430.45454545454544,360.0,446.1111111111111,11.115833333333335,18.27333333333333,8.729999999999999,11.892272727272728,11.8625,11.89888888888889,13.125,314.3888888888889,524.8888888888889,1.6893999999999998,2.4525,1.4986249999999997,245.0,489.61865419647796,2025-01,True,False,788.0,0.5266666666666666,0.4733333333333334,4855373.259493671,2298210.0094936714,1810.9894874810132,0.7175907721280603,72.65246233521658,0.7175907721280603,0.9199698305084746,75.45014678502275,1.5177044830508477,2328.8027215305565,Early,1,0,2115.1896481777194,2115.1896481777194,0.1421782805944082,0.1456064656432674,145.89531250000002,66.47444020910608,8759.276666666668,372.5750705670422,1000.0849396351408,0.9,Sulfide Super Grade
2025-01-18,136.80399721636192,3283.2959331926863,52.666666666666664,2.27,1.89,2.08,4.55,4.51,4.529999999999999,673.5,464.5,1.9326685340110046,0.5119260574747204,5.0,5383.485832044304,320.0,778.4540620443037,8.161438202247192,15.29752808988764,76.54103370786517,460.0,385.0,365.0,370.0,360.0,330.0,335.0,335.0,290.0,300.0,320.0,22.0,9.62,8.92,8.73,8.82,7.8,8.72,9.11,8.12,8.81,8.83,13.3125,11.8125,11.4375,12.25,13.875,13.0625,14.375,15.8125,18.375,788.0,423.0,256.0,200.5,140.5,131.0,123.0,111.0,107.0,1355.0,943.0,636.5,474.0,389.0,355.5,310.0,279.0,261.0,2.483,2.596,1.642,1.024,0.864,0.566,0.23,0.066,0.016,0.001,0.001,2.984,3.199,2.862,2.398,2.023,1.616,1.468,1.111,0.944,0.726,535.8108607314371,457.0151459179903,102.47382711488733,94.43666420391577,86.39950129294421,82.38091983745844,74.34375692648688,70.3251754710011,70.3251754710011,66.30659401551533,58.26943110454377,2587.0964999999997,11.76,11.684999999999999,11.61,11.605,11.545,11.57,11.54,11.515,11.495000000000001,11.55,11.545,1758.3712596970818,1838.3937938677504,296.51535648319174,184.91578869597345,156.02269671222757,102.20931289250093,41.53381972663466,11.918400443295162,2.889309198374585,0.18058182489841157,0.18058182489841157,1698.0870520871815,7100.323593749999,212.2360764940048,5.0,5000.0,1.9326685340110046,22.0,31.06634372151002,2.08,4.529999999999999,3283.2959331926863,85.53996265002341,350.0,422.5,333.8888888888889,10.956666666666669,17.87333333333333,8.651111111111112,11.583636363636364,11.7225,11.552777777777779,13.8125,253.33333333333334,555.8888888888889,1.8227,2.5395000000000003,1.6435,320.0,646.9876992845352,2025-01,True,False,673.5,0.5266666666666666,0.4733333333333334,4912208.544303797,2325112.0443037977,1565.9629618386077,0.7654103370786517,69.76275280898876,0.7654103370786517,0.918385617977528,64.13204747774483,1.5920535011235957,2513.0686469539805,Early,1,0,1829.0048999224084,1829.0048999224084,0.1446003734997658,0.12510481517218885,151.33895833333335,64.61799494074084,7379.315000000001,323.79652020903745,879.3250512845651,0.9,Sulfide Super Grade
2025-01-19,136.31828313776813,3271.6387953064354,51.291666666666664,2.53,2.55,2.54,3.43,5.17,4.3,790.5,518.0,0.0,0.4840115411583967,0.0,6297.756881906416,355.0,787.7901597192525,7.242616822429907,14.474361370716512,78.28302180685358,380.0,410.0,400.0,400.0,400.0,395.0,390.0,395.0,375.0,370.0,355.0,22.0,10.21,8.91,5.89,8.41,7.79,8.34,8.81,9.01,8.93,8.71,13.5,10.4375,11.75,10.9375,10.9375,9.625,11.75,13.125,17.0,673.5,464.5,265.0,241.0,150.0,139.0,132.5,119.0,121.0,1341.5,891.25,701.25,522.5,447.25,378.75,352.0,322.75,277.0,2.352,2.451,1.754,1.052,0.658,0.325,0.152,0.024,0.004,0.001,0.001,4.253,3.629,3.434,3.099,2.612,1.867,1.782,1.225,0.857,0.638,553.0282861896839,484.8467166594489,113.97685706470948,102.38599024456954,94.65874569780958,90.79512342442959,86.93150115104962,75.34063433090967,71.47701205752968,69.54520092083969,59.886145237389734,2478.5051999999996,11.6,11.605,11.605,11.675,11.655000000000001,11.67,11.675,11.665,11.73,11.74,11.74,1692.0697467690834,1763.2920702938025,321.77382467576865,192.99091422970847,120.71104711325872,59.621717799101944,27.884618786041525,4.402834545164452,0.7338057575274086,0.18345143938185215,0.18345143938185215,1802.8722129783691,7830.061875,1331.1183706922584,0.0,0.0,0.0,22.0,31.17703584709028,2.54,4.3,3271.6387953064354,87.49094043336937,388.1818181818182,395.0,386.6666666666667,10.750833333333334,18.07,8.311111111111112,11.66909090909091,11.6025,11.68388888888889,12.118055555555555,256.1666666666667,581.5833333333334,2.0317000000000003,2.4015,1.93925,355.0,726.5689015462862,2025-01,True,False,790.5,0.5129166666666667,0.4870833333333333,4832179.106417546,2353673.9064175463,1860.5792230230704,0.7828302180685358,68.09974688473521,0.7828302180685358,0.927573831775701,57.4138771530712,1.988388753894081,2561.1377115712185,Early,1,0,2173.1091976834036,2173.1091976834036,0.12509059566630615,0.12552088224795127,130.27919560185185,79.18967105160931,8498.53375,311.21924716831825,855.5514339248284,0.9,Sulfide Super Grade
2025-01-20,142.4435509759455,3418.6452234226917,51.291666666666664,2.34,2.56,2.45,5.94,5.06,5.5,781.0,512.5,0.0,0.4579199184609477,0.0,6347.64901789009,360.0,844.1682553900894,10.172766592095451,19.756349739000747,70.0708836689038,435.0,420.0,400.0,405.0,410.0,400.0,395.0,390.0,390.0,385.0,360.0,22.0,11.33,8.85,8.62,8.67,7.53,8.37,8.69,8.8,8.58,8.53,13.6875,10.6875,9.75,10.125,12.75,9.875,12.125,9.9375,20.625,790.5,518.0,283.5,189.5,158.5,149.0,119.5,143.5,160.0,1341.5,891.25,701.25,522.5,447.25,378.75,352.0,322.75,277.0,2.352,2.451,1.254,0.862,0.521,0.355,0.142,0.066,0.005,0.001,0.001,3.6185,3.4139999999999997,3.148,2.7485,2.3175,1.7415,1.625,1.1680000000000001,0.9005,0.6819999999999999,522.7253663984683,499.99817655505666,115.90866820139948,102.38599024456954,96.59055683449957,83.06787887766963,75.34063433090967,71.47701205752968,69.54520092083969,59.886145237389734,54.090711827319765,2589.8733,11.504999999999999,11.465,11.45,11.495,11.405000000000001,11.415,11.48,11.445,11.515,11.535,11.434999999999999,1692.0697467690834,1763.2920702938025,230.04810498484258,158.13514074715656,95.57819991794497,65.12526098055751,26.050104392223002,12.107794999202241,0.9172571969092607,0.18345143938185215,0.18345143938185215,1751.0163414856515,9075.1471875,1460.1163042333303,0.0,0.0,0.0,22.0,29.83638059344434,2.45,5.5,3418.6452234226917,86.7010880247017,399.09090909090907,427.5,392.77777777777777,10.9975,18.44333333333333,8.515555555555556,11.467727272727272,11.485,11.46388888888889,12.17361111111111,279.1111111111111,581.5833333333334,1.9134,2.4015,1.791375,360.0,769.9094264627557,2025-01,True,False,781.0,0.5129166666666667,0.4870833333333333,5049306.190089359,2459432.8900893587,1920.817087159789,0.700708836689038,75.06367682699478,0.700708836689038,0.8982723340790454,81.41115534457533,1.7167366498881433,2395.474917557051,Early,1,0,2243.4654904896915,2243.4654904896915,0.1329891197529829,0.12303767864272974,133.87928819444446,73.09913245393864,8589.0475,318.77420908486084,915.6964626632918,0.9,Sulfide Super Grade
2025-01-21,147.10667532294983,3530.560207750796,50.333333333333336,2.29,2.35,2.3200000000000003,5.49,4.67,5.08,883.0,609.5,0.0,0.4343977125769584,0.0,6038.0447220596025,355.0,887.0381964287085,3.374684014869889,15.61453531598513,81.01078066914498,405.0,405.0,400.0,400.0,400.0,375.0,395.0,390.0,370.0,370.0,355.0,21.95,11.59,8.77,8.81,8.68,7.81,8.62,8.96,9.08,9.12,8.99,13.125,10.9375,11.8125,12.1875,11.5625,10.3125,13.125,15.25,16.25,781.0,512.5,384.5,258.5,242.5,184.0,167.5,157.0,169.0,1328.0,839.5,766.0,571.0,505.5,402.0,394.0,366.5,293.0,2.142,2.235,1.253,0.751,0.365,0.152,0.088,0.021,0.001,0.001,0.001,4.253,3.629,3.434,3.099,2.612,1.867,1.782,1.225,0.857,0.638,685.2720043376108,589.4812940538588,95.82755286463042,88.31166636544371,84.55372311585037,77.03783661666367,73.27989336707031,69.52195011747698,67.6429784926803,62.00606361829027,54.49017711910357,2601.499,11.629999999999999,11.565000000000001,11.535,11.504999999999999,11.435,11.370000000000001,11.425,11.385,11.34,11.29,11.23,1557.4310500632569,1625.0506054581601,232.31679830110247,139.2417522139888,67.67408729441533,28.182085667811315,16.315944333996022,3.8935776251581427,0.18540845834086392,0.18540845834086392,0.18540845834086392,1947.4251400686794,10156.87494642857,1480.681938165574,0.0,0.0,0.0,21.95,28.890599224472894,2.3200000000000003,5.08,3530.560207750796,85.30918141119471,387.72727272727275,405.0,383.8888888888889,11.194166666666666,18.496666666666666,8.759999999999998,11.428181818181818,11.5975,11.390555555555556,12.729166666666666,317.3888888888889,607.2777777777778,1.9891,2.1885,1.93925,355.0,792.4347227469044,2025-01,True,False,883.0,0.5033333333333334,0.4966666666666666,5168541.059602648,2567042.059602648,2266.698138629138,0.8101078066914499,63.977439591078074,0.8101078066914499,0.9662531598513011,50.0,1.879450111524164,2860.134386293107,Early,1,0,2647.4457590810975,2647.4457590810975,0.14690818588805285,0.14623939381800488,142.49241319444442,67.02619020077712,9884.449166666665,380.6018077508286,1141.1354947095474,0.9,Sulfide Super Grade
2025-01-22,149.38138931695514,3585.1533436069235,49.75,2.07,2.13,2.0999999999999996,5.61,4.75,5.18,856.0,657.0,0.0,0.4132077771451003,0.0,5456.629007565828,395.0,872.667023565829,8.776860119047619,15.023080357142858,76.20005952380951,425.0,445.0,435.0,440.0,420.0,415.0,410.0,425.0,405.0,420.0,395.0,21.95,10.91,8.45,8.76,8.6,7.72,8.63,8.89,8.87,8.82,7.52,11.657142857142857,11.375,12.625,12.9375,11.9375,14.25,8.8125,11.3125,15.0,883.0,609.5,415.0,283.5,260.0,225.0,211.0,217.5,204.5,1317.25,987.25,794.25,679.0,665.0,506.5,469.75,407.5,341.75,2.086,1.981,1.154,0.741,0.356,0.145,0.067,0.025,0.003,0.001,0.001,2.9698326086956524,3.172495081967213,2.682447513812155,2.1611602209944754,1.717613259668508,1.3640491712707181,1.0986574585635358,0.8377337016574586,0.624767955801105,0.4760165745856353,536.0684913037617,507.0918160981529,101.59946743966564,97.90494135095054,94.21041526223541,90.51588917352029,83.12683699609008,75.73778481865983,72.04325872994472,64.6542065525145,57.26515437508427,2597.1456,11.55,11.52,11.585,11.719999999999999,11.57,11.61,11.57,11.57,11.655000000000001,11.615,11.565000000000001,1526.3208844546311,1449.4926520156398,215.31660914116216,138.2578920048537,66.42349467439665,27.054513280302004,12.501050964001617,4.664571255224484,0.5597485506269381,0.18658285020897936,0.18658285020897936,1780.2182621005798,11101.0584375,1143.4156712261586,0.0,0.0,0.0,21.95,28.450665905793763,2.0999999999999996,5.18,3585.1533436069235,84.00721356801347,421.3636363636364,435.0,418.3333333333333,10.922500000000001,18.27,8.473333333333334,11.593636363636362,11.535,11.606666666666667,12.211904761904762,367.6666666666667,685.3611111111111,1.502944585635359,2.0335,1.370305732044199,395.0,901.0285117413152,2025-01,True,False,856.0,0.4975,0.5025,5220393.165829145,2623247.5658291453,2245.499916349748,0.7620005952380952,70.36050037202381,0.7620005952380952,0.9122313988095238,65.80876052819525,1.6002012499999996,2731.8889818483226,Early,1,0,2622.6867747605957,2622.6867747605957,0.1599278643198653,0.15687341008764252,133.3845297619048,59.74639840216689,9349.660000000002,407.6171065852068,1248.8925170644882,0.9,Sulfide Super Grade
2025-01-23,143.10864431189324,3434.607463485438,49.916666666666664,2.23,2.24,2.2350000000000003,5.27,5.16,5.215,984.5,752.0,1.999805338948307,0.4843725029167903,5.0,5590.55247865793,345.0,665.0730791579299,7.4324856156501715,18.08500575373993,74.4825086306099,390.0,405.0,375.0,375.0,395.0,400.0,390.0,430.0,380.0,395.0,345.0,11.9,9.86,8.87,8.89,9.0,7.95,8.88,9.15,9.0,9.12,8.74,11.875,10.875,11.125,11.25,11.75,11.6875,12.375,10.25,16.8125,856.0,657.0,524.5,372.0,320.0,288.0,255.5,224.5,215.0,1306.5,1135.0,822.5,787.0,824.5,611.0,545.5,448.5,390.5,1.98,1.73,1.178,0.736,0.432,0.198,0.058,0.029,0.003,0.001,0.001,2.9698326086956524,3.172495081967213,2.682447513812155,2.1611602209944754,1.717613259668508,1.3640491712707181,1.0986574585635358,0.8377337016574586,0.624767955801105,0.4760165745856353,473.1714452896431,429.49408110906063,118.80243057118423,96.52697483908719,87.24553495071342,79.8203830400144,72.39523112931539,64.97007921861638,59.401215285592116,57.54492730791736,46.40719944186884,2500.2433499999997,11.82,11.65,11.69,11.76,11.615,11.649999999999999,11.635000000000002,11.565000000000001,11.71,11.7,11.7,1446.1655489039924,1263.568888688842,219.40084304811631,137.07896475671782,80.45939235720395,36.87722149705181,10.802418418328308,5.401209209164154,0.5587457802583607,0.1862485934194536,0.1862485934194536,1585.779502183013,10547.54109375,1725.0909754363252,5.0,5000.0,1.999805338948307,11.9,29.697716867036227,2.2350000000000003,5.215,3434.607463485438,88.1036251480178,389.09090909090907,397.5,387.22222222222223,9.438333333333334,11.219999999999999,8.844444444444441,11.681363636363637,11.735,11.669444444444444,12.0,412.5,763.4444444444445,1.467244585635359,1.855,1.370305732044199,345.0,752.5774223789649,2025-01,True,False,984.5,0.49916666666666665,0.5008333333333334,5008834.757929883,2508591.4079298833,2469.7082411069705,0.744825086306099,70.59373561565016,0.744825086306099,0.9256751438434984,69.06790715372424,1.6646840678941315,2558.181800418113,Early,1,0,2884.5563940157526,2884.5563940157526,0.11896374851982207,0.17610066335274602,113.26000000000002,66.37439719782599,9292.039166666667,440.490199148997,1290.6234844657304,0.9,Sulfide Super Grade
2025-01-24,132.3827369024166,3177.1856856579984,48.958333333333336,2.17,2.26,2.215,5.24,5.65,5.445,865.0,706.5,0.0,0.46559042296226577,0.0,4983.127798889362,415.0,610.6549115840428,2.0731401789518533,19.082986791648914,78.84387302939923,425.0,375.0,435.0,415.0,430.0,445.0,440.0,460.0,405.0,435.0,415.0,15.43,10.3,8.96,9.08,8.94,8.34,8.95,9.25,9.18,9.09,8.18,11.125,9.625,9.8125,11.6875,12.4375,13.3125,13.375,11.625,19.125,984.5,752.0,563.0,391.0,281.5,235.0,175.5,145.5,126.0,1669.25,1429.25,1066.25,879.5,871.0,597.0,512.25,401.75,346.25,1.92,1.83,0.92,0.8,0.47,0.213,0.093,0.068,0.003,0.001,0.001,2.9698326086956524,3.172495081967213,2.682447513812155,2.1611602209944754,1.717613259668508,1.3640491712707181,1.0986574585635358,0.8377337016574586,0.624767955801105,0.4760165745856353,523.7367540435026,495.4266592303403,138.96717791411044,102.8718070273285,92.04319576129393,83.01935303959844,77.60504740658115,68.58120468488568,59.55736196319019,52.3382877858338,43.31444506413832,2248.6607000000004,11.504999999999999,11.7,11.655000000000001,11.66,11.635,11.615,11.625,11.615,11.695,11.69,11.684999999999999,1416.7094255437814,1350.3011712214168,173.1041829336308,150.52537646402678,88.43365867261572,40.07738148354713,17.49857501394311,12.794656999442276,0.5644701617401005,0.18815672058003347,0.18815672058003347,1737.4612939208032,10598.65265625,1123.5454821958087,0.0,0.0,0.0,15.43,32.1038837800491,2.215,5.445,3177.1856856579984,87.74554985886283,425.45454545454544,400.0,431.1111111111111,10.094166666666668,13.719999999999999,8.885555555555555,11.643636363636363,11.6025,11.652777777777779,12.458333333333334,406.0,863.6111111111111,1.4712445856353589,1.875,1.370305732044199,415.0,846.0039839870492,2025-01,True,False,865.0,0.48958333333333337,0.5104166666666666,4593009.089361702,2344348.389361702,2027.861356797872,0.7884387302939924,64.51829196847038,0.7884387302939924,0.9792685982104814,53.78651080417713,1.746391787601193,2505.0162479084397,Early,1,0,2368.490474124552,2368.490474124552,0.12254450141137167,0.17358575475282634,125.75649305555558,71.11010257280876,8731.454166666668,390.5174243005675,1069.2910976133526,0.9,Sulfide Super Grade
2025-01-25,142.9640953065134,3431.1382873563216,50.75,2.48,2.266,2.373,6.04,5.667,5.8535,938.0,699.5,0.0,0.4459133487093229,0.0,6074.98324262069,410.0,671.5476240517241,6.6255762081784395,13.951226765799257,79.42319702602231,380.0,415.0,375.0,400.0,380.0,405.0,375.0,425.0,385.0,365.0,410.0,22.0,11.79,9.05,8.89,8.77,7.91,8.76,8.99,8.82,8.76,8.5,11.375,9.1875,9.375,9.5,12.375,13.4375,13.0,20.0625,23.6875,865.0,706.5,573.0,414.0,373.5,233.5,185.0,145.0,120.5,2032.0,1723.5,1310.0,972.0,917.5,583.0,479.0,355.0,302.0,1.48,1.28,0.64,0.51,0.42,0.31,0.24,0.06,0.02,0.001,0.001,2.9698326086956524,3.172495081967213,2.682447513812155,2.1611602209944754,1.717613259668508,1.3640491712707181,1.0986574585635358,0.8377337016574586,0.624767955801105,0.4760165745856353,559.3618179344128,536.9873452170364,144.53909375425226,119.81530140155121,91.28784868689615,85.58235814396515,83.68052796298815,72.26954687712613,64.66222615321811,55.153075248333096,49.44758470540209,2558.997,11.43,11.305,11.295,11.39,11.315,11.3,11.34,11.36,11.41,11.5,11.495000000000001,1071.18247380596,926.4280854538032,118.1195808953599,94.12654102598992,77.51597496257993,57.214171996189954,44.294842835759965,11.073710708939991,3.691236902979997,0.18456184514899984,0.18456184514899984,1862.7867260851817,9185.7215625,3003.4168993709254,0.0,0.0,0.0,22.0,29.72774381489316,2.373,5.8535,3431.1382873563216,88.94568763020942,392.27272727272725,397.5,391.1111111111111,11.186666666666667,18.596666666666668,8.716666666666667,11.376363636363637,11.3675,11.378333333333334,13.555555555555555,401.77777777777777,963.7777777777778,1.3722445856353591,1.38,1.370305732044199,410.0,885.3724038980513,2025-01,True,False,938.0,0.5075,0.49250000000000005,5042358.620689656,2483361.6206896557,2329.393200206897,0.794231970260223,67.00148698884759,0.794231970260223,0.9337442379182156,52.5840154761144,1.8847124654275094,2725.1197222022984,Early,1,0,2720.671995985209,2720.671995985209,0.11054312369790585,0.15440371809081002,151.6414814814815,70.54393607274147,10493.093333333334,395.27857025465545,1146.5067555489477,0.9,Sulfide Super Grade
2025-01-26,138.39229188700017,3286.816932316254,48.25,2.64,2.63,2.635,6.13,5.47,5.8,842.5,546.0,2.1949948235437073,0.509328752016708,5.0,6004.735206173056,325.0,594.699668673057,7.873940411246328,16.698892152748634,75.42716743600504,345.0,380.0,380.0,370.0,290.0,375.0,350.0,395.0,350.0,335.0,325.0,22.95,11.61,9.01,8.94,8.95,8.05,8.89,9.11,9.2,9.0,8.66,11.4375,9.0,8.9375,9.6875,8.625,10.0625,11.8125,11.75,17.5,938.0,699.5,522.5,375.0,267.5,234.0,187.5,156.0,113.5,1905.75,1531.25,1158.0,888.0,822.0,583.75,485.25,357.0,314.75,1.86,1.88,1.0,0.556,0.4,0.16,0.04,0.01,0.001,0.001,0.001,2.9698326086956524,3.172495081967213,2.682447513812155,2.1611602209944754,1.717613259668508,1.3640491712707181,1.0986574585635358,0.8377337016574586,0.624767955801105,0.4760165745856353,367.31347253624153,443.5483441947067,88.36314669503925,74.22504322383297,67.15599148822983,63.62146562042825,60.08693975262669,58.31967681872591,54.78515095092433,51.25062508312276,45.94883628142041,2277.9097,11.395,11.32,11.27,11.445,11.385,11.36,11.350000000000001,11.33,11.42,11.39,11.39,1382.5694906237532,1397.4358292326108,189.54581726293392,105.38747439819127,75.81832690517358,30.32733076206943,7.581832690517357,1.8954581726293394,0.18954581726293393,0.18954581726293393,0.18954581726293393,1374.6186926452988,8551.6321875,2219.1463114173275,5.0,5000.0,2.1949948235437073,22.95,31.033063934023104,2.635,5.8,3286.816932316254,90.09615498012823,354.09090909090907,362.5,352.22222222222223,11.443333333333335,19.17,8.867777777777778,11.368636363636362,11.3575,11.37111111111111,10.979166666666666,388.1666666666667,893.9722222222222,1.4702445856353592,1.87,1.370305732044199,325.0,690.4544945595857,2025-01,True,False,842.5,0.4825,0.5175000000000001,4721056.373056996,2443146.6730569955,2058.3510720505187,0.7542716743600505,70.27923310952582,0.7542716743600505,0.9212605958875367,67.11502970588631,1.987505861938733,2479.152910853146,Early,1,0,2404.101685853886,2404.101685853886,0.09903845019871768,0.14030593707677294,125.6382638888889,81.77212346615087,9641.008333333335,319.73313194257327,912.3690937999803,0.9,Sulfide Super Grade
2025-01-27,82.2514270026473,998.6694095238095,50.4,2.7,2.66,2.68,6.15,6.02,6.085,969.5,805.5,0.0,0.5034209882800109,0.0,1976.6866477428573,390.0,207.8948834857143,8.22029177718833,16.88684350132626,74.89286472148541,470.0,440.0,360.0,340.0,340.0,400.0,360.0,350.0,350.0,300.0,390.0,21.95,9.61,8.88,8.86,8.98,7.78,9.07,9.36,9.21,9.22,8.93,10.6875,11.5625,12.5625,10.75,12.5,10.75,11.75,13.3125,18.75,842.5,546.0,336.0,318.0,238.0,190.5,153.0,129.5,108.5,1905.75,1531.25,1158.0,888.0,822.0,583.75,485.25,357.0,314.75,1.2,1.52,0.56,0.24,0.12,0.088,0.027,0.009,0.001,0.001,0.001,2.9698326086956524,3.172495081967213,2.682447513812155,2.1611602209944754,1.717613259668508,1.3640491712707181,1.0986574585635358,0.8377337016574586,0.624767955801105,0.4760165745856353,398.671875,428.20312499999994,79.06992187499999,71.539453125,67.77421875,64.00898437500001,58.3611328125,54.5958984375,50.830664062500006,52.71328125000001,50.830664062500006,737.2989,11.27,11.18,11.06,11.24,11.13,11.15,11.16,11.04,11.3,11.3,11.43,871.875,1104.375,103.75312500000001,44.465624999999996,22.232812499999998,16.3040625,5.0023828125,1.6674609374999998,0.1852734375,0.1852734375,0.1852734375,1376.59921875,9266.745535714286,-400.63814837959535,0.0,0.0,0.0,21.95,102.13590105722389,2.68,6.085,998.6694095238095,89.48265858308369,372.72727272727275,455.0,354.44444444444446,11.15,17.836666666666666,8.92111111111111,11.205454545454545,11.225,11.20111111111111,12.51388888888889,318.0,893.9722222222222,1.3682445856353591,1.3599999999999999,1.370305732044199,390.0,246.07159975155278,2025-01,True,False,969.5,0.504,0.496,1462894.642857143,725595.7428571429,703.4650727000001,0.7489286472148541,70.82964190981431,0.7489286472148541,0.9177970822281167,68.902049686319,2.007128774535809,747.9321298895237,Early,1,0,821.6293081299442,821.6293081299442,0.10517341416916319,0.49046721750615074,139.52986111111113,273.72421483336007,10809.925000000001,361.75238152096443,306.57695610462054,0.9,Sulfide Super Grade
2025-01-28,128.44153936175843,2709.0461343717548,50.95238095238095,3.07,2.68,2.875,6.79,4.96,5.875,775.0,623.0,2.4602519238924017,0.564046734147038,5.0,5844.853912912149,335.0,582.1434838682244,7.8648393194707,18.841134215500944,73.29402646502834,425.0,410.0,400.0,400.0,375.0,390.0,360.0,370.0,365.0,340.0,335.0,21.95,10.77,8.47,8.2,8.69,8.12,8.77,9.0,8.88,8.96,9.03,6.928571428571429,8.214285714285714,10.785714285714286,12.214285714285714,10.285714285714286,10.142857142857142,12.642857142857142,16.928571428571427,18.785714285714285,969.5,805.5,490.5,382.0,257.0,262.0,199.0,156.0,138.0,1779.5,1339.0,1006.0,804.0,726.5,584.5,491.5,359.0,327.5,1.64,1.76,1.2,0.44,0.24,0.08,0.024,0.001,0.001,0.001,0.001,2.9698326086956524,3.172495081967213,2.682447513812155,2.1611602209944754,1.717613259668508,1.3640491712707181,1.0986574585635358,0.8377337016574586,0.624767955801105,0.4760165745856353,405.1051674889639,525.1363282264347,110.95380420669956,99.47582446117893,89.91084133991171,80.34585821864451,70.7808750973773,65.04188522461699,66.95488184887043,63.12888860036355,59.30289535185666,2032.3122,11.274999999999999,11.335,11.32,11.385,11.265,11.24,11.215,11.205,11.280000000000001,11.275,11.239999999999998,1184.3261490521943,1270.9841599584524,220.97792781095822,81.02524019735135,44.195585562191646,14.731861854063881,4.419558556219164,0.18414827317579852,0.18414827317579852,0.18414827317579852,0.18414827317579852,1636.1372500649181,6121.585781249999,2442.4853896322616,5.0,5000.0,2.4602519238924017,21.95,37.65162900175359,2.875,5.875,2709.0461343717548,90.04006785212914,379.09090909090907,417.5,370.55555555555554,11.065833333333332,18.223333333333333,8.68,11.275909090909092,11.305,11.269444444444444,11.88095238095238,406.6111111111111,824.1666666666666,1.4362445856353592,1.7,1.370305732044199,335.0,569.8897396261684,2025-01,True,False,775.0,0.5095238095238095,0.4904761904761905,3988650.1121495334,1956337.9121495332,1516.1618819158882,0.7329402646502835,71.60675803402647,0.7329402646502835,0.9213516068052929,72.24512288601542,2.107203260869565,1985.5689906762614,Early,1,0,1770.8385055569017,1770.8385055569017,0.0995993214787085,0.13259527296104187,131.47263888888887,108.24843338004158,8576.020833333332,269.5642797764182,615.9416856139289,0.9,Sulfide Super Grade
2025-01-29,140.2862405033238,3366.8697720797713,51.458333333333336,2.49,2.6,2.545,5.13,5.17,5.15,746.5,560.5,0.0,0.5428378959422109,0.0,6525.023593846153,400.0,734.0558157692308,7.689109022556391,15.462473684210526,76.84841729323308,445.0,430.0,405.0,400.0,430.0,390.0,380.0,370.0,410.0,400.0,400.0,9.59,8.82,8.64,8.8,8.68,7.94,8.64,9.01,8.97,9.13,8.74,5.625,5.8125,8.375,9.625,11.0,10.0625,7.5625,8.25,14.875,775.0,623.0,487.5,333.0,250.0,187.5,169.0,119.5,123.5,1728.5,1292.75,975.75,707.75,637.75,501.75,444.5,341.25,277.5,2.16,1.69,1.16,0.44,0.2,0.096,0.036,0.018,0.003,0.001,0.001,2.9698326086956524,3.172495081967213,2.682447513812155,2.1611602209944754,1.717613259668508,1.3640491712707181,1.0986574585635358,0.8377337016574586,0.624767955801105,0.4760165745856353,312.0979340257962,380.60723661682465,98.9959422440361,93.17265152379868,85.40826389681546,79.58497317657803,71.82058554959481,65.9972948293574,62.11510101586578,56.291810295628366,50.46851957539095,2562.91,11.735,11.67,11.625,11.73,11.575,11.545,11.51,11.565000000000001,11.655,11.620000000000001,11.600000000000001,1551.0284214130809,1213.5361260130123,212.40472548795802,80.56730966784615,36.62150439447552,17.57832210934825,6.591870791005594,3.295935395502797,0.5493225659171328,0.18310752197237762,0.18310752197237762,1356.5603127496863,8933.564015625,2669.907484916788,0.0,0.0,0.0,9.59,30.295202043705096,2.545,5.15,3366.8697720797713,88.7501431188459,405.45454545454544,437.5,398.3333333333333,8.879166666666666,9.333333333333334,8.727777777777778,11.620909090909093,11.7025,11.602777777777776,9.020833333333334,340.8888888888889,767.5,1.481244585635359,1.925,1.370305732044199,400.0,840.9195986622071,2025-01,True,False,746.5,0.5145833333333334,0.4854166666666666,4980553.846153846,2417643.846153846,1804.771131153846,0.7684841729323308,69.27543233082706,0.7684841729323308,0.923108909774436,62.73883617820298,1.955792220112782,2587.386132167588,Early,1,0,2107.9267661881618,2107.9267661881618,0.11249856881154112,0.1144057165868389,80.09748263888889,77.10128920122946,6628.297916666666,293.31908322560616,828.2587361889194,0.9,Sulfide Super Grade
2025-01-30,136.5194217820279,3276.4661227686697,50.833333333333336,2.31,2.29,2.3,5.36,4.83,5.095000000000001,906.5,668.0,0.0,0.5240061911897982,0.0,5636.314448567213,380.0,651.4976995672132,3.9557165231010187,16.19974158183242,79.84454189506657,380.0,395.0,415.0,420.0,430.0,420.0,390.0,410.0,385.0,390.0,380.0,21.95,10.6,8.65,8.27,8.75,7.87,8.75,8.91,8.99,8.99,7.22,12.4375,9.04375,10.5,10.125,9.0,14.375,14.8125,16.0625,19.6875,746.5,560.5,427.5,321.0,258.5,229.0,191.5,136.5,116.5,1677.5,1246.5,945.5,611.5,549.0,419.0,397.5,323.5,227.5,1.28,1.16,0.8,0.28,0.14,0.08,0.042,0.019,0.003,0.001,0.001,2.9698326086956524,3.172495081967213,2.682447513812155,2.1611602209944754,1.717613259668508,1.3640491712707181,1.0986574585635358,0.8377337016574586,0.624767955801105,0.4760165745856353,433.61779391738537,418.66545619609633,87.69546073536088,83.88261461643215,74.35049931911031,70.53765320018158,64.81838402178848,68.63123014071721,64.81838402178848,55.28626872446664,41.941307308216075,2449.5414,11.504999999999999,11.815,11.725,11.73,11.735,11.68,11.69,11.71,11.82,11.82,11.84,925.5742169768499,838.8016341352701,147.51339083068544,51.62968679073991,25.814843395369955,14.751339083068544,7.744453018610987,3.503443032228779,0.5531752156150704,0.1843917385383568,0.1843917385383568,1464.2450522015433,12124.070624999998,2968.8346446336163,0.0,0.0,0.0,21.95,31.13110167420509,2.3,5.095000000000001,3276.4661227686697,88.44106897313317,401.3636363636364,387.5,404.44444444444446,10.908333333333331,18.166666666666668,8.488888888888889,11.733636363636363,11.66,11.75,12.89375,331.94444444444446,710.8333333333334,1.340244585635359,1.22,1.370305732044199,380.0,782.8755265573772,2025-01,True,False,906.5,0.5083333333333333,0.4916666666666667,4818769.967213115,2369228.567213115,2147.7056961786884,0.7984454189506657,65.06948414252155,0.7984454189506657,0.9604428347689898,50.59977077469163,1.836424463586531,2616.0793660716936,Early,1,0,2508.465613573647,2508.465613573647,0.11558931026866823,0.16083204872120613,140.64932291666665,71.6015338506717,9888.404166666665,394.12872117947313,1090.632481412536,0.9,Sulfide Super Grade
2025-01-31,139.17538749302062,3340.209299832495,49.75,2.36,2.63,2.495,4.81,4.87,4.84,743.5,626.0,2.066368448372198,0.5751096113560897,5.0,6039.605502633166,410.0,558.9759426331657,5.021999999999999,17.278984126984128,77.69901587301588,410.0,400.0,435.0,435.0,430.0,435.0,427.0,440.0,400.0,410.0,410.0,21.95,10.44,8.66,8.67,8.8,7.92,8.71,8.97,9.04,8.98,8.88,12.625,12.625,12.875,11.375,12.8125,10.4375,9.6875,14.4375,16.75,906.5,668.0,561.0,418.0,340.0,330.0,248.5,204.5,151.0,1677.5,1246.5,945.5,611.5,549.0,419.0,397.5,323.5,227.5,1.52,1.92,1.12,0.8,0.4,0.128,0.028,0.009,0.001,0.001,0.001,2.9698326086956524,3.172495081967213,2.682447513812155,2.1611602209944754,1.717613259668508,1.3640491712707181,1.0986574585635358,0.8377337016574586,0.624767955801105,0.4760165745856353,383.9409464743158,434.6501280841311,90.51588917352029,86.82136308480517,84.97410004044762,72.04325872994472,68.34873264122962,62.80694350815695,55.41789133072671,53.57062828636915,46.18157610893893,2419.7039999999997,11.48,11.489999999999998,11.54,11.7,11.59,11.565000000000001,11.57,11.56,11.64,11.629999999999999,11.645,1112.1801267358771,1404.8591074558447,208.9727922340569,149.26628016718348,74.63314008359174,23.882604826749358,5.2243198058514215,1.679245651880814,0.18658285020897936,0.18658285020897936,0.18658285020897936,1439.271457462586,9612.4003125,2499.5974040004435,5.0,5000.0,2.066368448372198,21.95,30.537008565635425,2.495,4.84,3340.209299832495,90.7448269197473,421.09090909090907,405.0,424.6666666666667,11.080833333333333,18.113333333333333,8.736666666666666,11.582727272727272,11.485,11.604444444444445,12.625,425.27777777777777,710.8333333333334,1.4402445856353592,1.72,1.370305732044199,410.0,871.3471996504259,2025-01,True,False,743.5,0.4975,0.5025,4863726.633165828,2444022.6331658284,1817.1308277587934,0.7769901587301588,67.07686507936508,0.7769901587301588,0.94978,58.32291452319362,1.9385904460317462,2595.3097540688027,Early,1,0,2122.362577380951,2122.362577380951,0.09255173080252702,0.12310406692553787,139.89552083333334,76.18983637126038,8238.599583333333,297.9947976160416,850.6429142091417,0.9,Sulfide Super Grade
2025-02-01,130.29811820681053,3127.154836963453,50.333333333333336,2.45,2.53,2.49,5.41,4.87,5.140000000000001,380.0,360.0,0.0,0.0,0.0,6039.605502633166,410.0,558.9759426331657,4.2822861981371725,16.860939881456392,78.85677392040644,380.0,360.0,365.0,370.0,395.0,370.0,360.0,360.0,385.0,370.0,370.0,22.0,10.31,8.48,8.49,8.7,7.8,8.76,8.8,8.9,8.86,6.5,10.25,11.9375,12.25,9.5,11.375,10.0,12.8125,16.625,22.0,846.0,704.0,531.0,339.0,291.5,231.0,197.0,148.0,135.0,1668.25,1327.0,1007.75,712.0,572.75,472.0,418.0,330.75,259.0,1.24,1.32,0.96,0.8,0.36,0.136,0.08,0.018,0.006,0.001,0.001,2.9698326086956524,3.172495081967213,2.682447513812155,2.1611602209944754,1.717613259668508,1.3640491712707181,1.0986574585635358,0.8377337016574586,0.624767955801105,0.4760165745856353,434.74245436472086,346.32026025664203,103.34343936381713,88.31166636544371,80.79577986625702,73.27989336707031,69.52195011747698,63.885035243086946,62.00606361829027,56.36914874390025,52.6112054943069,2304.2491,10.870000000000001,10.95,10.934999999999999,11.125,11.04,11.065,11.079999999999998,11.125,11.245,11.265,11.26,901.5940719320442,959.7614314115309,177.99212000722935,148.32676667269115,66.747045002711,25.215550334357495,14.832676667269114,3.33735225013555,1.1124507500451835,0.18540845834086392,0.18540845834086392,1431.1868968010124,10297.186875,2862.4558976930216,0.0,0.0,0.0,22.0,32.617508667733446,2.49,5.140000000000001,3127.154836963453,90.7448269197473,371.3636363636364,370.0,371.6666666666667,10.800000000000002,18.103333333333335,8.365555555555554,11.087272727272728,10.91,11.126666666666667,12.972222222222221,380.27777777777777,751.9444444444445,1.352244585635359,1.28,1.370305732044199,410.0,810.6339045148286,2025-02,True,False,380.0,0.5033333333333334,0.4966666666666666,4577978.344370861,2273729.2443708605,864.017112860927,0.7885677392040644,65.89094517358171,0.7885677392040644,0.9571771380186282,54.23770148502694,1.9635336706181206,2465.973419925325,PostChange,0,1,1009.1500064497164,1009.1500064497164,0.09255173080252702,0.062918016720517,140.10000000000002,81.21759658265628,4104.000000000001,152.60982887618923,405.2794994597276,0.9,Sulfide Super Grade
2025-02-02,143.09475510723615,3434.2741225736677,51.375,2.69,2.45,2.5700000000000003,4.96,4.84,4.9,375.0,375.0,0.0,0.0,0.0,5737.580259,420.0,578.3360042443709,4.0935837716003,17.46880540946657,78.43761081893312,375.0,375.0,390.0,400.0,370.0,405.0,350.0,365.0,340.0,360.0,375.0,21.95,10.47,8.59,8.64,8.52,7.91,8.7,8.82,8.9,8.88,8.72,10.75,12.3125,11.75,11.9375,10.25,10.25,14.1875,19.375,20.875,793.0,679.5,522.0,350.5,351.5,241.5,192.0,158.5,157.0,1659.0,1407.5,1070.0,812.5,596.5,525.0,438.5,338.0,290.5,1.16,1.36,0.52,0.32,0.12,0.06,0.011,0.004,0.002,0.001,0.001,2.9698326086956524,3.172495081967213,2.682447513812155,2.1611602209944754,1.717613259668508,1.3640491712707181,1.0986574585635358,0.8377337016574586,0.624767955801105,0.4760165745856353,334.1326216382674,334.1326216382674,91.01316978033259,87.14026893861632,79.39446725518374,75.52156641346747,71.6486655717512,67.77576473003491,63.902863888318635,56.15706220488607,48.41126052145351,2607.9614,11.07,11.155,11.155,11.355,11.254999999999999,11.254999999999999,11.17,11.29,11.36,11.355,11.36,833.7425579963049,977.4912748922196,95.3053993019914,58.649476493533165,21.993553685074936,10.996776842537468,2.0160757544652026,0.7331184561691646,0.3665592280845823,0.18327961404229115,0.18327961404229115,1309.2303325805792,10801.608750000001,4075.1191338214285,0.0,0.0,0.0,21.95,29.70059941620517,2.5700000000000003,4.9,3434.2741225736677,89.9202106439001,373.1818181818182,375.0,372.77777777777777,11.004166666666665,18.123333333333335,8.63111111111111,11.252727272727272,11.1125,11.283888888888889,13.520833333333334,382.8333333333333,793.0555555555555,1.3482445856353589,1.26,1.370305732044199,420.0,901.4889104665184,2025-02,False,True,375.0,0.51375,0.48624999999999996,5076323.892944039,2468362.4929440385,925.6359348540144,0.7843761081893313,66.03498309541699,0.7843761081893313,0.959064162283997,55.58992567195018,2.015846598046582,2693.762570719664,PostChange,0,1,1081.1192228994341,1081.1192228994341,0.10079789356099896,0.06535856285614008,148.7855034722222,76.33054049964728,4126.562499999999,145.9138291290695,420.6673214888012,0.9,Sulfide Super Grade
2025-02-03,149.05584780149607,3577.340347235906,50.75,2.49,2.48,2.4850000000000003,5.09,4.9,4.995,350.0,345.0,0.0,0.0,0.0,6702.460798000001,400.0,632.0816422323602,6.9625813609467455,17.267045118343194,75.77037352071007,350.0,345.0,310.0,310.0,340.0,330.0,325.0,335.0,345.0,335.0,310.0,22.0,11.03,8.73,8.77,8.83,8.01,8.79,8.96,9.18,9.17,8.83,11.75,12.9375,11.8125,11.375,11.125,12.125,13.5,10.9375,17.125,709.5,569.0,440.0,334.5,253.0,215.5,174.0,149.0,118.0,1659.0,1407.5,1070.0,812.5,596.5,525.0,438.5,338.0,290.5,2.28,2.0,1.08,0.48,0.28,0.08,0.036,0.014,0.006,0.001,0.001,2.9698326086956524,3.172495081967213,2.682447513812155,2.1611602209944754,1.717613259668508,1.3640491712707181,1.0986574585635358,0.8377337016574586,0.624767955801105,0.4760165745856353,693.608654238672,536.9873452170364,123.61896176350523,114.10981085862021,104.60065995373519,96.99333922982717,91.28784868689615,83.68052796298815,70.36771669614913,62.76039597224111,51.349414886379094,2668.0368,11.16,11.235,11.25,11.425,11.235,11.225000000000001,11.225,11.205,11.33,11.295,11.280000000000001,1650.2000272145867,1447.5438835215675,199.32679276091986,88.58968567151993,51.67731664171996,14.764947611919988,6.644226425363994,2.583865832085998,1.1073710708939992,0.18456184514899984,0.18456184514899984,2029.36467546605,9212.5125,2487.18041019833,0.0,0.0,0.0,22.0,28.512802836557633,2.4850000000000003,4.995,3577.340347235906,90.56940933662794,330.45454545454544,347.5,326.6666666666667,11.191666666666668,18.343333333333334,8.807777777777778,11.260454545454547,11.1975,11.274444444444445,12.520833333333334,329.1666666666667,793.0555555555555,1.524244585635359,2.1399999999999997,1.370305732044199,400.0,900.5838502463057,2025-02,True,False,350.0,0.5075,0.49250000000000005,5257215.369458128,2589178.569458128,906.2124993103448,0.7577037352071007,69.49512990014793,0.7577037352071007,0.9303741863905326,65.30960584997801,1.8828937819896454,2710.5641432077123,PostChange,0,1,1058.433144334084,1058.433144334084,0.09430590663372054,0.05221962657423363,140.12899305555558,70.85431504884572,3917.083333333334,140.8445036438485,425.9271167255198,0.9,Sulfide Super Grade
2025-02-04,143.18913342182051,2589.3368293779213,51.5,2.33,2.58,2.455,5.27,5.04,5.154999999999999,360.0,370.0,2.533694976062917,0.5233601926668906,5.0,6630.071448000001,300.0,682.9385625694581,7.208354935194416,16.718414755732802,76.07323030907278,360.0,370.0,330.0,330.0,320.0,300.0,310.0,290.0,280.0,300.0,260.0,14.62,10.14,8.8,8.74,8.88,7.86,8.75,9.0,9.11,9.11,8.81,10.5,12.333333333333334,13.416666666666666,10.75,12.416666666666666,11.583333333333334,15.5,15.416666666666666,20.416666666666668,717.0,566.5,352.5,286.0,263.5,207.0,148.0,149.0,124.0,1587.25,1344.25,1049.5,853.0,621.75,522.5,427.5,347.25,304.75,1.56,1.48,0.8,0.4,0.162,0.088,0.021,0.007,0.001,0.001,0.001,2.29,2.23,2.682447513812155,2.1611602209944754,1.717613259668508,1.3640491712707181,1.0986574585635358,0.8377337016574586,0.624767955801105,0.4760165745856353,381.0633050150726,411.54836941627843,79.68033707865168,73.85006851192108,71.9066456563442,69.96322280076733,68.01979994519046,64.13295423403673,60.24610852288298,54.415839956152375,54.415839956152375,1973.4025,11.26,11.36,11.3,11.52,11.24,11.12,11.14,11.06,11.15,11.25,11.2,1119.6601808714715,1062.2417100575499,146.41710057550014,73.20855028775007,29.649462866538776,16.105881063305013,3.8434488901068784,1.2811496300356262,0.18302137571937516,0.18302137571937516,0.18302137571937516,1389.2424910934503,8953.4325,1868.8952105443773,5.0,5000.0,2.533694976062917,14.62,39.39232580432771,2.455,5.154999999999999,2589.3368293779213,89.69937853723326,313.6363636363636,365.0,302.22222222222223,9.87,13.126666666666665,8.784444444444444,11.236363636363636,11.309999999999999,11.22,13.592592592592592,312.6111111111111,784.1944444444445,1.4002445856353591,1.52,1.370305732044199,300.0,484.81226466863654,2025-02,False,True,370.0,0.515,0.485,3831849.5145631065,1858447.0145631067,687.6253953883495,0.7607323030907278,69.45945289132602,0.7607323030907278,0.9279164506480558,64.67980722267912,1.8675978040877368,1969.792169690309,PostChange,0,1,803.1289680055622,803.1289680055622,0.10300621462766747,0.05580633676453255,134.15888888888887,96.70815984962454,3651.8999999999996,150.712217058179,327.13877662639345,0.9,Sulfide Super Grade
2025-02-05,127.30064110824742,3055.215386597938,50.608695652173914,2.49,2.69,2.59,5.52,4.85,5.185,340.0,365.0,0.0,0.4229057225449785,0.0,4844.7031375,260.0,524.8101095145631,7.033677419354839,17.22225806451613,75.74406451612904,340.0,365.0,335.0,375.0,370.0,325.0,365.0,330.0,345.0,355.0,330.0,14.02,9.41,8.64,8.52,8.62,7.67,8.69,8.93,8.83,8.9,8.62,10.3125,11.625,12.0,11.0625,12.25,10.4375,12.5625,17.875,19.125,643.5,573.5,434.0,385.0,273.0,263.0,191.5,178.5,148.0,1515.5,1281.0,1029.0,893.5,647.0,520.0,416.5,356.5,319.0,1.8,1.64,0.88,0.44,0.2,0.11,0.066,0.012,0.003,0.001,0.001,2.6795,2.7215,2.928,2.505,2.045,2.047,1.557,1.269,1.039,1.429,460.51616562677265,482.7992058990358,100.38509642654567,89.02074588769143,81.44451219512196,73.86827850255247,68.18610323312535,62.503927963698246,58.7158111174135,51.13957742484402,47.351460578559276,2269.3162500000003,11.115,11.185,11.105,11.3,11.18,11.16,11.24,11.21,11.375,11.315,11.370000000000001,1304.8213272830405,1188.8372093023256,162.66772546795235,81.33386273397618,36.96993760635281,20.333465683494044,12.200079410096427,2.2181962563811686,0.5545490640952921,0.18484968803176405,0.18484968803176405,1575.93088485536,9508.009687500002,2466.080747143736,0.0,0.0,0.0,14.02,33.38553492740152,2.59,5.185,3055.215386597938,89.16734225772646,348.6363636363636,352.5,347.77777777777777,9.572500000000002,12.483333333333334,8.602222222222222,11.232272727272727,11.15,11.250555555555557,13.027777777777779,343.3333333333333,775.3333333333334,1.8259,1.72,1.852375,260.0,500.7210874047513,2025-02,False,True,365.0,0.5060869565217392,0.4939130434782608,4484044.136597939,2214727.8865979384,808.3756786082475,0.7574406451612903,69.55600806451612,0.7574406451612903,0.9296632258064516,65.44489501582726,1.9617712709677417,2314.144313531443,PostChange,0,1,944.1622268106794,944.1622268106794,0.10832657742273546,0.07534001354484438,124.7084027777778,86.46853546196994,3493.9625000000005,140.92609681043703,364.53999282268387,0.9,Sulfide Super Grade
2025-02-06,259.7414762522619,1554.1198329093672,48.73684210526316,2.7,2.32,2.51,5.17,4.96,5.0649999999999995,720.0,1040.0,0.0,0.38712518118958594,0.0,5877.5290875,340.0,603.5835341365981,3.41,17.24,79.35,720.0,1040.0,1020.0,940.0,850.0,710.0,640.0,550.0,530.0,410.0,360.0,,0.0,0.0,0.0,0.0,0.0,0.0,0.0,0.0,0.0,0.0,13.1875,12.75,12.0,11.5625,9.9375,11.6875,11.1875,12.9375,16.375,543.0,434.5,298.5,275.0,221.0,212.5,201.5,167.5,150.0,1485.75,1140.25,969.0,803.5,595.5,511.25,424.25,371.25,333.75,0.59,0.53,0.84,0.48,0.24,0.143,0.019,0.005,0.001,0.001,0.001,2.29,2.23,2.6790000000000003,2.4405,2.074,1.8940000000000001,1.5915,1.386,1.1084999999999998,1.203,928.1354406884527,1040.636706226447,71.71955678047134,69.92656786095955,66.340590021936,62.75461218291242,60.96162326340064,59.168634343888854,55.58265650486529,53.789667585353506,48.41070082681816,1092.7528,10.92,11.19,11.4,11.79,11.54,11.46,11.37,11.37,11.61,11.58,11.63,436.352438269869,391.9776140390349,158.41812250407784,90.52464143090162,45.26232071545081,26.96879942628944,3.583267056639856,0.9429650149052253,0.18859300298104506,0.18859300298104506,0.18859300298104506,2517.4267562855052,7910.02828125,1287.8324376875335,0.0,0.0,0.0,14.02,65.63200458554884,2.51,5.0649999999999995,1554.1198329093672,89.73065849354509,706.3636363636364,880.0,667.7777777777778,14.02,14.02,,11.44181818181818,11.055,11.527777777777777,12.402777777777779,278.1666666666667,737.1666666666666,1.54965,0.56,1.7970624999999998,340.0,339.82159568785806,2025-02,True,False,720.0,0.48736842105263156,0.5126315789473684,2242149.373650108,1149396.573650108,827.5655330280778,0.7935000000000001,65.0375,0.7935000000000001,0.9659,52.35643851508119,1.9916850000000001,1233.194087413583,PostChange,0,1,966.5754885658987,966.5754885658987,0.10269341506454911,0.1225004571276824,173.88694444444445,164.7363315097276,10094.4,286.8514468069848,385.0883018656893,0.9,Sulfide Super Grade
2025-02-07,121.60305802469138,2918.473392592593,50.0,2.22,2.35,2.285,4.85,5.05,4.949999999999999,490.0,535.0,0.0,0.332327143118841,0.0,2742.809528,0.0,312.5756840233261,7.929884044526901,23.560157699443412,68.50995825602969,490.0,535.0,515.0,500.0,530.0,525.0,530.0,555.0,555.0,530.0,480.0,,0.0,0.0,0.0,0.0,0.0,0.0,0.0,0.0,0.0,0.0,11.375,11.25,12.875,11.8125,11.0625,10.1875,11.5,11.75,14.75,561.0,465.5,428.0,310.5,238.5,197.0,168.5,137.0,135.0,1456.0,999.5,909.0,713.5,544.0,502.5,432.0,386.0,348.5,1.48,1.72,1.2,0.72,0.32,0.131,0.062,0.009,0.001,0.001,0.001,3.069,3.213,2.928,2.505,2.045,2.047,1.557,1.269,1.039,1.429,386.7567567567568,408.64864864864865,76.29324324324324,70.71081081081081,65.12837837837837,61.40675675675676,57.68513513513513,57.68513513513513,55.824324324324316,53.963513513513504,50.24189189189189,2129.6968,11.094999999999999,11.364999999999998,11.39,11.545,11.45,11.425,11.43,11.45,11.53,11.515,11.57,1080.0,1255.135135135135,223.29729729729726,133.97837837837835,59.545945945945945,24.37662162162162,11.537027027027026,1.6747297297297294,0.18608108108108107,0.18608108108108107,0.18608108108108107,1344.3445945945948,7900.059375,1533.2999339095236,0.0,0.0,0.0,19.11,34.94977896967889,2.285,4.949999999999999,2918.473392592593,88.60381368693692,522.2727272727273,512.5,524.4444444444445,19.11,19.11,,11.433181818181817,11.229999999999999,11.478333333333333,11.840277777777779,293.44444444444446,699.0,1.8018999999999998,1.6,1.852375,0.0,0.0,2025-02,False,True,535.0,0.5,0.5,4259393.600000001,2129696.8000000003,1139.3877880000002,0.6850995825602969,74.63745361781076,0.6850995825602969,0.920701159554731,80.48059432196033,1.5654525461502786,1999.444902978519,PostChange,0,1,1330.7759493347019,1330.7759493347019,0.11396186313063082,0.19505546941500929,226.26770833333333,79.86024494571626,10223.85,234.13464273679324,582.3939279629856,0.9,Sulfide Super Grade
2025-02-08,149.71301180613628,3593.1122833472705,50.61904761904762,2.28,2.43,2.355,5.18,5.31,5.244999999999999,280.0,340.0,1.8729045826472803,0.5644912704755519,5.0,4866.357188000001,320.0,555.8508648000001,9.227510114012505,18.60891504229496,72.16357484369254,280.0,340.0,335.0,365.0,335.0,395.0,385.0,390.0,440.0,410.0,470.0,,0.0,0.0,0.0,0.0,0.0,0.0,0.0,0.0,0.0,0.0,12.0625,13.125,13.9375,13.625,12.0625,11.375,11.5,12.875,16.25,717.0,577.5,411.5,306.5,251.0,201.0,170.0,141.0,110.0,1564.75,1210.0,1026.75,758.0,603.25,531.75,445.0,390.5,343.5,1.76,1.93,0.845,0.682,0.44,0.201,0.044,0.04,0.004,0.001,0.001,2.962,3.028,2.43,2.376,2.103,1.741,1.626,1.503,1.178,0.977,445.79461026689796,371.4955085557483,111.78299852442464,98.52060886898444,85.25821921354422,66.31194827720105,56.83881280902948,51.15493152812653,49.26030443449222,49.26030443449222,47.3656773408579,2669.6501500000004,10.864999999999998,11.030000000000001,11.08,11.195,11.16,11.120000000000001,11.09,11.105,11.235,11.23,11.235,1275.67992958658,1398.8990136943748,156.18018910662974,126.05312304227395,81.32459551114448,37.150553858500096,8.132459551114447,7.39314504646768,0.7393145046467681,0.18482862616169202,0.18482862616169202,1433.0439242537987,9438.00421875,2488.0861476113223,5.0,5000.0,1.8729045826472803,14.02,28.387646128603272,2.355,5.244999999999999,3593.1122833472705,88.57768052516411,376.8181818181818,310.0,391.6666666666667,14.02,14.02,,11.122272727272728,10.9475,11.161111111111111,12.979166666666666,320.6111111111111,763.7222222222222,1.7624000000000002,1.845,1.7417500000000001,320.0,724.6895216785963,2025-02,False,True,340.0,0.5061904761904762,0.4938095238095238,5274003.118532456,2604352.968532456,885.480009301035,0.7216357484369254,73.16495954394998,0.7216357484369254,0.907724898859875,76.319458773176,1.6994521875689592,2592.9182718112174,PostChange,0,1,1034.2181234563884,1034.2181234563884,0.11422319474835886,0.06986745667547985,181.96791666666664,66.85290663286071,4766.8,144.37305998700643,439.1565740512305,0.9,Sulfide Super Grade
2025-02-09,149.4785009106466,3587.4840218555187,50.5,2.49,2.6,2.545,5.52,5.9,5.71,315.0,310.0,0.0,0.49088565245796506,0.0,6287.026103250001,600.0,720.4790545926624,7.6045051698670605,18.010062776957163,74.38543205317578,315.0,310.0,300.0,300.0,305.0,305.0,315.0,305.0,315.0,280.0,290.0,14.02,9.91,8.8,8.91,8.74,7.91,8.73,8.87,8.88,7.78,7.68,11.6875,8.5625,12.9375,12.375,11.0625,12.0625,11.5625,14.125,20.4375,721.5,481.0,446.0,330.5,246.0,183.5,150.0,134.5,114.5,1564.75,1210.0,1026.75,758.0,603.25,531.75,445.0,390.5,343.5,1.62,1.7,1.2,1.04,0.96,0.8,0.32,0.212,0.004,0.001,0.001,3.882,3.73,3.382,3.344,2.74,2.296,2.02,1.727,1.505,1.17,718.2161281563942,673.7903882704318,137.83085799619874,98.1808851479772,86.85232147705675,75.5237578061363,71.74756991582949,67.97138202552267,64.19519413521586,58.530912299755634,52.86663046429542,2656.2772,11.055,10.885,10.835,10.905000000000001,10.825,10.809999999999999,10.775,10.77,10.865,10.875,10.93,1175.7426011403747,1233.8039641596524,222.08471354873743,192.4734184089058,177.66777083898995,148.0564756991583,59.22259027966332,39.234966060276946,0.7402823784957915,0.18507059462394787,0.18507059462394787,2105.7060276948137,8496.671718749998,2820.462370462474,0.0,0.0,0.0,14.02,28.432182381468436,2.545,5.71,3587.4840218555187,88.54022485734203,303.6363636363636,312.5,301.6666666666667,9.520833333333334,12.65,8.47777777777778,10.866363636363637,10.969999999999999,10.843333333333334,12.756944444444445,311.94444444444446,763.7222222222222,2.1504,1.6600000000000001,2.2729999999999997,600.0,1358.4405138183383,2025-02,True,False,315.0,0.505,0.495,5259954.851485149,2603677.651485149,820.1584602178218,0.7438543205317578,70.76192069793204,0.7438543205317578,0.9239549483013295,69.48413512058845,1.8931092457533236,2668.5654894958748,PostChange,0,1,957.9242159661088,957.9242159661088,0.11459775142657981,0.05010317991795272,121.45674189814815,72.35990416083717,2999.0625,123.77161582862149,376.3931049253672,0.9,Sulfide Super Grade
2025-02-10,150.6937545289855,3616.650108695652,49.833333333333336,2.41,2.53,2.4699999999999998,6.1,5.28,5.6899999999999995,335.0,340.0,0.0,0.4348260818510964,0.0,6760.225474,250.0,694.5375884772277,2.2189793621013134,19.392720450281427,78.38830018761726,335.0,340.0,290.0,355.0,335.0,335.0,315.0,325.0,325.0,315.0,310.0,,0.0,0.0,0.0,0.0,0.0,0.0,0.0,0.0,0.0,0.0,11.4375,11.9375,10.875,11.8125,10.6875,10.8125,11.1875,19.5,18.4375,810.0,670.0,533.0,336.5,291.5,229.5,202.5,153.5,125.5,1673.5,1420.5,1144.5,802.5,662.5,561.0,458.0,395.0,338.5,1.88,1.92,1.28,1.024,0.766,0.283,0.042,0.004,0.001,0.001,0.001,3.597,3.911,3.663,3.499,2.93,2.581,2.558,2.119,1.843,1.369,624.5192048214446,501.06773410092654,98.14391922281193,77.77442655392643,66.6637941890798,61.10847800665648,61.10847800665648,55.553161824233165,55.553161824233165,57.40493388504093,55.553161824233165,2626.3575,10.965,11.059999999999999,10.79,11.075,11.02,10.98,10.945,10.875,10.870000000000001,10.844999999999999,10.8,1374.3599892057207,1403.6016911037148,238.61228748763156,190.88982999010526,142.7945407933795,52.75568543671853,7.829465683187911,0.7456633983988487,0.18641584959971216,0.18641584959971216,0.18641584959971216,1714.4504542592429,10251.836718749997,2340.023823983187,0.0,0.0,0.0,14.02,28.202894096599902,2.4699999999999998,5.6899999999999995,3616.650108695652,89.72611799490362,325.45454545454544,337.5,322.77777777777777,14.02,14.02,,10.929545454545455,11.0125,10.91111111111111,12.965277777777779,372.44444444444446,828.4444444444445,2.4362,1.9,2.57025,250.0,574.7663279773158,2025-02,False,True,340.0,0.49833333333333335,0.5016666666666667,5270282.608695652,2643925.1086956523,898.9345369565217,0.7838830018761727,64.89417448405254,0.7838830018761727,0.977810206378987,55.194280943314446,1.9361910146341463,2835.0305439401336,PostChange,0,1,1049.9326694627216,1049.9326694627216,0.10273882005096384,0.05029418046892795,181.77319444444444,69.66114841860175,4766.8,137.65126456977907,425.0722343078456,0.9,Sulfide Super Grade
2025-02-11,146.52552083333333,3516.6124999999997,50.625,2.32,2.37,2.3449999999999998,5.42,4.88,5.15,305.0,295.0,0.0,0.3904577895020972,0.0,6487.103024999999,300.0,739.3459876630436,6.144988764044943,17.593842696629213,76.26116853932585,305.0,295.0,310.0,320.0,300.0,300.0,300.0,305.0,310.0,300.0,290.0,14.02,10.1,8.74,8.72,8.94,7.94,8.1,8.72,8.73,8.73,8.97,11.875,11.9375,12.625,11.6875,12.5625,11.9375,11.875,14.75,19.3125,716.5,601.0,379.5,317.0,263.5,186.5,168.5,135.0,104.0,1760.75,1385.75,1129.5,914.0,737.5,636.25,508.5,388.0,306.75,1.32,1.68,1.12,0.925,0.801,0.563,0.122,0.04,0.002,0.001,0.001,2.613,2.968,2.849,2.56,2.608,2.306,1.991,1.86,1.633,1.366,453.30275229357795,386.42201834862385,117.48715596330275,96.64266055045873,89.06284403669724,73.90321100917431,64.42844036697248,64.42844036697248,58.74357798165138,53.05871559633028,53.05871559633028,2613.2625,10.954999999999998,11.06,11.135000000000002,11.225,11.120000000000001,11.105,11.09,11.05,11.16,11.17,11.145,956.6972477064221,1217.6146788990825,206.99449541284406,170.9552752293578,148.03802752293578,104.05169724770641,22.54761467889908,7.392660550458715,0.3696330275229358,0.1848165137614679,0.1848165137614679,1510.5385321100916,9107.64375,2548.754138915222,0.0,0.0,0.0,14.02,29.005186098838017,2.3449999999999998,5.15,3516.6124999999997,88.60283265405603,303.1818181818182,300.0,303.8888888888889,9.644166666666667,12.713333333333333,8.621111111111112,11.110454545454546,11.0075,11.133333333333333,13.17361111111111,319.05555555555554,863.0,2.0172999999999996,1.5,2.146625,300.0,664.888043478261,2025-02,True,False,305.0,0.50625,0.49375,5162000.0,2548737.5,777.3649375,0.7626116853932585,68.67738764044944,0.7626116853932585,0.9385501123595507,63.28174693393754,1.7883244022471911,2681.8097855,PostChange,0,1,907.9424701373696,907.9424701373696,0.11397167345943973,0.04701636444258568,127.04850115740742,68.01716140177514,2941.4708333333333,130.06341124344885,387.1806389471131,0.9,Sulfide Super Grade
2025-02-12,125.5061521837868,2261.1188377431026,49.13333333333333,2.35,2.47,2.41,5.16,6.62,5.890000000000001,330.0,340.0,0.0,0.36738289768870325,0.0,6128.100562499999,250.0,752.4260250000001,6.546201834862386,15.864440366972477,77.58935779816514,330.0,340.0,355.0,335.0,345.0,325.0,345.0,345.0,330.0,325.0,300.0,22.0,10.3,8.56,8.46,8.53,7.28,8.44,8.72,8.49,8.59,6.33,10.875,9.4375,11.625,10.5,8.0625,8.5625,11.25,16.5,17.0,816.0,606.0,475.5,393.0,326.5,283.5,222.0,183.0,110.5,1848.0,1351.0,1114.5,1025.5,812.5,711.5,559.0,381.0,275.0,1.48,1.84,1.04,0.969,0.854,0.643,0.324,0.01,0.002,0.001,0.0,2.41,3.02,2.4,0.2,2.08,1.81,1.63,1.33,0.9,0.61,512.219084051339,441.07754459976417,90.70546280075794,92.5195720567731,79.820807264667,76.19258875263667,67.12204247256088,59.86560544850025,58.05149619248508,56.237386936469925,52.6091684244396,1608.5947500000002,11.344999999999999,11.219999999999999,11.05,11.08,11.045,11.0,10.975,11.05,11.065,10.995000000000001,11.05,1090.0389689321084,1355.1835829966756,195.3231990275643,181.98863447856712,160.3903961245576,120.76232401415754,60.85068892781811,1.878107682957349,0.3756215365914698,0.1878107682957349,0.0,1586.4207590003934,9359.1853125,267.6553163565341,0.0,0.0,0.0,22.0,45.1104109600049,2.41,5.890000000000001,2261.1188377431026,87.72170891573876,334.09090909090907,335.0,333.8888888888889,10.641666666666666,18.099999999999998,8.155555555555555,11.079545454545455,11.282499999999999,11.034444444444444,11.534722222222221,379.55555555555554,897.5555555555555,1.428,1.6600000000000001,1.37,250.0,362.0310879151673,2025-02,False,True,340.0,0.49133333333333334,0.5086666666666666,3273937.7544097695,1665343.0044097693,566.2166214993216,0.7758935779816514,68.0980275229358,0.7758935779816514,0.9345379816513761,59.49703450796429,1.8699035229357799,1754.387585258209,PostChange,0,1,661.326608851496,661.326608851496,0.12278291084261238,0.05548211824077749,122.74866898148146,108.71609041361181,3618.1666666666665,141.07825278733281,274.4082426427674,0.9,Sulfide Super Grade
2025-02-13,151.78848767921144,3642.9237043010744,50.375,2.59,2.65,2.62,6.46,5.92,6.1899999999999995,275.0,320.0,1.8604315419796147,0.501553038084385,5.0,3876.7133475000005,300.0,444.86157075661475,6.823780219780219,14.100549450549451,79.07567032967033,275.0,320.0,315.0,345.0,345.0,315.0,320.0,310.0,300.0,315.0,310.0,22.0,11.52,8.57,8.41,8.47,7.58,8.42,8.72,8.58,8.66,8.34,12.125,10.0625,10.8125,11.0625,11.25,10.625,13.125,14.3125,13.1875,732.0,585.0,500.5,388.0,281.0,245.0,216.5,171.5,143.0,1953.75,1345.25,1135.75,1022.5,830.5,654.25,544.5,433.5,291.0,1.38,1.54,1.161,0.966,0.724,0.482,0.241,0.08,0.002,0.002,0.002,3.335,2.46,3.274,2.65,2.792,2.332,2.367,2.112,1.513,1.302,545.9312495762425,494.28910434605746,107.23122584582005,99.70622754085024,94.06247881212286,92.18122923588041,82.77498135466811,71.48748389721338,69.60623432097091,62.08123601600109,58.31873686351617,2687.5485,11.129999999999999,11.115,11.08,11.115,11.11,11.08,11.065,11.059999999999999,11.045,11.055,11.06,1002.9303681605535,1119.21214997627,215.16126822157437,179.02307071665876,134.17464099260968,89.32621126856058,44.66310563428029,14.825927181503832,0.3706481795375958,0.3706481795375958,0.3706481795375958,1777.6701878093438,9540.1396875,3448.717328520439,5.0,5000.0,1.8604315419796147,22.0,27.999488399818013,2.62,6.1899999999999995,3642.9237043010744,88.52477521858832,315.45454545454544,297.5,319.44444444444446,10.939166666666665,18.506666666666664,8.416666666666666,11.083181818181817,11.122499999999999,11.074444444444445,11.840277777777779,362.5,912.3333333333334,2.1262,1.46,2.29275,300.0,690.6614011220196,2025-02,False,True,320.0,0.50375,0.49624999999999997,5335083.870967742,2647535.370967742,847.2113187096775,0.7907567032967033,67.34256868131868,0.7907567032967033,0.9317621978021978,54.09704633129409,2.0717825626373627,2880.666338774532,PostChange,0,1,989.5212664355637,989.5212664355637,0.1147522478141169,0.08254414792013455,129.52277199074072,73.3586596075232,3500.533333333333,122.13693840863202,377.6784311646,0.9,Sulfide Super Grade
2025-02-14,149.7881770549191,3594.916249318058,50.916666666666664,2.61,2.83,2.7199999999999998,6.536,7.16,6.848,240.0,300.0,0.0,0.4601056042051198,0.0,7041.37707,300.0,799.4456459274195,6.688569343065693,22.092875912408758,71.21855474452556,240.0,300.0,300.0,320.0,285.0,295.0,285.0,295.0,285.0,240.0,260.0,22.0,11.81,8.83,8.56,8.19,7.53,8.33,8.34,6.99,6.22,7.89,11.3125,10.625,11.3125,7.3125,8.875,8.125,12.0625,17.1875,16.4375,877.5,636.0,566.5,456.0,374.0,278.5,248.0,193.0,135.5,2059.5,1339.5,1157.0,1019.5,848.5,597.0,530.0,486.0,307.0,1.52,2.04,1.322,0.96,0.724,0.483,0.161,0.046,0.003,0.001,0.001,4.12,3.76,3.904,3.326,3.094,2.962,2.688,2.446,2.017,1.386,614.5250533775496,554.5713896333984,149.05979648389587,116.57240494253395,101.2842206877754,85.99603643301685,78.35194430563757,66.88580611456865,64.97478308272385,61.152737019034205,59.241713987189385,2694.105,10.795000000000002,11.115,11.120000000000001,11.195,11.145,11.11,11.115,11.075,11.065,11.125,11.125,1098.1038477263435,1473.770953527461,243.54065007041294,176.8525144232953,133.3762712942352,88.97892131922045,29.65964043974015,8.474182982782901,0.5526641075727978,0.18422136919093263,0.18422136919093263,1952.6158860673233,10339.046718749998,3253.022082600409,0.0,0.0,0.0,22.0,28.373400915626064,2.7199999999999998,6.848,3594.916249318058,88.64645881082718,282.27272727272725,270.0,285.0,10.5575,18.603333333333335,7.875555555555555,11.089545454545455,10.955000000000002,11.119444444444444,11.472222222222221,418.3333333333333,927.1111111111111,2.5383000000000004,1.78,2.727875,300.0,677.504238952537,2025-02,False,True,300.0,0.5091666666666667,0.49083333333333334,5291204.582651392,2597099.5826513916,779.1298747954175,0.7121855474452555,72.16875912408759,0.7121855474452555,0.933114306569343,74.84241212611391,1.9371446890510948,2560.2473970404258,PostChange,0,1,910.0038719968263,910.0038719968263,0.1135354118917281,0.04260530248808278,121.1179861111111,77.17565049050289,3167.2499999999995,110.29371215547002,334.5590170612705,0.9,Sulfide Super Grade
2025-02-15,148.57590550988917,3565.8217322373403,51.041666666666664,2.786,2.54,2.6630000000000003,6.967,4.98,5.9735,205.0,235.0,0.0,0.42513175435337397,0.0,7327.9655999999995,280.0,825.597674373977,6.47303317535545,20.630284360189574,76.89668246445498,205.0,235.0,225.0,240.0,240.0,240.0,225.0,245.0,235.0,220.0,210.0,,0.0,0.0,0.0,0.0,0.0,0.0,0.0,0.0,0.0,0.0,12.125,8.25,11.5,10.3125,10.25,10.125,14.5625,14.9375,15.75,940.5,674.0,516.5,443.5,399.0,378.0,321.5,231.5,187.5,2125.5,1516.0,1259.25,1051.25,922.0,678.0,528.5,477.5,320.25,1.52,1.88,1.284,0.926,0.688,0.243,0.04,0.02,0.002,0.001,0.001,3.381,3.527,3.134,3.152,3.008,2.867,2.447,2.573,1.878,1.356,631.7907902217169,488.8857305287095,151.5169698692439,118.91205230244456,109.32237066515064,97.81475270039796,92.0609437180216,86.30713473564525,72.88158044343378,67.12777146105742,65.20983513359865,2681.9682500000004,11.129999999999999,11.105,11.05,11.015,10.945,10.89,10.86,10.865,10.86,10.8,10.845,1096.5776009096078,1356.2933484934622,236.21147242751564,170.35188743604323,126.5681409891984,44.70357305287095,7.35861284820921,3.679306424104605,0.36793064241046053,0.18396532120523026,0.18396532120523026,1981.8299317794201,11854.288593749998,3247.196283112942,0.0,0.0,0.0,22.475,28.60490727224355,2.6630000000000003,5.9735,3565.8217322373403,88.73360330220467,229.0909090909091,220.0,231.11111111111111,22.475,22.475,,10.942272727272726,11.1175,10.903333333333334,11.979166666666666,454.6666666666667,986.4722222222222,2.3815,1.7,2.5518750000000003,280.0,626.3478645962737,2025-02,False,True,235.0,0.5104166666666666,0.48958333333333337,5254468.408163266,2572500.158163266,604.5375371683675,0.7393911775428362,70.17809537914691,0.7393911775428362,0.9377592963908129,69.09606959813833,1.968998705796573,2636.537129506803,PostChange,0,1,706.0844634344078,706.0844634344078,0.11266396697795321,0.03206892783448656,269.2317708333333,76.17486806598458,5281.625,88.24600733756162,265.14525421774897,0.9,Sulfide Super Grade
2025-02-16,150.16774618258611,3604.0259083820665,50.666666666666664,2.586,2.45,2.518,6.467,5.8,6.1335,280.0,215.0,0.0,0.3951045232553584,0.0,7142.081449750001,220.0,856.724653737245,8.903557833089312,20.689970717423133,70.40647144948757,280.0,215.0,210.0,205.0,225.0,205.0,200.0,190.0,205.0,190.0,200.0,22.95,10.63,9.81,7.92,8.33,7.4,8.21,8.4,8.26,8.24,6.94,12.25,10.1875,7.6875,10.5625,9.375,11.375,16.75,15.9375,17.0,820.0,646.0,547.0,512.0,456.0,367.0,307.5,243.5,143.5,2125.5,1516.0,1259.25,1051.25,922.0,678.0,528.5,477.5,320.25,1.8,2.22,1.241,0.968,0.564,0.328,0.122,0.04,0.002,0.001,0.001,3.063,3.594,3.396,3.129,3.064,2.751,2.628,2.056,1.744,0.8,528.2523567802756,468.7309644670051,113.83466279912979,100.55395213923133,79.68426395939086,70.19804205946338,66.40355329949237,62.60906453952139,58.814575779550395,56.917331399564894,56.917331399564894,2681.458,10.785,11.03,11.02,11.055,11.025,11.035,11.010000000000002,10.985,11.035,11.085,11.04,1303.988397389413,1608.252356780276,229.25202683103703,178.82027556200146,104.18867295141408,60.591994198694714,22.53726613488035,7.389267585206673,0.3694633792603336,0.1847316896301668,0.1847316896301668,1662.91609862219,11770.72828125,2405.3819549477626,0.0,0.0,0.0,22.95,28.3016833377289,2.518,6.1335,3604.0259083820665,88.00455217761156,211.36363636363637,247.5,203.33333333333334,10.836666666666668,18.843333333333334,8.167777777777777,11.009545454545453,10.907499999999999,11.032222222222222,12.347222222222221,449.1666666666667,986.4722222222222,2.3588,2.0100000000000002,2.446,220.0,499.47524302059526,2025-02,True,False,280.0,0.5066666666666666,0.4933333333333334,5292351.315789474,2610893.315789474,731.0501284210528,0.7040647144948756,74.0606789897511,0.7040647144948756,0.910964421669107,78.98000884564351,1.7728349510980967,2537.4674722171544,PostChange,0,1,853.8479514235255,853.8479514235255,0.11995447822388437,0.03920425746612019,133.8027314814815,71.26363864440137,3034.266666666667,111.19892295900334,339.09633060374085,0.9,Sulfide Super Grade
2025-02-17,144.7866311730921,3474.8791481542103,50.916666666666664,2.53,2.21,2.37,6.336,5.36,5.848000000000001,240.0,275.0,1.9200147211368697,0.4929898786565066,5.0,6751.911244,200.0,835.1683199736842,7.135806328631339,18.232184521540216,74.63200914982845,240.0,275.0,245.0,215.0,245.0,260.0,205.0,220.0,220.0,200.0,195.0,9.2,8.68,8.31,8.14,8.25,7.47,8.16,8.43,8.46,8.49,6.08,12.0,9.125,11.8125,11.1875,10.875,11.25,12.5625,14.5,19.0,909.0,699.0,550.5,401.5,366.0,281.0,195.5,165.0,127.5,2191.5,1692.5,1361.5,1083.0,995.5,759.0,527.0,469.0,333.5,1.12,1.52,1.044,0.845,0.526,0.218,0.101,0.002,0.002,0.001,0.001,2.653,2.724,2.457,2.077,1.718,1.478,1.272,0.865,0.644,0.329,412.1814382410394,352.2277744968882,108.92831281515467,99.37319765593058,91.7291055285513,80.2629673374824,66.88580611456865,61.152737019034205,59.241713987189385,55.419667923499745,53.50864489165493,2604.1467000000002,11.485,11.129999999999999,11.004999999999999,10.92,10.805,11.32,11.219999999999999,10.67,10.685,10.68,10.64,809.1291509562532,1098.1038477263435,192.32710943533365,155.66705696633807,96.90044019443056,40.16025848362331,18.606358288284195,0.36844273838186525,0.36844273838186525,0.18422136919093263,0.18422136919093263,1440.9113660109933,10886.81859375,3044.1244531063044,5.0,5000.0,1.9200147211368697,9.2,29.353538828589322,2.37,5.848000000000001,3474.8791481542103,87.6306383512395,229.0909090909091,257.5,222.77777777777777,8.239166666666668,9.026666666666666,7.9766666666666675,10.959999999999999,11.3075,10.882777777777779,12.479166666666666,410.55555555555554,1045.8333333333333,1.348,1.32,1.355,200.0,436.58789050024916,2025-02,False,True,275.0,0.5091666666666667,0.49083333333333334,5114527.0703764325,2510380.3703764323,690.3546018535188,0.7463200914982845,70.31487323675181,0.7463200914982845,0.9286419367136867,68.40149367396705,1.7687786168509343,2593.372123795931,PostChange,0,1,806.3166117234149,806.3166117234149,0.12369361648760503,0.04072920837701699,102.81793402777778,69.5678870237567,2265.7708333333335,116.03326568242328,340.2165441172885,0.9,Sulfide Super Grade
2025-02-18,148.80094325877033,3571.2226382104877,50.5,2.44,2.25,2.3449999999999998,6.1,4.35,5.225,245.0,280.0,0.0,0.4628234624003724,0.0,6171.827679000001,190.0,719.9059130555647,5.321372403560831,16.873241839762613,77.80538575667656,245.0,280.0,265.0,275.0,230.0,210.0,220.0,205.0,205.0,195.0,200.0,20.11,9.3,8.4,8.17,8.03,7.27,8.02,8.45,8.59,8.23,7.74,14.125,10.4375,11.875,12.25,10.5625,11.3125,12.5625,18.625,19.375,811.0,651.5,575.0,308.5,272.0,236.0,206.5,167.0,132.0,2257.5,1763.25,1257.0,977.25,834.25,643.5,470.0,396.25,289.0,1.92,2.04,1.121,0.965,0.843,0.681,0.286,0.04,0.002,0.001,0.001,3.894,4.308,3.34,3.103,2.639,1.816,1.261,0.979,0.842,0.404,473.8745587836004,392.4273689926691,103.84516698343742,94.40469725767038,84.96422753190335,77.4118517512897,69.85947597067607,67.97138202552267,62.30710019006245,56.64281835460223,52.86663046429542,2644.2368,11.094999999999999,11.07,11.11,11.16,11.135,11.19,11.21,11.18,11.2,11.21,11.175,1393.472712462666,1480.564756991583,207.46413657344556,178.5931238121097,156.01451126798804,126.03307493890851,52.930190062449086,7.402823784957915,0.37014118924789574,0.18507059462394787,0.18507059462394787,1536.5752783057294,10880.1965625,1897.2360042280006,0.0,0.0,0.0,20.11,28.56164690172087,2.3449999999999998,5.225,3571.2226382104877,88.3356122286906,230.0,262.5,222.77777777777777,10.201666666666666,16.506666666666664,8.1,11.157727272727273,11.0825,11.174444444444443,13.458333333333334,373.27777777777777,987.5555555555555,1.8343999999999998,1.98,1.7979999999999998,190.0,428.22293764959113,2025-02,False,True,280.0,0.505,0.495,5236112.475247526,2591875.6752475253,725.7251890693071,0.7780538575667656,67.19749165430268,0.7780538575667656,0.9467862759643917,58.12904784452761,1.8245362959940652,2778.6035498894316,PostChange,0,1,847.6285577319292,847.6285577319292,0.11664387771309398,0.04536743644880367,137.29743055555556,66.97706198453544,2856.4666666666667,119.40247589562519,361.46053011796505,0.9,Sulfide Super Grade
2025-02-19,137.86442102663673,3308.746104639282,51.958333333333336,2.38,2.27,2.325,5.95,5.72,5.835,275.0,325.0,0.0,0.4369859860844741,0.0,6200.735296,200.0,704.6105655128713,5.992169595110772,15.022597402597404,78.98523300229182,275.0,325.0,305.0,310.0,260.0,290.0,265.0,250.0,240.0,185.0,250.0,,0.0,0.0,0.0,0.0,0.0,0.0,0.0,0.0,0.0,0.0,13.625,11.25,12.5,10.25,10.8125,12.4375,11.75,11.5,17.25,882.0,696.5,476.5,338.0,279.0,208.5,153.0,134.0,118.0,2323.5,1834.0,1152.5,871.5,673.0,528.0,413.0,323.5,244.5,1.64,2.04,0.966,0.847,0.72,0.441,0.08,0.006,0.002,0.001,0.001,4.32,4.933,3.984,3.512,3.093,2.41,2.128,1.379,0.848,0.543,525.1008004403569,378.38145914084544,126.02419210568566,104.36378408752094,88.61076007431022,86.64163207265888,76.7959920644022,70.88860805944817,64.98122405449416,59.073840049540145,49.22820004128346,2555.0371,11.205,11.11,11.149999999999999,11.04,11.015,11.105,11.07,10.985,11.065000000000001,11.07,10.995000000000001,1170.9557120249533,1456.5546661773813,175.87897594091876,154.2127252815302,131.0899199559643,80.29257597302814,14.56554666177381,1.0924159996330358,0.3641386665443453,0.18206933327217265,0.18206933327217265,1630.0904921905467,10265.73421875,2060.5346732227663,0.0,0.0,0.0,18.28,30.82738801172537,2.325,5.835,3308.746104639282,88.63666110747536,268.6363636363636,300.0,261.6666666666667,18.28,18.28,,11.073636363636364,11.157499999999999,11.055,12.375,365.05555555555554,929.2777777777778,2.1576999999999997,1.8399999999999999,2.237125,200.0,410.8584465395209,2025-02,False,True,325.0,0.5195833333333334,0.4804166666666666,4917473.167602245,2362436.0676022447,767.7917219707294,0.7898523300229183,66.87933537051184,0.7898523300229183,0.9400783040488924,54.22183565578313,1.8364066673032853,2613.4208202035916,PostChange,0,1,896.7611979503881,896.7611979503881,0.11363338892524648,0.05241313884333243,226.215,71.67367712726148,5941.0,139.78434501356983,385.7020821202438,0.9,Sulfide Super Grade
2025-02-20,138.43660501025442,3322.478520246106,50.916666666666664,2.24,2.41,2.325,5.6,5.65,5.625,320.0,325.0,0.0,0.4144391202878174,0.0,5940.4612575,210.0,698.5137453014034,5.564142914492171,19.431256523484546,75.0046005620233,320.0,325.0,325.0,315.0,310.0,325.0,295.0,310.0,330.0,300.0,290.0,16.45,9.64,8.41,8.41,8.47,7.67,8.4,8.72,8.6,8.45,7.45,14.8125,11.5,11.75,11.6875,11.8125,11.25,12.125,14.75,14.4375,974.5,740.5,523.0,306.5,235.5,208.5,172.5,117.5,94.5,2189.75,1652.75,1202.5,945.0,728.25,498.5,407.0,318.0,233.25,2.0,2.31,1.121,1.0,0.628,0.283,0.066,0.08,0.004,0.001,0.001,4.048,4.151,3.699,3.6,2.941,2.102,1.903,1.732,1.234,0.82,487.12351792122837,389.6988143369827,97.46217462408576,93.64012856039612,80.2629673374824,66.88580611456865,64.97478308272385,63.063760050879026,61.152737019034205,55.419667923499745,49.68659882796529,2489.9345000000003,11.245000000000001,11.225,11.21,11.21,11.155000000000001,11.125,11.07,11.07,11.075,11.115,11.145,1444.873483850452,1668.828873847272,206.51215486303548,184.22136919093262,115.69101985190568,52.13464748103393,12.158610366601554,14.73770953527461,0.7368854767637305,0.18422136919093263,0.18422136919093263,1509.3709557988461,10963.597499999998,1431.9003751760015,0.0,0.0,0.0,16.45,30.699972739761925,2.325,5.625,3322.478520246106,88.24142242457165,313.1818181818182,322.5,311.1111111111111,9.76,14.18,8.286666666666667,11.149545454545454,11.235,11.130555555555555,12.680555555555555,374.77777777777777,908.3333333333334,2.2341,2.1550000000000002,2.253875,210.0,438.3121017647479,2025-02,False,True,325.0,0.5091666666666667,0.49083333333333334,4890215.0572831435,2400280.557283143,780.0911811170214,0.7500460056202329,69.09971397029305,0.7500460056202329,0.9443585708550783,66.06753863272844,1.7438569630670417,2492.011742869614,PostChange,0,1,911.1266533239628,911.1266533239628,0.1175857757542834,0.054709556364781996,123.76222222222222,71.37743661994648,3172.0,139.78434501356983,391.8807460286032,0.9,Sulfide Super Grade
2025-02-21,153.11315924554756,3674.7158218931418,49.708333333333336,2.5,2.19,2.3449999999999998,6.25,4.96,5.605,345.0,285.0,2.2566732649285517,0.510637225450593,6.0,5789.097712500001,280.0,660.9431288359249,4.455173431734317,19.234959409594094,76.30986715867158,345.0,285.0,285.0,270.0,280.0,270.0,285.0,270.0,275.0,275.0,255.0,16.16,9.67,8.33,8.27,8.32,7.52,8.44,8.44,8.7,8.65,8.55,13.375,12.5,12.0,11.3125,15.0,10.75,9.0625,9.8125,17.0,827.0,666.0,469.5,376.5,296.5,204.0,149.0,105.0,90.0,2056.0,1471.5,1252.5,1018.5,783.5,469.0,401.0,312.5,222.0,1.32,1.72,0.844,0.689,0.602,0.364,0.04,0.01,0.002,0.001,0.001,2.148,2.937,2.725,2.683,2.469,1.918,1.58,1.103,0.95,0.698,376.23756149059955,332.82553516476116,88.56053370471035,83.02550034816596,75.64545587277343,71.95543363507717,66.42040027853277,60.88536692198837,55.35033356544397,53.505322446595834,46.12527797120331,2658.781,11.215,10.975000000000001,11.09,10.59,11.02,11.075,11.035,11.059999999999999,11.085,11.085,11.105,966.2723780857611,1259.0821896269008,157.54631909971025,128.61304959680135,112.37308542420091,67.94651676812147,7.4666501942990635,1.8666625485747659,0.3733325097149532,0.1866662548574766,0.1866662548574766,1310.5367213998518,10156.753593749998,2900.410946007755,6.0,6000.0,2.2566732649285517,16.16,27.7572484360033,2.3449999999999998,5.605,3674.7158218931418,88.58296816429967,281.3636363636364,315.0,273.8888888888889,9.7675,13.996666666666664,8.357777777777777,11.030454545454548,11.095,11.01611111111111,12.3125,353.72222222222223,887.3888888888889,1.7166000000000001,1.52,1.7657499999999997,280.0,654.9521679069937,2025-02,True,False,345.0,0.4970833333333334,0.5029166666666667,5348763.118189438,2689982.1181894382,928.0438307753561,0.7630986715867158,67.59081642066421,0.7630986715867158,0.9554482656826567,61.99031917207946,1.7894663848708485,2804.1707621453434,PostChange,0,1,1083.931584076525,1083.931584076525,0.11417031835700334,0.059594779209731635,120.26234375,65.09074758242774,3369.7875,147.12090779996674,462.2289815721575,0.9,Sulfide Super Grade
2025-02-22,146.29665428753876,3511.1197029009304,50.75,2.26,2.6,2.4299999999999997,5.65,6.21,5.93,370.0,375.0,0.0,0.48565975626380603,0.0,6234.841444999999,230.0,635.4798601181893,5.903713964807189,14.810153500561587,80.78613253463122,370.0,375.0,335.0,300.0,320.0,300.0,295.0,310.0,300.0,275.0,280.0,16.27,9.84,8.42,8.33,8.44,7.55,8.28,8.6,8.45,8.42,6.1,14.3125,11.125,10.25,11.9375,11.625,10.5,10.625,9.375,16.75,982.5,712.0,513.0,415.5,306.5,236.5,170.5,111.5,73.5,2016.5,1591.75,1213.25,962.25,700.0,440.5,366.25,289.0,221.75,1.8,2.08,1.321,0.7666,0.623,0.324,0.04,0.01,0.002,0.001,0.001,5.03,4.495,3.943,3.133,2.518,2.141,1.788,1.091,0.913,0.623,529.5291876445775,454.94761191998913,133.12811266839023,100.79699959178119,85.58235814396515,66.56405633419512,64.66222615321811,58.956735610287105,57.054905429310104,55.153075248333096,49.44758470540209,2618.6484,11.125,11.07,11.07,11.19,11.035,11.004999999999999,11.5,10.985,11.135,11.095,11.120000000000001,1302.7894951694109,1505.4456388624303,243.8061974418288,141.48511049122328,114.98202952782691,59.79803782827595,7.382473805959994,1.8456184514899985,0.3691236902979997,0.18456184514899984,0.18456184514899984,1655.822853449449,10795.584375,2317.687193124135,0.0,0.0,0.0,16.27,29.050561823832535,2.4299999999999997,5.93,3511.1197029009304,89.8076019137935,314.54545454545456,372.5,301.6666666666667,9.580833333333333,14.126666666666665,8.065555555555555,11.120909090909091,11.0975,11.126111111111111,11.833333333333334,391.27777777777777,866.8055555555555,2.003,1.94,2.0187500000000003,230.0,508.2499850246307,2025-02,False,True,375.0,0.5075,0.49250000000000005,5159898.325123153,2541249.925123153,952.9687219211822,0.7959224880259234,66.3901363486305,0.7959224880259234,0.9418353303959882,51.746552902680456,1.9340916459029935,2794.579129689749,PostChange,0,1,1113.043222823219,1113.043222823219,0.10192398086206496,0.06014587593093156,113.37319444444444,70.59286523191305,3592.8124999999995,154.3203525911416,458.0405935873593,0.9,Sulfide Super Grade
2025-02-23,258.6199749399104,6206.8793985578495,32.958333333333336,2.61,2.2,2.4050000000000002,6.35,5.88,6.115,255.0,375.0,0.0,0.4633195523684477,0.0,6363.315611999999,280.0,671.5672168876848,6.851664122137405,17.193969465648856,75.95436641221374,255.0,375.0,400.0,425.0,415.0,400.0,420.0,380.0,355.0,375.0,370.0,16.59,9.77,8.51,7.95,8.53,7.61,8.43,8.71,8.71,8.63,7.88,13.5,12.6875,11.75,13.375,13.0,12.75,10.3125,10.3125,22.0,1138.5,735.5,472.0,308.0,236.0,159.0,111.5,92.0,71.5,2016.5,1591.75,1213.25,962.25,700.0,440.5,366.25,289.0,221.75,1.977,2.095,2.078,1.419,1.035,0.903,0.057,0.02,0.011,0.008,0.002,4.026,5.284,4.457,3.74,3.46,3.27,2.183,1.58,1.017,0.446,316.07345237863416,270.3259790080424,71.05414386696008,68.93312464705082,57.26751893754991,51.964970887776765,49.84395166786751,34.99681712850272,31.815288298638833,30.754778688684205,29.694269078729583,2581.3550000000005,11.239999999999998,11.285,11.16,11.260000000000002,11.165,11.129999999999999,11.065,11.05,11.205,11.155,11.274999999999999,1672.4789398866667,1772.3031760559268,448.2700381671956,306.109328276829,223.2721316184059,194.796845267073,12.296146378984675,4.314437325959535,2.372940529277744,1.725774930383814,0.4314437325959535,1012.7242945884368,10999.106249999997,938.1569417061731,0.0,0.0,0.0,16.59,16.433378748054846,2.4050000000000002,6.115,6206.8793985578495,89.44626892902755,379.09090909090907,315.0,393.3333333333333,9.825833333333334,14.316666666666668,8.32888888888889,11.18090909090909,11.2625,11.162777777777778,13.29861111111111,369.3333333333333,866.8055555555555,2.4225000000000003,2.036,2.519125,280.0,1278.4610065409775,2025-02,False,True,375.0,0.32958333333333334,0.6704166666666667,7832176.991150443,5250821.991150443,1969.0582466814162,0.7595436641221375,69.3108110687023,0.7595436641221375,0.931483358778626,64.7058595016005,1.8267025122137408,4714.395921144838,PostChange,0,1,2299.8099375124993,2299.8099375124993,0.10553731070972452,0.05893154180390197,130.6699363425926,39.522275889071906,3684.6875,155.924507590405,956.2579521550842,0.9,Sulfide Super Grade
2025-02-24,140.76523348857526,2451.7080716705154,50.94117647058823,2.23,2.22,2.225,6.05,5.16,5.605,815.0,675.0,0.0,0.44862052561654175,0.0,6208.158775000002,260.0,640.3082079867257,10.626907824222938,16.77012325830654,72.60296891747052,815.0,675.0,595.0,575.0,555.0,525.0,550.0,535.0,470.0,455.0,380.0,17.0,10.04,8.51,8.31,8.35,7.57,8.38,8.68,8.52,8.21,7.4,12.625,9.875,11.4375,12.0625,10.4375,12.0,12.1875,17.5,19.5625,1216.0,806.0,531.0,360.5,245.0,177.0,111.5,93.0,78.0,1977.0,1712.0,1174.0,906.0,616.5,412.0,331.5,265.5,221.5,2.321,2.488,1.223,0.671,0.57,0.142,0.056,0.014,0.004,0.002,0.001,2.426,3.037,2.897,2.866,2.326,2.023,1.587,1.402,1.088,0.669,397.4745012508821,352.4773879017256,109.00550708833151,89.88173391494003,80.31984732824428,68.84558342420938,63.10845147219194,57.37131952017449,55.45894220283533,53.546564885496196,51.63418756815704,1838.6631,10.985,10.969999999999999,10.95,11.045,10.97,10.945,10.96,10.945,11.055,11.07,11.145,1676.3191352877034,1796.9332221438196,225.24139040348967,123.5788822246456,104.97758996728463,26.152311886586695,10.313587786259543,2.5783969465648857,0.7366848418756816,0.3683424209378408,0.1841712104689204,1379.124026557188,10946.273437500002,-308.16379806138906,0.0,0.0,0.0,17.0,41.60364815803721,2.225,5.605,2451.7080716705154,89.68602074796766,557.2727272727273,745.0,515.5555555555555,9.830833333333333,14.68,8.214444444444446,11.003636363636362,10.9775,11.009444444444444,13.07638888888889,402.0,846.2222222222222,1.9667000000000001,2.4045,1.85725,260.0,400.33708866753693,2025-02,True,False,815.0,0.5094117647058823,0.49058823529411766,3609384.8383371825,1770721.7383371824,1443.1382167448037,0.7260296891747052,73.76496181672026,0.7260296891747052,0.8937309217577706,77.56774267768725,1.6154160584137192,1780.0128492220601,PostChange,0,1,1685.5487224247436,1685.5487224247436,0.10313979252032347,0.13127885892383603,128.55179976851852,92.56811715163279,8012.129166666666,366.29048858207375,757.5465829028828,0.9,Sulfide Super Grade
2025-02-25,143.43509244076066,3442.4422185782555,51.666666666666664,2.09,2.16,2.125,5.07,5.21,5.140000000000001,325.0,415.0,1.8966974003087786,0.5116220624719008,5.0,4091.0253975,300.0,435.62727197667436,9.40084046113797,15.129899590925996,75.46925994793604,325.0,415.0,490.0,470.0,455.0,460.0,485.0,445.0,465.0,480.0,450.0,15.95,9.47,8.37,8.29,8.33,7.65,8.31,8.51,8.56,8.55,8.07,14.375,10.4375,11.0,12.1875,12.0,11.625,13.75,13.25,20.25,955.0,506.0,362.0,293.5,202.0,177.5,134.0,109.5,102.5,1971.5,1561.75,1060.75,824.75,659.25,457.75,377.0,306.5,240.0,2.053,2.094,1.167,0.769,0.416,0.332,0.167,0.028,0.011,0.02,0.002,3.016,3.217,3.086,2.659,2.366,2.128,1.664,1.302,1.038,0.966,482.4428179322964,382.89112534309237,99.58998170173832,80.06253430924062,76.15704483074107,74.2043000914913,68.34606587374199,64.44057639524245,60.535086916742905,56.62959743824336,46.865873741994506,2636.16115,11.685,11.684999999999999,11.684999999999999,11.73,11.690000000000001,11.665,11.645,11.585,11.625,11.55,11.605,1470.7218664226898,1500.0933211344923,213.183032936871,140.47793687099727,75.99326623970722,60.648472095150964,30.506912168344012,5.1149313815187565,2.0094373284537967,3.65352241537054,0.365352241537054,1492.1650045745655,9288.36703125,1506.4599043957733,5.0,5000.0,1.8966974003087786,15.95,29.630126963213478,2.125,5.140000000000001,3442.4422185782555,89.35163608999144,449.09090909090907,370.0,466.6666666666667,9.667499999999999,13.790000000000001,8.293333333333331,11.65,11.684999999999999,11.642222222222223,13.208333333333334,315.77777777777777,828.8055555555555,1.9356000000000002,2.0735,1.9011249999999997,300.0,643.326844460028,2025-02,False,True,415.0,0.5166666666666666,0.4833333333333334,5102247.387096775,2466086.237096775,1023.4257883951615,0.7546925994793603,71.2072378207512,0.7546925994793603,0.9059915953886203,68.7160034706263,1.6037217738936407,2597.98566649632,PostChange,0,1,1195.3352839737356,1195.3352839737356,0.10648363910008563,0.1014415604101612,127.69156249999999,62.96401979682864,4012.0124999999994,195.29319862024178,562.5080747731707,0.9,Sulfide Super Grade
2025-02-26,143.06342856736185,3433.5222856166843,51.5,2.21,2.13,2.17,5.28,4.65,4.965,370.0,470.0,0.0,0.4904412994688689,0.0,5601.84244375,420.0,598.0684312241935,9.200404342942718,14.655574691126919,76.14402096593037,370.0,470.0,440.0,410.0,395.0,355.0,340.0,340.0,340.0,315.0,350.0,16.52,9.72,8.4,8.33,8.32,7.23,8.23,8.59,8.63,8.28,8.23,15.0,11.9375,15.5625,16.5,13.25,13.125,12.125,10.4375,16.0,959.5,559.5,370.0,266.5,224.0,177.0,152.5,127.5,98.5,1966.0,1411.5,947.5,743.5,702.0,503.5,422.5,347.5,258.5,1.635,1.844,1.446,0.963,0.738,0.563,0.46,0.087,0.019,0.009,0.003,2.654,2.865,2.838,2.429,2.129,1.89,1.421,1.21,0.983,0.966,419.1696355165799,358.19950671416825,99.11456563442039,83.56718278980543,77.73691422307482,75.79349136749795,68.01979994519046,64.13295423403673,60.24610852288298,52.472417100575505,46.64214853384489,2616.7787,11.3,11.11,11.105,11.15,11.065000000000001,11.059999999999999,11.085,11.065,11.11,11.015,11.15,1173.489997259523,1323.4957522608931,264.64890929021647,176.24958481775826,135.06977528089885,103.0410345300082,84.18983283091258,15.922859687585637,3.477406138668128,1.6471923814743763,0.5490641271581255,1405.094724582077,10524.838124999997,1795.2912120762771,0.0,0.0,0.0,16.52,29.707102944194254,2.17,4.965,3433.5222856166843,89.3237191650854,375.0,420.0,365.0,9.750000000000002,14.253333333333336,8.24888888888889,11.110454545454546,11.205,11.089444444444446,13.770833333333334,326.1111111111111,811.3888888888889,1.7345,1.7395,1.7332499999999997,420.0,900.0216482735328,2025-02,False,True,470.0,0.515,0.485,5081123.689320387,2464344.9893203876,1158.2421449805822,0.7614402096593037,70.66023961063273,0.7614402096593037,0.9079959565705729,66.44416508451644,1.652325254960689,2614.4219290298597,PostChange,0,1,1352.7973586162357,1352.7973586162357,0.10676280834914612,0.08390096735483539,134.26562500000003,64.46441338890153,4582.500000000001,216.58886364578964,623.406048182375,0.9,Sulfide Super Grade
2025-02-27,138.56360765485314,3325.526583716475,51.40909090909091,2.2,2.45,2.325,5.36,5.66,5.51,400.0,400.0,1.301497594513994,0.5216301010329659,3.29,5678.409779,300.0,606.7877909786407,8.582071696540226,15.83531471446436,75.58261358899541,400.0,400.0,380.0,325.0,340.0,310.0,365.0,365.0,380.0,405.0,340.0,15.98,9.51,8.44,8.31,8.29,7.24,8.31,8.49,8.57,8.63,8.32,14.0,11.75,13.125,14.625,11.6875,11.375,12.875,8.625,16.625,830.5,559.5,374.0,245.0,187.5,161.0,141.5,95.5,76.5,1926.0,1455.5,937.75,705.75,633.0,478.25,412.5,319.75,252.0,2.269,2.383,1.544,1.412,0.89,0.14,0.056,0.025,0.014,0.005,0.002,3.004,3.176,2.88,2.934,2.228,1.975,1.837,1.837,1.269,1.186,539.6975580613844,478.88656560376364,118.2393734597864,96.91751922933312,93.0408184601598,81.41071615263982,67.84226346053318,63.965562691359864,60.08886192218654,56.212161153013206,52.33546038383989,2527.85715,11.305,11.365,11.185,11.275,11.205,11.165,11.125,11.14,11.225000000000001,11.23,11.215,1630.2030468224928,1712.1083563587483,282.8750743036368,258.691453961616,163.05622806362484,25.649294302143232,10.259717720857292,4.58023112538272,2.564929430214323,0.916046225076544,0.3664184900306176,1708.6368605779996,8831.438906249998,1182.2074056314068,3.29,3290.0,1.301497594513994,15.98,30.671834198964333,2.325,5.51,3325.526583716475,89.31412464766677,364.54545454545456,400.0,356.6666666666667,9.6725,13.823333333333332,8.288888888888888,11.221363636363638,11.335,11.196111111111112,12.743055555555555,296.77777777777777,791.1666666666666,2.0798,2.326,2.01825,300.0,623.2912682158922,2025-02,False,True,400.0,0.514090909090909,0.48590909090909096,4917140.344827587,2389283.194827587,955.7132779310348,0.7558261358899542,70.6246613172155,0.7558261358899542,0.9141792830345977,67.43486982520167,1.7572957659441435,2513.5199075697437,PostChange,0,1,1116.2487944187553,1116.2487944187553,0.10685875352333228,0.07044225682325489,123.2572048611111,71.31201451259209,3869.0,172.0422707859321,480.10494338465435,0.9,Sulfide Super Grade
2025-02-28,147.6177823028674,3542.8267752688175,48.94736842105263,2.16,2.3,2.23,5.13,4.74,4.9350000000000005,1055.0,1130.0,0.0,0.45425991422336065,0.0,5877.26787375,430.0,610.1310668370689,7.850244200244201,15.697106227106227,79.95264957264958,1055.0,1130.0,1015.0,1010.0,1080.0,1030.0,1075.0,1130.0,1025.0,900.0,810.0,,0.0,0.0,0.0,0.0,0.0,0.0,0.0,0.0,0.0,0.0,15.75,11.375,10.75,12.1875,13.375,10.5625,11.0,12.5,18.375,961.5,717.0,389.0,302.5,200.5,179.5,156.0,103.5,81.5,1886.0,1499.5,928.0,668.0,564.0,453.0,402.5,292.0,245.5,2.275,2.45,1.279,1.113,0.935,0.62,0.235,0.09,0.071,0.013,0.005,3.298,3.598,3.22,2.829,2.415,2.331,1.971,1.425,1.308,0.903,438.66441251056625,389.13778529163136,104.64268808114959,90.20921386306,90.20921386306,66.7548182586644,64.9506339814032,61.34226542688081,55.9297125950972,54.125528317836,43.3004226542688,2506.6322999999998,11.215,11.11,11.094999999999999,11.14,11.035,11.065,11.07,11.059999999999999,11.08,11.055,11.045,1678.8461538461536,1807.9881656804732,240.68012256973793,209.4425147928994,175.94676669484363,116.67058326289096,44.2219146238377,16.93605240912933,13.360663567202028,2.4463186813186812,0.9408918005071851,1459.2666948436176,10264.4990625,746.3918856707905,0.0,0.0,0.0,15.98,28.790569358915548,2.23,4.9350000000000005,3542.8267752688175,89.61879771445956,1023.6363636363636,1092.5,1008.3333333333334,15.98,15.98,,11.08818181818182,11.1625,11.071666666666665,12.875,343.44444444444446,770.9444444444445,2.1127,2.3625,2.05025,430.0,977.57487828892,2025-02,False,True,0.0,0.4894736842105263,0.5105263157894737,5121076.741935484,2614444.4419354843,0.0,0.7724893678516866,68.95990013743636,0.7724893678516866,0.9241522299493313,61.337083353751964,1.7226512903092612,2736.7960160354382,PostChange,0,1,0.0,0.0,0.10381202285540439,0.0,205.7425,64.20296967038168,0.0,0.0,0.0,0.9,Sulfide Super Grade
2025-03-01,131.52340158280222,1509.2310331626556,39.45454545454545,2.27,2.38,2.325,5.02,4.95,4.984999999999999,555.0,505.0,0.0,0.0,0.0,1844.4716639737326,940.0,188.0083891052995,11.712798552472858,15.966996381182147,72.320205066345,555.0,505.0,830.0,815.0,910.0,935.0,860.0,820.0,865.0,950.0,940.0,,0.0,0.0,0.0,0.0,0.0,0.0,0.0,0.0,0.0,0.0,14.714285714285714,7.357142857142857,14.714285714285714,11.428571428571429,11.714285714285714,8.428571428571429,10.714285714285714,8.842857142857143,17.714285714285715,746.5,634.0,362.0,264.0,233.5,138.0,118.5,107.5,86.0,1657.5,1280.5,885.0,647.75,540.25,405.25,313.25,251.25,200.0,1.831,2.115,1.297,1.237,0.745,0.564,0.1,0.07,0.031,0.008,0.002,2.457,2.96,2.917,2.877,2.283,1.82,1.56,1.469,1.154,0.693,304.47271749843196,288.7241286623062,74.9632828599588,65.59287250246393,56.222462144969086,48.19068183854493,49.52931188961563,44.174791685332856,38.820271481050085,36.1430113789087,32.12712122569662,792.2752999999999,11.09,10.905000000000001,10.905000000000001,11.0,10.855,10.815000000000001,10.81,10.93,10.915,10.915,10.93,1475.0041214944897,1703.7868470567155,266.4311786578263,254.10591210465012,153.03872636860496,115.85750559985662,20.542110921960397,14.379477645372278,6.3680543858077225,1.6433688737568317,0.41084221843920793,1038.960653167279,4011.5681453274797,-2355.4673185724305,0.0,0.0,0.0,19.11,67.5840860403293,2.325,4.984999999999999,1509.2310331626556,89.80692450973989,816.8181818181819,530.0,880.5555555555555,19.11,19.11,,10.915454545454544,10.9975,10.897222222222224,11.736507936507937,298.8888888888889,686.75,1.8719000000000001,1.973,1.846625,940.0,993.78086317772,2025-03,True,False,555.0,0.39454545454545453,0.6054545454545455,2008071.0368663594,1215795.7368663594,674.7666339608295,0.72320205066345,74.62037092882991,0.72320205066345,0.8828720144752714,80.0612069981506,1.6814447677925213,1091.47897810815,PostChange,0,1,788.1102617966659,788.1102617966659,0.10193075490260119,0.3008991739153678,224.28466666666668,157.13300004376563,10606.05,238.70865071548076,338.97069767298456,0.9,Sulfide Super Grade
2025-03-02,246.87584153915077,5925.0201969396185,33.583333333333336,2.17,1.89,2.03,4.85,4.53,4.6899999999999995,510.0,430.0,0.0,0.0,0.0,5132.466824060545,550.0,550.0149472954095,11.380433295324972,14.586100342075255,74.03346636259977,510.0,430.0,440.0,425.0,455.0,485.0,495.0,510.0,515.0,525.0,550.0,,0.0,0.0,0.0,0.0,0.0,0.0,0.0,0.0,0.0,0.0,12.375,8.1875,11.625,10.125,10.875,9.875,9.875,12.875,17.875,841.5,466.0,344.0,250.5,153.5,92.5,86.0,67.5,44.0,1657.5,1280.5,885.0,647.75,540.25,405.25,313.25,251.25,200.0,1.984,2.26,1.479,1.075,0.989,0.856,0.336,0.226,0.162,0.038,0.007,2.455,2.874,2.497,2.227,2.122,1.678,1.662,1.094,0.899,0.885,225.72038044541864,200.16712982895615,58.644710164781415,49.95660495518417,46.6985655015852,43.44052604798623,38.01046029198795,35.838433989588644,32.58039453598967,29.322355082390708,24.978302477592084,2523.3921,11.07,11.21,11.145,11.155000000000001,11.149999999999999,11.115,11.115,11.06,11.05,11.055,11.04,1671.0515480057925,1903.5163802888562,317.6556129398411,230.8855874985322,212.41474049864962,183.84936083604052,72.16516967395984,48.53966769736584,34.793921092802066,8.161537046459742,1.5034410348741631,785.357863321461,4684.536966613175,-103.52527450797766,0.0,0.0,0.0,19.11,17.215131191060728,2.03,4.6899999999999995,5925.0201969396185,89.28361417326677,485.45454545454544,470.0,488.8888888888889,19.11,19.11,,11.10590909090909,11.14,11.098333333333333,11.520833333333334,260.6111111111111,686.75,1.7308000000000003,2.122,1.6329999999999998,550.0,2386.7276449131514,2025-03,True,False,510.0,0.3358333333333334,0.6641666666666666,7513822.630272952,4990430.530272951,2545.1195704392053,0.7403346636259976,73.34185433295325,0.7403346636259976,0.8861956670467502,75.56600760943749,1.502879367160775,4386.497834478535,PostChange,0,1,2972.6349081438125,2972.6349081438125,0.10716385826733231,0.0993674226220354,220.163125,34.94671631785327,9746.1,251.23028950596304,1464.3449579774547,0.9,Sulfide Super Grade
2025-03-03,143.33222059710593,3174.808686225896,50.416666666666664,1.66,2.09,1.875,4.06,4.26,4.16,430.0,350.0,1.2792973484899366,0.529969351695735,3.0,4400.404352029339,435.0,507.6424340293389,6.299704190632704,14.130361544782252,79.56993426458506,430.0,350.0,400.0,385.0,415.0,440.0,430.0,435.0,430.0,440.0,435.0,,0.0,0.0,0.0,0.0,0.0,0.0,0.0,0.0,0.0,0.0,13.75,12.5,12.3125,11.0625,9.5625,11.0625,11.9375,11.3125,15.125,693.0,447.5,315.5,231.5,154.5,120.0,91.0,80.0,80.0,1429.0,1061.5,842.0,627.5,516.5,357.5,224.0,210.5,154.5,1.745,0.0,1.02,0.78,0.614,0.441,0.337,0.057,0.051,0.012,0.001,2.827,2.96,2.367,2.28,1.874,1.624,1.316,0.942,0.724,0.577,494.888085010174,0.0,99.82705177481346,96.05999321727333,86.642346823423,77.22470042957266,75.34117115080261,62.15646619941216,54.62234908433189,47.08823196925163,43.3211734117115,2345.0373,11.309999999999999,11.08,11.18,11.135,11.13,11.135000000000002,11.115,11.19,11.135,11.14,11.145,1267.6203933981462,0.0,188.94444946868637,144.48693194664253,113.73714899389552,81.69068844675557,62.42576418720325,10.558660411485414,9.447222473434318,2.2228758761021927,0.18523965634184938,1137.171569070766,1881.3193748586928,2011.8389108210868,3.0,3000.0,1.2792973484899366,19.11,32.127920161782754,1.875,4.16,3174.808686225896,88.4637321159991,417.27272727272725,390.0,423.3333333333333,19.11,19.11,,11.15409090909091,11.195,11.145,12.069444444444445,245.88888888888889,602.5555555555555,1.4943333333333333,1.745,1.4630000000000003,435.0,872.3740987028389,2025-03,True,False,430.0,0.5041666666666667,0.49583333333333335,4651313.652892562,2306276.352892562,991.6988317438016,0.7956993426458505,66.70610620377978,0.7956993426458505,0.937002958093673,51.902223688916145,1.4919362674609697,2526.1931846562816,PostChange,0,1,1158.2790057672378,1158.2790057672378,0.11536267884000909,0.09771829259320146,230.64708333333334,60.23985030334266,8217.3,229.33211022874545,617.7455084331485,0.9,Sulfide Super Grade
2025-03-04,154.51406259857504,3708.337502365801,47.291666666666664,2.3,2.41,2.355,5.4,5.12,5.26,410.0,400.0,0.0,0.3677346346465084,0.0,5885.4390484757705,620.0,603.5395684757709,6.447781201848998,14.934052388289677,78.61816640986133,410.0,400.0,480.0,480.0,485.0,485.0,520.0,520.0,615.0,640.0,620.0,,0.0,0.0,0.0,0.0,0.0,0.0,0.0,0.0,0.0,0.0,14.5,11.5,11.625,9.625,9.9375,12.875,8.625,8.9375,12.5,714.0,409.5,294.0,207.5,144.5,128.0,113.5,89.5,83.0,1479.0,1034.75,837.25,617.0,504.0,379.5,270.25,225.25,174.75,1.815,0.0,1.119,0.878,0.537,0.435,0.215,0.123,0.046,0.013,0.005,2.116,3.03,1.877,1.71,1.47,1.405,1.237,1.088,0.937,0.579,390.59663773211736,0.0,92.73302933743547,82.42935941105374,72.12568948467202,63.53929787935393,58.387462916163074,53.23562795297221,49.80107131084497,44.64923634765412,42.93195802659049,2497.352,11.24,10.98,11.175,11.2,11.15,11.129999999999999,11.129999999999999,11.14,11.100000000000001,11.56,11.045,1362.2970003296343,0.0,214.17335402703006,168.04665311504235,102.78024228106804,83.25773816064171,41.150376332271186,23.541843204043516,8.804266564113835,2.488162289858258,0.95698549609933,950.4293703988574,2007.4966217998026,3274.8280430865957,0.0,0.0,0.0,19.11,27.505587054826385,2.355,5.26,3708.337502365801,89.74520739226621,514.0909090909091,405.0,538.3333333333334,19.11,19.11,,11.16818181818182,11.11,11.181111111111113,11.125,242.61111111111111,613.5277777777778,1.3464444444444446,1.815,1.2878749999999999,620.0,1500.6115101321589,2025-03,True,False,410.0,0.47291666666666665,0.5270833333333333,5280744.317180617,2783392.317180617,1141.190850044053,0.7861816640986133,67.3935092449923,0.7861816640986133,0.93552218798151,55.783065248344016,1.8514578189522344,2915.426948649241,PostChange,0,1,1332.8818799306366,1332.8818799306366,0.10254792607733784,0.06966345188914717,212.59875,64.77565751411613,7835.099999999999,174.0969252784489,565.9771635494697,0.9,Sulfide Super Grade
2025-03-05,133.59960927481333,3206.3906225955197,52.708333333333336,1.85,2.19,2.02,4.13,4.76,4.445,390.0,375.0,1.1860098046244538,0.5614010530527036,3.0,5114.108985911857,410.0,586.3217964118576,7.851189477697294,11.86210827296988,80.28670224933283,390.0,375.0,365.0,380.0,400.0,420.0,440.0,450.0,465.0,475.0,410.0,,0.0,0.0,0.0,0.0,0.0,0.0,0.0,0.0,0.0,0.0,13.5625,14.0625,12.25,9.0625,10.4375,11.1875,9.75,9.1875,14.375,710.5,408.0,370.0,212.5,179.5,127.5,117.5,97.5,83.5,1529.0,1008.0,832.5,606.5,491.5,401.5,316.5,240.0,195.0,2.575,2.386,1.664,1.122,0.825,0.72,0.281,0.145,0.057,0.012,0.004,2.95,3.03,2.583,2.08,1.412,1.35,1.151,1.102,0.716,0.454,465.4452015244255,433.8895946414137,128.74687608268854,118.68852638872849,104.60683681718444,86.50180736805636,74.43178773530431,66.38510798013628,62.36176810255226,56.32675828617624,52.30341840859222,2529.49005,11.325,11.165,11.100000000000001,11.125,11.08,61.095,11.1,11.14,11.129999999999999,11.145,11.125,1822.632521076337,1688.8548331216077,300.34152673518884,202.5139380990877,148.90730742579976,129.9554682988798,50.71873137775726,26.171587365746625,10.288141240327985,2.1659244716479966,0.7219748238826655,1649.6876833352585,4383.271954036265,145.0316032484311,3.0,3000.0,1.1860098046244538,16.69,31.811470281007963,2.02,4.445,3206.3906225955197,88.53521115746588,415.45454545454544,382.5,422.77777777777777,16.69,16.69,,15.684545454545455,11.245,16.671111111111113,11.541666666666666,256.27777777777777,624.5,1.5809000000000002,2.4805,1.356,410.0,809.141223418113,2025-03,True,False,390.0,0.5270833333333333,0.47291666666666665,4799032.5059288535,2269542.4559288537,885.121557812253,0.8028670224933283,67.22780451772779,0.8028670224933283,0.9214881052230272,50.0,1.6217913854365231,2574.305292113794,PostChange,0,1,1033.799461236819,1033.799461236819,0.11464788842534122,0.07625961845442801,192.63041666666666,64.25916996763608,6509.1,193.0683511467765,511.7793779420988,0.9,Sulfide Super Grade
2025-03-06,148.5959655648104,3120.5152768610183,50.5,2.14,2.2,2.17,4.31,4.71,4.51,345.0,435.0,0.0,0.4616071078416335,0.0,5017.225550693068,405.0,569.4745506930692,5.5017872340425535,15.560212765957447,78.93799999999999,345.0,435.0,445.0,470.0,450.0,420.0,430.0,410.0,400.0,415.0,405.0,16.69,9.55,8.554,8.38,8.4,7.69,8.33,8.48,8.64,8.67,8.27,15.5625,11.6875,11.4375,10.375,10.3125,11.6875,11.5625,9.9375,14.0,825.0,475.5,336.5,211.5,190.5,139.5,111.5,85.5,70.5,1564.5,1009.75,822.0,617.75,458.0,354.25,292.5,253.75,197.5,2.847,2.765,1.792,1.239,0.85,0.77,0.175,0.091,0.016,0.011,0.001,3.75,3.862,3.302,2.773,1.839,1.938,1.7,1.517,1.267,0.847,503.49171870757544,422.044528916644,111.39754276405104,92.51660331251696,84.96422753190335,62.30710019006245,58.530912299755634,52.86663046429542,50.978536519142004,50.978536519142004,45.31425468368178,2310.5199999999995,11.094999999999999,11.225000000000001,11.29,11.34,11.265,11.235,11.21,11.21,11.195,11.184999999999999,11.14,2066.258756448547,2006.7458593537876,331.64650556611457,229.30246673907143,157.3100054303557,142.50435786043985,32.387354059190876,16.841424110779254,2.961129513983166,2.0357765408634263,0.18507059462394787,1535.39059190877,4988.178706217757,-540.0444166462003,0.0,0.0,0.0,16.69,32.68690935639438,2.17,4.51,3120.5152768610183,88.64961232180596,420.45454545454544,390.0,427.22222222222223,9.862,14.310000000000002,8.379333333333333,11.217272727272727,11.16,11.229999999999999,11.840277777777779,271.77777777777777,618.8888888888889,2.0795000000000003,2.806,1.8978749999999998,405.0,797.5919018510544,2025-03,False,True,435.0,0.505,0.495,4575287.12871287,2264767.1287128706,985.1737009900987,0.78938,66.60236702127659,0.78938,0.9449821276595745,54.26568717268541,1.7129545999999998,2463.2723492485507,PostChange,0,1,1150.6578190521032,1150.6578190521032,0.11350387678194043,0.08670130445698422,116.76881944444446,70.9305933033758,4289.97,200.4599057147202,530.2546159013567,0.9,Sulfide Super Grade
2025-03-07,139.2062917632526,3045.137632321151,50.541666666666664,2.05,2.09,2.07,4.73,4.48,4.605,355.0,310.0,1.3289408295075895,0.5899510259366332,3.0,4676.207854365148,430.0,533.8112346151485,5.762972501091226,16.478559580969012,77.75846791793977,355.0,310.0,315.0,355.0,370.0,360.0,390.0,412.5,415.0,425.0,430.0,,0.0,0.0,0.0,0.0,0.0,0.0,0.0,0.0,0.0,0.0,14.6875,12.6875,12.625,13.0,12.0,11.5625,8.1875,7.5625,15.8125,861.5,479.5,270.0,259.5,170.0,118.0,105.5,89.0,73.0,1600.0,1011.5,811.5,629.0,424.5,307.0,268.5,267.5,200.0,1.994,2.002,1.301,0.947,0.724,0.712,0.591,0.126,0.075,0.037,0.003,2.572,2.787,2.528,2.288,1.912,1.98,1.561,1.212,0.814,0.608,400.3155345299803,363.2492813327599,96.40932456597025,88.84780891373728,75.61515652232961,71.83439869621313,77.50553543538784,68.05364087009664,60.49212521786369,54.82098847868896,47.259472826456005,2257.43685,11.48,11.355,11.274999999999999,11.280000000000001,11.295,11.215,11.195,11.18,11.23,11.17,11.21,1446.51771203513,1452.3211933271464,240.6667420041196,175.18170997532766,133.92983951651237,131.71000792231604,109.32670601416963,23.308231739061547,13.873947463727111,6.844480748772042,0.5549578985490845,1404.4032673894837,3734.235528644832,408.5370033327914,3.0,3000.0,1.3289408295075895,16.69,33.49602294404364,2.07,4.605,3045.137632321151,88.58452722291106,376.1363636363636,332.5,385.8333333333333,16.69,16.69,,11.262272727272729,11.4175,11.22777777777778,12.01388888888889,269.55555555555554,613.2777777777778,1.6898999999999997,1.9979999999999998,1.612875,430.0,825.9925750804692,2025-03,True,False,355.0,0.5054166666666666,0.4945833333333334,4466486.760098929,2209049.9100989285,784.2127180851196,0.7775846791793976,67.50281536446967,0.7775846791793976,0.9423702749890878,58.501699098176104,1.6096002859013527,2367.8523688855526,PostChange,0,1,915.940503647097,915.940503647097,0.11415472777088945,0.07591621481680172,200.51180555555558,69.33676749417033,5924.950000000001,171.49675605431858,442.48119750488985,0.9,Sulfide Super Grade
2025-03-08,144.78037078281912,3474.7288987876586,50.916666666666664,1.72,2.23,1.975,4.3,4.88,4.59,320.0,335.0,0.0,0.5039324170188347,0.0,5146.732755237071,335.0,550.6125687370704,6.844979637171418,14.187789707515735,78.96723065531285,320.0,335.0,350.0,365.0,385.0,400.0,410.0,385.0,370.0,340.0,335.0,,0.0,0.0,0.0,0.0,0.0,0.0,0.0,0.0,0.0,0.0,12.375,12.8125,11.9375,14.4375,11.625,10.875,12.25,11.25,14.8125,718.0,493.5,301.0,254.0,156.0,115.0,95.0,100.0,63.5,1646.5,1127.25,814.0,611.25,407.0,345.25,282.0,270.75,229.25,2.445,2.405,1.555,1.158,1.121,0.789,0.619,0.047,0.008,0.002,0.001,3.585,3.548,3.125,2.603,2.6,2.154,1.724,1.335,0.928,0.741,479.6293099532095,442.15827011311495,97.46217462408576,91.7291055285513,84.08501340117203,74.52989824194793,70.70785217825829,66.88580611456865,57.330690955344565,51.59762185981011,47.77557579612047,2604.0341,11.1,11.254999999999999,11.280000000000001,11.25,11.34,11.280000000000001,11.26,11.235,11.255,11.135,11.239999999999998,1766.3578340071774,1737.4603643301684,286.4642290919002,213.32834552309996,206.51215486303548,145.35066029164585,114.0330275291873,8.658404351973832,1.473770953527461,0.36844273838186525,0.18422136919093263,1563.8913187661833,4480.191455049288,116.32881100194311,0.0,0.0,0.0,16.14,29.354808093255293,1.975,4.59,3474.7288987876586,89.30170663754022,363.1818181818182,327.5,371.1111111111111,16.14,16.14,,11.239090909090908,11.177499999999998,11.252777777777776,12.48611111111111,255.11111111111111,637.0277777777778,2.006,2.425,1.90125,335.0,731.253096764392,2025-03,False,True,335.0,0.5091666666666667,0.49083333333333334,5114305.924713584,2510271.824713584,840.9410612790507,0.7896723065531285,67.42359311366161,0.7896723065531285,0.9315502036282858,54.54955178880006,1.559602805442429,2743.8971841524626,PostChange,0,1,982.1977652775757,982.1977652775757,0.10698293362459771,0.06508983775369333,201.52583333333334,57.975745984179206,5406.900000000001,169.61939433218058,497.31280615165275,0.9,Sulfide Super Grade
2025-03-09,145.90506243857496,3501.7214985257992,50.875,2.27,2.24,2.255,5.55,5.18,5.365,310.0,330.0,1.1445561874650265,0.5859191614168718,3.0,5914.384355247788,350.0,619.7556892477887,7.466456953642385,17.258079470198677,75.27546357615894,310.0,330.0,325.0,335.0,340.0,350.0,345.0,360.0,350.0,350.0,350.0,16.14,9.52,8.42,8.36,8.41,7.58,8.43,8.44,8.65,8.65,8.41,13.6875,10.9375,12.875,10.0625,11.8125,11.3125,12.25,11.6875,16.125,694.0,583.0,401.5,264.5,221.0,141.5,117.5,84.0,62.5,1646.5,1127.25,814.0,611.25,407.0,345.25,282.0,270.75,229.25,1.942,2.197,1.333,1.254,0.67,0.273,0.258,0.136,0.059,0.021,0.002,2.817,3.404,3.112,2.926,2.379,1.965,1.892,1.565,1.276,1.024,396.71480144404336,351.80369184660447,91.61866357877528,82.07505278931953,74.44016415775492,72.53144199986377,66.80527552619031,62.98783121040802,53.444220420952256,51.53549826306111,47.7180539472788,2621.1033,11.469999999999999,11.45,11.445,11.4,11.36,11.370000000000001,11.35,11.435,11.415,11.405000000000001,11.385,1403.621142973912,1587.927729718684,245.68068013078127,231.12045977794426,123.48541311899734,50.3156981813228,47.551099380151214,25.065695797289013,10.874088617941556,3.8704383216402154,0.3686131734895443,1351.674695184252,3729.881059192153,1565.1429879872103,3.0,3000.0,1.1445561874650265,16.14,29.128530079545534,2.255,5.365,3501.7214985257992,89.52121384032331,340.45454545454544,320.0,345.0,9.762500000000001,13.933333333333332,8.372222222222222,11.407727272727273,11.459999999999999,11.396111111111113,12.305555555555555,285.5,637.0277777777778,2.0278,2.0695,2.017375,350.0,770.2868473774172,2025-03,False,True,330.0,0.50875,0.49124999999999996,5152045.798525799,2530942.498525799,835.2110245135136,0.7527546357615894,70.11937086092716,0.7527546357615894,0.9253354304635762,67.10987175600641,1.697461703642384,2635.937091161315,PostChange,0,1,975.5052281127133,975.5052281127133,0.10478786159676691,0.05579617085710595,120.13298611111112,65.68483532937518,3221.6250000000005,146.34081445315098,432.59463510703426,0.9,Sulfide Super Grade
2025-03-10,138.75111975762528,3330.0268741830064,51.0,1.91,2.1,2.005,4.97,4.8,4.885,335.0,320.0,0.0,0.5221421163148798,0.0,5019.32879697794,305.0,566.4670019779412,5.225972495088409,15.980801571709234,78.79322593320236,335.0,320.0,335.0,325.0,335.0,325.0,310.0,325.0,315.0,305.0,305.0,,0.0,0.0,0.0,0.0,0.0,0.0,0.0,0.0,0.0,0.0,15.625,13.75,11.875,13.0,11.625,11.0,10.375,7.625,15.75,989.5,599.0,387.0,286.5,193.0,169.5,114.0,107.0,93.0,1693.0,1243.0,816.5,593.5,389.5,383.5,295.5,274.0,258.5,1.911,1.987,1.449,1.016,0.698,0.624,0.471,0.096,0.033,0.006,0.002,2.821,2.95,2.7,2.493,2.247,2.154,2.058,1.733,1.344,1.238,368.10147299509003,292.97872340425533,90.03461538461538,86.20335515548283,78.54083469721768,70.87831423895254,65.13142389525369,63.215793780687406,59.38453355155483,53.63764320785598,45.97512274959084,2501.60775,11.4,11.385,11.415,11.425,11.34,11.32,11.33,11.32,11.280000000000001,11.32,11.3,1379.2978723404256,1434.1522094926352,266.68951718494276,186.99554828150573,128.46741407528643,114.8476595744681,86.6878968903437,17.668870703764323,6.073674304418986,1.1043044189852702,0.36810147299509005,1274.0818330605562,3622.353068739771,830.9130157608623,0.0,0.0,0.0,16.115000000000002,30.63038343347449,2.005,4.885,3330.0268741830064,88.71428780838183,321.3636363636364,327.5,320.0,16.115000000000002,16.115000000000002,,11.348636363636363,11.3925,11.338888888888889,12.291666666666666,326.5,660.7777777777778,1.9865000000000002,1.949,1.9958749999999998,305.0,637.4514547953964,2025-03,True,False,335.0,0.51,0.49,4905113.235294118,2403505.4852941176,805.1743375735293,0.7879322593320235,66.52046660117878,0.7879322593320235,0.9477402750491158,54.71962428395177,1.579804179960707,2623.835598611372,PostChange,0,1,940.4231419271215,940.4231419271215,0.11285712191618173,0.06674199151920437,198.08020833333336,61.41391878411635,5398.525000000001,167.08146094034444,469.03663419490255,0.9,Sulfide Super Grade
2025-03-11,139.93283840253255,3358.3881216607815,51.125,1.98,1.96,1.97,4.8,4.35,4.574999999999999,300.0,310.0,0.0,0.4703248303339919,0.0,4991.734922460269,275.0,625.1891591136921,10.390847908745247,13.710422053231941,75.8987300380228,300.0,310.0,315.0,305.0,310.0,305.0,300.0,310.0,300.0,285.0,275.0,16.09,9.17,8.37,8.25,8.22,7.59,8.27,8.49,8.82,8.71,8.53,14.375,13.0,11.8125,10.375,10.9375,9.255555555555555,7.875,6.75,13.9375,799.0,537.5,373.0,273.0,222.5,169.0,117.5,108.0,95.0,1760.25,1164.25,772.25,615.0,407.25,354.0,286.25,254.5,229.75,1.76,1.795,0.954,0.821,0.502,0.279,0.185,0.173,0.113,0.047,0.004,2.268,2.699,2.547,2.216,1.929,1.716,1.552,1.245,1.066,1.046,376.9713934594114,301.5771147675291,101.89536765207892,82.66982658564892,74.97961015907694,67.28939373250493,63.444285519218944,61.521731412575946,55.754069092646944,51.908960879360954,48.06385266607496,2532.0325000000003,11.719999999999999,11.65,11.555,11.515,11.465,11.465,11.454999999999998,11.434999999999999,11.445,11.435,11.41,1268.540998156619,1293.7676657335971,175.33975489861402,150.89511401652211,92.2647347579709,51.27860756468901,34.00194408411278,31.79641257595411,20.76875503516078,8.638331740288113,0.7351771693862224,1286.0756059261278,3128.0274957329143,1240.1797966253444,0.0,0.0,0.0,16.09,30.37171294828164,1.97,4.574999999999999,3358.3881216607815,87.47551364755651,301.3636363636364,305.0,300.55555555555554,9.716666666666667,13.783333333333331,8.36111111111111,11.504545454545452,11.684999999999999,11.464444444444444,10.924228395061728,299.3888888888889,649.2777777777778,1.6872,1.7774999999999999,1.6646249999999998,275.0,578.8387255501225,2025-03,False,True,310.0,0.51125,0.48875,4952630.806845967,2420598.3068459663,750.3854751222494,0.7589873003802281,71.55757366920153,0.7589873003802281,0.8960915209125475,68.6959505424671,1.4952049817490494,2548.9739340883416,PostChange,0,1,876.4311444619262,876.4311444619262,0.1252448635244349,0.0621026566545346,106.1470859053498,59.83227450811483,3012.1666666666665,157.359607311638,444.8866475103813,0.9,Sulfide Super Grade
2025-03-12,136.15787144308942,3267.7889146341463,51.25,2.08,2.17,2.125,5.24,5.62,5.43,365.0,335.0,0.0,0.42877202113921103,0.0,5256.668441414634,280.0,546.3282939146341,6.177170187325628,11.788967716221604,82.03386209645276,365.0,335.0,335.0,265.0,305.0,325.0,305.0,290.0,300.0,300.0,280.0,,0.0,0.0,0.0,0.0,0.0,0.0,0.0,0.0,0.0,0.0,13.875,12.6875,12.625,12.375,11.5,11.3125,6.8125,6.9375,15.0,953.0,724.5,324.5,255.5,176.0,122.0,111.5,80.0,71.5,1827.5,1085.5,728.0,636.5,425.0,324.5,277.0,235.0,201.0,1.861,2.051,1.44,1.175,0.681,0.466,0.158,0.029,0.014,0.006,0.002,2.416,2.818,2.664,2.504,2.062,1.707,1.506,1.39,1.062,0.872,423.73205741626793,363.19890635680105,94.54521531100478,84.89774436090225,73.32077922077922,71.39128503075871,65.6028024606972,59.81431989063568,57.88482570061517,52.096343130553656,44.37836637047163,2472.6195,11.719999999999999,11.620000000000001,11.545,11.545,11.475000000000001,11.434999999999999,11.41,11.405000000000001,11.365,11.25,11.16,1339.4620642515379,1476.2153110047848,264.29364319890635,215.65627136021874,124.98886876281614,85.52835953520164,28.998885850991115,5.32258031442242,2.5695215311004787,1.1012235133287764,0.3670745044429255,1390.8626452494873,3544.5038038277517,1166.0797363034949,0.0,0.0,0.0,16.045,31.213766453277685,2.125,5.43,3267.7889146341463,89.60694782249553,309.54545454545456,350.0,300.55555555555554,16.045,16.045,,11.448181818181817,11.67,11.398888888888889,11.458333333333334,313.1666666666667,637.7777777777778,1.7679000000000002,1.956,1.7208750000000002,280.0,572.6618226935313,2025-03,True,False,365.0,0.5125,0.48750000000000004,4824623.414634147,2352003.9146341467,858.4814288414635,0.8203386209645277,65.08956755679554,0.8203386209645277,0.9382282981267437,50.0,1.7432195695496213,2680.6934518341463,PostChange,0,1,1002.6844683477595,1002.6844683477595,0.10393052177504473,0.06943561384323757,183.84895833333337,66.32925371321508,5856.425,171.76389758165843,471.8492940493266,0.9,Sulfide Super Grade
2025-03-13,145.73399609962345,2668.1465785906057,50.35,1.83,2.45,2.14,4.99,5.21,5.1,500.0,380.0,1.5251797259079178,0.5007698159110565,3.0,4211.2796169859985,245.0,434.675520985998,7.363269809428285,16.188059177532597,76.44867101303912,500.0,380.0,375.0,345.0,335.0,320.0,330.0,305.0,295.0,265.0,245.0,16.0,9.4,8.36,8.34,8.27,7.58,8.33,8.53,8.73,8.16,7.39,14.5625,12.875,12.6875,13.0625,8.3125,9.5625,9.375,10.875,17.25,874.0,677.5,341.5,327.5,185.0,121.0,116.5,94.0,78.5,1741.5,1193.75,904.0,764.5,536.25,323.75,283.0,239.5,210.5,2.333,1.947,1.179,0.783,0.433,0.157,0.121,0.142,0.103,0.012,0.001,3.97,3.391,2.914,2.596,2.198,1.755,1.683,1.318,0.879,0.665,449.69740516797276,405.46487351210664,101.51366015021289,88.35448198259269,77.0751864103468,65.79589083810093,63.916008242726626,58.27636045660368,54.51659526585506,50.75683007510644,46.99706488435781,1966.9813,11.6,11.504999999999999,11.530000000000001,11.49,11.48,11.475000000000001,11.440000000000001,11.42,11.399999999999999,11.395,11.365,1695.9969360917548,1415.390499173016,218.55679333532174,145.14840473414498,80.26725319270085,29.10383083430493,22.430340961470677,26.32321005395732,19.09359602505355,2.2244966242780837,0.18537471868984032,1462.364356985982,3654.720735744693,122.08267014221161,3.0,3000.0,1.5251797259079178,16.0,38.22878428736079,2.14,5.1,2668.1465785906057,89.67830302142002,335.90909090909093,440.0,312.77777777777777,9.590833333333334,13.799999999999999,8.187777777777777,11.463636363636363,11.552499999999998,11.443888888888889,12.0625,312.8333333333333,688.5277777777778,1.8288,2.14,1.751,245.0,413.2265839734898,2025-03,True,False,500.0,0.5035000000000001,0.49649999999999994,3906616.285998013,1939634.985998013,969.8174929990065,0.7644867101303912,69.32162424774323,0.7644867101303912,0.9263673019057171,63.71122129285956,1.6360015596790372,2039.7626000123912,PostChange,0,1,1132.7221587942395,1132.7221587942395,0.10321696978579971,0.1187287583525144,115.68942708333334,81.80959837495209,4795.416666666667,233.6437680197756,529.3069466003614,0.9,Sulfide Super Grade
2025-03-14,143.3143577499247,3439.5445859981933,51.25,2.69,2.05,2.37,5.03,4.72,4.875,305.0,315.0,0.0,0.46073801146755106,0.0,6173.067984468293,340.0,668.6093809682926,6.137585698488758,13.857357169185404,80.00505713232585,305.0,315.0,335.0,340.0,330.0,325.0,315.0,330.0,350.0,365.0,340.0,15.97,9.27,8.45,8.41,8.24,7.56,8.28,8.45,8.54,8.01,8.56,13.625,9.5625,11.6875,12.3125,13.375,11.375,10.125,9.25,18.6875,881.5,578.0,453.0,348.0,225.5,132.5,125.5,92.5,78.0,1655.5,1302.0,1080.0,892.5,647.5,323.0,289.0,244.0,220.0,2.354,2.62,1.469,0.964,0.781,0.555,0.276,0.1,0.047,0.032,0.004,3.849,4.264,3.588,3.331,3.112,2.85,2.119,1.629,1.278,1.147,385.89883800410115,348.06561859193437,96.47470950102529,92.61572112098428,88.75673274094326,79.10926179084073,73.32077922077922,63.67330827067669,57.88482570061517,52.096343130553656,50.16684894053315,2602.5809,11.8,11.695,11.71,11.665,11.620000000000001,11.61,11.575,11.559999999999999,11.58,11.555,11.52,1694.3007518796994,1885.755297334245,269.6162235133288,176.9299111414901,143.3425939849624,101.86317498291183,50.656281613123724,18.353725222146277,8.626250854408749,5.873192071086808,0.734149008885851,1388.062987012987,4356.051551606289,1148.9393541940258,0.0,0.0,0.0,15.97,29.655088762397448,2.37,4.875,3439.5445859981933,89.16892892398816,331.8181818181818,310.0,336.6666666666667,9.642500000000002,13.736666666666666,8.277777777777779,11.626363636363637,11.7475,11.599444444444444,12.222222222222221,323.8333333333333,739.2777777777778,2.4028,2.487,2.38175,340.0,731.9241300954402,2025-03,False,True,315.0,0.5125,0.48750000000000004,5078206.634146342,2475625.734146342,779.8221062560978,0.8000505713232583,66.33283035385182,0.8000505713232583,0.9386241430151123,50.0,1.8961198540361222,2751.8096111196746,PostChange,0,1,910.8123807319103,910.8123807319103,0.10831071076011844,0.05102811127182686,117.85277777777779,70.28256036688195,3037.3875000000007,132.91083159986667,384.3073998556589,0.9,Sulfide Super Grade
2025-03-15,130.5051383076507,3132.123319383617,51.375,2.13,1.88,2.005,4.89,4.71,4.8,270.0,310.0,0.0,0.4293691553653354,0.0,4771.164545541606,250.0,561.2011375416058,8.702179434657927,14.408914379352726,76.88890618598936,270.0,310.0,320.0,350.0,320.0,310.0,290.0,280.0,270.0,270.0,250.0,16.68,9.71,8.89,8.51,8.43,7.8,8.44,8.57,8.7,8.37,8.88,14.5,11.5625,10.75,9.9375,9.5,10.1875,13.0,12.0625,15.5625,1033.0,534.5,363.5,249.0,227.5,152.0,124.5,103.0,84.0,1638.75,1193.0,916.0,763.0,592.0,364.25,311.75,279.75,250.25,1.416,1.571,0.816,0.389,0.155,0.024,0.01,0.006,0.003,0.001,0.001,2.595,3.012,2.778,2.358,2.062,1.695,1.551,1.178,0.963,0.778,349.32046807637045,311.3508519811128,91.01316978033259,85.20381851775817,75.52156641346747,71.6486655717512,61.96641346746049,54.22061178402793,52.284161363169794,48.41126052145351,44.538359679737226,2378.5104,11.84,11.74,11.71,11.79,11.56,11.6,11.56,11.67,11.66,11.66,11.6,1017.7409156230756,1129.1461712174096,149.55616505850958,71.29576986245125,28.40834017655513,4.398710737014987,1.8327961404229114,1.0996776842537468,0.5498388421268734,0.18327961404229115,0.18327961404229115,1245.479347156641,2404.394944569905,1805.8321945364112,0.0,0.0,0.0,16.68,32.56576756373468,2.005,4.8,3132.123319383617,88.23764864563269,294.54545454545456,290.0,295.55555555555554,9.971666666666666,14.356666666666667,8.509999999999998,11.67181818181818,11.79,11.645555555555553,11.895833333333334,319.0,700.9722222222222,1.6350000000000002,1.4935,1.670375,250.0,489.3899003490956,2025-03,False,True,310.0,0.51375,0.48624999999999996,4629703.941605839,2251193.541605839,697.8699978978101,0.7688890618598936,69.88329578041787,0.7688890618598936,0.9129782056534208,63.49465742223393,1.5416225690290866,2408.255360670365,PostChange,0,1,815.0944031047176,815.0944031047176,0.11762351354367308,0.06497365518229259,118.62128472222221,65.29436396528803,3091.2166666666662,154.6126951985277,406.528846791147,0.9,Sulfide Super Grade
2025-03-16,148.87327424645233,3266.5277590909086,49.5,2.03,1.89,1.96,4.95,4.32,4.635,390.0,315.0,0.0,0.40231706736820755,0.0,4606.5397022590905,240.0,519.1880912590908,8.32474406991261,18.922496878901374,72.75275905118602,390.0,315.0,315.0,290.0,270.0,285.0,275.0,275.0,265.0,255.0,240.0,,0.0,0.0,0.0,0.0,0.0,0.0,0.0,0.0,0.0,0.0,13.4375,11.6875,12.5,10.6875,11.9375,10.375,11.75,9.25,16.75,927.5,546.5,419.5,235.0,191.0,142.5,110.5,98.5,86.5,1638.75,1193.0,916.0,763.0,592.0,364.25,311.75,279.75,250.25,1.621,1.52,1.186,0.77,0.699,0.48,0.126,0.059,0.027,0.007,0.001,2.41,2.26,2.431,2.058,2.057,1.716,1.619,1.335,1.1,0.744,381.1380145278451,294.84261501210653,89.85508474576271,77.01864406779661,60.51464891041163,58.68087167070218,53.17953995157385,51.34576271186442,47.67820823244553,45.84443099273608,42.1768765133172,2349.0526499999996,11.915,11.885,11.86,11.844999999999999,11.795,11.739999999999998,11.735,11.835,311.78,11.735,11.76,1189.2566585956417,1115.1573849878935,221.8796368038741,144.05338983050848,130.77054479418885,89.7995157384988,23.572372881355932,11.037857142857144,5.051222760290557,1.3095762711864407,0.1870823244552058,1202.274697336562,2932.0752421307516,1155.5452247517405,0.0,0.0,0.0,14.434999999999999,31.225817602844163,1.96,4.635,3266.5277590909086,88.72932559325439,288.6363636363636,352.5,274.44444444444446,14.434999999999999,14.434999999999999,,39.08045454545454,11.899999999999999,45.120555555555555,12.041666666666666,306.3888888888889,700.9722222222222,1.6201,1.5705,1.6324999999999996,240.0,500.1408540711462,2025-03,True,False,390.0,0.495,0.505,4745560.909090908,2396508.259090909,934.6382210454544,0.7275275905118602,72.23249063670413,0.7275275905118602,0.9167525593008738,73.93725110378627,1.425954077403246,2376.489069911515,PostChange,0,1,1091.633664144785,1091.633664144785,0.11270674406745612,0.08466224654673883,173.8214583333333,61.20260250157456,5629.65,198.9785766399151,556.9531094967806,0.9,Sulfide Super Grade
2025-03-17,125.4600413157235,3011.040991577364,51.391304347826086,2.0,2.03,2.0149999999999997,4.1,5.51,4.805,365.0,305.0,1.3113984744588973,0.4548709836541051,3.0,4612.828566598477,265.0,540.8396905984771,8.593382226056946,18.95176876617774,72.4548490077653,365.0,305.0,300.0,305.0,305.0,310.0,305.0,320.0,315.0,295.0,265.0,12.19,9.7,8.72,8.39,8.74,7.93,8.64,8.75,8.82,8.4,8.81,16.0,12.8125,13.375,11.9375,10.125,8.125,10.9375,12.625,15.0,809.5,438.5,324.0,238.0,193.5,168.0,141.0,124.0,88.0,1622.0,1084.0,752.0,633.5,536.5,405.5,334.5,315.5,280.5,1.971,2.043,1.24,0.868,0.601,0.447,0.329,0.066,0.045,0.007,0.003,2.859,3.023,2.699,2.335,2.023,1.759,1.501,1.172,0.889,0.719,425.45922011141266,357.08184545064984,92.99322953863734,83.30643479502928,71.6822811026996,63.93284530781317,58.12076846164833,56.183409512926715,48.43397371804028,46.49661476931867,44.55925582059706,2287.6342,11.62,11.66,11.670000000000002,11.77,11.7,11.685,11.685,11.68,11.73,11.7,11.745000000000001,1416.3835166404801,1468.1235537780321,227.22499642908159,159.0574975003571,110.1308248821597,81.91094629338667,60.28792243965149,12.09423368090273,8.246068418797314,1.2827217540351379,0.5497378945864877,1348.2498785887733,3545.2920197114704,527.0751153101938,3.0,3000.0,1.3113984744588973,12.19,33.875327597770855,2.0149999999999997,4.805,3011.040991577364,88.27531344835356,308.1818181818182,335.0,302.22222222222223,9.273333333333333,11.36,8.577777777777778,11.695,11.64,11.707222222222223,12.32638888888889,280.5,662.6666666666666,1.7111,2.007,1.637125,265.0,498.6076542588097,2025-03,True,False,365.0,0.5139130434782608,0.48608695652173917,4451403.265651439,2163769.065651439,789.7757089627752,0.7245484900776531,72.58658326143227,0.7245484900776531,0.9140661777394306,74.88274011955332,1.4599652075064709,2181.6452040092986,PostChange,0,1,922.4379354647114,922.4379354647114,0.11724686551646445,0.0791271547880551,114.30671296296296,68.25878510950827,3384.766666666667,181.14054024545786,457.7833040355688,0.9,Sulfide Super Grade
2025-03-18,127.78830783204904,3066.919387969177,49.666666666666664,1.746,1.81,1.778,3.27,4.95,4.11,320.0,305.0,0.0,0.4307459407411897,0.0,3942.851287773154,310.0,534.1612785731544,9.327328677433435,17.015517241379307,73.65715408118724,320.0,305.0,335.0,350.0,355.0,345.0,320.0,330.0,350.0,345.0,310.0,15.65,9.63,8.62,8.36,8.45,7.81,8.37,8.68,8.7,8.51,7.05,12.125,11.0,10.75,10.5,11.375,11.375,12.125,14.0,17.0625,668.5,381.0,273.5,274.0,259.5,170.5,157.0,146.5,112.5,1448.5,1050.0,749.75,590.75,530.75,410.0,347.25,308.25,270.5,1.93,1.89,0.986,0.465,0.25,0.118,0.068,0.015,0.006,0.001,0.001,3.55,3.25,2.754,2.141,1.658,1.256,0.986,0.685,0.584,0.447,419.137776181067,419.137776181067,84.76700197592959,79.23871923836896,75.55319741332855,70.02491467576792,68.18215376324771,60.81111011316688,60.81111011316688,49.75454463804563,42.383500987964794,2216.3134,11.715,11.649999999999999,11.665,11.255,11.64,11.635000000000002,11.649999999999999,11.719999999999999,11.74,11.745000000000001,11.745000000000001,1413.4381174779958,1384.1440632297472,184.13510149092875,86.838562062152,46.68739895814623,22.03645230824502,12.698972516615775,2.8012439374887736,1.1204975749955095,0.18674959583258494,0.18674959583258494,1429.8018052811208,3154.2739087479804,254.7191082936938,0.0,0.0,0.0,15.65,33.258128792078026,1.778,4.11,3066.919387969177,86.45241122256888,333.1818181818182,312.5,337.77777777777777,9.623333333333333,13.643333333333333,8.283333333333333,11.65090909090909,11.6825,11.64388888888889,12.256944444444445,271.44444444444446,633.9722222222222,1.4331,1.91,1.313875,310.0,605.4603458068283,2025-03,True,False,320.0,0.49666666666666665,0.5033333333333334,4462375.973154362,2246062.573154363,718.7400234093961,0.7365715408118726,72.29385912265388,0.7365715408118726,0.9067267132256657,73.29802052456805,1.3096241995635094,2259.005539142262,PostChange,0,1,839.4700619500451,839.4700619500451,0.13547588777431124,0.08115954081056143,117.95266203703703,59.13295299231473,3079.4666666666667,179.97649057091917,472.1402365285038,0.9,Sulfide Super Grade
2025-03-19,136.8130861643962,3283.5140679455085,49.958333333333336,1.76,2.07,1.915,3.6,5.47,4.535,310.0,275.0,0.0,0.4074136758775777,0.0,4585.307748734612,270.0,612.654180734612,9.556490384615385,14.83838141025641,75.6051282051282,310.0,275.0,295.0,305.0,290.0,290.0,300.0,280.0,310.0,300.0,270.0,15.94,10.18,8.46,8.38,8.67,7.83,8.45,8.74,8.83,8.18,8.75,11.375,11.0625,12.125,11.875,9.625,10.1875,9.8125,11.5,15.5625,726.5,518.0,334.5,192.5,189.5,185.5,162.5,134.0,123.5,1275.0,1016.0,747.5,548.0,525.0,414.5,360.0,301.0,260.5,1.86,1.98,1.142,0.752,0.365,0.124,0.088,0.042,0.009,0.002,0.001,2.898,2.89,2.586,2.142,1.658,1.356,1.157,0.785,0.659,0.421,371.7097057432966,378.99813134610633,85.49323232095821,79.91758673480876,76.2004896773758,68.76629556250987,65.0491985050769,61.332101447643936,57.61500439021097,53.897907332778,42.74661616047911,2393.1647999999996,11.780000000000001,11.594999999999999,11.55,11.665,11.52,11.504999999999999,11.545,11.504999999999999,11.555,11.54,11.52,1357.908458473107,1445.5154557939527,212.6002807483621,139.9959817187113,67.95017729698088,23.084443794042823,16.38250849899813,7.818924510885473,1.6754838237611724,0.3723297386135939,0.18616486930679696,1341.7262692212446,3273.4902092667216,699.4823954948407,0.0,0.0,0.0,15.94,31.064279881042598,1.915,4.535,3283.5140679455085,86.63875547058572,293.1818181818182,292.5,293.3333333333333,9.862499999999999,14.019999999999998,8.476666666666667,11.57090909090909,11.6875,11.544999999999998,11.458333333333334,285.1666666666667,605.2777777777778,1.4604000000000001,1.92,1.3455,270.0,562.8107116045977,2025-03,True,False,310.0,0.4995833333333334,0.5004166666666666,4790321.534612175,2397156.7346121757,743.1185877297745,0.7560512820512819,71.21960136217949,0.7560512820512819,0.9044350961538461,68.51141843473759,1.4478382051282048,2482.5050207036215,PostChange,0,1,867.9436048636616,867.9436048636616,0.13361244529414273,0.06760723968539503,113.0078125,59.488095972196575,3057.3749999999995,161.8790502399465,453.23189166827405,0.9,Sulfide Super Grade
2025-03-20,131.194893421455,3131.1847896587255,50.916666666666664,1.74,2.01,1.875,4.22,4.77,4.494999999999999,305.0,295.0,1.2784590307149784,0.451343908080383,3.0,4402.090207937807,265.0,600.6387079378069,8.754093519278097,18.099228876127974,73.14667760459393,305.0,295.0,275.0,285.0,275.0,275.0,290.0,285.0,280.0,280.0,265.0,16.45,10.35,8.95,8.9,8.86,8.19,8.64,8.84,9.0,8.53,8.78,12.4375,11.1875,9.5,11.1875,10.75,10.8125,11.0,14.625,20.375,777.5,536.5,343.5,272.5,246.0,175.0,159.0,115.5,99.0,1254.0,965.5,660.25,563.5,482.5,336.75,302.5,252.5,213.75,1.782,1.852,0.986,0.652,0.475,0.235,0.162,0.071,0.022,0.005,0.001,2.778,2.89,2.536,2.085,1.765,1.352,1.112,0.856,0.756,0.568,397.1930223050016,419.6756462090583,89.81808249670648,82.17399036932721,74.52989824194793,68.79682914641347,64.97478308272385,61.152737019034205,59.241713987189385,51.59762185981011,45.86455276427565,2346.575,11.68,11.565,11.545,11.615,11.54,11.495000000000001,11.495000000000001,11.47,11.485,11.455,11.395,1287.3822741107526,1337.9528460455185,181.64227002225957,120.11233271248807,87.50515036569298,43.292021759869165,29.843861808931084,13.079717212556215,4.052870122200518,0.9211068459546631,0.18422136919093263,1415.018877481488,3105.9686723754144,695.7903128168142,3.0,3000.0,1.2784590307149784,16.45,32.57552870621768,1.875,4.494999999999999,3131.1847896587255,86.355602008002,282.72727272727275,300.0,278.8888888888889,10.161666666666667,14.416666666666666,8.743333333333332,11.521818181818182,11.622499999999999,11.499444444444443,12.430555555555555,302.72222222222223,559.0277777777778,1.4664,1.8170000000000002,1.3787500000000001,265.0,521.2625900163666,2025-03,True,False,305.0,0.5091666666666667,0.49083333333333334,4608657.9378068745,2262082.9378068745,689.9352960310966,0.7314667760459392,72.2546349466776,0.7314667760459392,0.9124590648072191,73.66579552335682,1.371500205086136,2290.35764329575,PostChange,0,1,805.8268731903427,805.8268731903427,0.13644397991998006,0.06928526804153784,126.31516203703704,61.07911632415815,3099.3083333333334,162.66579911573805,429.77204025063475,0.9,Sulfide Super Grade
2025-03-21,147.16705964478336,2090.9986391196308,52.166666666666664,0.0,2.19,2.19,0.0,5.23,5.23,210.0,220.0,0.0,0.4361186106551976,0.0,3558.7607088613413,240.0,391.3273488613418,4.61631673665267,8.067966406718657,70.05,210.0,220.0,250.0,230.0,240.0,260.0,270.0,250.0,250.0,260.0,240.0,,0.0,0.0,0.0,0.0,0.0,0.0,0.0,0.0,0.0,0.0,8.5,8.75,9.0,11.125,10.75,10.625,12.0,16.25,12.75,521.0,437.0,279.0,304.0,128.0,113.0,110.0,90.0,77.0,1233.0,915.0,573.0,579.0,440.0,259.0,245.0,204.0,167.0,1.89,1.92,1.235,0.756,0.523,0.369,0.196,0.083,0.02,0.005,0.001,3.285,3.55,3.265,2.154,1.986,1.652,1.265,0.875,0.777,0.524,497.1633422189539,419.4815699972424,99.04425958268222,93.10160400772128,85.1780632411067,79.23540766614578,71.3118668995312,65.36921132457026,57.44567055795568,53.4839001746484,49.52212979134111,1624.3247999999999,11.91,11.72,11.63,11.55,11.49,11.44,11.43,11.39,11.37,11.36,11.39,1346.2275944480193,1367.5962864233845,224.31784401139814,137.31521463369796,94.99452017648682,67.02290238073353,35.60024083095873,15.075612188620278,3.632677635812115,0.9081694089530288,0.18163388179060577,1570.337025461899,3292.872696019855,-125.27618275678435,0.0,0.0,0.0,15.93,48.780519552583186,2.19,5.23,2090.9986391196308,89.00383080303956,243.63636363636363,215.0,250.0,15.93,15.93,,11.516363636363637,11.815000000000001,11.45,11.083333333333334,228.77777777777777,512.7777777777778,1.6307999999999996,1.9049999999999998,1.5622500000000001,240.0,310.83064932351726,2025-03,False,True,220.0,0.5216666666666666,0.4783333333333334,3113721.661341853,1489396.8613418532,327.6673094952077,0.8466864924496831,63.06940063320212,0.8466864924496831,0.9442030974190834,50.0,1.854243418464806,1770.420303473261,PostChange,0,1,382.70708133957334,382.70708133957334,0.1099616919696044,0.0618192730554202,176.5575,106.82933782015718,3504.6,100.45616230062876,174.75129398476415,0.9,Sulfide Super Grade
2025-03-22,145.80982427688147,3499.4357826451555,50.791666666666664,2.22,2.01,2.115,5.57,5.09,5.33,280.0,305.0,0.0,0.4136698355430749,0.0,5529.205555671535,260.0,629.671930671534,6.127289512555392,18.863282865583457,75.00942762186115,280.0,305.0,295.0,285.0,290.0,300.0,290.0,285.0,275.0,285.0,260.0,15.41,10.96,8.44,8.35,8.47,7.98,8.3,8.51,8.58,8.23,7.07,10.5625,10.375,9.375,9.625,8.25,8.6875,13.4375,17.4375,22.5,609.5,516.0,414.5,351.5,293.5,180.5,142.5,105.0,91.0,1205.0,877.0,640.25,570.25,412.25,279.75,224.5,190.25,166.25,1.742,1.788,0.932,0.659,0.425,0.231,0.101,0.044,0.018,0.002,0.001,2.885,2.895,2.562,1.865,1.623,1.325,0.985,0.751,0.568,0.452,388.29230664518917,358.4236676724823,85.68565805295279,81.87740658393265,78.06915511491253,72.35677791138235,70.45265217687229,62.83614923883204,66.64440070785216,59.027897769811915,49.507269097261606,2613.0846,11.69,11.7,11.475000000000001,11.6,11.55,11.43,11.440000000000001,11.5,11.469999999999999,11.405000000000001,11.32,1260.2299158291173,1293.5080881185202,171.93240057172676,121.57022744288405,78.40265047530458,42.61414649363614,18.632159289425324,8.116980284502121,3.3205828436599587,0.36895364929555097,0.18447682464777548,1373.1733409714818,2998.88058182272,1900.9401884288748,0.0,0.0,0.0,15.41,29.147555873392875,2.115,5.33,3499.4357826451555,88.61189144929413,286.3636363636364,292.5,285.0,9.6425,13.926666666666668,8.214444444444446,11.507272727272728,11.695,11.465555555555556,12.25,300.44444444444446,507.27777777777777,1.3660999999999999,1.7650000000000001,1.2663749999999998,260.0,572.3677692163927,2025-03,False,True,305.0,0.5079166666666667,0.4920833333333333,5144711.271534044,2531626.671534044,772.1461348178835,0.7500942762186115,69.4486636816839,0.7500942762186115,0.9387271048744461,66.53533883027157,1.5864493942023634,2624.906750556728,PostChange,0,1,901.8470413756879,901.8470413756879,0.1138810855070587,0.05516163161761076,118.120625,61.64708067222594,2940.9625,144.20735599358866,426.4032044177984,0.9,Sulfide Super Grade
2025-03-23,162.00405609911806,3267.0817979988806,49.625,2.08,1.99,2.035,5.2,5.49,5.345000000000001,280.0,240.0,0.0,0.3953074888996175,0.0,4801.087027492444,240.0,556.5425774924432,6.694159509202453,16.78067893660532,76.52516155419224,280.0,240.0,290.0,285.0,285.0,240.0,295.0,270.0,275.0,250.0,240.0,,0.0,0.0,0.0,0.0,0.0,0.0,0.0,0.0,0.0,0.0,13.5,10.125,8.1875,11.625,10.9375,10.6875,10.5625,12.375,18.3125,532.0,361.0,276.5,222.0,164.5,115.5,85.5,78.0,68.0,1205.0,877.0,640.25,570.25,412.25,279.75,224.5,190.25,166.25,1.754,1.871,1.141,0.756,0.452,0.268,0.162,0.042,0.009,0.003,0.001,2.985,2.798,3.211,2.253,2.098,1.685,1.352,0.958,0.752,0.526,404.19096357147674,433.06174668372506,93.86613359369738,86.50408390007406,79.14203420645075,71.77998451282741,68.09895966601576,64.41793481920409,62.577422395798266,51.53434785536328,44.172298161739945,2358.08025,11.625,11.605,11.45,11.48,11.585,11.41,11.405000000000001,11.585,11.535,11.52,11.489999999999998,1285.1170964918188,1370.840414786883,213.17630832940543,141.24565214463672,84.44845868965052,50.07121001952731,30.266925459565012,7.84698067470204,1.6814958588647226,0.5604986196215743,0.18683287320719144,1459.3459093663728,3185.441873947882,1059.3788627558788,0.0,0.0,0.0,12.280000000000001,31.220522260102577,2.035,5.345000000000001,3267.0817979988806,88.40798814298687,268.1818181818182,260.0,270.0,12.280000000000001,12.280000000000001,,11.517272727272726,11.615,11.495555555555555,11.8125,211.44444444444446,507.27777777777777,1.6460000000000001,1.8125,1.604375,240.0,499.5586940751287,2025-03,True,False,280.0,0.49625,0.5037499999999999,4751798.992443325,2393718.7424433245,670.2412478841309,0.7652516155419223,68.85562372188139,0.7652516155419223,0.9330584049079755,62.94211060729108,1.557287037627812,2500.1396240262516,PostChange,0,1,782.8247259889706,782.8247259889706,0.11592011857013128,0.05832012592078361,145.0575,63.53376279930875,3438.4000000000005,137.5914614670198,384.6785647190778,0.9,Sulfide Super Grade
2025-03-24,144.1449413840789,3459.4785932178934,51.333333333333336,2.04,2.03,2.035,5.1,5.35,5.225,285.0,280.0,0.0,0.3767008287948306,0.0,5342.232609537663,250.0,632.2364360376623,6.956253201609953,14.249527991218441,78.7942188071716,285.0,280.0,280.0,270.0,275.0,260.0,260.0,260.0,240.0,255.0,250.0,9.15,7.98,8.42,8.33,8.37,7.77,6.38,8.22,8.56,8.02,5.87,13.625,10.6875,11.25,11.277777777777779,10.6875,8.5625,12.5625,14.1875,17.25,500.0,336.0,292.0,229.5,167.5,107.0,87.0,82.0,76.5,1177.0,839.0,707.5,561.5,384.5,300.5,204.0,176.5,165.5,1.821,1.882,0.865,0.562,0.368,0.235,0.122,0.032,0.009,0.001,0.001,3.265,3.251,2.351,1.856,1.652,1.352,0.986,0.881,0.485,0.532,470.2590295512586,439.9197373221451,100.57475373951111,90.90410434148119,83.16758482305727,79.29932506384529,71.56280554542137,65.76041590660343,61.892156147391454,52.22150674936154,44.484987230937605,2623.9533,11.545,11.52,11.535,11.57,11.475000000000001,11.33,11.469999999999999,11.465,11.465,11.485,11.504999999999999,1309.4458226924478,1353.3097409704485,158.61120941262308,103.05144472820137,67.47852608537029,43.090906603429396,22.370598321780367,5.8676979204669815,1.6502900401313385,0.18336556001459317,0.18336556001459317,1560.046406421014,3065.242967894928,1645.0464520700148,0.0,0.0,0.0,9.15,29.484211927186095,2.035,5.225,3459.4785932178934,88.16531434986732,265.0,282.5,261.1111111111111,8.018333333333333,8.76,7.771111111111111,11.487727272727271,11.532499999999999,11.477777777777776,12.232253086419753,208.61111111111111,501.77777777777777,1.3798,1.8515,1.261875,250.0,540.7921821005082,2025-03,True,False,285.0,0.5133333333333333,0.4866666666666667,5111597.337662338,2487644.037662338,708.9785507337663,0.787942188071716,67.60127149652396,0.787942188071716,0.9304374679839005,55.28868918312369,1.6034623527259422,2725.869132327369,PostChange,0,1,828.0689102055469,828.0689102055469,0.11834685650132679,0.05334848196074057,98.08228266460904,60.00037127182371,2285.225,140.04845185035944,406.9114698235128,0.9,Sulfide Super Grade
2025-03-25,146.81087767489714,3523.4610641975314,50.625,2.126,2.22,2.173,5.316,5.44,5.378,375.0,330.0,1.145758946525062,0.41120176557565025,3.0,5692.232162538272,285.0,617.8663741382716,6.9250694952450615,15.358822238478421,77.71610826627652,375.0,330.0,345.0,315.0,320.0,270.0,270.0,285.0,275.0,275.0,285.0,19.83,10.56,9.05,8.72,8.74,6.71,8.2,8.65,8.72,8.52,8.63,12.6875,11.375,14.25,11.0625,9.5,8.8125,10.75,12.0,12.6875,599.5,472.5,331.5,239.5,191.0,171.5,137.5,104.5,60.0,1394.5,1005.5,835.75,655.75,450.5,368.25,261.0,214.25,197.25,1.8548,1.786,1.236,0.886,0.652,0.425,0.237,0.088,0.014,0.005,0.001,3.521,3.771,3.265,2.325,1.754,1.325,0.926,0.754,0.652,0.452,490.45871559633025,505.3211009174312,106.11743119266056,100.43256880733946,92.85275229357798,83.37798165137615,79.58807339449541,70.11330275229358,62.53348623853211,58.74357798165138,49.268807339449545,2618.3518000000004,11.46,11.285,11.309999999999999,11.455,11.255,11.245000000000001,11.235,11.41,11.425,11.435,11.395,1344.3045871559634,1294.4403669724772,228.4332110091743,163.74743119266054,120.50036697247707,78.54701834862385,43.80151376146789,16.263853211009174,2.5874311926605507,0.9240825688073394,0.1848165137614679,1698.807798165138,3293.734678899082,1780.907156687429,3.0,3000.0,1.145758946525062,19.83,28.948808612202022,2.173,5.378,3523.4610641975314,89.14544669831679,304.09090909090907,352.5,293.3333333333333,10.513333333333334,16.74,8.437777777777777,11.355454545454545,11.3725,11.351666666666667,11.458333333333334,256.3888888888889,598.0833333333334,1.50938,1.8204,1.4316249999999997,285.0,632.8737603542676,2025-03,True,False,375.0,0.50625,0.49375,5172052.938271605,2553701.138271605,957.637926851852,0.7771610826627652,68.25560076810534,0.7771610826627652,0.9307493050475495,59.29389188450294,1.6887710326261887,2738.296815371852,PostChange,0,1,1118.4967353934715,1118.4967353934715,0.10854553301683209,0.06587925251326723,120.46527777777779,62.905761114315,3942.5,172.57168627848006,514.7223139302034,0.9,Sulfide Super Grade
2025-03-26,140.62065768356078,3374.8957844054585,50.666666666666664,2.36,2.21,2.285,5.9,5.55,5.725,245.0,260.0,0.0,0.39424086796490015,0.0,5740.0369447473695,265.0,630.1902027473685,4.337928408225438,17.688960396039608,77.97311119573496,245.0,260.0,260.0,270.0,250.0,260.0,240.0,250.0,260.0,265.0,265.0,11.49,7.8,8.09,7.98,8.23,7.56,8.29,8.49,8.4,8.48,8.15,12.5625,12.125,10.8125,10.6875,11.0,11.625,8.3125,5.625,13.25,706.5,489.0,389.0,325.0,224.0,184.0,139.5,130.0,106.0,1612.0,1172.0,964.0,750.0,516.5,436.0,318.0,252.0,229.0,1.758,1.881,0.998,0.568,0.456,0.253,0.127,0.066,0.008,0.002,0.001,2.865,2.781,2.325,1.154,0.896,0.758,0.623,0.523,0.441,0.386,498.49166062364037,513.372008701958,96.75946337926032,89.17048585931833,83.47875271936185,77.78701957940535,73.99253081943436,66.40355329949237,64.50630891950689,55.0200870195794,45.533865119651914,2510.9812,11.274999999999999,11.195,11.25,11.355,11.135,11.11,11.085,11.27,11.315000000000001,11.280000000000001,11.29,1273.5620014503265,1362.6678752719365,184.36222625090647,104.92759970993474,84.23765047135608,46.7371174764322,23.460924583031186,12.19229151559101,1.4778535170413345,0.3694633792603336,0.1847316896301668,1664.5157360406092,3094.179735315446,2015.9343875783343,0.0,0.0,0.0,11.49,30.223155473812334,2.285,5.725,3374.8957844054585,89.02114727111561,256.8181818181818,252.5,257.77777777777777,8.704166666666667,10.26,8.185555555555558,11.232727272727272,11.235,11.232222222222223,10.666666666666666,299.22222222222223,694.3888888888889,1.0745,1.8195000000000001,0.88825,265.0,563.3906330892451,2025-03,False,True,260.0,0.5066666666666666,0.4933333333333334,4955883.9473684225,2444902.7473684223,635.6747143157899,0.7797311119573496,66.47801075780654,0.7797311119573496,0.9566207159177457,57.161559946447056,1.781685590822544,2631.5112427146396,PostChange,0,1,742.4518941848273,742.4518941848273,0.10978852728884386,0.0452958757065009,92.84444444444445,69.05991025766119,2263.0833333333335,113.78506002161915,324.9228205499439,0.9,Sulfide Super Grade
2025-03-27,111.2701677519165,2670.484026045996,50.125,2.18,1.92,2.05,5.45,5.02,5.234999999999999,430.0,390.0,0.0,0.38196890722643456,0.0,4011.4385951371564,245.0,486.9968951371571,6.760392156862745,20.17843137254902,73.06117647058825,430.0,390.0,360.0,345.0,310.0,310.0,330.0,295.0,250.0,255.0,245.0,20.13,10.78,9.28,9.14,8.91,8.15,8.5,8.76,8.78,8.64,8.06,13.5,11.25,11.3125,11.4375,10.0625,8.75,8.9375,11.125,16.625,698.5,582.5,438.5,338.0,248.5,185.5,163.5,146.5,123.5,1614.0,1241.0,930.25,735.75,553.0,422.25,348.0,303.5,259.75,1.862,1.875,1.125,0.862,0.568,0.368,0.168,0.062,0.008,0.002,0.001,2.869,2.883,3.251,2.124,1.685,1.235,0.896,0.754,0.568,0.55,483.38091050531017,432.1132381789893,97.1156192924305,91.51279510248258,87.77757897585063,80.30714672258675,72.83671446932287,61.63106608942705,54.16063383616316,46.69020158289928,42.95498545626734,1955.85,12.07,11.615,11.635,11.875,11.51,11.445,11.425,11.535,11.725000000000001,11.75,11.765,1356.918487451803,1366.3921396198336,209.05799736183457,160.18488331191236,105.55106000135291,68.38519380369344,31.219327606033964,11.521418521274438,1.4866346479063792,0.3716586619765948,0.1858293309882974,1550.4808902117302,3311.2746303186095,213.40238551155073,0.0,0.0,0.0,20.13,38.19532302203075,2.05,5.234999999999999,2670.484026045996,87.85979434591081,320.0,410.0,300.0,10.771666666666667,17.013333333333332,8.69111111111111,11.66818181818182,11.842500000000001,11.629444444444445,11.444444444444445,325.0,711.9444444444445,1.48,1.8685,1.382875,245.0,414.60287704651415,2025-03,True,False,430.0,0.50125,0.49875,3901945.1371571072,1946095.1371571072,836.8209089775561,0.7306117647058824,71.06200980392157,0.7306117647058824,0.9323960784313725,71.49208045865319,1.4977541176470588,1951.0870468883347,PostChange,0,1,977.3855322098074,977.3855322098074,0.12140205654089191,0.10719346434001634,123.27574074074074,78.30041219516303,4631.816666666667,209.7550743654909,476.771104633542,0.9,Sulfide Super Grade
2025-03-28,129.058366469412,2242.3891174060336,50.5625,1.98,1.69,1.835,5.18,4.29,4.734999999999999,310.0,400.0,3.607190212250078,0.4651474053639328,6.0,3053.8634930988874,350.0,350.9286805988875,8.652881844380403,18.047481268011527,73.29963688760806,310.0,400.0,380.0,390.0,400.0,400.0,410.0,400.0,400.0,400.0,350.0,19.71,11.27,9.54,9.32,9.16,8.35,8.72,8.87,8.8,8.86,8.6,11.3125,11.375,12.0625,12.375,13.125,10.125,9.9375,5.0625,16.0625,768.0,516.0,385.0,331.0,273.5,179.5,168.0,139.0,116.0,1616.0,1310.0,896.5,721.5,589.5,408.5,378.0,355.0,290.5,1.223,1.288,0.852,0.568,0.368,0.214,0.099,0.024,0.005,0.001,0.001,2.751,2.812,2.141,1.752,1.652,1.356,0.865,0.562,0.658,0.452,437.6462797568513,422.81081264644956,88.90153665908242,81.33544843277754,75.66088226304888,68.09479403674398,64.31174992359155,62.42022786701532,54.85413964071043,51.07109552755799,39.72196318810065,1663.3445,11.64,11.6,11.55,11.49,11.53,11.5,11.47,11.47,11.4,11.38,11.35,887.0041430366423,934.1466363296772,157.57197065915037,105.04798043943357,68.05925493259076,39.5779362923218,18.309419125887192,4.438647060821137,0.9247181376710703,0.18494362753421406,0.18494362753421406,1446.8289299419298,2215.4505932692637,487.6702402626952,6.0,6000.0,3.607190212250078,19.71,45.48719899157925,1.835,4.734999999999999,2242.3891174060336,88.5086978710111,385.45454545454544,355.0,392.22222222222223,10.909166666666666,16.896666666666665,8.913333333333334,11.489090909090908,11.620000000000001,11.459999999999999,11.270833333333334,319.55555555555554,729.5,1.1949,1.2555,1.1797499999999999,350.0,494.97170400924387,2025-03,False,True,400.0,0.505625,0.494375,3289680.0988875157,1626335.5988875157,650.5342395550063,0.7329963688760807,72.0957780979827,0.7329963688760807,0.913471181556196,73.20394122069291,1.345048336887608,1643.663080665862,PostChange,0,1,759.8074416245557,759.8074416245557,0.11491302128988909,0.13098162406535818,122.95539930555555,83.46901014954791,4363.666666666666,217.98246331082663,414.06174441804444,0.9,Sulfide Super Grade
2025-03-29,142.40549186791776,3411.798242668863,50.583333333333336,1.766,1.65,1.708,4.417,4.13,4.2735,390.0,450.0,0.0,0.4475741818381814,0.0,4327.661264042669,360.0,554.5177250426689,6.504129692832764,19.270716723549487,74.22515358361775,390.0,450.0,400.0,390.0,375.0,385.0,375.0,390.0,405.0,370.0,360.0,20.95,12.29,10.18,8.6,9.08,8.58,9.96,9.23,9.13,9.13,8.77,14.75,10.6875,10.5625,11.0625,10.75,8.5625,6.6875,9.125,16.25,885.5,585.5,510.0,449.0,365.5,245.5,193.0,137.0,131.5,1620.0,1345.5,949.75,707.0,530.0,391.25,343.5,312.25,243.25,1.356,1.385,0.896,0.685,0.475,0.256,0.101,0.044,0.005,0.001,0.001,2.895,2.886,2.653,1.784,1.235,0.895,0.741,0.562,0.458,0.551,816.4440016303612,831.2884380236405,88.95528508672616,81.38462252615373,73.81395996558129,66.24329740500885,60.565300484579524,54.88730356415019,51.10197228386397,47.31664100357775,41.63864408314842,2532.3111000000004,11.785,11.415,11.445,11.6,11.445,11.445,11.445,6.625,11.665,11.629999999999999,11.595,983.2397083465426,1004.267696209411,165.67154023821385,126.65737172229521,87.82810447896382,47.334725782346815,18.675028531316517,8.135655993840858,0.9245063629364613,0.18490127258729225,0.18490127258729225,2213.6394660567917,2443.1041402110413,1330.3549743427425,0.0,0.0,0.0,20.95,29.89625785146398,1.708,4.2735,3411.798242668863,87.186665239953,390.0,420.0,383.3333333333333,11.404166666666667,18.063333333333333,9.184444444444445,11.099545454545455,11.6,10.988333333333333,10.9375,389.1666666666667,715.8333333333334,1.1620000000000001,1.3705,1.109875,360.0,774.4399020528617,2025-03,False,True,450.0,0.5058333333333334,0.49416666666666664,5006216.342668864,2473905.2426688634,1113.2573592009885,0.7422515358361775,70.17436006825939,0.7422515358361775,0.9349587030716724,68.72934495388147,1.2677656232081913,2532.412485584135,PostChange,0,1,1300.2562732790484,1300.2562732790484,0.12813334760047004,0.10398226028892893,124.73307291666667,51.06280841030048,5131.875,263.46449962236755,761.2697076006864,0.9,Sulfide Super Grade
2025-03-30,148.43599704360173,3562.4639290464415,50.541666666666664,1.706,2.06,1.883,4.267,5.48,4.8735,345.0,375.0,0.0,0.4306079658777637,0.0,4975.481511995714,360.0,596.796691595713,7.014516246805404,17.250664476086165,75.73481927710844,345.0,375.0,330.0,350.0,350.0,320.0,335.0,315.0,335.0,325.0,360.0,19.82,9.27,8.51,8.41,8.43,8.04,8.43,8.58,8.55,8.42,8.35,13.375,11.5625,10.9375,10.125,7.9375,6.375,5.375,7.375,13.3125,756.0,540.5,435.5,352.0,282.5,235.5,181.0,138.5,93.0,1620.0,1345.5,949.75,707.0,530.0,391.25,343.5,312.25,243.25,1.568,1.551,0.965,0.751,0.562,0.368,0.201,0.088,0.009,0.001,0.001,2.986,2.895,2.862,1.895,1.652,1.354,0.895,0.754,0.568,0.529,770.9780665021842,585.6468005160823,98.2997034790285,88.84780891373728,81.28629326150433,73.72477760927137,68.05364087009664,68.05364087009664,58.601746304805445,51.04023065257249,45.36909391339776,2640.9438,11.905000000000001,11.285,11.175,11.545,11.344999999999999,11.280000000000001,11.3,11.469999999999999,11.530000000000001,11.489999999999998,11.515,1137.4823332352478,1125.1499354897123,178.51145736662215,138.92446060345415,103.96211299486183,68.07483555535435,37.18217920278866,16.278765024106477,1.6648736956472532,0.18498596618302815,0.18498596618302815,1989.901802892777,2807.600925100161,1571.3925377359433,0.0,0.0,0.0,19.82,28.631868850192724,1.883,4.8735,3562.4639290464415,88.00524752917165,340.0,360.0,335.55555555555554,10.385833333333332,16.30333333333333,8.413333333333334,11.44,11.595,11.405555555555555,9.597222222222221,334.94444444444446,715.8333333333334,1.3627999999999998,1.5594999999999999,1.3136249999999998,360.0,809.009716918886,2025-03,False,True,375.0,0.5054166666666666,0.4945833333333334,5225280.395713108,2584336.595713108,969.1262233924155,0.7573481927710843,69.5498106060606,0.7573481927710843,0.929854837531946,65.45295809041227,1.4260866469879518,2698.025618475499,PostChange,0,1,1131.9147734802611,1131.9147734802611,0.11994752470828338,0.07536958967607214,99.67515046296295,53.9138090449129,3894.6874999999995,199.1492344703427,601.119894998041,0.9,Sulfide Super Grade
2025-03-31,140.94167672683633,3329.7471126715086,51.625,2.21,3.43,2.8200000000000003,5.536,8.29,6.912999999999999,320.0,335.0,0.0,0.41542182430199637,0.0,7184.403654446005,370.0,621.2624302460048,7.809738339021615,17.05934395145999,75.13091770951839,320.0,335.0,345.0,385.0,360.0,395.0,365.0,380.0,355.0,385.0,370.0,19.2,9.21,8.42,8.27,8.4,8.0,8.37,8.65,8.37,8.13,7.11,13.125,12.3125,12.625,12.0625,9.75,8.0625,7.375,3.6875,12.125,726.0,549.0,394.0,272.5,188.5,146.0,124.0,106.5,74.5,1624.0,1381.0,1003.0,692.5,470.5,374.0,309.0,269.5,196.0,1.984,2.042,1.465,1.12,0.785,0.562,0.358,0.106,0.021,0.002,0.001,3.225,3.142,3.521,2.214,1.685,1.365,1.185,0.785,0.659,0.601,566.0017833870637,650.1371836202758,111.17345839906716,101.42140064476303,95.57016599218053,89.71893133959806,81.91728513615475,72.16522738185061,64.3635811784073,54.61152342410317,46.80987722065986,2546.8145999999997,11.51,11.155000000000001,11.225000000000001,11.45,11.215,11.219999999999999,11.195,11.385,11.524999999999999,11.49,11.395,1421.9641950751081,1463.5337128746828,267.74711399958846,204.69403937169906,143.46859009534262,102.71254475615613,65.42898758488236,19.372828726250088,3.8380132382193572,0.3655250703066054,0.1827625351533027,1933.890417724124,3693.3083133273894,2870.038486262958,0.0,0.0,0.0,19.2,30.632956962958005,2.8200000000000003,6.912999999999999,3329.7471126715086,91.3526235422262,363.1818181818182,327.5,371.1111111111111,10.110833333333334,15.87,8.191111111111109,11.342272727272727,11.3325,11.344444444444443,10.125,286.77777777777777,702.1666666666666,1.6041,2.013,1.501875,370.0,767.824786975471,2025-03,False,True,335.0,0.51625,0.48375,4933297.046004842,2386482.4460048424,799.4716194116222,0.7513091770951839,70.4242628934395,0.7513091770951839,0.9219026166097838,67.83876589984908,2.1186918794084186,2501.6695631562957,PostChange,0,1,933.7625121962891,933.7625121962891,0.08647376457773806,0.04662878314092057,102.37218750000001,86.38493863554159,3387.1291666666666,118.79390498615251,331.12028404023,0.9,Sulfide Super Grade
2025-04-01,122.19556056390282,2932.6934535336677,49.916666666666664,3.35,3.02,3.185,8.386,7.15,7.768,310.0,305.0,1.5949433970748594,1.5949433970748594,3.405,6801.7093201202015,280.0,572.1456960000002,7.799342281879194,12.672120805369127,79.52853691275169,310.0,305.0,295.0,275.0,275.0,280.0,300.0,285.0,285.0,280.0,280.0,19.07,11.66,8.18,8.09,8.65,8.05,8.28,8.52,8.54,8.58,8.32,13.0,9.375,10.6875,13.3125,10.0,7.75,8.1875,6.125,14.0,837.5,721.0,465.0,321.5,232.5,195.5,163.5,136.5,99.0,1753.5,1475.5,1117.5,812.5,521.25,431.5,354.25,269.75,211.5,2.352,2.329,1.653,1.214,0.869,0.652,0.421,0.253,0.088,0.009,0.001,3.895,3.886,3.521,2.471,2.142,1.784,1.658,1.452,1.225,0.895,611.4830985281542,560.526173650808,113.23356663815997,102.09583877211146,92.81439888373768,90.95811090606293,90.95811090606293,87.24553495071342,77.96409506233965,68.68265517396588,57.54492730791736,2134.8720000000003,11.455,11.21,11.129999999999999,11.355,11.11,11.0,10.985,11.309999999999999,11.33,11.265,11.335,1717.8693793041364,1701.070486564343,307.86892492235677,226.10579241121664,161.85002768150517,121.43408290948373,78.41065782958995,47.12089413512176,16.389876220911916,1.6762373407750821,0.1862485934194536,1953.5065107800335,8745.830625,1847.6191966993852,3.405,3405.0,1.5949433970748594,19.07,34.78031427972737,3.185,7.768,2932.6934535336677,91.58820718333948,288.1818181818182,307.5,283.8888888888889,10.417500000000002,16.599999999999998,8.356666666666664,11.225909090909092,11.3325,11.202222222222222,10.270833333333334,352.44444444444446,771.9166666666666,1.9829,2.3405,1.8935,280.0,521.530464048777,2025-04,True,False,310.0,0.49916666666666665,0.5008333333333334,4276872.120200335,2142000.1202003346,664.0200372621036,0.7952853691275168,67.66925335570468,0.7952853691275168,0.922006577181208,52.3252968785253,2.532983900671141,2332.3281957313748,PostChange,0,1,775.5585102556321,775.5585102556321,0.0841179281666052,0.04557677863165749,106.99640625000004,110.77530098093168,3229.4250000000006,97.33093459675166,243.50269237950025,0.9,Sulfide Super Grade
2025-04-02,122.62360516400187,2539.330490271205,51.89473684210526,3.046,2.65,2.848,7.617,7.84,7.7285,270.0,330.0,0.0,0.8320715821040829,0.0,5576.273147675456,280.0,518.69086,7.365777559055117,12.629286417322835,80.00493602362205,270.0,330.0,290.0,370.0,350.0,330.0,340.0,330.0,310.0,370.0,280.0,21.09,7.29,8.14,8.14,8.28,7.8,8.41,8.52,8.45,8.34,7.88,12.0625,11.4375,10.875,11.25,10.9375,8.0,8.125,8.625,16.875,917.5,731.0,533.5,410.5,263.0,215.5,177.5,122.5,102.5,1883.0,1570.0,1232.0,932.5,572.0,489.0,399.5,270.0,227.0,1.754,1.871,1.325,0.986,0.752,0.536,0.161,0.044,0.009,0.001,0.001,3.256,3.544,3.251,2.542,1.856,1.654,1.325,0.869,0.752,0.568,701.430887717876,570.3943482540969,115.96733742544441,114.00178933348772,96.31185650587756,88.44966413805082,76.65637558631072,66.82863512652729,60.931990850657236,57.00089466674386,53.0697984828305,1957.324,10.54,11.09,11.59,11.56,11.7,11.46,11.38,11.28,11.47,11.43,11.4,1253.263420001158,1336.8619491574498,241.41754733916267,179.65109560484103,137.01584573513233,97.6602304707858,29.334509525739765,8.0168845908854,1.6398173026811047,0.18220192252012277,0.18220192252012277,2001.0435780879031,9862.65890625,1770.7109589353754,0.0,0.0,0.0,21.09,40.16806807573371,2.848,7.7285,2539.330490271205,90.69825228672266,324.54545454545456,300.0,330.0,10.285833333333334,16.49,8.217777777777776,11.354545454545455,10.815,11.474444444444446,10.909722222222221,385.94444444444446,841.6666666666666,1.6442,1.8125,1.6021249999999998,280.0,441.7659035893819,2025-04,False,True,330.0,0.5189473684210526,0.4810526315789474,3771719.67545639,1814395.6754563898,598.7505729006086,0.8000493602362205,67.10052595964567,0.8000493602362205,0.9263422244094488,50.0,2.278540577952756,2031.5897341698055,PostChange,0,1,699.3254363952371,699.3254363952371,0.09301747713277339,0.059179310492988475,112.21558449074074,114.3986578796896,3394.3250000000003,115.87037966861072,245.54879947585758,0.9,Sulfide Super Grade
2025-04-03,135.3835886341485,3249.206127219564,52.25,2.61,2.08,2.3449999999999998,7.536,4.74,6.138,315.0,290.0,0.0,0.5141760294396808,0.0,5935.278697182775,215.0,589.5015801000001,7.041898974553741,16.332134447398406,76.62596657804785,315.0,290.0,300.0,280.0,275.0,300.0,280.0,260.0,280.0,285.0,215.0,13.49,6.71,8.29,8.22,8.29,7.9,8.33,8.44,8.43,8.26,7.94,12.75,10.3125,10.25,11.0625,11.5625,8.8125,6.25,7.375,10.75,768.5,560.0,372.5,306.5,215.5,173.0,129.5,102.0,79.5,1779.5,1423.5,1104.25,781.0,507.5,442.25,337.5,262.25,189.75,1.569,1.652,0.869,0.751,0.562,0.128,0.044,0.009,0.002,0.001,0.001,2.887,2.986,2.865,1.786,1.254,0.869,0.658,0.601,0.524,0.498,529.4935835518146,591.7869463226162,95.30884503932661,85.3808403477301,75.45283565613357,69.49603284117566,63.53923002621775,61.55362908789844,57.58242721125983,53.611225334621224,43.683220643024704,2530.0497000000005,12.2,12.059999999999999,12.06,12.15,11.865,12.04,12.015,12.025,11.985,12.02,12.065000000000001,1116.5079343176487,1175.571132882572,157.68806609631574,136.27587760452602,101.98008417276115,23.226780736856632,7.984205878294467,1.633133020560232,0.3629184490133849,0.18145922450669244,0.18145922450669244,1726.8888160618185,7449.745312499998,2622.1015613769496,0.0,0.0,0.0,13.49,31.392283532126733,2.3449999999999998,6.138,3249.206127219564,90.06783657219313,280.0,302.5,275.0,8.9825,11.229999999999999,8.233333333333333,12.044090909090908,12.129999999999999,12.024999999999999,9.902777777777779,300.77777777777777,758.6111111111111,1.2275999999999998,1.6105,1.1318749999999997,215.0,432.27164938839206,2025-04,True,False,315.0,0.5225,0.47750000000000004,4842200.382775121,2312150.6827751207,728.3274650741631,0.7662596657804785,69.00995774781619,0.7662596657804785,0.9295810102544625,62.91178991644908,1.7968789162552221,2489.735601095146,PostChange,0,1,850.6679499013607,850.6679499013607,0.09932163427806877,0.05307248674767658,88.95170138888889,73.61490488283718,2829.4875,134.32778538257833,362.7566406545647,0.9,Sulfide Super Grade
2025-04-04,140.99095958223916,3193.4452345377167,51.125,2.186,2.12,2.153,4.8,5.73,5.265000000000001,275.0,295.0,0.0,0.3770797234132963,0.0,5186.0259887530565,230.0,536.9115250000001,8.1448376753507,13.052753507014028,78.80240881763527,275.0,295.0,340.0,305.0,290.0,310.0,310.0,285.0,275.0,265.0,230.0,13.31,8.36,8.34,8.28,8.24,8.08,8.39,8.63,8.7,8.68,8.34,13.125,10.375,9.125,7.0625,10.5,4.4375,4.875,8.125,14.4375,757.0,541.5,423.5,269.0,206.5,164.5,103.5,98.5,65.5,1676.0,1277.0,976.5,629.5,443.0,395.5,275.5,254.5,152.5,1.6,1.73,0.935,0.85,0.616,0.316,0.084,0.046,0.024,0.002,0.001,2.81,2.62,2.74,2.53,2.37,2.184,2.058,1.733,1.344,1.02,414.6685328053526,512.6810951047995,98.05025943879292,92.28259711886392,90.36004301222091,84.59238069229193,80.74727247900593,74.97961015907694,69.21194783914794,53.83151498600396,48.06385266607496,2407.675,11.995000000000001,12.21,12.165,12.16,12.170000000000002,11.99,11.955,12.245000000000001,12.295,12.25,12.085,1153.2190892332899,1246.9181402334948,171.84766334402948,156.22514849457224,113.21728408547824,58.078996381511566,15.43872055711067,8.454537447941556,4.411063016317334,0.3675885846931112,0.1837942923465556,1619.4691063016317,6749.0053125,1718.689021754632,0.0,0.0,0.0,13.31,31.94042562460462,2.153,5.265000000000001,3193.4452345377167,89.64695652963557,289.09090909090907,285.0,290.0,9.221666666666666,11.660000000000002,8.408888888888889,12.138181818181819,12.102500000000001,12.14611111111111,9.118055555555555,292.1666666666667,675.5555555555555,1.9309,1.665,1.997375,230.0,460.3427506112471,2025-04,False,True,295.0,0.51125,0.48875,4709388.753056235,2301713.7530562347,679.0055571515893,0.7880240881763527,68.33901803607213,0.7880240881763527,0.918551623246493,55.734380018558895,1.6966158618436875,2516.511769087703,PostChange,0,1,793.0612162414578,793.0612162414578,0.10353043470364419,0.05688363317880917,84.08366898148147,68.76773636977376,2720.3916666666664,137.01747785658216,368.3499919839935,0.9,Sulfide Super Grade
2025-04-05,138.21283039677587,3317.107929522621,51.916666666666664,2.15,2.17,2.16,5.386,5.17,5.2780000000000005,270.0,300.0,1.33088783507935,0.5876584883014365,3.405,5528.605336633227,300.0,570.5326775,8.25594716981132,13.45678490566038,78.28726792452831,270.0,300.0,315.0,340.0,335.0,300.0,315.0,315.0,270.0,315.0,300.0,12.46,9.22,8.03,8.03,7.87,8.01,8.08,8.12,7.22,7.6,7.33,12.4375,9.5,10.1875,12.125,9.5,8.0625,6.75,9.3125,16.0625,772.0,486.5,361.0,289.5,250.5,160.0,123.0,103.5,86.5,1767.25,1293.0,1006.5,644.25,485.0,440.0,307.0,264.75,185.25,1.48,1.64,0.916,0.823,0.716,0.354,0.147,0.056,0.018,0.001,0.001,2.46,3.11,2.46,2.59,2.45,2.32,2.24,1.98,1.66,1.34,408.7821541565409,401.0692833233986,92.43875693521025,86.5384107478564,80.63806456050256,76.7045004356,70.80415424824615,64.9038080608923,60.97024393598974,53.103115686184616,45.23598743637949,2558.4425,11.945,11.68,11.434999999999999,11.935,11.865,11.865,11.815000000000001,11.55,11.915,11.995000000000001,11.925,1057.2204135907195,1171.5145123572838,166.85509743683804,149.9145689852813,130.42385345499565,64.48330184786097,26.776964326654134,10.200748314915861,3.278811958365812,0.18215621990921183,0.18215621990921183,1441.1884795268008,7207.479375,2174.915065655955,3.405,3405.0,1.33088783507935,12.46,30.7496777817173,2.16,5.2780000000000005,3317.107929522621,89.68035077997737,306.8181818181818,285.0,311.6666666666667,8.702499999999999,11.38,7.809999999999999,11.811363636363637,11.8125,11.81111111111111,10.4375,292.5,710.3333333333334,2.016,1.56,2.1300000000000003,300.0,618.1399912764326,2025-04,False,True,300.0,0.5191666666666667,0.48083333333333333,4927979.133226324,2369536.633226324,710.8609899678971,0.7828726792452829,68.73042452830188,0.7828726792452829,0.9174405283018868,57.95477935238118,1.6910049871698112,2596.8731721311474,PostChange,0,1,830.2675513400659,830.2675513400659,0.10319649220022624,0.05426323308197868,90.83234374999999,66.41930400850937,2610.7499999999995,138.88824588775051,384.381346077132,0.9,Sulfide Super Grade
2025-04-06,137.63268765713704,3303.1845037712887,51.375,2.21,2.26,2.235,5.53,5.58,5.555,185.0,305.0,0.0,0.4830891778046712,0.0,5607.490014585219,290.0,602.019108,7.061217118178249,15.799748723989008,77.13903415783275,185.0,305.0,280.0,270.0,335.0,280.0,315.0,305.0,310.0,310.0,290.0,,0.0,0.0,0.0,0.0,0.0,0.0,0.0,0.0,0.0,0.0,12.625,10.375,9.9375,10.8125,9.4375,7.875,7.9375,9.375,16.9375,680.0,484.0,328.5,251.0,197.5,143.0,126.0,101.0,79.5,1767.25,1293.0,1006.5,644.25,485.0,440.0,307.0,264.75,185.25,1.61,1.78,0.861,0.743,0.435,0.216,0.084,0.019,0.004,0.001,0.001,3.89,4.12,3.91,2.74,2.55,1.32,1.16,0.81,0.6,0.57,584.732087866968,425.25970026688583,96.82252104290701,87.14026893861632,81.33091767604189,79.39446725518374,73.58511599260933,6.971221515089304,63.902863888318635,56.15706220488607,52.284161363169794,2508.41295,11.655000000000001,11.27,11.6,12.030000000000001,11.9,11.895,11.690000000000001,12.18,12.215,12.295,12.344999999999999,1157.177171012113,1279.3635803736404,157.80374769041268,136.17675323342232,79.72663210839664,39.588396633134884,15.395487579552457,3.482312666803532,0.7331184561691646,0.18327961404229115,0.18327961404229115,1607.5803880106762,6596.4595312500005,2134.597520030898,0.0,0.0,0.0,12.975000000000001,30.879292356677404,2.235,5.555,3303.1845037712887,89.26401818934794,289.54545454545456,245.0,299.44444444444446,12.975000000000001,12.975000000000001,,11.915909090909093,11.4625,12.016666666666667,10.590277777777779,265.6111111111111,710.3333333333334,1.705,1.695,1.7075,290.0,598.6968473278322,2025-04,False,True,305.0,0.51375,0.48624999999999996,4882555.6204379555,2374142.6704379558,724.1135144835765,0.7713903415783274,68.70136435021594,0.7713903415783274,0.9293878288182176,61.317291702491644,1.7240574134275617,2548.044622660372,PostChange,0,1,845.7461628182457,845.7461628182457,0.10735981810652065,0.054391536892029684,137.40885416666669,69.015218417174,3957.3750000000005,136.46471380441253,378.4082231481048,0.9,Sulfide Super Grade
2025-04-07,138.35370854767498,3320.4890051442,51.208333333333336,2.226,2.07,2.1479999999999997,5.567,5.01,5.2885,460.0,410.0,0.0,0.4100863847571673,0.0,5391.560928580349,285.0,552.085842,7.601728917982287,14.01240662302657,78.38586445899115,460.0,410.0,370.0,335.0,340.0,325.0,320.0,335.0,290.0,285.0,285.0,13.49,8.57,8.08,8.19,8.01,8.06,8.1,8.34,8.36,7.56,7.88,12.5625,10.8125,11.25,11.1875,7.25,9.125,5.0375,6.0625,13.0625,796.0,525.0,400.5,291.5,220.0,195.0,135.0,101.0,85.0,1858.5,1309.0,1036.5,659.0,527.0,484.5,338.5,275.0,218.0,1.6,1.55,0.93,0.759,0.547,0.316,0.164,0.072,0.014,0.002,0.001,2.93,2.75,2.63,2.52,2.19,1.76,1.42,1.03,0.8,0.57,430.781196620129,438.3387614731137,98.28613091306627,90.57741476302185,86.72305668799964,79.01434053795523,75.15998246293303,71.30562438791083,61.669729200355306,55.88819208782199,44.32511786275538,2509.4811,11.71,11.175,11.219999999999999,12.17,11.48,11.79,11.440000000000001,12.445,12.385,11.915,12.42,1152.1443050083133,1116.1397954768036,170.76938870795095,139.36985594552127,100.44178024005288,58.02486756098118,30.11417177215479,13.220855899970395,2.5707219805497994,0.3672459972213999,0.18362299861069994,1532.069546997062,7451.13984375,2055.055368835021,0.0,0.0,0.0,13.49,30.71836703629453,2.1479999999999997,5.2885,3320.4890051442,89.76018542100813,341.3636363636364,435.0,320.55555555555554,9.010833333333334,11.850000000000001,8.064444444444444,11.831818181818182,11.4425,11.918333333333333,9.594444444444443,305.44444444444446,745.1111111111111,1.607,1.5750000000000002,1.615,285.0,592.5649519995048,2025-04,True,False,460.0,0.5120833333333333,0.48791666666666667,4900532.660699756,2391051.560699756,1099.8837179218876,0.7838586445899115,68.25991528686947,0.7838586445899115,0.9239827108201771,57.19958205803647,1.6837283685791296,2602.794010948036,PostChange,0,1,1284.6362005025117,1284.6362005025117,0.10239814578991868,0.0853185202009991,86.45393981481482,65.98305239396065,4144.983333333334,214.15170320436127,598.0587615991135,0.9,Sulfide Super Grade
2025-04-08,160.4367111882716,3850.4810685185184,46.875,2.126,2.57,2.348,5.6,6.09,5.845,340.0,315.0,1.329732835975502,0.5329494219259617,3.405,6016.793963075,295.0,601.75621625,5.630765679107349,17.15785302039246,77.2113813005002,340.0,315.0,350.0,330.0,325.0,335.0,330.0,300.0,310.0,320.0,295.0,10.5,9.09,8.17,8.12,8.12,8.0,8.18,8.42,8.31,8.33,8.18,12.5625,12.125,12.1875,13.0,5.4375,8.125,5.75,9.75,15.875,823.5,563.0,414.5,277.0,191.0,166.5,120.5,103.5,85.5,1822.75,1320.5,972.0,638.25,513.25,451.75,325.0,269.0,225.25,1.91,2.14,0.895,0.624,0.346,0.183,0.114,0.057,0.019,0.001,0.001,4.19,4.95,3.47,3.02,2.59,2.3,2.08,1.94,1.71,1.66,478.81773399014776,392.3645320197044,96.6613300492611,94.96551724137933,88.18226600985223,83.0948275862069,81.39901477832514,76.31157635467981,74.61576354679804,61.04926108374385,45.78694581280789,2560.66475,11.09,11.18,11.27,11.149999999999999,10.925,10.95,10.94,11.745,11.805,11.93,11.93,1439.5566502463053,1612.9064039408868,172.0119458128079,119.92788177339902,66.49847290640393,35.171157635467985,21.909901477832513,10.954950738916256,3.651650246305419,0.192192118226601,0.192192118226601,1573.2487684729065,7975.125000000002,1928.1465863216904,3.405,3405.0,1.329732835975502,10.5,26.490196467644168,2.348,5.845,3850.4810685185184,89.99872324126484,322.72727272727275,327.5,321.6666666666667,8.660000000000002,10.03,8.203333333333335,11.355909090909092,11.135,11.405000000000001,10.534722222222221,305.0,726.4166666666666,2.282,2.025,2.34625,295.0,744.4483316666667,2025-04,True,False,340.0,0.46875,0.53125,5462751.466666667,2902086.716666667,986.7094836666668,0.7721138130050019,67.76211523662948,0.7721138130050019,0.9436923432089265,60.15795324226129,1.8129232329357443,2973.0096197174075,PostChange,0,1,1152.4515741466432,1152.4515741466432,0.10001276758735157,0.05650849972370275,91.23069444444445,62.1989813060285,2944.4000000000005,144.80347187618452,490.8205561929648,0.9,Sulfide Super Grade
2025-04-09,116.26625922865419,2789.998791748297,49.625,2.346,2.37,2.358,5.867,5.49,5.6785,275.0,360.0,0.0,0.48227962886847486,0.0,4750.434248051008,370.0,503.4340625,7.728065461651196,16.04924767953102,76.2226868588178,275.0,360.0,325.0,345.0,380.0,385.0,395.0,350.0,400.0,345.0,370.0,8.9,8.39,8.01,8.14,8.11,7.99,8.06,8.35,8.3,8.25,8.11,12.75,13.25,10.25,11.4375,8.125,8.625,8.875,10.625,15.75,792.5,573.0,370.5,254.5,208.5,177.5,132.5,102.0,90.0,1787.0,1332.0,907.5,617.5,499.5,419.0,311.5,263.0,232.5,1.76,1.89,0.891,0.706,0.524,0.293,0.183,0.73,0.024,0.003,0.001,3.08,3.49,2.93,2.73,2.55,2.24,2.03,1.84,1.22,0.89,512.456400242408,447.4971382398492,110.43074540434986,108.59023298094404,99.38767086391489,97.54715844050905,88.34459632347989,80.98254662985657,69.93947208942159,60.73690997239243,51.53434785536328,2013.73625,10.905000000000001,10.719999999999999,10.850000000000001,11.24,11.0,11.335,11.135000000000002,11.375,11.254999999999999,11.42,11.275,1289.5131640966938,1384.7612955356542,166.46809002760756,131.90400848427714,97.90042556056831,54.74203184970708,34.19041579691603,136.38799744124975,4.483988956972595,0.5604986196215743,0.18683287320719144,1727.4472190424888,7983.356718749999,944.0738996548064,0.0,0.0,0.0,8.9,36.55915561744158,2.358,5.6785,2789.998791748297,89.40235700122474,357.27272727272725,317.5,366.1111111111111,8.292499999999999,8.729999999999999,8.146666666666668,11.137272727272729,10.8125,11.209444444444447,11.07638888888889,300.1111111111111,707.7222222222222,2.008,1.825,2.05375,370.0,657.6896555415616,2025-04,False,True,360.0,0.49625,0.5037499999999999,4057906.8010075563,2044170.551007556,735.9013983627201,0.7622268685881779,69.69086162677088,0.7622268685881779,0.922719345383488,64.70985282537475,1.7973309561309236,2126.6120423991047,PostChange,0,1,859.5141112947257,859.5141112947257,0.10597642998775264,0.07578254559521576,91.8509548611111,86.20648894592726,2985.2999999999997,152.67110826502008,364.5082553910822,0.9,Sulfide Super Grade
2025-04-10,141.8186837487256,3403.648409969414,50.958333333333336,2.326,1.86,2.093,5.817,4.22,5.0184999999999995,275.0,335.0,0.0,0.4303862074951566,0.0,5347.6415535358965,310.0,574.6136400000001,7.984752704791345,18.04225656877898,73.97299072642967,275.0,335.0,330.0,335.0,315.0,295.0,300.0,310.0,310.0,280.0,310.0,8.76,8.07,8.0,8.09,8.02,7.8,8.07,8.21,8.24,8.15,7.85,12.0625,10.5,9.0,11.4375,11.6875,9.25,10.375,11.5625,18.4375,731.5,486.0,395.5,197.0,186.0,161.0,146.0,111.5,106.0,1693.25,1260.75,844.25,615.0,484.5,406.75,330.0,290.5,258.0,1.625,1.724,1.135,0.752,0.568,0.369,0.168,0.032,0.009,0.001,0.001,2.865,2.881,3.526,2.214,1.865,1.653,1.325,1.124,0.865,0.752,390.16837465063963,427.6845645208934,101.40626121929606,93.75295848576427,86.0996557522325,74.61970165193483,66.96639891840304,63.139747551637164,59.31309618487128,51.6597934513395,44.00649071780772,2553.8384000000005,11.285,11.23,11.32,11.385000000000002,11.215,11.335,11.475000000000001,11.45,11.47,11.47,11.5,1173.416233043241,1244.9043604717215,208.99445738371693,138.470336522075,104.58929673475878,67.94621566043308,30.93486241450612,5.892354745620214,1.6572247722056848,0.18413608580063168,0.18413608580063168,1458.8170431048193,7181.023125000001,1793.6606103836366,0.0,0.0,0.0,8.76,29.9678426541467,2.093,5.0184999999999995,3403.648409969414,89.25482132174581,308.6363636363636,305.0,309.44444444444446,8.168333333333333,8.53,8.047777777777776,11.37590909090909,11.2575,11.402222222222223,11.590277777777779,280.05555555555554,687.0,1.6673000000000002,1.6745,1.6655000000000002,310.0,662.5326296761349,2025-04,False,True,335.0,0.5095833333333334,0.4904166666666666,5011620.735895339,2457782.335895339,823.3570825249386,0.7397299072642967,71.25735123647604,0.7397299072642967,0.9201524729520866,70.8781023683025,1.548254695904173,2517.780522666945,PostChange,0,1,961.6601254449951,961.6601254449951,0.10745178678254187,0.06264443804736608,94.67325231481482,62.72269467512904,2736.3916666666664,160.05656924716078,459.4627476433438,0.9,Sulfide Super Grade
2025-04-11,140.1410642348666,3363.3855416367983,51.666666666666664,2.29,2.17,2.23,4.87,5.19,5.03,320.0,330.0,1.3220112998382,0.517671574375631,3.405,5746.044170356451,255.0,605.27092325,9.593994638069706,17.58093833780161,72.82506702412869,320.0,330.0,290.0,290.0,320.0,305.0,300.0,280.0,275.0,295.0,255.0,8.59,8.25,7.8,7.97,7.92,7.58,7.92,8.03,8.05,8.05,7.54,12.3125,9.1875,12.125,9.1875,10.0,8.0625,10.375,11.625,14.3125,709.5,531.5,326.5,259.5,166.5,165.5,141.0,120.5,114.0,1599.5,1189.5,781.0,612.5,469.5,394.5,348.5,318.0,283.5,1.652,1.675,0.965,0.755,0.562,0.352,0.101,0.039,0.005,0.001,0.001,2.986,3.066,3.665,2.326,1.875,1.652,1.325,1.154,0.852,0.652,359.9176578225068,444.1537053979871,101.5427264409881,91.77900274473924,87.8735132662397,83.96802378774017,76.15704483074107,72.25155535224154,64.44057639524245,60.535086916742905,44.91312900274474,2575.62095,10.625,10.559999999999999,10.719999999999999,10.695,10.695,10.64,10.73,10.71,10.715,10.715,10.754999999999999,1183.4547118023788,1199.9313815187559,176.28245654162856,137.92047118023788,102.66397987191219,64.3019945105215,18.450288197621227,7.124368709972553,0.913380603842635,0.182676120768527,0.182676120768527,1487.5320219579137,7001.407499999999,2247.2092144466437,3.405,3405.0,1.3220112998382,8.59,30.32658573847633,2.23,5.03,3363.3855416367983,89.46630228892842,296.3636363636364,325.0,290.0,8.024166666666668,8.476666666666667,7.873333333333333,10.687272727272727,10.5925,10.708333333333334,10.79861111111111,281.6111111111111,666.2777777777778,1.6827999999999999,1.6635,1.6876249999999997,255.0,534.2697594740533,2025-04,False,True,330.0,0.5166666666666666,0.4833333333333334,4985072.806451614,2409451.856451614,795.1191126290327,0.7282506702412869,72.98057975871313,0.7282506702412869,0.904060053619303,75.50679050092336,1.6239989946380697,2449.387774976852,PostChange,0,1,928.6788950059087,928.6788950059087,0.1053369771107159,0.05743081504706371,86.64985532407408,67.62828619680221,2647.9750000000004,147.98139918655073,416.4460675090733,0.9,Sulfide Super Grade
2025-04-12,146.2497277467115,3509.993465921076,50.916666666666664,1.98,2.11,2.045,4.91,5.43,5.17,295.0,305.0,0.0,0.47061946032822555,0.0,5380.562868621849,310.0,605.0062829999999,5.9186501687289095,20.92379077615298,73.15755905511811,295.0,305.0,320.0,305.0,325.0,305.0,300.0,305.0,320.0,310.0,310.0,8.3,8.21,7.64,7.79,7.87,7.68,8.0,8.01,8.22,7.63,7.66,13.1875,12.6875,11.8125,12.125,10.3125,9.375,7.4375,7.375,14.0,701.0,449.0,389.0,308.5,227.5,170.0,144.0,117.0,88.0,1613.5,1237.5,797.75,619.75,496.5,405.25,341.25,330.75,264.5,2.598,1.659,1.156,0.765,0.569,0.366,0.101,0.044,0.009,0.001,0.001,3.006,2.986,2.896,1.895,1.365,1.152,0.869,0.785,0.658,0.452,397.1930223050016,412.1814382410394,91.7291055285513,85.99603643301685,78.35194430563757,70.70785217825829,63.063760050879026,57.330690955344565,55.419667923499745,47.77557579612047,43.95352973243084,2630.4620999999997,11.52,11.415,11.48,11.43,11.39,11.395,11.405000000000001,11.41,11.415,11.405000000000001,11.4,1876.890655521737,1198.52255485395,212.95990278471808,140.92934743106346,104.82195906964066,67.42502112388134,18.606358288284195,8.105740244401035,1.6579923227183935,0.18422136919093263,0.18422136919093263,1403.7026234497794,7747.52953125,1144.1433006091897,0.0,0.0,0.0,8.3,29.059883156572667,2.045,5.17,3509.993465921076,88.75570646096803,309.09090909090907,300.0,311.1111111111111,7.9425,8.270000000000001,7.833333333333333,11.424090909090909,11.4675,11.414444444444447,10.92361111111111,288.22222222222223,678.5277777777778,1.4328999999999998,2.1285,1.2590000000000001,310.0,683.5495265622998,2025-04,False,True,305.0,0.5091666666666667,0.49083333333333334,5166210.343698854,2535748.243698854,773.4032143281505,0.7315755905511812,70.47568194600676,0.7315755905511812,0.940813498312711,70.43857939654592,1.4960720826771654,2567.8255426619985,PostChange,0,1,903.3152782624472,903.3152782624472,0.11244293539031973,0.05668551923790108,86.76078125,59.4274610551911,2422.4625,149.14352497053804,441.7168024911601,0.9,Sulfide Super Grade
2025-04-13,143.78274617977584,3450.78590831462,51.541666666666664,2.08,2.18,2.13,5.09,5.18,5.135,335.0,330.0,0.0,0.4313721509464905,0.0,5610.948322945351,300.0,592.444305,7.566418466120624,15.066693968726732,77.36688756515265,335.0,330.0,350.0,330.0,315.0,320.0,310.0,310.0,305.0,300.0,300.0,8.63,8.39,8.2,8.23,8.2,7.94,8.09,8.21,8.43,8.3,8.06,14.9375,9.5,10.625,11.6875,10.5625,11.25,7.5625,8.5,13.875,630.5,369.5,298.5,226.0,174.5,146.0,133.0,111.5,89.0,1613.5,1237.5,797.75,619.75,496.5,405.25,341.25,330.75,264.5,1.655,1.559,0.986,0.765,0.562,0.356,0.119,0.051,0.009,0.001,0.001,3.201,3.114,2.564,1.895,1.352,1.45,1.145,0.895,0.758,0.562,450.19327865481705,419.6717004409312,97.28753055676133,85.61302688994996,81.72152566767951,73.9385232231386,66.1555207785977,58.37251833405679,56.42676772292157,50.589515889515894,46.69801466724543,2633.0858,10.635,10.83,10.965,11.184999999999999,11.120000000000001,11.105,11.235,11.215,11.225,11.29,11.32,1187.285074592767,1118.4153663384432,180.3740702748395,139.9453993511686,102.80956135340752,65.1249178679948,21.769284343515114,9.329693290077905,1.6464164629549245,0.18293516255054718,0.18293516255054718,1486.6679228256153,6480.920625,2189.224183185238,0.0,0.0,0.0,8.63,29.558483983092792,2.13,5.135,3450.78590831462,89.44128031660415,318.6363636363636,332.5,315.55555555555554,8.275833333333335,8.550000000000002,8.184444444444445,11.102272727272725,10.7325,11.184444444444445,10.944444444444445,242.05555555555554,678.5277777777778,1.3835,1.607,1.327625,300.0,645.8005944395627,2025-04,True,False,335.0,0.5154166666666666,0.48458333333333337,5108654.745351657,2475568.9453516575,829.3155966928053,0.7736688756515264,68.87470681310498,0.7736688756515264,0.9243358153387937,60.92273643571376,1.6479147051377512,2669.7656537999032,PostChange,0,1,968.619518403108,968.619518403108,0.10558719683395848,0.059704702435068716,90.57439814814816,62.959570883987645,2772.404166666667,157.2762569189816,454.7488126361416,0.9,Sulfide Super Grade
2025-04-14,142.6378753284072,3423.309007881773,50.75,2.15,2.04,2.0949999999999998,5.41,5.1,5.255,335.0,360.0,1.1005978557220395,0.48143947813624943,2.8099999999999996,5351.343286007881,275.0,599.992083,4.303851508120649,20.50522815158546,78.19092034029389,335.0,360.0,345.0,330.0,305.0,255.0,300.0,285.0,285.0,290.0,275.0,,0.0,0.0,0.0,0.0,0.0,0.0,0.0,0.0,0.0,0.0,14.3125,10.0625,11.125,10.4375,9.6875,10.125,9.1875,10.1875,19.9375,742.5,492.0,296.0,263.0,198.5,147.5,135.5,118.5,95.5,1627.5,1285.5,814.5,627.0,523.5,416.0,334.0,343.5,245.5,1.524,1.562,1.1,0.754,0.452,0.268,0.101,0.044,0.01,0.002,0.001,3.062,2.998,3.225,2.142,1.865,1.356,1.114,0.862,0.566,0.449,425.11498163015375,380.36603619540074,93.18967886787317,85.58235814396515,77.97503742005713,74.17137705810313,66.56405633419512,58.956735610287105,53.2512450673561,47.545754524425085,45.64392434344808,2553.1578,10.58,10.725,10.795,10.995000000000001,10.865,10.879999999999999,11.02,11.004999999999999,11.045,11.04,11.055,1103.0284392434344,1130.5317730303443,203.01802966389985,139.15963124234588,83.42195400734794,49.46257449993196,18.640746360048986,8.120721186555993,1.8456184514899985,0.3691236902979997,0.18456184514899984,1408.3611851952649,7494.04359375,2011.3681336997915,2.8099999999999996,2809.9999999999995,1.1005978557220395,11.940000000000001,29.795732656665464,2.0949999999999998,5.255,3423.309007881773,88.78800983355347,305.90909090909093,347.5,296.6666666666667,11.940000000000001,11.940000000000001,,10.909545454545453,10.6525,10.966666666666665,11.67361111111111,276.55555555555554,690.7777777777778,1.4665,1.5430000000000001,1.4473750000000003,275.0,592.4922844934677,2025-04,False,True,360.0,0.5075,0.49250000000000005,5030852.807881773,2477695.0078817736,891.9702028374385,0.7591351489348922,67.66561357271041,0.7591351489348922,0.9582150339017413,62.829288061898076,1.590388137018599,2598.754193548488,PostChange,0,1,1041.7985043905514,1041.7985043905514,0.11211990166446525,0.06727282866365338,139.3829166666667,62.422059915714144,4298.400000000001,171.83688860673698,497.2761487489566,0.9,Sulfide Super Grade
2025-04-15,200.14062834999274,2430.5411474537036,49.77777777777778,1.99,1.97,1.98,4.98,4.36,4.67,250.0,310.0,0.0,0.4578006928154508,0.0,3490.8485524437506,285.0,396.48530250000005,6.935912653975365,17.475470324748038,78.58861702127659,250.0,310.0,290.0,300.0,295.0,310.0,290.0,305.0,285.0,280.0,285.0,15.25,8.79,8.47,8.36,8.34,8.18,8.45,8.44,8.56,8.45,8.53,13.1875,11.3125,9.9375,10.25,10.6875,12.5,10.25,12.75,13.5,641.5,472.5,297.0,226.5,185.5,160.0,141.5,125.0,93.5,1600.0,1282.75,739.5,611.5,512.75,436.75,386.25,314.0,241.75,1.407,1.533,1.17,0.868,0.685,0.521,0.16,0.035,0.013,0.006,0.002,1.911,1.997,1.683,1.541,1.137,0.974,0.894,0.588,0.347,0.645,413.25341644689513,311.7525773195876,96.13579477343563,86.89196835291297,64.7067849436586,61.009254375449544,57.311723807240476,51.765427954926885,49.916662670822355,46.21913210261329,42.521601534404226,1762.1569000000002,10.835,10.84,11.18,10.98,11.04,10.865,10.92,11.115,11.055,11.129999999999999,11.1,1029.191321026133,1121.357707983697,218.23683768880366,161.90561975545435,127.77114001438507,97.18067729561258,29.844353871973155,6.528452409494128,2.4248537520978184,1.1191632701989933,0.37305442339966444,1281.484344281947,6978.56109375,296.8541081182404,0.0,0.0,0.0,15.25,41.965963055946524,1.98,4.67,2430.5411474537036,88.64215114051733,290.90909090909093,280.0,293.3333333333333,9.589166666666667,13.096666666666666,8.42,11.005454545454546,10.8375,11.042777777777777,11.597222222222221,260.3333333333333,680.5833333333334,1.0749,1.47,0.9761250000000001,285.0,440.6076317119566,2025-04,False,True,310.0,0.49777777777777776,0.5022222222222222,3540047.3437500005,1777890.4437500003,551.1460375625002,0.762996281759967,69.0214172528512,0.762996281759967,0.9326610421944139,63.631188846051685,1.5107326378847348,1854.4938581717797,PostChange,0,1,643.7245502224878,643.7245502224878,0.11357848859482676,0.08880362334338053,111.20769675925926,83.09260685077412,2972.641666666667,156.56486583401093,325.11176722465433,0.9,Sulfide Super Grade
2025-04-16,111.20511227881666,1367.8228624952596,48.833333333333336,0.0,1.75,1.75,0.0,4.21,4.21,210.0,250.0,0.0,0.44581936620332646,0.0,1688.904496640273,240.0,202.547268,3.0296629213483146,8.805842696629213,77.92,210.0,250.0,210.0,250.0,240.0,200.0,250.0,240.0,220.0,230.0,240.0,,0.0,0.0,0.0,0.0,0.0,0.0,0.0,0.0,0.0,0.0,8.1875,3.875,5.4375,9.1875,9.3125,9.3125,8.4375,17.125,16.0625,664.5,464.5,254.0,208.5,183.0,166.5,137.0,123.0,107.0,1572.5,1280.0,664.5,596.0,502.0,457.5,438.5,284.5,238.0,1.471,1.456,0.95,0.739,0.605,0.557,0.1,0.066,0.013,0.004,0.002,1.81,1.902,1.489,1.148,1.0,0.936,0.48,0.465,0.343,0.253,359.62296104822184,317.3143773954898,82.71328104109101,66.53024779392103,62.93401818343881,57.539673767715485,53.943444157233266,52.14532935199215,50.347214546751054,44.95287013102772,39.5585257153044,964.5108,10.51,10.03,10.33,10.69,10.71,10.94,11.07,11.07,11.14,11.16,11.23,1086.8276138693288,1075.7450753186558,178.9829975933684,139.22993181210447,113.98390899367145,104.94055753632232,18.840315536144043,12.434608253855068,2.449241019698725,0.7536126214457617,0.37680631072288084,1187.6019431321868,4787.10703125,-1249.0968378342623,0.0,0.0,0.0,15.25,74.57105945277581,1.75,4.21,1367.8228624952596,88.00718048871762,230.9090909090909,230.0,231.11111111111111,15.25,15.25,,10.807272727272727,10.27,10.926666666666668,9.659722222222221,256.44444444444446,670.3888888888889,0.9041,1.4635,0.7642500000000001,240.0,210.90712492654703,2025-04,False,True,250.0,0.48833333333333334,0.5116666666666667,1975107.4402730376,1010596.6402730377,252.64916006825942,0.8681361601554285,60.351153695933014,0.8681361601554285,0.9662453807096432,50.0,1.519238280272,1187.4564876194413,PostChange,0,1,295.08779133803824,295.08779133803824,0.11992819511282372,0.14802494782702244,147.31076388888889,130.49935404235768,3812.5,142.85632653527693,168.62063150384182,0.9,Sulfide Super Grade
2025-04-17,139.40884980483997,3345.8123953161594,53.375,1.79,1.56,1.675,4.43,3.85,4.14,250.0,265.0,0.0,0.4154943996690853,0.0,4508.875086592974,215.0,551.401128,6.897116228070175,21.188629385964912,74.91425438596492,250.0,265.0,255.0,265.0,255.0,260.0,240.0,235.0,225.0,225.0,215.0,,0.0,0.0,0.0,0.0,0.0,0.0,0.0,0.0,0.0,0.0,9.875,4.4375,5.375,5.9375,5.625,6.875,6.8125,6.3125,12.625,496.0,327.5,273.5,204.0,156.0,167.5,116.5,96.5,83.5,1435.75,1148.25,676.5,594.75,491.75,421.5,398.5,291.75,236.75,1.226,1.369,0.772,0.469,0.365,0.269,0.245,0.106,0.035,0.008,0.004,1.973,2.208,1.623,1.22,0.776,0.591,0.466,0.397,0.21,0.15,345.68509866815424,297.44996862143506,86.09970713339375,79.94972805243707,67.64976989052367,65.5997768635381,59.4497977825814,55.34981172861028,51.24982567463914,49.19983264765357,40.999860539711314,2689.7616,11.27,11.21,11.370000000000001,11.595,11.03,11.004999999999999,11.735,11.655000000000001,11.765,11.655000000000001,11.73,860.9612997698906,961.3833763335891,138.24538456174605,83.98586186458407,65.3621313018618,48.17099539781048,43.87321142179765,18.981879227390003,6.267601631685379,1.4325946586709435,0.7162973293354717,1198.6831776026775,3447.2573437499996,1724.9999266208638,0.0,0.0,0.0,22.07,30.485869483534387,1.675,4.14,3345.8123953161594,87.77076061300573,244.54545454545453,257.5,241.66666666666666,22.07,22.07,,11.456363636363637,11.24,11.504444444444445,7.097222222222222,213.44444444444446,632.8333333333334,0.8027999999999998,1.2974999999999999,0.6791250000000001,215.0,439.2738652112821,2025-04,False,True,265.0,0.53375,0.46625000000000005,5039365.995316159,2349604.3953161594,622.6451647587822,0.7273228581161643,71.22746471001533,0.7273228581161643,0.9330377065235905,72.08066847339815,1.2182657873445752,2433.4858340818387,PostChange,0,1,727.2337117856929,727.2337117856929,0.1222923938699427,0.058772974391765875,156.63569444444445,51.0638313849201,5848.55,158.2080106984436,434.16678813003676,0.9,Sulfide Super Grade
2025-04-18,133.1634129278568,3195.921910268563,52.75,1.93,1.63,1.7799999999999998,4.11,3.45,3.7800000000000002,200.0,260.0,0.0,0.3905630812362508,0.0,4496.495308865403,190.0,504.84312,6.4578660436137065,17.93842679127726,78.60370716510904,200.0,260.0,235.0,240.0,250.0,225.0,230.0,225.0,190.0,220.0,190.0,22.07,9.68,8.54,8.44,8.5,7.92,8.3,8.67,8.5,8.36,8.39,12.875,9.625,11.4375,11.6875,7.3125,8.9375,9.5625,11.0625,17.625,621.0,366.0,252.0,227.5,163.0,135.5,125.5,110.0,80.5,1299.0,1016.5,688.5,593.5,481.5,385.5,358.5,299.0,235.5,1.522,1.782,0.929,0.557,0.374,0.273,0.077,0.05,0.013,0.006,0.001,2.408,2.832,2.109,1.452,1.031,0.664,0.627,0.4258,0.353,0.34,339.6242894773326,387.0137252183557,88.61824483571328,72.50583668376541,66.46368362678497,64.44963260779149,58.407479550811026,54.379377512824064,52.36532649383058,48.33722445584361,38.266969360876196,2524.2156,10.96,10.915,10.885,11.035,10.99,10.940000000000001,11.07,11.0,11.01,11.035,11.075,1076.7733259392762,1260.7162068487453,167.59672605018716,100.48587342298627,67.47166366283099,49.250706363510325,13.891224871759322,9.020275890752806,2.3452717315957297,1.0824331068903368,0.18040551781505612,1270.4317898239287,5940.99796875,1239.8273191724147,0.0,0.0,0.0,22.07,31.915673431278748,1.7799999999999998,3.7800000000000002,3195.921910268563,88.77251981104843,224.0909090909091,230.0,222.77777777777777,10.786666666666667,17.94,8.402222222222221,10.992272727272727,10.9375,11.004444444444445,11.125,231.22222222222223,595.2777777777778,1.03058,1.6520000000000001,0.8752249999999998,190.0,373.5610228559656,2025-04,False,True,260.0,0.5275,0.47250000000000003,4785242.843601896,2261027.2436018963,587.867083336493,0.7631427880107674,68.7221837855004,0.7631427880107674,0.9373022714212261,63.226817766207866,1.3583941626591658,2438.944756867049,PostChange,0,1,686.6137974701056,686.6137974701056,0.11227480188951575,0.057822811354295754,120.00166666666667,56.80989870767616,2804.5333333333333,146.06659513148804,385.73592141061323,0.9,Sulfide Super Grade
2025-04-19,112.73160492360705,2212.357746625789,52.55,1.89,1.62,1.755,4.25,3.85,4.05,240.0,265.0,0.0,0.3750718509142034,0.0,3051.6166343977166,200.0,321.43232,5.276238636363637,17.75384090909091,79.96992045454546,240.0,265.0,250.0,205.0,215.0,220.0,225.0,220.0,205.0,220.0,200.0,,9.5,8.31,8.3,8.2,7.8,8.32,8.5,8.44,8.38,8.0,13.4375,11.125,12.4375,13.125,10.5,11.125,7.875,7.3125,16.1875,539.0,390.5,223.5,165.0,135.5,120.0,95.5,86.0,73.5,1401.75,987.75,739.0,597.75,486.0,395.25,351.5,273.5,219.75,1.509,1.662,1.023,0.703,0.567,0.554,0.135,0.072,0.011,0.006,0.001,1.397,2.226,1.854,1.168,0.826,0.581,0.383,0.253,0.244,0.21,353.40685799684496,400.5277723964243,70.09236016937425,66.08708244541,58.076526997481515,54.07124927351728,48.06333268757091,46.06069382558879,42.055416101624544,36.04749951567818,36.04749951567818,1737.472,10.89,10.96,10.89,10.915,10.809999999999999,10.75,10.895,10.905000000000001,10.92,10.93,10.96,1070.0774084631778,1178.5743226413529,184.98723867378848,127.1222177787618,102.52958389837544,100.178817424515,24.411805690089395,13.019629701381009,1.989110093266543,1.0849691417817509,0.18082819029695849,1210.5362909251933,5574.555,-76.07701703234477,0.0,0.0,0.0,22.07,46.10465922862921,1.755,4.05,2212.357746625789,89.46681846019496,224.0909090909091,252.5,217.77777777777777,9.62,15.785,8.25,10.89318181818182,10.925,10.886111111111111,11.458333333333334,203.16666666666666,605.8055555555555,0.8690000000000001,1.5855,0.689875,200.0,272.8434084308941,2025-04,False,True,265.0,0.5255,0.47450000000000003,3306321.5984776407,1568849.5984776407,415.7451435965748,0.7764069947043248,67.17616394527803,0.7764069947043248,0.9487743821712269,58.55476695823823,1.36259427570609,1717.690029268561,PostChange,0,1,485.5797507907147,485.5797507907147,0.10533181539805035,0.08683921728992076,110.22916666666666,80.91367694624425,2549.2999999999997,150.99629061942667,276.68204214831525,0.9,Sulfide Super Grade
2025-04-20,138.61883655470265,3326.852077312864,51.608695652173914,1.74,1.76,1.75,3.98,3.88,3.9299999999999997,95.0,190.0,0.0,0.35448942626868046,0.0,4454.544422671525,190.0,457.81376400000005,6.537518417991469,16.032512601783637,80.4299689802249,95.0,190.0,180.0,200.0,215.0,235.0,240.0,220.0,215.0,205.0,190.0,,0.0,0.0,0.0,0.0,0.0,0.0,0.0,0.0,0.0,0.0,15.4375,10.875,11.5625,12.0,11.875,13.625,10.1875,9.9375,17.9375,652.5,482.5,313.0,235.5,168.5,129.5,111.5,93.5,77.0,1401.75,987.75,739.0,597.75,486.0,395.25,351.5,273.5,219.75,1.205,1.664,1.004,0.705,0.587,0.265,0.19,0.085,0.03,0.015,0.007,0.992,2.225,1.847,1.355,1.049,0.786,0.702,0.415,0.261,0.212,473.9958493356553,359.3194341738032,68.23246702130199,64.33346890579902,58.484971732544565,56.53547267479308,52.636474559290114,48.73747644378714,44.83847832828417,35.09098303952674,33.14148398177526,2543.4098000000004,11.105,11.17,11.24,11.375,11.135,11.094999999999999,11.219999999999999,11.225,10.940000000000001,11.219999999999999,11.219999999999999,863.8022709381935,1192.8356670880944,183.52751651916705,128.87141349204458,107.30144641110662,48.441027766513216,34.731302926934006,15.537688151523108,5.483889935831685,2.7419449679158423,1.2795743183607264,1295.3465601965604,7389.0951562499995,1408.9672960456573,0.0,0.0,0.0,20.61,30.659613842039697,1.75,3.9299999999999997,3326.852077312864,89.72254577437944,198.63636363636363,142.5,211.11111111111111,20.61,20.61,,11.17681818181818,11.1375,11.185555555555556,12.604166666666666,251.5,605.8055555555555,0.9495999999999999,1.4344999999999999,0.8283749999999999,190.0,394.0184391824475,2025-04,False,True,190.0,0.5160869565217392,0.4839130434782608,4928258.247683235,2384848.4476832347,453.1212050598146,0.780873485244902,67.66234795980982,0.780873485244902,0.9365289473981411,57.679827971708306,1.3665285991785785,2597.850576505538,PostChange,0,1,529.2340396991852,529.2340396991852,0.10277454225620569,0.04265307110486761,259.77187499999997,53.65432422356947,3915.9,108.57080816681047,302.4177231554021,0.9,Sulfide Super Grade
2025-04-21,147.91874333348315,3550.049840003596,51.5,2.3,2.09,2.195,5.12,4.36,4.74,145.0,310.0,0.0,0.33493743528227204,0.0,5942.586423371116,210.0,514.0616155,5.590671936758893,18.847409270571326,75.56191879266979,145.0,310.0,330.0,265.0,250.0,220.0,225.0,205.0,230.0,230.0,210.0,20.61,9.01,8.17,8.1,8.09,7.78,8.11,8.25,8.34,8.1,8.08,14.3125,11.375,10.75,11.25,8.0,10.75,6.9375,9.375,16.625,627.5,418.0,275.0,225.0,179.0,149.0,117.0,90.5,72.0,1504.5,959.0,789.5,602.0,490.5,405.0,344.5,248.0,204.0,1.568,1.956,0.841,0.435,0.364,0.207,0.078,0.049,0.02,0.007,0.001,1.654,3.053,2.193,1.453,1.191,1.066,0.681,0.554,0.459,0.326,403.927103315977,388.68457111537407,73.85006851192108,68.01979994519046,60.24610852288298,56.35926281172924,54.415839956152375,52.472417100575505,46.64214853384489,40.81187996711427,34.98161140038366,2705.58745,11.44,11.335,11.225,11.27,11.14,11.115,11.185,11.16,11.035,11.195,11.219999999999999,1125.4020279528636,1403.8816114003835,153.9209769799945,79.6142984379282,66.61978076185255,37.88542477391066,14.275667306111263,8.968047410249383,3.660427514387503,1.2811496300356262,0.18302137571937516,1280.4108111811456,6404.125781249999,2529.341022102649,0.0,0.0,0.0,20.61,28.731990985201683,2.195,4.74,3550.049840003596,91.34953067778217,238.1818181818182,227.5,240.55555555555554,10.270833333333332,16.743333333333332,8.113333333333333,11.210909090909091,11.3875,11.171666666666667,11.041666666666666,239.22222222222223,616.3333333333334,1.1446999999999998,1.762,0.9903749999999999,210.0,465.2833799620093,2025-04,False,True,310.0,0.515,0.485,5253567.8640776705,2547980.4140776703,789.8739283640778,0.7556191879266979,68.7679707150557,0.7556191879266979,0.944093280632411,64.71714607966011,1.6585841174991018,2682.485777202821,PostChange,0,1,922.5526532266429,922.5526532266429,0.08650469322217827,0.05216583788850359,113.40711805555554,63.06672021251769,3183.958333333333,141.2294249228933,420.29542153641347,0.9,Sulfide Super Grade
2025-04-22,150.1522915833182,3603.6549979996366,50.916666666666664,2.19,2.14,2.165,4.828,4.28,4.554,150.0,205.0,1.2608057159488035,0.38325102071692607,3.405,5853.424441939444,205.0,499.62099,5.474990872581234,14.94188024826579,79.58312887915298,150.0,205.0,225.0,200.0,180.0,195.0,200.0,205.0,205.0,230.0,205.0,18.11,9.9,8.17,8.12,8.12,7.45,8.15,8.3,8.31,8.27,7.23,13.75,11.75,8.75,8.4375,6.9375,8.875,9.5625,10.25,15.6875,710.5,433.0,291.5,217.5,177.0,152.0,114.5,108.0,81.5,1602.5,1033.0,833.75,655.25,528.25,392.5,343.75,279.25,219.5,0.481,1.655,0.894,0.589,0.486,0.45,0.377,0.171,0.08,0.036,0.008,0.276,2.19,1.719,1.421,1.275,1.099,0.908,0.903,0.56,0.429,741.9265888338708,412.1814382410394,70.70785217825829,64.97478308272385,61.152737019034205,55.419667923499745,49.68659882796529,45.86455276427565,43.95352973243084,42.04250670058602,34.398414573206736,2700.654,11.024999999999999,11.34,11.280000000000001,10.92,10.82,11.225,11.43,11.26,11.145,11.295,11.219999999999999,347.4920728660337,1195.632807886249,164.69390405669375,108.50638645345931,89.53158542679326,82.89961613591969,69.4514561849816,31.50185413164948,14.73770953527461,6.631969290873574,1.473770953527461,1622.308669876891,6451.57171875,3235.2973249868724,3.405,3405.0,1.2608057159488035,18.11,28.304596321406873,2.165,4.554,3603.6549979996366,91.4644667415497,200.0,177.5,205.0,9.853333333333333,15.373333333333333,8.013333333333334,11.178181818181818,11.1825,11.177222222222222,10.444444444444445,253.94444444444446,654.1944444444445,1.045,1.068,1.0392500000000002,205.0,464.0866252472782,2025-04,False,True,205.0,0.5091666666666667,0.49083333333333334,5304066.775777414,2603412.7757774144,533.6996190343699,0.7958312887915298,66.18241374589266,0.7958312887915298,0.9452500912741877,51.743719305738864,1.722974740233662,2867.9014014180884,PostChange,0,1,623.3475772341982,623.3475772341982,0.085355332584503,0.03502223391339726,102.9125925925926,61.27945103584588,2019.9333333333334,94.68778435203532,287.9190291195875,0.9,Sulfide Super Grade
2025-04-23,148.15199402086273,3432.1878614833195,50.375,2.166,2.16,2.1630000000000003,4.417,4.04,4.2285,100.0,265.0,0.0,0.36537514204695465,0.0,5480.628880725559,190.0,438.0497016,6.095644409937888,14.406987577639748,79.49736801242237,100.0,265.0,260.0,245.0,225.0,220.0,235.0,220.0,190.0,200.0,190.0,13.24,9.26,8.28,8.58,8.33,8.06,8.31,8.56,8.53,8.19,8.2,13.5,11.9375,11.3125,11.9375,9.9375,11.625,10.4375,14.0,16.4375,778.5,527.0,394.0,241.5,183.0,149.0,142.5,108.5,86.0,1700.5,1107.0,878.0,708.5,566.0,380.0,343.0,310.5,235.0,0.235,1.45,0.931,0.93,0.555,0.358,0.289,0.242,0.066,0.009,0.004,0.082,1.719,1.579,1.639,1.135,0.907,0.615,0.442,0.394,0.246,848.4066716387553,346.7401179741,84.65623093091058,77.13123262594074,65.843735168486,62.08123601600109,56.43748728727372,54.55623771103126,48.91248898230389,39.506241101091604,35.74374194860669,2532.0792,10.785,11.035,11.015,11.335,10.92,10.899999999999999,11.305,11.285,10.925,11.41,11.375,170.78886704183338,1053.8036477049293,172.53672757475087,172.35140348498206,102.85486982168284,66.34602413722965,53.55866194318259,44.84842972404909,12.231389924740663,1.667916807919181,0.7412963590751916,1720.0154213845008,8188.432500000001,3187.4074256739655,0.0,0.0,0.0,13.24,29.718652974874672,2.1630000000000003,4.2285,3432.1878614833195,92.00730954178368,213.63636363636363,182.5,220.55555555555554,9.231666666666667,11.913333333333334,8.337777777777779,11.117272727272727,10.91,11.163333333333334,12.347222222222221,290.0,692.0555555555555,0.8642000000000001,0.8425,0.8696250000000001,190.0,412.1150804962779,2025-04,False,True,265.0,0.50375,0.49624999999999997,5026459.950372209,2494380.7503722087,661.0108988486353,0.7949736801242236,66.6239227484472,0.7949736801242236,0.9390435559006212,52.18050435972882,1.719528070108696,2728.4990151210836,PostChange,0,1,772.0439131438866,772.0439131438866,0.07992690458216327,0.048352115380765885,113.98543981481481,64.28144638465392,2446.391666666667,122.51445901775764,356.9303485161356,0.9,Sulfide Super Grade
2025-04-24,132.9569426971284,3190.9666247310815,49.208333333333336,2.21,1.94,2.075,4.93,3.88,4.404999999999999,180.0,260.0,0.0,0.3506784086857357,0.0,4726.752290635902,240.0,439.09885479999997,6.435709342560554,11.791643598615916,81.77264705882352,180.0,260.0,295.0,275.0,290.0,290.0,340.0,260.0,265.0,230.0,240.0,17.09,9.57,8.25,8.09,8.23,7.94,8.32,8.13,8.44,8.27,7.94,12.4375,11.9375,10.875,10.9375,10.8125,11.625,11.625,12.5,18.5625,732.0,460.0,399.0,239.0,184.0,161.0,119.0,93.0,72.0,1653.0,1175.5,873.5,705.0,536.75,400.0,328.0,282.25,216.0,0.991,1.214,0.545,0.527,0.402,0.37,0.3,0.08,0.038,0.004,0.002,0.753,1.85,1.666,1.639,1.166,1.343,1.24,0.832,0.552,0.298,442.05308230664315,335.10475594213267,89.0879558616372,70.90674037967044,61.816132638687044,54.54364644590033,52.72552489770365,50.90740334950698,49.0892818013103,43.63491715672026,34.544309415736876,2275.1236,11.475,11.415,11.1,11.315000000000001,11.175,10.969999999999999,11.195,11.085,10.835,11.105,11.120000000000001,729.3066878340004,893.4190908481095,102.27587986047449,98.89796089260561,75.44019028240504,69.43500100619369,56.298649464481365,15.012973190528365,7.131162265500973,0.7506486595264182,0.3753243297632091,1284.413750195649,7469.507812499999,2233.984425393025,0.0,0.0,0.0,17.09,31.965235615272547,2.075,4.404999999999999,3190.9666247310815,90.71034765943008,265.90909090909093,220.0,276.1111111111111,9.78,14.583333333333334,8.17888888888889,11.162727272727274,11.445,11.100000000000001,12.368055555555555,273.22222222222223,685.5555555555555,1.0940999999999999,1.1025,1.092,240.0,490.0858965622353,2025-04,False,True,260.0,0.4920833333333334,0.5079166666666666,4623451.854360711,2348328.2543607107,610.5653461337847,0.8177264705882352,65.41441392733563,0.8177264705882352,0.9356429065743944,50.0,1.6967824264705882,2609.337875806201,PostChange,0,1,713.1247909531378,713.1247909531378,0.09289652340569912,0.055006055746793014,120.95958333333333,66.32786390169053,2542.7999999999997,125.30060096095922,343.6729417945637,0.9,Sulfide Super Grade
2025-04-25,137.92292356406202,3310.1501655374886,51.25,2.04,2.24,2.14,4.692,5.11,4.901,75.0,300.0,0.0,0.33580813289543787,0.0,5364.764672182927,240.0,470.878477,6.39187969924812,16.785338345864663,78.8227819548872,75.0,300.0,295.0,320.0,280.0,270.0,270.0,205.0,240.0,245.0,240.0,17.2,9.91,8.28,8.18,8.37,8.09,8.31,8.42,8.37,8.33,8.25,13.1875,10.625,10.625,11.3125,9.5625,11.9375,11.4375,13.0625,19.5,738.0,588.5,344.0,266.5,196.5,143.0,103.5,89.0,69.5,1605.5,1244.0,869.0,701.5,507.5,420.0,313.0,254.0,197.0,0.253,2.424,1.709,1.083,0.905,0.755,0.313,0.154,0.055,0.021,0.006,0.033,3.1,2.679,2.054,1.997,1.607,1.548,1.109,0.756,0.475,1710.0615174299382,469.13192071086803,102.2631920710868,90.68622693096377,77.17976760082024,71.39128503075871,59.81431989063568,55.95533151059466,52.096343130553656,46.30786056049214,36.66038961038961,2504.6727499999997,11.045,11.175,11.280000000000001,11.504999999999999,11.225,11.205,11.41,11.385000000000002,11.205,11.375,11.370000000000001,182.09774436090225,1744.6835269993164,313.66516404647984,198.77084415584415,166.1012132604238,138.5706254272044,57.44715994531784,28.264736842105265,10.094548872180452,3.854282296650718,1.1012235133287764,2771.548154477101,7635.377343749999,2044.888372824485,0.0,0.0,0.0,17.2,30.81431200975067,2.14,4.901,3310.1501655374886,91.22275615477464,249.0909090909091,187.5,262.77777777777777,9.909166666666666,14.770000000000001,8.288888888888888,11.289090909090909,11.11,11.32888888888889,12.36111111111111,282.05555555555554,679.0555555555555,1.4902,1.3385,1.528125,240.0,497.2160538706259,2025-04,False,True,300.0,0.5125,0.48750000000000004,4887166.341463414,2382493.5914634145,714.7480774390243,0.7727723721067374,68.11831969629957,0.7727723721067374,0.9373345127524694,60.34093708705684,1.6537328763084183,2557.992595451915,PostChange,0,1,834.8075706153438,834.8075706153438,0.08777243845225352,0.05592043982013656,122.48831018518517,65.94262770086644,2972.7499999999995,140.18626081186537,390.0951727400076,0.9,Sulfide Super Grade
2025-04-26,122.85567939465321,2897.3464390572385,50.21739130434783,2.22,2.27,2.245,4.95,4.55,4.75,145.0,115.0,1.600302445412532,0.3797746170993508,3.405,4780.956287915152,295.0,421.2891144,7.960908679927667,15.274376130198915,78.76471518987341,145.0,115.0,215.0,270.0,315.0,325.0,295.0,280.0,305.0,295.0,295.0,11.53,8.08,8.21,8.17,8.17,8.01,8.36,8.51,8.43,8.28,8.07,13.5625,9.3125,9.8125,10.1875,9.125,10.125,10.375,15.5,22.875,646.0,534.5,338.0,243.5,178.0,145.0,108.5,96.5,76.5,1485.25,1080.75,768.75,662.25,465.5,448.25,359.75,293.5,236.25,0.431,2.164,1.283,1.032,0.764,0.658,0.57,0.442,0.142,0.055,0.005,0.134,2.76,2.146,1.913,1.761,1.525,1.423,0.938,0.729,0.648,1740.4556693747793,323.12257152949485,99.25003532320737,82.3962557400212,76.77832921229248,69.2877605086542,61.797191805015906,56.179265277287186,54.30662310137761,48.6886965736489,43.07077004592018,2127.7228,11.275,11.21,11.215,11.275,11.125,11.129999999999999,11.175,11.120000000000001,11.030000000000001,11.125,11.135,313.7728717767573,1575.416460614624,238.17981808548217,191.58345460967857,141.83116213352173,122.15301660190747,105.81644295302013,82.05415400918405,26.361289297068172,10.210358530554576,0.9282144118685978,2655.333168491699,6884.9840625,1547.5130640530479,3.405,3405.0,1.600302445412532,11.53,35.20462676641098,2.245,4.75,2897.3464390572385,91.18818309498259,259.54545454545456,130.0,288.3333333333333,8.779166666666667,10.38,8.245555555555557,11.165000000000001,11.2425,11.14777777777778,12.319444444444445,262.94444444444446,644.4722222222222,1.3677999999999997,1.2975,1.385375,295.0,541.0815499868247,2025-04,True,False,145.0,0.5021739130434782,0.49782608695652175,4237023.757575757,2109300.957575757,305.84863884848477,0.7722030900967982,69.11531463851364,0.7722030900967982,0.9219518756869837,61.6014755118253,1.733595937267312,2237.339873320954,PostChange,0,1,357.22342911079073,357.22342911079073,0.08811816905017407,0.030328660474582724,108.15445601851852,79.03438709059266,1272.9791666666667,64.58768557823795,159.11885876267397,0.9,Sulfide Super Grade
2025-04-27,139.61042275013594,3350.6501460032628,51.083333333333336,2.21,1.66,1.935,4.19,3.52,3.8550000000000004,25.0,365.0,0.0,0.36473580267182876,0.0,4884.737517646004,230.0,529.8643350000001,8.61592960979342,14.613427697016068,78.77064269319051,25.0,365.0,200.0,200.0,210.0,235.0,255.0,250.0,260.0,255.0,230.0,,0.0,0.0,0.0,0.0,0.0,0.0,0.0,0.0,0.0,0.0,12.4375,10.125,7.75,8.8125,10.1875,9.5,10.8125,18.0,23.5,610.5,524.5,337.0,250.5,215.5,162.5,116.0,104.0,94.5,1485.25,1080.75,768.75,662.25,465.5,448.25,359.75,293.5,236.25,0.009,1.856,0.834,0.479,0.573,0.313,0.141,0.086,0.03,0.002,0.001,0.047,2.829,2.182,1.773,2.119,1.669,1.205,0.766,0.543,0.317,1212.3895536648622,444.2918240138314,82.57050593748578,74.88952864097547,72.96928431684789,67.20855134446516,65.2883070203376,63.36806269621002,57.607329723827284,49.926352427316985,46.085863779061825,2523.1635,11.205,11.245000000000001,11.245000000000001,11.46,11.29,11.219999999999999,11.37,11.344999999999999,11.23,11.33,11.344999999999999,6.489876700486827,1338.356795122617,153.35578643250375,88.07844328677373,105.36314823240365,57.554389872150686,25.927057418444875,15.813666226852902,5.5163951954138035,0.3677596796942536,0.1838798398471268,2236.595163565222,6836.3189062500005,2555.7119270945354,0.0,0.0,0.0,10.625,30.441853239040217,1.935,3.8550000000000004,3350.6501460032628,89.15265491572725,225.9090909090909,195.0,232.77777777777777,10.625,10.625,,11.298636363636364,11.225000000000001,11.315000000000001,12.347222222222221,268.3333333333333,644.4722222222222,1.2439,0.9325,1.32175,230.0,483.22902920065263,2025-04,False,True,365.0,0.5108333333333334,0.48916666666666664,4939308.646003262,2416145.146003262,881.8929782911906,0.7722612028744168,69.5130434538008,0.7722612028744168,0.9155301018647704,62.10084556080579,1.4943254275619966,2587.57711216382,PostChange,0,1,1030.0285624941828,1030.0285624941828,0.10847345084272741,0.07472254111535077,131.18923611111111,58.904986017542825,3878.125,188.62951612653163,532.3117516158484,0.9,Sulfide Super Grade
2025-04-28,137.80992763748597,3307.4382632996635,51.333333333333336,2.45,1.82,2.1350000000000002,4.68,4.38,4.529999999999999,10.0,255.0,0.0,0.350919648887617,0.0,5359.499781172728,240.0,514.269847,8.182103610675039,10.756718995290425,81.06117739403454,10.0,255.0,275.0,240.0,225.0,205.0,215.0,205.0,210.0,230.0,240.0,9.72,8.02,7.97,8.33,8.35,8.1,8.36,8.51,8.48,8.23,7.3,13.125,12.125,11.625,6.375,8.375,9.6875,8.625,9.0625,18.5,630.5,364.0,314.0,244.5,204.5,189.5,170.0,143.0,132.0,1365.0,917.5,668.5,623.0,423.5,476.5,406.5,333.0,275.5,0.388,2.159,1.188,0.731,0.566,0.484,0.419,0.091,0.047,0.008,0.005,0.02,2.593,2.101,1.632,0.337,0.961,0.902,0.682,0.63,0.414,1441.1163808828892,310.9777453484129,92.83823422108718,73.49693542502735,67.69454578620939,59.95802626778547,59.95802626778547,54.15563662896753,50.287376869755555,46.41911711054359,40.61672747172564,2508.6334,10.760000000000002,10.815000000000001,10.92,11.215,11.059999999999999,11.01,11.02,11.21,11.05,11.265,11.325,279.003283473185,1552.4950747902224,217.83828529733668,134.0402243706676,103.78490696825972,88.7489310470631,76.83016964611454,16.68626596132798,8.61818132068588,1.4669244801167454,0.9168278000729658,2297.518752280189,6795.853593750001,2361.5757030019327,0.0,0.0,0.0,9.72,30.839577908928156,2.1350000000000002,4.529999999999999,3307.4382632996635,90.40451780954321,210.0,132.5,227.22222222222223,8.424166666666668,9.153333333333334,8.181111111111111,11.059090909090909,10.787500000000001,11.119444444444445,10.833333333333334,265.77777777777777,609.8888888888889,1.0206,1.2734999999999999,0.957375,240.0,496.34395446640326,2025-04,False,True,255.0,0.5133333333333333,0.4866666666666667,4886948.181818183,2378314.781818182,606.4702693636365,0.8106117739403453,66.9505788854003,0.8106117739403453,0.9181789638932496,50.0,1.7306561373626375,2681.0483978115153,PostChange,0,1,708.341845468038,708.341845468038,0.09595482190456796,0.04757906715395046,91.26180555555558,65.84249883556161,2148.1625000000004,119.43737968440428,331.77448605301043,0.9,Sulfide Super Grade
2025-04-29,138.10714408215816,3314.571457971796,51.541666666666664,1.51,2.0,1.755,4.19,4.12,4.155,0.0,155.0,1.3463027560893215,0.3875346882270343,3.405,4441.033993680194,225.0,518.475504,7.378956422018348,15.060022935779818,77.56102064220184,0.0,155.0,270.0,305.0,295.0,270.0,300.0,230.0,220.0,235.0,225.0,7.6,8.16,8.22,8.3,8.53,8.53,8.75,8.57,8.5,8.38,8.23,14.875,12.125,10.875,9.625,7.5625,8.5625,7.625,10.0625,16.5,724.0,522.5,371.0,316.5,247.5,219.5,182.0,138.5,119.0,1381.75,981.25,781.0,645.75,505.5,503.25,423.5,364.0,301.25,0.263,1.669,1.81,0.982,0.848,0.794,0.703,0.622,0.16,0.068,0.005,0.001,1.67,1.473,1.159,1.155,0.999,0.934,0.712,0.535,0.344,1610.0132507824815,434.9324895478741,89.50452811222043,85.61302688994996,70.04702200086815,64.20977016746248,62.26401955632725,56.42676772292157,54.48101711178635,48.64376527838066,40.86076283383976,2529.1488,10.309999999999999,10.96,11.04,11.08,10.83,10.76,10.745000000000001,10.9,10.825,11.045,10.985,188.67430490507414,1197.3285737131891,331.1126442164904,179.6423296246373,155.129017842864,145.25051906513445,128.60341927303466,113.78567110644035,29.26962600808755,12.439591053437209,0.9146758127527359,2616.9964200041127,8333.87015625,1438.3078731826245,3.405,3405.0,1.3463027560893215,7.6,30.773208933143454,1.755,4.155,3314.571457971796,88.32534259503944,250.5,155.0,261.1111111111111,8.280833333333332,7.786666666666666,8.445555555555556,10.861818181818181,10.635,10.912222222222221,10.868055555555555,315.6111111111111,654.1388888888889,0.9243,0.966,0.913875,225.0,465.2314591683949,2025-04,False,True,155.0,0.5154166666666666,0.48458333333333337,4906998.480194017,2377849.6801940175,368.56670043007273,0.7756102064220184,68.63620986238533,0.7756102064220184,0.9262104357798165,60.12191087041609,1.3611959122706423,2570.815452718035,PostChange,0,1,430.4765294342339,430.4765294342339,0.1167465740496055,0.03490178193199433,89.99655671296294,54.00698167766676,1283.5291666666665,88.3185850792873,245.28437412563684,0.9,Sulfide Super Grade
2025-04-30,118.83799637681159,2852.111913043478,51.75,2.27,1.69,1.98,4.39,4.26,4.324999999999999,5.0,65.0,0.0,0.3755754986215801,0.0,4335.878185956522,210.0,459.7576200000001,5.191647058823529,17.021117647058823,77.78723529411765,5.0,65.0,195.0,210.0,210.0,200.0,195.0,185.0,210.0,185.0,210.0,8.2,7.49,7.75,8.12,8.3,8.05,8.32,8.49,8.51,8.32,7.8,12.6875,10.5,11.25,10.4375,8.5,7.8125,8.6875,6.625,17.25,582.5,424.5,331.5,274.5,226.5,206.0,184.0,156.5,135.0,1398.5,1045.0,893.5,668.5,587.5,530.0,440.5,395.0,327.0,0.329,0.336,1.261,1.033,0.764,0.346,0.203,0.167,0.064,0.015,0.002,0.1,0.268,1.575,1.537,1.263,0.963,0.879,0.776,0.634,0.596,1489.1718170580964,1235.8590852904822,101.78566131025958,86.12632880098887,68.50957972805934,64.59474660074166,58.72249690976514,54.80766378244747,50.89283065512979,48.93541409147095,45.02058096415328,2189.322,10.71,10.455,10.61,10.7025,10.705,10.725,10.754999999999999,10.81,10.71,10.745000000000001,10.075,235.46477132262052,240.47466007416566,230.13639678615576,188.52569221260816,139.43236093943142,63.14606922126082,37.04812731767615,30.478016069221265,11.680197775030903,2.737546353522868,0.3650061804697157,3304.426205191595,6869.923125,2695.7193184747116,0.0,0.0,0.0,8.2,35.76297253046995,1.98,4.324999999999999,2852.111913043478,89.39643596332782,170.0,35.0,200.0,8.129166666666666,7.963333333333334,8.184444444444445,10.636590909090911,10.5825,10.64861111111111,10.416666666666666,280.1111111111111,698.3888888888889,0.8888,0.3325,1.027875,210.0,372.75034933837435,2025-04,False,True,0.0,0.5175,0.48250000000000004,4230573.9130434785,2041251.9130434785,0.0,0.7778723529411764,67.12775735294117,0.7778723529411764,0.9480835294117647,58.12507127823918,1.5401872588235292,2218.5790046506904,PostChange,0,1,0.0,0.0,0.10603564036672183,0.0,84.67881944444444,70.81068561033051,0.0,0.0,0.0,0.9,Sulfide Super Grade
