Date,Leach_Feed_Throughput_M3Hr,Leach_Feed_Throughput_M3Day,Percentsolids,Leach_Feed_Grade_Au_Gt_Ds,Leach_Feed_Grade_Au_Gt_Ns,Au_Grade,Leach_Feed_Grade_Ag_Gt_Ds,Leach_Feed_Grade_Ag_Gt_Ns,Leach_Feed_Grade_Ag_Gt_Day,Cn_Added_Free_Cn_Ppm_Leach_Tank_1,Cn_Added_Free_Cn_Ppm_Leach_Tank_2,Daily_Nacn_Consumption_Kgt,Mtd_Nacn_Consumption_Kgt,Nacn_Used_T,Au_Feed_g,CN_Tailings_Concentration,Au_Tailings_g,Leach_Feed_Gt_150um_Day,Leach_Feed_Gt_75um_Day,Leach_Feed_Lt_75um_Day,Cyanide_Profile_Ppm_Leach_Tank_1,Cyanide_Profile_Ppm_Leach_Tank_2,Cyanide_Profile_Ppm_Cil_Tank_01,Cyanide_Profile_Ppm_Cil_Tank_02,Cyanide_Profile_Ppm_Cil_Tank_03,Cyanide_Profile_Ppm_Cil_Tank_04,Cyanide_Profile_Ppm_Cil_Tank_05,Cyanide_Profile_Ppm_Cil_Tank_06,Cyanide_Profile_Ppm_Cil_Tank_07,Cyanide_Profile_Ppm_Cil_Tank_08,Cyanide_Profile_Ppm_Cil_Tank_09,Dissolved_Oxygen_Profile_Ppm_Leach_Tank_01,Dissolved_Oxygen_Profile_Ppm_Leach_Tank_02,Dissolved_Oxygen_Profile_Ppm_Cil_Tank_01,Dissolved_Oxygen_Profile_Ppm_Cil_Tank_02,Dissolved_Oxygen_Profile_Ppm_Cil_Tank_03,Dissolved_Oxygen_Profile_Ppm_Cil_Tank_04,Dissolved_Oxygen_Profile_Ppm_Cil_Tank_05,Dissolved_Oxygen_Profile_Ppm_Cil_Tank_06,Dissolved_Oxygen_Profile_Ppm_Cil_Tank_07,Dissolved_Oxygen_Profile_Ppm_Cil_Tank_08,Dissolved_Oxygen_Profile_Ppm_Cil_Tank_09,Carbon_Concentration_Profile_Gl_Cil_Tank_01,Carbon_Concentration_Profile_Gl_Cil_Tank_02,Carbon_Concentration_Profile_Gl_Cil_Tank_03,Carbon_Concentration_Profile_Gl_Cil_Tank_04,Carbon_Concentration_Profile_Gl_Cil_Tank_05,Carbon_Concentration_Profile_Gl_Cil_Tank_06,Carbon_Concentration_Profile_Gl_Cil_Tank_07,Carbon_Concentration_Profile_Gl_Cil_Tank_08,Carbon_Concentration_Profile_Gl_Cil_Tank_09,Gold_Carbon_Loadings_Profile_Gt_Of_Carbon_Cil_Tank_01,Gold_Carbon_Loadings_Profile_Gt_Of_Carbon_Cil_Tank_02,Gold_Carbon_Loadings_Profile_Gt_Of_Carbon_Cil_Tank_03,Gold_Carbon_Loadings_Profile_Gt_Of_Carbon_Cil_Tank_04,Gold_Carbon_Loadings_Profile_Gt_Of_Carbon_Cil_Tank_05,Gold_Carbon_Loadings_Profile_Gt_Of_Carbon_Cil_Tank_06,Gold_Carbon_Loadings_Profile_Gt_Of_Carbon_Cil_Tank_07,Gold_Carbon_Loadings_Profile_Gt_Of_Carbon_Cil_Tank_08,Gold_Carbon_Loadings_Profile_Gt_Of_Carbon_Cil_Tank_09,Silver_Carbon_Loadings_Profile_Gt_Of_Carbon_Cil_Tank_01,Silver_Carbon_Loadings_Profile_Gt_Of_Carbon_Cil_Tank_02,Silver_Carbon_Loadings_Profile_Gt_Of_Carbon_Cil_Tank_03,Silver_Carbon_Loadings_Profile_Gt_Of_Carbon_Cil_Tank_04,Silver_Carbon_Loadings_Profile_Gt_Of_Carbon_Cil_Tank_05,Silver_Carbon_Loadings_Profile_Gt_Of_Carbon_Cil_Tank_06,Silver_Carbon_Loadings_Profile_Gt_Of_Carbon_Cil_Tank_07,Silver_Carbon_Loadings_Profile_Gt_Of_Carbon_Cil_Tank_08,Silver_Carbon_Loadings_Profile_Gt_Of_Carbon_Cil_Tank_09,Dissolved_Gold_Metal_Profile_G_Milled_Tons_Leach_Tank_01,Dissolved_Gold_Metal_Profile_G_Milled_Tons_Leach_Tank_02,Dissolved_Gold_Metal_Profile_G_Milled_Tons_Cil_Tank_01,Dissolved_Gold_Metal_Profile_G_Milled_Tons_Cil_Tank_02,Dissolved_Gold_Metal_Profile_G_Milled_Tons_Cil_Tank_03,Dissolved_Gold_Metal_Profile_G_Milled_Tons_Cil_Tank_04,Dissolved_Gold_Metal_Profile_G_Milled_Tons_Cil_Tank_05,Dissolved_Gold_Metal_Profile_G_Milled_Tons_Cil_Tank_06,Dissolved_Gold_Metal_Profile_G_Milled_Tons_Cil_Tank_07,Dissolved_Gold_Metal_Profile_G_Milled_Tons_Cil_Tank_08,Dissolved_Gold_Metal_Profile_G_Milled_Tons_Cil_Tank_09,Dissolved_Silver_Metal_Profile_Gmilled_Tons_Leach_Tank_01,Dissolved_Silver_Metal_Profile_Gmilled_Tons_Leach_Tank_02,Dissolved_Silver_Metal_Profile_Gmilled_Tons_Cil_Tank_01,Dissolved_Silver_Metal_Profile_Gmilled_Tons_Cil_Tank_02,Dissolved_Silver_Metal_Profile_Gmilled_Tons_Cil_Tank_03,Dissolved_Silver_Metal_Profile_Gmilled_Tons_Cil_Tank_04,Dissolved_Silver_Metal_Profile_Gmilled_Tons_Cil_Tank_05,Dissolved_Silver_Metal_Profile_Gmilled_Tons_Cil_Tank_06,Dissolved_Silver_Metal_Profile_Gmilled_Tons_Cil_Tank_07,Dissolved_Silver_Metal_Profile_Gmilled_Tons_Cil_Tank_08,Undissolved_Gold_Profile_Au_Grams_Per_Day_Per_Tank_Leach_Tank_01,Undissolved_Gold_Profile_Au_Grams_Per_Day_Per_Tank_Leach_Tank_02,Undissolved_Gold_Profile_Au_Grams_Per_Day_Per_Tank_Cil_Tank_01,Undissolved_Gold_Profile_Au_Grams_Per_Day_Per_Tank_Cil_Tank_02,Undissolved_Gold_Profile_Au_Grams_Per_Day_Per_Tank_Cil_Tank_03,Undissolved_Gold_Profile_Au_Grams_Per_Day_Per_Tank_Cil_Tank_04,Undissolved_Gold_Profile_Au_Grams_Per_Day_Per_Tank_Cil_Tank_05,Undissolved_Gold_Profile_Au_Grams_Per_Day_Per_Tank_Cil_Tank_06,Undissolved_Gold_Profile_Au_Grams_Per_Day_Per_Tank_Cil_Tank_07,Undissolved_Gold_Profile_Au_Grams_Per_Day_Per_Tank_Cil_Tank_08,Undissolved_Gold_Profile_Au_Grams_Per_Day_Per_Tank_Cil_Tank_09,Leach_Feed_Dry_t,Ph_Leach_Tank_01,Ph_Leach_Tank_02,Ph_Cil_Tank_01,Ph_Cil_Tank_02,Ph_Cil_Tank_03,Ph_Cil_Tank_04,Ph_Cil_Tank_05,Ph_Cil_Tank_06,Ph_Cil_Tank_07,Ph_Cil_Tank_08,Ph_Cil_Tank_09,Dissolved_Au_Metal_Profile_G_Leach_Tank_01,Dissolved_Au_Metal_Profile_G_Leach_Tank_02,Dissolved_Au_Metal_Profile_G_Cil_Tank_01,Dissolved_Au_Metal_Profile_G_Cil_Tank_02,Dissolved_Au_Metal_Profile_G_Cil_Tank_03,Dissolved_Au_Metal_Profile_G_Cil_Tank_04,Dissolved_Au_Metal_Profile_G_Cil_Tank_05,Dissolved_Au_Metal_Profile_G_Cil_Tank_06,Dissolved_Au_Metal_Profile_G_Cil_Tank_07,Dissolved_Au_Metal_Profile_G_Cil_Tank_08,Dissolved_Au_Metal_Profile_G_Cil_Tank_09,Au_on_Carbon_g,Undissolved_Au_g,Total_Au_Grams,Residence_Time,Tonnes_Processed,Leach_Cn_Adds_To_Tank_1,Leach_Cn_Adds_To_Tank_2,CN_Concentration_PL_01,Solids_Fraction,Liquid_Fraction,Slurry_Mass_Kg,Solution_Mass_Kg,NaCN_Used_Kg,CN_Kg_T,Dissolved_Oxygen_Profile_Ppm_Leach_Tank_01_Imputed,Dissolved_Oxygen_PL_01,Leach_Feed_Grade_Au_Gt,Fines_Fraction,Grade_x_Fines,Particle_Size,Au_Recovery_g,Au_Recovery_pct,Total_Au_in_Solution_g,Au_Residual_g,Au_Accounted_g,Au_Unaccounted_g,Au_Inventory_g
2024-06-01,140.38744529478458,3369.29868707483,51.04166666666666,2.08,2.13,2.1342551020408163,7.8,5.99,6.895,485.0,470.0,0.0,0.0,0.0,5408.537506622448,312.0,838.7025320204081,15.655,22.020000000000003,65.85869169510808,485.0,470,450,435,425,425,450,435.0,405,385,375,,0.0,0.0,0.0,0.0,0.0,0.0,0.0,0.0,0.0,0.0,11.375,10.125,8.25,9.1875,10.0,6.375,4.6875,5.625,13.1875,866.0,451.5,326.0,252.0,198.0,178.0,158.0,122.0,98.5,0.0,0.0,0.0,0.0,0.0,0.0,0.0,0.0,0.0,2.04,2.16,0.88,0.76,0.24,0.145,0.072,0.006,0.004,0.001,0.001,0.0,0.0,0.0,0.0,0.0,0.0,0.0,0.0,0.0,0.0,579.1415577032404,511.44968732234224,111.24030699260943,88.22507106310404,88.22507106310404,72.88158044343378,92.0609437180216,72.88158044343378,65.20983513359865,76.71745309835134,88.22507106310404,2499.4202801245,11.46,11.47,11.395,11.25,11.24,11.3,11.24,11.26,11.285,11.34,11.305,1471.722569641842,1558.294485503127,161.88948266060262,139.813644115975,44.15167708925526,26.674971574758384,13.245503126776578,1.1037919272313816,0.7358612848209211,0.1839653212052302,0.1839653212052302,1091.5918749921154,1846.2581580443436,6443.220468749999,30.273362344302797,4643.314753125,True,False,485.0,0.5104166666666666,0.4895833333333333,4896823.405958204,2397403.125833704,1162.7405160293465,0.4652040816326531,19.205,21.27388888888889,2.1342551020408163,0.6361087933486668,1.3576184376574192,82.19362649421966,4569.834974602039,84.49298852058502,3417.999917566799,-1990.5375890556488,7194.552482623667,-1786.014976001219,2266.164860531558
2024-06-02,139.86450500095663,3356.7481200229595,51.083333333333336,2.43,2.53,2.480957585644372,6.93,6.98,6.955,425.0,470.0,0.7912157643411318,0.3951075803858719,2.0,6271.254182379283,326.0,861.8574123792822,15.245,19.4,62.11766793168881,425.0,470,425,450,425,450,415,440.0,395,390,365,,0.0,0.0,0.0,0.0,0.0,0.0,0.0,0.0,0.0,0.0,11.25,10.75,8.5625,7.0625,8.375,5.0625,5.625,7.375,13.875,987.0,521.5,387.5,245.5,182.5,184.0,138.0,97.0,79.5,0.0,0.0,0.0,0.0,0.0,0.0,0.0,0.0,0.0,2.44,2.36,1.04,0.4,0.16,0.08,0.022,0.012,0.005,0.001,0.001,0.0,0.0,0.0,0.0,0.0,0.0,0.0,0.0,0.0,0.0,549.7170025933847,542.1866326948451,119.05514809590971,111.3741707993994,103.69319350288912,96.0122162063788,80.6502616133582,72.96928431684789,72.96928431684789,61.44781837208244,53.76684107557214,2526.7798515676013,10.3,11.12,11.29,11.305,11.345,11.29,11.305,11.32,11.335,11.34,11.395,1759.4776832430955,1701.7898903498792,191.23503344101184,73.55193593885072,29.420774375540287,14.710387187770143,4.0453564766367895,2.2065580781655214,0.919399199235634,0.1838798398471268,0.1838798398471268,1632.003712497136,1863.8418535875155,6838.1596875,30.386551612726407,4629.794844541667,False,True,470.0,0.5108333333333334,0.4891666666666666,4946387.963917,2419608.1123494,1137.215812804218,0.4500652528548124,21.56,21.27388888888889,2.480957585644372,0.6419590246885482,1.592673111973916,82.22446287034263,5409.39677,86.25701674154917,3777.72477796988,-2493.529404409403,8135.427756433814,-1864.173574054531,2146.052785939759
2024-06-03,140.6872290835901,3376.4934980061626,51.083333333333336,2.28,2.83,2.556436378466558,5.22,5.31,5.265,435.0,410.0,0.0,0.2630008901265126,0.0,6500.057768580342,278.0,905.0664782202284,15.13,19.18,64.55126237623762,435.0,410,440,395,425,415,390,380.0,395,380,375,21.56,10.7,8.89,8.41,8.32,8.55,8.9,7.96,8.69,8.72,8.67,9.9375,8.75,8.4375,6.4375,7.8125,7.0625,6.3125,6.875,13.1875,1135.0,632.0,397.0,286.0,190.0,165.0,164.5,146.0,151.0,1618.0,953.5,772.0,484.5,358.5,321.0,289.0,291.5,267.5,2.32,1.88,1.08,0.84,0.56,0.16,0.088,0.016,0.007,0.001,0.001,0.0,0.0,0.0,0.0,0.0,0.0,0.0,0.0,0.0,0.0,519.5955229992265,640.0814413758588,111.3741707993994,99.85270485463396,84.49075026161336,80.6502616133582,78.73001728923062,76.80977296510305,78.73001728923062,72.96928431684789,65.2883070203376,2541.195881978794,11.51,11.415,11.364999999999998,11.33,11.31,11.28,11.265,11.205,11.25,11.235,11.22,1672.945993903271,1355.6631329905815,198.5902270348969,154.45906547158648,102.972710314391,29.420774375540287,16.181425906547158,2.942077437554029,1.2871588789298876,0.1838798398471268,0.1838798398471268,2059.4507334045347,1908.57225078484,7314.172968750001,30.20885426263417,4657.028657125,True,False,435.0,0.5108333333333334,0.4891666666666666,4974608.5780987805,2433412.6961199865,1058.5345228121942,0.4165497553017943,21.56,21.27388888888889,2.556436378466558,0.652947988167236,1.6692199901972735,81.25592295433519,5594.991290360113,86.07602408404593,3534.8303259929926,-2965.2274425873493,8407.919788402596,-1907.8620198222543,1474.6693616258715
2024-06-04,140.64595687055134,3375.5029648932323,51.16666666666666,2.19,2.46,2.3273859934853425,5.57,7.01,6.29,500.0,435.0,0.7849305885880511,0.3939903470395023,2.0,5930.170201856678,208.0,920.9262611140064,16.13,21.575000000000003,62.57902272727273,500.0,435,430,400,405,425,410,375.0,400,365,375,21.86,11.41,8.87,9.17,8.68,8.06,8.66,9.04,9.29,9.04,8.49,12.875,10.125,9.25,9.6875,7.1875,9.125,6.1875,10.625,12.625,1363.5,694.163,382.0,276.0,191.0,164.5,141.0,117.0,88.5,0.0,0.0,0.0,0.0,0.0,0.0,0.0,0.0,0.0,2.42,2.28,0.96,0.76,0.6,0.107,0.051,0.02,0.006,0.002,0.001,0.0,0.0,0.0,0.0,0.0,0.0,0.0,0.0,0.0,0.0,913.3676350059192,573.6854566979328,134.7405973955013,119.3416719788726,92.39355249977233,76.99462708314361,80.84435843730078,73.14489572898643,73.14489572898643,69.29516437482924,65.44543302067207,2545.383841177314,11.7,11.515,11.425,11.4,11.395,11.405,11.385000000000002,11.415,11.36,11.28,11.35,1743.431381477097,1642.571714780075,176.36033148165012,139.61859575630635,110.22520717603132,19.65682861305892,9.369142609962664,3.674173572534378,1.1022520717603137,0.3674173572534377,0.1837086786267188,1161.1917636018106,2272.3982879519167,9408.853033125,30.217718977244708,4663.257345999999,True,False,500.0,0.5116666666666666,0.4883333333333334,4974691.546274882,2429307.705097568,1214.6538525487838,0.477198697068404,21.86,21.27388888888889,2.3273859934853425,0.6240178746863737,1.4523304612295578,83.55158088492753,5009.243940742672,84.47049191226125,3846.560753574356,-2083.6094482823223,8201.07706624209,-2270.9068643854107,2683.8775664060404
2024-06-05,141.22307870156382,3389.353888837532,51.083333333333336,2.07,1.55,1.811915171288744,5.15,4.97,5.0600000000000005,380.0,335.0,0.7836042256406391,0.4722608963448058,2.0,4624.567127129527,175.0,831.9444305647635,18.5,21.265,59.29833838575218,380.0,335,335,295,320,330,325,325.0,305,320,320,21.93,12.1,9.34,8.89,8.59,8.44,8.62,8.56,8.52,8.48,8.41,12.3125,10.625,7.4375,8.0,8.0625,9.9375,8.0,9.875,11.0,1103.5,682.5,425.0,249.5,212.5,180.5,118.0,77.0,69.5,1453.0,937.5,722.0,535.0,493.5,373.0,299.5,178.0,131.0,1.8,1.64,0.72,0.36,0.12,0.066,0.022,0.009,0.003,0.002,0.001,0.0,0.0,0.0,0.0,0.0,0.0,0.0,0.0,0.0,0.0,519.5955229992265,579.8384821875427,119.05514809590971,111.3741707993994,103.69319350288912,96.0122162063788,88.3312389098685,80.6502616133582,80.6502616133582,76.80977296510305,72.96928431684789,2549.6110920105625,11.505,11.525,11.435,11.36,11.275,11.265,11.205,11.29,11.23,11.27,11.24,1297.9753400973657,1182.599754310933,132.39348468993128,66.19674234496564,22.06558078165521,12.136069429910368,4.0453564766367895,1.654918558624141,0.5516395195413804,0.3677596796942536,0.1838798398471268,1070.8848878674626,1928.9795532098824,8152.660781250001,30.09423133297644,4674.766351179167,True,False,380.0,0.5108333333333334,0.4891666666666666,4991082.072451346,2441470.980440784,927.7589725674976,0.3638825448613376,21.93,21.27388888888889,1.811915171288744,0.5985901480005118,1.084594570546102,86.75994125919492,3792.6226965647634,82.01032858439332,2720.1705257291046,-1904.3966014004225,6551.979397371213,-1927.4122702416864,1647.7183548934458
2024-06-06,141.1457509504513,3387.498022810831,51.125,1.86,2.08,1.9719119804400984,3.6,5.26,4.43,375.0,325.0,0.0,0.3932151628052823,0.0,5036.223168230808,172.0,781.4053881154034,19.63,20.925,60.34523881728582,375.0,325,325,330,320,315,330,290.0,285,275,290,21.0,10.32,8.0,8.06,8.52,7.5,8.54,8.84,8.27,8.5,7.95,11.375,10.75,10.6875,9.6875,9.4375,8.3125,6.0625,5.25,11.625,1167.5,842.5,463.0,222.5,143.0,116.5,91.0,79.5,56.5,0.0,0.0,0.0,0.0,0.0,0.0,0.0,0.0,0.0,1.36,1.53,1.04,0.92,0.64,0.32,0.072,0.015,0.008,0.001,0.001,0.0,0.0,0.0,0.0,0.0,0.0,0.0,0.0,0.0,0.0,572.9965180583054,490.0628114972348,138.42389567829588,134.57878746500987,119.1983546118659,111.50813818529387,92.28259711886392,99.97281354543593,80.74727247900593,76.90216426571993,67.28939373250493,2551.5033423941613,11.715,11.585,11.425,11.385000000000002,11.345,11.385,11.305,11.32,11.295,11.305,11.305,980.2362258482964,1102.7657540793334,191.1460640404178,169.09074895883114,117.62834710179555,58.814173550897785,13.233189048952,2.7569143851983338,1.4703543387724447,0.1837942923465556,0.1837942923465556,1615.6221296325923,1983.9627466375364,8513.127187500002,30.110718681796858,4676.017583237501,True,False,375.0,0.51125,0.48875,4990715.58414506,2439212.241750898,914.7045906565868,0.3584963325183374,21.0,21.27388888888889,1.9719119804400984,0.5980683447792565,1.1793381341921951,87.2800158264401,4254.817780115404,84.48429781577957,2637.5093599371885,-2398.713808293619,7018.4996243227215,-1982.276456091914,1020.2009397589728
2024-06-07,141.59034823633155,3398.168357671957,51.04166666666666,2.07,2.32,2.196438775510204,4.79,6.72,5.755,420.0,365.0,46.5594739765406,7.016680251567747,119.0,5613.813730314285,148.0,794.7714975428571,18.37,23.96,60.2290991672975,420.0,365,325,295,320,310,300,295.0,285,245,285,,0.0,0.0,0.0,0.0,0.0,0.0,0.0,0.0,0.0,0.0,12.3125,10.5625,11.25,10.0,8.125,6.25,7.0625,5.8125,11.625,881.5,477.0,294.5,142.0,122.0,91.0,69.5,56.0,41.5,1266.0,709.0,558.0,344.0,314.5,238.5,200.5,165.0,115.5,2.04,2.2,0.84,0.4,0.2,0.08,0.021,0.008,0.002,0.001,0.001,0.0,0.0,0.0,0.0,0.0,0.0,0.0,0.0,0.0,0.0,714.5252984650368,556.5776009096077,157.27077885162024,138.0914155770324,116.9941159749858,92.0609437180216,88.22507106310404,80.5533257532689,84.38919840818647,76.71745309835134,65.20983513359865,2554.1965788219327,10.895,11.285,11.33,11.34,11.335,11.325,11.32,11.305,11.27,11.32,11.27,1471.722569641842,1587.151790790222,154.5308698123934,73.58612848209211,36.79306424104605,14.71722569641842,3.863271745309836,1.471722569641842,0.3679306424104605,0.1839653212052302,0.1839653212052302,1473.7629623014132,2170.6150369528136,5988.3403125,30.01617026116944,4683.100767916666,True,False,420.0,0.5104166666666666,0.4895833333333333,5004140.236059298,2449943.657237365,1028.9763360396933,0.402857142857143,21.0,21.30526315789474,2.196438775510204,0.5872623653709163,1.2898858306985217,86.99086702986266,4819.042232771428,85.84257448281308,3344.5725042637864,-2269.2412260504984,7783.722001060871,-2169.908270746586,1870.102775756145
2024-06-08,139.90354837553176,3217.781612637231,51.16666666666666,2.49,1.89,2.191431596091205,5.65,8.43,7.04,265.0,305.0,0.0,6.174781131795393,0.0,5322.856189724512,156.0,779.5790221496744,15.565,20.06,63.78775766016713,265.0,305,305,315,305,290,285,290.0,275,260,255,,0.0,0.0,0.0,0.0,0.0,0.0,0.0,0.0,0.0,0.0,12.0,12.1875,10.4375,8.125,8.0625,9.0625,8.25,8.5,10.75,987.5,593.0,331.5,222.0,177.0,120.5,74.5,49.0,31.0,0.0,0.0,0.0,0.0,0.0,0.0,0.0,0.0,0.0,1.8,2.32,1.64,0.74,0.42,0.27,0.075,0.022,0.004,0.001,0.001,0.0,0.0,0.0,0.0,0.0,0.0,0.0,0.0,0.0,0.0,611.4279209543757,430.2640925234496,111.64220927055824,100.0930152080867,96.24328385392953,100.0930152080867,84.69408979145797,84.69408979145797,73.14489572898643,65.44543302067207,57.745970312357706,2427.353396742124,11.7,11.66,11.625,11.65,11.6,11.545,11.505,11.465,11.42,11.4,11.364999999999998,1296.7671432474276,1671.3887624077954,301.2822329478189,135.944422183772,77.15764502322193,49.6013432292141,13.778150897003917,4.041590929787815,0.7348347145068755,0.1837086786267188,0.1837086786267188,991.562298604718,1815.4880156634183,7197.231562500001,30.378071531052733,4445.365297858334,False,True,305.0,0.5116666666666666,0.4883333333333334,4744013.153241937,2316659.756499813,706.5812257324429,0.2910912052117265,19.205,21.3335,2.191431596091205,0.6416455911847793,1.4061224220149455,82.18274067938799,4543.277167574837,85.35412202842132,3551.0635429378026,-1771.7926467867092,7137.692879355614,-1814.836689631103,2558.849918300768
2024-06-09,140.40039058440578,3369.609374025739,51.083333333333336,1.69,1.77,1.731436378466558,4.74,5.43,5.085,410.0,350.0,1.1822937326018088,5.618699347480253,3.0,4393.416789894372,148.0,725.6003590962481,14.205,21.73,63.777801296720064,410.0,350,355,345,315,350,290,280.0,255,270,245,,0.0,0.0,0.0,0.0,0.0,0.0,0.0,0.0,0.0,0.0,10.3125,10.875,11.75,10.0625,10.75,10.8125,12.8125,13.125,15.0,1015.5,521.0,269.0,147.0,90.5,51.5,39.0,36.5,41.0,0.0,0.0,0.0,0.0,0.0,0.0,0.0,0.0,0.0,1.4,1.12,0.56,0.36,0.16,0.08,0.025,0.011,0.005,0.001,0.001,0.0,0.0,0.0,0.0,0.0,0.0,0.0,0.0,0.0,0.0,617.4903316802403,587.3688520860823,96.0122162063788,84.49075026161336,80.6502616133582,76.80977296510305,69.12879566859274,65.2883070203376,57.60732972382728,49.926352427316985,42.24537513080668,2535.335470361198,12.114999999999998,11.955,15.85,11.81,11.8,11.8,11.775,11.755,11.75,11.755,11.695,1009.5363756312844,807.6291005050275,102.972710314391,66.19674234496564,29.420774375540287,14.710387187770143,4.59699599617817,2.0226782383183948,0.919399199235634,0.1838798398471268,0.1838798398471268,1628.8285324746537,1827.0183447836573,6094.914375000001,30.270571059736398,4647.533729125001,True,False,410.0,0.5108333333333334,0.4891666666666666,4963136.320446065,2427800.8500848664,995.3983485347952,0.3926101141924958,19.205,21.35285714285714,1.731436378466558,0.6396149788925644,1.1074526426667055,81.42776011953323,3667.816430798124,83.4843723280419,2038.372923472405,-2355.043866421968,6219.820159826963,-1826.403369932591,408.92941614668587
2024-06-10,139.87124659503465,3356.909918280832,51.29166666666666,1.6,1.76,1.681424451665313,3.28,5.12,4.2,310.0,370.0,0.0,5.054458373263719,0.0,4276.037753155199,176.0,714.4842234367993,14.73,20.665,66.12255563938137,310.0,370,355,340,330,340,310,370.0,310,295,300,,0.0,0.0,0.0,0.0,0.0,0.0,0.0,0.0,0.0,0.0,10.1875,9.3125,7.75,9.3125,10.125,9.5,11.5,14.0,20.75,776.0,479.5,402.5,173.0,91.0,51.0,49.5,42.5,43.5,1196.5,872.5,808.0,348.5,219.5,189.0,161.5,162.0,138.5,1.44,1.56,0.52,0.28,0.16,0.08,0.022,0.009,0.003,0.001,0.001,0.0,0.0,0.0,0.0,0.0,0.0,0.0,0.0,0.0,0.0,560.6040161374877,492.4224466072528,119.77229047477948,112.04504592801948,104.31780138125954,96.59055683449957,92.72693456111958,84.99969001435962,81.13606774097963,73.40882319421966,69.54520092083969,2540.949859369848,11.68,11.675,11.695,11.675,11.675,11.675,11.65,11.585,11.575,11.6,11.605,1035.9610694504593,1122.291158571331,95.39474847856312,51.36640302691861,29.35223030109634,14.67611515054817,4.035931666400747,1.651062954436669,0.5503543181455565,0.1834514393818521,0.1834514393818521,1205.30328657978,1887.568873794817,5246.37796875,30.385087024389705,4648.900623079167,False,True,370.0,0.5129166666666667,0.4870833333333333,4953923.365140239,2412973.505770392,892.8001971350449,0.3513647441104793,19.205,21.37590909090909,1.681424451665313,0.6513410929067984,1.0951808399878993,80.85981020985793,3561.5535297184,83.29097485377447,2355.645976796663,-1920.3917763585364,6163.00236060806,-1886.96460745286,1149.738423874926
2024-06-11,141.0034435121042,3384.0826442905013,51.125,2.09,2.03,2.0619119804400974,5.27,5.15,5.21,285.0,330.0,1.1758228712207044,4.699453449976399,3.0,5260.771917881172,204.0,614.7762459405868,15.695,21.14,63.99207250872432,285.0,330,300,300,320,310,300,325.0,315,300,300,,0.0,0.0,0.0,0.0,0.0,0.0,0.0,0.0,0.0,0.0,10.875,9.5,8.8125,10.25,9.625,9.0625,8.125,9.75,17.5,823.0,354.0,279.0,94.5,71.0,52.5,50.5,44.5,41.0,0.0,0.0,0.0,0.0,0.0,0.0,0.0,0.0,0.0,1.56,1.64,0.76,0.4,0.201,0.101,0.044,0.014,0.006,0.002,0.001,0.0,0.0,0.0,0.0,0.0,0.0,0.0,0.0,0.0,0.0,527.759950843176,550.3782344507406,111.50813818529387,103.81792175872192,96.12770533214992,92.28259711886392,84.59238069229193,76.90216426571993,69.21194783914794,65.36683962586194,57.67662319928995,2549.0388202110225,11.62,11.685,11.685,11.7,11.695,11.7,11.695,11.655,11.44,11.6,11.5,1124.3886120024576,1182.049566464122,139.68366218338224,73.51771693862223,36.94265276165768,18.56322352700212,8.086948863248445,2.573120092851778,1.1027657540793334,0.3675885846931112,0.1837942923465556,2056.66471368489,1835.624503311258,4707.62671875,30.141107863335023,4671.3030801125005,False,True,330.0,0.51125,0.48875,4985895.002857747,2436856.182646724,804.1625402734189,0.315476772616137,21.13,21.39695652173913,2.0619119804400974,0.6346715313309057,1.308636834095457,82.56193915295835,4645.995671940585,88.31395362625426,2587.459651464464,-2673.312266416709,7094.525114401198,-1833.753196520026,528.9236309883419
2024-06-12,140.8929825441834,3381.4315810604016,51.125,1.71,1.6,1.6564339853300736,4.01,4.8,4.404999999999999,335.0,310.0,0.0,4.305671384826301,0.0,4222.922657982703,188.0,474.07730790513455,14.615,20.125,65.3967032967033,335.0,310,315,290,300,270,290,290.0,290,285,270,21.13,10.48,9.1,8.86,8.98,7.93,8.74,9.08,8.62,9.03,6.75,10.125,10.3125,9.6875,9.5,9.75,9.75,9.875,8.875,13.5,959.0,534.0,195.5,123.0,107.5,60.0,45.5,43.5,40.5,1229.0,868.0,492.0,306.5,282.5,203.5,187.0,161.5,146.0,1.04,0.96,0.48,0.2,0.088,0.031,0.011,0.003,0.001,0.001,0.001,0.0,0.0,0.0,0.0,0.0,0.0,0.0,0.0,0.0,0.0,444.8262442821054,474.9839557588584,96.12770533214992,88.43748890557792,80.74727247900593,76.90216426571993,69.21194783914794,65.36683962586194,65.36683962586194,57.67662319928995,53.83151498600396,2547.1989132179256,11.29,11.72,11.79,11.765,11.72,11.71,11.725,11.785,11.77,11.745,11.725,749.5924080016384,691.931453539974,88.22126032634668,36.75885846931112,16.17389772649689,5.697623062743223,2.021737215812111,0.5513828770396667,0.1837942923465556,0.1837942923465556,0.1837942923465556,2156.535044208282,1573.4785962995832,5430.073593750001,30.164738677933933,4667.643618706252,True,False,335.0,0.51125,0.48875,4982296.162773449,2435097.2495555235,815.7575786011004,0.3202567237163815,21.13,21.39695652173913,1.6564339853300736,0.6530742589251617,1.08177439742789,80.80476387224498,3748.845350077568,88.77371559223388,1591.5000040964023,-2631.4226538863004,5795.590952509402,-1572.6682945266994,-565.8453418847635
2024-06-13,146.72589894260045,2853.818734433579,51.125,1.7,2.31,2.005477995110024,3.4,5.01,4.205,300.0,300.0,0.0,4.021290862608024,0.0,4315.01864220055,190.0,442.1097522005502,13.03,10.405,66.07941176470588,300.0,300,305,300,305,345,315,280.0,295,290,290,,0.0,0.0,0.0,0.0,0.0,0.0,0.0,0.0,0.0,0.0,9.5625,11.3125,9.375,11.1875,8.375,10.5,10.1875,10.25,14.6875,786.5,328.0,159.5,98.5,61.5,68.5,48.5,38.5,32.5,0.0,0.0,0.0,0.0,0.0,0.0,0.0,0.0,0.0,1.24,1.16,0.654,0.265,0.102,0.029,0.011,0.005,0.001,0.001,0.001,0.0,0.0,0.0,0.0,0.0,0.0,0.0,0.0,0.0,0.0,535.2993787123642,512.6810951047995,111.50813818529387,103.81792175872192,96.12770533214992,88.43748890557792,80.74727247900593,80.74727247900593,73.05705605243394,65.36683962586194,61.521731412575946,2151.103223654831,11.245,11.725,11.745,11.805,11.8,11.78,11.785,11.74,11.595,11.739999999999998,11.71,893.7447941557997,836.0838396941351,120.20146719464736,48.70548747183723,18.747017819348667,5.330034478050112,2.021737215812111,0.918971461732778,0.1837942923465556,0.1837942923465556,0.1837942923465556,1946.7092870323563,1809.311900047791,4189.410937500001,28.965574793735705,3939.340035543752,False,True,300.0,0.51125,0.48875,4207536.86778451,2056433.6441296795,616.9300932389039,0.28679706601467,21.13,21.39695652173913,2.005477995110024,0.7381985812340438,1.4804410106863144,75.4602857246122,3872.90889,89.75416356544208,1926.304732368403,-2388.713909832147,6124.4356716491,-1809.4170294485505,-20.29942526319365
2024-06-14,140.25545949250008,3366.131027820002,51.16666666666666,2.67,2.05,2.3609543973941367,5.31,4.67,4.99,255.0,270.0,1.1806739727821591,3.81575859091849,3.0,5999.000024953745,188.0,650.3600569537458,15.82,19.64,65.16063684609553,255.0,270,255,270,260,240,245,235.0,240,250,245,,0.0,0.0,0.0,0.0,0.0,0.0,0.0,0.0,0.0,0.0,9.125,11.5625,10.1875,10.3125,10.25,6.8125,6.3125,6.3125,13.75,1089.5,736.5,413.5,187.5,109.5,73.0,53.5,44.5,39.5,1366.5,1011.5,618.5,401.5,280.5,211.0,191.0,174.0,135.0,1.6,1.52,0.76,0.4,0.16,0.088,0.039,0.011,0.005,0.002,0.002,0.0,0.0,0.0,0.0,0.0,0.0,0.0,0.0,0.0,0.0,618.9764138056643,626.5249066569529,146.28979145797285,138.59032874965848,130.89086604134414,119.3416719788726,111.64220927055824,96.24328385392953,80.84435843730078,73.14489572898643,69.29516437482924,2539.894452268378,6.26,11.685,11.755,11.78,11.795,11.845,11.835,11.84,11.865,11.87,11.845,1152.6819051088246,1095.0478098533831,139.61859575630635,73.48347145068756,29.393388580275023,16.16636371915126,7.164638466442037,2.0207954648939075,0.9185433931335945,0.3674173572534377,0.3674173572534377,2831.671544163958,2211.783890356069,6983.18296875,30.30185074704533,4650.310014933332,False,True,270.0,0.5116666666666666,0.4883333333333334,4963963.098895853,2424068.6466274755,654.4985345894185,0.2576872964169382,19.205,21.39695652173913,2.3609543973941367,0.6475872036644142,1.5289238561876712,81.85231281036526,5348.639968,89.15885890567637,2517.2303465076043,-3481.769678446141,8211.045837981377,-2212.045813027632,-314.1792749847908
2024-06-15,141.48141136711794,3395.553872810831,51.125,1.7,2.09,1.896433985330073,4.76,4.63,4.695,240.0,235.0,0.0,3.556491784618767,0.0,4854.972177198105,176.0,552.8588562154034,15.435,19.82,64.10730405149565,240.0,235,215,220,220,225,220,195.0,210,220,210,,0.0,0.0,0.0,0.0,0.0,0.0,0.0,0.0,0.0,0.0,10.0625,8.5,9.5625,9.8125,9.9375,8.6875,10.375,8.0,13.0,1074.5,786.0,557.0,341.5,93.0,61.0,48.5,40.5,39.5,0.0,0.0,0.0,0.0,0.0,0.0,0.0,0.0,0.0,1.4,1.56,0.68,0.4,0.12,0.091,0.073,0.024,0.009,0.005,0.001,0.0,0.0,0.0,0.0,0.0,0.0,0.0,0.0,0.0,0.0,542.8388065815524,490.0628114972348,107.66302997200792,96.12770533214992,88.43748890557792,80.74727247900593,76.90216426571993,69.21194783914794,65.36683962586194,57.67662319928995,57.67662319928995,2558.1175700168837,11.155,11.675,11.760000000000002,11.765,11.765,11.785,11.78,11.77,6.79,11.8,11.805,1009.0667030791286,1124.3886120024576,124.9801187956578,73.51771693862223,22.05531508158667,16.725280603536557,13.416983341298556,4.411063016317334,1.654148631119,0.918971461732778,0.1837942923465556,1909.9871134525663,1732.7113128968383,7386.13875,30.039281902355643,4687.137677181251,True,False,240.0,0.51125,0.48875,5003652.948688281,2445535.378671397,586.9284908811353,0.2294376528117359,21.3,21.41875,1.896433985330073,0.6451873742608798,1.2235552634542055,81.88457665351724,4302.113320982701,88.61252266672167,2391.318707243804,-2463.6534699543013,6586.875989808613,-1731.903812610508,480.52409350490575
2024-06-16,140.42828872701548,3370.278929448372,51.083333333333336,1.81,1.79,1.8009575856443722,3.69,4.79,4.24,300.0,290.0,1.1820588525825642,3.4066446875670606,3.0,4570.730759410931,152.5,459.26034541092986,13.765,21.05,65.54630947849257,300.0,290,260,250,225,235,220,235.0,220,240,230,21.3,10.25,9.03,8.74,8.56,7.93,8.82,8.75,9.13,9.07,8.43,8.575,12.375,8.875,11.125,12.5,10.0,7.5625,8.5,12.6875,829.5,575.0,429.0,208.0,108.0,65.5,46.5,40.5,31.0,0.0,0.0,0.0,0.0,0.0,0.0,0.0,0.0,0.0,1.4,1.48,0.52,0.24,0.08,0.021,0.005,0.001,0.001,0.001,0.001,0.0,0.0,0.0,0.0,0.0,0.0,0.0,0.0,0.0,0.0,489.4740434050685,436.7614541152919,96.0122162063788,80.6502616133582,72.96928431684789,72.96928431684789,65.2883070203376,61.44781837208244,61.44781837208244,57.60732972382728,53.76684107557214,2536.595251556404,11.235,11.15,11.155,11.15,11.165,11.195,11.2,11.185,11.18,11.205,11.23,1009.5363756312844,1067.2241685245006,95.61751672050592,44.13116156331043,14.710387187770143,3.861476636789663,0.919399199235634,0.1838798398471268,0.1838798398471268,0.1838798398471268,0.1838798398471268,1874.9773098970625,1548.394658537695,5978.266218749999,30.264557366085658,4648.457213441668,True,False,300.0,0.5108333333333334,0.4891666666666666,4965602.450028849,2429007.198472445,728.7021595417335,0.2872756933115823,21.3,21.4388,1.8009575856443722,0.6531033704033041,1.1762114691377368,80.25319234849829,4111.470414000001,89.95214617563433,2236.736004822785,-2333.9947545881464,6119.368318668473,-1548.6375592575423,362.0015956455686
2024-06-17,140.32490782980926,3367.7977879154223,51.125,2.09,2.08,2.085955990220049,5.67,5.85,5.76,250.0,275.0,0.0,3.204329783961162,0.0,5296.506862686064,204.0,649.9047271860636,13.03,19.535,66.73224400456795,250.0,275,250,265,255,265,280,285.0,270,265,265,20.0,9.86,9.36,8.94,8.82,8.44,8.52,8.6,8.56,8.51,8.48,9.625,11.25,10.625,9.3125,11.125,10.125,8.625,8.3125,14.25,777.0,603.0,261.0,235.0,115.5,83.5,53.5,37.0,35.0,1192.0,1026.0,704.0,479.5,301.0,208.5,151.0,143.0,130.5,1.36,1.44,0.72,0.36,0.12,0.068,0.018,0.006,0.003,0.001,0.001,0.0,0.0,0.0,0.0,0.0,0.0,0.0,0.0,0.0,0.0,520.2205229739877,550.3782344507406,119.1983546118659,107.66302997200792,105.74047586536491,103.81792175872192,94.20515122550692,73.05705605243394,69.21194783914794,57.67662319928995,53.83151498600396,2537.96317231579,11.325,11.33,11.335,11.355,11.36,11.4,11.4,11.385000000000002,11.42,11.44,11.37,980.2362258482964,1037.897180309961,132.33189048952002,66.16594524476001,22.05531508158667,12.49801187956578,3.308297262238,1.1027657540793334,0.5513828770396667,0.1837942923465556,0.1837942923465556,2390.3842699777338,1855.0008329350717,5768.625937499998,30.286854028470422,4648.823871493752,False,True,275.0,0.51125,0.48875,4964231.1438939655,2426267.971578176,667.2236921839983,0.2628973105134474,20.0,21.459230769230768,2.085955990220049,0.6720452785325852,1.4018568744541473,78.69855582163899,4646.6021355,87.72955942406782,2256.51460333174,-3039.992259354324,7151.804433430609,-1855.2975707445448,-133.57292883652008
2024-06-18,142.6673978080121,3424.0175473922905,51.04166666666666,1.99,2.69,2.340959183673469,3.37,7.47,5.42,265.0,300.0,0.0,3.0222834969734023,0.0,6028.702149991836,186.0,556.1624499918368,13.855,16.61,66.79839326702371,265.0,300,280,270,260,320,275,265.0,280,265,265,21.36,10.27,9.11,8.43,8.86,7.89,8.93,8.72,9.15,9.07,8.13,9.5,9.5,7.6875,7.375,8.25,9.0,9.0625,11.6875,19.125,1017.5,609.5,312.5,185.0,158.0,81.5,59.5,46.5,36.0,0.0,0.0,0.0,0.0,0.0,0.0,0.0,0.0,0.0,2.32,2.4,1.12,0.44,0.28,0.12,0.044,0.018,0.003,0.001,0.001,0.0,0.0,0.0,0.0,0.0,0.0,0.0,0.0,0.0,0.0,526.492325184764,541.5349630471859,126.58379761227972,118.91205230244456,107.40443433769188,95.89681637293916,88.22507106310404,80.5533257532689,69.0457077885162,57.5380898237635,49.86634451392837,2574.2575923701256,11.01,10.98,10.56,11.085,11.105,11.13,11.135,11.185,11.2,11.18,11.23,1673.7237066515063,1731.4383172256964,206.0411597498579,80.94474133030131,51.51028993746448,22.07583854462763,8.09447413303013,3.3113757816941445,0.5518959636156908,0.1839653212052302,0.1839653212052302,1694.706839680218,1862.0529277998864,5873.008593749998,29.789566959924763,4718.7241825,False,True,300.0,0.5104166666666666,0.4895833333333333,5043443.446276165,2469185.853906039,740.7557561718118,0.2877551020408164,21.36,21.47703703703704,2.340959183673469,0.6867783553843079,1.607720098185057,78.47936831069973,5472.539699999998,90.77475655365409,3778.059729960204,-2250.6424200316314,7890.981947432146,-1862.2797974403104,2083.5797599204093
2024-06-19,140.58667883167723,3374.0802919602534,51.25,2.39,2.73,2.5609512195121957,5.41,4.77,5.09,300.0,320.0,1.175066775127941,2.92379282081761,3.0,6538.22729155122,200.0,640.6901075512195,11.435,19.745,67.67815052950075,300.0,320,295,315,290,290,285,265.0,240,280,250,21.33,10.08,9.43,9.12,8.74,7.95,8.86,8.89,8.67,8.7,8.22,10.8125,8.4375,8.5,7.375,8.9375,7.3125,7.625,9.25,16.3125,1084.5,600.5,313.0,134.0,115.0,85.5,59.5,45.0,43.5,1431.5,935.0,622.0,296.0,230.0,188.5,165.5,118.5,101.0,1.92,1.96,0.76,0.442,0.129,0.066,0.021,0.002,0.001,0.001,0.001,0.0,0.0,0.0,0.0,0.0,0.0,0.0,0.0,0.0,0.0,612.8981544771018,484.2652084757348,96.47470950102527,88.75673274094326,84.89774436090225,77.17976760082024,69.4617908407382,65.6028024606972,61.743814080656186,57.88482570061517,50.16684894053315,2552.0981165915864,10.74,10.74,10.785,10.845,10.93,10.985,11.135000000000002,11.155,10.65,11.175,11.22,1381.9275461380726,1410.7177033492824,139.48831168831168,81.12346548188654,23.67630553656869,12.11345864661654,3.854282296650718,0.3670745044429255,0.1835372522214627,0.1835372522214627,0.1835372522214627,2843.955495453608,1749.3323991797672,6036.9178125,30.230460206606597,4668.883604000001,False,True,320.0,0.5125,0.4875,4979703.642129925,2427605.525538339,776.8337681722684,0.3043902439024391,21.33,21.491785714285715,2.5609512195121957,0.6845985906777062,1.753223595672402,76.94201222392067,5897.537184000001,90.20085905580054,3053.818759398496,-3484.408532152725,8287.796761583091,-1749.5694700318709,210.10033479698984
2024-06-20,133.25210167187916,2215.3161902949914,51.1,3.06,3.09,3.077392367906067,7.14,7.16,7.15,250.0,260.0,0.0,2.825313269928137,0.0,5136.221716401664,150.0,493.9573240606653,12.97,20.135,66.35167630057803,250.0,260,270,270,240,280,260,240.0,230,240,230,21.38,10.3,9.15,8.41,8.84,7.87,8.91,8.72,9.1,9.07,8.13,8.6875,10.8125,9.0,9.0,9.3125,9.375,8.5,7.125,14.8125,1129.0,643.5,328.5,245.5,127.5,84.5,70.5,58.5,45.0,0.0,0.0,0.0,0.0,0.0,0.0,0.0,0.0,0.0,2.64,2.52,1.24,0.4,0.286,0.143,0.066,0.011,0.005,0.001,0.001,0.0,0.0,0.0,0.0,0.0,0.0,0.0,0.0,0.0,0.0,806.1371703161689,836.2731392999509,161.37811390815264,134.4817615901272,126.7970894992628,115.27008136296618,99.90073718123736,92.21606509037296,80.68905695407632,76.84672090864413,61.4773767269153,1667.7200041254714,10.32,10.29,10.33,10.64,10.8,10.86,10.9,10.94,10.98,10.99,11.02,1903.3429803964395,1816.8273903784195,227.96857969748265,73.53825151531699,52.57984983345164,26.28992491672582,12.133811500027305,2.022301916671217,0.9192281439414624,0.1838456287882924,0.1838456287882924,524.2614017269321,2591.467312837875,6526.5178125,31.8944312823315,3056.47174775,False,True,260.0,0.511,0.489,3263639.929795443,1595919.9256699716,414.9391806741926,0.2488062622309197,21.38,21.507241379310347,3.077392367906067,0.6671415008887885,2.0530561631485567,78.9541899761159,4642.264392340999,90.38286601835556,4115.990009556054,-1020.2317068456096,7725.676048181527,-2589.4543317798634,3589.71562677111
2024-06-21,160.937447711345,3245.5718621787914,51.16666666666666,2.86,3.05,2.955954397394137,5.44,8.51,6.975,245.0,250.0,0.0,2.692207003765751,0.0,7241.84470297329,192.0,737.3134749732898,12.54,18.655,66.68044216344256,245.0,250,255,255,220,230,255,245.0,235,225,215,21.36,10.27,9.11,8.43,8.86,7.89,8.93,6.72,9.15,9.07,8.13,10.6875,11.8125,9.6875,8.625,10.75,6.5625,6.8125,5.5625,13.875,1317.5,876.0,452.5,163.0,115.0,86.0,71.0,52.5,44.5,1663.0,1137.0,692.0,333.0,251.0,206.0,159.0,132.5,115.5,2.44,2.32,1.2,0.36,0.144,0.061,0.011,0.005,0.002,0.001,0.001,0.0,0.0,0.0,0.0,0.0,0.0,0.0,0.0,0.0,0.0,626.5249066569529,649.1703852108186,130.89086604134414,119.3416719788726,107.79247791640108,103.94274656224388,96.24328385392953,88.54382114561515,80.84435843730078,73.14489572898643,57.745970312357706,2449.126588144285,11.59,11.655,11.66,11.655,11.66,11.695,11.7,11.685,11.69,11.7,11.65,1757.8399052909574,1671.3887624077954,220.4504143520627,66.1351243056188,26.45404972224752,11.206229396229851,2.0207954648939075,0.9185433931335945,0.3674173572534377,0.1837086786267188,0.1837086786267188,2747.6198725092686,2134.1853838448237,8520.004218749998,26.4077755701876,4483.7575276,False,True,250.0,0.5116666666666666,0.4883333333333334,4786566.621780363,2337440.0336360773,584.3600084090193,0.2385993485342019,21.36,21.521666666666665,2.955954397394137,0.6812785790749497,2.013828411667027,77.92771546753703,6504.531228,89.81870634880404,3757.148659047446,-3484.696043925844,9376.267390374827,-2134.4226874015376,1009.766090094892
2024-06-22,140.095787327568,3362.298895861632,51.125,3.25,3.07,3.160955990220049,8.01,6.29,7.15,255.0,260.0,0.0,2.5670680542833235,0.0,8012.96337704401,162.0,864.3169570440095,14.61,19.435,65.57114503816794,255.0,260,245,245,245,255,245,235.0,230,220,190,21.3,10.6,8.74,8.53,8.8,7.89,8.72,8.2,8.84,8.94,8.68,10.25,10.1875,10.1875,9.0625,10.625,9.25,7.1875,7.9375,14.875,1348.5,935.0,563.0,333.5,145.0,120.5,61.5,67.0,47.0,0.0,0.0,0.0,0.0,0.0,0.0,0.0,0.0,0.0,2.12,2.28,1.0,0.36,0.12,0.069,0.021,0.009,0.003,0.001,0.001,0.0,0.0,0.0,0.0,0.0,0.0,0.0,0.0,0.0,0.0,889.6524885642108,769.0216426571992,188.41030245101385,173.02986959786986,149.95922031815388,134.57878746500987,119.1983546118659,107.66302997200792,96.12770533214992,76.90216426571993,73.05705605243394,2534.2143278123744,11.46,11.765,11.81,11.785,11.815,11.825,11.785,11.72,11.71,11.705,11.765,1528.015293234109,1643.337202157438,183.7942923465556,66.16594524476001,22.05531508158667,12.681806171912337,3.859680139277668,1.654148631119,0.5513828770396667,0.1837942923465556,0.1837942923465556,3686.4244340753007,2777.600621287635,9290.5584375,30.336386846970427,4641.233338375,False,True,260.0,0.51125,0.48875,4956898.440708801,2422684.1128964266,629.8978693530709,0.2485574572127139,21.3,21.521666666666665,3.160955990220049,0.6582381301047571,2.080661760345876,80.52655268716597,7148.64642,89.21351669321048,3462.482654468492,-4550.480722575518,10790.824666875436,-2777.861289831427,-223.68111106301603
2024-06-23,141.1098022238308,3386.635253371939,51.16666666666666,2.92,3.09,3.006908794788274,5.5,6.79,6.145,255.0,285.0,0.0,2.4521255330636285,0.0,7686.859237469708,187.5,731.0135927348537,14.46,20.085,65.4165651021953,255.0,285,295,290,260,265,255,260.0,245,250,235,,0.0,0.0,0.0,0.0,0.0,0.0,0.0,0.0,0.0,0.0,12.5625,9.1875,9.0,10.3125,8.75,8.0,8.1875,8.0,19.5,1539.5,826.5,510.0,360.5,189.5,107.0,93.0,66.5,60.5,0.0,0.0,0.0,0.0,0.0,0.0,0.0,0.0,0.0,2.84,2.56,1.2,0.56,0.32,0.08,0.021,0.009,0.001,0.001,0.001,0.0,0.0,0.0,0.0,0.0,0.0,0.0,0.0,0.0,0.0,785.0432565340133,475.55504963118113,142.44006010381568,134.7405973955013,119.3416719788726,111.64220927055824,100.0930152080867,92.39355249977233,84.69408979145797,76.99462708314361,59.6708359894363,2554.776390063708,11.295000000000002,11.73,11.91,11.87,11.84,11.83,11.835,11.885000000000002,11.8,11.795,11.8,2046.0103815681637,1844.2910481741192,220.4504143520627,102.8768600309626,58.786777160550045,14.696694290137511,3.857882251161097,1.65337810764047,0.1837086786267188,0.1837086786267188,0.1837086786267188,2660.69376286117,2182.6089654858392,10258.24359375,30.11838960172715,4678.636602533334,False,True,285.0,0.5116666666666666,0.4883333333333334,4993048.319342752,2438271.9292790443,694.9074998445276,0.2720032573289903,21.3,21.521666666666665,3.006908794788274,0.6544171755946091,1.9677727607559323,80.63990141479623,6955.845644734854,90.49008743165848,4293.174561970674,-3393.684675499034,9867.490883052538,-2180.63164558283,1630.5034792064944
2024-06-24,140.4149649506475,3369.9591588155395,51.125,2.86,2.73,2.795955990220049,5.56,5.01,5.285,270.0,280.0,2.3615014804252783,2.4482644248461582,6.0,7103.843076269925,248.0,675.7293842699266,14.64,19.6,64.56788154897494,270.0,280,295,270,295,285,275,280.0,265,275,265,,0.0,0.0,0.0,0.0,0.0,0.0,0.0,0.0,0.0,0.0,10.5625,7.5625,7.8125,8.8125,7.9375,9.25,8.4375,9.0625,20.3125,1546.5,814.0,578.0,378.0,186.0,118.0,106.0,81.5,62.5,1846.5,1176.5,947.5,615.5,358.5,308.0,278.0,203.5,140.0,2.28,2.16,0.88,0.26,0.24,0.08,0.02,0.003,0.001,0.001,0.001,0.0,0.0,0.0,0.0,0.0,0.0,0.0,0.0,0.0,0.0,633.3119410118111,618.2330852734347,126.88857103843787,119.1983546118659,111.50813818529387,103.81792175872192,96.12770533214992,88.43748890557792,80.74727247900593,69.21194783914794,55.754069092646944,2539.8876673452573,11.58,11.885,11.87,11.87,11.925,11.925,11.915,11.895,11.85,11.82,12.335,1643.337202157438,1556.8457704649416,161.73897726496892,47.78651601010445,44.11063016317334,14.703543387724446,3.675885846931112,0.5513828770396667,0.1837942923465556,0.1837942923465556,0.1837942923465556,2955.0426151041443,2103.236495528094,9131.01609375,30.26742912690092,4651.807373850001,False,True,280.0,0.51125,0.48875,4967995.437350137,2428107.77000488,679.8701756013663,0.267677261613692,19.205,21.521666666666665,2.795955990220049,0.6534689392867039,1.8270703952214007,80.91858617053502,6428.113691999999,90.48783345838297,3473.3012910493617,-3630.541785220564,9207.309785951527,-2103.466709681602,518.4888900987246
2024-06-25,139.99059703029258,3359.774328727022,51.29166666666666,2.94,3.38,3.1623740861088545,6.46,7.14,6.8,380.0,480.0,0.0,2.3480462020934065,0.0,8049.109488358855,246.0,792.6606532153128,19.525,20.84,63.24116376042457,380.0,480,475,445,415,435,395,370.0,370,330,330,,0.0,0.0,0.0,0.0,0.0,0.0,0.0,0.0,0.0,0.0,11.9375,8.375,6.875,6.75,9.0,8.4375,9.25,13.375,12.375,1765.0,1605.5,589.0,304.0,149.0,125.5,100.0,80.0,66.5,0.0,0.0,0.0,0.0,0.0,0.0,0.0,0.0,0.0,2.36,2.52,1.081,0.931,0.412,0.048,0.016,0.01,0.008,0.001,0.001,0.0,0.0,0.0,0.0,0.0,0.0,0.0,0.0,0.0,0.0,674.2399653545461,613.634125772115,197.0447359423791,169.99938002871923,158.40851320857928,135.22677956829938,123.63591274815944,115.90866820139948,88.8633122877396,73.40882319421966,61.81795637407972,2543.3634886303403,11.96,12.260000000000002,12.29,12.225,12.23,12.19,12.165,12.135,12.16,12.145,12.12,1697.825086043808,1812.931871538304,198.31100597178212,170.79329006450436,75.58199302532307,8.805669090328903,2.9352230301096345,1.834514393818521,1.4676115150548172,0.1834514393818521,0.1834514393818521,3283.770938972798,2412.188172680236,11687.91703125,30.35918190334128,4652.867473495835,False,True,480.0,0.5129166666666667,0.4870833333333333,4958629.059880436,2415265.571250096,1159.327474200046,0.4558245329000813,19.205,21.520344827586207,3.1623740861088545,0.6103996274455381,1.9303119640042687,86.12840070650117,7256.448835143542,90.15219442148587,3970.853167551797,-4078.256320807058,10459.472932420143,-2410.3634440612886,685.2574999600511
2024-06-26,138.5932832874898,3326.238798899756,51.125,2.58,2.68,2.631433985330073,6.34,5.12,5.73,360.0,535.0,1.19627062632244,2.303394124905283,3.0,6599.093701948348,532.0,768.4732331983497,18.355,21.67,60.16468571428571,360.0,535,540,560,575,555,575,595.0,565,610,575,,0.0,0.0,0.0,0.0,0.0,0.0,0.0,0.0,0.0,0.0,12.6875,10.5,8.3125,8.8125,8.3125,8.125,8.4375,7.5,13.125,1310.5,864.5,489.5,290.0,202.5,101.5,89.5,82.5,66.0,1589.0,1238.5,906.0,646.0,482.0,299.5,265.5,218.5,192.5,1.88,1.64,1.122,0.765,0.563,0.214,0.04,0.001,0.001,0.001,0.001,0.0,0.0,0.0,0.0,0.0,0.0,0.0,0.0,0.0,0.0,459.9051000204819,663.4696524885641,134.57878746500987,123.04346282515188,115.3532463985799,115.3532463985799,107.66302997200792,111.50813818529387,103.81792175872192,76.90216426571993,69.21194783914794,2506.427141729225,12.095,11.93,12.04,11.93,11.97,11.995,11.965,11.97,11.945,11.915,11.915,1355.0324298491155,1182.049566464122,206.2171960128354,140.60263364511502,103.47618659111076,39.331978562162895,7.351771693862223,0.1837942923465556,0.1837942923465556,0.1837942923465556,0.1837942923465556,2796.2403442848745,2080.806697617259,9454.6190625,30.66526673723465,4591.456882031251,False,True,535.0,0.51125,0.48875,4902546.976487483,2396119.834758257,1281.924111595668,0.5114547677261616,19.205,21.50103448275862,2.631433985330073,0.6005077796716457,1.580196579883072,86.41841946091398,5830.620468749999,88.35486707861926,3034.79693998771,-3564.296761960637,8680.317215088193,-2081.2235131398447,238.9734112254229
2024-06-27,139.1240239133492,3338.9765739203804,51.208333333333336,1.9,2.02,1.9614292107404396,3.2,4.18,3.69,445.0,540.0,0.0,2.21691212584299,0.0,4949.574818416436,348.0,836.346102416436,16.75,21.04,62.35821592649311,445.0,540,525,485,500,470,465,465.0,460,480,425,,0.0,0.0,0.0,0.0,0.0,0.0,0.0,0.0,0.0,0.0,12.25,10.8125,7.5625,8.5625,8.6875,8.0,8.1875,9.375,16.875,895.0,557.5,317.0,207.0,165.0,106.0,86.5,81.0,71.5,0.0,0.0,0.0,0.0,0.0,0.0,0.0,0.0,0.0,1.76,1.56,0.881,0.722,0.486,0.24,0.01,0.006,0.001,0.001,0.001,0.0,0.0,0.0,0.0,0.0,0.0,0.0,0.0,0.0,0.0,649.9505773566858,740.6413555925025,119.4851003256884,107.9220261006218,115.6307422506662,115.6307422506662,100.21330995057735,80.94151957546633,69.37844535039972,69.37844535039972,61.669729200355306,2521.614466082565,11.93,11.855,11.785,11.84,11.81,11.760000000000002,11.695,11.695,11.69,11.8,11.739999999999998,1267.3587355091447,1123.3406973831054,161.77186177602664,132.57580499692534,89.24077732480016,44.069519666567984,1.8362299861069995,1.1017379916641996,0.1836229986106999,0.1836229986106999,0.1836229986106999,1291.9892645625805,2230.841993304029,6659.850937499999,30.5482826075174,4616.552485516666,False,True,540.0,0.5120833333333333,0.4879166666666666,4924226.784864244,2402612.318781679,1297.4106521421068,0.5145158665581774,19.205,21.471379310344822,1.9614292107404396,0.6226592790455984,1.2213020982586191,84.03705166851856,4113.228716,83.10266774219576,2821.846233630173,-2127.7285847862627,7181.023593913219,-2231.448775496783,1530.4637512603465
2024-06-28,135.52882689270152,3252.6918454248366,51.0,2.38,2.33,2.3574019607843137,5.44,5.98,5.710000000000001,410.0,420.0,1.2277412807809318,2.1822113703658297,3.0,5760.338919169119,332.0,796.4889413176471,18.355,21.675,59.67022861647615,410.0,420,450,410,360,380,380,395.0,385,370,370,,0.0,0.0,0.0,0.0,0.0,0.0,0.0,0.0,0.0,0.0,12.125,10.625,9.8125,10.3125,10.25,9.6875,6.25,9.5,12.75,1094.0,512.0,310.5,219.5,119.0,105.5,87.0,73.5,58.0,1396.5,966.5,638.0,503.5,390.0,327.5,232.5,190.5,157.5,1.52,1.76,0.925,0.746,0.403,0.071,0.04,0.003,0.001,0.001,0.001,0.0,0.0,0.0,0.0,0.0,0.0,0.0,0.0,0.0,0.0,593.4697217675941,563.4206219312603,137.92536824877251,126.4315875613748,99.6127659574468,80.45646481178396,84.28772504091654,88.11898527004911,80.45646481178396,72.79394435351882,65.13142389525369,2441.021852011811,11.775,11.66,11.825,11.765,11.725,11.74,11.71,11.725,11.72,11.725,11.705,1097.08674304419,1270.3109656301149,170.24693126022916,137.30184942716858,74.17244680851064,13.067602291325697,7.362029459901801,0.5521522094926351,0.184050736497545,0.184050736497545,0.184050736497545,2190.4847260057354,1992.105073649754,7200.79359375,31.35864227146845,4478.95667115,False,True,420.0,0.51,0.49,4786317.356885904,2345295.5048740925,985.0241120471188,0.4035294117647058,19.205,21.439310344827582,2.3574019607843137,0.5984964071247398,1.4108966036782289,86.60034235264499,4963.849977851472,86.17288058056602,2770.6528723404267,-2989.686046828692,7749.731613313563,-1989.392694144444,577.455766829382
2024-06-29,140.87569840773946,3381.016761785748,51.125,1.9,2.08,1.991433985330073,3.86,5.12,4.49,290.0,495.0,0.0,2.1051696382119447,0.0,5076.35083025379,334.0,819.3651862537898,19.96,19.03,60.23395494131011,290.0,495,565,545,555,535,535,505.0,495,505,480,,0.0,0.0,0.0,0.0,0.0,0.0,0.0,0.0,0.0,0.0,11.25,10.25,8.4375,9.5,9.5625,9.4375,8.9375,7.9375,12.1875,1086.0,517.5,252.0,220.0,133.0,99.5,83.0,66.5,57.0,0.0,0.0,0.0,0.0,0.0,0.0,0.0,0.0,0.0,1.76,1.88,0.766,0.685,0.363,0.16,0.041,0.009,0.001,0.001,0.001,0.0,0.0,0.0,0.0,0.0,0.0,0.0,0.0,0.0,0.0,520.2205229739877,459.9051000204819,99.97281354543593,92.28259711886392,96.12770533214992,88.43748890557792,80.74727247900593,76.90216426571993,76.90216426571993,69.21194783914794,65.36683962586194,2547.2576572299577,11.91,11.74,11.615,11.555,11.555,11.55,11.545,11.54,11.53,11.52,11.53,1268.540998156619,1355.0324298491155,140.78642793746158,125.89909025739058,66.71732812179967,29.40708677544889,7.535565986208779,1.654148631119,0.1837942923465556,0.1837942923465556,0.1837942923465556,1261.4485590942113,1726.076616371953,6607.894687499999,30.168439610493618,4667.071012550001,False,True,495.0,0.51125,0.48875,4982411.06548647,2435153.4082565126,1205.4009370869735,0.4732151589242054,21.87,21.455,1.991433985330073,0.6070505350944521,1.2089010663998982,87.1319103555111,4256.985644,83.85916943780606,2996.124458592203,-2080.226371661587,6803.014820312157,-1726.6639900583668,1735.263273184406
2024-06-30,131.9109724835047,2929.522847237833,51.22727272727273,1.94,1.93,1.9392843833185447,3.96,5.1,4.529999999999999,265.0,275.0,0.0,2.0425050130732414,0.0,4295.931079479238,258.0,700.9562084930791,18.605,23.41,59.67908123370982,265.0,275,280,255,245,255,280,280.0,275,285,275,21.87,10.92,9.07,9.12,8.79,8.22,8.85,9.01,9.22,9.17,8.76,11.125,10.625,10.25,8.3125,9.375,9.1875,8.75,9.0,16.25,999.0,511.0,383.0,205.5,129.0,96.0,77.0,69.5,64.0,0.0,0.0,0.0,0.0,0.0,0.0,0.0,0.0,0.0,1.56,1.68,0.763,0.444,0.281,0.08,0.04,0.01,0.001,0.001,0.001,0.0,0.0,0.0,0.0,0.0,0.0,0.0,0.0,0.0,0.0,461.2631395840063,491.5099028354165,104.12448249297978,96.41155786387016,96.41155786387016,92.55509554931535,84.84217092020575,88.69863323476055,80.98570860565093,69.41632166198652,61.7033970328769,2210.3206151049144,12.205,11.95,11.905,11.84,11.85,11.86,11.81,11.79,11.795,11.755,11.73,1123.102308590741,1209.4947938669516,140.07461581471634,81.51130985810491,51.5871127705574,14.68672249695584,7.34336124847792,1.83584031211948,0.183584031211948,0.183584031211948,0.183584031211948,960.0024401896926,1727.921967644939,6785.000156249999,32.21869962736767,4051.929578118183,False,True,275.0,0.5122727272727272,0.4877272727272728,4314734.119991847,2104413.504886933,578.7137138439066,0.2618234250221828,21.87,21.455,1.9392843833185447,0.5868491116661688,1.1380673176185625,87.25634721349047,3594.974870986159,83.68325293109567,2630.1868170522603,-1665.744262426978,6019.067433379972,-1723.1363539007334,1665.398763118361
2024-07-01,145.71571619425552,3497.1771886621323,49.0,2.02,1.93,1.979683673469388,5.82,4.9,5.36,270.0,290.0,1.6140865855765705,1.6140865855765705,4.0,4906.01604934898,170.0,772.1053561163267,15.215,21.2,63.585,270.0,290,275,285,265,265,255,260.0,250,245,230,21.74,10.36,9.11,8.95,8.89,8.14,8.9,9.15,9.19,9.31,7.77,11.5,9.6875,8.125,9.0,8.125,7.875,8.3125,10.75,16.125,922.0,643.0,300.5,163.0,116.5,105.0,86.5,77.0,64.0,1297.5,1098.5,695.0,449.5,332.0,294.5,239.5,222.5,194.5,1.44,1.6,0.721,0.528,0.283,0.08,0.04,0.01,0.001,0.001,0.001,0.0,0.0,0.0,0.0,0.0,0.0,0.0,0.0,0.0,0.0,467.69148366363146,425.1740760578467,93.96347080878414,90.34949116229244,86.73551151580074,75.89357257632564,75.89357257632564,68.66561328334225,65.05163363685055,65.05163363685055,57.82367434386716,2472.3187449551315,11.74,11.895,11.875,11.89,11.85,11.63,11.815,11.85,11.775,11.815,11.82,1062.0674879485805,1180.074986609534,135.6016791644349,99.30331012319228,53.22506963042313,15.045956079271557,7.522978039635778,1.8807445099089448,0.1880744509908944,0.1880744509908944,0.1880744509908944,1572.703808605957,1572.293733261917,6398.67515625,29.166380339745025,4626.765420600002,False,True,290.0,0.49,0.51,5045548.459092105,2573229.714136973,746.2366170997223,0.3018367346938775,21.74,21.439310344827582,1.979683673469388,0.63585,1.2587818637755102,82.26875,4133.910693232654,84.26207031632555,2555.2864354579533,-2350.729613891027,6472.389333442154,-1566.3732840931734,976.662177683253
2024-07-02,144.12186741565316,3170.68108314437,49.0,2.13,1.93,2.0513367346938773,5.19,4.57,4.880000000000001,240.0,285.0,0.0,0.8465607032278173,0.0,4608.982350908163,177.5,700.0216788469389,20.08,21.25,58.67,240.0,285,285,290,295,290,270,275.0,315,245,240,21.86,11.37,9.39,9.05,9.31,8.26,9.04,9.12,9.3,9.23,8.33,11.3125,9.8125,8.625,7.875,8.625,9.25,10.375,8.5625,17.125,712.5,314.0,265.5,178.0,109.0,98.0,71.5,59.265,52.0,0.0,0.0,0.0,0.0,0.0,0.0,0.0,0.0,0.0,1.8,1.64,0.802,0.684,0.24,0.08,0.01,0.001,0.001,0.001,0.001,0.0,0.0,0.0,0.0,0.0,0.0,0.0,0.0,0.0,0.0,481.86395286555967,418.0878414568826,101.19143010176754,90.34949116229244,83.12153186930905,79.50755222281735,86.73551151580074,75.89357257632564,68.66561328334225,65.05163363685055,65.05163363685055,2223.4489798090844,11.91,11.91,11.89,11.885,11.89,11.83,11.845,11.845,11.79,11.405,11.835,1327.5843599357256,1209.5768612747722,150.83570969469736,128.64292447777183,45.13786823781467,15.045956079271557,1.8807445099089448,0.1880744509908944,0.1880744509908944,0.1880744509908944,0.1880744509908944,992.3166642452588,1615.5197643277984,4798.937517187501,29.48893236126917,4194.811073000002,False,True,285.0,0.49,0.51,4537650.979202213,2314201.9993931283,659.5475698270416,0.2966326530612244,21.86,21.424666666666667,2.0513367346938773,0.5867,1.2035192622448978,88.38125,3908.9606720612246,84.81179519576582,2879.4567220139256,-1729.5256288942378,6187.314829433923,-1578.3324785257591,1849.9527719666264
2024-07-03,137.96043807408884,2875.3254635274684,48.90909090909091,2.29,2.24,2.267089219330855,5.23,6.28,5.755000000000001,330.0,310.0,0.0,0.5919732920593768,0.0,4606.863132704833,218.0,622.9626095286245,19.54,20.725,59.735,330.0,310,295,285,270,290,290,285.0,285,285,270,,0.0,0.0,0.0,0.0,0.0,0.0,0.0,0.0,0.0,0.0,10.75,10.125,7.125,8.125,8.25,9.0,9.625,11.0,14.1875,800.5,615.0,356.5,217.5,138.5,98.0,86.5,57.5,49.0,1080.5,894.0,691.5,538.0,353.5,272.5,250.5,180.0,168.0,1.76,2.12,1.122,0.688,0.441,0.08,0.01,0.001,0.001,0.001,0.001,0.0,0.0,0.0,0.0,0.0,0.0,0.0,0.0,0.0,0.0,480.5721514060523,459.37043884402055,100.920151795271,90.1072783886348,97.3158606597256,82.89869611754403,75.69011384645324,72.08582271090785,64.87724043981706,68.48153157536245,61.27294930427168,2030.1881693736295,12.11,11.965,11.9,11.875,11.905,11.565,11.815,11.825,11.78,11.715,11.73,1299.320813466965,1565.0909798579355,211.22083973922355,129.51866108786612,83.01995572637931,15.060309428821643,1.8825386786027052,0.1882538678602705,0.1882538678602705,0.1882538678602705,0.1882538678602705,677.5432068838086,1653.5922350880603,5947.715625000001,30.80593291330101,3796.9979712,True,False,330.0,0.4890909090909091,0.510909090909091,4150942.353737905,2120754.1843642755,699.8488808402109,0.3447211895910781,21.86,21.410967741935483,2.267089219330855,0.59735,1.3542457451672865,87.378125,3983.900523176209,86.47750993281922,3305.8671134572346,-1300.9960192475987,6259.965164957728,-1653.1020322528948,2627.8337037382603
2024-07-04,149.17269968057923,3580.144792333901,48.91666666666666,2.22,2.19,2.2065664395229985,6.74,6.04,6.390000000000001,365.0,365.0,1.580565555596255,0.8613448696409988,4.0,5584.245289188501,196.0,827.7760700846678,17.174999999999997,17.545,65.28,365.0,365,365,380,335,345,360,315.0,335,315,310,,0.0,0.0,0.0,0.0,0.0,0.0,0.0,0.0,0.0,0.0,11.0625,8.125,8.6875,6.5,7.25,8.25,8.5625,10.5625,19.3125,877.5,753.5,326.5,184.0,141.0,90.5,82.0,67.0,61.0,0.0,0.0,0.0,0.0,0.0,0.0,0.0,0.0,0.0,1.84,1.92,0.841,0.645,0.243,0.04,0.01,0.006,0.001,0.001,0.001,0.0,0.0,0.0,0.0,0.0,0.0,0.0,0.0,0.0,0.0,516.0238169573167,614.9872887025556,136.99372017305205,100.9427411801436,97.33764328085276,93.73254538156192,90.12744748227108,82.9172516836894,75.7070558851077,75.7070558851077,61.28666428794434,2528.943130172101,11.825,11.955,11.94,11.965,11.92,11.925,11.88,11.845,11.885000000000002,11.805,11.81,1358.2730475893136,1417.328397484501,158.30893827215556,121.41410842513716,45.7420594531912,7.529557111636413,1.8823892779091032,1.1294335667454618,0.1882389277909103,0.1882389277909103,0.1882389277909103,1646.201873230105,1945.763230899603,6175.781249999999,28.490467820857617,4728.476234475001,False,True,365.0,0.4891666666666666,0.5108333333333334,5169900.77718317,2640957.6470110696,963.9495411590405,0.3811669505962521,19.205,21.406774193548387,2.2065664395229985,0.6528,1.4404465717206134,82.434375,4756.469219103834,85.17658112749271,3112.172647963962,-2472.0726412245394,7531.913822178338,-1947.6685329898364,1467.8760768240904
2024-07-05,147.1164693606479,3530.795264655549,49.41666666666666,2.21,2.07,2.1446062394603707,5.13,7.66,6.395,405.0,370.0,0.0,0.6767793919727653,0.0,5432.050840024283,280.0,827.0781520080945,17.915,18.445,63.64,405.0,370,370,360,355,355,375,340.0,345,340,325,,0.0,0.0,0.0,0.0,0.0,0.0,0.0,0.0,0.0,0.0,11.875,6.5,9.1875,7.5625,10.375,8.1875,8.625,10.1875,16.75,978.5,739.0,291.0,218.0,142.5,102.5,91.5,82.5,56.5,1478.0,1155.5,733.0,579.5,411.0,336.5,313.5,240.5,208.5,1.92,1.963,1.08,0.685,0.284,0.281,0.08,0.006,0.002,0.001,0.001,0.0,4.67,0.0,0.0,0.0,0.0,0.0,0.0,0.0,0.0,545.2018459608406,523.6807204623863,95.12337470316773,87.80619203369326,84.14760069895605,80.48900936421883,80.48900936421883,76.8304180294816,73.1718266947444,69.51323536000717,62.19605269053274,2527.449395728647,11.885000000000002,11.86,11.875,11.885,11.895,11.905,11.915,11.93,11.935,11.93,11.9,1409.8696178144185,1441.4448227967207,202.22817330525567,128.26509140194457,53.1785196469376,52.61677472108967,14.979864689278198,1.123489851695865,0.3744966172319549,0.1872483086159774,0.1872483086159774,1294.5073429263848,1778.6492853622474,6537.9609375,28.888675880205906,4710.963581866668,True,False,405.0,0.4941666666666666,0.5058333333333334,5114568.760327784,2587119.3645991376,1047.7833426626507,0.4145615514333896,19.205,21.40258064516129,2.1446062394603707,0.6364,1.3648274107925795,83.921875,4604.972688016189,84.77410877832658,3304.4553474618046,-2127.5954925624787,7204.690127758531,-1772.6392877342478,2003.9380069074205
2024-07-06,142.975278205554,2966.737022765246,49.875,1.84,1.86,1.8515075187969927,3.12,5.36,4.24,315.0,325.0,0.0,0.5723395254138477,0.0,3993.750320117482,204.0,682.7150263674812,15.05,21.6,63.35,315.0,325,315,305,340,335,310,300.0,305,280,280,,0.0,0.0,0.0,0.0,0.0,0.0,0.0,0.0,0.0,0.0,11.6875,7.875,7.3125,9.75,9.875,8.75,7.6875,9.3125,16.3125,961.5,434.0,337.5,205.0,125.0,102.5,85.0,69.5,67.0,0.0,0.0,0.0,0.0,0.0,0.0,0.0,0.0,0.0,1.84,1.8,0.844,0.602,0.32,0.12,0.04,0.02,0.001,0.001,0.001,0.0,0.0,0.0,0.0,0.0,0.0,0.0,0.0,0.0,0.0,516.2198825673213,458.05426199635554,155.73844907876088,133.49009921036648,100.11757440777488,88.99339947357765,81.57728285077953,74.16116622798138,74.16116622798138,70.45310791658231,66.74504960518324,2155.269974324925,11.97,11.935,11.91,11.885000000000002,11.875,11.87,11.85,11.785,11.77,11.78,11.74,1344.5150840251065,1315.2864952419518,157.26442194776268,112.17201660255112,59.62632111763514,22.35987041911318,7.453290139704393,3.726645069852197,0.1863322534926098,0.1863322534926098,0.1863322534926098,288.6253792634935,1819.7114395626645,6029.945156249999,29.725418641185097,3995.08224328125,False,True,325.0,0.49875,0.50125,4321343.306917142,2166073.3325922173,703.9738330924706,0.3266290726817041,19.205,21.398387096774197,1.8515075187969927,0.6335000000000001,1.172930013157895,82.3125,3311.03529375,82.9054154204763,3022.963141324155,-970.7871787933263,5814.014986517794,-1820.2646664003123,2734.89098889831
2024-07-07,146.45640521885522,3514.9537252525256,49.5,1.87,1.82,1.8659141414141416,5.77,5.76,5.765,335.0,325.0,0.0,0.4846892732347594,0.0,4716.476399812122,268.0,800.0945332545455,15.22,20.7,64.08,335.0,325,320,315,305,325,350,310.0,305,285,290,,0.0,0.0,0.0,0.0,0.0,0.0,0.0,0.0,0.0,0.0,13.125,9.75,6.3125,7.25,7.75,6.625,8.4375,9.1875,14.5,853.5,488.5,246.0,179.5,140.5,89.0,80.5,61.0,54.5,0.0,0.0,0.0,0.0,0.0,0.0,0.0,0.0,0.0,1.64,1.68,0.881,0.643,0.4,0.247,0.04,0.001,0.001,0.001,0.001,0.0,0.0,0.0,0.0,0.0,0.0,0.0,0.0,0.0,0.0,596.8765133171913,532.1549636803875,102.69152542372883,84.3537530266344,80.6861985472155,84.3537530266344,80.6861985472155,77.01864406779661,77.01864406779661,69.68353510895884,62.34842615012107,2499.370985240262,11.725,11.775,11.8,11.82,11.8,11.715,11.78,11.78,11.735,11.75,11.765,1203.1961259079903,1232.542372881356,164.81952784503633,120.29393462469734,74.83292978208233,46.20933414043584,7.483292978208233,0.1870823244552058,0.1870823244552058,0.1870823244552058,0.1870823244552058,1026.1839581916906,1847.872154963681,5744.56828125,29.018874207987476,4697.735653800001,True,False,335.0,0.495,0.505,5049234.313616691,2549863.328376429,854.2042150061037,0.3417676767676768,21.92,21.3859375,1.8659141414141416,0.6408,1.195677781818182,81.9625,3916.381866557576,83.03618071137986,2850.1258474576275,-1866.350552354494,6524.276493867545,-1807.800094055423,1783.869828357679
2024-07-08,145.88684534026382,3473.322642809448,49.458333333333336,1.67,1.81,1.7425547598989048,3.95,4.96,4.455,595.0,490.0,0.0,0.421049720795746,0.0,4347.171224644061,224.0,789.6581241864365,16.85,21.935,61.215,595.0,490,400,370,350,335,340,305.0,305,305,300,21.92,10.72,9.12,9.03,8.72,8.13,8.87,8.96,9.23,9.42,8.95,11.25,12.1875,12.75,10.1875,11.0625,9.0,8.8125,6.5,13.375,986.5,521.5,268.0,145.0,108.5,88.0,67.5,56.0,50.5,1353.5,943.0,704.5,515.0,370.5,291.0,247.5,197.0,164.5,1.72,1.52,0.88,0.682,0.364,0.01,0.04,0.04,0.001,0.001,0.001,0.0,0.0,0.0,0.0,0.0,0.0,0.0,0.0,0.0,0.0,517.1394634813204,474.0445081912104,98.90292239080254,91.57677999148385,80.58756639250578,80.58756639250578,73.26142399318707,69.59835279352771,65.93528159386835,62.27221039420901,58.609139194549655,2491.0539030933146,12.055,11.989999999999998,11.95,11.9,11.87,11.82,11.79,11.81,11.8,11.805,11.82,1262.448622845745,1115.6522713520535,164.70550637592163,127.64676744133926,68.12818672822212,1.871653481544564,7.486613926178255,7.486613926178255,0.1871653481544563,0.1871653481544563,0.1871653481544563,800.1281244039607,1672.5152148091704,6623.53734375,29.132167400613657,4638.188224141667,True,False,595.0,0.4945833333333334,0.5054166666666666,5036671.75014655,2545617.8470532354,1514.642618996675,0.6080328559393429,21.92,21.3765625,1.7425547598989048,0.6121500000000001,1.0667048962721148,84.771875,3557.5131004576247,81.83512718086938,2755.987732121646,-1591.1834925224152,6018.2891955212135,-1671.1179708771524,1954.462363785667
2024-07-09,146.66865882854404,3446.7134824707846,49.91666666666666,1.45,1.77,1.6120066777963271,3.69,4.0,3.845,300.0,380.0,1.195668809305173,0.5114093722373941,3.0,4044.6150269649406,346.0,743.947670223706,18.14,20.37,61.49,300.0,380,425,445,445,445,475,415.0,430,400,365,21.97,11.23,8.69,8.74,8.64,7.54,8.72,8.45,9.3,8.89,8.6,13.0,8.6875,8.75,9.25,7.625,9.875,10.0,8.5,13.0,802.5,413.5,236.5,154.5,105.5,75.0,60.5,51.5,46.0,0.0,0.0,0.0,0.0,0.0,0.0,0.0,0.0,0.0,1.28,0.88,0.824,0.612,0.44,0.326,0.04,0.001,0.001,0.001,0.001,0.0,0.0,0.0,0.0,0.0,0.0,0.0,0.0,0.0,0.0,516.8488094702255,429.49408110906063,111.37727866048522,77.96409506233965,74.25151910699014,74.25151910699014,70.53894315164064,70.53894315164064,66.82636719629113,63.11379124094163,59.40121528559212,2505.9326463350976,11.92,11.815,11.815,11.82,11.78,11.795,11.739999999999998,11.75,11.775,11.735,11.715,934.8949003015708,642.74024395733,153.46884097762975,113.9841391727056,81.94938110455958,60.71704145474187,7.449943736778144,0.1862485934194536,0.1862485934194536,0.1862485934194536,0.1862485934194536,1304.380544252152,1614.6065625421973,5280.81890625,28.976879136586764,4645.308096,False,True,380.0,0.4991666666666666,0.5008333333333334,5020232.346581164,2514299.7002460663,955.4338860935052,0.3812687813021703,21.97,21.3671875,1.6120066777963271,0.6149,0.9912229061769616,85.40625,3300.6673567412345,81.60646525654728,1995.949485078993,-2048.6655418859477,5658.884262097048,-1614.2692351321075,691.2316134167519
2024-07-10,146.09142715275195,3506.194251666047,49.833333333333336,1.85,2.21,2.033020066889632,4.99,5.62,5.305,345.0,300.0,0.0,0.4572790488589133,0.0,5176.366114532776,224.0,767.6885957663878,16.37,18.655,64.975,345.0,300,295,285,270,290,290,315.0,315,295,295,21.94,11.2,8.72,8.65,8.55,7.6,8.78,8.54,8.45,8.8,8.9,14.0,10.4375,8.8125,9.375,9.875,7.4375,7.0625,9.8125,18.75,874.5,444.0,259.0,198.0,131.5,80.5,69.5,63.0,50.0,1246.5,842.5,652.0,506.5,387.5,232.5,215.5,190.0,164.5,1.76,1.92,0.766,0.521,0.363,0.08,0.04,0.01,0.001,0.001,0.001,0.0,0.0,0.0,0.0,0.0,0.0,0.0,0.0,0.0,0.0,493.8058828820726,472.0203292255105,88.88505891877305,85.18151479715752,77.77442655392643,74.07088243231088,66.6637941890798,66.6637941890798,62.96025006746426,62.96025006746426,59.25670594584871,2542.363780455786,11.645,11.6,11.71,11.71,11.74,11.695,11.69,11.7,11.605,11.625,11.64,1286.6348835117385,1403.6016911037148,142.7945407933795,97.12265764145005,67.6689534046955,14.913267967976973,7.456633983988486,1.8641584959971216,0.1864158495997121,0.1864158495997121,0.1864158495997121,1383.3514144115247,1610.242889268688,6364.736250000001,29.09137163508052,4717.584365616667,True,False,345.0,0.4983333333333333,0.5016666666666667,5101733.338707264,2559369.5582514773,882.9824975967597,0.3473076923076924,21.94,21.31546875,2.033020066889632,0.6497499999999999,1.3209547884615382,82.121875,4408.677518766388,85.16935280889264,3022.61603445174,-2153.750080081036,6783.898933898341,-1607.532819365565,1636.5545501370914
2024-07-11,134.88573827160494,3237.2577185185182,50.0,2.09,2.07,2.0815,5.61,5.04,5.325,295.0,290.0,0.0,0.4163881810463307,0.0,4917.1757408,200.0,747.6752928,15.125,23.68,61.195,295.0,290,300,330,305,315,305,315.0,315,310,300,21.89,10.82,9.43,9.12,8.76,8.13,9.94,9.04,9.27,8.98,8.35,11.875,7.1875,6.875,9.0625,9.5,8.5625,8.875,10.125,22.9375,705.5,373.0,246.0,183.0,145.5,90.5,63.5,56.5,48.0,0.0,0.0,0.0,0.0,0.0,0.0,0.0,0.0,0.0,1.52,1.2,1.0,0.724,0.44,0.361,0.04,0.025,0.001,0.001,0.001,0.0,0.0,0.0,0.0,0.0,0.0,0.0,0.0,0.0,0.0,488.9189189189189,445.1351351351351,115.37027027027024,89.31891891891891,85.59729729729729,78.15405405405404,70.71081081081081,74.43243243243244,66.98918918918918,63.26756756756757,59.545945945945945,2360.6208292097044,11.775,11.84,11.79,11.8,11.75,11.645,11.69,11.69,11.64,11.66,11.675,1109.1891891891892,875.6756756756756,186.08108108108107,134.7227027027027,81.87567567567567,67.17527027027026,7.443243243243243,4.652027027027027,0.186081081081081,0.186081081081081,0.186081081081081,1702.6635866908343,1637.4405405405405,4794.56578125,31.508149448996832,4370.29792,True,False,295.0,0.5,0.5,4721241.658419409,2360620.8292097044,696.3831446168628,0.295,21.89,21.13828125,2.0815,0.61195,1.273773925,83.70625,4169.500448000001,84.79461926495317,2467.3731081081087,-2449.802632691892,6555.152528139483,-1637.976787339483,765.245768216217
2024-07-12,143.5008,3444.0192,50.0,1.89,2.41,2.1515,4.99,5.78,5.385,320.0,340.0,1.1936957584647354,0.4839123369504692,3.0,5407.1566848,204.0,769.0401792,15.59,21.87,62.54,320.0,340,310,305,300,310,320,305.0,295,265,265,21.94,11.2,8.72,8.69,8.6,7.72,8.8,8.53,9.36,8.94,8.7,11.25,9.75,7.6875,9.0,8.5625,8.875,6.9375,8.625,16.125,665.5,428.0,266.0,131.0,97.0,65.0,58.5,48.0,43.5,1088.0,850.0,647.0,411.0,309.5,217.5,209.5,160.5,73.27,2.04,2.08,0.724,0.643,0.36,0.08,0.04,0.01,0.002,0.001,0.001,0.0,0.0,0.0,0.0,0.0,0.0,0.0,0.0,0.0,0.0,488.9189189189189,423.2432432432432,78.15405405405404,70.71081081081081,74.43243243243244,66.98918918918918,63.26756756756757,66.98918918918918,63.26756756756757,63.26756756756757,59.545945945945945,2511.4510248663723,11.88,11.845,11.795,11.8,11.765,11.735,11.74,11.675,11.715,11.685,11.72,1488.6486486486483,1517.8378378378377,134.7227027027027,119.65013513513512,66.98918918918918,14.886486486486486,7.443243243243243,1.8608108108108108,0.3721621621621621,0.186081081081081,0.186081081081081,1284.610939037378,1518.7864864864864,4542.17953125,29.616559628935867,4649.425920000001,False,True,340.0,0.5,0.5,5022902.049732745,2511451.0248663723,853.8933484545666,0.34,21.94,20.8153125,2.1515,0.6254,1.3455480999999998,83.15625,4638.1165056,85.77736462932836,3352.7833783783785,-2054.3733064216217,6925.220983102243,-1518.0642983022426,2067.450251156757
2024-07-13,135.3221841049383,3247.732418518519,50.0,2.34,2.67,2.5064999999999995,4.98,6.31,5.645,325.0,400.0,1.2658404638478282,0.5431166446745692,3.0,5940.32203485,288.0,761.9443583500001,14.79,19.005000000000003,66.20500000000001,325.0,400,425,430,425,360,365,325.0,280,265,300,,0.0,0.0,0.0,0.0,0.0,0.0,0.0,0.0,0.0,0.0,12.75,9.25,10.6875,7.375,6.75,7.1875,6.875,7.375,12.0625,677.0,417.5,221.5,173.5,133.5,74.5,67.0,59.0,54.5,0.0,0.0,0.0,0.0,0.0,0.0,0.0,0.0,0.0,1.96,2.0,1.0,0.841,0.568,0.421,0.16,0.08,0.002,0.002,0.001,0.0,0.0,0.0,0.0,0.0,0.0,0.0,0.0,0.0,0.0,671.3513513513514,620.2702702702702,160.02972972972972,137.7,104.2054054054054,100.48378378378378,89.31891891891891,89.31891891891891,70.71081081081081,66.98918918918918,57.68513513513513,2368.5486074207065,12.07,11.93,12.0,11.89,11.825,11.77,11.75,11.755,11.695,11.71,11.695,1430.2702702702702,1459.4594594594594,186.08108108108107,156.49418918918917,105.69405405405404,78.34013513513513,29.772972972972973,14.886486486486486,0.3721621621621621,0.3721621621621621,0.186081081081081,1716.9024760713196,2168.063513513513,4878.20578125,31.40652826519747,4384.438765000001,False,True,400.0,0.5,0.5,4737097.214841413,2368548.6074207067,947.4194429682829,0.4000000000000001,21.94,20.3440625,2.5064999999999995,0.6620500000000001,1.659428325,80.36562500000001,5178.3776765,87.17334929184122,3461.9290540540537,-2478.392980795946,8108.8394019888865,-2168.5173671388866,1745.4804316081077
2024-07-14,138.3948513888889,3321.4764333333333,50.0,2.02,2.67,2.3515,5.26,5.84,5.55,495.0,450.0,0.0,0.5040829705031833,0.0,5699.518905149999,362.0,803.4831031499999,11.695,19.15,69.155,495.0,450,400,420,390,405,420,425.0,440,405,385,,0.0,0.0,0.0,0.0,0.0,0.0,0.0,0.0,0.0,0.0,12.1875,9.8125,10.4375,11.125,6.375,8.4375,5.5625,9.25,15.9375,821.0,426.5,264.0,195.5,118.5,76.5,61.0,51.0,40.0,0.0,0.0,0.0,0.0,0.0,0.0,0.0,0.0,0.0,2.52,2.4,1.241,0.526,0.361,0.208,0.04,0.006,0.001,0.001,0.001,0.0,0.0,0.0,0.0,0.0,0.0,0.0,0.0,0.0,0.0,540.0,459.7297297297297,119.09189189189188,96.76216216216216,78.15405405405404,74.43243243243244,66.98918918918918,63.26756756756757,59.545945945945945,59.545945945945945,55.82432432432432,2417.0803038486074,12.11,12.12,12.07,12.08,12.06,11.975,12.0,12.01,11.989999999999998,11.965,11.95,1838.9189189189187,1751.3513513513512,230.9266216216216,97.87864864864864,67.17527027027026,38.70486486486486,7.443243243243243,1.1164864864864863,0.186081081081081,0.186081081081081,0.186081081081081,852.0541855813109,1673.3432432432433,5602.573125,30.709234898179265,4483.993185,True,False,495.0,0.5,0.5,4834160.607697215,2417080.3038486075,1196.4547504050608,0.495,19.205,20.3015625,2.3515,0.69155,1.6261798249999997,76.5875,4896.035801999999,85.90261535190305,4034.073648648649,-1665.4452565013507,7362.954180623203,-1663.4352754732035,3172.1114952972976
2024-07-15,170.92260683760685,2259.02712037037,50.0,2.43,2.37,2.4061000000000003,6.25,5.32,5.785,360.0,370.0,1.819859121672293,0.565401614760438,3.0,3966.405923425,0.0,562.9556638749999,14.09,20.775,65.13499999999999,360.0,370,360,360,360,350,350,370.0,360,390,380,,0.0,0.0,0.0,0.0,0.0,0.0,0.0,0.0,0.0,0.0,13.1875,11.75,9.6875,10.375,10.5,10.0625,9.0,8.9375,11.875,1256.0,716.5,303.0,172.5,116.5,95.5,73.5,55.5,50.5,1447.0,1097.0,635.5,440.0,396.0,248.0,196.0,178.5,159.5,1.0,2.04,0.88,0.602,0.404,0.2,0.04,0.006,0.001,0.001,0.001,0.0,0.0,0.0,0.0,0.0,0.0,0.0,0.0,0.0,0.0,656.7567567567568,532.7027027027027,133.97837837837835,119.09189189189188,111.64864864864865,78.15405405405404,74.43243243243244,74.43243243243244,66.98918918918918,66.98918918918918,63.26756756756757,1644.2999875316902,11.89,11.89,11.87,11.83,11.78,11.83,11.81,11.87,11.87,11.78,11.79,729.7297297297297,1488.6486486486483,163.75135135135133,112.0208108108108,75.17675675675676,37.21621621621622,7.443243243243243,1.1164864864864863,0.186081081081081,0.186081081081081,0.186081081081081,781.6267177527388,1978.4432432432432,8580.4471875,24.86505488438937,3049.6866125,False,True,370.0,0.5,0.5,3288599.9750633803,1644299.9875316902,608.3909953867253,0.3699999999999999,19.205,20.2609375,2.4061000000000003,0.6513499999999999,1.567213235,80.596875,3403.4502595500003,85.80690744358091,2615.661486486487,-1350.7444369385134,5938.687111357469,-1972.2811879324688,1827.8727134229732
2024-07-16,139.1765995050236,2180.43339224537,49.23076923076923,1.73,1.75,1.7469093750000002,4.02,4.01,4.015,380.0,345.0,0.0,0.5415836306131016,0.0,2717.5828883465624,247.5,515.7715260328124,14.25,20.045,65.705,380.0,345,335,330,320,320,330,310.0,320,330,305,,0.0,0.0,0.0,0.0,0.0,0.0,0.0,0.0,0.0,0.0,11.625,10.6875,9.375,10.0,11.8125,10.375,6.25,9.8125,9.125,915.5,569.0,313.5,205.0,113.0,74.0,70.5,52.5,50.5,0.0,0.0,0.0,0.0,0.0,0.0,0.0,0.0,0.0,1.32,1.64,1.04,0.72,0.523,0.24,0.04,0.001,0.001,0.001,0.001,0.0,0.0,0.0,0.0,0.0,0.0,0.0,0.0,0.0,0.0,542.2295623451693,556.4987613542527,109.15937241948802,87.32749793559042,83.68885218827415,76.41156069364162,76.41156069364162,72.77291494632536,69.13426919900908,65.49562345169281,58.218331957060286,1549.4989864600157,11.83,11.9,11.865,11.84,11.87,11.84,11.825,11.825,6.4510000000000005,11.805,11.765,971.197357555739,1206.639141205615,195.12237819983488,135.08472336911643,98.1240421139554,45.0282411230388,7.504706853839801,0.187617671345995,0.187617671345995,0.187617671345995,0.187617671345995,-463.9514206383279,1797.3483071841451,6434.18390625,30.53674263572301,2898.299155230769,True,False,380.0,0.4923076923076923,0.5076923076923077,3147419.8162469068,1597920.8297868911,607.2099153190186,0.391875,19.205,20.2203125,1.7469093750000002,0.65705,1.1478068048437502,80.340625,2201.81136231375,81.02094592056329,2659.4510611065225,-58.13182724003991,4508.619473685152,-1791.0365853385897,3117.090759899295
2024-07-17,140.37270254894173,2023.706461747243,49.125,0.0,1.99,1.991035623409669,0.0,5.13,5.13,340.0,330.0,0.0,0.5212666307903172,0.0,2865.7819926839697,176.66666666666666,433.2933366839694,6.285,10.13,83.58500000000001,340.0,330,355,300,275,280,245,230.0,230,260,245,,0.0,0.0,0.0,0.0,0.0,0.0,0.0,0.0,0.0,0.0,11.9,11.2,10.8,12.1,7.4,9.9,7.0,10.8,18.6,780.5,421.0,238.5,119.5,95.5,75.0,71.5,68.0,58.5,1072.5,704.0,543.5,431.5,268.0,219.5,191.0,171.0,153.0,2.2,1.46,0.64,0.48,0.4,0.28,0.041,0.015,0.007,0.001,0.001,0.0,0.0,0.0,0.0,0.0,0.0,0.0,0.0,0.0,0.0,561.8801528252565,419.63201286949527,105.19249949728534,90.68318922179772,76.17387894631008,76.17387894631008,68.91922380856627,65.29189623969435,58.03724110195054,58.03724110195054,54.40991353307863,1438.59373600502,11.84,11.435,11.775,11.78,11.725,11.73,11.685,11.715,11.715,11.7,11.705,1620.4705409209737,1075.403177156646,120.2094510355922,90.15708827669415,75.13090689724514,52.5916348280716,7.700917956967626,2.8174090086466923,1.31479087070179,0.1878272672431128,0.1878272672431128,-613.458316287531,1634.4311280916954,5558.260499999999,30.276541826344147,2684.1936582,True,False,340.0,0.49125,0.50875,2928435.086015308,1489841.350010288,506.5460590034979,0.3521119592875318,19.205,20.213636363636365,1.991035623409669,0.8358500000000001,1.6642071258269724,64.1875,2432.4886560000004,84.8804501601964,3046.171571486025,180.38957880205544,4500.437719974159,-1634.6557272901896,3659.85448697205
2024-07-18,138.96073486023548,1022.519407346566,48.7,0.0,2.0,2.0063203285420945,0.0,4.76,4.76,340.0,340.0,0.0,0.5116887151116691,0.0,1440.9055537774127,30.0,238.51350725913755,5.185,9.88,84.935,340.0,340,290,310,300,310,280,290.0,270,210,100,,0.0,0.0,0.0,0.0,0.0,0.0,0.0,0.0,0.0,0.0,12.3,11.9,11.6,11.8,9.4,8.4,9.7,11.1,18.4,827.0,439.0,224.0,121.5,89.0,82.5,68.0,62.5,46.0,0.0,0.0,0.0,0.0,0.0,0.0,0.0,0.0,0.0,1.52,1.76,1.04,0.6,0.263,0.121,0.04,0.001,0.001,0.001,0.001,0.0,0.0,0.0,0.0,0.0,0.0,0.0,0.0,0.0,0.0,456.53811228032697,632.1296939266066,100.29791143635492,85.96963837401847,85.96963837401847,82.38757010843439,82.38757010843439,75.22343357726616,68.05929704609797,68.05929704609797,60.89516051492976,715.9207727530452,11.65,11.73,11.72,11.72,11.74,11.77,11.73,11.76,11.72,11.71,11.69,1124.5937717002298,1302.1612093371082,196.2120185887506,113.19924149350996,49.6190008546552,22.828513701191174,7.546616099567331,0.1886654024891832,0.1886654024891832,0.1886654024891832,0.1886654024891832,-1616.8024883934745,1797.9173227925862,5905.20075,30.584179079612547,1344.51076872,False,True,340.0,0.487,0.5129999999999999,1470063.18840461,754142.4156515648,256.40842132153205,0.3581519507186857,21.0,20.207352941176477,2.0063203285420945,0.84935,1.704068171047228,62.65625,1202.392046518275,83.44697148027076,2816.9150333849693,1376.0094796075568,3236.543375043219,-1795.6378212658062,4431.438020251663
2024-07-19,149.77343914763065,3594.5625395431352,48.708333333333336,2.32,2.45,2.388159110350727,5.46,5.66,5.5600000000000005,365.0,445.0,0.0,0.4806353645772083,0.0,6030.872651396407,242.0,849.9720246982037,14.815,19.995,65.19,365.0,445,420,390,370,390,345,345.0,320,310,300,21.0,12.14,9.44,9.21,7.0,6.78,8.56,9.0,9.41,9.41,9.34,12.0625,11.625,8.6875,10.0,11.1875,11.5625,9.0,9.125,15.125,983.0,700.0,261.5,157.0,106.0,82.5,70.5,66.0,54.5,1439.5,1105.0,656.5,499.5,308.5,265.0,219.0,187.0,166.5,1.64,2.0,0.844,0.641,0.12,0.014,0.008,0.004,0.001,0.001,0.001,0.0,0.0,0.0,0.0,0.0,0.0,0.0,0.0,0.0,0.0,583.1079306430432,512.8539630956886,107.48857034745257,103.90561800253744,93.1567609677922,82.40790393304695,78.82495158813187,71.6590468983017,68.07609455338661,60.91018986355645,60.91018986355645,2521.982246449011,11.92,11.739999999999998,11.58,11.595,11.565,6.56,11.595,11.465,11.425,11.335,10.405,1213.2721971197725,1479.6002403899663,159.2197818683643,120.92402864647096,22.63788367796648,2.64108642909609,1.5091922451977655,0.7545961225988828,0.1886490306497207,0.1886490306497207,0.1886490306497207,2176.9058718481983,1823.3012197564944,7149.578437499999,28.376192896330604,4727.299059816666,False,True,445.0,0.4870833333333333,0.5129166666666667,5177722.319484711,2655740.0730357,1181.8043325008864,0.468601368691189,21.0,20.20142857142857,2.388159110350727,0.6518999999999999,1.5568409240376389,81.015625,5180.900626698203,85.9063178112143,3001.124953591382,-3029.7476978050245,7851.304069894279,-1820.431418497872,821.3492804845613
2024-07-20,146.91215206929232,3525.8916496630154,49.458333333333336,2.02,2.34,2.1856204717775904,4.96,5.12,5.04,390.0,430.0,1.184614674757822,0.5210214549963829,3.0,5535.016199823145,332.0,890.2460777244944,16.950000000000003,19.91,63.14,390.0,430,430,410,425,385,425,425.0,440,395,385,,0.0,0.0,0.0,0.0,0.0,0.0,0.0,0.0,0.0,0.0,12.0,8.6325,7.25,7.5,9.25,8.8125,10.4375,12.0,15.875,1090.0,552.5,299.5,212.5,159.0,102.5,85.5,73.5,57.0,0.0,0.0,0.0,0.0,0.0,0.0,0.0,0.0,0.0,1.56,1.68,0.8,0.602,0.244,0.08,0.04,0.02,0.004,0.001,0.001,0.0,0.0,0.0,0.0,0.0,0.0,0.0,0.0,0.0,0.0,588.9643889648371,567.4169113197821,95.2398511911432,91.57677999148385,87.91370879182448,87.91370879182448,84.25063759216513,87.91370879182448,87.91370879182448,80.58756639250578,65.93528159386835,2525.956633499997,11.915,11.935,11.9,11.83,11.83,11.795,11.68,11.695,11.67,11.635000000000002,11.58,1145.011541650792,1233.089352547007,149.7322785235651,112.67353958898272,45.66834494968736,14.97322785235651,7.486613926178255,3.743306963089128,0.7486613926178255,0.1871653481544563,0.1871653481544563,1923.1965091844145,1925.6262522130835,6800.31290625,28.928852651994728,4708.38756166875,False,True,430.0,0.4945833333333334,0.5054166666666666,5107241.718955344,2581285.0854553464,1109.952586745799,0.4394187026116258,21.0,20.195833333333336,2.1856204717775904,0.6314,1.3800007658803706,83.63125,4644.770122098651,83.91610709733895,2713.5011980905847,-2821.5150017325604,7452.5700372125775,-1917.5538373894324,782.2322740825186
2024-07-21,147.38640821527318,3537.273797166556,49.208333333333336,2.61,1.92,2.2660321761219304,5.21,5.44,5.325,405.0,410.0,1.1895147840331828,0.5571497156558569,3.0,5715.01642486198,268.0,949.668560417972,16.095,20.630000000000003,63.275,405.0,410,435,400,420,395,405,395.0,380,400,385,,0.0,0.0,0.0,0.0,0.0,0.0,0.0,0.0,0.0,0.0,12.3125,8.0,9.0,8.25,11.0,7.9375,9.6875,11.3125,14.875,1277.5,558.0,316.0,264.0,170.0,115.5,99.0,76.5,65.0,0.0,0.0,0.0,0.0,0.0,0.0,0.0,0.0,0.0,1.4,1.52,0.0,0.0,0.0,0.0,0.0,0.0,0.0,0.0,0.0,0.0,0.0,0.0,0.0,0.0,0.0,0.0,0.0,0.0,0.0,499.0921897010487,591.7807392169577,174.53966862688105,112.72353598819402,98.1785636026206,90.90607740983388,87.26983431344053,87.26983431344053,83.63359121704718,79.99734812065383,54.54364644590033,2520.887963968004,12.205,12.13,12.075,12.03,12.03,12.015,12.02,11.99,11.99,12.0,11.985,1030.302081702927,1118.613688706035,0.0,0.0,0.0,0.0,0.0,0.0,0.0,0.0,0.0,2618.164481853035,1959.9350289560184,7852.302656250002,28.83576614332329,4699.710398760417,False,True,410.0,0.4920833333333334,0.5079166666666666,5122888.326437942,2602000.3624699377,1066.8201486126743,0.4231922099915325,19.205,20.190540540540542,2.2660321761219304,0.63275,1.4338318594411517,83.0125,4765.347864444008,83.38292509035253,2148.915770408962,-3566.1006544530183,7676.683841635988,-1961.6674167740075,-467.51632362608416
2024-07-22,147.53786397707236,3540.9087354497365,49.0,1.55,1.64,1.5960408163265305,3.94,4.96,4.45,670.0,500.0,0.0,0.5287211152130652,0.0,4004.739331142857,302.5,843.1838711428574,16.03,20.545,63.425,670.0,500,450,435,415,405,390,410.0,415,345,355,,0.0,0.0,0.0,0.0,0.0,0.0,0.0,0.0,0.0,0.0,10.875,7.8125,8.5625,9.75,10.3125,9.875,9.8125,8.3125,17.125,1239.0,555.0,411.0,288.0,177.0,136.0,132.0,77.0,71.0,1645.0,1230.0,959.0,633.0,549.0,492.0,416.0,344.0,326.0,0.0,0.0,0.0,0.0,0.0,0.0,0.0,0.0,0.0,0.0,0.0,0.0,0.0,0.0,0.0,0.0,0.0,0.0,0.0,0.0,0.0,425.1740760578467,389.7429030530262,86.73551151580074,83.12153186930905,79.50755222281735,68.66561328334225,50.59571505088377,50.59571505088377,46.98173540439207,46.98173540439207,43.36775575790037,2507.5347096770074,12.25,11.905,11.875,11.845,11.805,11.815,11.88,11.875,11.86,11.83,11.84,0.0,0.0,0.0,0.0,0.0,0.0,0.0,0.0,0.0,0.0,0.0,3162.103617258203,1371.4698446705945,7766.47125,28.806164637577087,4684.622257000002,True,False,670.0,0.49,0.51,5117417.774851036,2609883.0651740287,1748.6216536665993,0.6973469387755103,21.0,20.14,1.5960408163265305,0.63425,1.012288887755102,82.878125,3161.55546,78.94534946167812,0.0,-4004.739331142857,5376.757333071655,-1372.0180019287975,-3161.55546
2024-07-23,150.05346302280174,3601.2831125472417,49.0,1.73,1.65,1.6910408163265307,4.67,0.0,4.67,895.0,780.0,2.351139834551073,0.6186298416530507,6.0,4315.45786807551,502.0,819.2812990755102,12.46,22.02,65.52,895.0,780,805,820,865,805,770,740.0,730,695,655,21.0,12.46,9.46,9.3,9.17,8.28,9.16,9.29,9.03,8.82,7.12,11.4375,8.125,9.0625,7.6875,9.375,10.8125,11.4375,10.4375,21.25,824.0,484.0,397.5,266.0,180.5,133.0,106.0,91.0,68.0,0.0,0.0,0.0,0.0,0.0,0.0,0.0,0.0,0.0,1.44,1.44,0.64,0.36,0.2,0.094,0.028,0.011,0.001,0.001,0.001,0.0,0.0,0.0,0.0,0.0,0.0,0.0,0.0,0.0,0.0,453.5190144617032,446.4327798607391,75.89357257632564,72.27959292983395,72.27959292983395,68.66561328334225,68.66561328334225,61.43765399035886,57.82367434386716,54.20969469737546,54.20969469737546,2550.383001617166,11.905,11.855,12.05,11.81,11.785,11.745,11.64,11.68,11.655,11.675,11.7,1062.0674879485805,1062.0674879485805,120.36764863417244,67.70680235672201,37.61489019817889,17.67899839314408,5.2660846277450455,2.068818960899839,0.1880744509908944,0.1880744509908944,0.1880744509908944,1121.276750061511,1485.4164970540976,6564.12234375,28.32323836041145,4764.497557900001,True,False,895.0,0.49,0.51,5204863.268606461,2654480.266989295,2375.759838955419,0.931530612244898,21.0,20.074054054054056,1.6910408163265307,0.6552,1.107969942857143,79.3375,3496.176569,81.01519412027372,2375.402442420996,-1940.0554256545147,5801.3769886121145,-1485.9191205366042,1254.628315841991
2024-07-24,151.28575134766615,3630.858032343988,48.66666666666666,1.62,1.68,1.6515821917808218,0.0,0.0,0.0,795.0,750.0,0.0,0.5895912168146868,0.0,4207.695899131849,594.0,792.4667569212329,13.08,20.905,66.015,795.0,750,685,675,795,790,735,720.0,715,770,675,21.0,12.86,8.82,8.93,9.23,7.15,8.69,9.15,9.0,9.07,7.1,11.125,5.375,6.25,4.75,8.0625,8.6875,10.125,12.9375,16.3125,991.0,411.5,260.5,195.0,168.5,134.0,117.0,88.5,75.5,0.0,0.0,0.0,0.0,0.0,0.0,0.0,0.0,0.0,1.55,1.4,0.96,0.44,0.12,0.071,0.022,0.005,0.001,0.001,0.001,0.0,0.0,0.0,0.0,0.0,0.0,0.0,0.0,0.0,0.0,456.0875756496974,484.1545033819864,82.3062655749377,75.14919900320398,71.57066571733712,64.41359914560341,60.83506585973656,60.83506585973656,57.2565325738697,53.677999288002844,46.52093271626913,2545.2351135897084,12.13,12.215,12.18,12.205,12.17,12.2,12.145,12.12,12.12,12.08,12.08,1147.187611249555,1036.1694553221785,181.1816304734781,83.04158063367747,22.64770380918476,13.399891420434315,4.152079031683873,0.9436543253826984,0.1887308650765397,0.1887308650765397,0.1887308650765397,925.3523034263852,1512.8074047703803,5578.1010937500005,28.09253325009556,4770.947454499999,True,False,795.0,0.4866666666666666,0.5133333333333334,5229935.164910359,2684700.0513206515,2134.336540799918,0.8385616438356166,21.0,20.019324324324327,1.6515821917808218,0.66015,1.0902919839041094,79.415625,3415.229142210616,81.16625402789354,2489.2897988608047,-1718.406100271044,5719.916263978804,-1512.220364846955,1563.3504555109937
2024-07-25,135.37558907365968,2575.5205821263758,49.42105263157895,1.57,1.68,1.6340061767838123,0.0,0.0,0.0,940.0,700.0,1.623515913662398,0.6236331953756331,3.0,3019.3843430171564,447.5,593.2003988599041,15.59,19.915,64.495,940.0,700,665,620,580,655,620,655.0,645,655,585,21.0,12.18,9.01,8.93,9.17,7.71,8.75,9.0,9.08,9.1,9.22,12.25,9.625,8.875,8.75,6.5625,7.3125,6.375,8.375,15.75,874.0,578.0,434.0,292.5,220.5,152.5,136.5,100.5,88.5,0.0,0.0,0.0,0.0,0.0,0.0,0.0,0.0,0.0,1.72,1.92,1.04,0.4,0.14,0.04,0.012,0.001,0.001,0.001,0.001,0.0,0.0,0.0,0.0,0.0,0.0,0.0,0.0,0.0,0.0,552.4467272264199,473.5257661940742,106.11281942439936,98.7946939468546,98.7946939468546,95.1356312080822,91.4765684693098,87.8175057305374,87.8175057305374,80.49938025299262,65.86312929790306,1837.656674077113,12.275,12.05,11.99,12.025,12.025,11.97,12.0,12.0,11.95,11.96,11.92,1262.9493165803551,1409.8038882757453,194.7291620680873,74.89583156464896,26.21354104762714,7.489583156464896,2.2468749469394687,0.1872395789116224,0.1872395789116224,0.1872395789116224,0.1872395789116224,-564.3849354101905,1838.284421427965,7228.9471875,31.39413855246471,3436.693332560526,True,False,940.0,0.4942105263157894,0.5057894736842106,3718368.13711024,1880711.4630331264,1767.868775251139,0.9620234291799789,21.0,19.96905405405405,1.6340061767838123,0.64495,1.05385228371672,81.934375,2426.1839441572524,80.35359757257199,2979.077155955514,-40.30718706164225,4846.177040833193,-1826.7926978160367,3531.970367753776
2024-07-26,149.29383886369365,3583.052132728648,49.0,1.31,1.61,1.466557142857143,0.0,0.0,0.0,670.0,570.0,0.0,0.5966407194379711,0.0,3723.6396219028575,458.0,905.3213573102042,17.76,20.905,61.335,670.0,570,515,530,525,550,520,545.0,555,560,560,21.0,12.76,9.18,9.02,8.97,7.02,8.81,9.11,9.26,9.05,8.77,11.9375,11.25,10.0,10.5,9.25,8.375,6.125,8.375,19.125,916.5,755.5,424.0,256.5,185.5,123.0,96.5,75.5,70.0,0.0,0.0,0.0,0.0,0.0,0.0,0.0,0.0,0.0,1.36,1.48,0.881,0.683,0.52,0.364,0.04,0.02,0.002,0.001,0.001,0.0,0.0,0.0,0.0,0.0,0.0,0.0,0.0,0.0,0.0,411.0016068559185,517.2951258703802,93.96347080878414,86.73551151580074,83.12153186930905,90.34949116229244,79.50755222281735,79.50755222281735,72.27959292983395,72.27959292983395,72.27959292983395,2527.6824882377587,12.32,12.075,12.02,12.02,12.005,12.025,12.010000000000002,11.995,11.99,11.975,11.97,1003.063738618104,1091.5693626138188,165.69359132297802,128.45485002678092,97.79871451526512,68.45910016068558,7.522978039635778,3.761489019817889,0.3761489019817889,0.1880744509908944,0.1880744509908944,242.58740255454651,1658.320621317622,8078.774531250001,28.467350242633124,4740.377971600001,True,False,670.0,0.49,0.51,5158535.690281141,2630853.202043382,1762.671645369066,0.6973469387755103,21.0,19.918783783783784,1.466557142857143,0.61335,0.8995128235714284,85.265625,2818.318264592653,75.68719185430822,2567.0761221210496,-1156.563499781808,5373.305503303423,-1649.665881400565,2315.833979649446
2024-07-27,143.56513880445635,3445.5633313069525,49.958333333333336,1.3,1.9,1.6054090075062553,0.0,0.0,0.0,665.0,710.0,1.1946131547933536,0.621188659179008,3.0,4031.620615589057,530.0,770.7177040776313,18.035,19.44,62.525,665.0,710,710,700,680,750,690,680.0,660,640,625,,0.0,0.0,0.0,0.0,0.0,0.0,0.0,0.0,0.0,0.0,11.625,9.4375,7.625,9.1875,11.25,11.875,9.75,6.6875,13.4375,979.0,672.5,388.0,258.5,187.0,128.5,74.5,67.5,53.0,0.0,0.0,0.0,0.0,0.0,0.0,0.0,0.0,0.0,1.64,1.72,0.728,0.486,0.281,0.016,0.008,0.004,0.001,0.001,0.001,0.0,0.0,0.0,0.0,0.0,0.0,0.0,0.0,0.0,0.0,415.4402593601549,386.2865569489161,96.64452349325713,81.77613526352525,70.62484409122635,66.90774703379338,66.90774703379338,63.190649976360426,59.47355291892745,59.47355291892745,48.32226174662856,2502.812119038359,12.18,12.155,12.115,12.075,12.025,12.03,11.965,11.985,11.99,11.975,11.985,1197.2956300515566,1255.7002949321204,135.52802485534818,90.47612648310331,52.31232827520995,2.978637908908752,1.4893189544543757,0.7446594772271878,0.1861648693067969,0.1861648693067969,0.1861648693067969,517.5959081474514,1415.0478307855103,7288.083281249999,29.60328694968724,4647.634238516666,False,True,710.0,0.4995833333333334,0.5004166666666666,5009799.07063558,2506986.9515972217,1779.9607356340275,0.711184320266889,21.0,19.918783783783784,1.6054090075062553,0.62525,1.003781981943286,84.69375,3260.902911511426,80.88317881158017,2737.0835155458485,-1294.5371000432087,5440.444958556442,-1408.8243429673844,2213.264119580271
2024-07-28,150.25152489192286,3606.0365974061488,49.083333333333336,1.88,1.66,1.773112054329372,0.0,0.0,0.0,805.0,720.0,0.7807584728934225,0.627602060205748,2.0,4542.024495125552,612.0,862.1258400627758,17.655,20.305,62.04,805.0,720,755,620,680,705,690,685.0,700,635,635,21.0,13.07,9.45,9.0,8.88,8.54,9.05,9.11,9.06,8.95,8.81,10.6875,9.4375,8.375,9.6875,12.125,9.5,10.875,10.5,17.0625,818.0,506.5,388.5,301.0,166.5,117.5,113.5,79.5,68.5,0.0,0.0,0.0,0.0,0.0,0.0,0.0,0.0,0.0,1.2,1.12,0.8,0.521,0.16,0.08,0.04,0.04,0.001,0.001,0.001,0.0,0.0,0.0,0.0,0.0,0.0,0.0,0.0,0.0,0.0,475.9463081252513,433.324250681199,97.81762183410017,101.44049671684462,79.7032474203779,72.45749765488901,68.83462277214456,68.83462277214456,65.2117478894001,65.2117478894001,65.2117478894001,2557.115670963544,12.265,12.19,12.17,12.17,12.12,12.135,12.075,12.065,11.875,12.025,12.03,884.2810559699827,825.3289855719839,150.32777951489706,97.9009664090767,30.06555590297941,15.032777951489704,7.516388975744852,7.516388975744852,0.1879097243936213,0.1879097243936213,0.1879097243936213,1658.8852422821326,1593.9939116451517,6646.575,28.285902609354945,4778.900000712499,True,False,805.0,0.4908333333333333,0.5091666666666667,5209743.302472415,2652627.6315088714,2135.3652433646416,0.8350679117147708,21.0,19.918783783783784,1.773112054329372,0.6204,1.100038718505942,84.759375,3679.898655062776,81.01890817656313,2018.53362844508,-2523.490866680472,6133.53862243514,-1591.5141273095878,357.168601827384
2024-07-29,150.03972453231293,3600.9533887755106,49.0,1.74,1.91,1.8270816326530608,0.0,0.0,0.0,765.0,825.0,1.1756775591429005,0.648700442261936,3.0,4662.200835027551,616.0,692.9482213331632,20.64,19.645000000000003,59.715,765.0,825,810,750,765,785,785,750.0,800,810,765,21.0,12.98,9.16,8.95,8.28,8.92,8.96,8.97,8.98,9.04,8.37,11.3125,9.375,9.9375,9.6875,8.5625,12.8125,10.1875,14.6875,18.0,891.0,465.5,349.5,213.0,155.0,113.5,95.5,84.0,71.0,0.0,0.0,0.0,0.0,0.0,0.0,0.0,0.0,0.0,1.24,1.16,0.68,0.444,0.245,0.24,0.12,0.04,0.001,0.001,0.001,0.0,0.0,0.0,0.0,0.0,0.0,0.0,0.0,0.0,0.0,425.1740760578467,333.0530262453133,86.73551151580074,79.50755222281735,72.27959292983395,65.05163363685055,65.05163363685055,57.82367434386716,61.43765399035886,54.20969469737546,46.98173540439207,2548.8128215091538,11.895,12.025,12.08,12.14,12.14,12.15,12.12,12.11,12.1,12.13,12.13,914.5581146223888,855.554365291912,127.89062667380824,83.50505623995714,46.07824049276914,45.13786823781467,22.568934118907336,7.522978039635778,0.1880744509908944,0.1880744509908944,0.1880744509908944,1865.3292223723636,1347.305784681307,6692.76984375,28.325831797196543,4764.0613333500005,False,True,825.0,0.49,0.51,5201658.819406436,2652845.9978972822,2188.597948265258,0.858673469387755,21.0,19.918783783783784,1.8270816326530608,0.59715,1.0910417969387751,88.07812499999999,3969.252613694388,85.13688607905995,2103.3804070701653,-2558.8204279573856,6008.963635456999,-1346.7628004294484,237.50820044594295
2024-07-30,151.7528963624339,3642.069512698413,49.0,1.35,1.79,1.5726020408163266,0.0,0.0,0.0,785.0,825.0,1.1624050765484426,0.6679519446387723,3.0,4058.659255392857,538.0,715.1077664142857,17.96,21.965,60.075,785.0,825,855,780,790,700,770,715.0,730,700,705,21.0,12.55,9.28,9.04,8.58,8.34,8.67,9.02,9.11,9.2,8.54,11.625,10.3125,10.625,11.5625,10.25,9.6875,9.625,10.75,15.75,837.0,591.0,275.5,146.5,156.0,105.5,85.0,76.0,73.5,0.0,0.0,0.0,0.0,0.0,0.0,0.0,0.0,0.0,1.68,1.8,0.64,0.563,0.52,0.4,0.32,0.04,0.002,0.001,0.001,0.0,0.0,0.0,0.0,0.0,0.0,0.0,0.0,0.0,0.0,403.9153722549544,361.39796464916975,68.66561328334225,72.27959292983395,65.05163363685055,65.05163363685055,72.27959292983395,65.05163363685055,68.66561328334225,61.43765399035886,50.59571505088377,2576.5855937059987,12.195,12.03,11.955,11.91,11.96,11.99,11.935,11.945,11.925,11.965,11.9,1239.0787359400106,1327.5843599357256,120.36764863417244,105.88591590787355,97.79871451526512,75.22978039635778,60.18382431708623,7.522978039635778,0.3761489019817889,0.1880744509908944,0.1880744509908944,308.9784692407603,1354.3920192822711,6594.2203125,28.006055250831302,4818.457965300001,False,True,825.0,0.49,0.51,5258337.946338773,2681752.352632774,2212.4456909220385,0.858673469387755,21.0,19.86319444444445,1.5726020408163266,0.60075,0.9447406760204082,86.178125,3343.551488978572,82.38068974467119,3034.4042554900902,-1024.254999902767,5412.882510427407,-1354.2232550345502,2725.257022001609
2024-07-31,147.481871180627,3170.860230383481,49.130434782608695,1.53,1.61,1.5710353982300886,4.25,3.97,4.11,930.0,925.0,0.0,0.646768361843075,0.0,3543.637027563717,728.0,487.2907620637168,13.4,22.105,64.495,930.0,925,965,940,935,935,955,980.0,945,965,975,21.0,13.68,9.36,9.34,9.47,8.89,9.34,9.38,9.4,9.42,9.37,12.125,10.5,10.6875,9.6875,8.875,10.25,10.0,9.8125,18.125,778.5,478.5,315.0,207.5,192.5,131.0,106.5,93.5,91.0,1302.0,1144.0,618.0,449.0,378.0,275.0,243.0,151.0,161.0,1.28,1.28,0.68,0.2,0.12,0.04,0.01,0.001,0.001,0.001,0.001,0.0,0.0,0.0,0.0,0.0,0.0,0.0,0.0,0.0,0.0,327.22312893448355,377.01795290277454,65.30235486127302,61.674446257868965,54.41862905106084,50.7907204476568,50.7907204476568,50.7907204476568,43.53490324084867,39.90699463744462,36.27908603404057,2254.1195322457997,12.170000000000002,12.085,12.105,12.105,12.095,12.125,12.06,12.105,12.03,12.075,12.065,942.765213336442,942.765213336442,127.71522499417112,37.56330146887386,22.537980881324312,7.512660293774772,1.878165073443693,0.1878165073443692,0.1878165073443692,0.1878165073443692,0.1878165073443692,973.1768521533038,1157.7296572627652,6763.4446875,28.81710115268916,4206.215027347826,True,False,930.0,0.4913043478260869,0.508695652173913,4588030.906341008,2333911.374095208,2170.5375779085434,0.9629203539823008,21.0,19.80442857142857,1.5710353982300886,0.64495,1.0132392800884955,80.565625,3056.3462655,86.2488522872577,2083.48902541385,-1460.148002149867,4701.686296893637,-1158.0492693299198,1110.6317853276998
2024-08-01,165.2051797323222,3964.924313575733,45.583333333333336,1.55,2.01,1.7811937842778789,3.57,3.81,3.69,665.0,710.0,1.1834939518725085,1.1834939518725085,3.0,4515.089700609871,672.0,739.6506149148082,14.164662600076246,21.5374609226077,64.29787647731605,665.0,710,395,825,755,760,860,835.0,820,850,845,,0.0,0.0,0.0,0.0,0.0,0.0,0.0,0.0,0.0,0.0,13.34375,7.9375,9.6875,8.875,11.0625,11.0625,9.0625,11.5625,19.1875,634.5,387.0,257.5,224.5,134.0,104.0,97.5,83.0,69.5,0.0,0.0,0.0,0.0,0.0,0.0,0.0,0.0,0.0,1.2,1.32,0.76,0.44,0.08,0.044,0.014,0.001,0.001,0.001,0.001,0.0,0.0,0.0,0.0,0.0,0.0,0.0,0.0,0.0,0.0,332.4479459763647,338.8411757066794,81.51367906151249,65.21094324920999,61.95039608674949,55.4293017618285,48.908207436907496,45.647660274447,48.908207436907496,48.908207436907496,45.647660274447,2533.16829186514,11.97,12.085,12.12,12.05,12.05,12.025,12.06,11.965,12.03,12.04,11.945,915.8564564304576,1007.4421020735032,147.9108177135189,85.63257867624779,15.569559759317778,8.563257867624777,2.7246729578806117,0.1946194969914722,0.1946194969914722,0.1946194969914722,0.1946194969914722,1592.9668878925927,1173.413384701961,5567.944921874999,25.72558564378047,4879.830598933334,False,True,710.0,0.4558333333333333,0.5441666666666667,5557224.771916211,3024056.4800510714,2147.080100836261,0.8475868372943327,18.345,19.74073529411765,1.7811937842778789,0.6429787647731605,1.145269779236622,81.16674132672512,3775.439085695063,83.61825204015547,2184.477923466516,-2330.611777143355,5690.508810975878,-1175.4191103660069,593.5167612379693
2024-08-02,136.34028319204197,3252.8519231568016,51.17391304347826,1.85,1.68,1.7659541206457094,5.05,3.94,4.495,810.0,815.0,1.2215351765484792,1.2022137082337934,3.0,4337.052639700934,584.0,677.7228997009347,16.539212598425195,21.913562992125986,61.54722440944882,810.0,815,850,840,795,790,765,805.0,790,810,720,15.69,7.5,8.77,9.03,9.1,8.4,9.16,9.37,9.29,9.27,9.3,12.125,10.25,8.8125,9.9375,9.0625,7.8125,8.0,7.6875,16.4375,680.0,490.0,332.0,183.5,155.5,134.5,102.0,98.5,79.0,1326.0,837.5,656.0,448.5,386.0,342.0,246.0,199.5,138.0,0.56,0.64,0.6,0.2,0.12,0.022,0.005,0.0013,0.001,0.001,0.001,0.0,0.0,0.0,0.0,0.0,0.0,0.0,0.0,0.0,0.0,324.65301370839376,332.20308379463546,73.1601791356822,69.30964339169893,65.45910764771565,69.30964339169893,65.45910764771565,61.60857190373238,57.7580361597491,57.7580361597491,50.05696467178256,2454.5990970677326,12.15,12.135,12.105,12.13,12.105,12.085,12.095,12.079999999999998,12.055,12.045,12.02,403.4059537668386,461.0353757335298,110.21626951129696,36.73875650376566,22.04325390225939,4.041263215414221,0.9184689125941414,0.2388019172744767,0.1836937825188282,0.1836937825188282,0.1836937825188282,2620.505413495844,1226.7353876125535,5953.8834375,31.17200507801254,4494.451359391304,False,True,815.0,0.5117391304347826,0.4882608695652174,4796582.772519784,2341983.675452051,1908.7166954934216,0.7776083262531863,15.69,19.67409090909091,1.7659541206457094,0.6154722440944882,1.0868957456017234,84.36999261811023,3659.32974,84.37365289281645,1039.1892248105294,-3297.863414890405,5564.152925619862,-1227.1002859189275,-1580.9512903789405
2024-08-03,135.1614697984749,3243.875275163398,51.0,2.01,2.02,2.015960784313725,4.73,6.0,5.365,1085.0,1275.0,0.0,0.8077890792705638,0.0,4912.671248552939,804.0,684.6700480529412,14.174394177812744,21.59747836349332,64.22812745869393,1085.0,1275,1250,1230,1145,1030,945,905.0,865,840,825,,0.0,0.0,0.0,0.0,0.0,0.0,0.0,0.0,0.0,0.0,12.5625,9.0,8.125,9.1875,6.875,7.625,8.1875,9.9375,18.875,684.0,410.0,302.5,214.5,155.5,135.5,110.5,120.0,109.0,0.0,0.0,0.0,0.0,0.0,0.0,0.0,0.0,0.0,0.6,0.48,0.44,0.32,0.16,0.077,0.021,0.004,0.001,0.001,0.001,0.0,0.0,0.0,0.0,0.0,0.0,0.0,0.0,0.0,0.0,338.0523731587561,338.0523731587561,107.27528641571196,72.79394435351882,68.96268412438626,65.13142389525369,57.46890343698855,61.30016366612112,57.46890343698855,53.63764320785598,53.63764320785598,2435.726906350302,11.945,11.96,11.995,11.92,11.915,11.895,11.875,11.86,11.855,11.81,11.525,433.0605564648118,346.4484451718494,80.98232405891982,58.896235679214406,29.448117839607203,14.171906710310964,3.8650654664484456,0.7362029459901801,0.184050736497545,0.184050736497545,0.184050736497545,3260.1653841752686,1273.781342062193,5856.871874999999,31.443872327940277,4466.8162539,True,False,1085.0,0.51,0.49,4775935.110490788,2340208.204140486,2539.125901492427,1.042450980392157,10.995,19.60484375,2.015960784313725,0.6422812745869394,1.2948138620663052,81.21641669944925,4228.001200499997,86.0631820569183,968.1610065466448,-3944.510242006294,6186.777780837048,-1274.1065322841096,-2291.679187406708
2024-08-04,140.21761544164244,3365.2227705994187,51.54166666666666,2.03,1.61,1.820940177849636,5.33,3.77,4.55,420.0,425.0,0.0,0.6002713676785433,0.0,4675.806091566895,500.0,747.0755340668958,14.861257979722115,20.79263612467142,64.34610589560647,420.0,425,440,430,465,485,555,555.0,650,555,620,6.3,6.42,8.57,8.97,9.0,8.36,9.09,9.0,9.19,9.15,9.12,12.375,9.9375,11.875,7.8125,8.75,6.875,11.25,11.6875,22.125,847.0,680.5,479.0,305.5,232.5,167.5,160.0,143.5,130.5,0.0,0.0,0.0,0.0,0.0,0.0,0.0,0.0,0.0,1.76,1.36,0.6,0.36,0.12,0.044,0.011,0.003,0.001,0.001,0.001,0.0,0.0,0.0,0.0,0.0,0.0,0.0,0.0,0.0,0.0,373.8893331201023,335.73736035274493,108.9620342235727,81.72152566767951,73.9385232231386,70.04702200086815,62.26401955632725,62.26401955632725,66.1555207785977,58.37251833405679,58.37251833405679,2566.471958743229,12.315,12.04,11.875,6.77,11.675,11.635000000000002,11.68,11.615,11.585,11.57,11.575,1262.6113179959334,975.654200269585,109.7610975303283,65.85665851819698,21.95221950606566,8.049147152224075,2.0122867880560187,0.5488054876516415,0.1829351625505471,0.1829351625505471,0.1829351625505471,1482.1204982287695,1351.724395147472,8891.68265625,30.310029068842777,4683.1281381354165,False,True,425.0,0.5154166666666666,0.4845833333333333,4979412.046066088,2412940.0873228586,1025.499537112215,0.3995755860953922,6.3,19.54421875,1.820940177849636,0.6434610589560648,1.1717040951347717,81.57197005257228,3928.730557499999,84.02252960373416,2446.9945387356934,-2228.8115528312014,6027.914966178831,-1352.1088746119358,965.2585199713876
2024-08-05,149.54234011719632,3589.016162812712,42.869565217391305,1.99,2.16,2.078997971602434,2.67,5.28,3.975,355.0,410.0,0.0,0.4957484591487219,0.0,4381.348516488438,268.0,574.6238269922922,10.607796143250688,19.855316804407718,69.5368870523416,355.0,410,350,370,355,355,360,395.0,355,380,350,20.0,11.1,9.54,9.22,9.2,8.43,9.05,9.32,9.18,9.16,9.17,11.4375,10.875,9.3125,8.6875,10.3125,7.8125,10.6875,12.0,18.125,899.0,721.5,391.0,276.0,231.5,179.0,142.0,126.0,120.5,1438.5,1112.5,787.0,672.0,536.5,391.0,357.5,299.5,230.5,0.72,0.96,0.96,0.764,0.641,0.44,0.08,0.04,0.004,0.001,0.001,0.0,0.0,0.0,0.0,0.0,0.0,0.0,0.0,0.0,0.0,322.95425470907406,311.2104636287441,62.88800123516696,56.898667784198686,68.87733468613526,53.90400105871454,53.90400105871454,50.9093343332304,47.91466760774626,44.92000088226212,38.93066743129384,2103.380147422401,11.84,11.96,11.905,11.855,11.84,11.829999999999998,11.765,11.79,11.785,11.75,11.77,563.4161189289338,751.2214919052451,191.56148043583747,152.45101151352063,127.907196832679,87.79901186642552,15.963456702986456,7.981728351493229,0.7981728351493229,0.1995432087873307,0.1995432087873307,1905.5116644061068,1113.3113944152806,8457.592968750001,28.42004476236814,4154.208186365217,False,True,410.0,0.428695652173913,0.571304347826087,4906464.846928522,2803084.6995061208,1149.2647267975094,0.5463894523326572,20.0,19.48359375,2.078997971602434,0.695368870523416,1.4456704713336572,75.66931818181818,3806.7246894961454,86.88477246606162,1899.4987557898448,-2481.849760698593,5492.945641603525,-1111.5971251150868,-7.727177916455957
2024-08-06,228.30314923637047,5479.275581672891,33.458333333333336,2.01,1.95,1.981988792029888,6.01,4.93,5.47,365.0,385.0,1.2916830145298197,0.6238967728682933,3.0,4603.270546415005,306.0,668.8557133725093,8.967331941544886,17.32901878914405,73.70364926931106,365.0,385,370,355,345,380,365,335.0,335,325,305,,0.0,0.0,0.0,0.0,0.0,0.0,0.0,0.0,0.0,0.0,10.6875,8.1875,7.125,8.3125,10.125,8.0625,7.25,7.875,13.0625,827.0,557.5,425.0,308.0,274.5,199.5,144.0,122.5,114.0,0.0,0.0,0.0,0.0,0.0,0.0,0.0,0.0,0.0,1.2,1.44,0.68,0.48,0.32,0.28,0.12,0.04,0.002,0.001,0.001,0.0,0.0,0.0,0.0,0.0,0.0,0.0,0.0,0.0,0.0,267.04393047762426,245.84996774130485,49.72103657940527,47.5592523803007,43.23568398209154,41.07389978298696,38.91211558388238,38.91211558388238,32.426762986568654,30.26497878746408,30.26497878746408,2320.2207265209663,11.65,11.845,11.84,11.845,11.82,11.92,11.905,11.895,11.89,11.9,11.94,1011.6092201216054,1213.9310641459265,146.177532307572,103.18414045240377,68.78942696826917,60.19074859723553,25.796035113100935,8.598678371033646,0.4299339185516823,0.2149669592758411,0.2149669592758411,1298.2518540272722,865.264722672975,6853.650937500001,18.615599540415545,4949.840578593748,False,True,385.0,0.3345833333333333,0.6654166666666667,6934657.215006623,4614436.488485658,1776.5580480669782,0.7656849315068494,20.0,19.21136363636364,1.981988792029888,0.7370364926931107,1.4607980678347636,72.03980167014615,3934.414833042496,85.4699890734554,2639.1367139142512,-1964.1338325007537,5471.509003987007,-868.2384575720025,1343.858594786007
2024-08-07,208.08702499496795,4838.023331133005,34.541666666666664,1.77,1.2,1.492769722557298,5.84,3.74,4.79,535.0,500.0,0.0,0.5434436212612064,0.0,3187.947450528016,312.0,557.9313324371834,7.224988713318284,19.72469525959368,73.05031602708804,535.0,500,445,425,430,450,410,405.0,420,410,360,20.0,12.4,9.84,9.39,9.11,8.84,8.74,8.72,8.3,8.32,8.19,10.6875,8.5625,7.25,7.6875,9.9375,11.9375,14.875,15.0625,12.5625,826.5,512.0,435.0,301.5,270.5,200.5,165.0,139.0,86.0,1298.5,782.0,796.0,676.0,623.5,534.5,376.5,320.5,162.0,0.84,1.08,0.56,0.36,0.28,0.12,0.08,0.04,0.04,0.01,0.01,0.0,0.0,0.0,0.0,0.0,0.0,0.0,0.0,0.0,0.0,207.46662196540905,194.22407162719148,51.77837182243082,45.02467114993985,38.27097047744887,36.019736919951875,33.76850336245488,31.51726980495789,27.014802689963904,22.512335574969924,22.512335574969924,2124.4766981320336,11.885,11.755,11.68,11.65,11.63,11.65,11.555,11.59,11.575,11.56,11.555,702.66984834441,903.4326621570988,119.45387421854971,76.79177628335337,59.72693710927486,25.597258761117796,17.06483917407853,8.532419587039264,8.532419587039264,2.133104896759816,2.133104896759816,703.544688210851,710.1096909696885,7496.68125,20.424147061080696,4512.061509197919,True,False,535.0,0.3454166666666666,0.6545833333333333,6150475.362505284,4025998.66437325,2153.9092854396886,1.0138540410132688,20.0,18.94485294117647,1.492769722557298,0.7305031602708805,1.0904729998847915,71.3591704288939,2630.0161180908326,82.49872869313533,1926.068245015481,-1261.8792055125352,3897.653956633204,-709.7065061051876,1222.1203719401287
2024-08-08,200.14592501306,2985.5100481114778,38.84615384615385,0.0,2.04,2.0415742574257427,0.0,7.44,7.44,575.0,435.0,1.9540659030871892,0.6631183956533429,3.0,3134.348111085149,320.0,386.2319950851485,3.406370558375635,6.7979949238578685,72.32,575.0,435,375,375,375,375,335,365.0,385,400,385,,0.0,0.0,0.0,0.0,0.0,0.0,0.0,0.0,0.0,0.0,11.333333333333334,10.083333333333334,10.75,7.416666666666667,10.5,9.666666666666666,10.666666666666666,13.25,14.833333333333334,726.0,474.5,309.0,263.0,185.0,152.5,101.5,82.5,59.5,0.0,0.0,0.0,0.0,0.0,0.0,0.0,0.0,0.0,1.4,1.48,0.88,0.48,0.32,0.24,0.2,0.04,0.04,0.001,0.001,0.0,0.0,0.0,0.0,0.0,0.0,0.0,0.0,0.0,0.0,226.26437865359236,215.9796341693381,60.32002640015087,55.07480671318123,52.452196869696415,52.452196869696415,41.961757495757126,39.33914765227231,39.33914765227231,36.71653780878749,34.09392796530267,1534.0765610696465,11.81,11.91,11.855,11.815,11.835,11.79,11.795,11.73,11.67,11.65,11.615,1133.3584763341507,1198.1218178389593,181.66117292098812,99.08791250235716,66.05860833490479,49.543956251178585,41.28663020931549,8.257326041863099,8.257326041863099,0.2064331510465774,0.2064331510465774,-37.63401704508425,853.9937582500473,6313.77875,21.23450677161015,3131.340731230769,True,False,575.0,0.3884615384615384,0.6115384615384616,3949107.978991169,2415031.4179215226,1388.6430653048756,0.9051980198019802,20.0,18.77328571428572,2.0415742574257427,0.876347240931766,1.7891279676523686,60.30811927564847,2748.1161160000006,87.67743781492636,2786.046092777673,-348.3020183074759,3988.637829067784,-854.2897179826355,2823.976069555345
2024-08-09,219.87164072671155,5276.919377441077,35.75,1.81,1.64,1.7267972027972032,5.87,5.74,5.805,325.0,390.0,0.0,0.5844877349669005,0.0,4203.857916618183,330.0,600.8235206181818,11.511968911917098,19.6560621761658,68.83196891191709,325.0,390,380,435,400,390,395,440.0,420,375,375,20.0,9.49,8.48,8.63,8.62,8.38,9.03,8.38,9.16,7.7,9.08,12.5,9.8125,9.375,11.0,9.8125,11.5625,10.125,7.4375,11.375,727.0,442.0,257.5,220.5,194.0,103.0,84.0,81.0,70.5,1107.5,783.5,603.5,481.0,392.0,275.0,206.5,163.0,130.0,0.76,0.96,0.64,0.52,0.36,0.16,0.04,0.004,0.003,0.002,0.001,0.0,0.0,0.0,0.0,0.0,0.0,0.0,0.0,0.0,0.0,226.0592663400645,216.8323575098578,47.05723503405426,39.99864977894612,39.99864977894612,37.645788027243405,35.29292627554069,32.94006452383798,30.587202772135264,25.88147926872984,25.88147926872984,2431.9489576988803,11.495,11.885,11.86,11.88,11.91,11.88,11.875,6.875,11.855,11.83,11.765,630.1398016489426,795.9660652407696,135.31423109093083,109.9428127613813,76.11425498864858,33.82855777273271,8.457139443183177,0.8457139443183177,0.6342854582387383,0.4228569721591588,0.2114284860795794,1811.7780150563904,758.175098578086,6021.474374999998,19.329459615405877,5093.546429075,False,True,390.0,0.3575,0.6425000000000001,6802654.427129735,4370705.469430856,1704.5751330780338,0.700909090909091,20.0,18.473472222222224,1.7267972027972032,0.688319689119171,1.1885885138012249,76.675,3603.034396000001,85.70780619765766,1791.8771478073843,-2411.980768810798,4962.653782060043,-758.7958654418608,-19.280100385231776
2024-08-10,229.44198031978567,5063.019699056604,33.125,2.15,1.4,1.80427358490566,6.04,4.22,5.13,370.0,395.0,1.4156995845841924,0.6622548046288061,3.0,3823.42469663632,348.0,487.4315223990565,10.48148148148148,23.88159122085048,65.63692729766805,370.0,395,445,450,420,430,420,420.0,410,415,390,20.0,12.17,9.58,9.27,9.31,8.58,8.99,9.23,9.54,9.43,7.92,11.875,9.5625,12.375,10.75,11.9375,7.6875,6.4375,5.0625,11.625,799.7715000000001,493.5,282.0,183.0,136.5,92.0,81.5,87.0,97.0,0.0,0.0,0.0,0.0,0.0,0.0,0.0,0.0,0.0,1.12,0.52,0.4,0.36,0.08,0.004,0.003,0.002,0.001,0.001,0.001,0.0,0.0,0.0,0.0,0.0,0.0,0.0,0.0,0.0,0.0,213.4571512138052,192.5299795261772,36.28771570634688,36.28771570634688,34.15314419420883,32.018572682070776,32.018572682070776,29.884001169932727,21.34571512138052,19.211143609242463,17.076572097104414,2084.7122411021,12.155,11.97,11.865,11.885000000000002,11.815,11.79,11.76,11.735,11.69,6.725,11.685,946.3819830359754,439.39163498098856,86.18835916934775,77.56952325241296,17.23767183386955,0.8618835916934775,0.6464126937701081,0.4309417958467387,0.2154708979233693,0.2154708979233693,0.2154708979233693,1716.7220147310456,664.2702837086865,6146.218542187502,18.52320135171665,4528.238243343751,False,True,395.0,0.33125,0.66875,6293470.916534642,4208758.675432541,1662.459676795854,0.7974528301886793,20.0,18.11180555555556,1.80427358490566,0.6563692729766805,1.1842697411755572,78.0278463648834,3335.9931742372632,87.25144180744877,1569.3548230476745,-2254.0698735886454,4437.778643886463,-614.3539472501434,-197.2835281419144
2024-08-11,230.46577649911816,5531.178635978836,35.0,2.11,1.79,1.9555714285714283,5.32,5.09,5.205,390.0,425.0,0.0,0.5968246422369496,0.0,4855.915005685713,316.0,677.3591718428571,10.134653156664069,20.07079501169135,69.79455183164458,390.0,425,320,425,420,380,370,370.0,390,365,345,,0.0,0.0,0.0,0.0,0.0,0.0,0.0,0.0,0.0,0.0,11.6875,9.0625,8.3125,8.9375,10.5625,7.8125,7.0625,8.3125,12.8125,671.0,477.0,298.0,222.5,188.0,162.0,103.0,100.5,93.0,0.0,0.0,0.0,0.0,0.0,0.0,0.0,0.0,0.0,1.12,1.16,0.6,0.4,0.24,0.12,0.03,0.002,0.002,0.001,0.001,0.0,0.0,0.0,0.0,0.0,0.0,0.0,0.0,0.0,0.0,233.4441805225653,210.9976247030879,50.37007125890736,48.080522565320656,43.50142517814727,41.21187648456056,38.922327790973874,41.21187648456056,38.922327790973874,34.34323040380047,32.05368171021377,2476.0437891737893,12.165,12.13,12.185,12.105,12.07,12.065,12.055,12.025,11.99,11.965,11.96,933.7767220902614,967.125890736342,127.5605700712589,85.04038004750595,51.02422802850356,25.51211401425178,6.378028503562945,0.4252019002375297,0.4252019002375297,0.2126009501187648,0.2126009501187648,1975.8551277306772,813.0591448931117,5772.3393750000005,18.440915890243957,5226.963811,False,True,425.0,0.35,0.65,7074410.826210827,4598367.037037037,1954.3059907407408,0.7892857142857143,20.0,18.029285714285717,1.9555714285714283,0.6979455183164458,1.364882314319118,75.21256332813718,4178.555833842856,86.05084374315143,2197.693539192399,-2658.2214664933144,5663.966983659045,-808.0519779733313,216.8312445419416
2024-08-12,254.00308197908797,6096.073967498111,32.666666666666664,1.76,1.75,1.7570612244897958,6.09,4.39,5.24,485.0,620.0,1.196636494142265,0.6512292177606489,3.0,4404.999930448979,446.0,647.0432031734694,8.975830130668717,20.683843197540355,70.34032667179095,485.0,620,725,735,705,700,690,605.0,625,555,600,20.0,11.41,9.4,9.18,9.06,8.46,8.85,9.1,9.25,9.16,9.24,12.4375,8.5,8.1875,8.8125,10.625,9.875,9.25,8.75,14.625,887.0,564.0,330.0,241.5,204.0,160.5,112.5,107.5,99.0,1255.5,879.0,561.0,505.0,472.0,363.0,322.0,254.0,219.0,1.24,1.32,1.0,0.84,0.76,0.32,0.084,0.021,0.002,0.001,0.001,0.0,0.0,0.0,0.0,0.0,0.0,0.0,0.0,0.0,0.0,238.52657755672988,189.17625116568237,62.92166614858564,41.94777743239043,50.33733291886851,48.23994404724899,41.94777743239043,41.94777743239043,35.655610817531866,31.460833074292815,29.363444202673303,2504.0859838436163,12.225,12.205,12.195,12.14,12.145,12.405,12.135,12.47,12.065,12.535,11.995,1051.128380478707,1118.9431147031398,216.15946534037928,181.5739508859186,164.28119365868827,69.17102890892137,18.157395088591866,4.5393487721479655,0.4323189306807585,0.2161594653403792,0.2161594653403792,936.4719434220218,811.5249922287848,7098.618281249999,16.7320804412519,5376.7372393333335,False,True,620.0,0.3266666666666666,0.6733333333333333,7665569.338296784,5161483.354453168,3200.119679760964,1.2779591836734694,20.0,17.941911764705882,1.7570612244897958,0.7034032667179094,1.2359226051294925,74.14718966179862,3757.95672727551,85.31116428173202,2824.818515697856,-1580.1814147511236,5219.858654522132,-814.8587240731522,1891.6803041202013
2024-08-13,220.23655327191756,5285.677278526021,34.958333333333336,1.88,1.73,1.806860548271752,4.5,3.09,3.795,790.0,645.0,0.0,0.5998136508946295,0.0,4280.9637093618585,382.0,598.9329601677889,9.836516443361754,18.444750304506695,71.71873325213154,790.0,645,520,495,450,420,435,420.0,420,450,450,20.0,9.29,8.64,8.42,8.79,8.27,8.72,8.95,9.06,9.14,8.93,12.75,10.8125,8.3125,8.5,8.3125,9.5625,11.25,10.75,17.3125,649.5,438.0,258.0,221.0,138.5,132.5,109.5,88.0,78.0,0.0,0.0,0.0,0.0,0.0,0.0,0.0,0.0,0.0,1.44,1.48,1.28,0.44,0.4,0.24,0.12,0.075,0.023,0.002,0.001,0.0,0.0,0.0,0.0,0.0,0.0,0.0,0.0,0.0,0.0,313.77208777727213,251.01767022181772,52.57923699467718,50.29318321229991,43.4350218651681,45.721075647545376,48.00712942992264,41.14896808279083,38.86291430041357,41.14896808279083,36.5768605180363,2366.8431680245003,12.295,12.155,12.095,12.06,12.04,11.99,12.015,11.98,11.995,11.98,11.965,1200.9355521696973,1234.2948730633,272.2120584917981,93.57289510655558,85.06626827868689,51.03976096721213,25.519880483606062,15.949925302253792,4.891310426024496,0.4253313413934345,0.2126656706967172,700.7242309426495,962.5631161327346,5861.6053125,19.297432405567527,4989.018641268748,True,False,790.0,0.3495833333333333,0.6504166666666666,6770469.133800716,4403625.965776215,3478.86451296321,1.4698331346841476,20.0,17.941911764705882,1.806860548271752,0.7171873325213154,1.2958574968530194,73.82361449451888,3682.030749194069,86.00938945457519,2984.1205213012245,-1296.843188060634,5246.3408285443975,-965.377119182539,2286.21029340838
2024-08-14,211.963486193294,4776.243888888889,36.52173913043478,2.05,1.81,1.9317380952380951,5.19,3.02,4.105,750.0,520.0,0.882896961510107,0.6196825361100207,2.0,4375.908355,540.0,604.2338050000001,10.195484008528789,20.54078891257996,69.26372707889126,750.0,520,525,545,490,600,570,585.0,585,575,565,19.43,10.15,9.06,8.96,8.98,8.34,8.74,8.9,8.98,9.0,8.28,11.6875,9.5625,9.4375,8.625,9.1875,8.875,9.8125,10.625,12.75,779.0,507.5,467.5,318.0,235.0,188.5,157.5,130.0,130.0,1308.0,804.0,811.0,709.0,576.5,471.5,339.5,322.5,290.0,1.0,1.36,0.72,0.64,0.32,0.08,0.04,0.003,0.002,0.001,0.001,0.0,0.0,0.0,0.0,0.0,0.0,0.0,0.0,0.0,0.0,256.1104140526976,241.8820577164366,58.05169385194478,50.795232120451686,48.376411543287325,41.11994981179423,41.11994981179423,38.70112923462986,36.28230865746549,33.86348808030113,29.02584692597239,2263.2318070328965,12.13,12.11,12.075,12.025,12.4,12.02,11.98,11.945,11.98,11.945,11.91,824.341279799247,1121.104140526976,151.34905897114174,134.53249686323713,67.26624843161856,16.81656210790464,8.40828105395232,0.6306210790464241,0.420414052697616,0.210207026348808,0.210207026348808,1446.9251541977635,875.3284818067754,7529.775468750001,20.050623229155303,4709.7918,True,False,750.0,0.3652173913043478,0.6347826086956522,6196944.233542455,3933712.426509559,2950.2843198821693,1.3035714285714288,19.43,17.849242424242423,1.9317380952380951,0.6926372707889127,1.3379938021646869,75.58234808102345,3771.67455,86.19180851194952,2325.2895169385183,-2050.6188380614813,5251.776957943057,-875.8686029430573,878.9044838770371
2024-08-15,220.98058502503665,3128.716782979476,31.4,0.0,1.7,1.7087388535031844,0.0,4.26,4.26,490.0,640.0,0.0,0.5970310202601313,0.0,2092.36191835414,470.0,333.2919643385351,3.772076372315036,7.6794272076372305,77.99000000000001,490.0,640,550,590,540,460,490,500.0,490,500,470,,0.0,0.0,0.0,0.0,0.0,0.0,0.0,0.0,0.0,0.0,12.1875,11.0,10.5625,7.1875,8.5625,8.5625,8.625,13.75,11.75,946.0,445.0,292.0,249.0,204.0,154.0,123.0,114.0,104.0,0.0,0.0,0.0,0.0,0.0,0.0,0.0,0.0,0.0,0.64,0.96,0.6,0.24,0.08,0.04,0.003,0.002,0.001,0.001,0.001,0.0,0.0,0.0,0.0,0.0,0.0,0.0,0.0,0.0,0.0,156.55064167666885,140.89557750900195,37.92439294617303,35.9283722647955,33.932351583417976,33.932351583417976,31.93633090204045,31.93633090204045,31.93633090204045,31.93633090204045,25.948268857907863,1218.244163367776,12.19,12.21,12.19,12.16,12.11,12.05,11.91,11.93,11.94,11.95,11.92,547.2292493767889,820.8438740651832,130.8219924291386,52.32879697165544,17.442932323885145,8.721466161942573,0.654109962145693,0.4360733080971286,0.2180366540485643,0.2180366540485643,0.2180366540485643,173.60260632971813,592.8572800295449,7194.5859375,19.232458813150867,2652.52608861,False,True,640.0,0.314,0.6859999999999999,3879758.482062981,2661514.318695205,1703.369163964931,1.398216560509554,19.715,17.75078125,1.7087388535031844,0.8719665577880664,1.489963136247899,60.63794445456944,1759.069954015605,84.07101747480169,1579.132604560982,-513.2293137931579,2678.8844552587807,-586.5225369046407,1399.1952551063594
2024-08-16,210.9916379049939,4835.225035322776,34.208333333333336,1.62,1.15,1.3869232643118148,3.74,3.79,3.765,450.0,505.0,0.0,0.5616841080207399,0.0,2923.781255035323,476.0,573.243065035323,11.590334249084249,22.089954212454217,66.31971153846153,450.0,505,485,500,470,465,480,485.0,485,490,470,20.0,18.09,9.1,8.96,9.6,9.08,8.76,9.05,9.24,9.14,8.81,11.6875,10.5,9.5625,9.1875,11.6875,11.25,12.75,10.4375,14.75,747.0,509.0,323.0,215.0,172.0,126.5,123.0,101.5,87.5,1044.5,779.0,661.0,591.5,461.5,419.5,368.5,317.5,215.5,0.89,1.0,0.76,0.6,0.28,0.16,0.04,0.004,0.001,0.001,0.001,0.0,0.0,0.0,0.0,0.0,0.0,0.0,0.0,0.0,0.0,265.9534252502804,252.8737485986272,68.929895954212,53.36508073874477,51.14153570796374,48.91799067718271,46.69444564640168,44.47090061562065,40.02381055405858,37.80026552327755,31.12963043093445,2105.182662321809,11.995,11.905,11.89,11.955,11.975,11.955,11.93,11.8,11.84,11.815,11.77,746.2850343213423,838.5225104734183,162.50566252974843,128.29394410243296,59.87050724780206,34.21171842731546,8.552929606828865,0.8552929606828865,0.2138232401707216,0.2138232401707216,0.2138232401707216,371.588421783028,941.3007296973036,6755.13328125,20.142978376772003,4465.93472325,False,True,505.0,0.3420833333333333,0.6579166666666667,6154005.346616737,4048822.684294928,2044.6554555689388,0.9712484774665042,20.0,17.645967741935483,1.3869232643118148,0.6631971153846153,0.91980350815141,78.29413919413919,2350.53819,80.39377726879921,1979.739069390084,-944.0421856452392,3865.871285905738,-942.0900308704154,1608.9399487801677
2024-08-17,216.25161171182447,5078.308681699346,34.0,1.4,1.48,1.4438823529411764,4.36,4.99,4.675000000000001,465.0,440.0,1.3655413558979026,0.6083990740716297,3.0,3172.109757141177,356.0,534.7265194985296,15.519408672798948,22.40692509855453,62.07366622864652,465.0,440,415,385,375,400,410,380.0,400,410,390,,0.0,0.0,0.0,0.0,0.0,0.0,0.0,0.0,0.0,0.0,10.0,10.0625,8.0875,9.25,9.6875,12.375,10.75,8.875,16.125,891.0,597.5,261.0,221.0,173.5,128.5,96.5,98.5,84.5,0.0,0.0,0.0,0.0,0.0,0.0,0.0,0.0,0.0,1.36,1.64,0.96,0.72,0.56,0.24,0.12,0.08,0.04,0.001,0.001,0.0,0.0,0.0,0.0,0.0,0.0,0.0,0.0,0.0,0.0,298.5014137606032,272.54476908576817,66.1894439208294,57.36418473138549,52.95155513666353,48.53892554194157,48.53892554194157,46.332610744580585,44.12629594721961,41.91998114985863,30.888407163053728,2191.0237281838185,12.105,11.975,11.94,11.85,11.785,11.735,11.78,11.705,11.705,11.695,11.705,1142.0923656927428,1377.229029217719,205.57662582469368,154.18246936852026,119.919698397738,51.39415645617342,25.69707822808671,17.131385485391142,8.565692742695571,0.2141423185673892,0.2141423185673892,-464.4819848150122,1007.8965127238456,6533.743875,19.653032716646397,4661.887369800001,True,False,465.0,0.34,0.6599999999999999,6444187.43583476,4253163.707650941,1977.721124057688,0.9026470588235292,20.0,17.534166666666668,1.4438823529411764,0.6207366622864653,0.8962707124990339,83.40358902759527,2637.383237642647,83.1428746027866,3102.216786050896,-69.8929710902803,4180.357833458259,-1008.248076317082,3567.050334459145
2024-08-18,204.9850218404712,4919.640524171309,34.916666666666664,1.84,1.63,1.7430150357995229,4.31,3.55,3.93,380.0,400.0,1.3624972230603472,0.649902950804735,3.0,3837.839093465048,322.0,631.628359218616,12.227862461673237,22.562601839684625,65.20953569864214,380.0,400,380,380,430,400,380,365.0,380,370,355,,0.0,0.0,0.0,0.0,0.0,0.0,0.0,0.0,0.0,0.0,11.5625,7.875,9.8125,7.5625,12.0,8.0,10.9375,9.6875,12.1875,773.5,548.5,311.5,274.5,214.5,192.5,134.0,119.0,111.5,0.0,0.0,0.0,0.0,0.0,0.0,0.0,0.0,0.0,1.64,1.88,1.04,0.68,0.4,0.2,0.16,0.003,0.002,0.001,0.001,0.0,0.0,0.0,0.0,0.0,0.0,0.0,0.0,0.0,0.0,273.0122245519641,250.63417335918024,68.47683664991888,67.3355560390869,54.78146931993511,54.78146931993511,52.49890809827114,43.36866321161529,41.08610198995133,41.08610198995133,31.95585710329548,2191.7144681988784,12.23,12.24,12.23,12.255,12.225,12.24,12.195,12.185,12.185,12.165,12.21,1368.148118843217,1568.364916722712,221.23956165684217,144.65663646793527,85.09213909878545,42.546069549392726,34.03685563951418,0.6381910432408908,0.4254606954939272,0.2127303477469636,0.2127303477469636,-270.020761599308,979.017361633105,6754.153124999999,20.73322217321589,4637.991104162502,False,True,400.0,0.3491666666666666,0.6508333333333334,6276986.543767671,4085272.075568793,1634.108830227517,0.7455847255369928,19.205,17.41465517241379,1.7430150357995229,0.6520953569864213,1.1366120120023897,79.38645422689443,3206.210734246432,83.54208334856631,3465.5734104126277,-372.2656830524206,4806.19836966504,-968.3592761999926,3724.936086578823
2024-08-19,204.97776127626676,4765.732949673202,34.73913043478261,1.14,1.5,1.3243207759699624,3.08,4.98,4.03,410.0,390.0,0.0,0.6172099784702798,0.0,2806.3349159064705,302.0,577.325380512353,11.625332725615312,20.092479489516865,68.28218778486782,410.0,390,405,390,400,375,370,385.0,365,375,305,,0.0,0.0,0.0,0.0,0.0,0.0,0.0,0.0,0.0,0.0,12.25,9.0625,9.5,7.3125,10.0625,9.5,10.75,10.625,15.875,928.5,568.0,422.0,322.0,230.5,181.5,160.0,144.5,116.5,1236.0,1169.0,955.0,846.0,704.0,565.0,489.0,477.0,352.0,1.44,1.52,1.12,0.72,0.68,0.32,0.16,0.04,0.001,0.001,0.001,0.0,0.0,0.0,0.0,0.0,0.0,0.0,0.0,0.0,0.0,297.9143393037492,253.4495125419956,72.5665972751819,68.03118494548303,54.424947956386426,49.88953562668756,49.88953562668756,45.35412329698869,45.35412329698869,40.81871096728982,40.81871096728982,2112.161131015469,12.195,12.205,12.17,12.19,12.185,12.16,12.15,12.135,12.12,12.125,12.115,1202.8542572706474,1269.6794937856837,238.56609435867844,153.3639178020075,144.84370014634047,68.16174124533669,34.08087062266834,8.520217655667086,0.2130054413916771,0.2130054413916771,0.2130054413916771,-893.8139465853809,1018.5113218047284,8168.58234375,20.73395656942461,4470.050301013043,True,False,410.0,0.3473913043478261,0.6526086956521739,6080063.330833015,3967902.199817546,1626.839901925194,0.7702252816020024,19.205,17.286607142857143,1.3243207759699624,0.6828218778486782,0.9042751991218284,77.08946558796718,2229.0095353941174,79.4277804391757,3120.709309211204,314.3743933047336,3822.732064942905,-1016.3971490364344,4012.4090830282903
2024-08-20,140.7770190141766,3378.648456340238,49.16666666666666,2.27,1.36,1.8160338983050848,5.57,4.66,5.115,470.0,405.0,0.0,0.5838625021413157,0.0,4369.349138391525,294.0,640.0733958915254,13.486607929515417,22.76797356828193,63.74541850220264,470.0,405,385,380,400,395,380,340.0,345,335,355,,0.0,0.0,0.0,0.0,0.0,0.0,0.0,0.0,0.0,0.0,11.375,10.5,10.375,10.4375,9.6875,11.375,9.0625,10.25,13.6875,907.5,592.0,427.5,356.0,230.5,204.0,174.5,146.0,105.5,0.0,0.0,0.0,0.0,0.0,0.0,0.0,0.0,0.0,0.8,1.0,0.92,0.32,0.32,0.2,0.01,0.003,0.002,0.001,0.001,0.0,0.0,0.0,0.0,0.0,0.0,0.0,0.0,0.0,0.0,356.0572194903889,334.6937863209656,98.0581582476531,83.53102369244523,79.89924005364325,72.63567277603933,72.63567277603933,69.00388913723737,65.37210549843539,58.10853822083146,47.21318730442556,2404.614583089896,12.08,12.005,11.985,11.97,11.94,11.915,11.88,11.86,11.87,11.825,11.8,589.0031291908806,736.2539114886007,172.72516763522574,60.07831917746982,60.07831917746982,37.54894948591864,1.877447474295932,0.5632342422887796,0.3754894948591863,0.1877447474295931,0.1877447474295931,2070.7592738693083,1337.2084935181042,8610.146718749998,30.18958655156645,4485.155825791666,True,False,470.0,0.4916666666666666,0.5083333333333333,4890741.524928602,2486126.941838706,1168.4796626641917,0.4859322033898304,19.205,17.149074074074072,1.8160338983050848,0.6374541850220264,1.1576384086164415,81.08824339207048,3729.2757425,85.3508297089952,1658.8794568618684,-2710.469681529657,5706.920620140807,-1337.5714817492817,-411.51682877626274
2024-08-21,145.22016748710735,3485.284019690577,49.375,1.73,1.67,1.702460759493671,4.15,4.33,4.24,400.0,380.0,0.0,0.5528596042124023,0.0,4251.354364313925,362.0,632.7448259316457,16.316651162790695,23.665023255813956,60.01832558139535,400.0,380,420,375,400,435,410,425.0,395,415,375,,0.0,0.0,0.0,0.0,0.0,0.0,0.0,0.0,0.0,0.0,11.8125,8.4375,8.8125,10.4375,10.375,10.4375,10.1875,10.1875,13.5625,819.0,667.5,536.5,438.5,320.0,241.0,216.0,149.0,132.0,1075.5,887.5,779.5,707.5,567.0,514.0,383.5,347.0,311.0,1.24,1.48,1.0,0.8,0.72,0.56,0.36,0.08,0.04,0.04,0.001,0.0,0.0,0.0,0.0,0.0,0.0,0.0,0.0,0.0,0.0,573.1944910984212,458.55559287873695,127.89402082633524,120.58579106483036,102.3152166610682,98.66110178031576,91.35287201881088,80.39052737655358,73.08229761504872,65.77406785354384,62.11995297279141,2493.57253982322,11.59,11.645,11.69,11.72,11.705,11.715,11.64,11.625,11.635,11.63,11.64,910.9439032583136,1087.2556264696,187.33120591199196,149.86496472959354,134.8784682566342,104.90547531071547,67.4392341283171,14.986496472959354,7.493248236479677,7.493248236479677,0.1873312059119919,949.0370628271988,1853.925932146456,9168.61265625,29.26590757704032,4646.319258750002,True,False,400.0,0.49375,0.50625,5050273.49837614,2556700.9585529207,1022.6803834211684,0.4101265822784809,19.205,17.00096153846154,1.702460759493671,0.6001832558139535,1.0217884415284075,85.18645348837211,3618.609538382279,85.1166293912609,2672.779202216997,-1578.5751620969277,6108.487023122298,-1857.132658808373,1726.948866051715
2024-08-22,141.20201553052183,3388.848372732524,48.083333333333336,1.65,1.33,1.4910797227036394,3.89,4.03,3.96,655.0,585.0,0.0,0.5266868030105386,0.0,3484.633629706065,422.0,598.4549317060657,6.878208955223881,29.193606965174126,70.32140547263681,655.0,585,570,530,580,580,595,645.0,650,580,625,,0.0,0.0,0.0,0.0,0.0,0.0,0.0,0.0,0.0,0.0,11.142857142857142,7.0,9.1875,9.3125,10.625,11.125,10.625,9.5,16.75,845.0,597.5,498.0,334.0,233.5,224.0,147.5,126.5,100.0,0.0,0.0,0.0,0.0,0.0,0.0,0.0,0.0,0.0,1.16,1.24,0.52,0.24,0.16,0.08,0.001,0.001,0.001,0.001,0.001,0.0,0.0,0.0,0.0,0.0,0.0,0.0,0.0,0.0,0.0,503.4159621088044,448.2470895489354,80.8913593909079,77.37434376521625,73.8573281395246,73.8573281395246,70.34031251383296,70.34031251383296,59.78926563675802,56.27225001106636,45.72120313399142,2335.294537897816,11.61,11.695,11.67,11.61,11.615,11.65,11.58,11.54,11.58,11.585,11.535,863.7227214377406,923.2898056748262,98.73244212296936,45.56881944137046,30.37921296091364,15.18960648045682,0.1898700810057102,0.1898700810057102,0.1898700810057102,0.1898700810057102,0.1898700810057102,908.7782663127508,1560.1067549023946,7828.714017857143,30.09872050361301,4399.572399899999,True,False,655.0,0.4808333333333333,0.5191666666666667,4856765.070151437,2521470.532253621,1651.5631986261217,0.7072183708838821,19.205,16.840999999999998,1.4910797227036394,0.6609575737241518,0.9855404357474784,75.23071037401733,2886.178698,82.82588658376272,1977.8319585233053,-1506.80167118276,5045.171911444517,-1560.5382817384516,1069.485219046611
2024-08-23,181.04746245568464,4307.420877591497,42.25,1.48,1.22,1.3513668639053251,4.5,2.92,3.71,365.0,415.0,0.0,0.5014980174949146,0.0,3350.674071025739,414.0,600.1565317886094,8.373803036200856,18.19043207473725,73.43576488906189,365.0,415,410,430,425,445,445,465.0,495,520,540,,0.0,0.0,0.0,0.0,0.0,0.0,0.0,0.0,0.0,0.0,12.0,12.0625,13.625,8.875,14.4375,8.5625,5.625,9.5625,16.25,875.0,668.0,435.0,312.0,278.5,211.5,167.0,155.0,157.0,1054.0,968.0,746.5,627.0,560.5,516.5,378.0,342.0,341.5,1.12,1.0,0.64,0.4,0.32,0.04,0.04,0.04,0.001,0.001,0.001,0.0,0.0,0.0,0.0,0.0,0.0,0.0,0.0,0.0,0.0,310.83890500819984,241.7635927841554,64.58541692948151,58.71401539043774,55.77831462091585,55.77831462091585,46.97121231235019,49.90691308187208,46.97121231235019,46.97121231235019,46.97121231235019,2476.9624458799112,12.08,12.115,12.095,12.1,12.125,12.085,12.1,12.1,12.1,12.115,12.11,881.2211429292291,786.8045919010974,128.4065093982591,80.25406837391193,64.20325469912954,8.025406837391193,8.025406837391193,8.025406837391193,0.2006351709347798,0.2006351709347798,0.2006351709347798,787.2462921622159,1025.250321685379,9704.85375,23.474507415646773,4913.6903661125,False,True,415.0,0.4225,0.5775,5862633.00799979,3385670.562119879,1405.0532832797496,0.5672485207100592,19.205,16.667708333333334,1.3513668639053251,0.7343576488906188,0.9923865929662036,71.83627384196184,2750.5175392371298,82.08848371799756,1965.567693326605,-1385.106377699134,4378.2208389628095,-1027.5467679370704,1180.6178474160802
2024-08-24,189.7910910312273,4554.986184749455,41.083333333333336,1.43,1.48,1.4571511156186612,4.31,4.6,4.455,540.0,445.0,1.1884431980404313,0.5333923635596611,3.0,3678.302298388236,356.0,571.5899862588236,10.911563479623824,21.64997648902821,67.43846003134796,540.0,445,475,490,455,455,405,410.0,360,435,365,,0.0,0.0,0.0,0.0,0.0,0.0,0.0,0.0,0.0,0.0,13.5,11.5,11.9375,12.875,12.0,9.1875,7.1875,9.5,15.0625,934.0,517.5,440.5,297.0,215.0,180.0,145.0,139.5,129.0,0.0,0.0,0.0,0.0,0.0,0.0,0.0,0.0,0.0,0.8,1.0,0.64,0.4,0.32,0.004,0.003,0.002,0.001,0.001,0.001,0.0,0.0,0.0,0.0,0.0,0.0,0.0,0.0,0.0,0.0,282.6349972938091,277.0931346017736,70.65874932345228,50.87429951288564,48.04794953994756,45.22159956700946,36.74254964819519,36.74254964819519,33.9161996752571,33.9161996752571,31.089849702319004,2520.584292618554,12.23,12.17,12.165,12.16,12.165,12.155,12.145,12.17,12.15,12.095,12.575,635.7966609767268,794.7458262209084,129.70251883925224,81.06407427453266,64.85125941962612,0.8106407427453265,0.6079805570589949,0.4053203713726632,0.2026601856863316,0.2026601856863316,0.2026601856863316,1397.1484862015436,946.9380781881011,9227.64515625,22.39304267080021,5052.618425433334,True,False,540.0,0.4108333333333334,0.5891666666666666,6135296.452621226,3614712.160002672,1951.944566401443,0.7744016227180526,19.205,16.59478260869565,1.4571511156186612,0.6743846003134796,0.9826802727028316,77.17068965517241,3106.712312129412,84.46049454637581,1708.5922619592818,-1969.7100364289536,4624.26881260775,-945.9665142195144,310.47221178915163
2024-08-25,144.6932321705008,3400.2909560067683,49.25,1.83,1.62,1.726030456852792,4.71,4.56,4.635,455.0,445.0,1.235918256366524,0.5634167118377945,3.0,4189.671399289341,292.0,597.2007992893402,7.600055888223553,24.32669061876248,68.07325349301396,455.0,445,440,385,410,365,380,380.0,360,390,380,,0.0,0.0,0.0,0.0,0.0,0.0,0.0,0.0,0.0,0.0,12.125,12.1875,11.1875,11.1875,12.6875,9.9375,10.375,11.3125,21.125,825.5,608.5,480.5,353.0,261.0,205.5,160.5,144.5,112.5,0.0,0.0,0.0,0.0,0.0,0.0,0.0,0.0,0.0,1.0,1.04,0.64,0.6,0.44,0.08,0.04,0.04,0.001,0.001,0.001,0.0,0.0,0.0,0.0,0.0,0.0,0.0,0.0,0.0,0.0,364.070594551067,314.1001207891558,80.09553080123473,72.8141189102134,72.8141189102134,69.17341296470272,65.53270701919205,65.53270701919205,61.892001073681385,54.61058918266004,50.96988323714938,2425.895851591634,12.025,12.095,12.145,12.005,11.97,11.915,11.905,11.835,11.825,11.82,11.72,735.605958931687,765.0301972889546,120.05089249765132,112.54771171654812,82.53498859213528,15.006361562206417,7.503180781103207,7.503180781103207,0.1875795195275801,0.1875795195275801,0.1875795195275801,1746.4804306500782,1271.605784458462,9633.9159375,29.372486440775383,4521.536898750001,True,False,455.0,0.4925,0.5075000000000001,4925676.856023622,2499781.004431988,1137.4003570165546,0.4688578680203045,19.205,16.635909090909088,1.726030456852792,0.6807325349301396,1.174965088260028,74.70425149700598,3592.470600000001,85.74587975107931,1846.345210709972,-2343.326188579369,5461.632225107853,-1271.9608258185117,100.2198214199434
2024-08-26,144.4304313132368,3466.330351517683,49.875,1.57,1.51,1.5421105263157897,4.65,3.09,3.87,435.0,465.0,0.0,0.5394780508217338,0.0,3886.528265082632,324.0,657.8019806107769,19.883288305673485,14.085889617908144,66.03082207641837,435.0,465,460,415,435,465,455,400.0,420,410,385,,0.0,0.0,0.0,0.0,0.0,0.0,0.0,0.0,0.0,0.0,11.625,9.5375,7.6875,7.375,11.375,11.4375,7.5625,9.5625,23.0,832.5,574.0,483.5,393.0,274.0,210.0,158.0,142.5,108.0,1114.5,799.5,689.5,621.5,504.5,417.5,354.0,313.5,296.0,1.0,1.04,0.8,0.68,0.56,0.4,0.32,0.04,0.04,0.004,0.001,0.0,0.0,0.0,0.0,0.0,0.0,0.0,0.0,0.0,0.0,516.2198825673213,443.5128568536141,85.2853411621786,85.2853411621786,77.86922453938044,77.86922453938044,77.86922453938044,77.86922453938044,63.036991293784176,55.62087467098603,55.62087467098603,2516.816474414763,12.185,12.17,12.14,12.135000000000002,12.115,12.04,12.065,12.025,11.98,12.03,11.96,730.7147195788621,759.9433083620165,149.06580279408786,126.7059323749747,104.34606195586152,74.53290139704393,59.62632111763514,7.453290139704393,7.453290139704393,0.7453290139704393,0.1863322534926098,1206.063605524808,1616.0590605385703,8243.582625,29.42593164997697,4667.8471096125,False,True,465.0,0.49875,0.50125,5046248.570255164,2529432.095840401,1176.1859245657863,0.4673308270676691,20.0,16.904523809523806,1.5421105263157897,0.6603082207641837,1.0182682578532978,83.65779139328446,3228.726284471855,83.07481804466457,2020.7732891273536,-1865.754975955278,5500.697935801509,-1614.1696707188771,812.8202937828524
2024-08-27,142.3286440813514,3415.8874579524336,49.833333333333336,1.29,1.46,1.378120735785953,3.25,2.78,3.015,690.0,490.0,1.209401085836577,0.5663690721371455,3.0,3418.5203368640964,378.0,659.8473213190634,8.309722547870262,20.23966002344666,71.45061742868307,690.0,490,475,445,455,415,430,430.0,440,415,410,20.0,12.27,9.87,9.68,9.58,8.84,9.11,9.26,9.34,9.23,9.24,12.5,10.125,8.5,7.9375,8.75,13.75,12.5,15.5,17.6875,766.0,524.0,400.5,313.5,294.5,194.5,143.0,112.0,122.0,0.0,0.0,0.0,0.0,0.0,0.0,0.0,0.0,0.0,1.16,0.88,0.52,0.44,0.44,0.36,0.32,0.16,0.04,0.04,0.004,0.0,0.0,0.0,0.0,0.0,0.0,0.0,0.0,0.0,0.0,348.5688585049924,290.4740487541603,74.07088243231088,70.36733831069535,66.6637941890798,66.6637941890798,62.96025006746426,62.96025006746426,59.25670594584871,55.553161824233165,51.84961770261762,2474.949440336812,12.075,12.08,12.04,12.02,12.025,12.025,12.03,12.04,12.025,12.5,11.975,848.0093550418276,643.3174417558693,96.93624179185032,82.02297382387334,82.02297382387334,67.10970585589637,59.65307187190789,29.826535935953945,7.456633983988486,7.456633983988486,0.7456633983988487,830.3603107933166,1209.388701987947,8084.974218750001,29.860468547503405,4596.076574674999,True,False,690.0,0.4983333333333333,0.5016666666666667,4966453.726428385,2491504.286091573,1719.1379574031853,0.6946153846153846,20.0,17.434749999999998,1.378120735785953,0.7145061742868307,0.9846757746317736,73.03694069949199,2758.673015545033,80.69786760653413,1924.557231267428,-1493.963105596669,4624.153565367755,-1205.6332285036583,1090.4414469898222
2024-08-28,147.30014077319868,3535.2033785567683,49.625,1.41,1.08,1.247537783375315,4.53,3.06,3.795,635.0,640.0,0.0,0.5439110083764401,0.0,3183.220215020466,444.0,496.3444825122796,12.576485768500946,19.53262618595825,67.89088804554079,635.0,640,440,430,470,500,495,520.0,535,530,510,10.5,7.31,7.76,8.65,8.81,8.34,8.83,9.02,9.1,8.9,8.64,11.625,10.125,9.625,8.0,9.8125,10.0625,11.75,13.625,19.375,553.5,451.5,381.0,245.0,193.0,182.5,125.0,109.0,92.0,919.0,784.5,759.0,513.0,444.5,417.5,363.0,349.0,249.0,0.56,0.84,0.44,0.4,0.28,0.12,0.08,0.04,0.001,0.001,0.001,0.0,0.0,0.0,0.0,0.0,0.0,0.0,0.0,0.0,0.0,267.0547437882971,238.1839606760488,62.577422395798266,58.8963975489866,55.21537270217493,55.21537270217493,51.53434785536328,51.53434785536328,47.85332300855161,36.81024846811663,18.405124234058317,2546.411694766517,11.705,11.775,11.71,11.665,11.68,11.67,11.65,11.65,11.631,11.595,11.55,410.2996431216753,615.4494646825129,82.20646421116423,74.73314928287657,52.3132044980136,22.41994478486297,14.946629856575314,7.473314928287657,0.1868328732071914,0.1868328732071914,0.1868328732071914,1404.8850301744724,943.2806612349336,6400.396406250001,28.85265402796743,4736.730626843751,False,True,640.0,0.49625,0.5037499999999999,5131308.201040841,2584896.506274323,1654.3337640155669,0.6496725440806044,10.5,17.43725,1.247537783375315,0.678908880455408,0.8469644798371564,77.9284985768501,2686.8757325081865,84.40747265394303,1280.40231398559,-1902.817901034876,4124.912487907276,-941.69227288681,-126.0711045370063
2024-08-29,139.3129653871717,3343.5111692921205,47.04347826086956,1.28,1.25,1.26668853974122,3.66,2.48,3.0700000000000003,420.0,460.0,1.3423584867225868,0.5707108111839567,3.0,2830.8873201983824,408.0,371.2697348822551,8.233977322285217,17.05761447884867,74.70840819886611,420.0,460,425,420,395,420,410,425.0,430,430,400,10.15,7.82,8.51,8.7,8.82,8.31,8.621,8.65,8.97,8.96,8.98,11.4375,11.0625,9.9375,10.8125,12.625,15.5,11.625,11.1875,14.125,717.0,523.5,383.0,259.5,242.5,207.5,157.5,119.5,120.0,0.0,0.0,0.0,0.0,0.0,0.0,0.0,0.0,0.0,0.0,0.4,0.36,0.24,0.16,0.08,0.04,0.001,0.001,0.001,0.001,0.0,0.0,0.0,0.0,0.0,0.0,0.0,0.0,0.0,0.0,0.0,327.52619777604906,64.76997666224317,44.3162998215348,37.49840754129868,34.089461401180614,30.680515261062556,30.680515261062556,27.27156912094449,23.862622980826437,23.862622980826437,2231.893287538205,11.88,11.63,11.65,11.62,11.645,11.655,11.65,11.635,11.62,11.605,11.505,0.0,300.97469454994734,69.07369239921292,46.04912826614194,30.69941884409463,15.349709422047315,7.674854711023658,0.1918713677755914,0.1918713677755914,0.1918713677755914,0.1918713677755914,1988.2622731426256,644.5581888070287,8094.839531250001,30.50685187978456,4246.840665204349,False,True,460.0,0.4704347826086956,0.5295652173913044,4744320.296985094,2512427.009446889,1155.716424345569,0.5178188539741221,10.15,17.439749999999997,1.26668853974122,0.7470840819886612,0.9463228448781272,70.95348070213694,2459.617585316128,86.8850401697996,470.5889836635703,-2360.2983365348123,3474.67918049548,-643.7918602970972,-1518.439617988987
2024-08-30,147.56564449909115,3425.9823797872336,48.958333333333336,1.57,1.65,1.611563829787234,4.45,4.01,4.23,,370.0,0.0,0.5506577483268046,0.0,3907.634803319681,350.0,463.2298863797873,4.490358422939067,17.802915173237754,77.70672640382318,,370,350,350,340,375,400,405.0,390,400,380,12.94,5.84,8.42,8.73,8.79,4.48,8.95,8.84,9.18,8.75,8.16,10.6875,10.6875,7.875,7.1875,8.375,11.25,11.8125,7.625,14.0,828.0,541.0,392.0,357.5,341.5,289.0,200.0,164.5,128.5,1060.5,853.0,703.0,618.0,579.0,523.5,406.0,387.0,313.5,0.0,1.16,0.8,0.56,0.4,0.36,0.24,0.04,0.001,0.001,0.001,0.0,0.0,0.0,0.0,0.0,0.0,0.0,0.0,0.0,0.0,0.0,382.18627997769113,93.84796430563304,72.19074177356387,64.97166759620748,64.97166759620748,61.362130507529294,57.75259341885109,46.923982152816514,43.31444506413832,36.095370886781936,2422.39422314126,,11.395,11.47,11.52,11.51,11.52,11.49,11.475,11.475,11.42,11.405,0.0,855.9286112660345,150.52537646402678,105.36776352481876,75.26268823201339,67.73641940881204,45.15761293920803,7.526268823201339,0.1881567205800334,0.1881567205800334,0.1881567205800334,2135.5187982833054,923.61684327942,8112.785156250001,28.800741625373213,4528.72045828125,False,True,370.0,0.4895833333333333,0.5104166666666666,4947869.051522573,2525474.828381313,934.425686501086,0.3857446808510638,12.94,17.442249999999998,1.611563829787234,0.7770672640382318,1.2522934960357406,66.73977001194743,3444.4049169398936,88.14551743713982,1308.069210819855,-2599.565592499826,4830.434738762368,-922.7999354426864,-828.2664953001836
2024-08-31,163.71931591856358,3649.576417351313,44.29166666666666,1.49,1.55,1.522641298212606,4.27,4.89,4.58,,440.0,1.3383455265533104,0.5754389587149095,3.0,3413.1125363431047,356.0,587.0381819593604,6.128511904761904,17.859583333333333,76.01190476190476,,440,410,420,415,405,2530,400.0,400,415,385,7.98,6.67,13.61,20.2,12.29,10.43,10.04,9.77,9.39,9.37,8.36,11.6875,8.0625,9.5625,8.5625,12.1875,9.3125,14.0,9.875,16.25,769.0,681.5,580.5,442.5,364.0,304.5,265.0,197.0,173.0,0.0,0.0,0.0,0.0,0.0,0.0,0.0,0.0,0.0,0.0,0.88,0.6,0.52,0.32,0.28,0.12,0.004,0.003,0.002,0.001,0.0,0.0,0.0,0.0,0.0,0.0,0.0,0.0,0.0,0.0,0.0,350.0945879432471,81.44305677416592,75.17820625307623,72.04578099253139,62.64850521089687,59.516079950352015,59.516079950352015,50.11880416871749,43.853953647627804,37.58910312653811,2237.685182977518,,11.515,11.5,11.645,11.675,11.695,11.69,11.685,11.665,11.6,11.51,0.0,679.8159601104239,118.19527488283508,102.43590489845704,63.03747993751204,55.15779494532303,23.639054976567014,0.7879684992189004,0.5909763744141754,0.3939842496094502,0.1969921248047251,1781.1423334266804,892.004158017505,10087.99125,25.959062778603432,4364.4371981,False,True,440.0,0.4429166666666666,0.5570833333333334,5052158.456393267,2814473.2734157494,1238.3682403029295,0.553414863593603,7.98,17.307631578947365,1.522641298212606,0.7601190476190476,1.1573886534627962,68.82287946428572,2826.0743543837443,82.80050318562516,1044.251390999165,-2368.86114534394,4304.436064402711,-891.3235280596064,-737.5715723854137
2024-09-01,155.36917521541466,3728.860205169952,48.625,1.44,0.89,1.1670074550128533,3.72,3.25,3.4850000000000003,365.0,350.0,0.0,0.0,0.0,3049.638702434267,274.0,683.5768074744216,3.4594808126410834,17.801828442437923,78.73869074492099,365.0,350,340,310,255,295,310,305.0,320,395,340,,0.0,0.0,0.0,0.0,0.0,0.0,0.0,0.0,0.0,0.0,11.1875,10.125,8.3125,7.6875,12.0,12.75,10.5625,10.1875,15.75,823.0,779.5,593.0,510.5,360.5,311.5,212.0,176.5,68.0,0.0,0.0,0.0,0.0,0.0,0.0,0.0,0.0,0.0,0.0,1.08,0.68,0.56,0.4,0.24,0.12,0.04,0.04,0.001,0.001,0.0,0.0,0.0,0.0,0.0,0.0,0.0,0.0,0.0,0.0,0.0,371.42790418362586,78.6305865083072,71.48235137118836,67.90823380262894,67.90823380262894,64.33411623406953,60.75999866551011,53.61176352839127,50.037645959831856,46.46352839127243,2608.7175214030394,,11.4,11.545000000000002,11.565,11.510000000000002,11.565,11.53,11.19,11.565,11.465,11.25,0.0,799.6770534463202,128.39259358110365,105.73507706679122,75.52505504770801,45.3150330286248,22.6575165143124,7.552505504770801,7.552505504770801,0.18881263761927,0.18881263761927,1173.341274965569,932.5643624474544,10036.6725,27.354203265271277,4895.527341862501,True,False,365.0,0.48625,0.5137499999999999,5364971.766381572,2756254.244978532,1006.0327994171644,0.3856426735218508,7.98,17.158055555555553,1.1670074550128533,0.7873869074492099,0.9188863909727436,65.45049379232505,2366.0618949598456,77.58499041447827,1192.784964969641,-1856.8537374646264,3982.267409857086,-932.6287074228188,19.50803497943582
2024-09-02,136.49629767086677,3275.911144100802,48.5,1.29,1.35,1.322442268041237,4.47,3.95,4.21,,355.0,1.311597882976089,0.6121825427944676,3.0,3024.8042144758765,284.0,369.5382352329896,6.827944044086477,15.571242051716828,77.6008139041967,,355,405,415,385,400,395,385.0,345,365,340,,6.37,16.6,11.47,9.58,9.19,9.45,9.14,9.22,9.15,9.21,12.0,9.25,9.6875,8.0,9.5,12.8125,15.0,14.625,16.25,796.0,659.0,481.5,346.0,333.0,221.5,159.5,133.0,108.0,1142.5,977.5,837.0,732.5,692.0,460.5,412.0,380.5,332.0,0.0,1.12,0.64,0.6,0.44,0.28,0.08,0.04,0.003,0.002,0.001,0.0,0.0,0.0,0.0,0.0,0.0,0.0,0.0,0.0,0.0,0.0,425.9104238869635,64.09602772593973,56.97424686750199,49.85246600906424,46.291575579845365,46.291575579845365,42.73068515062649,39.16979472140762,35.60890429218875,35.60890429218875,2283.0622711961387,,11.57,11.755,11.765,11.785,11.8,11.805,11.760000000000002,11.72,11.655,11.775,0.0,830.3705678485738,120.99685417222074,113.43455078645694,83.18533724340176,52.93612370034658,15.124606771527592,7.562303385763796,0.5671727539322847,0.3781151692881898,0.1890575846440949,1428.041864056864,842.5346041055718,8969.465624999999,31.136375656488617,4289.8056432,False,True,355.0,0.485,0.515,4707344.889064203,2424282.6178680644,860.6203293431629,0.3769587628865979,19.205,16.990882352941174,1.322442268041237,0.776008139041967,1.0262259634131186,68.26695633743113,2655.2659792428867,87.78306928215446,1224.7446894161558,-1800.0595250597207,3864.8593928115815,-840.055178335705,-205.77660041057533
2024-09-03,128.3086699340882,2804.613676975945,48.5,4.13,1.0,2.566168041237113,7.85,2.5,5.175,,370.0,0.0,0.4373994555339057,0.0,5025.12158171134,320.0,354.5589470103092,7.4637108190091,18.195844287158742,74.34044489383217,,370,445,405,405,400,395,370.0,365,395,370,,6.3,16.17,11.18,9.28,9.06,9.33,9.2,9.2,9.27,9.03,10.625,10.8125,9.625,8.875,12.0,11.3125,10.0625,12.625,18.375,801.0,761.5,633.5,532.5,315.5,249.5,189.0,155.5,150.0,0.0,0.0,0.0,0.0,0.0,0.0,0.0,0.0,0.0,0.0,1.12,0.4,0.36,0.16,0.08,0.001,0.001,0.001,0.001,0.001,0.0,0.0,0.0,0.0,0.0,0.0,0.0,0.0,0.0,0.0,0.0,342.1247667288723,39.16979472140762,39.16979472140762,35.60890429218875,32.04801386296987,32.04801386296987,32.04801386296987,28.487123433750995,24.92623300453212,24.92623300453212,1957.3286781245088,,11.454999999999998,11.805,11.95,11.875,11.965,11.93,11.96,12.015,12.05,11.975,0.0,830.3705678485738,75.62303385763796,68.06073047187417,30.249213543055184,15.124606771527592,0.1890575846440949,0.1890575846440949,0.1890575846440949,0.1890575846440949,0.1890575846440949,3650.141697521699,630.5568914956012,10403.346562499995,33.1232488200775,3672.6416100000006,False,True,370.0,0.485,0.515,4035729.23324641,2078400.5551219012,769.0082053951036,0.3928865979381444,19.205,16.802812499999998,2.566168041237113,0.7434044489383216,1.9077007385790088,70.7020412032356,4670.56263470103,92.94427127294377,1020.373440415889,-4004.7481412954503,5655.630976443498,-630.5093947321584,-2629.8157538692526
2024-09-04,150.06554136438845,3601.572992745323,48.5,1.59,1.73,1.664778350515464,3.97,4.49,4.23,,665.0,1.1930004278894868,0.640110126253081,3.0,4186.364845134021,276.0,505.6038144742269,8.8761973986228,23.311652639632747,67.81214996174445,,665,390,345,380,440,445,435.0,430,430,365,,7.81,20.15,10.13,9.32,8.8,9.15,9.17,9.21,9.13,8.82,10.25,10.5625,7.75,8.5,11.0,10.375,12.3125,13.25,24.3125,662.5,605.5,425.5,334.0,254.5,192.5,158.0,288.5,128.0,1242.0,950.5,783.0,615.5,559.0,419.0,357.0,320.5,288.0,0.0,1.36,0.92,0.8,0.44,0.04,0.04,0.001,0.001,0.001,0.001,0.0,0.0,0.0,0.0,0.0,0.0,0.0,0.0,0.0,0.0,0.0,286.2676619568115,124.6311650226606,117.50938416422284,106.82671287656622,96.14404158890962,71.2178085843775,49.85246600906424,46.291575579845365,46.291575579845365,42.73068515062649,2507.450243275629,,12.010000000000002,11.655,11.71,11.94,12.05,12.04,12.145,12.125,11.725,12.25,0.0,1008.3071181018396,173.9329778725673,151.24606771527593,83.18533724340176,7.562303385763796,7.562303385763796,0.1890575846440949,0.1890575846440949,0.1890575846440949,0.1890575846440949,2240.306493301686,987.7630765129298,8414.88046875,28.32095870483797,4716.259834,False,True,665.0,0.485,0.515,5170000.5015992345,2662550.2583236056,1770.5959217851978,0.7061340206185566,19.205,16.589666666666666,1.664778350515464,0.6781214996174445,1.1289219915822022,75.66502964804897,3680.7610306597935,87.92260509587668,1432.552338043189,-2753.8125070908327,5166.225722332031,-979.8608771980098,-815.6563545734172
2024-09-05,285.3795454447148,1712.277272668289,48.92857142857143,0.0,1.6,1.602087591240876,0.0,5.68,5.68,,420.0,0.0,0.5668832100691459,0.0,1939.8134229897812,245.0,219.20847949489053,4.705965770171149,5.034050529747352,81.0,,420,360,340,340,270,360,320.0,350,300,340,,8.68,21.54,10.81,10.23,9.64,9.89,9.9,9.82,9.68,9.68,9.4375,6.9375,6.3125,7.1875,10.875,11.25,16.3125,11.9375,16.0,927.0,594.5,393.5,298.0,291.0,169.0,147.0,149.5,132.5,0.0,0.0,0.0,0.0,0.0,0.0,0.0,0.0,0.0,0.0,1.04,0.72,0.42,0.4,0.2,0.08,0.001,0.001,0.001,0.001,0.0,0.0,0.0,0.0,0.0,0.0,0.0,0.0,0.0,0.0,0.0,374.7792009176066,97.3718791818008,93.76551328617856,90.1591473905563,86.55278149493404,72.12731791244504,61.30822022557829,54.09548843433378,50.489122538711534,50.489122538711534,1209.225869167054,,11.82,11.86,11.84,11.86,11.88,11.92,11.92,11.93,11.87,11.88,0.0,767.623781303766,135.51512139170327,79.05048747849358,75.28617855094627,37.64308927547314,15.057235710189255,0.1882154463773656,0.1882154463773656,0.1882154463773656,0.1882154463773656,608.6963480538496,1031.137793920857,7361.140781250001,14.892447857035824,2262.0405827142863,False,True,420.0,0.4892857142857143,0.5107142857142857,2471410.535523906,1262184.6663568518,530.1175598698777,0.4383941605839415,19.205,16.346071428571427,1.602087591240876,0.8926601878963157,1.4301198102234365,59.95011810882179,1720.604943494891,88.69950703006114,1110.928755496081,-828.8846674937004,2969.9713769656782,-1030.1579539758968,501.2525674972712
2024-09-06,148.81496968936509,3571.559272544762,49.04166666666666,1.82,1.57,1.6970781648258284,4.24,4.57,4.405,,435.0,0.0,0.4573800012683148,0.0,4300.403197396941,414.0,648.8041101984707,15.643090978302247,15.346440807004187,69.01046821469356,,435,435,440,430,440,440,415.0,415,440,465,,0.0,0.0,0.0,0.0,0.0,0.0,0.0,0.0,0.0,0.0,10.6875,10.8125,8.25,7.8125,11.4375,10.5,9.125,8.5,19.0,863.5,721.0,401.5,288.5,280.0,212.5,135.0,152.5,131.0,1208.0,997.0,744.0,565.0,537.5,496.0,382.5,368.5,333.5,0.0,0.0,0.64,0.48,0.36,0.32,0.04,0.001,0.001,0.001,0.001,0.0,0.0,0.0,0.0,0.0,0.0,0.0,0.0,0.0,0.0,0.0,319.2728449911813,72.36851153133442,68.7500859547677,68.7500859547677,68.7500859547677,65.13166037820098,61.51323480163426,61.51323480163426,54.27638364850082,50.6579580719341,2530.901173571349,,11.68,11.645,11.67,11.655,11.655,11.675,11.72,11.685,11.665,11.435,0.0,0.0,120.31495612957964,90.23621709718472,67.67716282288853,60.15747806478981,7.519684758098727,0.1879921189524681,0.1879921189524681,0.1879921189524681,0.1879921189524681,3303.0998523909548,890.9840860887231,8425.614375000001,28.558954847562774,4729.1909217583325,False,True,435.0,0.4904166666666666,0.5095833333333333,5160716.071853218,2629814.8982818685,1143.9694807526128,0.4520008496176719,19.205,15.705357142857142,1.6970781648258284,0.6901046821469357,1.1711615875156332,79.14538922725542,3651.5990871984704,84.91294698619897,346.6574673483513,-3953.74573004859,5189.5455160265,-889.1423186295588,-2958.2841525017675
2024-09-07,155.86509417880993,3740.7622602914394,47.73913043478261,1.56,1.59,1.5760947176684883,4.48,4.59,4.535,,295.0,1.1749648362398637,0.5742922734692004,3.0,4024.1920499825137,280.0,628.3457429825137,22.572171602126048,19.869627942293093,57.55820045558086,,295,340,370,375,385,365,375.0,335,330,325,,7.7,16.33,11.19,9.44,9.29,9.28,9.26,9.19,9.21,9.1,11.625,9.6875,6.9375,6.1875,8.0,9.8125,12.1875,6.0,14.875,794.5,557.5,556.5,390.5,347.5,247.0,190.0,125.5,111.5,0.0,0.0,0.0,0.0,0.0,0.0,0.0,0.0,0.0,0.0,1.16,0.8,0.64,0.52,0.4,0.08,0.001,0.001,0.001,0.001,0.0,0.0,0.0,0.0,0.0,0.0,0.0,0.0,0.0,0.0,0.0,334.4508910070452,87.02548694571074,78.32293825113966,73.10140903439702,66.13937007874016,66.13937007874016,55.69631164525487,45.25325321176958,48.734272689598015,45.25325321176958,2551.4944612268223,,11.39,11.41,11.425,11.39,11.345,11.31,11.295,11.31,11.34,11.39,0.0,866.755076668048,152.42934106920848,121.94347285536678,99.07907169498552,76.21467053460424,15.242934106920847,0.1905366763365106,0.1905366763365106,0.1905366763365106,0.1905366763365106,2063.854085864949,900.116556154165,7865.387343750001,27.267169871429708,4821.67991167826,False,True,295.0,0.4773913043478261,0.5226086956521738,5344660.528981504,2793166.067754681,823.9839899876309,0.3229417122040072,19.205,15.044285714285715,1.5760947176684883,0.5755820045558085,0.9071717569654496,90.63373196659074,3395.846307,84.38579135443489,1332.4267136344797,-2691.765336348034,4924.743098636107,-900.5510486535932,-730.9928797310406
2024-09-08,153.12222650373238,3674.933436089577,48.375,1.29,1.09,1.1910671834625322,4.03,2.69,3.3600000000000003,360.0,375.0,0.0,0.493750151725307,0.0,3044.819969139793,324.0,539.5678631397933,15.402472464868971,17.9730459551842,66.62448157994683,360.0,375,355,375,360,395,400,380.0,355,365,375,,0.0,0.0,0.0,0.0,0.0,0.0,0.0,0.0,0.0,0.0,12.3125,7.75,8.875,8.0,8.9375,12.4375,10.3125,7.9375,16.4375,755.5,656.5,523.5,406.0,301.0,241.5,188.5,132.0,110.5,0.0,0.0,0.0,0.0,0.0,0.0,0.0,0.0,0.0,0.0,0.76,1.6,0.52,0.32,0.28,0.04,0.001,0.001,0.001,0.001,0.0,0.0,0.0,0.0,0.0,0.0,0.0,0.0,0.0,0.0,0.0,403.4631515877772,88.69233073696826,81.5969442780108,70.95386458957461,67.40617136009588,67.40617136009588,63.85847813061714,63.85847813061714,42.57231875374476,31.92923906530857,2554.08921111938,,11.75,11.655,11.62,11.58,11.489999999999998,11.49,11.4,11.365,11.325,11.36,0.0,564.1941282204914,302.88316357100064,98.4370281605752,60.57663271420012,53.00455362492512,7.572079089275015,0.1893019772318754,0.1893019772318754,0.1893019772318754,0.1893019772318754,1418.308315375535,981.7371479928104,8360.398125,27.755604767779456,4799.9224342125,False,True,375.0,0.48375,0.51625,5279770.979058148,2725681.767938769,1022.1306629770384,0.4001937984496124,19.205,14.362857142857145,1.1910671834625322,0.6662448157994683,0.7935423362507862,80.48624430307635,2505.252106,82.2791538216222,1087.4247932893954,-1957.3951758503977,4027.0381197975335,-982.2181506577404,-330.4025194212089
2024-09-09,136.74643078192693,2687.067364864864,49.95,1.23,1.67,1.454509009009009,4.07,0.0,4.07,,305.0,1.5321972091027838,0.5944768640750944,3.0,2847.8886406418915,216.0,383.7665298648649,13.203654320987654,18.390123456790125,68.40622222222223,,305,300,280,310,290,275,270.0,270,260,255,,5.35,15.57,10.16,8.89,8.38,8.38,8.34,8.33,8.45,8.36,13.25,10.0625,7.875,9.5,10.375,8.9375,13.375,10.5625,20.8125,809.0,690.5,474.0,298.0,228.0,175.0,156.0,132.5,89.0,1029.5,882.5,695.5,563.5,504.0,476.5,385.5,358.5,253.0,0.0,0.0,0.0,0.0,0.0,0.0,0.0,0.0,0.0,0.0,0.0,0.0,0.0,0.0,0.0,0.0,0.0,0.0,0.0,0.0,0.0,0.0,0.0,0.0,0.0,0.0,0.0,0.0,0.0,0.0,0.0,0.0,1951.9027434105187,,11.6,11.565,11.56,11.565,11.48,11.54,11.56,11.55,11.535,11.585,0.0,0.0,0.0,0.0,0.0,0.0,0.0,0.0,0.0,0.0,0.0,2458.439090034948,0.0,8542.2609375,31.079421785988583,3623.913401625,False,True,305.0,0.4995,0.5005,3907713.200021058,1955810.4566105392,596.5221892662145,0.3056106106106105,19.205,13.777142857142858,1.454509009009009,0.6840622222222222,0.9949746649449448,77.9983950617284,2464.1221107770266,86.52452471672603,0.0,-2847.8886406418915,2842.205619899813,5.683020742078497,-2464.1221107770266
2024-09-10,125.75158788629268,2722.521877738236,49.588235294117645,1.71,1.59,1.6510166073546857,3.39,3.47,3.43,,300.0,0.0,0.541791742676662,0.0,3240.808235655516,245.0,482.910131655516,10.855512048192772,14.270933734939758,74.87355421686746,,300,380,340,360,330,340,340.0,310,290,310,,0.0,0.0,0.0,0.0,0.0,0.0,0.0,0.0,0.0,0.0,12.0,10.5,9.833333333333334,11.666666666666666,9.916666666666666,11.25,10.083333333333334,12.333333333333334,18.83333333333333,924.0,558.5,433.0,231.0,195.5,163.0605,124.0,94.0,75.0,0.0,0.0,0.0,0.0,0.0,0.0,0.0,0.0,0.0,0.0,1.92,0.44,0.32,0.04,0.04,0.001,0.001,0.001,0.001,0.001,0.0,0.0,0.0,0.0,0.0,0.0,0.0,0.0,0.0,0.0,0.0,367.7059773828756,88.24943457189015,80.89531502423264,77.21825525040389,69.86413570274637,69.86413570274637,66.18707592891761,55.15589660743135,51.47883683360259,51.47883683360259,1961.708141258091,,11.3,11.2,11.19,11.22,11.29,11.38,11.45,11.41,11.47,11.5,0.0,1407.294497766797,82.2387722132472,59.81001615508888,7.476252019386109,7.476252019386109,0.1869063004846527,0.1869063004846527,0.1869063004846527,0.1869063004846527,0.1869063004846527,1192.963903715439,978.0978998384492,8032.599184375001,33.79678993670396,3645.1364976,False,True,300.0,0.4958823529411764,0.5041176470588236,3955995.065407776,1994286.9241496848,598.2860772449055,0.304982206405694,19.205,13.645333333333332,1.6510166073546857,0.7487355421686747,1.2361748146371965,72.48872364457831,2757.898104,85.09908342176753,1565.2303216763285,-1675.5779139791875,4219.202256885733,-978.3940212302168,372.56253935265687
2024-09-11,143.8970689581227,3453.529654994945,50.375,1.46,1.7,1.5824627791563275,3.14,4.22,3.68,,430.0,0.0,0.4858977137208744,0.0,4031.8366478411913,260.0,613.9876511364764,12.830170278637771,17.53671826625387,69.63311145510836,,430,380,355,345,350,320,340.0,320,340,300,,5.93,17.48,10.93,9.12,4.88,9.14,9.14,9.0,9.06,8.97,11.125,11.0,9.6875,7.375,12.625,8.9375,11.75,8.9375,17.8125,709.0,478.5,354.5,228.0,148.0,137.0,82.5,76.5,72.0,1186.5,831.5,726.0,601.0,455.5,375.0,269.5,224.5,195.5,0.0,1.24,0.64,0.4,0.28,0.08,0.001,0.001,0.001,0.001,0.001,0.0,0.0,0.0,0.0,0.0,0.0,0.0,0.0,0.0,0.0,0.0,442.64695911587233,109.11247542206252,97.82497796460778,90.29997965963794,90.29997965963794,86.53748050715303,86.53748050715303,75.24998304969829,56.43748728727372,52.674988134788805,2543.858833852752,,11.585,11.505,11.45,11.38,11.3,11.27,11.515,11.25,11.265,11.29,0.0,901.1838090718016,118.60741745203066,74.12963590751916,51.890745135263415,14.825927181503832,0.1853240897687979,0.1853240897687979,0.1853240897687979,0.1853240897687979,0.1853240897687979,2253.4716446783773,1187.6217913078858,6195.320625,29.535000474796647,4697.232022,False,True,430.0,0.50375,0.4962499999999999,5049843.838913651,2505985.005060899,1077.5735521761865,0.4235980148883373,19.205,13.53,1.5824627791563275,0.6963311145510837,1.101918070745531,76.9981617647059,3417.848996704715,84.77151470248106,1161.5641551969625,-2870.272492644229,5216.645242319702,-1184.8085944785112,-1094.72068631079
2024-09-12,127.16521222235184,2214.7941128726284,47.833333333333336,1.11,1.39,1.552508362369338,3.99,4.11,4.050000000000001,,360.0,0.0,0.457796181124915,0.0,2353.575741331829,268.0,335.16950205731706,11.774789915966387,19.198487394957983,69.02672268907563,,360,370,330,365,370,345,330.0,320,355,335,,7.48,18.77,11.27,9.56,9.3,9.47,9.46,9.41,9.1,9.43,14.25,11.1875,12.75,13.6875,9.3125,9.8125,8.9375,8.25,15.6875,760.5,440.0,196.5,179.0,130.5,90.0,81.0,71.5,64.5,0.0,0.0,0.0,0.0,0.0,0.0,0.0,0.0,0.0,0.0,0.88,0.6,0.36,0.24,0.16,0.04,0.001,0.001,0.001,0.001,0.0,0.0,0.0,0.0,0.0,0.0,0.0,0.0,0.0,0.0,0.0,287.4816712304567,66.32612843388394,48.87188410917764,45.38103524423638,41.89018637929512,38.39933751435386,34.908488649412604,34.908488649412604,31.41763978447134,27.92679091953008,1513.5333016267482,,11.53,11.545,11.585,11.44,11.43,11.47,11.71,11.665,11.64,11.61,0.0,656.9101669463829,114.21279038954157,68.52767423372494,45.68511615581662,30.45674410387775,7.614186025969437,0.1903546506492359,0.1903546506492359,0.1903546506492359,0.1903546506492359,1092.6276846842052,657.5116509142301,6410.476874999999,33.42108997992909,2860.406596775,False,True,360.0,0.4783333333333333,0.5216666666666667,3164181.118383446,1650647.8167566978,594.2332140324112,0.3926132404181185,19.205,13.53,1.552508362369338,0.6902672268907563,1.0716456420173923,76.7175420168067,2018.406239274512,85.7591367819056,924.1680964579105,-1429.4076448739188,3009.4769341136625,-655.9011927818333,-170.0700463586914
2024-09-13,145.65734689473183,3495.776325473564,49.125,1.82,1.17,1.4960356234096694,5.06,3.71,4.385,,370.0,1.2065935996483828,0.5226685378107402,3.0,3719.6508182514,215.2,562.0010502513994,9.65934065934066,16.91065934065934,73.43,,370,315,315,320,280,315,270.0,285,250,260,,0.0,0.0,0.0,0.0,0.0,0.0,0.0,0.0,0.0,0.0,14.25,10.3125,11.0,12.3125,12.1875,10.1875,14.1875,13.625,21.6875,629.5,441.5,245.5,141.5,112.0,105.0,94.0,78.0,69.0,900.5,672.5,549.5,397.0,366.5,324.0,325.5,236.0,240.0,0.0,1.36,1.56,0.36,0.24,0.16,0.04,0.001,0.001,0.001,0.001,0.0,0.0,0.0,0.0,0.0,0.0,0.0,0.0,0.0,0.0,0.0,312.9459079026745,65.29189623969435,61.664568670822455,54.40991353307863,50.78258596420672,47.15525839533481,43.52793082646291,36.27327568871909,29.01862055097527,25.39129298210336,2484.617244292804,,11.63,11.64,11.655,11.655,11.61,11.64,11.64,11.595,11.61,11.6,0.0,1001.745425296602,293.010536899256,67.61781620752062,45.07854413834708,30.05236275889805,7.513090689724513,0.1878272672431128,0.1878272672431128,0.1878272672431128,0.1878272672431128,1712.2679429747973,726.4612507540721,6194.8584375,29.17806818952649,4636.710323699999,False,True,370.0,0.49125,0.50875,5057745.026550236,2573127.782257433,952.0572794352504,0.3831806615776082,19.205,13.548823529411765,1.4960356234096694,0.7343000000000001,1.0985389582697205,72.64333791208792,3157.649768,84.89102666589562,1445.769085059321,-2273.881733192079,4446.499329039591,-726.8485107881911,-266.11159788135865
2024-09-14,141.1590521831464,3387.8172523955136,49.958333333333336,1.52,1.66,1.591502502085071,3.1,3.83,3.465,,270.0,1.2149755947852277,0.5775142469756842,3.0,3929.7147422119274,366.0,496.3103841412844,11.244830404577032,17.461847159787496,71.29332243563547,,270,290,345,365,415,410,410.0,415,370,395,,5.99,14.98,9.05,8.85,8.71,8.85,9.1,9.14,9.34,9.84,12.6875,10.6875,11.3125,12.1875,13.0625,13.125,11.4375,13.5,20.9375,593.5,372.5,280.0,153.5,129.5,89.0,75.0,68.0,61.5,0.0,0.0,0.0,0.0,0.0,0.0,0.0,0.0,0.0,0.0,0.84,0.841,0.56,0.363,0.164,0.04,0.002,0.001,0.001,0.001,0.0,0.0,0.0,0.0,0.0,0.0,0.0,0.0,0.0,0.0,0.0,473.7476641826329,107.795814665556,85.49323232095821,74.34194114865932,74.34194114865932,63.190649976360426,66.90774703379338,59.47355291892745,52.03935880406153,44.60516468919559,2466.854297028395,,11.1,11.16,11.195,11.21,11.24,11.23,11.24,11.255,11.26,11.255,0.0,613.2489812459193,156.56465508701623,104.25232681180633,67.5778475583673,30.531038566314702,7.446594772271879,0.3723297386135939,0.1861648693067969,0.1861648693067969,0.1861648693067969,2452.081658206092,1101.937066888804,5730.51140625,30.10788138819358,4569.741996324999,False,True,270.0,0.4995833333333334,0.5004166666666666,4937823.446929231,2470969.149900836,667.1616704732257,0.2704503753127606,19.205,13.565555555555555,1.591502502085071,0.7129332243563548,1.134635010382716,74.96969248058848,3433.404358070642,87.37032032350712,980.5522683882295,-2949.162473823697,5030.88137762441,-1101.1666354124832,-1472.299821294183
2024-09-15,150.22030830708286,3605.2873993699886,48.5,1.4,1.6,1.5015927835051543,3.48,3.66,3.5700000000000003,,390.0,0.0,0.5343573409092697,0.0,3779.901627515721,210.0,494.8754352657217,11.18771450557907,18.500238553289726,70.31204694113121,,390,410,395,415,375,370,325.0,305,290,350,,9.02,22.0,10.42,9.07,9.47,9.68,8.94,9.04,9.2,8.34,12.6875,11.375,7.6875,11.875,9.3125,11.9375,11.75,20.625,24.0,590.5,360.5,316.0,194.5,164.5,104.5,91.5,81.5,55.5,0.0,0.0,0.0,0.0,0.0,0.0,0.0,0.0,0.0,0.0,0.68,0.6,0.482,0.4,0.28,0.08,0.004,0.001,0.001,0.001,0.0,0.0,0.0,0.0,0.0,0.0,0.0,0.0,0.0,0.0,0.0,397.981871500933,89.02226073047186,78.33958944281524,64.09602772593973,71.2178085843775,56.97424686750199,53.41335643828311,53.41335643828311,49.85246600906424,42.73068515062649,2514.5913169521027,,11.55,11.55,11.52,11.495,11.475,11.44,11.385,11.34,11.32,11.33,0.0,504.1535590509198,113.43455078645694,91.12575579845374,75.62303385763796,52.93612370034658,15.124606771527592,0.7562303385763797,0.1890575846440949,0.1890575846440949,0.1890575846440949,2431.825835136489,957.0416688882964,5915.75296875,28.29178057145296,4721.1238494750005,False,True,390.0,0.485,0.515,5184724.364849697,2670133.047897594,1041.3518886800616,0.4141237113402062,19.205,13.460526315789474,1.5015927835051543,0.7031204694113121,1.055800622802783,75.54729222777992,3285.0261922499994,86.90771654840736,853.7210330578512,-2926.18059445787,4737.463972348358,-957.5623448326368,-1577.5841261342975
2024-09-16,146.03314475308642,3504.795474074074,48.5,1.41,1.76,1.5865927835051543,3.81,4.93,4.37,,295.0,0.0,0.4981675694722283,0.0,3882.5458061,308.0,472.4410106,8.025971451229184,16.409698651863597,75.56432989690721,,295,345,340,360,340,335,335.0,335,340,330,,4.56,16.21,10.24,10.14,7.06,8.17,8.39,8.44,8.55,8.52,9.8125,8.1875,10.125,10.5625,7.9375,11.5,12.6875,16.875,19.875,602.0,475.0,305.5,199.5,156.0,107.0,77.5,60.5,57.5,945.0,778.5,673.0,480.5,369.5,331.5,215.0,194.0,179.5,0.0,0.92,0.92,0.684,0.563,0.4,0.321,0.08,0.001,0.001,0.001,0.0,0.0,0.0,0.0,0.0,0.0,0.0,0.0,0.0,0.0,0.0,509.69608104505465,89.02226073047186,83.68092508664354,76.5591442282058,71.2178085843775,65.87647294054918,53.41335643828311,58.75469208211143,58.75469208211143,51.63291122367367,2444.639955081076,,11.845,11.86,11.825,11.78,11.75,11.670000000000002,11.655,11.645,11.625,11.62,0.0,682.0901093041856,173.9329778725673,129.31538789656094,106.43942015462542,75.62303385763796,60.68748467075447,15.124606771527592,0.1890575846440949,0.1890575846440949,0.1890575846440949,2165.497046342642,1118.6083444414824,5256.155625000001,29.102982115367865,4589.5296733,False,True,295.0,0.485,0.515,5040494.752744486,2595854.79766341,765.777165310706,0.3132474226804123,19.205,13.252,1.5865927835051543,0.7556432989690722,1.198898205048358,70.28852597145122,3410.1047954999995,87.83166936864642,1243.7801932817918,-2638.765612818208,5000.326594665916,-1117.7807885659165,-922.5444089364162
2024-09-17,148.07999545490455,3553.9198909177094,48.833333333333336,1.88,1.69,1.7865716723549487,4.68,3.83,4.255,,520.0,1.197116409934079,0.5435001717751704,3.0,4477.187826169709,334.0,542.7333646697099,11.010224719101124,16.526369624176674,72.4634056567222,,520,455,415,415,425,400,405.0,415,410,370,,5.77,16.67,10.79,9.79,8.51,8.64,8.94,9.05,8.98,9.0,11.9375,10.125,12.8125,13.375,16.5625,12.75,14.5625,12.5,12.4375,571.5,415.5,226.0,171.5,133.0,100.0,77.0,71.0,70.5,0.0,0.0,0.0,0.0,0.0,0.0,0.0,0.0,0.0,0.0,1.08,0.882,0.48,0.4,0.321,0.162,0.008,0.001,0.001,0.001,0.0,0.0,0.0,0.0,0.0,0.0,0.0,0.0,0.0,0.0,0.0,352.5715304394332,120.47369195115432,124.0699215616365,107.88688831446652,89.90574026205545,82.71328104109101,61.13590337819771,59.3377885729566,53.94344415723327,46.75098493626884,2503.817367065737,,11.725,11.775,11.795,11.755,11.75,11.73,11.66,11.69,11.68,11.73,0.0,797.9427756484536,166.17158302879045,90.4335145734914,75.36126214457617,60.47741287102237,30.521311168553343,1.5072252428915234,0.1884031553614404,0.1884031553614404,0.1884031553614404,2711.9481526870027,1098.7891746144935,5758.441875,28.700703203994028,4685.843376175,False,True,520.0,0.4883333333333333,0.5116666666666667,5127271.058837688,2623453.6917719506,1364.1959197214144,0.5448464163822527,19.205,13.043333333333337,1.7865716723549487,0.7246340565672221,1.2946106782866529,74.09176191398683,3934.4544615,87.87780665583502,1222.980294143863,-3254.2075320258464,5576.450986115069,-1099.2631599453598,-1488.4938732122737
2024-09-18,149.30737810422605,3583.3770745014253,48.75,1.46,1.58,1.5215769230769232,3.77,4.69,4.23,,410.0,0.0,0.5102163027758237,0.0,3835.243959917308,314.0,465.9955680223078,13.382051086542129,20.15893633244377,66.45901258101411,,410,445,425,400,405,425,400.0,415,395,385,,0.0,0.0,0.0,0.0,0.0,0.0,0.0,0.0,0.0,0.0,12.125,12.5,9.8125,12.375,13.5,14.0,11.125,11.1875,12.0,566.5,374.0,236.5,152.0,112.0,101.0,79.5,66.5,56.0,925.0,761.5,628.0,416.0,338.5,292.5,221.0,210.5,182.0,0.0,1.2,0.766,0.641,0.44,0.283,0.08,0.04,0.001,0.001,0.001,0.0,0.0,0.0,0.0,0.0,0.0,0.0,0.0,0.0,0.0,0.0,436.1122244488977,89.68436873747494,77.12855711422844,66.36643286573145,71.74749498997996,59.19168336673346,59.19168336673346,48.42955911823647,52.01693386773546,48.42955911823647,2517.9595943479694,,11.87,11.795,11.704999999999998,11.67,11.63,11.615,11.605,11.585,11.6,11.555,0.0,887.3747494989979,144.4424248496994,120.87153306613224,82.9695390781563,53.36449899799598,15.085370741482963,7.542685370741482,0.188567134268537,0.188567134268537,0.188567134268537,2057.5107153500057,1008.298496993988,5347.828125,28.46476881425933,4716.620074312502,False,True,410.0,0.4875,0.5125,5165045.321739425,2647085.727391455,1085.3051482304963,0.4310256410256409,19.205,12.519523809523813,1.5215769230769232,0.6645901258101411,1.0112249987374995,79.32689906595502,3369.248391895,87.84964990773742,1312.2165030060123,-2523.027456911296,4844.021283372314,-1008.7773234550064,-744.8153858829756
2024-09-19,141.93677996942526,3406.4827192662065,50.65,2.0,1.7,1.8514615004935835,5.43,5.04,5.234999999999999,,315.0,0.0,0.4806341904974548,0.0,4690.2303058289,278.0,566.0857120288994,11.203386545039908,18.69327251995439,70.1033409350057,,315,340,345,340,355,320,300.0,335,335,325,,0.0,0.0,0.0,0.0,0.0,0.0,0.0,0.0,0.0,0.0,12.1875,10.25,12.0625,14.625,13.5625,12.4375,15.5625,11.5,11.8125,652.5,503.0,284.0,215.0,136.0,101.5,84.0,70.0,64.0,0.0,0.0,0.0,0.0,0.0,0.0,0.0,0.0,0.0,0.0,0.88,0.921,0.64,0.523,0.4,0.121,0.008,0.001,0.001,0.001,0.0,0.0,0.0,0.0,0.0,0.0,0.0,0.0,0.0,0.0,0.0,617.236194567552,127.053980532369,100.50538758530682,108.090699855896,81.54210690883383,75.85312270589195,62.57882623236085,62.57882623236085,54.99351396177165,54.99351396177165,2531.258654987216,,11.405,11.495,11.535,11.48,11.55,11.55,11.55,11.525,11.56,11.52,0.0,637.622556350091,170.16914258136435,118.25000135947144,96.63242298594308,73.90625084966965,22.356640882025065,1.4781250169933928,0.1847656271241741,0.1847656271241741,0.1847656271241741,3003.6190891859087,1345.4261725441147,6541.610624999999,29.94290839143664,4658.5354427325,False,True,315.0,0.5065,0.4935,4997549.170754623,2466290.5157674067,776.881512466733,0.3069151036525174,20.05,12.215238095238094,1.8514615004935835,0.7010334093500571,1.2979363679713891,75.68752850627138,4124.144593800001,87.9305348540053,1120.96943690693,-3569.2608689219696,6036.100410665853,-1345.870104836953,-1882.20571998614
2024-09-20,147.2494940720118,3533.987857728283,49.05555555555556,1.76,2.01,1.9865577576443945,4.94,4.16,4.550000000000001,390.0,420.0,1.1959934697161896,0.5194732406709448,3.0,4983.031616675481,250.0,593.3755416754811,12.092127335112467,18.82160121997713,69.0862714449104,390.0,420,480,490,450,445,420,370.0,375,360,345,20.05,11.85,10.12,8.05,8.01,8.98,8.82,8.56,7.89,7.97,8.09,12.0625,9.125,11.6875,11.3125,11.3125,12.25,13.625,16.625,14.0625,769.5,462.5,327.0,194.0,152.0,107.5,79.0,66.5,59.0,1057.5,784.0,705.5,494.5,396.0,283.0,211.0,177.0,169.0,1.2,1.32,0.84,0.562,0.485,0.4,0.16,0.04,0.001,0.001,0.001,0.0,0.0,0.0,0.0,0.0,0.0,0.0,0.0,0.0,0.0,390.3822680044063,369.08868974962047,114.02711155437794,95.92757003781,85.06784512786926,72.39816606627171,59.72848700467416,54.29862454970378,59.72848700467416,54.29862454970378,41.62894548810623,2506.407959869291,11.84,11.765,11.625,11.605,11.54,11.565,11.48,11.37,11.425,11.465,11.475,884.5395814105809,972.9935395516392,157.8903152817887,105.63613950995864,91.162860609128,75.18586441989939,30.074345767959755,7.518586441989939,0.1879646610497484,0.1879646610497484,0.1879646610497484,2064.5531789546235,1396.574819137218,6519.54515625,28.862577944896397,4680.766917561111,False,True,420.0,0.4905555555555556,0.5094444444444444,5109325.399507049,2602917.439637757,1093.225324647858,0.4361721404303509,20.05,12.582857142857144,1.9865577576443945,0.6908627144491041,1.3724386848561316,76.87865993137629,4389.656075,88.09207752786922,2325.565126976093,-2657.466489699388,6380.068666743416,-1397.0370500679346,261.47417895218587
2024-09-21,144.8502071969697,3476.4049727272727,49.5,2.33,2.67,2.501530303030303,5.9,5.73,5.815,415.0,420.0,0.0,0.4928067802262342,0.0,6253.778978959091,424.0,691.320586459091,10.960472741136105,24.859207014868478,64.18032024399542,415.0,420,405,405,440,425,460,445.0,435,465,465,,0.0,0.0,0.0,0.0,0.0,0.0,0.0,0.0,0.0,0.0,11.625,9.625,11.25,11.125,11.4375,11.3125,12.6875,15.125,18.875,764.5,500.5,297.0,202.0,163.5,111.0,85.5,73.0,64.5,0.0,0.0,0.0,0.0,0.0,0.0,0.0,0.0,0.0,1.56,1.6,0.888,0.683,0.44,0.241,0.08,0.02,0.001,0.001,0.001,0.0,0.0,0.0,0.0,0.0,0.0,0.0,0.0,0.0,0.0,489.00726392251823,417.0944309927361,84.3537530266344,89.85508474576271,78.85242130750605,60.51464891041163,60.51464891041163,47.67820823244553,53.17953995157385,47.67820823244553,47.67820823244553,2498.451944567265,11.445,11.66,11.685,11.62,11.59,11.575,11.575,11.54,11.47,11.205,11.49,1144.503631961259,1173.8498789346247,166.12910411622278,127.77722760290558,82.31622276029056,45.0868401937046,14.966585956416466,3.741646489104117,0.1870823244552058,0.1870823244552058,0.1870823244552058,2803.946580256108,1476.406416464891,6585.4228125,29.34065530345276,4646.21524605,False,True,420.0,0.495,0.505,5047377.665792455,2548925.72122519,1070.5488029145797,0.4284848484848485,20.05,12.967142857142855,2.501530303030303,0.6418032024399543,1.6054901594854376,79.23759531071293,5562.4583925,88.94555453934258,2758.932384987894,-3494.846593971197,7730.605968167983,-1476.8269892088929,-44.59362252421204
2024-09-22,146.35209144199922,3512.4501946079813,49.54166666666666,2.31,1.8,2.0565277544154754,5.72,4.16,4.94,255.0,315.0,0.0,0.4684789670750863,0.0,5200.943266958579,270.0,577.9449769585788,13.658218262806235,18.05153674832962,75.29175946547885,255.0,315,305,320,325,325,325,335.0,310,325,325,,0.0,0.0,0.0,0.0,0.0,0.0,0.0,0.0,0.0,0.0,12.0,12.875,10.1875,8.375,10.375,11.4375,11.5,14.5,15.9375,830.0,561.0,309.0,239.5,214.5,125.5,103.5,72.5,69.5,0.0,0.0,0.0,0.0,0.0,0.0,0.0,0.0,0.0,1.2,1.24,0.685,0.52,0.44,0.286,0.08,0.04,0.002,0.001,0.001,0.0,0.0,0.0,0.0,0.0,0.0,0.0,0.0,0.0,0.0,396.0044407562742,417.6046829793437,126.68542063830262,115.66929710453718,123.01337946038082,86.29296768116265,67.93276179155359,60.58867943570996,49.57255590194451,49.57255590194451,42.22847354610088,2527.1137607268333,11.89,11.91,11.855,11.795,11.805,11.79,11.76,11.77,11.725,11.73,11.7,879.9964115100814,909.329625227084,128.09447765043623,97.239603471864,82.27966447619262,53.4817819095252,14.959938995671385,7.479969497835692,0.3739984748917846,0.1869992374458923,0.1869992374458923,2449.815294126536,1535.1652151972546,7483.389375000002,29.03955767304027,4698.341191562501,False,True,315.0,0.4954166666666666,0.5045833333333334,5100986.564965854,2573872.804239021,810.7699333352916,0.3208284272497898,19.205,13.218571428571428,2.0565277544154754,0.703651343943678,1.4470785182519237,76.49960931385772,4622.99829,88.8876892653253,2173.609469688474,-3027.3337972701056,6736.534955970844,-1535.5916890122644,-275.779350623053
2024-09-23,139.51605756921967,3348.385381661272,51.5,2.74,2.2,2.471412621359224,6.13,5.16,5.645,250.0,365.0,1.1755976032856543,0.5020312299775825,3.0,6306.782051405825,260.0,692.6161314058251,16.04001497005988,18.25427020958084,65.70571482035929,250.0,365,325,295,315,300,290,260.0,235,265,275,,0.0,0.0,0.0,0.0,0.0,0.0,0.0,0.0,0.0,0.0,11.9375,11.0,11.625,10.6875,11.9375,11.625,13.25,11.625,16.625,930.5,600.0,360.0,261.0,156.0,112.5,87.0,87.0,79.5,1314.5,994.5,814.5,647.0,453.0,361.5,240.0,237.5,206.5,1.12,0.84,0.888,0.683,0.521,0.44,0.16,0.08,0.002,0.001,0.001,0.0,0.0,0.0,0.0,0.0,0.0,0.0,0.0,0.0,0.0,396.3058372156755,518.2460948204988,122.43563990134284,116.60537133461222,122.43563990134284,110.7751027678816,91.34087421211292,77.73691422307482,64.13295423403673,58.30268566730611,58.30268566730611,2550.4349769539444,11.695,11.715,11.64,11.605,11.58,11.575,11.56,11.57,11.545,11.535,11.535,803.8585913949026,602.893943546177,162.5229816388051,125.00359961633325,95.35413674979446,80.52940531652507,29.283420115100025,14.641710057550013,0.3660427514387503,0.1830213757193751,0.1830213757193751,3699.739874284369,1736.6197999451908,7991.229843749999,30.46244334915642,4655.929873199999,False,True,365.0,0.515,0.485,4952300.926124164,2401865.9491702192,876.6810714471301,0.3437378640776699,19.205,13.706190476190477,2.471412621359224,0.657057148203593,1.6238593290246577,81.45893759356288,5614.16592,89.01791554297589,1914.8198739380648,-4391.96217746776,8043.79567957345,-1737.013628167625,-1784.52617212387
2024-09-24,139.83362294534072,3356.0069506881773,50.79166666666666,2.82,2.13,2.475968826907301,5.25,4.4,4.825,435.0,375.0,1.197134538768005,0.5329780264929609,3.0,6204.738264728465,330.0,742.9070770926988,14.843921875,19.183421875,65.97265625,435.0,375,385,375,395,355,350,380.0,330,365,360,,0.0,0.0,0.0,0.0,0.0,0.0,0.0,0.0,0.0,0.0,12.8125,9.6875,12.5,11.0,10.875,9.625,10.375,15.75,23.25,1020.0,554.0,358.0,195.5,174.5,111.5,88.0,83.0,74.5,0.0,0.0,0.0,0.0,0.0,0.0,0.0,0.0,0.0,1.08,0.96,0.844,0.721,0.6,0.526,0.323,0.08,0.001,0.001,0.001,0.0,0.0,0.0,0.0,0.0,0.0,0.0,0.0,0.0,0.0,425.6281053610727,462.9639040769563,114.24754407060372,125.67229847766409,108.53516686707351,95.20628672550308,76.16502938040247,62.83614923883204,57.123772035301855,51.41139483177167,51.41139483177167,2505.0034283942177,11.71,11.64,11.63,11.58,11.465,11.505,11.465,11.435,11.46,11.46,11.47,781.3136102729317,694.5009869092725,155.6984400027225,133.00779057104612,110.68609478866529,97.03480976472991,59.58601436123149,14.75814597182204,0.1844768246477754,0.1844768246477754,0.1844768246477754,3416.1950655073388,1631.2010458969537,8156.015625,30.39326243918656,4602.344032,True,False,435.0,0.5079166666666667,0.4920833333333333,4931918.152703956,2426914.7243097383,1055.707905074736,0.4214397046759638,19.205,14.171904761904765,2.475968826907301,0.6597265625,1.633462403032711,80.544541015625,5461.831187635766,88.02677815894607,2047.139323116365,-4157.5989416121,7837.442511613356,-1632.7042468848913,-1367.552541403037
2024-09-25,140.3585511221806,3368.605226932335,51.29166666666666,2.21,2.06,2.136424451665312,6.29,4.38,5.335,410.0,400.0,0.0,0.5098618923325967,0.0,5452.079037118176,308.0,641.6262373681764,12.691569876358187,19.08108654926939,68.22734357437244,410.0,400,400,390,370,370,380,335.0,340,330,335,,0.0,0.0,0.0,0.0,0.0,0.0,0.0,0.0,0.0,0.0,15.0625,10.4375,10.1875,11.8125,12.0,9.1875,9.6875,13.125,21.25,764.0,498.5,234.0,157.5,130.0,103.5,83.0,86.0,67.5,993.0,878.5,687.0,419.0,346.5,301.5,233.5,247.5,230.5,1.28,1.2,1.12,0.88,0.641,0.4,0.28,0.04,0.002,0.001,0.001,0.0,0.0,0.0,0.0,0.0,0.0,0.0,0.0,0.0,0.0,393.9379572858022,469.6952567638411,110.11323479132948,96.59055683449957,102.38599024456954,83.06787887766963,90.7951234244296,77.27244546759965,63.74976751076972,57.95433410069974,54.090711827319765,2550.262838923705,11.605,11.62,11.51,11.425,11.45,11.38,11.385,11.33,11.34,11.355,11.37,920.8542839559638,863.300891208716,205.4656121076744,161.4372666560299,117.59237264376722,73.38057575274085,51.36640302691861,7.338057575274085,0.3669028787637043,0.1834514393818521,0.1834514393818521,2409.4089088344613,1599.6532571285302,6842.486718749999,30.27959441032147,4665.097163647918,True,False,410.0,0.5129166666666667,0.4870833333333333,4972080.2708504405,2421817.431926735,992.9451470899614,0.3893501218521527,19.205,14.335,2.136424451665312,0.6822734357437243,1.4576256508445948,77.79014143874112,4810.452799749999,88.23153088941052,2401.469268684612,-3050.609768433564,7052.157672015779,-1600.0786348976037,-7.514262380775335
2024-09-26,148.13886666666667,3555.3328,49.333333333333336,2.37,2.32,2.3460270270270267,5.16,6.21,5.6850000000000005,435.0,415.0,0.0,0.4887289627982332,0.0,5968.8867708,284.0,717.6169296000002,12.267905405405404,18.209545795795798,69.5225487987988,435.0,415,390,365,380,340,320,330.0,335,325,260,,0.0,0.0,0.0,0.0,0.0,0.0,0.0,0.0,0.0,0.0,13.9375,12.0625,11.0,10.375,10.375,10.125,10.375,12.1875,16.25,701.0,666.0,223.0,158.0,124.0,118.0,109.0,104.0,90.0,859.0,559.0,413.0,214.0,128.0,126.0,96.0,105.0,96.0,0.0,0.0,0.0,0.0,0.0,0.0,0.0,0.0,0.0,0.0,0.0,0.0,0.0,0.0,0.0,0.0,0.0,0.0,0.0,0.0,0.0,551.0243553008597,407.9011461318052,114.963717765043,98.540329512894,85.76658309455587,78.4672994269341,72.99283667621778,71.16801575931233,67.51837392550144,63.86873209169055,56.56944842406877,2543.139394928747,11.645,11.555,11.53,11.505,11.5,11.47,11.41,11.43,11.375,11.4,11.415,0.0,0.0,0.0,0.0,0.0,0.0,0.0,0.0,0.0,0.0,0.0,5254.194723419951,1668.7808381088828,7200.7378125,28.689297384481137,4735.703289600001,True,False,435.0,0.4933333333333333,0.5066666666666666,5155012.287017731,2611872.892088983,1136.1647080587077,0.4467567567567567,19.205,14.335,2.3460270270270267,0.695225487987988,1.6310177846978733,76.71584787912913,5251.2698412,87.97737405389215,0.0,-5968.8867708,7640.592491128833,-1671.7057203288332,-5251.2698412
2024-09-27,150.4414953149598,3610.5958875590354,49.66666666666666,2.39,2.47,2.431013422818792,5.38,5.6,5.49,400.0,430.0,1.1497768503507364,0.5156820614287269,3.0,6343.004963294967,326.0,694.0827415449666,13.83502028771671,19.24563629656953,66.91934341571375,400.0,430,365,375,360,340,355,335.0,325,335,320,,0.0,0.0,0.0,0.0,0.0,0.0,0.0,0.0,0.0,0.0,13.8125,11.1875,11.6875,9.4375,10.4375,10.875,10.5625,12.9375,17.5,913.5,525.5,252.0,207.0,158.5,142.0,113.5,100.5,81.5,1244.0,1005.0,675.5,617.0,366.0,340.5,305.5,213.5,236.0,1.52,1.28,1.0,0.725,0.48,0.284,0.08,0.04,0.002,0.001,0.001,0.0,0.0,0.0,0.0,0.0,0.0,0.0,0.0,0.0,0.0,484.1763966229568,419.137776181067,110.5656547512125,97.66632836357104,116.09393748877314,97.66632836357104,92.13804562601042,92.13804562601042,79.23871923836896,68.18215376324771,55.28282737560625,2608.114245271533,11.755,11.685,11.54,11.64,11.62,11.515,11.605,11.56,11.53,11.55,11.55,1113.1740614334474,937.4097359439558,186.74959583258493,135.39345697862407,89.63980599964076,53.03688521645412,14.939967666606794,7.469983833303397,0.3734991916651698,0.1867495958325849,0.1867495958325849,3110.649972215096,1712.2862134003951,7782.464531250001,28.25018450595913,4841.809085216666,False,True,430.0,0.4966666666666666,0.5033333333333334,5251236.7354460405,2643122.4901745077,1136.542670775038,0.4357718120805369,19.205,14.583478260869564,2.431013422818792,0.6691934341571375,1.6268182208982047,79.32229804500184,5648.92222175,89.05750908975459,2538.5604912879485,-3804.444472007018,8055.579418448407,-1712.57445515344,-571.8012391741032
2024-09-28,147.297937687869,3535.150504508856,49.833333333333336,2.71,1.56,2.1360066889632106,7.04,3.47,5.255,390.0,410.0,0.0,0.4957925843129788,0.0,5483.500194930434,318.0,772.7364554304347,14.435433807030668,19.87755422587884,65.6870119670905,390.0,410,415,430,400,395,385,370.0,375,335,310,,0.0,0.0,0.0,0.0,0.0,0.0,0.0,0.0,0.0,0.0,14.25,11.875,9.3125,11.5,10.375,8.9375,10.0,13.5,17.0625,800.5,396.5,254.0,178.0,145.0,136.0,118.0,108.5,96.5,0.0,0.0,0.0,0.0,0.0,0.0,0.0,0.0,0.0,1.44,1.12,0.881,0.76,0.643,0.52,0.4,0.08,0.04,0.001,0.001,0.0,0.0,0.0,0.0,0.0,0.0,0.0,0.0,0.0,0.0,348.5688585049924,421.1873706935325,92.5886030403886,98.14391922281192,87.03328685796528,74.07088243231088,74.07088243231088,61.10847800665648,74.07088243231088,66.6637941890798,66.6637941890798,2565.9638042427496,12.39,11.995,11.93,11.895,11.875,11.835,11.7,11.795,11.78,11.735,11.715,1052.701268327786,818.7676531438337,164.2323634973464,141.67604569578123,119.86539129261492,96.93624179185032,74.56633983988486,14.913267967976973,7.456633983988486,0.1864158495997121,0.1864158495997121,2219.6386709869125,1464.1707520014393,7022.468906249999,28.85308556733457,4756.545003816666,False,True,410.0,0.4983333333333333,0.5016666666666667,5149091.245972073,2583127.4417293235,1059.0822511090223,0.412742474916388,10.46,14.81125,2.1360066889632106,0.656870119670905,1.4030789693971175,80.46776364996262,4710.763739499999,85.90797067637858,2491.4880372402617,-2992.0121576901724,6948.033915659049,-1464.5337207286148,272.212334980524
2024-09-29,144.93055492086697,3478.333318100807,49.875,1.84,1.81,1.8260050125313283,4.8,3.88,4.34,370.0,390.0,0.0,0.477644191802156,0.0,4617.953346855138,390.0,543.7461071551378,10.139938603223332,22.97135840368381,66.88870299309288,370.0,390,395,390,425,415,400,390.0,385,395,400,10.46,9.52,9.35,7.22,14.68,11.68,8.48,8.07,8.1,8.12,7.92,14.4375,11.625,10.9375,11.6875,11.75,13.0,10.75,10.25,12.5,873.0,491.5,306.0,204.5,159.5,123.5,123.0,113.0,84.0,0.0,0.0,0.0,0.0,0.0,0.0,0.0,0.0,0.0,1.08,1.32,0.96,0.721,0.485,0.322,0.04,0.016,0.004,0.001,0.001,0.0,0.0,0.0,0.0,0.0,0.0,0.0,0.0,0.0,0.0,1279.643652561247,399.8886414253898,88.99339947357765,77.86922453938044,70.45310791658231,63.036991293784176,70.45310791658231,66.74504960518324,66.74504960518324,59.32893298238511,55.62087467098603,2527.600770986829,11.905,11.87,11.85,11.825,11.805,11.79,11.755,11.76,11.75,11.725,11.725,789.1718971451711,964.543429844098,178.87896335290543,134.34555476817167,90.37114294391576,59.99898562462037,7.453290139704393,2.981316055881757,0.7453290139704393,0.1863322534926098,0.1863322534926098,1845.6425391133944,2298.7780319902818,7921.50328125,29.324389203646724,4684.0106044875,False,True,390.0,0.49875,0.50125,5067871.220023717,2540270.449036888,990.7054751243865,0.391954887218045,10.46,15.0068,1.8260050125313283,0.6688870299309286,1.2213910694710683,77.03202225633153,4074.2072397,88.2253876054111,2228.8625733954245,-2389.090773459713,6917.029251654238,-2299.0759047991,383.5179070908488
2024-09-30,146.45572683651076,3514.937444076258,49.458333333333336,1.52,1.01,1.266021903959562,4.27,3.21,3.74,425.0,390.0,1.18830649371473,0.5026972089581393,3.0,3196.200417962595,0.0,382.5600299438922,10.812708492731446,18.05326702371844,71.1340244835501,425.0,390,370,400,380,355,365,380.0,345,335,330,,0.0,0.0,0.0,0.0,0.0,0.0,0.0,0.0,0.0,0.0,13.875,12.0625,12.6875,10.4375,14.4375,11.25,13.6875,13.625,23.25,848.5,607.5,367.5,242.5,149.0,136.0,111.0,90.0,88.5,1306.0,997.0,773.0,492.5,330.5,303.5,268.0,203.5,172.5,0.96,0.88,0.6,0.32,0.222,0.141,0.062,0.014,0.001,0.001,0.001,0.0,0.0,0.0,0.0,0.0,0.0,0.0,0.0,0.0,0.0,344.75964232088023,308.8471795791219,65.93528159386835,62.27221039420901,54.9460679948903,54.9460679948903,51.28299679523095,51.28299679523095,51.28299679523095,36.63071199659353,32.96764079693418,2522.563399583968,11.86,11.785,11.765,11.745,11.735,11.635,11.72,11.655,11.655,11.625,11.59,704.6224871697182,645.9039465722417,112.29920889267385,59.89291140942604,41.55070729028932,26.390314089778347,11.604251585576296,2.6203148741623896,0.1871653481544563,0.1871653481544563,0.1871653481544563,1209.7903701340765,1115.1537930570807,8868.65296875,29.01900862329744,4693.759589383333,True,False,425.0,0.4945833333333334,0.5054166666666666,5100380.925864804,2577817.526280836,1095.5724486693553,0.4343091828138162,10.46,15.12923076923077,1.266021903959562,0.7113402448355011,0.900572331129702,74.79917750573833,2813.6403880187027,88.03078718737689,1605.445637928329,-1590.7547800342657,4312.949831063379,-1116.7494131007838,397.2508878379556
2024-10-01,149.29997321615403,3583.1993571876965,49.16666666666666,1.41,1.23,1.321550847457627,4.79,3.02,3.905,420.0,385.0,0.0,0.0,0.0,3372.1325768135584,0.0,586.8790399999999,12.367541729893777,20.557518968133536,67.07493930197268,420.0,385,405,370,395,370,360,345.0,330,345,335,,0.0,0.0,0.0,0.0,0.0,0.0,0.0,0.0,0.0,0.0,14.375,11.25,8.375,11.5,12.25,11.875,13.75,23.5,25.9375,651.0,541.5,342.5,248.5,175.0,163.5,128.5,96.5,74.0,0.0,0.0,0.0,0.0,0.0,0.0,0.0,0.0,0.0,0.92,1.0,0.681,0.6,0.43,0.241,0.08,0.04,0.002,0.001,0.001,0.0,0.0,0.0,0.0,0.0,0.0,0.0,0.0,0.0,0.0,469.9955297273133,413.0263746088511,79.89924005364325,72.63567277603933,61.74032185963343,58.10853822083146,50.84497094322753,54.47675458202949,47.21318730442556,47.21318730442556,43.5814036656236,2548.653626517381,11.76,11.745,11.68,11.69,11.645,11.6,11.61,11.565,11.815,11.62,11.605,677.3535985695127,736.2539114886007,127.85417299955296,112.64684845775592,80.73024139472507,45.246484130531954,15.019579794367456,7.509789897183728,0.3754894948591863,0.1877447474295931,0.1877447474295931,978.6194201790524,1398.7351810460434,7959.9525,28.46618059232281,4756.697146666667,True,False,420.0,0.4916666666666666,0.5083333333333333,5183702.291221792,2635048.664704411,1106.7204391758526,0.4342372881355932,11.8,14.89925925925926,1.321550847457627,0.6707493930197269,0.886429428776909,78.3078765174507,2785.253536813558,82.59620502363043,1803.365605721949,-1568.7669710916095,4767.599246947045,-1395.4666701334863,821.4776746303393
2024-10-02,148.61726010172592,3566.814242441422,49.0,1.55,1.53,1.541561224489796,5.21,4.1,4.654999999999999,310.0,375.0,0.0,0.0,0.0,3896.339544002552,0.0,581.3314975000001,8.574057361376672,20.764711281070745,70.66123135755258,310.0,375,355,350,345,380,360,360.0,345,355,310,11.8,6.37,16.6,11.47,9.58,9.19,9.45,9.14,9.22,9.15,9.21,14.625,11.25,11.4375,10.625,10.0,12.1875,12.0,19.35625,24.375,459.0,340.5,265.5,220.5,166.5,140.5,113.0,72.0,62.5,1097.5,791.0,610.5,532.0,461.5,365.5,295.5,220.5,164.0,1.04,1.16,1.0,0.642,0.321,0.522,0.364,0.12,0.04,0.001,0.001,0.0,0.0,0.0,0.0,0.0,0.0,0.0,0.0,0.0,0.0,368.4841992501339,403.9153722549544,86.73551151580074,70.47260310658811,86.73551151580074,65.05163363685055,61.43765399035886,56.01668452062131,57.82367434386716,50.59571505088377,39.75377611140868,2524.968482058343,11.745,11.72,11.72,11.685,11.6,11.614999999999998,11.565,11.52,11.53,11.54,11.565,767.048741296197,855.554365291912,188.0744509908945,120.74379753615425,60.37189876807712,98.17486341724693,68.45910016068558,22.568934118907336,7.522978039635778,0.1880744509908944,0.1880744509908944,1122.7554756048903,1347.022335297268,6011.217000000001,28.59694760279492,4718.895242750001,False,True,375.0,0.49,0.51,5152996.902159884,2628028.4201015406,985.5106575380776,0.3903061224489795,11.8,14.675357142857145,1.541561224489796,0.7066123135755258,1.0892861433550554,73.69551625239005,3315.008046502551,85.08006063293904,2188.895278521692,-1707.44426548086,5240.00458692385,-1343.665042921299,1062.7825105408317
2024-10-03,150.14383179922817,3557.1576150433807,49.625,1.7,1.74,1.721522670025189,4.78,4.7,4.74,380.0,355.0,1.1684753984223597,0.3923299802720792,3.0,4419.920194339233,326.0,641.8620375,8.249352517985612,19.226690647482016,72.52395683453237,380.0,355,380,375,340,365,360,340.0,340,350,330,,6.3,16.17,11.18,9.28,9.06,9.33,9.2,9.2,9.27,9.03,12.875,11.625,13.1875,12.1875,12.6875,14.625,17.0625,13.1875,21.625,742.5,520.5,384.5,223.0,176.5,134.5,114.0,100.5,71.5,0.0,0.0,0.0,0.0,0.0,0.0,0.0,0.0,0.0,1.0,1.08,0.845,0.561,0.482,0.321,0.12,0.04,0.006,0.001,0.001,0.0,0.0,0.0,0.0,0.0,0.0,0.0,0.0,0.0,0.0,440.2794424617872,353.66709312504213,80.98254662985657,75.46100935963908,64.41793481920409,58.8963975489866,60.73690997239243,55.21537270217493,58.8963975489866,51.53434785536328,46.01281058514578,2565.1772671314206,11.73,11.518,11.695,11.66,11.67,11.64,11.665,11.615,11.61,11.57,11.635,732.6779341458488,791.2921688775167,157.87377786007676,104.8132418692344,90.05344488586627,59.97335229950845,22.41994478486297,7.473314928287657,1.1209972392431486,0.1868328732071914,0.1868328732071914,1806.644658580286,1346.1002626085783,8267.60203125,28.3061911306692,4766.1465594562505,True,False,380.0,0.49625,0.5037499999999999,5169122.9564361125,2603945.6893046917,989.4993619357826,0.3857430730478589,11.8,14.460344827586209,1.721522670025189,0.7252395683453237,1.2485163581057572,72.32837230215827,3778.0581568392327,85.47797224207672,1968.0718426368592,-2451.8483517023733,5762.678801325724,-1342.758606986491,158.08552843448592
2024-10-04,147.64667080305512,3543.520099273323,49.375,1.47,1.58,1.5265379746835444,3.73,4.92,4.325,325.0,375.0,1.1816104779703007,0.5890708420178126,3.0,3875.7390945933535,356.0,583.9487824999999,7.70228527011271,17.887912942090942,74.40980178779634,325.0,375,360,365,420,375,380,360.0,390,380,395,,0.0,8.69,8.72,8.71,8.84,8.55,8.34,8.61,8.6,8.38,14.625,11.875,12.6875,12.857142857142858,13.75,17.9375,15.125,21.75,20.3125,788.5,470.5,251.5,197.5,121.0,105.0,90.5,63.5,67.5,1090.5,848.0,619.0,393.0,299.5,220.0,228.0,181.0,189.5,1.08,1.32,0.966,0.64,0.563,0.44,0.361,0.08,0.04,0.001,0.001,0.0,0.0,0.0,0.0,0.0,0.0,0.0,0.0,0.0,0.0,322.4219012428619,372.5764192139738,78.56346993617736,65.77406785354384,60.29289553241519,56.63878065166275,52.98466577091031,56.63878065166275,52.98466577091031,51.1576083305341,47.50349344978167,2536.3498209421496,11.745,11.815,11.805,11.76,11.735,11.695,11.695,11.66,11.585,11.6,11.585,793.4027544507893,969.7144776620758,180.9619449109842,119.89197178367483,105.46746892845144,82.42573060127646,67.62656533422908,14.986496472959354,7.493248236479677,0.1873312059119919,0.1873312059119919,946.128539140561,1217.536748404434,7781.939732142859,28.784936205361827,4723.955232343749,False,True,375.0,0.49375,0.50625,5136911.029756252,2600561.208814102,975.2104533052884,0.3844936708860759,19.205,14.259666666666668,1.5265379746835444,0.7440980178779635,1.135893881177466,70.80780217644774,3291.7903120933534,84.93322774707391,2342.345320792744,-1533.3937738006089,5089.959390837738,-1214.2202962443848,1392.9003294921351
2024-10-05,143.3662426917847,2855.377666944712,49.47619047619048,1.36,1.55,1.456531761308951,4.38,4.64,4.51,565.0,485.0,0.0,0.4902969999000326,0.0,2988.728017167084,338.0,441.168906,13.71202247191011,15.756067415730335,70.53191011235955,565.0,485,455,425,445,425,410,400.0,400,385,365,,8.68,21.54,10.81,10.23,9.64,9.89,9.9,9.82,9.68,9.68,13.625,11.625,11.5,13.625,10.6875,13.1875,12.1875,20.125,21.875,669.0,508.5,334.0,268.5,215.5,163.0,104.5,76.5,58.5,0.0,0.0,0.0,0.0,0.0,0.0,0.0,0.0,0.0,1.0,1.16,1.21,0.883,0.44,0.201,0.04,0.002,0.001,0.001,0.001,0.0,0.0,0.0,0.0,0.0,0.0,0.0,0.0,0.0,0.0,402.430514639957,294.63662678996843,53.14238671004431,64.13736327074314,62.30486717729334,38.48241796244588,34.81742577554628,32.98492968209647,40.31491405589569,34.81742577554628,31.15243358864667,2049.7904689128954,11.325,11.33,11.365,11.395,11.35,11.375,11.395,11.45,11.465,11.455,11.510000000000002,733.8422522222507,851.2570125778108,226.42702692317548,165.23559072162308,82.33710069933653,37.61308463765147,7.485190972666958,0.3742595486333478,0.1871297743166739,0.1871297743166739,0.1871297743166739,439.7470635576285,1089.2213054281835,7923.184687499999,29.644356441263824,3814.376651942857,True,False,565.0,0.4947619047619047,0.5052380952380953,4142983.623404313,2093193.154491417,1182.6541322876508,0.5769634263715112,13.85,14.081612903225809,1.456531761308951,0.7053191011235955,1.0273196726443967,76.98757022471911,2547.559111167084,85.23890753973092,2105.132907626099,-883.5951095409846,4075.270182611911,-1086.542165444827,1662.7067040851143
2024-10-06,152.5897415461641,3662.153797107939,49.625,1.21,1.27,1.241522670025189,3.19,3.5,3.345,455.0,445.0,1.513299328488556,0.6720108666845187,4.0,3281.6314569178844,312.0,462.56546,9.18529992684711,17.869209948792978,72.9454901243599,455.0,445,400,395,395,400,410,390.0,400,390,385,13.85,10.02,8.31,8.35,8.48,8.29,8.29,8.31,8.63,8.57,8.46,12.875,11.875,11.1875,11.25,11.0625,14.75,12.625,17.75,25.875,490.5,345.0,223.5,178.5,135.0,116.5,71.5,66.5,78.5,0.0,0.0,0.0,0.0,0.0,0.0,0.0,0.0,0.0,1.04,1.0,0.925,0.683,0.488,0.24,0.08,0.04,0.008,0.002,0.001,0.0,0.0,0.0,0.0,0.0,0.0,0.0,0.0,0.0,0.0,303.1432226786075,281.4901353444213,71.77998451282741,57.055885125580765,53.3748602787691,49.693835431957446,57.055885125580765,46.01281058514578,46.01281058514578,40.491273314928286,31.288711197899133,2639.989399415076,11.65,11.505,11.515,12.1,11.385,11.345,11.295,11.255,11.235,11.24,11.175,761.9850515116827,732.6779341458488,172.82040771665208,127.60685240051176,91.1744421251094,44.83988956972594,14.946629856575314,7.473314928287657,1.4946629856575315,0.3736657464143829,0.1868328732071914,860.0288592426896,1037.3994141808632,5672.897343749999,27.85246214414889,4906.8283189,True,False,455.0,0.49625,0.5037499999999999,5319877.882952294,2679888.4835372176,1219.349260009434,0.4618765743073046,13.85,13.9146875,1.241522670025189,0.729454901243599,0.9056347966549136,72.64988112655449,2819.0659969178846,85.90440559603721,1955.5796838596723,-1326.051773058212,4315.573417283225,-1033.941960365341,1092.0933708014609
2024-10-07,143.34627992202726,3440.310718128654,49.56521739130435,1.21,1.27,1.2415263157894736,3.39,0.0,3.39,535.0,530.0,0.0,0.5760542890152331,0.0,3077.449743410526,344.0,408.995928,5.143704292527822,15.209403815580286,79.64689189189188,535.0,530,510,505,480,470,455,440.0,420,410,375,,7.7,16.33,11.19,9.44,9.29,9.28,9.26,9.19,9.21,9.1,13.4375,7.375,10.75,9.875,11.9375,15.8125,13.875,18.75,21.875,513.5,342.5,245.0,157.0,106.5,98.0,83.0,83.5,69.0,966.0,768.5,595.0,480.0,311.0,263.5,232.5,210.5,206.5,0.8,0.92,0.688,0.603,0.52,0.364,0.281,0.08,0.001,0.001,0.001,0.0,0.0,0.0,0.0,0.0,0.0,0.0,0.0,0.0,0.0,280.997191011236,252.1769662921349,67.97970505617978,56.95596910112361,53.281390449438206,47.76952247191012,47.76952247191012,45.93223314606743,44.09494382022473,40.42036516853933,27.55933988764045,2475.7158417906653,10.925,11.125,10.675,10.645,10.63,11.18,11.175,11.195,11.165,11.14,11.155,586.5168539325845,674.4943820224721,128.62314606741572,112.73220505617978,97.21516853932586,68.05061797752809,52.53358146067417,14.9561797752809,0.1869522471910112,0.1869522471910112,0.1869522471910112,929.4902625315063,964.9371488764046,5267.742187499999,29.64848479020016,4604.033213217391,True,False,535.0,0.4956521739130435,0.5043478260869565,4994865.294840816,2519149.45305015,1347.7449573818303,0.5443859649122806,11.57,13.81,1.2415263157894736,0.7964689189189188,0.9888371225462302,65.93550775039745,2668.453815410526,86.70990716011701,1735.682991573034,-1341.7667518374922,4039.1063309809447,-961.6565875704188,802.9121677355417
2024-10-08,149.51923458856348,3588.461630125524,49.79166666666666,1.01,1.52,1.2665125523012553,3.27,4.08,3.675,600.0,565.0,1.5368575320772904,0.7013259074742083,4.0,3296.3694444451885,456.0,403.420608,5.769830699774266,18.003991723100075,76.22617757712565,600.0,565,525,535,510,495,480,485.0,445,475,425,9.29,8.77,8.65,8.66,8.69,8.21,8.49,8.58,8.59,8.61,8.5,14.0625,11.625,8.8125,10.875,13.4375,10.25,12.6875,14.75,20.0625,489.5,315.0,193.0,145.0,112.5,109.0,98.0,69.0,79.5,1021.0,775.0,615.5,339.5,307.5,291.5,249.5,232.5,215.5,0.88,0.96,0.844,0.725,0.521,0.366,0.24,0.08,0.04,0.001,0.001,0.0,0.0,0.0,0.0,0.0,0.0,0.0,0.0,0.0,0.0,319.1322917837473,268.3612453636057,61.03405080364167,57.33501742160278,51.78646734854445,46.23791727548611,49.936950657525,42.53888389344723,40.68936720242778,35.140817129369445,25.893233674272224,2599.6052688286786,11.465,11.445,11.335,11.295,11.245,11.18,11.635,11.08,11.055,11.025,11.025,643.6057097898167,702.1153197707091,157.40547825109584,135.2120518152186,97.1661779251433,68.25877374395863,44.75985163538271,14.91995054512757,7.459975272563785,0.1864993818140946,0.1864993818140946,1018.2175998189106,998.0862425536696,5178.59578125,28.424436572959,4824.238104000001,True,False,600.0,0.4979166666666666,0.5020833333333334,5220964.556643372,2621359.287814693,1572.815572688816,0.6050209205020922,9.29,13.644117647058824,1.2665125523012553,0.7622617757712566,0.9654141071537414,68.46478320165538,2892.9488364451886,87.76166886633972,1871.276287512645,-1425.0931569325437,4291.000737885225,-994.6312934400366,849.6037385801015
2024-10-09,139.59422729044834,3350.26145497076,49.56521739130435,1.45,1.75,1.6005087719298248,4.53,3.19,3.86,685.0,730.0,0.0,0.6256683828191775,0.0,3863.439635505264,480.0,422.429385,5.148841978287092,15.014439083232812,79.83671893848009,685.0,730,740,750,745,670,680,670.0,590,565,515,8.87,8.44,8.65,8.61,8.59,8.36,8.74,8.74,8.72,8.49,8.63,15.0,12.8125,12.6875,12.0,11.5625,12.875,11.625,12.375,17.5,562.5,348.5,175.5,128.5,100.0,80.5,94.0,79.5,76.5,1025.5,768.0,486.5,353.0,249.0,223.0,212.0,201.0,194.0,1.16,1.36,0.56,0.32,0.16,0.04,0.02,0.002,0.001,0.001,0.001,0.0,0.0,0.0,0.0,0.0,0.0,0.0,0.0,0.0,0.0,432.30337078651695,374.6629213483147,51.44410112359552,60.630547752809,45.93223314606743,58.793258426966304,56.95596910112361,58.793258426966304,44.09494382022473,56.95596910112361,40.42036516853933,2413.114871806114,11.69,11.725,11.575,11.575,11.575,11.55,11.45,11.495,11.39,11.38,11.41,850.4494382022473,997.0786516853937,104.69325842696632,59.824719101123605,29.912359550561803,7.478089887640451,3.739044943820225,0.3739044943820225,0.1869522471910112,0.1869522471910112,0.1869522471910112,1385.8060944002218,1280.9869382022473,5681.224687499999,30.44538504559496,4483.523808000001,False,True,730.0,0.4956521739130435,0.5043478260869565,4868565.092240405,2455450.2204342918,1792.4786609170328,0.7428070175438597,8.87,13.506571428571428,1.6005087719298248,0.7983671893848009,1.2777936898313336,65.82007689987937,3441.010250505264,89.06597682754388,2054.1103230337085,-1809.329312471555,5143.332740636178,-1279.893105130914,667.2103955621533
2024-10-10,156.15909131409995,3643.7121306623326,48.41666666666666,1.81,1.69,1.751065404475043,4.61,3.91,4.26,535.0,690.0,1.5761671547333933,0.7224890426659543,4.0,4443.857110501034,560.0,520.2493895000001,9.207069625095638,17.85869548584545,72.93423488905891,535.0,690,650,675,725,725,720,750.0,720,740,730,9.0,8.69,8.76,8.76,8.83,8.65,8.68,8.88,8.75,8.77,8.69,14.8125,11.75,11.6875,11.625,11.125,12.4375,14.0,14.5,20.5,666.0,353.0,212.5,181.5,118.5,113.0,99.5,87.5,73.5,0.0,0.0,0.0,0.0,0.0,0.0,0.0,0.0,0.0,1.24,1.4,0.64,0.48,0.36,0.24,0.2,0.04,0.007,0.001,0.001,0.0,0.0,0.0,0.0,0.0,0.0,0.0,0.0,0.0,0.0,348.2440172268348,285.5600941260045,55.05737912356257,53.28133463570571,60.38551258713315,53.28133463570571,60.38551258713315,56.83342361141944,53.28133463570571,51.50529014784885,47.953201172135145,2536.257819753698,11.405,11.555,11.52,11.555,11.515,11.52,11.575,11.57,11.535,11.510000000000002,11.55,920.1314212138702,1038.8580562092084,121.10116769524484,90.82587577143364,68.11940682857524,45.41293788571682,37.84411490476402,7.568822980952803,1.3245440216667406,0.1892205745238201,0.1892205745238201,1589.6556832900114,1125.7684344891886,6502.157343749999,27.21583459685679,4763.242682808334,False,True,690.0,0.4841666666666666,0.5158333333333334,5238398.250782165,2702140.4310284667,1864.4768974096417,0.7351290877796901,9.0,13.603611111111112,1.751065404475043,0.7293423488905891,1.2771261551608777,72.67052171002295,3923.607721001034,88.29284163366488,2331.5647886604816,-2112.2923218405526,5567.238295939682,-1123.3811854386477,739.521856319929
2024-10-11,150.04262528985157,3601.0230069564377,50.34782608695652,1.45,2.02,1.7359861830742658,4.17,4.68,4.425,525.0,520.0,0.0,0.652921202650821,0.0,4608.241724442142,502.0,570.7257237500002,10.073955523149836,17.683386802770688,72.24265767407948,525.0,520,550,505,520,500,520,525.0,555,590,525,,5.93,17.48,10.93,9.12,4.88,9.14,9.14,9.0,9.06,8.97,12.75,12.5625,9.0625,11.4375,8.9375,10.0625,14.75,15.25,19.9375,556.0,365.0,198.0,153.0,122.0,95.0,92.0,71.5,72.5,1019.0,797.0,547.0,342.5,332.5,258.0,169.5,165.0,159.5,1.665,1.443,1.052,0.736,0.425,0.208,0.101,0.045,0.022,0.001,0.001,5.532,2.574,1.895,1.382,1.015,0.867,0.578,0.426,0.186,0.101,412.8108643372472,287.49328052058286,71.43102277549868,65.79173150374878,60.15244023199888,58.27267647474891,46.994093931249125,43.2345664167492,48.87385768849909,48.87385768849909,41.35480265949923,2653.030253728103,11.585,11.56,11.505,11.515,11.48,11.465,11.46,11.445,11.485,11.495,11.425,1210.416607723865,1049.027726694016,195.0188343471496,136.43903239496396,78.78612604328761,38.55885698118546,18.723291130287176,8.342060404583394,4.078340642240771,0.1853791201018532,0.1853791201018532,1295.4607245966768,1185.2831942283212,5395.23421875,28.32528417701218,4895.199362413044,True,False,525.0,0.5034782608695653,0.4965217391304347,5269403.7854703255,2616373.531742222,1373.5961041646667,0.5177461139896372,13.61,13.690810810810811,1.7359861830742658,0.7224265767407948,1.2541225555076605,73.64456115566898,4037.516000692142,87.61510880119705,2739.761634601782,-1868.48008984036,5791.23127717678,-1182.989552734638,1442.0072685114224
2024-10-12,147.0667386499592,3529.601727599021,49.208333333333336,1.71,1.81,1.7625804403048264,4.29,4.2,4.245,505.0,425.0,0.0,0.5983052495247748,0.0,4435.651154013442,494.0,553.6446629999999,10.53638812963686,12.175755564232722,77.28785630613042,505.0,425,430,435,400,415,400,370.0,495,500,365,18.22,12.1,8.54,8.72,8.73,8.58,8.63,8.77,8.74,8.78,8.82,13.3125,12.8125,11.125,11.1875,8.5625,10.125,14.8125,11.25,16.875,704.5,323.0,244.0,147.0,110.0,89.0,76.5,58.5,56.0,0.0,0.0,0.0,0.0,0.0,0.0,0.0,0.0,0.0,1.348,1.444,0.889,0.665,0.177,0.141,0.047,0.008,0.002,0.001,0.001,2.464,2.803,2.266,1.589,0.975,0.653,0.571,0.431,0.178,0.088,299.4553138206292,385.0139749122376,78.17922657245714,70.90674037967044,59.998011090490365,54.54364644590033,59.998011090490365,56.36176799409701,59.998011090490365,56.36176799409701,47.27116025311362,2512.882364242058,11.135,11.255,11.32,11.32,11.3,11.26,11.205,11.14,11.12,11.155,11.235,992.0337186682468,1062.6830042707331,166.83166457974644,124.79533964626704,33.216203184044005,26.46036524830624,8.820121749435414,1.5012973190528365,0.3753243297632091,0.1876621648816045,0.1876621648816045,1459.2308205413888,1228.087631643673,5726.1365625,28.898444604225805,4689.51709533125,True,False,505.0,0.4920833333333334,0.5079166666666666,5106619.53783314,2593737.173591082,1309.8372726634966,0.5212489415749364,18.22,13.605810810810812,1.7625804403048264,0.7728785630613042,1.362260637982755,70.78033238969152,3882.0064910134415,87.51830015985243,2417.092363325358,-2018.558790688084,5658.05547851042,-1222.404324496978,952.178235637274
2024-10-13,153.6162604742783,3602.301308121827,49.25,2.16,2.23,2.2022131979695434,4.12,5.26,4.69,755.0,700.0,1.555480348080726,0.6736784250146819,4.0,5663.107735656853,562.0,552.8838734999999,6.521217489634377,9.886490765171503,83.59229174519412,755.0,700,675,695,665,610,550,570.0,560,575,550,,0.0,0.0,0.0,0.0,0.0,0.0,0.0,0.0,0.0,0.0,14.0,12.0,13.75,13.0625,12.6875,14.625,13.625,10.9375,21.5,802.5,393.5,215.5,167.5,135.0,77.5,74.0,59.5,38.5,0.0,0.0,0.0,0.0,0.0,0.0,0.0,0.0,0.0,2.048,1.935,1.014,0.447,0.155,0.115,0.109,0.074,0.027,0.01,0.006,3.044,2.85,2.247,1.614,0.982,0.822,0.517,0.29,0.111,0.1,478.28882029257824,349.7933163333781,76.45482485572406,69.17341296470272,65.53270701919205,58.25129512817072,50.96988323714938,54.61058918266004,58.25129512817072,50.96988323714938,43.68847134612803,2563.1299552215582,11.455,11.285,11.195,11.24,11.245,11.245,11.239999999999998,11.32,11.285,11.255,11.265,1506.521003892095,1423.3975305328145,190.2056328009663,83.84804522882834,29.074825526774926,21.571644745671723,20.44616762850624,13.880884445040932,5.064647027244665,1.8757951952758016,1.1254771171654812,1796.4740209869817,1355.9844987250035,6742.486875,27.66634200623329,4790.160164475,True,False,755.0,0.4925,0.5075000000000001,5204324.782175753,2641194.8269541957,1994.1020943504172,0.7779949238578683,18.22,13.52283783783784,2.2022131979695434,0.8359229174519411,1.8408804812978696,64.33057859027517,5110.223862156853,90.2370942014955,3297.011654140384,-2366.096081516469,7002.354047352369,-1339.246311695516,1483.799446123914
2024-10-14,128.8655949074074,3092.7742777777776,48.75,2.73,2.13,2.431576923076922,5.68,4.3,4.99,525.0,680.0,1.3790069632956614,0.7177306378132405,3.0,5289.843317249998,508.2,489.4826625,4.91315649867374,10.206737400530503,84.88010610079576,525.0,680,660,700,665,660,640,665.0,680,675,625,,5.99,14.98,9.05,8.85,8.71,8.85,9.1,9.14,9.34,9.84,13.6875,9.75,10.3125,9.6875,11.875,11.3125,15.4375,16.75,23.5,786.5,439.0,225.0,166.0,140.5,88.5,74.5,62.5,55.0,1263.5,923.5,617.0,431.0,383.5,263.5,227.5,192.5,181.0,1.401,1.416,0.563,0.532,0.122,0.092,0.02,0.019,0.011,0.001,0.001,2.456,2.476,2.04,1.997,1.3,1.241,0.783,0.422,0.271,0.114,316.53306613226454,386.87374749499,66.36643286573145,62.779058116232456,53.81062124248496,59.19168336673346,55.60430861723447,53.81062124248496,52.01693386773546,50.22324649298597,46.63587174348697,2174.0676615365146,11.605,11.675,11.695,11.695,11.68,11.675,11.67,11.615,11.605,11.57,11.62,1036.01002004008,1047.1022044088174,106.16329659318636,100.31771543086172,23.00519038076152,17.34817635270541,3.771342685370741,3.582775551102204,2.0742384769539077,0.188567134268537,0.188567134268537,2457.4954369659067,1203.8455911823644,6408.907031249999,32.98009839673431,4070.864143125,False,True,680.0,0.4875,0.5125,4459625.972382595,2285558.31084608,1554.179651375334,0.7148717948717949,18.22,13.210945945945946,2.431576923076922,0.8488010610079576,2.0639250722301568,62.52065649867375,4800.360654749999,90.7467455434112,2339.752094188376,-2950.0912230616223,6490.575784836647,-1200.7324675866485,-120.85646637324646
2024-10-15,132.17929876711904,1715.0264015033697,45.92857142857143,2.21,2.75,2.482943234836703,4.01,5.88,4.945,545.0,530.0,0.0,0.6956009302627388,0.0,2751.444991837092,0.0,265.95324,7.699615048118985,10.911793525809276,81.38859142607174,545.0,530,485,490,525,535,520,520.0,540,515,445,18.22,12.01,8.64,8.75,8.77,8.75,8.49,8.57,8.69,8.67,8.74,14.1875,14.75,10.625,13.625,12.4375,15.3125,16.875,16.375,19.1875,536.0,523.0,234.0,127.0,97.0,86.0,71.0,59.0,58.0,0.0,0.0,0.0,0.0,0.0,0.0,0.0,0.0,0.0,1.349,1.474,0.71,0.561,0.289,0.207,0.011,0.009,0.008,0.004,0.002,1.864,2.211,1.677,1.59,0.964,0.588,0.348,0.216,0.185,0.135,323.0674755294205,251.992630912948,77.4392738844021,60.96283263240165,54.37225613160148,51.07696788120138,51.07696788120138,49.42932375600134,47.78167963080129,46.13403550560125,41.19110313000112,1106.8249331848865,11.614999999999998,11.65,11.66,11.59,11.6,11.575,11.59,11.585,11.57,11.55,11.55,1026.1718337117125,1121.2581785700995,137.7230618928877,108.8206165097324,56.05910547471062,40.15306170679965,2.1337375786222035,1.7457852915999847,1.5518091480888754,0.7759045740444377,0.3879522870222188,-14.235550709693143,1054.5245468755816,6460.632187499999,32.1532951047644,2126.7552397500003,True,False,545.0,0.4592857142857143,0.5407142857142857,2409883.213777358,1303058.2805924716,710.166762922897,0.6416251944012442,18.22,13.354605263157891,2.482943234836703,0.8138859142607174,2.0208325247425334,66.44438976377954,2485.491751837092,90.33405207848884,2496.78104674532,-254.6639450917719,3803.023282911208,-1051.5782910741164,2508.070341653548
2024-10-16,131.91652330752245,3165.996559380539,49.625,3.12,2.88,3.0071057934508816,8.1,6.06,7.08,425.0,475.0,3.5009102366615323,0.8633033122178979,8.0,6871.597590730478,406.0,571.28,9.041942567567569,13.89089527027027,77.06716216216215,425.0,475,465,500,450,445,505,425.0,425,455,445,17.76,13.24,8.71,8.64,8.65,8.81,8.82,8.77,8.75,8.84,8.92,13.0,11.9375,13.75,12.0,15.4375,12.625,14.9375,15.0625,20.625,626.5,485.0,260.5,151.5,96.5,91.0,73.5,61.5,52.5,1088.0,919.5,664.5,445.0,312.0,306.5,249.0,189.0,162.0,1.907,1.624,0.767,0.694,0.289,0.18,0.059,0.049,0.023,0.009,0.008,3.774,3.204,2.432,2.294,1.394,0.838,0.529,0.457,0.257,0.15,627.9395326914013,461.9325297959734,93.86613359369738,75.46100935963908,68.09895966601576,64.41793481920409,57.055885125580765,55.21537270217493,51.53434785536328,49.693835431957446,47.85332300855161,2279.720259569902,11.815,11.76,11.655,11.665,11.63,11.64,11.625,11.63,11.625,11.575,11.6,1397.2168204161335,1189.8689650528586,143.30081374991582,129.66201400579084,53.99470035687832,33.62991717729446,11.023139519224294,9.15481078715238,4.297156083765403,1.6814958588647226,1.4946629856575315,3310.1054391139883,1653.0688640495591,6395.328281250001,32.217343919021,4242.039640000001,False,True,475.0,0.49625,0.5037499999999999,4593894.729611893,2314174.4700419907,1099.2328732699457,0.4821788413098236,17.76,13.479615384615386,3.0071057934508816,0.7706716216216217,2.317491098226564,69.9842377533784,6300.317590730479,91.68635834015318,2975.324495993536,-3896.2730947369423,8509.778799157084,-1638.1812084266055,-349.6685987434064
2024-10-17,147.93713177957773,1134.1846769767624,46.7,0.0,2.84,2.841141327623126,0.0,4.68,4.68,630.0,520.0,0.0,0.8466848814840459,0.0,2131.628786158458,0.0,187.568,2.341131578947369,4.8612631578947365,84.71000000000001,630.0,520,480,440,400,400,400,450.0,380,400,370,,5.77,16.67,10.79,9.79,8.51,8.64,8.94,9.05,8.98,9.0,13.3125,10.3125,11.375,12.0,12.4375,11.4375,10.375,10.75,14.5,542.0,426.5,199.0,142.5,112.5,111.5,76.0,69.0,60.5,0.0,0.0,0.0,0.0,0.0,0.0,0.0,0.0,0.0,1.625,1.732,0.403,0.203,0.13,0.076,0.044,0.021,0.001,0.001,0.001,2.809,3.265,1.868,1.499,0.69,0.212,0.1,0.08,0.02,0.01,555.6665442526626,429.9800640050365,148.44234825035417,106.27122658832174,79.28170872462097,69.16063952573319,64.1001049262893,60.7264151933267,57.35272546036411,52.292190860920215,45.54481139499503,749.9706048704678,12.08,11.96,11.9,11.88,11.83,11.86,11.86,11.78,11.82,11.86,11.86,1226.8703111064476,1307.6550023608413,77.58727847437176,39.08242563349248,25.028154346571537,14.631844079534128,8.471067624993442,4.043009548292325,0.1925242642043964,0.1925242642043964,0.1925242642043964,-760.6668371847762,1668.818779182625,5270.666718750001,28.728419625793364,1430.0934592,True,False,630.0,0.467,0.5329999999999999,1605932.772741901,855962.1678714331,539.2561657590028,0.7190364025695929,17.76,13.636875,2.841141327623126,0.9216384824107396,2.6185051815050118,56.48955341055598,1944.0607861584576,91.2007193176431,2703.946665967159,572.317879808701,3799.666607965008,-1668.0378218065498,3463.83254577586
2024-10-18,144.52912648106718,3468.6990355456123,49.66666666666666,2.79,3.21,3.001013422818792,5.13,6.68,5.904999999999999,705.0,705.0,0.0,0.7955219452569312,0.0,7522.520306442952,408.0,827.1977999999998,10.95725,16.602,72.44075000000001,705.0,705,685,615,605,555,540,550.0,515,490,450,,0.0,0.0,0.0,0.0,0.0,0.0,0.0,0.0,0.0,0.0,12.0,12.875,12.4375,11.875,13.0,11.75,12.8125,12.125,20.25,763.0,432.5,272.0,127.0,109.5,87.0,66.0,55.5,46.5,1313.5,930.5,683.0,350.5,325.5,280.0,245.5,232.0,200.5,3.489,3.215,2.206,1.343,1.061,0.218,0.105,0.034,0.022,0.01,0.006,4.754,4.17,3.683,2.491,1.291,0.752,0.434,0.317,0.227,0.133,556.4415304472786,599.8006107418718,119.77945931381356,108.7228938386923,93.98080653853064,75.55319741332855,66.3393928507275,64.49663193820729,58.96834920064667,57.12558828812647,53.44006646308604,2505.8135171340327,11.79,11.835,11.835,11.85,11.805,11.805,11.73,11.715,11.73,11.755,11.755,2555.173881803485,2354.5096102029825,411.9696084066824,250.8047072031616,198.1413211783726,40.71141189150352,19.60870756242142,6.349486258307888,4.108491108316868,1.8674959583258488,1.1204975749955095,848.6963201972118,1854.6485270343087,6252.9825,29.40583744935825,4651.525406666666,False,True,705.0,0.4966666666666666,0.5033333333333334,5045262.115034966,2539448.597900933,1790.3112615201578,0.7144630872483223,19.205,13.748902439024391,3.001013422818792,0.7244075,2.173956631090604,74.0728125,6695.3225064429525,89.00371462883902,5844.365219148556,-1678.1550872943965,9374.907866380076,-1852.387559937125,4993.40793185416
2024-10-19,195.94487695892212,1236.0855988158671,46.91666666666666,3.32,0.0,3.338895026642984,6.38,0.0,6.38,950.0,870.0,0.0,0.780044774499143,0.0,2748.1256317668917,552.5,271.611252,4.379977090492554,6.122978235967926,78.97,950.0,870,760,700,720,620,670,580.0,560,580,450,,0.0,0.0,0.0,0.0,0.0,0.0,0.0,0.0,0.0,0.0,15.2,9.4,12.2,12.0,9.4,13.1,13.3,9.1,16.5,723.0,267.0,150.5,119.0,85.0,77.0,72.0,68.0,62.0,0.0,0.0,0.0,0.0,0.0,0.0,0.0,0.0,0.0,0.0,0.0,0.0,0.0,0.0,0.0,0.0,0.0,0.0,0.0,0.0,0.0,0.0,0.0,0.0,0.0,0.0,0.0,0.0,0.0,0.0,0.0,0.0,0.0,0.0,0.0,0.0,0.0,0.0,0.0,0.0,0.0,818.4066244057406,11.85,11.74,11.46,11.71,11.74,11.76,11.74,11.72,11.71,11.64,11.66,0.0,0.0,0.0,0.0,0.0,0.0,0.0,0.0,0.0,0.0,0.0,2462.499621946105,0.0,5398.503,21.689773501406567,1565.8114323,True,False,950.0,0.4691666666666666,0.5308333333333334,1744383.5688932303,925976.94448749,879.6780972631155,1.0748667850799294,20.05,13.922738095238095,3.338895026642984,0.8826130724291124,2.946952397983647,60.39625071805888,2476.514379766891,90.11649071424114,0.0,-2748.1256317668917,2734.1108739461056,14.01475782078569,-2476.514379766891
2024-10-20,248.1425203687185,3339.584753295669,31.466666666666665,0.0,3.28,3.2821779661016945,0.0,7.0,7.0,925.0,750.0,0.0,0.7566072473227816,0.0,4301.281095864407,0.0,380.04384,2.958647058823529,5.024117647058823,81.41,925.0,750,720,640,635,570,580,515.0,570,580,505,20.05,11.85,10.12,8.05,8.01,8.98,8.82,8.56,7.89,7.97,8.09,12.0,11.9,11.8,10.6,11.7,14.4,12.1,13.8,18.8,562.0,357.0,210.0,99.5,78.5,63.5,57.5,55.0,50.5,0.0,0.0,0.0,0.0,0.0,0.0,0.0,0.0,0.0,2.538,2.364,1.261,0.823,0.416,0.303,0.287,0.064,0.027,0.014,0.003,4.322,4.015,3.107,2.614,1.499,0.976,0.711,0.424,0.365,0.363,231.52358664860208,282.5372582830398,46.0300283286119,53.03459785687893,49.03198669786919,39.02545880034487,35.02284764133514,31.02023648232541,30.019583692572976,29.018930902820543,28.01827811306812,1309.6263896699434,11.915,11.78,11.655,11.78,11.78,11.77,11.75,11.73,11.715,11.71,11.705,2169.131912797143,2020.4207414706248,274.8208085971179,179.36362051976846,90.66253479492548,66.0354520261116,62.548431457076,13.948082276142385,5.884347210247569,3.051142997906146,0.6538163566941743,-967.8856635080396,854.2827934474691,4784.31,17.127254102541013,2837.3112064000006,True,False,925.0,0.3146666666666666,0.6853333333333333,4161948.272256176,2852321.882586233,2638.3977413922653,2.014618644067797,20.05,14.047325581395349,3.2821779661016945,0.9107001027191962,2.9890798108714955,57.649816375453454,3921.237255864407,91.16440354559938,4886.520890503756,585.2397946393494,5152.961860443185,-851.6807645787785,5851.804525143106
2024-10-21,151.47309237770193,3635.354217064846,48.833333333333336,3.51,2.83,3.171571672354949,7.21,4.92,6.065,475.0,505.0,1.5604002863646604,0.801226445549014,4.0,8130.148911325598,0.0,845.936784,6.624497354497355,12.555026455026454,80.82047619047619,475.0,505,530,530,525,565,530,595.0,595,555,555,19.7,12.23,9.15,8.64,8.72,8.75,8.63,8.61,8.53,8.11,8.42,13.625,11.6875,9.0625,13.3125,15.8125,13.0625,15.375,15.4375,18.8125,872.5,659.0,333.5,156.5,118.0,99.5,78.0,60.5,52.0,1217.0,927.5,665.0,435.5,307.0,283.5,198.0,181.0,171.0,2.582,2.567,1.465,1.189,0.9,0.6,0.528,0.228,0.122,0.065,0.012,4.18,4.99,3.891,3.626,2.967,1.758,0.986,0.989,0.904,0.871,634.6287547909797,451.2915589624745,102.4925438987432,97.09819948301988,77.31893662536768,71.92459220964436,61.13590337819771,61.13590337819771,57.539673767715485,53.94344415723327,53.94344415723327,2562.1744849190845,11.46,11.62,11.67,11.725,11.7,11.715,11.71,11.73,11.72,11.739999999999998,11.73,1907.6743025225064,1896.5917639718336,276.0106226045102,224.01135172475267,169.56283982529638,113.04189321686424,99.47686603084054,42.955919422408414,22.98518495409573,12.246205098493627,2.260837864337285,2513.7846487407646,1722.452954808807,7898.0353125,28.057788570147626,4793.2145352,False,True,505.0,0.4883333333333333,0.5116666666666667,5246773.689254099,2684599.204335014,1355.722598189182,0.5291296928327646,19.7,14.243837209302324,3.171571672354949,0.808204761904762,2.56327932831952,66.12751322751323,7284.212127325598,89.59506408521523,4766.817787235939,-3363.3311240896583,9848.99217478551,-1718.8432634599112,2249.423447146281
2024-10-22,150.15660000860962,3603.758400206631,49.29166666666666,2.19,3.64,2.921172442941674,5.63,6.24,5.9350000000000005,475.0,655.0,0.0,0.7588972448956477,0.0,7524.206998734573,0.0,798.48219,6.345131086142322,13.819176029962543,78.5334456928839,475.0,655,670,630,610,570,545,525.0,510,505,500,18.19,11.99,9.75,9.61,8.64,8.5,8.74,8.8,8.92,8.54,8.45,13.8125,11.75,11.375,11.875,12.75,11.75,18.1875,13.9375,22.625,892.5,696.5,223.5,197.5,131.5,112.5,83.5,68.5,53.5,0.0,0.0,0.0,0.0,0.0,0.0,0.0,0.0,0.0,3.233,3.039,1.602,1.408,1.038,0.93,0.901,0.804,0.074,0.039,0.006,4.808,4.376,3.24,2.905,2.07,1.342,0.917,0.753,0.427,0.275,628.9708876904831,528.907337376088,116.64551008078053,107.53257960571952,92.95189084562196,76.5486159905122,67.43568551545124,65.61309942043904,67.43568551545124,60.14534113540245,54.677582850365866,2570.306437451873,11.76,11.765,11.765,11.739999999999998,11.735,11.71,11.695,11.665,11.645,11.63,11.565,2377.16545458614,2234.520821678713,300.3698916959431,263.9955103045492,194.62169012508676,174.3720345051355,168.934626977556,150.74743628185908,13.874764035892502,7.31237564053794,1.1249808677750677,824.4737526907322,1866.8642160263155,8180.77453125,28.30378418102378,4796.151960875,False,True,655.0,0.4929166666666666,0.5070833333333333,5214484.74208326,2644178.3046313864,1731.936789533558,0.6738250211327135,18.19,14.445,2.921172442941674,0.7956963908273662,2.3243663698330503,66.78700720620212,6725.724808734573,89.3878226617863,5887.039586699187,-1637.1674120353864,9376.859745416234,-1852.6527466816608,5048.3543646638
2024-10-23,150.9428929363075,3622.62943047138,49.5,3.0,3.46,3.2366313131313134,7.54,6.18,6.859999999999999,545.0,490.0,1.5354288008326018,0.7982852194857272,4.0,8431.862972418434,0.0,898.7717302499999,11.32765031353744,13.450748801180374,75.22160088528219,545.0,490,485,500,505,495,515,545.0,535,550,540,8.92,8.89,7.73,7.88,7.99,7.144,7.44,7.64,7.81,7.88,7.22,13.5,13.0625,9.5,13.25,13.1875,14.0,13.0,15.4375,24.9375,865.5,649.5,280.0,178.0,134.0,81.5,54.0,46.5,37.5,1261.5,997.5,672.0,454.5,349.5,294.5,205.0,181.5,143.5,3.298,2.893,1.223,0.943,0.567,0.66,0.4,0.126,0.122,0.101,0.012,5.575,5.096,3.931,3.552,2.751,2.027,1.109,0.553,0.027,0.01,640.0242130750606,517.772397094431,121.02929782082326,100.8577481840194,88.02130750605326,80.6861985472155,75.18486682808717,71.51731234866828,69.68353510895884,62.34842615012107,60.51464891041163,2599.7979656691937,11.655,11.71,11.675,11.665,11.635,11.64,11.63,11.61,11.61,11.605,11.61,2419.5980629539954,2122.467312348668,228.80168280871675,176.41863196125908,106.0756779661017,123.47433414043584,74.83292978208233,23.57237288135593,22.82404358353511,18.89531476997579,2.24498789346247,2198.4518542545406,1887.6399515738497,7764.74203125,28.15634388161189,4841.644233824999,True,False,545.0,0.495,0.505,5252117.102362008,2652319.136692814,1445.5139294975836,0.5560101010101011,8.92,14.625232558139537,3.2366313131313134,0.7522160088528218,2.4346458884917044,72.56628089265953,7533.091242168434,89.34076925597603,5319.205351089587,-3112.657621328847,10304.068887167978,-1872.205914749544,3105.3194600107395
2024-10-24,152.94034925699023,3670.568382167765,48.458333333333336,3.27,3.62,3.4503181427343086,7.41,7.9,7.655,405.0,470.0,0.0,0.7603891108781533,0.0,8831.686363883064,0.0,831.8937412500002,11.152599019238025,15.586363636363636,73.26103734439835,405.0,470,455,415,440,485,475,490.0,485,445,440,8.63,7.23,7.74,8.14,8.32,8.32,8.43,8.51,8.53,8.58,8.45,14.4375,12.3125,11.9375,10.0,11.9375,12.5625,15.25,14.0,23.375,1275.0,726.5,411.0,194.5,126.5,101.5,74.0,65.0,60.0,0.0,0.0,0.0,0.0,0.0,0.0,0.0,0.0,0.0,3.26,3.618,2.393,1.921,1.367,1.239,1.06,0.518,0.102,0.01,0.006,5.168,5.799,5.076,4.384,3.378,2.873,1.827,1.108,0.65,0.561,606.6950187656844,655.509560505452,147.59425370316907,117.36410535432722,104.91639721068644,97.80342112860602,87.13395700548536,80.02098092340492,76.4644928823647,56.9038086566435,55.125564636123386,2555.7277017538604,11.78,11.77,11.84,11.76,11.67,11.745,11.735,11.705,11.705,11.645,11.655,2418.0137244886623,2683.550200981589,452.6098910701992,363.3362309844767,258.55316384996337,234.3433577250217,200.4874569721735,97.97405916187346,19.29218925581292,1.8913911035110704,1.1348346621066423,1256.2756539246066,2085.531560771947,10309.73765625,27.78861183884573,4802.47990701875,False,True,470.0,0.4845833333333333,0.5154166666666666,5274072.643344166,2718344.9415903054,1277.6221225474435,0.4999054170249355,8.63,14.72825581395349,3.4503181427343086,0.7326103734439834,2.527738863049133,73.68222604677479,7999.792622633064,90.58057875954464,6731.186500255391,-2100.4998636276723,10904.887456201946,-2073.2010923188827,5462.580377877719
2024-10-25,154.39918508245674,3705.5804419789615,49.29166666666666,2.66,3.26,2.963600591715976,5.54,7.38,6.46,390.0,410.0,0.0,0.7247877191346613,0.0,7849.170998074705,0.0,860.7707062500001,11.737182842602689,14.922188295165396,73.34062886223192,390.0,410,400,385,405,395,405,380.0,400,415,380,8.44,7.49,8.18,8.22,8.32,8.2,8.22,8.35,8.45,8.47,7.32,13.3125,11.9375,12.125,12.8125,13.0,12.5,12.8125,18.3125,22.375,1289.5,975.5,444.5,222.0,165.5,107.0,91.5,81.0,71.5,1590.5,1154.0,794.0,630.5,449.0,360.5,250.5,230.0,207.0,3.148,3.101,2.055,1.69,0.981,0.711,0.581,0.325,0.159,0.022,0.005,4.819,5.149,4.776,4.563,3.502,2.535,1.751,1.216,0.984,0.057,578.9391125332855,435.9911835127212,142.16171541095125,123.9358544608293,114.82292398576833,96.59706303564636,89.30671865559758,78.3712020855244,71.08085770547562,61.96792723041465,60.14534113540245,2645.3074553682404,11.735,11.755,11.755,11.7,11.73,11.705,11.7,11.73,11.745,11.705,11.69,2314.666517487525,2280.108281680056,385.3059472129608,316.8696110899774,183.9343718812236,133.31023283134553,108.93564736288572,60.936463671149504,29.811992996039294,4.1249298485085815,0.9374840564792232,1160.968336887172,1853.3198997516167,11421.426093749998,27.526052017245373,4931.66437071875,False,True,410.0,0.4929166666666666,0.5070833333333333,5366642.34394233,2721334.88857409,1115.7473043153768,0.4217836010143702,8.44,14.900581395348835,2.963600591715976,0.7334062886223192,2.173523310929323,73.99784623773172,6988.400291824704,89.03360996389127,5818.94148011815,-2030.2295179565544,9694.00042300694,-1844.8294249322344,4649.482668411596
2024-10-26,158.39405252146608,3801.457260515186,48.16666666666666,2.68,3.36,3.0253806228373703,5.02,6.6,5.81,560.0,495.0,1.5220425628548404,0.7601821996587532,4.0,7950.8436798581315,0.0,801.554457,11.311676427525622,17.487869692532943,71.20045387994143,560.0,495,520,475,480,455,445,440.0,440,420,400,,0.0,0.0,0.0,0.0,0.0,0.0,0.0,0.0,0.0,0.0,14.6875,10.625,10.25,11.0625,13.5,13.9375,16.5,14.375,19.5625,1236.5,976.5,408.5,261.0,161.0,121.5,110.0,96.0,72.5,0.0,0.0,0.0,0.0,0.0,0.0,0.0,0.0,0.0,2.157,2.37,1.026,0.675,0.361,0.298,0.309,0.033,0.024,0.015,0.006,3.798,3.833,3.405,2.823,2.187,1.671,1.496,0.553,0.376,0.114,622.1936741383893,511.5814654026756,128.69039160095687,112.82445291042794,91.6698679897227,75.80392929919377,70.51528306901746,65.22663683884115,59.93799060866485,54.64934437848853,52.886462301763096,2623.373432119268,11.66,11.66,11.69,11.66,11.65,11.645,11.645,11.6,11.575,11.585,11.59,1604.7070966598742,1763.16913263046,194.64048108443345,128.05294808186412,68.48461371489324,56.5330052272526,58.6197940108089,6.260366350668912,4.552993709577391,2.845621068485869,1.1382484273943476,3247.569950237911,1845.979498538141,11243.21296875,26.831815540700468,4943.7951673,True,False,560.0,0.4816666666666666,0.5183333333333333,5446450.032081526,2823076.5999622573,1580.9228959788643,0.6026297577854672,8.44,15.072906976744186,3.0253806228373703,0.7120045387994144,2.154084735056007,75.06951409224011,7149.289222858131,89.91862386842571,3889.004300965713,-4061.8393788924186,9784.108206741765,-1833.2645268836327,628.7193790732942
2024-10-27,242.06076630665316,5200.272129487931,31.58333333333333,2.3,3.0,2.6564986807387863,5.52,6.82,6.17,545.0,465.0,1.4633449289598477,0.7837191176675631,3.0,5446.081702610685,0.0,604.77880675,10.771444812884887,12.814111795357649,76.41444339175747,545.0,465,395,415,410,425,415,415.0,405,365,375,,0.0,0.0,0.0,0.0,0.0,0.0,0.0,0.0,0.0,0.0,14.1875,13.25,11.375,12.75,13.5,14.125,13.5,14.375,24.125,1222.0,760.0,631.0,255.0,170.0,139.0,126.0,113.0,98.0,0.0,0.0,0.0,0.0,0.0,0.0,0.0,0.0,0.0,1.624,2.082,0.742,0.428,0.328,0.29,0.247,0.075,0.057,0.004,0.004,2.9,3.947,3.25,2.693,2.045,1.788,0.94,0.903,0.834,0.324,232.59506106252644,295.67168779134715,67.35401047886889,54.28532187849135,43.22720075509496,39.20606580113264,36.1902145856609,35.184930847170314,34.17964710867974,31.163795893207997,28.147944677736252,2045.0824281942123,11.43,11.605,11.64,11.645,11.65,11.635000000000002,11.635,11.64,11.65,11.675,11.675,1386.8786069268406,1778.0057017374888,161.58331355703663,93.20439110837152,71.4276642138922,63.152507993990056,53.78851542936395,16.332545170859497,12.41273432985322,0.8710690757791733,0.8710690757791733,1190.9313375634515,897.2058808799168,12184.920000000002,17.557574756315177,4434.532058420833,True,False,545.0,0.3158333333333333,0.6841666666666667,6475195.023306214,4430112.5951120015,2414.411364336041,1.1805936675461743,8.74,15.15034090909091,2.6564986807387863,0.7641444339175746,2.029948680595924,71.47312588820463,4841.302895860686,88.89515729336034,3638.528118619255,-1807.55358399143,6331.444143812623,-885.362441201938,2435.753341377825
2024-10-28,102.41263121426796,2457.9031491424307,49.66666666666666,3.05,3.07,3.062533557046979,7.43,6.86,7.145,520.0,505.0,0.0,0.7616310649458209,0.0,5439.693541761743,0.0,541.743135,8.187645161290323,12.714709677419355,79.09764516129033,520.0,505,475,515,475,475,455,460.0,425,405,390,8.74,7.41,8.3,8.32,8.43,8.4,8.5,8.56,8.6,8.59,8.63,14.3125,11.6875,11.0,9.875,9.875,13.3125,12.5,21.875,19.125,1054.5,533.0,303.0,205.0,147.0,140.5,126.5,120.0,103.5,1336.5,884.0,685.0,558.5,381.0,368.0,339.5,324.5,241.0,2.853,2.919,1.334,0.479,0.171,0.449,0.115,0.079,0.042,0.014,0.006,4.59,4.607,3.766,2.621,1.815,1.322,1.025,0.495,0.316,0.279,607.0271241243039,440.8173163283636,121.62222022633377,112.40841566373273,103.19461110113168,84.76700197592959,75.55319741332855,70.02491467576792,64.49663193820729,60.81111011316688,53.44006646308604,1774.7375885868942,11.685,11.73,11.685,11.605,11.57,11.53,11.52,11.47,11.48,11.51,11.5,2089.3984192563325,2137.733608765943,249.1239608406683,89.45305640380818,31.934180887372023,83.85056852883064,21.47620352074727,14.75321807077421,7.843483024968568,2.614494341656189,1.1204975749955095,164.59676426489932,1794.1626100233516,9227.700937500002,41.49878730396195,3296.048123,True,False,520.0,0.4966666666666666,0.5033333333333334,3573297.158228646,1798559.5696417522,935.2509762137112,0.5269798657718122,8.74,15.255568181818182,3.062533557046979,0.7909764516129033,2.4223919258984625,68.18125,4897.950406761744,90.0409254521249,4729.3016912160965,-710.3918505456468,7229.804200504347,-1790.1106587426038,4560.652975670449
2024-10-29,154.88296137566138,3717.191073015873,49.0,2.81,3.18,2.996561224489796,6.63,6.82,6.725,510.0,555.0,0.0,0.7310751126256432,0.0,7893.208359942857,0.0,790.22664,6.478527584947022,12.076010230179028,81.44546218487395,510.0,555,555,560,585,595,575,550.0,540,565,535,10.46,9.52,9.35,7.22,14.68,11.68,8.48,8.07,8.1,8.12,7.92,13.0,10.875,12.8125,12.0625,10.6875,13.75,14.25,13.25,19.75,1103.5,636.0,298.0,167.5,136.5,121.0,105.5,97.5,93.0,0.0,0.0,0.0,0.0,0.0,0.0,0.0,0.0,0.0,2.25,2.323,1.089,0.789,0.342,0.188,0.066,0.014,0.004,0.002,0.002,4.706,5.041,4.073,3.199,1.935,1.239,0.832,0.559,0.352,0.21,566.898768077129,382.6566684520621,140.94520621317622,102.99841992501337,99.3844402785217,95.77046063203,84.92852169255488,75.89357257632564,72.27959292983395,63.244643813604704,59.63066416711301,2632.716425589877,11.34,11.57,11.62,11.675,11.685,11.695,11.665,11.675,11.675,11.72,11.7,1659.480449919657,1713.321371183717,204.8130771290841,148.39074183181577,64.32146223888591,35.35799678628816,12.412913765399034,2.6330423138725227,0.7522978039635778,0.3761489019817889,0.3761489019817889,3257.0453775463902,1744.6309587573644,8888.0728125,27.44007450691638,4917.8437896000005,False,True,555.0,0.49,0.51,5372890.664469137,2740174.23887926,1520.7967025779892,0.5776530612244898,10.46,15.41784090909091,2.996561224489796,0.8144546218487396,2.440563138938433,65.64566587504568,7102.981719942857,89.98852426080235,3842.235650776647,-4050.97270916621,9634.1386270804,-1740.9302671375444,581.4895816104364
2024-10-30,148.18302588783487,3556.392621308037,49.29166666666666,3.14,3.26,3.2030862214708367,7.96,8.52,8.24,410.0,450.0,1.5736292469696227,0.7624787374647736,4.0,8141.908210308368,0.0,851.534758,7.633186646433992,17.319051593323216,75.04776176024279,410.0,450,415,390,410,415,410,435.0,395,430,415,8.17,8.17,8.34,8.42,8.47,4.43,8.43,8.52,8.58,8.61,8.59,14.3125,10.75,9.25,12.0,11.25,12.75,12.25,13.625,21.0,1073.0,546.5,308.5,193.5,172.0,145.0,140.5,132.0,123.0,1466.5,993.5,763.5,509.0,371.5,308.0,281.5,267.5,242.0,2.545,2.428,1.295,0.716,0.464,0.304,0.081,0.021,0.001,0.001,0.001,4.555,4.711,3.94,2.985,1.971,1.275,0.912,0.648,0.437,0.324,521.7599409250598,493.1703551209469,92.95189084562196,83.838960370561,71.08085770547562,72.90344380048782,63.79051332542684,60.14534113540245,56.500168945378064,54.677582850365866,49.209824565329285,2539.445646350691,11.489999999999998,11.565,11.515,11.510000000000002,11.455,11.4,11.375,11.395,11.345,11.265,11.4,1871.2917048938216,1785.2637561816107,242.8083706281188,134.24771688782474,86.9985204412719,56.99903063393676,15.187241714963417,3.937433037212737,0.1874968112958446,0.1874968112958446,0.1874968112958446,3086.0528036198702,1620.028879590056,9255.0178125,28.680747842313465,4733.114029883334,False,True,450.0,0.4929166666666666,0.5070833333333333,5151876.20561425,2612430.5592635595,1175.5937516686015,0.4629332206255283,8.17,15.562840909090909,3.2030862214708367,0.7504776176024278,2.403844516464596,70.36589055386949,7290.373452308368,89.54133679716651,4197.296264852649,-3944.6119454557193,9754.912706062576,-1613.0044957542077,1104.2190773969298
2024-10-31,261.6192527419193,6169.854043830263,33.166666666666664,2.79,3.01,2.9030226130653265,6.07,6.77,6.42,395.0,460.0,0.0,0.734618080476282,0.0,7508.544610232412,0.0,840.5986875,5.8558878504672895,11.857943925233643,82.28616822429906,395.0,460,385,380,395,385,395,390.0,390,395,340,8.83,8.58,8.58,8.61,8.68,8.55,8.59,8.64,8.68,8.72,8.01,15.375,11.75,12.4375,11.25,11.125,11.375,11.25,14.6875,21.125,1046.0,532.5,279.5,226.0,123.5,169.0,126.5,108.0,106.0,0.0,0.0,0.0,0.0,0.0,0.0,0.0,0.0,0.0,2.027,2.132,1.214,0.652,0.286,0.161,0.081,0.044,0.006,0.001,0.001,4.541,4.766,3.934,2.945,2.045,2.06,1.278,0.709,0.342,0.272,310.2145587891082,301.8303815245377,62.00099087149878,53.44913006163688,52.38014746040414,49.17319965670593,44.89726925177498,39.55235624561129,36.34540844191308,35.27642584068034,32.069478036982126,2583.7644929950848,11.51,11.51,11.495,11.47,11.46,11.45,11.475,11.445,11.4,11.415,11.364999999999998,1712.2828274947335,1800.9802605914022,261.50537489272057,140.44604977763908,61.60670281657173,34.680696340797375,17.448052196301788,9.477954279472575,1.2924483108371694,0.2154080518061949,0.2154080518061949,2620.852106972508,1017.1893461808534,9410.22515625,16.24498180259125,5525.1042962500005,False,True,460.0,0.3316666666666666,0.6683333333333333,7790244.702497743,5206480.209502658,2394.9808963712226,0.926934673366834,8.83,15.820795454545454,2.9030226130653265,0.8228616822429907,2.3887860709763773,64.73107476635515,6667.945922732412,88.80477201461309,4040.151182804089,-3468.393427428323,8518.791323457452,-1010.2467132250396,1412.3564428757663
2024-11-01,150.04254366582492,3601.021047979798,49.5,3.14,2.23,2.69010101010101,7.54,4.23,5.885,820.0,520.0,1.5446423356536758,1.5446423356536758,4.0,6966.275487878788,340.0,738.0349312500001,6.192813546706363,11.559717156680312,82.24746929661333,820.0,520,450,440,450,410,430,405.0,390,375,390,17.0,11.93,10.72,10.5,10.35,9.69,9.75,9.78,9.74,9.72,9.72,14.1875,11.625,11.25,12.0625,12.875,13.0625,11.625,14.625,18.125,1225.0,654.0,332.5,210.0,135.5,135.5,121.0,106.0,110.5,1579.5,930.5,656.0,466.5,341.5,310.0,297.0,264.5,260.5,3.037,3.078,1.91,1.306,1.272,0.724,0.223,0.119,0.051,0.008,0.001,3.772,4.115,3.682,2.984,2.747,1.891,1.119,0.726,0.505,0.21,524.9636803874092,489.00726392251823,106.3590799031477,95.35641646489104,89.85508474576271,77.01864406779661,67.8497578692494,62.34842615012107,64.1822033898305,64.1822033898305,58.68087167070218,2584.6858185406654,11.91,11.765,11.705,11.645,11.6,11.575,11.555,11.53,11.505,11.465,11.465,2228.1138014527846,2258.193704600484,357.3272397094431,244.3295157384988,237.9687167070218,135.447602905569,41.7193583535109,22.26279661016949,9.541198547215496,1.4966585956416465,0.1870823244552058,679.842797421117,1699.8036319612588,10131.25359375,28.325299586133443,4812.764630625,True,False,820.0,0.495,0.505,5221587.512203365,2636901.6936627,2162.259388803413,0.8365656565656566,17.0,16.10397727272727,2.69010101010101,0.8224746929661333,2.212540002330713,64.96584015630815,6228.240556628788,89.40560228296786,5536.5876755447935,-1429.6878123339948,8654.26903617717,-1687.993548298381,4844.934794460799
2024-11-02,148.01446060873064,3552.3470546095355,49.91666666666666,2.3,3.18,2.7570567612687817,5.46,6.58,6.02,310.0,425.0,0.0,0.772864891421129,0.0,7129.6181001505865,456.0,736.9964910000002,6.8840695067264575,14.57785874439462,78.53807174887892,310.0,425,465,500,380,510,565,555.0,565,545,535,16.83,12.93,11.53,11.1,9.63,9.34,9.02,8.97,9.3,9.27,9.22,13.3125,12.0,11.3125,11.25,11.1875,11.4375,10.9375,13.8125,19.5,943.5,621.5,324.0,182.0,133.0,124.5,131.5,116.5,123.5,0.0,0.0,0.0,0.0,0.0,0.0,0.0,0.0,0.0,3.007,2.942,1.6,1.42,1.066,0.426,0.063,0.003,0.001,0.001,0.001,4.275,4.678,3.767,3.405,2.494,1.624,0.888,0.44,0.337,0.138,553.2466129540443,618.7626592249179,135.509022370257,103.95212674978622,89.10182292838817,76.1078070846649,72.39523112931539,68.68265517396588,66.82636719629113,61.25750326326687,57.54492730791736,2569.954388874929,11.515,11.73,11.78,11.77,11.795,11.83,11.82,11.815,11.82,11.83,11.805,2196.272629067831,2148.797497411892,297.99774947112576,264.4730026556241,198.54100058513757,79.34190079668723,11.733661385425576,0.5587457802583607,0.1862485934194536,0.1862485934194536,0.1862485934194536,1154.798190236407,1903.3867353828152,8695.1653125,28.713410720285484,4787.675742850001,False,True,425.0,0.4991666666666666,0.5008333333333334,5148489.593739423,2578535.2048644945,1095.8774620674103,0.4264190317195326,16.83,16.384204545454544,2.7570567612687817,0.7853807174887892,2.165339217322593,67.71624859865472,6392.621609150587,89.66288964363416,5198.2749329342405,-1931.343167216346,8993.456349553462,-1863.838249402876,4003.928256717895
2024-11-03,148.46230700163855,3563.0953680393254,49.91666666666666,2.96,3.18,3.0715050083472457,6.22,6.66,6.44,355.0,405.0,0.0,0.5148451910386174,0.0,7966.7987388853935,292.0,855.9463770000001,8.92162434652726,14.353338312173266,76.72503734129948,355.0,405,320,325,320,325,325,330.0,320,320,325,,0.0,0.0,0.0,0.0,0.0,0.0,0.0,0.0,0.0,0.0,14.9375,11.6875,13.8125,14.5625,15.625,14.5625,6.875,9.1875,17.75,1220.0,783.0,410.0,186.0,187.0,166.5,161.0,149.0,161.0,0.0,0.0,0.0,0.0,0.0,0.0,0.0,0.0,0.0,2.77,3.011,1.352,0.862,0.451,0.352,0.151,0.069,0.007,0.001,0.001,4.869,4.952,4.523,3.685,3.21,2.568,2.214,1.235,1.158,0.685,735.2356303731377,560.526173650808,102.09583877211146,96.5269748390872,90.95811090606291,89.10182292838817,76.1078070846649,68.68265517396588,64.97007921861638,63.11379124094163,61.25750326326687,2592.505973898697,11.760000000000002,11.745,11.58,11.545,11.495,11.495,11.435,11.44,11.46,11.215,11.435,2023.170995183868,2199.194175631273,251.80809830310127,160.54628752756898,83.99811563217357,65.55950488364766,28.12353760633749,12.851152945942298,1.303740153936175,0.1862485934194536,0.1862485934194536,2280.4400065587424,2008.5763874510517,11838.86109375,28.626794812996497,4802.161782275001,False,True,405.0,0.4991666666666666,0.5008333333333334,5193668.061232783,2601162.0873340857,1053.4706453703047,0.4063522537562605,16.905,16.25556818181818,3.0715050083472457,0.7672503734129948,2.356613364594308,70.12286687826737,7110.852361885393,89.25608133136105,4826.928105054689,-3139.8706338307047,9971.890876064484,-2005.0921371790887,2543.0038482239843
2024-11-04,151.4641493319804,3635.139583967529,48.66666666666666,2.73,2.97,2.851054794520548,5.51,6.25,5.88,340.0,345.0,0.0,0.3875966832673518,0.0,7272.128443287671,0.0,816.2176,6.317764705882354,13.046117647058823,80.63611764705881,340.0,345,355,345,350,340,360,355.0,330,345,320,16.98,11.97,10.42,10.23,10.16,9.64,9.6,9.62,9.65,9.62,9.54,13.3125,12.875,10.5625,10.375,13.375,14.5625,14.5,13.625,19.0,1147.0,883.5,357.5,279.5,248.0,233.5,245.0,266.5,225.5,1554.5,1304.5,686.5,534.5,502.5,449.5,480.0,593.5,473.0,2.765,2.869,1.425,0.896,0.568,0.356,0.144,0.044,0.007,0.001,0.001,4.865,4.657,4.658,4.852,3.25,3.12,2.586,2.154,1.658,1.152,470.1210395158419,428.0206479174082,80.51699893200427,73.35993236027055,69.7813990744037,66.20286578853684,62.62433250266998,59.04579921680313,55.46726593093627,57.2565325738697,53.677999288002844,2549.7363340652582,11.88,11.81,11.765,11.77,11.72,11.415,11.655,11.7,11.665,11.62,11.635,2046.434674261303,2123.4072623709503,268.94148273406904,169.10285510857958,107.19913136347454,67.18818796724813,27.177244571021717,8.304158063367746,1.321116055535778,0.1887308650765397,0.1887308650765397,1634.0687988734144,1476.0748131007474,13133.9821875,28.05944521356545,4776.5734133333335,False,True,345.0,0.4866666666666666,0.5133333333333334,5239184.248079298,2689447.91401404,927.8595303348436,0.3639041095890411,16.98,16.022159090909092,2.851054794520548,0.8063611764705882,2.2989798982917,66.05102941176472,6455.910843287671,88.77608383342863,4819.453574225703,-2452.674869061968,8745.814786199864,-1473.6863429121931,3182.996305163735
2024-11-05,147.37843567188983,3537.082456125356,48.75,2.76,2.98,2.888923076923077,5.42,6.6,6.01,430.0,410.0,4.019279842318829,1.0930656683052489,10.0,7187.663437876922,0.0,783.7224884999998,5.52475138121547,15.90342541436464,78.57182320441989,430.0,410,390,370,365,365,345,370.0,345,350,340,8.51,7.45,7.69,7.87,7.96,7.93,7.99,8.09,8.17,8.19,8.22,13.8125,14.5,10.5,13.5,10.625,12.375,10.5625,15.0,23.0625,1132.5,763.0,376.0,296.5,287.0,275.0,284.0,286.5,288.5,0.0,0.0,0.0,0.0,0.0,0.0,0.0,0.0,0.0,1.887,1.887,0.962,0.381,0.324,0.204,0.261,0.075,0.001,0.001,0.001,3.043,3.243,2.925,2.434,1.954,1.536,4.334,1.019,0.529,0.368,541.6232464929859,450.18036072144287,121.97074148296592,107.62124248496993,95.06543086172344,84.30330661322644,73.54118236472945,69.95380761523046,71.74749498997996,62.779058116232456,60.98537074148297,2471.7109050218337,11.725,11.79,11.795,11.83,11.77,11.79,11.795,11.7,11.755,11.79,11.805,1395.3967935871742,1395.3967935871742,181.40158316633264,71.84407815631262,61.09575150300601,38.46769539078156,49.21602204408817,14.142535070140278,0.188567134268537,0.188567134268537,0.188567134268537,3154.4667840103066,1739.7712424849697,14040.3478125,28.837326035009763,4655.684782875001,True,False,430.0,0.4875,0.5125,5070176.215429403,2598465.3104075687,1117.3400834752545,0.452051282051282,8.51,15.78875,2.888923076923077,0.785718232044199,2.269879532511688,66.84558011049725,6403.940949376923,89.09628288422623,3207.526953907815,-3980.1364839691073,8885.487468903091,-1697.824031026169,11.112958438707436
2024-11-06,153.97619429838343,3695.428663161202,47.875,3.01,2.99,3.004355091383812,8.74,6.81,7.775,340.0,395.0,0.0,0.9126100638700584,0.0,7608.834962060052,0.0,759.7805249999999,8.454803209782193,9.106411922048148,82.43878486816966,340.0,395,415,435,415,450,440,435.0,420,400,400,18.67,12.4,10.95,10.26,9.62,9.22,9.22,9.29,9.32,9.32,9.3,14.25,14.875,12.4375,11.8125,11.8125,12.5,13.375,14.75,16.625,1383.0,678.5,454.0,338.0,305.5,281.0,270.0,239.0,368.5,1775.5,1105.0,397.0,779.0,696.0,594.5,499.0,463.5,744.0,1.605,1.624,0.66,0.183,0.066,0.044,0.021,0.01,0.006,0.001,0.001,3.177,3.386,2.955,2.481,1.934,1.431,1.202,0.655,0.324,0.155,760.72039233879,445.4668964146068,104.8560540791305,90.87524686857977,78.64204055934788,69.90403605275367,64.66123334879714,57.67082974352178,55.92322884220294,50.6804261382464,50.6804261382464,2528.9305088435585,11.905,61.85,11.955,11.975,11.91,11.985,11.86,11.885,11.88,11.855,11.84,1197.6071972960435,1211.7844787593613,125.58086685665054,34.82014944661674,12.558086685665057,8.37205779044337,3.9957548545297903,1.9027404069189475,1.1416442441513686,0.1902740406918947,0.1902740406918947,4240.982572925168,1830.0808105242236,15255.04828125,27.60166933184567,4776.80347571875,False,True,395.0,0.47875,0.52125,5282361.376174535,2753430.8673309763,1087.6051925957356,0.430065274151436,18.67,15.551704545454545,3.004355091383812,0.8243878486816965,2.4767538304618024,66.26001146350782,6849.054437060052,90.01449592758293,2598.143524421764,-5010.691437638288,9428.987432871156,-1820.152470811104,-1652.7673882165248
2024-11-07,290.86277416191,2448.095015862742,45.0625,2.76,2.77,2.775972260748959,5.66,6.21,5.9350000000000005,270.0,370.0,0.0,0.8293459564527025,0.0,4275.431998809431,0.0,446.6454140000001,14.54715642811906,20.227732742241923,65.22511082963902,270.0,370,370,390,410,260,350,360.0,320,320,330,18.23,13.01,9.77,9.52,9.44,9.71,9.87,8.91,8.93,9.21,9.47,13.875,12.5,14.4375,16.75,15.25,11.4375,12.8125,10.0625,16.4375,1110.5,638.5,386.5,343.0,319.5,269.5,208.0,167.0,117.0,0.0,0.0,0.0,0.0,0.0,0.0,0.0,0.0,0.0,1.746,1.025,1.064,0.755,0.688,0.649,0.352,0.101,0.037,0.008,0.001,2.828,1.187,2.315,1.087,1.718,1.16,0.745,0.481,0.286,0.265,383.7659567592024,339.7272404097858,117.11152926348448,93.04751640112464,78.60910868370877,70.58777106292216,59.3578983938209,56.14936334550626,51.3365607730343,49.73229324887698,46.52375820056233,1534.0690032151276,11.62,11.61,11.7,11.73,11.59,11.7,11.6,11.48,11.63,11.65,11.67,1339.166144200627,786.165691755809,208.09997608505964,147.66492663930453,134.56088679184307,126.93316210451476,68.8451048702453,19.75385111333743,7.236559318747374,1.5646614743237568,0.1955826842904696,973.4664410295104,1345.9489965420291,12479.2378125,14.611701384771292,2978.5666046125,False,True,370.0,0.450625,0.549375,3404314.015456594,1870245.0122414664,691.9906545293426,0.4510818307905687,18.23,15.31465909090909,2.775972260748959,0.6522511082963901,1.8106309836735444,80.82627849905002,3828.786584809431,89.55320973121836,2840.1865470381026,-1435.2454517713286,5606.247398609642,-1330.8153998002108,1851.586509266774
2024-11-08,149.02402682052352,3576.576643692564,49.875,1.99,2.89,2.4445225563909774,5.33,5.09,5.21,615.0,550.0,0.0,0.7186417650108672,0.0,6356.791457396615,0.0,741.1204125,10.113817504655492,18.91094972067039,70.97523277467411,615.0,550,540,525,510,460,475,455.0,440,430,405,19.77,13.45,9.11,9.75,9.63,9.73,9.87,9.53,9.33,9.71,9.45,14.0625,14.375,14.75,12.4375,13.1875,11.5625,12.25,11.8125,16.5,985.0,612.5,459.0,335.5,224.5,159.5,118.5,85.5,73.5,1374.5,963.5,812.5,570.0,472.5,367.5,287.5,193.5,158.5,1.299,1.299,0.96,0.59,0.488,0.547,0.566,0.341,0.069,0.007,0.001,2.597,3.216,3.123,2.279,1.642,1.1189,0.849,0.633,0.431,0.273,428.9714517108727,392.6179388540191,83.43131200647906,76.0151953836809,66.74504960518324,68.59907876088278,63.036991293784176,61.18296213808464,61.18296213808464,59.32893298238511,57.47490382668557,2595.611516617633,11.575,11.65,11.655,11.645,11.635,11.64,11.665,11.675,11.67,11.695,11.75,949.1984207329416,949.1984207329416,178.87896335290543,109.9360295606398,90.9301397043936,101.92374266045758,105.46405547681717,63.53929844097996,12.85692549099008,1.3043257744482688,0.1863322534926098,3041.864963582965,1418.5867787001418,10730.0015625,28.51889115248825,4816.3075228125,True,False,615.0,0.49875,0.50125,5204233.617278462,2608622.100660829,1604.3025919064098,0.6180827067669172,19.77,15.088068181818182,2.4445225563909774,0.7097523277467411,1.7350055746279105,74.46161545623836,5615.671044896615,88.34128164393927,2563.416654181008,-3793.3748032156072,7764.988808964115,-1408.1973515675,-488.837736534599
2024-11-09,166.13495734828876,3156.564189617486,45.75,3.92,3.01,3.470928961748634,7.52,6.87,7.195,760.0,660.0,2.464962894174065,0.883325586567939,5.0,7040.529839114754,0.0,659.2391325000001,8.14904148783977,13.654234620886982,78.19672389127327,760.0,660,605,560,550,565,580,590.0,585,595,580,18.23,12.93,8.72,9.12,9.24,9.37,9.75,9.54,9.31,9.76,9.71,14.0625,13.8125,11.5,14.25,11.125,16.625,18.0,14.25,16.75,1181.0,726.5,405.5,316.5,257.5,210.0,82.5,74.0,52.0,0.0,0.0,0.0,0.0,0.0,0.0,0.0,0.0,0.0,2.21,2.385,1.254,0.575,0.504,0.363,0.144,0.039,0.001,0.001,0.001,2.854,3.238,2.795,2.128,1.944,1.378,0.857,0.662,0.158,0.051,366.285602809208,404.84198205228256,90.1255364806867,81.93230589153336,73.73907530238003,67.18449083105735,68.82313694888802,63.907198595396025,60.62990635973468,57.35261412407335,52.43667577058135,2024.963185348248,11.985,11.92,11.885000000000002,11.87,11.795,11.745,11.78,11.71,11.685,11.705,11.705,1684.0148263753415,1817.3644166991803,243.66399141630905,111.72790674990246,97.93193913382756,70.53431330472104,27.98055403823644,7.578066718689037,0.1943094030433086,0.1943094030433086,0.1943094030433086,2309.011388616482,1387.2585251658213,11623.513593749996,25.58161188852152,3899.145915225,True,False,760.0,0.4575,0.5425,4426149.039012563,2401185.853664316,1824.90124878488,0.9012021857923496,18.23,14.873977272727272,3.470928961748634,0.7819672389127326,2.7141527366808167,68.72019849785408,6381.2907066147545,90.63651248465004,4061.3789426453377,-2979.1508964694167,8416.887988927641,-1376.358149812887,1741.467178675921
2024-11-10,146.28712110576376,3510.89090653833,49.54166666666666,3.12,3.3,3.244119848612279,6.68,6.46,6.57,825.0,795.0,0.0,0.7904318671776261,0.0,8200.712592887552,0.0,771.000289,9.991719984945426,19.931829130598416,70.07645088445615,825.0,795,760,425,750,710,740,720.0,640,625,595,21.05,18.62,12.11,11.97,11.56,11.22,11.41,11.14,11.9,11.21,11.02,12.5625,14.8125,10.5,12.9375,14.6875,14.8125,12.625,15.0,23.375,1061.5,835.5,390.5,312.5,131.5,120.0,80.0,58.0,54.5,0.0,0.0,0.0,0.0,0.0,0.0,0.0,0.0,0.0,1.966,3.966,0.649,0.12,0.014,0.001,0.001,0.001,0.001,0.001,0.001,3.509,2.023,3.305,2.494,2.16,1.227,0.749,0.558,0.349,0.238,1591.21784376612,1504.816874873842,100.98113239284991,89.96500885908448,84.45694709220176,78.94888532531903,75.27684414739721,67.93276179155359,66.09674120259267,60.58867943570996,60.58867943570996,2501.283071114368,11.935,11.755,11.725,11.725,11.725,11.815,11.765,11.75,11.75,11.739999999999998,11.765,1441.7274541906834,2908.388140040819,121.3625051023841,22.43990849350708,2.6179893242424925,0.1869992374458923,0.1869992374458923,0.1869992374458923,0.1869992374458923,0.1869992374458923,0.1869992374458923,2853.912728733807,3780.870398322381,10382.835000000005,29.052454979459903,4696.255448858333,True,False,825.0,0.4954166666666666,0.5045833333333334,5048847.24194658,2547564.170832212,2101.740440936575,0.8402649285113543,21.05,14.728777777777776,3.244119848612279,0.7007645088445615,2.273364052345677,74.94704318780579,7429.712303887552,90.5983744672544,4497.657992576311,-3703.054600311241,11903.441408632498,-3702.7288157449457,1565.6036812650696
2024-11-11,144.11842066195177,3458.842095886842,49.75,2.18,2.9,2.547575376884422,5.8,6.48,6.140000000000001,615.0,705.0,1.995495289114541,0.904188563099703,5.0,6383.315938608041,0.0,726.6366440000002,10.918823529411764,15.415779707856297,73.66539676273193,615.0,705,685,685,730,715,730,740.0,735,735,735,19.28,13.4,10.62,10.43,10.35,9.4,9.45,9.53,9.58,9.53,9.5,14.0625,12.625,12.5625,12.5625,14.375,12.25,14.125,13.6875,19.0,1339.5,509.0,327.5,144.0,131.5,112.0,89.5,91.0,81.5,1719.5,1251.5,562.5,316.0,351.0,259.5,214.5,224.0,203.5,2.843,2.835,1.651,1.064,1.028,0.978,0.325,0.131,0.03,0.0013,0.001,4.4042,3.791,3.076,2.487,1.678,0.631,1.007,0.469,0.257,0.186,804.1027369556426,615.7543481191857,116.37757179452608,99.75220439530808,92.36315221787784,84.97410004044762,75.73778481865983,68.34873264122962,66.50146959687206,64.6542065525145,60.95968046379939,2498.1929099123718,11.945,12.015,12.0,12.005,11.96,11.97,11.98,11.95,11.905,11.915,11.905,2080.21585546717,2074.362275852771,308.0482856950249,198.52415262235405,191.8071700148308,182.4780275043818,60.63942631791829,24.442353377376296,5.59748550626938,0.2425577052716731,0.1865828502089793,513.3146272118356,2149.5259875960637,9819.189375,29.489637622167123,4646.0896453000005,False,True,705.0,0.4975,0.5025,5021493.286256023,2523300.376343651,1778.9267653222742,0.7120854271356784,19.28,14.521111111111113,2.547575376884422,0.7366539676273193,1.8766815092115727,73.28339172917488,5656.67929460804,88.61662729859408,5126.544172913577,-1256.7717656944633,8516.021431721476,-2132.7054931134358,4596.409051219114
2024-11-12,143.44030441365624,3442.5673059277497,50.79166666666666,2.23,2.473,2.3529532403609514,4.79,5.507,5.1485,760.0,735.0,0.0,0.8243525843934393,0.0,6048.5486587366695,0.0,694.0674000000001,9.609169230769233,15.74183846153846,74.6489923076923,760.0,735,710,640,645,605,610,645.0,620,605,570,18.91,16.11,12.01,11.9,11.1,10.61,10.75,10.42,10.22,10.11,10.1,16.0,11.5,12.125,11.125,11.875,10.375,11.125,13.0,16.9375,1334.5,526.5,221.5,112.0,112.0,88.0,91.5,75.0,61.5,0.0,0.0,0.0,0.0,0.0,0.0,0.0,0.0,0.0,3.556,3.619,1.945,1.709,1.809,1.646,0.8,0.251,0.066,0.001,0.001,3.975,3.947,2.746,2.184,2.137,0.686,0.435,0.387,0.191,0.163,701.9130158586112,619.7742586836673,93.30216099099304,81.87740658393265,79.9732808494226,78.06915511491253,70.45265217687229,66.64440070785216,64.74027497334211,59.02789776981192,53.31552056628173,2569.032323427177,10.885,11.16,11.23,11.3,11.36,11.435,11.5,11.625,11.64,11.655,11.725,2572.54740567643,2618.1240329423517,358.8074239399233,315.2708933230483,333.71857578782584,303.64885337023844,147.5814597182204,46.303682986591646,12.175470426753185,0.1844768246477754,0.1844768246477754,-1357.3725491460154,1969.0900242756995,9337.08796875,29.629050338207303,4721.050739166668,True,False,760.0,0.5079166666666667,0.4920833333333333,5057979.964089602,2488947.640662425,1891.600206903443,0.7363084495488106,18.91,14.366,2.3529532403609514,0.7464899230769231,1.7564558834006436,71.85011057692309,5354.48125873667,88.52505883378366,6708.546751820677,659.9980930840075,8014.331626950361,-1965.782968213692,8062.612244904684
2024-11-13,136.76554471239731,3282.373073097536,51.833333333333336,2.56,2.966,2.769040192926045,5.34,6.364,5.852,600.0,540.0,0.0,0.7585484714812134,0.0,6993.542184441801,436.0,736.2181134,12.353682795698925,15.341182795698924,72.30513440860216,600.0,540,530,525,485,400,575,515.0,520,535,530,19.11,12.37,10.34,10.27,10.13,10.56,10.78,10.71,10.68,10.53,10.65,14.5625,12.8125,13.8125,15.4375,12.5,12.25,13.4375,12.0625,17.75,1156.5,611.5,177.0,117.5,106.0,68.5,89.5,78.5,76.0,1803.0,993.5,409.5,279.5,253.0,177.0,330.0,179.0,172.0,2.576,2.705,1.522,0.85,0.609,0.559,0.279,0.129,0.031,0.001,0.001,4.17,4.252,3.44,2.481,1.581,0.063,0.71,1.109,0.463,0.36,561.6979748923302,600.1704389260515,105.95316594886832,92.21849628882984,84.3701136259507,80.44592229451112,72.597539631632,70.63544396591222,66.71125263447266,64.74915696875287,56.900774305873725,2520.110387934111,11.71,11.675,11.635,11.545,11.51,11.445,11.5,11.425,11.4,11.385,11.385,1841.8883899935852,1934.125813250252,277.5059406212774,154.98032163474753,111.03884220654264,101.92235269861634,50.8700114542289,23.52054293044992,5.652223494914322,0.1823297901585265,0.1823297901585265,1741.8056788522763,1856.450279483185,8822.434218750002,31.075078221910907,4593.681115800001,True,False,600.0,0.5183333333333333,0.4816666666666667,4861949.3014806,2341838.913546489,1405.1033481278937,0.5575562700964631,19.11,14.226222222222225,2.769040192926045,0.7230513440860215,2.0021582333233927,75.03034274193547,6257.3240710418,89.47288664336894,4501.86909786493,-2491.6730865768704,8836.343169600392,-1842.8009851585912,2746.41412468806
2024-11-14,138.65156672983176,3327.637601515962,51.91666666666666,2.53,2.546,2.539389245585874,5.21,5.214,5.212,550.0,565.0,1.9481299491510808,0.8478059782570802,5.0,6517.50476576894,396.0,757.1363504999999,14.848940471733435,15.140138524897042,70.01092100336952,550.0,565,505,500,500,510,495,495.0,455,465,455,18.21,16.12,10.82,10.64,10.24,10.81,10.17,10.19,10.01,10.11,9.84,14.375,10.8125,10.9375,13.125,12.375,9.9375,11.4375,12.4375,20.625,980.5,412.0,168.5,149.0,111.0,100.0,78.0,70.5,61.0,0.0,0.0,0.0,0.0,0.0,0.0,0.0,0.0,0.0,2.338,2.563,0.814,0.351,0.087,0.07,0.066,0.012,0.006,0.001,0.001,3.93,4.232,2.979,2.415,1.471,1.079,0.644,0.749,0.413,0.339,516.7623458205328,524.4752166536751,169.14325737081023,139.641526434041,112.10657755972306,86.5384107478564,80.63806456050256,74.73771837314871,68.83737218579486,66.87059012334359,60.97024393598974,2565.1597877414565,11.72,11.705,11.645,11.61,11.58,11.635000000000002,11.62,11.645,11.635000000000002,11.58,11.63,1670.1225182264204,1830.8485946169017,148.2751630060984,63.93683318813334,15.847591132101426,12.750935393644829,12.02231051400798,2.185874638910542,1.092937319455271,0.1821562199092118,0.1821562199092118,1999.769970340777,1900.7213237654184,7074.3375,30.652376314515788,4664.516007925,False,True,565.0,0.5191666666666667,0.4808333333333333,4940917.729197027,2375757.9414555705,1342.3032369223974,0.5232825040128412,18.21,14.114444444444445,2.539389245585874,0.7001092100336952,1.777849798695188,78.02376216772744,5760.36841526894,88.3830334198356,3757.4470704754926,-2760.0576952934475,8415.074715081688,-1897.569949312748,1754.525725682045
2024-11-15,145.22260570859586,3485.3425370063005,50.208333333333336,2.59,2.74,2.66946265560166,5.39,5.24,5.315,455.0,460.0,0.0,0.7887981179907944,0.0,6830.765461083195,302.0,712.12909603,11.486789751318764,17.023884702336098,71.48932554634514,455.0,460,460,520,485,400,395,460.0,435,440,380,16.23,13.01,10.11,10.37,10.41,10.57,10.27,10.74,10.91,10.85,10.81,14.875,13.5,12.5,11.4375,17.3125,15.9375,12.875,15.1875,24.5625,822.5,373.0,197.5,135.0,120.0,112.0,79.5,76.5,54.0,1996.5,737.5,443.5,305.5,274.5,262.0,206.0,170.0,148.0,3.688,3.216,1.603,1.093,0.783,0.539,0.211,0.077,0.017,0.001,0.001,3.302,3.465,2.631,1.892,1.231,1.063,0.619,0.391,0.288,0.28,499.2395351461131,411.1384407085637,91.73526458309829,84.24667155590659,76.75807852871489,73.01378201511905,71.14163375832112,69.26948550152319,61.7808924743315,61.7808924743315,56.164447703937725,2554.576353480777,11.43,11.525,11.55,11.56,11.545,11.55,11.57,11.515,11.49,11.485,11.51,2685.1702583775245,2341.5150626198806,297.614864605664,202.927665011847,145.3727005528602,100.07137368836736,39.17450806724585,14.295910526909624,3.156239986460567,0.1856611756741509,0.1856611756741509,278.7376715381929,1556.2691244499606,7307.606718749999,29.26541621576508,4724.817476729167,False,True,460.0,0.5020833333333333,0.4979166666666667,5087952.903198229,2533376.5497174514,1165.3532128700278,0.4561825726141079,16.23,14.191222222222224,2.66946265560166,0.7148932554634513,1.9083808482011808,74.9984151281085,6118.636365053195,89.57468090381376,5829.669905788108,-1001.0955552950873,8376.805797806262,-1546.0403367230674,5540.703446523021
2024-11-16,136.2134358160857,3269.122459586057,51.708333333333336,2.6,2.67,2.63920265914585,5.14,5.13,5.135,405.0,415.0,0.0,0.7384542101751527,0.0,6614.975269401471,350.0,714.3323932500002,5.868176943699733,14.77188816545385,79.35993489084642,405.0,415,430,440,415,440,475,410.0,425,430,395,19.21,13.11,10.91,10.85,10.63,10.71,10.79,10.51,10.48,10.44,10.39,12.5625,10.9375,12.625,12.5625,13.875,11.9375,11.5,14.0625,21.5625,831.0,417.0,178.5,153.0,98.0,92.0,89.5,69.5,62.5,0.0,0.0,0.0,0.0,0.0,0.0,0.0,0.0,0.0,2.625,2.645,1.52,0.807,0.737,0.322,0.108,0.044,0.013,0.001,0.001,4.679,4.693,3.691,2.162,1.414,1.193,0.89,0.597,0.486,0.457,590.3574125346087,598.0243919181751,107.529385854518,95.7989073976615,87.97858842642383,82.11334919799556,76.24810996956731,72.33795048394848,66.47271125552022,60.607472027091966,56.69731254147312,2502.438218551757,11.385000000000002,11.415,11.395,11.42,11.36,11.39,11.36,11.375,11.395,11.335,11.295000000000002,1879.5992265977163,1893.9199826098893,277.5362515159142,147.34983879825182,134.56856405738736,58.79386380797656,19.719681028762327,8.033944122829096,2.373665309017688,0.1825896391552067,0.1825896391552067,1468.986511336694,1894.165591606984,6372.00375,31.201033690526067,4564.103593889585,False,True,415.0,0.5170833333333333,0.4829166666666666,4839525.96657874,2337087.748026983,969.891415431198,0.3875785656728444,19.21,14.257,2.63920265914585,0.7935993489084642,2.094469511935634,66.56765128303331,5900.642876151471,89.20128399339225,4422.260197126056,-2192.715072275416,8499.744693319735,-1884.769423918264,2943.87751810064
2024-11-17,147.7413048913043,3545.7913173913034,49.833333333333336,2.62,2.46,2.542013377926421,5.38,4.76,5.07,505.0,525.0,1.9418223046952996,0.8125005804749091,5.0,6545.432534634781,342.0,741.5714591999999,9.67181818181818,12.728249158249158,77.59993265993266,505.0,525,490,455,470,475,420,430.0,455,445,405,,0.0,0.0,0.0,0.0,0.0,0.0,0.0,0.0,0.0,0.0,14.0,11.25,13.375,15.1875,13.1875,15.875,16.5,21.6875,25.875,980.0,421.5,254.0,176.0,154.0,87.5,70.0,61.5,61.0,0.0,0.0,0.0,0.0,0.0,0.0,0.0,0.0,0.0,1.519,1.68,0.987,0.841,0.714,0.708,0.219,0.074,0.014,0.001,0.001,2.077,2.557,1.61,1.557,1.027,0.893,0.432,0.258,0.251,0.173,384.87811459926246,384.87811459926246,77.77442655392643,75.92265449311866,72.21911037150312,66.6637941890798,61.10847800665648,62.96025006746426,59.25670594584871,57.40493388504093,49.99784564180985,2572.861473819241,11.115,11.079999999999998,11.045,11.04,11.04,11.09,11.095,11.01,11.12,11.14,11.155,1110.4536295763244,1228.1514797157504,183.9924435549159,156.7757295133579,133.10091661419446,131.9824215165962,40.82507106233696,13.7947728703787,2.60982189439597,0.1864158495997121,0.1864158495997121,2797.205063522607,1353.0644283529732,8164.90078125,28.766498327104895,4770.86221755,False,True,525.0,0.4983333333333333,0.5016666666666667,5162932.723383092,2590071.2495638514,1359.787406021022,0.5285117056856188,19.21,14.338555555555557,2.542013377926421,0.7759993265993266,1.9726006694773823,70.04492845117846,5803.861075434781,88.67039794122059,3002.0591180174506,-3543.373416617331,7893.90006909303,-1348.4675344582483,200.25716060011973
2024-11-18,136.65249796407855,3279.6599511378854,51.875,2.05,2.19,2.124174698795181,5.11,4.63,4.87,375.0,400.0,0.0,0.7662374427247229,0.0,5366.821902280121,354.0,656.9015700000001,10.777274450341167,16.291402577710386,72.93132297194845,375.0,400,405,410,390,405,420,430.0,445,445,415,,0.0,0.0,0.0,0.0,0.0,0.0,0.0,0.0,0.0,0.0,13.25,11.6875,12.625,9.875,12.1875,13.6875,13.5,18.5625,24.0625,734.5,590.0,381.0,211.5,162.5,143.5,131.0,91.5,66.0,1037.0,860.5,693.0,516.0,411.0,355.5,334.0,273.0,193.5,1.943,2.124,0.719,0.321,0.238,0.21,0.109,0.036,0.022,0.001,0.001,4.028,4.232,2.957,1.992,1.792,1.08,0.624,0.553,0.362,0.317,600.8869027157099,500.7390855964248,108.04408731522862,90.36414575455484,90.36414575455484,84.47083190099691,84.47083190099691,82.50639394981094,76.61308009625301,68.75532829150912,49.11094877964937,2521.5790127987343,11.64,11.65,11.605,11.65,11.565,11.575,11.489999999999998,11.44,11.4,11.355,11.275,1388.6204881402543,1517.977311790993,131.03274492952903,58.50001546923342,43.373843245101405,38.27103815744242,19.864491234101067,6.5607493984187,4.0093468545892055,0.1822430388449639,0.1822430388449639,1492.0892813749765,1836.3257820556887,8294.16984375,31.100785300808663,4593.573719062501,False,True,400.0,0.51875,0.4812499999999999,4860875.20539515,2339296.1925964155,935.7184770385662,0.3710843373493975,18.48,14.401,2.124174698795181,0.7293132297194844,1.5491887100667263,73.65371967399545,4709.920332280121,87.75995212882111,3208.5745152973536,-2158.247386982768,7193.891148728019,-1827.069246447898,1707.228698314586
2024-11-19,145.51604957949226,3286.2374530035327,49.21739130434783,2.67,2.626,2.652643109540636,5.35,4.574,4.962,280.0,285.0,0.0,0.7277966778309998,0.0,6216.934931338515,258.0,656.229168,7.795496715927751,13.164486863711,79.04001642036125,280.0,285,280,255,280,265,260,280.0,290,280,285,18.48,13.77,10.11,10.17,9.99,9.37,9.41,9.41,9.41,9.4,9.32,14.5625,11.25,12.5625,13.625,16.1875,17.125,17.3125,13.625,17.875,835.5,288.0,184.0,127.0,90.0,100.5,86.0,85.0,84.0,0.0,0.0,0.0,0.0,0.0,0.0,0.0,0.0,0.0,1.671,1.973,0.57,0.262,0.128,0.066,0.009,0.001,0.001,0.001,0.001,2.962,3.653,2.524,1.539,0.874,0.694,0.321,0.296,0.096,0.076,513.4888930371477,484.9617323128617,92.7489313048348,80.01868583162218,74.56286634310248,69.10704685458279,63.65122736606309,63.65122736606309,60.01401437371664,60.01401437371664,58.1954078775434,2339.5732982243185,11.34,11.37,11.325,11.32,11.375,11.335,11.375,11.37,11.36,11.41,11.375,1229.6214299047974,1451.8510360276275,106.95719619189845,49.162781407504205,24.018458092215795,12.38451745379877,1.688797834608923,0.1876442038454359,0.1876442038454359,0.1876442038454359,0.1876442038454359,2674.537671569356,1620.4140470412544,6827.69671875,29.20640034059141,4366.980935373912,False,True,285.0,0.4921739130434783,0.5078260869565216,4753549.987558244,2413976.689333925,687.9833564601686,0.2940636042402825,18.48,14.57988888888889,2.652643109540636,0.7904001642036125,2.0966495493545,67.97217518472905,5560.705763338515,89.44449032766838,2876.434793727833,-3340.5001376106816,7827.615680338444,-1610.6807489999292,192.16382411715145
2024-11-20,147.95510308641974,3550.9224740740738,49.333333333333336,2.3,2.426,2.364027027027027,5.02,4.774,4.897,295.0,325.0,0.0,0.6902510403750438,0.0,6007.2222227,196.0,693.7195083,5.650932622763609,12.065439665017127,82.28362771221926,295.0,325,320,310,300,280,285,310.0,290,280,270,20.99,16.48,11.3,10.55,10.34,10.07,10.03,10.0,9.94,9.92,9.79,13.725,13.625,13.375,12.625,12.5,13.375,16.25,21.6875,24.0625,1000.0,706.5,248.0,168.0,120.0,100.0,86.5,82.0,84.0,1586.0,1226.5,579.5,360.5,282.0,249.0,205.0,193.0,196.5,1.306,1.508,0.597,0.35,0.215,0.119,0.109,0.065,0.016,0.001,0.001,2.257,2.827,2.353,1.938,1.252,0.751,0.422,0.24,0.135,0.11,457.9942693409743,415.0573065902579,78.4672994269341,72.99283667621778,71.16801575931233,67.51837392550144,65.69355300859598,63.86873209169055,60.219090257879664,56.56944842406877,54.74462750716332,2539.9931467159795,11.07,11.175,11.195,11.19,11.18,11.145,11.145,11.165,11.125,11.14,11.22,959.8538681948424,1108.3151862464183,111.88618194842404,65.5949140401146,40.29401862464183,22.302270773638966,20.428130372492834,12.181912607449856,2.9986246418338105,0.1874140401146131,0.1874140401146131,2966.964382716452,1464.2935530085963,9392.1121875,28.72493013990601,4729.828735466666,False,True,325.0,0.4933333333333333,0.5066666666666666,5148634.756856715,2608641.6101407357,847.808523295739,0.3337837837837837,20.99,14.812777777777775,2.364027027027027,0.8228362771221926,1.945207197935164,64.60456556909021,5313.5027144000005,88.45190867621672,2344.2299355300856,-3662.9922871699146,7469.207379555133,-1461.985156855133,-625.0428433398289
2024-11-21,150.3603992213161,3608.649581311586,49.958333333333336,2.02,2.45,2.2425125104253545,5.35,4.947,5.1485,295.0,340.0,0.0,0.6552627998864287,0.0,5898.116023637615,222.5,639.1233882,10.189204126750184,16.740000000000002,73.07079587324982,295.0,340,330,315,290,300,300,290.0,300,290,285,17.95,9.39,6.36,6.08,5.96,5.85,5.68,5.61,5.55,5.73,6.28,12.3125,8.75,11.4375,11.9375,11.25,14.375,22.8125,15.625,20.8125,862.5,400.5,266.5,201.0,120.5,92.5,87.0,74.0,74.5,0.0,0.0,0.0,0.0,0.0,0.0,0.0,0.0,0.0,1.707,1.706,1.12,0.596,0.373,0.187,0.038,0.004,0.004,0.001,0.001,2.777,2.845,2.327,1.729,1.473,1.051,0.636,0.45,0.256,0.296,444.59396177139394,400.86340815453553,100.36162055069008,94.78597496454064,92.92742643582416,81.77613526352525,78.05903820609228,72.48339261994283,65.0491985050769,57.61500439021097,48.32226174662856,2621.3263300301537,11.565,11.56,11.54,11.505,11.515,11.475,11.425,11.42,11.4,11.435,11.405,1246.2095368890289,1245.4794785780218,208.50465362361265,110.95426210685098,69.43949625143526,34.81283056037103,7.074265033658285,0.7446594772271878,0.7446594772271878,0.1861648693067969,0.1861648693067969,2317.038619066627,1536.837422608461,6871.795781249999,28.265421094981317,4867.617203991667,False,True,340.0,0.4995833333333334,0.5004166666666666,5247025.181044511,2625698.851014357,892.7376093448814,0.3405671392827356,17.95,15.065444444444443,2.2425125104253545,0.7307079587324982,1.6386217389250008,73.19900515843774,5258.992635437616,89.16394005071088,2924.3361717360467,-2973.7798519015687,7417.335601611134,-1519.2195779735184,589.679708034478
2024-11-22,142.90798309437864,3429.7915942650875,51.625,1.53,2.42,1.9759370460048429,5.13,5.0,5.065,355.0,415.0,0.0,0.623728306268591,0.0,5183.545502159079,178.0,695.1838677499999,11.066004423147806,17.582499078510875,74.66929966826392,355.0,415,425,350,345,315,330,320.0,340,345,310,20.64,13.0,10.89,10.65,10.54,9.34,9.3,9.32,9.37,9.31,7.37,13.875,11.375,11.1875,12.1875,16.125,13.5625,13.625,14.625,27.75,604.5,264.0,189.5,126.5,113.0,108.0,62.5,105.0,154.0,1042.5,547.0,423.5,281.5,254.5,240.5,243.0,214.0,146.0,0.795,1.132,1.382,1.139,1.143,0.705,0.443,0.148,0.031,0.001,0.001,0.58,0.632,2.016,1.438,1.285,0.813,0.593,0.513,0.505,0.486,451.27169215995616,504.812401399273,99.4709890939022,87.76851978873724,76.06605048357227,70.21481583098978,72.16522738185061,72.16522738185061,64.3635811784073,60.462758076685645,54.61152342410317,2622.091289156032,11.75,11.77,11.635,11.645,11.57,11.585,11.655,11.645,11.645,11.62,11.6,569.7890801838262,811.3223129158379,252.57782358186432,208.1665275396118,208.897577680225,128.8475872830784,80.9638030729131,27.0488552026888,5.665638589752384,0.1827625351533027,0.1827625351533027,2192.5883935035467,1613.3727861993282,6374.936250000001,29.739416287144955,4780.700758456249,False,True,415.0,0.51625,0.48375,5079111.455992313,2457020.1668362813,1019.6633692370568,0.3888740920096851,20.64,15.359222222222222,1.9759370460048429,0.7227147439968149,1.4280388363572123,74.02448241391761,4488.361634409079,86.58864154929404,2293.644731120104,-2889.9007710389747,6794.789778572979,-1611.2442764139005,98.92782783112932
2024-11-23,143.3574105919503,3440.5778542068074,50.458333333333336,2.4,2.84,2.627854665565648,6.01,5.18,5.595,345.0,310.0,1.9650820637920663,0.6835469233729122,5.0,6686.373851722543,246.0,699.716325,9.0693984962406,17.01917293233083,73.91142857142857,345.0,310,405,380,375,360,410,350.0,370,350,325,21.33,15.82,11.87,11.06,10.94,10.57,10.49,10.46,10.43,10.38,8.11,13.214285714285714,10.714285714285714,10.5,10.071428571428571,13.285714285714286,13.285714285714286,19.142857142857142,14.357142857142858,19.0,715.5,346.5,195.0,170.0,144.0,118.0,115.0,111.0,92.0,0.0,0.0,0.0,0.0,0.0,0.0,0.0,0.0,0.0,1.796,1.671,0.497,0.17,0.016,0.05,0.009,0.001,0.001,0.001,0.001,4.903,4.965,2.153,1.299,0.944,0.867,0.543,0.481,0.33,0.245,525.0688711464953,539.8595435731571,90.51891525117048,84.86148304797233,81.08986157917356,73.54661864157602,69.77499717277725,66.00337570397848,62.23175423517971,60.34594350078032,54.68851129758216,2536.817711935776,11.615,11.565,11.48,11.345,11.385,11.435,11.43,11.39,11.4,11.375,11.385,1304.0731911428763,1213.3108587971865,92.02211351864835,31.476376857485352,2.9624825277633278,9.257757899260396,1.6663964218668714,0.1851551579852079,0.1851551579852079,0.1851551579852079,0.1851551579852079,3313.2535914206333,1707.9898751498429,6617.477678571428,29.646182798998204,4687.357254125,True,False,345.0,0.5045833333333334,0.4954166666666666,5027549.552969332,2490731.841033556,859.3024851565768,0.3387324525185796,21.33,15.628555555555554,2.627854665565648,0.7391142857142857,1.9422849241005071,71.97373120300752,5986.657526722543,89.53518991733105,2655.509797797028,-4030.864053925515,8376.469589367505,-1690.0957376449624,-675.6379311284867
2024-11-24,144.5773439738081,3469.856255371394,50.27777777777778,2.49,2.646,2.575417127071823,5.53,5.234,5.382,340.0,350.0,0.0,0.6542748475665846,0.0,6574.112775248619,292.0,735.1603200000001,9.20469349379466,16.793836028582174,74.00147047762317,340.0,350,345,340,345,335,320,320.0,345,340,335,,0.0,0.0,0.0,0.0,0.0,0.0,0.0,0.0,0.0,0.0,11.8125,10.75,12.375,13.5,16.625,11.375,10.625,16.8125,20.875,749.5,453.5,267.0,144.0,119.0,118.0,150.0,117.0,110.0,0.0,0.0,0.0,0.0,0.0,0.0,0.0,0.0,0.0,1.925,1.895,1.253,0.562,0.325,0.214,0.141,0.062,0.011,0.001,0.001,3.851,3.854,3.685,2.356,2.121,1.254,1.22,1.101,0.898,0.852,426.6837272316725,434.0403432184254,97.54872798434442,88.16904260123438,82.54123137136835,76.91342014150233,75.03748306488033,69.4096718350143,65.65779768177028,61.90592352852627,56.27811229866024,2545.2884703974364,11.485,11.46,11.375,11.365,11.38,11.38,11.33,11.37,11.335,11.37,11.385,1400.50052687039,1378.674544633449,232.4576238145416,104.26271714586782,60.2942759295499,39.701461688995934,26.15843971097395,11.50229263886798,2.040729339153996,0.1855208490139996,0.1855208490139996,2566.1727870557206,1534.1854809573986,7179.373593750001,29.396030409646603,4710.329866666668,False,True,350.0,0.5027777777777778,0.4972222222222222,5062452.206315343,2517163.7359179067,881.0073075712673,0.3461325966850829,21.33,15.738555555555552,2.575417127071823,0.7400147047762317,1.9058465449657056,72.00201438510717,5838.952455248619,88.81734547104423,3255.9636534698184,-3318.1491217788007,8091.482241482938,-1517.369466234319,672.9748516910178
2024-11-25,142.12599750254748,3110.1905786807474,50.41666666666666,2.81,2.97,2.895409090909091,6.2,5.63,5.915,265.0,265.0,0.0,0.629994679089171,0.0,6651.646033506819,156.0,666.2192765000001,10.60920201595968,14.724901301973963,74.66589668206636,265.0,265,305,335,315,305,320,320.0,260,280,285,,0.0,0.0,0.0,0.0,0.0,0.0,0.0,0.0,0.0,0.0,14.0,10.75,12.0625,13.0625,9.4375,12.4375,15.25,20.375,22.125,715.0,360.5,174.0,161.5,125.0,117.5,110.0,99.5,108.5,1259.0,788.5,551.5,336.5,311.5,299.5,261.5,231.0,235.0,2.101,2.121,1.421,1.069,0.762,0.325,0.121,0.063,0.011,0.001,0.001,4.235,4.211,3.685,2.562,2.124,1.685,1.235,0.865,0.562,0.485,620.456703594845,605.6839249378248,137.49763735021477,116.77881528374404,103.5941103323536,90.40940538096312,79.10822970834273,77.22470042957266,69.69058331449241,64.03999547818222,58.38940764187202,2293.0161086202297,11.405,11.385,11.295,11.315,11.31,11.41,11.3,11.475,11.364999999999998,11.395,11.415,1526.2294822518652,1540.7580827492652,263.225551661768,198.02119262943697,141.15261813248924,60.20288831110105,22.41399841736377,11.670098349536511,2.0376362197603437,0.1852396563418493,0.1852396563418493,2208.162986964864,2022.8735134524077,6844.2796875,29.903044303515426,4233.746925229168,False,True,265.0,0.5041666666666667,0.4958333333333333,4548131.124535993,2255115.015915763,597.6054792176773,0.2606198347107438,7.95,15.809,2.895409090909091,0.7466589668206636,2.1618831603413384,72.46456583368334,5985.426757006819,89.98414417808756,3766.08202803527,-2885.5640054715486,8663.337804952542,-2011.6917714457231,1546.7372990637214
2024-11-26,146.1417581479169,3507.4021955500057,50.04166666666666,3.96,3.066,3.513998334721066,5.28,5.554,5.417,235.0,225.0,0.0,0.6049526594722898,0.0,9004.865658406663,180.0,717.5195160000002,13.502042200452149,14.951363978899773,71.54659382064808,235.0,225,210,230,230,205,250,225.0,215,220,210,7.95,7.44,8.24,8.24,8.2,8.08,8.2,8.3,8.19,8.12,8.23,15.0,15.8125,13.8125,19.0,17.25,12.5,11.9375,12.0,18.3125,814.5,428.0,215.0,199.0,187.0,141.0,138.0,126.0,98.5,0.0,0.0,0.0,0.0,0.0,0.0,0.0,0.0,0.0,1.884,2.251,1.059,1.005,0.586,0.501,0.293,0.278,0.059,0.001,0.001,2.802,3.375,2.328,2.225,0.926,0.487,0.116,0.097,0.001,0.001,825.5978640470447,0.0,117.37371403465288,104.3321902530248,95.01681612329044,33.53534686704368,81.97529234166232,80.11221751571546,72.65991821192797,65.20761890814049,59.61839443029988,2561.841668264361,11.525,11.525,11.57,11.56,11.475,11.545,11.455,11.47,11.435,11.325,11.415,1374.191289457675,1641.881418561161,196.9710651600838,186.92721481197756,108.99437599981977,93.18461156298584,54.49718799990988,51.70722956988037,10.973836491449427,0.1859972286686343,0.1859972286686343,4565.2914649137,1535.4293727328024,9100.272656249996,29.081352611745483,4738.938791462501,True,False,235.0,0.5004166666666666,0.4995833333333334,5119417.155565751,2557575.4873013897,601.0302395158266,0.2346086594504579,7.95,15.898888888888887,3.513998334721066,0.7154659382064807,2.514146115407218,76.22215523737752,8287.346142406663,92.0318687338756,3719.70022407228,-5285.165434334383,10537.940577718784,-1533.074919312121,-847.9456942621019
2024-11-27,139.81279092801097,3355.506982272263,49.958333333333336,3.01,2.393,2.709513344453711,6.12,4.807,5.4635,365.0,290.0,0.0,0.5828421079646035,0.0,6626.484190530398,150.0,679.8868914,11.90274325908558,15.513950762016412,72.58330597889801,365.0,290,265,255,230,235,245,215.0,205,195,195,,0.0,0.0,0.0,0.0,0.0,0.0,0.0,0.0,0.0,0.0,14.3125,13.5,10.0,12.3125,12.875,14.0,17.75,18.75,15.4375,937.5,596.5,321.5,252.5,156.0,190.5,109.5,97.0,88.5,1162.5,938.5,601.5,549.5,363.0,440.0,265.5,217.5,190.5,1.55,1.75,1.783,1.131,0.949,0.783,0.252,0.088,0.026,0.001,0.001,3.47,3.95,2.531,1.273,0.882,0.066,0.453,0.176,0.119,0.07,510.1897921966816,517.4782177994913,113.37146025170546,102.22016907940656,89.21032937839118,81.77613526352525,76.2004896773758,68.76629556250987,61.332101447643936,59.47355291892745,52.03935880406153,2438.4033678867418,11.455,11.56,11.52,11.58,11.66,11.55,11.489999999999998,11.545,11.54,11.56,11.445,1131.5903820609226,1277.602044262332,331.931961974019,210.55246718598733,176.6704609721503,145.76709266722202,46.913547065312834,16.38250849899813,4.840286601976721,0.1861648693067969,0.1861648693067969,2586.38724714995,1732.0579023797195,9587.673281249998,30.397791016047364,4526.159480712499,True,False,365.0,0.4995833333333334,0.5004166666666666,4880874.130882552,2442470.7629958102,891.5018284934708,0.3656088407005838,7.95,15.987111111111112,2.709513344453711,0.7258330597889802,1.96665436134391,74.57464830011722,5946.597299130399,89.73985492379813,3342.6230810275347,-3283.861109502864,8340.955121957204,-1714.4709314268057,738.648862924671
2024-11-28,130.2434557401255,3125.8429377630123,50.16666666666666,2.35,2.42,2.392450166112957,5.71,5.2,5.455,370.0,395.0,2.1813729596309885,0.6357864682911545,5.0,5483.817326033222,0.0,602.8313472,11.605284653465349,15.687446369636962,72.7072689768977,370.0,395,390,390,380,360,335,330.0,335,320,285,,0.0,0.0,0.0,0.0,0.0,0.0,0.0,0.0,0.0,0.0,12.6875,11.25,16.875,15.625,11.9375,12.5625,16.0,14.9375,19.6875,991.0,487.0,351.0,246.5,171.5,125.5,101.0,102.0,99.5,0.0,0.0,0.0,0.0,0.0,0.0,0.0,0.0,0.0,1.619,1.507,0.747,0.458,0.128,0.071,0.038,0.014,0.008,0.001,0.001,2.653,2.611,1.981,1.993,1.539,1.142,0.761,0.511,0.383,0.3,447.3039790670396,476.635387530452,134.63116484706305,130.89141026797796,129.0215329784354,93.49386447712712,89.75410989804203,84.14447802941442,63.57582784444645,54.226441396733726,52.35656410719119,2284.996620381807,11.765,11.59,11.515,11.51,11.43,11.48,11.425,11.43,11.44,11.43,11.475,1179.3004601642156,1097.7182170892358,138.75172832265633,85.07134079220428,23.7753965532798,13.187915275647388,7.0583208517549405,2.600433998014978,1.4859622845799876,0.1857452855724984,0.1857452855724984,2316.465166936849,1756.034760443923,9320.034843750002,32.63119805788949,4233.9542592,False,True,395.0,0.5016666666666666,0.4983333333333334,4554810.538967058,2269813.918585251,896.5764978411742,0.3923754152823921,7.79,16.157045454545457,2.392450166112957,0.727072689768977,1.7394851774139837,74.31125979785479,4880.985978833222,89.0070855508226,2549.3212659027345,-2934.496060130488,7224.652540483507,-1740.835214450285,217.65655297224657
2024-11-29,140.18451662684188,3364.428399044205,50.375,2.44,2.38,2.4183734491315136,5.29,4.9,5.095000000000001,500.0,440.0,0.0,0.6137732233191421,0.0,6002.620554354839,0.0,657.75385,9.37966153846154,16.198276923076925,74.42206153846153,500.0,440,430,450,415,405,420,390.0,380,380,355,7.79,8.13,8.05,8.05,8.0,8.15,8.08,8.02,7.93,7.23,7.82,10.125,9.0,10.125,11.8125,11.25,11.4375,13.6875,18.5625,31.75,751.5,315.0,276.5,167.0,130.5,107.0,100.5,77.0,67.0,1568.0,613.0,585.5,412.5,332.0,249.0,232.0,189.0,162.0,0.849,0.916,0.699,0.3,0.188,0.054,0.024,0.005,0.001,0.001,0.001,1.729,1.914,2.17,1.607,1.42,1.189,0.938,0.751,0.666,0.418,398.3822632042852,398.3822632042852,103.46872669333516,88.41873008339549,82.77498135466811,82.77498135466811,80.89373177842566,80.89373177842566,79.01248220218321,62.08123601600109,54.55623771103126,2473.495936762041,11.575,11.465,11.39,11.555,11.57,11.555,11.615,11.63,11.595,11.57,11.53,617.0202047596449,665.7132008949761,129.54153874838974,55.59722693063937,34.84092887653401,10.007500847515086,4.44777815445115,0.9266204488439896,0.1853240897687979,0.1853240897687979,0.1853240897687979,3807.70950482776,1511.6393653807045,5824.27171875,30.317185537066862,4576.04317625,True,False,500.0,0.50375,0.4962499999999999,4910165.631289411,2436669.6945273704,1218.334847263685,0.4925558312655088,7.79,16.09860465116279,2.4183734491315136,0.7442206153846154,1.79980337654247,71.8485,5344.866704354839,89.04222174225545,1518.6509719303006,-4483.969582424539,7495.753692138765,-1493.1331377839251,-2307.5647604942387
2024-11-30,170.24531887841795,3345.320515960913,51.16666666666666,3.25,2.426,2.838954397394137,5.53,4.894,5.212,375.0,440.0,0.0,0.5928886140922028,0.0,7168.963982915961,310.0,643.9292640000001,8.56330071509221,13.5623296951449,77.87436958976288,375.0,440,405,420,400,405,405,395.0,385,390,385,,0.0,0.0,0.0,0.0,0.0,0.0,0.0,0.0,0.0,0.0,11.375,10.6875,9.25,12.5,10.9375,12.75,16.25,21.375,21.3125,683.0,429.0,280.0,182.0,118.0,88.0,79.5,65.0,64.5,0.0,0.0,0.0,0.0,0.0,0.0,0.0,0.0,0.0,1.684,1.57,0.605,0.425,0.147,0.015,0.001,0.001,0.001,0.001,0.001,3.341,3.399,2.225,2.499,1.664,1.141,0.953,0.692,0.543,0.37,437.81258537473815,460.4580639286039,86.61895546853657,80.84435843730078,78.9194927602222,71.22003005190784,67.37029869775066,63.52056734359349,57.745970312357706,55.82110463527911,51.97137328112194,2524.363876002428,11.6,11.585,11.565,11.57,11.54,11.66,11.535,11.625,11.565,11.525,11.59,1213.1977051270378,1131.069119388034,111.14375056916492,78.07618841635552,27.00517575812768,2.755630179400783,0.1837086786267188,0.1837086786267188,0.1837086786267188,0.1837086786267188,0.1837086786267188,3958.675025188129,1512.3028002914125,6040.33640625,24.96397567932644,4621.560292800001,False,True,440.0,0.5116666666666666,0.4883333333333334,4933610.181112238,2409246.30510981,1060.0683742483163,0.4199348534201955,7.79,16.163023255813954,2.838954397394137,0.7787436958976289,2.2108178399115364,69.18058195333083,6525.034718915961,91.01781979189016,2564.166112831254,-4604.797870084707,8679.073202310796,-1510.1092193948343,-1396.702493253453
2024-12-01,132.26658458852236,2869.0826640326973,50.04545454545455,2.98,2.626,2.803998183469573,6.34,5.134,5.737,455.0,455.0,0.0,0.0,0.0,5878.3968473640325,134.0,582.8086242,5.697199265381084,13.519274563820018,80.7835261707989,455.0,455,455,420,420,435,375,380.0,375,380,380,,0.0,0.0,0.0,0.0,0.0,0.0,0.0,0.0,0.0,0.0,13.125,12.8125,12.9375,12.1875,13.25,14.4375,12.5625,16.6875,19.125,611.0,311.0,246.5,141.0,99.0,92.0,91.5,83.0,77.5,0.0,0.0,0.0,0.0,0.0,0.0,0.0,0.0,0.0,2.752,2.598,0.839,0.835,0.534,0.328,0.17,0.048,0.008,0.001,0.001,3.672,3.256,1.633,1.63,1.434,0.952,0.548,0.402,0.296,0.225,548.0237445616106,467.6469286925744,83.8476329179264,80.12107145490745,76.3945099918885,72.66794852886956,70.80466779736008,68.9413870658506,65.21482560283165,65.21482560283165,55.89842194528427,2095.6875993510307,11.25,11.525,11.48,11.54,11.525,11.61,11.555,11.61,11.510000000000002,11.595,11.6,2007.2289654155295,1894.9058329031784,156.0452765282796,155.30131811813283,99.31844775459037,61.00458963203304,31.618232431236635,8.927500921760933,1.4879168202934887,0.1859896025366861,0.1859896025366861,877.493009350304,1654.7759641619357,6009.919687500001,32.13207639118853,3876.78274335,False,True,455.0,0.5004545454545455,0.4995454545454545,4187568.3184125954,2091880.719061565,951.805727173012,0.4541734786557674,8.34,16.191627906976745,2.803998183469573,0.8078352617079889,2.265168606371868,65.57104568411387,5295.588223164033,90.08558558850378,4416.21005973011,-1462.186787633923,7531.287657442348,-1652.8908100783156,3536.831896296186
2024-12-02,141.07252109053496,3385.740506172839,50.625,2.43,2.63,2.5348765432098768,6.73,7.11,6.92,490.0,525.0,1.9872742903542877,1.0840242596824343,5.0,6377.772196604939,163.0,704.48252,7.251772588055131,16.64796324655436,76.10026416539051,490.0,525,535,560,540,500,480,460.0,490,460,470,8.34,8.59,8.61,8.58,8.57,8.49,8.46,8.5,8.51,8.52,8.5,13.375,14.625,12.75,12.625,15.375,21.375,17.875,16.5,23.375,753.5,503.5,312.5,233.0,156.5,126.0,105.5,85.5,75.5,1582.0,984.5,784.0,539.0,254.5,355.0,288.5,270.5,220.0,1.95,1.779,1.004,0.699,0.623,0.622,0.253,0.132,0.007,0.004,0.003,2.754,2.66,2.27,1.844,1.467,1.523,1.063,0.726,0.51,0.407,483.0275229357798,431.0091743119266,117.48715596330275,90.95779816513762,81.48302752293579,77.69311926605505,73.90321100917431,68.21834862385322,66.32339449541284,62.53348623853211,51.16376146788991,2511.168753780592,12.1,12.2,12.11,12.105,11.985,11.96,11.93,11.93,11.91,11.875,11.77,1413.302752293578,1289.3669724770643,185.55577981651376,129.18674311926603,115.1406880733945,114.95587155963302,46.75857798165138,24.39577981651376,1.293715596330275,0.7392660550458716,0.5544495412844037,2341.1249226111595,1603.7999999999995,8804.7834375,30.126348966802063,4627.884054375,False,True,525.0,0.50625,0.49375,4960333.340801169,2449164.5870205774,1285.8114081858032,0.5120370370370371,8.34,16.273720930232557,2.5348765432098768,0.7610026416539051,1.9290477456492356,69.46969276416539,5673.28967660494,88.95409716303422,3321.250596330276,-3056.521600274664,7970.658038941434,-1592.8858423364943,969.2115160556118
2024-12-03,127.30890251572328,3055.413660377359,55.208333333333336,2.99,2.626,2.808811320754717,7.03,5.134,6.082000000000001,720.0,745.0,1.933766187556756,1.3892611143910794,5.0,7262.541197660377,216.0,692.9483040000001,9.01,15.31,75.68,720.0,745,745,755,680,670,675,610.0,605,620,530,,0.0,0.0,0.0,0.0,0.0,0.0,0.0,0.0,0.0,0.0,10.5,10.6875,11.5,12.875,14.0625,15.0,19.625,19.375,30.75,766.5,501.0,261.0,161.0,115.5,89.5,91.0,78.0,79.0,0.0,0.0,0.0,0.0,0.0,0.0,0.0,0.0,0.0,1.598,1.437,0.877,0.87,0.581,0.381,0.093,0.001,0.001,0.001,0.001,3.054,2.754,2.424,2.132,1.382,1.069,0.919,0.522,0.29,0.148,575.4464813719693,541.5966883500887,99.2645180366647,92.79074512123005,88.47489651094027,84.1590479006505,79.84319929036073,77.68527498521584,73.36942637492609,71.2115020697812,64.73772915434654,2584.8811453982416,12.025,12.18,12.31,12.86,12.33,12.455,12.44,12.295,12.329999999999998,12.44,12.46,1097.1484328799525,986.6096984033114,153.5424216439976,152.316883500887,101.71966587817856,66.70429036073328,16.28214961561206,0.1750768775872264,0.1750768775872264,0.1750768775872264,0.1750768775872264,3992.67142724025,1848.5795091661732,6928.389843749999,33.38336845276868,4554.475987500002,False,True,745.0,0.5520833333333334,0.4479166666666666,4682048.867136437,2097167.721738196,1562.389952694956,0.6044339622641509,10.705,16.290232558139536,2.808811320754717,0.7567999999999999,2.1257084075471697,70.83124999999998,6569.592893660377,90.45859727138988,2575.023849793022,-4687.517347867355,9109.223090199446,-1846.681892539069,-1419.5451940743333
2024-12-04,148.61910379443512,3566.858491066443,49.75,2.51,2.566,2.539010050251256,5.36,5.134,5.247,775.0,775.0,0.0,1.022289656082745,0.0,6560.529026268843,291.0,749.328825,6.886853932584271,15.65398876404494,77.45915730337079,775.0,775,820,770,775,815,770,655.0,695,680,640,13.07,10.35,10.01,9.81,9.75,9.48,9.49,9.48,9.48,9.46,9.23,11.0625,7.125,8.875,11.5,13.0625,13.125,19.8125,22.375,34.5,797.0,569.5,277.5,206.5,165.0,147.0,86.5,91.5,83.5,1669.0,1221.0,445.5,475.0,362.0,351.0,199.0,205.0,184.5,1.754,1.451,0.807,0.659,0.335,0.214,0.0058,0.039,0.014,0.001,0.001,3.199,2.836,2.561,2.248,1.547,1.438,1.054,1.073,0.706,0.516,507.0918160981529,507.0918160981529,103.4467304840232,86.82136308480517,75.73778481865983,70.19599568558716,68.34873264122962,64.6542065525145,60.95968046379939,53.57062828636915,53.57062828636915,2582.864594943624,11.135,11.335,11.805,12.025,12.04,12.125,12.14,12.24,12.24,12.255,12.295,1283.3973304570582,1061.6930025616828,150.57236011864634,122.9580982877174,62.50525482000808,39.92872994472158,1.0821805312120802,7.276731158150195,2.6121599029257108,0.1865828502089793,0.1865828502089793,3076.489418983808,1651.489382499663,7251.841406250001,28.596592843666016,4791.182668125,False,True,775.0,0.4975,0.5025,5191687.628027384,2608823.03308376,2021.837850639914,0.7827889447236179,13.07,16.320697674418604,2.539010050251256,0.7745915730337078,1.9666957887725136,68.39231039325843,5811.200201268843,88.57822559736216,2732.399013482541,-3828.1300127863024,8209.706639966013,-1649.1776136971694,-346.4021743037615
2024-12-05,164.3531617383558,947.7698993578516,47.583333333333336,2.48,2.29,2.3866523642732047,5.61,5.44,5.525,500.0,520.0,0.0,0.9591542070776716,0.0,1536.7387268490368,239.0,180.28886400000005,5.25,13.65,81.1,500.0,520,490,440,520,490,500,480.0,480,520,550,13.41,10.4,9.14,8.58,8.21,7.99,8.5,8.66,8.79,8.2,7.55,11.6,7.8,8.3,13.8,11.0,11.6,13.6,19.8,33.0,748.5,458.5,337.5,219.0,171.5,126.5,107.5,90.0,78.0,0.0,0.0,0.0,0.0,0.0,0.0,0.0,0.0,0.0,1.049,1.157,0.523,0.403,0.17,0.079,0.063,0.036,0.004,0.001,0.001,1.9,2.21,1.762,1.59,1.062,0.557,0.511,0.433,0.235,0.089,441.5921209183449,414.4172211695236,79.69039351341823,74.49319393645617,69.29599435949412,60.63399506455735,55.43679548759529,50.23959591063323,48.50719605164589,46.77479619265853,45.04239633367118,643.443012894612,11.93,11.7,11.68,11.82,11.6,11.51,11.36,11.55,11.35,11.48,11.77,785.0512052174679,865.8763054686467,99.80777310183755,76.90732803067026,32.44229718415371,15.076126338518486,12.022733662362842,6.870133521350195,0.7633481690389107,0.1908370422597276,0.1908370422597276,-539.6881803890573,1386.123698937998,6949.83375,25.858948833402085,1217.6473782,False,True,520.0,0.4758333333333333,0.5241666666666667,1352244.510461531,708801.4975669193,368.5767787347981,0.5728196147110333,13.41,16.359767441860466,2.3866523642732047,0.8109999999999999,1.935575067425569,65.09374999999999,1356.449862849037,88.26808611964452,1895.198924778566,358.4601979295292,2921.923307327507,-1385.18458047847,2433.9479867080954
2024-12-06,128.15419157320028,2528.9093803778187,52.095238095238095,2.49,2.52,2.5059195612431444,5.48,4.88,5.18,625.0,655.0,2.550371364675153,1.211010409764748,5.0,4912.852292713712,154.0,548.9396640000001,8.593769455252916,13.818827821011674,77.58740272373541,625.0,655,630,580,610,625,605,645.0,640,585,530,13.16,10.69,10.24,10.06,10.0,9.22,9.27,9.25,9.28,9.24,9.16,9.9375,8.875,10.625,14.875,7.625,5.25,6.9375,11.1875,22.75,714.5,408.5,231.5,171.0,138.0,108.5,90.0,80.5,73.5,1366.0,831.5,492.0,371.5,291.0,252.0,208.0,204.0,176.5,2.154,1.72,1.293,1.064,0.857,0.715,0.377,0.24,0.089,0.001,0.001,3.499,2.58,2.258,1.939,1.467,1.045,0.612,0.452,0.24,0.215,534.9120781061363,581.4261718544959,96.865600230959,85.0045063251273,79.07395937221145,77.09711038790616,69.189714450685,63.25916749776915,59.30546952915857,53.37492257624272,49.42122460763215,1959.7793839654264,11.98,12.16,12.07,12.185,12.105,12.0,12.01,12.015,11.989999999999998,11.995,11.91,1535.534827568107,1226.1466589680333,235.04589864049132,193.4175066925621,155.78834890556928,129.97511023043413,68.53233084877435,43.62800902839746,16.178720014697394,0.1817833709516561,0.1817833709516561,757.7002888507116,1748.9299249383237,5239.755937500001,33.16317591978602,3557.091679885715,False,True,655.0,0.520952380952381,0.479047619047619,3761916.5505734873,1802137.1666080607,1180.3998441282802,0.6023126142595979,13.16,16.367906976744187,2.5059195612431444,0.7758740272373542,1.9442779019145824,69.37897920719846,4363.912628713712,88.82645698886293,3604.61097763897,-1308.241315074742,6660.180855428006,-1747.328562714294,2845.309326564228
2024-12-07,133.2834707840819,3198.803298817966,52.875,2.45,2.43,2.4408912529550832,7.8,6.34,7.07,505.0,670.0,0.0,1.0052394958973228,0.0,6188.797269743263,245.0,676.9694754,11.283438675696011,12.167088036117384,76.5494732881866,505.0,670,635,610,615,630,600,640.0,635,635,640,,0.0,0.0,0.0,0.0,0.0,0.0,0.0,0.0,0.0,0.0,11.5,8.875,7.9375,11.8125,10.0,14.9375,14.375,14.25,25.75,723.5,464.0,328.5,205.5,143.5,135.0,125.0,109.5,91.5,0.0,0.0,0.0,0.0,0.0,0.0,0.0,0.0,0.0,1.796,1.829,0.748,0.415,0.408,0.245,0.057,0.038,0.002,0.002,0.001,3.034,3.095,2.14,1.517,1.077,0.865,0.543,0.505,0.33,0.31,562.7670206121174,538.9881324172394,105.10268582136167,92.9754528419738,70.74219237976266,74.78460337289197,66.69978138663338,48.50893191755154,48.50893191755154,46.487726420986895,46.487726420986895,2534.540414494182,11.695,11.755,11.76,11.755,11.715,11.755,11.735,11.765,11.815,11.915,11.855,1268.7545284197377,1292.066833229232,134.74512179887572,74.75832292317303,73.49733916302311,44.134431605246725,10.268010618363524,6.84534041224235,0.3602810743285447,0.3602810743285447,0.1801405371642723,2603.8446064743384,1702.0531855090571,6792.721875,31.886924725159385,4566.691559475,False,True,670.0,0.52875,0.4712499999999999,4793457.04868876,2258916.634194578,1513.4741449103672,0.5971394799054371,12.375,16.39697674418605,2.4408912529550832,0.7654947328818661,1.868489397674535,71.70872836719337,5511.827794343263,89.06137257541668,2905.970630855716,-3282.826638887548,7888.837898239111,-1700.040628495848,300.1134673681679
2024-12-08,137.81291000810373,3307.509840194489,51.41666666666666,2.63,2.79,2.7115590761750403,5.94,6.38,6.16,585.0,584.0,1.988300996003595,1.1470174077670396,5.0,6818.78418213632,199.0,741.839391,10.85023185100722,14.719190421892815,74.43057772709996,585.0,584,565,535,545,525,535,515.0,520,535,500,11.59,10.13,9.54,9.4,9.64,9.59,9.61,9.62,9.65,9.62,9.54,12.1875,10.25,10.3125,9.8125,9.5625,10.625,11.625,13.9375,23.0,751.0,454.5,279.5,190.5,155.5,133.0,111.5,94.5,76.5,0.0,0.0,0.0,0.0,0.0,0.0,0.0,0.0,0.0,2.079,2.0,1.009,0.724,0.584,0.551,0.138,0.059,0.013,0.008,0.002,3.447,3.341,2.515,1.675,1.188,0.913,0.538,0.362,0.283,0.265,593.0363744238055,532.2121308931587,100.8161836520469,91.12231983935008,75.61213773903518,67.85704668887772,62.04072840125964,58.1631828761809,58.1631828761809,56.22441011364153,56.22441011364153,2513.2639070556897,11.825,12.055,12.015,12.135000000000002,12.03,12.01,12.075,12.005,11.985,12.105,12.0,1493.5666560175257,1436.8125599014193,184.8423437999178,132.63216740450002,106.98506321025968,100.93967436447448,25.280716991465475,10.808422481858424,2.3815168180366024,1.4655488110994477,0.3663872027748619,2577.369648415238,1751.4721076171786,6588.164062499999,30.83891051825326,4591.65053565,True,False,585.0,0.5141666666666667,0.4858333333333333,4888033.530740402,2374769.623684712,1389.2402298555564,0.5527633711507294,11.59,16.400952380952383,2.7115590761750403,0.7443057772709996,2.018229085808697,72.76228382744205,6076.94479113632,89.12065008680797,3496.081057003332,-3322.703125132988,8566.76220403575,-1747.9780218994292,915.2173228703437
2024-12-09,141.54941105285744,3397.1858652685787,50.333333333333336,2.95,2.8,2.8769735099337748,6.47,7.0,6.734999999999999,645.0,620.0,0.0,1.0030216579106468,0.0,7201.7030957860925,173.0,775.9987890000001,9.839544419134397,13.747137433561123,76.41331814730448,645.0,620,600,615,590,580,540,540.0,585,555,540,12.11,8.87,8.29,8.22,8.21,8.12,8.24,8.25,8.12,8.03,7.84,12.875,14.0625,13.0625,13.0,12.9375,13.375,8.8125,7.1875,14.6875,667.5,300.5,247.5,181.0,144.0,122.0,109.0,101.0,89.0,1436.5,735.0,604.5,442.5,405.0,630.0,325.0,278.5,243.5,2.041,2.18,1.001,0.746,0.581,0.388,0.096,0.101,0.044,0.01,0.004,3.898,3.9696,2.851,1.734,0.158,0.965,0.653,0.431,0.343,0.321,567.3757455268391,523.1646484727996,116.49624073739383,103.34343936381713,90.1906379902404,78.91680824146034,63.88503524308695,58.24812036869693,54.49017711910357,48.85326224471355,50.73223386951023,2501.5047714727352,11.715,11.95,11.92,12.13,12.015,11.98,11.995,12.065,12.05,12.2,12.17,1483.994758720405,1585.0605458160132,185.5938667992048,138.3147099222845,107.72231429604192,71.9384818362552,17.799212000722935,18.726254292427257,8.157972166998011,1.8540845834086392,0.7416338333634557,2801.392649076327,1755.6963491776617,6348.033749999999,30.02485116955353,4616.7755909,True,False,645.0,0.5033333333333334,0.4966666666666666,4969877.029416029,2468372.257943294,1592.1001063734243,0.6364569536423837,12.11,16.332439024390244,2.8769735099337748,0.7641331814730448,2.198390921159368,70.8913914198937,6425.704306786092,89.22478782200758,3619.9038342671247,-3581.799261518968,8952.991621521114,-1751.2885257350215,814.103361748157
2024-12-10,143.32231405509555,3439.735537322294,50.04166666666666,2.53,2.353,2.4424983347210656,6.71,5.883,6.2965,570.0,665.0,0.0,0.8907543204429388,0.0,6138.31889306047,254.0,674.273114375,7.672322580645162,16.682903225806452,75.64477419354839,570.0,665,670,615,645,620,615,610.0,600,575,565,11.25,8.36,8.11,8.14,8.17,8.05,8.14,8.15,8.04,7.94,7.78,10.5625,11.0625,11.0,13.125,11.0,9.375,9.4375,12.75,20.0625,715.5,501.0,292.0,214.5,176.5,143.5,121.0,96.0,80.0,0.0,0.0,0.0,0.0,0.0,0.0,0.0,0.0,0.0,2.243,2.377,0.846,0.503,0.306,0.21,0.122,0.028,0.001,0.001,0.001,2.88,3.014,1.954,1.602,0.984,0.629,0.382,0.203,0.169,0.087,562.5755356780749,533.350832525967,89.42759164544981,80.11221751571546,78.24914268976859,67.07069373408736,57.755319604353005,52.1660951265124,50.30302030056553,48.43994547461865,46.57687064867178,2512.1040451295585,10.95,10.77,10.855,10.905,10.915,10.94,10.94,10.97,11.005,10.995,10.985,1636.046211387243,1733.7859315503683,157.3536554536647,93.5566060203231,56.915151972602125,39.05941802041322,22.6916618975734,5.207922402721763,0.1859972286686343,0.1859972286686343,0.1859972286686343,1716.6378811758227,1666.0272649437843,6728.135156249999,29.653442508374702,4647.5126778645845,False,True,665.0,0.5004166666666666,0.4995833333333334,5020024.736312191,2507920.6911826325,1667.7672596364505,0.6638925895087429,11.25,16.2605,2.4424983347210656,0.7564477419354838,1.8476223499809297,70.0172177419355,5464.04577868547,89.01534563254309,3745.174550390916,-2393.1443426695546,7802.112810885523,-1663.7939178250526,2026.303322096361
2024-12-11,141.1340015686987,3387.2160376487686,50.958333333333336,2.29,2.23,2.261443581357318,5.6,5.44,5.52,715.0,710.0,1.1804011853116545,0.9202065329946784,3.0,5747.478762723139,177.0,635.3771999999999,7.550503216042376,17.793594400302688,74.65590238365493,715.0,710,665,625,620,605,655,585.0,575,545,530,16.79,9.03,8.68,8.66,8.6,8.52,8.61,8.58,8.52,8.46,8.32,12.1875,13.875,9.8125,9.8125,9.25,13.0625,13.5,14.0625,17.625,776.0,444.0,296.5,225.5,141.0,126.5,106.5,93.5,76.5,1683.0,1028.0,685.5,556.0,417.0,348.0,294.5,258.0,229.5,1.721,1.88,0.815,0.446,0.308,0.154,0.101,0.046,0.008,0.002,0.002,2.989,3.007,2.049,1.214,0.823,0.576,0.081,0.07,0.012,0.01,435.18780249494415,345.14894680633506,103.319586902679,86.0996557522325,80.35967870208366,65.05307323502011,59.31309618487128,55.48644481810538,49.74646776795655,47.83314208457361,47.83314208457361,2539.886440391568,11.045,10.855,10.58,10.91,10.775,10.765,10.765,10.685,10.61,10.705,10.66,1242.738053579949,1357.5523188438726,150.0709099275148,82.12469426708172,56.71391442659455,28.356957213297274,18.5977446658638,8.470259946829056,1.4730886864050534,0.3682721716012633,0.3682721716012633,2162.003792001495,1375.381036833375,7088.410312500001,30.11322539403278,4660.3858658,True,False,715.0,0.5095833333333334,0.4904166666666666,4984241.5837610485,2444355.1433694805,1747.7139275091786,0.6881071136549466,16.79,16.308,2.261443581357318,0.7465590238365495,1.68830111255955,70.55912552024215,5112.101562723139,88.94511443659584,2946.8344859006115,-2800.6442768225274,7119.596514735482,-1372.1177520123429,781.567409078084
2024-12-12,137.84339012159748,3308.24136291834,51.875,2.33,2.126,2.22939156626506,5.41,5.314,5.362,680.0,650.0,1.961890127325492,1.0165940221588414,5.0,5681.744189477709,257.0,640.96351905,9.217411852963242,17.82801950487622,72.95456864216054,680.0,650,560,560,550,570,580,550.0,560,595,590,19.22,9.89,8.3,8.25,8.26,8.21,8.27,8.27,7.17,8.12,7.75,14.625,11.3125,10.9375,10.75,12.3125,12.25,14.25,15.4375,21.8125,883.5,315.0,333.0,228.5,207.0,162.5,147.0,117.5,79.5,0.0,0.0,0.0,0.0,0.0,0.0,0.0,0.0,0.0,1.71,1.886,0.921,0.654,0.559,0.103,0.068,0.037,0.011,0.008,0.003,2.44,2.756,2.275,1.738,1.209,0.912,0.678,0.42,0.285,0.204,570.0721897559298,523.8501203162599,123.7595909247164,104.11521141285668,86.43526985218288,78.577518047439,66.79089034032314,64.82645238913717,56.96870058439327,53.039824682021326,45.18207287727742,2546.971909969493,11.005,11.1,11.065,11.095,10.91,10.995,10.975,10.965,10.945,10.965,11.035,1222.1003781368163,1347.883808869027,167.84583877621176,119.1869474046064,101.87385871433484,18.77103300103128,12.392526641457549,6.7429924372636645,2.0046734272946027,1.4579443107597112,0.5467291165348918,2036.827529407333,1773.6178411825372,8355.13875,30.83209137740225,4633.6055589375,True,False,680.0,0.51875,0.4812499999999999,4909825.368615889,2362853.458646396,1606.7403518795495,0.6308433734939757,19.22,16.3555,2.22939156626506,0.7295456864216053,1.626443000513381,72.66427700675169,5040.780670427709,88.71889515481828,3000.8067308353384,-2680.937458642371,7452.215620475208,-1770.4714309974988,960.8327912429672
2024-12-13,141.83838476608489,2858.04345303661,49.57142857142857,2.17,2.11,2.1415259365994235,5.53,4.31,4.92,515.0,545.0,0.0,0.945864040830532,0.0,4410.711446568444,139.0,494.30676,12.50244486156734,16.49576724542468,75.00178789300797,515.0,545,510,520,490,475,460,470.0,465,480,480,21.83,9.46,8.43,8.39,8.33,8.27,8.4,8.39,8.29,8.2,7.99,14.9375,13.75,13.5,10.875,13.375,12.375,11.1875,12.125,22.1875,790.0,341.5,292.5,195.0,176.5,156.0,134.5,113.5,85.5,1607.5,872.5,704.5,551.5,448.5,394.5,369.5,317.0,259.5,1.868,1.666,0.7,0.368,0.23,0.075,0.049,0.026,0.01,0.001,0.001,2.905,2.717,2.144,1.62,1.137,0.945,0.943,0.654,0.508,0.437,511.65218060149215,468.41396815629565,97.39407353280517,86.36832935928005,80.8554572725175,75.34258518575494,62.47921698330898,56.96634489654642,49.61584878086301,45.940600723021305,42.265352665179606,2058.14393123759,11.055,10.93,11.02,10.59,11.025,10.935,10.94,10.915,10.94,11.02,11.035,1369.42604415045,1221.340358433967,130.85789554649642,68.79386508730097,42.99616567956311,14.020488808553187,9.16005268825475,4.860436120298439,1.869398507807092,0.1869398507807091,0.1869398507807091,1049.9154817787255,1577.2939581570647,8066.86125,29.96368019143025,3825.287015928572,False,True,545.0,0.4957142857142857,0.5042857142857142,4151875.365608971,2093731.4343713808,1141.0836317324026,0.5544236311239192,21.83,16.34025,2.1415259365994235,0.721171037432769,1.5444064813865883,74.94029865898999,3916.404686568444,88.79303790356603,2863.698584724252,-1547.012861844191,5985.214784660043,-1574.5033380915993,1810.9924828800608
2024-12-14,143.98921505245372,3455.7411612588894,50.125,2.31,2.4,2.3554975062344137,4.97,5.6,5.285,395.0,475.0,0.0,0.8713639127585721,0.0,5961.69034343248,161.0,658.051849,10.45778710415872,16.43671880961465,73.10549408622663,395.0,475,440,490,465,450,450,420.0,425,460,415,,0.0,0.0,0.0,0.0,0.0,0.0,0.0,0.0,0.0,0.0,13.625,9.9375,12.125,12.0,12.8125,11.375,13.5625,18.125,20.625,908.0,607.5,352.5,247.0,145.0,132.0,116.5,105.5,93.0,0.0,0.0,0.0,0.0,0.0,0.0,0.0,0.0,0.0,2.201,2.175,1.287,0.821,0.669,0.557,0.152,0.097,0.039,0.013,0.003,2.852,2.927,2.29,1.665,1.315,0.921,0.813,0.466,0.278,0.137,556.6204424000541,446.76114455793817,98.98322735574648,76.57193059595481,67.23389027937496,59.763458026111074,57.895849962795104,54.16063383616316,56.028241899479134,50.42541770953122,48.55780964621525,2530.434082385664,10.635,10.85,10.91,10.885,10.91,10.905,10.92,10.95,10.905,11.015,11.04,1603.962186295069,1585.014881959007,239.16234898193872,152.56588074139214,124.31982243117096,103.50693736048166,28.2460583102212,18.025445105864847,7.2473439085435984,2.415781302847866,0.5574879929648922,1437.4941349402256,1573.0020462693635,8776.14375,29.516099511006924,4676.91369411875,False,True,475.0,0.50125,0.49875,5048247.545906562,2517813.463520898,1195.9613951724264,0.4726309226932668,21.39,16.39825,2.3554975062344137,0.7310549408622663,1.7219980901214151,73.34518313620754,5303.63849443248,88.9619921349165,3865.024174389501,-2096.6661690429787,7533.572204599091,-1571.8818611666102,2426.409854346522
2024-12-15,148.8192416666667,3571.6618000000008,50.0,2.24,2.37,2.3065000000000007,6.12,5.07,5.595000000000001,440.0,430.0,0.0,0.8059901278414333,0.0,6011.541200700002,111.0,690.6821670000002,7.377666417352281,20.201196709050112,72.4211368735976,440.0,430,400,410,395,420,405,345.0,370,390,375,20.95,9.77,8.38,8.34,8.27,8.23,8.34,8.33,8.23,7.93,7.62,14.6875,11.875,11.25,10.1875,13.375,12.0,12.25,19.4375,20.4375,905.5,517.5,406.0,253.5,194.5,143.0,124.5,96.5,83.0,0.0,0.0,0.0,0.0,0.0,0.0,0.0,0.0,0.0,1.664,1.879,0.923,0.599,0.49,0.105,0.051,0.017,0.005,0.002,0.002,2.713,3.094,2.38,1.749,1.656,1.019,0.594,0.512,0.34,0.253,729.7297297297297,634.8648648648648,156.3081081081081,147.00405405405405,141.42162162162165,148.86486486486487,119.09189189189188,148.86486486486487,147.00405405405405,119.09189189189188,96.76216216216216,2604.652798179059,11.175,11.105,11.13,11.13,11.01,11.005,10.97,10.975,10.95,10.97,10.985,1214.2702702702702,1371.162162162162,171.75283783783783,111.46256756756756,91.17972972972971,19.53851351351351,9.490135135135134,3.163378378378378,0.9304054054054054,0.3721621621621621,0.3721621621621621,2323.704363158228,2589.008108108108,9182.41453125,28.55813503954937,4821.743430000001,True,False,440.0,0.5,0.5,5209305.596358119,2604652.7981790598,1146.047231198786,0.44,20.95,16.389,2.3065000000000007,0.724211368735976,1.6703935219895292,71.84783096484666,5320.859033700002,88.51073054411447,2993.694324324324,-3017.846876375678,8597.08896259066,-2585.547761890658,666.529614948646
2024-12-16,145.2671926999463,3486.412624798711,50.79166666666666,2.32,2.23,2.275968826907301,6.13,4.85,5.49,515.0,455.0,0.0,0.7498010429711085,0.0,5925.166205217391,121.0,781.008,8.26953962264151,20.54481132075472,71.18564905660378,515.0,455,550,435,440,445,435,415.0,410,400,390,21.95,10.01,8.29,8.25,8.23,8.11,8.11,8.11,8.1,8.03,7.62,12.5,13.125,11.5625,12.75,12.875,13.0625,11.5625,16.0,21.6875,882.0,552.5,253.0,204.0,173.0,145.0,127.5,115.5,95.0,1580.0,941.5,580.5,476.5,383.5,367.0,350.5,327.0,252.5,2.083,2.156,1.425,0.764,0.616,0.203,0.097,0.09,0.027,0.009,0.002,2.946,3.195,2.772,1.685,1.204,0.997,0.622,0.415,0.331,0.274,694.4458561154345,627.241418426844,118.05579553962384,87.58978378746285,85.68565805295279,110.43929260158356,104.7269153980534,91.39803525648296,76.16502938040247,74.26090364589241,70.45265217687229,2602.251810297411,10.615,10.775,10.775,10.85,10.825,10.855,10.87,10.91,10.95,11.015,10.545,1506.9224538875153,1559.7334664337411,262.87947512308006,140.94029403090047,113.6377239830297,37.44879540349843,17.894251990834224,16.602914218299794,4.9808742654899385,1.6602914218299794,0.3689536492955509,1478.89896250326,2140.4613403816047,8493.24515625,29.256433754994504,4781.179113333333,True,False,515.0,0.5079166666666667,0.4920833333333333,5123383.383686453,2521131.573389042,1298.3827602953568,0.4989458572600492,21.95,16.40575,2.275968826907301,0.7118564905660378,1.6201631817599331,73.1774316037736,5144.158205217391,86.81880013235266,3663.069494407515,-2262.096710809876,8063.437797292379,-2138.271592074989,2181.980783597639
2024-12-17,146.71330816138652,3521.1193958732765,50.708333333333336,2.21,2.05,2.1309720624486443,5.89,5.83,5.859999999999999,1265.0,1345.0,2.287510308093326,0.8507193129542788,6.0,5589.4097305069845,130.0,655.73475,12.054582712369598,18.697559612518628,74.24785767511177,1265.0,1345,675,605,609,720,620,600.0,530,495,455,20.0,10.0,8.41,8.29,8.36,8.29,8.35,8.33,8.27,8.17,8.0,16.25,15.125,11.0625,11.4375,12.0625,9.75,11.25,11.25,19.625,687.0,422.5,254.0,192.0,133.5,129.0,122.0,120.5,109.5,0.0,0.0,0.0,0.0,0.0,0.0,0.0,0.0,0.0,2.529,2.763,1.259,1.011,0.726,0.19,0.128,0.06,0.011,0.006,0.002,3.25,3.568,2.455,2.265,1.301,0.812,0.497,0.372,0.218,0.16,513.9922014916913,491.6447144703135,113.97218380902724,81.68006506313618,89.27821065040466,87.37867425358755,89.27821065040466,81.68006506313618,70.28284668223345,66.48377388859922,51.28748271406226,2621.7425223211444,11.17,11.185,11.04,11.465,11.364999999999998,11.325,10.745,10.75,10.71,10.825,10.805,1831.261794110312,2000.702387159665,232.4703213484165,186.67791491918115,134.05357688558408,35.08289202239804,23.634790415089206,11.078808007073064,2.0311148012967286,1.1078808007073069,0.3692936002357688,472.953665349754,1736.9584287365965,7727.798906249998,28.96806058878412,4820.852592875,False,True,0.0,0.5070833333333333,0.4929166666666666,5170239.978283276,2548497.4559621317,0.0,0.0,20.0,16.4225,2.1309720624486443,0.7071224540486836,1.50685819430787,75.48019347455822,4933.674980506985,88.26826477899802,4458.47077406996,-1130.938956437025,7324.11761815631,-1734.7078876493251,3983.266567632935
2024-12-18,144.52461886917857,3468.590852860286,50.5,2.13,2.2,2.165490099009901,5.52,5.6,5.56,920.0,800.0,0.0,0.7993525460672251,0.0,5561.509660704208,318.0,693.4262175,9.665968527538404,14.650621955788685,75.68340951667292,920.0,800,710,720,600,690,630,570.0,600,620,650,20.95,9.03,8.6,8.58,8.61,8.41,8.53,8.45,8.37,8.26,8.11,13.25,14.5625,12.4375,14.375,11.3125,12.375,11.1875,12.875,20.875,744.0,381.5,229.0,185.0,143.0,119.0,105.5,95.0,84.5,1565.5,869.0,525.0,478.5,372.0,325.0,283.0,263.5,223.5,1.932,2.033,1.009,0.788,0.607,0.166,0.132,0.051,0.014,0.006,0.004,2.692,2.705,2.066,1.449,0.85,0.702,0.497,0.313,0.227,0.202,503.4917187075754,422.044528916644,90.62850936736356,84.96422753190335,75.5237578061363,69.85947597067607,77.4118517512897,67.97138202552267,58.530912299755634,54.75472440944881,50.978536519142,2567.6639984603216,11.33,11.305,11.335,11.64,11.325,11.275,11.225,11.185,11.14,11.265,11.27,1402.1819169155578,1475.484387727396,186.7362299755634,145.83562856367092,112.33785093673636,30.72171870757535,24.42931849036112,9.43860032582134,2.59098832473527,1.1104235677436871,0.7402823784957915,1475.3743407520556,1556.1596253054572,7185.5971875000005,29.40675459484888,4729.423627875,True,False,920.0,0.505,0.495,5084483.165267964,2516819.166807642,2315.47363346303,0.9017821782178218,20.95,16.77375,2.165490099009901,0.7568340951667293,1.6389167396766693,71.23909938179094,4868.083443204208,87.53169085725912,3391.6073459136574,-2169.9023147905505,7116.567529471171,-1555.057868766963,1915.1312486231068
2024-12-19,142.53307798643712,3420.7938716744907,50.29166666666666,2.27,2.26,2.2664826014913,5.71,5.6,5.654999999999999,995.0,1175.0,3.9720936587908,0.9766494687536856,10.0,5706.015004140843,330.0,667.15446,6.728837209302326,17.53348837209302,79.73767441860464,995.0,1175,5110,1125,1100,1025,1005,910.0,915,900,835,,0.0,0.0,0.0,0.0,0.0,0.0,0.0,0.0,0.0,0.0,12.75,12.1875,11.875,12.3125,12.5,12.375,11.625,15.5,22.125,696.5,474.5,214.5,176.0,172.5,138.5,120.5,107.5,90.0,0.0,0.0,0.0,0.0,0.0,0.0,0.0,0.0,0.0,1.792,1.79,1.103,0.684,0.47,0.177,0.126,0.048,0.016,0.007,0.002,2.876,2.94,2.382,1.803,1.034,0.76,0.669,0.582,0.384,0.31,404.7774440504958,382.69867437501415,108.8483345001242,91.9580756983808,73.19112147422146,76.94451231905333,71.31442605180553,65.68433978455772,63.807644362141794,54.424167250062105,50.67077640523024,2515.91715561726,11.32,11.485,11.55,11.63,11.59,11.56,11.53,11.515,11.49,11.53,11.55,1303.5412931053952,1302.0864479121972,204.5985166324157,126.87704929879636,87.1815982023893,32.832218897495544,23.37208802872564,8.903652582371674,2.967884194123892,1.2984493349292023,0.3709855242654864,1941.5342300483192,1444.3195162710874,7218.037968750001,29.81763994744022,4645.010478499999,False,True,1175.0,0.5029166666666667,0.4970833333333333,5002652.173555445,2486735.017938185,2921.913646077368,1.1613711681855838,20.95,17.125,2.2664826014913,0.7667084078711985,1.737731266857167,68.62449686940965,5038.860544140844,88.30787406770142,3094.030183713105,-2611.9848204277378,7147.038390032511,-1441.023385891668,1149.1998232853678
2024-12-20,131.54701483179144,2899.5154519174034,48.42857142857143,2.4,2.21,2.3060648967551622,5.34,5.16,5.25,405.0,785.0,0.0,0.934734697931204,0.0,4658.694317118583,381.0,484.8461279999999,7.918340611353712,19.942794759825325,81.13886462882097,405.0,785,845,860,960,975,950,950.0,940,960,965,,0.0,0.0,0.0,0.0,0.0,0.0,0.0,0.0,0.0,0.0,13.5,11.625,12.0625,11.75,13.1875,10.375,12.125,14.375,16.875,648.0,350.0,274.0,149.5,113.5,104.0,94.5,89.0,82.5,1064.0,720.0,574.5,445.0,338.0,318.0,275.5,257.5,191.0,1.806,1.871,0.896,0.809,0.401,0.309,0.217,0.139,0.049,0.015,0.003,1.981,2.251,1.157,1.0,0.961,0.604,0.49,0.338,0.253,0.182,592.2242521123544,369.26923955240926,83.50361954784198,71.06691025348253,60.40687371546016,58.63020095912309,55.07685544644897,53.3001826901119,51.52350993377483,47.97016442110071,40.86347339575246,2019.2593137999572,11.245,11.33,11.355,11.425,11.195,11.405,11.41,11.425,11.44,28.015,11.52,1339.962091801781,1388.188855903174,169.52078556748114,153.06062000456726,75.86811943366065,58.461967344142494,41.05581525462434,26.29842543959808,9.270667960721626,2.8379595798127424,0.5675919159625485,906.827885482483,1483.83528202786,6189.27234375,32.30784070193045,3791.3235616285706,False,True,785.0,0.4842857142857143,0.5157142857142857,4169562.0048966673,2150302.6910967096,1687.987612510917,0.8359439528023598,19.205,17.47625,2.3060648967551622,0.7443932534754216,1.7166191512210376,70.51575457714033,4173.848189118583,89.59266062556603,3265.092900205526,-1393.6014169130572,6140.60219571587,-1481.907878597287,2356.337611292469
2024-12-21,145.3040429450369,3487.2970306808857,50.79166666666666,1.91,1.95,1.931937653814602,5.49,5.58,5.535,325.0,405.0,0.0,0.8857360184840788,0.0,5030.805062061361,168.0,598.9246919999999,14.38791759465479,20.14391982182628,74.46816258351893,325.0,405,430,435,445,450,420,430.0,435,435,450,,0.0,0.0,0.0,0.0,0.0,0.0,0.0,0.0,0.0,0.0,12.3125,10.6875,10.625,12.625,13.25,12.625,13.4375,14.625,22.75,725.5,410.0,248.5,190.0,130.0,117.0,108.0,96.0,83.5,0.0,0.0,0.0,0.0,0.0,0.0,0.0,0.0,0.0,1.204,1.364,0.482,0.265,0.201,0.143,0.101,0.088,0.015,0.004,0.003,2.287,2.397,1.762,1.273,1.04,0.727,0.296,0.092,0.05,0.01,470.431063820133,350.9565079293056,97.11041246001317,74.26090364589241,70.45265217687229,64.74027497334211,62.83614923883204,60.93202350432198,53.31552056628173,45.699017628241485,41.89076615922136,2601.408674900384,11.165,11.315,11.39,11.415,11.405,11.395,11.42,11.43,11.445,11.5,11.51,871.0199877487125,986.7701522335914,88.91782948022778,48.886358531660505,37.07984175420288,26.38018592463189,18.632159289425324,16.233960569004243,2.7671523697166323,0.7379072985911019,0.5534304739433265,2329.456411099203,1392.6252921024573,6708.579843750002,29.24901409389976,4782.39196545,False,True,405.0,0.5079166666666667,0.4920833333333333,5121723.396030287,2520314.721129904,1020.727462057611,0.3923748974569318,19.205,17.8315,1.931937653814602,0.6831941521423756,1.3198885073897972,78.0503182403302,4431.880370061362,88.09485391281308,2097.9789656737084,-2932.826096387653,6418.985360875368,-1388.180298814007,-235.9224387139444
2024-12-22,153.54457284078794,3685.069748178911,50.16666666666666,2.04,2.45,2.2479800664451832,5.16,4.78,4.970000000000001,255.0,240.0,0.0,0.8400408110154155,0.0,6074.507808605649,112.5,648.529716,10.0901271340356,14.537671630948056,79.37220123501633,255.0,240,305,290,315,1970,300,305.0,365,300,275,,0.0,0.0,0.0,0.0,0.0,0.0,0.0,0.0,0.0,0.0,11.6875,9.5,11.9375,11.6875,11.9375,9.75,13.8125,16.3125,23.375,701.5,474.0,199.5,158.0,136.0,120.5,101.5,91.5,41.435,0.0,0.0,0.0,0.0,0.0,0.0,0.0,0.0,0.0,2.315,1.85,0.629,0.222,0.099,0.097,0.054,0.039,0.008,0.004,0.002,3.413,3.058,1.927,1.417,1.28,0.968,0.587,0.344,0.248,0.22,483.9682396463051,395.9740142560679,95.36374176666966,86.01435531895696,65.44570513398898,72.92521429215915,59.83607326536136,56.09631868627627,56.09631868627627,50.486686817648646,48.6168095281061,2698.6249310222397,10.989999999999998,11.265,11.355,11.36,11.395,11.625,11.305,11.45,11.395,11.4,11.42,1686.275827844447,1347.5638365063612,116.83378462510152,41.23545339709465,18.388783271677347,18.017292700532348,10.030245420914914,7.244066137327438,1.4859622845799876,0.7429811422899938,0.3714905711449969,2170.5953444031925,1470.823477397816,6015.811621875001,27.679259001924294,4991.426973908334,True,False,255.0,0.5016666666666666,0.4983333333333334,5379318.79937988,2680693.86835764,683.5769364311982,0.2533056478405316,21.0,18.18675,2.2479800664451832,0.763194242644388,1.7156454442903126,70.8641381604683,5425.978092605649,89.3237487474913,3248.189723901471,-2826.318084704178,7538.138261702479,-1463.63045309683,1070.401355197293
2024-12-23,150.64159909703093,3615.398378328743,50.41666666666666,2.15,2.25,2.2019669421487604,5.53,4.96,5.245,565.0,270.0,0.0,0.7992896262582744,0.0,5880.29546786777,81.0,667.6185,12.225561694290976,16.890309392265195,74.88412891344383,565.0,270,255,220,200,225,200,200.0,200,205,195,21.0,10.02,8.34,8.24,8.13,8.08,8.16,8.13,8.0,7.0,7.68,16.0,12.25,12.125,12.25,10.875,10.75,10.875,7.875,16.25,1092.5,583.5,241.5,207.5,128.0,120.5,102.0,94.0,83.0,1591.5,1028.5,592.5,545.0,439.5,407.5,332.5,299.5,228.0,2.32,2.432,1.249,0.842,0.625,0.26,0.129,0.027,0.008,0.002,0.001,3.516,3.699,3.083,2.27,1.191,0.946,0.516,0.3,0.225,0.17,487.50169568166393,539.2064209812344,107.3611688898937,96.05999321727332,79.10822970834273,69.69058331449241,64.03999547818222,65.92352475695228,62.15646619941216,52.73881980556183,45.20470269048156,2668.088556437145,11.125,11.05,11.01,10.94,10.875,10.87,10.855,10.96,10.945,11.0,11.03,1685.317657698395,1766.6778204838345,231.3643307709699,155.97179063983717,115.77478521365586,48.16231064888084,23.89591566809857,5.001470721229933,1.481917250734795,0.3704793126836987,0.1852396563418493,1173.8169428260535,1668.9916007234904,9175.8084375,28.212658558294372,4921.461042500001,True,False,565.0,0.5041666666666667,0.4958333333333333,5292076.475577808,2623987.919140663,1482.5531743144743,0.5556611570247932,21.0,18.542,2.2019669421487604,0.7200397010908061,1.5855036188366296,74.84461104618218,5212.67696786777,88.64651438608607,4034.203718064661,-1846.0917498031092,7544.630761614205,-1664.3352937464351,2855.730468261552
2024-12-24,127.17930455840455,3052.303309401709,52.0,2.02,2.13,2.096692307692308,5.08,4.87,4.975,415.0,445.0,2.118805312472085,0.8535291391886896,5.0,4947.817280215384,146.0,566.3568959999999,8.281719532554257,23.02594323873122,72.6923372287145,415.0,445,465,425,445,445,425,405.0,395,380,355,21.76,13.99,11.28,11.06,10.93,9.8,9.9,9.98,9.91,9.9,9.68,14.9375,9.75,11.8125,12.75,12.75,12.5625,11.3125,6.75,15.6875,881.5,469.5,322.0,215.5,144.5,123.5,112.0,105.0,95.0,0.0,0.0,0.0,0.0,0.0,0.0,0.0,0.0,0.0,1.857,1.845,0.934,0.558,0.259,0.199,0.181,0.012,0.006,0.004,0.004,2.84,2.878,2.599,2.155,1.277,1.045,0.678,0.486,0.293,0.185,479.3392070484582,409.7577092511014,106.45969162995594,82.80198237885462,72.94460352422907,67.03017621145375,65.05870044052864,61.11574889867841,55.20132158590309,53.22984581497797,45.34394273127753,2335.405777965293,11.445,11.575,11.605,11.815,11.705,11.665,11.67,11.64,11.65,11.715,11.705,1325.259911894273,1316.6960352422907,169.97154185022023,101.54616740088105,47.13343612334801,36.21449339207048,32.93881057268722,2.1837885462555064,1.0918942731277532,0.7279295154185021,0.7279295154185021,1301.6380049623383,1498.2829295154188,7944.8278125000015,33.41738669476898,4285.4338464,False,True,445.0,0.52,0.48,4491164.957625564,2155759.179660271,959.3128349488206,0.4107692307692309,21.76,18.608,2.096692307692308,0.6989647810453319,1.4655140797655857,73.79169609605754,4381.460384215384,88.5533991268298,3034.4919383259908,-1913.3253418893933,6400.769768803748,-1452.9524885883638,1687.5234924365973
2024-12-25,142.29478529239051,2976.332592365836,49.0,2.36,2.55,2.457081632653061,5.4,5.9,5.65,635.0,495.0,0.0,0.8232831034478524,0.0,5182.228660055102,162.0,527.2747750000001,10.807164876226064,21.676230733302194,71.51660439047174,635.0,495,430,375,375,380,380,370.0,375,380,395,,0.0,0.0,0.0,0.0,0.0,0.0,0.0,0.0,0.0,0.0,13.625,10.25,10.625,12.125,10.125,9.375,10.8125,11.0625,20.25,685.5,463.0,272.5,202.0,191.0,162.5,120.0,101.0,89.0,1344.0,974.5,642.0,561.0,484.5,460.0,327.0,275.5,218.5,2.211,2.245,1.283,0.905,0.882,0.691,0.324,0.184,0.036,0.021,0.005,3.095,3.208,2.511,1.721,1.539,0.905,0.713,0.508,0.274,0.107,432.26031065881085,396.8291376539904,102.99841992501337,88.54250133904658,79.50755222281735,77.7005623995715,63.244643813604704,57.82367434386716,52.40270487412961,50.59571505088377,46.98173540439207,2107.312277170528,11.715,11.75,11.76,11.685,11.675,11.585,11.585,11.565,11.53,11.58,11.545,1630.7161221210497,1655.7927155865025,241.2995206213176,170.20737814675948,165.8816657739689,129.95944563470806,60.936122121049806,34.60569898232458,6.7706802356722005,3.949563470808784,0.9403722549544724,549.9509362582529,1448.886957686127,6911.679375,29.867573792440844,3937.688019700001,True,False,635.0,0.49,0.51,4300637.300348016,2193325.023177488,1392.761389717705,0.6609183673469388,21.76,18.9495,2.457081632653061,0.6876596576006898,1.689635914207148,76.0159618303812,4654.953885055103,89.82532787361812,4101.059284949116,-1081.1693751059863,6627.171953893496,-1444.9432938383934,3547.164684843129
2024-12-26,147.59363127331878,3542.247150559651,50.875,2.76,2.26,2.512414004914005,5.24,4.85,5.045,350.0,370.0,1.508615609457134,0.8525116471347617,4.0,6661.508708154177,0.0,742.4025,4.643687150837988,19.619750465549348,79.73656238361265,350.0,370,365,350,360,380,425,345.0,360,360,340,,0.0,0.0,0.0,0.0,0.0,0.0,0.0,0.0,0.0,0.0,13.6375,10.75,11.0625,10.625,10.75,11.625,11.25,13.4375,18.0,732.5,376.5,252.0,195.5,175.0,160.5,144.5,125.5,101.0,0.0,0.0,0.0,0.0,0.0,0.0,0.0,0.0,0.0,1.794,1.858,1.064,0.697,0.675,0.156,0.086,0.038,0.014,0.009,0.002,2.223,2.256,1.892,1.212,0.82,0.538,0.399,0.368,0.243,0.21,494.0222055718276,456.5962809072952,116.43205163136028,97.34483005244874,91.61866357877528,76.34888631564608,74.44016415775492,68.71399768408146,66.80527552619031,62.98783121040802,55.35294257884341,2648.889917021376,11.52,11.555,11.55,11.61,11.59,11.61,11.62,11.61,11.6,11.615,11.57,1296.651045569103,1342.908384987399,196.1022082964376,128.46169096110617,124.4069460527212,28.751827532184453,15.850366460050404,7.003650296301341,2.58029221442681,1.6587592807029492,0.3686131734895443,2768.675163410093,1660.6631292146317,7083.613125000001,28.79528041511296,4865.719242187501,False,True,370.0,0.50875,0.4912499999999999,5206663.227560442,2557773.310539067,946.3761248994548,0.3572727272727271,20.59,19.226125,2.512414004914005,0.7666977152270448,1.9262620772719967,67.37207017261137,5919.106208154177,88.85533994587075,3144.743784823922,-3516.764923330255,8316.484577448648,-1654.9758692944706,370.381361493667
2024-12-27,146.03493522041478,3504.838445289955,50.375,2.28,2.33,2.307462779156328,5.7,5.66,5.68,285.0,325.0,0.0,0.8184706855473708,0.0,5966.35297492804,95.0,659.3475840000001,9.673731003039514,16.049148936170212,75.77712006079028,285.0,325,280,265,260,275,245,225.0,210,220,210,20.59,16.07,11.41,11.15,10.98,10.11,10.17,10.21,10.12,10.07,9.93,13.125,11.5,13.3125,13.125,12.5,14.0625,16.4375,15.875,23.75,810.5,541.0,339.5,208.0,176.5,145.0,156.0,132.0,103.5,1137.0,873.0,693.0,525.5,459.0,390.5,359.0,343.5,303.0,1.969,1.962,1.237,0.963,0.882,0.405,0.378,0.176,0.072,0.02,0.004,2.678,2.589,1.991,1.655,1.295,1.034,1.0,0.54,0.276,0.23,464.779307071666,420.5146111600787,99.70622754085024,90.29997965963794,90.29997965963794,75.24998304969829,71.48748389721338,63.96248559224355,58.31873686351617,50.79373855854635,45.14998982981897,2582.9170801095806,10.985,11.145,11.165,11.2,11.22,11.215,11.235,11.24,11.255,11.31,11.31,1430.9926774696594,1425.9053495152218,229.24589904400304,178.46709844735238,163.45584717607974,75.05625635636315,70.05250593260561,32.61703979930843,13.343334463353449,3.706481795375958,0.7412963590751916,1677.7573822136587,1530.5625228829076,9045.38390625,29.102625297058893,4767.0183904000005,False,True,325.0,0.50375,0.4962499999999999,5127378.81907609,2544461.7389665097,826.9500651641157,0.3201612903225806,20.59,19.449375,2.307462779156328,0.7465726114363574,1.7226885128269345,71.79594269842934,5307.00539092804,88.94890083153432,3623.583786358398,-2342.7691885696418,7491.251275454964,-1524.898300526925,1940.162181788756
2024-12-28,142.23398100396932,3413.615544095264,51.708333333333336,2.45,2.19,2.320933924254634,5.33,5.58,5.455,400.0,405.0,1.910429877289268,0.8608901371875041,5.0,6074.376117766318,137.0,680.4751200000001,8.827044167610417,16.74722536806342,77.92573046432616,400.0,405,400,385,395,365,370,360.0,370,360,365,19.46,9.8,7.98,7.95,7.86,7.76,7.74,7.68,7.55,7.39,7.13,9.8125,10.625,10.6875,9.0,15.5625,13.5625,11.625,15.25,21.875,675.5,625.5,303.0,198.0,178.0,157.0,116.5,78.5,60.5,0.0,0.0,0.0,0.0,0.0,0.0,0.0,0.0,0.0,1.806,2.052,1.196,0.675,0.59,0.171,0.081,0.052,0.019,0.005,0.001,2.797,3.359,2.683,1.787,1.142,0.674,0.428,0.257,0.15,0.096,437.0178248632817,391.0159485618837,99.70906688328031,87.97858842642383,78.20318971237674,70.38287074113906,68.42779099832963,72.33795048394848,66.47271125552022,54.742232798663714,48.876993570235456,2616.158855944164,11.515,11.43,11.39,11.445,11.355,11.35,11.27,11.22,11.205,11.275,11.22,1293.164267899229,1469.3095668489575,218.37720842962725,123.24800642976454,107.72788710157197,31.222828295540356,14.789760771571745,9.49466123607075,3.469203143948928,0.9129481957760336,0.1825896391552067,2119.831609463305,1475.1651682950826,6902.571093750001,29.88034202516905,4765.8340015,False,True,405.0,0.5170833333333333,0.4829166666666666,5059453.065484281,2443294.209540117,989.5341548637474,0.3782393231265108,19.46,19.664125,2.320933924254634,0.7529056083509774,1.7474441681833563,70.77374015898808,5393.900997766318,88.79761300901752,3271.898927991214,-2802.4771897751043,7547.370825749602,-1472.9947079832837,1149.8968582161096
2024-12-29,148.30238745085117,3559.257298820428,50.04166666666666,2.1,2.13,2.116996669442132,4.58,4.66,4.62,390.0,400.0,0.0,0.82889607933848,0.0,5505.156585180974,135.0,611.1071482499999,8.630764502497119,16.05338071456012,75.31585478294275,390.0,400,380,370,375,370,365,365.0,360,360,325,,0.0,0.0,0.0,0.0,0.0,0.0,0.0,0.0,0.0,0.0,15.5,11.625,10.625,13.375,12.625,14.25,13.5,11.375,19.375,600.0,485.5,198.5,163.0,118.0,112.5,101.0,78.0,69.5,0.0,0.0,0.0,0.0,0.0,0.0,0.0,0.0,0.0,1.761,1.776,0.87,0.561,0.519,0.453,0.162,0.084,0.032,0.011,0.007,2.619,2.987,2.191,1.504,1.322,1.548,1.481,1.322,0.874,0.684,431.06437149358976,372.61496518937423,104.3321902530248,91.29066647139668,72.65991821192797,78.24914268976859,61.481469256246754,55.89224477840613,50.30302030056553,46.57687064867178,44.7137958227249,2598.003300448905,11.57,11.605,11.59,11.665,11.585,11.575,11.595,11.58,11.61,11.69,11.675,1284.474979158687,1295.4159926097832,161.81758894171193,104.34444528310392,96.53256167902126,84.25674458689139,30.131551044318773,15.62376720816529,5.9519113173963,2.045969515354978,1.3019806006804409,1807.536066699392,1409.1786551156972,6610.444687500001,28.65766406767046,4809.00151786875,False,True,400.0,0.5004166666666666,0.4995833333333334,5191680.200730536,2593676.9002816305,1037.4707601126522,0.3993338884263114,19.46,19.885125,2.116996669442132,0.7531585478294276,1.5944341373167707,70.82181857472148,4894.049436930974,88.89936845947297,3081.897491945115,-2423.259093235859,6909.719362010204,-1404.5627768292306,1269.7455469592558
2024-12-30,144.70523711676103,3472.925690802265,50.16666666666666,2.15,2.09,2.124966777408638,5.21,5.1,5.154999999999999,430.0,455.0,0.0,0.7997878808098294,0.0,5411.53612510216,140.0,611.194812,9.201936227429888,15.134736842105264,75.66332693046485,430.0,455,430,410,385,400,400,390.0,385,380,350,,0.0,0.0,0.0,0.0,0.0,0.0,0.0,0.0,0.0,0.0,13.5625,13.5625,12.875,12.75,13.875,13.0,10.8125,15.8125,20.25,771.5,415.5,226.5,148.0,129.0,110.0,101.0,89.5,84.5,988.5,775.5,616.0,373.0,341.5,296.0,278.0,258.0,251.5,1.675,1.784,0.909,0.679,0.57,0.294,0.195,0.128,0.056,0.013,0.009,2.064,2.414,1.715,1.239,0.816,0.785,0.21,0.21,0.082,0.012,417.9725706036271,381.3083100243616,97.2336190562122,89.75410989804203,87.88423260849949,71.05533700261661,78.53484616078677,65.44570513398898,59.83607326536136,56.09631868627627,50.486686817648646,2540.6926655972734,11.58,11.585,11.585,11.75,11.635000000000002,11.605,11.59,11.55,11.565,11.69,11.71,1220.0915817017055,1299.488586122891,168.84246458540107,126.12104890372645,105.87481277632408,54.60911395831454,36.2203306866372,23.7753965532798,10.401735992059912,2.41468871244248,1.6717075701524855,1739.6097986937202,1455.6078092574212,7226.73984375,29.370049658746787,4704.077848191668,False,True,455.0,0.5016666666666666,0.4983333333333334,5064503.65235337,2523810.986756096,1148.333998974024,0.4519767441860466,19.205,20.1245,2.124966777408638,0.7566332693046485,1.607820559954461,70.96163081060315,4800.34131310216,88.70570577613096,3049.511467562935,-2362.0246575392243,6855.923887514076,-1444.3877624119168,1298.6816220237108
2024-12-31,142.90198449322108,3114.072412081442,46.91666666666666,2.31,2.14,2.226697158081705,4.79,5.1,4.945,390.0,430.0,2.411326540899751,0.8445858098468928,5.0,4617.162214062567,0.0,508.01912525,7.997234544596507,15.005747994336952,76.99701746106653,390.0,430,415,405,400,400,440,440.0,445,435,375,,0.0,0.0,0.0,0.0,0.0,0.0,0.0,0.0,0.0,0.0,10.5625,9.375,9.25,11.375,10.0,10.0625,13.25,14.5,28.3125,645.5,412.0,280.0,158.5,124.0,114.0,108.5,87.0,84.0,0.0,0.0,0.0,0.0,0.0,0.0,0.0,0.0,0.0,1.677,1.804,1.219,1.063,0.957,0.321,0.192,0.077,0.012,0.006,0.001,2.262,2.367,1.941,1.627,1.351,1.2,0.996,0.875,0.664,0.551,472.7631521310613,339.5904332209032,100.17917780016644,89.99146480353936,81.50170397301677,61.12627797976258,56.03242148144904,52.63651714924,49.24061281703096,50.93856498313548,44.146756318717415,2071.967020528577,11.34,11.37,11.455,11.465,11.445,11.45,11.415,11.45,11.475,11.54,11.61,1263.4247229401203,1359.10447238162,234.1856040562443,204.2159943492926,183.8520287791844,61.668235358535206,36.885673485479,14.792691970738977,2.3053545928424377,1.1526772964212189,0.1921128827368698,744.2315881272841,1398.1470826580226,5747.19796875,29.74066465957028,3944.7512280041674,False,True,430.0,0.4691666666666666,0.5308333333333334,4416270.7364729885,2344303.715944412,1008.0505978560968,0.48651865008881,19.205,20.3835,2.226697158081705,0.7699701746106653,1.7144903996132428,69.37513567720623,4109.143088812567,88.99715665820193,3361.779568093215,-1255.382645969352,6012.177364128522,-1395.015150065955,2614.416047373863
2025-01-01,137.74199383950614,3305.8078521481475,52.083333333333336,2.07,1.71,1.89138,4.81,4.25,4.529999999999999,560.0,332.0,0.0,0.0,0.0,4845.538148556001,395.0,618.3929185560002,9.651921627731726,17.72844009042954,72.61963828183873,470.0,450,435,430,420,430,430,440.0,410,395,395,,0.0,0.0,0.0,0.0,0.0,0.0,0.0,0.0,0.0,0.0,12.469494047619046,10.73618046283934,10.347235202492213,10.60455329327993,11.0641466399644,11.040782153983088,11.32724465954606,12.335381898086338,18.243419003115264,867.2699602803739,538.6993598130841,324.7803738317757,220.0771028037383,163.70093457943926,130.13346028037384,107.16355140186916,92.68114485981307,80.89922897196263,547.2780373831775,387.8294392523365,278.44392523364485,207.0981308411215,165.21495327102804,140.62383177570092,116.64252336448598,102.3411214953271,88.84705607476636,1.134,1.664,0.904,0.664,0.452,0.268,0.104,0.055,0.011,0.002,0.002,2.334,2.319,1.629,1.368,0.931,0.867,0.66,0.551,0.404,0.319,418.4845005740529,410.73478760045936,94.85648679678532,88.92795637198626,92.88030998851896,65.21383467278991,67.19001148105627,61.26148105625719,65.21383467278991,57.30912743972446,53.35677382319175,2560.036966659265,11.625,11.53,11.51,11.39,11.395,11.405,11.285,11.325,11.34,11.295,11.26,808.51205510907,1186.3880597014927,164.35467278989668,120.72068886337544,82.17733639494834,48.72461538461539,18.908059701492537,9.999454649827785,1.9998909299655567,0.3636165327210103,0.3636165327210103,1785.08177941165,1475.4291044776126,5049.876562500001,30.854787864854085,4648.792292083333,True,False,470.0,0.5208333333333334,0.4791666666666666,4915270.975985789,2355234.009326524,1106.959984383466,0.4323999999999999,19.205,20.37825,1.89138,0.7261963828183873,1.373513314535041,73.14517709118313,4227.145230000001,87.23788979475304,2442.512066590127,-2403.0260819658743,6321.41586903539,-1475.8777204793887,657.8789031802527
2025-01-02,142.34851259985473,3416.3643023965137,51.0,2.03,1.62,1.826441176470588,4.99,4.71,4.85,561.0,415.0,0.0,0.0,0.0,4687.500641564705,375.0,644.0825210431371,6.042944716058669,17.716980067694625,76.24007521624671,405.0,375,380,400,400,400,380,400.0,405,380,375,,0.0,0.0,0.0,0.0,0.0,0.0,0.0,0.0,0.0,0.0,13.125,7.875,8.8125,10.4375,8.3125,10.5625,10.3125,11.5625,19.75,560.0,332.0,230.5,165.0,121.0,112.0,106.5,90.0,89.0,1204.5,780.5,565.0,476.0,363.5,330.5,286.0,244.0,232.5,1.593,1.572,1.039,0.872,0.791,0.49,0.237,0.049,0.014,0.007,0.002,1.71,1.775,1.355,1.215,0.885,0.567,0.5,0.447,0.366,0.328,360.58919803600656,428.19967266775774,90.03461538461538,88.11898527004911,76.62520458265139,70.87831423895254,67.04705400981997,59.38453355155483,57.46890343698855,55.55327332242226,51.722013093289696,2564.441696967745,11.745,11.7,11.63,11.72,11.67,11.585,11.62,11.61,11.59,11.63,11.64,1149.7757774140753,1134.618657937807,191.22871522094923,160.49224222585926,145.5841325695581,90.18486088379706,43.62002454991817,9.018486088379706,2.5767103109656304,1.2883551554828152,0.36810147299509,1113.9354219282757,1405.6217675941075,6411.69609375,29.85630072543756,4704.3336444,True,False,405.0,0.51,0.49,5028317.052877932,2463875.3559101867,997.8695191436256,0.3891176470588236,20.38,20.482750000000003,1.826441176470588,0.762400752162467,1.3924801267216775,68.62679343738247,4043.418120521568,86.25957476502573,2928.7560638297878,-1758.7445777349176,6092.395774395309,-1404.895132830604,1814.0940071380069
2025-01-03,142.40437044753085,3417.7048907407407,50.625,1.63,1.67,1.6509753086419752,4.09,4.16,4.125,557.0,303.5,0.0,0.0,0.0,4193.084929668518,345.0,689.4514127527777,4.746083236094905,19.379389342668222,75.87452742123688,565.0,460,450,435,430,425,425,420.0,380,365,345,20.38,16.52,12.0,11.67,11.43,10.73,10.66,10.66,10.57,10.46,9.6,14.0,11.4375,12.25,11.5625,11.5,11.0,14.4375,16.5,17.5625,561.0,415.0,184.0,155.5,143.0,135.5,115.0,116.5,101.0,0.0,0.0,0.0,0.0,0.0,0.0,0.0,0.0,0.0,1.362,1.347,0.866,0.725,0.722,0.71,0.341,0.196,0.086,0.009,0.004,1.349,1.315,1.018,0.726,0.655,0.386,0.355,0.208,0.099,0.049,661.3761467889908,624.2201834862385,89.06284403669724,75.79816513761469,83.37798165137615,68.21834862385322,62.53348623853211,58.74357798165138,62.53348623853211,56.84862385321101,56.84862385321101,2538.2619931166764,11.86,11.805,11.78,11.84,11.695,11.725,11.725,11.74,11.815,11.805,11.78,987.1376146788992,976.2660550458716,160.0511009174312,133.99197247706422,133.4375229357798,131.2197247706422,63.02243119266056,36.224036697247705,15.894220183486237,1.663348623853211,0.7392660550458716,865.6298457805153,1899.561467889908,5498.525156250001,29.84458964737968,4671.57537253125,True,False,565.0,0.50625,0.49375,5013850.850600842,2475588.857484166,1398.7077044785538,0.5510493827160494,20.38,20.613,1.6509753086419752,0.7587452742123688,1.2526697132734057,68.04472238428627,3503.6335169157405,83.55741836101369,2639.6472935779816,-1553.437636090537,6094.290020001184,-1901.2050903326651,1775.661070240223
2025-01-04,139.3061062398009,3204.040443515421,49.833333333333336,1.79,1.61,1.701006688963211,4.23,4.05,4.140000000000001,481.0,226.0,3.008518620473872,0.700359855399102,7.0,3957.77733988796,595.0,677.0929748879598,8.268268015170671,19.814690265486725,71.9170417193426,810.0,935,840,830,825,790,770,720.0,685,655,595,,0.0,0.0,0.0,0.0,0.0,0.0,0.0,0.0,0.0,0.0,14.1875,10.5625,11.4375,11.0,12.3125,13.6875,13.5625,12.75,20.125,557.0,303.5,189.5,160.0,118.5,101.5,97.5,77.5,68.0,1129.0,834.0,530.0,386.0,325.0,246.0,265.0,210.0,181.0,0.875,1.006,0.426,0.315,0.284,0.168,0.071,0.05,0.002,0.001,0.001,1.56,1.523,1.155,0.982,0.46,0.441,0.371,0.274,0.275,0.264,522.8532877574886,363.0925609427004,85.18151479715752,75.92265449311866,62.96025006746426,61.10847800665648,64.81202212827202,55.553161824233165,53.70138976342539,55.553161824233165,53.70138976342539,2325.3494978381877,11.675,11.655,11.665,11.725,11.61,11.64,11.615,11.655,11.745,11.72,11.77,639.66222901862,735.4288027345506,79.41315192947737,58.720992623909325,52.94210128631825,31.31786273275164,13.235525321579562,9.320792479985608,0.3728316991994243,0.1864158495997121,0.1864158495997121,1660.2965741013338,1454.439871368175,4569.926718750001,30.50835397469275,4311.03641675,False,True,935.0,0.4983333333333333,0.5016666666666667,4666253.17291944,2340903.6750812526,2188.744936200971,0.9412541806020068,20.38,20.70625,1.701006688963211,0.719170417193426,1.2233136901504806,72.71951643489254,3280.684365,82.89209026329087,1620.7871215255916,-2336.990218362368,5412.616541883061,-1454.839201995101,-39.11012194881664
2025-01-05,153.9195326482103,3694.068783557047,49.66666666666666,1.59,1.57,1.5815201342281882,4.41,3.95,4.18,469.5,272.5,0.0,0.5527311170942237,0.0,4221.905559425337,500.0,698.1342094253357,5.141797421731124,15.746195211786372,79.11200736648252,600.0,685,640,670,640,630,615,615.0,600,600,500,,0.0,0.0,0.0,0.0,0.0,0.0,0.0,0.0,0.0,0.0,13.3125,11.625,11.625,11.875,13.1875,14.0625,12.9375,16.5,16.0,481.0,226.0,147.5,133.5,101.0,94.5,78.0,65.5,52.5,0.0,0.0,0.0,0.0,0.0,0.0,0.0,0.0,0.0,1.761,1.745,1.187,1.003,0.908,0.51,0.133,0.028,0.003,0.002,0.001,1.499,1.463,1.178,0.897,0.529,0.355,0.225,0.211,0.167,0.127,462.4968564756602,404.6847494162027,82.92424106340938,68.18215376324771,64.49663193820729,62.653871025687096,57.12558828812647,51.59730555056584,49.75454463804563,49.75454463804563,47.911783725525424,2666.957842467425,11.445,11.555,11.489999999999998,11.53,11.46,11.395,11.385,11.355,11.42,11.475,11.515,1289.670738279145,1277.953116579846,221.6717702532783,187.30984462008263,169.56863301598713,95.24229387461833,24.837696245733795,5.228988683312378,0.5602487874977548,0.3734991916651698,0.1867495958325849,251.8349068314718,1401.582270522723,4574.2935937500015,27.61183020035253,4953.74623875,False,True,685.0,0.4966666666666666,0.5033333333333334,5369713.77678005,2702755.934312626,1851.3878150041487,0.6941946308724833,20.27,20.70925,1.5815201342281882,0.7911200736648251,1.2511723250930082,66.26861878453037,3523.771350000001,83.46400222366978,3272.6035791269987,-949.301980298338,5624.1549659065295,-1402.2494064811926,3021.4358082539966
2025-01-06,150.20970851765827,3369.704461079468,51.208333333333336,1.53,1.4,1.4664292107404393,4.25,3.62,3.935,407.0,200.5,0.0,0.4601914175405088,0.0,3734.520076691619,495.0,653.0421166916192,5.286718027734977,20.13306625577812,74.5802157164869,575.0,545,520,510,515,500,510,500.0,500,495,495,20.27,16.39,13.52,12.21,11.91,11.08,11.02,11.03,10.95,10.84,10.63,13.1875,12.0625,13.25,14.375,17.375,12.25,15.0625,14.1875,18.125,469.5,272.5,142.5,116.0,82.5,71.5,54.0,58.5,52.5,0.0,0.0,0.0,0.0,0.0,0.0,0.0,0.0,0.0,1.053,1.351,1.271,0.889,0.269,0.184,0.124,0.055,0.008,0.002,0.001,2.262,2.484,2.372,2.292,2.223,2.097,1.927,1.811,1.695,1.584,309.8601589723735,302.3025941193888,113.70356321315508,92.50459380053296,71.30562438791083,73.23280342542192,67.4512663128886,59.7425501628442,55.88819208782199,53.961013050310896,50.10665497528869,2544.1939594998785,11.675,11.66,11.635,11.6,11.56,11.585,11.575,11.59,11.64,11.579999999999998,11.595,758.2549707335961,972.8418475413944,233.3848312341996,163.24084576491225,49.39458662627828,33.78663174436879,22.76925182772679,10.099264923588496,1.4689839888855996,0.3672459972213999,0.1836229986106999,836.3187969467486,1250.0590145079375,3712.8,28.293777026405596,4659.037630499999,True,False,575.0,0.5120833333333333,0.4879166666666666,4968320.181285361,2424126.2217854825,1393.8725775266523,0.5478641171684296,20.27,20.72325,1.4664292107404393,0.7458021571648691,1.093666068699796,69.19156394453005,3081.47796,82.51335905870552,2245.7920833807825,-1488.727993310837,4985.212011527088,-1250.691934835469,1410.1062067615646
2025-01-07,141.9542611233144,3406.9022669595456,50.583333333333336,1.51,1.46,1.485976935749588,4.25,3.84,4.045,307.5,218.0,0.0,0.3945943104866911,0.0,3757.555997155848,385.0,609.3528831558484,7.780179938744258,21.980876722817765,70.23894333843798,380.0,380,385,390,385,380,385,400.0,405,420,385,22.0,10.66,8.84,8.74,8.65,7.75,8.52,8.86,8.61,8.14,7.16,12.375,9.75,9.3125,13.8125,11.8125,12.375,12.4375,18.5,21.9375,407.0,200.5,138.5,118.5,89.0,70.5,61.0,49.0,48.0,1097.0,519.0,438.0,238.5,238.0,208.5,173.5,150.5,131.5,1.072,1.011,0.441,0.358,0.242,0.157,0.022,0.002,0.002,0.001,0.001,1.383,1.267,0.782,0.709,0.399,0.255,0.202,0.161,0.139,0.128,0.0,0.0,81.38462252615373,73.81395996558129,66.24329740500885,62.45796612472263,54.88730356415019,52.99463792400709,51.10197228386397,54.88730356415019,49.20930664372087,2527.0147548459627,11.695,11.645,11.62,11.645,11.655,11.665,11.595,11.555,11.565,11.535,11.56,777.3104478963818,733.0791630813823,81.54146121099589,66.19465558625062,44.746107966124725,29.029499796204885,4.067827996920429,0.3698025451745845,0.3698025451745845,0.1849012725872922,0.1849012725872922,1411.523529667185,546.9803700013588,2974.1128125,29.939221030554783,4652.9767711,False,True,380.0,0.5058333333333334,0.4941666666666666,4995745.808591689,2468731.053745726,938.117800423376,0.3712355848434925,22.0,20.43925,1.485976935749588,0.7023894333843798,1.04373449792341,73.46327287519144,3148.203114,83.78326540929592,1737.078571169784,-2020.477425986064,4304.935353994176,-547.3793568383276,325.95402833956825
2025-01-08,143.47340993426965,3341.73483971903,50.75,1.01,1.25,1.1314556650246304,2.97,3.85,3.41,318.0,148.0,0.0,0.345985576068925,0.0,2819.94788587069,235.0,546.9534138706897,7.544129666011787,21.67464833005894,70.78122200392927,290.0,310,305,290,305,300,295,290.0,270,265,235,22.0,9.69,8.38,8.3,8.25,7.45,8.29,8.61,8.53,8.59,8.23,12.5,8.1875,10.75,8.9375,12.3125,10.0625,11.4375,12.4375,17.5,307.5,218.0,153.0,88.5,71.5,57.5,56.0,49.5,50.5,0.0,0.0,0.0,0.0,0.0,0.0,0.0,0.0,0.0,1.375,1.399,1.062,0.846,0.744,0.275,0.075,0.019,0.004,0.001,0.001,1.618,1.494,1.184,0.796,0.496,0.419,0.275,0.232,0.165,0.145,365.4497210504831,328.1589331881889,60.85856579126411,47.545754524425085,36.134773438563066,34.23294325758606,32.33111307660906,32.33111307660906,30.429282895632056,28.52745271465505,28.52745271465505,2489.1120280339865,12.035,11.93,11.93,11.975,11.915,11.905,11.89,11.865,11.92,11.945,11.925,995.1864199210776,1012.5569465233364,196.00467954823785,156.13932099605387,137.31401279085588,50.75450741597496,13.84213838617499,3.506675057830997,0.7382473805959994,0.1845618451489998,0.1845618451489998,-292.7185888218453,1024.527105728671,3182.0254687500005,29.622213634896383,4579.012164125001,False,True,310.0,0.5075,0.4925,4904654.242431501,2415542.2143975142,748.8180864632294,0.3008374384236453,22.0,20.43925,1.1314556650246304,0.7078122200392927,0.8008581461371179,72.97681728880157,2272.9944720000003,80.60413043052348,2566.4120717104365,-253.53581416025327,3845.174002487952,-1025.226116617262,2859.8296714208727
2025-01-09,145.4877875871422,1583.3920882400644,49.81818181818182,0.0,1.36,1.3610072992700732,0.0,4.42,4.42,266.5,137.5,4.350374271399318,0.5612358941951919,5.0,1564.2416196437955,200.0,254.0095236437956,2.662424496644296,7.634471476510066,74.9,440.0,400,320,300,280,240,240,240.0,250,240,200,,0.0,0.0,0.0,0.0,0.0,0.0,0.0,0.0,0.0,0.0,12.8125,9.6875,10.0,11.3125,12.5625,11.875,11.75,12.6875,22.625,318.0,148.0,88.0,75.5,74.0,65.5,66.5,73.0,80.5,959.0,463.0,303.0,230.5,191.0,174.0,149.0,161.5,160.5,1.243,1.354,0.988,0.574,0.256,0.121,0.088,0.021,0.004,0.001,0.001,1.756,1.862,1.452,1.121,0.874,0.622,0.425,0.352,0.214,0.2,326.63854003139727,348.41444270015705,75.88902080062795,64.78331043956044,59.2304552590267,57.379503532182106,53.67760007849294,49.975696624803774,46.273793171114605,44.42284144427002,42.57188971742544,1148.4757685269603,11.82,11.76,11.75,11.88,11.7,11.7,11.72,11.74,11.89,11.89,11.84,908.8339874411306,989.9929356357932,184.20887755102044,107.02013736263736,47.73023547880691,22.55999411302983,16.407268445839875,3.91537087912088,0.745784929356358,0.1864462323390895,0.1864462323390895,-971.3682493773454,1169.257093799058,3121.7259375,29.212073882520176,2129.8063034181814,True,False,440.0,0.4981818181818182,0.5018181818181817,2305334.571860687,1156858.8033337262,509.0178734668396,0.4432116788321167,22.0,20.488,1.3610072992700732,0.8791400102604803,1.1965159710448807,59.50689012916192,1310.2320960000002,83.76149052333503,2281.787484301414,717.5458646576185,2733.6858523669225,-1169.4442327231268,3253.3428726028283
2025-01-10,138.97615775859467,3335.427786206272,51.083333333333336,1.33,1.69,1.511436378466558,4.51,4.31,4.41,446.5,200.5,0.0,0.5022373796347314,0.0,3796.2755075126433,265.0,573.5507016961665,9.34143352601156,22.500913294797687,68.15765317919076,340.0,300,290,280,270,280,280,275.0,280,285,265,22.0,10.77,8.71,8.51,8.44,8.41,8.3,8.68,8.56,8.57,8.33,13.375,11.75,10.5,12.375,13.0625,13.1875,10.0625,11.25,19.9375,266.5,137.5,88.0,79.5,84.5,80.0,84.0,71.5,67.5,0.0,0.0,0.0,0.0,0.0,0.0,0.0,0.0,0.0,1.809,1.599,1.001,0.794,0.711,0.618,0.16,0.125,0.034,0.003,0.001,2.778,2.52,1.94,1.667,1.428,0.975,0.694,0.522,0.477,0.398,361.4577551298967,316.27553573865964,74.88952864097547,69.12879566859274,63.36806269621002,59.52757404795487,57.60732972382728,55.6870853996997,51.84659675144456,48.006108103189405,44.16561945493425,2509.3135305158444,11.68,11.67,11.6,11.645,11.64,11.675,11.63,11.61,11.675,11.695,11.665,1304.4652167978522,1153.0347604531596,184.06371968697388,146.00059283861867,130.73856613130715,113.63774102552436,29.420774375540287,22.98497998089085,6.251914554802311,0.5516395195413804,0.1838798398471268,136.73842542987825,1201.959991355385,3682.0565625,30.58078499610246,4600.388774125001,True,False,340.0,0.5108333333333334,0.4891666666666666,4912196.14456609,2402882.6140502454,816.9800887770834,0.32557911908646,22.0,20.51425,1.511436378466558,0.6815765317919076,1.0301595648593576,75.73986271676301,3222.724805816477,84.89175244101389,3091.333785204057,-704.9417223085861,5003.582903685487,-1207.3073961728433,2959.9427645916376
2025-01-11,148.51809990086795,3564.4343976208306,49.458333333333336,1.38,1.5,1.4445985678180284,3.62,4.72,4.17,475.5,279.0,0.0,0.4536306919313433,0.0,3698.39241820596,280.0,681.0566025735469,10.77803537824614,18.82933759879564,70.39262702295824,375.0,330,320,320,305,310,295,300.0,290,295,280,,0.0,0.0,0.0,0.0,0.0,0.0,0.0,0.0,0.0,0.0,11.625,10.75,11.75,10.9375,12.6875,13.5625,15.0,12.5,18.125,446.5,200.5,143.5,97.5,80.0,76.5,62.0,48.5,41.5,896.0,614.5,446.5,313.5,259.0,218.0,203.5,182.5,165.0,1.593,1.596,0.595,0.279,0.195,0.114,0.036,0.001,0.001,0.001,0.001,3.298,3.3,1.358,1.161,1.359,1.243,0.872,0.692,0.641,0.542,366.30711996593527,395.037090159342,71.42988839335739,67.76681719369803,64.10374599403868,58.609139194549655,56.77760359471998,53.11453239506062,49.45146119540127,45.78838999574192,42.12531879608257,2552.002657436105,11.765,11.72,11.77,11.815,11.704999999999998,11.685,11.705,11.675,11.755,11.72,11.71,1169.232939647251,1171.4348849196565,111.36338215190156,52.21913213509333,36.497242890119,21.336849689608027,6.73795253356043,0.1871653481544563,0.1871653481544563,0.1871653481544563,0.1871653481544563,440.76763441962464,1270.5111068779274,3702.7753125,28.616040757569397,4759.856583722918,True,False,375.0,0.4945833333333334,0.5054166666666666,5159904.277882604,2607901.620446499,977.963107667437,0.3832139848357201,22.0,20.53925,1.4445985678180284,0.7039262702295823,1.016890881823141,75.24088022205495,3017.3358156324134,81.58506384501193,2569.571045359808,-1128.8213728461528,4961.906389230907,-1263.5139710249464,2121.806275087202
2025-01-12,145.53860636062004,3492.926552654881,50.54166666666666,2.33,2.45,2.391957131079967,5.07,5.09,5.08,736.5,380.5,0.0,0.4131857126144519,0.0,6193.71944347568,330.0,753.4581517378402,10.111486988847584,21.33985130111524,68.54866171003717,335.0,425,455,440,435,430,415,400.0,385,380,330,,0.0,0.0,0.0,0.0,0.0,0.0,0.0,0.0,0.0,0.0,11.8125,9.4375,10.75,9.6875,9.5625,12.3125,11.9375,13.75,17.9375,475.5,279.0,157.5,112.0,70.0,60.5,51.5,51.0,42.5,0.0,0.0,0.0,0.0,0.0,0.0,0.0,0.0,0.0,2.152,2.107,1.235,0.518,0.311,0.274,0.035,0.014,0.006,0.001,0.001,3.611,3.74,2.879,1.868,1.248,0.889,0.736,0.453,0.283,0.231,533.7540460399737,518.9275447610855,96.40932456597024,83.17667217456257,77.50553543538784,73.72477760927137,69.94401978315489,66.1632619570384,62.38250413092193,58.601746304805445,51.04023065257249,2587.2753234527363,11.685,11.755,11.77,11.745,11.67,11.7,11.66,11.625,11.67,11.7,11.67,1561.1364675524574,1528.491885284864,228.45766823603975,95.82273048280858,57.53063548292175,50.68615473414972,6.474508816405986,2.589803526562394,1.109915797098169,0.1849859661830281,0.1849859661830281,1905.6720743530336,1691.6296634147443,5385.5203125,29.20187369026483,4766.534896916667,False,True,425.0,0.5054166666666666,0.4945833333333334,5119093.797433279,2531818.473980543,1076.022851441731,0.4158903544929928,22.0,20.574878048780487,2.391957131079967,0.6854866171003716,1.6396546020331166,75.97676579925651,5440.26129173784,87.83512623369604,3532.6697418456733,-2661.049701630007,7883.429631351291,-1689.7101878756112,1625.0781919535066
2025-01-13,142.67367378439045,3424.168170825371,50.875,1.72,3.58,2.652414004914005,3.84,6.18,5.01,746.0,510.5,0.0,0.3796785443694127,0.0,6798.278203019657,445.0,861.0977112078624,9.011653046062408,22.897678306092125,68.09066864784545,335.0,415,425,450,455,465,475,460.0,455,455,445,22.0,9.77,8.23,8.07,8.09,7.12,8.24,8.46,8.38,8.48,7.0,13.5,11.4375,11.5,11.25,11.25,13.0,12.6875,12.6875,20.625,736.5,380.5,189.5,90.0,65.5,56.0,49.0,45.5,47.0,0.0,0.0,0.0,0.0,0.0,0.0,0.0,0.0,0.0,1.986,2.04,1.352,0.865,0.526,0.325,0.145,0.066,0.01,0.001,0.001,3.895,3.889,3.865,3.562,2.352,1.852,1.456,1.251,0.865,0.685,598.8147946325183,568.8740549008924,124.06694026292487,112.61460731557796,104.97971868401336,99.2535522103399,83.98377494721068,82.07505278931953,82.07505278931953,74.44016415775492,72.53144199986377,2560.7205238008123,11.955,11.935,11.895,11.91,11.88,11.845,11.845,11.855,11.845,11.86,11.73,1435.42306382399,1474.4526939581772,249.182505278932,159.42519753422792,96.94526462775016,59.89964069205095,26.72445507799196,12.164234725154962,1.8430658674477216,0.1843065867447721,0.1843065867447721,2417.8208697675177,2003.7091546897348,5755.6846875,29.788256566678395,4703.523003650001,False,True,415.0,0.50875,0.4912499999999999,5033357.294940171,2472636.771139358,1026.1442600228338,0.4007248157248156,22.0,20.43309523809524,2.652414004914005,0.6809066864784546,1.8060464312550424,75.57561524888561,5937.180491811794,87.33359116098866,3516.428734759212,-3281.8494682604446,8799.056470424328,-2000.7782674046712,1095.67697770663
2025-01-14,142.37691636722727,3417.045992813454,49.958333333333336,2.81,2.34,2.5760016680567137,5.21,5.2,5.205,1090.0,759.0,0.0,0.3519456640005307,0.0,6415.502659076145,340.0,849.2607498261466,7.691212823483972,20.032595596755502,72.27619157976052,440.0,415,415,410,410,425,375,365.0,360,355,340,22.0,10.39,8.47,8.31,8.42,7.36,8.35,8.62,8.52,8.61,8.14,14.5625,9.5625,11.5,11.125,12.0625,11.375,13.5625,12.5625,18.75,746.0,510.5,172.0,96.5,68.0,53.0,51.0,54.5,52.0,1248.0,1077.0,420.0,331.0,204.0,172.5,165.5,160.0,147.5,2.366,2.613,1.439,1.251,0.856,0.328,0.113,0.067,0.015,0.002,0.001,3.44,3.917,0.0,0.0,0.0,0.0,0.0,0.0,0.0,0.0,349.8444289348673,444.59396177139394,120.8056543665714,109.65436319427248,98.5030720219736,94.78597496454064,94.78597496454064,76.2004896773758,72.48339261994283,68.76629556250987,61.332101447643936,2489.520133380911,11.585,11.585,11.55,11.65,11.52,11.49,11.485,11.525,11.56,11.51,11.45,1727.3179638426727,1907.6423666614128,267.89124693248084,232.89225150280296,159.3571281266182,61.062077132629405,21.036630231668056,12.473046243555396,2.7924730396019544,0.3723297386135939,0.1861648693067969,1173.547492579127,1591.7557095256325,8968.413750000002,29.850344483077155,4609.167913556248,True,False,440.0,0.4995833333333334,0.5004166666666666,4983192.927534767,2493672.794153856,1097.2160294276964,0.4407339449541282,22.0,20.26690476190476,2.5760016680567137,0.7227619157976053,1.8618359007024972,72.13438827732716,5566.241909249999,86.76236617835892,4393.023678321362,-2022.4789807547832,8007.587630252268,-1592.084971176123,3219.805447392726
2025-01-15,137.3348796896939,3296.037112552654,49.458333333333336,1.89,1.88,1.887043807919124,4.49,4.1,4.295,850.0,466.0,0.0,0.3290957817777938,0.0,4467.342599225105,355.0,812.165601337658,8.079702093397744,17.04770531400966,74.87259259259258,330.0,350,350,340,335,365,335,360.0,335,325,355,10.98,8.72,8.49,8.61,7.89,8.62,8.96,8.93,8.93,9.02,8.98,12.5,12.8125,11.625,13.0,14.375,12.9375,10.0625,12.5,17.8125,1090.0,759.0,324.0,151.5,123.5,98.5,78.5,77.0,72.0,0.0,0.0,0.0,0.0,0.0,0.0,0.0,0.0,0.0,2.121,2.011,1.214,0.752,0.425,0.121,0.069,0.02,0.003,0.001,0.001,3.685,3.712,3.465,2.788,2.412,1.744,1.214,0.865,0.562,0.457,409.4020752560453,430.94955290110033,108.06060038995092,100.73445799063222,97.07138679097288,87.91370879182448,84.25063759216513,75.09295959301674,64.10374599403868,60.44067479437933,53.11453239506062,2364.8121565979336,11.925,11.905,11.83,12.015,11.9,11.865,11.845,11.83,11.935,11.88,11.85,1556.775307590596,1476.037314269066,227.21873265951004,140.7483418121512,79.54527296564396,22.64700712668922,12.914409022657493,3.743306963089128,0.5614960444633692,0.1871653481544563,0.1871653481544563,137.90248460652833,1571.1343324891866,6974.002968750001,30.94625349075785,4401.445559175001,False,True,350.0,0.4945833333333334,0.5054166666666666,4781423.063045527,2416610.906447593,845.8138172566576,0.3576663858466722,10.98,20.10071428571428,1.887043807919124,0.7487259259259259,1.4128786223470309,70.75444343800322,3655.176997887447,81.8199391853552,3520.565519150174,-946.7770800749308,6041.767937583547,-1574.425338358442,3385.954040412901
2025-01-16,140.21645993883791,1910.4492666666663,49.333333333333336,2.68,2.77,2.7296216216216216,5.82,5.99,5.905,915.0,579.5,3.6572481190132895,0.449370524610733,5.0,3731.7971502,200.0,479.9059506,8.24037508846426,18.13046001415428,73.62916489738146,360.0,340,340,280,240,220,200,200.0,200,220,200,22.0,10.02,8.74,8.83,8.85,7.71,8.79,9.08,9.05,8.91,8.69,14.0,11.0625,12.25,11.5,9.5625,11.9375,13.75,12.9375,17.9375,850.0,466.0,223.0,154.5,112.0,80.0,75.5,71.0,100.5,1409.0,863.5,622.5,395.0,294.5,220.5,219.0,195.5,225.5,2.451,2.386,1.452,0.986,0.562,0.368,0.214,0.099,0.01,0.002,0.001,3.885,3.985,0.0,0.0,0.0,0.0,0.0,0.0,0.0,0.0,651.2106017191978,551.0243553008597,104.01479226361032,93.06586676217766,89.41622492836676,82.116941260745,72.99283667621778,72.99283667621778,65.69355300859598,67.51837392550144,62.04391117478511,1364.833381755218,12.05,11.96,12.02,12.13,11.88,11.83,11.87,11.92,12.04,12.07,12.24,1801.3796561604584,1753.6074498567334,272.1251862464183,184.79024355300857,105.3266905444126,68.96836676217764,40.10660458452722,18.553989971346702,1.874140401146132,0.3748280802292263,0.1874140401146131,-999.507545064899,1912.090293696276,8726.801249999999,30.310278849243804,2544.7184231999995,True,False,360.0,0.4933333333333333,0.5066666666666666,2766554.152206523,1401720.7704513047,504.61947736246975,0.3697297297297297,22.0,20.060243902439023,2.7296216216216216,0.7362916489738146,2.009797604858361,71.63200636942675,3251.8911996,87.14008475583192,4247.294570200573,515.4974200005727,5639.7832694319495,-1907.9861192319493,5242.697940801146
2025-01-17,135.221146228903,3245.307509493672,52.66666666666666,2.0,2.23,2.1163481012658227,6.44,5.57,6.005000000000001,788.0,423.0,0.0,0.4209185641945837,0.0,5411.847588764241,245.0,769.4471850094936,8.003016949152544,20.23790583804143,71.75907721280602,355.0,365,335,320,325,325,290,1630.0,260,285,245,21.77,11.28,9.21,8.75,8.73,7.92,8.61,8.95,8.81,8.87,8.72,11.5,11.6875,9.9375,13.9375,11.3125,14.3125,13.75,10.1875,21.5,915.0,579.5,336.0,244.5,251.5,153.5,127.0,123.0,99.5,0.0,0.0,0.0,0.0,0.0,0.0,0.0,0.0,0.0,2.623,2.282,1.441,1.057,0.815,0.576,0.114,0.012,0.001,0.001,0.001,2.978,2.768,2.94,2.529,2.171,1.331,1.178,0.871,0.575,0.394,480.6538603620243,488.533431843369,92.42737347617287,86.39950129294421,84.39021056520133,78.36233838197266,74.34375692648688,70.3251754710011,72.334466198744,66.30659401551533,64.29730328777244,2555.5343520827914,11.835,11.89,11.895,11.96,11.905,11.905,11.89,11.855,11.92,11.89,11.87,1857.514222386406,1616.030291835981,260.21840967861107,190.874988917621,147.1741872922054,104.01513114148504,20.58632803841892,2.166981898780939,0.1805818248984115,0.1805818248984115,0.1805818248984115,442.61768146095744,1658.3740118212042,7655.386875,31.42999537073573,4614.827278500001,False,True,365.0,0.5266666666666666,0.4733333333333334,4852280.415347072,2296746.063264281,838.3123130914626,0.3280379746835443,21.77,19.871463414634142,2.1163481012658227,0.7175907721280603,1.518671868079096,72.65246233521658,4642.400403754748,85.78217194055918,4199.122286664206,-1212.7253021000352,7069.5611649558605,-1657.7135761916195,3755.844169573664
2025-01-18,136.80399721636192,3283.2959331926863,52.66666666666666,2.27,1.89,2.0808987341772154,4.55,4.51,4.529999999999999,673.5,464.5,1.9326685340110048,0.5119260574747204,5.0,5383.485832044304,320.0,778.4540620443037,8.161438202247192,15.29752808988764,76.54103370786517,460.0,385,365,370,360,330,335,335.0,290,300,320,22.0,9.62,8.92,8.73,8.82,7.8,8.72,9.11,8.12,8.81,8.83,13.3125,11.8125,11.4375,12.25,13.875,13.0625,14.375,15.8125,18.375,788.0,423.0,256.0,200.5,140.5,131.0,123.0,111.0,107.0,1355.0,943.0,636.5,474.0,389.0,355.5,310.0,279.0,261.0,2.483,2.596,1.642,1.024,0.864,0.566,0.23,0.066,0.016,0.001,0.001,2.984,3.199,2.862,2.398,2.023,1.616,1.468,1.111,0.944,0.726,535.8108607314371,457.0151459179903,102.47382711488731,94.43666420391575,86.39950129294421,82.38091983745844,74.34375692648688,70.3251754710011,70.3251754710011,66.30659401551533,58.26943110454377,2585.9791404638936,11.76,11.685,11.61,11.605,11.545,11.57,11.54,11.515,11.495,11.55,11.545,1758.3712596970818,1838.3937938677504,296.51535648319174,184.91578869597345,156.02269671222757,102.20931289250092,41.53381972663466,11.918400443295162,2.889309198374585,0.1805818248984115,0.1805818248984115,212.2360764940048,1698.0870520871815,7100.323593749999,31.066343721510023,4668.846817,True,False,460.0,0.5266666666666666,0.4733333333333334,4910086.975564356,2324107.835100462,1069.0896041462129,0.4134177215189875,22.0,19.711219512195125,2.0808987341772154,0.7654103370786517,1.592741401553122,69.76275280898876,4605.03177,85.53996265002341,4393.130901366827,-990.3549306774768,7081.908091992317,-1698.4222599480136,4181.230032733654
2025-01-19,136.31828313776813,3271.6387953064354,51.29166666666666,2.53,2.55,2.5409496344435416,3.43,5.17,4.3,790.5,518.0,0.0,0.4840115411583967,0.0,6297.756881906416,355.0,787.7901597192525,7.242616822429907,14.474361370716512,78.28302180685358,380.0,410,400,400,400,395,390,395.0,375,370,355,22.0,10.21,8.91,5.89,8.41,7.79,8.34,8.81,9.01,8.93,8.71,13.5,10.4375,11.75,10.9375,10.9375,9.625,11.75,13.125,17.0,673.5,464.5,265.0,241.0,150.0,139.0,132.5,119.0,121.0,0.0,0.0,0.0,0.0,0.0,0.0,0.0,0.0,0.0,2.352,2.451,1.754,1.052,0.658,0.325,0.152,0.024,0.004,0.001,0.001,4.253,3.629,3.434,3.099,2.612,1.867,1.782,1.225,0.857,0.638,553.0282861896839,484.8467166594489,113.97685706470948,102.38599024456954,94.65874569780958,90.7951234244296,86.93150115104962,75.34063433090967,71.47701205752968,69.54520092083969,59.88614523738973,2477.5789030460924,11.6,11.605,11.605,11.675,11.655,11.67,11.675,11.665,11.73,11.74,11.74,1692.0697467690834,1763.2920702938025,321.77382467576865,192.9909142297085,120.71104711325872,59.62171779910194,27.884618786041525,4.402834545164452,0.7338057575274086,0.1834514393818521,0.1834514393818521,1331.1183706922584,1802.872212978369,7830.061875,31.177035847090284,4530.81077665,False,True,410.0,0.5129166666666667,0.4870833333333333,4830373.1659712605,2352794.262925168,964.6456477993188,0.3893501218521527,22.0,19.550975609756097,2.5409496344435416,0.7828302180685358,1.989132156432604,68.09974688473521,5509.966722187164,87.49094043336939,4183.847482848221,-2113.909399058195,8105.628226238101,-1807.871344331685,2857.728243509279
2025-01-20,142.4435509759455,3418.645223422692,51.29166666666666,2.34,2.56,2.450949634443542,5.94,5.06,5.5,781.0,512.5,0.0,0.4579199184609477,0.0,6347.64901789009,360.0,844.1682553900894,10.172766592095453,19.756349739000747,70.0708836689038,435.0,420,400,405,410,400,395,390.0,390,385,360,22.0,11.33,8.85,8.62,8.67,7.53,8.37,8.69,8.8,8.58,8.53,13.6875,10.6875,9.75,10.125,12.75,9.875,12.125,9.9375,20.625,790.5,518.0,283.5,189.5,158.5,149.0,119.5,143.5,160.0,0.0,0.0,0.0,0.0,0.0,0.0,0.0,0.0,0.0,2.352,2.451,1.254,0.862,0.521,0.355,0.142,0.066,0.005,0.001,0.001,0.0,0.0,0.0,0.0,0.0,0.0,0.0,0.0,0.0,0.0,522.7253663984683,499.9981765550567,115.90866820139948,102.38599024456954,96.59055683449957,83.06787887766963,75.34063433090967,71.47701205752968,69.54520092083969,59.88614523738973,54.090711827319765,2588.8698387882614,11.505,11.465,11.45,11.495,11.405,11.415,11.48,11.445,11.515,11.535,11.435,1692.0697467690834,1763.2920702938025,230.04810498484255,158.13514074715656,95.57819991794496,65.12526098055751,26.050104392223,12.10779499920224,0.9172571969092608,0.1834514393818521,0.1834514393818521,1460.1163042333303,1751.0163414856515,9075.1471875,29.836380593444343,4734.396303787501,True,False,435.0,0.5129166666666667,0.4870833333333333,5047349.807548195,2458479.968759933,1069.438786410571,0.4130909829406987,22.0,19.41829268292683,2.450949634443542,0.700708836689038,1.7174020671343575,75.06367682699478,5503.480762500001,86.7010880247017,4043.690583160486,-2303.9584347296045,8098.991484269557,-1751.3424663794667,2583.9004038209705
2025-01-21,147.10667532294983,3530.560207750796,50.333333333333336,2.29,2.35,2.320986754966888,5.49,4.67,5.08,883.0,609.5,0.0,0.4343977125769584,0.0,6038.0447220596025,355.0,887.0381964287085,3.374684014869889,15.61453531598513,81.01078066914498,405.0,405,400,400,400,375,395,390.0,370,370,355,21.95,11.59,8.77,8.81,8.68,7.81,8.62,8.96,9.08,9.12,8.99,13.125,10.9375,11.8125,12.1875,11.5625,10.3125,13.125,15.25,16.25,781.0,512.5,384.5,258.5,242.5,184.0,167.5,157.0,169.0,1328.0,839.5,766.0,571.0,505.5,402.0,394.0,366.5,293.0,2.142,2.235,1.253,0.751,0.365,0.152,0.088,0.021,0.001,0.001,0.001,0.0,0.0,0.0,0.0,0.0,0.0,0.0,0.0,0.0,0.0,685.2720043376108,589.4812940538588,95.82755286463042,88.31166636544371,84.55372311585037,77.03783661666367,73.27989336707031,69.52195011747698,67.6429784926803,62.00606361829027,54.49017711910357,2600.3929867691577,11.63,11.565,11.535,11.505,11.435,11.37,11.425,11.385,11.34,11.29,11.23,1557.4310500632569,1625.05060545816,232.31679830110247,139.2417522139888,67.67408729441533,28.182085667811315,16.315944333996022,3.893577625158143,0.1854084583408639,0.1854084583408639,0.1854084583408639,1480.681938165574,1947.4251400686796,10156.87494642857,28.890599224472894,4798.031322333333,False,True,405.0,0.5033333333333334,0.4966666666666666,5166343.682322829,2565950.695553672,1039.2100316992369,0.3996357615894038,21.95,19.480243902439025,2.320986754966888,0.8101078066914499,1.880249489426131,63.97743959107808,5151.0065256308935,85.30918141119471,3670.662126332913,-2367.382595726689,7985.807400995875,-1947.762678936272,2190.317727034932
2025-01-22,149.38138931695514,3585.1533436069235,49.75,2.07,2.13,2.101010050251256,5.61,4.75,5.18,856.0,657.0,0.0,0.4132077771451003,0.0,5456.629007565828,395.0,872.667023565829,8.776860119047619,15.023080357142858,76.20005952380951,425.0,445,435,440,420,415,410,425.0,405,420,395,21.95,10.91,8.45,8.76,8.6,7.72,8.63,8.89,8.87,8.82,7.52,11.657142857142857,11.375,12.625,12.9375,11.9375,14.25,8.8125,11.3125,15.0,883.0,609.5,415.0,283.5,260.0,225.0,211.0,217.5,204.5,0.0,0.0,0.0,0.0,0.0,0.0,0.0,0.0,0.0,2.086,1.981,1.154,0.741,0.356,0.145,0.067,0.025,0.003,0.001,0.001,0.0,0.0,0.0,0.0,0.0,0.0,0.0,0.0,0.0,0.0,536.0684913037617,507.0918160981529,101.59946743966564,97.90494135095054,94.2104152622354,90.51588917352028,83.12683699609008,75.73778481865983,72.04325872994472,64.6542065525145,57.26515437508427,2595.8970350226377,11.55,11.52,11.585,11.72,11.57,11.61,11.57,11.57,11.655,11.615,11.565,1526.3208844546311,1449.4926520156398,215.31660914116216,138.2578920048537,66.42349467439665,27.054513280302004,12.501050964001616,4.664571255224484,0.5597485506269381,0.1865828502089793,0.1865828502089793,1143.4156712261586,1780.2182621005798,11101.0584375,28.450665905793763,4815.7572288,False,True,445.0,0.4975,0.5025,5217883.487482689,2621986.452460051,1166.7839713447229,0.4494723618090452,21.95,19.54023809523809,2.101010050251256,0.7620005952380952,1.6009709088926771,70.36050037202381,4583.961983999999,84.00721356801346,3440.964582041257,-2015.664425524571,7237.265538933824,-1780.6365313679962,2297.967180082515
2025-01-23,143.10864431189324,3434.607463485438,49.91666666666666,2.23,2.24,2.236003338898164,5.27,5.16,5.215,984.5,752.0,1.999805338948307,0.4843725029167903,5.0,5590.55247865793,345.0,665.0730791579299,7.4324856156501715,18.08500575373993,74.4825086306099,390.0,405,375,375,395,400,390,430.0,380,395,345,11.9,9.86,8.87,8.89,9.0,7.95,8.88,9.15,9.0,9.12,8.74,11.875,10.875,11.125,11.25,11.75,11.6875,12.375,10.25,16.8125,856.0,657.0,524.5,372.0,320.0,288.0,255.5,224.5,215.0,1306.5,1135.0,822.5,787.0,824.5,611.0,545.5,448.5,390.5,1.98,1.73,1.178,0.736,0.432,0.198,0.058,0.029,0.003,0.001,0.001,0.0,0.0,0.0,0.0,0.0,0.0,0.0,0.0,0.0,0.0,473.1714452896431,429.49408110906063,118.80243057118425,96.5269748390872,87.24553495071342,79.8203830400144,72.39523112931539,64.97007921861638,59.40121528559212,57.54492730791736,46.40719944186884,2499.121441385513,11.82,11.65,11.69,11.76,11.615,11.65,11.635000000000002,11.565,11.71,11.7,11.7,1446.1655489039924,1263.568888688842,219.40084304811631,137.07896475671782,80.45939235720395,36.87722149705181,10.802418418328308,5.401209209164154,0.5587457802583607,0.1862485934194536,0.1862485934194536,1725.0909754363252,1585.779502183013,10547.54109375,29.697716867036227,4628.992208912499,False,True,405.0,0.4991666666666666,0.5008333333333334,5006587.194762297,2507465.753376784,1015.5236301175976,0.4063522537562604,11.9,19.597441860465118,2.236003338898164,0.744825086306099,1.6654313798755505,70.59373561565016,4925.4793995,88.1036251480178,3200.685729846514,-2389.866748811416,7176.629286623782,-1586.076807965852,1475.8920601930276
2025-01-24,132.3827369024166,3177.1856856579984,48.958333333333336,2.17,2.26,2.216042553191489,5.24,5.65,5.445,865.0,706.5,0.0,0.4655904229622657,0.0,4983.127798889362,415.0,610.6549115840428,2.0731401789518533,19.082986791648917,78.84387302939923,425.0,375,435,415,430,445,440,460.0,405,435,415,15.43,10.3,8.96,9.08,8.94,8.34,8.95,9.25,9.18,9.09,8.18,11.125,9.625,9.8125,11.6875,12.4375,13.3125,13.375,11.625,19.125,984.5,752.0,563.0,391.0,281.5,235.0,175.5,145.5,126.0,0.0,0.0,0.0,0.0,0.0,0.0,0.0,0.0,0.0,1.92,1.83,0.92,0.8,0.47,0.213,0.093,0.068,0.003,0.001,0.001,0.0,0.0,0.0,0.0,0.0,0.0,0.0,0.0,0.0,0.0,523.7367540435026,495.4266592303403,138.96717791411044,102.8718070273285,92.04319576129392,83.01935303959844,77.60504740658115,68.58120468488568,59.55736196319019,52.3382877858338,43.31444506413832,2247.6028013662467,11.505,11.7,11.655,11.66,11.635,11.615,11.625,11.615,11.695,11.69,11.685,1416.7094255437814,1350.3011712214168,173.1041829336308,150.52537646402678,88.43365867261572,40.07738148354713,17.49857501394311,12.794656999442276,0.5644701617401005,0.1881567205800334,0.1881567205800334,1123.5454821958087,1737.4612939208032,10598.65265625,32.1038837800491,4199.842328229167,True,False,425.0,0.4895833333333333,0.5104166666666666,4590848.275131057,2343245.4737648102,995.8793263500444,0.4430851063829787,15.43,19.662840909090907,2.216042553191489,0.7884387302939924,1.7472137769157543,64.51829196847038,4372.472887305319,87.74554985886283,3250.3852119353046,-1732.742586954057,6722.04689963596,-1738.919100746598,2128.29753656529
2025-01-25,142.9640953065134,3431.1382873563216,50.75,2.48,2.266,2.373970443349754,6.04,5.667,5.8535,938.0,699.5,0.0,0.4459133487093229,0.0,6074.98324262069,410.0,671.5476240517241,6.62557620817844,13.951226765799255,79.42319702602231,380.0,415,375,400,380,405,375,425.0,385,365,410,22.0,11.79,9.05,8.89,8.77,7.91,8.76,8.99,8.82,8.76,8.5,11.375,9.1875,9.375,9.5,12.375,13.4375,13.0,20.0625,23.6875,865.0,706.5,573.0,414.0,373.5,233.5,185.0,145.0,120.5,2032.0,1723.5,1310.0,972.0,917.5,583.0,479.0,355.0,302.0,1.48,1.28,0.64,0.51,0.42,0.31,0.24,0.06,0.02,0.001,0.001,0.0,0.0,0.0,0.0,0.0,0.0,0.0,0.0,0.0,0.0,559.3618179344128,536.9873452170364,144.53909375425226,119.8153014015512,91.28784868689615,85.58235814396515,83.68052796298815,72.26954687712613,64.66222615321811,55.153075248333096,49.44758470540209,2557.950920581595,11.43,11.305,11.295,11.39,11.315,11.3,11.34,11.36,11.41,11.5,11.495,1071.18247380596,926.4280854538032,118.1195808953599,94.12654102598992,77.51597496257993,57.214171996189954,44.294842835759965,11.073710708939991,3.691236902979997,0.1845618451489998,0.1845618451489998,3003.4168993709254,1862.7867260851815,9185.7215625,29.72774381489316,4701.51723825,False,True,415.0,0.5075,0.4925,5040297.380456344,2482346.4598747496,1030.1737808480211,0.4027339901477832,22.0,19.72125,2.373970443349754,0.794231970260223,1.8854832225612104,67.00148698884759,5403.435618568967,88.94568763020942,2404.0157422778607,-3670.9675003428297,7941.766991785691,-1866.7837491650007,-595.4041340132449
2025-01-26,138.39229188700017,3286.816932316254,48.25,2.64,2.63,2.636072538860103,6.13,5.47,5.8,842.5,546.0,2.194994823543708,0.509328752016708,5.0,6004.735206173056,325.0,594.699668673057,7.873940411246328,16.698892152748634,75.42716743600504,345.0,380,380,370,290,375,350,395.0,350,335,325,22.95,11.61,9.01,8.94,8.95,8.05,8.89,9.11,9.2,9.0,8.66,11.4375,9.0,8.9375,9.6875,8.625,10.0625,11.8125,11.75,17.5,938.0,699.5,522.5,375.0,267.5,234.0,187.5,156.0,113.5,0.0,0.0,0.0,0.0,0.0,0.0,0.0,0.0,0.0,1.86,1.88,1.0,0.556,0.4,0.16,0.04,0.01,0.001,0.001,0.001,0.0,0.0,0.0,0.0,0.0,0.0,0.0,0.0,0.0,0.0,367.31347253624153,443.5483441947067,88.36314669503925,74.22504322383297,67.15599148822983,63.62146562042825,60.08693975262669,58.31967681872591,54.78515095092433,51.25062508312276,45.94883628142041,2276.9828868577056,11.395,11.32,11.27,11.445,11.385,11.36,11.35,11.33,11.42,11.39,11.39,1382.5694906237532,1397.4358292326108,189.54581726293392,105.38747439819127,75.81832690517358,30.32733076206943,7.581832690517357,1.8954581726293396,0.1895458172629339,0.1895458172629339,0.1895458172629339,2219.1463114173275,1374.6186926452988,8551.6321875,30.70980285137703,4281.9007585750005,False,True,380.0,0.4825,0.5175000000000001,4719135.516803536,2442152.62994583,928.0179993794154,0.4075647668393783,22.95,19.46715909090909,2.636072538860103,0.7542716743600505,1.9883148476205592,70.27923310952582,5410.035537499999,90.09615498012823,3191.130197499668,-2813.6050086733885,7379.594870235351,-1374.8596640622943,972.2248574993362
2025-01-27,82.2514270026473,998.6694095238096,50.4,2.7,2.66,2.6809841269841272,6.15,6.02,6.085,969.5,805.5,0.0,0.5034209882800109,0.0,1976.6866477428573,390.0,207.8948834857143,8.22029177718833,16.88684350132626,74.89286472148541,470.0,440,360,340,340,400,360,350.0,350,300,390,21.95,9.61,8.88,8.86,8.98,7.78,9.07,9.36,9.21,9.22,8.93,10.6875,11.5625,12.5625,10.75,12.5,10.75,11.75,13.3125,18.75,842.5,546.0,336.0,318.0,238.0,190.5,153.0,129.5,108.5,0.0,0.0,0.0,0.0,0.0,0.0,0.0,0.0,0.0,1.2,1.52,0.56,0.24,0.12,0.088,0.027,0.009,0.001,0.001,0.001,0.0,0.0,0.0,0.0,0.0,0.0,0.0,0.0,0.0,0.0,398.671875,428.203125,79.06992187499999,71.539453125,67.77421875,64.00898437500001,58.3611328125,54.5958984375,50.830664062500006,52.71328125000001,50.830664062500006,737.0282547039111,11.27,11.18,11.06,11.24,11.13,11.15,11.16,11.04,11.3,11.3,11.43,871.875,1104.375,103.753125,44.465625,22.2328125,16.3040625,5.0023828125,1.6674609374999998,0.1852734375,0.1852734375,0.1852734375,-400.63814837959535,1376.59921875,9266.745535714286,51.67083605568584,1358.98933248,True,False,470.0,0.504,0.496,1462357.648222046,725329.3935181348,340.9048149535234,0.4625396825396826,21.95,19.461022727272727,2.6809841269841272,0.7489286472148541,2.007865815426719,70.82964190981431,1768.791764257143,89.48265858308369,2170.2312890625003,193.544641319643,3354.0872429186197,-1377.400595175762,2571.6708138678573
2025-01-28,128.44153936175843,2709.0461343717548,50.95238095238095,3.07,2.68,2.875962616822429,6.79,4.96,5.875,775.0,623.0,2.4602519238924017,0.564046734147038,5.0,5844.853912912149,335.0,582.1434838682244,7.8648393194707,18.841134215500944,73.29402646502834,425.0,410,400,400,375,390,360,370.0,365,340,335,21.95,10.77,8.47,8.2,8.69,8.12,8.77,9.0,8.88,8.96,9.03,6.928571428571429,8.214285714285714,10.785714285714286,12.214285714285714,10.285714285714286,10.142857142857142,12.642857142857142,16.928571428571427,18.785714285714285,969.5,805.5,490.5,382.0,257.0,262.0,199.0,156.0,138.0,1779.5,1339.0,1006.0,804.0,726.5,584.5,491.5,359.0,327.5,1.64,1.76,1.2,0.44,0.24,0.08,0.024,0.001,0.001,0.001,0.001,0.0,0.0,0.0,0.0,0.0,0.0,0.0,0.0,0.0,0.0,405.1051674889639,525.1363282264347,110.95380420669956,99.47582446117892,89.91084133991171,80.34585821864451,70.7808750973773,65.04188522461699,66.95488184887043,63.12888860036355,59.30289535185666,2031.631962398612,11.275,11.335,11.32,11.385,11.265,11.24,11.215,11.205,11.28,11.275,11.239999999999998,1184.3261490521943,1270.9841599584524,220.97792781095825,81.02524019735135,44.195585562191646,14.73186185406388,4.419558556219164,0.1841482731757985,0.1841482731757985,0.1841482731757985,0.1841482731757985,2442.4853896322616,1636.137250064918,6121.585781249999,33.08898368174942,3726.8734677142857,True,False,425.0,0.5095238095238095,0.4904761904761905,3987315.0663898,1955683.103991188,831.1653191962548,0.4091121495327103,21.95,19.415795454545453,2.875962616822429,0.7329402646502835,2.1079088014981533,71.60675803402647,5262.710429043925,90.04006785212914,2821.397076084134,-3023.456836828015,7482.163199649538,-1637.309286737389,380.0837231243431
2025-01-29,140.2862405033238,3366.869772079772,51.458333333333336,2.49,2.6,2.5459433198380563,5.13,5.17,5.15,746.5,560.5,0.0,0.5428378959422109,0.0,6525.023593846153,400.0,734.0558157692308,7.689109022556391,15.462473684210526,76.84841729323308,445.0,430,405,400,430,390,380,370.0,410,400,400,9.59,8.82,8.64,8.8,8.68,7.94,8.64,9.01,8.97,9.13,8.74,5.625,5.8125,8.375,9.625,11.0,10.0625,7.5625,8.25,14.875,775.0,623.0,487.5,333.0,250.0,187.5,169.0,119.5,123.5,0.0,0.0,0.0,0.0,0.0,0.0,0.0,0.0,0.0,2.16,1.69,1.16,0.44,0.2,0.096,0.036,0.018,0.003,0.001,0.001,0.0,0.0,0.0,0.0,0.0,0.0,0.0,0.0,0.0,0.0,312.0979340257962,380.6072366168247,98.9959422440361,93.17265152379868,85.40826389681546,79.58497317657803,71.82058554959481,65.9972948293574,62.11510101586578,56.291810295628366,50.46851957539095,2561.960393688141,11.735,11.67,11.625,11.73,11.575,11.545,11.51,11.565,11.655,11.62,11.6,1551.0284214130809,1213.5361260130123,212.404725487958,80.56730966784615,36.62150439447552,17.57832210934825,6.591870791005594,3.295935395502797,0.5493225659171328,0.1831075219723776,0.1831075219723776,2669.907484916788,1356.5603127496863,8933.564015625,30.2952020437051,4677.844689583333,True,False,445.0,0.5145833333333334,0.4854166666666666,4978708.457369666,2416748.0636815247,1075.4528883382786,0.4197773279352226,9.59,19.328977272727272,2.5459433198380563,0.7684841729323308,1.9565171464783413,69.27543233082706,5790.967778076922,88.75014311884588,3122.5397528820918,-3402.4838409640606,7883.063366317795,-1358.0397724716422,454.1117276872615
2025-01-30,136.5194217820279,3276.4661227686697,50.833333333333336,2.31,2.29,2.300967213114754,5.36,4.83,5.095000000000001,906.5,668.0,0.0,0.5240061911897982,0.0,5636.314448567213,380.0,651.4976995672132,3.9557165231010183,16.19974158183242,79.84454189506657,380.0,395,415,420,430,420,390,410.0,385,390,380,21.95,10.6,8.65,8.27,8.75,7.87,8.75,8.91,8.99,8.99,7.22,12.4375,9.04375,10.5,10.125,9.0,14.375,14.8125,16.0625,19.6875,746.5,560.5,427.5,321.0,258.5,229.0,191.5,136.5,116.5,1677.5,1246.5,945.5,611.5,549.0,419.0,397.5,323.5,227.5,1.28,1.16,0.8,0.28,0.14,0.08,0.042,0.019,0.003,0.001,0.001,0.0,0.0,0.0,0.0,0.0,0.0,0.0,0.0,0.0,0.0,433.61779391738537,418.66545619609633,87.69546073536088,83.88261461643215,74.35049931911031,70.53765320018158,64.81838402178848,68.63123014071721,64.81838402178848,55.28626872446664,41.94130730821608,2448.5117336259163,11.505,11.815,11.725,11.73,11.735,11.68,11.69,11.71,11.82,11.82,11.84,925.57421697685,838.8016341352701,147.51339083068544,51.62968679073991,25.814843395369955,14.751339083068544,7.744453018610987,3.503443032228779,0.5531752156150704,0.1843917385383568,0.1843917385383568,2968.8346446336163,1464.245052201543,12124.070624999998,31.13110167420509,4496.949753499999,False,True,395.0,0.5083333333333333,0.4916666666666667,4816744.3940181965,2368232.66039228,935.4519008549506,0.3820491803278689,21.95,19.19625,2.300967213114754,0.7984454189506657,1.8371967304671557,65.06948414252155,4984.816749,88.44106897313317,2016.2549659555157,-3620.0594826116976,7100.832362357888,-1464.5179137906753,-952.306817088969
2025-01-31,139.17538749302062,3340.209299832495,49.75,2.36,2.63,2.496010050251257,4.81,4.87,4.84,743.5,626.0,2.066368448372198,0.5751096113560897,5.0,6039.605502633166,410.0,558.9759426331657,5.021999999999999,17.278984126984128,77.69901587301588,410.0,400,435,435,430,435,427,440.0,400,410,410,21.95,10.44,8.66,8.67,8.8,7.92,8.71,8.97,9.04,8.98,8.88,12.625,12.625,12.875,11.375,12.8125,10.4375,9.6875,14.4375,16.75,906.5,668.0,561.0,418.0,340.0,330.0,248.5,204.5,151.0,0.0,0.0,0.0,0.0,0.0,0.0,0.0,0.0,0.0,1.52,1.92,1.12,0.8,0.4,0.128,0.028,0.009,0.001,0.001,0.001,0.0,0.0,0.0,0.0,0.0,0.0,0.0,0.0,0.0,0.0,383.9409464743158,434.6501280841311,90.51588917352028,86.82136308480517,84.97410004044762,72.04325872994472,68.34873264122962,62.80694350815695,55.41789133072671,53.57062828636915,46.18157610893893,2418.7248282082355,11.48,11.489999999999998,11.54,11.7,11.59,11.565,11.57,11.56,11.64,11.63,11.645,1112.1801267358771,1404.8591074558449,208.9727922340569,149.26628016718348,74.63314008359174,23.88260482674936,5.2243198058514215,1.679245651880814,0.1865828502089793,0.1865828502089793,0.1865828502089793,2499.5974040004435,1439.271457462586,9612.4003125,30.537008565635425,4486.736141999999,True,False,410.0,0.4975,0.5025,4861758.44865977,2443033.620451534,1001.6437843851288,0.4141206030150753,21.95,19.066022727272728,2.496010050251257,0.7769901587301588,1.9393752451367956,67.07686507936508,5480.62956,90.7448269197473,2981.257365511662,-3058.348137121504,7479.102169607857,-1439.496666974691,481.8851710233239
2025-02-01,130.29811820681053,3127.154836963453,50.333333333333336,2.45,2.53,2.490986754966888,5.41,4.87,5.140000000000001,380.0,360.0,0.0,0.0,0.0,6039.605502633166,410.0,558.9759426331657,4.2822861981371725,16.860939881456392,78.85677392040644,380.0,360,365,370,395,370,360,360.0,385,370,370,22.0,10.31,8.48,8.49,8.7,7.8,8.76,8.8,8.9,8.86,6.5,10.25,11.9375,12.25,9.5,11.375,10.0,12.8125,16.625,22.0,846.0,704.0,531.0,339.0,291.5,231.0,197.0,148.0,135.0,0.0,0.0,0.0,0.0,0.0,0.0,0.0,0.0,0.0,1.24,1.32,0.96,0.8,0.36,0.136,0.08,0.018,0.006,0.001,0.001,0.0,0.0,0.0,0.0,0.0,0.0,0.0,0.0,0.0,0.0,434.74245436472086,346.32026025664203,103.34343936381713,88.31166636544371,80.79577986625702,73.27989336707031,69.52195011747698,63.88503524308695,62.00606361829027,56.36914874390025,52.6112054943069,2303.336317449134,10.87,10.95,10.935,11.125,11.04,11.065,11.079999999999998,11.125,11.245,11.265,11.26,901.5940719320442,959.7614314115308,177.99212000722935,148.32676667269115,66.747045002711,25.21555033435749,14.832676667269114,3.33735225013555,1.1124507500451837,0.1854084583408639,0.1854084583408639,2862.4558976930216,1431.1868968010124,10297.186875,32.617508667733446,4249.803423433334,True,False,380.0,0.5033333333333334,0.4966666666666666,4576164.869104241,2272828.5516551062,863.6748496289404,0.3749668874172185,22.0,18.94306818181818,2.490986754966888,0.7885677392040644,1.9643117937515076,65.89094517358171,5480.62956,90.7448269197473,2299.290281944696,-3740.31522068847,7151.909019071895,-1112.3035164387293,-882.0489961106086
2025-02-02,143.09475510723615,3434.274122573668,51.375,2.69,2.45,2.570946472019465,4.96,4.84,4.9,375.0,375.0,0.0,0.0,0.0,5737.580259,420.0,578.3360042443709,4.0935837716003,17.46880540946657,78.43761081893312,375.0,375,390,400,370,405,350,365.0,340,360,375,21.95,10.47,8.59,8.64,8.52,7.91,8.7,8.82,8.9,8.88,8.72,10.75,12.3125,11.75,11.9375,10.25,10.25,14.1875,19.375,20.875,793.0,679.5,522.0,350.5,351.5,241.5,192.0,158.5,157.0,0.0,0.0,0.0,0.0,0.0,0.0,0.0,0.0,0.0,1.16,1.36,0.52,0.32,0.12,0.06,0.011,0.004,0.002,0.001,0.001,0.0,0.0,0.0,0.0,0.0,0.0,0.0,0.0,0.0,0.0,334.1326216382674,334.1326216382674,91.0131697803326,87.14026893861632,79.39446725518374,75.52156641346747,71.6486655717512,67.77576473003491,63.90286388831864,56.15706220488607,48.41126052145351,2607.001301250451,11.07,11.155,11.155,11.355,11.255,11.255,11.17,11.29,11.36,11.355,11.36,833.7425579963049,977.4912748922196,95.3053993019914,58.649476493533165,21.993553685074936,10.996776842537468,2.0160757544652026,0.7331184561691646,0.3665592280845823,0.1832796140422911,0.1832796140422911,4075.119133821429,1309.2303325805792,10801.60875,29.70059941620517,4763.767492274999,False,True,375.0,0.51375,0.4862499999999999,5074455.0875921175,2467453.7863416667,925.2951698781252,0.3549270072992699,21.95,18.829431818181817,2.570946472019465,0.7843761081893313,2.0165889880857195,66.03498309541699,5159.244254755629,89.9202106439001,2001.6613518784648,-3735.918907121536,7964.346822524843,-2226.766563524843,-1155.9215509986998
2025-02-03,149.05584780149607,3577.340347235906,50.75,2.49,2.48,2.4859704433497543,5.09,4.9,4.995,350.0,345.0,0.0,0.0,0.0,6702.460798000001,400.0,632.0816422323602,6.9625813609467455,17.267045118343194,75.77037352071007,350.0,345,310,310,340,330,325,335.0,345,335,310,22.0,11.03,8.73,8.77,8.83,8.01,8.79,8.96,9.18,9.17,8.83,11.75,12.9375,11.8125,11.375,11.125,12.125,13.5,10.9375,17.125,709.5,569.0,440.0,334.5,253.0,215.5,174.0,149.0,118.0,1659.0,1407.5,1070.0,812.5,596.5,525.0,438.5,338.0,290.5,2.28,2.0,1.08,0.48,0.28,0.08,0.036,0.014,0.006,0.001,0.001,0.0,0.0,0.0,0.0,0.0,0.0,0.0,0.0,0.0,0.0,693.608654238672,536.9873452170364,123.61896176350524,114.1098108586202,104.6006599537352,96.99333922982716,91.28784868689615,83.68052796298815,70.36771669614913,62.76039597224111,51.34941488637909,2666.995283767824,11.16,11.235,11.25,11.425,11.235,11.225,11.225,11.205,11.33,11.295,11.28,1650.2000272145867,1447.5438835215675,199.32679276091983,88.58968567151993,51.67731664171996,14.764947611919988,6.644226425363994,2.583865832085998,1.1073710708939992,0.1845618451489998,0.1845618451489998,2487.18041019833,2029.36467546605,9212.5125,28.512802836557636,4901.8506108,True,False,350.0,0.5075,0.4925,5255163.120724776,2588167.836956952,905.8587429349332,0.3396551724137931,22.0,18.691931818181818,2.4859704433497543,0.7577037352071007,1.8836290905405608,69.49512990014793,6070.37915576764,90.56940933662794,3462.807240440876,-3239.653557559125,8611.433968337617,-1908.973170337616,855.2353251141109
2025-02-04,143.18913342182051,2589.3368293779213,51.5,2.33,2.58,2.455470873786408,5.27,5.04,5.154999999999999,360.0,370.0,2.533694976062917,0.5233601926668906,5.0,6630.071448000001,300.0,682.9385625694581,7.208354935194416,16.718414755732802,76.07323030907278,360.0,370,330,330,320,300,310,290.0,280,300,260,14.62,10.14,8.8,8.74,8.88,7.86,8.75,9.0,9.11,9.11,8.81,10.5,12.333333333333334,13.416666666666666,10.75,12.416666666666666,11.583333333333334,15.5,15.416666666666666,20.416666666666668,717.0,566.5,352.5,286.0,263.5,207.0,148.0,149.0,124.0,0.0,0.0,0.0,0.0,0.0,0.0,0.0,0.0,0.0,1.56,1.48,0.8,0.4,0.162,0.088,0.021,0.007,0.001,0.001,0.001,0.0,0.0,0.0,0.0,0.0,0.0,0.0,0.0,0.0,0.0,381.0633050150726,411.5483694162784,79.68033707865168,73.85006851192108,71.9066456563442,69.96322280076733,68.01979994519046,64.13295423403673,60.24610852288298,54.415839956152375,54.415839956152375,1973.024070136628,11.26,11.36,11.3,11.52,11.24,11.12,11.14,11.06,11.15,11.25,11.2,1119.6601808714715,1062.24171005755,146.41710057550014,73.20855028775007,29.649462866538776,16.105881063305013,3.8434488901068784,1.2811496300356262,0.1830213757193751,0.1830213757193751,0.1830213757193751,1868.8952105443773,1389.2424910934503,8953.4325,29.681023262288598,3600.47286125,False,True,370.0,0.515,0.485,3831114.6992944223,1858090.6291577949,687.4935327883841,0.3484466019417475,14.62,18.567386363636363,2.455470873786408,0.7607323030907278,1.867956012987736,69.45945289132602,5947.132885430543,89.69937853723326,2452.956548369416,-4177.114899630585,6394.032812576702,236.03863542329876,-1041.2197886917106
2025-02-05,127.30064110824742,3055.215386597938,50.60869565217392,2.49,2.69,2.5909759450171816,5.52,4.85,5.185,340.0,365.0,0.0,0.4229057225449785,0.0,4844.7031375,260.0,524.8101095145631,7.033677419354839,17.22225806451613,75.74406451612904,340.0,365,335,375,370,325,365,330.0,345,355,330,14.02,9.41,8.64,8.52,8.62,7.67,8.69,8.93,8.83,8.9,8.62,10.3125,11.625,12.0,11.0625,12.25,10.4375,12.5625,17.875,19.125,643.5,573.5,434.0,385.0,273.0,263.0,191.5,178.5,148.0,1515.5,1281.0,1029.0,893.5,647.0,520.0,416.5,356.5,319.0,1.8,1.64,0.88,0.44,0.2,0.11,0.066,0.012,0.003,0.001,0.001,0.0,0.0,0.0,0.0,0.0,0.0,0.0,0.0,0.0,0.0,460.5161656267727,482.7992058990358,100.38509642654569,89.02074588769143,81.44451219512196,73.86827850255247,68.18610323312535,62.503927963698246,58.7158111174135,51.13957742484402,47.35146057855928,2268.4614648018373,11.115,11.185,11.105,11.3,11.18,11.16,11.24,11.21,11.375,11.315,11.37,1304.8213272830403,1188.8372093023256,162.66772546795235,81.33386273397618,36.96993760635281,20.333465683494044,12.200079410096428,2.218196256381169,0.5545490640952921,0.184849688031764,0.184849688031764,2466.080747143736,1575.93088485536,9508.009687500002,33.38553492740152,4174.752572608696,False,True,365.0,0.5060869565217392,0.4939130434782608,4482355.128044867,2213893.6632430297,808.0711870837059,0.3562199312714776,14.02,18.43056818181818,2.5909759450171816,0.7574406451612903,1.962510491391198,69.55600806451612,4319.893027985437,89.16734225772646,2810.306052183778,-2034.3970853162216,7377.127793697437,-2532.424656197438,1300.719076382119
2025-02-06,259.7414762522619,1554.1198329093672,48.73684210526316,2.7,2.32,2.5110518358531317,5.17,4.96,5.065,720.0,1040.0,0.0,0.3871251811895859,0.0,5877.5290875,340.0,603.5835341365981,3.41,17.24,79.35,720.0,1040,1020,940,850,710,640,550.0,530,410,360,,0.0,0.0,0.0,0.0,0.0,0.0,0.0,0.0,0.0,0.0,13.1875,12.75,12.0,11.5625,9.9375,11.6875,11.1875,12.9375,16.375,543.0,434.5,298.5,275.0,221.0,212.5,201.5,167.5,150.0,0.0,0.0,0.0,0.0,0.0,0.0,0.0,0.0,0.0,0.59,0.53,0.84,0.48,0.24,0.143,0.019,0.005,0.001,0.001,0.001,2.29,2.23,0.0,0.0,0.0,0.0,0.0,0.0,0.0,0.0,928.1354406884528,1040.636706226447,71.71955678047134,69.92656786095955,66.340590021936,62.75461218291242,60.96162326340064,59.16863434388885,55.58265650486529,53.78966758535351,48.41070082681816,1092.2950648958342,10.92,11.19,11.4,11.79,11.54,11.46,11.37,11.37,11.61,11.58,11.63,436.352438269869,391.9776140390349,158.41812250407784,90.52464143090162,45.26232071545081,26.96879942628944,3.583267056639856,0.9429650149052252,0.188593002981045,0.188593002981045,0.188593002981045,1287.8324376875337,2517.426756285505,7910.02828125,16.362423365425027,2045.0581085473684,False,True,1040.0,0.4873684210526315,0.5126315789473684,2241210.176352144,1148915.1114563094,1194.8717159145615,1.0939092872570193,14.02,18.29375,2.5110518358531317,0.7935000000000001,1.99251963174946,65.0375,5273.945553363402,89.73065849354509,1154.5959474661115,-4722.933140033889,5563.438675575749,314.0904119242514,-2964.753658431179
2025-02-07,121.60305802469138,2918.473392592593,50.0,2.22,2.35,2.2855000000000003,4.85,5.05,4.949999999999999,490.0,535.0,0.0,0.332327143118841,0.0,2742.809528,0.0,312.5756840233261,7.929884044526901,23.56015769944341,68.50995825602969,490.0,535,515,500,530,525,530,555.0,555,530,480,,0.0,0.0,0.0,0.0,0.0,0.0,0.0,0.0,0.0,0.0,11.375,11.25,12.875,11.8125,11.0625,10.1875,11.5,11.75,14.75,561.0,465.5,428.0,310.5,238.5,197.0,168.5,137.0,135.0,1456.0,999.5,909.0,713.5,544.0,502.5,432.0,386.0,348.5,1.48,1.72,1.2,0.72,0.32,0.131,0.062,0.009,0.001,0.001,0.001,3.069,3.213,2.928,2.505,2.045,2.047,1.557,1.269,1.039,1.429,386.7567567567568,408.6486486486487,76.29324324324324,70.71081081081081,65.12837837837837,61.40675675675676,57.68513513513513,57.68513513513513,55.82432432432432,53.963513513513504,50.24189189189189,2129.2308851454823,11.095,11.364999999999998,11.39,11.545,11.45,11.425,11.43,11.45,11.53,11.515,11.57,1080.0,1255.135135135135,223.2972972972973,133.97837837837835,59.545945945945945,24.37662162162162,11.537027027027026,1.6747297297297294,0.186081081081081,0.186081081081081,0.186081081081081,1533.2999339095236,1344.3445945945948,7900.059375,34.94977896967889,3939.939080000001,False,True,535.0,0.5,0.5,4258461.770290964,2129230.885145482,1139.1385235528328,0.5349999999999999,19.205,18.463837209302323,2.2855000000000003,0.6850995825602969,1.5657950959415587,74.63745361781076,2430.2338439766736,88.60381368693692,2790.1033783783782,47.29385037837847,5980.323590905823,-3237.5140629058237,3149.972912780083
2025-02-08,149.71301180613628,3593.1122833472705,50.61904761904762,2.28,2.43,2.356463311382879,5.18,5.31,5.244999999999999,280.0,340.0,1.8729045826472803,0.5644912704755519,5.0,4866.357188000001,320.0,555.8508648000001,9.227510114012505,18.60891504229496,72.16357484369254,280.0,340,335,365,335,395,385,390.0,440,410,470,,0.0,0.0,0.0,0.0,0.0,0.0,0.0,0.0,0.0,0.0,12.0625,13.125,13.9375,13.625,12.0625,11.375,11.5,12.875,16.25,717.0,577.5,411.5,306.5,251.0,201.0,170.0,141.0,110.0,0.0,0.0,0.0,0.0,0.0,0.0,0.0,0.0,0.0,1.76,1.93,0.845,0.682,0.44,0.201,0.044,0.04,0.004,0.001,0.001,2.962,3.028,2.43,2.376,2.103,1.741,1.626,1.503,1.178,0.977,445.794610266898,371.4955085557483,111.78299852442464,98.52060886898444,85.25821921354422,66.31194827720105,56.83881280902948,51.15493152812653,49.26030443449222,49.26030443449222,47.3656773408579,2667.992356545747,10.864999999999998,11.03,11.08,11.195,11.16,11.12,11.09,11.105,11.235,11.23,11.235,1275.67992958658,1398.8990136943748,156.18018910662974,126.05312304227397,81.32459551114448,37.150553858500096,8.132459551114447,7.39314504646768,0.7393145046467681,0.184828626161692,0.184828626161692,2488.0861476113223,1433.0439242537989,9438.00421875,28.38764612860327,4910.757887826191,False,True,340.0,0.5061904761904762,0.4938095238095238,5270728.0797234895,2602735.723177742,884.9301458804324,0.331683913452493,14.02,18.37964285714285,2.356463311382879,0.7216357484369254,1.7005081653739391,73.16495954394998,4310.506323200001,88.57768052516413,3091.921981154056,-1774.4352068459452,7568.902917819176,-2702.545729819175,1873.3376391081104
2025-02-09,149.4785009106466,3587.4840218555187,50.5,2.49,2.6,2.5459801980198016,5.52,5.9,5.71,315.0,310.0,0.0,0.490885652457965,0.0,6287.026103250001,600.0,720.4790545926624,7.60450516986706,18.010062776957163,74.38543205317578,315.0,310,300,300,305,305,315,305.0,315,280,290,14.02,9.91,8.8,8.91,8.74,7.91,8.73,8.87,8.88,7.78,7.68,11.6875,8.5625,12.9375,12.375,11.0625,12.0625,11.5625,14.125,20.4375,721.5,481.0,446.0,330.5,246.0,183.5,150.0,134.5,114.5,0.0,0.0,0.0,0.0,0.0,0.0,0.0,0.0,0.0,1.62,1.7,1.2,1.04,0.96,0.8,0.32,0.212,0.004,0.001,0.001,3.882,3.73,3.382,3.344,2.74,2.296,2.02,1.727,1.505,1.17,718.2161281563942,673.7903882704318,137.83085799619874,98.1808851479772,86.85232147705675,75.5237578061363,71.74756991582949,67.97138202552267,64.19519413521586,58.530912299755634,52.86663046429542,2655.2545378231657,11.055,10.885,10.835,10.905,10.825,10.81,10.775,10.77,10.865,10.875,10.93,1175.7426011403747,1233.8039641596524,222.08471354873743,192.4734184089058,177.66777083898995,148.0564756991583,59.22259027966332,39.23496606027695,0.7402823784957915,0.1850705946239478,0.1850705946239478,2820.462370462474,2105.7060276948137,8496.671718749998,28.43218238146844,4891.5344638,True,False,315.0,0.505,0.495,5257929.777867655,2602675.240044489,819.8427006140141,0.3087623762376237,14.02,18.296951219512195,2.5459801980198016,0.7438543205317578,1.8938383702853296,70.76192069793204,5566.547048657339,88.54022485734203,3249.3969237035026,-3037.6291795464986,8896.044376453454,-2609.0182732034527,932.2467987496664
2025-02-10,150.6937545289855,3616.650108695652,49.833333333333336,2.41,2.53,2.471510033444816,6.1,5.28,5.69,335.0,340.0,0.0,0.4348260818510964,0.0,6760.225474,250.0,694.5375884772277,2.2189793621013134,19.392720450281427,78.38830018761726,335.0,340,290,355,335,335,315,325.0,325,315,310,,0.0,0.0,0.0,0.0,0.0,0.0,0.0,0.0,0.0,0.0,11.4375,11.9375,10.875,11.8125,10.6875,10.8125,11.1875,19.5,18.4375,810.0,670.0,533.0,336.5,291.5,229.5,202.5,153.5,125.5,1673.5,1420.5,1144.5,802.5,662.5,561.0,458.0,395.0,338.5,1.88,1.92,1.28,1.024,0.766,0.283,0.042,0.004,0.001,0.001,0.001,3.597,3.911,3.663,3.499,2.93,2.581,2.558,2.119,1.843,1.369,624.5192048214446,501.06773410092654,98.14391922281192,77.77442655392643,66.6637941890798,61.10847800665648,61.10847800665648,55.553161824233165,55.553161824233165,57.40493388504093,55.553161824233165,2624.752858461274,10.965,11.06,10.79,11.075,11.02,10.98,10.945,10.875,10.87,10.845,10.8,1374.3599892057207,1403.6016911037148,238.6122874876316,190.88982999010528,142.7945407933795,52.75568543671853,7.829465683187911,0.7456633983988487,0.1864158495997121,0.1864158495997121,0.1864158495997121,2340.023823983187,1714.4504542592429,10251.836718749995,28.202894096599906,4866.202721250001,False,True,340.0,0.4983333333333333,0.5016666666666667,5267062.592229982,2642309.733768708,898.3853094813605,0.3422742474916388,14.02,18.204375,2.471510033444816,0.7838830018761727,1.937374704183802,64.89417448405254,6065.687885522772,89.72611799490362,3412.148400647656,-3348.077073352344,8161.160267367313,-1400.9347933673134,758.6089157725394
2025-02-11,146.52552083333333,3516.6125,50.625,2.32,2.37,2.3464629629629625,5.42,4.88,5.15,305.0,295.0,0.0,0.3904577895020972,0.0,6487.103024999999,300.0,739.3459876630436,6.144988764044943,17.593842696629213,76.26116853932585,305.0,295,310,320,300,300,300,305.0,310,300,290,14.02,10.1,8.74,8.72,8.94,7.94,8.1,8.72,8.73,8.73,8.97,11.875,11.9375,12.625,11.6875,12.5625,11.9375,11.875,14.75,19.3125,716.5,601.0,379.5,317.0,263.5,186.5,168.5,135.0,104.0,0.0,0.0,0.0,0.0,0.0,0.0,0.0,0.0,0.0,1.32,1.68,1.12,0.925,0.801,0.563,0.122,0.04,0.002,0.001,0.001,2.613,2.968,2.849,2.56,2.608,2.306,1.991,1.86,1.633,1.366,453.302752293578,386.4220183486239,117.48715596330275,96.64266055045871,89.06284403669724,73.90321100917431,64.42844036697248,64.42844036697248,58.74357798165138,53.05871559633028,53.05871559633028,2611.633193972015,10.954999999999998,11.06,11.135000000000002,11.225,11.12,11.105,11.09,11.05,11.16,11.17,11.145,956.697247706422,1217.6146788990825,206.9944954128441,170.9552752293578,148.03802752293578,104.0516972477064,22.54761467889908,7.392660550458715,0.3696330275229358,0.1848165137614679,0.1848165137614679,2548.754138915222,1510.5385321100916,9107.64375,29.005186098838017,4806.769710937499,True,False,305.0,0.50625,0.49375,5158781.617722498,2547148.4237504834,776.8802692438975,0.2974691358024691,14.02,18.071625,2.3464629629629625,0.7626116853932585,1.789440074898044,68.67738764044944,5747.757037336956,88.60283265405603,2835.030963302753,-3652.072061697247,7633.66962199111,-1146.5665969911106,-77.69511073145031
2025-02-12,125.5061521837868,2261.118837743102,49.13333333333333,2.35,2.47,2.411552917232022,5.16,6.62,5.890000000000001,330.0,340.0,0.0,0.3673828976887032,0.0,6128.100562499999,250.0,752.4260250000001,6.546201834862386,15.864440366972476,77.58935779816514,330.0,340,355,335,345,325,345,345.0,330,325,300,22.0,10.3,8.56,8.46,8.53,7.28,8.44,8.72,8.49,8.59,6.33,10.875,9.4375,11.625,10.5,8.0625,8.5625,11.25,16.5,17.0,816.0,606.0,475.5,393.0,326.5,283.5,222.0,183.0,110.5,1848.0,1351.0,1114.5,1025.5,812.5,711.5,559.0,381.0,275.0,1.48,1.84,1.04,0.969,0.854,0.643,0.324,0.01,0.002,0.001,0.0,2.41,3.02,2.4,0.2,2.08,1.81,1.63,1.33,0.9,0.61,512.219084051339,441.07754459976417,90.70546280075794,92.5195720567731,79.820807264667,76.19258875263667,67.12204247256088,59.86560544850025,58.05149619248508,56.237386936469925,52.6091684244396,1607.5588969242642,11.345,11.22,11.05,11.08,11.045,11.0,10.975,11.05,11.065,10.995,11.05,1090.0389689321084,1355.1835829966756,195.3231990275643,181.98863447856712,160.3903961245576,120.76232401415754,60.85068892781811,1.878107682957349,0.3756215365914698,0.1878107682957349,0.0,267.6553163565341,1586.4207590003934,9359.1853125,33.86288182731034,2999.60025015,False,True,340.0,0.4913333333333333,0.5086666666666666,3271829.505273265,1664270.6083490006,565.8520068386603,0.3519945725915875,22.0,17.938875,2.411552917232022,0.7758935779816514,1.8711084214432423,68.0980275229358,5375.674537499999,87.72170891573877,3166.9793344892937,-2961.121228010705,5773.481434846221,354.61912765377747,958.2841314785886
2025-02-13,151.78848767921144,3642.9237043010735,50.375,2.59,2.65,2.621970223325062,6.46,5.92,6.19,275.0,320.0,1.8604315419796147,0.501553038084385,5.0,3876.713347500001,300.0,444.8615707566148,6.823780219780219,14.100549450549453,79.07567032967033,275.0,320,315,345,345,315,320,310.0,300,315,310,22.0,11.52,8.57,8.41,8.47,7.58,8.42,8.72,8.58,8.66,8.34,12.125,10.0625,10.8125,11.0625,11.25,10.625,13.125,14.3125,13.1875,732.0,585.0,500.5,388.0,281.0,245.0,216.5,171.5,143.0,0.0,0.0,0.0,0.0,0.0,0.0,0.0,0.0,0.0,1.38,1.54,1.161,0.966,0.724,0.482,0.241,0.08,0.002,0.002,0.002,3.335,2.46,3.274,2.65,2.792,2.332,2.367,2.112,1.513,1.302,545.9312495762425,494.2891043460575,107.23122584582003,99.70622754085024,94.06247881212286,92.1812292358804,82.77498135466811,71.48748389721338,69.60623432097091,62.08123601600109,58.31873686351617,2685.5289992845337,11.13,11.115,11.08,11.115,11.11,11.08,11.065,11.06,11.045,11.055,11.06,1002.9303681605536,1119.21214997627,215.1612682215744,179.02307071665876,134.17464099260968,89.32621126856058,44.66310563428029,14.825927181503832,0.3706481795375958,0.3706481795375958,0.3706481795375958,3448.717328520439,1777.6701878093438,9540.1396875,27.999488399818013,4954.831603312499,False,True,320.0,0.50375,0.4962499999999999,5331074.93654498,2645545.937260446,846.5746999233427,0.3152357320099255,22.0,17.807375,2.621970223325062,0.7907567032967033,2.073340529938647,67.34256868131868,3431.851776743386,88.52477521858832,2800.428686690624,-1076.2846608093769,8471.677773777023,-4594.964426277022,2169.0055966378613
2025-02-14,149.7881770549191,3594.916249318058,50.91666666666666,2.61,2.83,2.7214459901800323,6.536,7.16,6.848,240.0,300.0,0.0,0.4601056042051198,0.0,7041.37707,300.0,799.4456459274195,6.688569343065693,22.09287591240876,71.21855474452556,240.0,300,300,320,285,295,285,295.0,285,240,260,22.0,11.81,8.83,8.56,8.19,7.53,8.33,8.34,6.99,6.22,7.89,11.3125,10.625,11.3125,7.3125,8.875,8.125,12.0625,17.1875,16.4375,877.5,636.0,566.5,456.0,374.0,278.5,248.0,193.0,135.5,2059.5,1339.5,1157.0,1019.5,848.5,597.0,530.0,486.0,307.0,1.52,2.04,1.322,0.96,0.724,0.483,0.161,0.046,0.003,0.001,0.001,4.12,3.76,3.904,3.326,3.094,2.962,2.688,2.446,2.017,1.386,614.5250533775496,554.5713896333984,149.05979648389587,116.57240494253396,101.2842206877754,85.99603643301685,78.35194430563757,66.88580611456865,64.97478308272385,61.152737019034205,59.241713987189385,2692.6735369513,10.795000000000002,11.115,11.12,11.195,11.145,11.11,11.115,11.075,11.065,11.125,11.125,1098.1038477263437,1473.770953527461,243.5406500704129,176.8525144232953,133.3762712942352,88.97892131922045,29.65964043974015,8.474182982782901,0.5526641075727978,0.1842213691909326,0.1842213691909326,3253.022082600409,1952.6158860673236,10339.046718749998,28.37340091562606,4942.11111375,False,True,300.0,0.5091666666666667,0.4908333333333333,5288393.198595025,2595719.6616437244,778.7158984931174,0.2891980360065466,22.0,17.662125,2.7214459901800323,0.7121855474452555,1.9381745023590615,72.16875912408759,6241.93142407258,88.64645881082718,3253.678088629445,-3787.698981370554,9258.761703224598,-2217.3846332245985,265.4247531863109
2025-02-15,148.57590550988917,3565.8217322373403,51.04166666666666,2.786,2.54,2.664438775510204,6.967,4.98,5.9735,205.0,235.0,0.0,0.4251317543533739,0.0,7327.965599999999,280.0,825.597674373977,6.47303317535545,20.63028436018957,76.89668246445498,205.0,235,225,240,240,240,225,245.0,235,220,210,,0.0,0.0,0.0,0.0,0.0,0.0,0.0,0.0,0.0,0.0,12.125,8.25,11.5,10.3125,10.25,10.125,14.5625,14.9375,15.75,940.5,674.0,516.5,443.5,399.0,378.0,321.5,231.5,187.5,0.0,0.0,0.0,0.0,0.0,0.0,0.0,0.0,0.0,1.52,1.88,1.284,0.926,0.688,0.243,0.04,0.02,0.002,0.001,0.001,3.381,3.527,3.134,3.152,3.008,2.867,2.447,2.573,1.878,1.356,631.7907902217169,488.8857305287095,151.5169698692439,118.91205230244456,109.32237066515064,97.81475270039796,92.0609437180216,86.30713473564525,72.88158044343378,67.12777146105742,65.20983513359865,2680.520008714552,11.13,11.105,11.05,11.015,10.945,10.89,10.86,10.865,10.86,10.8,10.845,1096.5776009096078,1356.2933484934622,236.21147242751564,170.35188743604323,126.5681409891984,44.70357305287095,7.35861284820921,3.679306424104605,0.3679306424104605,0.1839653212052302,0.1839653212052302,3247.196283112942,1981.82993177942,11854.288593749998,28.604907272243555,4914.148074739584,False,True,235.0,0.5104166666666666,0.4895833333333333,5251631.037481571,2571111.028767019,604.2110917602495,0.2254081632653061,22.475,17.768125,2.664438775510204,0.7393911775428362,1.9700625237152825,70.17809537914691,6502.367925626022,88.73360330220467,3042.479803865833,-4285.485796134166,9097.103693132174,-1769.1380931321746,-417.4083178943556
2025-02-16,150.16774618258611,3604.0259083820665,50.66666666666666,2.586,2.45,2.5194605263157897,6.467,5.8,6.1335,280.0,215.0,0.0,0.3951045232553584,0.0,7142.081449750001,220.0,856.724653737245,8.903557833089312,20.689970717423133,70.40647144948757,280.0,215,210,205,225,205,200,190.0,205,190,200,22.95,10.63,9.81,7.92,8.33,7.4,8.21,8.4,8.26,8.24,6.94,12.25,10.1875,7.6875,10.5625,9.375,11.375,16.75,15.9375,17.0,820.0,646.0,547.0,512.0,456.0,367.0,307.5,243.5,143.5,0.0,0.0,0.0,0.0,0.0,0.0,0.0,0.0,0.0,1.8,2.22,1.241,0.968,0.564,0.328,0.122,0.04,0.002,0.001,0.001,3.063,3.594,3.396,3.129,3.064,2.751,2.628,2.056,1.744,0.8,528.2523567802756,468.7309644670051,113.8346627991298,100.55395213923131,79.68426395939086,70.19804205946338,66.40355329949237,62.60906453952139,58.8145757795504,56.917331399564894,56.917331399564894,2679.9035640670777,10.785,11.03,11.02,11.055,11.025,11.035,11.010000000000002,10.985,11.035,11.085,11.04,1303.988397389413,1608.252356780276,229.25202683103703,178.82027556200146,104.18867295141408,60.59199419869472,22.53726613488035,7.389267585206673,0.3694633792603336,0.1847316896301668,0.1847316896301668,2405.3819549477626,1662.91609862219,11770.72828125,28.3016833377289,4930.307442666667,True,False,280.0,0.5066666666666666,0.4933333333333334,5289283.350132391,2609379.786065313,730.6263400982878,0.2726315789473685,22.95,17.785249999999998,2.5194605263157897,0.7040647144948756,1.7738632561416354,74.0606789897511,6285.356796012757,88.00455217761156,3515.759184191443,-3626.3222655585582,8440.78189149864,-1298.7004417486387,746.16157237013
2025-02-17,144.7866311730921,3474.8791481542103,50.91666666666666,2.53,2.21,2.3714459901800327,6.336,5.36,5.848000000000001,240.0,275.0,1.9200147211368697,0.4929898786565066,5.0,6751.911244,200.0,835.1683199736842,7.135806328631339,18.232184521540216,74.63200914982845,240.0,275,245,215,245,260,205,220.0,220,200,195,9.2,8.68,8.31,8.14,8.25,7.47,8.16,8.43,8.46,8.49,6.08,12.0,9.125,11.8125,11.1875,10.875,11.25,12.5625,14.5,19.0,909.0,699.0,550.5,401.5,366.0,281.0,195.5,165.0,127.5,2191.5,1692.5,1361.5,1083.0,995.5,759.0,527.0,469.0,333.5,1.12,1.52,1.044,0.845,0.526,0.218,0.101,0.002,0.002,0.001,0.001,2.653,2.724,2.457,2.077,1.718,1.478,1.272,0.865,0.644,0.329,412.1814382410394,352.2277744968882,108.92831281515468,99.37319765593058,91.7291055285513,80.2629673374824,66.88580611456865,61.152737019034205,59.241713987189385,55.41966792349975,53.50864489165493,2602.5588204652536,11.485,11.13,11.005,10.92,10.805,11.32,11.22,10.67,10.685,10.68,10.64,809.1291509562532,1098.1038477263437,192.32710943533365,155.66705696633807,96.90044019443056,40.16025848362331,18.606358288284195,0.3684427383818652,0.3684427383818652,0.1842213691909326,0.1842213691909326,3044.1244531063044,1440.911366010993,10886.81859375,29.35353882858932,4777.090108925001,False,True,275.0,0.5091666666666667,0.4908333333333333,5111408.485365474,2508849.66490022,689.9336578475605,0.2650981996726678,9.2,17.6375,2.3714459901800327,0.7463200914982845,1.7698577883744018,70.31487323675181,5916.742924026315,87.6306383512395,2411.999550265752,-4339.911693734248,7732.203689356734,-980.292445356734,-1092.743823494812
2025-02-18,148.80094325877033,3571.222638210488,50.5,2.44,2.25,2.346470297029703,6.1,4.35,5.225,245.0,280.0,0.0,0.4628234624003724,0.0,6171.827679000001,190.0,719.9059130555647,5.321372403560831,16.873241839762613,77.80538575667656,245.0,280,265,275,230,210,220,205.0,205,195,200,20.11,9.3,8.4,8.17,8.03,7.27,8.02,8.45,8.59,8.23,7.74,14.125,10.4375,11.875,12.25,10.5625,11.3125,12.5625,18.625,19.375,811.0,651.5,575.0,308.5,272.0,236.0,206.5,167.0,132.0,0.0,0.0,0.0,0.0,0.0,0.0,0.0,0.0,0.0,1.92,2.04,1.121,0.965,0.843,0.681,0.286,0.04,0.002,0.001,0.001,3.894,4.308,3.34,3.103,2.639,1.816,1.261,0.979,0.842,0.404,473.8745587836004,392.4273689926691,103.84516698343742,94.40469725767038,84.96422753190335,77.4118517512897,69.85947597067607,67.97138202552267,62.30710019006245,56.64281835460223,52.86663046429542,2642.579922639228,11.095,11.07,11.11,11.16,11.135,11.19,11.21,11.18,11.2,11.21,11.175,1393.472712462666,1480.564756991583,207.4641365734456,178.5931238121097,156.01451126798804,126.03307493890853,52.930190062449086,7.402823784957915,0.3701411892478957,0.1850705946239478,0.1850705946239478,1897.2360042280009,1536.5752783057294,10880.1965625,28.561646901720867,4869.3620672,False,True,280.0,0.505,0.495,5232831.52997867,2590251.607339442,725.2704500550437,0.2744554455445545,20.11,17.464875,2.346470297029703,0.7780538575667656,1.8256802662697948,67.19749165430268,5451.921765944437,88.33561222869061,3603.215612272604,-2568.612066727398,7756.932807861899,-1585.1051288618985,1754.5094586007704
2025-02-19,137.86442102663673,3308.746104639282,51.958333333333336,2.38,2.27,2.326386928628709,5.95,5.72,5.835,275.0,325.0,0.0,0.4369859860844741,0.0,6200.735296,200.0,704.6105655128713,5.992169595110772,15.022597402597404,78.98523300229182,275.0,325,305,310,260,290,265,250.0,240,185,250,,0.0,0.0,0.0,0.0,0.0,0.0,0.0,0.0,0.0,0.0,13.625,11.25,12.5,10.25,10.8125,12.4375,11.75,11.5,17.25,882.0,696.5,476.5,338.0,279.0,208.5,153.0,134.0,118.0,2323.5,1834.0,1152.5,871.5,673.0,528.0,413.0,323.5,244.5,1.64,2.04,0.966,0.847,0.72,0.441,0.08,0.006,0.002,0.001,0.001,4.32,4.933,3.984,3.512,3.093,2.41,2.128,1.379,0.848,0.543,525.1008004403569,378.38145914084544,126.02419210568566,104.36378408752094,88.61076007431022,86.64163207265888,76.7959920644022,70.88860805944817,64.98122405449416,59.07384004954015,49.22820004128346,2553.513856356479,11.205,11.11,11.15,11.04,11.015,11.105,11.07,10.985,11.065,11.07,10.995,1170.9557120249533,1456.5546661773813,175.87897594091876,154.2127252815302,131.0899199559643,80.29257597302814,14.56554666177381,1.0924159996330358,0.3641386665443453,0.1820693332721726,0.1820693332721726,2060.5346732227663,1630.090492190547,10265.73421875,30.82738801172537,4641.757191545833,False,True,325.0,0.5195833333333334,0.4804166666666666,4914541.503813592,2361027.647457113,767.3339854235616,0.3005012028869285,18.28,17.316125,2.326386928628709,0.7898523300229183,1.8375021361122463,66.87933537051184,5496.1247304871285,88.63666110747536,3185.370815348271,-3015.3644806517286,7580.606546274455,-1379.8712502744556,874.6169002094139
2025-02-20,138.43660501025442,3322.478520246106,50.91666666666666,2.24,2.41,2.3264459901800327,5.6,5.65,5.625,320.0,325.0,0.0,0.4144391202878174,0.0,5940.4612575,210.0,698.5137453014034,5.564142914492171,19.431256523484542,75.0046005620233,320.0,325,325,315,310,325,295,310.0,330,300,290,16.45,9.64,8.41,8.41,8.47,7.67,8.4,8.72,8.6,8.45,7.45,14.8125,11.5,11.75,11.6875,11.8125,11.25,12.125,14.75,14.4375,974.5,740.5,523.0,306.5,235.5,208.5,172.5,117.5,94.5,0.0,0.0,0.0,0.0,0.0,0.0,0.0,0.0,0.0,2.0,2.31,1.121,1.0,0.628,0.283,0.066,0.08,0.004,0.001,0.001,4.048,4.151,3.699,3.6,2.941,2.102,1.903,1.732,1.234,0.82,487.1235179212284,389.6988143369827,97.46217462408576,93.64012856039612,80.2629673374824,66.88580611456865,64.97478308272385,63.06376005087903,61.152737019034205,55.41966792349975,49.68659882796529,2488.386894402827,11.245,11.225,11.21,11.21,11.155,11.125,11.07,11.07,11.075,11.115,11.145,1444.873483850452,1668.828873847272,206.51215486303548,184.22136919093265,115.69101985190568,52.13464748103393,12.158610366601554,14.73770953527461,0.7368854767637305,0.1842213691909326,0.1842213691909326,1431.9003751760015,1509.370955798846,10963.597499999998,30.699972739761925,4567.577345708335,False,True,325.0,0.5091666666666667,0.4908333333333333,4887175.570021918,2398788.6756190914,779.6063195762047,0.3132978723404255,16.45,17.166625,2.3264459901800327,0.7500460056202329,1.7449415222257412,69.09971397029305,5241.947512198597,88.24142242457167,3700.263197201653,-2240.198060298347,7340.048273477903,-1399.587015977903,2158.5788822047093
2025-02-21,153.11315924554756,3674.7158218931418,49.708333333333336,2.5,2.19,2.346011735121542,6.25,4.96,5.605,345.0,285.0,2.256673264928552,0.510637225450593,6.0,5789.097712500001,280.0,660.9431288359249,4.455173431734317,19.234959409594094,76.30986715867158,345.0,285,285,270,280,270,285,270.0,275,275,255,16.16,9.67,8.33,8.27,8.32,7.52,8.44,8.44,8.7,8.65,8.55,13.375,12.5,12.0,11.3125,15.0,10.75,9.0625,9.8125,17.0,827.0,666.0,469.5,376.5,296.5,204.0,149.0,105.0,90.0,2056.0,1471.5,1252.5,1018.5,783.5,469.0,401.0,312.5,222.0,1.32,1.72,0.844,0.689,0.602,0.364,0.04,0.01,0.002,0.001,0.001,2.148,2.937,2.725,2.683,2.469,1.918,1.58,1.103,0.95,0.698,376.2375614905996,332.8255351647612,88.56053370471035,83.02550034816596,75.64545587277343,71.95543363507717,66.42040027853277,60.88536692198837,55.35033356544397,53.50532244659584,46.12527797120331,2657.634380791784,11.215,10.975,11.09,10.59,11.02,11.075,11.035,11.06,11.085,11.085,11.105,966.2723780857611,1259.0821896269008,157.54631909971025,128.61304959680135,112.37308542420092,67.94651676812147,7.466650194299063,1.8666625485747657,0.3733325097149532,0.1866662548574766,0.1866662548574766,2900.410946007755,1310.5367213998518,10156.753593749998,27.757248436003305,4931.927972458334,True,False,345.0,0.4970833333333334,0.5029166666666667,5346456.424057235,2688822.043265451,927.6436049265808,0.3490486169321039,16.16,17.343875,2.346011735121542,0.7630986715867158,1.7902384385980952,67.59081642066421,5128.154583664076,88.58296816429967,2701.9135163638,-3087.184196136201,7573.804312607331,-1784.70660010733,275.6724490635236
2025-02-22,146.29665428753876,3511.1197029009304,50.75,2.26,2.6,2.43145566502463,5.65,6.21,5.93,370.0,375.0,0.0,0.485659756263806,0.0,6234.841444999999,230.0,635.4798601181893,5.903713964807189,14.810153500561588,80.78613253463122,370.0,375,335,300,320,300,295,310.0,300,275,280,16.27,9.84,8.42,8.33,8.44,7.55,8.28,8.6,8.45,8.42,6.1,14.3125,11.125,10.25,11.9375,11.625,10.5,10.625,9.375,16.75,982.5,712.0,513.0,415.5,306.5,236.5,170.5,111.5,73.5,0.0,0.0,0.0,0.0,0.0,0.0,0.0,0.0,0.0,1.8,2.08,1.321,0.7666,0.623,0.324,0.04,0.01,0.002,0.001,0.001,5.03,4.495,3.943,3.133,2.518,2.141,1.788,1.091,0.913,0.623,529.5291876445775,454.94761191998913,133.12811266839023,100.7969995917812,85.58235814396515,66.56405633419512,64.66222615321811,58.95673561028711,57.0549054293101,55.153075248333096,49.44758470540209,2617.0806663404824,11.125,11.07,11.07,11.19,11.035,11.005,11.5,10.985,11.135,11.095,11.12,1302.7894951694109,1505.4456388624303,243.8061974418288,141.48511049122328,114.98202952782692,59.79803782827595,7.382473805959994,1.8456184514899985,0.3691236902979997,0.1845618451489998,0.1845618451489998,2317.687193124135,1655.822853449449,10795.584375,29.05056182383254,4811.1117729,False,True,375.0,0.5075,0.4925,5156809.194759572,2539728.528419089,952.3981981571586,0.3639162561576355,16.27,17.156,2.43145566502463,0.7959224880259234,1.9352502424311295,66.3901363486305,5599.36158488181,89.8076019137935,3378.2728489590413,-2856.568596040958,7987.262755650814,-1752.421310650815,1157.1841130362727
2025-02-23,258.6199749399104,6206.8793985578495,32.958333333333336,2.61,2.2,2.408051201011378,6.35,5.88,6.115,255.0,375.0,0.0,0.4633195523684477,0.0,6363.315611999999,280.0,671.5672168876848,6.851664122137405,17.193969465648856,75.95436641221374,255.0,375,400,425,415,400,420,380.0,355,375,370,16.59,9.77,8.51,7.95,8.53,7.61,8.43,8.71,8.71,8.63,7.88,13.5,12.6875,11.75,13.375,13.0,12.75,10.3125,10.3125,22.0,1138.5,735.5,472.0,308.0,236.0,159.0,111.5,92.0,71.5,0.0,0.0,0.0,0.0,0.0,0.0,0.0,0.0,0.0,1.977,2.095,2.078,1.419,1.035,0.903,0.057,0.02,0.011,0.008,0.002,4.026,5.284,4.457,3.74,3.46,3.27,2.183,1.58,1.017,0.446,316.07345237863416,270.3259790080424,71.05414386696008,68.93312464705082,57.26751893754991,51.964970887776765,49.84395166786751,34.99681712850272,31.815288298638837,30.754778688684205,29.694269078729583,2578.084208671553,11.239999999999998,11.285,11.16,11.260000000000002,11.165,11.13,11.065,11.05,11.205,11.155,11.275,1672.4789398866667,1772.3031760559268,448.2700381671956,306.109328276829,223.2721316184059,194.796845267073,12.296146378984677,4.314437325959535,2.372940529277744,1.725774930383814,0.4314437325959535,938.1569417061733,1012.7242945884368,10999.106249999995,16.433378748054846,5523.346804791667,False,True,375.0,0.3295833333333333,0.6704166666666667,7822252.9719490865,5244168.763277533,1966.563286229075,0.7628002528445007,16.59,16.912,2.408051201011378,0.7595436641221375,1.829020032609896,69.3108110687023,5691.748395112315,89.44626892902755,4638.371202169298,-1724.9444098307013,7260.819655351592,-897.5040433515924,3584.994009226282
2025-02-24,140.76523348857526,2451.7080716705154,50.94117647058823,2.23,2.22,2.226444572748268,6.05,5.16,5.605,815.0,675.0,0.0,0.4486205256165417,0.0,6208.158775000002,260.0,640.3082079867257,10.626907824222938,16.77012325830654,72.60296891747052,815.0,675,595,575,555,525,550,535.0,470,455,380,17.0,10.04,8.51,8.31,8.35,7.57,8.38,8.68,8.52,8.21,7.4,12.625,9.875,11.4375,12.0625,10.4375,12.0,12.1875,17.5,19.5625,1216.0,806.0,531.0,360.5,245.0,177.0,111.5,93.0,78.0,1977.0,1712.0,1174.0,906.0,616.5,412.0,331.5,265.5,221.5,2.321,2.488,1.223,0.671,0.57,0.142,0.056,0.014,0.004,0.002,0.001,2.426,3.037,2.897,2.866,2.326,2.023,1.587,1.402,1.088,0.669,397.4745012508821,352.4773879017256,109.00550708833153,89.88173391494003,80.31984732824428,68.84558342420938,63.10845147219194,57.37131952017449,55.45894220283533,53.5465648854962,51.63418756815704,1837.470129539376,10.985,10.97,10.95,11.045,10.97,10.945,10.96,10.945,11.055,11.07,11.145,1676.3191352877034,1796.9332221438196,225.24139040348967,123.5788822246456,104.97758996728464,26.15231188658669,10.313587786259545,2.5783969465648857,0.7366848418756816,0.3683424209378408,0.1841712104689204,-308.16379806138906,1379.124026557188,10946.273437500002,30.192114165355587,3372.1081254,True,False,815.0,0.5094117647058823,0.4905882352941176,3607042.979465288,1769572.8499259118,1442.201872689618,0.7848845265588915,17.0,16.75325,2.226444572748268,0.7260296891747052,1.6164648611171342,73.76496181672026,5567.850567013276,89.68602074796766,3967.383715119636,-2240.775059880366,5678.65215160216,529.5066233978414,2366.916863225996
2025-02-25,143.43509244076066,3442.4422185782555,51.66666666666666,2.09,2.16,2.126870967741936,5.07,5.21,5.140000000000001,325.0,415.0,1.8966974003087784,0.5116220624719008,5.0,4091.0253975,300.0,435.6272719766744,9.40084046113797,15.129899590925996,75.46925994793604,325.0,415,490,470,455,460,485,445.0,465,480,450,15.95,9.47,8.37,8.29,8.33,7.65,8.31,8.51,8.56,8.55,8.07,14.375,10.4375,11.0,12.1875,12.0,11.625,13.75,13.25,20.25,955.0,506.0,362.0,293.5,202.0,177.5,134.0,109.5,102.5,0.0,0.0,0.0,0.0,0.0,0.0,0.0,0.0,0.0,2.053,2.094,1.167,0.769,0.416,0.332,0.167,0.028,0.011,0.02,0.002,3.016,3.217,3.086,2.659,2.366,2.128,1.664,1.302,1.038,0.966,482.4428179322964,382.8911253430924,99.58998170173832,80.06253430924062,76.15704483074107,74.2043000914913,68.34606587374199,64.44057639524245,60.535086916742905,56.62959743824336,46.865873741994506,2633.842169418197,11.685,11.685,11.685,11.73,11.69,11.665,11.645,11.585,11.625,11.55,11.605,1470.7218664226898,1500.0933211344925,213.183032936871,140.47793687099727,75.99326623970722,60.64847209515096,30.50691216834401,5.1149313815187565,2.0094373284537967,3.65352241537054,0.365352241537054,1506.4599043957733,1492.1650045745655,9288.36703125,29.63012696321348,4802.206894916666,False,True,415.0,0.5166666666666666,0.4833333333333334,5097759.037583608,2463916.868165411,1022.5255002886456,0.388225806451613,15.95,16.603,2.126870967741936,0.7546925994793603,1.605133779402344,71.2072378207512,3655.3981255233257,89.35163608999144,3502.768051235132,-588.2573462648679,6937.020232182146,-2845.994834682146,3350.1379769469386
2025-02-26,143.06342856736185,3433.5222856166843,51.5,2.21,2.13,2.1718834951456314,5.28,4.65,4.965,370.0,470.0,0.0,0.4904412994688689,0.0,5601.84244375,420.0,598.0684312241935,9.200404342942718,14.65557469112692,76.14402096593037,370.0,470,440,410,395,355,340,340.0,340,315,350,16.52,9.72,8.4,8.33,8.32,7.23,8.23,8.59,8.63,8.28,8.23,15.0,11.9375,15.5625,16.5,13.25,13.125,12.125,10.4375,16.0,959.5,559.5,370.0,266.5,224.0,177.0,152.5,127.5,98.5,1966.0,1411.5,947.5,743.5,702.0,503.5,422.5,347.5,258.5,1.635,1.844,1.446,0.963,0.738,0.563,0.46,0.087,0.019,0.009,0.003,2.654,2.865,2.838,2.429,2.129,1.89,1.421,1.21,0.983,0.966,419.1696355165799,358.19950671416825,99.1145656344204,83.56718278980543,77.73691422307482,75.79349136749795,68.01979994519046,64.13295423403673,60.24610852288298,52.47241710057551,46.64214853384489,2614.5093839940278,11.3,11.11,11.105,11.15,11.065,11.06,11.085,11.065,11.11,11.015,11.15,1173.489997259523,1323.4957522608931,264.64890929021647,176.24958481775826,135.06977528089885,103.0410345300082,84.18983283091258,15.922859687585635,3.477406138668128,1.6471923814743763,0.5490641271581255,1795.2912120762771,1405.094724582077,10524.838124999997,29.707102944194254,4774.31273815,False,True,470.0,0.515,0.485,5076717.250473839,2462207.866479812,1157.2376972455118,0.442621359223301,16.52,16.46425,2.1718834951456314,0.7614402096593037,1.6537594238992708,70.66023961063273,5003.774012525806,89.32371916508538,3281.781408605096,-2320.061035144904,7080.235776487644,-1478.3933327376444,1559.7888046843862
2025-02-27,138.56360765485314,3325.526583716475,51.40909090909091,2.2,2.45,2.326417771883289,5.36,5.66,5.51,400.0,400.0,1.301497594513994,0.5216301010329659,3.29,5678.409779,300.0,606.7877909786407,8.582071696540226,15.83531471446436,75.58261358899541,400.0,400,380,325,340,310,365,365.0,380,405,340,15.98,9.51,8.44,8.31,8.29,7.24,8.31,8.49,8.57,8.63,8.32,14.0,11.75,13.125,14.625,11.6875,11.375,12.875,8.625,16.625,830.5,559.5,374.0,245.0,187.5,161.0,141.5,95.5,76.5,0.0,0.0,0.0,0.0,0.0,0.0,0.0,0.0,0.0,2.269,2.383,1.544,1.412,0.89,0.14,0.056,0.025,0.014,0.005,0.002,3.004,3.176,2.88,2.934,2.228,1.975,1.837,1.837,1.269,1.186,539.6975580613844,478.8865656037637,118.2393734597864,96.91751922933312,93.0408184601598,81.41071615263982,67.84226346053318,63.96556269135986,60.08886192218654,56.212161153013206,52.33546038383989,2526.316616379789,11.305,11.365,11.185,11.275,11.205,11.165,11.125,11.14,11.225,11.23,11.215,1630.2030468224928,1712.1083563587483,282.8750743036368,258.691453961616,163.05622806362484,25.649294302143232,10.259717720857292,4.58023112538272,2.564929430214323,0.916046225076544,0.3664184900306176,1182.2074056314068,1708.6368605779996,8831.438906249998,30.671834198964326,4615.982058497728,False,True,400.0,0.514090909090909,0.4859090909090909,4914143.727706045,2387827.111326256,955.1308445305024,0.3780725022104333,15.98,16.497,2.326417771883289,0.7558261358899542,1.7583673549882637,70.6246613172155,5071.621988021359,89.31412464766679,4091.270796803824,-1587.138982196176,7588.90285399187,-1910.4930749918703,3110.919605586288
2025-02-28,147.6177823028674,3542.826775268817,48.94736842105263,2.16,2.3,2.2320860215053764,5.13,4.74,4.9350000000000005,1055.0,1130.0,0.0,0.4542599142233606,0.0,5877.26787375,430.0,610.1310668370689,7.850244200244201,15.697106227106229,79.95264957264958,1055.0,1130,1015,1010,1080,1030,1075,1130.0,1025,900,810,,0.0,0.0,0.0,0.0,0.0,0.0,0.0,0.0,0.0,0.0,15.75,11.375,10.75,12.1875,13.375,10.5625,11.0,12.5,18.375,961.5,717.0,389.0,302.5,200.5,179.5,156.0,103.5,81.5,1886.0,1499.5,928.0,668.0,564.0,453.0,402.5,292.0,245.5,2.275,2.45,1.279,1.113,0.935,0.62,0.235,0.09,0.071,0.013,0.005,3.298,3.598,3.22,2.829,2.415,2.331,1.971,1.425,1.308,0.903,438.6644125105663,389.13778529163136,104.6426880811496,90.20921386306,90.20921386306,66.7548182586644,64.9506339814032,61.34226542688081,55.9297125950972,54.125528317836,43.3004226542688,2504.2896981318404,11.215,11.11,11.095,11.14,11.035,11.065,11.07,11.06,11.08,11.055,11.045,1678.8461538461536,1807.9881656804728,240.68012256973796,209.4425147928994,175.94676669484363,116.67058326289096,44.2219146238377,16.93605240912933,13.360663567202028,2.446318681318681,0.9408918005071852,746.3918856707905,1459.2666948436176,10264.4990625,28.790569358915548,4682.125280368421,False,True,1130.0,0.4894736842105263,0.5105263157894737,5116290.781129566,2612001.082997726,2951.56122378743,1.1786021505376345,15.98,16.53175,2.2320860215053764,0.7724893678516866,1.7242627197432745,68.95990013743636,5267.136806912931,89.61879771445956,4307.480147928995,-1569.7877258210046,7123.269795280472,-1246.001921530472,3347.82348894506
2025-03-01,131.52340158280222,1509.2310331626556,39.45454545454545,2.27,2.38,2.3280691244239637,5.02,4.95,4.984999999999999,555.0,505.0,0.0,0.0,0.0,1844.4716639737328,940.0,188.0083891052995,11.712798552472858,15.966996381182147,72.320205066345,555.0,505,830,815,910,935,860,820.0,865,950,940,,0.0,0.0,0.0,0.0,0.0,0.0,0.0,0.0,0.0,0.0,14.714285714285714,7.357142857142857,14.714285714285714,11.428571428571429,11.714285714285714,8.428571428571429,10.714285714285714,8.842857142857143,17.714285714285715,746.5,634.0,362.0,264.0,233.5,138.0,118.5,107.5,86.0,0.0,0.0,0.0,0.0,0.0,0.0,0.0,0.0,0.0,1.831,2.115,1.297,1.237,0.745,0.564,0.1,0.07,0.031,0.008,0.002,2.457,2.96,2.917,2.877,2.283,1.82,1.56,1.469,1.154,0.693,304.472717498432,288.7241286623062,74.9632828599588,65.59287250246393,56.222462144969086,48.19068183854493,49.52931188961563,44.174791685332856,38.820271481050085,36.1430113789087,32.12712122569662,791.2308329572379,11.09,10.905,10.905,11.0,10.855,10.815,10.81,10.93,10.915,10.915,10.93,1475.0041214944897,1703.7868470567155,266.4311786578263,254.1059121046501,153.03872636860496,115.85750559985662,20.5421109219604,14.379477645372278,6.3680543858077225,1.6433688737568315,0.4108422184392079,-2355.4673185724305,1038.960653167279,4011.56814532748,32.31364113803245,1607.742658781818,True,False,555.0,0.3945454545454545,0.6054545454545455,2005423.7701681147,1214192.9372108767,673.8770801520366,0.8516820276497696,19.205,16.48825,2.3280691244239637,0.72320205066345,1.6836643648696727,74.62037092882991,1656.463274868433,89.80692450973989,4011.56814532748,2167.096481353747,2883.069869027628,-1038.598205053895,6366.673015786526
2025-03-02,246.8758415391508,5925.0201969396185,33.583333333333336,2.17,1.89,2.0339553349875925,4.85,4.53,4.69,510.0,430.0,0.0,0.0,0.0,5132.466824060545,550.0,550.0149472954095,11.380433295324972,14.586100342075255,74.03346636259977,510.0,430,440,425,455,485,495,510.0,515,525,550,,0.0,0.0,0.0,0.0,0.0,0.0,0.0,0.0,0.0,0.0,12.375,8.1875,11.625,10.125,10.875,9.875,9.875,12.875,17.875,841.5,466.0,344.0,250.5,153.5,92.5,86.0,67.5,44.0,0.0,0.0,0.0,0.0,0.0,0.0,0.0,0.0,0.0,1.984,2.26,1.479,1.075,0.989,0.856,0.336,0.226,0.162,0.038,0.007,2.455,2.874,2.497,2.227,2.122,1.678,1.662,1.094,0.899,0.885,225.72038044541864,200.16712982895612,58.644710164781415,49.95660495518417,46.6985655015852,43.44052604798623,38.01046029198795,35.838433989588644,32.58039453598967,29.322355082390708,24.978302477592084,2518.4849809060565,11.07,11.21,11.145,11.155,11.15,11.115,11.115,11.06,11.05,11.055,11.04,1671.0515480057925,1903.516380288856,317.6556129398411,230.8855874985322,212.4147404986496,183.8493608360405,72.16516967395984,48.53966769736584,34.793921092802066,8.161537046459742,1.5034410348741631,-103.52527450797766,785.357863321461,4684.536966613175,17.215131191060728,5372.512063575,True,False,510.0,0.3358333333333334,0.6641666666666666,7499210.861258728,4980725.880352671,2540.170198979862,1.008610421836228,19.205,16.30926829268293,2.0339553349875925,0.7403346636259976,1.5058076387583426,73.34185433295325,4582.451876765135,89.28361417326676,4684.536966613175,-447.9298574473696,5916.384502722068,-783.9176786615226,4786.622056461214
2025-03-03,143.33222059710593,3174.808686225896,50.41666666666666,1.66,2.09,1.8764752066115704,4.06,4.26,4.16,430.0,350.0,1.2792973484899366,0.529969351695735,3.0,4400.404352029339,435.0,507.6424340293389,6.299704190632704,14.130361544782252,79.56993426458506,430.0,350,400,385,415,440,430,435.0,430,440,435,,0.0,0.0,0.0,0.0,0.0,0.0,0.0,0.0,0.0,0.0,13.75,12.5,12.3125,11.0625,9.5625,11.0625,11.9375,11.3125,15.125,693.0,447.5,315.5,231.5,154.5,120.0,91.0,80.0,80.0,1429.0,1061.5,842.0,627.5,516.5,357.5,224.0,210.5,154.5,1.745,0.0,1.02,0.78,0.614,0.441,0.337,0.057,0.051,0.012,0.001,2.827,0.0,2.367,2.28,1.874,1.624,1.316,0.942,0.724,0.577,494.888085010174,0.0,99.82705177481346,96.05999321727332,86.642346823423,77.22470042957266,75.34117115080261,62.15646619941216,54.62234908433189,47.08823196925163,43.3211734117115,2343.193729396376,11.31,11.08,11.18,11.135,11.13,11.135000000000002,11.115,11.19,11.135,11.14,11.145,1267.6203933981462,0.0,188.9444494686864,144.48693194664253,113.73714899389552,81.69068844675557,62.42576418720325,10.558660411485414,9.447222473434318,2.2228758761021927,0.1852396563418493,2011.8389108210868,1137.171569070766,1881.3193748586928,29.651392982645337,4321.708324125001,True,False,430.0,0.5041666666666667,0.4958333333333333,4647656.983926696,2304463.25453032,990.9191994480376,0.4228925619834711,19.205,16.4509756097561,1.8764752066115704,0.7956993426458505,1.4931100883920632,66.70610620377978,3892.761918,88.4637321159991,1881.3193748586928,-2519.084977170646,5537.972288779884,-1137.5679367505454,-130.12316828261453
2025-03-04,154.51406259857504,3708.337502365801,47.29166666666666,2.3,2.41,2.356671806167401,5.4,5.12,5.26,410.0,400.0,0.0,0.3677346346465084,0.0,5885.4390484757705,620.0,603.5395684757709,6.447781201848998,14.934052388289675,78.61816640986133,410.0,400,480,480,485,485,520,520.0,615,640,620,,0.0,0.0,0.0,0.0,0.0,0.0,0.0,0.0,0.0,0.0,14.5,11.5,11.625,9.625,9.9375,12.875,8.625,8.9375,12.5,714.0,409.5,294.0,207.5,144.5,128.0,113.5,89.5,83.0,0.0,0.0,0.0,0.0,0.0,0.0,0.0,0.0,0.0,1.815,0.0,1.119,0.878,0.537,0.435,0.215,0.123,0.046,0.013,0.005,2.116,0.0,1.877,1.71,1.47,1.405,1.237,1.088,0.937,0.579,390.59663773211736,0.0,92.73302933743548,82.42935941105374,72.12568948467202,63.53929787935393,58.387462916163074,53.23562795297221,49.80107131084497,44.64923634765412,42.93195802659049,2495.5803963066705,11.24,10.98,11.175,11.2,11.15,11.13,11.13,11.14,11.1,11.56,11.045,1362.2970003296343,0.0,214.1733540270301,168.04665311504235,102.78024228106804,83.25773816064171,41.15037633227119,23.54184320404352,8.804266564113835,2.488162289858258,0.95698549609933,3274.828043086596,950.4293703988574,2007.4966217998024,27.50558705482639,4735.083448333333,True,False,410.0,0.4729166666666666,0.5270833333333333,5276998.194833489,2781417.7985268184,1140.3812973959955,0.4569603524229076,19.205,16.389268292682925,2.356671806167401,0.7861816640986133,1.852772162306972,67.3935092449923,5281.89948,89.74520739226622,2007.4966217998024,-3877.942426675969,6836.293603761027,-950.8545552852564,-1266.9062364003953
2025-03-05,133.59960927481333,3206.39062259552,52.708333333333336,1.85,2.19,2.021794466403162,4.13,4.76,4.445,390.0,375.0,1.1860098046244538,0.5614010530527036,3.0,5114.108985911857,410.0,586.3217964118576,7.851189477697294,11.86210827296988,80.28670224933283,390.0,375,365,380,400,420,440,450.0,465,475,410,,0.0,0.0,0.0,0.0,0.0,0.0,0.0,0.0,0.0,0.0,13.5625,14.0625,12.25,9.0625,10.4375,11.1875,9.75,9.1875,14.375,710.5,408.0,370.0,212.5,179.5,127.5,117.5,97.5,83.5,1529.0,1008.0,832.5,606.5,491.5,401.5,316.5,240.0,195.0,2.575,2.386,1.664,1.122,0.825,0.72,0.281,0.145,0.057,0.012,0.004,2.95,3.03,2.583,2.08,1.412,1.35,1.151,1.102,0.716,0.454,465.4452015244255,433.8895946414137,128.74687608268854,118.68852638872848,104.60683681718444,86.50180736805636,74.43178773530431,66.38510798013628,62.36176810255226,56.32675828617624,52.30341840859222,2527.2449726752343,11.325,11.165,11.1,11.125,11.08,61.095,11.1,11.14,11.13,11.145,11.125,1822.632521076337,1688.8548331216075,300.34152673518884,202.5139380990877,148.90730742579976,129.9554682988798,50.71873137775726,26.171587365746625,10.288141240327985,2.1659244716479966,0.7219748238826655,145.0316032484311,1649.6876833352585,4383.271954036265,31.811470281007963,4563.094654781249,True,False,390.0,0.5270833333333333,0.4729166666666666,4794773.070688191,2267528.098012957,884.3359582250532,0.3499209486166007,16.69,16.538292682926826,2.021794466403162,0.8028670224933283,1.6232321033345942,67.22780451772779,4527.7871895,88.53521115746588,4383.271954036265,-730.8370318755924,6764.313037031812,-1650.2040511199548,4238.75671857253
2025-03-06,148.5959655648104,3120.5152768610183,50.5,2.14,2.2,2.171470297029703,4.31,4.71,4.51,345.0,435.0,0.0,0.4616071078416335,0.0,5017.225550693068,405.0,569.4745506930692,5.5017872340425535,15.560212765957449,78.93799999999999,345.0,435,445,470,450,420,430,410.0,400,415,405,16.69,9.55,8.554,8.38,8.4,7.69,8.33,8.48,8.64,8.67,8.27,15.5625,11.6875,11.4375,10.375,10.3125,11.6875,11.5625,9.9375,14.0,825.0,475.5,336.5,211.5,190.5,139.5,111.5,85.5,70.5,0.0,0.0,0.0,0.0,0.0,0.0,0.0,0.0,0.0,2.847,2.765,1.792,1.239,0.85,0.77,0.175,0.091,0.016,0.011,0.001,3.75,3.862,3.302,2.773,1.839,1.938,1.7,1.517,1.267,0.847,503.4917187075754,422.044528916644,111.39754276405104,92.51660331251696,84.96422753190335,62.30710019006245,58.530912299755634,52.86663046429542,50.978536519142,50.978536519142,45.31425468368178,2308.955552769145,11.095,11.225,11.29,11.34,11.265,11.235,11.21,11.21,11.195,11.185,11.14,2066.258756448547,2006.745859353788,331.64650556611457,229.30246673907143,157.3100054303557,142.50435786043985,32.38735405919088,16.841424110779254,2.961129513983166,2.0357765408634263,0.1850705946239478,-540.0444166462003,1535.39059190877,4988.178706217757,28.60104568684508,4254.822579999999,False,True,435.0,0.505,0.495,4572189.2134042485,2263233.660635103,984.5066423762698,0.4263861386138614,16.69,16.677073170731706,2.171470297029703,0.78938,1.7141152230693069,66.60236702127659,4447.750999999998,88.64961232180595,4988.178706217757,-29.046844475310536,6552.999432173397,-1535.7738814803288,5528.606412435516
2025-03-07,139.2062917632526,3045.137632321151,50.54166666666666,2.05,2.09,2.071467848309975,4.73,4.48,4.605,355.0,310.0,1.3289408295075895,0.5899510259366332,3.0,4676.207854365148,430.0,533.8112346151485,5.762972501091226,16.478559580969012,77.75846791793977,355.0,310,315,355,370,360,390,412.5,415,425,430,,0.0,0.0,0.0,0.0,0.0,0.0,0.0,0.0,0.0,0.0,14.6875,12.6875,12.625,13.0,12.0,11.5625,8.1875,7.5625,15.8125,861.5,479.5,270.0,259.5,170.0,118.0,105.5,89.0,73.0,1600.0,1011.5,811.5,629.0,424.5,307.0,268.5,267.5,200.0,1.994,2.002,1.301,0.947,0.724,0.712,0.591,0.126,0.075,0.037,0.003,2.572,2.787,2.528,2.288,1.912,1.98,1.561,1.212,0.814,0.608,400.3155345299803,363.2492813327599,96.40932456597024,88.84780891373728,75.61515652232961,71.83439869621313,77.50553543538784,68.05364087009664,60.49212521786369,54.82098847868896,47.259472826456005,2255.837223499472,11.48,11.355,11.275,11.28,11.295,11.215,11.195,11.18,11.23,11.17,11.21,1446.51771203513,1452.3211933271464,240.6667420041196,175.18170997532766,133.92983951651237,131.71000792231604,109.32670601416964,23.308231739061547,13.873947463727111,6.844480748772042,0.5549578985490845,408.5370033327914,1404.4032673894835,3734.235528644832,30.530229245873112,4155.470941506251,True,False,355.0,0.5054166666666666,0.4945833333333334,4463321.79422814,2207484.570728668,783.6570226086772,0.3473907666941468,16.69,16.651463414634147,2.071467848309975,0.7775846791793976,1.6107416622585489,67.50281536446967,4142.396619749999,88.58452722291106,3734.235528644832,-941.972325720316,6080.987033982256,-1404.7791796171075,3326.0744375396644
2025-03-08,144.78037078281912,3474.728898787658,50.91666666666666,1.72,2.23,1.9764459901800329,4.3,4.88,4.59,320.0,335.0,0.0,0.5039324170188347,0.0,5146.732755237071,335.0,550.6125687370704,6.844979637171418,14.187789707515735,78.96723065531285,320.0,335,350,365,385,400,410,385.0,370,340,335,,0.0,0.0,0.0,0.0,0.0,0.0,0.0,0.0,0.0,0.0,12.375,12.8125,11.9375,14.4375,11.625,10.875,12.25,11.25,14.8125,718.0,493.5,301.0,254.0,156.0,115.0,95.0,100.0,63.5,0.0,0.0,0.0,0.0,0.0,0.0,0.0,0.0,0.0,2.445,2.405,1.555,1.158,1.121,0.789,0.619,0.047,0.008,0.002,0.001,3.585,3.548,3.125,2.603,2.6,2.154,1.724,1.335,0.928,0.741,479.6293099532095,442.15827011311495,97.46217462408576,91.7291055285513,84.08501340117203,74.52989824194793,70.70785217825829,66.88580611456865,57.330690955344565,51.59762185981011,47.77557579612047,2602.1289592798494,11.1,11.255,11.28,11.25,11.34,11.28,11.26,11.235,11.255,11.135,11.239999999999998,1766.3578340071774,1737.4603643301684,286.4642290919002,213.3283455231,206.51215486303548,145.35066029164585,114.0330275291873,8.658404351973832,1.473770953527461,0.3684427383818652,0.1842213691909326,116.32881100194312,1563.8913187661833,4480.191455049288,29.354808093255286,4776.883553608333,False,True,335.0,0.5091666666666667,0.4908333333333333,5110564.240811488,2508435.2815316385,840.3258193130989,0.322937806873977,16.14,16.59829268292683,1.9764459901800329,0.7896723065531285,1.5607446638431484,67.42359311366161,4596.1201865,89.30170663754022,4480.191455049288,-666.5413001877823,6711.024153554485,-1564.291398317414,4364.2627235985765
2025-03-09,145.90506243857496,3501.7214985257992,50.875,2.27,2.24,2.2564484029484024,5.55,5.18,5.365,310.0,330.0,1.1445561874650263,0.5859191614168718,3.0,5914.384355247788,350.0,619.7556892477887,7.466456953642385,17.258079470198677,75.27546357615894,310.0,330,325,335,340,350,345,360.0,350,350,350,16.14,9.52,8.42,8.36,8.41,7.58,8.43,8.44,8.65,8.65,8.41,13.6875,10.9375,12.875,10.0625,11.8125,11.3125,12.25,11.6875,16.125,694.0,583.0,401.5,264.5,221.0,141.5,117.5,84.0,62.5,0.0,0.0,0.0,0.0,0.0,0.0,0.0,0.0,0.0,1.942,2.197,1.333,1.254,0.67,0.273,0.258,0.136,0.059,0.021,0.002,2.817,3.404,3.112,2.926,2.379,1.965,1.892,1.565,1.276,1.024,396.71480144404336,351.80369184660447,91.61866357877528,82.07505278931953,74.44016415775492,72.53144199986377,66.80527552619031,62.98783121040802,53.444220420952256,51.53549826306111,47.7180539472788,2619.4208268963266,11.47,11.45,11.445,11.4,11.36,11.37,11.35,11.435,11.415,11.405,11.385,1403.621142973912,1587.927729718684,245.68068013078127,231.12045977794423,123.48541311899734,50.3156981813228,47.551099380151214,25.065695797289013,10.874088617941556,3.870438321640216,0.3686131734895443,1565.1429879872103,1351.674695184252,3729.881059192153,29.12853007954553,4810.052193412502,False,True,330.0,0.50875,0.4912499999999999,5148738.726086145,2529317.8991898187,834.6749067326401,0.3186486486486485,16.14,16.53,2.2564484029484024,0.7527546357615894,1.6985519956762447,70.11937086092716,5294.628666,89.52121384032331,3729.881059192153,-2184.5032960556355,7266.454431611404,-1352.070076363616,2165.133452384306
2025-03-10,138.75111975762528,3330.0268741830064,51.0,1.91,2.1,2.006441176470588,4.97,4.8,4.885,335.0,320.0,0.0,0.5221421163148798,0.0,5019.32879697794,305.0,566.4670019779412,5.225972495088409,15.980801571709234,78.79322593320236,335.0,320,335,325,335,325,310,325.0,315,305,305,,0.0,0.0,0.0,0.0,0.0,0.0,0.0,0.0,0.0,0.0,15.625,13.75,11.875,13.0,11.625,11.0,10.375,7.625,15.75,989.5,599.0,387.0,286.5,193.0,169.5,114.0,107.0,93.0,1693.0,1243.0,816.5,593.5,389.5,383.5,295.5,274.0,258.5,1.911,1.987,1.449,1.016,0.698,0.624,0.471,0.096,0.033,0.006,0.002,2.821,2.95,2.7,2.493,2.247,2.154,2.058,1.733,1.344,1.238,368.10147299509,292.97872340425533,90.03461538461538,86.20335515548283,78.54083469721768,70.87831423895254,65.13142389525369,63.215793780687406,59.38453355155483,53.63764320785598,45.97512274959084,2499.8109077749605,11.4,11.385,11.415,11.425,11.34,11.32,11.33,11.32,11.28,11.32,11.3,1379.2978723404256,1434.1522094926352,266.6895171849428,186.99554828150573,128.46741407528643,114.8476595744681,86.6878968903437,17.668870703764323,6.073674304418986,1.1043044189852702,0.36810147299509,830.9130157608623,1274.0818330605562,3622.353068739771,30.63038343347449,4585.44700575,True,False,335.0,0.51,0.49,4901590.01524502,2401779.10747006,804.59600100247,0.3218627450980391,16.115000000000002,16.446951219512194,2.006441176470588,0.7879322593320235,1.5809397293932734,66.52046660117878,4452.861794999999,88.71428780838183,3622.353068739771,-1396.9757282381693,6293.814919539131,-1274.4861225611903,2791.8443424795432
2025-03-11,139.93283840253255,3358.388121660781,51.125,1.98,1.96,1.9714339853300733,4.8,4.35,4.574999999999999,300.0,310.0,0.0,0.4703248303339919,0.0,4991.734922460269,275.0,625.1891591136921,10.390847908745249,13.71042205323194,75.8987300380228,300.0,310,315,305,310,305,300,310.0,300,285,275,16.09,9.17,8.37,8.25,8.22,7.59,8.27,8.49,8.82,8.71,8.53,14.375,13.0,11.8125,10.375,10.9375,9.255555555555556,7.875,6.75,13.9375,799.0,537.5,373.0,273.0,222.5,169.0,117.5,108.0,95.0,0.0,0.0,0.0,0.0,0.0,0.0,0.0,0.0,0.0,1.76,1.795,0.954,0.821,0.502,0.279,0.185,0.173,0.113,0.047,0.004,2.268,2.699,2.547,2.216,1.929,1.716,1.552,1.245,1.066,1.046,376.9713934594114,301.5771147675291,101.89536765207892,82.66982658564892,74.97961015907694,67.28939373250493,63.444285519218944,61.521731412575946,55.754069092646944,51.90896087936096,48.06385266607496,2530.1907454764973,11.72,11.65,11.555,11.515,11.465,11.465,11.454999999999998,11.435,11.445,11.435,11.41,1268.540998156619,1293.7676657335971,175.33975489861402,150.89511401652211,92.2647347579709,51.27860756468901,34.00194408411278,31.79641257595411,20.76875503516078,8.638331740288113,0.7351771693862224,1240.1797966253444,1286.0756059261278,3128.0274957329143,30.37171294828164,4635.835003437502,False,True,310.0,0.51125,0.48875,4949028.353010264,2418837.607533767,749.8396583354677,0.2963569682151589,16.09,16.40158536585366,1.9714339853300733,0.7589873003802281,1.4962933584035063,71.55757366920153,4366.545763346578,87.47551364755651,3128.0274957329143,-1863.7074267273551,6279.472057398078,-1287.7371349378082,1889.5092281192512
2025-03-12,136.15787144308942,3267.7889146341463,51.25,2.08,2.17,2.1259512195121952,5.24,5.62,5.43,365.0,335.0,0.0,0.428772021139211,0.0,5256.668441414634,280.0,546.3282939146341,6.177170187325628,11.788967716221604,82.03386209645276,365.0,335,335,265,305,325,305,290.0,300,300,280,,0.0,0.0,0.0,0.0,0.0,0.0,0.0,0.0,0.0,0.0,13.875,12.6875,12.625,12.375,11.5,11.3125,6.8125,6.9375,15.0,953.0,724.5,324.5,255.5,176.0,122.0,111.5,80.0,71.5,1827.5,1085.5,728.0,636.5,425.0,324.5,277.0,235.0,201.0,1.861,2.051,1.44,1.175,0.681,0.466,0.158,0.029,0.014,0.006,0.002,2.416,2.818,2.664,2.504,2.062,1.707,1.506,1.39,1.062,0.872,423.73205741626793,363.19890635680105,94.54521531100478,84.89774436090225,73.32077922077922,71.39128503075871,65.6028024606972,59.81431989063568,57.88482570061517,52.096343130553656,44.37836637047163,2471.5131698579685,11.72,11.62,11.545,11.545,11.475,11.435,11.41,11.405,11.365,11.25,11.16,1339.462064251538,1476.2153110047848,264.29364319890635,215.65627136021877,124.98886876281614,85.52835953520164,28.998885850991115,5.32258031442242,2.5695215311004787,1.1012235133287764,0.3670745044429255,1166.0797363034949,1390.8626452494873,3544.503803827752,31.21376645327768,4521.802910625,True,False,365.0,0.5125,0.4875,4822464.721674086,2350951.551816117,858.0973164128827,0.3471951219512196,16.045,16.506219512195123,2.1259512195121952,0.8203386209645277,1.74399989165249,65.08956755679554,4710.3401475,89.60694782249553,3544.503803827752,-1712.1646375868822,6647.774479295368,-1391.1060378807342,2378.6674601555032
2025-03-13,145.73399609962345,2668.1465785906057,50.35,1.83,2.45,2.140986097318769,4.99,5.21,5.1,500.0,380.0,1.5251797259079178,0.5007698159110565,3.0,4211.279616985999,245.0,434.675520985998,7.363269809428285,16.188059177532597,76.44867101303912,500.0,380,375,345,335,320,330,305.0,295,265,245,16.0,9.4,8.36,8.34,8.27,7.58,8.33,8.53,8.73,8.16,7.39,14.5625,12.875,12.6875,13.0625,8.3125,9.5625,9.375,10.875,17.25,874.0,677.5,341.5,327.5,185.0,121.0,116.5,94.0,78.5,0.0,0.0,0.0,0.0,0.0,0.0,0.0,0.0,0.0,2.333,1.947,1.179,0.783,0.433,0.157,0.121,0.142,0.103,0.012,0.001,3.97,3.391,2.914,2.596,2.198,1.755,1.683,1.318,0.879,0.665,449.6974051679728,405.4648735121066,101.51366015021289,88.35448198259269,77.0751864103468,65.79589083810093,63.91600824272663,58.27636045660368,54.51659526585506,50.75683007510644,46.99706488435781,1966.0753459686184,11.6,11.505,11.53,11.49,11.48,11.475,11.44,11.42,11.4,11.395,11.365,1695.9969360917548,1415.390499173016,218.55679333532171,145.14840473414498,80.26725319270085,29.10383083430493,22.43034096147068,26.32321005395732,19.09359602505355,2.224496624278084,0.1853747186898403,122.0826701422116,1462.364356985982,3654.720735744693,29.16272190254571,3627.211866265,True,False,500.0,0.5035000000000001,0.4964999999999999,3904816.973125359,1938741.6271567403,969.37081357837,0.4930486593843097,16.0,16.340365853658536,2.140986097318769,0.7644867101303912,1.636755417974131,69.32162424774323,3776.604096000001,89.67830302142002,3654.720735744693,-556.5588812413057,5673.843283858884,-1462.5636668728855,3532.837375489385
2025-03-14,143.3143577499247,3439.5445859981933,51.25,2.69,2.05,2.37190243902439,5.03,4.72,4.875,305.0,315.0,0.0,0.460738011467551,0.0,6173.067984468293,340.0,668.6093809682926,6.137585698488758,13.857357169185404,80.00505713232585,305.0,315,335,340,330,325,315,330.0,350,365,340,15.97,9.27,8.45,8.41,8.24,7.56,8.28,8.45,8.54,8.01,8.56,13.625,9.5625,11.6875,12.3125,13.375,11.375,10.125,9.25,18.6875,881.5,578.0,453.0,348.0,225.5,132.5,125.5,92.5,78.0,1655.5,1302.0,1080.0,892.5,647.5,323.0,289.0,244.0,220.0,2.354,2.62,1.469,0.964,0.781,0.555,0.276,0.1,0.047,0.032,0.004,3.849,4.264,3.588,3.331,3.112,2.85,2.119,1.629,1.278,1.147,385.8988380041012,348.0656185919344,96.47470950102527,92.61572112098428,88.75673274094326,79.10926179084073,73.32077922077922,63.67330827067669,57.88482570061517,52.096343130553656,50.16684894053315,2600.493439998766,11.8,11.695,11.71,11.665,11.62,11.61,11.575,11.56,11.58,11.555,11.52,1694.3007518796994,1885.755297334245,269.6162235133288,176.9299111414901,143.3425939849624,101.86317498291184,50.65628161312373,18.35372522214628,8.626250854408749,5.873192071086808,0.734149008885851,1148.9393541940258,1388.062987012987,4356.051551606289,29.655088762397448,4759.469820875,False,True,315.0,0.5125,0.4875,5074133.541461007,2473640.101462241,779.1966319606058,0.2996341463414634,15.97,16.198414634146342,2.37190243902439,0.8000505713232583,1.8976419014644927,66.33283035385182,5504.4586035,89.16892892398816,4356.051551606289,-1817.016432862004,7561.6632737815935,-1388.5952893133008,3207.6444997125773
2025-03-15,130.5051383076507,3132.123319383617,51.375,2.13,1.88,2.0059464720194646,4.89,4.71,4.8,270.0,310.0,0.0,0.4293691553653354,0.0,4771.164545541606,250.0,561.2011375416058,8.702179434657927,14.408914379352726,76.88890618598936,270.0,310,320,350,320,310,290,280.0,270,270,250,16.68,9.71,8.89,8.51,8.43,7.8,8.44,8.57,8.7,8.37,8.88,14.5,11.5625,10.75,9.9375,9.5,10.1875,13.0,12.0625,15.5625,1033.0,534.5,363.5,249.0,227.5,152.0,124.5,103.0,84.0,0.0,0.0,0.0,0.0,0.0,0.0,0.0,0.0,0.0,1.416,1.571,0.816,0.389,0.155,0.024,0.01,0.006,0.003,0.001,0.001,2.595,3.012,2.778,2.358,2.062,1.695,1.551,1.178,0.963,0.778,349.32046807637045,311.3508519811128,91.0131697803326,85.20381851775817,75.52156641346747,71.6486655717512,61.96641346746049,54.22061178402793,52.284161363169794,48.41126052145351,44.538359679737226,2377.3881399731213,11.84,11.74,11.71,11.79,11.56,11.6,11.56,11.67,11.66,11.66,11.6,1017.7409156230756,1129.1461712174096,149.55616505850958,71.29576986245125,28.40834017655513,4.398710737014987,1.8327961404229116,1.0996776842537468,0.5498388421268734,0.1832796140422911,0.1832796140422911,1805.8321945364112,1245.479347156641,2404.394944569905,32.56576756373469,4344.6465594,False,True,310.0,0.51375,0.4862499999999999,4627519.493864955,2250131.353891834,697.5407197064686,0.2934063260340632,16.68,16.113658536585366,2.0059464720194646,0.7688890618598936,1.5423503010122095,69.88329578041787,4209.963408,88.23764864563269,2404.394944569905,-2366.7696009717006,6016.907623804563,-1245.7430782629572,598.8264811398102
2025-03-16,148.87327424645233,3266.5277590909086,49.5,2.03,1.89,1.961020202020202,4.95,4.32,4.635,390.0,315.0,0.0,0.4023170673682075,0.0,4606.5397022590905,240.0,519.1880912590908,8.32474406991261,18.922496878901374,72.75275905118602,390.0,315,315,290,270,285,275,275.0,265,255,240,,0.0,0.0,0.0,0.0,0.0,0.0,0.0,0.0,0.0,0.0,13.4375,11.6875,12.5,10.6875,11.9375,10.375,11.75,9.25,16.75,927.5,546.5,419.5,235.0,191.0,142.5,110.5,98.5,86.5,0.0,0.0,0.0,0.0,0.0,0.0,0.0,0.0,0.0,1.621,1.52,1.186,0.77,0.699,0.48,0.126,0.059,0.027,0.007,0.001,2.41,2.26,2.431,2.058,2.057,1.716,1.619,1.335,1.1,0.744,381.1380145278451,294.84261501210653,89.85508474576271,77.01864406779661,60.51464891041163,58.68087167070218,53.17953995157385,51.34576271186442,47.67820823244553,45.84443099273608,42.1768765133172,2347.830577806851,11.915,11.885,11.86,11.845,11.795,11.739999999999998,11.735,11.835,311.78,11.735,11.76,1189.2566585956415,1115.1573849878937,221.8796368038741,144.05338983050848,130.77054479418885,89.7995157384988,23.57237288135593,11.037857142857144,5.051222760290557,1.3095762711864407,0.1870823244552058,1155.5452247517403,1202.274697336562,2932.075242130752,28.54777005148913,4365.714350025,True,False,390.0,0.495,0.505,4743092.076377477,2395261.4985706257,934.151984442544,0.3978787878787878,14.435,16.048536585365852,1.961020202020202,0.7275275905118602,1.426696302520839,72.23249063670413,4087.351611,88.72932559325439,2932.075242130752,-1674.464460128339,5809.083255478145,-1202.543553219054,1776.7988732615036
2025-03-17,125.4600413157235,3011.040991577364,51.391304347826086,2.0,2.03,2.0164187817258883,4.1,5.51,4.805,365.0,305.0,1.3113984744588971,0.4548709836541051,3.0,4612.828566598477,265.0,540.8396905984771,8.593382226056946,18.95176876617774,72.4548490077653,365.0,305,300,305,305,310,305,320.0,315,295,265,12.19,9.7,8.72,8.39,8.74,7.93,8.64,8.75,8.82,8.4,8.81,16.0,12.8125,13.375,11.9375,10.125,8.125,10.9375,12.625,15.0,809.5,438.5,324.0,238.0,193.5,168.0,141.0,124.0,88.0,1622.0,1084.0,752.0,633.5,536.5,405.5,334.5,315.5,280.5,1.971,2.043,1.24,0.868,0.601,0.447,0.329,0.066,0.045,0.007,0.003,2.859,3.023,2.699,2.335,2.023,1.759,1.501,1.172,0.889,0.719,425.4592201114127,357.08184545064984,92.99322953863734,83.30643479502928,71.6822811026996,63.93284530781317,58.12076846164833,56.18340951292672,48.43397371804028,46.49661476931867,44.55925582059706,2286.0245871418515,11.62,11.66,11.670000000000002,11.77,11.7,11.685,11.685,11.68,11.73,11.7,11.745,1416.38351664048,1468.123553778032,227.2249964290816,159.0574975003571,110.1308248821597,81.91094629338667,60.28792243965149,12.09423368090273,8.246068418797314,1.282721754035138,0.5497378945864877,527.0751153101938,1348.2498785887733,3545.2920197114704,33.875327597770855,4178.015748052174,True,False,365.0,0.5139130434782608,0.4860869565217391,4448271.193254026,2162246.606112174,789.2200112309436,0.3452368866328257,12.19,15.90780487804878,2.0164187817258883,0.7245484900776531,1.4609931836637131,72.58658326143227,4071.988876,88.27531344835356,3545.2920197114704,-1067.5365468870064,5961.456704208915,-1348.628137610438,3018.5951634229414
2025-03-18,127.78830783204904,3066.919387969177,49.66666666666666,1.746,1.81,1.779013422818792,3.27,4.95,4.11,320.0,305.0,0.0,0.4307459407411897,0.0,3942.851287773154,310.0,534.1612785731544,9.327328677433435,17.015517241379307,73.65715408118724,320.0,305,335,350,355,345,320,330.0,350,345,310,15.65,9.63,8.62,8.36,8.45,7.81,8.37,8.68,8.7,8.51,7.05,12.125,11.0,10.75,10.5,11.375,11.375,12.125,14.0,17.0625,668.5,381.0,273.5,274.0,259.5,170.5,157.0,146.5,112.5,0.0,0.0,0.0,0.0,0.0,0.0,0.0,0.0,0.0,1.93,1.89,0.986,0.465,0.25,0.118,0.068,0.015,0.006,0.001,0.001,3.55,3.25,2.754,2.141,1.658,1.256,0.986,0.685,0.584,0.447,419.137776181067,419.137776181067,84.76700197592959,79.23871923836896,75.55319741332855,70.02491467576792,68.18215376324771,60.81111011316688,60.81111011316688,49.75454463804563,42.3835009879648,2215.05086732636,11.715,11.65,11.665,11.255,11.64,11.635000000000002,11.65,11.72,11.74,11.745,11.745,1413.4381174779958,1384.1440632297472,184.13510149092875,86.838562062152,46.68739895814623,22.03645230824502,12.698972516615775,2.8012439374887736,1.1204975749955095,0.1867495958325849,0.1867495958325849,254.7191082936938,1429.8018052811208,3154.2739087479804,33.258128792078026,4112.7388992666665,True,False,320.0,0.4966666666666666,0.5033333333333334,4459833.961059784,2244783.093733425,718.3305899946959,0.3242953020134228,15.65,15.720243902439025,1.779013422818792,0.7365715408118726,1.310370657970641,72.29385912265388,3408.6900092,86.45241122256887,3154.2739087479804,-788.5773790251737,5372.95610089595,-1430.1048131227958,2899.857808295961
2025-03-19,136.8130861643962,3283.5140679455085,49.958333333333336,1.76,2.07,1.916001668056714,3.6,5.47,4.535,310.0,275.0,0.0,0.4074136758775777,0.0,4585.307748734612,270.0,612.654180734612,9.556490384615383,14.83838141025641,75.6051282051282,310.0,275,295,305,290,290,300,280.0,310,300,270,15.94,10.18,8.46,8.38,8.67,7.83,8.45,8.74,8.83,8.18,8.75,11.375,11.0625,12.125,11.875,9.625,10.1875,9.8125,11.5,15.5625,726.5,518.0,334.5,192.5,189.5,185.5,162.5,134.0,123.5,1275.0,1016.0,747.5,548.0,525.0,414.5,360.0,301.0,260.5,1.86,1.98,1.142,0.752,0.365,0.124,0.088,0.042,0.009,0.002,0.001,2.898,2.89,2.586,2.142,1.658,1.356,1.157,0.785,0.659,0.421,371.7097057432966,378.99813134610633,85.49323232095821,79.91758673480876,76.2004896773758,68.76629556250987,65.0491985050769,61.332101447643936,57.61500439021097,53.897907332778,42.74661616047911,2391.9136754448505,11.78,11.595,11.55,11.665,11.52,11.505,11.545,11.505,11.555,11.54,11.52,1357.908458473107,1445.5154557939527,212.6002807483621,139.9959817187113,67.95017729698088,23.084443794042823,16.38250849899813,7.818924510885473,1.6754838237611724,0.3723297386135939,0.1861648693067969,699.4823954948407,1341.7262692212446,3273.4902092667216,31.0642798810426,4429.050038399999,True,False,310.0,0.4995833333333334,0.5004166666666666,4787817.198555164,2395903.5231103133,742.7300921641971,0.3105170975813178,15.94,15.519268292682924,1.916001668056714,0.7560512820512819,1.4485955175466734,71.21960136217949,3972.653568,86.63875547058572,3273.4902092667216,-1311.81753946789,5927.353054717419,-1342.045305982807,2574.326850533444
2025-03-20,131.194893421455,3131.184789658725,50.91666666666666,1.74,2.01,1.8759639934533552,4.22,4.77,4.494999999999999,305.0,295.0,1.2784590307149784,0.451343908080383,3.0,4402.090207937807,265.0,600.6387079378069,8.754093519278097,18.09922887612797,73.14667760459393,305.0,295,275,285,275,275,290,285.0,280,280,265,16.45,10.35,8.95,8.9,8.86,8.19,8.64,8.84,9.0,8.53,8.78,12.4375,11.1875,9.5,11.1875,10.75,10.8125,11.0,14.625,20.375,777.5,536.5,343.5,272.5,246.0,175.0,159.0,115.5,99.0,0.0,0.0,0.0,0.0,0.0,0.0,0.0,0.0,0.0,1.782,1.852,0.986,0.652,0.475,0.235,0.162,0.071,0.022,0.005,0.001,2.778,2.89,2.536,2.085,1.765,1.352,1.112,0.856,0.756,0.568,397.1930223050016,419.6756462090583,89.81808249670648,82.17399036932721,74.52989824194793,68.79682914641347,64.97478308272385,61.152737019034205,59.241713987189385,51.59762185981011,45.86455276427565,2345.3691757167508,11.68,11.565,11.545,11.615,11.54,11.495,11.495,11.47,11.485,11.455,11.395,1287.3822741107526,1337.9528460455183,181.6422700222596,120.11233271248808,87.50515036569298,43.292021759869165,29.843861808931084,13.079717212556217,4.052870122200518,0.9211068459546632,0.1842213691909326,695.7903128168142,1415.018877481488,3105.9686723754144,32.3945535467387,4304.596289583334,True,False,305.0,0.5091666666666667,0.4908333333333333,4606289.706808676,2260920.531091925,689.5807619830372,0.2940180032733224,16.45,15.339756097560976,1.8759639934533552,0.7314667760459392,1.3722053342695912,72.2546349466776,3801.4515,86.355602008002,3105.9686723754144,-1296.1215355623922,5817.416570611523,-1415.3263626737162,2410.485844750829
2025-03-21,147.16705964478336,2090.9986391196308,52.16666666666666,0.0,2.19,2.190916932907348,0.0,5.23,5.23,210.0,220.0,0.0,0.4361186106551976,0.0,3558.7607088613413,240.0,391.3273488613418,4.61631673665267,8.067966406718657,70.05,210.0,220,250,230,240,260,270,250.0,250,260,240,,0.0,0.0,0.0,0.0,0.0,0.0,0.0,0.0,0.0,0.0,8.5,8.75,9.0,11.125,10.75,10.625,12.0,16.25,12.75,521.0,437.0,279.0,304.0,128.0,113.0,110.0,90.0,77.0,1233.0,915.0,573.0,579.0,440.0,259.0,245.0,204.0,167.0,1.89,1.92,1.235,0.756,0.523,0.369,0.196,0.083,0.02,0.005,0.001,3.285,3.55,3.265,2.154,1.986,1.652,1.265,0.875,0.777,0.524,497.1633422189539,419.4815699972424,99.04425958268222,93.10160400772128,85.1780632411067,79.23540766614578,71.3118668995312,65.36921132457026,57.44567055795568,53.4839001746484,49.52212979134111,1623.6449947372028,11.91,11.72,11.63,11.55,11.49,11.44,11.43,11.39,11.37,11.36,11.39,1346.227594448019,1367.5962864233843,224.3178440113981,137.31521463369796,94.99452017648682,67.02290238073353,35.60024083095873,15.075612188620278,3.632677635812115,0.9081694089530288,0.1816338817906057,-125.27618275678437,1570.337025461899,3292.872696019855,28.878745082345265,2945.1715831999995,False,True,220.0,0.5216666666666666,0.4783333333333334,3112418.520263009,1488773.525525806,327.5301756156773,0.2017252396166134,15.93,15.139268292682925,2.190916932907348,0.8466864924496831,1.85501977317194,63.06940063320212,3167.4333599999995,89.00383080303956,3292.872696019855,-265.8880128414862,5129.260887586312,-1570.5001787249705,3418.31203203971
2025-03-22,145.80982427688147,3499.4357826451555,50.79166666666666,2.22,2.01,2.1159688269073014,5.57,5.09,5.33,280.0,305.0,0.0,0.4136698355430749,0.0,5529.205555671535,260.0,629.671930671534,6.127289512555392,18.863282865583457,75.00942762186115,280.0,305,295,285,290,300,290,285.0,275,285,260,15.41,10.96,8.44,8.35,8.47,7.98,8.3,8.51,8.58,8.23,7.07,10.5625,10.375,9.375,9.625,8.25,8.6875,13.4375,17.4375,22.5,609.5,516.0,414.5,351.5,293.5,180.5,142.5,105.0,91.0,0.0,0.0,0.0,0.0,0.0,0.0,0.0,0.0,0.0,1.742,1.788,0.932,0.659,0.425,0.231,0.101,0.044,0.018,0.002,0.001,2.885,2.895,2.562,1.865,1.623,1.325,0.985,0.751,0.568,0.452,388.2923066451892,358.4236676724823,85.68565805295279,81.87740658393265,78.06915511491253,72.35677791138235,70.45265217687229,62.83614923883204,66.64440070785216,59.02789776981192,49.507269097261606,2611.88816145169,11.69,11.7,11.475,11.6,11.55,11.43,11.44,11.5,11.47,11.405,11.32,1260.229915829117,1293.5080881185202,171.93240057172676,121.57022744288405,78.40265047530458,42.61414649363614,18.632159289425324,8.116980284502121,3.3205828436599587,0.3689536492955509,0.1844768246477754,1900.9401884288748,1373.1733409714818,2998.88058182272,29.14755587339288,4799.038746425001,False,True,305.0,0.5079166666666667,0.4920833333333333,5142355.691127199,2530467.529675509,771.7925965510302,0.2954922067268252,15.41,14.96,2.1159688269073014,0.7500942762186115,1.5871761057201763,69.4486636816839,4899.533625000001,88.61189144929413,2998.88058182272,-2530.324973848815,6902.66604189461,-1373.4604862230751,1098.2275386454394
2025-03-23,162.00405609911806,3267.0817979988806,49.625,2.08,1.99,2.036015113350126,5.2,5.49,5.345000000000001,280.0,240.0,0.0,0.3953074888996175,0.0,4801.087027492444,240.0,556.5425774924432,6.694159509202453,16.78067893660532,76.52516155419224,280.0,240,290,285,285,240,295,270.0,275,250,240,,0.0,0.0,0.0,0.0,0.0,0.0,0.0,0.0,0.0,0.0,13.5,10.125,8.1875,11.625,10.9375,10.6875,10.5625,12.375,18.3125,532.0,361.0,276.5,222.0,164.5,115.5,85.5,78.0,68.0,0.0,0.0,0.0,0.0,0.0,0.0,0.0,0.0,0.0,1.754,1.871,1.141,0.756,0.452,0.268,0.162,0.042,0.009,0.003,0.001,2.985,2.798,3.211,2.253,2.098,1.685,1.352,0.958,0.752,0.526,404.1909635714768,433.06174668372506,93.86613359369738,86.50408390007406,79.14203420645075,71.77998451282741,68.09895966601576,64.41793481920409,62.577422395798266,51.53434785536328,44.172298161739945,2356.904561898891,11.625,11.605,11.45,11.48,11.585,11.41,11.405,11.585,11.535,11.52,11.489999999999998,1285.1170964918188,1370.840414786883,213.17630832940543,141.24565214463672,84.44845868965052,50.07121001952731,30.26692545956501,7.84698067470204,1.6814958588647226,0.5604986196215743,0.1868328732071914,1059.3788627558788,1459.3459093663728,3185.441873947882,26.233911065780635,4377.481224093751,True,False,280.0,0.49625,0.5037499999999999,4749429.847655197,2392525.285756305,669.9070800117654,0.2842317380352644,12.28,14.861463414634148,2.036015113350126,0.7652516155419223,1.558063854758954,68.85562372188139,4244.54445,88.40798814298687,3185.441873947882,-1615.6451535445617,6260.709223562577,-1459.6221960701332,2126.339297895764
2025-03-24,144.1449413840789,3459.4785932178934,51.333333333333336,2.04,2.03,2.035948051948052,5.1,5.35,5.225,285.0,280.0,0.0,0.3767008287948306,0.0,5342.232609537663,250.0,632.2364360376623,6.956253201609953,14.24952799121844,78.7942188071716,285.0,280,280,270,275,260,260,260.0,240,255,250,9.15,7.98,8.42,8.33,8.37,7.77,6.38,8.22,8.56,8.02,5.87,13.625,10.6875,11.25,11.27777777777778,10.6875,8.5625,12.5625,14.1875,17.25,500.0,336.0,292.0,229.5,167.5,107.0,87.0,82.0,76.5,1177.0,839.0,707.5,561.5,384.5,300.5,204.0,176.5,165.5,1.821,1.882,0.865,0.562,0.368,0.235,0.122,0.032,0.009,0.001,0.001,3.265,3.251,2.351,1.856,1.652,1.352,0.986,0.881,0.485,0.532,470.2590295512586,439.9197373221451,100.57475373951112,90.9041043414812,83.16758482305727,79.29932506384529,71.56280554542137,65.76041590660343,61.892156147391454,52.22150674936154,44.484987230937605,2622.731439729409,11.545,11.52,11.535,11.57,11.475,11.33,11.47,11.465,11.465,11.485,11.505,1309.4458226924478,1353.3097409704485,158.61120941262308,103.05144472820136,67.47852608537029,43.0909066034294,22.370598321780367,5.8676979204669815,1.6502900401313385,0.1833655600145931,0.1833655600145931,1645.0464520700148,1560.046406421014,3065.242967894928,29.4842119271861,4794.8373302,True,False,285.0,0.5133333333333333,0.4866666666666667,5109217.090381966,2486485.6506525567,708.6484104359787,0.2701948051948051,9.15,14.870714285714287,2.035948051948052,0.787942188071716,1.6042093628522958,67.60127149652396,4709.996173500001,88.16531434986732,3065.242967894928,-2276.989641642735,6902.572262423619,-1560.3396528859555,1420.4897622898552
2025-03-25,146.81087767489714,3523.4610641975314,50.625,2.126,2.22,2.173975308641975,5.316,5.44,5.378,375.0,330.0,1.145758946525062,0.4112017655756502,3.0,5692.232162538272,285.0,617.8663741382716,6.9250694952450615,15.35882223847842,77.71610826627652,375.0,330,345,315,320,270,270,285.0,275,275,285,19.83,10.56,9.05,8.72,8.74,6.71,8.2,8.65,8.72,8.52,8.63,12.6875,11.375,14.25,11.0625,9.5,8.8125,10.75,12.0,12.6875,599.5,472.5,331.5,239.5,191.0,171.5,137.5,104.5,60.0,0.0,0.0,0.0,0.0,0.0,0.0,0.0,0.0,0.0,1.8548,1.786,1.236,0.886,0.652,0.425,0.237,0.088,0.014,0.005,0.001,3.521,3.771,3.265,2.325,1.754,1.325,0.926,0.754,0.652,0.452,490.4587155963303,505.3211009174312,106.11743119266056,100.43256880733946,92.85275229357798,83.37798165137615,79.58807339449541,70.11330275229358,62.53348623853211,58.74357798165138,49.268807339449545,2617.177131121233,11.46,11.285,11.31,11.455,11.255,11.245,11.235,11.41,11.425,11.435,11.395,1344.3045871559634,1294.4403669724772,228.4332110091743,163.74743119266054,120.50036697247708,78.54701834862385,43.80151376146789,16.263853211009174,2.5874311926605507,0.9240825688073394,0.1848165137614679,1780.907156687429,1698.807798165138,3293.734678899082,28.948808612202026,4816.1308421250005,True,False,375.0,0.50625,0.49375,5169732.604683917,2552555.473562684,957.2083025860064,0.3657407407407407,19.83,14.87953488372093,2.173975308641975,0.7771610826627652,1.6895290045463165,68.25560076810534,5074.3657884,89.14544669831679,3293.734678899082,-2398.49748363919,7391.316007889921,-1699.083845351649,1513.103569398164
2025-03-26,140.62065768356078,3374.8957844054585,50.66666666666666,2.36,2.21,2.2859736842105267,5.9,5.55,5.725,245.0,260.0,0.0,0.3942408679649001,0.0,5740.0369447473695,265.0,630.1902027473685,4.337928408225438,17.688960396039608,77.97311119573496,245.0,260,260,270,250,260,240,250.0,260,265,265,11.49,7.8,8.09,7.98,8.23,7.56,8.29,8.49,8.4,8.48,8.15,12.5625,12.125,10.8125,10.6875,11.0,11.625,8.3125,5.625,13.25,706.5,489.0,389.0,325.0,224.0,184.0,139.5,130.0,106.0,1612.0,1172.0,964.0,750.0,516.5,436.0,318.0,252.0,229.0,1.758,1.881,0.998,0.568,0.456,0.253,0.127,0.066,0.008,0.002,0.001,2.865,2.781,2.325,1.154,0.896,0.758,0.623,0.523,0.441,0.386,498.4916606236404,513.372008701958,96.75946337926032,89.17048585931833,83.47875271936185,77.78701957940535,73.99253081943436,66.40355329949237,64.50630891950689,55.0200870195794,45.53386511965192,2509.9116764248797,11.275,11.195,11.25,11.355,11.135,11.11,11.085,11.27,11.315,11.28,11.29,1273.5620014503263,1362.6678752719365,184.36222625090647,104.92759970993474,84.23765047135608,46.7371174764322,23.460924583031183,12.19229151559101,1.4778535170413345,0.3694633792603336,0.1847316896301668,2015.9343875783345,1664.5157360406092,3094.179735315446,30.22315547381233,4616.857433066667,False,True,260.0,0.5066666666666666,0.4933333333333334,4953773.04557542,2443861.3691505413,635.4039559791407,0.2531578947368422,11.49,15.042954545454547,2.2859736842105267,0.7797311119573496,1.782444802694713,66.47801075780654,5109.846742000001,89.02114727111561,3094.179735315446,-2645.857209431924,7404.8200616817585,-1664.783116934389,1078.5127286308912
2025-03-27,111.2701677519165,2670.484026045996,50.125,2.18,1.92,2.050995012468828,5.45,5.02,5.234999999999999,430.0,390.0,0.0,0.3819689072264345,0.0,4011.438595137157,245.0,486.9968951371571,6.760392156862745,20.17843137254902,73.06117647058825,430.0,390,360,345,310,310,330,295.0,250,255,245,20.13,10.78,9.28,9.14,8.91,8.15,8.5,8.76,8.78,8.64,8.06,13.5,11.25,11.3125,11.4375,10.0625,8.75,8.9375,11.125,16.625,698.5,582.5,438.5,338.0,248.5,185.5,163.5,146.5,123.5,0.0,0.0,0.0,0.0,0.0,0.0,0.0,0.0,0.0,1.862,1.875,1.125,0.862,0.568,0.368,0.168,0.062,0.008,0.002,0.001,2.869,2.883,3.251,2.124,1.685,1.235,0.896,0.754,0.568,0.55,483.38091050531017,432.1132381789893,97.1156192924305,91.51279510248258,87.77757897585063,80.30714672258675,72.83671446932287,61.63106608942705,54.16063383616316,46.69020158289928,42.95498545626734,1954.9011458461252,12.07,11.615,11.635,11.875,11.51,11.445,11.425,11.535,11.725,11.75,11.765,1356.918487451803,1366.3921396198336,209.05799736183457,160.18488331191236,105.55106000135292,68.38519380369344,31.219327606033964,11.521418521274438,1.4866346479063792,0.3716586619765948,0.1858293309882974,213.40238551155076,1550.4808902117302,3311.274630318609,38.19532302203075,3614.16631875,True,False,430.0,0.50125,0.49875,3900052.161289029,1945151.015442903,836.4149366404482,0.4278553615960099,20.13,15.199111111111112,2.050995012468828,0.7306117647058824,1.4984810854628134,71.06200980392157,3524.4416999999994,87.85979434591081,3311.274630318609,-700.1639648185469,5562.154801179047,-1550.716206041891,3098.10756063722
2025-03-28,129.058366469412,2242.3891174060336,50.5625,1.98,1.69,1.8359777503090235,5.18,4.29,4.734999999999999,310.0,400.0,3.607190212250078,0.4651474053639328,6.0,3053.8634930988874,350.0,350.9286805988875,8.652881844380403,18.047481268011527,73.29963688760806,310.0,400,380,390,400,400,410,400.0,400,400,350,19.71,11.27,9.54,9.32,9.16,8.35,8.72,8.87,8.8,8.86,8.6,11.3125,11.375,12.0625,12.375,13.125,10.125,9.9375,5.0625,16.0625,768.0,516.0,385.0,331.0,273.5,179.5,168.0,139.0,116.0,1616.0,1310.0,896.5,721.5,589.5,408.5,378.0,355.0,290.5,1.223,1.288,0.852,0.568,0.368,0.214,0.099,0.024,0.005,0.001,0.001,2.751,2.812,2.141,1.752,1.652,1.356,0.865,0.562,0.658,0.452,437.6462797568513,422.8108126464496,88.90153665908242,81.33544843277754,75.66088226304888,68.09479403674398,64.31174992359155,62.42022786701532,54.85413964071043,51.07109552755799,39.72196318810065,1662.4586855620994,11.64,11.6,11.55,11.49,11.53,11.5,11.47,11.47,11.4,11.38,11.35,887.0041430366423,934.1466363296772,157.57197065915037,105.04798043943356,68.05925493259076,39.5779362923218,18.309419125887192,4.438647060821137,0.9247181376710704,0.184943627534214,0.184943627534214,487.6702402626952,1446.8289299419298,2215.450593269264,32.930836769945394,3061.28159321875,False,True,400.0,0.505625,0.494375,3287928.17910922,1625469.4935471206,650.1877974188483,0.3911001236093943,19.71,15.318666666666669,1.8359777503090235,0.7329963688760807,1.3457650243137895,72.0957780979827,2702.9348125,88.5086978710111,2215.450593269264,-838.4128998296237,4500.878444072776,-1447.0149509738883,1727.9663740385274
2025-03-29,142.40549186791776,3411.798242668863,50.583333333333336,1.766,1.65,1.708976935749588,4.417,4.13,4.2735,390.0,450.0,0.0,0.4475741818381814,0.0,4327.661264042669,360.0,554.5177250426689,6.504129692832764,19.270716723549487,74.22515358361775,390.0,450,400,390,375,385,375,390.0,405,370,360,20.95,12.29,10.18,8.6,9.08,8.58,9.96,9.23,9.13,9.13,8.77,14.75,10.6875,10.5625,11.0625,10.75,8.5625,6.6875,9.125,16.25,885.5,585.5,510.0,449.0,365.5,245.5,193.0,137.0,131.5,0.0,0.0,0.0,0.0,0.0,0.0,0.0,0.0,0.0,1.356,1.385,0.896,0.685,0.475,0.256,0.101,0.044,0.005,0.001,0.001,2.895,2.886,2.653,1.784,1.235,0.895,0.741,0.562,0.458,0.551,816.4440016303612,831.2884380236405,88.95528508672616,81.38462252615373,73.81395996558129,66.24329740500885,60.56530048457952,54.88730356415019,51.10197228386397,47.31664100357775,41.63864408314842,2530.863505716592,11.785,11.415,11.445,11.6,11.445,11.445,11.445,6.625,11.665,11.63,11.595,983.2397083465426,1004.267696209411,165.67154023821385,126.6573717222952,87.82810447896382,47.334725782346815,18.67502853131652,8.135655993840858,0.9245063629364612,0.1849012725872922,0.1849012725872922,1330.3549743427425,2213.639466056792,2443.1041402110413,29.84435462602741,4659.663449925,False,True,450.0,0.5058333333333334,0.4941666666666666,5003354.541779093,2472491.036062502,1112.6209662281258,0.4396210873146622,20.95,15.40577777777778,1.708976935749588,0.7422515358361775,1.2684907552687363,70.17436006825939,3773.1435390000006,87.186665239953,2443.1041402110413,-1884.557123831628,6541.616305653244,-2213.955041610575,1113.0647414220823
2025-03-30,148.43599704360173,3562.463929046441,50.54166666666666,1.706,2.06,1.883978565539984,4.267,5.48,4.8735,345.0,375.0,0.0,0.4306079658777637,0.0,4975.481511995714,360.0,596.796691595713,7.014516246805404,17.250664476086165,75.73481927710844,345.0,375,330,350,350,320,335,315.0,335,325,360,19.82,9.27,8.51,8.41,8.43,8.04,8.43,8.58,8.55,8.42,8.35,13.375,11.5625,10.9375,10.125,7.9375,6.375,5.375,7.375,13.3125,756.0,540.5,435.5,352.0,282.5,235.5,181.0,138.5,93.0,0.0,0.0,0.0,0.0,0.0,0.0,0.0,0.0,0.0,1.568,1.551,0.965,0.751,0.562,0.368,0.201,0.088,0.009,0.001,0.001,2.986,2.895,2.862,1.895,1.652,1.354,0.895,0.754,0.568,0.529,770.9780665021842,585.6468005160823,98.2997034790285,88.84780891373728,81.28629326150433,73.72477760927137,68.05364087009664,68.05364087009664,58.601746304805445,51.04023065257249,45.36909391339776,2639.5720558395387,11.905,11.285,11.175,11.545,11.345,11.28,11.3,11.47,11.53,11.489999999999998,11.515,1137.4823332352478,1125.1499354897123,178.51145736662215,138.92446060345415,103.96211299486184,68.07483555535435,37.18217920278866,16.278765024106477,1.6648736956472532,0.1849859661830281,0.1849859661830281,1571.3925377359433,1989.901802892777,2807.600925100161,28.631868850192728,4861.427339175,False,True,375.0,0.5054166666666666,0.4945833333333334,5222566.309987546,2582994.2541480074,968.6228453055028,0.366962077493817,19.82,15.492888888888888,1.883978565539984,0.7573481927710843,1.4268277618311669,69.5498106060606,4378.684820400001,88.00524752917165,2807.600925100161,-2167.880586895553,6965.691957324594,-1990.2104453288805,1236.517029800321
2025-03-31,140.9416767268363,3329.7471126715086,51.625,2.21,3.43,2.820937046004843,5.536,8.29,6.912999999999999,320.0,335.0,0.0,0.4154218243019963,0.0,7184.403654446005,370.0,621.2624302460048,7.809738339021615,17.05934395145999,75.13091770951839,320.0,335,345,385,360,395,365,380.0,355,385,370,19.2,9.21,8.42,8.27,8.4,8.0,8.37,8.65,8.37,8.13,7.11,13.125,12.3125,12.625,12.0625,9.75,8.0625,7.375,3.6875,12.125,726.0,549.0,394.0,272.5,188.5,146.0,124.0,106.5,74.5,1624.0,1381.0,1003.0,692.5,470.5,374.0,309.0,269.5,196.0,1.984,2.042,1.465,1.12,0.785,0.562,0.358,0.106,0.021,0.002,0.001,3.225,3.142,3.521,2.214,1.685,1.365,1.185,0.785,0.659,0.601,566.0017833870637,650.1371836202758,111.17345839906716,101.42140064476304,95.57016599218052,89.71893133959806,81.91728513615475,72.16522738185061,64.3635811784073,54.61152342410317,46.80987722065986,2545.968610739309,11.51,11.155,11.225,11.45,11.215,11.22,11.195,11.385,11.525,11.49,11.395,1421.964195075108,1463.5337128746828,267.74711399958846,204.69403937169903,143.46859009534262,102.71254475615612,65.42898758488236,19.372828726250088,3.838013238219357,0.3655250703066054,0.1827625351533027,2870.038486262958,1933.890417724124,3693.308313327389,30.154317010411788,4641.251256674999,False,True,335.0,0.51625,0.48375,4931658.325887281,2385689.7151479726,799.2060545745708,0.313910411622276,19.2,15.536666666666664,2.820937046004843,0.7513091770951839,2.119395890671217,70.4242628934395,6563.141224200001,91.3526235422262,3693.308313327389,-3491.095341118616,9118.499647560477,-1934.095993114472,823.4754024547786
2025-04-01,122.19556056390282,2932.693453533668,49.91666666666666,3.35,3.02,3.186003338898164,8.386,7.15,7.768,310.0,305.0,1.5949433970748594,1.5949433970748594,3.405,6801.7093201202015,280.0,572.1456960000002,7.799342281879194,12.672120805369127,79.52853691275169,310.0,305,295,275,275,280,300,285.0,285,280,280,19.07,11.66,8.18,8.09,8.65,8.05,8.28,8.52,8.54,8.58,8.32,13.0,9.375,10.6875,13.3125,10.0,7.75,8.1875,6.125,14.0,837.5,721.0,465.0,321.5,232.5,195.5,163.5,136.5,99.0,0.0,0.0,0.0,0.0,0.0,0.0,0.0,0.0,0.0,2.352,2.329,1.653,1.214,0.869,0.652,0.421,0.253,0.088,0.009,0.001,3.895,3.886,3.521,2.471,2.142,1.784,1.658,1.452,1.225,0.895,611.4830985281542,560.526173650808,113.23356663815996,102.09583877211146,92.81439888373768,90.95811090606291,90.95811090606291,87.24553495071342,77.96409506233965,68.68265517396588,57.54492730791736,2134.1996842826725,11.455,11.21,11.13,11.355,11.11,11.0,10.985,11.31,11.33,11.265,11.335,1717.8693793041364,1701.070486564343,307.8689249223568,226.10579241121664,161.85002768150517,121.43408290948372,78.41065782958995,47.12089413512176,16.389876220911916,1.676237340775082,0.1862485934194536,1847.6191966993847,1953.5065107800333,8745.830625,34.78031427972737,3952.537602,True,False,310.0,0.4991666666666666,0.5008333333333334,4275525.243971965,2141325.5596892927,663.8109235036807,0.3110350584307179,19.07,15.47222222222222,3.186003338898164,0.7952853691275168,2.533781841417127,67.66925335570468,6229.563624120201,91.58820718333948,4379.98260791286,-2421.7267122073417,8753.254011392279,-1951.5446912720768,2530.401591705518
2025-04-02,122.62360516400187,2539.330490271205,51.89473684210526,3.046,2.65,2.8489269776876265,7.617,7.84,7.7285,270.0,330.0,0.0,0.8320715821040829,0.0,5576.273147675456,280.0,518.69086,7.365777559055117,12.629286417322836,80.00493602362205,270.0,330,290,370,350,330,340,330.0,310,370,280,21.09,7.29,8.14,8.14,8.28,7.8,8.41,8.52,8.45,8.34,7.88,12.0625,11.4375,10.875,11.25,10.9375,8.0,8.125,8.625,16.875,917.5,731.0,533.5,410.5,263.0,215.5,177.5,122.5,102.5,1883.0,1570.0,1232.0,932.5,572.0,489.0,399.5,270.0,227.0,1.754,1.871,1.325,0.986,0.752,0.536,0.161,0.044,0.009,0.001,0.001,3.256,3.544,3.251,2.542,1.856,1.654,1.325,0.869,0.752,0.568,701.430887717876,570.3943482540969,115.9673374254444,114.00178933348772,96.31185650587756,88.44966413805082,76.65637558631072,66.82863512652729,60.93199085065724,57.00089466674386,53.0697984828305,1956.687130157541,10.54,11.09,11.59,11.56,11.7,11.46,11.38,11.28,11.47,11.43,11.4,1253.263420001158,1336.8619491574498,241.41754733916267,179.65109560484103,137.01584573513233,97.6602304707858,29.334509525739765,8.0168845908854,1.6398173026811047,0.1822019225201227,0.1822019225201227,1770.7109589353754,2001.0435780879031,9862.65890625,34.65890596117994,3558.0029637894745,False,True,330.0,0.5189473684210526,0.4810526315789474,3770492.4414800494,1813805.311322508,598.5557527364276,0.3059026369168357,21.09,15.49388888888889,2.8489269776876265,0.8000493602362205,2.279282205858695,67.10052595964567,5057.582287675456,90.69825228672266,3285.225703572876,-2291.0474441025804,7575.671100596154,-1999.397952920698,1512.8691194702956
2025-04-03,135.3835886341485,3249.206127219564,52.25,2.61,2.08,2.345913875598086,7.536,4.74,6.138,315.0,290.0,0.0,0.5141760294396808,0.0,5935.278697182775,215.0,589.5015801000001,7.041898974553741,16.332134447398406,76.62596657804785,315.0,290,300,280,275,300,280,260.0,280,285,215,13.49,6.71,8.29,8.22,8.29,7.9,8.33,8.44,8.43,8.26,7.94,12.75,10.3125,10.25,11.0625,11.5625,8.8125,6.25,7.375,10.75,768.5,560.0,372.5,306.5,215.5,173.0,129.5,102.0,79.5,0.0,0.0,0.0,0.0,0.0,0.0,0.0,0.0,0.0,1.569,1.652,0.869,0.751,0.562,0.128,0.044,0.009,0.002,0.001,0.001,2.887,2.986,2.865,1.786,1.254,0.869,0.658,0.601,0.524,0.498,529.4935835518146,591.7869463226162,95.3088450393266,85.3808403477301,75.45283565613357,69.49603284117566,63.53923002621775,61.55362908789844,57.58242721125983,53.61122533462122,43.683220643024704,2529.064092341158,12.2,12.06,12.06,12.15,11.865,12.04,12.015,12.025,11.985,12.02,12.065,1116.5079343176487,1175.571132882572,157.68806609631574,136.27587760452602,101.98008417276117,23.226780736856632,7.984205878294467,1.633133020560232,0.3629184490133849,0.1814592245066924,0.1814592245066924,2622.1015613769496,1726.8888160618185,7449.745312499998,31.392283532126733,4583.817543975,True,False,315.0,0.5225,0.4775,4840314.052327575,2311249.959986417,728.0437373957215,0.2878708133971292,13.49,15.518555555555556,2.345913875598086,0.7662596657804785,1.7975791822655764,69.00995774781619,5345.777117082776,90.06783657219313,2721.5930516075623,-3213.685645575213,7660.085009146331,-1724.8063119635551,97.40898613234924
2025-04-04,140.99095958223916,3193.4452345377167,51.125,2.186,2.12,2.153955990220049,4.8,5.73,5.265000000000001,275.0,295.0,0.0,0.3770797234132963,0.0,5186.0259887530565,230.0,536.9115250000001,8.1448376753507,13.052753507014028,78.80240881763527,275.0,295,340,305,290,310,310,285.0,275,265,230,13.31,8.36,8.34,8.28,8.24,8.08,8.39,8.63,8.7,8.68,8.34,13.125,10.375,9.125,7.0625,10.5,4.4375,4.875,8.125,14.4375,757.0,541.5,423.5,269.0,206.5,164.5,103.5,98.5,65.5,1676.0,1277.0,976.5,629.5,443.0,395.5,275.5,254.5,152.5,1.6,1.73,0.935,0.85,0.616,0.316,0.084,0.046,0.024,0.002,0.001,2.81,2.62,2.74,2.53,2.37,2.184,2.058,1.733,1.344,1.02,414.6685328053526,512.6810951047995,98.05025943879292,92.28259711886392,90.36004301222091,84.59238069229193,80.74727247900593,74.97961015907694,69.21194783914794,53.83151498600396,48.06385266607496,2406.606401679744,11.995,12.21,12.165,12.16,12.170000000000002,11.99,11.955,12.245,12.295,12.25,12.085,1153.21908923329,1246.9181402334948,171.84766334402948,156.22514849457224,113.21728408547824,58.078996381511566,15.43872055711067,8.454537447941556,4.411063016317334,0.3675885846931112,0.1837942923465556,1718.689021754632,1619.4691063016317,6749.0053125,30.143776683220608,4408.151965625001,False,True,295.0,0.51125,0.48875,4707298.585192652,2300692.183512909,678.704194136308,0.2820171149144254,13.31,15.418222222222225,2.153955990220049,0.7880240881763527,1.697369205165147,68.33901803607213,4649.114463753056,89.64695652963557,2928.362025670785,-2257.663963082271,6803.431678727049,-1617.4056899739926,1207.6095875885144
2025-04-05,138.21283039677587,3317.107929522621,51.91666666666666,2.15,2.17,2.1609261637239165,5.386,5.17,5.2780000000000005,270.0,300.0,1.33088783507935,0.5876584883014365,3.405,5528.605336633227,300.0,570.5326775,8.25594716981132,13.45678490566038,78.28726792452831,270.0,300,315,340,335,300,315,315.0,270,315,300,12.46,9.22,8.03,8.03,7.87,8.01,8.08,8.12,7.22,7.6,7.33,12.4375,9.5,10.1875,12.125,9.5,8.0625,6.75,9.3125,16.0625,772.0,486.5,361.0,289.5,250.5,160.0,123.0,103.5,86.5,0.0,0.0,0.0,0.0,0.0,0.0,0.0,0.0,0.0,1.48,1.64,0.916,0.823,0.716,0.354,0.147,0.056,0.018,0.001,0.001,2.46,3.11,2.46,2.59,2.45,2.32,2.24,1.98,1.66,1.34,408.7821541565409,401.0692833233986,92.43875693521024,86.5384107478564,80.63806456050256,76.7045004356,70.80415424824615,64.9038080608923,60.97024393598974,53.103115686184616,45.23598743637949,2557.3459624722477,11.945,11.68,11.435,11.935,11.865,11.865,11.815,11.55,11.915,11.995,11.925,1057.2204135907195,1171.5145123572838,166.85509743683804,149.9145689852813,130.42385345499565,64.48330184786097,26.77696432665413,10.20074831491586,3.278811958365812,0.1821562199092118,0.1821562199092118,2174.915065655955,1441.1884795268008,7207.479375,30.749677781717292,4649.756040208335,False,True,300.0,0.5191666666666667,0.4808333333333333,4925867.022418454,2368521.059946207,710.5563179838621,0.2778491171749599,12.46,15.29877777777778,2.1609261637239165,0.7828726792452829,1.6917300554457737,68.73042452830188,4958.072659133227,89.68035077997737,2781.032584712734,-2747.572751920493,6967.66880739549,-1439.063470762263,603.9925102922413
2025-04-06,137.63268765713704,3303.1845037712887,51.375,2.21,2.26,2.2354732360097325,5.53,5.58,5.555,185.0,305.0,0.0,0.4830891778046712,0.0,5607.490014585219,290.0,602.019108,7.061217118178249,15.799748723989008,77.13903415783275,185.0,305,280,270,335,280,315,305.0,310,310,290,,0.0,0.0,0.0,0.0,0.0,0.0,0.0,0.0,0.0,0.0,12.625,10.375,9.9375,10.8125,9.4375,7.875,7.9375,9.375,16.9375,680.0,484.0,328.5,251.0,197.5,143.0,126.0,101.0,79.5,0.0,0.0,0.0,0.0,0.0,0.0,0.0,0.0,0.0,1.61,1.78,0.861,0.743,0.435,0.216,0.084,0.019,0.004,0.001,0.001,3.89,4.12,3.91,2.74,2.55,1.32,1.16,0.81,0.6,0.57,584.732087866968,425.2597002668858,96.822521042907,87.14026893861632,81.33091767604189,79.39446725518374,73.58511599260933,6.971221515089304,63.90286388831864,56.15706220488607,52.284161363169794,2507.881934322381,11.655,11.27,11.6,12.03,11.9,11.895,11.69,12.18,12.215,12.295,12.345,1157.177171012113,1279.3635803736404,157.80374769041268,136.17675323342232,79.72663210839664,39.58839663313488,15.395487579552457,3.482312666803532,0.7331184561691646,0.1832796140422911,0.1832796140422911,2134.597520030898,1607.5803880106762,6596.4595312500005,30.879292356677404,4581.929804793749,False,True,305.0,0.51375,0.4862499999999999,4881522.013279573,2373640.078957192,723.9602240819436,0.2886739659367396,12.975,15.15988888888889,2.2354732360097325,0.7713903415783274,1.7244224631147564,68.70136435021594,5005.4709065852185,89.26401818934792,2869.81375898173,-2737.6762556034887,7214.010775023304,-1606.5207604380848,734.1566113782415
2025-04-07,138.35370854767498,3320.4890051442,51.208333333333336,2.226,2.07,2.1484764035801462,5.567,5.01,5.2885,460.0,410.0,0.0,0.4100863847571673,0.0,5391.560928580349,285.0,552.085842,7.601728917982287,14.01240662302657,78.38586445899115,460.0,410,370,335,340,325,320,335.0,290,285,285,13.49,8.57,8.08,8.19,8.01,8.06,8.1,8.34,8.36,7.56,7.88,12.5625,10.8125,11.25,11.1875,7.25,9.125,5.0375,6.0625,13.0625,796.0,525.0,400.5,291.5,220.0,195.0,135.0,101.0,85.0,1858.5,1309.0,1036.5,659.0,527.0,484.5,338.5,275.0,218.0,1.6,1.55,0.93,0.759,0.547,0.316,0.164,0.072,0.014,0.002,0.001,2.93,2.75,2.63,2.52,2.19,1.76,1.42,1.03,0.8,0.57,430.781196620129,438.3387614731137,98.28613091306627,90.57741476302184,86.72305668799964,79.01434053795523,75.15998246293303,71.30562438791083,61.669729200355306,55.88819208782199,44.32511786275538,2508.9246471674915,11.71,11.175,11.22,12.17,11.48,11.79,11.44,12.445,12.385,11.915,12.42,1152.1443050083133,1116.1397954768036,170.76938870795095,139.36985594552127,100.44178024005288,58.02486756098118,30.11417177215479,13.220855899970395,2.5707219805497994,0.3672459972213999,0.1836229986106999,2055.055368835021,1532.069546997062,7451.13984375,30.71836703629453,4590.9911107375,True,False,460.0,0.5120833333333333,0.4879166666666666,4899446.015624068,2390521.3684565765,1099.6398294900252,0.4382912937347437,13.49,14.958111111111112,2.1484764035801462,0.7838586445899115,1.684101801643741,68.25991528686947,4839.475086580349,89.76018542100812,2783.34661158813,-2608.214316992219,6922.557369420212,-1530.9964408398628,727.2181365959109
2025-04-08,160.4367111882716,3850.4810685185184,46.875,2.126,2.57,2.3497,5.6,6.09,5.845,340.0,315.0,1.329732835975502,0.5329494219259617,3.405,6016.793963075,295.0,601.75621625,5.630765679107349,17.15785302039246,77.2113813005002,340.0,315,350,330,325,335,330,300.0,310,320,295,10.5,9.09,8.17,8.12,8.12,8.0,8.18,8.42,8.31,8.33,8.18,12.5625,12.125,12.1875,13.0,5.4375,8.125,5.75,9.75,15.875,823.5,563.0,414.5,277.0,191.0,166.5,120.5,103.5,85.5,0.0,0.0,0.0,0.0,0.0,0.0,0.0,0.0,0.0,1.91,2.14,0.895,0.624,0.346,0.183,0.114,0.057,0.019,0.001,0.001,4.19,4.95,3.47,3.02,2.59,2.3,2.08,1.94,1.71,1.66,478.81773399014776,392.3645320197044,96.6613300492611,94.96551724137932,88.18226600985223,83.0948275862069,81.39901477832514,76.31157635467981,74.61576354679804,61.04926108374385,45.78694581280789,2558.812117717155,11.09,11.18,11.27,11.15,10.925,10.95,10.94,11.745,11.805,11.93,11.93,1439.5566502463053,1612.9064039408868,172.0119458128079,119.92788177339902,66.49847290640393,35.171157635467985,21.909901477832516,10.954950738916256,3.651650246305419,0.192192118226601,0.192192118226601,1928.1465863216904,1573.2487684729065,7975.125000000002,26.490196467644168,4873.26510234375,True,False,340.0,0.46875,0.53125,5458799.184463264,2899987.066746109,985.995602693677,0.3853333333333333,10.5,14.819555555555556,2.3497,0.7721138130050019,1.8142358264178529,67.76211523662948,5415.037746825,89.99872324126484,3482.973399014778,-2533.820564060222,7586.124970059375,-1569.3310069843756,1550.909051204556
2025-04-09,116.2662592286542,2789.998791748297,49.625,2.346,2.37,2.359015113350126,5.867,5.49,5.6785,275.0,360.0,0.0,0.4822796288684748,0.0,4750.434248051008,370.0,503.4340625,7.728065461651196,16.04924767953102,76.2226868588178,275.0,360,325,345,380,385,395,350.0,400,345,370,8.9,8.39,8.01,8.14,8.11,7.99,8.06,8.35,8.3,8.25,8.11,12.75,13.25,10.25,11.4375,8.125,8.625,8.875,10.625,15.75,792.5,573.0,370.5,254.5,208.5,177.5,132.5,102.0,90.0,1787.0,1332.0,907.5,617.5,499.5,419.0,311.5,263.0,232.5,1.76,1.89,0.891,0.706,0.524,0.293,0.183,0.73,0.024,0.003,0.001,3.08,3.49,2.93,2.73,2.55,2.24,2.03,1.84,1.22,0.89,512.456400242408,447.4971382398492,110.43074540434986,108.59023298094404,99.38767086391488,97.54715844050904,88.34459632347989,80.98254662985657,69.93947208942159,60.73690997239243,51.53434785536328,2012.8697144108728,10.905,10.72,10.85,11.24,11.0,11.335,11.135000000000002,11.375,11.255,11.42,11.275,1289.5131640966938,1384.7612955356542,166.46809002760756,131.90400848427714,97.90042556056832,54.74203184970708,34.19041579691603,136.38799744124975,4.483988956972595,0.5604986196215743,0.1868328732071914,944.0738996548064,1727.4472190424888,7983.356718749999,36.55402718033414,3738.2496310937504,False,True,360.0,0.49625,0.5037499999999999,4056160.6335735465,2043290.9191626736,735.5847308985625,0.3654408060453399,8.9,14.729333333333336,2.359015113350126,0.7622268685881779,1.7981047028010522,69.69086162677088,4247.000185551007,89.40235700122473,3301.098749242476,-1449.335498808532,6476.053930439771,-1725.619682388763,2355.1973129339435
2025-04-10,141.8186837487256,3403.648409969414,50.958333333333336,2.326,1.86,2.0939623875715454,5.817,4.22,5.0185,275.0,335.0,0.0,0.4303862074951566,0.0,5347.6415535358965,310.0,574.6136400000001,7.984752704791345,18.04225656877898,73.97299072642967,275.0,335,330,335,315,295,300,310.0,310,280,310,8.76,8.07,8.0,8.09,8.02,7.8,8.07,8.21,8.24,8.15,7.85,12.0625,10.5,9.0,11.4375,11.6875,9.25,10.375,11.5625,18.4375,731.5,486.0,395.5,197.0,186.0,161.0,146.0,111.5,106.0,0.0,0.0,0.0,0.0,0.0,0.0,0.0,0.0,0.0,1.625,1.724,1.135,0.752,0.568,0.369,0.168,0.032,0.009,0.001,0.001,2.865,2.881,3.526,2.214,1.865,1.653,1.325,1.124,0.865,0.752,390.1683746506396,427.6845645208934,101.40626121929606,93.75295848576428,86.0996557522325,74.61970165193483,66.96639891840304,63.13974755163717,59.31309618487128,51.6597934513395,44.00649071780772,2552.664652873269,11.285,11.23,11.32,11.385000000000002,11.215,11.335,11.475,11.45,11.47,11.47,11.5,1173.416233043241,1244.9043604717217,208.9944573837169,138.470336522075,104.58929673475878,67.94621566043308,30.93486241450612,5.892354745620214,1.6572247722056848,0.1841360858006316,0.1841360858006316,1793.6606103836366,1458.8170431048193,7181.023125000001,29.9678426541467,4682.994756066668,False,True,335.0,0.5095833333333334,0.4904166666666666,5009317.389121706,2456652.7362484364,822.9786666432261,0.3223998364677023,8.76,14.823555555555554,2.0939623875715454,0.7397299072642967,1.5489666027732245,71.25735123647604,4773.027913535896,89.25482132174581,2977.1736139198792,-2370.467939616017,6804.264907408336,-1456.623353872439,1181.319314303862
2025-04-11,140.1410642348666,3363.3855416367983,51.66666666666666,2.29,2.17,2.2309354838709674,4.87,5.19,5.03,320.0,330.0,1.3220112998382,0.517671574375631,3.405,5746.044170356451,255.0,605.27092325,9.593994638069706,17.58093833780161,72.82506702412869,320.0,330,290,290,320,305,300,280.0,275,295,255,8.59,8.25,7.8,7.97,7.92,7.58,7.92,8.03,8.05,8.05,7.54,12.3125,9.1875,12.125,9.1875,10.0,8.0625,10.375,11.625,14.3125,709.5,531.5,326.5,259.5,166.5,165.5,141.0,120.5,114.0,1599.5,1189.5,781.0,612.5,469.5,394.5,348.5,318.0,283.5,1.652,1.675,0.965,0.755,0.562,0.352,0.101,0.039,0.005,0.001,0.001,2.986,3.066,3.665,2.326,1.875,1.652,1.325,1.154,0.852,0.652,359.9176578225068,444.1537053979871,101.5427264409881,91.77900274473924,87.8735132662397,83.96802378774017,76.15704483074107,72.25155535224154,64.44057639524245,60.535086916742905,44.91312900274474,2574.540931382756,10.625,10.56,10.72,10.695,10.695,10.64,10.73,10.71,10.715,10.715,10.755,1183.4547118023788,1199.931381518756,176.28245654162856,137.92047118023788,102.6639798719122,64.3019945105215,18.450288197621227,7.124368709972553,0.913380603842635,0.182676120768527,0.182676120768527,2247.209214446644,1487.5320219579137,7001.407499999999,30.326585738476325,4691.922830583334,False,True,330.0,0.5166666666666666,0.4833333333333334,4982982.447837592,2408441.5164548364,794.7857004300961,0.3087096774193549,8.59,14.911333333333332,2.2309354838709674,0.7282506702412869,1.6246802613941016,72.98057975871313,5140.773247106451,89.46630228892842,2891.408385178408,-2854.635785178043,7231.420544832965,-1485.3763744765138,642.043523250365
2025-04-12,146.2497277467115,3509.993465921076,50.91666666666666,1.98,2.11,2.0454819967266777,4.91,5.43,5.17,295.0,305.0,0.0,0.4706194603282255,0.0,5380.562868621849,310.0,605.0062829999999,5.9186501687289095,20.92379077615298,73.15755905511811,295.0,305,320,305,325,305,300,305.0,320,310,310,8.3,8.21,7.64,7.79,7.87,7.68,8.0,8.01,8.22,7.63,7.66,13.1875,12.6875,11.8125,12.125,10.3125,9.375,7.4375,7.375,14.0,701.0,449.0,389.0,308.5,227.5,170.0,144.0,117.0,88.0,0.0,0.0,0.0,0.0,0.0,0.0,0.0,0.0,0.0,2.598,1.659,1.156,0.765,0.569,0.366,0.101,0.044,0.009,0.001,0.001,3.006,2.986,2.896,1.895,1.365,1.152,0.869,0.785,0.658,0.452,397.1930223050016,412.1814382410394,91.7291055285513,85.99603643301685,78.35194430563757,70.70785217825829,63.06376005087903,57.330690955344565,55.41966792349975,47.77557579612047,43.95352973243084,2629.8422587479727,11.52,11.415,11.48,11.43,11.39,11.395,11.405,11.41,11.415,11.405,11.4,1876.890655521737,1198.52255485395,212.95990278471808,140.92934743106346,104.82195906964066,67.42502112388134,18.606358288284195,8.105740244401035,1.6579923227183937,0.1842213691909326,0.1842213691909326,1144.1433006091895,1403.7026234497794,7747.52953125,29.05988315657267,4825.363517274999,False,True,305.0,0.5091666666666667,0.4908333333333333,5164992.979537753,2535150.720789781,773.2209698408832,0.2940180032733224,8.3,14.876363636363635,2.0454819967266777,0.7315755905511812,1.4964246997171284,70.47568194600676,4775.556585621849,88.75570646096803,3630.287974378776,-1750.274894243073,6783.140181437744,-1402.5773128158953,2485.0193631357024
2025-04-13,143.78274617977584,3450.78590831462,51.54166666666666,2.08,2.18,2.130940177849636,5.09,5.18,5.135,335.0,330.0,0.0,0.4313721509464905,0.0,5610.948322945351,300.0,592.444305,7.566418466120624,15.066693968726732,77.36688756515265,335.0,330,350,330,315,320,310,310.0,305,300,300,8.63,8.39,8.2,8.23,8.2,7.94,8.09,8.21,8.43,8.3,8.06,14.9375,9.5,10.625,11.6875,10.5625,11.25,7.5625,8.5,13.875,630.5,369.5,298.5,226.0,174.5,146.0,133.0,111.5,89.0,0.0,0.0,0.0,0.0,0.0,0.0,0.0,0.0,0.0,1.655,1.559,0.986,0.765,0.562,0.356,0.119,0.051,0.009,0.001,0.001,3.201,3.114,2.564,1.895,1.352,1.45,1.145,0.895,0.758,0.562,450.19327865481705,419.6717004409312,97.28753055676133,85.61302688994996,81.72152566767951,73.9385232231386,66.1555207785977,58.37251833405679,56.42676772292157,50.58951588951589,46.69801466724543,2631.9240738421827,10.635,10.83,10.965,11.185,11.12,11.105,11.235,11.215,11.225,11.29,11.32,1187.285074592767,1118.4153663384432,180.3740702748395,139.9453993511686,102.80956135340752,65.1249178679948,21.769284343515118,9.329693290077904,1.6464164629549245,0.1829351625505471,0.1829351625505471,2189.224183185238,1486.6679228256153,6480.920625,29.55848398309279,4802.199939658333,True,False,335.0,0.5154166666666666,0.4845833333333333,5106400.789992917,2474476.7161507346,828.9496999104961,0.3149595796281326,8.63,14.934772727272728,2.130940177849636,0.7736688756515264,1.648642091477592,68.87470681310498,5018.504017945351,89.44128031660415,2827.0656542002703,-2783.8826687450805,7095.402065211123,-1484.4537422657722,635.6272904551897
2025-04-14,142.6378753284072,3423.309007881773,50.75,2.15,2.04,2.095970443349753,5.41,5.1,5.255,335.0,360.0,1.1005978557220395,0.4814394781362494,2.81,5351.343286007881,275.0,599.992083,4.303851508120649,20.50522815158546,78.19092034029389,335.0,360,345,330,305,255,300,285.0,285,290,275,,0.0,0.0,0.0,0.0,0.0,0.0,0.0,0.0,0.0,0.0,14.3125,10.0625,11.125,10.4375,9.6875,10.125,9.1875,10.1875,19.9375,742.5,492.0,296.0,263.0,198.5,147.5,135.5,118.5,95.5,1627.5,1285.5,814.5,627.0,523.5,416.0,334.0,343.5,245.5,1.524,1.562,1.1,0.754,0.452,0.268,0.101,0.044,0.01,0.002,0.001,3.062,2.998,3.225,2.142,1.865,1.356,1.114,0.862,0.566,0.449,425.11498163015375,380.3660361954008,93.18967886787316,85.58235814396515,77.97503742005713,74.17137705810313,66.56405633419512,58.95673561028711,53.2512450673561,47.545754524425085,45.64392434344808,2551.9756769334545,10.58,10.725,10.795,10.995,10.865,10.88,11.02,11.005,11.045,11.04,11.055,1103.0284392434344,1130.5317730303443,203.01802966389985,139.15963124234588,83.42195400734794,49.46257449993196,18.640746360048983,8.120721186555993,1.8456184514899985,0.3691236902979997,0.1845618451489998,2011.3681336997915,1408.3611851952649,7494.04359375,29.795732656665468,4690.78916805,False,True,360.0,0.5075,0.4925,5028523.501346708,2476547.824413254,891.5572167887714,0.34935960591133,11.94,15.005,2.095970443349753,0.7591351489348922,1.591124834675447,67.66561357271041,4751.351203007881,88.78800983355347,2737.7831732208456,-2613.5601127870355,6757.504575115902,-1406.1612891080213,724.2151434338101
2025-04-15,200.14062834999277,2430.541147453704,49.77777777777778,1.99,1.97,1.9810089285714287,4.98,4.36,4.67,250.0,310.0,0.0,0.4578006928154508,0.0,3490.8485524437506,285.0,396.4853025000001,6.935912653975365,17.475470324748038,78.58861702127659,250.0,310,290,300,295,310,290,305.0,285,280,285,15.25,8.79,8.47,8.36,8.34,8.18,8.45,8.44,8.56,8.45,8.53,13.1875,11.3125,9.9375,10.25,10.6875,12.5,10.25,12.75,13.5,641.5,472.5,297.0,226.5,185.5,160.0,141.5,125.0,93.5,0.0,0.0,0.0,0.0,0.0,0.0,0.0,0.0,0.0,1.407,1.533,1.17,0.868,0.685,0.521,0.16,0.035,0.013,0.006,0.002,1.911,1.997,1.683,1.541,1.137,0.974,0.894,0.588,0.347,0.645,413.25341644689513,311.7525773195876,96.13579477343563,86.89196835291297,64.7067849436586,61.00925437544954,57.31172380724048,51.765427954926885,49.91666267082236,46.21913210261329,42.52160153440423,1761.2594328467187,10.835,10.84,11.18,10.98,11.04,10.865,10.92,11.115,11.055,11.13,11.1,1029.191321026133,1121.357707983697,218.2368376888037,161.90561975545435,127.77114001438508,97.18067729561258,29.844353871973155,6.528452409494128,2.4248537520978184,1.1191632701989933,0.3730544233996644,296.8541081182404,1281.484344281947,6978.56109375,21.235068736607943,3266.647302177778,False,True,310.0,0.4977777777777777,0.5022222222222222,3538244.3963438547,1776984.963497136,550.8653386841122,0.3127678571428572,15.25,15.22590909090909,1.9810089285714287,0.762996281759967,1.5115024466332962,69.0214172528512,3094.3632499437504,88.64215114051733,2795.9331814912484,-694.9153709525021,4770.756936391435,-1279.9083839476848,2497.5031130387465
2025-04-16,111.20511227881666,1367.8228624952596,48.833333333333336,0.0,1.75,1.751047781569966,0.0,4.21,4.21,210.0,250.0,0.0,0.4458193662033264,0.0,1688.904496640273,240.0,202.547268,3.0296629213483146,8.805842696629213,77.92,210.0,250,210,250,240,200,250,240.0,220,230,240,,0.0,0.0,0.0,0.0,0.0,0.0,0.0,0.0,0.0,0.0,8.1875,3.875,5.4375,9.1875,9.3125,9.3125,8.4375,17.125,16.0625,664.5,464.5,254.0,208.5,183.0,166.5,137.0,123.0,107.0,1572.5,1280.0,664.5,596.0,502.0,457.5,438.5,284.5,238.0,1.471,1.456,0.95,0.739,0.605,0.557,0.1,0.066,0.013,0.004,0.002,1.81,1.902,1.489,1.148,1.0,0.936,0.48,0.465,0.343,0.253,359.62296104822184,317.3143773954898,82.71328104109101,66.53024779392103,62.93401818343881,57.539673767715485,53.94344415723327,52.14532935199215,50.347214546751054,44.95287013102772,39.5585257153044,963.9336617568808,10.51,10.03,10.33,10.69,10.71,10.94,11.07,11.07,11.14,11.16,11.23,1086.8276138693288,1075.7450753186558,178.9829975933684,139.22993181210447,113.98390899367143,104.94055753632232,18.840315536144043,12.434608253855068,2.449241019698725,0.7536126214457617,0.3768063107228808,-1249.0968378342625,1187.6019431321868,4787.10703125,38.21766745169303,1803.4744442,False,True,250.0,0.4883333333333333,0.5116666666666667,1973925.5872154557,1009991.9254585748,252.4979813646437,0.2619453924914676,15.25,15.433181818181817,1.751047781569966,0.8681361601554285,1.5201478973408318,60.35115369593301,1486.357228640273,88.00718048871762,2734.5646688653173,1045.6601722250443,2875.617042163242,-1186.7125455229689,3982.7721090903615
2025-04-17,139.40884980483995,3345.8123953161594,53.375,1.79,1.56,1.6763103044496488,4.43,3.85,4.14,250.0,265.0,0.0,0.4154943996690853,0.0,4508.875086592974,215.0,551.401128,6.897116228070175,21.188629385964912,74.91425438596492,250.0,265,255,265,255,260,240,235.0,225,225,215,,0.0,0.0,0.0,0.0,0.0,0.0,0.0,0.0,0.0,0.0,9.875,4.4375,5.375,5.9375,5.625,6.875,6.8125,6.3125,12.625,496.0,327.5,273.5,204.0,156.0,167.5,116.5,96.5,83.5,0.0,0.0,0.0,0.0,0.0,0.0,0.0,0.0,0.0,1.226,1.369,0.772,0.469,0.365,0.269,0.245,0.106,0.035,0.008,0.004,1.973,2.208,1.623,1.22,0.776,0.591,0.466,0.397,0.21,0.15,345.68509866815424,297.44996862143506,86.09970713339375,79.94972805243707,67.64976989052367,65.5997768635381,59.4497977825814,55.34981172861028,51.24982567463914,49.19983264765357,40.999860539711314,2687.6591213696297,11.27,11.21,11.37,11.595,11.03,11.005,11.735,11.655,11.765,11.655,11.73,860.9612997698906,961.3833763335892,138.24538456174605,83.98586186458407,65.3621313018618,48.17099539781048,43.87321142179765,18.981879227390003,6.267601631685379,1.4325946586709437,0.7162973293354717,1724.9999266208638,1198.6831776026777,3447.25734375,30.48586948353439,4821.7338882,False,True,265.0,0.53375,0.46625,5035426.925282679,2347767.803913049,622.158468036958,0.2314871194379391,22.07,15.41477272727273,1.6763103044496488,0.7273228581161643,1.219218801721896,71.22746471001533,3957.473958592974,87.77076061300573,2229.380633498361,-2279.4944530946127,5704.464865721902,-1195.589779128928,501.2873084037488
2025-04-18,133.1634129278568,3195.921910268563,52.75,1.93,1.63,1.7813436018957347,4.11,3.45,3.78,200.0,260.0,0.0,0.3905630812362508,0.0,4496.495308865403,190.0,504.84312,6.4578660436137065,17.93842679127726,78.60370716510904,200.0,260,235,240,250,225,230,225.0,190,220,190,22.07,9.68,8.54,8.44,8.5,7.92,8.3,8.67,8.5,8.36,8.39,12.875,9.625,11.4375,11.6875,7.3125,8.9375,9.5625,11.0625,17.625,621.0,366.0,252.0,227.5,163.0,135.5,125.5,110.0,80.5,1299.0,1016.5,688.5,593.5,481.5,385.5,358.5,299.0,235.5,1.522,1.782,0.929,0.557,0.374,0.273,0.077,0.05,0.013,0.006,0.001,2.408,2.832,2.109,1.452,1.031,0.664,0.627,0.4258,0.353,0.34,339.6242894773326,387.0137252183557,88.61824483571328,72.50583668376541,66.46368362678497,64.44963260779149,58.40747955081103,54.379377512824064,52.36532649383058,48.33722445584361,38.2669693608762,2522.311677106183,10.96,10.915,10.885,11.035,10.99,10.94,11.07,11.0,11.01,11.035,11.075,1076.7733259392762,1260.7162068487453,167.59672605018716,100.48587342298627,67.47166366283099,49.250706363510325,13.891224871759322,9.020275890752806,2.3452717315957297,1.0824331068903368,0.1804055178150561,1239.8273191724147,1270.4317898239287,5940.99796875,31.915673431278748,4551.7917807,False,True,260.0,0.5275,0.4725,4781633.511101769,2259321.8339955863,587.4236768388524,0.2328909952606635,22.07,15.585909090909093,1.7813436018957347,0.7631427880107674,1.3594195227558534,68.7221837855004,3991.652188865403,88.77251981104843,2748.8141134063485,-1747.6811954590544,5763.916342402692,-1267.421033537289,1505.976037947294
2025-04-19,112.73160492360704,2212.357746625789,52.55,1.89,1.62,1.756354424357755,4.25,3.85,4.05,240.0,265.0,0.0,0.3750718509142034,0.0,3051.616634397717,200.0,321.43232,5.276238636363637,17.75384090909091,79.96992045454546,240.0,265,250,205,215,220,225,220.0,205,220,200,,9.5,8.31,8.3,8.2,7.8,8.32,8.5,8.44,8.38,8.0,13.4375,11.125,12.4375,13.125,10.5,11.125,7.875,7.3125,16.1875,539.0,390.5,223.5,165.0,135.5,120.0,95.5,86.0,73.5,0.0,0.0,0.0,0.0,0.0,0.0,0.0,0.0,0.0,1.509,1.662,1.023,0.703,0.567,0.554,0.135,0.072,0.011,0.006,0.001,1.397,2.226,1.854,1.168,0.826,0.581,0.383,0.253,0.244,0.21,353.40685799684496,400.5277723964243,70.09236016937425,66.08708244541,58.07652699748152,54.07124927351728,48.06333268757091,46.06069382558879,42.055416101624544,36.04749951567818,36.04749951567818,1736.132136948966,10.89,10.96,10.89,10.915,10.81,10.75,10.895,10.905,10.92,10.93,10.96,1070.0774084631778,1178.5743226413529,184.98723867378848,127.1222177787618,102.52958389837544,100.178817424515,24.411805690089395,13.019629701381009,1.989110093266543,1.0849691417817509,0.1808281902969584,-76.07701703234477,1210.5362909251933,5574.555,37.70016405674369,3139.0037888000006,False,True,265.0,0.5255,0.4745,3303771.906658356,1567639.76970939,415.4245389729884,0.2392816365366318,22.07,15.384090909090911,1.756354424357755,0.7764069947043248,1.363645860251249,67.17616394527803,2730.1843143977167,89.46681846019496,2804.155931696786,-247.4607027009306,4260.0475255896345,-1208.430891191918,2878.1275489958552
2025-04-20,138.61883655470265,3326.852077312864,51.60869565217392,1.74,1.76,1.7514064869418702,3.98,3.88,3.93,95.0,190.0,0.0,0.3544894262686804,0.0,4454.544422671525,190.0,457.8137640000001,6.537518417991469,16.032512601783637,80.4299689802249,95.0,190,180,200,215,235,240,220.0,215,205,190,,0.0,0.0,0.0,0.0,0.0,0.0,0.0,0.0,0.0,0.0,15.4375,10.875,11.5625,12.0,11.875,13.625,10.1875,9.9375,17.9375,652.5,482.5,313.0,235.5,168.5,129.5,111.5,93.5,77.0,0.0,0.0,0.0,0.0,0.0,0.0,0.0,0.0,0.0,1.205,1.664,1.004,0.705,0.587,0.265,0.19,0.085,0.03,0.015,0.007,0.992,2.225,1.847,1.355,1.049,0.786,0.702,0.415,0.261,0.212,473.9958493356553,359.3194341738032,68.23246702130199,64.33346890579902,58.484971732544565,56.53547267479308,52.636474559290114,48.73747644378714,44.83847832828417,35.09098303952674,33.14148398177526,2541.367285770325,11.105,11.17,11.24,11.375,11.135,11.095,11.22,11.225,10.94,11.22,11.22,863.8022709381935,1192.8356670880944,183.52751651916705,128.87141349204458,107.30144641110662,48.441027766513216,34.731302926934006,15.537688151523108,5.483889935831685,2.7419449679158423,1.2795743183607264,1408.9672960456571,1295.3465601965604,7389.095156249999,30.659613842039697,4635.751401121739,False,True,190.0,0.5160869565217392,0.4839130434782608,4924300.553725145,2382933.26795482,452.7573209114158,0.1781550126368997,20.61,15.191818181818183,1.7514064869418702,0.780873485244902,1.367626887538828,67.66234795980982,3996.730658671525,89.72254577437944,2584.5537425156845,-1869.990680155841,5746.681362757903,-1292.1369400863778,1172.3768263598436
2025-04-21,147.91874333348315,3550.049840003596,51.5,2.3,2.09,2.196412621359223,5.12,4.36,4.74,145.0,310.0,0.0,0.334937435282272,0.0,5942.586423371116,210.0,514.0616155,5.590671936758893,18.84740927057133,75.56191879266979,145.0,310,330,265,250,220,225,205.0,230,230,210,20.61,9.01,8.17,8.1,8.09,7.78,8.11,8.25,8.34,8.1,8.08,14.3125,11.375,10.75,11.25,8.0,10.75,6.9375,9.375,16.625,627.5,418.0,275.0,225.0,179.0,149.0,117.0,90.5,72.0,1504.5,959.0,789.5,602.0,490.5,405.0,344.5,248.0,204.0,1.568,1.956,0.841,0.435,0.364,0.207,0.078,0.049,0.02,0.007,0.001,1.654,3.053,2.193,1.453,1.191,1.066,0.681,0.554,0.459,0.326,403.927103315977,388.68457111537407,73.85006851192108,68.01979994519046,60.24610852288298,56.35926281172924,54.415839956152375,52.47241710057551,46.64214853384489,40.81187996711427,34.98161140038366,2703.847353178506,11.44,11.335,11.225,11.27,11.14,11.115,11.185,11.16,11.035,11.195,11.22,1125.4020279528636,1403.8816114003837,153.9209769799945,79.6142984379282,66.61978076185255,37.88542477391066,14.275667306111265,8.968047410249383,3.660427514387503,1.2811496300356262,0.1830213757193751,2529.341022102649,1280.4108111811456,6404.125781249999,28.731990985201687,4936.344302525001,False,True,310.0,0.515,0.485,5250189.03529807,2546341.682119564,789.3659214570647,0.2919417475728155,20.61,15.091363636363637,2.196412621359223,0.7556191879266979,1.659651521303406,68.7679707150557,5428.5248078711165,91.34953067778216,2895.6924335434355,-3046.893989827681,7219.505882327229,-1276.919458956113,362.8600592157548
2025-04-22,150.1522915833182,3603.6549979996366,50.91666666666666,2.19,2.14,2.167409983633388,4.828,4.28,4.554,150.0,205.0,1.2608057159488035,0.383251020716926,3.405,5853.424441939444,205.0,499.62099,5.474990872581234,14.94188024826579,79.58312887915298,150.0,205,225,200,180,195,200,205.0,205,230,205,18.11,9.9,8.17,8.12,8.12,7.45,8.15,8.3,8.31,8.27,7.23,13.75,11.75,8.75,8.4375,6.9375,8.875,9.5625,10.25,15.6875,710.5,433.0,291.5,217.5,177.0,152.0,114.5,108.0,81.5,0.0,0.0,0.0,0.0,0.0,0.0,0.0,0.0,0.0,0.481,1.655,0.894,0.589,0.486,0.45,0.377,0.171,0.08,0.036,0.008,0.276,2.19,1.719,1.421,1.275,1.099,0.908,0.903,0.56,0.429,741.9265888338708,412.1814382410394,70.70785217825829,64.97478308272385,61.152737019034205,55.41966792349975,49.68659882796529,45.86455276427565,43.95352973243084,42.04250670058602,34.398414573206736,2697.651092387416,11.025,11.34,11.28,10.92,10.82,11.225,11.43,11.26,11.145,11.295,11.22,347.4920728660337,1195.632807886249,164.69390405669375,108.50638645345931,89.53158542679326,82.89961613591969,69.4514561849816,31.50185413164948,14.73770953527461,6.631969290873574,1.473770953527461,3235.2973249868724,1622.308669876891,6451.57171875,28.30459632140687,4954.1247085,False,True,205.0,0.5091666666666667,0.4908333333333333,5298169.084885268,2600517.992497852,533.1061884620597,0.1976186579378068,18.11,15.089090909090912,2.167409983633388,0.7958312887915298,1.7248926806145874,66.18241374589266,5353.803451939443,91.4644667415497,2112.5531329214555,-3740.871309017988,7469.780117785219,-1616.3556758457753,-1128.6971860965327
2025-04-23,148.15199402086273,3432.1878614833195,50.375,2.166,2.16,2.1644776674937964,4.417,4.04,4.2285,100.0,265.0,0.0,0.3653751420469546,0.0,5480.628880725559,190.0,438.0497016,6.095644409937888,14.406987577639748,79.49736801242237,100.0,265,260,245,225,220,235,220.0,190,200,190,13.24,9.26,8.28,8.58,8.33,8.06,8.31,8.56,8.53,8.19,8.2,13.5,11.9375,11.3125,11.9375,9.9375,11.625,10.4375,14.0,16.4375,778.5,527.0,394.0,241.5,183.0,149.0,142.5,108.5,86.0,1700.5,1107.0,878.0,708.5,566.0,380.0,343.0,310.5,235.0,0.235,1.45,0.931,0.93,0.555,0.358,0.289,0.242,0.066,0.009,0.004,0.082,1.719,1.579,1.639,1.135,0.907,0.615,0.442,0.394,0.246,848.4066716387553,346.7401179741,84.65623093091058,77.13123262594074,65.843735168486,62.08123601600109,56.43748728727372,54.55623771103126,48.91248898230389,39.5062411010916,35.74374194860669,2530.3505745760704,10.785,11.035,11.015,11.335,10.92,10.9,11.305,11.285,10.925,11.41,11.375,170.78886704183338,1053.8036477049293,172.53672757475087,172.35140348498206,102.85486982168284,66.34602413722965,53.55866194318259,44.84842972404909,12.231389924740665,1.667916807919181,0.7412963590751916,3187.407425673965,1720.0154213845008,8188.432500000001,28.686755302135968,4668.2045151,False,True,265.0,0.50375,0.4962499999999999,5023028.435883018,2492677.861306948,660.5596332463411,0.2610545905707196,13.24,15.104318181818185,2.1644776674937964,0.7949736801242236,1.7207027768742391,66.6239227484472,5042.579179125559,92.00730954178368,1851.7292345243748,-3628.899646201184,7197.201783182841,-1716.572902457282,-1339.120710076809
2025-04-24,132.9569426971284,3190.966624731081,49.208333333333336,2.21,1.94,2.0775804403048266,4.93,3.88,4.404999999999999,180.0,260.0,0.0,0.3506784086857357,0.0,4726.752290635902,240.0,439.0988548,6.435709342560554,11.791643598615916,81.77264705882352,180.0,260,295,275,290,290,340,260.0,265,230,240,17.09,9.57,8.25,8.09,8.23,7.94,8.32,8.13,8.44,8.27,7.94,12.4375,11.9375,10.875,10.9375,10.8125,11.625,11.625,12.5,18.5625,732.0,460.0,399.0,239.0,184.0,161.0,119.0,93.0,72.0,0.0,0.0,0.0,0.0,0.0,0.0,0.0,0.0,0.0,0.991,1.214,0.545,0.527,0.402,0.37,0.3,0.08,0.038,0.004,0.002,0.753,1.85,1.666,1.639,1.166,1.343,1.24,0.832,0.552,0.298,442.0530823066432,335.10475594213267,89.0879558616372,70.90674037967044,61.81613263868704,54.54364644590033,52.72552489770365,50.90740334950698,49.0892818013103,43.63491715672026,34.54430941573688,2272.2978029709134,11.475,11.415,11.1,11.315,11.175,10.97,11.195,11.085,10.835,11.105,11.12,729.3066878340004,893.4190908481095,102.27587986047448,98.8979608926056,75.44019028240504,69.43500100619369,56.298649464481365,15.012973190528363,7.131162265500973,0.7506486595264182,0.3753243297632091,2233.984425393025,1284.413750195649,7469.507812499999,31.965235615272547,4239.598031783334,False,True,260.0,0.4920833333333334,0.5079166666666666,4617709.337112779,2345411.534141865,609.8069988768849,0.2683657917019474,17.09,15.12818181818182,2.0775804403048266,0.8177264705882352,1.6988925208136176,65.41441392733563,4287.653435835902,90.7103476594301,2048.343568633589,-2678.408722002313,6005.840599022263,-1279.088308386361,-190.9662985687242
2025-04-25,137.92292356406202,3310.1501655374886,51.25,2.04,2.24,2.1419024390243906,4.692,5.11,4.901,75.0,300.0,0.0,0.3358081328954378,0.0,5364.764672182927,240.0,470.878477,6.39187969924812,16.785338345864663,78.8227819548872,75.0,300,295,320,280,270,270,205.0,240,245,240,17.2,9.91,8.28,8.18,8.37,8.09,8.31,8.42,8.37,8.33,8.25,13.1875,10.625,10.625,11.3125,9.5625,11.9375,11.4375,13.0625,19.5,738.0,588.5,344.0,266.5,196.5,143.0,103.5,89.0,69.5,1605.5,1244.0,869.0,701.5,507.5,420.0,313.0,254.0,197.0,0.253,2.424,1.709,1.083,0.905,0.755,0.313,0.154,0.055,0.021,0.006,0.033,3.1,2.679,2.054,1.997,1.607,1.548,1.109,0.756,0.475,1710.0615174299382,469.131920710868,102.2631920710868,90.68622693096376,77.17976760082024,71.39128503075871,59.81431989063568,55.95533151059466,52.096343130553656,46.30786056049214,36.66038961038961,2502.44809816894,11.045,11.175,11.28,11.505,11.225,11.205,11.41,11.385000000000002,11.205,11.375,11.37,182.09774436090223,1744.6835269993164,313.66516404647984,198.77084415584412,166.1012132604238,138.5706254272044,57.44715994531784,28.264736842105265,10.094548872180452,3.854282296650718,1.1012235133287764,2044.888372824485,2771.548154477101,7635.377343749999,30.814312009750672,4580.420291562499,False,True,300.0,0.5125,0.4875,4882825.55740281,2380377.4592338703,714.113237770161,0.2853658536585367,17.2,15.116136363636365,2.1419024390243906,0.7727723721067374,1.6552030286260848,68.11831969629957,4893.886195182927,91.22275615477464,2844.651069719754,-2520.113602463173,8131.96607402134,-2767.2014018384134,795.4159442565813
2025-04-26,122.8556793946532,2897.3464390572385,50.21739130434783,2.22,2.27,2.246982683982684,4.95,4.55,4.75,145.0,115.0,1.600302445412532,0.3797746170993508,3.405,4780.956287915152,295.0,421.2891144,7.960908679927667,15.274376130198917,78.76471518987341,145.0,115,215,270,315,325,295,280.0,305,295,295,11.53,8.08,8.21,8.17,8.17,8.01,8.36,8.51,8.43,8.28,8.07,13.5625,9.3125,9.8125,10.1875,9.125,10.125,10.375,15.5,22.875,646.0,534.5,338.0,243.5,178.0,145.0,108.5,96.5,76.5,0.0,0.0,0.0,0.0,0.0,0.0,0.0,0.0,0.0,0.431,2.164,1.283,1.032,0.764,0.658,0.57,0.442,0.142,0.055,0.005,0.134,2.76,2.146,1.913,1.761,1.525,1.423,0.938,0.729,0.648,1740.4556693747793,323.12257152949485,99.25003532320736,82.3962557400212,76.77832921229248,69.2877605086542,61.79719180501591,56.17926527728719,54.30662310137761,48.6886965736489,43.07077004592018,2125.845348097401,11.275,11.21,11.215,11.275,11.125,11.13,11.175,11.12,11.03,11.125,11.135,313.7728717767573,1575.416460614624,238.17981808548217,191.58345460967857,141.83116213352173,122.15301660190748,105.81644295302011,82.05415400918405,26.36128929706817,10.210358530554576,0.9282144118685978,1547.513064053048,2655.333168491699,6884.9840625,34.59343532949413,3928.423856608695,True,False,145.0,0.5021739130434782,0.4978260869565217,4233285.108765387,2107439.7606679862,305.578765296858,0.1437445887445887,11.53,15.286818181818182,2.246982683982684,0.7722030900967982,1.735126971965426,69.11531463851364,4359.667173515152,91.1881830949826,2808.307243023667,-1972.6490448914856,7432.442589968414,-2651.486302053262,1256.9473125321815
2025-04-27,139.61042275013594,3350.6501460032628,51.083333333333336,2.21,1.66,1.935957585644372,4.19,3.52,3.855,25.0,365.0,0.0,0.3647358026718287,0.0,4884.737517646004,230.0,529.8643350000001,8.61592960979342,14.613427697016068,78.77064269319051,25.0,365,200,200,210,235,255,250.0,260,255,230,,0.0,0.0,0.0,0.0,0.0,0.0,0.0,0.0,0.0,0.0,12.4375,10.125,7.75,8.8125,10.1875,9.5,10.8125,18.0,23.5,610.5,524.5,337.0,250.5,215.5,162.5,116.0,104.0,94.5,0.0,0.0,0.0,0.0,0.0,0.0,0.0,0.0,0.0,0.009,1.856,0.834,0.479,0.573,0.313,0.141,0.086,0.03,0.002,0.001,0.047,2.829,2.182,1.773,2.119,1.669,1.205,0.766,0.543,0.317,1212.3895536648622,444.2918240138314,82.57050593748578,74.88952864097547,72.96928431684789,67.20855134446516,65.2883070203376,63.36806269621002,57.60732972382728,49.926352427316985,46.08586377906183,2521.915463801315,11.205,11.245,11.245,11.46,11.29,11.22,11.37,11.345,11.23,11.33,11.345,6.489876700486827,1338.356795122617,153.35578643250375,88.07844328677373,105.36314823240365,57.554389872150686,25.927057418444875,15.813666226852902,5.516395195413804,0.3677596796942536,0.1838798398471268,2555.7119270945354,2236.595163565222,6836.3189062500005,30.44185323904022,4621.384213875001,False,True,365.0,0.5108333333333334,0.4891666666666666,4936865.50825706,2414950.0444557453,881.456766226347,0.3495187601957585,10.625,15.451363636363636,1.935957585644372,0.7722612028744168,1.4950649338035744,69.5130434538008,4354.873182646003,89.15265491572725,1797.007198007189,-3087.7303196388148,7119.178623666947,-2234.441106020943,-760.8587866316258
2025-04-28,137.80992763748597,3307.4382632996635,51.333333333333336,2.45,1.82,2.136422077922078,4.68,4.38,4.529999999999999,10.0,255.0,0.0,0.350919648887617,0.0,5359.499781172728,240.0,514.269847,8.182103610675039,10.756718995290424,81.06117739403454,10.0,255,275,240,225,205,215,205.0,210,230,240,9.72,8.02,7.97,8.33,8.35,8.1,8.36,8.51,8.48,8.23,7.3,13.125,12.125,11.625,6.375,8.375,9.6875,8.625,9.0625,18.5,630.5,364.0,314.0,244.5,204.5,189.5,170.0,143.0,132.0,1365.0,917.5,668.5,623.0,423.5,476.5,406.5,333.0,275.5,0.388,2.159,1.188,0.731,0.566,0.484,0.419,0.091,0.047,0.008,0.005,0.02,2.593,2.101,1.632,0.337,0.961,0.902,0.682,0.63,0.414,1441.1163808828892,310.9777453484129,92.83823422108718,73.49693542502735,67.69454578620939,59.95802626778547,59.95802626778547,54.15563662896753,50.28737686975556,46.41911711054359,40.61672747172564,2506.9635650878854,10.760000000000002,10.815,10.92,11.215,11.06,11.01,11.02,11.21,11.05,11.265,11.325,279.003283473185,1552.4950747902224,217.83828529733668,134.0402243706676,103.78490696825972,88.7489310470631,76.83016964611454,16.68626596132798,8.61818132068588,1.4669244801167454,0.9168278000729658,2361.5757030019327,2297.518752280189,6795.853593750001,30.83957790892816,4584.109432933334,False,True,255.0,0.5133333333333333,0.4866666666666667,4883695.256664712,2376731.691576827,606.0665813520908,0.2417532467532467,9.72,15.625,2.136422077922078,0.8106117739403453,1.7318088904697344,66.9505788854003,4845.2299341727285,90.40451780954322,2480.4290751550525,-2879.0707060176755,7653.793377437173,-2294.293596264445,115.62821613737697
2025-04-29,138.10714408215816,3314.571457971796,51.54166666666666,1.51,2.0,1.7559401778496362,4.19,4.12,4.155,0.0,155.0,1.3463027560893217,0.3875346882270343,3.405,4441.033993680194,225.0,518.475504,7.378956422018348,15.060022935779818,77.56102064220184,0.0,155,270,305,295,270,300,230.0,220,235,225,7.6,8.16,8.22,8.3,8.53,8.53,8.75,8.57,8.5,8.38,8.23,14.875,12.125,10.875,9.625,7.5625,8.5625,7.625,10.0625,16.5,724.0,522.5,371.0,316.5,247.5,219.5,182.0,138.5,119.0,0.0,0.0,0.0,0.0,0.0,0.0,0.0,0.0,0.0,0.263,1.669,1.81,0.982,0.848,0.794,0.703,0.622,0.16,0.068,0.005,0.001,1.67,1.473,1.159,1.155,0.999,0.934,0.712,0.535,0.344,1610.0132507824817,434.9324895478741,89.50452811222043,85.61302688994996,70.04702200086815,64.20977016746248,62.26401955632725,56.42676772292157,54.48101711178635,48.64376527838066,40.86076283383976,2527.7946253474747,10.31,10.96,11.04,11.08,10.83,10.76,10.745,10.9,10.825,11.045,10.985,188.6743049050741,1197.3285737131891,331.1126442164904,179.6423296246373,155.129017842864,145.25051906513443,128.60341927303466,113.78567110644036,29.26962600808755,12.439591053437209,0.914675812752736,1438.3078731826245,2616.9964200041127,8333.87015625,30.773208933143454,4612.640505200001,False,True,155.0,0.5154166666666666,0.4845833333333333,4904371.140528649,2376576.5151811745,368.3693598530821,0.1457275666936135,7.6,15.804772727272727,1.7559401778496362,0.7756102064220184,1.361925123806672,68.63620986238533,3922.558489680194,88.32534259503944,2482.1503726211427,-1958.8836210590512,7055.93016980788,-2614.896176127686,1041.7422555620915
2025-04-30,118.8379963768116,2852.111913043478,51.75,2.27,1.69,1.9804661835748796,4.39,4.26,4.324999999999999,5.0,65.0,0.0,0.3755754986215801,0.0,4335.878185956522,210.0,459.7576200000001,5.191647058823529,17.021117647058823,77.78723529411765,5.0,65,195,210,210,200,195,185.0,210,185,210,8.2,7.49,7.75,8.12,8.3,8.05,8.32,8.49,8.51,8.32,7.8,12.6875,10.5,11.25,10.4375,8.5,7.8125,8.6875,6.625,17.25,582.5,424.5,331.5,274.5,226.5,206.0,184.0,156.5,135.0,1398.5,1045.0,893.5,668.5,587.5,530.0,440.5,395.0,327.0,0.329,0.336,1.261,1.033,0.764,0.346,0.203,0.167,0.064,0.015,0.002,0.1,0.268,1.575,1.537,1.263,0.963,0.879,0.776,0.634,0.596,1489.1718170580964,1235.8590852904822,101.78566131025958,86.12632880098887,68.50957972805934,64.59474660074166,58.72249690976514,54.80766378244747,50.89283065512979,48.93541409147095,45.02058096415328,2188.806653681549,10.71,10.455,10.61,10.7025,10.705,10.725,10.755,10.81,10.71,10.745,10.075,235.4647713226205,240.47466007416568,230.13639678615576,188.52569221260816,139.43236093943142,63.14606922126082,37.04812731767615,30.478016069221265,11.680197775030903,2.737546353522868,0.3650061804697157,2695.719318474712,3304.426205191595,6869.923125,35.762972530469945,3985.1133704999993,False,True,0.0,0.5175,0.4825,4229578.074746955,2040771.421065406,0.0,0.0,8.2,15.99068181818182,1.9804661835748796,0.7778723529411764,1.5405498901378232,67.12775735294117,3876.120565956522,89.39643596332782,1179.488844252163,-3156.389341704359,7639.39198791847,-3303.513801961947,-1517.142877452196
2025-05-01,118.9688276214816,2855.2518629155584,50.458333333333336,1.865,1.64,1.7525,1.82,1.7,1.76,55.0,100.0,0.0,0.0,0.0,3718.409554548101,210.0,425.4207418221512,7.656274965164886,15.153864375290295,77.18986065954483,55.0,100,845,310,205,170,205,240.0,310,275,295,8.13,7.12,7.71,13.45,8.81,8.3,8.31,8.59,8.52,8.29,7.83,13.875,10.9375,9.875,11.3125,10.8125,11.0,7.375,12.0,15.5,631.0,514.0,350.5,291.0,260.0,224.0,183.0,147.5,128.5,0.0,0.0,0.0,0.0,0.0,0.0,0.0,0.0,0.0,,1.611,1.112,1.045,0.978,0.772,0.315,0.114,0.088,0.021,0.002,1.59,2.099,1.685,1.636,1.401,1.109,0.829,0.639,0.61,0.379,369.766810666546,421.5341641598624,84.86148304797233,71.66080790717663,67.88918643837786,62.23175423517971,54.68851129758216,52.80270056318279,49.03107909438401,45.25945762558524,35.83040395358832,2111.55475,10.9,11.135,11.145,11.105,11.1,10.975,10.925,10.92,10.91,10.84,10.845,1000.5639517788884,1169.744939271255,205.8925356795513,193.4871400945423,181.08174450953337,142.93978196458053,58.323874765340506,21.10768801031371,16.2936539026983,3.8882583176893672,0.3703103159704159,300.5669903261256,1315.5563589894375,8036.771249999999,35.72364362135312,3889.923756739585,False,True,100.0,0.5045833333333334,0.4954166666666666,4184749.298100744,2073194.5481007437,207.31945481007432,0.0981833195706027,8.13,16.243750000000002,1.7525,0.7718986065954482,1.3527523080585229,69.04150894101254,3292.9888127259496,88.55906710701606,2993.693878610363,-724.7156759377381,5035.237969748077,-1316.8284151999765,2694.398944494776
2025-05-02,145.28881628061765,3099.494747319844,46.95,1.7000000000000002,1.755,1.7275,1.47,1.91,1.69,110.0,225.0,0.0,0.0,0.0,3494.9103634543126,150.0,417.8531566057508,7.837938931297709,11.210906488549616,80.95115458015268,110.0,225,175,210,210,190,215,175.0,205,175,175,19.89,10.72,8.0,8.03,8.09,7.65,8.16,8.17,8.29,8.23,7.31,12.25,9.3125,10.5625,10.9375,12.3125,13.4375,9.25,10.75,16.875,722.0,497.0,415.0,282.5,232.5,203.5,156.5,126.5,100.0,1437.0,1281.0,1013.0,826.0,558.0,410.0,391.0,329.0,308.0,1.378,2.049,1.451,1.286,1.143,0.926,0.792,0.164,0.047,0.009,0.001,1.984,1.863,1.474,1.351,1.295,0.993,0.733,0.567,0.365,0.179,486.5707074690433,339.93296001261933,108.7785472040382,98.5805584036596,76.48491600283936,67.98659200252386,62.88759760233457,56.08893840208219,49.2902792018298,45.89094960170361,35.69296080132503,2065.9224,11.605,11.58,11.52,11.57,11.465,11.4,11.37,11.41,11.335,11.375,11.335,1497.9857244262166,1543.1738307437497,278.6637546336462,246.9755950784762,219.5125234639956,177.83779241265083,152.10316586481582,31.496110103320447,9.026324236927202,1.728445066645634,0.1920494518495149,-1080.056975063677,1428.1850067039989,7914.761718749999,29.252079470393305,3929.07451644,False,True,225.0,0.4695,0.5305,4400260.702875399,2334338.302875399,525.2261181469648,0.2542332268370607,19.89,16.532386363636366,1.7275,0.8095115458015267,1.3984311953721376,66.80424021946564,3077.0572068485617,88.0439521146187,4158.695315482294,663.7849520279815,4924.676503728367,-1429.766140274054,5240.333424116026
2025-05-03,132.3897368105277,3177.353683452665,52.375,2.075,1.995,2.035,1.79,1.86,1.825,190.0,300.0,0.0,0.0,0.0,4534.73697652518,200.0,513.5164972002387,7.540118764845606,11.806199524940617,80.65368171021377,190.0,300,310,230,280,210,200,220.0,235,215,225,,0.0,0.0,0.0,0.0,0.0,0.0,0.0,0.0,0.0,0.0,12.875,10.125,8.625,9.0625,4.875,8.375,4.8125,11.0,13.125,535.5,412.5,321.0,243.0,208.0,189.5,138.0,115.0,106.5,0.0,0.0,0.0,0.0,0.0,0.0,0.0,0.0,0.0,1.989,2.286,1.392,1.117,1.045,0.9,0.362,0.188,0.136,0.075,0.004,2.239,2.951,2.327,1.88,1.71,1.413,0.998,0.844,0.859,0.317,343.83643019962705,312.5785729087519,93.65635490778476,85.6856012986116,73.72947088485184,67.75140567797197,61.77334047109208,53.80258686191891,49.817210057332325,47.82452165503903,41.84645644815915,2482.9317,11.24,11.32,11.295,11.375,11.255,11.25,11.235,11.375,11.295,11.465,11.505,1310.301029218761,1624.375354009809,252.2258423706569,202.3967427643849,189.35057850383365,163.07705325689025,65.59321475443808,34.06498445810596,24.64275471437453,13.589754438074186,0.7247869033639567,142.38738980770302,1232.3019513711406,5602.334062499999,32.10218633550481,4493.1752776125,False,True,300.0,0.52375,0.4762499999999999,4740681.050119332,2257749.350119332,677.3248050357995,0.2727923627684964,19.89,16.817386363636363,2.035,0.8065368171021378,1.6413024228028503,66.80402315914489,4021.220479324941,88.6759364466221,3880.342095392692,-654.3948811324876,5768.547933771774,-1233.8109572465946,3739.463711460443
2025-05-04,137.10013322856096,2879.10279779978,50.5,2.175,2.215,2.195,2.11,2.07,2.09,310.0,240.0,0.0,0.0,0.0,4458.536144863366,200.0,483.8276358178218,7.625088289962824,11.860627323420074,80.51428438661709,310.0,240,300,315,270,270,275,255.0,245,235,245,,0.0,0.0,0.0,0.0,0.0,0.0,0.0,0.0,0.0,0.0,12.125,13.0,9.125,7.25,8.0,10.125,10.4375,11.625,17.9375,663.0,432.5,288.0,273.5,213.0,191.0,166.0,149.5,136.5,0.0,0.0,0.0,0.0,0.0,0.0,0.0,0.0,0.0,1.844,2.393,1.914,1.508,1.335,0.678,0.28,0.065,0.044,0.018,0.004,1.91,2.311,1.888,1.356,1.233,1.077,0.8,0.571,0.458,0.345,392.4273689926691,362.810209068694,92.51660331251696,79.29994569644312,69.85947597067607,66.08328808036926,58.530912299755634,54.75472440944881,49.0904425739886,47.20234862883519,43.42616073852837,2131.7712,11.145,11.375,11.195,11.29,11.175,11.12,11.14,11.31,11.215,11.395,11.34,1394.1984795004073,1736.7605213141458,354.2251181102362,279.0864566929134,247.0692438229704,125.47786315503666,51.819766494705405,12.029588650556612,8.143106163453705,3.3312707032310613,0.7402823784957915,-236.79121758771012,1316.001479771925,7096.434843750001,30.99924048151568,3925.6566648,True,False,310.0,0.505,0.495,4221329.108910891,2089557.908910891,647.7629517623761,0.3038613861386138,19.205,17.099431818181817,2.195,0.8051428438661711,1.7672885422862454,66.94425243959108,3974.708509045544,89.1482849953962,4212.881696986153,-245.654447877213,5775.91959498819,-1317.383450124824,4451.054884926762
2025-05-05,101.3608141893992,2432.659540545581,50.23529411764706,2.26,2.335,2.2975,2.04,2.34,2.19,195.0,325.0,0.0,0.0,0.0,3917.0673534497073,300.0,376.41690967988296,7.164375347029429,10.66,82.17562465297057,195.0,325,315,295,290,325,305,300.0,280,300,300,,0.0,0.0,0.0,0.0,0.0,0.0,0.0,0.0,0.0,0.0,7.25,7.375,5.0,7.1875,7.0,8.0,5.9375,2.5625,8.5,772.5,535.0,409.5,357.5,247.0,220.0,222.0,194.5,151.0,1536.0,1234.0,982.5,779.0,680.0,592.0,514.0,479.0,369.0,1.921,1.777,0.963,0.677,0.435,0.473,0.149,0.08,0.025,0.007,0.002,2.272,2.525,1.905,1.043,1.103,1.099,0.973,0.77,0.677,0.655,404.11382321075774,448.1989675610222,89.93369447453954,65.5766522210184,61.82941495124594,58.08217768147345,56.20855904658721,50.58770314192849,46.84046587215601,44.96684723726977,43.09322860238353,1787.40245,10.93,11.075,11.1,11.245,11.06,11.07,11.07,11.165,11.08,11.16,11.21,1135.4763877381938,1293.424064750494,178.73926868905744,125.65574756229688,80.73892199349947,87.79197724810402,27.655400866738898,14.848537378114845,4.64016793066089,1.299247020585049,0.3712134344528711,588.670427474138,1369.4315340003825,5291.8396875,41.92941852320367,3299.5449227000004,False,True,325.0,0.5023529411764706,0.4976470588235294,3558061.083138173,1770658.6331381735,575.4640557699064,0.3219555035128806,18.5,17.39943181818182,2.2975,0.8217562465297057,1.8879849764019987,65.61796918378678,3540.6504437698245,90.3903385948067,2950.640934612198,-966.4264188375092,5285.1598057666015,-1368.0924523168942,2360.631425454572
2025-05-06,136.086622020955,3203.7058934099828,51.54166666666666,2.085,2.04,2.0625,2.21,1.91,2.06,185.0,295.0,2.7857842371246453,0.5228753553066646,6.81,5039.22871328456,240.0,542.3985110460792,5.570875202593194,17.223679092382497,77.2054457050243,185.0,295,285,280,285,285,275,270.0,235,260,235,18.5,10.5,8.31,8.06,8.3,7.9,8.31,8.18,8.4,8.37,7.91,9.4375,6.625,7.4375,6.125,4.1875,3.3125,4.5,2.6875,4.875,768.5,493.0,377.5,281.0,284.0,209.5,171.0,153.5,101.5,0.0,0.0,0.0,0.0,0.0,0.0,0.0,0.0,0.0,1.56,1.936,1.47,0.959,0.765,0.656,0.275,0.175,0.086,0.014,0.007,3.562,3.149,2.676,1.911,1.541,1.237,1.131,1.011,1.026,0.717,473.0844623152315,434.9324895478741,124.5280391126545,103.124782390167,87.55877750108519,75.88427383427384,68.10127138973293,66.1555207785977,62.26401955632725,54.48101711178635,48.64376527838066,2444.554,11.545,11.405,11.545,11.805,11.59,11.495,11.4565,11.65,11.56,11.505,11.565,1675.1121747275592,1388.8724497955268,268.9146889493043,175.43482088597474,139.9453993511686,120.00546663315896,50.30716970140048,32.01365344634576,15.732423979347056,2.5610922757076606,1.2805461378538303,628.167398995473,1598.758418816111,4744.9603125,31.23010871226985,4458.357213916667,False,True,295.0,0.5154166666666666,0.4845833333333333,4742869.523039612,2298315.523039612,678.0030792966855,0.2773524656426839,18.5,17.690795454545455,2.0625,0.772054457050243,1.592362317666126,67.72839343598054,4496.8302022384805,89.23647760586472,3870.179885883348,-1169.0488274012114,6639.504214741011,-1600.2755014564518,3243.529569528216
2025-05-07,139.45305631619348,3346.873351588644,49.25,2.19,2.19,2.19,1.93,2.11,2.02,750.0,665.0,0.0,0.4418248218949644,0.0,4831.132401962435,250.0,544.9586624436548,5.430384307445957,16.74544835868695,77.8241673338671,750.0,665,495,475,480,485,470,495.0,445,430,455,22.0,12.86,8.26,8.37,8.53,8.14,8.59,8.61,8.72,8.5,8.22,13.6875,12.4375,8.5,6.625,6.3125,6.6875,6.85,9.0625,18.8125,660.5,498.5,381.5,323.5,252.5,191.0,155.0,136.5,110.5,1574.5,1331.0,945.5,843.5,645.0,495.0,401.5,345.0,314.0,2.335,2.101,1.698,1.173,0.795,0.63,0.561,0.203,0.117,0.02,0.009,2.09,2.572,2.369,2.038,1.599,1.372,1.099,0.957,0.803,0.605,414.0410683129781,342.65467722453366,96.47870755603276,87.37694269225607,78.2751778284794,69.17341296470272,60.071648100926055,54.61058918266004,49.149530264394045,43.68847134612803,41.8681183733727,2389.2121,11.62,11.615,11.925,11.9745,11.485,11.375,11.41,11.555,11.47,11.51,11.495,1360.8710240236212,1545.5081197154743,318.51002415783114,220.03077640585155,149.12571802442625,118.1750973023755,105.23211045497249,38.07864246409878,21.94680378472688,3.751590390551604,1.6882156757482214,406.2654989879645,1337.3883438464636,7108.22859375,30.476205486408432,4450.504839275,True,False,750.0,0.4925,0.5075000000000001,4851192.081218273,2461979.981218274,1846.4849859137053,0.7728426395939086,22.0,17.905795454545455,2.19,0.778241673338671,1.7043492646116896,67.25388560848678,4286.17373951878,88.71985660707023,3882.9181223996775,-948.2142795627578,6171.530627677761,-1340.3982257153257,3479.6625052805744
2025-05-08,135.5861771020855,3254.068250450052,52.29166666666666,2.26,2.55,2.405,2.42,2.23,2.325,230.0,275.0,0.0,0.3793830292678631,0.0,5905.11531714024,510.0,605.4172830203187,5.867649556155925,17.807499035121573,76.32485140872251,230.0,275,260,310,325,305,305,330.0,315,345,355,18.27,10.61,8.31,8.22,8.46,8.0,8.29,8.48,8.6,8.65,8.38,13.25,6.375,12.875,11.1875,9.125,7.625,12.875,10.375,15.0625,768.5,721.5,491.0,370.0,287.0,238.0,214.0,197.0,150.0,0.0,0.0,0.0,0.0,0.0,0.0,0.0,0.0,0.0,1.85,2.21,1.417,1.25,0.835,0.654,0.614,0.558,0.228,0.089,0.008,2.794,2.954,2.443,2.255,1.856,1.635,1.515,1.303,1.019,0.958,522.327159783734,428.7760266881399,109.33788680547568,95.42215575750603,77.53050155297366,67.59069366156679,61.62680892672265,57.650885770159896,55.66292419187853,53.67496261359715,49.6990394570344,2536.8481,11.38,11.62,11.53,11.805,11.5,11.475,11.88,11.71,11.495,11.75,11.78,1530.6356838835843,1571.8888761072126,257.0038312435293,226.7147417462326,151.44544748648337,118.6171528816289,111.36228114574944,101.20546071551824,41.35276889451283,16.14208961233176,1.4509743471758887,1174.8942102892838,1579.2990452087886,9367.5046875,31.345378200316777,4594.337611104167,False,True,275.0,0.5229166666666667,0.4770833333333333,4851342.980079682,2314494.880079681,636.4860920219124,0.2508964143426295,18.27,18.04102272727273,2.405,0.763248514087225,1.835612676379776,68.46424884214589,5299.698034119921,89.74757899709377,4127.81930806396,-1777.29600907628,7487.429846582352,-1582.314529442112,2955.940582007999
2025-05-09,137.78082176112753,3306.7397222670606,51.63,1.91,1.82,1.8625,1.77,1.85,1.81,480.0,530.0,1.346266453214572,0.4987935763024309,3.405,4581.437759027845,330.0,607.878627713075,5.92854961832061,13.223045801526716,80.84840458015267,480.0,530,590,525,510,530,530,465.0,430,405,330,19.02,10.45,8.6,8.27,8.57,8.0,8.34,8.55,8.41,8.4,8.17,13.8125,12.5,10.3125,11.9375,8.5,7.1875,6.875,4.9375,15.75,750.5,543.5,462.5,310.5,261.0,251.5,233.0,218.0,190.5,1387.5,1041.5,916.0,714.0,671.0,590.5,442.0,460.5,431.0,2.152,1.915,1.452,1.18,1.062,0.931,0.777,0.298,0.106,0.036,0.006,2.123,2.115,1.996,1.741,1.589,1.308,1.04,0.989,0.849,0.769,428.3256739145347,359.48761917827017,83.86769668701558,76.06605048357227,68.26440428012896,64.3635811784073,56.56193497496399,52.66111187324234,48.760288771520685,46.80987722065986,44.85946566979903,2529.217,11.32,11.28,11.44,11.4,11.24,11.275,11.37,11.355,11.295,11.405,11.44,1378.9612456272723,1372.5108032100968,265.37120104259554,215.6597914808972,194.0938123328075,170.15192022772482,142.0064898141162,54.46323547568421,19.372828726250088,6.579451265518897,1.0965752109198164,156.12885846069082,1330.027704232115,9011.9390625,30.846092697634525,4609.628240237505,False,True,530.0,0.5163,0.4837,4898735.23145458,2369518.231454581,1255.8446626709278,0.4965349602944026,19.02,18.171704545454546,1.8625,0.8084840458015267,1.505801535305343,65.67509064885496,3973.5591313147697,86.73170607817963,3820.267354413884,-761.1704046139607,5914.302544819765,-1332.8647857919204,3666.975577512998
2025-05-10,143.01174772429246,3333.3654865403832,50.958333333333336,2.285,2.315,2.3,2.08,2.25,2.165,300.0,285.0,0.0,0.4445069679382737,0.0,5420.906546438574,530.0,614.7070132525756,6.695577443028196,19.9554808806489,73.3489416763229,300.0,285,290,295,300,365,355,375.0,390,405,415,,0.0,0.0,0.0,0.0,0.0,0.0,0.0,0.0,0.0,0.0,12.5,11.5625,11.125,10.0,7.0625,8.5625,8.8125,6.1875,14.0,758.5,518.0,469.0,359.5,334.0,338.0,290.5,278.0,228.0,0.0,0.0,0.0,0.0,0.0,0.0,0.0,0.0,0.0,1.924,1.958,1.958,1.749,1.288,1.051,0.956,0.387,0.167,0.039,0.01,3.01,2.821,2.645,2.4,1.89,1.44,1.248,1.135,1.062,1.054,0.0,0.0,95.66628416914722,80.35967870208366,74.61970165193483,63.13974755163717,57.39977050148833,53.57311913472245,51.6597934513395,47.83314208457361,45.919816401190666,2501.10345,11.605,11.54,11.865,11.88,11.455,11.435,11.67,11.575,11.43,11.74,11.77,1756.152786929946,1413.8762980299482,360.5384559976368,322.0540140653048,237.1672785112136,193.52702617646383,176.03409802540386,71.26066520484446,30.75072632870549,7.181307346224635,1.8413608580063163,244.90645880811564,570.1710536481174,9437.14359375,29.717838342857203,4586.294238793751,True,False,300.0,0.5095833333333334,0.4904166666666666,4908134.325429272,2407030.875429272,722.1092626287816,0.288716271463614,19.02,18.14965909090909,2.3,0.7334894167632291,1.6870256585554269,70.84164735419081,4806.199533185998,88.6604388401341,4570.384017473698,-850.5225289648761,6000.168543182507,-579.2619967439332,4334.568501761398
2025-05-11,138.0501151347876,3313.2027632349027,52.208333333333336,1.91,1.99,1.95,1.78,1.91,1.845,295.0,280.0,0.0,0.3996895740395522,0.0,4757.765604144852,300.0,631.1021740965682,7.81729213483146,18.903640449438203,73.27906741573034,295.0,280,270,270,285,260,250,255.0,265,275,275,,0.0,0.0,0.0,0.0,0.0,0.0,0.0,0.0,0.0,0.0,13.6875,11.875,10.9375,8.875,7.75,6.5,3.875,4.4375,13.25,1033.5,595.0,537.0,469.5,400.5,377.5,365.0,340.5,327.0,0.0,0.0,0.0,0.0,0.0,0.0,0.0,0.0,0.0,2.432,2.08,1.523,1.075,0.785,0.941,0.824,0.635,0.248,0.109,0.009,1.922,2.379,12.379,1.952,1.696,1.894,1.722,1.352,1.412,1.247,497.75489091703264,427.7581093818249,113.04480217936045,97.17886503138004,85.27941217039472,75.36320145290696,65.4469907354192,57.514022161429,51.56429573093635,49.5810535874388,49.5810535874388,2576.817,11.4,11.62,11.855,11.905,11.715,11.72,11.855,11.76,11.635,11.73,11.73,1359.1075886801996,1480.8505942665347,276.4954524241936,195.16258132370857,142.51407101312674,170.8353386284742,149.5943879169636,115.28208292144646,45.023553644911374,19.78857801328766,1.6339192855008158,169.66345062296796,1570.066696935562,11237.244374999998,30.785921444907448,4670.373445125,True,False,295.0,0.5220833333333333,0.4779166666666666,4935643.096568236,2358826.096568236,695.8536984876297,0.2700438946528332,11.25,18.101136363636364,1.95,0.7327906741573034,1.4289418146067414,71.5863904494382,4126.663430048284,86.73532438111775,3956.288148118348,-801.4774560265041,6327.120469773447,-1569.3548656285948,3785.912866188412
2025-05-12,142.95540241029855,3430.9296578471653,50.708333333333336,2.4850000000000003,2.3150000000000004,2.4000000000000004,2.2,2.32,2.26,280.0,270.0,0.0,0.3633538766524782,0.0,5784.701989802465,240.0,619.592132144618,6.806862967157418,18.096727066817664,75.09640996602492,280.0,270,260,275,265,265,260,260.0,250,250,235,11.25,0.57,8.19,8.13,8.36,8.07,8.35,8.44,8.47,8.41,8.17,12.5,10.0,6.0625,6.5,10.25,8.75,8.25,8.1875,14.375,1162.0,796.0,736.5,508.0,492.0,359.5,238.5,225.5,161.0,1659.0,1276.0,1140.0,954.5,903.5,731.5,557.5,480.0,406.5,1.909,2.641,1.402,1.642,1.276,1.072,0.773,0.262,0.125,0.028,0.009,2.948,3.003,2.161,2.321,2.321,2.083,1.713,1.224,1.135,0.853,625.7296365985808,409.7039287252613,117.77125660266148,98.77589263449026,83.5796014599533,75.98145587268482,66.48377388859922,60.78516469814786,55.08655550769649,51.28748271406226,47.48840992042801,2555.7552,11.37,11.55,12.015,11.985,11.4,11.405,11.95,11.85,11.425,11.795,11.885000000000002,1831.9858992088136,1912.361565142481,258.8748137652739,303.1900457935662,235.6093169504205,197.9413697263721,142.73197649112467,48.37746163088572,23.080850014735557,5.170110403300764,1.6618212010609597,202.56227377228757,1692.673158622565,11365.0790625,29.729551512869783,4697.371567800001,True,False,280.0,0.5070833333333333,0.4929166666666666,5040108.857847165,2484353.657847165,695.6190241972063,0.2721774856203779,11.25,18.026136363636365,2.4000000000000004,0.7509640996602492,1.8023138391845983,69.8190331257078,5165.109857657847,89.28912616005348,4960.985230328034,-823.7167594744305,7475.812794867505,-1691.11080506504,4756.860602998221
2025-05-13,102.41979793564056,2355.655352519733,61.0,2.19,1.965,2.0775,2.03,2.13,2.08,465.0,355.0,1.4594997186444594,0.447348221970069,3.405,4854.859072806558,320.0,598.6417173442624,10.607678345293373,16.507678345293375,72.88464330941325,465.0,355,330,360,355,355,345,340.0,345,340,325,16.53,9.93,8.9,8.76,8.77,8.41,8.53,8.73,8.74,8.77,8.4,12.5,9.0,8.0,7.0,7.6875,8.4375,9.875,9.5625,17.0,1094.0,767.5,476.5,402.0,335.0,216.5,173.5,130.0,97.0,0.0,0.0,0.0,0.0,0.0,0.0,0.0,0.0,0.0,2.53,2.049,1.082,0.711,0.517,0.476,0.16,0.085,0.015,0.004,0.002,2.53,2.978,2.32,2.107,1.866,1.683,1.531,1.359,1.036,1.059,643.74624173181,534.804570054119,156.57889356584485,126.2733012627781,103.54410703547804,98.49317498496691,95.96770895971136,88.39131088394467,80.814912808178,73.23851473241129,65.66211665664461,2332.9912000000004,11.68,11.6,12.12,11.71,11.61,11.745,12.045,11.87,11.595,11.86,11.715,1142.280216476248,1297.4125075165364,174.70428743235118,114.80106133493685,83.47700240529164,76.85696933253156,25.834275405892964,13.724458809380636,2.421963319302465,0.6458568851473241,0.322928442573662,1325.5015800218548,2067.5148526758867,9235.072031250002,41.49588346845452,3879.764365600001,True,False,465.0,0.61,0.39,3824575.7377049183,1491584.537704918,693.5868100327868,0.297295081967213,16.53,17.971818181818183,2.0775,0.7288464330941324,1.5141784647530598,73.57689689742507,4256.217355462296,87.66922564864088,2932.481527360193,-1922.3775454463648,6924.139677402197,-2069.2806045956386,1608.745699258091
2025-05-14,130.15323282054703,2369.8734476074605,51.375,2.115,2.3200000000000003,2.2175,2.21,2.37,2.29,410.0,270.0,0.0,0.4223813193581351,0.0,4122.933204336496,270.0,462.32090617299264,13.461736334405144,21.01979635584137,65.51846730975349,410.0,270,290,255,245,275,280,270.0,300,280,270,19.72,10.63,8.07,8.0,8.19,8.02,8.32,8.18,8.27,8.32,7.68,12.75,9.4375,9.3125,9.625,9.25,9.9375,12.3125,9.1875,17.0,998.5,533.0,482.5,361.5,305.0,284.5,189.5,142.0,98.0,1490.5,1058.0,930.5,808.5,805.5,690.0,590.5,489.0,449.5,1.804,2.179,1.789,1.299,1.136,1.072,0.962,0.37,0.19,0.056,0.002,2.531,2.62,2.458,1.995,1.903,1.781,1.534,1.343,1.036,0.749,637.8895504003286,486.011086019298,112.31412440977212,102.63187230548144,91.0131697803326,83.26736809690003,65.83931430917677,60.02996304660235,54.22061178402793,52.284161363169794,48.41126052145351,1799.6636999999998,11.575,11.435,11.875,11.715,11.36,11.485,11.65,11.595,11.36,11.575,11.56,1523.736399096695,1566.1422705809898,327.88722952165887,238.08021864093615,208.20564155204272,196.47574625333613,176.31498870868407,67.81345719564773,34.823126668035314,10.263658386368304,0.3665592280845823,-687.6040724261577,1793.9124820365432,9354.95390625,32.65381817952862,3287.310706012499,True,False,410.0,0.51375,0.4862499999999999,3502995.0364963496,1703331.33649635,698.3658479635035,0.3880535279805352,19.72,17.92159090909091,2.2175,0.6551846730975349,1.452872012593784,79.96454314040729,3660.612298163503,88.78660208012286,4350.10929583248,227.1760914959841,5918.738611615858,-1795.805407279362,5039.606293501456
2025-05-15,120.0173625,2880.4167,50.0,2.655,2.25,2.4525,2.36,2.29,2.325,315.0,270.0,0.0,0.3965334481153065,0.0,4890.130141050001,240.0,558.0612733500001,12.961522633744856,19.56728395061728,67.47119341563786,315.0,270,260,245,265,230,250,240.0,230,220,230,19.87,10.27,8.54,8.06,8.17,8.02,8.49,8.35,8.28,8.13,8.0,12.625,10.625,10.25,10.75,10.5,10.375,13.75,11.125,15.375,873.5,520.5,456.0,345.5,288.0,275.0,219.0,185.5,169.0,0.0,0.0,0.0,0.0,0.0,0.0,0.0,0.0,0.0,2.12,1.751,1.43,1.104,0.905,0.682,0.172,0.108,0.019,0.007,0.006,0.655,1.995,2.193,1.962,1.779,1.412,1.248,1.143,0.798,0.642,408.6486486486487,313.78378378378375,96.76216216216216,93.04054054054052,85.59729729729729,76.29324324324324,66.98918918918918,61.40675675675676,55.82432432432432,52.1027027027027,50.24189189189189,2101.9257,11.01,11.34,11.575,11.59,11.25,11.26,11.45,11.425,11.27,11.41,11.2965,426.8918918918918,1277.7567567567569,266.0959459459459,205.4335135135135,168.40337837837836,126.90729729729728,32.00594594594594,20.096756756756758,3.53554054054054,1.3025675675675674,1.1164864864864863,1800.7799907129236,1360.6905405405405,9816.6871875,35.411543059030315,3888.5625450000007,True,False,315.0,0.5,0.5,4203851.4,2101925.7,662.1065955,0.315,19.87,17.985227272727272,2.4525,0.6747119341563785,1.6547310185185184,78.43145576131687,4332.068867700001,88.58800773694391,2529.546081081081,-2360.58405996892,6249.077885684545,-1358.9477446345445,727.0232944621611
2025-05-16,132.70356574074077,3184.8855777777785,51.41666666666666,2.2,1.99,2.095,2.19,2.13,2.16,275.0,290.0,0.0,0.3704192423614796,0.0,5234.9689956,170.0,645.1237857,19.971074249605056,13.124881516587676,66.90404423380727,275.0,290,300,345,385,430,495,515.0,480,395,300,20.12,9.87,8.15,8.03,8.44,7.98,8.58,8.63,8.41,8.39,8.02,11.8125,8.6875,9.0,10.125,12.25,12.625,10.4375,9.0625,12.8125,943.0,594.0,466.0,367.0,309.0,271.5,251.0,203.5,188.0,1528.5,1262.0,1086.5,972.5,869.0,764.5,699.5,473.0,426.0,0.585,2.095,1.58,1.183,1.047,0.959,0.753,0.257,0.079,0.022,0.006,2.454,2.69,2.473,2.19,1.979,1.854,1.552,1.323,1.284,0.988,494.1969786865045,463.78485692118113,106.632501939665,98.87741088950754,85.306001551732,75.61213773903518,67.85704668887772,62.04072840125964,56.22441011364153,54.28563735110218,52.346864588562816,2421.4782,11.085,11.325,11.465,11.385,11.37,11.265,11.435,11.425,11.315,11.425,11.455,1333.3620555885173,1505.0611564967369,289.4458901921409,216.7180304413308,191.8037006526402,175.6826637305463,137.9447818447355,47.08075555656976,14.472294509607046,4.030259230523481,1.099161608324586,672.5613660558882,1617.1645748710694,9765.26484375,32.02626829412486,4421.417403350001,False,True,290.0,0.5141666666666667,0.4858333333333333,4709520.0,2288041.8,663.532122,0.2740194489465153,20.12,18.15954545454545,2.095,0.6690404423380727,1.4016397266982623,83.16689375987362,4589.845209900001,87.67664553042765,3916.700749851672,-1318.268245748328,6851.550476478629,-1616.581480878629,3243.5562898033445
2025-05-17,138.6621635547284,3164.963883136676,51.36363636363637,2.0700000000000003,2.06,2.0650000000000004,1.9,2.15,2.025,290.0,285.0,0.9447847993532013,0.4056488405921751,2.27,4866.531232997123,280.0,565.7634784971237,12.892709083633452,20.735870348139255,66.3714205682273,290.0,285,265,290,265,270,300,290.0,295,280,275,,0.0,0.0,0.0,0.0,0.0,0.0,0.0,0.0,0.0,0.0,12.5,10.75,12.375,8.75,9.5,13.375,15.5,11.5,14.6875,821.5,791.0,582.5,452.5,350.0,286.0,267.5,190.5,149.5,0.0,0.0,0.0,0.0,0.0,0.0,0.0,0.0,0.0,1.856,2.139,1.804,1.451,1.109,0.962,0.841,0.546,0.333,0.075,0.005,1.956,2.027,1.856,1.491,1.357,1.235,0.958,0.871,0.756,0.564,508.6265240109481,402.3463548146306,114.21322468275692,104.53413784523516,92.919233640209,83.24014680268725,73.56105996516547,67.7536078626524,60.01033839263499,52.267068922617575,48.39543418760886,2402.66355,11.205,11.4,11.47,11.5,11.28,11.315,11.3,11.27,11.23,11.25,11.285,1428.3262005474,1537.589201293854,330.67872107489427,265.9727407315253,203.28309405324708,176.33754416521523,154.15787384921623,100.08347101268974,61.03991913411297,13.747729534710128,0.9165153023140086,28.76672425106881,1607.8671311271464,11633.82515625,30.65003380192155,4389.229457931818,True,False,290.0,0.5136363636363637,0.4863636363636363,4677752.0442477865,2275088.4942477867,659.7756633318581,0.2746017699115043,20.56,18.217954545454543,2.0650000000000004,0.6637142056822729,1.3705698347338937,79.07580532212886,4300.767754499999,88.374399517648,4272.13301069918,-594.3982222979421,6474.530344574519,-1607.9991115773964,4243.498266898361
2025-05-18,135.59685689434025,3254.324565464166,51.333333333333336,2.745,2.535,2.64,2.85,2.11,2.48,225.0,225.0,0.0,0.3816027668270711,0.0,6122.672108875325,180.0,630.5986988753247,11.82047040376323,20.88125049000392,67.29827910623285,225.0,225,215,205,215,230,215,190.0,215,220,200,21.0,10.71,9.79,9.16,9.11,8.48,8.73,9.02,9.0,8.89,8.51,12.875,9.625,8.875,8.625,8.4375,12.3125,12.6875,11.0,13.75,791.0,589.5,448.0,338.5,262.0,288.0,258.5,215.5,202.0,0.0,0.0,0.0,0.0,0.0,0.0,0.0,0.0,0.0,1.987,2.609,2.021,1.816,1.379,1.142,1.035,0.957,0.097,0.062,0.007,2.952,3.463,3.03,2.894,2.442,2.065,1.824,1.674,1.206,0.954,568.8617292958774,356.4866836920831,106.37714337832908,98.64062385990512,90.9041043414812,81.23345494345128,73.49693542502735,61.892156147391454,56.0897665085735,50.28737686975556,48.35324699014957,2468.3476,11.905,11.725,11.87,12.065,11.625,11.69,11.905,11.85,11.615,11.97,11.485,1640.222911346224,1876.0813571689164,370.5817967894928,332.9918569865012,252.861107260124,209.4034695366654,189.78335461510392,175.48084093396565,17.78645932141554,11.368664720904777,1.2835589201021522,414.3483180879488,1592.6232214520246,9419.182031250002,31.34290939584008,4510.493847733334,False,True,225.0,0.5133333333333333,0.4866666666666667,4808469.350649351,2340121.750649351,526.5273938961041,0.2133116883116883,21.0,18.27386363636364,2.64,0.6729827910623285,1.7766745684045473,77.82636956095648,5492.07341,89.70059660779124,5077.845377599417,-1044.826731275908,7715.415616014714,-1592.7435071393893,4663.617345198833
2025-05-19,139.8382586841617,3274.54589085412,51.04166666666666,2.15,1.915,2.0325,2.0,2.18,2.09,220.0,220.0,0.9216812895937228,0.4117629080875103,2.27,5150.9844823918365,150.0,657.3906845224491,14.82126592356688,22.973093152866245,62.20564092356688,220.0,220,215,210,210,220,200,210.0,195,190,175,,0.0,0.0,0.0,0.0,0.0,0.0,0.0,0.0,0.0,0.0,12.375,12.0625,10.1875,7.8125,9.875,7.875,11.0625,10.5,16.3125,866.0,706.5,449.5,397.5,344.5,321.5,272.0,261.5,209.5,1243.5,1099.5,775.0,763.0,637.0,552.5,624.0,574.5,412.0,2.281,2.369,1.768,1.334,0.797,0.423,0.137,0.097,0.076,0.029,0.008,2.721,2.214,2.097,1.621,1.595,1.49,1.265,0.923,0.805,0.513,549.0562819783968,458.8004548038658,93.97888004548038,84.38919840818647,67.12777146105742,63.291898806139855,57.5380898237635,53.70221716884594,51.78428084138716,49.86634451392837,49.86634451392837,2462.8904,11.425,11.345,11.545,11.575,11.205,11.17,11.615,11.345,11.2,11.525,11.364999999999998,1660.737919272314,1709.073905628198,325.2506878908471,245.4097384877772,146.62036100056852,77.8173308698124,25.203249005116547,17.844636156907335,13.981364411597498,5.334994314951677,1.471722569641842,266.4780626385765,1579.4017623649802,10717.554375,30.39225488068353,4512.733555833334,False,True,220.0,0.5104166666666666,0.4895833333333333,4825254.661224491,2362364.2612244906,519.720137469388,0.2110204081632653,20.55,18.44818181818182,2.0325,0.6220564092356687,1.2643296517714966,82.88476562499999,4493.593797869387,87.2375720258976,4228.745909607734,-922.2385727841028,6732.016419133739,-1581.0319367419024,3963.89802134608
2025-05-20,132.68575726147756,3184.4581742754613,50.958333333333336,1.93,2.165,2.0475,1.95,2.27,2.11,215.0,205.0,0.0,0.3906012692353796,0.0,5046.179731626328,130.0,612.7398180947465,12.3428432563791,20.19648845686513,67.46066828675578,215.0,205,205,180,190,185,185,165.0,150,160,145,20.1,11.25,9.46,8.96,8.94,8.48,8.88,8.81,8.77,8.7,7.95,9.625,8.0625,7.25,8.75,5.25,14.25,10.25,6.875,14.8125,996.0,663.5,625.0,516.5,452.5,406.5,329.0,251.0,203.5,0.0,0.0,0.0,0.0,0.0,0.0,0.0,0.0,0.0,2.302,1.428,1.577,1.151,1.063,0.969,0.683,0.118,0.027,0.004,0.001,2.601,1.847,2.494,2.059,2.116,2.068,1.612,1.312,0.826,0.773,457.6975164170965,390.1683746506396,120.53951805312548,101.40626121929606,91.83963280238132,82.2730043854666,76.53302733531778,66.96639891840304,63.13974755163717,57.39977050148833,51.6597934513395,2389.37475,10.71,11.075,11.36,11.115,10.855,10.91,10.88,11.05,10.875,11.115,10.66,1392.9353314094842,1031.1620804835372,290.3826073075961,211.94063475652703,195.73665920607144,178.42786714081208,125.76494660183144,21.728058124474536,4.971674316617055,0.7365443432025267,0.1841360858006316,978.8749193430864,1559.6230452861912,10268.1009375,32.03056671429116,4381.416390531251,True,False,215.0,0.5095833333333334,0.4904166666666666,4688879.31316435,2299504.5631643496,494.3934810803352,0.2069133278822567,20.1,18.638977272727274,2.0475,0.6746066828675578,1.3812571831713245,78.05135935601459,4433.439913531582,87.85735247885697,3453.970539775956,-1592.209191850373,6605.20832249998,-1559.0285908736514,2474.501166020329
2025-05-21,137.49792003185985,3299.9500807646364,51.66666666666666,2.9,2.83,2.865,2.5,2.42,2.46,250.0,210.0,0.0,0.3704650595078422,0.0,6221.254288309678,150.0,700.8469003870969,16.624664634146338,21.11856707317073,62.25676829268293,250.0,210,195,180,170,175,155,160.0,155,155,155,,0.0,0.0,0.0,0.0,0.0,0.0,0.0,0.0,0.0,0.0,10.6875,6.8125,10.875,8.8125,7.1875,8.8125,8.1875,8.0,13.6875,898.5,866.0,631.0,585.5,411.0,353.0,261.5,213.5,149.5,1291.0,1139.0,907.0,829.5,796.0,657.5,515.5,531.5,479.5,1.929,2.017,2.475,2.053,1.578,1.281,0.688,0.119,0.092,0.033,0.01,2.957,3.431,3.274,2.823,2.389,2.041,1.542,1.187,1.005,0.707,574.3366880146385,520.7319304666056,130.83389752973468,115.2119396157365,107.40096065873742,95.6844922232388,85.92076852698993,66.39332113449223,60.535086916742905,54.6768526989936,52.72410795974383,2527.0432,10.985,11.255,11.545,11.64,11.2,11.195,11.66,11.68,11.23,11.715,11.73,1420.575480329369,1444.932296431839,452.1233989021043,375.03407593778593,288.2629185727356,234.00811070448307,125.68117108874657,21.738458371454712,16.806203110704484,6.028311985361391,1.82676120768527,1135.1003420887766,1864.450045745654,10068.515625,30.909558479249917,4603.430362666667,True,False,250.0,0.5166666666666666,0.4833333333333334,4891051.35483871,2364008.15483871,591.0020387096775,0.2338709677419355,20.885,18.801022727272727,2.865,0.6225676829268293,1.783656411585366,83.97993521341463,5520.407387922581,88.73463665190387,4387.01718664227,-1834.237101667408,8087.414474863797,-1866.16018655412,3253.6269853619588
2025-05-22,145.3262942153891,2693.380652791878,51.391304347826086,2.7750000000000004,3.03,2.9025000000000003,2.43,3.07,2.75,225.0,285.0,1.1093234876231264,0.4000723784393076,2.27,5629.239044652792,220.0,585.128771652792,19.15725555030704,20.596041568256968,60.24670288143599,225.0,285,290,250,235,245,245,260.0,240,235,215,21.67,8.96,8.26,8.23,8.15,7.87,8.12,8.23,8.11,7.74,5.53,13.25,9.0,7.5625,9.9375,9.75,9.25,10.0,9.125,15.125,993.0,763.5,671.5,516.5,415.0,316.0,252.0,183.5,151.5,0.0,0.0,0.0,0.0,0.0,0.0,0.0,0.0,0.0,1.983,2.475,1.638,1.51,1.128,0.811,0.227,0.088,0.018,0.001,0.001,3.123,3.318,2.713,2.534,2.387,1.991,1.872,1.532,0.727,0.699,691.3712326810455,759.7486073418082,118.17889587201827,108.49210112841024,102.6800242822454,94.93058848735896,91.05587058991571,81.36907584630767,69.744922153978,61.99548635909156,56.18340951292672,2046.2922,10.82,10.995,11.075,11.37,11.01,11.075,11.07,11.035,11.035,11.015,11.015,1656.3998000285678,1778.5637766033428,300.15689044422226,276.70140694186546,206.70144836451936,148.61247750321385,41.596834023710905,16.125644907870306,3.2984273675189257,0.1832459648621625,0.1832459648621625,615.7875935452879,2235.7502142551057,11142.1771875,29.24453570460584,3737.241311008696,False,True,285.0,0.5139130434782608,0.4860869565217391,3981786.8527918784,1935494.6527918784,551.6159760456854,0.2695685279187818,21.67,19.048295454545453,2.9025000000000003,0.60246702881436,1.74866055113368,86.8190954180444,5044.110272999999,89.60554407067495,4428.523198114556,-1200.7158465382354,7865.189777567742,-2235.95073291495,3812.936123229113
2025-05-23,140.63186144974256,3375.1646747938216,51.458333333333336,3.99,2.585,3.2875,3.11,2.67,2.89,370.0,315.0,0.0,0.3809081024607856,0.0,7428.693338234413,230.0,762.7683393125508,18.5283870967742,20.87690172543136,60.59471117779445,370.0,315,260,250,250,255,245,245.0,240,260,210,,0.0,0.0,0.0,0.0,0.0,0.0,0.0,0.0,0.0,0.0,13.125,11.8125,8.9375,9.875,9.5,10.5,11.25,10.3125,19.1875,1099.0,822.5,511.5,469.5,398.0,243.0,183.5,164.0,143.5,1421.5,1263.5,982.5,867.0,827.0,626.5,594.5,538.0,522.5,2.305,2.378,1.515,0.858,0.636,0.772,0.622,0.361,0.068,0.032,0.009,2.789,3.75,2.665,2.343,2.101,1.01,1.297,1.568,0.735,0.592,692.7051706426209,624.1958680515924,157.2288494464103,131.9945896587148,122.28910512498577,87.34936080356127,79.58497317657803,69.87948864284901,64.05619792261159,58.23290720237417,54.35071338888257,2569.2242,11.489999999999998,11.4,11.48,11.41,11.27,11.265,11.45,11.43,11.285,11.375,11.34,1257.3383175436595,1707.5674009816237,277.4078957881521,157.1062538523,116.45638397443216,141.35900696267552,113.89287866681887,66.10181543202832,12.45131149412168,5.859440703116084,1.6479676977513984,2810.3190318703505,2141.8672240611804,11778.33046875,30.220747675439235,4689.369420041667,True,False,370.0,0.5145833333333334,0.4854166666666666,4992824.356275303,2423600.156275303,896.7320578218621,0.3490283400809715,21.635,19.251136363636363,3.2875,0.6059471117779445,1.992051129969992,86.20854744936234,6665.924998921862,89.73213316820211,3857.18867309668,-3571.504665137734,9572.143268340762,-2143.449930106349,1048.4523472714964
2025-05-24,140.17774224649406,3364.265813915857,51.5,3.0,2.515,2.7575,2.29,2.56,2.425,280.0,230.0,0.885336621949367,0.4039219177615491,2.27,6223.728106201455,200.0,777.6501811820389,19.19804878048781,19.385853658536583,61.416097560975615,280.0,230,220,220,230,215,235,225.0,235,215,190,21.6,9.25,8.28,8.17,8.25,8.06,8.34,8.32,8.28,8.29,7.74,14.4375,11.0,9.5625,9.75,10.375,8.75,8.5,9.5,16.6875,981.5,773.5,598.0,397.0,319.0,290.5,226.0,191.0,163.5,0.0,0.0,0.0,0.0,0.0,0.0,0.0,0.0,0.0,1.751,2.543,1.833,1.41,1.056,0.81,0.373,0.131,0.068,0.033,0.01,3.218,3.076,2.903,2.689,2.333,1.935,1.926,1.743,1.529,1.23,525.8673609208001,571.5949575226089,110.7751027678816,93.28429706768978,87.45402850095917,79.68033707865168,73.85006851192108,68.01979994519046,66.0763770896136,64.13295423403673,64.13295423403673,2563.9965,11.4,11.31,11.2,11.19,11.16,11.12,11.175,11.165,11.14,11.1,11.17,1895.5272677445876,1825.1896409975332,335.47818169361466,258.06013976431893,193.27057275966015,148.2473143326939,68.26697314332694,23.975800219238145,12.445453548917513,6.039705398739381,1.830213757193752,680.9073698967206,1804.86823787339,11368.7765625,30.318650677984472,4678.01161425,True,False,280.0,0.515,0.485,4978633.980582523,2414637.480582524,676.0984945631067,0.2636893203883494,21.6,19.424772727272728,2.7575,0.614160975609756,1.6935488902439022,86.11371951219512,5446.077925019416,87.50507464477487,4768.331263359824,-1455.396842841631,8031.757052311974,-1808.0289461105183,4090.584601700232
2025-05-25,138.54959678291428,3325.1903227899425,51.375,2.73,2.805,2.7675,2.91,2.59,2.75,250.0,270.0,0.0,0.3865533612466126,0.0,6950.065898029196,230.0,786.3733788175183,19.22427697016067,20.931935730680948,59.84378729915837,250.0,270,245,235,210,220,210,220.0,195,220,210,,0.0,0.0,0.0,0.0,0.0,0.0,0.0,0.0,0.0,0.0,13.6875,10.6875,11.25,10.875,10.875,10.625,8.6875,6.375,11.875,1191.0,748.0,592.0,440.0,306.0,247.0,227.5,188.5,162.5,0.0,0.0,0.0,0.0,0.0,0.0,0.0,0.0,0.0,2.641,2.961,2.316,1.467,1.072,0.874,0.361,0.139,0.06,0.023,0.009,3.823,3.921,3.781,2.748,2.467,2.088,1.706,1.289,1.165,1.086,554.3563949907618,668.2652432765348,118.12347567234656,108.44122356805586,98.75897146376516,91.0131697803326,81.33091767604189,77.45801683432562,73.58511599260933,69.71221515089304,67.77576473003491,2525.124,10.98,11.575,11.645,11.665,11.63,11.605,11.615,11.595,11.55,11.61,11.605,2093.7000615889965,2128.1997536440163,424.4755861219463,268.8711938000411,196.47574625333613,160.18638267296245,66.1639406692671,25.475866351878476,10.996776842537468,4.215431122972697,1.6495165263806202,781.5652593353077,2008.820509135702,11934.24703125,30.674935897930403,4612.4546265,False,True,270.0,0.51375,0.4862499999999999,4915083.211678832,2389959.211678832,645.2889871532846,0.2555474452554744,21.3,19.404545454545456,2.7675,0.5984378729915837,1.656176813504208,87.11280604437643,6163.692519211678,88.68538240708614,5380.410255594336,-1569.65564243486,8957.169402882864,-2007.103504853668,4597.127991976995
2025-05-26,141.0928184373497,3386.2276424963934,51.333333333333336,3.55,2.475,3.0125,2.88,2.69,2.785,325.0,265.0,0.8838208705343563,0.4073908013633701,2.27,7157.8465351461045,220.0,856.0923349431818,15.826761726078798,20.194195121951218,63.97904315196999,325.0,265,225,235,230,230,225,215.0,215,210,210,21.0,9.32,8.42,8.23,8.34,8.02,8.21,8.35,8.28,8.32,7.92,13.8125,9.75,11.6875,10.3125,10.5,9.3125,9.375,8.75,16.5625,1216.0,791.0,532.0,387.5,337.0,287.5,160.5,153.5,138.5,1711.5,1165.0,960.0,770.0,728.5,665.0,477.0,433.0,370.0,2.913,3.07,2.042,1.54,1.01,0.763,0.282,0.111,0.055,0.018,0.008,4.262,4.054,3.459,2.738,2.286,1.794,1.658,1.31,1.237,0.873,652.2947829259393,591.6161984677125,129.58670193360086,112.179533017147,104.44301349872308,102.5088836191171,96.70649398029914,87.03584458226923,81.23345494345128,77.36519518423933,71.56280554542137,2568.39375,12.125,11.645,11.54,11.55,11.415,11.38,11.485,11.58,11.425,11.595,11.505,2280.923750456038,2207.5775264502004,374.4324735497992,282.3829624224735,185.1992156147391,139.90792229113458,51.70908792411527,20.35357716161984,10.085105800802625,3.300580080262677,1.4669244801167454,748.6441861267137,2106.53290769792,11750.312343750003,30.122015047046155,4693.311512500001,True,False,325.0,0.5133333333333333,0.4866666666666667,5003364.448051948,2434970.698051948,791.3654768668831,0.308116883116883,21.0,19.392727272727274,3.0125,0.6397904315196998,1.927368674953096,82.404824108818,6301.754200202923,88.0398059564474,5557.339126231302,-1600.507408914803,9268.608554999117,-2110.762019853012,4812.92405225968
2025-05-27,140.915304136253,3311.5096472019454,51.375,2.055,2.175,2.115,2.21,1.98,2.095,315.0,370.0,0.0,0.3913349428990207,0.0,5271.9400144708015,190.0,857.3900263138684,15.382214559386972,21.08454406130268,63.53324137931035,315.0,370,360,345,310,305,290,260.0,260,255,230,21.5,9.79,8.47,8.23,8.22,8.07,8.29,8.37,8.29,8.15,7.67,12.4375,10.1875,10.5,11.4375,15.25,8.9375,8.8125,10.4375,17.3125,1160.0,690.5,573.0,466.5,341.0,233.5,178.5,164.5,151.0,0.0,0.0,0.0,0.0,0.0,0.0,0.0,0.0,0.0,3.172,2.475,1.826,1.49,1.414,1.249,0.946,0.316,0.119,0.027,0.007,2.753,3.068,2.863,2.58,2.044,1.883,1.607,1.154,1.182,1.086,569.5442414288649,501.1989324574011,127.80572777663728,118.12347567234656,112.31412440977212,106.50477314719772,96.822521042907,87.14026893861632,85.20381851775817,81.33091767604189,71.6486655717512,2514.735,10.93,11.56,11.795000000000002,11.785,11.475,11.44,11.675,11.61,11.32,11.6,11.575,1689.0474235269971,1778.8903715869435,334.66857524122366,273.0866249230138,259.15737425579965,228.91623793882167,173.3825148840074,57.916358037364,21.810274071032644,4.9485495791418606,1.282957298296038,-409.1683184983529,1957.6374666392944,11731.37859375,30.15996045319971,4593.477819374999,False,True,370.0,0.51375,0.4862499999999999,4894861.313868612,2380126.3138686125,880.6467361313867,0.3501946472019464,21.5,19.38266666666667,2.115,0.6353324137931035,1.3437280551724136,82.4056082375479,4414.549988156933,83.73672644300879,4823.107261342643,-448.8327531281584,7228.966435797453,-1957.026421326652,5231.664534528353
2025-05-28,145.37815273123854,3489.0756655497253,50.29166666666666,2.37,2.37,2.37,2.04,1.96,2.0,260.0,255.0,0.0,0.3761955740540994,0.0,5138.171232480365,270.0,593.1358504803645,11.266233133433284,18.61142803598201,70.12233883058471,260.0,255,265,260,275,255,260,265.0,250,295,275,,0.0,0.0,0.0,0.0,0.0,0.0,0.0,0.0,0.0,0.0,12.875,11.0,9.25,10.25,10.125,11.9375,9.5,12.0,15.5,868.5,642.0,544.5,367.0,341.5,284.0,209.0,181.5,150.0,1297.0,980.5,809.0,764.5,562.0,491.5,466.0,428.0,370.0,2.35,2.595,1.748,1.431,1.469,1.121,0.978,0.301,0.13,0.036,0.009,2.471,2.738,2.228,2.163,2.271,1.789,1.57,1.419,1.29,1.07,515.1712924279036,463.6541631851133,110.72502992254016,105.09494365529235,99.46485738804456,91.9580756983808,80.6979031638852,73.19112147422146,65.68433978455772,58.17755809489398,48.79408098281431,2567.8166,10.545,11.2,11.275,11.38,11.285,11.285,11.355,11.315,11.28,11.335,11.31,1801.0983491791064,1887.6616381743863,324.2413482080351,265.44014261195554,272.48886757299977,207.93738635080516,181.41192136582285,55.8333214019557,24.114059077256616,6.677739436778754,1.6694348591946886,-483.24709667595016,1712.6133657776477,10296.581249999996,29.234103750492693,4737.728619358334,True,False,260.0,0.5029166666666667,0.4970833333333333,5105849.08036454,2538032.48036454,659.8884448947804,0.2569842584921292,21.45,19.39377777777778,2.37,0.701223388305847,1.661899430284857,75.71493393928036,4545.035382,88.45628486005052,5028.574208238298,-109.59702424206716,6851.076327820359,-1712.905095339995,5512.113034476595
2025-05-29,143.07981796527082,3433.9156311665,50.708333333333336,3.62,2.84,3.23,2.026,2.65,2.338,210.0,230.0,0.8874191524990721,0.395166152381517,2.27,5983.042586816352,200.0,682.8375991327034,6.721402646502836,18.344317580340267,74.93427977315689,210.0,230,215,225,215,205,200,205.0,210,210,200,21.4,9.32,8.59,8.43,8.38,8.21,8.44,8.39,8.3,8.07,6.85,11.875,11.625,10.625,10.875,12.3125,10.4375,6.8125,9.4375,14.875,741.5,584.0,431.0,369.0,292.0,237.0,207.0,195.0,155.5,0.0,0.0,0.0,0.0,0.0,0.0,0.0,0.0,0.0,2.476,3.328,2.844,2.428,2.219,1.141,1.022,0.589,0.154,0.029,0.011,3.805,3.35,3.18,2.842,2.684,2.422,1.982,1.511,1.151,0.991,625.7296365985808,737.4670717054702,127.26893858674708,96.87635623767316,74.0819194758677,70.28284668223345,68.38331028541633,64.5842374917821,58.88562830133073,53.187019110879376,51.28748271406226,2557.9795,10.925,10.97,11.26,11.260000000000002,10.94,11.03,11.29,11.21,10.89,11.19,11.26,2448.1993380335966,2409.821767813017,525.1354995352633,448.32243068622336,409.7312494615855,210.6819989345061,188.70902972047787,108.75696526943392,28.4356072181542,5.354757203418648,2.0311148012967286,-1482.206538818786,2028.034447190043,9133.8609375,29.70370007761392,4701.459738520834,False,True,230.0,0.5070833333333333,0.4929166666666666,5044495.316351685,2486515.8163516847,571.8986377608875,0.2235743631881676,21.4,19.43177777777778,3.23,0.7493427977315689,2.4203772366729672,69.8669517958412,5300.204987683648,88.58711785476275,6785.179758676973,802.1371718606215,8013.845266180933,-2030.8026793645813,8270.154529670297
2025-05-30,142.5049615816761,3420.1190779602266,50.75,2.245,2.355,2.3,2.326,1.9,2.113,220.0,220.0,0.0,0.3810653170840236,0.0,5392.270779326108,210.0,780.4628897261083,1.514283565250094,14.526664159458443,83.95905227529146,220.0,220,205,210,205,205,185,180.0,170,175,180,,0.0,0.0,0.0,0.0,0.0,0.0,0.0,0.0,0.0,0.0,10.5,9.6875,10.5,14.5625,9.75,9.75,8.875,14.75,15.0,815.5,696.5,526.0,396.0,334.0,256.0,228.0,169.5,142.0,1637.0,1400.0,1051.0,789.5,664.5,514.0,454.5,323.0,281.5,3.381,2.703,2.069,1.817,1.732,1.426,1.16,0.495,0.153,0.062,0.019,2.935,3.368,3.092,2.889,2.658,2.316,1.888,1.583,1.381,0.862,633.9433936590012,596.652605796707,95.09150904885016,89.38601850591915,87.48418832494217,81.77869778201115,76.07320723908013,70.36771669614913,66.56405633419512,64.66222615321811,60.85856579126411,2550.7787,10.935,11.035,10.955,11.035,10.925,10.795,10.87,10.815,10.645,10.82,10.805,1758.0420465369436,1956.3555585793983,381.8584576132807,335.34887263573273,319.6611157980677,263.1851911824738,214.0917403728398,91.35811334875493,28.237962307796977,11.442834399237992,3.506675057830997,-750.9235337881962,1922.8621853313373,9946.522031250002,29.82352300459469,4686.418166575,False,True,220.0,0.5075,0.4925,5026164.926108374,2475386.2261083745,544.5849697438424,0.2134975369458128,21.2,19.38655555555556,2.3,0.8395905227529146,1.9310582023317036,60.97201955622414,4611.8078896,85.52626673129265,5363.088567832357,-29.18221149375131,7315.490109101605,-1923.2193297754973,6114.3692460647135
2025-05-31,140.99100667867637,3383.784160288233,51.29166666666666,2.83,2.81,2.8200000000000003,2.37,2.83,2.6,245.0,225.0,0.0,0.3678731087777175,0.0,6669.873806468724,210.0,866.0633322030867,7.62609756097561,21.25317073170732,71.12073170731708,245.0,225,215,220,215,210,195,190.0,185,185,180,21.0,11.08,8.46,8.44,8.4,8.32,8.48,8.6,8.57,8.52,8.37,12.5625,11.75,10.1875,10.375,11.875,11.375,10.375,7.875,15.5625,731.0,629.0,453.5,394.5,321.0,302.5,281.0,239.0,184.5,0.0,0.0,0.0,0.0,0.0,0.0,0.0,0.0,0.0,2.429,3.18,2.183,1.527,1.28,1.063,0.913,0.302,0.111,0.034,0.01,3.082,3.628,2.913,2.403,2.376,2.081,1.972,1.534,1.059,0.826,560.6040161374877,507.57390650286055,106.24961251794952,98.52236797118957,90.7951234244296,83.06787887766963,77.27244546759965,73.40882319421966,69.54520092083969,67.61338978414969,67.61338978414969,2563.4635,11.065,10.94,10.9,10.965,10.81,10.76,10.825,10.79,10.64,10.825,10.805,2000.6998153761997,2287.747361703098,400.4744921705832,280.1303479360882,234.81784240877076,195.0088800629088,167.491164155631,55.40233469331935,20.363109771385588,6.237348938982973,1.834514393818521,156.66447208096736,1802.2661545825447,10253.1675,30.14376661403592,4686.118088979168,True,False,245.0,0.5129166666666667,0.4870833333333333,4997816.734362307,2434353.234362307,596.4165424187652,0.2326604386677498,21.0,19.418777777777777,2.8200000000000003,0.7112073170731708,2.0056046341463416,72.8158536585366,5803.810474265638,87.01529658082674,5650.2072116107865,-1019.6665948579376,8475.201170477385,-1805.3273640086609,5496.603948955935
2025-06-01,140.03990534711545,3360.957728330771,51.208333333333336,2.566,2.1,2.333,6.417,4.39,5.403499999999999,255.0,255.0,0.8936777065915148,0.8936777065915148,2.27,5930.813430182588,240.0,967.4053748738812,5.965960090361446,18.045259789156624,75.98878012048193,255.0,255,250,220,235,225,210,210.0,215,215,205,21.1,9.53,8.59,8.55,8.43,8.35,8.6,8.55,8.49,8.4,8.08,12.372983870967742,10.118951612903226,9.568548387096774,9.53225806451613,9.23991935483871,9.627016129032258,9.229032258064516,9.006048387096774,14.877016129032258,731.0,629.0,453.5,394.5,321.0,302.5,281.0,239.0,184.5,0.0,0.0,0.0,0.0,0.0,0.0,0.0,0.0,0.0,2.507,1.744,2.159,2.189,1.541,1.17,1.045,0.433,0.099,0.038,0.018,2.795,2.441,2.791,2.855,2.422,2.151,1.993,1.799,1.278,1.052,461.0114560320679,498.7992802969915,115.6307422506662,98.28613091306627,92.50459380053296,86.72305668799964,79.01434053795523,75.15998246293303,73.23280342542192,71.30562438791083,69.37844535039972,2540.0656,10.81,10.945,10.985,10.915,11.365,10.685,10.72,10.805,10.655,10.87,10.825,1805.266107909901,1255.8372924590617,396.4420540005011,401.95074395882216,282.9630408590886,214.8389083745189,191.88603354818144,79.50875839843307,18.17867686245929,6.977673947206598,3.305213974992599,309.4573581122288,1721.046456145945,14512.297031249998,30.348492377694555,4646.944179133333,False,True,255.0,0.5120833333333333,0.4879166666666666,4960258.291293735,2420192.6912937346,617.1491362799023,0.2429658258746948,21.1,19.444333333333333,2.333,0.7598878012048194,1.7728182402108437,68.7357374811747,4963.408055308706,83.68848748553368,4657.154504293166,-1273.658925889422,7655.063693425221,-1724.250263242633,4350.900953277625
2025-06-02,278.7596833333333,6690.2324,31.0,2.026,1.83,1.928,4.054,3.54,3.797,295.0,270.0,0.0,0.4436174702578914,0.0,4982.7099078,230.0,771.6735108000001,7.017359339834958,17.52369092273068,75.45894973743435,295.0,270,265,250,250,240,240,235.0,225,235,220,,0.0,0.0,0.0,0.0,0.0,0.0,0.0,0.0,0.0,0.0,13.0,8.6875,11.0,13.1875,12.6875,10.375,8.875,6.625,16.75,941.5,813.0,761.0,578.0,485.5,462.5,367.0,339.5,307.5,0.0,0.0,0.0,0.0,0.0,0.0,0.0,0.0,0.0,1.936,2.05,1.743,1.484,1.451,1.265,0.721,0.282,0.121,0.071,0.008,2.302,2.342,2.366,2.076,2.259,2.13,1.97,1.614,1.515,1.029,258.0717901518638,281.18269673262773,58.932811780948,51.07510354348828,47.1462494247584,44.19960883571101,42.23518177634607,38.30632765761621,36.34190059825127,35.3596870685688,29.466405890474,2576.9556,11.13,11.035,11.535,11.375,11.195,10.965,11.24,11.22,10.85,11.12,11.09,1659.8104003681544,1757.5471698113206,381.0576599171652,324.43463414634147,317.22011734928674,276.5564772204325,157.62626092959042,61.651325356649785,26.453228255867465,15.522142199723882,1.748973768982973,-769.2721445365289,922.3177634606536,11752.280624999998,15.24610714569497,5599.724518800001,True,False,295.0,0.31,0.69,8312760.0,5735804.399999999,1692.0622979999998,0.6566129032258063,19.935,19.46988888888889,1.928,0.7545894973743437,1.4548485509377345,69.72400600150037,4211.036397,84.51297536723918,4979.628389323516,-3.0815184764842343,5904.347519047641,-921.637611247641,5748.220381647032
2025-06-03,138.64991045384568,3327.5978508922963,51.625,1.95,1.9,1.925,3.89,4.01,3.95,305.0,305.0,0.8918851690379747,0.5925197462099585,2.27,4904.223481572154,240.0,750.0242131803874,4.80772142316427,11.403050719152157,83.78922785768358,305.0,305,265,260,260,240,255,250.0,235,220,215,18.77,12.3,8.48,8.41,8.43,8.16,8.33,8.41,8.44,8.36,7.86,13.875,9.5625,8.6875,10.6875,9.0,10.5625,6.6875,8.6875,15.5,857.5,800.5,617.0,547.0,464.0,391.5,282.0,249.0,191.5,1720.5,1620.0,1232.5,1090.0,932.5,786.5,560.0,507.0,385.0,2.339,2.233,1.805,1.228,1.146,1.04,0.622,0.262,0.116,0.045,0.015,3.053,2.804,2.51,2.57,2.214,1.915,1.741,1.479,1.38,1.139,451.27169215995616,520.1097468962207,107.27263529734552,101.42140064476304,97.52057754304136,89.71893133959806,83.86769668701558,78.0164620344331,76.06605048357227,72.16522738185061,62.41316962754648,2545.1707,11.52,11.52,11.55,11.56,11.4,11.105,11.43,11.38,11.285,11.425,11.38,1676.3983126414707,1600.4264352836274,329.8863759517114,224.4323931682557,209.44586528568487,190.07303655943485,113.67829686535428,47.88378421016531,21.200454077783117,8.224314081898621,2.7414380272995404,-262.318730610712,1739.843590095343,12480.2896875,30.65274247987889,4638.2554544125,False,True,305.0,0.51625,0.48375,4930112.736077482,2384942.0360774817,727.407321003632,0.2857990314769976,18.77,19.656704545454545,1.925,0.8378922785768357,1.6129426362604085,63.13655847842542,4154.199268391767,84.70656535130102,4424.390706152685,-479.8327754194688,6651.939778817703,-1747.716297245549,4694.582143913603
2025-06-04,138.11822898081638,3314.8374955395934,52.208333333333336,2.09,2.13,2.11,4.37,4.86,4.615,265.0,300.0,0.0,0.4433472392352385,0.0,5445.666498849959,340.0,755.905600789944,4.017196401799101,11.99736131934033,83.98544227886057,265.0,300,290,300,285,300,290,300.0,285,285,290,18.22,12.71,8.37,8.3,8.32,8.03,8.33,8.46,8.42,8.42,8.25,13.875,10.8125,10.5,11.3125,12.25,9.375,8.375,9.4375,15.125,910.0,812.5,657.5,533.5,414.5,285.0,270.0,229.0,160.0,0.0,0.0,0.0,0.0,0.0,0.0,0.0,0.0,0.0,2.189,2.341,1.83,1.757,1.153,1.091,0.914,0.405,0.133,0.05,0.011,2.219,2.451,2.164,2.163,2.117,2.109,1.763,1.728,1.572,1.48,528.8645715993472,451.0903698935608,107.0950757488678,101.14534931837514,95.19562288788248,93.21238074438492,89.24589645738983,83.29617002689717,77.34644359640453,73.37995930940941,61.48050644842411,2578.0884,11.225,11.36,11.54,11.565,11.425,11.5,11.510000000000002,11.43,11.46,11.575,11.505,1558.4528609853098,1666.6688659509414,332.2302547184993,318.97735384721483,209.3232151313823,198.06732672015443,165.93358077197175,73.52636784753672,24.145696107956503,9.077329363893424,1.9970124600565529,134.53104256573477,1761.3523460309436,9656.73684375,30.770739180201147,4672.677804649999,False,True,300.0,0.5220833333333333,0.4779166666666666,4938078.339984037,2359989.939984037,707.9969819952113,0.2746209098164405,18.22,19.85220930232558,2.11,0.8398544227886058,1.7720928320839582,62.51984632683658,4689.760898060014,86.11913526196325,4558.399863904917,-887.266634945041,7210.188853291539,-1764.5223544415803,4427.038829749819
2025-06-05,139.04467938077303,3337.072305138553,51.625,2.08,2.47,2.2750000000000004,4.12,5.32,4.720000000000001,295.0,275.0,0.8893529718140927,0.5323349429260728,2.27,5810.337183791043,0.0,770.5086850547216,5.365,15.455833333333334,79.17916666666666,295.0,275,260,255,245,240,230,245.0,235,240,225,18.4,12.19,8.38,8.33,8.28,8.07,8.34,8.41,8.47,8.38,8.35,12.0,9.1875,7.8125,10.9375,12.1875,10.5625,8.625,11.55,13.6875,734.5,608.5,528.0,432.0,306.0,305.0,253.0,230.5,206.0,1681.0,1440.0,1209.0,977.0,720.0,710.5,606.0,541.5,472.0,2.201,2.361,1.69,1.42,1.621,0.885,0.586,0.324,0.122,0.047,0.002,2.868,3.236,2.305,2.002,2.482,2.229,1.964,1.769,1.21,1.312,374.78496467521785,428.3256739145347,134.5783970093971,97.52057754304136,118.97510460251048,91.66934289045888,83.86769668701558,74.11563893271145,64.3635811784073,60.462758076685645,56.56193497496399,2552.4174000000003,10.7,10.575,10.955,10.925,10.38,10.34,10.86,10.83,10.435,10.965,10.94,1577.4915289114483,1692.166060772344,308.86868440908154,259.52279991768984,296.2580694835037,161.7448436106729,107.0988455998354,59.21506138967008,22.29702928870293,8.589839152205228,0.3655250703066054,547.8788752351212,1585.2256704849442,11402.87484375,30.565714696363173,4651.461659325,True,False,295.0,0.51625,0.48375,4944149.927360776,2391732.5273607755,705.5610955714287,0.2764285714285714,18.4,19.931309523809524,2.2750000000000004,0.7917916666666667,1.801326041666667,66.36614583333333,5039.828498736321,86.73900221825008,4493.618287605461,-1316.7188961855818,7397.231518380247,-1586.8943345892048,3947.4080764746
2025-06-06,140.44053068144896,3370.5727363547758,51.458333333333336,2.61,1.986,2.298,6.12,4.96,5.54,295.0,275.0,0.0,0.4434047994545692,0.0,5899.675121743421,240.0,851.5310931578948,5.344390243902439,13.699512195121953,80.9560975609756,295.0,275,290,300,290,280,265,275.0,275,260,240,20.91,12.57,8.26,8.34,8.22,8.12,8.4,8.49,8.47,8.46,8.29,11.4375,8.625,9.4375,9.375,11.1875,9.25,9.25,10.625,13.5,946.5,664.0,576.0,495.0,363.0,360.0,346.0,325.0,299.5,0.0,0.0,0.0,0.0,0.0,0.0,0.0,0.0,0.0,2.099,2.215,1.596,1.275,1.51,1.265,0.98,0.353,0.127,0.032,0.007,2.798,3.079,2.608,2.208,2.802,2.55,1.078,1.919,1.807,1.623,441.50439447551656,479.5651181371991,139.75897728569802,135.8767834722064,131.9945896587148,122.28910512498577,112.58362059125672,102.87813605752773,97.05484533729027,89.29045771030707,75.70277936308642,2565.72875,11.395,11.35,11.48,11.525,11.085,11.1,11.365,11.325,10.9495,11.305,11.335,1507.226229882434,1590.522200662025,292.2396050679147,233.46209051478144,276.4923581782902,231.6310152950577,179.44537153293007,64.6369552562493,23.25465529049196,5.859440703116084,1.2817526538066433,643.8235287497697,1928.4988072137887,10587.56015625,30.261919257767303,4682.989495572917,True,False,295.0,0.5145833333333334,0.4854166666666666,4986031.578947368,2420302.828947368,713.9893345394736,0.2782793522267205,20.91,19.936463414634147,2.298,0.809560975609756,1.8603711219512196,65.24268292682926,5048.144028585526,85.56647483825756,4406.051675037096,-1493.623446706325,7829.90510415855,-1930.2299824151287,3763.959321488666
2025-06-07,101.94502137386438,2007.1275624824332,51.0625,2.6,2.57,2.585,5.08,5.02,5.05,205.0,320.0,1.324036128179408,0.5222610280477143,2.0,3906.1749589698898,300.0,539.1344859397797,9.831607142857145,16.76611607142857,73.40227678571428,205.0,320,300,280,285,310,285,300.0,300,270,290,,0.0,0.0,0.0,0.0,0.0,0.0,0.0,0.0,0.0,0.0,12.8125,9.75,8.5,8.0625,8.6875,10.875,6.4375,10.5,17.25,818.5,633.0,568.5,492.0,425.0,369.0,320.0,269.5,201.0,1778.0,1424.5,1256.5,1105.0,935.0,797.0,706.5,610.5,470.0,1.81,2.14,1.561,1.753,1.473,1.189,0.73,0.375,0.116,0.062,0.012,2.326,2.811,2.32,2.733,2.462,2.244,2.106,1.69,1.301,1.175,526.809047797755,481.6539865579475,117.06449626420114,109.38813585343384,107.46904575074204,95.9545051345911,90.19723482651564,86.35905462113199,78.6826942103647,74.84451400498106,71.00633379959741,1510.5328,11.125,11.325,11.305,11.295,11.14,11.145,11.24,11.125,11.165,11.175,11.225,1305.489747876224,1543.5072157210602,287.10316109992834,322.4162981474531,270.9179732864795,218.683958070349,134.26348981611,68.97097079594691,21.335020299546244,11.40320050492989,2.207071065470301,-817.6112266182063,1839.429048821261,8335.439999999999,41.689137367620106,2767.2016813,False,True,320.0,0.510625,0.489375,2958203.769889841,1447670.9698898408,463.2547103647491,0.3066829865361077,20.91,19.938125,2.585,0.7340227678571429,1.8974488549107145,72.76833147321429,3367.04047303011,86.197892014495,4186.298106683498,280.12314771360843,5747.250414826332,-1841.0754558564429,5005.555740336886
2025-06-08,139.30663697729992,3343.359287455198,51.66666666666666,2.14,2.15,2.145,4.79,4.24,4.515000000000001,340.0,330.0,0.0,0.4534401748185324,0.0,5495.404412264516,260.0,878.879837283871,8.848524651863004,19.87543846443357,71.27603688370343,340.0,330,335,325,310,310,300,280.0,275,295,285,,0.0,0.0,0.0,0.0,0.0,0.0,0.0,0.0,0.0,0.0,11.416666666666666,8.916666666666666,9.166666666666666,10.083333333333334,11.25,7.25,9.0,5.75,16.166666666666668,721.0,549.0,505.0,448.0,340.0,267.0,233.0,127.0,113.0,0.0,0.0,0.0,0.0,0.0,0.0,0.0,0.0,0.0,2.182,2.217,1.874,1.517,1.352,1.316,1.206,0.524,0.142,0.026,0.01,2.191,2.34,2.232,2.029,1.926,1.715,2.084,1.476,1.198,0.887,474.78499542543454,352.259835315645,109.3537053979872,95.6844922232388,91.77900274473924,80.06253430924062,70.29881061299176,70.29881061299176,64.44057639524245,62.48783165599268,60.535086916742905,2560.2852000000003,11.32,11.455,11.45,11.455,11.39,11.31,11.4,11.395,11.315,11.26,6.3500000000000005,1563.1344922232388,1588.2076852698997,342.33505032021964,277.11967520585546,246.97811527904847,240.40177493138157,220.30740164684357,95.72228728270817,25.94000914913083,4.749579139981702,1.82676120768527,15.161047697600452,1531.985681610247,9288.0084375,30.50823774241668,4663.9862060000005,True,False,340.0,0.5166666666666666,0.4833333333333334,4955390.709677421,2395105.5096774204,814.3358732903229,0.3180645161290323,19.66,19.933461538461536,2.145,0.7127603688370343,1.5288709911554386,73.48280485509974,4616.524574980645,84.00700346415985,4606.722831655992,-888.6815806085242,7032.74939824771,-1537.3449859831935,4596.921088331339
2025-06-09,141.9212349775717,3406.10963946172,50.91666666666666,2.08,2.19,2.135,4.37,4.49,4.43,300.0,285.0,0.0,0.4007851230436599,0.0,5454.742466501144,260.0,759.1715198764322,7.618989784335981,15.70844494892168,76.67256526674234,300.0,285,250,250,250,265,270,250.0,260,265,265,19.66,15.42,8.54,0.0,7.7,7.44,7.84,7.9,7.87,8.0,7.92,14.0,11.375,7.5625,9.8125,7.625,10.375,7.8125,10.9375,16.25,731.0,569.0,441.5,340.0,312.5,281.0,249.5,223.0,206.5,0.0,0.0,0.0,0.0,0.0,0.0,0.0,0.0,0.0,2.626,2.78,2.111,1.804,1.518,1.104,0.894,0.44,0.109,0.056,0.016,3.072,3.242,2.693,2.498,2.222,2.104,1.954,1.866,1.587,1.27,479.6293099532095,367.216190432926,97.46217462408576,89.81808249670648,82.17399036932721,76.44092127379275,74.52989824194793,70.70785217825829,64.97478308272385,63.06376005087903,59.241713987189385,2552.6094,11.305,11.435,11.335,11.315,11.205,11.165,11.27,11.3,11.170000000000002,11.27,11.32,1897.1188842956435,2008.374142552128,388.8913103620588,332.33535002044243,279.64803843183574,203.38039158678964,164.69390405669375,81.05740244401035,20.08012924181165,10.316396674692228,2.947541907054922,-691.3628033466885,1525.2586766910458,11258.30578125,29.94618811393265,4682.54922685,True,False,300.0,0.5091666666666667,0.4908333333333333,5013308.150572832,2460698.750572832,738.2096251718496,0.2891980360065467,19.66,19.91697368421053,2.135,0.7667256526674234,1.6369592684449488,69.34151532349603,4695.570946624712,86.08235815826902,5388.8434915731605,-65.89897492798355,6981.91088479395,-1527.1684182928057,6082.116036521609
2025-06-10,142.94110071474984,3430.586417153996,50.66666666666666,2.15,1.98,2.065,4.78,4.16,4.470000000000001,245.0,245.0,1.334030189436205,0.4978750162397842,3.405,5275.709534315789,240.0,796.2194543157893,10.556084337349397,16.0663328313253,73.3775828313253,245.0,245,255,250,250,240,250,245.0,245,230,230,19.2,9.86,8.2,8.19,8.2,8.05,8.41,8.35,8.36,8.56,8.47,12.875,10.5625,7.75,10.9375,8.75,10.5,8.5625,8.9375,14.0,868.5,746.5,582.5,494.5,438.0,346.0,274.0,251.5,221.5,1905.0,1701.5,1370.0,1165.5,1025.5,813.0,659.0,609.0,513.5,1.838,1.992,1.307,1.261,1.095,1.041,0.94,0.597,0.275,0.074,0.011,2.217,2.315,1.776,1.773,1.76,1.701,1.622,1.35,1.228,1.215,491.0514865844816,617.5344452501813,104.34844089920232,96.75946337926032,92.96497461928934,83.47875271936185,79.68426395939086,77.78701957940535,70.19804205946338,66.40355329949237,62.60906453952139,2552.416,11.25,11.345,11.305,11.33,11.215,11.165,11.295000000000002,11.31,11.22,11.355,11.33,1331.5170413343003,1443.0804931109503,241.444318346628,232.94666062364035,202.28120014503264,192.30568890500365,173.6477882523568,110.2848187092096,50.80121464829588,13.670145032632345,2.0320485859318347,486.2241352007013,1842.81950688905,11979.700781249998,29.732526045683723,4693.0422186666665,False,True,245.0,0.5066666666666666,0.4933333333333334,5037663.157894736,2485247.1578947366,608.8855536842104,0.2385526315789473,19.2,19.887702702702704,2.065,0.7337758283132529,1.5152470854668674,73.23656344126505,4479.49008,84.90782236708088,3994.0114176939815,-1281.6981166218077,7119.274514099522,-1843.5649797837327,3508.532755387964
2025-06-11,140.49976927747417,3371.99446265938,50.833333333333336,2.05,2.19,2.12,4.36,4.67,4.515000000000001,270.0,260.0,0.0,0.4514838745677852,0.0,5346.873505573771,230.0,785.1550583606557,5.762033511043412,14.55071591774562,79.68725057121095,270.0,260,255,245,265,270,270,250.0,250,235,230,19.02,9.97,8.07,8.12,8.03,8.02,7.98,8.34,8.34,8.47,8.28,14.0625,9.375,8.9375,9.9375,8.625,9.125,6.9375,7.6875,15.0,982.0,766.0,651.5,576.5,482.0,372.0,250.0,250.5,215.0,0.0,0.0,0.0,0.0,0.0,0.0,0.0,0.0,0.0,2.315,2.095,1.355,1.367,1.249,1.164,0.53,0.244,0.11,0.046,0.01,3.16,2.682,2.141,2.047,2.116,1.956,1.918,1.74,1.481,1.149,568.1888334089878,456.0463004993192,120.10465274625513,101.04042215161144,91.5083068542896,89.60188379482524,81.97619155696778,80.0697684975034,74.35049931911031,70.53765320018158,64.81838402178848,2520.96,11.1,11.195,10.955,11.07,11.03,11.01,11.14,11.205,11.11,11.255,11.260000000000002,1673.9877439854745,1514.9046754425783,249.85080571947347,252.06350658193372,230.30528143440768,214.6319836586473,97.7276214253291,44.99158420335906,20.28309123921925,8.482019972764412,1.843917385383568,254.22175104125824,1798.24289605084,9554.33203125,30.249159994039843,4628.062399999999,True,False,270.0,0.5083333333333333,0.4916666666666667,4959265.573770492,2438305.5737704923,658.3425049180329,0.2611475409836066,19.02,19.86930555555556,2.12,0.7968725057121097,1.6893697121096725,66.29673933739528,4561.718447213115,85.31562309184643,4309.072231048571,-1037.8012745252,7146.6919365013255,-1799.8184309275548,4056.4260148840262
2025-06-12,140.14872368969586,2522.677026414525,51.16666666666666,2.15,2.23,2.19,5.03,4.89,4.96,270.0,320.0,1.7881140514282083,0.5393744971334213,3.405,4174.831187001221,230.0,615.7180131017101,7.107465788139888,18.41447541814496,74.47805879371515,270.0,320,310,290,285,275,255,280.0,275,235,260,16.85,11.53,8.05,8.15,8.16,8.1,8.33,8.45,8.4,8.44,8.28,13.75,8.1875,8.4375,9.0625,8.3125,7.25,9.5625,8.25,17.0625,837.0,668.5,499.0,453.5,356.0,296.5,245.0,210.5,174.5,1832.0,1564.5,1240.0,1157.5,922.5,700.0,573.5,497.5,414.5,2.458,2.484,1.781,1.86,1.509,1.054,0.5,0.25,0.073,0.023,0.011,2.309,2.533,1.873,1.974,1.457,1.948,1.269,0.847,0.629,0.517,520.8460067389126,407.6186139695839,123.19140333302978,113.5670749476368,105.86761223932248,98.1681495310081,90.46868682269374,82.76922411437938,76.99462708314361,71.22003005190784,67.37029869775066,1904.24095,11.315,11.25,11.32,11.29,11.235,11.375,11.27,11.275,11.185,11.21,11.215,1770.8075767234318,1789.53865768145,327.18515663418634,341.6981422456972,277.2163960477188,193.62894727256173,91.85433931335945,45.92716965667972,13.410733539750478,4.2252996084145344,2.0207954648939075,-1295.9194688462028,1758.081727529369,8039.480624999999,30.324928319789414,3485.0783119916664,False,True,320.0,0.5116666666666666,0.4883333333333334,3721643.5504886,1817402.6004886,581.568832156352,0.3054071661237786,16.85,19.862714285714286,2.19,0.7447805879371515,1.6310694875823617,70.39337937151545,3559.113173899511,85.25166682143188,4857.513214188145,682.6820271869237,5935.393485973022,-1760.5622989718004,6155.913254476779
2025-06-13,141.63153050108932,3399.156732026144,51.0,2.11,2.36,2.235,4.47,5.02,4.744999999999999,140.0,360.0,0.0,0.4956682844154009,0.0,5710.842001764705,250.0,808.0452017647059,8.857916666666668,17.436401515151516,73.70568181818182,140.0,360,350,235,320,305,290,265.0,260,250,250,18.48,13.78,8.33,8.29,8.25,8.27,8.5,8.53,8.5,8.48,8.34,12.6875,9.6875,8.9375,8.75,12.3125,9.6875,9.1875,6.5625,17.625,624.0,539.0,427.0,356.0,313.0,255.0,203.0,165.0,124.0,0.0,0.0,0.0,0.0,0.0,0.0,0.0,0.0,0.0,1.967,1.889,1.64,0.836,0.564,0.125,0.136,0.098,0.035,0.017,0.009,2.58,2.781,2.808,1.971,1.795,0.907,0.862,0.77,0.436,0.356,450.7364975450082,360.58919803600656,111.10654664484451,101.52839607201312,95.78150572831424,90.03461538461538,80.45646481178396,74.70957446808511,70.87831423895254,67.04705400981997,63.215793780687406,2553.54,12.86,11.02,11.285,11.22,11.38,11.345,11.2,11.395,11.395,11.315,11.43,1419.7168576104748,1363.4189852700492,301.8432078559738,153.86641571194764,103.80461538461536,23.006342062193127,25.030900163666125,18.036972176759413,6.441775777414076,3.1288625204582656,1.656456628477905,1483.3637466632963,1566.0839607201308,9258.14953125,30.00744244564463,4680.638820000001,False,True,360.0,0.51,0.49,5006941.176470588,2453401.176470588,883.2244235294116,0.3458823529411764,18.48,19.83264705882353,2.235,0.7370568181818181,1.6473219886363637,71.97014678030303,4902.796799999999,85.85068188692645,3419.9513911620293,-2290.890610602676,7277.444300310162,-1566.6022985454574,1937.1059823240596
2025-06-14,137.57381736173036,3301.771616681529,51.91666666666666,2.38,2.44,2.41,5.14,4.98,5.0600000000000005,50.0,405.0,0.0,0.4586075208826582,0.0,6139.697839320386,290.0,830.0080663203853,5.450787971069662,10.539840121811952,84.00937190711838,50.0,405,365,325,360,350,345,330.0,310,355,305,,0.0,0.0,0.0,0.0,0.0,0.0,0.0,0.0,0.0,0.0,14.75,11.4375,8.5,9.4,15.75,6.9375,7.375,8.125,12.625,806.0,553.5,468.5,377.5,300.0,253.0,203.5,158.5,102.0,1659.5,1373.5,1014.0,857.5,713.5,660.5,490.0,414.5,310.5,1.927,1.936,1.392,0.868,0.704,0.522,0.221,0.079,0.036,0.017,0.007,2.275,2.252,0.0,0.0,0.0,0.0,0.0,0.0,0.0,0.0,501.3366041542483,408.7821541565409,116.04014168462562,112.10657755972306,108.17301343482052,100.30588518501538,92.43875693521024,86.5384107478564,80.63806456050256,78.67128249805128,72.77093631069744,2546.6138,11.255,11.305,11.515,11.515,11.465,11.37,11.435,11.435,11.2,11.345,11.415,1376.5295520198083,1382.9585950754276,253.5614581136228,158.11159888119585,128.2379788160851,95.08554679260855,40.25652459993581,14.390341372827734,6.557623916731624,3.096655738456601,1.2750935393644829,1849.946747893749,1757.8018272272918,11168.6971875,30.89250615780503,4628.258363683333,False,True,405.0,0.5191666666666667,0.4808333333333333,4905195.120385233,2358581.320385233,955.2254347560194,0.3750963081861958,17.125,19.776969696969697,2.41,0.8400937190711839,2.024625862961553,63.40088503996956,5309.689773000001,86.48128803660701,3460.0609688660647,-2679.636870454321,7897.817610307491,-1758.1197709871049,1610.4321647321285
2025-06-15,139.9756090612743,3359.414617470583,51.54166666666666,2.13,2.27,2.2,4.87,5.03,4.95,225.0,365.0,0.0,0.4265080428098847,0.0,5645.4300295992325,290.0,891.5912950190783,8.738033157498117,18.114498869630747,73.14746797287114,225.0,365,370,340,330,265,265,275.0,255,240,285,15.77,9.09,8.57,8.48,8.63,8.27,8.66,8.88,8.74,8.63,8.14,14.125,9.5,10.6875,11.3125,10.3125,10.4375,10.875,6.9375,15.625,971.0,768.5,592.5,459.0,336.0,255.0,213.0,144.5,116.0,0.0,0.0,0.0,0.0,0.0,0.0,0.0,0.0,0.0,2.111,2.29,2.61,1.632,1.562,1.21,0.833,0.224,0.071,0.032,0.01,2.683,2.95,2.786,2.363,2.361,1.857,1.6,1.179,0.685,0.22,518.8668296360604,404.4109113339883,120.63653789038403,110.9077848347079,103.124782390167,97.28753055676133,91.45027872335564,83.66727627881474,75.88427383427384,73.9385232231386,71.99277261200338,2563.3659,11.0,11.22,11.35,11.345,11.29,11.365,11.365,11.25,11.305,11.44,11.35,1514.4161888008043,1642.8294989833453,477.4607742569281,298.550185282493,285.7447239039547,221.35154668616207,152.3849904046058,40.97747641132257,12.988396541088848,5.85392520161751,1.829351625505472,101.60051535401362,1752.1675013136553,12767.0053125,30.362432630241766,4675.0453670375,False,True,365.0,0.5154166666666666,0.4845833333333333,4973385.739692805,2410019.8396928054,879.657241487874,0.3431649151172191,15.77,19.71890625,2.2,0.7314746797287113,1.609244295403165,72.24410324039187,4753.838734580154,84.20684889646267,4654.387058097827,-991.0429715014052,7399.746369784575,-1754.3163401853426,4554.935381615501
2025-06-16,142.07464531709942,3409.791487610386,51.09090909090909,2.11,2.25,2.18,5.18,4.42,4.8,235.0,300.0,0.0,0.3985583415033115,0.0,5603.725057790036,230.0,663.5114711325623,9.95,18.86692307692308,71.18307692307692,235.0,300,285,265,300,285,285,285.0,290,260,275,19.0,14.84,8.33,8.3,8.34,8.15,8.39,8.48,8.48,8.54,8.34,12.75,10.6875,11.375,11.1875,10.8125,13.0,12.75,15.0625,19.625,1103.0,825.5,649.0,493.0,339.0,274.0,203.0,143.5,117.5,0.0,0.0,0.0,0.0,0.0,0.0,0.0,0.0,0.0,2.08,1.96,1.363,1.146,0.859,0.607,0.509,0.439,0.112,0.033,0.01,2.781,3.004,2.671,2.465,2.099,1.446,0.876,0.734,0.454,0.419,429.3249280254145,497.1130745557432,86.42988682616898,74.90590191601311,71.06457361262783,65.3025811575499,59.54058870247196,55.69926039908667,53.778596247394034,51.857932095701386,44.17527548893081,2568.2605000000003,10.9,10.965,11.4,11.28,11.235,11.37,11.455,11.435,11.48,11.385,11.41,1499.7557827856645,1413.231410701876,250.60702819418245,210.70847711704556,157.93942569244513,111.60562444157648,93.58692395512756,80.71642360766405,20.592800555941626,6.067521592375658,1.8386429067805024,1097.8260695416548,1489.1925990271022,11313.64875,29.913852612577948,4703.652366636365,False,True,300.0,0.510909090909091,0.489090909090909,5026844.395017793,2458583.895017793,737.5751685053378,0.287188612099644,19.0,19.65822580645161,2.18,0.7118307692307693,1.5517910769230767,74.22932692307693,4940.213586657474,88.159457070254,3846.65006155068,-1757.074996239356,7097.180201251999,-1493.4551434619634,2753.086536443886
2025-06-17,136.46843680555554,3275.242483333333,51.25,2.01,1.93,1.97,4.57,4.26,4.415,210.0,435.0,0.0,0.3748544167858214,0.0,4885.706972474999,220.0,736.9799298749999,8.083821138211382,13.907073170731708,78.0091056910569,210.0,435,390,435,360,375,355,375.0,365,380,355,19.37,12.25,8.34,8.44,8.43,8.14,8.48,8.54,8.62,8.64,8.48,12.0625,10.3125,10.375,10.5625,10.25,9.5625,10.75,18.3125,21.8125,1122.0,843.5,538.0,343.0,295.5,210.0,170.0,158.5,145.0,2181.0,1940.0,1167.0,891.5,645.5,493.0,401.0,384.5,344.0,1.262,1.723,1.204,0.935,0.811,0.73,0.292,0.189,0.098,0.029,0.015,1.455,2.503,2.275,2.076,1.858,1.538,1.395,0.949,0.639,0.36,605.3315105946684,438.8653451811346,98.4042036910458,73.32077922077922,67.5322966507177,59.81431989063568,54.02583732057417,48.23735475051264,44.37836637047163,59.81431989063568,67.5322966507177,2478.25935,10.835,10.765,11.015,11.115,11.035,11.03,11.205,11.085,11.145,11.105,11.14,908.3294600136704,1240.136021872864,220.97885167464116,171.60733082706767,148.8487115516063,133.98219412166782,53.59287764866712,34.68854066985646,17.986650717703352,5.32258031442242,2.7530587833219413,1213.3872602897382,1617.256630211893,13305.740625,31.142732337848432,4532.116786312499,False,True,435.0,0.5125,0.4875,4835628.0,2357368.6500000004,1025.4553627500002,0.4137804878048781,19.37,19.6035,1.97,0.7800910569105691,1.536779382113821,68.79669715447154,4148.7270426,84.91559289112132,2938.226278195489,-1947.4806942795108,6505.850098572121,-1620.143126097122,1727.7255137909783
2025-06-18,135.82288019822005,3259.749124757281,51.5,1.67,1.88,1.775,4.21,4.98,4.595000000000001,565.0,240.0,0.0,0.353763020163593,0.0,4412.045873874756,190.0,689.0429828118932,9.443025958930647,15.853808601317322,74.70316543975203,565.0,240,230,205,180,195,185,190.0,180,190,180,18.94,13.11,8.37,8.4,8.44,8.09,8.38,8.54,8.56,8.61,8.28,14.1875,12.0625,9.75,9.625,14.25,12.625,12.375,16.5,21.5625,1397.0,825.5,478.0,379.5,282.5,228.0,182.5,145.0,117.5,0.0,0.0,0.0,0.0,0.0,0.0,0.0,0.0,0.0,1.977,2.287,1.434,1.239,1.027,0.733,0.379,0.169,0.074,0.017,0.008,2.729,2.951,2.473,2.369,2.075,1.519,1.313,0.97,0.874,0.455,503.0035626198959,449.6546999177857,106.88825705672788,103.00141134557413,91.34087421211292,83.56718278980543,75.79349136749795,64.13295423403673,56.35926281172924,50.52899424499863,44.69872567826802,2484.34155,10.9,10.795,10.92,10.975,10.835,10.78,10.985,11.0,10.835,11.05,11.015,1418.953959989038,1641.450534392984,262.452652781584,226.76348451630585,187.96295286379828,134.15466840230198,69.36510139764319,30.930612496574405,13.543581803233762,3.1113633872293778,1.4641710057550013,-263.2784735061773,1628.9694162784326,11491.861875,31.29075155671523,4532.681157974999,True,False,565.0,0.515,0.485,4823964.174757281,2339622.624757281,1321.886782987864,0.5320873786407768,18.94,19.555344827586207,1.775,0.7470316543975203,1.3259811865555984,71.71241282448663,3723.002891062863,84.38268770295535,3990.1530830364472,-421.8927908383084,6044.887008620596,-1632.8411347458405,4257.303275010032
2025-06-19,141.17746905615297,2541.1944430107533,51.66666666666666,1.98,1.96,1.97,4.39,4.37,4.38,440.0,360.0,2.332988832074958,0.437311584948963,4.54,3835.4436051096777,170.0,546.7009011096775,7.228036688150719,21.819652949925636,70.95231036192365,440.0,360,305,300,260,265,240,240.0,225,235,205,19.0,12.44,8.38,8.4,8.41,8.01,8.33,8.45,8.51,8.54,8.38,12.875,9.5,10.9375,10.125,10.8125,11.5,15.0625,16.75,25.75,963.5,816.5,650.0,397.0,307.5,229.0,185.5,130.0,110.5,1930.5,1710.5,1407.5,885.5,699.5,506.0,426.0,316.0,265.5,2.129,2.121,1.238,0.917,0.576,0.335,0.156,0.04,0.003,0.001,0.001,2.273,2.358,2.214,2.043,1.649,1.402,1.293,0.924,0.708,0.337,39.05489478499542,34.46020128087831,99.58998170173832,91.77900274473924,89.82625800548948,83.96802378774017,78.10978956999085,72.25155535224154,68.34606587374199,64.44057639524245,60.535086916742905,1946.0016,10.73,10.76,11.05,11.09,11.11,11.12,11.155,11.15,11.055,11.085,11.065,1525.166514181153,1519.4354986276303,226.1530375114364,167.51400274473926,105.22144556267156,61.19650045745655,28.497474839890213,7.30704483074108,0.548028362305581,0.182676120768527,0.182676120768527,-352.40357356555546,782.3614364135407,9391.03640625,30.10395375702318,3544.9662480000006,True,False,440.0,0.5166666666666666,0.4833333333333334,3766454.70967742,1820453.10967742,800.9993682580647,0.4116129032258065,19.0,19.485892857142854,1.97,0.7095231036192365,1.397760514129896,72.67232895389192,3288.742704,85.74608422396437,3641.404899359562,-194.0387057501157,4618.063663317224,-782.6200582075467,3994.067094719124
2025-06-20,139.86198350267674,3356.687604064241,51.79166666666666,1.94,1.93,1.935,4.18,4.12,4.15,365.0,350.0,0.8799404586544275,0.4607682111265826,2.27,4996.560671504425,380.0,550.1455251327434,5.629024390243902,18.078048780487805,78.7929268292683,365.0,350,305,325,305,315,355,345.0,325,355,340,20.21,13.71,8.29,8.28,8.31,8.0,8.34,8.32,8.39,8.41,8.32,14.8125,11.875,10.125,11.3125,10.25,12.0,14.5625,13.4375,24.125,857.5,579.0,411.5,313.0,219.0,171.5,126.0,108.0,81.0,0.0,0.0,0.0,0.0,0.0,0.0,0.0,0.0,0.0,1.62,1.56,1.597,1.479,1.083,0.863,0.347,0.148,0.055,0.019,0.009,2.613,2.431,2.079,2.002,1.7254999999999998,1.5175,1.2945,1.118,0.9885,0.8135000000000001,445.74824246032654,514.916073186929,80.34996336073645,74.47069774897525,64.67192172937325,56.83290091369164,48.99388009801004,43.11461448624883,41.15485928232843,39.19510407840804,33.31583846664683,2579.7200000000003,10.85,10.915,11.145,11.16,10.92,11.105,11.07,11.24,10.955,11.09,11.205,1158.8811284893177,1115.9596052119352,291.3191088644119,269.7939649408048,197.55704126497065,157.42541700061832,63.298516453319294,26.99763814147336,10.032906066088074,3.4659130046486077,1.6417482653598665,1154.16470980216,1442.764095811675,8954.731406249999,30.38709943591399,4693.908028333334,True,False,365.0,0.5179166666666667,0.4820833333333333,4980955.75221239,2401235.75221239,876.4510495575223,0.3397465808527756,20.21,19.413148148148142,1.935,0.7687114812611541,1.4874567162403332,67.88786436644854,4446.415146371682,88.98951576290779,3296.372987702948,-1700.1876838014769,6443.4473184495255,-1446.8866469451004,2146.3308290342147
2025-06-21,136.2982114886154,3271.1570757267696,51.91666666666666,1.83,1.99,1.91,4.24,4.566,4.4030000000000005,250.0,310.0,0.0,0.4380639085323183,0.0,4822.437360280256,220.0,547.1186823736757,8.00625382262997,16.949724770642202,77.54402140672782,250.0,310,280,275,265,285,270,300.0,270,255,245,,0.0,0.0,0.0,0.0,0.0,0.0,0.0,0.0,0.0,0.0,13.0625,9.3125,10.75,11.8125,12.4375,14.375,10.375,18.5,23.9375,919.5,588.0,344.5,303.0,225.5,177.5,124.0,93.5,82.5,2104.0,1591.0,880.0,815.0,530.0,456.0,340.0,238.0,208.0,1.328,1.86,2.12,1.068,0.88,0.828,0.319,0.233,0.104,0.03,0.013,1.789,2.267,2.217,1.75,1.42,1.265,1.096,0.843,0.567,0.429,485.9108624879637,401.0692833233986,84.57162868540512,80.63806456050256,68.83737218579486,64.9038080608923,62.93702599844102,60.97024393598974,57.036679811087176,53.103115686184616,49.16955156128205,2523.0012,10.935,11.09,11.265,11.7,11.66,11.615,11.93,11.84,11.65,11.864999999999998,11.88,948.6410197624836,1328.6688981613097,386.17118620752905,194.54284286303823,160.2974735201064,150.82535008482736,58.10783415103857,42.44239923884636,18.94424687055803,5.464686597276354,2.3680308588197536,980.407328486468,1469.1476362969418,9538.95234375,31.181627063059373,4585.3444309,False,True,310.0,0.5191666666666667,0.4808333333333333,4859713.386837881,2336712.1868378813,724.3807779197432,0.2871107544141252,19.965,19.33673076923077,1.91,0.7565270381144178,1.444966642798538,70.09892220481838,4275.31867790658,88.65472702911624,3296.4739683158336,-1525.9633919644216,6293.14761547292,-1470.7102551926637,2317.629258725088
2025-06-22,144.10453396077,3458.50881505848,50.66666666666666,1.76,1.81,1.785,4.38,4.59,4.484999999999999,420.0,420.0,0.0,0.4171023845463458,0.0,4599.409176759869,240.0,662.4273292598687,7.3063414634146335,18.964878048780488,73.72878048780488,420.0,420,375,365,345,340,335,345.0,350,350,305,19.72,12.45,8.3,8.33,8.38,8.02,8.34,8.45,8.48,8.5,8.22,13.6875,10.75,9.8125,10.125,11.1875,13.3125,13.5,12.375,21.1875,1084.5,628.5,353.0,313.5,236.0,169.0,130.5,87.0,68.0,0.0,0.0,0.0,0.0,0.0,0.0,0.0,0.0,0.0,1.38,1.56,1.698,1.435,1.068,0.763,0.357,0.149,0.077,0.02,0.008,1.78,2.17,1.924,1.838,1.678,1.453,1.237,0.966,0.908,0.761,386.8890500362582,297.6069615663525,92.96497461928934,85.37599709934734,83.47875271936185,81.58150833937636,73.99253081943436,66.40355329949237,58.8145757795504,51.22559825960841,45.53386511965192,2573.1907500000007,11.79,11.555,11.52,11.695,11.39,11.54,11.845,11.66,11.555,11.62,11.36,999.7244379985498,1130.1232777374912,313.67440899202325,265.08997461928936,197.29344452501817,140.95027918781727,65.94921319796956,27.52502175489485,14.224340101522843,3.694633792603336,1.4778535170413345,778.1485560514967,1323.867367657723,8151.433593749998,29.492479404964385,4731.240059000001,False,True,420.0,0.5066666666666666,0.4933333333333334,5078665.95394737,2505475.203947369,1052.2995856578952,0.4089473684210527,19.72,19.2622,1.785,0.7372878048780487,1.316058731707317,70.98597560975608,3936.9818475000006,85.5975560381317,3159.726885424221,-1439.6822913356482,5924.17013839331,-1324.7609616334405,2382.4719233484416
2025-06-23,138.65535614680945,3327.728547523426,51.875,1.99,2.18,2.085,4.57,4.796,4.683,595.0,525.0,1.560321036053168,0.4691215727570698,4.0,5347.4321313253,370.0,580.3717594879517,7.182165413533835,17.15462781954887,75.6632067669173,595.0,525,540,485,510,525,470,450.0,475,460,430,20.17,13.12,8.43,8.24,8.39,7.91,8.39,8.35,8.44,8.36,8.22,13.0,9.8125,11.875,11.375,13.75,11.5,13.3125,11.875,17.625,789.0,666.0,449.5,267.5,151.5,115.5,97.5,83.5,62.0,0.0,0.0,0.0,0.0,0.0,0.0,0.0,0.0,0.0,1.62,1.58,1.204,0.796,0.602,0.482,0.386,0.097,0.04,0.015,0.003,2.153,2.361,2.103,1.809,1.565,1.334,1.138,0.919,0.581,0.388,423.7023031969749,346.6655207975249,88.39970780336887,80.54195599862496,78.577518047439,72.68420419388107,68.75532829150912,64.82645238913717,60.89757648676522,56.96870058439327,49.11094877964937,2563.575,11.615,11.495,11.68,11.715,11.495,11.415,11.62,11.61,11.54,11.695,11.715,1157.7793056033,1129.1921622550703,219.42061876933653,145.06545892059128,109.71030938466826,87.8411447232726,70.34581299415606,17.6775747679615,7.2897215537985565,2.7336455826744586,0.5467291165348918,1820.9035485518805,1391.1302165692678,9897.8090625,30.651538592566624,4660.899796875,True,False,595.0,0.51875,0.4812499999999999,4941831.325301205,2378256.325301205,1415.0625135542168,0.5519879518072289,20.17,19.189791666666668,2.085,0.7566320676691729,1.5775778610902256,69.69934915413533,4767.060371837349,89.14672042141257,2947.602483671365,-2399.829647653936,6740.008008280465,-1392.5758769551649,1128.1445955053814
2025-06-24,143.2121557580461,3437.0917381931063,50.458333333333336,1.97,2.046,2.008,4.36,4.631,4.4955,660.0,590.0,0.0,0.4488700396042553,0.0,5106.520226901156,400.0,561.7015457011561,6.92330553449583,12.879230477634572,80.19746398786958,660.0,590,515,625,545,460,535,510.0,480,455,450,,0.0,0.0,0.0,0.0,0.0,0.0,0.0,0.0,0.0,0.0,14.4375,12.125,10.5,11.125,15.75,14.25,17.25,11.25,18.75,1008.0,650.5,499.0,253.0,151.0,134.5,107.5,83.0,66.0,1801.0,1363.0,1090.0,636.0,367.5,323.0,258.0,213.0,160.0,1.79,1.77,1.158,0.765,0.572,0.473,0.378,0.094,0.045,0.018,0.004,2.37,1.995,1.7,1.475,1.348,1.128,0.96,0.78,0.612,0.395,354.97613823988416,303.2087847465677,77.31824011037479,73.54661864157602,71.66080790717663,69.77499717277725,66.00337570397848,62.23175423517971,58.46013276638094,52.80270056318279,47.14526835998463,2541.8449,11.545,11.47,11.575,11.57,11.415,11.345,11.515,11.565,11.46,11.575,11.6,1299.7165991902832,1285.1946260149728,214.4096729468708,141.64369585868408,105.90875036753894,87.57838972700335,69.98864971840861,17.40458485060955,8.331982109334357,3.332792843733743,0.7406206319408318,1310.8416130377682,1237.128818447063,10422.591093749998,29.676251834238744,4682.607856820834,True,False,660.0,0.5045833333333334,0.4954166666666666,5037512.601156069,2495667.701156069,1647.1406827630055,0.6480099091659784,20.17,19.106739130434782,2.008,0.801974639878696,1.6103650768764215,66.70365096664139,4544.8186812,89.00030704388261,3234.25036425938,-1872.269862641776,6343.922341445367,-1237.4021145442111,1923.6820473187604
