pattern_id,block_name,haul_cycle_rec_ident,load_rec_ident,loading_unit_ident,load_desc,hauling_unit_ident,haul_desc,DrillPattern,bucket_tonnes,actual_tonnes,digging_time,dig_duration,total_time,spotting_time,loading_time,other_time,bucket_easting,bucket_northing,bucket_elevation,turnout,report_tonnes,calc_duration,date,start_time,end_time,tph,loader_type,truck_payload_t,bucket_nominal_t,passes,base_cycle_s,calc_total_time_s,digging_time_s,swing_time_s,loading_time_s,spotting_time_s,tph_recalc,digability
A185-001-25,A1850825_200_CN_2,6217525,4217525,EX012,EX3600BH,DT005,CAT 793,A-185-08-25,44.5,190.36,91.50014,91.50014,278.129967,42.999483,82.619414,0,363597.19,6591911.91,198.69,RIGHT,190.4,493,27/10/2025,19:00:27,19:08:40,2202.699499,EX3600,225,22.0,10.0,32,278.129967,91.50014,61.01093,82.619414,42.999483,2463.97668,6902.964542
A185-001-25,A1850825_200_CN_2,6217526,4217526,EX012,EX3600BH,DT036,CAT 793,A-185-08-25,31.71,165.25,106.592576,106.592576,304.884115,39.614872,87.108876,0,363595.34,6591907.22,199.7,STRAIGHT,165.3,421,27/10/2025,19:08:40,19:15:41,1739.251677,EX3600,225,22.0,10.0,32,304.884115,106.592576,71.567791,87.108876,39.614872,1951.269689,5033.816142
A185-001-25,A1850825_200_CN_2,6217527,4217527,EX012,EX3600BH,DT045,CAT 793,A-185-08-25,38.5,160.72,92.272757,92.272757,295.192036,41.52804,98.882096,0,363598.38,6591906.54,198.82,STRAIGHT,160.7,490,27/10/2025,19:15:41,19:23:51,1760.10647,EX3600,225,22.0,10.0,32,295.192036,92.272757,62.509143,98.882096,41.52804,1960.011914,5221.455828
A185-001-25,A1850825_200_CN_2,6217528,4217528,EX012,EX3600BH,DT018,CAT 793,A-185-08-25,40.7,168.34,99.804808,99.804808,293.351236,51.763598,72.675673,0,363599.49,6591912.73,199.51,STRAIGHT,168.3,648,27/10/2025,19:23:51,19:34:39,1785.751054,EX3600,225,22.0,10.0,32,293.351236,99.804808,69.107157,72.675673,51.763598,2065.837017,5763.224517
A185-001-25,A1850825_200_CN_2,6217529,4217529,EX012,EX3600BH,DT022,CAT 793,A-185-08-25,51.97,175.18,91.368748,91.368748,288.058862,45.428703,90.949127,0,363598.64,6591907.79,199.51,STRAIGHT,175.2,486,27/10/2025,19:34:39,19:42:45,1847.076262,EX3600,225,22.0,10.0,32,288.058862,91.368748,60.312284,90.949127,45.428703,2189.337399,5976.662706
A185-001-25,A1850825_200_CN_2,6217530,4217530,EX012,EX3600BH,DT019,CAT 793,A-185-08-25,36.84,166.71,120.766679,120.766679,314.959084,44.779517,84.932172,0,363594.37,6591909.28,199.66,STRAIGHT,166.7,492,27/10/2025,19:42:45,19:50:57,1499.173762,EX3600,225,22.0,10.0,32,314.959084,120.766679,64.480716,84.932172,44.779517,1905.490719,5266.919453
A185-001-25,A1850825_200_CN_2,6217531,4217531,EX012,EX3600BH,DT020,CAT 793,A-185-08-25,51.13,180.42,108.035604,108.035604,292.285885,46.057377,81.860419,0,363599.12,6591909.51,199.41,LEFT,180.4,422,27/10/2025,19:50:57,19:57:59,1782.776996,EX3600,225,22.0,10.0,32,292.285885,108.035604,56.332485,81.860419,46.057377,2222.234911,6266.70245
A185-001-25,A1850825_200_CN_2,6217532,4217532,EX012,EX3600BH,DT043,CAT 793,A-185-08-25,44.35,183.41,95.980926,95.980926,294.471777,37.91575,97.255483,0,363595.64,6591909.01,198.43,RIGHT,183.4,494,27/10/2025,19:57:59,20:06:13,1816.87538,EX3600,225,22.0,10.0,32,294.471777,95.980926,63.319617,97.255483,37.91575,2242.190206,6120.601369
A185-001-25,A1850825_200_CN_2,6217533,4217533,EX012,EX3600BH,DT044,CAT 793,A-185-08-25,38.31,168.95,104.847588,104.847588,300.610637,32.57362,98.83619,0,363601.33,6591904.94,199.38,LEFT,168.9,427,27/10/2025,20:06:13,20:13:20,1780.652204,EX3600,225,22.0,10.0,32,300.610637,104.847588,64.353239,98.83619,32.57362,2023.279461,5539.739088
A185-001-25,A1850825_200_CN_2,6217534,4217534,EX012,EX3600BH,DT006,CAT 793,A-185-08-25,40.12,164.51,96.668285,96.668285,298.553409,53.047688,86.613486,0,363597.97,6591905.4,198.86,STRAIGHT,164.5,433,27/10/2025,20:13:20,20:20:33,1621.132539,EX3600,225,22.0,10.0,32,298.553409,96.668285,62.223949,86.613486,53.047688,1983.658172,5357.476699
A185-001-25,A1850825_200_CN_2,6217535,4217535,EX012,EX3600BH,DT005,CAT 793,A-185-08-25,36.15,156.84,111.037115,111.037115,289.591336,44.136159,83.561753,0,363595.56,6591910.13,198.58,STRAIGHT,156.8,464,27/10/2025,20:20:33,20:28:17,1680.44929,EX3600,225,22.0,10.0,32,289.591336,111.037115,50.856309,83.561753,44.136159,1949.7868,5498.398777
A185-001-25,A1850825_200_CN_2,6217536,4217536,EX012,EX3600BH,DT037,CAT 793,A-185-08-25,40.88,157.03,111.189053,111.189053,295.522189,41.066119,86.564866,0,363595.29,6591910.67,199.89,STRAIGHT,157.0,410,27/10/2025,20:28:17,20:35:07,1632.941013,EX3600,225,22.0,10.0,32,295.522189,111.189053,56.70215,86.564866,41.066119,1912.966982,5189.813725
A185-001-25,A1850825_200_CN_2,6217537,4217537,EX012,EX3600BH,DT011,CAT 793,A-185-08-25,37.13,169.24,110.392992,110.392992,316.555272,45.857106,97.109901,0,363604.52,6591908.86,198.14,LEFT,169.2,463,27/10/2025,20:35:07,20:42:50,1488.226131,EX3600,225,22.0,10.0,32,316.555272,110.392992,63.195273,97.109901,45.857106,1924.668358,4936.06707
A185-001-25,A1850825_200_CN_2,6217538,4217538,EX012,EX3600BH,DT027,CAT 793,A-185-08-25,34.19,164.65,117.825035,117.825035,318.139025,50.210551,91.654812,0,363605.56,6591910.68,198.39,STRAIGHT,164.7,528,27/10/2025,20:42:50,20:51:38,1395.210019,EX3600,225,22.0,10.0,32,318.139025,117.825035,58.448627,91.654812,50.210551,1863.181299,4935.0726
A185-001-25,A1850825_200_CN_2,6217539,4217539,EX012,EX3600BH,DT011,CAT 793,A-185-08-25,40.84,169.75,95.85668,95.85668,284.522974,36.048244,90.024851,0,363605.28,6591909.71,199.03,STRAIGHT,169.8,509,27/10/2025,20:51:38,21:00:07,1850.215991,EX3600,225,22.0,10.0,32,284.522974,95.85668,62.593199,90.024851,36.048244,2147.838776,5781.405461
A185-001-25,A1850825_200_CN_2,6217540,4217540,EX012,EX3600BH,DT015,CAT 793,A-185-08-25,41.99,170.7,100.565846,100.565846,279.973397,41.861041,76.150619,0,363605.04,6591908.74,199.67,LEFT,170.7,448,27/10/2025,21:00:07,21:07:35,2005.296962,EX3600,225,22.0,10.0,32,279.973397,100.565846,61.39589,76.150619,41.861041,2194.968547,5789.990855
A185-001-25,A1850825_200_CN_2,6217541,4217541,EX012,EX3600BH,DT037,CAT 793,A-185-08-25,39.93,164.62,96.198805,96.198805,300.366308,44.35819,98.690548,0,363605.38,6591911.51,198.3,RIGHT,164.6,502,27/10/2025,21:07:35,21:15:57,1590.799339,EX3600,225,22.0,10.0,32,300.366308,96.198805,61.118765,98.690548,44.35819,1973.020862,5281.30408
A185-001-25,A1850825_200_CN_2,6217542,4217542,EX012,EX3600BH,DT084,HIT EH5000,A-185-08-25,51.78,162.32,101.401496,101.401496,294.342504,40.235188,98.660511,0,363605.3,6591909.61,199.14,STRAIGHT,162.3,505,27/10/2025,21:15:57,21:24:22,1551.814004,EX3600,250,22.0,10.0,32,294.342504,101.401496,54.045309,98.660511,40.235188,1985.27965,5344.25197
A185-001-25,A1850825_200_CN_2,6217543,4217543,EX012,EX3600BH,DT039,CAT 793,A-185-08-25,49.46,163.5,103.95207,103.95207,289.853744,42.985382,86.319261,0,363605.22,6591909.3,199.34,LEFT,163.5,677,27/10/2025,21:24:22,21:35:39,1765.763753,EX3600,225,22.0,10.0,32,289.853744,103.95207,56.597031,86.319261,42.985382,2030.622906,5662.790127
A185-001-25,A1850825_200_CN_2,6217544,4217544,EX012,EX3600BH,DT068,HIT EH5000,A-185-08-25,38.05,155.93,107.682879,107.682879,298.841463,49.174841,81.584981,0,363610.28,6591911.81,199.65,STRAIGHT,155.9,475,27/10/2025,21:35:39,21:43:34,1530.102691,EX3600,250,22.0,10.0,32,298.841463,107.682879,60.398762,81.584981,49.174841,1878.461556,5135.047657
A185-001-25,A1850825_200_CN_2,6217545,4217545,EX012,EX3600BH,DT024,CAT 793,A-185-08-25,48.96,154.54,97.075815,97.075815,299.462211,52.838249,83.100338,0,363607.92,6591912.17,199.79,STRAIGHT,154.5,475,27/10/2025,21:43:34,21:51:29,1577.355357,EX3600,225,22.0,10.0,32,299.462211,97.075815,66.447808,83.100338,52.838249,1857.809139,5177.861608
A185-001-25,A1850825_200_CN_2,6217546,4217546,EX012,EX3600BH,DT039,CAT 793,A-185-08-25,34.69,163.12,111.686288,111.686288,302.008435,47.171423,84.780871,0,363606.37,6591909.47,198.58,STRAIGHT,163.1,414,27/10/2025,21:51:29,21:58:23,1519.687134,EX3600,225,22.0,10.0,32,302.008435,111.686288,58.369853,84.780871,47.171423,1944.401963,5201.192973
A185-001-25,A1850825_200_CN_2,6217547,4217547,EX012,EX3600BH,DT007,CAT 793,A-185-08-25,35.38,158.09,103.025902,103.025902,289.472952,39.652961,83.474851,0,363605.65,6591911.72,198.13,RIGHT,158.1,403,27/10/2025,21:58:23,22:05:06,1633.221071,EX3600,225,22.0,10.0,32,289.472952,103.025902,63.319237,83.474851,39.652961,1966.03394,5129.695069
A185-001-25,A1850825_200_CN_2,6217548,4217548,EX012,EX3600BH,DT043,CAT 793,A-185-08-25,45.38,144.52,108.461346,108.461346,304.365646,51.006497,85.984966,0,363604.06,6591914.53,198.73,RIGHT,144.5,458,27/10/2025,22:05:06,22:12:44,1397.094055,EX3600,225,22.0,10.0,32,304.365646,108.461346,58.912837,85.984966,51.006497,1709.376722,4465.975751
A185-001-25,A1850825_200_CN_2,6217549,4217549,EX012,EX3600BH,DT021,CAT 793,A-185-08-25,42.67,151.46,121.726511,121.726511,325.683655,46.147157,96.125441,0,363610.73,6591910.93,198.44,LEFT,151.5,399,27/10/2025,22:12:44,22:19:23,1380.666152,EX3600,225,22.0,10.0,32,325.683655,121.726511,61.684547,96.125441,46.147157,1674.141458,4441.577017
A185-001-25,A1850825_200_CN_2,6217550,4217550,EX012,EX3600BH,DT015,CAT 793,A-185-08-25,31.53,151.13,113.726832,113.726832,305.391922,42.507691,91.921438,0,363612.29,6591911.46,198.12,LEFT,151.1,457,27/10/2025,22:19:23,22:27:00,1412.042977,EX3600,225,22.0,10.0,32,305.391922,113.726832,57.235961,91.921438,42.507691,1781.499529,4555.431846
A185-001-25,A1850825_200_CN_2,6217551,4217551,EX012,EX3600BH,DT039,CAT 793,A-185-08-25,28.49,170.95,119.804995,119.804995,336.417949,44.54906,109.273354,0,363613.42,6591913.6,198.46,STRAIGHT,170.9,517,27/10/2025,22:27:00,22:35:37,1432.639175,EX3600,225,22.0,10.0,32,336.417949,119.804995,62.79054,109.273354,44.54906,1829.285783,4932.534239
A185-001-25,A1850825_200_CN_2,6217552,4217552,EX012,EX3600BH,DT022,CAT 793,A-185-08-25,42.39,170.5,125.139014,125.139014,310.367243,41.062779,86.044279,0,363615.66,6591911.78,198.99,RIGHT,170.5,462,27/10/2025,22:35:37,22:43:19,1637.302415,EX3600,225,22.0,10.0,32,310.367243,125.139014,58.121171,86.044279,41.062779,1977.669617,5203.244948
A185-001-25,A1850825_200_CN_2,6217553,4217553,EX012,EX3600BH,DT012,CAT 793,A-185-08-25,33.47,165.71,112.316891,112.316891,300.394655,40.659877,95.708963,0,363614.29,6591911.86,198.47,LEFT,165.7,441,27/10/2025,22:43:19,22:50:40,1604.832218,EX3600,225,22.0,10.0,32,300.394655,112.316891,51.708925,95.708963,40.659877,1985.856156,5267.570953
A185-001-25,A1850825_200_CN_2,6217554,4217554,EX012,EX3600BH,DT031,CAT 793,A-185-08-25,53.96,167.25,117.532942,117.532942,312.358883,47.293075,87.756554,0,363615.76,6591912.55,198.95,STRAIGHT,167.3,461,27/10/2025,22:50:40,22:58:21,1705.632848,EX3600,225,22.0,10.0,32,312.358883,117.532942,59.776313,87.756554,47.293075,1927.594832,5027.429193
A185-001-25,A1850825_200_CN_2,6217555,4217555,EX012,EX3600BH,DT018,CAT 793,A-185-08-25,36.13,169.21,128.057047,128.057047,315.006915,39.976083,85.641646,0,363616.82,6591911.58,199.86,STRAIGHT,169.2,443,27/10/2025,22:58:21,23:05:44,1687.763092,EX3600,225,22.0,10.0,32,315.006915,128.057047,61.33214,85.641646,39.976083,1933.766914,4911.914148
A185-001-25,A1850825_200_CN_2,6217556,4217556,EX012,EX3600BH,DT026,CAT 793,A-185-08-25,37.9,184.29,117.967551,117.967551,316.444347,40.926559,89.695343,0,363610.46,6591909.45,198.49,RIGHT,184.3,420,27/10/2025,23:05:44,23:12:44,1799.562908,EX3600,225,22.0,10.0,32,316.444347,117.967551,67.854894,89.695343,40.926559,2096.574829,5257.523352
A185-001-25,A1850825_200_CN_2,6217557,4217557,EX012,EX3600BH,DT064,HIT EH5000,A-185-08-25,38.15,185.57,138.573855,138.573855,335.621019,48.633608,89.836315,0,363613.46,6591910.88,199.52,RIGHT,185.6,509,27/10/2025,23:12:44,23:21:13,1733.935729,EX3600,250,22.0,10.0,32,335.621019,138.573855,58.577241,89.836315,48.633608,1990.460253,5235.302272
A185-001-25,A1850825_200_CN_2,6217558,4217558,EX012,EX3600BH,DT006,CAT 793,A-185-08-25,57.31,171.92,127.092664,127.092664,330.900751,50.083381,82.611507,0,363614.9,6591913.39,198.64,STRAIGHT,171.9,438,27/10/2025,23:21:13,23:28:31,1635.478789,EX3600,225,22.0,10.0,32,330.900751,127.092664,71.113199,82.611507,50.083381,1870.344864,5052.534205
A185-001-25,A1850825_200_CN_2,6217559,4217559,EX012,EX3600BH,DT012,CAT 793,A-185-08-25,44.98,152.65,125.526965,125.526965,298.03764,36.052984,87.006031,0,363610.96,6591912.93,199.23,RIGHT,152.7,462,27/10/2025,23:28:31,23:36:13,1520.265583,EX3600,225,22.0,10.0,32,298.03764,125.526965,49.45166,87.006031,36.052984,1843.906426,4983.87778
A185-001-25,A1850825_200_CN_2,6217560,4217560,EX012,EX3600BH,DT087,HIT EH5000,A-185-08-25,38.86,163.01,117.703146,117.703146,323.211818,47.82281,95.557822,0,363610.19,6591917.03,198.86,LEFT,163.0,499,27/10/2025,23:36:13,23:44:32,1420.964846,EX3600,250,22.0,10.0,32,323.211818,117.703146,62.12804,95.557822,47.82281,1815.672048,4675.068001
A185-001-25,A1850825_200_CN_2,6217561,4217561,EX012,EX3600BH,DT003,CAT 793,A-185-08-25,36.53,148.22,121.258775,121.258775,315.240546,41.500846,88.416313,0,363623.14,6591915.28,198.71,LEFT,148.2,439,27/10/2025,23:44:32,23:51:51,1461.080509,EX3600,225,22.0,10.0,32,315.240546,121.258775,64.064612,88.416313,41.500846,1692.64969,4422.70568
A185-001-25,A1850825_200_CN_2,6217562,4217562,EX012,EX3600BH,DT068,HIT EH5000,A-185-08-25,44.77,158.07,102.794885,102.794885,299.089102,50.527248,87.809232,0,363621.99,6591913.7,199.99,RIGHT,158.1,415,27/10/2025,23:51:51,23:58:46,1549.576424,EX3600,250,22.0,10.0,32,299.089102,102.794885,57.957737,87.809232,50.527248,1902.596069,5025.611289
A185-001-25,A1850825_200_CN_2,6217563,4217563,EX012,EX3600BH,DT001,CAT 793,A-185-08-25,29.32,153.29,125.522102,125.522102,311.639365,38.974549,79.20393,0,363620.7,6591910.75,198.92,STRAIGHT,153.3,463,27/10/2025,23:58:46,00:06:29,1573.932805,EX3600,225,22.0,10.0,32,311.639365,125.522102,67.938785,79.20393,38.974549,1770.821625,4782.775101
A185-001-25,A1850825_200_CN_2,6217564,4217564,EX012,EX3600BH,DT020,CAT 793,A-185-08-25,37.93,167.25,121.428645,121.428645,307.110537,47.862444,84.79795,0,363625.4,6591911.94,199.01,STRAIGHT,167.2,548,28/10/2025,00:06:29,00:15:37,1638.81145,EX3600,225,22.0,10.0,32,307.110537,121.428645,53.021499,84.79795,47.862444,1960.491151,5368.823733
A185-001-25,A1850825_200_CN_2,6217565,4217565,EX012,EX3600BH,DT028,CAT 793,A-185-08-25,65.05,195.15,131.385139,131.385139,340.858824,44.108586,96.379847,0,363623.78,6591912.34,198.69,STRAIGHT,195.1,540,28/10/2025,00:15:37,00:24:37,1606.232384,EX3600,225,22.0,10.0,32,340.858824,131.385139,68.985252,96.379847,44.108586,2061.082596,5618.447191
A185-001-25,A1850825_200_CN_2,6217566,4217566,EX012,EX3600BH,DT054,HIT EH5000,A-185-08-25,35.27,163.54,120.308897,120.308897,312.017169,46.837572,85.471813,0,363624.99,6591911.59,199.23,LEFT,163.5,374,28/10/2025,00:24:37,00:30:51,1613.909109,EX3600,250,22.0,10.0,32,312.017169,120.308897,59.398887,85.471813,46.837572,1886.841482,4820.612318
A185-001-25,A1850825_200_CN_2,6217567,4217567,EX012,EX3600BH,DT026,CAT 793,A-185-08-25,40.31,164.99,103.146854,103.146854,296.575703,42.191881,85.440287,0,363621.76,6591910.77,198.37,STRAIGHT,165.0,463,28/10/2025,00:30:51,00:38:34,1916.003649,EX3600,225,22.0,10.0,32,296.575703,103.146854,65.796681,85.440287,42.191881,2002.743955,5552.561164
A185-001-25,A1850825_200_CN_2,6217568,4217568,EX012,EX3600BH,DT026,CAT 793,A-185-08-25,27.65,159.99,112.352369,112.352369,298.81158,39.722712,86.276678,0,363621.62,6591910.36,199.65,STRAIGHT,160.0,385,28/10/2025,00:38:34,00:44:59,1625.956971,EX3600,225,22.0,10.0,32,298.81158,112.352369,60.459821,86.276678,39.722712,1927.535111,5177.888633
A185-001-25,A1850825_200_CN_2,6217569,4217569,EX012,EX3600BH,DT045,CAT 793,A-185-08-25,35.12,163.15,126.992957,126.992957,319.495417,48.563549,78.310304,0,363623.23,6591912.26,199.6,RIGHT,163.2,398,28/10/2025,00:44:59,00:51:37,1594.331898,EX3600,225,22.0,10.0,32,319.495417,126.992957,65.628607,78.310304,48.563549,1838.373419,5058.869014
A185-001-25,A1850825_200_CN_2,6217570,4217570,EX012,EX3600BH,DT040,CAT 793,A-185-08-25,34.47,152.62,109.977226,109.977226,288.057453,41.563809,78.141877,0,363617.38,6591912.92,198.63,LEFT,152.6,353,28/10/2025,00:51:37,00:57:30,1634.706936,EX3600,225,22.0,10.0,32,288.057453,109.977226,58.374542,78.141877,41.563809,1907.364877,5237.681742
A185-001-25,A1850825_200_CN_2,6217571,4217571,EX012,EX3600BH,DT016,CAT 793,A-185-08-25,43.46,158.77,96.619488,96.619488,297.611605,50.957795,93.997111,0,363623.47,6591909.32,199.82,STRAIGHT,158.8,529,28/10/2025,00:57:30,01:06:19,1699.198118,EX3600,225,22.0,10.0,32,297.611605,96.619488,56.037212,93.997111,50.957795,1920.580476,4883.355822
A185-001-25,A1850825_200_CN_2,6217572,4217572,EX012,EX3600BH,DT002,CAT 793,A-185-08-25,45.19,155.77,121.279827,121.279827,305.185254,47.197712,72.496979,0,363626.07,6591910.19,198.85,RIGHT,155.8,441,28/10/2025,01:06:19,01:13:40,1530.741206,EX3600,225,22.0,10.0,32,305.185254,121.279827,64.210737,72.496979,47.197712,1837.515621,4870.901566
A185-001-25,A1850825_200_CN_2,6217573,4217573,EX012,EX3600BH,DT036,CAT 793,A-185-08-25,41.14,161.64,120.880923,120.880923,306.453945,48.807513,78.033685,0,363623.56,6591910.4,198.91,RIGHT,161.6,479,28/10/2025,01:13:40,01:21:39,1544.575046,EX3600,225,22.0,10.0,32,306.453945,120.880923,58.731825,78.033685,48.807513,1898.860146,4984.335157
A185-001-25,A1850825_200_CN_3,6217574,4217574,EX012,EX3600BH,DT028,CAT 793,A-185-08-25,52.43,157.28,128.661244,128.661244,337.536182,44.399779,104.120106,0,363627.92,6591912.41,198.47,RIGHT,157.3,426,28/10/2025,01:21:39,01:28:45,1390.618095,EX3600,225,22.0,10.0,32,337.536182,128.661244,60.355052,104.120106,44.399779,1677.455961,4710.136539
A185-001-25,A1850825_200_CN_3,6217575,4217575,EX012,EX3600BH,DT033,CAT 793,A-185-08-25,39.34,164.66,109.948687,109.948687,299.627239,41.403641,82.868937,0,363629.36,6591916.18,198.53,STRAIGHT,164.7,421,28/10/2025,01:28:45,01:35:46,1708.165936,EX3600,225,22.0,10.0,32,299.627239,109.948687,65.405974,82.868937,41.403641,1978.414822,5367.295661
A185-001-25,A1850825_200_CN_3,6217576,4217576,EX012,EX3600BH,DT017,CAT 793,A-185-08-25,27.8,152.65,99.11742,99.11742,302.709327,45.311259,86.51043,0,363627.46,6591914.37,199.03,RIGHT,152.6,413,28/10/2025,01:35:46,01:42:39,1585.295041,EX3600,225,22.0,10.0,32,302.709327,99.11742,71.770218,86.51043,45.311259,1815.372622,4873.46082
A185-001-25,A1850825_200_CN_3,6217577,4217577,EX012,EX3600BH,DT021,CAT 793,A-185-08-25,36.78,148.79,125.701367,125.701367,330.893139,47.435863,94.858278,0,363628.48,6591912.82,198.52,RIGHT,148.8,484,28/10/2025,01:42:39,01:50:43,1334.117162,EX3600,225,22.0,10.0,32,330.893139,125.701367,62.897631,94.858278,47.435863,1618.817438,4282.778075
A185-001-25,A1850825_200_CN_3,6217578,4217578,EX012,EX3600BH,DT028,CAT 793,A-185-08-25,29.05,159.48,108.265612,108.265612,331.484308,51.955944,98.431042,0,363628.69,6591912.82,199.17,LEFT,159.5,503,28/10/2025,01:50:43,01:59:06,1454.861834,EX3600,225,22.0,10.0,32,331.484308,108.265612,72.83171,98.431042,51.955944,1731.963138,4802.066946
A185-001-25,A1850825_200_CN_3,6217579,4217579,EX012,EX3600BH,DT084,HIT EH5000,A-185-08-25,37.39,165.36,103.254041,103.254041,304.327153,47.02266,84.865393,0,363628.18,6591914.6,198.54,STRAIGHT,165.4,437,28/10/2025,01:59:06,02:06:23,1595.733765,EX3600,250,22.0,10.0,32,304.327153,103.254041,69.185059,84.865393,47.02266,1956.103851,5189.215941
A185-001-25,A1850825_200_CN_3,6217580,4217580,EX012,EX3600BH,DT011,CAT 793,A-185-08-25,58.08,174.23,118.78288,118.78288,313.710636,50.138576,89.351444,0,363633.07,6591913.95,198.26,STRAIGHT,174.2,484,28/10/2025,02:06:23,02:14:27,1908.782022,EX3600,225,22.0,10.0,32,313.710636,118.78288,55.437736,89.351444,50.138576,1999.352231,5134.652733
A185-001-25,A1850825_200_CN_3,6217581,4217581,EX012,EX3600BH,DT030,CAT 793,A-185-08-25,43.78,173.34,117.658276,117.658276,320.735772,45.895358,91.875357,0,363628.07,6591912.66,198.68,STRAIGHT,173.3,724,28/10/2025,02:14:27,02:26:31,1581.891878,EX3600,225,22.0,10.0,32,320.735772,117.658276,65.306782,91.875357,45.895358,1945.624158,5131.412378
A185-001-25,A1850825_200_CN_3,6217582,4217582,EX012,EX3600BH,DT043,CAT 793,A-185-08-25,51.1,192.11,121.442925,121.442925,316.085772,51.441789,84.872642,0,363631.99,6591909.97,199.72,LEFT,192.1,492,28/10/2025,02:26:31,02:34:43,1814.511101,EX3600,225,22.0,10.0,32,316.085772,121.442925,58.328416,84.872642,51.441789,2187.983008,5877.998963
A185-001-25,A1850825_200_CN_3,6217583,4217583,EX012,EX3600BH,DT025,CAT 793,A-185-08-25,48.08,188.4,117.77537,117.77537,318.336969,45.125694,83.265751,0,363629.54,6591914.47,199.77,STRAIGHT,188.4,485,28/10/2025,02:34:43,02:42:48,1902.05163,EX3600,225,22.0,10.0,32,318.336969,117.77537,72.170153,83.265751,45.125694,2130.534317,5861.92465
A185-001-25,A1850825_200_CN_3,6217584,4217584,EX012,EX3600BH,DT014,CAT 793,A-185-08-25,46.05,180.9,120.410529,120.410529,300.015964,34.98692,85.211807,0,363626.84,6591914.93,198.73,RIGHT,180.9,420,28/10/2025,02:42:48,02:49:48,1775.641843,EX3600,225,22.0,10.0,32,300.015964,120.410529,59.406709,85.211807,34.98692,2170.712516,5953.510489
A185-001-25,A1850825_200_CN_3,6217585,4217585,EX012,EX3600BH,DT035,CAT 793,A-185-08-25,46.98,176.47,117.529573,117.529573,312.131851,41.69149,87.045465,0,363628.87,6591914.03,198.83,LEFT,176.5,458,28/10/2025,02:49:48,02:57:26,1749.217463,EX3600,225,22.0,10.0,32,312.131851,117.529573,65.865322,87.045465,41.69149,2035.386052,5390.426319
A185-001-25,A1850825_200_CN_3,6217586,4217586,EX012,EX3600BH,DT046,CAT 793,A-185-08-25,51.26,154.04,114.503336,114.503336,320.876457,44.865373,99.783658,0,363639.58,6591915.59,199.06,STRAIGHT,154.0,443,28/10/2025,02:57:26,03:04:49,1411.01497,EX3600,225,22.0,10.0,32,320.876457,114.503336,61.72409,99.783658,44.865373,1728.226107,4412.372623
A185-001-25,A1850825_200_CN_3,6217587,4217587,EX012,EX3600BH,DT011,CAT 793,A-185-08-25,35.58,154.34,122.197041,122.197041,304.176991,45.391267,72.819414,0,363639.3,6591914.72,200.05,RIGHT,154.3,533,28/10/2025,03:04:49,03:13:42,1472.597268,EX3600,225,22.0,10.0,32,304.176991,122.197041,63.769269,72.819414,45.391267,1826.689684,4845.078891
A185-001-25,A1850825_200_CN_3,6217588,4217588,EX012,EX3600BH,DT058,HIT EH5000,A-185-08-25,36.47,157.33,103.067226,103.067226,283.837561,46.139487,82.829766,0,363635.85,6591919.48,198.33,LEFT,157.3,435,28/10/2025,03:13:42,03:20:57,1749.595219,EX3600,250,22.0,10.0,32,283.837561,103.067226,51.801082,82.829766,46.139487,1995.522668,5280.707729
A185-001-25,A1850825_200_CN_3,6217589,4217589,EX012,EX3600BH,DT035,CAT 793,A-185-08-25,39.58,171.24,126.662587,126.662587,335.482697,42.068482,93.314969,0,363639.77,6591920.64,199.4,STRAIGHT,171.2,470,28/10/2025,03:20:57,03:28:47,1619.267861,EX3600,225,22.0,10.0,32,335.482697,126.662587,73.436659,93.314969,42.068482,1837.595912,4861.603113
A185-001-25,A1850825_200_CN_3,6217590,4217590,EX012,EX3600BH,DT018,CAT 793,A-185-08-25,40.71,167.21,123.932976,123.932976,327.876645,46.803369,90.619791,0,363638.98,6591913.23,200.13,RIGHT,167.2,459,28/10/2025,03:28:47,03:36:26,1539.716942,EX3600,225,22.0,10.0,32,327.876645,123.932976,66.52051,90.619791,46.803369,1835.965482,4805.79767
A185-001-25,A1850825_200_CN_3,6217591,4217591,EX012,EX3600BH,DT007,CAT 793,A-185-08-25,43.08,175.2,138.735591,138.735591,333.30796,49.275159,87.283521,0,363638.26,6591918.29,199.64,RIGHT,175.2,482,28/10/2025,03:36:26,03:44:28,1581.135909,EX3600,225,22.0,10.0,32,333.30796,138.735591,58.013689,87.283521,49.275159,1892.301648,5019.346493
A185-001-25,A1850825_200_CN_3,6217592,4217592,EX012,EX3600BH,DT026,CAT 793,A-185-08-25,53.79,181.55,119.775195,119.775195,313.103489,39.230626,89.629253,0,363640.94,6591916.99,199.54,STRAIGHT,181.5,538,28/10/2025,03:44:28,03:53:26,1711.299457,EX3600,225,22.0,10.0,32,313.103489,119.775195,64.468415,89.629253,39.230626,2087.390763,5468.154503
A185-001-25,A1850825_200_CN_3,6217593,4217593,EX012,EX3600BH,DT037,CAT 793,A-185-08-25,56.29,168.87,131.394864,131.394864,322.788961,42.641012,83.464438,0,363637.0,6591922.12,199.59,RIGHT,168.9,478,28/10/2025,03:53:26,04:01:24,1611.463609,EX3600,225,22.0,10.0,32,322.788961,131.394864,65.288647,83.464438,42.641012,1883.352848,4667.684137
A185-001-25,A1850825_200_CN_3,6217594,4217594,EX012,EX3600BH,DT014,CAT 793,A-185-08-25,36.92,163.17,118.784293,118.784293,317.410309,41.759209,92.340773,0,363636.1,6591914.18,199.72,RIGHT,163.2,441,28/10/2025,04:01:24,04:08:45,1572.230083,EX3600,225,22.0,10.0,32,317.410309,118.784293,64.526034,92.340773,41.759209,1850.658549,4801.510568
A185-001-25,A1850825_200_CN_3,6217595,4217595,EX012,EX3600BH,DT037,CAT 793,A-185-08-25,33.98,148.42,104.73993,104.73993,279.502498,44.535514,80.164061,0,363637.92,6591915.17,199.1,RIGHT,148.4,535,28/10/2025,04:08:45,04:17:40,1439.906837,EX3600,225,22.0,10.0,32,279.502498,104.73993,50.062992,80.164061,44.535514,1911.637063,5286.358413
A185-001-25,A1850825_200_CN_3,6217596,4217596,EX012,EX3600BH,DT030,CAT 793,A-185-08-25,41.86,162.84,119.353219,119.353219,307.645237,37.161949,91.900136,0,363636.06,6591916.95,198.28,LEFT,162.8,463,28/10/2025,04:17:40,04:25:23,1642.265727,EX3600,225,22.0,10.0,32,307.645237,119.353219,59.229933,91.900136,37.161949,1905.476855,5091.97655
A185-001-25,A1850825_200_CN_3,6217597,4217597,EX012,EX3600BH,DT030,CAT 793,A-185-08-25,40.47,162.62,108.987993,108.987993,296.123467,39.716591,88.969525,0,363634.53,6591917.61,199.6,RIGHT,162.6,436,28/10/2025,04:25:23,04:32:39,1749.21631,EX3600,225,22.0,10.0,32,296.123467,108.987993,58.449358,88.969525,39.716591,1977.011361,5132.304624
A185-001-25,A1850825_200_CN_3,6217598,4217598,EX012,EX3600BH,DT032,CAT 793,A-185-08-25,41.86,157.12,116.791038,116.791038,322.190173,50.475974,90.174219,0,363636.51,6591917.55,198.78,RIGHT,157.1,449,28/10/2025,04:32:39,04:40:08,1443.583683,EX3600,225,22.0,10.0,32,322.190173,116.791038,64.748941,90.174219,50.475974,1755.590591,4482.36058
A185-001-25,A1850825_200_CN_3,6217599,4217599,EX012,EX3600BH,DT057,HIT EH5000,A-185-08-25,42.76,174.75,125.11552,125.11552,320.457163,40.254168,92.321309,0,363648.65,6591912.0,199.57,LEFT,174.8,480,28/10/2025,04:40:08,04:48:08,1617.432755,EX3600,250,22.0,10.0,32,320.457163,125.11552,62.766166,92.321309,40.254168,1963.187527,5148.555548
A185-001-25,A1850825_200_CN_3,6217600,4217600,EX012,EX3600BH,DT039,CAT 793,A-185-08-25,37.43,164.86,121.889598,121.889598,310.506553,37.731265,84.161271,0,363648.9,6591915.82,199.45,STRAIGHT,164.9,436,28/10/2025,04:48:08,04:55:24,1575.156903,EX3600,225,22.0,10.0,32,310.506553,121.889598,66.724419,84.161271,37.731265,1911.344113,5278.747302
A185-001-25,A1850825_200_CN_3,6217601,4217601,EX012,EX3600BH,DT061,HIT EH5000,A-185-08-25,35.02,158.57,94.90391,94.90391,285.208243,38.72034,83.589431,0,363644.31,6591915.05,198.12,STRAIGHT,158.6,400,28/10/2025,04:55:24,05:02:04,1603.63011,EX3600,250,22.0,10.0,32,285.208243,94.90391,67.994562,83.589431,38.72034,2001.492656,5518.29311
A185-001-25,A1850825_200_CN_3,6217602,4217602,EX012,EX3600BH,DT030,CAT 793,A-185-08-25,42.75,161.63,109.043223,109.043223,292.810597,41.345633,85.16625,0,363643.03,6591919.96,199.3,LEFT,161.6,546,28/10/2025,05:02:04,05:11:10,1662.403019,EX3600,225,22.0,10.0,32,292.810597,109.043223,57.255491,85.16625,41.345633,1987.224762,5188.371231
A185-001-25,A1850825_200_CN_3,6217603,4217603,EX012,EX3600BH,DT057,HIT EH5000,A-185-08-25,42.4,165.55,131.259632,131.259632,348.162263,43.832963,98.135532,0,363647.63,6591921.16,198.23,RIGHT,165.6,565,28/10/2025,05:11:10,05:20:35,1515.110224,EX3600,250,22.0,10.0,32,348.162263,131.259632,74.934136,98.135532,43.832963,1711.828408,4539.077494
A185-001-25,A1850825_200_CN_3,6217604,4217604,EX012,EX3600BH,DT008,CAT 793,A-185-08-25,37.12,156.45,126.834536,126.834536,316.16081,38.886481,90.279402,0,363644.4,6591914.96,198.6,LEFT,156.5,448,28/10/2025,05:20:35,05:28:03,1452.814032,EX3600,225,22.0,10.0,32,316.16081,126.834536,60.160391,90.279402,38.886481,1781.452735,4843.597634
A185-001-25,A1850825_200_CN_3,6217605,4217605,EX012,EX3600BH,DT074,HIT EH5000,A-185-08-25,30.46,160.14,102.214373,102.214373,264.052425,40.112369,77.121604,0,363645.36,6591918.65,198.22,LEFT,160.1,390,28/10/2025,05:28:03,05:34:33,1897.610746,EX3600,250,22.0,10.0,32,264.052425,102.214373,44.604079,77.121604,40.112369,2183.32019,5535.851334
A185-001-25,A1850825_200_CN_3,6217606,4217606,EX012,EX3600BH,DT026,CAT 793,A-185-08-25,44.99,161.79,107.438384,107.438384,303.279214,46.599834,84.962168,0,363643.81,6591916.87,199.53,RIGHT,161.8,431,28/10/2025,05:34:33,05:41:44,1598.590363,EX3600,225,22.0,10.0,32,303.279214,107.438384,64.278829,84.962168,46.599834,1920.431286,4800.361769
A185-001-25,A1850825_200_CN_3,6217607,4217607,EX012,EX3600BH,DT002,CAT 793,A-185-08-25,38.49,157.12,99.734338,99.734338,289.54638,52.586117,85.871882,0,363646.45,6591920.79,199.07,STRAIGHT,157.1,476,28/10/2025,05:41:44,05:49:40,1605.921734,EX3600,225,22.0,10.0,32,289.54638,99.734338,51.354043,85.871882,52.586117,1953.459467,5146.181029
A185-001-25,A1850825_200_CN_3,6217608,4217608,EX012,EX3600BH,DT009,CAT 793,A-185-08-25,47.96,160.64,112.320166,112.320166,309.889806,44.855713,92.977468,0,363645.82,6591915.98,199.44,LEFT,160.6,436,28/10/2025,05:49:40,05:56:56,1623.964449,EX3600,225,22.0,10.0,32,309.889806,112.320166,59.736459,92.977468,44.855713,1866.204329,4902.571344
A185-001-25,A1850825_200_CN_3,6217609,4217609,EX012,EX3600BH,DT040,CAT 793,A-185-08-25,32.21,165.72,98.349467,98.349467,272.370133,38.536959,80.991938,0,363644.21,6591915.21,199.1,LEFT,165.7,458,28/10/2025,05:56:56,06:04:34,1747.214144,EX3600,225,22.0,10.0,32,272.370133,98.349467,54.491768,80.991938,38.536959,2190.432218,5561.902965
A185-001-25,A1850825_200_CN_3,6217610,4217610,EX012,EX3600BH,DT010,CAT 793,A-185-08-25,42.85,175.12,119.926685,119.926685,323.054351,42.399537,93.488877,0,363645.19,6591915.11,199.71,STRAIGHT,175.1,459,28/10/2025,06:04:34,06:12:13,1608.073746,EX3600,225,22.0,10.0,32,323.054351,119.926685,67.239251,93.488877,42.399537,1951.423678,5378.610012
A185-001-25,A1850825_200_CN_3,6217611,4217611,EX012,EX3600BH,DT006,CAT 793,A-185-08-25,53.97,161.91,108.976207,108.976207,284.988541,36.118251,84.650295,0,363648.12,6591917.22,198.59,STRAIGHT,161.9,424,28/10/2025,06:12:13,06:19:17,1715.833878,EX3600,225,22.0,10.0,32,284.988541,108.976207,55.243788,84.650295,36.118251,2045.270302,5652.22747
A185-001-25,A1850825_200_CN_3,6217612,4217612,EX012,EX3600BH,DT064,HIT EH5000,A-185-08-25,42.51,152.23,115.818664,115.818664,317.827902,45.496657,103.020068,0,363645.15,6591930.07,198.9,RIGHT,152.2,412,28/10/2025,06:19:17,06:26:09,1443.295879,EX3600,250,22.0,10.0,32,317.827902,115.818664,53.492513,103.020068,45.496657,1724.289216,4475.826399
A185-001-25,A1850825_200_CN_3,6217613,4217613,EX012,EX3600BH,DT038,CAT 793,A-185-08-25,35.86,156.19,101.927986,101.927986,284.102585,40.638719,67.928844,0,363646.65,6591929.16,198.49,STRAIGHT,156.2,424,28/10/2025,06:26:09,06:33:13,1683.302747,EX3600,225,22.0,10.0,32,284.102585,101.927986,73.607037,67.928844,40.638719,1979.130991,5311.912645
A185-001-25,A1850825_200_CN_3,6217614,4217614,EX012,EX3600BH,DT049,HIT EH5000,A-185-08-25,52.65,170.35,118.7525,118.7525,304.051941,50.452362,79.325368,0,363645.96,6591930.32,198.33,STRAIGHT,170.3,446,28/10/2025,06:33:13,06:40:39,1733.381291,EX3600,250,22.0,10.0,32,304.051941,118.7525,55.521711,79.325368,50.452362,2016.928549,5146.12642
A185-001-25,A1850825_200_CN_3,6217615,4217615,EX012,EX3600BH,DT032,CAT 793,A-185-08-25,41.36,174.95,100.748235,100.748235,316.49302,46.456443,100.92684,0,363645.61,6591930.29,199.22,RIGHT,174.9,471,28/10/2025,06:40:39,06:48:30,1744.982321,EX3600,225,22.0,10.0,32,316.49302,100.748235,68.361502,100.92684,46.456443,1989.987447,5507.82462
A185-001-25,A1850825_200_CN_3,6217616,4217616,EX012,EX3600BH,DT077,HIT EH5000,A-185-08-25,41.96,167.38,102.325849,102.325849,307.046475,46.610827,92.501694,0,363643.28,6591926.6,198.33,RIGHT,167.4,470,28/10/2025,06:48:30,06:56:20,1771.83597,EX3600,250,22.0,10.0,32,307.046475,102.325849,65.608105,92.501694,46.610827,1962.467312,5432.292913
A185-001-25,A1850825_200_CN_3,6217617,4217617,EX012,EX3600BH,DT019,CAT 793,A-185-08-25,39.06,165.75,116.494774,116.494774,312.721373,48.535206,81.253838,0,363645.94,6591925.44,199.05,RIGHT,165.8,477,28/10/2025,06:56:20,07:04:17,1578.024571,EX3600,225,22.0,10.0,32,312.721373,116.494774,66.437555,81.253838,48.535206,1908.120492,5233.950057
A185-001-25,A1850825_200_CN_3,6217618,4217618,EX012,EX3600BH,DT055,HIT EH5000,A-185-08-25,50.55,169.96,104.335218,104.335218,292.702762,39.451265,92.940657,0,363644.56,6591926.12,198.66,LEFT,170.0,520,28/10/2025,07:04:17,07:12:57,1570.895786,EX3600,250,22.0,10.0,32,292.702762,104.335218,55.975621,92.940657,39.451265,2090.374284,5305.173897
A185-001-25,A1850825_200_CN_3,6217619,4217619,EX012,EX3600BH,DT015,CAT 793,A-185-08-25,32.27,160.71,103.914585,103.914585,296.721497,55.435803,80.203084,0,363645.17,6591932.28,198.52,STRAIGHT,160.7,397,28/10/2025,07:12:57,07:19:34,1603.684034,EX3600,225,22.0,10.0,32,296.721497,103.914585,57.168026,80.203084,55.435803,1949.813094,5164.827317
A185-001-25,A1850825_200_CN_3,6217620,4217620,EX012,EX3600BH,DT008,CAT 793,A-185-08-25,48.99,164.98,106.995052,106.995052,290.537644,49.629603,74.091293,0,363646.79,6591927.81,198.16,STRAIGHT,165.0,417,28/10/2025,07:19:34,07:26:31,1773.949707,EX3600,225,22.0,10.0,32,290.537644,106.995052,59.821696,74.091293,49.629603,2044.287863,5453.87378
A185-001-25,A1850825_200_CN_3,6217621,4217621,EX012,EX3600BH,DT017,CAT 793,A-185-08-25,35.28,162.27,105.87024,105.87024,311.013839,51.694708,93.052458,0,363648.42,6591928.55,199.7,STRAIGHT,162.3,436,28/10/2025,07:26:31,07:33:47,1719.078304,EX3600,225,22.0,10.0,32,311.013839,105.87024,60.396434,93.052458,51.694708,1878.300336,5098.566411
A185-001-25,A1850825_200_CN_3,6217622,4217622,EX012,EX3600BH,DT011,CAT 793,A-185-08-25,37.65,158.72,99.981443,99.981443,303.797644,52.202026,93.008018,0,363645.11,6591929.91,199.22,STRAIGHT,158.7,464,28/10/2025,07:33:47,07:41:31,1526.080448,EX3600,225,22.0,10.0,32,303.797644,99.981443,58.606157,93.008018,52.202026,1880.857968,5192.399817
A185-001-25,A1850825_200_CN_3,6217623,4217623,EX012,EX3600BH,DT020,CAT 793,A-185-08-25,31.83,158.87,104.153245,104.153245,284.047021,35.911641,82.01437,0,363644.45,6591928.29,198.51,STRAIGHT,158.9,478,28/10/2025,07:41:31,07:49:29,1627.792888,EX3600,225,22.0,10.0,32,284.047021,104.153245,61.967765,82.01437,35.911641,2013.482626,5302.530283
A185-001-25,A1850825_200_CN_3,6217624,4217624,EX012,EX3600BH,DT001,CAT 793,A-185-08-25,46.18,148.1,101.998264,101.998264,298.494472,45.420888,94.067312,0,363652.36,6591912.14,198.85,RIGHT,148.1,481,28/10/2025,07:49:29,07:57:30,1531.234357,EX3600,225,22.0,10.0,32,298.494472,101.998264,57.008008,94.067312,45.420888,1786.175258,4832.011536
A185-001-25,A1850825_200_CN_3,6217625,4217625,EX012,EX3600BH,DT015,CAT 793,A-185-08-25,51.12,160.39,89.415596,89.415596,278.834499,43.66415,92.202237,0,363652.37,6591917.53,198.93,RIGHT,160.4,421,28/10/2025,07:57:30,08:04:31,1730.171857,EX3600,225,22.0,10.0,32,278.834499,89.415596,53.552516,92.202237,43.66415,2070.771979,5820.986906
A185-001-25,A1850825_200_CN_3,6217626,4217626,EX012,EX3600BH,DT019,CAT 793,A-185-08-25,42.63,156.62,116.289212,116.289212,307.070276,47.327483,76.671061,0,363653.96,6591915.21,198.38,LEFT,156.6,370,28/10/2025,08:04:31,08:10:41,1596.566758,EX3600,225,22.0,10.0,32,307.070276,116.289212,66.782521,76.671061,47.327483,1836.109879,4971.197415
A185-001-25,A1850825_200_CN_3,6217627,4217627,EX012,EX3600BH,DT027,CAT 793,A-185-08-25,33.45,159.93,105.349366,105.349366,312.295277,52.399438,95.121277,0,363652.64,6591918.79,198.81,STRAIGHT,159.9,447,28/10/2025,08:10:41,08:18:08,1529.635207,EX3600,225,22.0,10.0,32,312.295277,105.349366,59.425196,95.121277,52.399438,1843.548987,4998.299095
A185-001-25,A1850825_200_CN_3,6217628,4217628,EX012,EX3600BH,DT045,CAT 793,A-185-08-25,30.83,158.61,123.246131,123.246131,313.084736,33.540209,90.276683,0,363652.85,6591920.61,199.28,RIGHT,158.6,494,28/10/2025,08:18:08,08:26:22,1531.742796,EX3600,225,22.0,10.0,32,313.084736,123.246131,66.021713,90.276683,33.540209,1823.725983,4910.418138
A185-001-25,A1850825_200_CN_3,6217629,4217629,EX012,EX3600BH,DT016,CAT 793,A-185-08-25,43.93,175.72,118.457697,118.457697,317.518962,46.321265,90.304894,0,363650.26,6591919.61,198.28,LEFT,175.7,537,28/10/2025,08:26:22,08:35:19,1681.532171,EX3600,225,22.0,10.0,32,317.518962,118.457697,62.435106,90.304894,46.321265,1992.295727,5285.868969
A185-001-25,A1850825_200_CN_3,6217630,4217630,EX012,EX3600BH,DT024,CAT 793,A-185-08-25,34.98,163.33,113.379681,113.379681,295.925319,36.549857,87.54399,0,363652.0,6591920.53,199.14,RIGHT,163.3,396,28/10/2025,08:35:19,08:41:55,1643.464812,EX3600,225,22.0,10.0,32,295.925319,113.379681,58.451791,87.54399,36.549857,1986.927595,5414.218178
A185-001-25,A1850825_200_CN_3,6217631,4217631,EX012,EX3600BH,DT009,CAT 793,A-185-08-25,36.53,154.65,115.853805,115.853805,306.853412,52.296295,85.590405,0,363648.42,6591921.37,199.17,STRAIGHT,154.6,438,28/10/2025,08:41:55,08:49:13,1538.622062,EX3600,225,22.0,10.0,32,306.853412,115.853805,53.112907,85.590405,52.296295,1814.312704,4868.072979
A185-001-25,A1850825_200_CN_3,6217632,4217632,EX012,EX3600BH,DT041,CAT 793,A-185-08-25,37.89,154.63,119.817323,119.817323,311.56922,42.484707,89.104365,0,363655.14,6591920.32,198.65,RIGHT,154.6,420,28/10/2025,08:49:13,08:56:13,1479.353637,EX3600,225,22.0,10.0,32,311.56922,119.817323,60.162825,89.104365,42.484707,1786.693887,4833.515653
A185-001-25,A1850825_200_CN_3,6217633,4217633,EX012,EX3600BH,DT012,CAT 793,A-185-08-25,35.43,166.98,121.546114,121.546114,294.720268,44.074407,80.917261,0,363652.73,6591920.23,198.31,STRAIGHT,167.0,528,28/10/2025,08:56:13,09:05:01,1694.519446,EX3600,225,22.0,10.0,32,294.720268,121.546114,48.182487,80.917261,44.074407,2039.600302,5330.204987
A185-001-25,A1850825_200_CN_3,6217634,4217634,EX012,EX3600BH,DT019,CAT 793,A-185-08-25,32.61,151.65,106.450042,106.450042,287.971233,47.867089,76.27556,0,363652.81,6591918.57,199.23,LEFT,151.7,482,28/10/2025,09:05:01,09:13:03,1574.599037,EX3600,225,22.0,10.0,32,287.971233,106.450042,57.378542,76.27556,47.867089,1895.875849,5103.022464
A185-001-25,A1850825_200_CN_3,6217635,4217635,EX012,EX3600BH,DT066,HIT EH5000,A-185-08-25,36.55,154.62,108.893433,108.893433,297.67753,38.586858,84.257831,0,363655.62,6591917.34,199.4,STRAIGHT,154.6,446,28/10/2025,09:13:03,09:20:29,1466.966127,EX3600,250,22.0,10.0,32,297.67753,108.893433,65.939408,84.257831,38.586858,1869.967176,5188.463364
A185-001-25,A1850825_200_CN_3,6217636,4217636,EX012,EX3600BH,DT089,HIT EH5000,A-185-08-25,34.43,140.63,94.889565,94.889565,305.513803,44.059447,100.532578,0,363651.96,6591918.15,199.7,STRAIGHT,140.6,473,28/10/2025,09:20:29,09:28:22,1390.185352,EX3600,250,22.0,10.0,32,305.513803,94.889565,66.032212,100.532578,44.059447,1657.118367,4601.099963
A185-001-25,A1850825_200_CN_3,6217637,4217637,EX012,EX3600BH,DT003,CAT 793,A-185-08-25,32.49,167.32,111.5797,111.5797,312.92848,51.686998,90.724661,0,363662.12,6591920.62,198.97,RIGHT,167.3,549,28/10/2025,09:28:22,09:37:31,1730.429624,EX3600,225,22.0,10.0,32,312.92848,111.5797,58.937122,90.724661,51.686998,1924.924303,5071.884883
A185-001-25,A1850825_200_CN_3,6217638,4217638,EX012,EX3600BH,DT068,HIT EH5000,A-185-08-25,37.92,168.01,108.839867,108.839867,313.310775,45.671606,86.213851,0,363661.59,6591917.32,198.53,STRAIGHT,168.0,797,28/10/2025,09:37:31,09:50:48,1544.467157,EX3600,250,22.0,10.0,32,313.310775,108.839867,72.585451,86.213851,45.671606,1930.483554,5316.233793
A185-001-25,A1850825_200_CN_3,6217639,4217639,EX012,EX3600BH,DT066,HIT EH5000,A-185-08-25,33.41,175.87,106.463127,106.463127,281.825884,42.304782,74.519451,0,363659.41,6591922.13,199.93,LEFT,175.9,450,28/10/2025,09:50:48,09:58:18,1923.167365,EX3600,250,22.0,10.0,32,281.825884,106.463127,58.538525,74.519451,42.304782,2246.574578,5992.445671
A185-001-25,A1850825_200_CN_3,6217640,4217640,EX012,EX3600BH,DT042,CAT 793,A-185-08-25,44.9,199.55,110.768212,110.768212,308.023818,48.63923,93.222426,0,363662.74,6591920.7,199.51,LEFT,199.6,428,28/10/2025,09:58:18,10:05:26,1973.509603,EX3600,225,22.0,10.0,32,308.023818,110.768212,55.39395,93.222426,48.63923,2332.270142,6347.067074
A185-001-25,A1850825_200_CN_3,6217641,4217641,EX012,EX3600BH,DT075,HIT EH5000,A-185-08-25,36.64,167.57,104.482929,104.482929,306.337781,48.683623,87.330037,0,363659.28,6591919.87,198.86,RIGHT,167.6,498,28/10/2025,10:05:26,10:13:44,1611.093973,EX3600,250,22.0,10.0,32,306.337781,104.482929,65.841191,87.330037,48.683623,1969.264345,5225.874849
A185-001-25,A1850825_200_CN_3,6217642,4217642,EX012,EX3600BH,DT012,CAT 793,A-185-08-25,42.71,166.65,104.013348,104.013348,278.882017,44.770673,76.308431,0,363660.58,6591920.19,198.56,LEFT,166.6,483,28/10/2025,10:13:44,10:21:47,1772.972764,EX3600,225,22.0,10.0,32,278.882017,104.013348,53.789565,76.308431,44.770673,2151.194072,5756.983048
A185-001-25,A1850825_200_CN_3,6217643,4217643,EX012,EX3600BH,DT001,CAT 793,A-185-08-25,36.77,150.79,114.815383,114.815383,300.128396,46.309946,85.640656,0,363663.96,6591918.81,199.19,STRAIGHT,150.8,495,28/10/2025,10:21:47,10:30:02,1555.221379,EX3600,225,22.0,10.0,32,300.128396,114.815383,53.36241,85.640656,46.309946,1808.668772,4819.19669
A185-001-25,A1850825_200_CN_3,6217644,4217644,EX012,EX3600BH,DT038,CAT 793,A-185-08-25,44.99,161.05,101.247277,101.247277,289.517348,39.898869,94.277994,0,363661.64,6591919.02,198.42,LEFT,161.1,401,28/10/2025,10:30:02,10:36:43,1782.054086,EX3600,225,22.0,10.0,32,289.517348,101.247277,54.093208,94.277994,39.898869,2002.631406,5396.628729
A185-001-25,A1850825_200_CN_3,6217645,4217645,EX012,EX3600BH,DT026,CAT 793,A-185-08-25,31.08,163.0,121.450177,121.450177,305.964814,39.663809,87.86904,0,363659.41,6591919.04,198.15,RIGHT,163.0,420,28/10/2025,10:36:43,10:43:43,1616.663807,EX3600,225,22.0,10.0,32,305.964814,121.450177,56.981788,87.86904,39.663809,1917.922436,5271.502305
A185-001-25,A1850825_200_CN_3,6217646,4217646,EX012,EX3600BH,DT022,CAT 793,A-185-08-25,42.46,173.04,125.39569,125.39569,323.228346,37.675261,91.333589,0,363664.51,6591919.56,199.89,LEFT,173.0,423,28/10/2025,10:43:43,10:50:46,1609.736311,EX3600,225,22.0,10.0,32,323.228346,125.39569,68.823805,91.333589,37.675261,1927.243674,5366.695644
A185-001-25,A1850825_200_CN_3,6217647,4217647,EX012,EX3600BH,DT002,CAT 793,A-185-08-25,41.19,173.58,117.534031,117.534031,320.792849,45.199796,88.680675,0,363657.06,6591923.23,199.16,STRAIGHT,173.6,474,28/10/2025,10:50:46,10:58:40,1669.989072,EX3600,225,22.0,10.0,32,320.792849,117.534031,69.378348,88.680675,45.199796,1947.960829,5037.026526
A185-001-25,A1850825_200_CN_3,6217648,4217648,EX012,EX3600BH,DT017,CAT 793,A-185-08-25,43.48,161.48,113.665612,113.665612,307.810087,44.431566,97.828125,0,363661.97,6591918.78,198.13,RIGHT,161.5,509,28/10/2025,10:58:40,11:07:09,1622.65375,EX3600,225,22.0,10.0,32,307.810087,113.665612,51.884785,97.828125,44.431566,1888.557916,5199.254062
A185-001-25,A1850825_200_CN_3,6217649,4217649,EX012,EX3600BH,DT042,CAT 793,A-185-08-25,28.61,171.66,122.704305,122.704305,316.072926,41.166702,86.310157,0,363656.49,6591917.14,198.62,RIGHT,171.7,466,28/10/2025,11:07:09,11:14:55,1669.303578,EX3600,225,22.0,10.0,32,316.072926,122.704305,65.891762,86.310157,41.166702,1955.188857,5513.632575
A185-001-25,A1850825_200_CN_4,6217650,4217650,EX012,EX3600BH,DT012,CAT 793,A-185-08-25,43.41,149.71,114.512497,114.512497,303.754059,39.300491,90.037467,0,363666.79,6591920.29,198.8,LEFT,149.7,461,28/10/2025,11:14:55,11:22:36,1497.221995,EX3600,225,22.0,10.0,32,303.754059,114.512497,59.903604,90.037467,39.300491,1774.29459,4412.607771
A185-001-25,A1850825_200_EN_4,6217651,4217651,EX012,EX3600BH,DT032,CAT 793,A-185-08-25,39.16,150.85,127.427609,127.427609,336.142498,48.082485,97.312227,0,363670.61,6591920.65,198.17,RIGHT,150.9,430,28/10/2025,11:22:36,11:29:46,1389.135154,EX3600,225,22.0,10.0,32,336.142498,127.427609,63.320177,97.312227,48.082485,1615.571378,4131.286181
A185-001-25,A1850825_200_CN_4,6217652,4217652,EX012,EX3600BH,DT005,CAT 793,A-185-08-25,28.33,151.7,113.161962,113.161962,321.165052,47.423356,91.693279,0,363667.4,6591918.58,198.49,RIGHT,151.7,486,28/10/2025,11:29:46,11:37:52,1414.402277,EX3600,225,22.0,10.0,32,321.165052,113.161962,68.886454,91.693279,47.423356,1700.393798,4370.295951
A185-001-25,A1850825_200_CN_4,6217653,4217653,EX012,EX3600BH,DT038,CAT 793,A-185-08-25,48.38,145.13,115.38244,115.38244,313.919537,50.901677,89.509491,0,363663.95,6591921.64,198.95,LEFT,145.1,479,28/10/2025,11:37:52,11:45:51,1337.957964,EX3600,225,22.0,10.0,32,313.919537,115.38244,58.125929,89.509491,50.901677,1664.305553,4270.217165
A185-001-25,A1850825_200_CN_4,6217654,4217654,EX012,EX3600BH,DT003,CAT 793,A-185-08-25,37.02,160.58,114.567139,114.567139,298.678219,50.263986,80.051258,0,363667.96,6591926.76,199.73,RIGHT,160.6,453,28/10/2025,11:45:51,11:53:24,1676.030652,EX3600,225,22.0,10.0,32,298.678219,114.567139,53.795835,80.051258,50.263986,1935.487442,4977.30869
A185-001-25,A1850825_200_EN_4,6217655,4217655,EX012,EX3600BH,DT009,CAT 793,A-185-08-25,37.43,169.96,118.994465,118.994465,320.517379,49.145463,99.692115,0,363672.14,6591922.47,198.91,STRAIGHT,170.0,506,28/10/2025,11:53:24,12:01:50,1634.196002,EX3600,225,22.0,10.0,32,320.517379,118.994465,52.685336,99.692115,49.145463,1909.006716,4842.140573
A185-001-25,A1850825_200_EN_4,6217656,4217656,EX012,EX3600BH,DT021,CAT 793,A-185-08-25,42.48,174.28,106.563914,106.563914,296.564419,43.043335,86.894364,0,363670.36,6591920.13,198.87,STRAIGHT,174.3,358,28/10/2025,12:01:50,12:07:48,1782.665068,EX3600,225,22.0,10.0,32,296.564419,106.563914,60.062806,86.894364,43.043335,2115.550675,5342.39157
A185-001-25,A1850825_200_CN_4,6217657,4217657,EX012,EX3600BH,DT011,CAT 793,A-185-08-25,47.7,171.27,109.548497,109.548497,298.081017,44.977779,90.575021,0,363667.49,6591918.66,199.4,STRAIGHT,171.3,411,28/10/2025,12:07:48,12:14:39,1836.60861,EX3600,225,22.0,10.0,32,298.081017,109.548497,52.979721,90.575021,44.977779,2068.47101,5490.095834
A185-001-25,A1850825_200_CN_4,6217658,4217658,EX012,EX3600BH,DT016,CAT 793,A-185-08-25,48.06,161.94,107.395084,107.395084,295.889161,38.297312,84.553296,0,363669.77,6591923.24,198.26,RIGHT,161.9,466,28/10/2025,12:14:39,12:22:25,1696.51917,EX3600,225,22.0,10.0,32,295.889161,107.395084,65.643469,84.553296,38.297312,1970.285974,5119.830215
A185-001-25,A1850825_200_EN_4,6217659,4217659,EX012,EX3600BH,DT035,CAT 793,A-185-08-25,32.46,161.29,114.931931,114.931931,305.029412,44.065976,87.973153,0,363670.0,6591922.06,197.79,STRAIGHT,161.3,457,28/10/2025,12:22:25,12:30:02,1582.538415,EX3600,225,22.0,10.0,32,305.029412,114.931931,58.058353,87.973153,44.065976,1903.559695,4917.849369
A185-001-25,A1850825_200_CN_4,6217660,4217660,EX012,EX3600BH,DT034,CAT 793,A-185-08-25,37.26,156.8,128.752876,128.752876,318.745278,35.896952,98.696999,0,363669.42,6591922.25,198.92,STRAIGHT,156.8,526,28/10/2025,12:30:02,12:38:48,1575.691948,EX3600,225,22.0,10.0,32,318.745278,128.752876,55.39845,98.696999,35.896952,1770.985191,4412.318776
A185-001-25,A1850825_200_CN_4,6217661,4217661,EX012,EX3600BH,DT039,CAT 793,A-185-08-25,30.3,147.33,138.313747,138.313747,340.90145,42.100213,88.493153,0,363669.4,6591920.74,199.03,RIGHT,147.3,465,28/10/2025,12:38:48,12:46:33,1310.828978,EX3600,225,22.0,10.0,32,340.90145,138.313747,71.994336,88.493153,42.100213,1555.878717,4175.1119
A185-001-25,A1850825_200_CN_4,6217662,4217662,EX012,EX3600BH,DT025,CAT 793,A-185-08-25,32.7,155.0,133.954786,133.954786,341.685754,49.722789,89.845359,0,363667.03,6591922.42,198.93,LEFT,155.0,534,28/10/2025,12:46:33,12:55:27,1311.169871,EX3600,225,22.0,10.0,32,341.685754,133.954786,68.16282,89.845359,49.722789,1633.112372,4162.806541
A185-001-25,A1850825_200_EN_4,6217663,4217663,EX012,EX3600BH,DT029,CAT 793,A-185-08-25,42.56,163.2,133.186343,133.186343,328.84547,45.503487,89.942327,0,363675.51,6591924.38,198.89,STRAIGHT,163.2,448,28/10/2025,12:55:27,13:02:55,1407.815506,EX3600,225,22.0,10.0,32,328.84547,133.186343,60.213312,89.942327,45.503487,1786.565455,4855.227182
A185-001-25,A1850825_200_EN_4,6217664,4217664,EX012,EX3600BH,DT023,CAT 793,A-185-08-25,51.23,160.4,131.640035,131.640035,336.197227,50.004844,95.562213,0,363681.52,6591920.63,199.31,STRAIGHT,160.4,465,28/10/2025,13:02:55,13:10:40,1476.434587,EX3600,225,22.0,10.0,32,336.197227,131.640035,58.990134,95.562213,50.004844,1717.579725,4486.773795
A185-001-25,A1850825_200_EN_4,6217665,4217665,EX012,EX3600BH,DT012,CAT 793,A-185-08-25,44.34,169.54,109.80489,109.80489,306.253597,43.644245,85.878052,0,363678.36,6591923.62,198.56,STRAIGHT,169.5,523,28/10/2025,13:10:40,13:19:23,1567.469454,EX3600,225,22.0,10.0,32,306.253597,109.80489,66.92641,85.878052,43.644245,1992.946419,4912.160389
A185-001-25,A1850825_200_EN_4,6217666,4217666,EX012,EX3600BH,DT011,CAT 793,A-185-08-25,38.12,167.7,127.708753,127.708753,315.334432,37.569368,93.561049,0,363677.73,6591920.97,198.97,LEFT,167.7,456,28/10/2025,13:19:23,13:26:59,1526.568953,EX3600,225,22.0,10.0,32,315.334432,127.708753,56.495262,93.561049,37.569368,1914.595545,4958.375404
A185-001-25,A1850825_200_EN_4,6217667,4217667,EX012,EX3600BH,DT009,CAT 793,A-185-08-25,34.24,164.81,123.840745,123.840745,330.058299,47.79267,90.49788,0,363678.42,6591924.85,199.19,LEFT,164.8,457,28/10/2025,13:26:59,13:34:36,1560.246757,EX3600,225,22.0,10.0,32,330.058299,123.840745,67.927003,90.49788,47.79267,1797.559419,4500.441068
A185-001-25,A1850825_200_EN_4,6217668,4217668,EX012,EX3600BH,DT045,CAT 793,A-185-08-25,44.66,156.35,133.35155,133.35155,348.070384,48.82287,98.665325,0,363676.69,6591923.41,199.58,RIGHT,156.4,516,28/10/2025,13:34:36,13:43:12,1275.858394,EX3600,225,22.0,10.0,32,348.070384,133.35155,67.23064,98.665325,48.82287,1617.097735,4201.576451
A185-001-25,A1850825_200_EN_4,6217669,4217669,EX012,EX3600BH,DT023,CAT 793,A-185-08-25,41.33,160.27,122.055993,122.055993,325.232224,39.820681,97.417852,0,363675.16,6591922.8,198.85,LEFT,160.3,539,28/10/2025,13:43:12,13:52:11,1559.277007,EX3600,225,22.0,10.0,32,325.232224,122.055993,65.937698,97.417852,39.820681,1774.004435,4640.047876
A185-001-25,A1850825_200_EN_4,6217670,4217670,EX012,EX3600BH,DT015,CAT 793,A-185-08-25,34.74,161.56,133.877554,133.877554,339.530814,50.147528,97.54106,0,363677.13,6591922.62,199.84,LEFT,161.6,565,28/10/2025,13:52:11,14:01:36,1378.545253,EX3600,225,22.0,10.0,32,339.530814,133.877554,57.964671,97.54106,50.147528,1713.037331,4294.834353
A185-001-25,A1850825_200_EN_4,6217671,4217671,EX012,EX3600BH,DT061,HIT EH5000,A-185-08-25,50.45,164.91,126.764829,126.764829,338.258928,45.839654,101.589567,0,363675.25,6591924.23,198.75,RIGHT,164.9,571,28/10/2025,14:01:36,14:11:07,1580.942734,EX3600,250,22.0,10.0,32,338.258928,126.764829,64.064878,101.589567,45.839654,1755.045727,4416.739526
A185-001-25,A1850825_200_EN_4,6217672,4217672,EX012,EX3600BH,DT015,CAT 793,A-185-08-25,40.65,161.44,114.177407,114.177407,302.174248,43.805119,89.834132,0,363677.15,6591924.12,199.6,RIGHT,161.4,452,28/10/2025,14:11:07,14:18:39,1657.708884,EX3600,225,22.0,10.0,32,302.174248,114.177407,54.35759,89.834132,43.805119,1923.358004,4793.867308
A185-001-25,A1850825_200_EN_4,6217673,4217673,EX012,EX3600BH,DT046,CAT 793,A-185-08-25,33.44,167.24,126.328115,126.328115,324.849187,47.865918,91.036722,0,363674.42,6591922.51,198.68,RIGHT,167.2,848,28/10/2025,14:18:39,14:32:47,1583.925404,EX3600,225,22.0,10.0,32,324.849187,126.328115,59.618432,91.036722,47.865918,1853.373627,4810.512428
A185-001-25,A1850825_200_EN_4,6217674,4217674,EX012,EX3600BH,DT037,CAT 793,A-185-08-25,44.54,185.01,118.564883,118.564883,319.229844,36.681174,93.841374,0,363677.61,6591924.88,199.37,LEFT,185.0,551,28/10/2025,14:32:47,14:41:58,1694.922234,EX3600,225,22.0,10.0,32,319.229844,118.564883,70.142412,93.841374,36.681174,2086.355071,5023.834573
A185-001-25,A1850825_200_EN_4,6217675,4217675,EX012,EX3600BH,DT034,CAT 793,A-185-08-25,46.68,163.06,133.052916,133.052916,337.323636,42.118048,93.53505,0,363676.56,6591921.46,199.42,STRAIGHT,163.1,439,28/10/2025,14:41:58,14:49:17,1429.653785,EX3600,225,22.0,10.0,32,337.323636,133.052916,68.617622,93.53505,42.118048,1740.208,4627.2599
A185-001-25,A1850825_200_CN_2,6217676,4217676,EX012,EX3600BH,DT089,HIT EH5000,A-185-08-25,26.66,138.17,105.270505,105.270505,293.715892,41.709394,82.040355,0,363630.3,6591905.13,199.23,LEFT,138.2,445,28/10/2025,14:49:17,14:56:42,1477.439463,EX3600,250,22.0,10.0,32,293.715892,105.270505,64.695638,82.040355,41.709394,1693.456899,4539.361459
A185-001-25,A1850825_200_CN_2,6217677,4217677,EX012,EX3600BH,DT004,CAT 793,A-185-08-25,41.68,148.02,112.816472,112.816472,316.026161,48.720586,88.457757,0,363633.83,6591907.97,198.62,STRAIGHT,148.0,487,28/10/2025,14:56:42,15:04:49,1355.295689,EX3600,225,22.0,10.0,32,316.026161,112.816472,66.031347,88.457757,48.720586,1686.192777,4653.14367
A185-001-25,A1850825_200_CN_2,6217678,4217678,EX012,EX3600BH,DT031,CAT 793,A-185-08-25,34.4,163.35,114.35917,114.35917,310.363625,38.623608,93.509751,0,363636.76,6591909.8,199.13,RIGHT,163.3,574,28/10/2025,15:04:49,15:14:23,1653.367069,EX3600,225,22.0,10.0,32,310.363625,114.35917,63.871096,93.509751,38.623608,1894.745065,5210.255555
A185-001-25,A1850825_200_CN_2,6217679,4217679,EX012,EX3600BH,DT054,HIT EH5000,A-185-08-25,34.04,157.02,80.877283,80.877283,258.159383,42.010552,80.399986,0,363633.2,6591905.39,199.56,LEFT,157.0,317,28/10/2025,15:14:23,15:19:40,1903.339472,EX3600,250,22.0,10.0,32,258.159383,80.877283,54.871561,80.399986,42.010552,2189.65622,6113.054215
A185-001-25,A1850825_200_CN_2,6217680,4217680,EX012,EX3600BH,DT065,HIT EH5000,A-185-08-25,37.76,147.6,87.95499,87.95499,275.095659,47.596704,75.012741,0,363635.23,6591905.0,198.68,LEFT,147.6,412,28/10/2025,15:19:40,15:26:32,1540.359007,EX3600,250,22.0,10.0,32,275.095659,87.95499,64.531225,75.012741,47.596704,1931.482355,5359.23393
A185-001-25,A1850825_200_CN_2,6217681,4217681,EX012,EX3600BH,DT039,CAT 793,A-185-08-25,30.9,159.18,92.321743,92.321743,278.143496,41.212719,88.395241,0,363633.47,6591906.68,199.13,STRAIGHT,159.2,506,28/10/2025,15:26:32,15:34:58,1659.306413,EX3600,225,22.0,10.0,32,278.143496,92.321743,56.213792,88.395241,41.212719,2060.294194,5464.470104
A185-001-25,A1850825_200_CN_2,6217682,4217682,EX012,EX3600BH,DT059,HIT EH5000,A-185-08-25,37.76,181.83,87.11526,87.11526,288.16322,43.372946,83.709781,0,363633.0,6591905.72,198.56,LEFT,181.8,565,28/10/2025,15:34:58,15:44:23,1852.449655,EX3600,250,22.0,10.0,32,288.16322,87.11526,73.965233,83.709781,43.372946,2271.531201,5923.190332
A185-001-25,A1850825_200_CN_2,6217683,4217683,EX012,EX3600BH,DT027,CAT 793,A-185-08-25,33.48,174.24,92.400763,92.400763,265.555914,43.407918,75.663878,0,363635.27,6591910.69,199.25,RIGHT,174.2,476,28/10/2025,15:44:23,15:52:19,1978.69549,EX3600,225,22.0,10.0,32,265.555914,92.400763,54.083355,75.663878,43.407918,2362.103758,6299.083915
A185-001-25,A1850825_200_CN_2,6217684,4217684,EX012,EX3600BH,DT029,CAT 793,A-185-08-25,54.24,167.5,115.092154,115.092154,305.847623,46.605111,88.399094,0,363634.87,6591908.67,199.04,LEFT,167.5,814,28/10/2025,15:52:19,16:05:53,1622.421123,EX3600,225,22.0,10.0,32,305.847623,115.092154,55.751265,88.399094,46.605111,1971.5737,5261.449309
A185-001-25,A1850825_200_CN_2,6217685,4217685,EX012,EX3600BH,DT028,CAT 793,A-185-08-25,39.45,173.52,100.47965,100.47965,291.491281,38.09032,90.330751,0,363636.06,6591909.27,199.25,RIGHT,173.5,482,28/10/2025,16:05:53,16:13:55,1805.658439,EX3600,225,22.0,10.0,32,291.491281,100.47965,62.59056,90.330751,38.09032,2142.989875,5762.548061
A185-001-25,A1850825_200_CN_2,6217686,4217686,EX012,EX3600BH,DT076,HIT EH5000,A-185-08-25,45.3,169.27,115.341473,115.341473,293.6382,52.178388,74.283286,0,363633.38,6591911.02,199.52,STRAIGHT,169.3,407,28/10/2025,16:13:55,16:20:42,1666.442463,EX3600,250,22.0,10.0,32,293.6382,115.341473,51.835053,74.283286,52.178388,2075.242513,5852.183888
A185-001-25,A1850825_200_CN_2,6217687,4217687,EX012,EX3600BH,DT022,CAT 793,A-185-08-25,24.4,144.93,100.140136,100.140136,281.554875,46.121158,71.244441,0,363636.49,6591909.35,199.56,LEFT,144.9,430,28/10/2025,16:20:42,16:27:52,1562.503462,EX3600,225,22.0,10.0,32,281.554875,100.140136,64.04914,71.244441,46.121158,1853.093191,5090.194188
A185-001-25,A1850825_200_CN_2,6217688,4217688,EX012,EX3600BH,DT023,CAT 793,A-185-08-25,34.66,146.94,109.146439,109.146439,280.952728,40.935395,67.018119,0,363635.56,6591909.43,199.35,RIGHT,146.9,535,28/10/2025,16:27:52,16:36:47,1554.086819,EX3600,225,22.0,10.0,32,280.952728,109.146439,63.852775,67.018119,40.935395,1882.884895,5268.765882
A185-001-25,A1850825_200_EN_4,6217689,4217689,EX012,EX3600BH,DT028,CAT 793,A-185-08-25,32.05,150.95,138.630887,138.630887,347.851331,46.249105,99.330276,0,363683.51,6591923.23,199.36,STRAIGHT,150.9,488,28/10/2025,16:36:47,16:44:55,1273.378077,EX3600,225,22.0,10.0,32,347.851331,138.630887,63.641063,99.330276,46.249105,1562.187546,3702.212104
A185-001-25,A1850825_200_EN_4,6217690,4217690,EX012,EX3600BH,DT032,CAT 793,A-185-08-25,35.73,155.47,134.451312,134.451312,336.087538,44.324653,85.468202,0,363681.16,6591925.67,199.54,STRAIGHT,155.5,601,28/10/2025,16:44:55,16:54:56,1405.128016,EX3600,225,22.0,10.0,32,336.087538,134.451312,71.843371,85.468202,44.324653,1665.335351,4122.066813
A185-001-25,A1850825_200_EN_4,6217691,4217691,EX012,EX3600BH,DT019,CAT 793,A-185-08-25,40.6,155.47,133.876976,133.876976,331.556328,36.063904,98.845347,0,363683.3,6591926.93,199.2,LEFT,155.5,510,28/10/2025,16:54:56,17:03:26,1404.787615,EX3600,225,22.0,10.0,32,331.556328,133.876976,62.7701,98.845347,36.063904,1688.061448,4311.556887
A185-001-25,A1850825_200_EN_4,6217692,4217692,EX012,EX3600BH,DT013,CAT 793,A-185-08-25,34.37,154.62,118.492308,118.492308,309.516954,43.951846,89.980714,0,363685.62,6591923.75,198.62,STRAIGHT,154.6,465,28/10/2025,17:03:26,17:11:11,1465.518147,EX3600,225,22.0,10.0,32,309.516954,118.492308,57.092086,89.980714,43.951846,1798.360725,4359.464791
A185-001-25,A1850825_200_EN_4,6217693,4217693,EX012,EX3600BH,DT019,CAT 793,A-185-08-25,32.27,165.33,144.694358,144.694358,342.922771,50.620659,82.890931,0,363685.36,6591924.44,198.52,RIGHT,165.3,478,28/10/2025,17:11:11,17:19:09,1440.165807,EX3600,225,22.0,10.0,32,342.922771,144.694358,64.716823,82.890931,50.620659,1735.658478,4405.756288
A185-001-25,A1850825_200_EN_4,6217694,4217694,EX012,EX3600BH,DT027,CAT 793,A-185-08-25,38.71,155.89,126.163668,126.163668,318.919804,34.418782,98.908889,0,363684.9,6591926.2,199.71,STRAIGHT,155.9,467,28/10/2025,17:19:09,17:26:56,1376.6253,EX3600,225,22.0,10.0,32,318.919804,126.163668,59.428465,98.908889,34.418782,1759.701193,4631.941848
A185-001-25,A1850825_200_EN_4,6217695,4217695,EX012,EX3600BH,DT039,CAT 793,A-185-08-25,34.55,155.4,137.137738,137.137738,328.724633,45.672263,85.950153,0,363685.79,6591924.23,199.36,STRAIGHT,155.4,406,28/10/2025,17:26:56,17:33:42,1393.003335,EX3600,225,22.0,10.0,32,328.724633,137.137738,59.964479,85.950153,45.672263,1701.830414,4351.557142
A185-001-25,A1850825_200_EN_4,6217696,4217696,EX012,EX3600BH,DT029,CAT 793,A-185-08-25,53.14,159.42,138.880272,138.880272,342.574129,47.086538,89.553993,0,363679.0,6591925.65,198.16,RIGHT,159.4,526,28/10/2025,17:33:42,17:42:28,1460.049187,EX3600,225,22.0,10.0,32,342.574129,138.880272,67.053326,89.553993,47.086538,1675.243802,4369.75291
A185-001-25,A1850825_200_EN_4,6217697,4217697,EX012,EX3600BH,DT083,HIT EH5000,A-185-08-25,52.05,159.65,133.214979,133.214979,332.655035,47.723745,93.870127,0,363685.83,6591921.07,200.08,RIGHT,159.6,477,28/10/2025,17:42:28,17:50:25,1489.570834,EX3600,250,22.0,10.0,32,332.655035,133.214979,57.846184,93.870127,47.723745,1727.70752,4448.644325
A185-001-25,A1850825_200_EN_4,6217698,4217698,EX012,EX3600BH,DT073,HIT EH5000,A-185-08-25,44.9,158.32,128.399358,128.399358,322.168228,43.175408,86.528434,0,363685.07,6591923.05,199.08,RIGHT,158.3,477,28/10/2025,17:50:25,17:58:22,1437.530978,EX3600,250,22.0,10.0,32,322.168228,128.399358,64.065028,86.528434,43.175408,1769.08655,4414.249035
A185-001-25,A1850825_200_EN_4,6217699,4217699,EX012,EX3600BH,DT031,CAT 793,A-185-08-25,34.64,143.15,121.462366,121.462366,329.762428,46.378193,89.058808,0,363687.96,6591922.32,198.59,STRAIGHT,143.1,482,28/10/2025,17:58:22,18:06:24,1287.694787,EX3600,225,22.0,10.0,32,329.762428,121.462366,72.863061,89.058808,46.378193,1562.744231,4011.207489
A185-001-25,A1850825_200_EN_4,6217700,4217700,EX012,EX3600BH,DT028,CAT 793,A-185-08-25,34.27,144.34,122.983295,122.983295,315.226188,44.637916,84.240639,0,363683.64,6591922.23,199.98,STRAIGHT,144.3,508,28/10/2025,18:06:24,18:14:52,1417.260977,EX3600,225,22.0,10.0,32,315.226188,122.983295,63.364337,84.240639,44.637916,1648.399256,4163.176446
A185-001-25,A1850825_200_EN_4,6217701,4217701,EX012,EX3600BH,DT044,CAT 793,A-185-08-25,35.17,136.8,131.967476,131.967476,342.673284,48.912109,92.641164,0,363683.87,6591922.14,198.36,RIGHT,136.8,534,28/10/2025,18:14:52,18:23:46,1132.975835,EX3600,225,22.0,10.0,32,342.673284,131.967476,69.152535,92.641164,48.912109,1437.127466,3537.124867
A185-001-25,A1850825_200_CN_2,6217702,4217702,EX012,EX3600BH,DT032,CAT 793,A-185-08-25,42.15,154.74,108.892559,108.892559,302.070032,43.678016,88.385143,0,363642.38,6591908.14,198.44,STRAIGHT,154.7,491,28/10/2025,18:23:46,18:31:57,1605.617938,EX3600,225,22.0,10.0,32,302.070032,108.892559,61.114314,88.385143,43.678016,1844.167286,5046.928801
A185-001-25,A1850825_200_CN_2,6217703,4217703,EX012,EX3600BH,DT027,CAT 793,A-185-08-25,35.63,150.71,108.936068,108.936068,302.405258,44.297457,88.240507,0,363644.14,6591908.37,198.05,LEFT,150.7,460,28/10/2025,18:31:57,18:39:37,1477.660701,EX3600,225,22.0,10.0,32,302.405258,108.936068,60.931226,88.240507,44.297457,1794.14922,4824.695256
A185-001-25,A1850825_200_CN_2,6217704,4217704,EX012,EX3600BH,DT051,HIT EH5000,A-185-08-25,47.49,144.21,98.056124,98.056124,287.144014,43.692836,78.032632,0,363642.66,6591910.49,199.5,STRAIGHT,144.2,500,28/10/2025,18:39:37,18:47:57,1413.304567,EX3600,250,22.0,10.0,32,287.144014,98.056124,67.362423,78.032632,43.692836,1807.985869,4864.969987
A185-001-25,A1850825_200_CN_2,6217705,4217705,EX012,EX3600BH,DT063,HIT EH5000,A-185-08-25,33.63,159.36,123.295636,123.295636,289.186519,41.483002,74.940769,0,363643.11,6591908.65,199.01,LEFT,159.4,463,28/10/2025,18:47:57,18:55:40,1814.072711,EX3600,250,22.0,10.0,32,289.186519,123.295636,49.467112,74.940769,41.483002,1983.841897,5546.284472
A185-001-25,A1850825_200_CN_2,6217706,4217706,EX012,EX3600BH,DT066,HIT EH5000,A-185-08-25,37.5,161.34,112.918511,112.918511,305.858459,39.778882,90.40503,0,363643.51,6591908.54,198.48,RIGHT,161.3,452,28/10/2025,18:55:40,19:03:12,1665.108019,EX3600,250,22.0,10.0,32,305.858459,112.918511,62.756036,90.40503,39.778882,1899.039077,5149.921025
A185-001-25,A1850825_200_CN_2,6217707,4217707,EX012,EX3600BH,DT006,CAT 793,A-185-08-25,38.52,168.72,112.953894,112.953894,317.036167,43.51843,91.285486,0,363644.57,6591913.3,198.32,LEFT,168.7,498,28/10/2025,19:03:12,19:11:30,1574.556247,EX3600,225,22.0,10.0,32,317.036167,112.953894,69.278357,91.285486,43.51843,1915.793516,5196.403737
A185-001-25,A1850825_200_CN_2,6217708,4217708,EX012,EX3600BH,DT014,CAT 793,A-185-08-25,41.68,157.22,99.437321,99.437321,295.165677,47.494709,82.921124,0,363639.9,6591909.1,199.22,LEFT,157.2,387,28/10/2025,19:11:30,19:17:57,1591.54229,EX3600,225,22.0,10.0,32,295.165677,99.437321,65.312522,82.921124,47.494709,1917.523809,5407.417142
A185-001-25,A1850825_200_CN_2,6217709,4217709,EX012,EX3600BH,DT016,CAT 793,A-185-08-25,44.03,167.41,113.846984,113.846984,284.373634,42.564245,75.637973,0,363641.3,6591910.43,199.54,STRAIGHT,167.4,424,28/10/2025,19:17:57,19:25:01,1672.40693,EX3600,225,22.0,10.0,32,284.373634,113.846984,52.324432,75.637973,42.564245,2119.318526,5535.842647
A185-001-25,A1850825_200_CN_2,6217710,4217710,EX012,EX3600BH,DT006,CAT 793,A-185-08-25,42.32,168.44,103.135601,103.135601,310.131393,44.065473,93.649991,0,363640.15,6591909.79,199.82,RIGHT,168.4,465,28/10/2025,19:25:01,19:32:46,1628.716257,EX3600,225,22.0,10.0,32,310.131393,103.135601,69.280329,93.649991,44.065473,1955.225526,5513.735984
A185-001-25,A1850825_200_CN_2,6217711,4217711,EX012,EX3600BH,DT050,HIT EH5000,A-185-08-25,46.0,177.95,112.014293,112.014293,307.585257,49.271777,86.261354,0,363640.95,6591907.41,199.52,LEFT,177.9,433,28/10/2025,19:32:46,19:39:59,1824.828238,EX3600,250,22.0,10.0,32,307.585257,112.014293,60.037833,86.261354,49.271777,2082.722165,5873.276507
A185-001-25,A1850825_200_CN_2,6217712,4217712,EX012,EX3600BH,DT027,CAT 793,A-185-08-25,37.54,174.77,105.34692,105.34692,307.15446,46.611351,97.689987,0,363643.34,6591910.58,199.03,RIGHT,174.8,440,28/10/2025,19:39:59,19:47:19,1686.599272,EX3600,225,22.0,10.0,32,307.15446,105.34692,57.506202,97.689987,46.611351,2048.42382,5776.555173
A185-001-25,A1850825_200_CN_2,6217713,4217713,EX012,EX3600BH,DT041,CAT 793,A-185-08-25,42.45,174.15,101.615946,101.615946,317.98505,48.989457,99.195803,0,363642.89,6591909.55,198.62,RIGHT,174.1,462,28/10/2025,19:47:19,19:55:01,1730.977595,EX3600,225,22.0,10.0,32,317.98505,101.615946,68.183844,99.195803,48.989457,1971.598237,5527.276518
A185-001-25,A1850825_200_CN_2,6217714,4217714,EX012,EX3600BH,DT040,CAT 793,A-185-08-25,53.64,160.92,94.982067,94.982067,278.06374,43.432654,71.788902,0,363644.07,6591908.55,199.48,STRAIGHT,160.9,431,28/10/2025,19:55:01,20:02:12,1731.616715,EX3600,225,22.0,10.0,32,278.06374,94.982067,67.860117,71.788902,43.432654,2083.381641,5458.421268
A185-001-25,A1850825_200_EN_4,6217715,4217715,EX012,EX3600BH,DT042,CAT 793,A-185-08-25,49.96,166.59,129.775102,129.775102,329.392136,51.657675,91.600322,0,363691.15,6591923.01,198.41,RIGHT,166.6,542,28/10/2025,20:02:12,20:11:14,1548.128912,EX3600,225,22.0,10.0,32,329.392136,129.775102,56.359038,91.600322,51.657675,1820.702078,4624.284733
A185-001-25,A1850825_200_EN_4,6217716,4217716,EX012,EX3600BH,DT020,CAT 793,A-185-08-25,38.88,166.98,123.103855,123.103855,318.798249,43.381091,102.69791,0,363695.35,6591921.95,198.39,STRAIGHT,167.0,406,28/10/2025,20:11:14,20:18:00,1553.494075,EX3600,225,22.0,10.0,32,318.798249,123.103855,49.615393,102.69791,43.381091,1885.627903,5113.350295
A185-001-25,A1850825_200_EN_4,6217717,4217717,EX012,EX3600BH,DT046,CAT 793,A-185-08-25,41.11,171.34,122.579117,122.579117,327.90235,52.242266,91.490836,0,363693.58,6591921.39,198.78,LEFT,171.3,483,28/10/2025,20:18:00,20:26:03,1580.961079,EX3600,225,22.0,10.0,32,327.90235,122.579117,61.590132,91.490836,52.242266,1881.168034,4699.273384
A185-001-25,A1850825_200_EN_4,6217718,4217718,EX012,EX3600BH,DT030,CAT 793,A-185-08-25,36.17,154.29,110.428828,110.428828,303.142513,49.892553,77.058456,0,363693.68,6591921.78,199.84,STRAIGHT,154.3,366,28/10/2025,20:26:03,20:32:09,1415.771618,EX3600,225,22.0,10.0,32,303.142513,110.428828,65.762676,77.058456,49.892553,1832.263706,4780.008073
A185-001-25,A1850825_200_EN_4,6217719,4217719,EX012,EX3600BH,DT038,CAT 793,A-185-08-25,34.88,167.24,116.473141,116.473141,310.952456,49.174711,92.296009,0,363697.54,6591920.28,199.44,LEFT,167.2,526,28/10/2025,20:32:09,20:40:55,1788.4647,EX3600,225,22.0,10.0,32,310.952456,116.473141,53.008596,92.296009,49.174711,1936.216353,4898.625126
A185-001-25,A1850825_200_EN_4,6217720,4217720,EX012,EX3600BH,DT001,CAT 793,A-185-08-25,33.05,165.5,126.076502,126.076502,322.346338,51.93153,89.021932,0,363690.12,6591924.28,199.18,RIGHT,165.5,478,28/10/2025,20:40:55,20:48:53,1522.793583,EX3600,225,22.0,10.0,32,322.346338,126.076502,55.316374,89.021932,51.93153,1848.31706,4879.03574
A185-001-25,A1850825_200_EN_4,6217721,4217721,EX012,EX3600BH,DT055,HIT EH5000,A-185-08-25,35.49,164.55,117.737876,117.737876,330.30641,47.175439,99.746039,0,363693.2,6591924.11,198.96,STRAIGHT,164.6,478,28/10/2025,20:48:53,20:56:51,1592.662063,EX3600,250,22.0,10.0,32,330.30641,117.737876,65.647057,99.746039,47.175439,1793.44189,4847.509435
A185-001-25,A1850825_200_EN_4,6217722,4217722,EX012,EX3600BH,DT007,CAT 793,A-185-08-25,35.43,157.37,126.179851,126.179851,330.89309,48.039447,91.313908,0,363692.75,6591927.83,198.78,RIGHT,157.4,519,28/10/2025,20:56:51,21:05:30,1363.817833,EX3600,225,22.0,10.0,32,330.89309,126.179851,65.359885,91.313908,48.039447,1712.173423,4526.99893
A185-001-25,A1850825_200_EN_4,6217723,4217723,EX012,EX3600BH,DT023,CAT 793,A-185-08-25,34.28,155.31,105.308897,105.308897,301.012929,43.512461,86.086751,0,363690.86,6591923.85,199.14,LEFT,155.3,508,28/10/2025,21:05:30,21:13:58,1497.977972,EX3600,225,22.0,10.0,32,301.012929,105.308897,66.10482,86.086751,43.512461,1857.416988,4749.242128
A185-001-25,A1850825_200_EN_4,6217724,4217724,EX012,EX3600BH,DT011,CAT 793,A-185-08-25,33.79,168.14,111.234302,111.234302,295.634226,48.10845,81.680378,0,363693.46,6591918.68,198.48,RIGHT,168.1,459,28/10/2025,21:13:58,21:21:37,1600.137915,EX3600,225,22.0,10.0,32,295.634226,111.234302,54.611097,81.680378,48.10845,2047.522263,5229.047851
A185-001-25,A1850825_200_EN_4,6217725,4217725,EX012,EX3600BH,DT036,CAT 793,A-185-08-25,32.34,168.54,130.755525,130.755525,328.116915,51.972905,89.645783,0,363693.51,6591922.58,198.22,RIGHT,168.5,539,28/10/2025,21:21:37,21:30:36,1545.035425,EX3600,225,22.0,10.0,32,328.116915,130.755525,55.742702,89.645783,51.972905,1849.134339,4740.339294
A185-001-25,A1850825_200_EN_4,6217726,4217726,EX012,EX3600BH,DT017,CAT 793,A-185-08-25,47.29,169.39,125.549886,125.549886,306.618307,34.932764,86.392077,0,363693.45,6591923.53,198.92,STRAIGHT,169.4,530,28/10/2025,21:30:36,21:39:26,1687.697052,EX3600,225,22.0,10.0,32,306.618307,125.549886,59.743581,86.392077,34.932764,1988.761363,5289.598615
A185-001-25,A1850825_200_EN_4,6217727,4217727,EX012,EX3600BH,DT001,CAT 793,A-185-08-25,48.32,164.86,117.206388,117.206388,312.168116,40.134376,90.071716,0,363691.11,6591923.81,199.86,LEFT,164.9,398,28/10/2025,21:39:26,21:46:04,1671.694464,EX3600,225,22.0,10.0,32,312.168116,117.206388,64.755637,90.071716,40.134376,1901.237472,4871.321537
A185-001-25,A1850825_200_CN_2,6217728,4217728,EX012,EX3600BH,DT013,CAT 793,A-185-08-25,27.17,152.47,100.35727,100.35727,296.913656,44.874511,80.784202,0,363648.42,6591911.13,199.26,RIGHT,152.5,469,28/10/2025,21:46:04,21:53:53,1590.90013,EX3600,225,22.0,10.0,32,296.913656,100.35727,70.897672,80.784202,44.874511,1848.674827,5047.432288
A185-001-25,A1850825_200_CN_2,6217729,4217729,EX012,EX3600BH,DT034,CAT 793,A-185-08-25,35.96,162.66,115.933981,115.933981,298.736369,51.050469,78.54734,0,363654.02,6591911.43,198.23,LEFT,162.7,450,28/10/2025,21:53:53,22:01:23,1708.954826,EX3600,225,22.0,10.0,32,298.736369,115.933981,53.20458,78.54734,51.050469,1960.134875,5527.580348
A185-001-25,A1850825_200_CN_2,6217730,4217730,EX012,EX3600BH,DT010,CAT 793,A-185-08-25,39.75,180.83,104.873186,104.873186,300.767678,48.183826,82.907811,0,363654.34,6591909.94,198.14,STRAIGHT,180.8,473,28/10/2025,22:01:23,22:09:16,1965.04347,EX3600,225,22.0,10.0,32,300.767678,104.873186,64.802855,82.907811,48.183826,2164.411892,6103.641535
A185-001-25,A1850825_200_CN_2,6217731,4217731,EX012,EX3600BH,DT002,CAT 793,A-185-08-25,50.67,181.9,92.353237,92.353237,296.123951,62.090679,86.751325,0,363649.73,6591914.45,198.11,STRAIGHT,181.9,485,28/10/2025,22:09:16,22:17:21,1871.113125,EX3600,225,22.0,10.0,32,296.123951,92.353237,54.928709,86.751325,62.090679,2211.36187,6008.150532
A185-001-25,A1850825_200_CN_2,6217732,4217732,EX012,EX3600BH,DT030,CAT 793,A-185-08-25,45.42,177.96,103.159123,103.159123,297.9315,46.337326,79.193863,0,363654.82,6591910.68,198.39,LEFT,178.0,453,28/10/2025,22:17:21,22:24:54,1747.897215,EX3600,225,22.0,10.0,32,297.9315,103.159123,69.241187,79.193863,46.337326,2150.314995,5925.510061
A185-001-25,A1850825_200_CN_2,6217733,4217733,EX012,EX3600BH,DT086,HIT EH5000,A-185-08-25,39.01,176.39,104.935263,104.935263,293.221015,46.573045,76.764121,0,363650.15,6591909.96,199.97,STRAIGHT,176.4,421,28/10/2025,22:24:54,22:31:55,1827.323517,EX3600,250,22.0,10.0,32,293.221015,104.935263,64.948587,76.764121,46.573045,2165.594161,6106.975534
A185-001-25,A1850825_200_CN_2,6217734,4217734,EX012,EX3600BH,DT033,CAT 793,A-185-08-25,38.64,160.32,108.521961,108.521961,314.580872,48.094474,98.868284,0,363649.81,6591913.3,198.82,RIGHT,160.3,409,28/10/2025,22:31:55,22:38:44,1441.611022,EX3600,225,22.0,10.0,32,314.580872,108.521961,59.096154,98.868284,48.094474,1834.685827,5121.126087
A185-001-25,A1850825_200_CN_2,6217735,4217735,EX012,EX3600BH,DT045,CAT 793,A-185-08-25,40.71,157.56,101.796949,101.796949,299.291447,44.221063,86.748505,0,363653.58,6591910.68,199.42,LEFT,157.6,491,28/10/2025,22:38:44,22:46:55,1666.952158,EX3600,225,22.0,10.0,32,299.291447,101.796949,66.524931,86.748505,44.221063,1895.227241,5056.196037
A185-001-25,A1850825_200_CN_2,6217736,4217736,EX012,EX3600BH,DT037,CAT 793,A-185-08-25,32.54,151.0,90.77557,90.77557,292.310491,53.819565,84.804742,0,363650.35,6591911.5,198.65,RIGHT,151.0,447,28/10/2025,22:46:55,22:54:22,1562.186453,EX3600,225,22.0,10.0,32,292.310491,90.77557,62.910614,84.804742,53.819565,1859.643243,5164.120291
A185-001-25,A1850825_200_CN_2,6217737,4217737,EX012,EX3600BH,DT028,CAT 793,A-185-08-25,36.52,146.75,89.040955,89.040955,300.844135,55.560877,94.079739,0,363654.66,6591913.31,198.32,RIGHT,146.7,380,28/10/2025,22:54:22,23:00:42,1480.208751,EX3600,225,22.0,10.0,32,300.844135,89.040955,62.162564,94.079739,55.560877,1756.056214,4934.772418
A185-001-25,A1850825_200_CN_2,6217738,4217738,EX012,EX3600BH,DT042,CAT 793,A-185-08-25,38.43,156.51,116.240192,116.240192,292.317421,38.734059,71.006763,0,363650.35,6591908.61,199.7,LEFT,156.5,438,28/10/2025,23:00:42,23:08:00,1541.454161,EX3600,225,22.0,10.0,32,292.317421,116.240192,66.336408,71.006763,38.734059,1927.485375,5331.975078
A185-001-25,A1850825_200_CN_2,6217739,4217739,EX012,EX3600BH,DT074,HIT EH5000,A-185-08-25,58.67,181.62,106.358632,106.358632,291.240988,43.510527,87.167266,0,363650.07,6591912.11,199.16,LEFT,181.6,454,28/10/2025,23:08:00,23:15:34,1757.387423,EX3600,250,22.0,10.0,32,291.240988,106.358632,54.204563,87.167266,43.510527,2244.991718,6325.13869
A185-001-25,A1850825_200_CN_2,6217740,4217740,EX012,EX3600BH,DT063,HIT EH5000,A-185-08-25,33.14,173.36,103.481245,103.481245,296.915487,57.798126,75.601461,0,363648.16,6591911.17,199.31,RIGHT,173.4,400,28/10/2025,23:15:34,23:22:14,1744.645257,EX3600,250,22.0,10.0,32,296.915487,103.481245,60.034654,75.601461,57.798126,2101.953534,5736.233429
A185-001-25,A1850825_200_EN_5,6217741,4217741,EX012,EX3600BH,DT001,CAT 793,A-185-08-25,35.46,153.09,136.867892,136.867892,324.394393,34.61878,88.6855,0,363699.24,6591922.64,198.21,STRAIGHT,153.1,556,28/10/2025,23:22:14,23:31:30,1395.803833,EX3600,225,22.0,10.0,32,324.394393,136.867892,64.222221,88.6855,34.61878,1698.967819,4186.837619
A185-001-25,A1850825_200_EN_5,6217742,4217742,EX012,EX3600BH,DT029,CAT 793,A-185-08-25,27.71,159.0,151.791821,151.791821,336.602395,45.693779,84.831625,0,363701.22,6591926.41,198.64,RIGHT,159.0,555,28/10/2025,23:31:30,23:40:45,1477.342657,EX3600,225,22.0,10.0,32,336.602395,151.791821,54.28517,84.831625,45.693779,1700.506483,4026.031049
A185-001-25,A1850825_200_EN_5,6217743,4217743,EX012,EX3600BH,DT045,CAT 793,A-185-08-25,30.18,145.36,139.399534,139.399534,341.468083,53.944084,93.108979,0,363702.35,6591925.89,197.95,RIGHT,145.4,495,28/10/2025,23:40:45,23:49:00,1300.523295,EX3600,225,22.0,10.0,32,341.468083,139.399534,55.015485,93.108979,53.944084,1532.440078,3709.730589
A185-001-25,A1850825_200_EN_5,6217744,4217744,EX012,EX3600BH,DT030,CAT 793,A-185-08-25,48.1,159.07,140.557771,140.557771,337.688258,47.23108,86.573116,0,363699.33,6591925.79,200.01,LEFT,159.1,513,28/10/2025,23:49:00,23:57:33,1441.723418,EX3600,225,22.0,10.0,32,337.688258,140.557771,63.326291,86.573116,47.23108,1695.818663,4316.205584
A185-001-25,A1850825_200_EN_5,6217745,4217745,EX012,EX3600BH,DT028,CAT 793,A-185-08-25,41.46,164.09,164.894098,164.894098,365.811032,48.566833,88.231317,0,363696.75,6591926.02,199.55,LEFT,164.1,544,28/10/2025,23:57:33,00:06:37,1265.161952,EX3600,225,22.0,10.0,32,365.811032,164.894098,64.118784,88.231317,48.566833,1614.816166,4209.943317
A185-001-25,A1850825_200_EN_5,6217746,4217746,EX012,EX3600BH,DT063,HIT EH5000,A-185-08-25,34.53,157.97,129.047732,129.047732,338.267746,47.939791,84.816252,0,363704.2,6591926.34,197.71,STRAIGHT,158.0,505,29/10/2025,00:06:37,00:15:02,1501.529243,EX3600,250,22.0,10.0,32,338.267746,129.047732,76.463971,84.816252,47.939791,1681.229528,4229.384073
A185-001-25,A1850825_200_EN_5,6217747,4217747,EX012,EX3600BH,DT023,CAT 793,A-185-08-25,39.59,152.65,142.638384,142.638384,368.799292,56.558878,102.412146,0,363699.61,6591928.09,199.09,RIGHT,152.7,534,29/10/2025,00:15:02,00:23:56,1251.676664,EX3600,225,22.0,10.0,32,368.799292,142.638384,67.189885,102.412146,56.558878,1490.120599,3747.055045
A185-001-25,A1850825_200_EN_5,6217748,4217748,EX012,EX3600BH,DT030,CAT 793,A-185-08-25,32.08,152.71,138.006136,138.006136,326.892735,46.219336,86.665685,0,363701.76,6591929.38,199.6,RIGHT,152.7,447,29/10/2025,00:23:56,00:31:23,1415.55459,EX3600,225,22.0,10.0,32,326.892735,138.006136,56.001578,86.665685,46.219336,1681.811981,4104.896956
A185-001-25,A1850825_200_EN_5,6217749,4217749,EX012,EX3600BH,DT012,CAT 793,A-185-08-25,40.31,169.45,135.780209,135.780209,340.240157,46.154238,94.657149,0,363699.43,6591923.34,198.49,LEFT,169.4,509,29/10/2025,00:31:23,00:39:52,1531.756335,EX3600,225,22.0,10.0,32,340.240157,135.780209,63.64856,94.657149,46.154238,1792.898041,4496.10705
A185-001-25,A1850825_200_EN_5,6217750,4217750,EX012,EX3600BH,DT028,CAT 793,A-185-08-25,38.38,163.3,128.563361,128.563361,327.501496,46.23394,89.9802,0,363699.14,6591927.02,199.02,LEFT,163.3,477,29/10/2025,00:39:52,00:47:49,1465.988909,EX3600,225,22.0,10.0,32,327.501496,128.563361,62.723995,89.9802,46.23394,1795.079379,4225.483512
A185-001-25,A1850825_200_EN_5,6217751,4217751,EX012,EX3600BH,DT003,CAT 793,A-185-08-25,44.29,155.76,147.562204,147.562204,343.423326,43.211427,92.552045,0,363701.19,6591925.74,198.14,LEFT,155.8,520,29/10/2025,00:47:49,00:56:29,1396.050967,EX3600,225,22.0,10.0,32,343.423326,147.562204,60.097649,92.552045,43.211427,1632.777255,4127.65634
A185-001-25,A1850825_200_EN_5,6217752,4217752,EX012,EX3600BH,DT025,CAT 793,A-185-08-25,27.35,164.1,128.435753,128.435753,324.968127,50.211263,91.000498,0,363700.6,6591929.0,199.44,STRAIGHT,164.1,491,29/10/2025,00:56:29,01:04:40,1427.86619,EX3600,225,22.0,10.0,32,324.968127,128.435753,55.320613,91.000498,50.211263,1817.932179,4667.221696
A185-001-25,A1850825_200_CN_2,6217753,4217753,EX012,EX3600BH,DT005,CAT 793,A-185-08-25,28.76,169.26,91.215737,91.215737,267.580335,39.292703,76.922765,0,363656.86,6591914.03,199.48,LEFT,169.3,344,29/10/2025,01:04:40,01:10:24,1909.97686,EX3600,225,22.0,10.0,32,267.580335,91.215737,60.14913,76.922765,39.292703,2277.253381,6421.854535
A185-001-25,A1850825_200_CN_2,6217754,4217754,EX012,EX3600BH,DT010,CAT 793,A-185-08-25,39.41,182.37,95.180219,95.180219,289.169899,50.420444,79.727597,0,363657.26,6591914.33,199.64,RIGHT,182.4,419,29/10/2025,01:10:24,01:17:23,1654.016947,EX3600,225,22.0,10.0,32,289.169899,95.180219,63.841639,79.727597,50.420444,2270.413487,6133.219196
A185-001-25,A1850825_200_CN_2,6217755,4217755,EX012,EX3600BH,DT020,CAT 793,A-185-08-25,43.44,166.24,86.683836,86.683836,275.502684,36.733196,89.526914,0,363659.06,6591912.84,199.76,LEFT,166.2,414,29/10/2025,01:17:23,01:24:17,1910.617884,EX3600,225,22.0,10.0,32,275.502684,86.683836,62.558738,89.526914,36.733196,2172.251434,5958.877097
A185-001-25,A1850825_200_CN_2,6217756,4217756,EX012,EX3600BH,DT028,CAT 793,A-185-08-25,61.0,183.1,93.744332,93.744332,282.33889,43.5857,88.173601,0,363660.72,6591913.39,198.74,LEFT,183.1,497,29/10/2025,01:24:17,01:32:34,1979.458095,EX3600,225,22.0,10.0,32,282.33889,93.744332,56.835256,88.173601,43.5857,2334.603662,6583.582326
A185-001-25,A1850825_200_CN_2,6217757,4217757,EX012,EX3600BH,DT015,CAT 793,A-185-08-25,40.8,176.79,80.340248,80.340248,269.614667,57.968627,74.412477,0,363658.53,6591909.38,199.7,RIGHT,176.8,495,29/10/2025,01:32:34,01:40:49,2055.859003,EX3600,225,22.0,10.0,32,269.614667,80.340248,56.893315,74.412477,57.968627,2360.591463,6626.266756
A185-001-25,A1850825_200_CN_2,6217758,4217758,EX012,EX3600BH,DT006,CAT 793,A-185-08-25,33.81,160.6,81.061026,81.061026,278.606326,50.910145,82.963649,0,363659.17,6591916.17,199.28,RIGHT,160.6,454,29/10/2025,01:40:49,01:48:23,1620.941766,EX3600,225,22.0,10.0,32,278.606326,81.061026,63.671506,82.963649,50.910145,2075.222399,5549.776031
A185-001-25,A1850825_200_CN_2,6217759,4217759,EX012,EX3600BH,DT040,CAT 793,A-185-08-25,42.44,176.63,90.135465,90.135465,286.87393,48.645276,87.229951,0,363659.59,6591911.18,199.46,STRAIGHT,176.6,440,29/10/2025,01:48:23,01:55:43,1757.080329,EX3600,225,22.0,10.0,32,286.87393,90.135465,60.863238,87.229951,48.645276,2216.596955,6209.499098
A185-001-25,A1850825_200_CN_2,6217760,4217760,EX012,EX3600BH,DT032,CAT 793,A-185-08-25,40.17,153.8,94.277029,94.277029,279.003063,46.4215,77.184067,0,363657.7,6591915.2,198.28,STRAIGHT,153.8,406,29/10/2025,01:55:43,02:02:29,1607.225019,EX3600,225,22.0,10.0,32,279.003063,94.277029,61.120467,77.184067,46.4215,1984.501385,5326.743091
A185-001-25,A1850825_200_CN_2,6217761,4217761,EX012,EX3600BH,DT046,CAT 793,A-185-08-25,50.52,151.56,93.980221,93.980221,273.470717,35.216254,87.04695,0,363658.67,6591914.82,199.55,LEFT,151.6,428,29/10/2025,02:02:29,02:09:37,1624.421415,EX3600,225,22.0,10.0,32,273.470717,93.980221,57.227292,87.04695,35.216254,1995.10346,5303.293348
A185-001-25,A1850825_200_CN_2,6217762,4217762,EX012,EX3600BH,DT026,CAT 793,A-185-08-25,38.97,169.9,82.144747,82.144747,284.491458,43.760704,89.658913,0,363657.75,6591912.98,199.95,LEFT,169.9,430,29/10/2025,02:09:37,02:16:47,1764.187983,EX3600,225,22.0,10.0,32,284.491458,82.144747,68.927094,89.658913,43.760704,2149.987728,5386.962292
A185-001-25,A1850825_200_CN_2,6217763,4217763,EX012,EX3600BH,DT016,CAT 793,A-185-08-25,32.59,162.57,102.693123,102.693123,304.753952,59.155429,75.547466,0,363658.78,6591915.06,198.23,LEFT,162.6,494,29/10/2025,02:16:47,02:25:01,1621.648081,EX3600,225,22.0,10.0,32,304.753952,102.693123,67.357934,75.547466,59.155429,1920.390768,5325.447618
A185-001-25,A1850825_200_CN_2,6217764,4217764,EX012,EX3600BH,DT071,HIT EH5000,A-185-08-25,38.71,161.45,94.846968,94.846968,289.440387,47.048491,89.6125,0,363657.25,6591913.22,198.01,STRAIGHT,161.5,417,29/10/2025,02:25:01,02:31:58,1619.78205,EX3600,250,22.0,10.0,32,289.440387,94.846968,57.932429,89.6125,47.048491,2008.141719,5583.730917
A185-001-25,A1850825_200_CN_2,6217765,4217765,EX012,EX3600BH,DT034,CAT 793,A-185-08-25,41.61,173.04,91.555846,91.555846,288.715838,39.184008,91.884791,0,363659.99,6591910.75,198.92,RIGHT,173.0,423,29/10/2025,02:31:58,02:39:01,1839.807488,EX3600,225,22.0,10.0,32,288.715838,91.555846,66.091194,91.884791,39.184008,2157.664811,5873.111224
A185-001-25,A1850825_200_CN_2,6217766,4217766,EX012,EX3600BH,DT050,HIT EH5000,A-185-08-25,52.64,178.4,94.305223,94.305223,272.620038,41.266637,82.654203,0,363664.87,6591913.55,199.1,STRAIGHT,178.4,437,29/10/2025,02:39:01,02:46:18,1970.175263,EX3600,250,22.0,10.0,32,272.620038,94.305223,54.393974,82.654203,41.266637,2355.796319,6591.995047
A185-001-25,A1850825_200_CN_2,6217767,4217767,EX012,EX3600BH,DT014,CAT 793,A-185-08-25,34.91,158.59,85.053241,85.053241,260.295792,40.595319,86.314241,0,363663.82,6591914.41,199.79,STRAIGHT,158.6,365,29/10/2025,02:46:18,02:52:23,1858.34017,EX3600,225,22.0,10.0,32,260.295792,85.053241,48.332991,86.314241,40.595319,2193.324779,6158.906289
A185-001-25,A1850825_200_CN_2,6217768,4217768,EX012,EX3600BH,DT010,CAT 793,A-185-08-25,45.13,158.16,86.794869,86.794869,284.497388,42.591771,87.339447,0,363665.16,6591912.87,199.48,RIGHT,158.2,476,29/10/2025,02:52:23,03:00:19,1698.765854,EX3600,225,22.0,10.0,32,284.497388,86.794869,67.7713,87.339447,42.591771,2001.301191,5640.969741
A185-001-25,A1850825_200_CN_2,6217769,4217769,EX012,EX3600BH,DT072,HIT EH5000,A-185-08-25,38.52,147.09,98.661015,98.661015,307.755321,56.463112,93.748158,0,363666.0,6591914.88,198.71,LEFT,147.1,511,29/10/2025,03:00:19,03:08:50,1521.603565,EX3600,250,22.0,10.0,32,307.755321,98.661015,58.883036,93.748158,56.463112,1720.560217,4680.26827
A185-001-25,A1850825_200_EN_2,6217770,4217770,EX012,EX3600BH,DT020,CAT 793,A-185-08-25,42.6,155.34,95.482073,95.482073,276.213622,41.95371,87.082193,0,363671.71,6591912.33,198.04,STRAIGHT,155.3,470,29/10/2025,03:08:50,03:16:40,1755.403173,EX3600,225,22.0,10.0,32,276.213622,95.482073,51.695647,87.082193,41.95371,2024.655361,5637.206153
A185-001-25,A1850825_200_CN_2,6217771,4217771,EX012,EX3600BH,DT003,CAT 793,A-185-08-25,39.81,158.47,89.035106,89.035106,281.848197,41.973988,89.262097,0,363664.58,6591913.69,198.4,RIGHT,158.5,486,29/10/2025,03:16:40,03:24:46,1748.80493,EX3600,225,22.0,10.0,32,281.848197,89.035106,61.577006,89.262097,41.973988,2024.148314,5708.098245
A185-001-25,A1850825_200_CN_2,6217772,4217772,EX012,EX3600BH,DT003,CAT 793,A-185-08-25,46.07,164.69,87.638766,87.638766,282.631479,41.553776,87.107818,0,363666.17,6591916.72,198.6,STRAIGHT,164.7,404,29/10/2025,03:24:46,03:31:30,1672.634533,EX3600,225,22.0,10.0,32,282.631479,87.638766,66.331119,87.107818,41.553776,2097.702894,5915.522162
A185-001-25,A1850825_200_CN_2,6217773,4217773,EX012,EX3600BH,DT088,HIT EH5000,A-185-08-25,43.98,177.31,85.543168,85.543168,263.112782,41.247233,80.258583,0,363665.5,6591913.24,199.45,STRAIGHT,177.3,487,29/10/2025,03:31:30,03:39:37,1969.497457,EX3600,250,22.0,10.0,32,263.112782,85.543168,56.063798,80.258583,41.247233,2425.962074,6841.213048
A185-001-25,A1850825_200_CN_2,6217774,4217774,EX012,EX3600BH,DT038,CAT 793,A-185-08-25,46.67,168.49,102.754865,102.754865,292.564778,47.222997,87.70768,0,363665.94,6591914.19,198.54,LEFT,168.5,501,29/10/2025,03:39:37,03:47:58,1742.906998,EX3600,225,22.0,10.0,32,292.564778,102.754865,54.879236,87.70768,47.222997,2073.221841,5704.53681
A185-001-25,A1850825_200_CN_2,6217775,4217775,EX012,EX3600BH,DT020,CAT 793,A-185-08-25,42.93,174.84,92.761352,92.761352,286.076581,43.033313,88.78233,0,363663.74,6591912.65,199.52,STRAIGHT,174.8,416,29/10/2025,03:47:58,03:54:54,1831.985075,EX3600,225,22.0,10.0,32,286.076581,92.761352,61.499587,88.78233,43.033313,2200.162728,5946.312801
A185-001-25,A1850825_200_CN_2,6217776,4217776,EX012,EX3600BH,DT030,CAT 793,A-185-08-25,37.27,163.54,99.230438,99.230438,320.530243,55.349108,97.011232,0,363665.36,6591910.52,199.25,LEFT,163.5,493,29/10/2025,03:54:54,04:03:07,1609.241082,EX3600,225,22.0,10.0,32,320.530243,99.230438,68.939465,97.011232,55.349108,1836.79259,5179.755103
A185-001-25,A1850825_200_CN_2,6217777,4217777,EX012,EX3600BH,DT062,HIT EH5000,A-185-08-25,42.39,154.87,100.783675,100.783675,295.830169,51.569979,77.849498,0,363666.1,6591915.82,198.37,RIGHT,154.9,487,29/10/2025,04:03:07,04:11:14,1566.839499,EX3600,250,22.0,10.0,32,295.830169,100.783675,65.627018,77.849498,51.569979,1884.671671,5314.774112
A185-001-25,A1850825_200_EN_2,6217778,4217778,EX012,EX3600BH,DT005,CAT 793,A-185-08-25,38.32,161.78,100.09295,100.09295,299.409717,51.504985,93.505379,0,363674.5,6591915.11,198.39,STRAIGHT,161.8,450,29/10/2025,04:11:14,04:18:44,1570.90446,EX3600,225,22.0,10.0,32,299.409717,100.09295,54.306403,93.505379,51.504985,1945.212427,5277.992089
A185-001-25,A1850825_200_EN_2,6217779,4217779,EX012,EX3600BH,DT014,CAT 793,A-185-08-25,42.88,162.41,96.922545,96.922545,297.985732,49.050541,91.379061,0,363677.36,6591913.66,198.54,STRAIGHT,162.4,479,29/10/2025,04:18:44,04:26:43,1679.658253,EX3600,225,22.0,10.0,32,297.985732,96.922545,60.633585,91.379061,49.050541,1962.130297,5482.22949
A185-001-25,A1850825_200_EN_2,6217780,4217780,EX012,EX3600BH,DT036,CAT 793,A-185-08-25,41.16,164.68,116.317988,116.317988,317.949247,42.619633,90.574082,0,363671.61,6591916.32,198.39,STRAIGHT,164.7,578,29/10/2025,04:26:43,04:36:21,1620.511666,EX3600,225,22.0,10.0,32,317.949247,116.317988,68.437544,90.574082,42.619633,1864.570139,5085.930204
A185-001-25,A1850825_200_EN_2,6217781,4217781,EX012,EX3600BH,DT004,CAT 793,A-185-08-25,42.31,164.18,99.13273,99.13273,299.938429,42.706386,93.133964,0,363674.27,6591916.88,199.54,LEFT,164.2,425,29/10/2025,04:36:21,04:43:26,1763.477035,EX3600,225,22.0,10.0,32,299.938429,99.13273,64.965349,93.133964,42.706386,1970.597604,5557.085244
A185-001-25,A1850825_200_EN_2,6217782,4217782,EX012,EX3600BH,DT014,CAT 793,A-185-08-25,54.79,164.36,108.943586,108.943586,321.436772,49.702158,90.572033,0,363674.13,6591913.56,198.55,RIGHT,164.4,421,29/10/2025,04:43:26,04:50:27,1485.669081,EX3600,225,22.0,10.0,32,321.436772,108.943586,72.218995,90.572033,49.702158,1840.819143,5013.937856
A185-001-25,A1850825_200_EN_2,6217783,4217783,EX012,EX3600BH,DT086,HIT EH5000,A-185-08-25,46.6,163.27,94.024383,94.024383,293.510238,51.59173,89.059987,0,363674.77,6591912.13,198.93,RIGHT,163.3,440,29/10/2025,04:50:27,04:57:47,1766.463844,EX3600,250,22.0,10.0,32,293.510238,94.024383,58.834139,89.059987,51.59173,2002.597725,5610.14016
A185-001-25,A1850825_200_EN_2,6217784,4217784,EX012,EX3600BH,DT021,CAT 793,A-185-08-25,38.33,157.95,85.458156,85.458156,290.291034,47.187601,95.616235,0,363670.93,6591914.26,198.86,RIGHT,157.9,446,29/10/2025,04:57:47,05:05:13,1534.802472,EX3600,225,22.0,10.0,32,290.291034,85.458156,62.029041,95.616235,47.187601,1958.775252,5523.746211
A185-001-25,A1850825_200_EN_2,6217785,4217785,EX012,EX3600BH,DT006,CAT 793,A-185-08-25,51.73,155.18,99.759428,99.759428,280.588351,38.345638,90.918469,0,363672.71,6591913.71,198.82,STRAIGHT,155.2,382,29/10/2025,05:05:13,05:11:35,1654.993089,EX3600,225,22.0,10.0,32,280.588351,99.759428,51.564817,90.918469,38.345638,1991.025287,5446.748519
A185-001-25,A1850825_200_EN_2,6217786,4217786,EX012,EX3600BH,DT069,HIT EH5000,A-185-08-25,57.61,172.83,85.349116,85.349116,255.430117,43.01767,79.647187,0,363675.86,6591916.09,199.72,STRAIGHT,172.8,384,29/10/2025,05:11:35,05:17:59,2161.606573,EX3600,250,22.0,10.0,32,255.430117,85.349116,47.416145,79.647187,43.01767,2435.87805,6869.176102
A185-001-25,A1850825_200_EN_2,6217787,4217787,EX012,EX3600BH,DT072,HIT EH5000,A-185-08-25,41.43,155.21,99.886835,99.886835,288.283579,46.541803,81.389342,0,363675.46,6591918.15,198.6,RIGHT,155.2,446,29/10/2025,05:17:59,05:25:25,1721.529861,EX3600,250,22.0,10.0,32,288.283579,99.886835,60.465598,81.389342,46.541803,1938.200121,5465.724341
A185-001-25,A1850825_200_EN_2,6217788,4217788,EX012,EX3600BH,DT021,CAT 793,A-185-08-25,49.03,155.06,95.29614,95.29614,264.486376,39.033164,83.08233,0,363676.6,6591918.04,199.14,STRAIGHT,155.1,446,29/10/2025,05:25:25,05:32:51,1868.970459,EX3600,225,22.0,10.0,32,264.486376,95.29614,47.074742,83.08233,39.033164,2110.558572,5951.775173
A185-001-25,A1850825_200_EN_2,6217789,4217789,EX012,EX3600BH,DT024,CAT 793,A-185-08-25,35.77,168.05,73.089152,73.089152,260.926486,42.793586,79.73375,0,363680.08,6591914.34,198.58,RIGHT,168.0,460,29/10/2025,05:32:51,05:40:31,1860.168693,EX3600,225,22.0,10.0,32,260.926486,73.089152,65.309998,79.73375,42.793586,2318.54783,6426.280243
A185-001-25,A1850825_200_EN_2,6217790,4217790,EX012,EX3600BH,DT006,CAT 793,A-185-08-25,45.8,163.55,90.822123,90.822123,286.882394,50.708853,90.237099,0,363683.66,6591917.75,198.82,STRAIGHT,163.5,397,29/10/2025,05:40:31,05:47:08,1655.645416,EX3600,225,22.0,10.0,32,286.882394,90.822123,55.11432,90.237099,50.708853,2052.3387,5716.913483
A185-001-25,A1850825_200_EN_2,6217791,4217791,EX012,EX3600BH,DT043,CAT 793,A-185-08-25,46.85,159.16,87.512385,87.512385,299.287279,44.069778,94.106537,0,363678.33,6591915.47,199.6,STRAIGHT,159.2,521,29/10/2025,05:47:08,05:55:49,1569.563629,EX3600,225,22.0,10.0,32,299.287279,87.512385,73.598578,94.106537,44.069778,1914.452346,5300.030234
A185-001-25,A1850825_200_EN_2,6217792,4217792,EX012,EX3600BH,DT031,CAT 793,A-185-08-25,39.24,159.01,82.147438,82.147438,271.112125,44.840871,80.645378,0,363683.63,6591915.31,198.48,LEFT,159.0,413,29/10/2025,05:55:49,06:02:42,1861.974029,EX3600,225,22.0,10.0,32,271.112125,82.147438,63.478437,80.645378,44.840871,2111.41306,5915.832485
A185-001-25,A1850825_200_EN_2,6217793,4217793,EX012,EX3600BH,DT009,CAT 793,A-185-08-25,41.69,166.26,103.774881,103.774881,283.109505,42.3917,74.850359,0,363683.55,6591917.15,199.03,LEFT,166.3,454,29/10/2025,06:02:42,06:10:16,1668.921116,EX3600,225,22.0,10.0,32,283.109505,103.774881,62.092564,74.850359,42.3917,2114.101643,5917.245356
A185-001-25,A1850825_200_EN_2,6217794,4217794,EX012,EX3600BH,DT020,CAT 793,A-185-08-25,37.39,163.55,100.821815,100.821815,300.76731,50.95257,81.584581,0,363679.48,6591915.43,199.53,LEFT,163.6,547,29/10/2025,06:10:16,06:19:23,1622.973021,EX3600,225,22.0,10.0,32,300.76731,100.821815,67.408344,81.584581,50.95257,1957.61612,5279.256121
A185-001-25,A1850825_200_EN_2,6217795,4217795,EX012,EX3600BH,DT046,CAT 793,A-185-08-25,43.57,165.47,91.473648,91.473648,280.807066,40.623153,92.773333,0,363682.31,6591914.22,200.14,RIGHT,165.5,414,29/10/2025,06:19:23,06:26:17,1708.132884,EX3600,225,22.0,10.0,32,280.807066,91.473648,55.936932,92.773333,40.623153,2121.321518,5926.136684
A185-001-25,A1850825_200_EN_2,6217796,4217796,EX012,EX3600BH,DT083,HIT EH5000,A-185-08-25,34.58,173.43,98.087071,98.087071,288.538243,46.736319,87.257326,0,363683.74,6591913.5,199.92,LEFT,173.4,434,29/10/2025,06:26:17,06:33:31,1812.014154,EX3600,250,22.0,10.0,32,288.538243,98.087071,56.457527,87.257326,46.736319,2163.850847,6102.05939
A185-001-25,A1850825_200_EN_2,6217797,4217797,EX012,EX3600BH,DT013,CAT 793,A-185-08-25,44.99,169.25,102.236591,102.236591,297.794762,37.928248,96.298459,0,363682.5,6591912.23,199.18,STRAIGHT,169.2,396,29/10/2025,06:33:31,06:40:07,1620.264548,EX3600,225,22.0,10.0,32,297.794762,102.236591,61.331464,96.298459,37.928248,2046.039863,5537.403452
A185-001-25,A1850825_200_EN_2,6217798,4217798,EX012,EX3600BH,DT028,CAT 793,A-185-08-25,49.76,190.16,108.771375,108.771375,302.633722,44.616865,85.392705,0,363684.45,6591913.09,198.74,LEFT,190.2,403,29/10/2025,06:40:07,06:46:50,1858.414502,EX3600,225,22.0,10.0,32,302.633722,108.771375,63.852777,85.392705,44.616865,2262.117655,6320.609469
A185-001-25,A1850825_200_EN_2,6217799,4217799,EX012,EX3600BH,DT085,HIT EH5000,A-185-08-25,41.1,174.41,94.901325,94.901325,281.57116,40.889767,84.907636,0,363682.48,6591914.64,198.95,RIGHT,174.4,434,29/10/2025,06:46:50,06:54:04,1870.111758,EX3600,250,22.0,10.0,32,281.57116,94.901325,60.872432,84.907636,40.889767,2229.965419,6241.574124
A185-001-25,A1850825_200_EN_2,6217800,4217800,EX012,EX3600BH,DT038,CAT 793,A-185-08-25,48.63,182.26,108.030247,108.030247,290.934948,36.445624,90.634662,0,363681.43,6591918.35,198.61,STRAIGHT,182.3,412,29/10/2025,06:54:04,07:00:56,1897.379986,EX3600,225,22.0,10.0,32,290.934948,108.030247,55.824414,90.634662,36.445624,2255.316769,6139.925943
A185-001-25,A1850825_200_EN_3,6217801,4217801,EX012,EX3600BH,DT005,CAT 793,A-185-08-25,39.23,159.36,115.833691,115.833691,314.238404,45.552993,81.301553,0,363691.35,6591917.71,200.04,RIGHT,159.4,472,29/10/2025,07:00:56,07:08:48,1600.120367,EX3600,225,22.0,10.0,32,314.238404,115.833691,71.550167,81.301553,45.552993,1825.654025,4796.074672
A185-001-25,A1850825_200_EN_3,6217802,4217802,EX012,EX3600BH,DT023,CAT 793,A-185-08-25,29.91,165.13,127.197401,127.197401,324.35159,45.127193,94.09101,0,363692.05,6591916.86,198.84,LEFT,165.1,446,29/10/2025,07:08:48,07:16:14,1561.772321,EX3600,225,22.0,10.0,32,324.35159,127.197401,57.935986,94.09101,45.127193,1832.781558,4755.50405
A185-001-25,A1850825_200_EN_3,6217803,4217803,EX012,EX3600BH,DT027,CAT 793,A-185-08-25,45.93,161.59,119.736187,119.736187,332.068977,56.656996,89.972295,0,363688.39,6591916.02,199.53,LEFT,161.6,480,29/10/2025,07:16:14,07:24:14,1420.474094,EX3600,225,22.0,10.0,32,332.068977,119.736187,65.703499,89.972295,56.656996,1751.840896,4677.785152
A185-001-25,A1850825_200_EN_3,6217804,4217804,EX012,EX3600BH,DT034,CAT 793,A-185-08-25,33.15,154.97,100.118611,100.118611,279.889503,45.808391,79.475614,0,363690.11,6591918.11,199.39,STRAIGHT,155.0,427,29/10/2025,07:24:14,07:31:21,1734.305614,EX3600,225,22.0,10.0,32,279.889503,100.118611,54.486887,79.475614,45.808391,1993.201998,5238.520155
A185-001-25,A1850825_200_EN_3,6217805,4217805,EX012,EX3600BH,DT021,CAT 793,A-185-08-25,51.63,154.88,105.787035,105.787035,307.742092,44.381465,95.233556,0,363688.92,6591918.14,199.07,RIGHT,154.9,446,29/10/2025,07:31:21,07:38:47,1574.40237,EX3600,225,22.0,10.0,32,307.742092,105.787035,62.340036,95.233556,44.381465,1811.7862,4694.002596
A185-001-25,A1850825_200_EN_3,6217806,4217806,EX012,EX3600BH,DT010,CAT 793,A-185-08-25,37.56,145.48,129.263531,129.263531,325.194462,49.668491,80.887136,0,363689.12,6591920.18,199.45,LEFT,145.5,466,29/10/2025,07:38:47,07:46:33,1408.826764,EX3600,225,22.0,10.0,32,325.194462,129.263531,65.375304,80.887136,49.668491,1610.466904,4301.170688
A185-001-25,A1850825_200_EN_3,6217807,4217807,EX012,EX3600BH,DT045,CAT 793,A-185-08-25,42.72,154.18,116.72446,116.72446,300.808504,45.106493,81.313152,0,363689.32,6591918.15,199.4,STRAIGHT,154.2,469,29/10/2025,07:46:33,07:54:22,1429.072759,EX3600,225,22.0,10.0,32,300.808504,116.72446,57.664399,81.313152,45.106493,1845.223181,5132.995034
A185-001-25,A1850825_200_EN_3,6217808,4217808,EX012,EX3600BH,DT031,CAT 793,A-185-08-25,42.0,157.8,118.052945,118.052945,325.37901,44.311345,99.391742,0,363691.12,6591914.64,198.51,LEFT,157.8,460,29/10/2025,07:54:22,08:02:02,1525.664337,EX3600,225,22.0,10.0,32,325.37901,118.052945,63.622979,99.391742,44.311345,1745.95206,4570.761474
A185-001-25,A1850825_200_EN_3,6217809,4217809,EX012,EX3600BH,DT031,CAT 793,A-185-08-25,33.16,147.24,111.106942,111.106942,297.255099,40.078936,81.89153,0,363691.48,6591918.6,199.27,LEFT,147.2,394,29/10/2025,08:02:02,08:08:36,1492.927076,EX3600,225,22.0,10.0,32,297.255099,111.106942,64.177691,81.89153,40.078936,1783.184537,4759.830194
A185-001-25,A1850825_200_EN_3,6217810,4217810,EX012,EX3600BH,DT021,CAT 793,A-185-08-25,38.61,149.13,121.062844,121.062844,319.509127,35.289566,95.353521,0,363690.93,6591916.17,199.7,STRAIGHT,149.1,483,29/10/2025,08:08:36,08:16:39,1365.012103,EX3600,225,22.0,10.0,32,319.509127,121.062844,67.803196,95.353521,35.289566,1680.284758,4399.438082
A185-001-25,A1850825_200_EN_3,6217811,4217811,EX012,EX3600BH,DT015,CAT 793,A-185-08-25,47.02,153.96,118.506171,118.506171,307.92286,53.833105,81.513962,0,363691.88,6591918.22,198.96,LEFT,154.0,463,29/10/2025,08:16:39,08:24:22,1649.919086,EX3600,225,22.0,10.0,32,307.92286,118.506171,54.069622,81.513962,53.833105,1800.034198,4790.230086
A185-001-25,A1850825_200_EN_3,6217812,4217812,EX012,EX3600BH,DT040,CAT 793,A-185-08-25,56.92,170.75,113.676383,113.676383,307.3505,43.934658,83.111765,0,363688.83,6591917.94,199.53,LEFT,170.7,414,29/10/2025,08:24:22,08:31:16,1654.188651,EX3600,225,22.0,10.0,32,307.3505,113.676383,66.627693,83.111765,43.934658,1999.976284,5170.997841
A185-001-25,A1850825_200_EN_3,6217813,4217813,EX012,EX3600BH,DT019,CAT 793,A-185-08-25,44.34,171.07,116.824127,116.824127,309.748013,40.708363,101.066681,0,363690.63,6591914.11,199.39,RIGHT,171.1,359,29/10/2025,08:31:16,08:37:15,1683.996561,EX3600,225,22.0,10.0,32,309.748013,116.824127,51.148843,101.066681,40.708363,1988.280742,5115.755133
A185-001-25,A1850825_200_EN_3,6217814,4217814,EX012,EX3600BH,DT027,CAT 793,A-185-08-25,41.47,159.23,118.726238,118.726238,317.440687,47.138873,87.168453,0,363695.55,6591919.29,199.4,STRAIGHT,159.2,463,29/10/2025,08:37:15,08:44:58,1444.625182,EX3600,225,22.0,10.0,32,317.440687,118.726238,64.407123,87.168453,47.138873,1805.731718,4856.838117
A185-001-25,A1850825_200_EN_3,6217815,4217815,EX012,EX3600BH,DT013,CAT 793,A-185-08-25,30.37,160.1,116.263386,116.263386,320.697867,40.261868,92.999507,0,363695.65,6591913.43,199.31,STRAIGHT,160.1,371,29/10/2025,08:44:58,08:51:09,1601.219437,EX3600,225,22.0,10.0,32,320.697867,116.263386,71.173106,92.999507,40.261868,1797.215165,4906.550781
A185-001-25,A1850825_200_EN_3,6217816,4217816,EX012,EX3600BH,DT024,CAT 793,A-185-08-25,40.21,158.38,123.535658,123.535658,325.421188,43.578881,95.048794,0,363697.51,6591916.38,199.65,LEFT,158.4,509,29/10/2025,08:51:09,08:59:38,1425.904175,EX3600,225,22.0,10.0,32,325.421188,123.535658,63.257856,95.048794,43.578881,1752.113522,4553.133091
A185-001-25,A1850825_200_EN_3,6217817,4217817,EX012,EX3600BH,DT023,CAT 793,A-185-08-25,47.37,159.18,111.830195,111.830195,300.604681,43.877082,79.811539,0,363694.82,6591920.0,199.2,RIGHT,159.2,429,29/10/2025,08:59:38,09:06:47,1486.503024,EX3600,225,22.0,10.0,32,300.604681,111.830195,65.085865,79.811539,43.877082,1906.335044,5245.444007
A185-001-25,A1850825_200_EN_3,6217818,4217818,EX012,EX3600BH,DT036,CAT 793,A-185-08-25,46.38,166.92,101.800571,101.800571,272.004424,35.774398,86.256184,0,363697.16,6591917.18,199.42,STRAIGHT,166.9,451,29/10/2025,09:06:47,09:14:18,1914.165367,EX3600,225,22.0,10.0,32,272.004424,101.800571,48.173272,86.256184,35.774398,2209.254156,5833.130561
A185-001-25,A1850825_200_EN_3,6217819,4217819,EX012,EX3600BH,DT004,CAT 793,A-185-08-25,42.28,154.27,107.180267,107.180267,293.378174,43.805367,85.794107,0,363693.39,6591917.74,198.47,STRAIGHT,154.3,477,29/10/2025,09:14:18,09:22:15,1547.47665,EX3600,225,22.0,10.0,32,293.378174,107.180267,56.598433,85.794107,43.805367,1893.054088,5001.707611
A185-001-25,A1850825_200_EN_3,6217820,4217820,EX012,EX3600BH,DT040,CAT 793,A-185-08-25,51.22,153.65,114.738115,114.738115,319.496262,52.261021,85.028057,0,363698.69,6591916.26,198.84,STRAIGHT,153.6,461,29/10/2025,09:22:15,09:29:56,1365.683296,EX3600,225,22.0,10.0,32,319.496262,114.738115,67.469069,85.028057,52.261021,1731.251608,4649.763064
A185-001-25,A1850825_200_EN_3,6217821,4217821,EX012,EX3600BH,DT085,HIT EH5000,A-185-08-25,39.5,159.37,119.45788,119.45788,329.806612,47.445608,95.690746,0,363695.41,6591919.04,198.63,LEFT,159.4,528,29/10/2025,09:29:56,09:38:44,1474.182534,EX3600,250,22.0,10.0,32,329.806612,119.45788,67.212378,95.690746,47.445608,1739.567994,4727.88543
A185-001-25,A1850825_200_EN_3,6217822,4217822,EX012,EX3600BH,DT038,CAT 793,A-185-08-25,50.14,165.67,110.576939,110.576939,324.719997,46.25481,95.675648,0,363697.93,6591919.12,199.43,STRAIGHT,165.7,499,29/10/2025,09:38:44,09:47:03,1470.893553,EX3600,225,22.0,10.0,32,324.719997,110.576939,72.2126,95.675648,46.25481,1836.740185,5007.295006
A185-001-25,A1850825_200_EN_3,6217823,4217823,EX012,EX3600BH,DT012,CAT 793,A-185-08-25,42.58,169.53,105.727891,105.727891,312.213245,49.70109,90.726187,0,363698.14,6591921.23,198.27,RIGHT,169.5,451,29/10/2025,09:47:03,09:54:34,1642.384139,EX3600,225,22.0,10.0,32,312.213245,105.727891,66.058077,90.726187,49.70109,1954.748513,5462.074556
A185-001-25,A1850825_200_EN_3,6217824,4217824,EX012,EX3600BH,DT004,CAT 793,A-185-08-25,37.4,154.88,119.033414,119.033414,309.91818,45.759214,85.686025,0,363697.73,6591918.88,199.21,RIGHT,154.9,502,29/10/2025,09:54:34,10:02:56,1537.208593,EX3600,225,22.0,10.0,32,309.91818,119.033414,59.439528,85.686025,45.759214,1799.11196,4818.59364
A185-001-25,A1850825_200_EN_3,6217825,4217825,EX012,EX3600BH,DT007,CAT 793,A-185-08-25,33.14,160.27,114.828664,114.828664,301.004833,48.253484,92.900322,0,363697.61,6591917.12,199.21,RIGHT,160.3,467,29/10/2025,10:02:56,10:10:43,1630.241426,EX3600,225,22.0,10.0,32,301.004833,114.828664,45.022363,92.900322,48.253484,1916.780892,5049.256589
A185-001-25,A1850825_200_EN_3,6217826,4217826,EX012,EX3600BH,DT085,HIT EH5000,A-185-08-25,41.49,177.2,119.214161,119.214161,323.747969,43.975232,105.635685,0,363701.9,6591918.26,198.31,LEFT,177.2,488,29/10/2025,10:10:43,10:18:51,1669.216845,EX3600,250,22.0,10.0,32,323.747969,119.214161,54.92289,105.635685,43.975232,1970.377075,5307.609967
A185-001-25,A1850825_200_CN_1,6217827,4217827,EX012,EX3600BH,DT018,CAT 793,A-185-08-25,29.41,176.44,114.100954,114.100954,290.017607,41.20075,71.829819,0,363662.59,6591908.97,199.98,RIGHT,176.4,396,29/10/2025,10:18:51,10:25:27,1786.299419,EX3600,225,22.0,10.0,32,290.017607,114.100954,62.886085,71.829819,41.20075,2190.098123,5968.053058
A185-001-25,A1850825_200_CN_1,6217828,4217828,EX012,EX3600BH,DT008,CAT 793,A-185-08-25,46.12,177.33,103.30914,103.30914,296.459745,39.840486,82.422823,0,363664.55,6591902.99,198.83,RIGHT,177.3,439,29/10/2025,10:25:27,10:32:46,1759.961874,EX3600,225,22.0,10.0,32,296.459745,103.30914,70.887297,82.422823,39.840486,2153.351208,6041.85888
A185-001-25,A1850825_200_CN_1,6217829,4217829,EX012,EX3600BH,DT041,CAT 793,A-185-08-25,36.55,171.19,100.757867,100.757867,290.416405,42.536903,81.122305,0,363665.61,6591904.77,198.62,RIGHT,171.2,490,29/10/2025,10:32:46,10:40:56,1883.91274,EX3600,225,22.0,10.0,32,290.416405,100.757867,65.99933,81.122305,42.536903,2122.016774,5983.316671
A185-001-25,A1850825_200_CN_1,6217830,4217830,EX012,EX3600BH,DT042,CAT 793,A-185-08-25,31.59,158.63,90.266852,90.266852,278.736067,46.748616,89.33376,0,363660.8,6591905.46,199.68,LEFT,158.6,446,29/10/2025,10:40:56,10:48:22,1701.849246,EX3600,225,22.0,10.0,32,278.736067,90.266852,52.386839,89.33376,46.748616,2048.825528,5756.185668
A185-001-25,A1850825_200_CN_1,6217831,4217831,EX012,EX3600BH,DT055,HIT EH5000,A-185-08-25,35.18,170.58,93.417279,93.417279,280.040926,42.354209,85.088905,0,363659.54,6591908.7,198.53,LEFT,170.6,390,29/10/2025,10:48:22,10:54:52,1873.757464,EX3600,250,22.0,10.0,32,280.040926,93.417279,59.180533,85.088905,42.354209,2192.861922,6183.870621
A185-001-25,A1850825_200_CN_1,6217832,4217832,EX012,EX3600BH,DT046,CAT 793,A-185-08-25,61.21,183.64,124.319721,124.319721,300.208855,36.883877,82.413431,0,363666.01,6591904.51,198.7,STRAIGHT,183.6,403,29/10/2025,10:54:52,11:01:35,1888.271109,EX3600,225,22.0,10.0,32,300.208855,124.319721,56.591825,82.413431,36.883877,2202.09074,5967.109212
A185-001-25,A1850825_200_CN_1,6217833,4217833,EX012,EX3600BH,DT019,CAT 793,A-185-08-25,33.18,168.62,91.751154,91.751154,277.731122,43.823509,84.576494,0,363661.7,6591908.87,198.6,RIGHT,168.6,463,29/10/2025,11:01:35,11:09:18,1768.5553,EX3600,225,22.0,10.0,32,277.731122,91.751154,57.579965,84.576494,43.823509,2185.665287,5926.797537
A185-001-25,A1850825_200_CN_1,6217834,4217834,EX012,EX3600BH,DT003,CAT 793,A-185-08-25,39.0,165.99,106.631726,106.631726,294.156137,45.920258,83.567578,0,363664.85,6591903.55,198.37,LEFT,166.0,413,29/10/2025,11:09:18,11:16:11,1657.02109,EX3600,225,22.0,10.0,32,294.156137,106.631726,58.036575,83.567578,45.920258,2031.480913,5728.776175
A185-001-25,A1850825_200_CN_1,6217835,4217835,EX012,EX3600BH,DT040,CAT 793,A-185-08-25,44.69,170.73,108.356958,108.356958,298.295646,44.963203,81.846177,0,363662.71,6591908.04,198.8,RIGHT,170.7,449,29/10/2025,11:16:11,11:23:40,1716.512893,EX3600,225,22.0,10.0,32,298.295646,108.356958,63.129308,81.846177,44.963203,2060.479929,5776.287602
A185-001-25,A1850825_200_CN_1,6217836,4217836,EX012,EX3600BH,DT033,CAT 793,A-185-08-25,55.49,178.71,120.274742,120.274742,324.335204,37.199805,99.976011,0,363661.65,6591904.87,198.87,RIGHT,178.7,430,29/10/2025,11:23:40,11:30:50,1716.619992,EX3600,225,22.0,10.0,32,324.335204,120.274742,66.884647,99.976011,37.199805,1983.644326,5477.611275
A185-001-25,A1850825_200_CN_1,6217837,4217837,EX012,EX3600BH,DT008,CAT 793,A-185-08-25,33.13,168.94,103.688638,103.688638,310.751534,51.644648,87.590733,0,363663.34,6591904.6,199.02,STRAIGHT,168.9,535,29/10/2025,11:30:50,11:39:45,1559.484105,EX3600,225,22.0,10.0,32,310.751534,103.688638,67.827514,87.590733,51.644648,1957.189255,5300.594656
A185-001-25,A1850825_200_EN_1,6217838,4217838,EX012,EX3600BH,DT011,CAT 793,A-185-08-25,37.37,158.64,89.797187,89.797187,262.218309,46.122789,80.801368,0,363671.22,6591904.95,199.82,RIGHT,158.6,375,29/10/2025,11:39:45,11:46:00,1761.373713,EX3600,225,22.0,10.0,32,262.218309,89.797187,45.496964,80.801368,46.122789,2177.991046,6141.934751
A185-001-25,A1850825_200_CN_1,6217839,4217839,EX012,EX3600BH,DT030,CAT 793,A-185-08-25,47.01,157.61,86.284668,86.284668,280.850557,46.960429,95.74905,0,363668.77,6591906.18,198.68,LEFT,157.6,509,29/10/2025,11:46:00,11:54:29,1786.90411,EX3600,225,22.0,10.0,32,280.850557,86.284668,51.856409,95.74905,46.960429,2020.282996,5697.198048
A185-001-25,A1850825_200_EN_1,6217840,4217840,EX012,EX3600BH,DT069,HIT EH5000,A-185-08-25,37.56,161.01,96.759586,96.759586,290.762812,42.248455,82.931658,0,363673.43,6591907.58,198.78,LEFT,161.0,423,29/10/2025,11:54:29,12:01:32,1803.717128,EX3600,250,22.0,10.0,32,290.762812,96.759586,68.823113,82.931658,42.248455,1993.521642,5621.731032
A185-001-25,A1850825_200_EN_1,6217841,4217841,EX012,EX3600BH,DT004,CAT 793,A-185-08-25,44.26,171.68,121.094735,121.094735,320.205908,48.140546,91.546239,0,363671.77,6591907.4,199.63,RIGHT,171.7,481,29/10/2025,12:01:32,12:09:33,1702.347646,EX3600,225,22.0,10.0,32,320.205908,121.094735,59.424389,91.546239,48.140546,1930.133532,5442.976561
A185-001-25,A1850825_200_EN_1,6217842,4217842,EX012,EX3600BH,DT003,CAT 793,A-185-08-25,44.7,156.58,111.823482,111.823482,330.863576,50.247917,82.96546,0,363671.96,6591907.01,199.06,STRAIGHT,156.6,558,29/10/2025,12:09:33,12:18:51,1428.704323,EX3600,225,22.0,10.0,32,330.863576,111.823482,85.826718,82.96546,50.247917,1703.688754,4804.402285
A185-001-25,A1850825_200_CN_1,6217843,4217843,EX012,EX3600BH,DT031,CAT 793,A-185-08-25,44.59,164.31,99.759002,99.759002,274.052786,46.276942,73.489444,0,363669.03,6591908.24,199.15,LEFT,164.3,397,29/10/2025,12:18:51,12:25:28,1832.460484,EX3600,225,22.0,10.0,32,274.052786,99.759002,54.527398,73.489444,46.276942,2158.456249,5943.092133
A185-001-25,A1850825_200_CN_1,6217844,4217844,EX012,EX3600BH,DT008,CAT 793,A-185-08-25,43.23,164.51,96.865337,96.865337,290.177704,41.27295,86.726085,0,363667.55,6591907.61,199.06,LEFT,164.5,426,29/10/2025,12:25:28,12:32:34,1703.669793,EX3600,225,22.0,10.0,32,290.177704,96.865337,65.313333,86.726085,41.27295,2040.904979,5755.35204
A185-001-25,A1850825_200_CN_1,6217845,4217845,EX012,EX3600BH,DT077,HIT EH5000,A-185-08-25,53.43,160.29,92.52006,92.52006,288.867898,47.757858,91.427281,0,363668.61,6591906.21,198.55,RIGHT,160.3,413,29/10/2025,12:32:34,12:39:27,1681.493813,EX3600,250,22.0,10.0,32,288.867898,92.52006,57.1627,91.427281,47.757858,1997.625075,5633.30271
A185-001-25,A1850825_200_EN_1,6217846,4217846,EX012,EX3600BH,DT046,CAT 793,A-185-08-25,47.9,162.71,108.102547,108.102547,313.890222,53.866851,86.432518,0,363673.51,6591905.88,198.44,STRAIGHT,162.7,468,29/10/2025,12:39:27,12:47:15,1608.704521,EX3600,225,22.0,10.0,32,313.890222,108.102547,65.488305,86.432518,53.866851,1866.115296,5262.445136
A185-001-25,A1850825_200_EN_1,6217847,4217847,EX012,EX3600BH,DT041,CAT 793,A-185-08-25,45.29,167.28,96.35596,96.35596,308.085714,54.644633,96.362643,0,363671.78,6591905.99,198.9,LEFT,167.3,458,29/10/2025,12:47:15,12:54:53,1591.419059,EX3600,225,22.0,10.0,32,308.085714,96.35596,60.722479,96.362643,54.644633,1954.696474,5512.244057
A185-001-25,A1850825_200_CN_1,6217848,4217848,EX012,EX3600BH,DT087,HIT EH5000,A-185-08-25,39.91,167.29,107.1354,107.1354,282.11386,45.318594,75.704598,0,363668.43,6591909.2,198.46,RIGHT,167.3,397,29/10/2025,12:54:53,13:01:30,1770.92728,EX3600,250,22.0,10.0,32,282.11386,107.1354,53.955269,75.704598,45.318594,2134.712527,6019.889326
A185-001-25,A1850825_200_CN_1,6217849,4217849,EX012,EX3600BH,DT020,CAT 793,A-185-08-25,32.7,153.95,88.537915,88.537915,264.115345,41.314315,68.071632,0,363667.34,6591908.09,199.62,STRAIGHT,153.9,370,29/10/2025,13:01:30,13:07:40,1856.762589,EX3600,225,22.0,10.0,32,264.115345,88.537915,66.191483,68.071632,41.314315,2098.391953,5911.979578
A185-001-25,A1850825_200_EN_1,6217850,4217850,EX012,EX3600BH,DT003,CAT 793,A-185-08-25,50.91,173.04,100.638674,100.638674,306.859275,39.562452,93.072177,0,363671.34,6591906.19,198.35,STRAIGHT,173.0,459,29/10/2025,13:07:40,13:15:19,1610.120201,EX3600,225,22.0,10.0,32,306.859275,100.638674,73.585971,93.072177,39.562452,2030.031557,5724.68899
A185-001-25,A1850825_200_EN_1,6217851,4217851,EX012,EX3600BH,DT020,CAT 793,A-185-08-25,34.71,162.33,84.064438,84.064438,282.496438,40.995792,100.317984,0,363679.79,6591908.61,198.97,RIGHT,162.3,442,29/10/2025,13:15:19,13:22:41,1678.565937,EX3600,225,22.0,10.0,32,282.496438,84.064438,57.118225,100.317984,40.995792,2068.596013,5833.440756
A185-001-25,A1850825_200_EN_1,6217852,4217852,EX012,EX3600BH,DT036,CAT 793,A-185-08-25,40.66,167.3,93.234618,93.234618,282.122296,43.537417,77.530587,0,363678.28,6591905.52,198.2,RIGHT,167.3,462,29/10/2025,13:22:41,13:30:23,1855.760859,EX3600,225,22.0,10.0,32,282.122296,93.234618,67.819674,77.530587,43.537417,2134.798086,6020.130604
A185-001-25,A1850825_200_EN_1,6217853,4217853,EX012,EX3600BH,DT065,HIT EH5000,A-185-08-25,49.63,173.7,95.619711,95.619711,292.373993,36.668304,89.944604,0,363678.2,6591907.21,199.24,LEFT,173.7,315,29/10/2025,13:30:23,13:35:38,1870.345671,EX3600,250,22.0,10.0,32,292.373993,95.619711,70.141374,89.944604,36.668304,2138.73832,5996.721038
A185-001-25,A1850825_200_EN_1,6217854,4217854,EX012,EX3600BH,DT012,CAT 793,A-185-08-25,36.2,168.66,98.138659,98.138659,280.981843,35.456778,82.046715,0,363678.84,6591909.7,198.75,LEFT,168.7,413,29/10/2025,13:35:38,13:42:31,1780.14119,EX3600,225,22.0,10.0,32,280.981843,98.138659,65.339691,82.046715,35.456778,2160.965803,6093.923563
A185-001-25,A1850825_200_EN_1,6217855,4217855,EX012,EX3600BH,DT038,CAT 793,A-185-08-25,32.7,188.01,93.229494,93.229494,286.291265,42.955258,84.154285,0,363682.47,6591906.18,198.62,LEFT,188.0,362,29/10/2025,13:42:31,13:48:33,2084.61283,EX3600,225,22.0,10.0,32,286.291265,93.229494,65.952228,84.154285,42.955258,2364.122427,6585.287552
A185-001-25,A1850825_200_EN_1,6217856,4217856,EX012,EX3600BH,DT039,CAT 793,A-185-08-25,52.33,179.67,107.910625,107.910625,290.137879,38.076202,82.621206,0,363682.15,6591907.48,198.46,LEFT,179.7,455,29/10/2025,13:48:33,13:56:08,1820.742928,EX3600,225,22.0,10.0,32,290.137879,107.910625,61.529845,82.621206,38.076202,2229.373933,6286.834491
A185-001-25,A1850825_200_EN_1,6217857,4217857,EX012,EX3600BH,DT021,CAT 793,A-185-08-25,29.8,163.54,100.860385,100.860385,295.700107,40.773377,87.649059,0,363678.03,6591906.71,199.31,LEFT,163.5,416,29/10/2025,13:56:08,14:03:04,1698.331515,EX3600,225,22.0,10.0,32,295.700107,100.860385,66.417286,87.649059,40.773377,1991.056176,5614.778416
A185-001-25,A1850825_200_EN_1,6217858,4217858,EX012,EX3600BH,DT016,CAT 793,A-185-08-25,62.45,187.36,88.009252,88.009252,292.972609,48.782283,80.116357,0,363681.7,6591906.89,200.14,STRAIGHT,187.4,500,29/10/2025,14:03:04,14:11:24,1843.066458,EX3600,225,22.0,10.0,32,292.972609,88.009252,76.064718,80.116357,48.782283,2302.230842,6492.290975
A185-001-25,A1850825_200_EN_1,6217859,4217859,EX012,EX3600BH,DT028,CAT 793,A-185-08-25,58.93,176.79,90.107259,90.107259,279.075954,42.146693,92.818965,0,363677.01,6591911.89,199.07,STRAIGHT,176.8,432,29/10/2025,14:11:24,14:18:36,1812.146226,EX3600,225,22.0,10.0,32,279.075954,90.107259,54.003036,92.818965,42.146693,2280.506631,6364.928558
A185-001-25,A1850825_200_EN_1,6217860,4217860,EX012,EX3600BH,DT005,CAT 793,A-185-08-25,59.5,178.49,104.878909,104.878909,301.823873,41.986112,88.913646,0,363680.66,6591909.3,198.82,RIGHT,178.5,428,29/10/2025,14:18:36,14:25:44,1670.520499,EX3600,225,22.0,10.0,32,301.823873,104.878909,66.045205,88.913646,41.986112,2128.880822,6003.443918
A185-001-25,A1850825_200_EN_1,6217861,4217861,EX012,EX3600BH,DT035,CAT 793,A-185-08-25,32.59,160.69,84.291132,84.291132,279.171903,46.322039,86.31547,0,363680.0,6591909.82,199.5,STRAIGHT,160.7,417,29/10/2025,14:25:44,14:32:41,1748.794009,EX3600,225,22.0,10.0,32,279.171903,84.291132,62.243263,86.31547,46.322039,2072.131216,5824.232882
A185-001-25,A1850825_200_EN_1,6217862,4217862,EX012,EX3600BH,DT014,CAT 793,A-185-08-25,44.05,168.12,94.551482,94.551482,301.373093,44.617356,92.624489,0,363675.48,6591908.27,198.36,STRAIGHT,168.1,436,29/10/2025,14:32:41,14:39:57,1703.063868,EX3600,225,22.0,10.0,32,301.373093,94.551482,69.579765,92.624489,44.617356,2008.302087,5663.411886
A185-001-25,A1850825_200_EN_2,6217863,4217863,EX012,EX3600BH,DT070,HIT EH5000,A-185-08-25,36.18,175.14,114.022043,114.022043,298.658209,43.511911,79.914371,0,363700.4,6591911.19,198.27,STRAIGHT,175.1,467,29/10/2025,14:39:57,14:47:44,1873.64061,EX3600,250,22.0,10.0,32,298.658209,114.022043,61.209885,79.914371,43.511911,2111.157785,5891.197819
A185-001-25,A1850825_200_EN_2,6217864,4217864,EX012,EX3600BH,DT060,HIT EH5000,A-185-08-25,43.2,171.73,104.187869,104.187869,290.180048,44.667672,87.334957,0,363693.48,6591913.8,199.24,RIGHT,171.7,427,29/10/2025,14:47:44,14:54:51,1737.629856,EX3600,250,22.0,10.0,32,290.180048,104.187869,53.98955,87.334957,44.667672,2130.514356,5839.06267
A185-001-25,A1850825_200_EN_2,6217865,4217865,EX012,EX3600BH,DT033,CAT 793,A-185-08-25,30.7,173.74,86.448092,86.448092,279.734595,40.641244,93.523979,0,363695.81,6591911.88,198.14,STRAIGHT,173.7,435,29/10/2025,14:54:51,15:02:06,1917.134102,EX3600,225,22.0,10.0,32,279.734595,86.448092,59.12128,93.523979,40.641244,2235.982982,6305.47201
A185-001-25,A1850825_200_EN_2,6217866,4217866,EX012,EX3600BH,DT018,CAT 793,A-185-08-25,40.53,163.66,96.870986,96.870986,290.941913,45.494292,89.569335,0,363697.4,6591912.19,199.38,LEFT,163.7,386,29/10/2025,15:02:06,15:08:32,1891.246049,EX3600,225,22.0,10.0,32,290.941913,96.870986,59.0073,89.569335,45.494292,2025.012623,5279.869165
A185-001-25,A1850825_200_EN_2,6217867,4217867,EX012,EX3600BH,DT012,CAT 793,A-185-08-25,45.5,150.49,100.245091,100.245091,277.845334,48.281367,73.465447,0,363694.9,6591909.24,198.8,STRAIGHT,150.5,433,29/10/2025,15:08:32,15:15:45,1599.33478,EX3600,225,22.0,10.0,32,277.845334,100.245091,55.853429,73.465447,48.281367,1949.854241,5154.155697
A185-001-25,A1850825_200_EN_2,6217868,4217868,EX012,EX3600BH,DT038,CAT 793,A-185-08-25,38.83,143.68,103.728294,103.728294,296.95676,51.485091,80.132474,0,363692.75,6591911.72,198.38,STRAIGHT,143.7,480,29/10/2025,15:15:45,15:23:45,1401.063121,EX3600,225,22.0,10.0,32,296.95676,103.728294,61.610901,80.132474,51.485091,1741.83229,4695.595571
A185-001-25,A1850825_200_EN_2,6217869,4217869,EX012,EX3600BH,DT074,HIT EH5000,A-185-08-25,37.53,163.05,102.776726,102.776726,307.7933,57.502897,92.578003,0,363696.62,6591911.94,199.85,RIGHT,163.0,376,29/10/2025,15:23:45,15:30:01,1478.867975,EX3600,250,22.0,10.0,32,307.7933,102.776726,54.935673,92.578003,57.502897,1907.052685,5250.809204
A185-001-25,A1850825_200_EN_2,6217870,4217870,EX012,EX3600BH,DT005,CAT 793,A-185-08-25,32.05,157.19,120.380138,120.380138,327.636334,48.242981,90.761294,0,363698.62,6591910.23,198.48,STRAIGHT,157.2,516,29/10/2025,15:30:01,15:38:37,1369.49225,EX3600,225,22.0,10.0,32,327.636334,120.380138,68.251921,90.761294,48.242981,1727.194861,4784.672233
A185-001-25,A1850825_200_EN_2,6217871,4217871,EX012,EX3600BH,DT007,CAT 793,A-185-08-25,39.13,150.8,90.862021,90.862021,278.760694,45.116792,79.626372,0,363698.97,6591912.72,198.67,RIGHT,150.8,459,29/10/2025,15:38:37,15:46:16,1548.038419,EX3600,225,22.0,10.0,32,278.760694,90.862021,63.15551,79.626372,45.116792,1947.44541,5491.796056
A185-001-25,A1850825_200_EN_2,6217872,4217872,EX012,EX3600BH,DT020,CAT 793,A-185-08-25,32.14,158.48,111.551867,111.551867,297.018206,47.14457,84.599159,0,363695.79,6591912.5,199.57,RIGHT,158.5,333,29/10/2025,15:46:16,15:51:49,1588.12886,EX3600,225,22.0,10.0,32,297.018206,111.551867,53.722611,84.599159,47.14457,1920.896922,5293.30865
A185-001-25,A1850825_200_EN_2,6217873,4217873,EX012,EX3600BH,DT040,CAT 793,A-185-08-25,44.81,153.09,102.576176,102.576176,305.400553,52.857482,83.201657,0,363697.14,6591913.62,199.17,RIGHT,153.1,479,29/10/2025,15:51:49,15:59:48,1562.176343,EX3600,225,22.0,10.0,32,305.400553,102.576176,66.765239,83.201657,52.857482,1804.563808,4959.565681
A185-001-25,A1850825_200_EN_2,6217874,4217874,EX012,EX3600BH,DT016,CAT 793,A-185-08-25,41.58,173.28,116.452909,116.452909,316.113786,44.528084,78.536606,0,363694.63,6591911.38,198.89,STRAIGHT,173.3,448,29/10/2025,15:59:48,16:07:16,1653.754253,EX3600,225,22.0,10.0,32,316.113786,116.452909,76.596187,78.536606,44.528084,1973.419642,5317.650236
A185-001-25,A1850825_200_EN_2,6217875,4217875,EX012,EX3600BH,DT018,CAT 793,A-185-08-25,39.06,181.07,103.095716,103.095716,290.756469,43.873921,95.267225,0,363695.24,6591908.62,198.88,LEFT,181.1,409,29/10/2025,16:07:16,16:14:05,1736.809443,EX3600,225,22.0,10.0,32,290.756469,103.095716,48.519607,95.267225,43.873921,2241.924921,6322.228278
A185-001-25,A1850825_200_EN_1,6217876,4217876,EX012,EX3600BH,DT046,CAT 793,A-185-08-25,39.36,180.35,83.939234,83.939234,296.423332,43.772774,100.095622,0,363682.89,6591903.63,199.76,RIGHT,180.4,447,29/10/2025,16:14:05,16:21:32,1908.884454,EX3600,225,22.0,10.0,32,296.423332,83.939234,68.615702,100.095622,43.772774,2190.364786,6017.377772
A185-001-25,A1850825_200_EN_1,6217877,4217877,EX012,EX3600BH,DT045,CAT 793,A-185-08-25,45.96,173.78,101.625778,101.625778,277.487874,45.235453,79.273701,0,363684.69,6591901.54,199.54,LEFT,173.8,436,29/10/2025,16:21:32,16:28:48,1894.873441,EX3600,225,22.0,10.0,32,277.487874,101.625778,51.352942,79.273701,45.235453,2254.562595,6357.866518
A185-001-25,A1850825_200_EN_1,6217878,4217878,EX012,EX3600BH,DT010,CAT 793,A-185-08-25,34.54,167.55,100.035288,100.035288,290.646334,47.620153,77.58261,0,363684.25,6591903.74,199.92,RIGHT,167.5,431,29/10/2025,16:28:48,16:35:59,1796.261818,EX3600,225,22.0,10.0,32,290.646334,100.035288,65.408283,77.58261,47.620153,2075.257058,5852.224905
A185-001-25,A1850825_200_EN_1,6217879,4217879,EX012,EX3600BH,DT041,CAT 793,A-185-08-25,33.46,156.29,100.090154,100.090154,300.033793,45.769774,89.278003,0,363684.65,6591900.26,199.32,RIGHT,156.3,443,29/10/2025,16:35:59,16:43:22,1609.714184,EX3600,225,22.0,10.0,32,300.033793,100.090154,64.895862,89.278003,45.769774,1875.32098,5160.37019
A185-001-25,A1850825_200_EN_1,6217880,4217880,EX012,EX3600BH,DT009,CAT 793,A-185-08-25,35.54,157.9,100.795264,100.795264,298.21337,42.637011,97.228925,0,363683.92,6591900.79,199.96,RIGHT,157.9,443,29/10/2025,16:43:22,16:50:45,1560.365365,EX3600,225,22.0,10.0,32,298.21337,100.795264,57.552169,97.228925,42.637011,1906.174731,5334.608256
A185-001-25,A1850825_200_EN_1,6217881,4217881,EX012,EX3600BH,DT021,CAT 793,A-185-08-25,28.55,155.06,106.959372,106.959372,295.598187,46.657325,91.028033,0,363684.09,6591900.86,198.77,LEFT,155.1,542,29/10/2025,16:50:45,16:59:47,1597.798124,EX3600,225,22.0,10.0,32,295.598187,106.959372,50.953457,91.028033,46.657325,1888.420966,5325.347125
A185-001-25,A1850825_200_EN_1,6217882,4217882,EX012,EX3600BH,DT020,CAT 793,A-185-08-25,39.13,167.74,126.172323,126.172323,337.925294,41.992124,103.613397,0,363685.04,6591905.14,199.59,RIGHT,167.7,523,29/10/2025,16:59:47,17:08:30,1569.180426,EX3600,225,22.0,10.0,32,337.925294,126.172323,66.14745,103.613397,41.992124,1786.987196,5039.303893
A185-001-25,A1850825_200_EN_1,6217883,4217883,EX012,EX3600BH,DT005,CAT 793,A-185-08-25,46.94,172.38,113.367003,113.367003,320.607797,42.907976,90.701869,0,363682.51,6591901.6,199.17,RIGHT,172.4,434,29/10/2025,17:08:30,17:15:44,1652.707103,EX3600,225,22.0,10.0,32,320.607797,113.367003,73.630949,90.701869,42.907976,1935.614039,5458.431591
A185-001-25,A1850825_200_EN_1,6217884,4217884,EX012,EX3600BH,DT017,CAT 793,A-185-08-25,29.18,166.49,101.069616,101.069616,288.098211,34.249939,84.104856,0,363688.28,6591898.82,198.91,RIGHT,166.5,450,29/10/2025,17:15:44,17:23:14,1774.63294,EX3600,225,22.0,10.0,32,288.098211,101.069616,68.673801,84.104856,34.249939,2080.447932,5586.15848
A185-001-25,A1850825_200_EN_1,6217885,4217885,EX012,EX3600BH,DT027,CAT 793,A-185-08-25,39.62,159.26,108.034878,108.034878,308.080722,43.117711,92.304373,0,363684.76,6591902.98,198.69,STRAIGHT,159.3,433,29/10/2025,17:23:14,17:30:27,1695.896768,EX3600,225,22.0,10.0,32,308.080722,108.034878,64.623759,92.304373,43.117711,1861.048023,5248.155426
A185-001-25,A1850825_200_EN_1,6217886,4217886,EX012,EX3600BH,DT010,CAT 793,A-185-08-25,35.07,157.61,97.606213,97.606213,288.064684,48.471777,78.918351,0,363683.5,6591905.1,198.73,STRAIGHT,157.6,442,29/10/2025,17:30:27,17:37:49,1716.217588,EX3600,225,22.0,10.0,32,288.064684,97.606213,63.068344,78.918351,48.471777,1969.629006,5554.353797
A185-001-25,A1850825_200_EN_1,6217887,4217887,EX012,EX3600BH,DT037,CAT 793,A-185-08-25,46.28,161.39,98.598113,98.598113,283.861846,45.463931,79.430197,0,363684.56,6591904.68,199.45,LEFT,161.4,361,29/10/2025,17:37:49,17:43:50,1637.789278,EX3600,225,22.0,10.0,32,283.861846,98.598113,60.369605,79.430197,45.463931,2046.802797,5347.951331
A185-001-25,A1850825_200_EN_1,6217888,4217888,EX012,EX3600BH,DT053,HIT EH5000,A-185-08-25,36.31,153.04,92.236552,92.236552,277.050616,41.962326,79.894378,0,363691.31,6591901.83,198.28,LEFT,153.0,427,29/10/2025,17:43:50,17:50:57,1584.515611,EX3600,250,22.0,10.0,32,277.050616,92.236552,62.95736,79.894378,41.962326,1988.668044,5608.043884
A185-001-25,A1850825_200_EN_1,6217889,4217889,EX012,EX3600BH,DT004,CAT 793,A-185-08-25,54.54,163.63,96.179045,96.179045,292.462038,43.818542,83.681594,0,363688.34,6591902.17,198.86,STRAIGHT,163.6,400,29/10/2025,17:50:57,17:57:37,1666.124471,EX3600,225,22.0,10.0,32,292.462038,96.179045,68.782857,83.681594,43.818542,2014.166761,5679.950266
A185-001-25,A1850825_200_EN_1,6217890,4217890,EX012,EX3600BH,DT011,CAT 793,A-185-08-25,40.74,163.32,94.236155,94.236155,291.343383,46.942162,78.159779,0,363690.67,6591903.25,199.01,LEFT,163.3,474,29/10/2025,17:57:37,18:05:31,1665.858896,EX3600,225,22.0,10.0,32,291.343383,94.236155,72.005286,78.159779,46.942162,2018.071151,5690.960646
A185-001-25,A1850825_200_EN_1,6217891,4217891,EX012,EX3600BH,DT031,CAT 793,A-185-08-25,39.39,173.56,94.038411,94.038411,280.344197,39.049027,80.042766,0,363690.7,6591900.07,199.06,STRAIGHT,173.6,455,29/10/2025,18:05:31,18:13:06,1780.160004,EX3600,225,22.0,10.0,32,280.344197,94.038411,67.213993,80.042766,39.049027,2228.684644,6276.819273
A185-001-25,A1850825_200_EN_1,6217892,4217892,EX012,EX3600BH,DT076,HIT EH5000,A-185-08-25,51.59,171.08,97.88133,97.88133,297.462282,46.814331,87.248029,0,363688.38,6591900.51,199.82,RIGHT,171.1,524,29/10/2025,18:13:06,18:21:50,1607.521089,EX3600,250,22.0,10.0,32,297.462282,97.88133,65.518593,87.248029,46.814331,2070.486645,5834.798208
A185-001-25,A1850825_200_EN_1,6217893,4217893,EX012,EX3600BH,DT017,CAT 793,A-185-08-25,32.37,157.42,86.562572,86.562572,268.352262,44.734849,79.421253,0,363690.55,6591905.56,198.87,LEFT,157.4,415,29/10/2025,18:21:50,18:28:45,1705.927437,EX3600,225,22.0,10.0,32,268.352262,86.562572,57.633588,79.421253,44.734849,2111.879149,5955.499199
A185-001-25,A1850825_200_EN_1,6217894,4217894,EX012,EX3600BH,DT016,CAT 793,A-185-08-25,46.77,155.36,106.61768,106.61768,289.289957,45.343849,82.635536,0,363688.17,6591900.75,198.33,RIGHT,155.4,438,29/10/2025,18:28:45,18:36:03,1628.843975,EX3600,225,22.0,10.0,32,289.289957,106.61768,54.692892,82.635536,45.343849,1933.398997,5452.185173
A185-001-25,A1850825_200_EN_1,6217895,4217895,EX012,EX3600BH,DT042,CAT 793,A-185-08-25,41.03,161.98,120.326168,120.326168,300.782046,45.237036,82.938796,0,363693.09,6591903.75,199.7,RIGHT,162.0,471,29/10/2025,18:36:03,18:43:54,1687.504742,EX3600,225,22.0,10.0,32,300.782046,120.326168,52.280044,82.938796,45.237036,1938.701946,5467.139487
A185-001-25,A1850825_200_EN_1,6217896,4217896,EX012,EX3600BH,DT021,CAT 793,A-185-08-25,41.79,163.35,104.050317,104.050317,291.358561,40.406253,82.77472,0,363690.53,6591904.27,199.41,LEFT,163.3,414,29/10/2025,18:43:54,18:50:48,1602.213579,EX3600,225,22.0,10.0,32,291.358561,104.050317,64.127272,82.77472,40.406253,2018.322056,5486.011672
A185-001-25,A1850825_200_EN_1,6217897,4217897,EX012,EX3600BH,DT010,CAT 793,A-185-08-25,41.0,166.3,95.463177,95.463177,290.403291,40.799551,97.160073,0,363693.1,6591898.81,199.15,STRAIGHT,166.3,393,29/10/2025,18:50:48,18:57:21,1711.490047,EX3600,225,22.0,10.0,32,290.403291,95.463177,56.98049,97.160073,40.799551,2061.515161,5644.007752
A185-001-25,A1850825_200_EN_1,6217898,4217898,EX012,EX3600BH,DT056,HIT EH5000,A-185-08-25,43.63,161.58,100.521077,100.521077,287.829936,42.22707,92.158149,0,363690.18,6591904.98,199.93,LEFT,161.6,658,29/10/2025,18:57:21,19:08:19,1711.16575,EX3600,250,22.0,10.0,32,287.829936,100.521077,52.92364,92.158149,42.22707,2020.893562,5698.919846
A185-001-25,A1850825_200_EN_1,6217899,4217899,EX012,EX3600BH,DT028,CAT 793,A-185-08-25,42.3,161.02,94.247387,94.247387,295.751295,53.132539,87.680275,0,363691.51,6591900.7,199.62,RIGHT,161.0,464,29/10/2025,19:08:19,19:16:03,1638.042452,EX3600,225,22.0,10.0,32,295.751295,94.247387,60.691094,87.680275,53.132539,1959.997848,5188.45915
A185-001-25,A1850825_200_EN_1,6217900,4217900,EX012,EX3600BH,DT045,CAT 793,A-185-08-25,42.22,161.71,92.588112,92.588112,289.77588,45.463418,95.073454,0,363691.1,6591901.14,198.6,RIGHT,161.7,468,29/10/2025,19:16:03,19:23:51,1750.316739,EX3600,225,22.0,10.0,32,289.77588,92.588112,56.650896,95.073454,45.463418,2008.974251,5567.942328
