pattern_id,block_name,haul_cycle_rec_ident,load_rec_ident,loading_unit_ident,load_desc,hauling_unit_ident,haul_desc,DrillPattern,bucket_tonnes,actual_tonnes,digging_time,dig_duration,total_time,spotting_time,loading_time,other_time,bucket_easting,bucket_northing,bucket_elevation,turnout,report_tonnes,calc_duration,date,start_time,end_time,tph,loader_type,truck_payload_t,bucket_nominal_t,passes,base_cycle_s,calc_total_time_s,digging_time_s,swing_time_s,loading_time_s,spotting_time_s,tph_recalc,digability
A185-001-19,A1850819_200_EN_4,6212936,4212936,EX004,EX5600FS,DT012,CAT 793,A-185-08-19,40.56,189.13,143.220533,143.220533,328.697619,42.972287,88.394126,0,363741.36,6591878.69,198.4,RIGHT,189.1,527,11/11/2025,12:40:20,12:49:07,1599.808623,EX5600,225,29.0,8.0,34,328.697619,143.220533,54.110674,88.394126,42.972287,2071.406383,4759.059839
A185-001-19,A1850819_200_EN_4,6212937,4212937,EX004,EX5600FS,DT028,CAT 793,A-185-08-19,40.79,191.04,119.683456,119.683456,294.073585,34.252609,83.058876,0,363741.28,6591882.91,199.11,STRAIGHT,191.0,519,11/11/2025,12:49:07,12:57:46,1605.83503,EX5600,225,29.0,8.0,34,294.073585,119.683456,57.078644,83.058876,34.252609,2338.671632,5577.361983
A185-001-19,A1850819_200_EN_4,6212938,4212938,EX004,EX5600FS,DT021,CAT 793,A-185-08-19,42.58,184.65,131.577265,131.577265,305.040997,43.644822,77.382239,0,363742.4,6591882.14,198.27,RIGHT,184.7,505,11/11/2025,12:57:46,13:06:11,1699.715548,EX5600,225,29.0,8.0,34,305.040997,131.577265,52.436671,77.382239,43.644822,2179.236774,5253.522712
A185-001-19,A1850819_200_EN_4,6212939,4212939,EX004,EX5600FS,DT081,HIT EH5000,A-185-08-19,40.95,185.11,103.974986,103.974986,278.787952,35.421836,81.549357,0,363739.9,6591882.76,198.85,LEFT,185.1,439,11/11/2025,13:06:11,13:13:30,1924.319115,EX5600,250,29.0,8.0,34,278.787952,103.974986,57.841772,81.549357,35.421836,2390.300997,5519.328717
A185-001-19,A1850819_200_EN_4,6212940,4212940,EX004,EX5600FS,DT068,HIT EH5000,A-185-08-19,55.15,175.12,127.716687,127.716687,296.69345,38.694718,71.342105,0,363742.08,6591885.71,199.42,LEFT,175.1,462,11/11/2025,13:13:30,13:21:12,1538.521094,EX5600,250,29.0,8.0,34,296.69345,127.716687,58.93994,71.342105,38.694718,2124.883244,5003.423438
A185-001-19,A1850819_200_EN_4,6212941,4212941,EX004,EX5600FS,DT012,CAT 793,A-185-08-19,56.32,184.96,115.426559,115.426559,289.623149,40.677747,73.641023,0,363740.8,6591883.01,198.69,STRAIGHT,185.0,436,11/11/2025,13:21:12,13:28:28,1833.37823,EX5600,225,29.0,8.0,34,289.623149,115.426559,59.877821,73.641023,40.677747,2299.0795,5419.663919
A185-001-19,A1850819_200_EN_4,6212942,4212942,EX004,EX5600FS,DT046,CAT 793,A-185-08-19,35.39,181.44,132.295907,132.295907,305.124836,43.117115,72.929385,0,363739.4,6591885.12,199.59,RIGHT,181.4,492,11/11/2025,13:28:28,13:36:40,1659.244668,EX5600,225,29.0,8.0,34,305.124836,132.295907,56.782429,72.929385,43.117115,2140.656822,4998.556566
A185-001-19,A1850819_200_EN_4,6212943,4212943,EX004,EX5600FS,DT038,CAT 793,A-185-08-19,34.45,180.4,130.226432,130.226432,304.92096,40.698718,75.537854,0,363744.85,6591883.55,198.24,STRAIGHT,180.4,375,11/11/2025,13:36:40,13:42:55,1621.380052,EX5600,225,29.0,8.0,34,304.92096,130.226432,58.457956,75.537854,40.698718,2129.833591,4944.473601
A185-001-19,A1850819_200_EN_4,6212944,4212944,EX004,EX5600FS,DT047,HIT EH5000,A-185-08-19,38.21,180.99,124.201061,124.201061,297.420704,38.859618,75.680451,0,363739.39,6591881.53,199.06,LEFT,181.0,496,11/11/2025,13:42:55,13:51:11,1639.197681,EX5600,250,29.0,8.0,34,297.420704,124.201061,58.679574,75.680451,38.859618,2190.666332,5097.149352
A185-001-19,A1850819_200_EN_4,6212945,4212945,EX004,EX5600FS,DT028,CAT 793,A-185-08-19,34.41,171.0,138.882531,138.882531,315.90354,38.195194,83.44495,0,363742.57,6591881.89,199.17,STRAIGHT,171.0,484,11/11/2025,13:51:11,13:59:15,1514.522917,EX5600,225,29.0,8.0,34,315.90354,138.882531,55.380864,83.44495,38.195194,1948.641063,4865.208323
A185-001-19,A1850819_200_EN_4,6212946,4212946,EX004,EX5600FS,DT035,CAT 793,A-185-08-19,41.64,177.03,137.103234,137.103234,317.596113,40.879522,87.335421,0,363741.7,6591884.59,198.82,RIGHT,177.0,421,11/11/2025,13:59:15,14:06:16,1592.363506,EX5600,225,29.0,8.0,34,317.596113,137.103234,52.277936,87.335421,40.879522,2006.667314,4785.565875
A185-001-19,A1850819_200_EN_4,6212947,4212947,EX004,EX5600FS,DT035,CAT 793,A-185-08-19,55.44,193.85,129.252253,129.252253,307.952723,40.410463,86.447373,0,363740.67,6591881.53,199.35,RIGHT,193.9,506,11/11/2025,14:06:16,14:14:42,1761.582099,EX5600,225,29.0,8.0,34,307.952723,129.252253,51.842633,86.447373,40.410463,2266.157803,5492.053635
A185-001-19,A1850819_200_EN_3,6212948,4212948,EX004,EX5600FS,DT028,CAT 793,A-185-08-19,45.82,196.27,111.048602,111.048602,282.822584,40.810941,82.845711,0,363749.24,6591879.49,198.56,LEFT,196.3,487,11/11/2025,14:14:42,14:22:49,1920.484302,EX5600,225,29.0,8.0,34,282.822584,111.048602,48.11733,82.845711,40.810941,2498.304614,6817.164946
A185-001-19,A1850819_200_EN_3,6212949,4212949,EX004,EX5600FS,DT041,CAT 793,A-185-08-19,52.38,194.85,114.348099,114.348099,298.567535,41.22043,84.355301,0,363752.72,6591879.12,199.76,LEFT,194.9,461,11/11/2025,14:22:49,14:30:30,1895.937123,EX5600,225,29.0,8.0,34,298.567535,114.348099,58.643705,84.355301,41.22043,2349.470516,5959.268018
A185-001-19,A1850819_200_EN_3,6212950,4212950,EX004,EX5600FS,DT036,CAT 793,A-185-08-19,52.48,191.96,97.807683,97.807683,275.180947,34.60984,77.702439,0,363749.24,6591878.67,199.53,LEFT,192.0,420,11/11/2025,14:30:30,14:37:30,1903.754508,EX5600,225,29.0,8.0,34,275.180947,97.807683,65.060986,77.702439,34.60984,2511.290704,6714.042078
A185-001-19,A1850819_200_EN_3,6212951,4212951,EX004,EX5600FS,DT083,HIT EH5000,A-185-08-19,47.93,194.67,118.593125,118.593125,290.938507,40.356348,76.46079,0,363747.07,6591878.47,198.58,LEFT,194.7,439,11/11/2025,14:37:30,14:44:49,1885.900482,EX5600,250,29.0,8.0,34,290.938507,118.593125,55.528244,76.46079,40.356348,2408.743048,6403.920376
A185-001-19,A1850819_200_EN_3,6212952,4212952,EX004,EX5600FS,DT027,CAT 793,A-185-08-19,50.07,179.47,114.97859,114.97859,286.786316,44.432219,66.185034,0,363749.01,6591881.47,199.38,STRAIGHT,179.5,504,11/11/2025,14:44:49,14:53:13,1783.23859,EX5600,225,29.0,8.0,34,286.786316,114.97859,61.190473,66.185034,44.432219,2252.807016,5749.587045
A185-001-19,A1850819_200_EN_3,6212953,4212953,EX004,EX5600FS,DT019,CAT 793,A-185-08-19,51.22,177.08,126.225782,126.225782,293.718417,35.329943,82.245505,0,363748.22,6591879.53,199.14,RIGHT,177.1,442,11/11/2025,14:53:13,15:00:35,1759.700477,EX5600,225,29.0,8.0,34,293.718417,126.225782,49.917187,82.245505,35.329943,2170.460396,5652.116562
A185-001-19,A1850819_200_EN_3,6212954,4212954,EX004,EX5600FS,DT023,CAT 793,A-185-08-19,33.4,185.18,120.022906,120.022906,287.548463,43.433772,78.124303,0,363746.73,6591883.44,199.57,RIGHT,185.2,402,11/11/2025,15:00:35,15:07:17,1863.742466,EX5600,225,29.0,8.0,34,287.548463,120.022906,45.967483,78.124303,43.433772,2318.34986,5888.675328
A185-001-19,A1850819_200_EN_3,6212955,4212955,EX004,EX5600FS,DT041,CAT 793,A-185-08-19,57.97,177.39,120.174446,120.174446,299.331595,40.36662,75.75931,0,363748.81,6591882.94,199.59,STRAIGHT,177.4,491,11/11/2025,15:07:17,15:15:28,1656.124356,EX5600,225,29.0,8.0,34,299.331595,120.174446,63.031219,75.75931,40.36662,2133.485444,5273.41711
A185-001-19,A1850819_200_EN_3,6212956,4212956,EX004,EX5600FS,DT057,HIT EH5000,A-185-08-19,61.36,194.04,94.199618,94.199618,255.244649,39.604379,74.749697,0,363749.27,6591878.41,198.5,STRAIGHT,194.0,428,11/11/2025,15:15:28,15:22:36,2373.609859,EX5600,250,29.0,8.0,34,255.244649,94.199618,46.690955,74.749697,39.604379,2736.785957,7298.699038
A185-001-19,A1850819_200_EN_3,6212957,4212957,EX004,EX5600FS,DT023,CAT 793,A-185-08-19,42.6,191.01,106.645345,106.645345,254.851185,32.730982,61.592275,0,363751.42,6591879.34,199.32,STRAIGHT,191.0,371,11/11/2025,15:22:36,15:28:47,2064.479702,EX5600,225,29.0,8.0,34,254.851185,106.645345,53.882583,61.592275,32.730982,2698.176716,6901.381935
A185-001-19,A1850819_200_EN_3,6212958,4212958,EX004,EX5600FS,DT056,HIT EH5000,A-185-08-19,49.62,185.76,107.09131,107.09131,273.282512,42.60115,67.826706,0,363752.79,6591880.47,199.17,LEFT,185.8,419,11/11/2025,15:28:47,15:35:46,1802.423002,EX5600,250,29.0,8.0,34,273.282512,107.09131,55.763346,67.826706,42.60115,2447.007613,6243.331998
A185-001-19,A1850819_200_EN_3,6212959,4212959,EX004,EX5600FS,DT056,HIT EH5000,A-185-08-19,43.85,187.0,94.320623,94.320623,268.442561,40.692401,68.067201,0,363746.21,6591877.2,199.31,LEFT,187.0,467,11/11/2025,15:35:46,15:43:33,2082.385587,EX5600,250,29.0,8.0,34,268.442561,94.320623,65.362335,68.067201,40.692401,2507.822138,6276.309021
A185-001-19,A1850819_200_EN_4,6212960,4212960,EX004,EX5600FS,DT084,HIT EH5000,A-185-08-19,33.85,188.23,115.459225,115.459225,278.216172,38.899893,69.645912,0,363704.83,6591893.73,198.6,RIGHT,188.2,411,11/11/2025,15:43:33,15:50:24,1899.504333,EX5600,250,29.0,8.0,34,278.216172,115.459225,54.211142,69.645912,38.899893,2435.673076,5805.905831
A185-001-19,A1850819_200_EN_4,6212961,4212961,EX004,EX5600FS,DT049,HIT EH5000,A-185-08-19,31.28,184.29,112.216117,112.216117,288.050812,42.420003,81.361535,0,363703.75,6591896.56,199.12,RIGHT,184.3,463,11/11/2025,15:50:24,15:58:07,1775.571116,EX5600,250,29.0,8.0,34,288.050812,112.216117,52.053158,81.361535,42.420003,2303.20828,5577.768047
A185-001-19,A1850819_200_EN_4,6212962,4212962,EX004,EX5600FS,DT087,HIT EH5000,A-185-08-19,59.49,193.09,137.370696,137.370696,324.573797,45.658669,84.820319,0,363706.02,6591893.74,199.53,LEFT,193.1,474,11/11/2025,15:58:07,16:06:01,1588.846633,EX5600,250,29.0,8.0,34,324.573797,137.370696,56.724113,84.820319,45.658669,2141.603914,4788.408578
A185-001-19,A1850819_200_EN_4,6212963,4212963,EX004,EX5600FS,DT064,HIT EH5000,A-185-08-19,38.99,194.17,123.07685,123.07685,292.161547,36.722188,73.622561,0,363706.8,6591890.14,199.7,RIGHT,194.2,450,11/11/2025,16:06:01,16:13:31,1797.739207,EX5600,250,29.0,8.0,34,292.161547,123.07685,58.739948,73.622561,36.722188,2392.579812,5823.18564
A185-001-19,A1850819_200_EN_4,6212964,4212964,EX004,EX5600FS,DT025,CAT 793,A-185-08-19,47.02,192.32,134.629073,134.629073,304.551669,35.728302,76.619632,0,363705.3,6591893.67,198.65,LEFT,192.3,423,11/11/2025,16:13:31,16:20:34,1839.874259,EX5600,225,29.0,8.0,34,304.551669,134.629073,57.574661,76.619632,35.728302,2273.358774,5460.378028
A185-001-19,A1850819_200_EN_4,6212965,4212965,EX004,EX5600FS,DT047,HIT EH5000,A-185-08-19,55.17,183.05,133.699346,133.699346,320.793298,48.765597,85.658791,0,363706.35,6591893.24,199.04,STRAIGHT,183.0,495,11/11/2025,16:20:34,16:28:49,1581.833013,EX5600,250,29.0,8.0,34,320.793298,133.699346,52.669565,85.658791,48.765597,2054.204527,4807.86417
A185-001-19,A1850819_200_EN_4,6212966,4212966,EX004,EX5600FS,DT024,CAT 793,A-185-08-19,49.86,175.48,126.856351,126.856351,295.734943,36.119286,80.760872,0,363706.08,6591892.42,199.5,RIGHT,175.5,497,11/11/2025,16:28:49,16:37:06,1633.246762,EX5600,225,29.0,8.0,34,295.734943,126.856351,51.998434,80.760872,36.119286,2136.081769,5309.735261
A185-001-19,A1850819_200_EN_4,6212967,4212967,EX004,EX5600FS,DT034,CAT 793,A-185-08-19,38.0,171.68,106.622188,106.622188,279.727654,43.100199,76.619632,0,363708.85,6591889.01,199.83,LEFT,171.7,474,11/11/2025,16:37:06,16:45:00,1780.410935,EX5600,225,29.0,8.0,34,279.727654,106.622188,53.385635,76.619632,43.100199,2209.412739,5316.593366
A185-001-19,A1850819_200_EN_4,6212968,4212968,EX004,EX5600FS,DT036,CAT 793,A-185-08-19,59.99,199.93,134.455446,134.455446,298.94279,43.52201,69.632883,0,363708.26,6591890.45,200.08,STRAIGHT,199.9,466,11/11/2025,16:45:00,16:52:46,1913.87912,EX5600,225,29.0,8.0,34,298.94279,134.455446,51.33245,69.632883,43.52201,2407.617023,5318.052179
A185-001-19,A1850819_200_EN_4,6212969,4212969,EX004,EX5600FS,DT015,CAT 793,A-185-08-19,45.37,197.92,118.124763,118.124763,287.772482,41.490061,71.181518,0,363706.14,6591891.84,199.77,LEFT,197.9,440,11/11/2025,16:52:46,17:00:06,1898.174383,EX5600,225,29.0,8.0,34,287.772482,118.124763,56.97614,71.181518,41.490061,2475.940062,5927.012801
A185-001-19,A1850819_200_EN_4,6212970,4212970,EX004,EX5600FS,DT026,CAT 793,A-185-08-19,47.46,171.49,123.126087,123.126087,285.764455,40.679596,67.445433,0,363707.86,6591892.81,199.57,LEFT,171.5,464,11/11/2025,17:00:06,17:07:50,1556.899181,EX5600,225,29.0,8.0,34,285.764455,123.126087,54.513338,67.445433,40.679596,2160.383962,5241.576401
A185-001-19,A1850819_200_EN_4,6212971,4212971,EX004,EX5600FS,DT017,CAT 793,A-185-08-19,43.78,164.41,106.699385,106.699385,276.042348,36.729216,80.656379,0,363707.07,6591895.26,198.65,STRAIGHT,164.4,456,11/11/2025,17:07:50,17:15:26,1473.791043,EX5600,225,29.0,8.0,34,276.042348,106.699385,51.957369,80.656379,36.729216,2144.162039,4984.418883
A185-001-19,A1850819_200_EN_3,6212972,4212972,EX004,EX5600FS,DT032,CAT 793,A-185-08-19,53.52,181.81,100.338916,100.338916,267.743459,46.431883,68.889711,0,363755.83,6591882.33,199.46,LEFT,181.8,412,11/11/2025,17:15:26,17:22:18,1835.728988,EX5600,225,29.0,8.0,34,267.743459,100.338916,52.082949,68.889711,46.431883,2444.629618,6096.474939
A185-001-19,A1850819_200_EN_3,6212973,4212973,EX004,EX5600FS,DT001,CAT 793,A-185-08-19,42.45,184.99,108.52598,108.52598,279.193144,41.339756,76.131629,0,363755.48,6591877.53,199.42,LEFT,185.0,437,11/11/2025,17:22:18,17:29:35,1962.528691,EX5600,225,29.0,8.0,34,279.193144,108.52598,53.195778,76.131629,41.339756,2385.356561,5765.904427
A185-001-19,A1850819_200_EN_3,6212974,4212974,EX004,EX5600FS,DT047,HIT EH5000,A-185-08-19,37.62,167.11,92.253872,92.253872,265.723612,37.354234,76.548801,0,363755.69,6591876.1,198.5,LEFT,167.1,439,11/11/2025,17:29:35,17:36:54,1776.323166,EX5600,250,29.0,8.0,34,265.723612,92.253872,59.566705,76.548801,37.354234,2264.051495,5814.228213
A185-001-19,A1850819_200_EN_3,6212975,4212975,EX004,EX5600FS,DT014,CAT 793,A-185-08-19,41.95,175.49,96.364522,96.364522,268.362002,46.963998,68.900073,0,363754.7,6591875.16,199.57,LEFT,175.5,390,11/11/2025,17:36:54,17:43:24,1885.789593,EX5600,225,29.0,8.0,34,268.362002,96.364522,56.133408,68.900073,46.963998,2354.207594,6100.930497
A185-001-19,A1850819_200_EN_3,6212976,4212976,EX004,EX5600FS,DT012,CAT 793,A-185-08-19,44.2,195.63,110.359452,110.359452,292.46573,48.436425,79.849196,0,363755.21,6591878.79,198.52,RIGHT,195.6,493,11/11/2025,17:43:24,17:51:37,1830.681556,EX5600,225,29.0,8.0,34,292.46573,110.359452,53.820657,79.849196,48.436425,2408.043889,6316.030017
A185-001-19,A1850819_200_EN_3,6212977,4212977,EX004,EX5600FS,DT015,CAT 793,A-185-08-19,52.48,180.13,81.285807,81.285807,236.167853,29.638966,74.801645,0,363755.48,6591874.66,199.66,STRAIGHT,180.1,425,11/11/2025,17:51:37,17:58:42,2258.733352,EX5600,225,29.0,8.0,34,236.167853,81.285807,50.441436,74.801645,29.638966,2745.856005,6828.891355
A185-001-19,A1850819_200_EN_3,6212978,4212978,EX004,EX5600FS,DT047,HIT EH5000,A-185-08-19,48.85,184.61,91.527495,91.527495,271.142647,47.311796,81.522181,0,363757.73,6591875.77,198.17,STRAIGHT,184.6,360,11/11/2025,17:58:42,18:04:42,1909.706564,EX5600,250,29.0,8.0,34,271.142647,91.527495,50.781175,81.522181,47.311796,2451.119934,6239.704118
A185-001-19,A1850819_200_EN_3,6212979,4212979,EX004,EX5600FS,DT026,CAT 793,A-185-08-19,46.74,188.31,78.680777,78.680777,247.152232,42.977479,73.232919,0,363756.59,6591878.08,199.66,RIGHT,188.3,436,11/11/2025,18:04:42,18:11:58,2122.4273,EX5600,225,29.0,8.0,34,247.152232,78.680777,52.261057,73.232919,42.977479,2742.95231,7060.256993
A185-001-19,A1850819_200_EN_3,6212980,4212980,EX004,EX5600FS,DT072,HIT EH5000,A-185-08-19,47.71,186.69,100.780157,100.780157,262.088107,38.276727,75.308965,0,363754.85,6591877.02,198.32,RIGHT,186.7,434,11/11/2025,18:11:58,18:19:12,2073.65297,EX5600,250,29.0,8.0,34,262.088107,100.780157,47.722258,75.308965,38.276727,2564.336035,6743.122452
A185-001-19,A1850819_200_EN_3,6212981,4212981,EX004,EX5600FS,DT026,CAT 793,A-185-08-19,58.27,188.15,100.43556,100.43556,272.958164,41.774723,73.345956,0,363759.75,6591875.05,199.33,LEFT,188.2,465,11/11/2025,18:19:12,18:26:57,1977.445493,EX5600,225,29.0,8.0,34,272.958164,100.43556,57.401925,73.345956,41.774723,2481.484328,6520.736957
A185-001-19,A1850819_200_EN_3,6212982,4212982,EX004,EX5600FS,DT016,CAT 793,A-185-08-19,48.46,198.16,104.477682,104.477682,270.187112,36.441625,73.172626,0,363759.81,6591875.79,198.82,LEFT,198.2,475,11/11/2025,18:26:57,18:34:52,2028.996589,EX5600,225,29.0,8.0,34,270.187112,104.477682,56.09518,73.172626,36.441625,2640.305154,6586.001148
A185-001-19,A1850819_200_EN_3,6212983,4212983,EX004,EX5600FS,DT082,HIT EH5000,A-185-08-19,56.01,212.08,97.984405,97.984405,268.101291,43.966433,69.669162,0,363757.12,6591878.88,199.3,STRAIGHT,212.1,459,11/11/2025,18:34:52,18:42:31,2385.473391,EX5600,250,29.0,8.0,34,268.101291,97.984405,56.481291,69.669162,43.966433,2847.772638,7429.492392
A185-001-19,A1850819_200_EN_4,6212984,4212984,EX004,EX5600FS,DT039,CAT 793,A-185-08-19,66.42,210.07,133.653745,133.653745,294.575754,39.610154,78.659543,0,363714.36,6591887.75,199.5,STRAIGHT,210.1,516,11/11/2025,18:42:31,18:51:07,2052.245838,EX5600,225,29.0,8.0,34,294.575754,133.653745,42.652312,78.659543,39.610154,2567.31228,6235.613168
A185-001-19,A1850819_200_EN_4,6212985,4212985,EX004,EX5600FS,DT062,HIT EH5000,A-185-08-19,38.69,190.23,131.956407,131.956407,297.593381,39.676688,74.093634,0,363713.11,6591888.03,199.6,RIGHT,190.2,510,11/11/2025,18:51:07,18:59:37,1800.815206,EX5600,250,29.0,8.0,34,297.593381,131.956407,51.866652,74.093634,39.676688,2301.231991,5724.887693
A185-001-19,A1850819_200_EN_4,6212986,4212986,EX004,EX5600FS,DT049,HIT EH5000,A-185-08-19,35.32,176.11,116.607382,116.607382,286.302947,44.829264,82.915276,0,363712.46,6591889.39,199.5,LEFT,176.1,484,11/11/2025,18:59:37,19:07:41,1710.453796,EX5600,250,29.0,8.0,34,286.302947,116.607382,41.951025,82.915276,44.829264,2214.431718,5568.282532
A185-001-19,A1850819_200_EN_4,6212987,4212987,EX004,EX5600FS,DT070,HIT EH5000,A-185-08-19,55.03,184.13,130.843041,130.843041,299.192113,36.223949,73.990931,0,363717.69,6591886.94,198.85,STRAIGHT,184.1,429,11/11/2025,19:07:41,19:14:50,1666.498751,EX5600,250,29.0,8.0,34,299.192113,130.843041,58.134192,73.990931,36.223949,2215.583951,5505.532583
A185-001-19,A1850819_200_EN_4,6212988,4212988,EX004,EX5600FS,DT049,HIT EH5000,A-185-08-19,37.5,191.58,127.756342,127.756342,299.020372,41.818749,70.693565,0,363712.84,6591888.01,199.73,RIGHT,191.6,465,11/11/2025,19:14:50,19:22:35,1682.776507,EX5600,250,29.0,8.0,34,299.020372,127.756342,58.751716,70.693565,41.818749,2306.54066,5714.941709
A185-001-19,A1850819_200_EN_4,6212989,4212989,EX004,EX5600FS,DT036,CAT 793,A-185-08-19,43.78,191.4,102.710604,102.710604,273.668834,47.816169,78.69358,0,363715.14,6591889.71,198.88,RIGHT,191.4,417,11/11/2025,19:22:35,19:29:32,2084.950553,EX5600,225,29.0,8.0,34,273.668834,102.710604,44.448481,78.69358,47.816169,2517.752101,6192.33058
A185-001-19,A1850819_200_EN_4,6212990,4212990,EX004,EX5600FS,DT007,CAT 793,A-185-08-19,29.65,172.9,107.391778,107.391778,288.917073,41.476345,75.563313,0,363713.74,6591889.4,199.45,LEFT,172.9,422,11/11/2025,19:29:32,19:36:34,1636.149455,EX5600,225,29.0,8.0,34,288.917073,107.391778,64.485637,75.563313,41.476345,2154.344325,5395.642061
A185-001-19,A1850819_200_EN_4,6212991,4212991,EX004,EX5600FS,DT030,CAT 793,A-185-08-19,40.8,178.66,98.256168,98.256168,275.928165,43.212982,83.246713,0,363714.45,6591886.32,198.77,LEFT,178.7,434,11/11/2025,19:36:34,19:43:48,1999.510567,EX5600,225,29.0,8.0,34,275.928165,98.256168,51.212303,83.246713,43.212982,2330.971815,5637.947308
A185-001-19,A1850819_200_EN_4,6212992,4212992,EX004,EX5600FS,DT076,HIT EH5000,A-185-08-19,30.75,174.12,91.118299,91.118299,268.338859,45.993797,82.250344,0,363714.11,6591889.94,199.19,RIGHT,174.1,387,11/11/2025,19:43:48,19:50:15,1773.061948,EX5600,250,29.0,8.0,34,268.338859,91.118299,48.976418,82.250344,45.993797,2335.940833,5707.33002
A185-001-19,A1850819_200_EN_4,6212993,4212993,EX004,EX5600FS,DT047,HIT EH5000,A-185-08-19,59.83,181.35,119.910127,119.910127,297.243908,36.693603,75.560143,0,363715.69,6591887.74,199.47,RIGHT,181.3,413,11/11/2025,19:50:15,19:57:08,1819.892907,EX5600,250,29.0,8.0,34,297.243908,119.910127,65.080035,75.560143,36.693603,2196.330816,5583.842461
A185-001-19,A1850819_200_EN_4,6212994,4212994,EX004,EX5600FS,DT001,CAT 793,A-185-08-19,57.59,184.05,140.656289,140.656289,309.646155,40.030555,70.734602,0,363716.81,6591890.57,199.5,STRAIGHT,184.1,513,11/11/2025,19:57:08,20:05:41,1581.797477,EX5600,225,29.0,8.0,34,309.646155,140.656289,58.224709,70.734602,40.030555,2139.846925,5514.025073
A185-001-19,A1850819_200_EN_4,6212995,4212995,EX004,EX5600FS,DT040,CAT 793,A-185-08-19,49.55,185.85,114.876302,114.876302,293.545037,47.346985,79.558113,0,363713.08,6591892.46,198.85,LEFT,185.8,462,11/11/2025,20:05:41,20:13:23,1859.510439,EX5600,225,29.0,8.0,34,293.545037,114.876302,51.763637,79.558113,47.346985,2279.190212,5665.204021
A185-001-19,A1850819_200_EN_4,6212996,4212996,EX004,EX5600FS,DT077,HIT EH5000,A-185-08-19,47.7,175.16,116.670756,116.670756,282.718767,39.457619,73.870562,0,363717.05,6591886.35,198.64,STRAIGHT,175.2,530,11/11/2025,20:13:23,20:22:13,1813.260761,EX5600,250,29.0,8.0,34,282.718767,116.670756,52.719829,73.870562,39.457619,2230.373075,5626.65385
A185-001-19,A1850819_200_EN_3,6212997,4212997,EX004,EX5600FS,DT090,HIT EH5000,A-185-08-19,36.71,180.35,111.24799,111.24799,274.313577,45.297188,67.046709,0,363763.46,6591872.6,198.23,LEFT,180.4,453,11/11/2025,20:22:13,20:29:46,1835.230689,EX5600,250,29.0,8.0,34,274.313577,111.24799,50.72169,67.046709,45.297188,2366.912158,5959.871371
A185-001-19,A1850819_200_EN_3,6212998,4212998,EX004,EX5600FS,DT053,HIT EH5000,A-185-08-19,48.3,186.41,115.929198,115.929198,285.345039,36.120091,85.426389,0,363766.38,6591873.39,199.09,RIGHT,186.4,398,11/11/2025,20:29:46,20:36:24,1888.313268,EX5600,250,29.0,8.0,34,285.345039,115.929198,47.869361,85.426389,36.120091,2351.770343,5953.236706
A185-001-19,A1850819_200_EN_3,6212999,4212999,EX004,EX5600FS,DT031,CAT 793,A-185-08-19,40.64,207.6,110.877311,110.877311,296.402822,44.635917,75.812475,0,363764.99,6591872.38,198.17,RIGHT,207.6,471,11/11/2025,20:36:24,20:44:15,2008.45306,EX5600,225,29.0,8.0,34,296.402822,110.877311,65.077119,75.812475,44.635917,2521.383136,6449.872357
A185-001-19,A1850819_200_EN_3,6213000,4213000,EX004,EX5600FS,DT063,HIT EH5000,A-185-08-19,52.75,197.4,91.978175,91.978175,265.664987,36.737571,77.059821,0,363766.84,6591873.29,199.73,LEFT,197.4,471,11/11/2025,20:44:15,20:52:06,2030.218214,EX5600,250,29.0,8.0,34,265.664987,91.978175,59.889421,77.059821,36.737571,2674.916205,7008.930698
A185-001-19,A1850819_200_EN_3,6213001,4213001,EX004,EX5600FS,DT063,HIT EH5000,A-185-08-19,47.06,192.12,105.667821,105.667821,279.916117,40.126469,80.715791,0,363763.9,6591873.36,199.12,LEFT,192.1,456,11/11/2025,20:52:06,20:59:42,2044.641755,EX5600,250,29.0,8.0,34,279.916117,105.667821,53.406036,80.715791,40.126469,2470.809822,6359.868104
A185-001-19,A1850819_200_EN_3,6213002,4213002,EX004,EX5600FS,DT086,HIT EH5000,A-185-08-19,61.26,194.64,106.066592,106.066592,261.346207,38.765782,67.387546,0,363762.57,6591871.61,198.42,LEFT,194.6,428,11/11/2025,20:59:42,21:06:50,2124.937731,EX5600,250,29.0,8.0,34,261.346207,106.066592,49.126286,67.387546,38.765782,2681.150267,6893.515299
A185-001-19,A1850819_200_EN_3,6213003,4213003,EX004,EX5600FS,DT063,HIT EH5000,A-185-08-19,43.61,184.11,109.733612,109.733612,279.628527,41.065878,72.052825,0,363762.94,6591873.53,199.19,LEFT,184.1,467,11/11/2025,21:06:50,21:14:37,1859.936367,EX5600,250,29.0,8.0,34,279.628527,109.733612,56.776211,72.052825,41.065878,2370.228464,6218.559807
A185-001-19,A1850819_200_EN_3,6213004,4213004,EX004,EX5600FS,DT058,HIT EH5000,A-185-08-19,46.87,198.6,109.008254,109.008254,289.743089,49.527253,83.240661,0,363762.03,6591872.4,198.32,RIGHT,198.6,398,11/11/2025,21:14:37,21:21:15,1902.786984,EX5600,250,29.0,8.0,34,289.743089,109.008254,47.966921,83.240661,49.527253,2467.608506,6306.046137
A185-001-19,A1850819_200_EN_3,6213005,4213005,EX004,EX5600FS,DT044,CAT 793,A-185-08-19,51.14,199.49,101.63854,101.63854,268.106518,37.671096,70.454404,0,363760.29,6591873.28,198.5,RIGHT,199.5,443,11/11/2025,21:21:15,21:28:38,1961.474505,EX5600,225,29.0,8.0,34,268.106518,101.63854,58.342478,70.454404,37.671096,2678.65864,7062.146518
A185-001-19,A1850819_200_EN_3,6213006,4213006,EX004,EX5600FS,DT063,HIT EH5000,A-185-08-19,61.18,206.02,107.745098,107.745098,260.930295,30.503286,68.022902,0,363763.51,6591874.38,199.68,STRAIGHT,206.0,439,11/11/2025,21:28:38,21:35:57,2489.014143,EX5600,250,29.0,8.0,34,260.930295,107.745098,54.659009,68.022902,30.503286,2842.469548,7500.017666
A185-001-19,A1850819_200_EN_3,6213007,4213007,EX004,EX5600FS,DT070,HIT EH5000,A-185-08-19,69.14,207.42,103.839187,103.839187,267.978524,37.128068,81.894241,0,363761.88,6591874.59,199.6,STRAIGHT,207.4,376,11/11/2025,21:35:57,21:42:13,2122.257678,EX5600,250,29.0,8.0,34,267.978524,103.839187,45.117029,81.894241,37.128068,2786.488944,7158.118295
A185-001-19,A1850819_200_EN_4,6213008,4213008,EX004,EX5600FS,DT042,CAT 793,A-185-08-19,46.63,168.32,144.086324,144.086324,319.226648,41.446917,79.489529,0,363720.79,6591885.23,198.96,LEFT,168.3,418,11/11/2025,21:42:13,21:49:11,1443.169349,EX5600,225,29.0,8.0,34,319.226648,144.086324,54.203878,79.489529,41.446917,1898.210003,4595.253731
A185-001-19,A1850819_200_EN_4,6213009,4213009,EX004,EX5600FS,DT081,HIT EH5000,A-185-08-19,48.75,173.69,142.759337,142.759337,311.036659,35.537803,76.275766,0,363718.66,6591885.91,198.87,LEFT,173.7,447,11/11/2025,21:49:11,21:56:38,1618.384712,EX5600,250,29.0,8.0,34,311.036659,142.759337,56.463753,76.275766,35.537803,2010.348023,4577.327418
A185-001-19,A1850819_200_EN_4,6213010,4213010,EX004,EX5600FS,DT090,HIT EH5000,A-185-08-19,55.5,166.5,127.433494,127.433494,315.128602,44.818765,84.471983,0,363721.41,6591889.58,198.84,STRAIGHT,166.5,481,11/11/2025,21:56:38,22:04:39,1475.310099,EX5600,250,29.0,8.0,34,315.128602,127.433494,58.404361,84.471983,44.818765,1902.085295,4288.385712
A185-001-19,A1850819_200_EN_4,6213011,4213011,EX004,EX5600FS,DT018,CAT 793,A-185-08-19,36.04,156.92,129.942162,129.942162,308.846317,42.100861,75.140099,0,363724.58,6591889.87,198.16,RIGHT,156.9,477,11/11/2025,22:04:39,22:12:36,1428.735399,EX5600,225,29.0,8.0,34,308.846317,129.942162,61.663194,75.140099,42.100861,1829.081869,4273.564525
A185-001-19,A1850819_200_EN_4,6213012,4213012,EX004,EX5600FS,DT060,HIT EH5000,A-185-08-19,54.02,162.06,118.856462,118.856462,277.935645,42.54765,70.173642,0,363721.22,6591882.9,198.38,STRAIGHT,162.1,453,11/11/2025,22:12:36,22:20:09,1584.199707,EX5600,250,29.0,8.0,34,277.935645,118.856462,46.357891,70.173642,42.54765,2099.169001,4997.899657
A185-001-19,A1850819_200_EN_4,6213013,4213013,EX004,EX5600FS,DT071,HIT EH5000,A-185-08-19,38.71,189.78,134.393304,134.393304,312.619529,44.402038,81.452107,0,363724.96,6591888.75,198.94,LEFT,189.8,526,11/11/2025,22:20:09,22:28:55,1601.175279,EX5600,250,29.0,8.0,34,312.619529,134.393304,52.37208,81.452107,44.402038,2185.484566,4996.903448
A185-001-19,A1850819_200_EN_4,6213014,4213014,EX004,EX5600FS,DT061,HIT EH5000,A-185-08-19,41.23,178.44,122.367506,122.367506,289.859606,40.237058,65.773505,0,363722.54,6591884.66,198.95,LEFT,178.4,391,11/11/2025,22:28:55,22:35:26,1674.679305,EX5600,250,29.0,8.0,34,289.859606,122.367506,61.481537,65.773505,40.237058,2216.228189,5726.636719
A185-001-19,A1850819_200_EN_4,6213015,4213015,EX004,EX5600FS,DT004,CAT 793,A-185-08-19,66.04,201.21,131.785671,131.785671,323.520619,39.545702,98.211584,0,363724.71,6591884.66,199.55,RIGHT,201.2,535,11/11/2025,22:35:26,22:44:21,1725.025861,EX5600,225,29.0,8.0,34,323.520619,131.785671,53.977662,98.211584,39.545702,2238.984029,5305.128025
A185-001-19,A1850819_200_EN_4,6213016,4213016,EX004,EX5600FS,DT058,HIT EH5000,A-185-08-19,64.71,194.14,128.854095,128.854095,315.061849,46.634265,73.614172,0,363722.07,6591885.58,199.52,LEFT,194.1,469,11/11/2025,22:44:21,22:52:10,1731.230409,EX5600,250,29.0,8.0,34,315.061849,128.854095,65.959318,73.614172,46.634265,2218.28075,5320.888744
A185-001-19,A1850819_200_EN_4,6213017,4213017,EX004,EX5600FS,DT053,HIT EH5000,A-185-08-19,57.93,181.07,130.93783,130.93783,310.907579,51.079819,80.005455,0,363723.54,6591884.68,198.25,STRAIGHT,181.1,571,11/11/2025,22:52:10,23:01:41,1601.094889,EX5600,250,29.0,8.0,34,310.907579,130.93783,48.884475,80.005455,51.079819,2096.604641,4908.646358
A185-001-19,A1850819_200_EN_4,6213018,4213018,EX004,EX5600FS,DT029,CAT 793,A-185-08-19,40.44,176.24,126.345702,126.345702,310.055989,37.639164,84.42063,0,363721.16,6591885.55,200.01,STRAIGHT,176.2,445,11/11/2025,23:01:41,23:09:06,1602.522264,EX5600,225,29.0,8.0,34,310.055989,126.345702,61.650492,84.42063,37.639164,2046.31287,4760.013027
A185-001-19,A1850819_200_EN_4,6213019,4213019,EX004,EX5600FS,DT038,CAT 793,A-185-08-19,40.34,181.74,133.434924,133.434924,316.931263,37.059715,87.444228,0,363721.16,6591883.96,199.04,STRAIGHT,181.7,528,11/11/2025,23:09:06,23:17:54,1594.031608,EX5600,225,29.0,8.0,34,316.931263,133.434924,58.992396,87.444228,37.059715,2064.399639,4527.978867
A185-001-19,A1850819_200_EN_4,6213020,4213020,EX004,EX5600FS,DT063,HIT EH5000,A-185-08-19,48.98,181.28,115.306865,115.306865,293.878704,40.910999,79.110524,0,363721.77,6591887.76,199.73,LEFT,181.3,783,11/11/2025,23:17:54,23:30:57,1803.971654,EX5600,250,29.0,8.0,34,293.878704,115.306865,58.550316,79.110524,40.910999,2220.699066,5071.277521
A185-001-19,A1850819_200_EN_3,6213021,4213021,EX004,EX5600FS,DT019,CAT 793,A-185-08-19,48.72,201.86,96.895975,96.895975,282.05903,42.49852,87.465808,0,363770.96,6591868.02,198.3,RIGHT,201.9,420,11/11/2025,23:30:57,23:37:57,1906.144889,EX5600,225,29.0,8.0,34,282.05903,96.895975,55.198727,87.465808,42.49852,2576.347464,6427.74763
A185-001-19,A1850819_200_EN_3,6213022,4213022,EX004,EX5600FS,DT029,CAT 793,A-185-08-19,58.85,183.16,103.78624,103.78624,291.052344,43.130639,81.503338,0,363774.41,6591874.58,198.71,RIGHT,183.2,421,11/11/2025,23:37:57,23:44:58,1975.152528,EX5600,225,29.0,8.0,34,291.052344,103.78624,62.632126,81.503338,43.130639,2265.479859,5841.193352
A185-001-19,A1850819_200_EN_3,6213023,4213023,EX004,EX5600FS,DT012,CAT 793,A-185-08-19,47.63,202.17,106.358321,106.358321,290.121094,41.307651,78.745669,0,363769.84,6591872.58,198.52,RIGHT,202.2,470,11/11/2025,23:44:58,23:52:48,2140.18528,EX5600,225,29.0,8.0,34,290.121094,106.358321,63.709453,78.745669,41.307651,2508.697883,6480.229836
A185-001-19,A1850819_200_EN_3,6213024,4213024,EX004,EX5600FS,DT046,CAT 793,A-185-08-19,53.87,205.17,102.088923,102.088923,278.158938,46.359045,84.223699,0,363773.02,6591871.13,199.08,RIGHT,205.2,530,11/11/2025,23:52:48,00:01:38,2148.93388,EX5600,225,29.0,8.0,34,278.158938,102.088923,45.487272,84.223699,46.359045,2655.361279,6546.017569
A185-001-19,A1850819_200_EN_3,6213025,4213025,EX004,EX5600FS,DT032,CAT 793,A-185-08-19,62.64,201.18,98.322364,98.322364,243.4492,41.834848,62.682122,0,363771.43,6591871.95,198.82,LEFT,201.2,417,12/11/2025,00:01:38,00:08:35,2379.433099,EX5600,225,29.0,8.0,34,243.4492,98.322364,40.609867,62.682122,41.834848,2974.929337,7612.570525
A185-001-19,A1850819_200_EN_3,6213026,4213026,EX004,EX5600FS,DT053,HIT EH5000,A-185-08-19,49.29,187.05,106.791538,106.791538,284.669971,37.589886,83.216609,0,363771.96,6591867.91,198.84,RIGHT,187.0,393,12/11/2025,00:08:35,00:15:08,1900.048927,EX5600,250,29.0,8.0,34,284.669971,106.791538,57.071938,83.216609,37.589886,2365.462806,6271.883757
A185-001-19,A1850819_200_EN_3,6213027,4213027,EX004,EX5600FS,DT070,HIT EH5000,A-185-08-19,62.77,205.44,98.803835,98.803835,283.279736,42.357834,78.330635,0,363771.24,6591868.65,198.79,STRAIGHT,205.4,306,12/11/2025,00:15:08,00:20:14,1889.710827,EX5600,250,29.0,8.0,34,283.279736,98.803835,63.787432,78.330635,42.357834,2610.771293,6945.316815
A185-001-19,A1850819_200_EN_3,6213028,4213028,EX004,EX5600FS,DT076,HIT EH5000,A-185-08-19,47.97,202.84,106.837047,106.837047,283.31643,41.939041,79.225384,0,363771.26,6591869.63,198.62,STRAIGHT,202.8,414,12/11/2025,00:20:14,00:27:08,1973.119015,EX5600,250,29.0,8.0,34,283.31643,106.837047,55.314958,79.225384,41.939041,2577.449353,6484.891177
A185-001-19,A1850819_200_EN_3,6213029,4213029,EX004,EX5600FS,DT078,HIT EH5000,A-185-08-19,52.05,179.47,95.226074,95.226074,247.753379,41.877474,67.260079,0,363774.04,6591867.27,199.39,STRAIGHT,179.5,403,12/11/2025,00:27:08,00:33:51,2091.849281,EX5600,250,29.0,8.0,34,247.753379,95.226074,43.389753,67.260079,41.877474,2607.814625,6521.036697
A185-001-19,A1850819_200_EN_3,6213030,4213030,EX004,EX5600FS,DT054,HIT EH5000,A-185-08-19,61.63,194.8,108.131724,108.131724,286.588778,36.376684,88.255573,0,363769.78,6591870.17,199.57,STRAIGHT,194.8,403,12/11/2025,00:33:51,00:40:34,1891.370941,EX5600,250,29.0,8.0,34,286.588778,108.131724,53.824797,88.255573,36.376684,2446.991136,6476.656347
A185-001-19,A1850819_200_EN_3,6213031,4213031,EX004,EX5600FS,DT076,HIT EH5000,A-185-08-19,67.08,201.23,114.326126,114.326126,294.746664,42.429625,74.792169,0,363769.43,6591868.89,199.21,RIGHT,201.2,464,12/11/2025,00:40:34,00:48:18,1878.199252,EX5600,250,29.0,8.0,34,294.746664,114.326126,63.198744,74.792169,42.429625,2457.802447,6730.893027
A185-001-19,A1850819_200_EN_3,6213032,4213032,EX004,EX5600FS,DT052,HIT EH5000,A-185-08-19,38.33,188.61,96.731625,96.731625,268.029429,43.447959,68.571011,0,363773.94,6591869.4,198.98,RIGHT,188.6,411,12/11/2025,00:48:18,00:55:09,1958.662925,EX5600,250,29.0,8.0,34,268.029429,96.731625,59.278833,68.571011,43.447959,2533.255916,6373.366458
A185-001-19,A1850819_200_EN_5,6213033,4213033,EX004,EX5600FS,DT070,HIT EH5000,A-185-08-19,35.39,168.33,130.270778,130.270778,297.089274,32.306593,76.3665,0,363727.68,6591879.48,199.45,RIGHT,168.3,482,12/11/2025,00:55:09,01:03:11,1431.399638,EX5600,250,29.0,8.0,34,297.089274,130.270778,58.145404,76.3665,32.306593,2039.691048,4758.431646
A185-001-19,A1850819_200_EN_5,6213034,4213034,EX004,EX5600FS,DT010,CAT 793,A-185-08-19,47.0,181.91,144.36258,144.36258,326.365726,42.190484,78.415577,0,363727.76,6591883.11,199.55,LEFT,181.9,427,12/11/2025,01:03:11,01:10:18,1488.758379,EX5600,225,29.0,8.0,34,326.365726,144.36258,61.397085,78.415577,42.190484,2006.516836,4744.639562
A185-001-19,A1850819_200_EN_5,6213035,4213035,EX004,EX5600FS,DT001,CAT 793,A-185-08-19,43.78,182.0,146.610112,146.610112,328.793077,46.710514,71.170267,0,363727.8,6591883.19,199.26,STRAIGHT,182.0,524,12/11/2025,01:10:18,01:19:02,1473.392342,EX5600,225,29.0,8.0,34,328.793077,146.610112,64.302185,71.170267,46.710514,1992.709162,4442.55214
A185-001-19,A1850819_200_EN_5,6213036,4213036,EX004,EX5600FS,DT070,HIT EH5000,A-185-08-19,48.83,177.36,123.639425,123.639425,311.417258,41.78655,87.161164,0,363731.98,6591886.37,199.4,LEFT,177.4,460,12/11/2025,01:19:02,01:26:42,1538.545,EX5600,250,29.0,8.0,34,311.417258,123.639425,58.830119,87.161164,41.78655,2050.271407,4683.006366
A185-001-19,A1850819_200_EN_5,6213037,4213037,EX004,EX5600FS,DT019,CAT 793,A-185-08-19,48.21,169.56,162.06913,162.06913,350.429358,44.671726,86.349072,0,363729.39,6591880.77,198.85,LEFT,169.6,466,12/11/2025,01:26:42,01:34:28,1330.131302,EX5600,225,29.0,8.0,34,350.429358,162.06913,57.33943,86.349072,44.671726,1741.918481,3804.649128
A185-001-19,A1850819_200_EN_5,6213038,4213038,EX004,EX5600FS,DT043,CAT 793,A-185-08-19,38.1,169.84,160.555857,160.555857,331.159183,42.722501,75.591358,0,363729.07,6591882.95,199.52,LEFT,169.8,413,12/11/2025,01:34:28,01:41:21,1316.660882,EX5600,225,29.0,8.0,34,331.159183,160.555857,52.289468,75.591358,42.722501,1846.26032,4134.976074
A185-001-19,A1850819_200_EN_5,6213039,4213039,EX004,EX5600FS,DT019,CAT 793,A-185-08-19,43.15,166.84,146.771141,146.771141,341.759746,52.067185,77.130816,0,363724.04,6591880.07,199.17,RIGHT,166.8,449,12/11/2025,01:41:21,01:48:50,1364.226269,EX5600,225,29.0,8.0,34,341.759746,146.771141,65.790604,77.130816,52.067185,1757.45315,3913.362968
A185-001-19,A1850819_200_EN_5,6213040,4213040,EX004,EX5600FS,DT016,CAT 793,A-185-08-19,52.18,167.84,131.473259,131.473259,300.252713,34.68146,83.648674,0,363725.91,6591883.7,199.46,STRAIGHT,167.8,433,12/11/2025,01:48:50,01:56:03,1502.543833,EX5600,225,29.0,8.0,34,300.252713,131.473259,50.44932,83.648674,34.68146,2012.431228,4465.843493
A185-001-19,A1850819_200_EN_5,6213041,4213041,EX004,EX5600FS,DT042,CAT 793,A-185-08-19,47.24,172.58,131.002825,131.002825,294.615949,38.44719,77.019385,0,363728.26,6591883.2,199.43,RIGHT,172.6,450,12/11/2025,01:56:03,02:03:33,1627.438385,EX5600,225,29.0,8.0,34,294.615949,131.002825,48.14655,77.019385,38.44719,2108.764477,4761.354425
A185-001-19,A1850819_200_EN_5,6213042,4213042,EX004,EX5600FS,DT079,HIT EH5000,A-185-08-19,59.9,179.71,153.1919,153.1919,349.827773,46.843764,87.182101,0,363732.49,6591878.2,199.92,LEFT,179.7,510,12/11/2025,02:03:33,02:12:03,1388.039811,EX5600,250,29.0,8.0,34,349.827773,153.1919,62.610007,87.182101,46.843764,1849.355941,4233.27287
A185-001-19,A1850819_200_EN_5,6213043,4213043,EX004,EX5600FS,DT022,CAT 793,A-185-08-19,46.34,179.52,150.502666,150.502666,314.181672,40.867911,70.869894,0,363727.98,6591884.98,199.48,LEFT,179.5,520,12/11/2025,02:12:03,02:20:43,1573.045221,EX5600,225,29.0,8.0,34,314.181672,150.502666,51.941201,70.869894,40.867911,2057.046324,4585.207649
A185-001-19,A1850819_200_EN_5,6213044,4213044,EX004,EX5600FS,DT047,HIT EH5000,A-185-08-19,55.01,191.4,145.384972,145.384972,323.533437,40.345091,78.911008,0,363727.63,6591881.4,198.5,RIGHT,191.4,518,12/11/2025,02:20:43,02:29:21,1608.930767,EX5600,250,29.0,8.0,34,323.533437,145.384972,58.892365,78.911008,40.345091,2129.766678,4835.68831
A185-001-19,A1850819_200_EN_5,6213045,4213045,EX004,EX5600FS,DT053,HIT EH5000,A-185-08-19,32.35,180.29,139.131302,139.131302,324.716997,52.000814,76.569607,0,363726.14,6591879.81,198.28,LEFT,180.3,523,12/11/2025,02:29:21,02:38:04,1557.250856,EX5600,250,29.0,8.0,34,324.716997,139.131302,57.015274,76.569607,52.000814,1998.763866,4595.004549
A185-001-19,A1850819_200_EN_5,6213046,4213046,EX004,EX5600FS,DT037,CAT 793,A-185-08-19,42.03,178.72,152.886057,152.886057,339.998829,39.231988,77.953218,0,363728.89,6591882.54,199.49,STRAIGHT,178.7,586,12/11/2025,02:38:04,02:47:50,1434.044618,EX5600,225,29.0,8.0,34,339.998829,152.886057,69.927566,77.953218,39.231988,1892.288238,4200.278714
A185-001-19,A1850819_200_EN_3,6213047,4213047,EX004,EX5600FS,DT080,HIT EH5000,A-185-08-19,51.96,203.19,106.658233,106.658233,284.804949,40.091402,81.22849,0,363778.51,6591870.12,199.03,RIGHT,203.2,486,12/11/2025,02:47:50,02:55:56,1954.62314,EX5600,250,29.0,8.0,34,284.804949,106.658233,56.826825,81.22849,40.091402,2568.321365,6964.946832
A185-001-19,A1850819_200_EN_3,6213048,4213048,EX004,EX5600FS,DT089,HIT EH5000,A-185-08-19,40.2,200.4,111.81662,111.81662,269.126992,31.202982,80.749212,0,363779.04,6591865.16,199.02,LEFT,200.4,382,12/11/2025,02:55:56,03:02:18,1996.903737,EX5600,250,29.0,8.0,34,269.126992,111.81662,45.358177,80.749212,31.202982,2680.631709,6876.844229
A185-001-19,A1850819_200_EN_3,6213049,4213049,EX004,EX5600FS,DT016,CAT 793,A-185-08-19,66.72,210.16,97.928568,97.928568,260.631755,38.715719,71.963427,0,363779.58,6591861.26,200.04,LEFT,210.2,465,12/11/2025,03:02:18,03:10:03,2278.177909,EX5600,225,29.0,8.0,34,260.631755,97.928568,52.024041,71.963427,38.715719,2902.844288,7589.501035
A185-001-19,A1850819_200_EN_3,6213050,4213050,EX004,EX5600FS,DT081,HIT EH5000,A-185-08-19,44.14,202.24,106.086128,106.086128,256.096263,38.252645,62.130342,0,363778.7,6591867.13,198.82,STRAIGHT,202.2,393,12/11/2025,03:10:03,03:16:36,2237.25999,EX5600,250,29.0,8.0,34,256.096263,106.086128,49.627148,62.130342,38.252645,2842.981817,7754.8573
A185-001-19,A1850819_200_EN_3,6213051,4213051,EX004,EX5600FS,DT026,CAT 793,A-185-08-19,48.35,204.28,111.358041,111.358041,265.868443,38.221563,63.546564,0,363779.79,6591868.88,199.63,STRAIGHT,204.3,342,12/11/2025,03:16:36,03:22:18,2273.735397,EX5600,225,29.0,8.0,34,265.868443,111.358041,52.742276,63.546564,38.221563,2766.102423,7299.738417
A185-001-19,A1850819_200_EN_3,6213052,4213052,EX004,EX5600FS,DT004,CAT 793,A-185-08-19,40.67,189.95,101.797741,101.797741,267.150944,38.629485,69.835307,0,363780.7,6591867.54,199.03,RIGHT,189.9,417,12/11/2025,03:22:18,03:29:15,1991.747408,EX5600,225,29.0,8.0,34,267.150944,101.797741,56.888411,69.835307,38.629485,2559.662642,6439.147633
A185-001-19,A1850819_200_EN_3,6213053,4213053,EX004,EX5600FS,DT016,CAT 793,A-185-08-19,52.97,183.88,107.283665,107.283665,278.630285,46.807941,72.639582,0,363780.45,6591865.99,198.53,STRAIGHT,183.9,398,12/11/2025,03:29:15,03:35:53,1933.105981,EX5600,225,29.0,8.0,34,278.630285,107.283665,51.899098,72.639582,46.807941,2375.831686,5919.290999
A185-001-19,A1850819_200_EN_3,6213054,4213054,EX004,EX5600FS,DT037,CAT 793,A-185-08-19,42.74,188.8,95.109707,95.109707,260.708467,38.298649,70.746453,0,363777.58,6591870.14,199.33,RIGHT,188.8,380,12/11/2025,03:35:53,03:42:13,2013.531819,EX5600,225,29.0,8.0,34,260.708467,95.109707,56.553658,70.746453,38.298649,2607.007984,6943.428094
A185-001-19,A1850819_200_EN_3,6213055,4213055,EX004,EX5600FS,DT066,HIT EH5000,A-185-08-19,53.72,196.06,106.214596,106.214596,284.459159,46.054416,73.83184,0,363780.81,6591864.48,199.58,LEFT,196.1,373,12/11/2025,03:42:13,03:48:26,2037.791101,EX5600,250,29.0,8.0,34,284.459159,106.214596,58.358307,73.83184,46.054416,2481.208864,6190.015191
A185-001-19,A1850819_200_EN_3,6213056,4213056,EX004,EX5600FS,DT043,CAT 793,A-185-08-19,57.93,186.94,91.464261,91.464261,242.830573,33.388937,67.466017,0,363778.24,6591865.63,197.97,LEFT,186.9,473,12/11/2025,03:48:26,03:56:19,2250.411049,EX5600,225,29.0,8.0,34,242.830573,91.464261,50.511358,67.466017,33.388937,2771.458132,7289.851141
A185-001-19,A1850819_200_EN_3,6213057,4213057,EX004,EX5600FS,DT090,HIT EH5000,A-185-08-19,45.57,179.55,92.927135,92.927135,253.77324,41.101387,64.923709,0,363780.17,6591866.81,199.74,STRAIGHT,179.5,392,12/11/2025,03:56:19,04:02:51,2106.952697,EX5600,250,29.0,8.0,34,253.77324,92.927135,54.821009,64.923709,41.101387,2547.067985,6674.202034
A185-001-19,A1850819_200_EN_3,6213058,4213058,EX004,EX5600FS,DT008,CAT 793,A-185-08-19,45.5,185.64,96.409573,96.409573,249.618983,33.897285,67.532641,0,363777.14,6591864.45,199.89,STRAIGHT,185.6,374,12/11/2025,04:02:51,04:09:05,2033.82041,EX5600,225,29.0,8.0,34,249.618983,96.409573,51.779485,67.532641,33.897285,2677.238974,6954.535365
A185-001-19,A1850819_200_EN_5,6213059,4213059,EX004,EX5600FS,DT069,HIT EH5000,A-185-08-19,56.9,183.17,112.991766,112.991766,292.302311,36.529745,89.924037,0,363738.67,6591877.36,198.93,LEFT,183.2,441,12/11/2025,04:09:05,04:16:26,1727.523609,EX5600,250,29.0,8.0,34,292.302311,112.991766,52.856763,89.924037,36.529745,2255.868479,5279.177358
A185-001-19,A1850819_200_EN_5,6213060,4213060,EX004,EX5600FS,DT012,CAT 793,A-185-08-19,42.65,183.61,128.360773,128.360773,299.259539,40.1719,77.143222,0,363734.07,6591876.47,198.2,STRAIGHT,183.6,430,12/11/2025,04:16:26,04:23:36,1630.545946,EX5600,225,29.0,8.0,34,299.259539,128.360773,53.583644,77.143222,40.1719,2208.722604,5068.469549
A185-001-19,A1850819_200_EN_5,6213061,4213061,EX004,EX5600FS,DT038,CAT 793,A-185-08-19,38.4,184.35,136.375717,136.375717,296.511625,42.308958,66.034759,0,363738.1,6591882.28,199.36,LEFT,184.4,441,12/11/2025,04:23:36,04:30:57,1681.210568,EX5600,225,29.0,8.0,34,296.511625,136.375717,51.79219,66.034759,42.308958,2238.243284,5403.354236
A185-001-19,A1850819_200_EN_5,6213062,4213062,EX004,EX5600FS,DT046,CAT 793,A-185-08-19,40.82,190.22,127.325838,127.325838,315.723484,41.189649,86.518257,0,363732.7,6591880.31,199.38,STRAIGHT,190.2,540,12/11/2025,04:30:57,04:39:57,1629.737243,EX5600,225,29.0,8.0,34,315.723484,127.325838,60.689741,86.518257,41.189649,2169.007621,5290.141282
A185-001-19,A1850819_200_EN_5,6213063,4213063,EX004,EX5600FS,DT080,HIT EH5000,A-185-08-19,39.65,182.11,135.742407,135.742407,317.337688,43.751118,79.363865,0,363737.22,6591881.8,198.48,LEFT,182.1,580,12/11/2025,04:39:57,04:49:37,1643.80472,EX5600,250,29.0,8.0,34,317.337688,135.742407,58.480298,79.363865,43.751118,2065.977737,4759.108591
A185-001-19,A1850819_200_EN_5,6213064,4213064,EX004,EX5600FS,DT030,CAT 793,A-185-08-19,33.88,174.85,131.245838,131.245838,291.640279,41.890558,65.121321,0,363734.93,6591881.22,199.16,STRAIGHT,174.9,514,12/11/2025,04:49:37,04:58:11,1668.92767,EX5600,225,29.0,8.0,34,291.640279,131.245838,53.382562,65.121321,41.890558,2158.348744,5168.586931
A185-001-19,A1850819_200_EN_5,6213065,4213065,EX004,EX5600FS,DT041,CAT 793,A-185-08-19,56.61,190.64,141.220226,141.220226,329.520619,42.669083,85.160618,0,363735.3,6591877.26,199.73,RIGHT,190.6,490,12/11/2025,04:58:11,05:06:21,1694.314983,EX5600,225,29.0,8.0,34,329.520619,141.220226,60.470691,85.160618,42.669083,2082.706205,5045.874028
A185-001-19,A1850819_200_EN_5,6213066,4213066,EX004,EX5600FS,DT039,CAT 793,A-185-08-19,41.5,178.02,123.91922,123.91922,296.69287,39.889435,74.368644,0,363732.46,6591875.1,198.66,RIGHT,178.0,512,12/11/2025,05:06:21,05:14:53,1524.73398,EX5600,225,29.0,8.0,34,296.69287,123.91922,58.515572,74.368644,39.889435,2160.003741,4961.261828
A185-001-19,A1850819_200_EN_5,6213067,4213067,EX004,EX5600FS,DT042,CAT 793,A-185-08-19,32.79,164.17,126.895762,126.895762,284.046227,39.840186,71.317253,0,363736.04,6591878.63,198.9,STRAIGHT,164.2,456,12/11/2025,05:14:53,05:22:29,1643.76254,EX5600,225,29.0,8.0,34,284.046227,126.895762,45.993026,71.317253,39.840186,2080.684205,4842.9236
A185-001-19,A1850819_200_EN_5,6213068,4213068,EX004,EX5600FS,DT026,CAT 793,A-185-08-19,35.18,155.09,115.633385,115.633385,305.128703,44.264459,82.830724,0,363738.31,6591875.88,198.75,STRAIGHT,155.1,513,12/11/2025,05:22:29,05:31:02,1296.530618,EX5600,225,29.0,8.0,34,305.128703,115.633385,62.400136,82.830724,44.264459,1829.744478,4320.000524
A185-001-19,A1850819_200_EN_5,6213069,4213069,EX004,EX5600FS,DT032,CAT 793,A-185-08-19,50.18,170.49,130.135067,130.135067,298.055063,35.266543,77.081349,0,363734.4,6591878.6,198.22,LEFT,170.5,421,12/11/2025,05:31:02,05:38:03,1568.560273,EX5600,225,29.0,8.0,34,298.055063,130.135067,55.572104,77.081349,35.266543,2059.21326,4909.984367
A185-001-19,A1850819_200_EN_5,6213070,4213070,EX004,EX5600FS,DT001,CAT 793,A-185-08-19,40.07,184.21,137.965759,137.965759,313.532937,47.882051,75.279264,0,363731.19,6591878.79,198.59,LEFT,184.2,511,12/11/2025,05:38:03,05:46:34,1651.073395,EX5600,225,29.0,8.0,34,313.532937,137.965759,52.405863,75.279264,47.882051,2115.091487,4761.409236
A185-001-19,A1850819_200_EN_5,6213071,4213071,EX004,EX5600FS,DT043,CAT 793,A-185-08-19,43.4,175.17,124.526853,124.526853,292.601153,39.73881,74.879396,0,363734.54,6591878.47,197.9,STRAIGHT,175.2,484,12/11/2025,05:46:34,05:54:38,1729.498054,EX5600,225,29.0,8.0,34,292.601153,124.526853,53.456093,74.879396,39.73881,2155.135789,4968.663214
A185-001-19,A1850819_200_EN_5,6213072,4213072,EX004,EX5600FS,DT043,CAT 793,A-185-08-19,44.65,158.01,113.540452,113.540452,289.898746,38.293014,83.620129,0,363742.06,6591874.57,198.52,RIGHT,158.0,444,12/11/2025,05:54:38,06:02:02,1545.562137,EX5600,225,29.0,8.0,34,289.898746,113.540452,54.445151,83.620129,38.293014,1962.182774,4593.401617
A185-001-19,A1850819_200_EN_5,6213073,4213073,EX004,EX5600FS,DT057,HIT EH5000,A-185-08-19,33.37,154.17,127.93969,127.93969,306.210171,39.920319,78.691933,0,363742.13,6591871.33,199.35,RIGHT,154.2,478,12/11/2025,06:02:02,06:10:00,1401.04401,EX5600,250,29.0,8.0,34,306.210171,127.93969,59.658229,78.691933,39.920319,1812.578309,4208.580851
A185-001-19,A1850819_200_EN_5,6213074,4213074,EX004,EX5600FS,DT016,CAT 793,A-185-08-19,48.11,152.84,112.985809,112.985809,277.647713,38.427278,71.212087,0,363746.24,6591875.22,198.86,STRAIGHT,152.8,438,12/11/2025,06:10:00,06:17:18,1549.483892,EX5600,225,29.0,8.0,34,277.647713,112.985809,55.02254,71.212087,38.427278,1981.772734,4730.956872
A185-001-19,A1850819_200_EN_5,6213075,4213075,EX004,EX5600FS,DT032,CAT 793,A-185-08-19,46.09,158.07,132.652352,132.652352,301.42402,38.465628,84.301235,0,363744.18,6591876.81,198.54,RIGHT,158.1,466,12/11/2025,06:17:18,06:25:04,1296.00087,EX5600,225,29.0,8.0,34,301.42402,132.652352,46.004805,84.301235,38.465628,1887.862325,4701.886186
A185-001-19,A1850819_200_EN_5,6213076,4213076,EX004,EX5600FS,DT079,HIT EH5000,A-185-08-19,36.37,165.62,137.137373,137.137373,316.319846,50.707334,72.667598,0,363745.58,6591875.98,198.51,RIGHT,165.6,510,12/11/2025,06:25:04,06:33:34,1424.816421,EX5600,250,29.0,8.0,34,316.319846,137.137373,55.807541,72.667598,50.707334,1884.944986,4385.563572
A185-001-19,A1850819_200_EN_5,6213077,4213077,EX004,EX5600FS,DT070,HIT EH5000,A-185-08-19,39.47,176.87,127.133758,127.133758,306.464574,44.06926,80.069194,0,363743.38,6591875.07,199.75,LEFT,176.9,468,12/11/2025,06:33:34,06:41:22,1508.19908,EX5600,250,29.0,8.0,34,306.464574,127.133758,55.192362,80.069194,44.06926,2077.630606,5006.733715
A185-001-19,A1850819_200_EN_5,6213078,4213078,EX004,EX5600FS,DT047,HIT EH5000,A-185-08-19,38.45,188.58,140.913011,140.913011,328.459045,46.408939,86.673515,0,363744.93,6591872.05,199.02,LEFT,188.6,529,12/11/2025,06:41:22,06:50:11,1630.787512,EX5600,250,29.0,8.0,34,328.459045,140.913011,54.46358,86.673515,46.408939,2066.838788,4891.252453
A185-001-19,A1850819_200_EN_5,6213079,4213079,EX004,EX5600FS,DT015,CAT 793,A-185-08-19,42.04,194.93,140.486643,140.486643,317.729537,39.756367,83.44297,0,363740.58,6591877.85,198.89,RIGHT,194.9,493,12/11/2025,06:50:11,06:58:24,1639.101179,EX5600,225,29.0,8.0,34,317.729537,140.486643,54.043557,83.44297,39.756367,2208.646915,5116.321627
A185-001-19,A1850819_200_EN_5,6213080,4213080,EX004,EX5600FS,DT060,HIT EH5000,A-185-08-19,59.79,194.44,130.88113,130.88113,309.951293,48.287898,73.556257,0,363742.1,6591875.75,199.02,STRAIGHT,194.4,538,12/11/2025,06:58:24,07:07:22,1749.321005,EX5600,250,29.0,8.0,34,309.951293,130.88113,57.226008,73.556257,48.287898,2258.375226,5318.88873
A185-001-19,A1850819_200_EN_5,6213081,4213081,EX004,EX5600FS,DT037,CAT 793,A-185-08-19,39.7,187.78,139.086673,139.086673,317.799706,41.35655,82.32682,0,363745.18,6591873.42,199.75,STRAIGHT,187.8,477,12/11/2025,07:07:22,07:15:19,1671.038123,EX5600,225,29.0,8.0,34,317.799706,139.086673,55.029662,82.32682,41.35655,2127.160888,5179.37322
A185-001-19,A1850819_200_EN_5,6213082,4213082,EX004,EX5600FS,DT028,CAT 793,A-185-08-19,40.71,200.45,127.409632,127.409632,299.397908,39.475031,78.492932,0,363744.34,6591872.49,198.83,RIGHT,200.5,454,12/11/2025,07:15:19,07:22:53,1719.262396,EX5600,225,29.0,8.0,34,299.397908,127.409632,54.020314,78.492932,39.475031,2410.291858,5439.474601
A185-001-19,A1850819_200_EN_5,6213083,4213083,EX004,EX5600FS,DT084,HIT EH5000,A-185-08-19,57.47,191.83,114.153691,114.153691,285.785326,53.659692,68.635665,0,363742.08,6591877.26,198.52,RIGHT,191.8,463,12/11/2025,07:22:53,07:30:36,1815.542592,EX5600,250,29.0,8.0,34,285.785326,114.153691,49.336279,68.635665,53.659692,2416.480631,5970.390846
A185-001-19,A1850819_200_EN_5,6213084,4213084,EX004,EX5600FS,DT022,CAT 793,A-185-08-19,46.01,197.22,119.375187,119.375187,284.499948,36.348872,71.956318,0,363744.24,6591873.06,199.13,STRAIGHT,197.2,451,12/11/2025,07:30:36,07:38:07,1882.873633,EX5600,225,29.0,8.0,34,284.499948,119.375187,56.819571,71.956318,36.348872,2495.564156,5955.018052
A185-001-19,A1850819_200_EN_4,6213085,4213085,EX004,EX5600FS,DT073,HIT EH5000,A-185-08-19,48.19,184.04,132.183882,132.183882,300.45527,38.234986,67.113031,0,363701.68,6591886.02,199.27,STRAIGHT,184.0,485,12/11/2025,07:38:07,07:46:12,1725.624474,EX5600,250,29.0,8.0,34,300.45527,132.183882,62.923372,67.113031,38.234986,2205.176691,5234.999249
A185-001-19,A1850819_200_EN_4,6213086,4213086,EX004,EX5600FS,DT025,CAT 793,A-185-08-19,45.01,192.41,113.972671,113.972671,277.452169,36.738225,72.758348,0,363700.08,6591884.8,198.54,LEFT,192.4,454,12/11/2025,07:46:12,07:53:46,1928.554538,EX5600,225,29.0,8.0,34,277.452169,113.972671,53.982926,72.758348,36.738225,2496.547042,5901.476334
A185-001-19,A1850819_200_EN_4,6213087,4213087,EX004,EX5600FS,DT018,CAT 793,A-185-08-19,43.21,182.63,124.594172,124.594172,312.63339,39.631082,87.726745,0,363701.01,6591888.25,198.82,STRAIGHT,182.6,425,12/11/2025,07:53:46,08:00:51,1549.196822,EX5600,225,29.0,8.0,34,312.63339,124.594172,60.681392,87.726745,39.631082,2102.966457,5133.43284
A185-001-19,A1850819_200_EN_4,6213088,4213088,EX004,EX5600FS,DT012,CAT 793,A-185-08-19,39.06,181.41,129.964175,129.964175,309.583375,44.980912,72.516034,0,363696.09,6591884.76,198.8,STRAIGHT,181.4,462,12/11/2025,08:00:51,08:08:33,1590.921271,EX5600,225,29.0,8.0,34,309.583375,129.964175,62.122254,72.516034,44.980912,2109.583473,5107.4019
A185-001-19,A1850819_200_EN_4,6213089,4213089,EX004,EX5600FS,DT050,HIT EH5000,A-185-08-19,35.95,172.9,119.341063,119.341063,295.92769,43.958004,78.999353,0,363700.51,6591887.83,198.42,STRAIGHT,172.9,497,12/11/2025,08:08:33,08:16:50,1652.437766,EX5600,250,29.0,8.0,34,295.92769,119.341063,53.62927,78.999353,43.958004,2103.366454,5176.695683
A185-001-19,A1850819_200_EN_4,6213090,4213090,EX004,EX5600FS,DT063,HIT EH5000,A-185-08-19,48.88,174.36,111.901802,111.901802,291.687084,47.65984,77.326618,0,363701.85,6591886.84,199.49,STRAIGHT,174.4,416,12/11/2025,08:16:50,08:23:46,1630.232035,EX5600,250,29.0,8.0,34,291.687084,111.901802,54.798824,77.326618,47.65984,2151.965287,5197.323904
A185-001-19,A1850819_200_EN_4,6213091,4213091,EX004,EX5600FS,DT041,CAT 793,A-185-08-19,40.18,171.23,133.460644,133.460644,307.954651,39.765515,74.758309,0,363700.45,6591889.13,198.79,RIGHT,171.2,429,12/11/2025,08:23:46,08:30:55,1461.718955,EX5600,225,29.0,8.0,34,307.954651,133.460644,59.970183,74.758309,39.765515,2001.735084,4886.443794
A185-001-19,A1850819_200_EN_4,6213092,4213092,EX004,EX5600FS,DT001,CAT 793,A-185-08-19,51.1,186.94,105.485433,105.485433,275.398535,44.496998,78.757359,0,363701.37,6591887.14,199.42,STRAIGHT,186.9,470,12/11/2025,08:30:55,08:38:45,1895.976891,EX5600,225,29.0,8.0,34,275.398535,105.485433,46.658744,78.757359,44.496998,2443.624962,5918.953552
A185-001-19,A1850819_200_EN_4,6213093,4213093,EX004,EX5600FS,DT084,HIT EH5000,A-185-08-19,42.31,180.64,118.692728,118.692728,278.205806,34.943681,82.396678,0,363702.69,6591888.08,199.01,STRAIGHT,180.6,484,12/11/2025,08:38:45,08:46:49,1924.738619,EX5600,250,29.0,8.0,34,278.205806,118.692728,42.172719,82.396678,34.943681,2337.472882,5636.558975
A185-001-19,A1850819_200_EN_4,6213094,4213094,EX004,EX5600FS,DT018,CAT 793,A-185-08-19,56.35,196.03,107.612034,107.612034,275.422195,39.945523,82.731293,0,363697.48,6591887.66,199.27,LEFT,196.0,416,12/11/2025,08:46:49,08:53:45,1890.17106,EX5600,225,29.0,8.0,34,275.422195,107.612034,45.133345,82.731293,39.945523,2562.293977,6249.409112
A185-001-19,A1850819_200_EN_4,6213095,4213095,EX004,EX5600FS,DT048,HIT EH5000,A-185-08-19,41.95,200.05,121.63555,121.63555,298.670649,41.866628,69.87239,0,363701.62,6591884.88,198.63,LEFT,200.1,413,12/11/2025,08:53:45,09:00:38,1825.836601,EX5600,250,29.0,8.0,34,298.670649,121.63555,65.29608,69.87239,41.866628,2411.312894,5517.008021
A185-001-19,A1850819_200_EN_4,6213096,4213096,EX004,EX5600FS,DT050,HIT EH5000,A-185-08-19,54.11,211.8,132.824447,132.824447,290.82495,33.439244,72.489137,0,363700.88,6591887.28,198.42,LEFT,211.8,409,12/11/2025,09:00:38,09:07:27,1968.163771,EX5600,250,29.0,8.0,34,290.82495,132.824447,52.072123,72.489137,33.439244,2621.827058,6351.110157
A185-001-19,A1850819_200_EN_3,6213097,4213097,EX004,EX5600FS,DT019,CAT 793,A-185-08-19,35.55,165.4,118.258024,118.258024,285.164842,40.953911,69.389281,0,363752.05,6591871.09,198.1,STRAIGHT,165.4,438,12/11/2025,09:07:27,09:14:45,1576.42476,EX5600,225,29.0,8.0,34,285.164842,118.258024,56.563625,69.389281,40.953911,2088.086939,5375.325715
A185-001-19,A1850819_200_EN_3,6213098,4213098,EX004,EX5600FS,DT019,CAT 793,A-185-08-19,38.01,171.52,89.698809,89.698809,253.201354,36.913679,68.616888,0,363748.6,6591869.68,198.73,RIGHT,171.5,547,12/11/2025,09:14:45,09:23:52,1802.795067,EX5600,225,29.0,8.0,34,253.201354,89.698809,57.971978,68.616888,36.913679,2438.603938,6545.984376
A185-001-19,A1850819_200_EN_3,6213099,4213099,EX004,EX5600FS,DT065,HIT EH5000,A-185-08-19,41.76,176.9,109.296371,109.296371,288.753797,46.326103,75.821564,0,363747.64,6591871.88,198.84,LEFT,176.9,420,12/11/2025,09:23:52,09:30:52,1718.360044,EX5600,250,29.0,8.0,34,288.753797,109.296371,57.309759,75.821564,46.326103,2205.418619,5669.679171
A185-001-19,A1850819_200_EN_3,6213100,4213100,EX004,EX5600FS,DT003,CAT 793,A-185-08-19,56.28,203.45,105.918031,105.918031,274.52908,42.829583,80.110026,0,363751.59,6591868.79,198.82,LEFT,203.4,332,12/11/2025,09:30:52,09:36:24,2117.830639,EX5600,225,29.0,8.0,34,274.52908,105.918031,45.671441,80.110026,42.829583,2667.860074,6674.680561
A185-001-19,A1850819_200_EN_3,6213101,4213101,EX004,EX5600FS,DT026,CAT 793,A-185-08-19,38.31,185.72,90.171828,90.171828,250.145685,41.834905,74.565644,0,363752.68,6591871.39,198.63,LEFT,185.7,328,12/11/2025,09:36:24,09:41:52,2032.160231,EX5600,225,29.0,8.0,34,250.145685,90.171828,43.573308,74.565644,41.834905,2672.740055,6576.532614
A185-001-19,A1850819_200_EN_3,6213102,4213102,EX004,EX5600FS,DT027,CAT 793,A-185-08-19,42.41,194.62,104.332656,104.332656,291.497577,39.315731,93.854328,0,363750.47,6591868.97,198.74,STRAIGHT,194.6,487,12/11/2025,09:41:52,09:49:59,1991.901856,EX5600,225,29.0,8.0,34,291.497577,104.332656,53.994863,93.854328,39.315731,2403.562639,6168.707686
A185-001-19,A1850819_200_EN_3,6213103,4213103,EX004,EX5600FS,DT081,HIT EH5000,A-185-08-19,41.32,183.3,102.436273,102.436273,272.77247,39.997137,77.759311,0,363748.4,6591870.82,198.41,LEFT,183.3,780,12/11/2025,09:49:59,10:02:59,1768.00073,EX5600,250,29.0,8.0,34,272.77247,102.436273,52.57975,77.759311,39.997137,2419.114083,6204.859363
A185-001-19,A1850819_200_EN_3,6213104,4213104,EX004,EX5600FS,DT024,CAT 793,A-185-08-19,49.19,162.15,103.59574,103.59574,276.584734,44.385217,80.575954,0,363753.93,6591871.42,198.44,LEFT,162.1,467,12/11/2025,10:02:59,10:10:46,1708.702373,EX5600,225,29.0,8.0,34,276.584734,103.59574,48.027824,80.575954,44.385217,2110.468039,5347.194097
A185-001-19,A1850819_200_EN_3,6213105,4213105,EX004,EX5600FS,DT027,CAT 793,A-185-08-19,42.04,177.35,113.822347,113.822347,291.68593,45.354075,71.310555,0,363749.59,6591871.27,198.37,LEFT,177.3,465,12/11/2025,10:10:46,10:18:31,1737.852532,EX5600,225,29.0,8.0,34,291.68593,113.822347,61.198953,71.310555,45.354075,2188.812701,5448.407436
A185-001-19,A1850819_200_EN_3,6213106,4213106,EX004,EX5600FS,DT075,HIT EH5000,A-185-08-19,42.56,193.08,111.065818,111.065818,273.242949,34.14095,76.359111,0,363751.28,6591871.77,199.37,RIGHT,193.1,429,12/11/2025,10:18:31,10:25:40,1885.957324,EX5600,250,29.0,8.0,34,273.242949,111.065818,51.67707,76.359111,34.14095,2543.782509,6714.349374
A185-001-19,A1850819_200_EN_3,6213107,4213107,EX004,EX5600FS,DT056,HIT EH5000,A-185-08-19,52.14,206.07,119.274787,119.274787,303.159985,47.35173,77.823504,0,363747.58,6591872.19,198.64,STRAIGHT,206.1,483,12/11/2025,10:25:40,10:33:43,1886.805326,EX5600,250,29.0,8.0,34,303.159985,119.274787,58.709963,77.823504,47.35173,2447.025036,6142.304699
A185-001-19,A1850819_200_EN_3,6213108,4213108,EX004,EX5600FS,DT032,CAT 793,A-185-08-19,52.07,199.64,114.368043,114.368043,296.946061,48.278191,79.740893,0,363751.5,6591869.66,198.81,LEFT,199.6,461,12/11/2025,10:33:43,10:41:24,1921.306583,EX5600,225,29.0,8.0,34,296.946061,114.368043,54.558934,79.740893,48.278191,2420.26507,6146.346556
A185-001-19,A1850819_200_EN_3,6213109,4213109,EX004,EX5600FS,DT047,HIT EH5000,A-185-08-19,40.88,187.29,116.003996,116.003996,302.944771,43.725284,81.245846,0,363752.38,6591873.18,198.5,RIGHT,187.3,486,12/11/2025,10:41:24,10:49:30,1800.406563,EX5600,250,29.0,8.0,34,302.944771,116.003996,61.969645,81.245846,43.725284,2225.5978,5766.358408
A185-001-19,A1850819_200_EN_4,6213110,4213110,EX004,EX5600FS,DT046,CAT 793,A-185-08-19,38.22,195.09,125.301381,125.301381,300.024299,48.414945,75.552977,0,363708.05,6591884.94,198.37,LEFT,195.1,504,12/11/2025,10:49:30,10:57:54,1763.464956,EX5600,225,29.0,8.0,34,300.024299,125.301381,50.754995,75.552977,48.414945,2340.848687,5617.252111
A185-001-19,A1850819_200_EN_4,6213111,4213111,EX004,EX5600FS,DT071,HIT EH5000,A-185-08-19,41.02,177.15,140.60994,140.60994,312.928699,41.081698,75.603767,0,363710.44,6591879.46,199.54,LEFT,177.2,478,12/11/2025,10:57:54,11:05:52,1571.755482,EX5600,250,29.0,8.0,34,312.928699,140.60994,55.633294,75.603767,41.081698,2037.991714,4808.416013
A185-001-19,A1850819_200_EN_4,6213112,4213112,EX004,EX5600FS,DT059,HIT EH5000,A-185-08-19,38.33,178.2,123.42023,123.42023,289.947057,44.674871,66.654687,0,363706.98,6591887.79,198.87,RIGHT,178.2,467,12/11/2025,11:05:52,11:13:39,1890.010733,EX5600,250,29.0,8.0,34,289.947057,123.42023,55.19727,66.654687,44.674871,2212.570663,5174.397725
A185-001-19,A1850819_200_EN_4,6213113,4213113,EX004,EX5600FS,DT043,CAT 793,A-185-08-19,44.67,188.15,130.677706,130.677706,319.662864,47.430566,97.787391,0,363704.86,6591884.52,199.59,RIGHT,188.2,529,12/11/2025,11:13:39,11:22:28,1674.005957,EX5600,225,29.0,8.0,34,319.662864,130.677706,43.767201,97.787391,47.430566,2118.922587,5166.728897
A185-001-19,A1850819_200_EN_4,6213114,4213114,EX004,EX5600FS,DT081,HIT EH5000,A-185-08-19,49.87,191.65,131.492302,131.492302,310.3527,34.991556,78.458002,0,363704.54,6591885.9,199.37,LEFT,191.6,429,12/11/2025,11:22:28,11:29:37,1820.603157,EX5600,250,29.0,8.0,34,310.3527,131.492302,65.41084,78.458002,34.991556,2223.027616,4859.522638
A185-001-19,A1850819_200_EN_4,6213115,4213115,EX004,EX5600FS,DT004,CAT 793,A-185-08-19,42.21,183.86,126.112364,126.112364,297.330068,38.408238,76.682089,0,363704.42,6591885.64,198.44,STRAIGHT,183.9,574,12/11/2025,11:29:37,11:39:11,1696.082605,EX5600,225,29.0,8.0,34,297.330068,126.112364,56.127377,76.682089,38.408238,2226.167224,5640.180319
A185-001-19,A1850819_200_EN_4,6213116,4213116,EX004,EX5600FS,DT052,HIT EH5000,A-185-08-19,39.47,196.11,111.951939,111.951939,274.931355,42.738191,60.756238,0,363709.35,6591882.61,199.26,RIGHT,196.1,429,12/11/2025,11:39:11,11:46:20,1953.54728,EX5600,250,29.0,8.0,34,274.931355,111.951939,59.484988,60.756238,42.738191,2567.89843,6026.244605
A185-001-19,A1850819_200_EN_4,6213117,4213117,EX004,EX5600FS,DT010,CAT 793,A-185-08-19,58.58,209.29,131.775264,131.775264,287.293202,39.33559,72.489087,0,363704.37,6591886.11,199.42,RIGHT,209.3,470,12/11/2025,11:46:20,11:54:10,1957.715276,EX5600,225,29.0,8.0,34,287.293202,131.775264,43.693261,72.489087,39.33559,2622.587018,6685.737523
A185-001-19,A1850819_200_EN_4,6213118,4213118,EX004,EX5600FS,DT038,CAT 793,A-185-08-19,50.26,195.04,127.900095,127.900095,300.193025,37.687679,72.667395,0,363705.12,6591885.03,199.25,STRAIGHT,195.0,448,12/11/2025,11:54:10,12:01:38,1855.835648,EX5600,225,29.0,8.0,34,300.193025,127.900095,61.937856,72.667395,37.687679,2339.01862,5401.416688
A185-001-19,A1850819_200_EN_4,6213119,4213119,EX004,EX5600FS,DT012,CAT 793,A-185-08-19,45.75,178.75,108.511611,108.511611,273.171522,38.279981,66.551409,0,363709.1,6591882.92,199.35,RIGHT,178.8,390,12/11/2025,12:01:38,12:08:08,1759.005025,EX5600,225,29.0,8.0,34,273.171522,108.511611,59.828521,66.551409,38.279981,2355.685067,5694.702882
A185-001-19,A1850819_200_EN_4,6213120,4213120,EX004,EX5600FS,DT074,HIT EH5000,A-185-08-19,56.8,170.4,112.495502,112.495502,293.415691,43.829318,78.186938,0,363706.35,6591885.43,199.03,LEFT,170.4,447,12/11/2025,12:08:08,12:15:35,1570.03772,EX5600,250,29.0,8.0,34,293.415691,112.495502,58.903933,78.186938,43.829318,2090.683796,5153.357502
A185-001-19,A1850819_200_EN_4,6213121,4213121,EX004,EX5600FS,DT044,CAT 793,A-185-08-19,44.92,187.05,117.579971,117.579971,286.302647,38.610707,76.814968,0,363707.93,6591886.07,198.73,STRAIGHT,187.0,515,12/11/2025,12:15:35,12:24:10,1863.17613,EX5600,225,29.0,8.0,34,286.302647,117.579971,53.297001,76.814968,38.610707,2351.936354,5388.99981
A185-001-19,A1850819_200_EN_3,6213122,4213122,EX004,EX5600FS,DT014,CAT 793,A-185-08-19,49.66,188.13,92.401186,92.401186,251.555096,37.860836,73.272933,0,363759.29,6591868.82,198.89,STRAIGHT,188.1,422,12/11/2025,12:24:10,12:31:12,2316.405904,EX5600,225,29.0,8.0,34,251.555096,92.401186,48.020141,73.272933,37.860836,2692.264204,7202.544907
A185-001-19,A1850819_200_EN_3,6213123,4213123,EX004,EX5600FS,DT029,CAT 793,A-185-08-19,54.85,200.16,105.604111,105.604111,264.163085,31.607794,83.438702,0,363757.6,6591867.22,199.07,LEFT,200.2,359,12/11/2025,12:31:12,12:37:11,2160.484646,EX5600,225,29.0,8.0,34,264.163085,105.604111,43.512479,83.438702,31.607794,2727.727518,7243.548037
A185-001-19,A1850819_200_EN_3,6213124,4213124,EX004,EX5600FS,DT078,HIT EH5000,A-185-08-19,49.14,194.85,109.494396,109.494396,278.307983,41.509333,70.37541,0,363757.35,6591865.06,199.51,STRAIGHT,194.9,453,12/11/2025,12:37:11,12:44:44,2072.32018,EX5600,250,29.0,8.0,34,278.307983,109.494396,56.928844,70.37541,41.509333,2520.450492,6996.095534
A185-001-19,A1850819_200_EN_3,6213125,4213125,EX004,EX5600FS,DT013,CAT 793,A-185-08-19,56.67,205.42,90.468763,90.468763,255.397013,37.86779,67.822425,0,363757.82,6591868.14,198.66,RIGHT,205.4,362,12/11/2025,12:44:44,12:50:46,2246.232097,EX5600,225,29.0,8.0,34,255.397013,90.468763,59.238035,67.822425,37.86779,2895.598542,7729.75937
A185-001-19,A1850819_200_EN_3,6213126,4213126,EX004,EX5600FS,DT027,CAT 793,A-185-08-19,43.3,190.16,110.727088,110.727088,294.663889,40.179034,83.334667,0,363761.99,6591866.36,200.01,RIGHT,190.2,479,12/11/2025,12:50:46,12:58:45,1790.678657,EX5600,225,29.0,8.0,34,294.663889,110.727088,60.4231,83.334667,40.179034,2323.300857,6254.17267
A185-001-19,A1850819_200_EN_3,6213127,4213127,EX004,EX5600FS,DT068,HIT EH5000,A-185-08-19,69.34,208.02,104.947358,104.947358,259.224997,41.57956,64.399318,0,363759.93,6591868.37,198.5,STRAIGHT,208.0,352,12/11/2025,12:58:45,13:04:37,2231.268023,EX5600,250,29.0,8.0,34,259.224997,104.947358,48.29876,64.399318,41.57956,2888.917229,7776.767863
A185-001-19,A1850819_200_EN_3,6213128,4213128,EX004,EX5600FS,DT010,CAT 793,A-185-08-19,55.52,209.86,101.17771,101.17771,262.01612,33.757706,78.492872,0,363758.33,6591864.88,198.67,RIGHT,209.9,424,12/11/2025,13:04:37,13:11:41,2380.45656,EX5600,225,29.0,8.0,34,262.01612,101.17771,48.587832,78.492872,33.757706,2883.37605,7495.263546
A185-001-19,A1850819_200_EN_3,6213129,4213129,EX004,EX5600FS,DT009,CAT 793,A-185-08-19,46.48,217.72,109.816119,109.816119,265.250726,45.591881,70.932925,0,363754.6,6591869.43,199.45,LEFT,217.7,388,12/11/2025,13:11:41,13:18:09,2497.556033,EX5600,225,29.0,8.0,34,265.250726,109.816119,38.9098,70.932925,45.591881,2954.899592,7657.726016
A185-001-19,A1850819_200_EN_3,6213130,4213130,EX004,EX5600FS,DT076,HIT EH5000,A-185-08-19,46.25,199.16,99.240483,99.240483,269.17615,43.791841,66.171963,0,363757.29,6591869.1,198.34,STRAIGHT,199.2,441,12/11/2025,13:18:09,13:25:30,2261.410763,EX5600,250,29.0,8.0,34,269.17615,99.240483,59.971863,66.171963,43.791841,2663.604439,7275.926255
A185-001-19,A1850819_200_EN_3,6213131,4213131,EX004,EX5600FS,DT081,HIT EH5000,A-185-08-19,50.05,177.81,97.57785,97.57785,261.682464,43.072417,68.600254,0,363755.16,6591866.91,198.51,LEFT,177.8,510,12/11/2025,13:25:30,13:34:00,2044.874563,EX5600,250,29.0,8.0,34,261.682464,97.57785,52.431943,68.600254,43.072417,2446.195283,6773.355102
A185-001-19,A1850819_200_EN_3,6213132,4213132,EX004,EX5600FS,DT011,CAT 793,A-185-08-19,57.76,184.46,89.554305,89.554305,258.561027,41.719313,70.09092,0,363759.11,6591871.15,198.89,LEFT,184.5,480,12/11/2025,13:34:00,13:42:00,1960.231891,EX5600,225,29.0,8.0,34,258.561027,89.554305,57.196489,70.09092,41.719313,2568.307636,6740.83955
A185-001-19,A1850819_200_EN_4,6213133,4213133,EX004,EX5600FS,DT041,CAT 793,A-185-08-19,62.69,203.83,118.373162,118.373162,280.615269,49.703388,67.974649,0,363713.45,6591882.58,198.7,RIGHT,203.8,422,12/11/2025,13:42:00,13:49:02,2026.395548,EX5600,225,29.0,8.0,34,280.615269,118.373162,44.56407,67.974649,49.703388,2614.969723,6546.743269
A185-001-19,A1850819_200_EN_4,6213134,4213134,EX004,EX5600FS,DT084,HIT EH5000,A-185-08-19,42.46,221.68,117.340796,117.340796,305.805351,39.419297,93.149499,0,363715.12,6591880.51,199.32,RIGHT,221.7,488,12/11/2025,13:49:02,13:57:10,1943.005975,EX5600,250,29.0,8.0,34,305.805351,117.340796,55.895759,93.149499,39.419297,2609.609002,6639.406679
A185-001-19,A1850819_200_EN_4,6213135,4213135,EX004,EX5600FS,DT055,HIT EH5000,A-185-08-19,37.66,203.7,143.666647,143.666647,329.656822,48.410142,86.507725,0,363711.24,6591883.39,199.87,RIGHT,203.7,545,12/11/2025,13:57:10,14:06:15,1820.399228,EX5600,250,29.0,8.0,34,329.656822,143.666647,51.072308,86.507725,48.410142,2224.516478,5232.578433
A185-001-19,A1850819_200_EN_4,6213136,4213136,EX004,EX5600FS,DT083,HIT EH5000,A-185-08-19,41.75,188.77,128.760114,128.760114,312.873825,49.153138,82.306434,0,363714.02,6591880.78,199.54,RIGHT,188.8,472,12/11/2025,14:06:15,14:14:07,1757.802993,EX5600,250,29.0,8.0,34,312.873825,128.760114,52.654138,82.306434,49.153138,2171.998422,5460.734758
A185-001-19,A1850819_200_EN_4,6213137,4213137,EX004,EX5600FS,DT058,HIT EH5000,A-185-08-19,46.21,191.19,121.883783,121.883783,301.370924,40.471934,83.129576,0,363715.25,6591881.99,199.05,LEFT,191.2,524,12/11/2025,14:14:07,14:22:51,1630.938467,EX5600,250,29.0,8.0,34,301.370924,121.883783,55.885631,83.129576,40.471934,2283.805491,5928.913859
A185-001-19,A1850819_200_EN_4,6213138,4213138,EX004,EX5600FS,DT003,CAT 793,A-185-08-19,49.66,183.67,129.018465,129.018465,303.752746,33.464572,85.524432,0,363715.96,6591880.09,199.5,LEFT,183.7,388,12/11/2025,14:22:51,14:29:19,1498.64258,EX5600,225,29.0,8.0,34,303.752746,129.018465,55.745277,85.524432,33.464572,2176.78196,5540.951686
A185-001-19,A1850819_200_EN_4,6213139,4213139,EX004,EX5600FS,DT088,HIT EH5000,A-185-08-19,61.34,191.76,120.471832,120.471832,275.553936,30.521004,67.119298,0,363713.91,6591879.55,199.43,LEFT,191.8,488,12/11/2025,14:29:19,14:37:27,2027.675097,EX5600,250,29.0,8.0,34,275.553936,120.471832,57.441802,67.119298,30.521004,2505.292906,6237.03304
A185-001-19,A1850819_200_EN_4,6213140,4213140,EX004,EX5600FS,DT032,CAT 793,A-185-08-19,58.68,182.06,116.905203,116.905203,291.26291,35.756152,78.652685,0,363713.55,6591880.63,198.3,STRAIGHT,182.1,440,12/11/2025,14:37:27,14:44:47,1739.513163,EX5600,225,29.0,8.0,34,291.26291,116.905203,59.948871,78.652685,35.756152,2250.268788,5622.913049
A185-001-19,A1850819_200_EN_4,6213141,4213141,EX004,EX5600FS,DT007,CAT 793,A-185-08-19,46.39,173.25,115.221005,115.221005,283.793381,35.959821,73.217108,0,363716.84,6591882.18,199.55,STRAIGHT,173.2,452,12/11/2025,14:44:47,14:52:19,1696.543029,EX5600,225,29.0,8.0,34,283.793381,115.221005,59.395447,73.217108,35.959821,2197.692795,5320.717169
A185-001-19,A1850819_200_EN_4,6213142,4213142,EX004,EX5600FS,DT015,CAT 793,A-185-08-19,45.08,168.47,119.227468,119.227468,293.367346,47.391763,72.761524,0,363713.23,6591880.29,197.94,STRAIGHT,168.5,406,12/11/2025,14:52:19,14:59:05,1561.47572,EX5600,225,29.0,8.0,34,293.367346,119.227468,53.986591,72.761524,47.391763,2067.350936,5149.603802
A185-001-19,A1850819_200_EN_4,6213143,4213143,EX004,EX5600FS,DT059,HIT EH5000,A-185-08-19,44.19,177.93,117.688588,117.688588,282.779603,37.005313,75.048995,0,363711.68,6591879.11,199.75,RIGHT,177.9,433,12/11/2025,14:59:05,15:06:18,1896.545055,EX5600,250,29.0,8.0,34,282.779603,117.688588,53.036707,75.048995,37.005313,2265.13096,5323.588242
A185-001-19,A1850819_200_EN_4,6213144,4213144,EX004,EX5600FS,DT056,HIT EH5000,A-185-08-19,50.13,193.96,102.209751,102.209751,292.274293,43.196488,80.027963,0,363713.22,6591882.59,198.1,RIGHT,194.0,381,12/11/2025,15:06:18,15:12:39,1788.122906,EX5600,250,29.0,8.0,34,292.274293,102.209751,66.84009,80.027963,43.196488,2388.993385,6064.673517
A185-001-19,A1850819_200_EN_4,6213145,4213145,EX004,EX5600FS,DT008,CAT 793,A-185-08-19,68.38,206.61,133.977976,133.977976,300.437748,35.460419,76.701943,0,363713.9,6591882.91,198.86,STRAIGHT,206.6,521,12/11/2025,15:12:39,15:21:20,2012.587,EX5600,225,29.0,8.0,34,300.437748,133.977976,54.297409,76.701943,35.460419,2475.649233,6053.898069
A185-001-19,A1850819_200_EN_2,6213146,4213146,EX004,EX5600FS,DT087,HIT EH5000,A-185-08-19,56.93,194.89,108.119604,108.119604,284.277725,37.237639,80.274507,0,363770.7,6591866.96,198.66,LEFT,194.9,473,12/11/2025,15:21:20,15:29:13,2001.171294,EX5600,250,29.0,8.0,34,284.277725,108.119604,58.645974,80.274507,37.237639,2467.96381,6548.70611
A185-001-19,A1850819_200_EN_2,6213147,4213147,EX004,EX5600FS,DT009,CAT 793,A-185-08-19,46.01,196.79,102.023426,102.023426,282.331336,41.885524,76.207038,0,363765.09,6591867.9,199.1,RIGHT,196.8,396,12/11/2025,15:29:13,15:35:49,2089.13187,EX5600,225,29.0,8.0,34,282.331336,102.023426,62.215348,76.207038,41.885524,2509.300785,6809.606651
A185-001-19,A1850819_200_EN_2,6213148,4213148,EX004,EX5600FS,DT076,HIT EH5000,A-185-08-19,38.89,202.36,95.108396,95.108396,255.43408,39.789067,62.968641,0,363763.8,6591864.76,198.76,RIGHT,202.4,435,12/11/2025,15:35:49,15:43:04,2263.626825,EX5600,250,29.0,8.0,34,255.43408,95.108396,57.567976,62.968641,39.789067,2851.944613,7699.385226
A185-001-19,A1850819_200_EN_2,6213149,4213149,EX004,EX5600FS,DT045,CAT 793,A-185-08-19,52.39,196.53,100.94892,100.94892,258.821042,38.919715,72.493067,0,363764.09,6591864.96,199.87,LEFT,196.5,388,12/11/2025,15:43:04,15:49:32,2215.218236,EX5600,225,29.0,8.0,34,258.821042,100.94892,46.45934,72.493067,38.919715,2733.631299,7191.655626
A185-001-19,A1850819_200_EN_2,6213150,4213150,EX004,EX5600FS,DT056,HIT EH5000,A-185-08-19,45.19,219.91,97.495968,97.495968,257.763245,39.336985,69.111338,0,363767.43,6591866.9,198.1,STRAIGHT,219.9,427,12/11/2025,15:49:32,15:56:39,2420.555348,EX5600,250,29.0,8.0,34,257.763245,97.495968,51.818954,69.111338,39.336985,3071.393969,8182.659238
A185-001-19,A1850819_200_EN_2,6213151,4213151,EX004,EX5600FS,DT010,CAT 793,A-185-08-19,46.61,195.97,107.310489,107.310489,280.872509,44.632228,70.206838,0,363765.47,6591866.81,199.3,STRAIGHT,196.0,439,12/11/2025,15:56:39,16:03:58,1880.228262,EX5600,225,29.0,8.0,34,280.872509,107.310489,58.722954,70.206838,44.632228,2511.796657,6712.597002
A185-001-19,A1850819_200_EN_2,6213152,4213152,EX004,EX5600FS,DT009,CAT 793,A-185-08-19,59.36,187.11,96.829406,96.829406,255.394369,43.09403,68.092775,0,363766.47,6591865.04,198.23,LEFT,187.1,436,12/11/2025,16:03:58,16:11:14,2174.355923,EX5600,225,29.0,8.0,34,255.394369,96.829406,47.378157,68.092775,43.09403,2637.526715,6880.485774
A185-001-19,A1850819_200_EN_2,6213153,4213153,EX004,EX5600FS,DT030,CAT 793,A-185-08-19,54.0,176.78,103.085331,103.085331,266.859605,43.868454,73.060311,0,363768.36,6591869.5,200.15,STRAIGHT,176.8,380,12/11/2025,16:11:14,16:17:34,1958.587483,EX5600,225,29.0,8.0,34,266.859605,103.085331,46.845509,73.060311,43.868454,2384.77535,6263.569428
A185-001-19,A1850819_200_EN_2,6213154,4213154,EX004,EX5600FS,DT064,HIT EH5000,A-185-08-19,47.77,195.45,97.139376,97.139376,259.566508,42.332772,69.053302,0,363763.81,6591863.64,199.61,RIGHT,195.5,415,12/11/2025,16:17:34,16:24:29,2059.453916,EX5600,250,29.0,8.0,34,259.566508,97.139376,51.041057,69.053302,42.332772,2710.78889,6908.140225
A185-001-19,A1850819_200_EN_2,6213155,4213155,EX004,EX5600FS,DT067,HIT EH5000,A-185-08-19,53.25,197.28,103.861015,103.861015,271.89251,39.591405,71.191846,0,363768.32,6591864.16,199.06,STRAIGHT,197.3,441,12/11/2025,16:24:29,16:31:50,2034.572094,EX5600,250,29.0,8.0,34,271.89251,103.861015,57.248243,71.191846,39.591405,2612.040142,6943.673793
A185-001-19,A1850819_200_EN_2,6213156,4213156,EX004,EX5600FS,DT040,CAT 793,A-185-08-19,41.22,205.35,96.502294,96.502294,265.497834,37.836923,78.745073,0,363766.07,6591866.44,198.75,STRAIGHT,205.4,451,12/11/2025,16:31:50,16:39:21,2310.209294,EX5600,225,29.0,8.0,34,265.497834,96.502294,52.413544,78.745073,37.836923,2784.479994,7261.253365
A185-001-19,A1850819_200_EN_2,6213157,4213157,EX004,EX5600FS,DT030,CAT 793,A-185-08-19,45.75,201.1,75.57615,75.57615,240.291956,43.713054,65.63086,0,363769.1,6591866.18,199.34,RIGHT,201.1,383,12/11/2025,16:39:21,16:45:44,2310.711573,EX5600,225,29.0,8.0,34,240.291956,75.57615,55.371892,65.63086,43.713054,3012.788441,7705.232522
A185-001-19,A1850819_200_EN_4,6213158,4213158,EX004,EX5600FS,DT042,CAT 793,A-185-08-19,60.35,181.05,131.160844,131.160844,299.056034,40.119707,71.394434,0,363722.04,6591874.89,198.5,LEFT,181.1,474,12/11/2025,16:45:44,16:53:38,1625.744894,EX5600,225,29.0,8.0,34,299.056034,131.160844,56.381049,71.394434,40.119707,2179.482841,5127.593282
A185-001-19,A1850819_200_EN_4,6213159,4213159,EX004,EX5600FS,DT034,CAT 793,A-185-08-19,41.8,177.69,134.520366,134.520366,324.773376,51.974552,77.77986,0,363721.62,6591879.07,198.86,LEFT,177.7,465,12/11/2025,16:53:38,17:01:23,1640.140976,EX5600,225,29.0,8.0,34,324.773376,134.520366,60.498598,77.77986,51.974552,1969.63393,4774.480406
A185-001-19,A1850819_200_EN_4,6213160,4213160,EX004,EX5600FS,DT011,CAT 793,A-185-08-19,45.56,181.7,142.040619,142.040619,312.54249,35.853816,72.724726,0,363724.55,6591879.21,198.8,STRAIGHT,181.7,485,12/11/2025,17:01:23,17:09:28,1655.337799,EX5600,225,29.0,8.0,34,312.54249,142.040619,61.923329,72.724726,35.853816,2092.850712,4614.948278
A185-001-19,A1850819_200_EN_4,6213161,4213161,EX004,EX5600FS,DT001,CAT 793,A-185-08-19,41.6,187.37,137.840286,137.840286,317.704232,45.669944,71.200478,0,363722.57,6591877.59,199.4,RIGHT,187.4,454,12/11/2025,17:09:28,17:17:02,1644.198086,EX5600,225,29.0,8.0,34,317.704232,137.840286,62.993524,71.200478,45.669944,2123.186298,5024.542913
A185-001-19,A1850819_200_EN_4,6213162,4213162,EX004,EX5600FS,DT037,CAT 793,A-185-08-19,40.69,201.62,130.602597,130.602597,288.649243,38.94444,68.838416,0,363721.01,6591878.82,199.41,RIGHT,201.6,467,12/11/2025,17:17:02,17:24:49,1834.875778,EX5600,225,29.0,8.0,34,288.649243,130.602597,50.263791,68.838416,38.94444,2514.593753,6218.321209
A185-001-19,A1850819_200_EN_4,6213163,4213163,EX004,EX5600FS,DT034,CAT 793,A-185-08-19,40.59,193.75,138.334019,138.334019,310.955404,37.647343,78.177367,0,363721.57,6591877.42,199.44,LEFT,193.7,501,12/11/2025,17:24:49,17:33:10,1601.135069,EX5600,225,29.0,8.0,34,310.955404,138.334019,56.796676,78.177367,37.647343,2243.036696,5152.998987
A185-001-19,A1850819_200_EN_4,6213164,4213164,EX004,EX5600FS,DT001,CAT 793,A-185-08-19,39.46,181.88,123.554232,123.554232,290.105638,41.002498,74.181863,0,363721.79,6591878.4,199.31,LEFT,181.9,413,12/11/2025,17:33:10,17:40:03,1616.824631,EX5600,225,29.0,8.0,34,290.105638,123.554232,51.367045,74.181863,41.002498,2256.968601,5378.108713
A185-001-19,A1850819_200_EN_4,6213165,4213165,EX004,EX5600FS,DT058,HIT EH5000,A-185-08-19,43.23,200.17,139.684966,139.684966,316.814075,47.096535,79.984848,0,363724.12,6591875.34,198.71,LEFT,200.2,501,12/11/2025,17:40:03,17:48:24,1761.351231,EX5600,250,29.0,8.0,34,316.814075,139.684966,50.047726,79.984848,47.096535,2274.528269,5217.974344
A185-001-19,A1850819_200_EN_4,6213166,4213166,EX004,EX5600FS,DT039,CAT 793,A-185-08-19,46.83,205.23,140.967324,140.967324,320.979282,44.236412,73.392492,0,363724.47,6591879.36,198.49,RIGHT,205.2,459,12/11/2025,17:48:24,17:56:03,1804.067744,EX5600,225,29.0,8.0,34,320.979282,140.967324,62.383054,73.392492,44.236412,2301.785914,5443.052014
A185-001-19,A1850819_200_EN_4,6213167,4213167,EX004,EX5600FS,DT021,CAT 793,A-185-08-19,61.36,202.88,152.64372,152.64372,332.762581,41.714258,73.511699,0,363722.48,6591871.97,198.73,LEFT,202.9,458,12/11/2025,17:56:03,18:03:41,1749.325788,EX5600,225,29.0,8.0,34,332.762581,152.64372,64.892903,73.511699,41.714258,2194.900109,5252.562708
A185-001-19,A1850819_200_EN_4,6213168,4213168,EX004,EX5600FS,DT082,HIT EH5000,A-185-08-19,52.93,191.62,126.493447,126.493447,305.155272,42.158093,73.889322,0,363722.32,6591879.96,199.26,LEFT,191.6,425,12/11/2025,18:03:41,18:10:46,1555.022522,EX5600,250,29.0,8.0,34,305.155272,126.493447,62.614411,73.889322,42.158093,2260.547676,5578.907131
A185-001-19,A1850819_200_EN_4,6213169,4213169,EX004,EX5600FS,DT044,CAT 793,A-185-08-19,41.99,191.23,130.243698,130.243698,314.385158,39.203135,79.939209,0,363722.34,6591879.35,198.76,RIGHT,191.2,373,12/11/2025,18:10:46,18:16:59,1661.314096,EX5600,225,29.0,8.0,34,314.385158,130.243698,64.999115,79.939209,39.203135,2189.723885,5311.96173
A185-001-19,A1850819_200_EN_2,6213170,4213170,EX004,EX5600FS,DT085,HIT EH5000,A-185-08-19,41.85,200.26,105.244875,105.244875,286.028236,38.956762,74.608355,0,363769.58,6591863.48,198.41,RIGHT,200.3,440,12/11/2025,18:16:59,18:24:19,1839.73766,EX5600,250,29.0,8.0,34,286.028236,105.244875,67.218244,74.608355,38.956762,2520.446041,6831.496174
A185-001-19,A1850819_200_EN_2,6213171,4213171,EX004,EX5600FS,DT011,CAT 793,A-185-08-19,53.28,204.58,111.321056,111.321056,286.023385,38.13969,82.420424,0,363769.34,6591862.06,198.5,LEFT,204.6,413,12/11/2025,18:24:19,18:31:12,2203.568907,EX5600,225,29.0,8.0,34,286.023385,111.321056,54.142215,82.420424,38.13969,2574.881079,6832.76168
A185-001-19,A1850819_200_EN_2,6213172,4213172,EX004,EX5600FS,DT027,CAT 793,A-185-08-19,41.78,202.05,112.649936,112.649936,290.533912,40.103855,77.795257,0,363770.55,6591861.9,197.99,RIGHT,202.0,476,12/11/2025,18:31:12,18:39:08,2049.339611,EX5600,225,29.0,8.0,34,290.533912,112.649936,59.984864,77.795257,40.103855,2503.56743,6753.764871
A185-001-19,A1850819_200_EN_2,6213173,4213173,EX004,EX5600FS,DT031,CAT 793,A-185-08-19,55.47,192.97,98.524858,98.524858,282.572984,41.223405,83.608251,0,363772.9,6591863.51,198.66,STRAIGHT,193.0,383,12/11/2025,18:39:08,18:45:31,1900.416064,EX5600,225,29.0,8.0,34,282.572984,98.524858,59.216469,83.608251,41.223405,2458.43492,6638.496077
A185-001-19,A1850819_200_EN_2,6213174,4213174,EX004,EX5600FS,DT018,CAT 793,A-185-08-19,34.01,204.04,98.133153,98.133153,267.940828,40.162954,75.009488,0,363771.23,6591862.41,198.2,STRAIGHT,204.0,441,12/11/2025,18:45:31,18:52:52,1985.487088,EX5600,225,29.0,8.0,34,267.940828,98.133153,54.635233,75.009488,40.162954,2741.465236,7294.887559
A185-001-19,A1850819_200_EN_2,6213175,4213175,EX004,EX5600FS,DT020,CAT 793,A-185-08-19,50.31,197.22,102.067208,102.067208,275.338761,40.381714,73.874344,0,363772.41,6591866.43,199.79,RIGHT,197.2,386,12/11/2025,18:52:52,18:59:18,2047.069177,EX5600,225,29.0,8.0,34,275.338761,102.067208,59.015495,73.874344,40.381714,2578.559242,6850.910737
A185-001-19,A1850819_200_EN_2,6213176,4213176,EX004,EX5600FS,DT080,HIT EH5000,A-185-08-19,44.17,187.8,108.31307,108.31307,276.996687,38.33999,76.4658,0,363771.12,6591860.65,198.79,LEFT,187.8,420,12/11/2025,18:59:18,19:06:18,1985.922147,EX5600,250,29.0,8.0,34,276.996687,108.31307,53.877828,76.4658,38.33999,2440.798892,6494.358818
A185-001-19,A1850819_200_EN_2,6213177,4213177,EX004,EX5600FS,DT001,CAT 793,A-185-08-19,43.09,200.41,99.989301,99.989301,279.331181,45.34898,80.072532,0,363770.59,6591860.93,199.58,RIGHT,200.4,379,12/11/2025,19:06:18,19:12:37,2089.153481,EX5600,225,29.0,8.0,34,279.331181,99.989301,53.920368,80.072532,45.34898,2582.87314,6489.51612
A185-001-19,A1850819_200_EN_2,6213178,4213178,EX004,EX5600FS,DT065,HIT EH5000,A-185-08-19,37.41,180.01,97.758184,97.758184,241.43406,38.461344,60.34698,0,363770.27,6591860.39,199.15,LEFT,180.0,401,12/11/2025,19:12:37,19:19:18,2129.571547,EX5600,250,29.0,8.0,34,241.43406,97.758184,44.867552,60.34698,38.461344,2684.174425,7318.72081
A185-001-19,A1850819_200_EN_2,6213179,4213179,EX004,EX5600FS,DT042,CAT 793,A-185-08-19,51.7,173.53,95.293067,95.293067,254.651603,37.933593,69.906639,0,363770.87,6591860.25,198.35,STRAIGHT,173.5,431,12/11/2025,19:19:18,19:26:29,1847.369443,EX5600,225,29.0,8.0,34,254.651603,95.293067,51.518303,69.906639,37.933593,2453.214538,6770.481704
A185-001-19,A1850819_200_EN_2,6213180,4213180,EX004,EX5600FS,DT033,CAT 793,A-185-08-19,58.81,176.42,100.558216,100.558216,284.102342,41.427176,81.799346,0,363770.44,6591860.95,198.83,RIGHT,176.4,405,12/11/2025,19:26:29,19:33:14,1779.948983,EX5600,225,29.0,8.0,34,284.102342,100.558216,60.317604,81.799346,41.427176,2235.443792,6049.245351
A185-001-19,A1850819_200_EN_2,6213181,4213181,EX004,EX5600FS,DT084,HIT EH5000,A-185-08-19,37.67,180.79,97.104925,97.104925,254.189365,41.799753,69.639231,0,363767.58,6591859.53,199.93,STRAIGHT,180.8,404,12/11/2025,19:33:14,19:39:58,1858.774644,EX5600,250,29.0,8.0,34,254.189365,97.104925,45.645457,69.639231,41.799753,2560.432645,6888.921385
A185-001-19,A1850819_200_EN_2,6213182,4213182,EX004,EX5600FS,DT039,CAT 793,A-185-08-19,43.68,188.92,90.618404,90.618404,260.896265,36.354484,82.713653,0,363770.99,6591861.22,198.39,LEFT,188.9,452,12/11/2025,19:39:58,19:47:30,2185.357213,EX5600,225,29.0,8.0,34,260.896265,90.618404,51.209723,82.713653,36.354484,2606.861132,6928.920545
A185-001-19,A1850819_200_EN_4,6213183,4213183,EX004,EX5600FS,DT066,HIT EH5000,A-185-08-19,53.43,160.3,146.017001,146.017001,329.094069,44.289333,75.789361,0,363732.44,6591877.53,198.67,RIGHT,160.3,441,12/11/2025,19:47:30,19:54:51,1273.684551,EX5600,250,29.0,8.0,34,329.094069,146.017001,62.998374,75.789361,44.289333,1753.595655,3974.763107
A185-001-19,A1850819_200_EN_4,6213184,4213184,EX004,EX5600FS,DT035,CAT 793,A-185-08-19,34.36,165.17,118.543976,118.543976,285.190172,37.599518,74.438849,0,363730.01,6591876.7,199.68,STRAIGHT,165.2,486,12/11/2025,19:54:51,20:02:57,1667.824551,EX5600,225,29.0,8.0,34,285.190172,118.543976,54.60783,74.438849,37.599518,2084.978459,4948.44459
A185-001-19,A1850819_200_EN_4,6213185,4213185,EX004,EX5600FS,DT017,CAT 793,A-185-08-19,45.83,166.76,142.024994,142.024994,332.620119,51.754717,79.421899,0,363728.35,6591875.45,199.06,LEFT,166.8,505,12/11/2025,20:02:57,20:11:22,1437.162481,EX5600,225,29.0,8.0,34,332.620119,142.024994,59.418509,79.421899,51.754717,1804.902915,4066.408585
A185-001-19,A1850819_200_EN_4,6213186,4213186,EX004,EX5600FS,DT030,CAT 793,A-185-08-19,34.48,169.7,123.211367,123.211367,306.945837,39.293719,79.841008,0,363731.03,6591881.43,199.45,RIGHT,169.7,480,12/11/2025,20:11:22,20:19:22,1412.851148,EX5600,225,29.0,8.0,34,306.945837,123.211367,64.599743,79.841008,39.293719,1990.341967,4543.498422
A185-001-19,A1850819_200_EN_4,6213187,4213187,EX004,EX5600FS,DT045,CAT 793,A-185-08-19,39.02,177.74,117.16159,117.16159,303.671595,46.523677,85.327372,0,363728.56,6591872.31,199.72,RIGHT,177.7,516,12/11/2025,20:19:22,20:27:58,1699.373376,EX5600,225,29.0,8.0,34,303.671595,117.16159,54.658956,85.327372,46.523677,2107.033732,4718.716465
A185-001-19,A1850819_200_EN_4,6213188,4213188,EX004,EX5600FS,DT008,CAT 793,A-185-08-19,42.81,171.51,133.87024,133.87024,314.605064,48.904479,84.761522,0,363732.41,6591874.24,199.74,RIGHT,171.5,460,12/11/2025,20:27:58,20:35:38,1513.323168,EX5600,225,29.0,8.0,34,314.605064,133.87024,47.068823,84.761522,48.904479,1962.626784,4733.558642
A185-001-19,A1850819_200_EN_4,6213189,4213189,EX004,EX5600FS,DT013,CAT 793,A-185-08-19,61.2,183.6,125.289851,125.289851,286.769316,44.215229,66.150596,0,363728.04,6591876.18,198.6,RIGHT,183.6,446,12/11/2025,20:35:38,20:43:04,1652.325183,EX5600,225,29.0,8.0,34,286.769316,125.289851,51.113639,66.150596,44.215229,2304.891924,5300.556701
A185-001-19,A1850819_200_EN_4,6213190,4213190,EX004,EX5600FS,DT048,HIT EH5000,A-185-08-19,49.61,190.44,130.365209,130.365209,286.607953,32.976396,70.824337,0,363729.28,6591875.21,199.54,STRAIGHT,190.4,469,12/11/2025,20:43:04,20:50:53,1867.966159,EX5600,250,29.0,8.0,34,286.607953,130.365209,52.442011,70.824337,32.976396,2392.005956,5775.763048
A185-001-19,A1850819_200_EN_4,6213191,4213191,EX004,EX5600FS,DT038,CAT 793,A-185-08-19,52.26,198.8,127.801786,127.801786,288.65806,38.163181,79.845438,0,363731.79,6591873.72,198.62,LEFT,198.8,415,12/11/2025,20:50:53,20:57:48,1975.761039,EX5600,225,29.0,8.0,34,288.65806,127.801786,42.847654,79.845438,38.163181,2479.382598,5511.985239
A185-001-19,A1850819_200_EN_4,6213192,4213192,EX004,EX5600FS,DT026,CAT 793,A-185-08-19,53.44,192.25,127.347088,127.347088,296.681249,35.00866,84.369322,0,363728.88,6591869.75,199.37,RIGHT,192.2,464,12/11/2025,20:57:48,21:05:32,1590.497816,EX5600,225,29.0,8.0,34,296.681249,127.347088,49.956178,84.369322,35.00866,2332.793984,5810.313865
A185-001-19,A1850819_200_EN_4,6213193,4213193,EX004,EX5600FS,DT080,HIT EH5000,A-185-08-19,45.77,176.96,115.809165,115.809165,303.715565,49.407928,75.734215,0,363734.22,6591872.24,198.44,RIGHT,177.0,473,12/11/2025,21:05:32,21:13:25,1579.790934,EX5600,250,29.0,8.0,34,303.715565,115.809165,62.764258,75.734215,49.407928,2097.523102,4950.372438
A185-001-19,A1850819_200_EN_4,6213194,4213194,EX004,EX5600FS,DT046,CAT 793,A-185-08-19,41.65,184.34,143.702435,143.702435,319.115151,41.682534,74.057383,0,363731.07,6591875.57,199.46,LEFT,184.3,422,12/11/2025,21:13:25,21:20:27,1771.703208,EX5600,225,29.0,8.0,34,319.115151,143.702435,59.672799,74.057383,41.682534,2079.578014,4947.890774
A185-001-19,A1850819_200_EN_2,6213195,4213195,EX004,EX5600FS,DT028,CAT 793,A-185-08-19,47.04,213.21,78.051916,78.051916,254.470021,44.559611,77.574296,0,363776.07,6591858.76,199.55,STRAIGHT,213.2,447,12/11/2025,21:20:27,21:27:54,2545.364234,EX5600,225,29.0,8.0,34,254.470021,78.051916,54.284197,77.574296,44.559611,3016.287087,7797.749727
A185-001-19,A1850819_200_EN_2,6213196,4213196,EX004,EX5600FS,DT021,CAT 793,A-185-08-19,52.12,186.65,82.411413,82.411413,251.995411,36.831211,77.212739,0,363777.55,6591859.77,198.48,LEFT,186.6,427,12/11/2025,21:27:54,21:35:01,2059.419489,EX5600,225,29.0,8.0,34,251.995411,82.411413,55.540049,77.212739,36.831211,2666.460133,7198.280512
A185-001-19,A1850819_200_EN_2,6213197,4213197,EX004,EX5600FS,DT026,CAT 793,A-185-08-19,59.8,194.62,91.732274,91.732274,246.936143,36.991327,73.62637,0,363780.53,6591859.2,198.98,RIGHT,194.6,397,12/11/2025,21:35:01,21:41:38,2512.76767,EX5600,225,29.0,8.0,34,246.936143,91.732274,44.586172,73.62637,36.991327,2837.279141,7174.546229
A185-001-19,A1850819_200_EN_2,6213198,4213198,EX004,EX5600FS,DT036,CAT 793,A-185-08-19,54.75,209.82,86.268261,86.268261,246.932774,36.040049,74.777252,0,363781.35,6591857.63,199.67,RIGHT,209.8,348,12/11/2025,21:41:38,21:47:26,2516.355073,EX5600,225,29.0,8.0,34,246.932774,86.268261,49.847213,74.777252,36.040049,3058.877446,8269.725603
A185-001-19,A1850819_200_EN_2,6213199,4213199,EX004,EX5600FS,DT004,CAT 793,A-185-08-19,53.65,201.69,91.430183,91.430183,243.211574,36.276993,68.229377,0,363776.33,6591856.18,198.86,LEFT,201.7,428,12/11/2025,21:47:26,21:54:34,2311.872883,EX5600,225,29.0,8.0,34,243.211574,91.430183,47.275022,68.229377,36.276993,2985.413922,7973.921357
A185-001-19,A1850819_200_EN_2,6213200,4213200,EX004,EX5600FS,DT002,CAT 793,A-185-08-19,41.55,188.29,84.203953,84.203953,239.846156,38.211444,65.046841,0,363780.11,6591858.51,198.92,STRAIGHT,188.3,417,12/11/2025,21:54:34,22:01:31,2302.827483,EX5600,225,29.0,8.0,34,239.846156,84.203953,52.383918,65.046841,38.211444,2826.187473,7969.848673
A185-001-19,A1850819_200_EN_2,6213201,4213201,EX004,EX5600FS,DT003,CAT 793,A-185-08-19,35.03,193.34,94.702012,94.702012,253.427336,32.499739,71.480062,0,363780.73,6591857.36,199.03,LEFT,193.3,514,12/11/2025,22:01:31,22:10:05,2079.226256,EX5600,225,29.0,8.0,34,253.427336,94.702012,54.745524,71.480062,32.499739,2746.512916,7745.166424
A185-001-19,A1850819_200_EN_2,6213202,4213202,EX004,EX5600FS,DT051,HIT EH5000,A-185-08-19,35.77,214.6,95.324375,95.324375,260.291952,36.440702,75.162804,0,363779.49,6591856.02,199.34,STRAIGHT,214.6,363,12/11/2025,22:10:05,22:16:08,2394.13443,EX5600,250,29.0,8.0,34,260.291952,95.324375,53.36407,75.162804,36.440702,2968.104683,8078.418605
A185-001-19,A1850819_200_EN_2,6213203,4213203,EX004,EX5600FS,DT039,CAT 793,A-185-08-19,45.58,213.4,95.332278,95.332278,272.723321,39.830897,80.337643,0,363781.3,6591859.68,197.92,STRAIGHT,213.4,401,12/11/2025,22:16:08,22:22:49,2244.478096,EX5600,225,29.0,8.0,34,272.723321,95.332278,57.222503,80.337643,39.830897,2816.917949,7567.655419
A185-001-19,A1850819_200_EN_2,6213204,4213204,EX004,EX5600FS,DT040,CAT 793,A-185-08-19,45.23,198.03,82.314507,82.314507,246.191033,33.521022,73.285263,0,363779.48,6591859.27,198.74,LEFT,198.0,466,12/11/2025,22:22:49,22:30:35,2152.994807,EX5600,225,29.0,8.0,34,246.191033,82.314507,57.070241,73.285263,33.521022,2895.7432,7908.796579
A185-001-19,A1850819_200_EN_2,6213205,4213205,EX004,EX5600FS,DT027,CAT 793,A-185-08-19,48.72,195.43,86.288389,86.288389,251.039054,41.276285,67.487381,0,363780.05,6591860.91,198.96,STRAIGHT,195.4,436,12/11/2025,22:30:35,22:37:51,2230.693385,EX5600,225,29.0,8.0,34,251.039054,86.288389,55.987,67.487381,41.276285,2802.521763,7698.943946
A185-001-19,A1850819_200_EN_4,6213206,4213206,EX004,EX5600FS,DT043,CAT 793,A-185-08-19,36.68,185.54,119.202277,119.202277,293.29704,41.057851,78.900837,0,363738.09,6591874.88,199.63,RIGHT,185.5,482,12/11/2025,22:37:51,22:45:53,1828.272009,EX5600,225,29.0,8.0,34,293.29704,119.202277,54.136076,78.900837,41.057851,2277.410691,5429.069898
A185-001-19,A1850819_200_EN_4,6213207,4213207,EX004,EX5600FS,DT033,CAT 793,A-185-08-19,41.25,187.25,128.722292,128.722292,313.542091,35.718499,89.976274,0,363736.89,6591872.2,199.11,LEFT,187.3,503,12/11/2025,22:45:53,22:54:16,1727.478722,EX5600,225,29.0,8.0,34,313.542091,128.722292,59.125026,89.976274,35.718499,2149.993679,4909.741377
A185-001-19,A1850819_200_EN_4,6213208,4213208,EX004,EX5600FS,DT080,HIT EH5000,A-185-08-19,36.39,182.91,114.066514,114.066514,272.915886,40.585207,72.830582,0,363738.01,6591871.74,198.61,RIGHT,182.9,430,12/11/2025,22:54:16,23:01:26,1923.841313,EX5600,250,29.0,8.0,34,272.915886,114.066514,45.433584,72.830582,40.585207,2412.701291,5509.878825
A185-001-19,A1850819_200_EN_4,6213209,4213209,EX004,EX5600FS,DT007,CAT 793,A-185-08-19,51.23,170.17,128.816178,128.816178,305.389255,38.672564,79.392342,0,363735.61,6591870.82,199.23,STRAIGHT,170.2,546,12/11/2025,23:01:26,23:10:32,1527.312076,EX5600,225,29.0,8.0,34,305.389255,128.816178,58.508171,79.392342,38.672564,2005.97457,4877.037919
A185-001-19,A1850819_200_EN_4,6213210,4213210,EX004,EX5600FS,DT029,CAT 793,A-185-08-19,41.67,172.35,122.948254,122.948254,285.844781,40.962835,71.22715,0,363732.66,6591870.5,199.02,RIGHT,172.3,437,12/11/2025,23:10:32,23:17:49,1647.495202,EX5600,225,29.0,8.0,34,285.844781,122.948254,50.706542,71.22715,40.962835,2170.556019,4997.802415
A185-001-19,A1850819_200_EN_4,6213211,4213211,EX004,EX5600FS,DT024,CAT 793,A-185-08-19,51.23,206.05,134.788238,134.788238,288.433865,33.041222,79.404945,0,363740.15,6591868.13,198.69,STRAIGHT,206.0,388,12/11/2025,23:17:49,23:24:17,1970.904818,EX5600,225,29.0,8.0,34,288.433865,134.788238,41.199459,79.404945,33.041222,2571.729319,6180.947215
A185-001-19,A1850819_200_EN_4,6213212,4213212,EX004,EX5600FS,DT006,CAT 793,A-185-08-19,53.3,211.9,131.750174,131.750174,316.103888,46.676326,87.225615,0,363737.46,6591870.03,198.75,LEFT,211.9,472,12/11/2025,23:24:17,23:32:09,1939.471493,EX5600,225,29.0,8.0,34,316.103888,131.750174,50.451772,87.225615,46.676326,2413.284811,5762.592708
A185-001-19,A1850819_200_EN_4,6213213,4213213,EX004,EX5600FS,DT069,HIT EH5000,A-185-08-19,38.94,187.29,137.436994,137.436994,310.802874,40.137192,72.05008,0,363737.05,6591873.21,198.3,STRAIGHT,187.3,443,12/11/2025,23:32:09,23:39:32,1736.199404,EX5600,250,29.0,8.0,34,310.802874,137.436994,61.178608,72.05008,40.137192,2169.32665,4919.40145
A185-001-19,A1850819_200_EN_4,6213214,4213214,EX004,EX5600FS,DT046,CAT 793,A-185-08-19,47.0,194.19,149.99217,149.99217,326.796599,40.487895,81.0343,0,363737.43,6591869.97,198.55,STRAIGHT,194.2,484,12/11/2025,23:39:32,23:47:36,1535.849801,EX5600,225,29.0,8.0,34,326.796599,149.99217,55.282234,81.0343,40.487895,2139.208505,4934.559403
A185-001-19,A1850819_200_EN_4,6213215,4213215,EX004,EX5600FS,DT038,CAT 793,A-185-08-19,63.56,190.69,159.242868,159.242868,350.222433,45.05258,91.397951,0,363733.67,6591872.95,198.52,RIGHT,190.7,532,12/11/2025,23:47:36,23:56:28,1578.131134,EX5600,225,29.0,8.0,34,350.222433,159.242868,54.529032,91.397951,45.05258,1960.160031,4704.813237
A185-001-19,A1850819_200_EN_4,6213216,4213216,EX004,EX5600FS,DT037,CAT 793,A-185-08-19,48.48,197.38,133.438616,133.438616,335.879163,46.606487,82.196619,0,363738.25,6591867.71,198.31,RIGHT,197.4,555,12/11/2025,23:56:28,00:05:43,1628.577775,EX5600,225,29.0,8.0,34,335.879163,133.438616,73.637441,82.196619,46.606487,2115.524333,4851.739952
A185-001-19,A1850819_200_EN_4,6213217,4213217,EX004,EX5600FS,DT002,CAT 793,A-185-08-19,41.9,202.63,118.510107,118.510107,284.808285,32.565212,80.83068,0,363733.32,6591870.67,198.15,RIGHT,202.6,500,13/11/2025,00:05:43,00:14:03,1989.403846,EX5600,225,29.0,8.0,34,284.808285,118.510107,52.902286,80.83068,32.565212,2561.287959,6018.413469
A185-001-19,A1850819_200_EN_3,6213218,4213218,EX004,EX5600FS,DT045,CAT 793,A-185-08-19,52.49,202.49,120.780726,120.780726,290.00221,43.165674,76.869923,0,363743.77,6591868.43,198.65,RIGHT,202.5,538,13/11/2025,00:14:03,00:23:01,2054.955889,EX5600,225,29.0,8.0,34,290.00221,120.780726,49.185887,76.869923,43.165674,2513.686598,6259.791733
A185-001-19,A1850819_200_EN_3,6213219,4213219,EX004,EX5600FS,DT086,HIT EH5000,A-185-08-19,49.39,198.79,108.140686,108.140686,288.382315,45.606033,82.230092,0,363740.96,6591861.95,198.18,RIGHT,198.8,421,13/11/2025,00:23:01,00:30:02,1918.334189,EX5600,250,29.0,8.0,34,288.382315,108.140686,52.405504,82.230092,45.606033,2481.56683,6256.249369
A185-001-19,A1850819_200_EN_3,6213220,4213220,EX004,EX5600FS,DT061,HIT EH5000,A-185-08-19,43.42,227.16,120.01675,120.01675,286.923809,37.916128,69.931531,0,363741.48,6591868.97,199.51,STRAIGHT,227.2,403,13/11/2025,00:30:02,00:36:45,2402.237976,EX5600,250,29.0,8.0,34,286.923809,120.01675,59.0594,69.931531,37.916128,2850.119103,6983.010762
A185-001-19,A1850819_200_EN_3,6213221,4213221,EX004,EX5600FS,DT026,CAT 793,A-185-08-19,50.11,221.34,115.404183,115.404183,286.084715,46.25916,77.701918,0,363744.77,6591871.13,199.27,STRAIGHT,221.3,477,13/11/2025,00:36:45,00:44:42,2144.364924,EX5600,225,29.0,8.0,34,286.084715,115.404183,46.719453,77.701918,46.25916,2785.213153,7418.746388
A185-001-19,A1850819_200_EN_3,6213222,4213222,EX004,EX5600FS,DT083,HIT EH5000,A-185-08-19,60.01,199.29,106.825609,106.825609,278.101271,36.675256,77.566717,0,363740.91,6591869.04,198.91,STRAIGHT,199.3,511,13/11/2025,00:44:42,00:53:13,2124.636222,EX5600,250,29.0,8.0,34,278.101271,106.825609,57.033689,77.566717,36.675256,2579.747751,6562.051239
A185-001-19,A1850819_200_EN_3,6213223,4213223,EX004,EX5600FS,DT048,HIT EH5000,A-185-08-19,68.3,204.91,109.469117,109.469117,286.336229,41.713195,80.711574,0,363741.45,6591867.51,199.05,LEFT,204.9,400,13/11/2025,00:53:13,00:59:53,2071.71034,EX5600,250,29.0,8.0,34,286.336229,109.469117,54.442343,80.711574,41.713195,2576.254693,6609.760033
A185-001-19,A1850819_200_EN_3,6213224,4213224,EX004,EX5600FS,DT039,CAT 793,A-185-08-19,38.6,191.95,112.159134,112.159134,295.861126,35.734034,86.437382,0,363743.12,6591867.28,198.12,LEFT,191.9,479,13/11/2025,00:59:53,01:07:52,1782.296511,EX5600,225,29.0,8.0,34,295.861126,112.159134,61.530576,86.437382,35.734034,2335.616173,6094.853487
A185-001-19,A1850819_200_EN_3,6213225,4213225,EX004,EX5600FS,DT034,CAT 793,A-185-08-19,43.84,176.58,94.169451,94.169451,262.448547,37.830316,84.204971,0,363743.9,6591868.71,199.4,STRAIGHT,176.6,497,13/11/2025,01:07:52,01:16:09,1972.076608,EX5600,225,29.0,8.0,34,262.448547,94.169451,46.243809,84.204971,37.830316,2422.115908,6363.723838
A185-001-19,A1850819_200_EN_3,6213226,4213226,EX004,EX5600FS,DT089,HIT EH5000,A-185-08-19,42.24,176.93,104.517762,104.517762,275.779813,40.979323,70.058502,0,363742.93,6591870.08,199.11,RIGHT,176.9,424,13/11/2025,01:16:09,01:23:13,1846.497217,EX5600,250,29.0,8.0,34,275.779813,104.517762,60.224226,70.058502,40.979323,2309.663812,5844.657031
A185-001-19,A1850819_200_EN_3,6213227,4213227,EX004,EX5600FS,DT008,CAT 793,A-185-08-19,44.24,181.12,109.212975,109.212975,295.297584,37.605489,90.684067,0,363742.24,6591870.6,199.17,LEFT,181.1,524,13/11/2025,01:23:13,01:31:57,1894.108777,EX5600,225,29.0,8.0,34,295.297584,109.212975,57.795053,90.684067,37.605489,2208.108617,5664.666006
A185-001-19,A1850819_200_EN_3,6213228,4213228,EX004,EX5600FS,DT011,CAT 793,A-185-08-19,47.53,195.3,86.497948,86.497948,254.418796,39.038775,74.508711,0,363741.76,6591867.51,198.38,LEFT,195.3,432,13/11/2025,01:31:57,01:39:09,2254.061336,EX5600,225,29.0,8.0,34,254.418796,86.497948,54.373362,74.508711,39.038775,2763.496631,6670.47331
A185-001-19,A1850819_200_EN_3,6213229,4213229,EX004,EX5600FS,DT017,CAT 793,A-185-08-19,37.72,180.56,109.249043,109.249043,279.819288,41.678538,77.762809,0,363744.15,6591869.39,198.66,LEFT,180.6,492,13/11/2025,01:39:09,01:47:21,1864.281576,EX5600,225,29.0,8.0,34,279.819288,109.249043,51.128898,77.762809,41.678538,2323.043832,5949.550935
A185-001-19,A1850819_200_EN_4,6213230,4213230,EX004,EX5600FS,DT007,CAT 793,A-185-08-19,34.18,184.56,112.015308,112.015308,287.391229,44.247721,80.687976,0,363697.17,6591881.67,199.41,LEFT,184.6,451,13/11/2025,01:47:21,01:54:52,1824.096003,EX5600,225,29.0,8.0,34,287.391229,112.015308,50.440223,80.687976,44.247721,2311.824445,5690.030893
A185-001-19,A1850819_200_EN_4,6213231,4213231,EX004,EX5600FS,DT001,CAT 793,A-185-08-19,51.29,175.97,119.744852,119.744852,292.012283,44.86222,81.869659,0,363699.94,6591881.94,199.36,RIGHT,176.0,485,13/11/2025,01:54:52,02:02:57,1647.335681,EX5600,225,29.0,8.0,34,292.012283,119.744852,45.535552,81.869659,44.86222,2169.349085,5515.334495
A185-001-19,A1850819_200_EN_4,6213232,4213232,EX004,EX5600FS,DT005,CAT 793,A-185-08-19,33.81,162.22,113.837774,113.837774,274.440735,39.034962,73.930981,0,363701.44,6591879.97,199.67,LEFT,162.2,428,13/11/2025,02:02:57,02:10:05,1832.042851,EX5600,225,29.0,8.0,34,274.440735,113.837774,47.637018,73.930981,39.034962,2127.983234,5407.610479
A185-001-19,A1850819_200_EN_4,6213233,4213233,EX004,EX5600FS,DT019,CAT 793,A-185-08-19,33.54,174.69,107.553791,107.553791,263.05425,32.348665,71.997863,0,363699.11,6591878.52,199.59,RIGHT,174.7,451,13/11/2025,02:10:05,02:17:36,1806.715237,EX5600,225,29.0,8.0,34,263.05425,107.553791,51.15393,71.997863,32.348665,2390.70288,5995.705593
A185-001-19,A1850819_200_EN_4,6213234,4213234,EX004,EX5600FS,DT022,CAT 793,A-185-08-19,34.62,185.01,130.018678,130.018678,300.176929,44.314325,73.91719,0,363701.13,6591882.54,198.86,LEFT,185.0,462,13/11/2025,02:17:36,02:25:18,1675.503483,EX5600,225,29.0,8.0,34,300.176929,130.018678,51.926737,73.91719,44.314325,2218.815335,5305.73696
A185-001-19,A1850819_200_EN_4,6213235,4213235,EX004,EX5600FS,DT085,HIT EH5000,A-185-08-19,40.53,183.1,106.461441,106.461441,265.832058,41.084468,67.760983,0,363697.81,6591875.58,198.93,STRAIGHT,183.1,425,13/11/2025,02:25:18,02:32:23,1964.439825,EX5600,250,29.0,8.0,34,265.832058,106.461441,50.525165,67.760983,41.084468,2479.635273,5866.719233
A185-001-19,A1850819_200_EN_4,6213236,4213236,EX004,EX5600FS,DT027,CAT 793,A-185-08-19,40.76,204.14,120.192189,120.192189,296.869487,47.066192,78.228708,0,363700.94,6591877.61,199.75,LEFT,204.1,403,13/11/2025,02:32:23,02:39:06,1845.185792,EX5600,225,29.0,8.0,34,296.869487,120.192189,51.382397,78.228708,47.066192,2475.513512,6152.789034
A185-001-19,A1850819_200_EN_4,6213237,4213237,EX004,EX5600FS,DT063,HIT EH5000,A-185-08-19,44.99,209.93,119.821709,119.821709,289.034278,36.768846,84.830052,0,363700.36,6591876.17,199.95,STRAIGHT,209.9,444,13/11/2025,02:39:06,02:46:30,2077.504316,EX5600,250,29.0,8.0,34,289.034278,119.821709,47.61367,84.830052,36.768846,2614.681273,6322.699922
A185-001-19,A1850819_200_EN_4,6213238,4213238,EX004,EX5600FS,DT019,CAT 793,A-185-08-19,59.4,217.49,129.459322,129.459322,322.661135,39.066203,92.603977,0,363704.46,6591880.77,198.15,RIGHT,217.5,548,13/11/2025,02:46:30,02:55:38,1928.474582,EX5600,225,29.0,8.0,34,322.661135,129.459322,61.531633,92.603977,39.066203,2426.62104,5954.997426
A185-001-19,A1850819_200_EN_4,6213239,4213239,EX004,EX5600FS,DT067,HIT EH5000,A-185-08-19,49.47,195.27,106.898749,106.898749,279.211443,48.624785,72.140126,0,363701.51,6591880.34,200.01,LEFT,195.3,484,13/11/2025,02:55:38,03:03:42,2084.768179,EX5600,250,29.0,8.0,34,279.211443,106.898749,51.547783,72.140126,48.624785,2517.765287,6121.572828
A185-001-19,A1850819_200_EN_4,6213240,4213240,EX004,EX5600FS,DT019,CAT 793,A-185-08-19,53.35,195.66,111.347219,111.347219,286.232808,37.060082,79.200062,0,363700.47,6591882.4,198.43,LEFT,195.7,427,13/11/2025,03:03:42,03:10:49,1911.329143,EX5600,225,29.0,8.0,34,286.232808,111.347219,58.625446,79.200062,37.060082,2460.897009,6286.952372
A185-001-19,A1850819_200_EN_3,6213241,4213241,EX004,EX5600FS,DT065,HIT EH5000,A-185-08-19,54.96,202.0,95.109426,95.109426,268.845597,41.898761,83.508502,0,363750.42,6591864.54,199.26,RIGHT,202.0,387,13/11/2025,03:10:49,03:17:16,2168.723068,EX5600,250,29.0,8.0,34,268.845597,95.109426,48.328909,83.508502,41.898761,2704.857157,6686.301398
A185-001-19,A1850819_200_EN_3,6213242,4213242,EX004,EX5600FS,DT008,CAT 793,A-185-08-19,58.42,196.07,104.000121,104.000121,272.333794,39.282491,78.937296,0,363750.62,6591867.05,198.54,RIGHT,196.1,596,13/11/2025,03:17:16,03:27:12,1972.867019,EX5600,225,29.0,8.0,34,272.333794,104.000121,50.113886,78.937296,39.282491,2591.869146,6807.316474
A185-001-19,A1850819_200_EN_3,6213243,4213243,EX004,EX5600FS,DT013,CAT 793,A-185-08-19,38.76,183.04,94.559444,94.559444,252.165645,42.644249,63.71696,0,363752.37,6591862.16,199.98,LEFT,183.0,404,13/11/2025,03:27:12,03:33:56,2053.291266,EX5600,225,29.0,8.0,34,252.165645,94.559444,51.244992,63.71696,42.644249,2613.136045,6966.78141
A185-001-19,A1850819_200_EN_3,6213244,4213244,EX004,EX5600FS,DT048,HIT EH5000,A-185-08-19,41.72,188.61,111.438481,111.438481,273.805101,43.729532,70.550226,0,363749.51,6591867.52,199.24,LEFT,188.6,377,13/11/2025,03:33:56,03:40:13,1941.007709,EX5600,250,29.0,8.0,34,273.805101,111.438481,48.086862,70.550226,43.729532,2479.838162,6217.102963
A185-001-19,A1850819_200_EN_3,6213245,4213245,EX004,EX5600FS,DT085,HIT EH5000,A-185-08-19,50.47,168.02,103.626874,103.626874,279.767585,48.117606,72.678935,0,363753.62,6591863.95,199.7,STRAIGHT,168.0,480,13/11/2025,03:40:13,03:48:13,1698.997953,EX5600,250,29.0,8.0,34,279.767585,103.626874,55.34417,72.678935,48.117606,2161.988059,5902.257755
A185-001-19,A1850819_200_EN_3,6213246,4213246,EX004,EX5600FS,DT020,CAT 793,A-185-08-19,39.8,174.08,117.262023,117.262023,302.741605,41.227268,84.541909,0,363749.95,6591864.66,199.16,RIGHT,174.1,432,13/11/2025,03:48:13,03:55:25,1564.65134,EX5600,225,29.0,8.0,34,302.741605,117.262023,59.710405,84.541909,41.227268,2069.997907,5351.965962
A185-001-19,A1850819_200_EN_3,6213247,4213247,EX004,EX5600FS,DT040,CAT 793,A-185-08-19,41.45,183.78,99.161348,99.161348,267.716974,45.787624,71.373271,0,363753.7,6591863.6,198.89,RIGHT,183.8,429,13/11/2025,03:55:25,04:02:34,1976.871123,EX5600,225,29.0,8.0,34,267.716974,99.161348,51.39473,71.373271,45.787624,2471.254729,6506.95635
A185-001-19,A1850819_200_EN_3,6213248,4213248,EX004,EX5600FS,DT039,CAT 793,A-185-08-19,44.38,175.2,101.719386,101.719386,261.084139,41.03275,69.834107,0,363749.81,6591864.55,199.03,STRAIGHT,175.2,463,13/11/2025,04:02:34,04:10:17,1998.592872,EX5600,225,29.0,8.0,34,261.084139,101.719386,48.497896,69.834107,41.03275,2415.749295,6412.853304
A185-001-19,A1850819_200_EN_3,6213249,4213249,EX004,EX5600FS,DT058,HIT EH5000,A-185-08-19,62.39,187.43,107.603962,107.603962,277.348983,36.580439,81.637173,0,363749.76,6591860.49,198.66,LEFT,187.4,414,13/11/2025,04:10:17,04:17:11,1928.920186,EX5600,250,29.0,8.0,34,277.348983,107.603962,51.52741,81.637173,36.580439,2432.864285,6095.918406
A185-001-19,A1850819_200_EN_3,6213250,4213250,EX004,EX5600FS,DT007,CAT 793,A-185-08-19,48.99,195.81,86.33818,86.33818,261.355675,40.840465,78.641483,0,363747.23,6591862.84,198.1,STRAIGHT,195.8,438,13/11/2025,04:17:11,04:24:29,2285.706942,EX5600,225,29.0,8.0,34,261.355675,86.33818,55.535547,78.641483,40.840465,2697.213254,6959.604315
A185-001-19,A1850819_200_EN_3,6213251,4213251,EX004,EX5600FS,DT017,CAT 793,A-185-08-19,46.8,190.15,93.767142,93.767142,246.507803,37.592058,64.038851,0,363755.13,6591863.42,198.49,STRAIGHT,190.1,399,13/11/2025,04:24:29,04:31:08,2245.927376,EX5600,225,29.0,8.0,34,246.507803,93.767142,51.109751,64.038851,37.592058,2776.924234,6958.512844
A185-001-19,A1850819_200_EN_3,6213252,4213252,EX004,EX5600FS,DT088,HIT EH5000,A-185-08-19,58.42,184.0,98.472377,98.472377,262.239629,34.862734,74.695367,0,363750.94,6591864.2,199.35,STRAIGHT,184.0,456,13/11/2025,04:31:08,04:38:44,1952.08273,EX5600,250,29.0,8.0,34,262.239629,98.472377,54.209151,74.695367,34.862734,2525.888213,6482.40201
A185-001-19,A1850819_200_EN_3,6213253,4213253,EX004,EX5600FS,DT076,HIT EH5000,A-185-08-19,58.54,207.74,118.890948,118.890948,296.502372,45.355431,79.28504,0,363706.02,6591878.85,198.19,LEFT,207.7,444,13/11/2025,04:38:44,04:46:08,2105.229216,EX5600,250,29.0,8.0,34,296.502372,118.890948,52.970954,79.28504,45.355431,2522.291186,6026.095518
A185-001-19,A1850819_200_EN_3,6213254,4213254,EX004,EX5600FS,DT004,CAT 793,A-185-08-19,52.65,211.8,122.937259,122.937259,290.826603,47.882616,70.080371,0,363710.67,6591876.89,199.42,STRAIGHT,211.8,411,13/11/2025,04:46:08,04:52:59,2294.094437,EX5600,225,29.0,8.0,34,290.826603,122.937259,49.926356,70.080371,47.882616,2621.823014,6459.056479
A185-001-19,A1850819_200_EN_3,6213255,4213255,EX004,EX5600FS,DT010,CAT 793,A-185-08-19,46.19,190.37,118.080677,118.080677,295.240592,40.853145,73.998608,0,363706.97,6591874.26,198.85,LEFT,190.4,403,13/11/2025,04:52:59,04:59:42,1820.185721,EX5600,225,29.0,8.0,34,295.240592,118.080677,62.308161,73.998608,40.853145,2321.31259,5691.360741
A185-001-19,A1850819_200_EN_3,6213256,4213256,EX004,EX5600FS,DT056,HIT EH5000,A-185-08-19,50.63,182.68,132.179644,132.179644,319.364644,41.549705,85.933267,0,363707.52,6591872.7,199.7,STRAIGHT,182.7,432,13/11/2025,04:59:42,05:06:54,1611.289875,EX5600,250,29.0,8.0,34,319.364644,132.179644,59.702028,85.933267,41.549705,2059.292878,4663.023533
A185-001-19,A1850819_200_EN_3,6213257,4213257,EX004,EX5600FS,DT076,HIT EH5000,A-185-08-19,51.09,192.58,117.590619,117.590619,295.772541,40.300728,78.172178,0,363705.79,6591876.8,198.6,STRAIGHT,192.6,485,13/11/2025,05:06:54,05:14:59,2037.722899,EX5600,250,29.0,8.0,34,295.772541,117.590619,59.709016,78.172178,40.300728,2343.973825,5821.111379
A185-001-19,A1850819_200_EN_3,6213258,4213258,EX004,EX5600FS,DT011,CAT 793,A-185-08-19,44.95,187.89,106.675392,106.675392,280.078111,41.572827,78.975132,0,363708.56,6591877.15,200.0,STRAIGHT,187.9,422,13/11/2025,05:14:59,05:22:01,1812.034067,EX5600,225,29.0,8.0,34,280.078111,106.675392,52.854761,78.975132,41.572827,2415.104201,6006.393316
A185-001-19,A1850819_200_EN_3,6213259,4213259,EX004,EX5600FS,DT081,HIT EH5000,A-185-08-19,46.24,171.98,115.700347,115.700347,298.289945,42.705343,82.340057,0,363708.9,6591876.75,198.62,STRAIGHT,172.0,516,13/11/2025,05:22:01,05:30:37,1562.300128,EX5600,250,29.0,8.0,34,298.289945,115.700347,57.544199,82.340057,42.705343,2075.604826,4969.869144
A185-001-19,A1850819_200_EN_3,6213260,4213260,EX004,EX5600FS,DT085,HIT EH5000,A-185-08-19,33.5,176.59,122.504163,122.504163,292.046161,39.082417,78.422267,0,363711.3,6591876.26,199.77,STRAIGHT,176.6,494,13/11/2025,05:30:37,05:38:51,1542.959267,EX5600,250,29.0,8.0,34,292.046161,122.504163,52.037313,78.422267,39.082417,2176.802699,5408.195351
A185-001-19,A1850819_200_EN_3,6213261,4213261,EX004,EX5600FS,DT080,HIT EH5000,A-185-08-19,47.83,185.09,122.127013,122.127013,282.946197,40.111008,65.327134,0,363710.97,6591876.65,199.69,LEFT,185.1,412,13/11/2025,05:38:51,05:45:43,1690.191362,EX5600,250,29.0,8.0,34,282.946197,122.127013,55.381042,65.327134,40.111008,2354.963491,6009.78382
A185-001-19,A1850819_200_EN_3,6213262,4213262,EX004,EX5600FS,DT038,CAT 793,A-185-08-19,48.12,174.46,116.458387,116.458387,285.716587,44.777909,71.164113,0,363708.67,6591873.37,198.5,LEFT,174.5,487,13/11/2025,05:45:43,05:53:50,1767.060969,EX5600,225,29.0,8.0,34,285.716587,116.458387,53.316178,71.164113,44.777909,2198.193777,5428.318286
A185-001-19,A1850819_200_EN_3,6213263,4213263,EX004,EX5600FS,DT022,CAT 793,A-185-08-19,50.2,197.74,126.509356,126.509356,297.567247,47.27125,75.626395,0,363710.4,6591879.22,199.62,RIGHT,197.7,429,13/11/2025,05:53:50,06:00:59,1911.753243,EX5600,225,29.0,8.0,34,297.567247,126.509356,48.160246,75.626395,47.27125,2392.254173,5904.607594
A185-001-19,A1850819_200_EN_3,6213264,4213264,EX004,EX5600FS,DT052,HIT EH5000,A-185-08-19,46.43,191.6,103.179095,103.179095,269.015372,35.737577,77.236338,0,363708.74,6591873.88,199.64,LEFT,191.6,492,13/11/2025,06:00:59,06:09:11,2054.949143,EX5600,250,29.0,8.0,34,269.015372,103.179095,52.862363,77.236338,35.737577,2564.01584,6226.872673
A185-001-19,A1850819_200_EN_2,6213265,4213265,EX004,EX5600FS,DT075,HIT EH5000,A-185-08-19,50.28,187.89,105.45618,105.45618,275.861242,38.82109,79.491499,0,363759.75,6591859.86,199.86,STRAIGHT,187.9,470,13/11/2025,06:09:11,06:17:01,1834.329604,EX5600,250,29.0,8.0,34,275.861242,105.45618,52.092473,79.491499,38.82109,2451.974292,6914.567505
A185-001-19,A1850819_200_EN_2,6213266,4213266,EX004,EX5600FS,DT048,HIT EH5000,A-185-08-19,45.78,197.11,104.868041,104.868041,271.819009,38.477789,74.369783,0,363757.44,6591859.12,199.37,STRAIGHT,197.1,395,13/11/2025,06:17:01,06:23:36,2132.180486,EX5600,250,29.0,8.0,34,271.819009,104.868041,54.103396,74.369783,38.477789,2610.594533,6839.227532
A185-001-19,A1850819_200_EN_2,6213267,4213267,EX004,EX5600FS,DT089,HIT EH5000,A-185-08-19,42.4,211.81,106.901939,106.901939,274.349405,43.982136,77.378862,0,363757.9,6591863.19,199.01,STRAIGHT,211.8,481,13/11/2025,06:23:36,06:31:37,2353.193591,EX5600,250,29.0,8.0,34,274.349405,106.901939,46.086469,77.378862,43.982136,2779.350529,7591.454604
A185-001-19,A1850819_200_EN_2,6213268,4213268,EX004,EX5600FS,DT043,CAT 793,A-185-08-19,39.18,194.43,107.332422,107.332422,275.705743,36.960087,77.481234,0,363756.24,6591859.67,198.77,STRAIGHT,194.4,459,13/11/2025,06:31:37,06:39:16,2025.104827,EX5600,225,29.0,8.0,34,275.705743,107.332422,53.932,77.481234,36.960087,2538.743494,6934.258073
A185-001-19,A1850819_200_EN_2,6213269,4213269,EX004,EX5600FS,DT021,CAT 793,A-185-08-19,60.67,182.02,106.672732,106.672732,288.478376,45.285772,78.529714,0,363760.23,6591861.43,198.27,RIGHT,182.0,436,13/11/2025,06:39:16,06:46:32,1781.239268,EX5600,225,29.0,8.0,34,288.478376,106.672732,57.990159,78.529714,45.285772,2271.513475,6039.241209
A185-001-19,A1850819_200_EN_2,6213270,4213270,EX004,EX5600FS,DT003,CAT 793,A-185-08-19,45.84,181.28,108.577144,108.577144,277.516184,38.250658,77.636855,0,363760.96,6591860.02,198.38,LEFT,181.3,402,13/11/2025,06:46:32,06:53:14,1845.764564,EX5600,225,29.0,8.0,34,277.516184,108.577144,53.051528,77.636855,38.250658,2351.588736,6059.287666
A185-001-19,A1850819_200_EN_2,6213271,4213271,EX004,EX5600FS,DT081,HIT EH5000,A-185-08-19,39.46,187.25,94.67508,94.67508,266.236936,38.735223,77.615252,0,363758.61,6591859.7,198.46,LEFT,187.3,409,13/11/2025,06:53:14,07:00:03,2037.552653,EX5600,250,29.0,8.0,34,266.236936,94.67508,55.211381,77.615252,38.735223,2531.982284,6374.034217
A185-001-19,A1850819_200_EN_2,6213272,4213272,EX004,EX5600FS,DT044,CAT 793,A-185-08-19,50.53,196.51,75.624151,75.624151,234.438741,36.76959,65.379303,0,363762.09,6591860.1,199.55,STRAIGHT,196.5,356,13/11/2025,07:00:03,07:05:59,2256.944504,EX5600,225,29.0,8.0,34,234.438741,75.624151,56.665697,65.379303,36.76959,3017.574183,7776.416776
A185-001-19,A1850819_200_EN_2,6213273,4213273,EX004,EX5600FS,DT019,CAT 793,A-185-08-19,50.54,189.87,105.770247,105.770247,285.361018,49.597851,75.271666,0,363759.97,6591859.02,199.53,RIGHT,189.9,464,13/11/2025,07:05:59,07:13:43,2058.535097,EX5600,225,29.0,8.0,34,285.361018,105.770247,54.721255,75.271666,49.597851,2395.317051,6401.01884
A185-001-19,A1850819_200_EN_2,6213274,4213274,EX004,EX5600FS,DT034,CAT 793,A-185-08-19,46.04,178.69,92.489934,92.489934,256.03493,45.314358,73.616731,0,363755.39,6591861.55,199.15,LEFT,178.7,761,13/11/2025,07:13:43,07:26:24,1865.294668,EX5600,225,29.0,8.0,34,256.03493,92.489934,44.613908,73.616731,45.314358,2512.482853,6502.316411
A185-001-19,A1850819_200_EN_2,6213275,4213275,EX004,EX5600FS,DT041,CAT 793,A-185-08-19,44.89,179.83,112.011591,112.011591,291.007585,36.615905,85.360468,0,363759.32,6591863.24,198.26,STRAIGHT,179.8,442,13/11/2025,07:26:24,07:33:46,1899.879268,EX5600,225,29.0,8.0,34,291.007585,112.011591,57.01962,85.360468,36.615905,2224.603673,5980.119299
A185-001-19,A1850819_200_EN_2,6213276,4213276,EX004,EX5600FS,DT003,CAT 793,A-185-08-19,43.62,197.93,85.206766,85.206766,246.193926,39.299012,72.445157,0,363759.68,6591863.66,198.24,RIGHT,197.9,375,13/11/2025,07:33:46,07:40:01,2349.574447,EX5600,225,29.0,8.0,34,246.193926,85.206766,49.24299,72.445157,39.299012,2894.24497,7334.232785
A185-001-19,A1850819_200_EN_3,6213277,4213277,EX004,EX5600FS,DT039,CAT 793,A-185-08-19,54.59,189.81,123.954303,123.954303,304.454803,33.878977,90.605664,0,363714.84,6591869.37,198.63,LEFT,189.8,430,13/11/2025,07:40:01,07:47:11,1887.108893,EX5600,225,29.0,8.0,34,304.454803,123.954303,56.015859,90.605664,33.878977,2244.406969,5570.346978
A185-001-19,A1850819_200_EN_3,6213278,4213278,EX004,EX5600FS,DT036,CAT 793,A-185-08-19,45.7,195.73,120.480464,120.480464,304.306424,47.527113,73.483593,0,363714.81,6591875.01,198.66,STRAIGHT,195.7,460,13/11/2025,07:47:11,07:54:51,1808.90878,EX5600,225,29.0,8.0,34,304.306424,120.480464,62.815254,73.483593,47.527113,2315.567041,5536.305677
A185-001-19,A1850819_200_EN_3,6213279,4213279,EX004,EX5600FS,DT063,HIT EH5000,A-185-08-19,46.75,198.54,142.652668,142.652668,316.387343,36.759867,76.363072,0,363719.73,6591874.05,199.51,LEFT,198.5,484,13/11/2025,07:54:51,08:02:55,1894.115622,EX5600,250,29.0,8.0,34,316.387343,142.652668,60.611735,76.363072,36.759867,2259.043718,5649.672856
A185-001-19,A1850819_200_EN_3,6213280,4213280,EX004,EX5600FS,DT067,HIT EH5000,A-185-08-19,38.5,189.87,121.990799,121.990799,279.306701,35.012089,74.430116,0,363713.98,6591865.1,199.51,RIGHT,189.9,495,13/11/2025,08:02:55,08:11:10,1956.443861,EX5600,250,29.0,8.0,34,279.306701,121.990799,47.873697,74.430116,35.012089,2447.208865,5714.981115
A185-001-19,A1850819_200_EN_3,6213281,4213281,EX004,EX5600FS,DT004,CAT 793,A-185-08-19,60.46,207.81,148.884697,148.884697,337.910096,42.030663,84.027465,0,363716.09,6591872.42,198.52,LEFT,207.8,495,13/11/2025,08:11:10,08:19:25,1683.204269,EX5600,225,29.0,8.0,34,337.910096,148.884697,62.96727,84.027465,42.030663,2213.975781,5346.134235
A185-001-19,A1850819_200_EN_3,6213282,4213282,EX004,EX5600FS,DT007,CAT 793,A-185-08-19,71.39,214.18,124.861601,124.861601,309.319695,50.978706,78.601226,0,363717.3,6591872.83,198.29,STRAIGHT,214.2,459,13/11/2025,08:19:25,08:27:04,1854.809896,EX5600,225,29.0,8.0,34,309.319695,124.861601,54.878162,78.601226,50.978706,2492.672125,5921.153027
A185-001-19,A1850819_200_EN_3,6213283,4213283,EX004,EX5600FS,DT036,CAT 793,A-185-08-19,45.56,201.02,148.94582,148.94582,336.185298,45.05891,83.846322,0,363713.75,6591873.72,198.44,RIGHT,201.0,547,13/11/2025,08:27:04,08:36:11,1658.359164,EX5600,225,29.0,8.0,34,336.185298,148.94582,58.334246,83.846322,45.05891,2152.642868,5078.889689
A185-001-19,A1850819_200_EN_3,6213284,4213284,EX004,EX5600FS,DT061,HIT EH5000,A-185-08-19,45.15,195.33,125.45088,125.45088,305.683293,42.777368,76.719755,0,363718.9,6591872.96,199.17,LEFT,195.3,460,13/11/2025,08:36:11,08:43:51,1598.340668,EX5600,250,29.0,8.0,34,305.683293,125.45088,60.73529,76.719755,42.777368,2300.337417,5600.318122
A185-001-19,A1850819_200_EN_3,6213285,4213285,EX004,EX5600FS,DT083,HIT EH5000,A-185-08-19,43.97,177.41,129.159209,129.159209,324.475012,50.918089,80.030093,0,363718.87,6591873.34,198.75,LEFT,177.4,444,13/11/2025,08:43:51,08:51:15,1445.576313,EX5600,250,29.0,8.0,34,324.475012,129.159209,64.36762,80.030093,50.918089,1968.385235,4814.245585
A185-001-19,A1850819_200_EN_3,6213286,4213286,EX004,EX5600FS,DT047,HIT EH5000,A-185-08-19,34.51,171.97,120.044169,120.044169,289.715003,48.382437,69.785041,0,363712.73,6591873.81,198.76,RIGHT,172.0,455,13/11/2025,08:51:15,08:58:50,1730.706337,EX5600,250,29.0,8.0,34,289.715003,120.044169,51.503356,69.785041,48.382437,2136.872776,5154.137389
A185-001-19,A1850819_200_EN_3,6213287,4213287,EX004,EX5600FS,DT070,HIT EH5000,A-185-08-19,35.92,172.85,130.583433,130.583433,307.380465,44.480336,77.447658,0,363716.3,6591874.31,199.83,STRAIGHT,172.9,456,13/11/2025,08:58:50,09:06:26,1512.674225,EX5600,250,29.0,8.0,34,307.380465,130.583433,54.869038,77.447658,44.480336,2024.427413,5065.19222
A185-001-19,A1850819_200_EN_3,6213288,4213288,EX004,EX5600FS,DT065,HIT EH5000,A-185-08-19,44.72,181.37,126.68819,126.68819,302.462936,36.587903,83.804005,0,363717.73,6591872.83,199.59,LEFT,181.4,498,13/11/2025,09:06:26,09:14:44,1744.603458,EX5600,250,29.0,8.0,34,302.462936,126.68819,55.382837,83.804005,36.587903,2158.776236,5069.40723
A185-001-19,A1850819_200_EN_2,6213289,4213289,EX004,EX5600FS,DT081,HIT EH5000,A-185-08-19,45.81,189.97,103.209183,103.209183,274.530419,44.055008,74.853018,0,363768.5,6591859.53,198.45,LEFT,190.0,472,13/11/2025,09:14:44,09:22:36,1920.861361,EX5600,250,29.0,8.0,34,274.530419,103.209183,52.413211,74.853018,44.055008,2491.172193,6966.737961
A185-001-19,A1850819_200_EN_2,6213290,4213290,EX004,EX5600FS,DT036,CAT 793,A-185-08-19,48.52,213.06,105.729061,105.729061,288.320222,41.423089,81.024944,0,363766.0,6591857.89,198.51,RIGHT,213.1,479,13/11/2025,09:22:36,09:30:35,2042.177924,EX5600,225,29.0,8.0,34,288.320222,105.729061,60.143127,81.024944,41.423089,2660.340515,7502.160253
A185-001-19,A1850819_200_EN_2,6213291,4213291,EX004,EX5600FS,DT002,CAT 793,A-185-08-19,45.52,203.73,123.674242,123.674242,303.162889,43.472757,77.766326,0,363770.18,6591857.59,198.9,RIGHT,203.7,502,13/11/2025,09:30:35,09:38:57,1932.703171,EX5600,225,29.0,8.0,34,303.162889,123.674242,58.249564,77.766326,43.472757,2419.288654,6770.901138
A185-001-19,A1850819_200_EN_2,6213292,4213292,EX004,EX5600FS,DT005,CAT 793,A-185-08-19,43.95,190.44,93.661386,93.661386,257.295285,44.014056,69.865162,0,363766.55,6591859.58,199.17,STRAIGHT,190.4,429,13/11/2025,09:38:57,09:46:06,2146.37715,EX5600,225,29.0,8.0,34,257.295285,93.661386,49.754682,69.865162,44.014056,2664.588447,7427.366667
A185-001-19,A1850819_200_EN_2,6213293,4213293,EX004,EX5600FS,DT071,HIT EH5000,A-185-08-19,45.31,179.23,90.156017,90.156017,253.881353,40.427862,69.930977,0,363767.41,6591859.54,199.51,LEFT,179.2,395,13/11/2025,09:46:06,09:52:41,1972.494399,EX5600,250,29.0,8.0,34,253.881353,90.156017,53.366497,69.930977,40.427862,2541.468033,6870.280665
A185-001-19,A1850819_200_EN_2,6213294,4213294,EX004,EX5600FS,DT054,HIT EH5000,A-185-08-19,41.83,175.75,90.665477,90.665477,263.753172,34.523218,80.798159,0,363767.7,6591858.46,198.62,RIGHT,175.8,405,13/11/2025,09:52:41,09:59:26,1905.673257,EX5600,250,29.0,8.0,34,263.753172,90.665477,57.766317,80.798159,34.523218,2398.895554,6606.425882
A185-001-19,A1850819_200_EN_2,6213295,4213295,EX004,EX5600FS,DT054,HIT EH5000,A-185-08-19,43.71,189.34,88.795498,88.795498,251.417303,39.40666,73.93479,0,363768.05,6591855.23,198.28,STRAIGHT,189.3,469,13/11/2025,09:59:26,10:07:15,2031.490844,EX5600,250,29.0,8.0,34,251.417303,88.795498,49.280354,73.93479,39.40666,2711.172832,7492.870059
A185-001-19,A1850819_200_EN_2,6213296,4213296,EX004,EX5600FS,DT013,CAT 793,A-185-08-19,53.7,196.69,101.311793,101.311793,280.251403,40.589713,81.102397,0,363765.48,6591859.25,199.22,STRAIGHT,196.7,437,13/11/2025,10:07:15,10:14:32,2019.676606,EX5600,225,29.0,8.0,34,280.251403,101.311793,57.2475,81.102397,40.589713,2526.557448,6822.355513
A185-001-19,A1850819_200_EN_2,6213297,4213297,EX004,EX5600FS,DT011,CAT 793,A-185-08-19,51.21,190.14,82.214516,82.214516,252.320117,42.681643,73.346103,0,363761.89,6591859.13,197.81,LEFT,190.1,371,13/11/2025,10:14:32,10:20:43,2353.868881,EX5600,225,29.0,8.0,34,252.320117,82.214516,54.077854,73.346103,42.681643,2712.859706,7442.492183
A185-001-19,A1850819_200_EN_2,6213298,4213298,EX004,EX5600FS,DT005,CAT 793,A-185-08-19,58.9,177.67,80.188698,80.188698,243.013321,36.788721,71.965476,0,363771.02,6591855.65,199.99,RIGHT,177.7,387,13/11/2025,10:20:43,10:27:10,2170.785573,EX5600,225,29.0,8.0,34,243.013321,80.188698,54.070426,71.965476,36.788721,2631.947989,6861.003835
A185-001-19,A1850819_200_EN_2,6213299,4213299,EX004,EX5600FS,DT058,HIT EH5000,A-185-08-19,37.59,190.99,73.38842,73.38842,256.542421,47.772172,78.324452,0,363766.33,6591858.12,199.5,LEFT,191.0,378,13/11/2025,10:27:10,10:33:28,2170.464555,EX5600,250,29.0,8.0,34,256.542421,73.38842,57.057377,78.324452,47.772172,2680.057389,7543.571291
A185-001-19,A1850819_200_EN_2,6213300,4213300,EX004,EX5600FS,DT067,HIT EH5000,A-185-08-19,36.64,193.95,96.694154,96.694154,275.267615,46.370689,76.767095,0,363765.55,6591856.03,199.51,RIGHT,193.9,440,13/11/2025,10:33:28,10:40:48,2079.916567,EX5600,250,29.0,8.0,34,275.267615,96.694154,55.435678,76.767095,46.370689,2536.469193,7024.530371
A185-001-19,A1850819_200_EN_3,6213301,4213301,EX004,EX5600FS,DT035,CAT 793,A-185-08-19,38.92,183.5,139.060517,139.060517,308.673522,32.082781,85.598738,0,363721.68,6591868.72,199.49,STRAIGHT,183.5,520,13/11/2025,10:40:48,10:49:28,1644.57221,EX5600,225,29.0,8.0,34,308.673522,139.060517,51.931486,85.598738,32.082781,2140.100864,5072.34695
A185-001-19,A1850819_200_EN_3,6213302,4213302,EX004,EX5600FS,DT070,HIT EH5000,A-185-08-19,53.65,183.01,128.682977,128.682977,302.117373,40.071382,76.74644,0,363725.54,6591869.75,199.08,STRAIGHT,183.0,501,13/11/2025,10:49:28,10:57:49,1594.802899,EX5600,250,29.0,8.0,34,302.117373,128.682977,56.616573,76.74644,40.071382,2180.750378,5034.176015
A185-001-19,A1850819_200_EN_3,6213303,4213303,EX004,EX5600FS,DT081,HIT EH5000,A-185-08-19,42.47,181.11,122.924628,122.924628,304.970808,41.784174,82.622274,0,363719.9,6591867.81,198.63,RIGHT,181.1,509,13/11/2025,10:57:49,11:06:18,1667.039089,EX5600,250,29.0,8.0,34,304.970808,122.924628,57.639732,82.622274,41.784174,2137.911063,5130.482273
A185-001-19,A1850819_200_EN_3,6213304,4213304,EX004,EX5600FS,DT074,HIT EH5000,A-185-08-19,46.35,170.08,127.899244,127.899244,304.558799,41.504042,85.21327,0,363726.87,6591870.81,198.87,RIGHT,170.1,453,13/11/2025,11:06:18,11:13:51,1554.796689,EX5600,250,29.0,8.0,34,304.558799,127.899244,49.942243,85.21327,41.504042,2010.397572,4675.402549
A185-001-19,A1850819_200_EN_3,6213305,4213305,EX004,EX5600FS,DT054,HIT EH5000,A-185-08-19,38.94,175.5,146.058715,146.058715,303.337132,30.196232,74.707506,0,363722.6,6591867.74,197.86,STRAIGHT,175.5,456,13/11/2025,11:13:51,11:21:27,1703.229848,EX5600,250,29.0,8.0,34,303.337132,146.058715,52.374678,74.707506,30.196232,2082.840589,4737.613679
A185-001-19,A1850819_200_EN_3,6213306,4213306,EX004,EX5600FS,DT044,CAT 793,A-185-08-19,63.45,192.32,121.958847,121.958847,302.939519,41.598912,80.169196,0,363723.05,6591870.42,199.62,STRAIGHT,192.3,484,13/11/2025,11:21:27,11:29:31,1746.077397,EX5600,225,29.0,8.0,34,302.939519,121.958847,59.212564,80.169196,41.598912,2285.395379,5385.818618
A185-001-19,A1850819_200_EN_3,6213307,4213307,EX004,EX5600FS,DT064,HIT EH5000,A-185-08-19,46.72,188.33,151.275831,151.275831,324.140312,46.219533,76.305848,0,363722.16,6591869.57,198.45,RIGHT,188.3,519,13/11/2025,11:29:31,11:38:10,1538.520502,EX5600,250,29.0,8.0,34,324.140312,151.275831,50.339099,76.305848,46.219533,2091.6475,5192.345876
A185-001-19,A1850819_200_EN_3,6213308,4213308,EX004,EX5600FS,DT008,CAT 793,A-185-08-19,39.64,176.76,148.3749,148.3749,330.536029,45.631508,81.891723,0,363723.41,6591867.53,198.76,LEFT,176.8,493,13/11/2025,11:38:10,11:46:23,1509.406652,EX5600,225,29.0,8.0,34,330.536029,148.3749,54.637899,81.891723,45.631508,1925.179555,4325.471208
A185-001-19,A1850819_200_EN_3,6213309,4213309,EX004,EX5600FS,DT049,HIT EH5000,A-185-08-19,46.64,173.33,122.658295,122.658295,303.438278,46.959809,74.786504,0,363720.6,6591867.48,199.64,LEFT,173.3,450,13/11/2025,11:46:23,11:53:53,1565.40953,EX5600,250,29.0,8.0,34,303.438278,122.658295,59.03367,74.786504,46.959809,2056.440632,4794.370386
A185-001-19,A1850819_200_EN_3,6213310,4213310,EX004,EX5600FS,DT024,CAT 793,A-185-08-19,33.27,173.99,144.071343,144.071343,320.77908,38.285729,85.400618,0,363723.85,6591868.95,197.98,STRAIGHT,174.0,576,13/11/2025,11:53:53,12:03:29,1460.419466,EX5600,225,29.0,8.0,34,320.77908,144.071343,53.02139,85.400618,38.285729,1952.674683,4517.620528
A185-001-19,A1850819_200_EN_3,6213311,4213311,EX004,EX5600FS,DT063,HIT EH5000,A-185-08-19,43.03,201.14,140.585235,140.585235,299.828828,37.36458,65.843599,0,363722.84,6591868.73,199.05,LEFT,201.1,464,13/11/2025,12:03:29,12:11:13,1825.740118,EX5600,250,29.0,8.0,34,299.828828,140.585235,56.035414,65.843599,37.36458,2415.024398,5480.182774
A185-001-19,A1850819_200_EN_3,6213312,4213312,EX004,EX5600FS,DT074,HIT EH5000,A-185-08-19,39.1,192.3,146.670015,146.670015,303.104467,33.424856,73.169427,0,363722.81,6591870.09,198.4,RIGHT,192.3,484,13/11/2025,12:11:13,12:19:17,1774.104836,EX5600,250,29.0,8.0,34,303.104467,146.670015,49.840169,73.169427,33.424856,2284.009426,5355.549744
A185-001-19,A1850819_200_EN_2,6213313,4213313,EX004,EX5600FS,DT040,CAT 793,A-185-08-19,50.85,188.52,94.37708,94.37708,263.280978,32.746492,74.617408,0,363773.63,6591855.82,199.96,LEFT,188.5,511,13/11/2025,12:19:17,12:27:48,2211.798872,EX5600,225,29.0,8.0,34,263.280978,94.37708,61.539998,74.617408,32.746492,2577.711979,7180.296056
A185-001-19,A1850819_200_EN_2,6213314,4213314,EX004,EX5600FS,DT038,CAT 793,A-185-08-19,62.92,188.76,102.927666,102.927666,273.359151,35.292724,79.041239,0,363769.62,6591852.31,198.43,LEFT,188.8,466,13/11/2025,12:27:48,12:35:34,2103.141931,EX5600,225,29.0,8.0,34,273.359151,102.927666,56.097522,79.041239,35.292724,2485.834385,6778.086902
A185-001-19,A1850819_200_EN_2,6213315,4213315,EX004,EX5600FS,DT032,CAT 793,A-185-08-19,47.45,171.66,95.672452,95.672452,259.074478,43.701214,66.152538,0,363771.01,6591856.95,199.24,STRAIGHT,171.7,351,13/11/2025,12:35:34,12:41:25,1900.09653,EX5600,225,29.0,8.0,34,259.074478,95.672452,53.548273,66.152538,43.701214,2385.365076,6477.810834
A185-001-19,A1850819_200_EN_2,6213316,4213316,EX004,EX5600FS,DT047,HIT EH5000,A-185-08-19,45.29,182.65,87.425693,87.425693,273.964448,48.463707,78.725285,0,363772.03,6591853.37,199.25,LEFT,182.6,419,13/11/2025,12:41:25,12:48:24,1792.778243,EX5600,250,29.0,8.0,34,273.964448,87.425693,59.349762,78.725285,48.463707,2400.056045,6443.648758
A185-001-19,A1850819_200_EN_2,6213317,4213317,EX004,EX5600FS,DT077,HIT EH5000,A-185-08-19,40.27,182.32,105.740551,105.740551,274.775084,48.398598,72.128586,0,363773.09,6591855.76,199.23,STRAIGHT,182.3,337,13/11/2025,12:48:24,12:54:01,1830.337217,EX5600,250,29.0,8.0,34,274.775084,105.740551,48.507349,72.128586,48.398598,2388.714672,6513.265312
A185-001-19,A1850819_200_EN_2,6213318,4213318,EX004,EX5600FS,DT036,CAT 793,A-185-08-19,35.43,179.14,99.772309,99.772309,265.350171,36.040194,67.305058,0,363768.93,6591853.16,198.76,RIGHT,179.1,415,13/11/2025,12:54:01,13:00:56,1869.339584,EX5600,225,29.0,8.0,34,265.350171,99.772309,62.232611,67.305058,36.040194,2430.369147,6700.026207
A185-001-19,A1850819_200_EN_2,6213319,4213319,EX004,EX5600FS,DT001,CAT 793,A-185-08-19,57.02,223.28,119.985623,119.985623,305.133345,45.588427,78.51973,0,363773.83,6591856.33,199.6,LEFT,223.3,473,13/11/2025,13:00:56,13:08:49,2082.895152,EX5600,225,29.0,8.0,34,305.133345,119.985623,61.039565,78.51973,45.588427,2634.294266,7263.370829
A185-001-19,A1850819_200_EN_2,6213320,4213320,EX004,EX5600FS,DT076,HIT EH5000,A-185-08-19,68.05,235.05,101.851352,101.851352,290.917482,36.605412,84.106089,0,363769.7,6591854.22,199.17,LEFT,235.0,486,13/11/2025,13:08:49,13:16:55,2219.040312,EX5600,250,29.0,8.0,34,290.917482,101.851352,68.35463,84.106089,36.605412,2908.605683,7917.105839
A185-001-19,A1850819_200_EN_2,6213321,4213321,EX004,EX5600FS,DT028,CAT 793,A-185-08-19,59.29,194.13,83.71588,83.71588,244.448004,40.018371,75.900103,0,363774.38,6591856.98,198.07,RIGHT,194.1,422,13/11/2025,13:16:55,13:23:57,2379.355357,EX5600,225,29.0,8.0,34,244.448004,83.71588,44.81365,75.900103,40.018371,2858.907776,7526.663673
A185-001-19,A1850819_200_EN_2,6213322,4213322,EX004,EX5600FS,DT042,CAT 793,A-185-08-19,43.42,206.88,86.982465,86.982465,272.414831,41.14128,76.714131,0,363773.1,6591853.01,198.28,STRAIGHT,206.9,516,13/11/2025,13:23:57,13:32:33,2263.232,EX5600,225,29.0,8.0,34,272.414831,86.982465,67.576956,76.714131,41.14128,2733.944244,7709.722767
A185-001-19,A1850819_200_EN_2,6213323,4213323,EX004,EX5600FS,DT079,HIT EH5000,A-185-08-19,49.29,199.63,92.081985,92.081985,258.176569,38.034181,70.789706,0,363772.79,6591858.16,199.27,STRAIGHT,199.6,416,13/11/2025,13:32:33,13:39:29,2084.776978,EX5600,250,29.0,8.0,34,258.176569,92.081985,57.270696,70.789706,38.034181,2783.596675,7337.743102
A185-001-19,A1850819_200_EN_2,6213324,4213324,EX004,EX5600FS,DT086,HIT EH5000,A-185-08-19,46.29,192.32,90.348656,90.348656,232.563482,29.914585,66.527841,0,363768.49,6591852.15,198.76,LEFT,192.3,398,13/11/2025,13:39:29,13:46:07,2484.641424,EX5600,250,29.0,8.0,34,232.563482,90.348656,45.7724,66.527841,29.914585,2977.080124,7947.629306
A185-001-19,A1850819_200_EN_3,6213325,4213325,EX004,EX5600FS,DT035,CAT 793,A-185-08-19,29.28,166.17,117.204321,117.204321,279.15551,35.309687,77.380018,0,363731.04,6591865.12,199.43,RIGHT,166.2,488,13/11/2025,13:46:07,13:54:15,1653.025075,EX5600,225,29.0,8.0,34,279.15551,117.204321,49.261485,77.380018,35.309687,2142.984118,5321.722261
A185-001-19,A1850819_200_EN_3,6213326,4213326,EX004,EX5600FS,DT055,HIT EH5000,A-185-08-19,35.73,172.35,117.838308,117.838308,308.557516,43.969713,79.774047,0,363729.16,6591866.52,198.88,RIGHT,172.3,535,13/11/2025,13:54:15,14:03:10,1537.865354,EX5600,250,29.0,8.0,34,308.557516,117.838308,66.975448,79.774047,43.969713,2010.803289,5099.695593
A185-001-19,A1850819_200_EN_3,6213327,4213327,EX004,EX5600FS,DT036,CAT 793,A-185-08-19,46.26,176.77,104.199727,104.199727,272.624224,42.596647,67.319549,0,363732.86,6591866.98,199.51,RIGHT,176.8,354,13/11/2025,14:03:10,14:09:04,1830.802711,EX5600,225,29.0,8.0,34,272.624224,104.199727,58.508301,67.319549,42.596647,2334.24907,5778.771645
A185-001-19,A1850819_200_EN_3,6213328,4213328,EX004,EX5600FS,DT017,CAT 793,A-185-08-19,33.92,177.84,106.942725,106.942725,266.353961,29.659055,71.649014,0,363733.44,6591865.32,198.92,RIGHT,177.8,432,13/11/2025,14:09:04,14:16:16,1920.344895,EX5600,225,29.0,8.0,34,266.353961,106.942725,58.103167,71.649014,29.659055,2403.676861,5995.298708
A185-001-19,A1850819_200_EN_3,6213329,4213329,EX004,EX5600FS,DT070,HIT EH5000,A-185-08-19,44.53,179.83,101.85152,101.85152,284.759574,43.808204,79.583369,0,363731.75,6591862.63,198.6,STRAIGHT,179.8,434,13/11/2025,14:16:16,14:23:30,1719.293202,EX5600,250,29.0,8.0,34,284.759574,101.85152,59.516481,79.583369,43.808204,2273.478133,5465.769722
A185-001-19,A1850819_200_EN_3,6213330,4213330,EX004,EX5600FS,DT010,CAT 793,A-185-08-19,48.33,194.2,109.704945,109.704945,276.326311,41.067447,74.435364,0,363729.46,6591867.88,199.39,STRAIGHT,194.2,467,13/11/2025,14:23:30,14:31:17,1994.860022,EX5600,225,29.0,8.0,34,276.326311,109.704945,51.118555,74.435364,41.067447,2530.105209,6435.105542
A185-001-19,A1850819_200_EN_3,6213331,4213331,EX004,EX5600FS,DT063,HIT EH5000,A-185-08-19,41.67,191.6,112.928042,112.928042,270.920911,38.325604,65.896603,0,363732.75,6591869.24,199.28,STRAIGHT,191.6,392,13/11/2025,14:31:17,14:37:49,1851.355661,EX5600,250,29.0,8.0,34,270.920911,112.928042,53.770661,65.896603,38.325604,2546.002501,6258.479066
A185-001-19,A1850819_200_EN_3,6213332,4213332,EX004,EX5600FS,DT048,HIT EH5000,A-185-08-19,42.5,193.02,109.455794,109.455794,282.162532,47.516966,77.109592,0,363730.7,6591866.63,199.48,RIGHT,193.0,499,13/11/2025,14:37:49,14:46:08,1857.740987,EX5600,250,29.0,8.0,34,282.162532,109.455794,48.080182,77.109592,47.516966,2462.707355,6268.226257
A185-001-19,A1850819_200_EN_3,6213333,4213333,EX004,EX5600FS,DT009,CAT 793,A-185-08-19,39.1,189.56,110.677362,110.677362,279.65709,37.24412,71.338129,0,363731.14,6591865.99,199.49,STRAIGHT,189.6,378,13/11/2025,14:46:08,14:52:26,1881.032627,EX5600,225,29.0,8.0,34,279.65709,110.677362,60.397479,71.338129,37.24412,2440.212817,6361.289102
A185-001-19,A1850819_200_EN_3,6213334,4213334,EX004,EX5600FS,DT019,CAT 793,A-185-08-19,43.55,179.02,111.112973,111.112973,289.535485,45.623212,78.953313,0,363728.26,6591868.93,199.56,LEFT,179.0,439,13/11/2025,14:52:26,14:59:45,1693.083963,EX5600,225,29.0,8.0,34,289.535485,111.112973,53.845987,78.953313,45.623212,2225.837175,5608.893463
A185-001-19,A1850819_200_EN_3,6213335,4213335,EX004,EX5600FS,DT014,CAT 793,A-185-08-19,54.94,201.56,107.291813,107.291813,282.635533,36.28723,81.158819,0,363727.02,6591864.16,198.45,STRAIGHT,201.6,514,13/11/2025,14:59:45,15:08:19,2019.093489,EX5600,225,29.0,8.0,34,282.635533,107.291813,57.897671,81.158819,36.28723,2567.266622,6078.550284
A185-001-19,A1850819_200_EN_3,6213336,4213336,EX004,EX5600FS,DT044,CAT 793,A-185-08-19,57.2,206.29,106.234244,106.234244,287.406639,43.823429,83.377876,0,363731.06,6591865.27,198.96,RIGHT,206.3,483,13/11/2025,15:08:19,15:16:22,1996.467989,EX5600,225,29.0,8.0,34,287.406639,106.234244,53.97109,83.377876,43.823429,2583.907093,6421.820626
A185-001-19,A1850819_200_EN_2,6213337,4213337,EX004,EX5600FS,DT001,CAT 793,A-185-08-19,47.89,195.82,97.98162,97.98162,266.933506,40.561916,71.549486,0,363779.53,6591848.61,199.17,RIGHT,195.8,477,13/11/2025,15:16:22,15:24:19,2089.135984,EX5600,225,29.0,8.0,34,266.933506,97.98162,56.840484,71.549486,40.561916,2640.949812,7359.498051
A185-001-19,A1850819_200_EN_2,6213338,4213338,EX004,EX5600FS,DT066,HIT EH5000,A-185-08-19,46.02,200.12,92.843441,92.843441,263.550503,44.915443,73.633625,0,363778.19,6591851.44,199.59,STRAIGHT,200.1,372,13/11/2025,15:24:19,15:30:31,2065.860222,EX5600,250,29.0,8.0,34,263.550503,92.843441,52.157995,73.633625,44.915443,2733.51955,7428.377948
A185-001-19,A1850819_200_EN_2,6213339,4213339,EX004,EX5600FS,DT046,CAT 793,A-185-08-19,53.97,205.95,99.703638,99.703638,263.84519,38.258745,79.160053,0,363778.24,6591848.09,198.27,RIGHT,205.9,424,13/11/2025,15:30:31,15:37:35,2247.232863,EX5600,225,29.0,8.0,34,263.84519,99.703638,46.722754,79.160053,38.258745,2810.032554,7615.626915
A185-001-19,A1850819_200_EN_2,6213340,4213340,EX004,EX5600FS,DT001,CAT 793,A-185-08-19,45.53,194.6,93.853952,93.853952,254.450595,37.755636,80.274652,0,363779.12,6591853.42,199.52,LEFT,194.6,426,13/11/2025,15:37:35,15:44:41,2138.496869,EX5600,225,29.0,8.0,34,254.450595,93.853952,42.566355,80.274652,37.755636,2753.278911,7647.878995
A185-001-19,A1850819_200_EN_2,6213341,4213341,EX004,EX5600FS,DT036,CAT 793,A-185-08-19,49.07,186.27,74.861284,74.861284,249.065686,41.831963,78.377977,0,363779.14,6591853.12,199.09,LEFT,186.3,469,13/11/2025,15:44:41,15:52:30,2223.913619,EX5600,225,29.0,8.0,34,249.065686,74.861284,53.994463,78.377977,41.831963,2692.328863,7241.202334
A185-001-19,A1850819_200_EN_2,6213342,4213342,EX004,EX5600FS,DT080,HIT EH5000,A-185-08-19,39.37,185.75,81.89013,81.89013,253.506662,41.894091,73.237819,0,363782.1,6591852.58,199.13,LEFT,185.8,397,13/11/2025,15:52:30,15:59:07,2104.107429,EX5600,250,29.0,8.0,34,253.506662,81.89013,56.484622,73.237819,41.894091,2637.842795,7107.102022
A185-001-19,A1850819_200_EN_2,6213343,4213343,EX004,EX5600FS,DT052,HIT EH5000,A-185-08-19,39.44,180.55,76.794778,76.794778,236.589158,43.026337,69.135404,0,363775.42,6591848.22,198.18,LEFT,180.5,362,13/11/2025,15:59:07,16:05:09,2222.639429,EX5600,250,29.0,8.0,34,236.589158,76.794778,47.63264,69.135404,43.026337,2747.23173,7399.568028
A185-001-19,A1850819_200_EN_2,6213344,4213344,EX004,EX5600FS,DT004,CAT 793,A-185-08-19,48.35,185.61,91.01592,91.01592,255.464558,36.377945,75.708087,0,363780.01,6591850.58,199.7,LEFT,185.6,422,13/11/2025,16:05:09,16:12:11,2098.381566,EX5600,225,29.0,8.0,34,255.464558,91.01592,52.362605,75.708087,36.377945,2615.617975,7312.436195
A185-001-19,A1850819_200_EN_2,6213345,4213345,EX004,EX5600FS,DT046,CAT 793,A-185-08-19,42.81,180.68,100.371377,100.371377,275.548577,43.295913,78.440566,0,363777.99,6591854.79,198.54,RIGHT,180.7,438,13/11/2025,16:12:11,16:19:29,1704.860807,EX5600,225,29.0,8.0,34,275.548577,100.371377,53.440721,78.440566,43.295913,2360.597615,6554.863769
A185-001-19,A1850819_200_EN_2,6213346,4213346,EX004,EX5600FS,DT083,HIT EH5000,A-185-08-19,49.66,180.76,107.713301,107.713301,283.668945,43.036793,75.435205,0,363777.12,6591850.77,199.63,LEFT,180.8,460,13/11/2025,16:19:29,16:27:09,1863.579007,EX5600,250,29.0,8.0,34,283.668945,107.713301,57.483646,75.435205,43.036793,2294.026595,6469.154997
A185-001-19,A1850819_200_EN_2,6213347,4213347,EX004,EX5600FS,DT034,CAT 793,A-185-08-19,41.74,192.12,76.941022,76.941022,244.085026,31.437128,84.343598,0,363778.77,6591852.98,199.51,STRAIGHT,192.1,395,13/11/2025,16:27:09,16:33:44,2311.207274,EX5600,225,29.0,8.0,34,244.085026,76.941022,51.363278,84.343598,31.437128,2833.543601,7983.030881
A185-001-19,A1850819_200_EN_3,6213348,4213348,EX004,EX5600FS,DT084,HIT EH5000,A-185-08-19,49.63,205.58,107.806329,107.806329,271.845818,37.187585,70.502918,0,363737.37,6591859.65,199.91,RIGHT,205.6,438,13/11/2025,16:33:44,16:41:02,2165.616101,EX5600,250,29.0,8.0,34,271.845818,107.806329,56.348986,70.502918,37.187585,2722.421567,6899.779718
A185-001-19,A1850819_200_EN_3,6213349,4213349,EX004,EX5600FS,DT027,CAT 793,A-185-08-19,68.39,205.17,107.067443,107.067443,261.645278,39.915443,67.14964,0,363737.71,6591862.41,199.31,STRAIGHT,205.2,388,13/11/2025,16:41:02,16:47:30,2288.769469,EX5600,225,29.0,8.0,34,261.645278,107.067443,47.512751,67.14964,39.915443,2822.955011,7228.97862
A185-001-19,A1850819_200_EN_3,6213350,4213350,EX004,EX5600FS,DT020,CAT 793,A-185-08-19,48.74,212.02,96.991118,96.991118,264.873217,46.954072,68.324148,0,363736.87,6591863.51,199.05,STRAIGHT,212.0,392,13/11/2025,16:47:30,16:54:02,2357.182418,EX5600,225,29.0,8.0,34,264.873217,96.991118,52.603879,68.324148,46.954072,2881.589347,7050.087336
A185-001-19,A1850819_200_EN_3,6213351,4213351,EX004,EX5600FS,DT036,CAT 793,A-185-08-19,53.0,192.11,88.507365,88.507365,272.237042,46.701977,72.974465,0,363737.13,6591866.06,199.41,RIGHT,192.1,462,13/11/2025,16:54:02,17:01:44,2076.433927,EX5600,225,29.0,8.0,34,272.237042,88.507365,64.053235,72.974465,46.701977,2540.450345,6680.484902
A185-001-19,A1850819_200_EN_3,6213352,4213352,EX004,EX5600FS,DT050,HIT EH5000,A-185-08-19,56.92,199.57,100.341442,100.341442,276.340738,42.360463,77.693915,0,363738.69,6591862.56,198.2,LEFT,199.6,451,13/11/2025,17:01:44,17:09:15,2090.778314,EX5600,250,29.0,8.0,34,276.340738,100.341442,55.944918,77.693915,42.360463,2599.860583,6734.028577
A185-001-19,A1850819_200_EN_3,6213353,4213353,EX004,EX5600FS,DT052,HIT EH5000,A-185-08-19,41.78,207.26,125.710847,125.710847,286.361169,40.272502,73.103793,0,363738.83,6591864.87,199.21,RIGHT,207.3,455,13/11/2025,17:09:15,17:16:50,2223.727091,EX5600,250,29.0,8.0,34,286.361169,125.710847,47.274027,73.103793,40.272502,2605.633174,7078.008129
A185-001-19,A1850819_200_EN_3,6213354,4213354,EX004,EX5600FS,DT047,HIT EH5000,A-185-08-19,58.99,192.2,111.249802,111.249802,283.493411,43.41946,75.08994,0,363733.03,6591867.22,198.95,LEFT,192.2,770,13/11/2025,17:16:50,17:29:40,1859.43505,EX5600,250,29.0,8.0,34,283.493411,111.249802,53.734208,75.08994,43.41946,2440.661889,6380.07984
A185-001-19,A1850819_200_EN_3,6213355,4213355,EX004,EX5600FS,DT004,CAT 793,A-185-08-19,43.52,187.54,108.644056,108.644056,289.341546,41.84438,76.162918,0,363736.46,6591861.59,199.66,RIGHT,187.5,427,13/11/2025,17:29:40,17:36:47,1783.253311,EX5600,225,29.0,8.0,34,289.341546,108.644056,62.690193,76.162918,41.84438,2333.434384,6028.600268
A185-001-19,A1850819_200_EN_3,6213356,4213356,EX004,EX5600FS,DT075,HIT EH5000,A-185-08-19,39.7,173.83,91.95007,91.95007,266.169478,36.696932,77.999712,0,363735.64,6591864.4,199.52,LEFT,173.8,452,13/11/2025,17:36:47,17:44:19,1923.777344,EX5600,250,29.0,8.0,34,266.169478,91.95007,59.522765,77.999712,36.696932,2351.136242,6317.202461
A185-001-19,A1850819_200_EN_3,6213357,4213357,EX004,EX5600FS,DT004,CAT 793,A-185-08-19,45.26,180.08,110.627089,110.627089,273.474932,44.718394,66.531526,0,363734.53,6591864.85,199.43,STRAIGHT,180.1,474,13/11/2025,17:44:19,17:52:13,1871.76727,EX5600,225,29.0,8.0,34,273.474932,110.627089,51.597924,66.531526,44.718394,2370.61517,6138.468866
A185-001-19,A1850819_200_EN_3,6213358,4213358,EX004,EX5600FS,DT006,CAT 793,A-185-08-19,43.17,177.46,89.750067,89.750067,260.644767,48.239022,67.110255,0,363740.57,6591863.35,199.08,STRAIGHT,177.5,454,13/11/2025,17:52:13,17:59:47,2070.272207,EX5600,225,29.0,8.0,34,260.644767,89.750067,55.545422,67.110255,48.239022,2451.034159,6126.973469
A185-001-19,A1850819_200_EN_3,6213359,4213359,EX004,EX5600FS,DT082,HIT EH5000,A-185-08-19,36.58,180.98,95.380224,95.380224,273.387803,37.993519,83.404353,0,363736.51,6591862.77,199.68,RIGHT,181.0,367,13/11/2025,17:59:47,18:05:54,1845.359693,EX5600,250,29.0,8.0,34,273.387803,95.380224,56.609708,83.404353,37.993519,2383.182503,5949.503335
A185-001-19,A1850819_200_EN_2,6213360,4213360,EX004,EX5600FS,DT037,CAT 793,A-185-08-19,49.54,181.64,96.420539,96.420539,252.793537,38.724969,75.015837,0,363742.86,6591861.95,199.29,STRAIGHT,181.6,402,13/11/2025,18:05:54,18:12:36,2095.853933,EX5600,225,29.0,8.0,34,252.793537,96.420539,42.632192,75.015837,38.724969,2586.726364,6943.00986
A185-001-19,A1850819_200_EN_2,6213361,4213361,EX004,EX5600FS,DT028,CAT 793,A-185-08-19,46.05,184.37,83.473254,83.473254,269.338713,40.111568,81.995117,0,363745.42,6591860.25,198.54,LEFT,184.4,410,13/11/2025,18:12:36,18:19:26,2049.273748,EX5600,225,29.0,8.0,34,269.338713,83.473254,63.758774,81.995117,40.111568,2464.318322,6499.266971
A185-001-19,A1850819_200_EN_2,6213362,4213362,EX004,EX5600FS,DT016,CAT 793,A-185-08-19,54.53,191.06,104.220526,104.220526,276.886699,39.173321,79.551736,0,363746.58,6591860.41,198.9,RIGHT,191.1,427,13/11/2025,18:19:26,18:26:33,1879.376185,EX5600,225,29.0,8.0,34,276.886699,104.220526,53.941116,79.551736,39.173321,2484.094837,6731.370764
A185-001-19,A1850819_200_EN_2,6213363,4213363,EX004,EX5600FS,DT086,HIT EH5000,A-185-08-19,48.09,188.51,77.064137,77.064137,239.40162,37.242746,73.021081,0,363742.33,6591853.74,199.61,LEFT,188.5,385,13/11/2025,18:26:33,18:32:58,2170.627843,EX5600,250,29.0,8.0,34,239.40162,77.064137,52.073656,73.021081,37.242746,2834.759469,7731.133391
A185-001-19,A1850819_200_EN_2,6213364,4213364,EX004,EX5600FS,DT003,CAT 793,A-185-08-19,49.98,186.8,97.145548,97.145548,262.033932,42.214513,63.75224,0,363745.75,6591860.72,198.88,STRAIGHT,186.8,408,13/11/2025,18:32:58,18:39:46,2165.887425,EX5600,225,29.0,8.0,34,262.033932,97.145548,58.92163,63.75224,42.214513,2566.318263,6790.647228
A185-001-19,A1850819_200_EN_2,6213365,4213365,EX004,EX5600FS,DT055,HIT EH5000,A-185-08-19,38.34,200.97,87.361067,87.361067,249.350989,39.141565,70.536597,0,363744.17,6591852.2,199.14,STRAIGHT,201.0,421,13/11/2025,18:39:46,18:46:47,2155.12105,EX5600,250,29.0,8.0,34,249.350989,87.361067,52.31176,70.536597,39.141565,2901.478682,7892.804617
A185-001-19,A1850819_200_EN_2,6213366,4213366,EX004,EX5600FS,DT010,CAT 793,A-185-08-19,43.65,191.38,85.735213,85.735213,258.364337,46.220743,71.837792,0,363745.11,6591862.15,198.44,LEFT,191.4,421,13/11/2025,18:46:47,18:53:48,2120.469201,EX5600,225,29.0,8.0,34,258.364337,85.735213,54.570589,71.837792,46.220743,2666.59659,7269.87361
A185-001-19,A1850819_200_EN_2,6213367,4213367,EX004,EX5600FS,DT008,CAT 793,A-185-08-19,62.31,186.94,87.597194,87.597194,228.381749,35.969074,59.205211,0,363742.37,6591860.64,199.58,STRAIGHT,186.9,300,13/11/2025,18:53:48,18:58:48,2232.421986,EX5600,225,29.0,8.0,34,228.381749,87.597194,45.610269,59.205211,35.969074,2946.786695,7850.004952
A185-001-19,A1850819_200_EN_2,6213368,4213368,EX004,EX5600FS,DT028,CAT 793,A-185-08-19,35.43,178.31,103.028792,103.028792,273.050317,40.37931,76.98696,0,363743.78,6591859.6,199.02,LEFT,178.3,415,13/11/2025,18:58:48,19:05:43,2053.057945,EX5600,225,29.0,8.0,34,273.050317,103.028792,52.655255,76.98696,40.37931,2350.880418,6036.956782
A185-001-19,A1850819_200_EN_2,6213369,4213369,EX004,EX5600FS,DT081,HIT EH5000,A-185-08-19,39.87,184.01,91.669274,91.669274,258.639859,41.428625,76.994986,0,363747.43,6591858.9,198.89,RIGHT,184.0,403,13/11/2025,19:05:43,19:12:26,2161.673239,EX5600,250,29.0,8.0,34,258.639859,91.669274,48.546974,76.994986,41.428625,2561.165602,7055.210106
A185-001-19,A1850819_200_EN_2,6213370,4213370,EX004,EX5600FS,DT009,CAT 793,A-185-08-19,54.33,191.48,93.863209,93.863209,267.912727,47.898313,74.291153,0,363746.27,6591859.1,199.67,LEFT,191.5,418,13/11/2025,19:12:26,19:19:24,1973.582366,EX5600,225,29.0,8.0,34,267.912727,93.863209,51.860051,74.291153,47.898313,2572.895326,6809.246084
A185-001-19,A1850819_200_EN_2,6213371,4213371,EX004,EX5600FS,DT045,CAT 793,A-185-08-19,37.35,189.71,103.920479,103.920479,292.591299,40.72346,85.570952,0,363742.09,6591858.38,198.43,STRAIGHT,189.7,463,13/11/2025,19:19:24,19:27:07,1943.446606,EX5600,225,29.0,8.0,34,292.591299,103.920479,62.376408,85.570952,40.72346,2334.150722,6209.75365
A185-001-19,A1850819_200_EN_3,6213372,4213372,EX004,EX5600FS,DT016,CAT 793,A-185-08-19,50.55,183.9,144.395295,144.395295,312.094631,45.895118,75.742566,0,363699.99,6591866.69,198.28,RIGHT,183.9,537,13/11/2025,19:27:07,19:36:04,1677.834322,EX5600,225,29.0,8.0,34,312.094631,144.395295,46.061652,75.742566,45.895118,2121.255321,5158.599622
A185-001-19,A1850819_200_EN_3,6213373,4213373,EX004,EX5600FS,DT029,CAT 793,A-185-08-19,42.58,186.62,124.256158,124.256158,296.467626,37.466924,81.867747,0,363698.4,6591873.31,197.99,STRAIGHT,186.6,414,13/11/2025,19:36:04,19:42:58,1803.683798,EX5600,225,29.0,8.0,34,296.467626,124.256158,52.876798,81.867747,37.466924,2266.109388,5757.746145
A185-001-19,A1850819_200_EN_3,6213374,4213374,EX004,EX5600FS,DT006,CAT 793,A-185-08-19,45.57,193.15,111.566393,111.566393,298.506719,46.683096,83.308073,0,363702.44,6591871.79,198.85,RIGHT,193.2,494,13/11/2025,19:42:58,19:51:12,1739.713449,EX5600,225,29.0,8.0,34,298.506719,111.566393,56.949157,83.308073,46.683096,2329.395134,5805.289155
A185-001-19,A1850819_200_EN_3,6213375,4213375,EX004,EX5600FS,DT028,CAT 793,A-185-08-19,47.93,205.2,131.148335,131.148335,313.042698,39.094436,84.5286,0,363704.92,6591871.58,199.74,LEFT,205.2,494,13/11/2025,19:51:12,19:59:26,1881.361128,EX5600,225,29.0,8.0,34,313.042698,131.148335,58.271326,84.5286,39.094436,2359.824641,5876.805115
A185-001-19,A1850819_200_EN_3,6213376,4213376,EX004,EX5600FS,DT034,CAT 793,A-185-08-19,50.39,219.08,112.786497,112.786497,294.567281,37.628062,86.186551,0,363699.18,6591869.3,197.74,LEFT,219.1,468,13/11/2025,19:59:26,20:07:14,2254.697902,EX5600,225,29.0,8.0,34,294.567281,112.786497,57.966171,86.186551,37.628062,2677.489343,6644.517686
A185-001-19,A1850819_200_EN_3,6213377,4213377,EX004,EX5600FS,DT065,HIT EH5000,A-185-08-19,38.47,183.62,111.884998,111.884998,285.514872,43.159773,68.447414,0,363700.13,6591870.29,198.33,LEFT,183.6,484,13/11/2025,20:07:14,20:15:18,1915.289788,EX5600,250,29.0,8.0,34,285.514872,111.884998,62.022687,68.447414,43.159773,2315.189377,5769.622438
A185-001-19,A1850819_200_EN_3,6213378,4213378,EX004,EX5600FS,DT065,HIT EH5000,A-185-08-19,37.37,194.4,113.717472,113.717472,288.245284,34.728124,82.622168,0,363702.19,6591871.42,199.42,RIGHT,194.4,398,13/11/2025,20:15:18,20:21:56,1970.023943,EX5600,250,29.0,8.0,34,288.245284,113.717472,57.177519,82.622168,34.728124,2427.974597,6095.120309
A185-001-19,A1850819_200_EN_3,6213379,4213379,EX004,EX5600FS,DT015,CAT 793,A-185-08-19,42.26,192.49,112.14287,112.14287,279.667344,44.472315,67.149299,0,363699.6,6591873.5,198.56,RIGHT,192.5,419,13/11/2025,20:21:56,20:28:55,1888.924767,EX5600,225,29.0,8.0,34,279.667344,112.14287,55.90286,67.149299,44.472315,2477.833614,6271.508611
A185-001-19,A1850819_200_EN_3,6213380,4213380,EX004,EX5600FS,DT069,HIT EH5000,A-185-08-19,43.96,187.08,110.265853,110.265853,297.133694,42.975613,79.746781,0,363699.31,6591870.08,198.92,STRAIGHT,187.1,425,13/11/2025,20:28:55,20:36:00,1745.208656,EX5600,250,29.0,8.0,34,297.133694,110.265853,64.145448,79.746781,42.975613,2266.58251,5673.937065
A185-001-19,A1850819_200_EN_3,6213381,4213381,EX004,EX5600FS,DT018,CAT 793,A-185-08-19,54.93,200.07,107.99565,107.99565,277.465618,37.45959,81.334138,0,363697.88,6591871.09,198.22,LEFT,200.1,467,13/11/2025,20:36:00,20:43:47,1936.51289,EX5600,225,29.0,8.0,34,277.465618,107.99565,50.67624,81.334138,37.45959,2595.86025,6356.499102
A185-001-19,A1850819_200_EN_3,6213382,4213382,EX004,EX5600FS,DT051,HIT EH5000,A-185-08-19,56.82,206.96,107.074136,107.074136,270.314905,44.572144,74.166514,0,363703.06,6591871.95,199.47,LEFT,207.0,401,13/11/2025,20:43:47,20:50:28,2247.936794,EX5600,250,29.0,8.0,34,270.314905,107.074136,44.50211,74.166514,44.572144,2756.216174,6715.791222
A185-001-19,A1850819_200_EN_2,6213383,4213383,EX004,EX5600FS,DT005,CAT 793,A-185-08-19,49.76,178.17,86.331354,86.331354,228.624895,41.374074,59.933946,0,363750.78,6591855.07,199.35,LEFT,178.2,430,13/11/2025,20:50:28,20:57:38,2097.449762,EX5600,225,29.0,8.0,34,228.624895,86.331354,40.98552,59.933946,41.374074,2805.567998,7405.91438
A185-001-19,A1850819_200_EN_2,6213384,4213384,EX004,EX5600FS,DT026,CAT 793,A-185-08-19,35.55,200.47,89.130691,89.130691,256.223237,50.075269,71.958047,0,363746.45,6591856.18,199.12,RIGHT,200.5,455,13/11/2025,20:57:38,21:05:13,2273.99151,EX5600,225,29.0,8.0,34,256.223237,89.130691,45.05923,71.958047,50.075269,2816.632165,7478.428204
A185-001-19,A1850819_200_EN_2,6213385,4213385,EX004,EX5600FS,DT019,CAT 793,A-185-08-19,38.97,190.06,99.994446,99.994446,274.699146,46.724547,68.266049,0,363748.13,6591852.76,199.38,STRAIGHT,190.1,387,13/11/2025,21:05:13,21:11:40,1890.989049,EX5600,225,29.0,8.0,34,274.699146,99.994446,59.714104,68.266049,46.724547,2490.723496,7009.989457
A185-001-19,A1850819_200_EN_2,6213386,4213386,EX004,EX5600FS,DT033,CAT 793,A-185-08-19,41.65,179.79,97.335342,97.335342,269.566179,39.755538,78.226089,0,363753.53,6591854.69,198.34,STRAIGHT,179.8,472,13/11/2025,21:11:40,21:19:32,1843.581594,EX5600,225,29.0,8.0,34,269.566179,97.335342,54.24921,78.226089,39.755538,2401.040897,6430.696717
A185-001-19,A1850819_200_EN_2,6213387,4213387,EX004,EX5600FS,DT031,CAT 793,A-185-08-19,57.05,185.47,95.604825,95.604825,250.702581,40.723733,58.974918,0,363748.46,6591851.89,199.59,LEFT,185.5,404,13/11/2025,21:19:32,21:26:16,2073.991418,EX5600,225,29.0,8.0,34,250.702581,95.604825,55.399105,58.974918,40.723733,2663.285498,6900.140064
A185-001-19,A1850819_200_EN_2,6213388,4213388,EX004,EX5600FS,DT064,HIT EH5000,A-185-08-19,58.7,181.21,88.611663,88.611663,249.095707,39.700747,75.65821,0,363751.99,6591855.1,199.6,LEFT,181.2,770,13/11/2025,21:26:16,21:39:06,2133.902707,EX5600,250,29.0,8.0,34,249.095707,88.611663,45.125088,75.65821,39.700747,2618.885457,7158.839349
A185-001-19,A1850819_200_EN_2,6213389,4213389,EX004,EX5600FS,DT030,CAT 793,A-185-08-19,48.79,181.17,93.699649,93.699649,267.426844,36.637633,78.751553,0,363752.46,6591860.12,199.06,STRAIGHT,181.2,432,13/11/2025,21:39:06,21:46:18,1913.346429,EX5600,225,29.0,8.0,34,267.426844,93.699649,58.338009,78.751553,36.637633,2438.857243,6281.772191
A185-001-19,A1850819_200_EN_2,6213390,4213390,EX004,EX5600FS,DT050,HIT EH5000,A-185-08-19,48.63,196.78,105.860535,105.860535,282.775097,44.211306,74.492646,0,363754.11,6591856.21,198.41,STRAIGHT,196.8,476,13/11/2025,21:46:18,21:54:14,2044.739715,EX5600,250,29.0,8.0,34,282.775097,105.860535,58.210611,74.492646,44.211306,2505.151788,6405.741544
A185-001-19,A1850819_200_EN_2,6213391,4213391,EX004,EX5600FS,DT032,CAT 793,A-185-08-19,53.58,189.79,97.253601,97.253601,263.071425,35.24686,73.793931,0,363753.58,6591859.14,199.4,STRAIGHT,189.8,380,13/11/2025,21:54:14,22:00:34,1984.484018,EX5600,225,29.0,8.0,34,263.071425,97.253601,56.777033,73.793931,35.24686,2597.112726,7267.888987
A185-001-19,A1850819_200_EN_2,6213392,4213392,EX004,EX5600FS,DT076,HIT EH5000,A-185-08-19,47.48,181.4,99.965514,99.965514,260.434116,34.95674,75.55914,0,363756.8,6591855.54,198.78,LEFT,181.4,477,13/11/2025,22:00:34,22:08:31,2034.98491,EX5600,250,29.0,8.0,34,260.434116,99.965514,49.952723,75.55914,34.95674,2507.44063,6684.0253
A185-001-19,A1850819_200_EN_2,6213393,4213393,EX004,EX5600FS,DT047,HIT EH5000,A-185-08-19,39.72,192.31,117.703248,117.703248,281.819527,34.768606,85.670977,0,363753.42,6591856.64,198.87,LEFT,192.3,454,13/11/2025,22:08:31,22:16:05,2083.392983,EX5600,250,29.0,8.0,34,281.819527,117.703248,43.676697,85.670977,34.768606,2456.64778,6520.99675
A185-001-19,A1850819_200_EN_2,6213394,4213394,EX004,EX5600FS,DT027,CAT 793,A-185-08-19,45.82,184.3,82.469538,82.469538,272.613883,50.609281,73.737292,0,363753.92,6591857.92,199.12,STRAIGHT,184.3,457,13/11/2025,22:16:05,22:23:42,1890.407269,EX5600,225,29.0,8.0,34,272.613883,82.469538,65.797772,73.737292,50.609281,2433.794945,6413.409086
A185-001-19,A1850819_200_EN_3,6213395,4213395,EX004,EX5600FS,DT034,CAT 793,A-185-08-19,43.6,198.42,90.919821,90.919821,268.879092,40.768911,75.117661,0,363708.55,6591874.01,199.72,RIGHT,198.4,429,13/11/2025,22:23:42,22:30:51,2223.344488,EX5600,225,29.0,8.0,34,268.879092,90.919821,62.072699,75.117661,40.768911,2656.694819,6828.526198
A185-001-19,A1850819_200_EN_3,6213396,4213396,EX004,EX5600FS,DT038,CAT 793,A-185-08-19,46.59,191.97,104.283432,104.283432,268.843411,39.306647,70.758723,0,363708.44,6591872.34,198.22,STRAIGHT,192.0,434,13/11/2025,22:30:51,22:38:05,1834.02722,EX5600,225,29.0,8.0,34,268.843411,104.283432,54.494608,70.758723,39.306647,2570.624051,6600.89595
A185-001-19,A1850819_200_EN_3,6213397,4213397,EX004,EX5600FS,DT051,HIT EH5000,A-185-08-19,69.39,209.19,97.41798,97.41798,265.805746,38.01429,77.849838,0,363708.04,6591865.4,197.95,LEFT,209.2,331,13/11/2025,22:38:05,22:43:36,2228.223548,EX5600,250,29.0,8.0,34,265.805746,97.41798,52.523638,77.849838,38.01429,2833.170943,7165.493409
A185-001-19,A1850819_200_EN_3,6213398,4213398,EX004,EX5600FS,DT026,CAT 793,A-185-08-19,62.82,192.11,107.155809,107.155809,304.720391,53.675821,77.849838,0,363707.28,6591868.17,198.33,STRAIGHT,192.1,468,13/11/2025,22:43:36,22:51:24,1723.056048,EX5600,225,29.0,8.0,34,304.720391,107.155809,66.038923,77.849838,53.675821,2269.641,5852.0781
A185-001-19,A1850819_200_EN_3,6213399,4213399,EX004,EX5600FS,DT009,CAT 793,A-185-08-19,42.55,181.38,110.803532,110.803532,274.395065,40.506716,71.909706,0,363709.54,6591869.53,198.45,RIGHT,181.4,360,13/11/2025,22:51:24,22:57:24,1952.126841,EX5600,225,29.0,8.0,34,274.395065,110.803532,51.175112,71.909706,40.506716,2379.630276,6056.583582
A185-001-19,A1850819_200_EN_3,6213400,4213400,EX004,EX5600FS,DT031,CAT 793,A-185-08-19,43.03,171.42,107.53668,107.53668,274.289141,36.77742,70.471642,0,363709.28,6591864.89,199.28,RIGHT,171.4,392,13/11/2025,22:57:24,23:03:56,1800.691271,EX5600,225,29.0,8.0,34,274.289141,107.53668,59.503399,70.471642,36.77742,2249.835025,5679.929532
A185-001-19,A1850819_200_EN_3,6213401,4213401,EX004,EX5600FS,DT067,HIT EH5000,A-185-08-19,43.05,187.69,109.308038,109.308038,285.194879,39.189654,82.076007,0,363707.91,6591868.47,199.66,STRAIGHT,187.7,481,13/11/2025,23:03:56,23:11:57,1859.199493,EX5600,250,29.0,8.0,34,285.194879,109.308038,54.62118,82.076007,39.189654,2369.20196,6022.366716
A185-001-19,A1850819_200_EN_3,6213402,4213402,EX004,EX5600FS,DT046,CAT 793,A-185-08-19,47.76,191.97,99.16178,99.16178,276.790076,43.481783,72.164146,0,363708.99,6591867.92,198.17,RIGHT,192.0,352,13/11/2025,23:11:57,23:17:49,2066.40585,EX5600,225,29.0,8.0,34,276.790076,99.16178,61.982367,72.164146,43.481783,2496.85152,6287.384132
A185-001-19,A1850819_200_EN_3,6213403,4213403,EX004,EX5600FS,DT048,HIT EH5000,A-185-08-19,45.36,191.56,98.358746,98.358746,255.716542,39.842434,68.619909,0,363712.8,6591866.68,198.55,RIGHT,191.6,404,13/11/2025,23:17:49,23:24:33,2231.440723,EX5600,250,29.0,8.0,34,255.716542,98.358746,48.895452,68.619909,39.842434,2696.768414,6646.141335
A185-001-19,A1850819_200_EN_3,6213404,4213404,EX004,EX5600FS,DT005,CAT 793,A-185-08-19,47.84,173.21,100.738945,100.738945,270.351041,40.227343,72.218399,0,363712.2,6591868.07,198.54,LEFT,173.2,436,13/11/2025,23:24:33,23:31:49,1940.862216,EX5600,225,29.0,8.0,34,270.351041,100.738945,57.166355,72.218399,40.227343,2306.470681,5731.104861
A185-001-19,A1850819_200_EN_3,6213405,4213405,EX004,EX5600FS,DT025,CAT 793,A-185-08-19,51.51,189.92,113.36645,113.36645,290.450458,44.382418,81.527089,0,363707.57,6591869.18,199.84,STRAIGHT,189.9,442,13/11/2025,23:31:49,23:39:11,1842.11981,EX5600,225,29.0,8.0,34,290.450458,113.36645,51.1745,81.527089,44.382418,2353.969954,5855.249073
A185-001-19,A1850819_200_EN_3,6213406,4213406,EX004,EX5600FS,DT028,CAT 793,A-185-08-19,46.83,184.81,104.097835,104.097835,273.76141,42.268822,71.376692,0,363707.89,6591868.89,198.84,RIGHT,184.8,484,13/11/2025,23:39:11,23:47:15,1766.816386,EX5600,225,29.0,8.0,34,273.76141,104.097835,56.018061,71.376692,42.268822,2430.309363,6161.27931
A185-001-19,A1850819_200_EN_1,6213407,4213407,EX004,EX5600FS,DT081,HIT EH5000,A-185-08-19,38.32,182.76,91.57083,91.57083,264.39805,44.106775,78.212249,0,363761.45,6591852.17,198.57,LEFT,182.8,454,13/11/2025,23:47:15,23:54:49,2014.560349,EX5600,250,29.0,8.0,34,264.39805,91.57083,50.508196,78.212249,44.106775,2488.392971,6959.599135
A185-001-19,A1850819_200_EN_1,6213408,4213408,EX004,EX5600FS,DT025,CAT 793,A-185-08-19,41.94,193.92,85.146889,85.146889,257.079365,39.946666,75.420277,0,363756.27,6591851.77,198.75,RIGHT,193.9,465,13/11/2025,23:54:49,00:02:34,2113.633333,EX5600,225,29.0,8.0,34,257.079365,85.146889,56.565533,75.420277,39.946666,2715.576945,7646.6099
A185-001-19,A1850819_200_EN_1,6213409,4213409,EX004,EX5600FS,DT002,CAT 793,A-185-08-19,56.35,207.87,77.688649,77.688649,258.392838,41.480905,87.698895,0,363757.3,6591855.81,200.1,LEFT,207.9,413,14/11/2025,00:02:34,00:09:27,2337.693151,EX5600,225,29.0,8.0,34,258.392838,77.688649,51.52439,87.698895,41.480905,2896.049112,8166.858497
A185-001-19,A1850819_200_EN_1,6213410,4213410,EX004,EX5600FS,DT023,CAT 793,A-185-08-19,53.37,193.1,85.277359,85.277359,249.525925,37.141418,74.848963,0,363760.81,6591853.15,199.53,RIGHT,193.1,334,14/11/2025,00:09:27,00:15:01,2233.05333,EX5600,225,29.0,8.0,34,249.525925,85.277359,52.258184,74.848963,37.141418,2785.870666,7856.155279
A185-001-19,A1850819_200_EN_1,6213411,4213411,EX004,EX5600FS,DT037,CAT 793,A-185-08-19,59.24,208.19,91.136095,91.136095,267.988379,44.727165,78.010954,0,363757.78,6591849.94,199.89,STRAIGHT,208.2,410,14/11/2025,00:15:01,00:21:51,2231.585679,EX5600,225,29.0,8.0,34,267.988379,91.136095,54.114165,78.010954,44.727165,2796.680184,7886.638118
A185-001-19,A1850819_200_EN_1,6213412,4213412,EX004,EX5600FS,DT010,CAT 793,A-185-08-19,39.56,203.04,81.885599,81.885599,239.099193,40.326986,68.578344,0,363760.03,6591856.34,198.51,STRAIGHT,203.0,444,14/11/2025,00:21:51,00:29:15,2552.124577,EX5600,225,29.0,8.0,34,239.099193,81.885599,48.308263,68.578344,40.326986,3057.054913,8562.034248
A185-001-19,A1850819_200_EN_1,6213413,4213413,EX004,EX5600FS,DT074,HIT EH5000,A-185-08-19,46.34,203.63,86.383299,86.383299,251.484586,45.069167,74.338364,0,363757.68,6591851.05,198.48,RIGHT,203.6,415,14/11/2025,00:29:15,00:36:10,2431.860239,EX5600,250,29.0,8.0,34,251.484586,86.383299,45.693756,74.338364,45.069167,2914.896401,7993.455597
A185-001-19,A1850819_200_EN_1,6213414,4213414,EX004,EX5600FS,DT027,CAT 793,A-185-08-19,47.21,209.55,71.395821,71.395821,238.668832,37.109042,66.930128,0,363757.96,6591854.54,198.84,RIGHT,209.5,323,14/11/2025,00:36:10,00:41:33,2347.858882,EX5600,225,29.0,8.0,34,238.668832,71.395821,63.233841,66.930128,37.109042,3160.761071,8820.904981
A185-001-19,A1850819_200_EN_1,6213415,4213415,EX004,EX5600FS,DT005,CAT 793,A-185-08-19,54.96,199.48,79.668711,79.668711,252.977747,38.605052,72.395612,0,363759.8,6591852.16,199.59,RIGHT,199.5,413,14/11/2025,00:41:33,00:48:26,2228.52633,EX5600,225,29.0,8.0,34,252.977747,79.668711,62.308372,72.395612,38.605052,2838.667053,8005.041089
A185-001-19,A1850819_200_EN_1,6213416,4213416,EX004,EX5600FS,DT043,CAT 793,A-185-08-19,58.1,204.26,72.212952,72.212952,247.856892,39.536574,79.733769,0,363757.39,6591849.78,198.84,LEFT,204.3,339,14/11/2025,00:48:26,00:54:05,2357.535666,EX5600,225,29.0,8.0,34,247.856892,72.212952,56.373596,79.733769,39.536574,2966.769812,8366.29087
A185-001-19,A1850819_200_EN_1,6213417,4213417,EX004,EX5600FS,DT013,CAT 793,A-185-08-19,51.24,187.77,65.124832,65.124832,235.547207,45.044395,71.712126,0,363759.05,6591854.82,198.92,LEFT,187.8,330,14/11/2025,00:54:05,00:59:35,2350.847697,EX5600,225,29.0,8.0,34,235.547207,65.124832,53.665854,71.712126,45.044395,2869.844887,7684.819768
A185-001-19,A1850819_200_EN_1,6213418,4213418,EX004,EX5600FS,DT068,HIT EH5000,A-185-08-19,38.18,205.8,90.410489,90.410489,262.134331,43.658212,80.666737,0,363763.29,6591853.69,199.17,RIGHT,205.8,366,14/11/2025,00:59:35,01:05:41,2230.420625,EX5600,250,29.0,8.0,34,262.134331,90.410489,47.398893,80.666737,43.658212,2826.301255,7970.169538
A185-001-19,A1850819_200_EN_2,6213419,4213419,EX004,EX5600FS,DT071,HIT EH5000,A-185-08-19,36.55,191.49,98.181254,98.181254,270.684206,36.904151,82.444691,0,363714.45,6591864.46,198.51,LEFT,191.5,332,14/11/2025,01:05:41,01:11:13,1976.03232,EX5600,250,29.0,8.0,34,270.684206,98.181254,53.154109,82.444691,36.904151,2546.802045,6570.455536
A185-001-19,A1850819_200_EN_2,6213420,4213420,EX004,EX5600FS,DT010,CAT 793,A-185-08-19,41.18,184.21,108.076355,108.076355,262.039281,42.06506,58.546243,0,363720.74,6591862.32,198.77,RIGHT,184.2,500,14/11/2025,01:11:13,01:19:33,2002.328371,EX5600,225,29.0,8.0,34,262.039281,108.076355,53.351624,58.546243,42.06506,2530.811855,6713.493054
A185-001-19,A1850819_200_EN_2,6213421,4213421,EX004,EX5600FS,DT027,CAT 793,A-185-08-19,51.54,198.08,94.114583,94.114583,261.094783,35.490693,77.954911,0,363713.7,6591863.55,198.84,STRAIGHT,198.1,363,14/11/2025,01:19:33,01:25:36,2084.154266,EX5600,225,29.0,8.0,34,261.094783,94.114583,53.534596,77.954911,35.490693,2731.145546,7060.4235
A185-001-19,A1850819_200_EN_2,6213422,4213422,EX004,EX5600FS,DT007,CAT 793,A-185-08-19,47.44,201.67,88.197004,88.197004,266.354541,45.332919,72.693407,0,363718.65,6591861.62,199.57,RIGHT,201.7,396,14/11/2025,01:25:36,01:32:12,2272.415022,EX5600,225,29.0,8.0,34,266.354541,88.197004,60.131212,72.693407,45.332919,2725.696132,7402.23278
A185-001-19,A1850819_200_EN_2,6213423,4213423,EX004,EX5600FS,DT038,CAT 793,A-185-08-19,49.31,187.67,98.196695,98.196695,271.774361,40.87275,68.914794,0,363718.17,6591867.08,199.77,RIGHT,187.7,467,14/11/2025,01:32:12,01:39:59,1946.309265,EX5600,225,29.0,8.0,34,271.774361,98.196695,63.790122,68.914794,40.87275,2485.951887,6715.381011
A185-001-19,A1850819_200_EN_2,6213424,4213424,EX004,EX5600FS,DT040,CAT 793,A-185-08-19,47.31,204.51,98.024409,98.024409,295.910411,45.674383,86.384692,0,363712.97,6591865.94,199.57,STRAIGHT,204.5,396,14/11/2025,01:39:59,01:46:35,1997.557601,EX5600,225,29.0,8.0,34,295.910411,98.024409,65.826927,86.384692,45.674383,2488.072131,6343.609073
A185-001-19,A1850819_200_EN_2,6213425,4213425,EX004,EX5600FS,DT028,CAT 793,A-185-08-19,47.91,192.57,98.191541,98.191541,252.566711,34.253692,76.09926,0,363710.46,6591860.28,198.46,LEFT,192.6,407,14/11/2025,01:46:35,01:53:22,2063.137694,EX5600,225,29.0,8.0,34,252.566711,98.191541,44.022218,76.09926,34.253692,2744.871318,7175.3968
A185-001-19,A1850819_200_EN_2,6213426,4213426,EX004,EX5600FS,DT016,CAT 793,A-185-08-19,46.46,198.15,104.015494,104.015494,279.642651,41.340505,80.230058,0,363716.7,6591861.27,198.92,STRAIGHT,198.2,470,14/11/2025,01:53:22,02:01:12,1979.706126,EX5600,225,29.0,8.0,34,279.642651,104.015494,54.056594,80.230058,41.340505,2550.899147,6967.550459
A185-001-19,A1850819_200_EN_2,6213427,4213427,EX004,EX5600FS,DT020,CAT 793,A-185-08-19,41.06,198.87,106.470279,106.470279,286.236004,42.634651,84.727583,0,363715.42,6591867.84,199.79,RIGHT,198.9,504,14/11/2025,02:01:12,02:09:36,1914.543107,EX5600,225,29.0,8.0,34,286.236004,106.470279,52.403491,84.727583,42.634651,2501.157246,6397.434876
A185-001-19,A1850819_200_EN_2,6213428,4213428,EX004,EX5600FS,DT016,CAT 793,A-185-08-19,44.94,198.14,94.221224,94.221224,252.4369,42.255286,75.762693,0,363716.45,6591866.69,199.3,LEFT,198.1,388,14/11/2025,02:09:36,02:16:04,2079.180997,EX5600,225,29.0,8.0,34,252.4369,94.221224,40.197697,75.762693,42.255286,2825.622472,7634.549278
A185-001-19,A1850819_200_EN_2,6213429,4213429,EX004,EX5600FS,DT054,HIT EH5000,A-185-08-19,55.52,189.46,98.696908,98.696908,263.02869,33.885193,76.757185,0,363715.91,6591868.08,199.33,STRAIGHT,189.5,414,14/11/2025,02:16:04,02:22:58,2064.115233,EX5600,250,29.0,8.0,34,263.02869,98.696908,53.689404,76.757185,33.885193,2593.113591,6843.423335
A185-001-19,A1850819_200_EN_1,6213430,4213430,EX004,EX5600FS,DT058,HIT EH5000,A-185-08-19,55.3,204.76,98.613854,98.613854,256.832239,37.419374,69.818427,0,363767.32,6591847.47,198.87,STRAIGHT,204.8,434,14/11/2025,02:22:58,02:30:12,2276.368326,EX5600,250,29.0,8.0,34,256.832239,98.613854,50.980582,69.818427,37.419374,2870.096564,8033.119717
A185-001-19,A1850819_200_EN_1,6213431,4213431,EX004,EX5600FS,DT001,CAT 793,A-185-08-19,43.99,194.32,109.191098,109.191098,283.073013,45.891092,80.516366,0,363765.79,6591848.11,199.26,RIGHT,194.3,395,14/11/2025,02:30:12,02:36:47,1967.010882,EX5600,225,29.0,8.0,34,283.073013,109.191098,47.474456,80.516366,45.891092,2471.252305,6844.245697
A185-001-19,A1850819_200_EN_1,6213432,4213432,EX004,EX5600FS,DT011,CAT 793,A-185-08-19,48.58,189.99,90.562256,90.562256,247.795362,32.540003,70.226361,0,363767.59,6591851.26,199.0,LEFT,190.0,392,14/11/2025,02:36:47,02:43:19,2257.771062,EX5600,225,29.0,8.0,34,247.795362,90.562256,54.466743,70.226361,32.540003,2760.17877,7428.157245
A185-001-19,A1850819_200_EN_1,6213433,4213433,EX004,EX5600FS,DT036,CAT 793,A-185-08-19,54.01,209.11,87.957595,87.957595,267.238656,43.28444,80.112643,0,363765.09,6591850.9,198.65,LEFT,209.1,433,14/11/2025,02:43:19,02:50:32,2221.150362,EX5600,225,29.0,8.0,34,267.238656,87.957595,55.883979,80.112643,43.28444,2816.964241,7677.778317
A185-001-19,A1850819_200_EN_1,6213434,4213434,EX004,EX5600FS,DT018,CAT 793,A-185-08-19,61.21,212.61,93.123483,93.123483,262.809385,44.573028,73.593419,0,363765.15,6591849.4,198.89,STRAIGHT,212.6,661,14/11/2025,02:50:32,03:01:33,2258.623795,EX5600,225,29.0,8.0,34,262.809385,93.123483,51.519456,73.593419,44.573028,2912.402522,8138.16529
A185-001-19,A1850819_200_EN_1,6213435,4213435,EX004,EX5600FS,DT028,CAT 793,A-185-08-19,42.83,209.13,95.618327,95.618327,241.838537,34.252119,64.211646,0,363764.93,6591850.85,199.82,STRAIGHT,209.1,407,14/11/2025,03:01:33,03:08:20,2454.070314,EX5600,225,29.0,8.0,34,241.838537,95.618327,47.756444,64.211646,34.252119,3113.041028,8580.665274
A185-001-19,A1850819_200_EN_1,6213436,4213436,EX004,EX5600FS,DT003,CAT 793,A-185-08-19,46.15,208.95,81.092119,81.092119,229.867972,39.316223,70.804091,0,363763.81,6591848.9,199.1,STRAIGHT,209.0,330,14/11/2025,03:08:20,03:13:50,2826.489142,EX5600,225,29.0,8.0,34,229.867972,81.092119,38.655539,70.804091,39.316223,3272.461708,9058.876456
A185-001-19,A1850819_200_EN_1,6213437,4213437,EX004,EX5600FS,DT025,CAT 793,A-185-08-19,47.65,208.47,89.833155,89.833155,247.967229,39.575773,63.808661,0,363768.37,6591848.16,199.96,STRAIGHT,208.5,409,14/11/2025,03:13:50,03:20:39,2420.067485,EX5600,225,29.0,8.0,34,247.967229,89.833155,54.749639,63.808661,39.575773,3026.511506,8255.649867
A185-001-19,A1850819_200_EN_1,6213438,4213438,EX004,EX5600FS,DT002,CAT 793,A-185-08-19,58.02,208.46,88.274862,88.274862,256.19057,32.776033,80.848493,0,363767.48,6591848.64,199.49,LEFT,208.5,390,14/11/2025,03:20:39,03:27:09,2299.948196,EX5600,225,29.0,8.0,34,256.19057,88.274862,54.291182,80.848493,32.776033,2929.275681,7638.919704
A185-001-19,A1850819_200_EN_1,6213439,4213439,EX004,EX5600FS,DT086,HIT EH5000,A-185-08-19,55.9,211.76,95.911708,95.911708,287.573135,48.554287,83.219056,0,363764.49,6591848.28,199.85,LEFT,211.8,433,14/11/2025,03:27:09,03:34:22,1974.003893,EX5600,250,29.0,8.0,34,287.573135,95.911708,59.888084,83.219056,48.554287,2650.939258,7385.072536
A185-001-19,A1850819_200_EN_2,6213440,4213440,EX004,EX5600FS,DT032,CAT 793,A-185-08-19,48.65,186.85,86.08564,86.08564,243.040475,39.038985,63.997471,0,363724.69,6591859.86,199.22,RIGHT,186.9,386,14/11/2025,03:34:22,03:40:48,2131.026996,EX5600,225,29.0,8.0,34,243.040475,86.08564,53.918378,63.997471,39.038985,2767.710369,7722.975673
A185-001-19,A1850819_200_EN_2,6213441,4213441,EX004,EX5600FS,DT068,HIT EH5000,A-185-08-19,42.44,191.59,88.25465,88.25465,263.346986,44.347285,68.356854,0,363725.22,6591861.73,198.5,RIGHT,191.6,306,14/11/2025,03:40:48,03:45:54,2106.837537,EX5600,250,29.0,8.0,34,263.346986,88.25465,62.388197,68.356854,44.347285,2619.095875,7258.311325
A185-001-19,A1850819_200_EN_2,6213442,4213442,EX004,EX5600FS,DT042,CAT 793,A-185-08-19,42.33,194.15,94.103638,94.103638,268.123719,41.505616,72.753196,0,363719.31,6591858.68,198.63,LEFT,194.1,488,14/11/2025,03:45:54,03:54:02,2035.335009,EX5600,225,29.0,8.0,34,268.123719,94.103638,59.76127,72.753196,41.505616,2606.757961,7253.825218
A185-001-19,A1850819_200_EN_2,6213443,4213443,EX004,EX5600FS,DT005,CAT 793,A-185-08-19,54.09,197.91,85.975774,85.975774,257.509509,39.769613,81.200485,0,363722.53,6591860.24,199.15,RIGHT,197.9,363,14/11/2025,03:54:02,04:00:05,2091.022204,EX5600,225,29.0,8.0,34,257.509509,85.975774,50.563637,81.200485,39.769613,2766.853704,7627.699539
A185-001-19,A1850819_200_EN_2,6213444,4213444,EX004,EX5600FS,DT068,HIT EH5000,A-185-08-19,40.98,192.61,94.727913,94.727913,257.74131,31.936709,74.908023,0,363724.49,6591857.55,199.53,RIGHT,192.6,438,14/11/2025,04:00:05,04:07:23,2223.840487,EX5600,250,29.0,8.0,34,257.74131,94.727913,56.168665,74.908023,31.936709,2690.327278,7450.212862
A185-001-19,A1850819_200_EN_2,6213445,4213445,EX004,EX5600FS,DT039,CAT 793,A-185-08-19,51.42,186.45,90.893566,90.893566,271.044253,37.85065,79.349522,0,363722.28,6591860.24,199.02,STRAIGHT,186.5,457,14/11/2025,04:07:23,04:15:00,1881.704242,EX5600,225,29.0,8.0,34,271.044253,90.893566,62.950515,79.349522,37.85065,2476.429715,6946.857404
A185-001-19,A1850819_200_EN_2,6213446,4213446,EX004,EX5600FS,DT029,CAT 793,A-185-08-19,35.57,190.61,89.099496,89.099496,275.397521,47.261889,79.137523,0,363724.38,6591863.82,199.71,RIGHT,190.6,481,14/11/2025,04:15:00,04:23:01,1993.428903,EX5600,225,29.0,8.0,34,275.397521,89.099496,59.898614,79.137523,47.261889,2491.721574,6701.043778
A185-001-19,A1850819_200_EN_2,6213447,4213447,EX004,EX5600FS,DT033,CAT 793,A-185-08-19,48.79,188.67,101.657268,101.657268,270.383726,38.151174,71.761355,0,363727.62,6591860.83,198.2,RIGHT,188.7,404,14/11/2025,04:23:01,04:29:45,2065.348652,EX5600,225,29.0,8.0,34,270.383726,101.657268,58.81393,71.761355,38.151174,2512.065845,6803.918057
A185-001-19,A1850819_200_EN_2,6213448,4213448,EX004,EX5600FS,DT057,HIT EH5000,A-185-08-19,47.73,170.94,99.411206,99.411206,279.707939,43.272604,81.549088,0,363723.33,6591862.39,199.76,LEFT,170.9,470,14/11/2025,04:29:45,04:37:35,1753.266914,EX5600,250,29.0,8.0,34,279.707939,99.411206,55.475041,81.549088,43.272604,2200.086774,5823.122136
A185-001-19,A1850819_200_EN_2,6213449,4213449,EX004,EX5600FS,DT003,CAT 793,A-185-08-19,40.38,181.12,88.110261,88.110261,245.478216,29.393751,79.131738,0,363723.19,6591864.28,199.93,LEFT,181.1,392,14/11/2025,04:37:35,04:44:07,2114.450337,EX5600,225,29.0,8.0,34,245.478216,88.110261,48.842465,79.131738,29.393751,2656.129273,7291.120166
A185-001-19,A1850819_200_EN_2,6213450,4213450,EX004,EX5600FS,DT031,CAT 793,A-185-08-19,55.04,202.88,83.996251,83.996251,263.109662,42.275347,74.337287,0,363723.64,6591860.64,199.58,STRAIGHT,202.9,452,14/11/2025,04:44:07,04:51:39,2113.283662,EX5600,225,29.0,8.0,34,263.109662,83.996251,62.500777,74.337287,42.275347,2775.903409,7542.296187
A185-001-19,A1850819_200_EN_2,6213451,4213451,EX004,EX5600FS,DT055,HIT EH5000,A-185-08-19,47.19,186.02,88.340207,88.340207,261.934964,44.903897,79.215694,0,363723.0,6591866.01,198.67,RIGHT,186.0,387,14/11/2025,04:51:39,04:58:06,1974.267729,EX5600,250,29.0,8.0,34,261.934964,88.340207,49.475166,79.215694,44.903897,2556.64722,6794.972921
A185-001-19,A1850819_200_EN_2,6213452,4213452,EX004,EX5600FS,DT077,HIT EH5000,A-185-08-19,41.24,190.88,103.849302,103.849302,276.573993,42.038067,80.016146,0,363724.99,6591863.75,199.65,RIGHT,190.9,454,14/11/2025,04:58:06,05:05:40,1915.596423,EX5600,250,29.0,8.0,34,276.573993,103.849302,50.670478,80.016146,42.038067,2484.634992,6818.255104
A185-001-19,A1850819_200_EN_2,6213453,4213453,EX004,EX5600FS,DT023,CAT 793,A-185-08-19,38.14,184.7,90.3492,90.3492,266.447637,45.042889,79.291956,0,363727.77,6591858.18,199.08,STRAIGHT,184.7,572,14/11/2025,05:05:40,05:15:12,2065.209122,EX5600,225,29.0,8.0,34,266.447637,90.3492,51.763591,79.291956,45.042889,2495.439358,6758.318106
A185-001-19,A1850819_200_EN_2,6213454,4213454,EX004,EX5600FS,DT034,CAT 793,A-185-08-19,43.62,183.96,77.41634,77.41634,242.447258,42.306618,72.115002,0,363732.01,6591859.84,198.94,RIGHT,184.0,431,14/11/2025,05:15:12,05:22:23,2096.272597,EX5600,225,29.0,8.0,34,242.447258,77.41634,50.609299,72.115002,42.306618,2731.585304,7607.560409
A185-001-19,A1850819_200_EN_2,6213455,4213455,EX004,EX5600FS,DT068,HIT EH5000,A-185-08-19,44.77,183.25,92.868747,92.868747,248.843158,32.015924,70.37597,0,363731.04,6591858.83,199.35,STRAIGHT,183.3,395,14/11/2025,05:22:23,05:28:58,2137.764168,EX5600,250,29.0,8.0,34,248.843158,92.868747,53.582517,70.37597,32.015924,2651.105074,7015.603057
A185-001-19,A1850819_200_EN_2,6213456,4213456,EX004,EX5600FS,DT041,CAT 793,A-185-08-19,46.76,185.7,80.126744,80.126744,260.987905,43.149966,80.832523,0,363731.02,6591859.22,198.97,STRAIGHT,185.7,390,14/11/2025,05:28:58,05:35:28,2026.27747,EX5600,225,29.0,8.0,34,260.987905,80.126744,56.878672,80.832523,43.149966,2561.520137,7124.814006
A185-001-19,A1850819_200_EN_2,6213457,4213457,EX004,EX5600FS,DT002,CAT 793,A-185-08-19,42.22,185.92,94.597564,94.597564,284.451551,46.004401,84.356154,0,363732.04,6591857.92,199.61,STRAIGHT,185.9,350,14/11/2025,05:35:28,05:41:18,1849.472554,EX5600,225,29.0,8.0,34,284.451551,94.597564,59.493433,84.356154,46.004401,2353.022078,6428.159989
A185-001-19,A1850819_200_EN_2,6213458,4213458,EX004,EX5600FS,DT009,CAT 793,A-185-08-19,38.42,188.52,87.24152,87.24152,253.975832,38.364845,75.165766,0,363732.69,6591852.65,199.91,STRAIGHT,188.5,480,14/11/2025,05:41:18,05:49:18,1933.681766,EX5600,225,29.0,8.0,34,253.975832,87.24152,53.203701,75.165766,38.364845,2672.124731,7138.892861
A185-001-19,A1850819_200_EN_2,6213459,4213459,EX004,EX5600FS,DT040,CAT 793,A-185-08-19,45.0,197.51,106.806423,106.806423,282.854426,39.556694,77.571657,0,363730.11,6591857.39,199.29,LEFT,197.5,453,14/11/2025,05:49:18,05:56:51,2022.093759,EX5600,225,29.0,8.0,34,282.854426,106.806423,58.919652,77.571657,39.556694,2513.850724,6936.222731
A185-001-19,A1850819_200_EN_2,6213460,4213460,EX004,EX5600FS,DT023,CAT 793,A-185-08-19,39.89,201.89,85.588799,85.588799,255.512912,43.102258,74.320665,0,363730.12,6591856.83,200.12,STRAIGHT,201.9,413,14/11/2025,05:56:51,06:03:44,2405.750447,EX5600,225,29.0,8.0,34,255.512912,85.588799,52.501189,74.320665,43.102258,2844.461547,7825.20638
A185-001-19,A1850819_200_EN_2,6213461,4213461,EX004,EX5600FS,DT079,HIT EH5000,A-185-08-19,46.1,195.43,97.340891,97.340891,258.879155,46.155308,69.794556,0,363728.95,6591857.73,198.16,RIGHT,195.4,453,14/11/2025,06:03:44,06:11:17,2114.59282,EX5600,250,29.0,8.0,34,258.879155,97.340891,45.5884,69.794556,46.155308,2717.612925,7663.668447
A185-001-19,A1850819_200_EN_2,6213462,4213462,EX004,EX5600FS,DT040,CAT 793,A-185-08-19,40.84,192.14,81.787679,81.787679,253.052639,42.495817,72.442709,0,363728.81,6591856.33,200.12,STRAIGHT,192.1,389,14/11/2025,06:11:17,06:17:46,2047.111287,EX5600,225,29.0,8.0,34,253.052639,81.787679,56.326434,72.442709,42.495817,2733.449517,7365.137067
A185-001-19,A1850819_200_EN_2,6213463,4213463,EX004,EX5600FS,DT076,HIT EH5000,A-185-08-19,53.96,175.23,83.011354,83.011354,231.927638,31.693262,65.167814,0,363731.64,6591856.85,199.26,RIGHT,175.2,285,14/11/2025,06:17:46,06:22:31,2108.650596,EX5600,250,29.0,8.0,34,231.927638,83.011354,52.055208,65.167814,31.693262,2720.004411,7244.610923
A185-001-19,A1850819_200_EN_2,6213464,4213464,EX004,EX5600FS,DT006,CAT 793,A-185-08-19,43.95,188.09,96.280535,96.280535,265.989714,42.986035,72.968983,0,363733.18,6591856.06,198.26,STRAIGHT,188.1,380,14/11/2025,06:22:31,06:28:51,2081.319376,EX5600,225,29.0,8.0,34,265.989714,96.280535,53.754161,72.968983,42.986035,2545.670802,7178.791662
A185-001-19,A1850819_200_EN_1,6213465,4213465,EX004,EX5600FS,DT018,CAT 793,A-185-08-19,53.94,191.84,76.164896,76.164896,261.292497,43.840838,85.717204,0,363739.48,6591851.14,198.3,LEFT,191.8,464,14/11/2025,06:28:51,06:36:35,2036.392692,EX5600,225,29.0,8.0,34,261.292497,76.164896,55.569559,85.717204,43.840838,2643.073835,7453.468215
A185-001-19,A1850819_200_EN_1,6213466,4213466,EX004,EX5600FS,DT005,CAT 793,A-185-08-19,58.37,199.53,86.40351,86.40351,263.125741,37.135451,82.488144,0,363735.5,6591858.1,198.31,RIGHT,199.5,414,14/11/2025,06:36:35,06:43:29,2174.509763,EX5600,225,29.0,8.0,34,263.125741,86.40351,57.098636,82.488144,37.135451,2729.846859,7226.258173
A185-001-19,A1850819_200_EN_1,6213467,4213467,EX004,EX5600FS,DT065,HIT EH5000,A-185-08-19,42.41,191.36,79.558062,79.558062,226.031707,38.601878,62.338692,0,363740.24,6591855.55,198.83,LEFT,191.4,303,14/11/2025,06:43:29,06:48:32,2473.284148,EX5600,250,29.0,8.0,34,226.031707,79.558062,45.533076,62.338692,38.601878,3047.726345,8052.716751
A185-001-19,A1850819_200_EN_1,6213468,4213468,EX004,EX5600FS,DT012,CAT 793,A-185-08-19,39.77,215.97,81.862868,81.862868,256.588507,36.414151,80.999406,0,363738.03,6591856.5,199.76,RIGHT,216.0,432,14/11/2025,06:48:32,06:55:44,2400.855254,EX5600,225,29.0,8.0,34,256.588507,81.862868,57.312083,80.999406,36.414151,3030.128673,8467.303427
A185-001-19,A1850819_200_EN_1,6213469,4213469,EX004,EX5600FS,DT043,CAT 793,A-185-08-19,64.53,211.09,83.618372,83.618372,237.781387,40.232147,67.318749,0,363736.67,6591854.59,198.14,LEFT,211.1,409,14/11/2025,06:55:44,07:02:33,2474.912418,EX5600,225,29.0,8.0,34,237.781387,83.618372,46.612119,67.318749,40.232147,3195.933406,8998.674478
A185-001-19,A1850819_200_EN_1,6213470,4213470,EX004,EX5600FS,DT020,CAT 793,A-185-08-19,62.1,216.76,77.731539,77.731539,245.035046,41.201825,68.567032,0,363740.65,6591853.3,198.72,STRAIGHT,216.8,406,14/11/2025,07:02:33,07:09:19,2539.810137,EX5600,225,29.0,8.0,34,245.035046,77.731539,57.53465,68.567032,41.201825,3184.546285,8411.524791
A185-001-19,A1850819_200_EN_1,6213471,4213471,EX004,EX5600FS,DT085,HIT EH5000,A-185-08-19,41.96,210.85,79.466917,79.466917,263.647166,41.25619,91.798551,0,363741.47,6591855.18,199.22,LEFT,210.8,373,14/11/2025,07:09:19,07:15:32,2414.481213,EX5600,250,29.0,8.0,34,263.647166,79.466917,51.125508,91.798551,41.25619,2879.009628,7838.070736
A185-001-19,A1850819_200_EN_1,6213472,4213472,EX004,EX5600FS,DT059,HIT EH5000,A-185-08-19,43.64,204.66,90.019277,90.019277,260.944965,42.145346,76.906726,0,363739.46,6591855.99,199.34,STRAIGHT,204.7,445,14/11/2025,07:15:32,07:22:57,2021.753653,EX5600,250,29.0,8.0,34,260.944965,90.019277,51.873615,76.906726,42.145346,2823.530996,7939.69786
A185-001-19,A1850819_200_EN_1,6213473,4213473,EX004,EX5600FS,DT051,HIT EH5000,A-185-08-19,45.98,193.6,82.827704,82.827704,262.064651,43.984287,77.923277,0,363736.19,6591859.1,198.47,RIGHT,193.6,459,14/11/2025,07:22:57,07:30:36,2169.785639,EX5600,250,29.0,8.0,34,262.064651,82.827704,57.329382,77.923277,43.984287,2659.526951,7450.387723
A185-001-19,A1850819_200_EN_1,6213474,4213474,EX004,EX5600FS,DT048,HIT EH5000,A-185-08-19,59.65,201.65,80.401056,80.401056,242.517448,38.945025,72.31444,0,363737.53,6591854.76,199.66,LEFT,201.7,344,14/11/2025,07:30:36,07:36:20,2480.737687,EX5600,250,29.0,8.0,34,242.517448,80.401056,50.856927,72.31444,38.945025,2993.354607,8341.3029
A185-001-19,A1850819_200_EN_1,6213475,4213475,EX004,EX5600FS,DT037,CAT 793,A-185-08-19,51.12,207.51,72.658846,72.658846,247.418406,41.158047,75.230134,0,363739.12,6591852.44,198.42,RIGHT,207.5,404,14/11/2025,07:36:20,07:43:04,2420.544843,EX5600,225,29.0,8.0,34,247.418406,72.658846,58.371378,75.230134,41.158047,3019.365867,8088.152154
A185-001-19,A1850819_200_EN_1,6213476,4213476,EX004,EX5600FS,DT015,CAT 793,A-185-08-19,36.69,181.12,85.840798,85.840798,250.571798,37.270744,73.936386,0,363748.86,6591850.96,198.75,STRAIGHT,181.1,375,14/11/2025,07:43:04,07:49:19,1833.071193,EX5600,225,29.0,8.0,34,250.571798,85.840798,53.52387,73.936386,37.270744,2602.117938,7337.972585
A185-001-19,A1850819_200_EN_1,6213477,4213477,EX004,EX5600FS,DT007,CAT 793,A-185-08-19,43.49,195.38,67.001437,67.001437,239.750615,39.488293,72.49089,0,363746.93,6591854.99,199.6,RIGHT,195.4,434,14/11/2025,07:49:19,07:56:33,2352.017986,EX5600,225,29.0,8.0,34,239.750615,67.001437,60.769994,72.49089,39.488293,2933.767018,8029.997507
A185-001-19,A1850819_200_EN_1,6213478,4213478,EX004,EX5600FS,DT076,HIT EH5000,A-185-08-19,56.32,168.97,68.050894,68.050894,237.182108,39.525093,71.822519,0,363747.41,6591852.56,198.03,RIGHT,169.0,396,14/11/2025,07:56:33,08:03:09,2115.470975,EX5600,250,29.0,8.0,34,237.182108,68.050894,57.783602,71.822519,39.525093,2564.673636,7232.379654
A185-001-19,A1850819_200_EN_1,6213479,4213479,EX004,EX5600FS,DT054,HIT EH5000,A-185-08-19,35.39,180.22,87.460749,87.460749,243.06761,40.804489,64.787225,0,363748.32,6591851.03,199.73,RIGHT,180.2,363,14/11/2025,08:03:09,08:09:12,2059.22949,EX5600,250,29.0,8.0,34,243.06761,87.460749,50.015147,64.787225,40.804489,2669.247199,7527.277102
A185-001-19,A1850819_200_EN_1,6213480,4213480,EX004,EX5600FS,DT057,HIT EH5000,A-185-08-19,46.26,185.08,77.497932,77.497932,248.681022,49.406137,64.964456,0,363742.81,6591853.35,199.19,STRAIGHT,185.1,430,14/11/2025,08:09:12,08:16:22,2106.884912,EX5600,250,29.0,8.0,34,248.681022,77.497932,56.812497,64.964456,49.406137,2679.215725,7505.615154
A185-001-19,A1850819_200_EN_1,6213481,4213481,EX004,EX5600FS,DT046,CAT 793,A-185-08-19,51.95,179.7,78.791249,78.791249,251.968915,42.300536,82.085127,0,363745.26,6591852.51,198.4,STRAIGHT,179.7,421,14/11/2025,08:16:22,08:23:23,2004.166186,EX5600,225,29.0,8.0,34,251.968915,78.791249,48.792003,82.085127,42.300536,2567.526153,7211.347222
A185-001-19,A1850819_200_EN_1,6213482,4213482,EX004,EX5600FS,DT026,CAT 793,A-185-08-19,45.3,200.99,82.945553,82.945553,244.077112,43.887473,72.711707,0,363747.29,6591848.81,199.38,STRAIGHT,201.0,431,14/11/2025,08:23:23,08:30:34,2294.89105,EX5600,225,29.0,8.0,34,244.077112,82.945553,44.532379,72.711707,43.887473,2964.515056,8359.932458
A185-001-19,A1850819_200_EN_1,6213483,4213483,EX004,EX5600FS,DT042,CAT 793,A-185-08-19,40.92,204.5,82.00316,82.00316,243.859797,37.054648,72.780431,0,363744.33,6591857.51,199.39,STRAIGHT,204.5,380,14/11/2025,08:30:34,08:36:54,2311.423221,EX5600,225,29.0,8.0,34,243.859797,82.00316,52.021559,72.780431,37.054648,3019.021101,8291.647254
A185-001-19,A1850819_200_EN_1,6213484,4213484,EX004,EX5600FS,DT022,CAT 793,A-185-08-19,65.62,209.6,87.18133,87.18133,257.851234,39.6672,68.359543,0,363746.71,6591848.35,199.13,LEFT,209.6,505,14/11/2025,08:36:54,08:45:19,2435.452391,EX5600,225,29.0,8.0,34,257.851234,87.18133,62.64316,68.359543,39.6672,2926.315005,8013.7025
A185-001-19,A1850819_200_EN_1,6213485,4213485,EX004,EX5600FS,DT079,HIT EH5000,A-185-08-19,54.85,229.73,80.340063,80.340063,244.014707,31.10204,77.365957,0,363744.63,6591851.5,200.04,STRAIGHT,229.7,338,14/11/2025,08:45:19,08:50:57,2434.548812,EX5600,250,29.0,8.0,34,244.014707,80.340063,55.206647,77.365957,31.10204,3389.193897,9153.052614
A185-001-19,A1850819_200_EN_1,6213486,4213486,EX004,EX5600FS,DT039,CAT 793,A-185-08-19,47.4,226.41,88.405041,88.405041,255.329223,36.613235,75.896568,0,363745.26,6591853.56,198.89,STRAIGHT,226.4,440,14/11/2025,08:50:57,08:58:17,2362.305952,EX5600,225,29.0,8.0,34,255.329223,88.405041,54.414379,75.896568,36.613235,3192.319831,8935.176412
A185-001-19,A1850819_200_EN_2,6213487,4213487,EX004,EX5600FS,DT003,CAT 793,A-185-08-19,49.6,197.84,99.613923,99.613923,275.907451,41.277592,86.036161,0,363701.82,6591863.94,199.61,LEFT,197.8,439,14/11/2025,08:58:17,09:05:36,1971.097941,EX5600,225,29.0,8.0,34,275.907451,99.613923,48.979775,86.036161,41.277592,2581.428341,6412.659012
A185-001-19,A1850819_200_EN_2,6213488,4213488,EX004,EX5600FS,DT006,CAT 793,A-185-08-19,61.33,191.21,105.418137,105.418137,257.128877,34.865922,68.624118,0,363704.04,6591861.7,199.38,LEFT,191.2,419,14/11/2025,09:05:36,09:12:35,2054.846839,EX5600,225,29.0,8.0,34,257.128877,105.418137,48.220701,68.624118,34.865922,2677.115563,7290.140316
A185-001-19,A1850819_200_EN_2,6213489,4213489,EX004,EX5600FS,DT027,CAT 793,A-185-08-19,48.65,188.17,110.665508,110.665508,275.008325,37.336218,75.593425,0,363701.9,6591867.08,199.53,RIGHT,188.2,434,14/11/2025,09:12:35,09:19:49,1849.787761,EX5600,225,29.0,8.0,34,275.008325,110.665508,51.413174,75.593425,37.336218,2463.281808,6139.154197
A185-001-19,A1850819_200_EN_2,6213490,4213490,EX004,EX5600FS,DT031,CAT 793,A-185-08-19,38.62,185.34,106.56646,106.56646,279.518258,42.272872,74.397164,0,363702.58,6591864.73,198.92,LEFT,185.3,436,14/11/2025,09:19:49,09:27:05,1863.400563,EX5600,225,29.0,8.0,34,279.518258,106.56646,56.281762,74.397164,42.272872,2387.019188,5802.351887
A185-001-19,A1850819_200_EN_2,6213491,4213491,EX004,EX5600FS,DT029,CAT 793,A-185-08-19,44.95,184.78,117.504532,117.504532,290.824369,43.458542,82.841561,0,363701.66,6591865.89,199.67,STRAIGHT,184.8,388,14/11/2025,09:27:05,09:33:33,1824.333182,EX5600,225,29.0,8.0,34,290.824369,117.504532,47.019733,82.841561,43.458542,2287.355048,5968.804008
A185-001-19,A1850819_200_EN_2,6213492,4213492,EX004,EX5600FS,DT078,HIT EH5000,A-185-08-19,40.32,194.49,100.921653,100.921653,271.617754,41.582219,73.890225,0,363704.86,6591863.19,199.51,STRAIGHT,194.5,348,14/11/2025,09:33:33,09:39:21,1978.170976,EX5600,250,29.0,8.0,34,271.617754,100.921653,55.223657,73.890225,41.582219,2577.757833,6556.99125
A185-001-19,A1850819_200_EN_2,6213493,4213493,EX004,EX5600FS,DT061,HIT EH5000,A-185-08-19,63.08,197.74,105.462749,105.462749,281.90245,35.368545,85.223068,0,363702.22,6591861.94,199.35,STRAIGHT,197.7,459,14/11/2025,09:39:21,09:47:00,2242.037899,EX5600,250,29.0,8.0,34,281.90245,105.462749,55.848088,85.223068,35.368545,2525.236355,6341.610649
A185-001-19,A1850819_200_EN_2,6213494,4213494,EX004,EX5600FS,DT004,CAT 793,A-185-08-19,60.49,194.0,99.131856,99.131856,275.222258,47.249117,72.351047,0,363699.82,6591863.66,199.08,RIGHT,194.0,460,14/11/2025,09:47:00,09:54:40,1911.118953,EX5600,225,29.0,8.0,34,275.222258,99.131856,56.490239,72.351047,47.249117,2537.550349,6587.831599
A185-001-19,A1850819_200_EN_2,6213495,4213495,EX004,EX5600FS,DT010,CAT 793,A-185-08-19,51.19,191.98,108.297833,108.297833,290.450733,46.874828,83.697127,0,363702.53,6591863.19,198.42,STRAIGHT,192.0,452,14/11/2025,09:54:40,10:02:12,1944.986512,EX5600,225,29.0,8.0,34,290.450733,108.297833,51.580945,83.697127,46.874828,2379.45253,6254.165714
A185-001-19,A1850819_200_EN_2,6213496,4213496,EX004,EX5600FS,DT059,HIT EH5000,A-185-08-19,54.71,197.43,123.312128,123.312128,273.59914,40.265071,61.322634,0,363703.74,6591866.74,199.43,LEFT,197.4,486,14/11/2025,10:02:12,10:10:18,2128.364437,EX5600,250,29.0,8.0,34,273.59914,123.312128,48.699307,61.322634,40.265071,2597.79937,6558.125374
A185-001-19,A1850819_200_EN_2,6213497,4213497,EX004,EX5600FS,DT033,CAT 793,A-185-08-19,45.4,174.94,92.009086,92.009086,281.403542,48.975576,80.308955,0,363703.15,6591862.47,198.8,LEFT,174.9,425,14/11/2025,10:10:18,10:17:23,1803.74236,EX5600,225,29.0,8.0,34,281.403542,92.009086,60.109925,80.308955,48.975576,2238.013417,6041.335887
A185-001-19,A1850819_200_EN_2,6213498,4213498,EX004,EX5600FS,DT001,CAT 793,A-185-08-19,41.69,180.4,108.251138,108.251138,295.421709,38.352658,86.540364,0,363705.22,6591863.55,198.54,STRAIGHT,180.4,428,14/11/2025,10:17:23,10:24:31,1640.405555,EX5600,225,29.0,8.0,34,295.421709,108.251138,62.277549,86.540364,38.352658,2198.294439,5511.372192
A185-001-19,A1850819_200_EN_1,6213499,4213499,EX004,EX5600FS,DT028,CAT 793,A-185-08-19,44.84,182.26,95.328481,95.328481,281.797519,43.945802,76.314287,0,363755.45,6591847.75,198.89,STRAIGHT,182.3,440,14/11/2025,10:24:31,10:31:51,1808.537282,EX5600,225,29.0,8.0,34,281.797519,95.328481,66.208949,76.314287,43.945802,2328.347213,6407.835906
A185-001-19,A1850819_200_EN_1,6213500,4213500,EX004,EX5600FS,DT064,HIT EH5000,A-185-08-19,50.06,198.97,84.067695,84.067695,256.565581,43.516418,78.442854,0,363747.77,6591850.38,198.8,RIGHT,199.0,390,14/11/2025,10:31:51,10:38:21,2101.877751,EX5600,250,29.0,8.0,34,256.565581,84.067695,50.538615,78.442854,43.516418,2791.910265,7843.273564
A185-001-19,A1850819_200_EN_1,6213501,4213501,EX004,EX5600FS,DT078,HIT EH5000,A-185-08-19,56.69,185.83,75.629403,75.629403,223.127634,30.733161,70.003741,0,363750.7,6591847.4,199.61,RIGHT,185.8,381,14/11/2025,10:38:21,10:44:42,2638.549673,EX5600,250,29.0,8.0,34,223.127634,75.629403,46.761329,70.003741,30.733161,2998.279784,8348.295406
A185-001-19,A1850819_200_EN_1,6213502,4213502,EX004,EX5600FS,DT025,CAT 793,A-185-08-19,45.92,185.85,93.192656,93.192656,277.378736,47.494448,79.203895,0,363748.59,6591848.64,198.2,RIGHT,185.9,466,14/11/2025,10:44:42,10:52:28,1950.485735,EX5600,225,29.0,8.0,34,277.378736,93.192656,57.487735,79.203895,47.494448,2412.137839,6554.417913
A185-001-19,A1850819_200_EN_1,6213503,4213503,EX004,EX5600FS,DT036,CAT 793,A-185-08-19,57.23,188.62,84.265249,84.265249,241.841378,31.995551,76.538932,0,363752.75,6591849.81,199.37,LEFT,188.6,399,14/11/2025,10:52:28,10:59:07,2307.613696,EX5600,225,29.0,8.0,34,241.841378,84.265249,49.041645,76.538932,31.995551,2807.710649,7917.744029
A185-001-19,A1850819_200_EN_1,6213504,4213504,EX004,EX5600FS,DT003,CAT 793,A-185-08-19,53.06,187.13,85.86462,85.86462,251.238656,43.157035,71.812952,0,363752.4,6591854.27,199.08,RIGHT,187.1,426,14/11/2025,10:59:07,11:06:13,2219.307058,EX5600,225,29.0,8.0,34,251.238656,85.86462,50.404048,71.812952,43.157035,2681.378755,7557.582799
A185-001-19,A1850819_200_EN_1,6213505,4213505,EX004,EX5600FS,DT026,CAT 793,A-185-08-19,43.47,188.04,75.278908,75.278908,246.262344,35.687618,68.63399,0,363752.06,6591850.22,199.56,LEFT,188.0,429,14/11/2025,11:06:13,11:13:22,2085.056415,EX5600,225,29.0,8.0,34,246.262344,75.278908,66.661828,68.63399,35.687618,2748.825785,7751.688713
A185-001-19,A1850819_200_EN_1,6213506,4213506,EX004,EX5600FS,DT042,CAT 793,A-185-08-19,50.04,194.87,86.510795,86.510795,247.600017,43.331286,74.386848,0,363751.41,6591845.59,198.81,STRAIGHT,194.9,430,14/11/2025,11:13:22,11:20:32,2088.481781,EX5600,225,29.0,8.0,34,247.600017,86.510795,43.371087,74.386848,43.331286,2833.307976,7989.928493
A185-001-19,A1850819_200_EN_1,6213507,4213507,EX004,EX5600FS,DT084,HIT EH5000,A-185-08-19,61.5,231.15,94.871469,94.871469,274.337391,47.822044,77.282058,0,363756.08,6591848.05,198.58,LEFT,231.1,422,14/11/2025,11:20:32,11:27:34,2580.577532,EX5600,250,29.0,8.0,34,274.337391,94.871469,54.361821,77.282058,47.822044,3033.208116,8490.985947
A185-001-19,A1850819_200_EN_1,6213508,4213508,EX004,EX5600FS,DT024,CAT 793,A-185-08-19,55.26,216.89,79.89791,79.89791,250.019135,34.272713,76.433224,0,363751.11,6591846.19,199.12,LEFT,216.9,458,14/11/2025,11:27:34,11:35:12,2620.180949,EX5600,225,29.0,8.0,34,250.019135,79.89791,59.415288,76.433224,34.272713,3122.927054,8649.729501
A185-001-19,A1850819_200_EN_1,6213509,4213509,EX004,EX5600FS,DT002,CAT 793,A-185-08-19,43.58,204.21,86.961976,86.961976,246.513046,37.887125,70.206812,0,363753.23,6591850.25,198.73,STRAIGHT,204.2,387,14/11/2025,11:35:12,11:41:39,2067.711674,EX5600,225,29.0,8.0,34,246.513046,86.961976,51.457132,70.206812,37.887125,2982.179308,8409.745648
A185-001-19,A1850819_200_EN_1,6213510,4213510,EX004,EX5600FS,DT046,CAT 793,A-185-08-19,39.34,216.52,90.186257,90.186257,272.398257,42.463036,73.120082,0,363752.03,6591849.64,198.83,RIGHT,216.5,339,14/11/2025,11:41:39,11:47:18,2236.440784,EX5600,225,29.0,8.0,34,272.398257,90.186257,66.628882,73.120082,42.463036,2861.509863,7553.640147
A185-001-19,A1850819_200_EN_2,6213511,4213511,EX004,EX5600FS,DT012,CAT 793,A-185-08-19,44.01,191.11,90.113589,90.113589,240.787441,35.607125,60.541836,0,363710.57,6591860.45,199.0,STRAIGHT,191.1,402,14/11/2025,11:47:18,11:54:00,2266.484951,EX5600,225,29.0,8.0,34,240.787441,90.113589,54.52489,60.541836,35.607125,2857.294688,7731.594133
A185-001-19,A1850819_200_EN_2,6213512,4213512,EX004,EX5600FS,DT088,HIT EH5000,A-185-08-19,42.12,184.88,89.502994,89.502994,268.885984,45.218899,80.877587,0,363712.55,6591861.0,199.17,LEFT,184.9,412,14/11/2025,11:54:00,12:00:52,1840.366861,EX5600,250,29.0,8.0,34,268.885984,89.502994,53.286504,80.877587,45.218899,2475.253949,6652.668831
A185-001-19,A1850819_200_EN_2,6213513,4213513,EX004,EX5600FS,DT022,CAT 793,A-185-08-19,33.44,163.23,107.685982,107.685982,272.675442,44.507148,72.630569,0,363708.49,6591858.18,198.81,LEFT,163.2,413,14/11/2025,12:00:52,12:07:45,1681.800541,EX5600,225,29.0,8.0,34,272.675442,107.685982,47.851743,72.630569,44.507148,2154.98828,5594.440723
A185-001-19,A1850819_200_EN_2,6213514,4213514,EX004,EX5600FS,DT029,CAT 793,A-185-08-19,50.42,176.92,105.383029,105.383029,275.399375,40.045697,73.705337,0,363709.48,6591859.82,199.57,RIGHT,176.9,444,14/11/2025,12:07:45,12:15:09,1764.063356,EX5600,225,29.0,8.0,34,275.399375,105.383029,56.265312,73.705337,40.045697,2312.689173,6158.202178
A185-001-19,A1850819_200_EN_2,6213515,4213515,EX004,EX5600FS,DT024,CAT 793,A-185-08-19,55.89,199.38,108.340891,108.340891,268.864532,38.616357,73.53653,0,363706.02,6591859.72,199.5,RIGHT,199.4,432,14/11/2025,12:15:09,12:22:21,1998.529959,EX5600,225,29.0,8.0,34,268.864532,108.340891,48.370754,73.53653,38.616357,2669.647573,6946.695256
A185-001-19,A1850819_200_EN_2,6213516,4213516,EX004,EX5600FS,DT019,CAT 793,A-185-08-19,54.25,186.32,98.706308,98.706308,264.193685,41.855963,77.264093,0,363705.98,6591856.99,198.25,RIGHT,186.3,403,14/11/2025,12:22:21,12:29:04,2061.84033,EX5600,225,29.0,8.0,34,264.193685,98.706308,46.36732,77.264093,41.855963,2538.9254,6280.135064
A185-001-19,A1850819_200_EN_2,6213517,4213517,EX004,EX5600FS,DT084,HIT EH5000,A-185-08-19,46.8,184.12,103.869398,103.869398,274.147777,42.358825,77.363622,0,363711.05,6591861.37,198.49,RIGHT,184.1,453,14/11/2025,12:29:04,12:36:37,1879.994012,EX5600,250,29.0,8.0,34,274.147777,103.869398,50.555932,77.363622,42.358825,2417.760706,6231.881792
A185-001-19,A1850819_200_EN_2,6213518,4213518,EX004,EX5600FS,DT028,CAT 793,A-185-08-19,54.06,203.13,103.310564,103.310564,264.355669,36.516984,71.305431,0,363706.43,6591859.12,200.08,RIGHT,203.1,406,14/11/2025,12:36:37,12:43:23,2305.093457,EX5600,225,29.0,8.0,34,264.355669,103.310564,53.22269,71.305431,36.516984,2766.257995,7497.927639
A185-001-19,A1850819_200_EN_2,6213519,4213519,EX004,EX5600FS,DT084,HIT EH5000,A-185-08-19,41.88,203.59,108.024725,108.024725,288.294965,35.83561,88.650833,0,363710.2,6591860.33,198.46,STRAIGHT,203.6,491,14/11/2025,12:43:23,12:51:34,2137.880118,EX5600,250,29.0,8.0,34,288.294965,108.024725,55.783797,88.650833,35.83561,2542.245446,6694.112316
A185-001-19,A1850819_200_EN_2,6213520,4213520,EX004,EX5600FS,DT005,CAT 793,A-185-08-19,53.29,193.44,102.67185,102.67185,259.377066,39.006022,70.552835,0,363709.67,6591859.54,199.56,STRAIGHT,193.4,388,14/11/2025,12:51:34,12:58:02,2274.777843,EX5600,225,29.0,8.0,34,259.377066,102.67185,47.146359,70.552835,39.006022,2684.807414,6852.145956
A185-001-19,A1850819_200_EN_2,6213521,4213521,EX004,EX5600FS,DT088,HIT EH5000,A-185-08-19,38.15,188.62,95.66397,95.66397,248.935531,33.07583,74.74464,0,363709.46,6591859.06,199.35,LEFT,188.6,324,14/11/2025,12:58:02,13:03:26,2184.390298,EX5600,250,29.0,8.0,34,248.935531,95.66397,45.45109,74.74464,33.07583,2727.683459,7405.904569
A185-001-19,A1850819_200_EN_2,6213522,4213522,EX004,EX5600FS,DT002,CAT 793,A-185-08-19,34.09,189.55,99.358584,99.358584,267.721995,37.181886,74.603343,0,363712.22,6591861.17,199.75,STRAIGHT,189.6,332,14/11/2025,13:03:26,13:08:58,1920.815396,EX5600,225,29.0,8.0,34,267.721995,99.358584,56.578182,74.603343,37.181886,2548.869717,6980.87582
A185-001-19,A1850819_200_EN_2,6213523,4213523,EX004,EX5600FS,DT043,CAT 793,A-185-08-19,40.05,198.48,80.167279,80.167279,247.273288,40.066527,73.164,0,363712.55,6591857.55,198.91,RIGHT,198.5,424,14/11/2025,13:08:58,13:16:02,2271.983336,EX5600,225,29.0,8.0,34,247.273288,80.167279,53.875482,73.164,40.066527,2889.641139,7877.903906
A185-001-19,A1850819_200_EN_2,6213524,4213524,EX004,EX5600FS,DT077,HIT EH5000,A-185-08-19,52.89,197.8,100.394596,100.394596,280.01277,50.274119,79.904969,0,363715.18,6591858.95,199.68,RIGHT,197.8,451,14/11/2025,13:16:02,13:23:33,1979.868514,EX5600,250,29.0,8.0,34,280.01277,100.394596,49.439086,79.904969,50.274119,2542.962695,6754.266819
A185-001-19,A1850819_200_EN_2,6213525,4213525,EX004,EX5600FS,DT019,CAT 793,A-185-08-19,47.82,202.65,111.426355,111.426355,273.958234,38.432204,72.737976,0,363714.32,6591858.59,198.18,LEFT,202.7,419,14/11/2025,13:23:33,13:30:32,2177.718929,EX5600,225,29.0,8.0,34,273.958234,111.426355,51.361698,72.737976,38.432204,2663.004884,7312.025681
A185-001-19,A1850819_200_EN_2,6213526,4213526,EX004,EX5600FS,DT009,CAT 793,A-185-08-19,48.15,196.97,93.135555,93.135555,260.366622,42.203592,70.316692,0,363717.71,6591856.87,199.1,LEFT,197.0,442,14/11/2025,13:30:32,13:37:54,2170.486812,EX5600,225,29.0,8.0,34,260.366622,93.135555,54.710783,70.316692,42.203592,2723.488704,7503.711278
A185-001-19,A1850819_200_EN_2,6213527,4213527,EX004,EX5600FS,DT055,HIT EH5000,A-185-08-19,63.06,189.19,105.248959,105.248959,282.789772,38.86453,81.101539,0,363716.65,6591856.11,199.82,LEFT,189.2,445,14/11/2025,13:37:54,13:45:19,1873.205068,EX5600,250,29.0,8.0,34,282.789772,105.248959,57.574744,81.101539,38.86453,2408.496564,6595.643044
A185-001-19,A1850819_200_EN_2,6213528,4213528,EX004,EX5600FS,DT019,CAT 793,A-185-08-19,58.9,200.88,100.439397,100.439397,268.046486,36.781999,70.078953,0,363715.97,6591853.49,198.57,STRAIGHT,200.9,404,14/11/2025,13:45:19,13:52:03,2156.346782,EX5600,225,29.0,8.0,34,268.046486,100.439397,60.746137,70.078953,36.781999,2697.885561,7167.964181
A185-001-19,A1850819_200_EN_2,6213529,4213529,EX004,EX5600FS,DT015,CAT 793,A-185-08-19,57.21,220.97,86.22822,86.22822,256.293036,42.117916,81.367278,0,363715.84,6591851.33,198.17,STRAIGHT,221.0,418,14/11/2025,13:52:03,13:59:01,2521.443017,EX5600,225,29.0,8.0,34,256.293036,86.22822,46.579621,81.367278,42.117916,3103.882295,8462.297963
A185-001-19,A1850819_200_EN_2,6213530,4213530,EX004,EX5600FS,DT024,CAT 793,A-185-08-19,56.74,204.79,77.180403,77.180403,253.737368,38.317501,75.009354,0,363715.65,6591858.34,199.7,LEFT,204.8,460,14/11/2025,13:59:01,14:06:41,2248.169919,EX5600,225,29.0,8.0,34,253.737368,77.180403,63.230111,75.009354,38.317501,2905.503712,7559.731483
A185-001-19,A1850819_200_EN_2,6213531,4213531,EX004,EX5600FS,DT044,CAT 793,A-185-08-19,43.29,199.77,91.735537,91.735537,259.910205,38.422255,67.823095,0,363721.86,6591856.21,199.5,LEFT,199.8,376,14/11/2025,14:06:41,14:12:57,2317.551312,EX5600,225,29.0,8.0,34,259.910205,91.735537,61.929318,67.823095,38.422255,2766.941058,7434.311417
A185-001-19,A1850819_200_EN_2,6213532,4213532,EX004,EX5600FS,DT039,CAT 793,A-185-08-19,61.65,192.73,91.948617,91.948617,261.524347,39.894663,79.802452,0,363715.44,6591854.03,199.51,LEFT,192.7,454,14/11/2025,14:12:57,14:20:31,2147.086764,EX5600,225,29.0,8.0,34,261.524347,91.948617,49.878615,79.802452,39.894663,2653.068566,7133.351251
A185-001-19,A1850819_200_EN_2,6213533,4213533,EX004,EX5600FS,DT070,HIT EH5000,A-185-08-19,49.91,188.96,98.353687,98.353687,272.881992,48.07873,78.096027,0,363715.28,6591855.83,198.81,STRAIGHT,189.0,390,14/11/2025,14:20:31,14:27:01,1983.206911,EX5600,250,29.0,8.0,34,272.881992,98.353687,48.353547,78.096027,48.07873,2492.837227,6668.884881
A185-001-19,A1850819_200_EN_2,6213534,4213534,EX004,EX5600FS,DT006,CAT 793,A-185-08-19,42.87,189.45,84.397524,84.397524,245.760647,32.769898,80.658575,0,363725.47,6591853.72,198.67,RIGHT,189.5,419,14/11/2025,14:27:01,14:34:00,2340.773796,EX5600,225,29.0,8.0,34,245.760647,84.397524,47.93465,80.658575,32.769898,2775.198009,7626.324793
A185-001-19,A1850819_200_EN_2,6213535,4213535,EX004,EX5600FS,DT005,CAT 793,A-185-08-19,55.63,219.66,85.507228,85.507228,253.856574,44.084384,74.702555,0,363726.46,6591854.83,200.07,RIGHT,219.7,330,14/11/2025,14:34:00,14:39:30,2405.339149,EX5600,225,29.0,8.0,34,253.856574,85.507228,49.562408,74.702555,44.084384,3115.076166,8374.99848
A185-001-19,A1850819_200_EN_2,6213536,4213536,EX004,EX5600FS,DT048,HIT EH5000,A-185-08-19,39.52,197.04,78.606831,78.606831,239.799309,33.021298,73.334592,0,363721.96,6591857.21,199.86,STRAIGHT,197.0,327,14/11/2025,14:39:30,14:44:57,2335.303778,EX5600,250,29.0,8.0,34,239.799309,78.606831,54.836587,73.334592,33.021298,2958.129581,7998.477744
A185-001-19,A1850819_200_EN_2,6213537,4213537,EX004,EX5600FS,DT055,HIT EH5000,A-185-08-19,41.92,203.04,83.380592,83.380592,250.750976,39.908502,68.125854,0,363723.94,6591855.9,199.64,STRAIGHT,203.0,403,14/11/2025,14:44:57,14:51:40,2091.296525,EX5600,250,29.0,8.0,34,250.750976,83.380592,59.336028,68.125854,39.908502,2915.047757,8148.189698
A185-001-19,A1850819_200_EN_2,6213538,4213538,EX004,EX5600FS,DT050,HIT EH5000,A-185-08-19,48.46,206.53,91.231575,91.231575,259.55824,41.08795,75.892939,0,363720.19,6591851.12,199.45,RIGHT,206.5,387,14/11/2025,14:51:40,14:58:07,2333.730325,EX5600,250,29.0,8.0,34,259.55824,91.231575,51.345776,75.892939,41.08795,2864.545124,7608.270029
A185-001-19,A1850819_200_EN_2,6213539,4213539,EX004,EX5600FS,DT015,CAT 793,A-185-08-19,68.28,204.84,93.64963,93.64963,260.020314,41.254749,70.763674,0,363721.49,6591852.02,199.79,LEFT,204.8,398,14/11/2025,14:58:07,15:04:45,2276.426353,EX5600,225,29.0,8.0,34,260.020314,93.64963,54.352261,70.763674,41.254749,2836.008929,7968.314332
A185-001-19,A1850819_200_EN_2,6213540,4213540,EX004,EX5600FS,DT007,CAT 793,A-185-08-19,45.93,211.57,84.829776,84.829776,254.026512,31.915777,82.805867,0,363723.69,6591851.79,199.43,STRAIGHT,211.6,391,14/11/2025,15:04:45,15:11:16,2250.204635,EX5600,225,29.0,8.0,34,254.026512,84.829776,54.475092,82.805867,31.915777,2998.294875,8362.11126
A185-001-19,A1850819_200_EN_2,6213541,4213541,EX004,EX5600FS,DT011,CAT 793,A-185-08-19,40.86,193.24,86.871903,86.871903,264.007253,41.378397,72.828591,0,363723.31,6591853.48,198.69,RIGHT,193.2,361,14/11/2025,15:11:16,15:17:17,2038.971184,EX5600,225,29.0,8.0,34,264.007253,86.871903,62.928363,72.828591,41.378397,2635.073259,7315.691144
A185-001-19,A1850819_200_EN_2,6213542,4213542,EX004,EX5600FS,DT002,CAT 793,A-185-08-19,49.53,212.25,89.736024,89.736024,252.217355,43.491934,69.382848,0,363723.91,6591850.99,199.39,LEFT,212.2,402,14/11/2025,15:17:17,15:23:59,2573.139024,EX5600,225,29.0,8.0,34,252.217355,89.736024,49.606549,69.382848,43.491934,3029.481951,8027.509628
A185-001-19,A1850819_200_EN_2,6213543,4213543,EX004,EX5600FS,DT014,CAT 793,A-185-08-19,49.26,211.74,81.509551,81.509551,237.350453,34.529635,64.192481,0,363723.97,6591855.66,199.43,STRAIGHT,211.7,664,14/11/2025,15:23:59,15:35:03,2483.827577,EX5600,225,29.0,8.0,34,237.350453,81.509551,57.118787,64.192481,34.529635,3211.606951,8788.250153
A185-001-19,A1850819_200_EN_2,6213544,4213544,EX004,EX5600FS,DT008,CAT 793,A-185-08-19,39.05,191.91,90.58634,90.58634,279.955711,46.828752,78.592149,0,363723.45,6591855.37,199.48,LEFT,191.9,447,14/11/2025,15:35:03,15:42:30,1869.314796,EX5600,225,29.0,8.0,34,279.955711,90.58634,63.94847,78.592149,46.828752,2467.772931,6724.365705
A185-001-19,A1850819_200_EN_2,6213545,4213545,EX004,EX5600FS,DT015,CAT 793,A-185-08-19,67.92,207.26,84.154604,84.154604,254.932965,38.980826,78.395362,0,363735.43,6591849.02,198.93,STRAIGHT,207.3,409,14/11/2025,15:42:30,15:49:19,2243.194188,EX5600,225,29.0,8.0,34,254.932965,84.154604,53.402172,78.395362,38.980826,2926.838091,8253.683415
A185-001-19,A1850819_200_EN_2,6213546,4213546,EX004,EX5600FS,DT042,CAT 793,A-185-08-19,40.01,206.78,73.716313,73.716313,239.540849,42.796875,76.40767,0,363734.51,6591853.57,198.77,LEFT,206.8,402,14/11/2025,15:49:19,15:56:01,2583.610664,EX5600,225,29.0,8.0,34,239.540849,73.716313,46.61999,76.40767,42.796875,3107.596073,8667.140462
A185-001-19,A1850819_200_EN_2,6213547,4213547,EX004,EX5600FS,DT003,CAT 793,A-185-08-19,70.01,213.74,74.643596,74.643596,234.316641,40.773847,68.503082,0,363728.9,6591850.3,198.66,STRAIGHT,213.7,387,14/11/2025,15:56:01,16:02:28,2661.711968,EX5600,225,29.0,8.0,34,234.316641,74.643596,50.396116,68.503082,40.773847,3283.875226,9260.528136
A185-001-19,A1850819_200_EN_2,6213548,4213548,EX004,EX5600FS,DT035,CAT 793,A-185-08-19,40.35,195.66,91.946111,91.946111,264.58317,44.307249,78.139752,0,363731.38,6591850.15,199.6,LEFT,195.7,411,14/11/2025,16:02:28,16:09:19,2244.800943,EX5600,225,29.0,8.0,34,264.58317,91.946111,50.190058,78.139752,44.307249,2662.146073,7175.710664
A185-001-19,A1850819_200_EN_2,6213549,4213549,EX004,EX5600FS,DT083,HIT EH5000,A-185-08-19,71.3,219.53,92.288559,92.288559,267.944574,35.934527,84.839917,0,363732.95,6591850.97,198.92,LEFT,219.5,413,14/11/2025,16:09:19,16:16:12,2279.661809,EX5600,250,29.0,8.0,34,267.944574,92.288559,54.881571,84.839917,35.934527,2949.466755,8317.496248
A185-001-19,A1850819_200_EN_2,6213550,4213550,EX004,EX5600FS,DT023,CAT 793,A-185-08-19,61.95,219.59,72.565363,72.565363,241.639105,35.996925,80.325441,0,363729.46,6591846.73,199.17,RIGHT,219.6,352,14/11/2025,16:16:12,16:22:04,2634.449443,EX5600,225,29.0,8.0,34,241.639105,72.565363,52.751375,80.325441,35.996925,3271.569312,9144.983809
A185-001-19,A1850819_200_EN_2,6213551,4213551,EX004,EX5600FS,DT005,CAT 793,A-185-08-19,44.1,208.15,81.227467,81.227467,241.032209,39.978933,71.300742,0,363731.46,6591847.11,199.52,STRAIGHT,208.2,370,14/11/2025,16:22:04,16:28:14,2603.412919,EX5600,225,29.0,8.0,34,241.032209,81.227467,48.525067,71.300742,39.978933,3108.938097,8767.205434
A185-001-19,A1850819_200_EN_2,6213552,4213552,EX004,EX5600FS,DT045,CAT 793,A-185-08-19,55.3,198.33,80.653738,80.653738,227.418091,32.445533,66.23593,0,363729.65,6591850.22,199.21,STRAIGHT,198.3,358,14/11/2025,16:28:14,16:34:12,2519.276229,EX5600,225,29.0,8.0,34,227.418091,80.653738,48.08289,66.23593,32.445533,3139.487425,8853.354538
A185-001-19,A1850819_200_EN_2,6213553,4213553,EX004,EX5600FS,DT024,CAT 793,A-185-08-19,48.93,201.54,85.720271,85.720271,245.219384,37.853501,68.111113,0,363730.42,6591848.72,198.57,RIGHT,201.5,464,14/11/2025,16:34:12,16:41:56,2394.018858,EX5600,225,29.0,8.0,34,245.219384,85.720271,53.534499,68.111113,37.853501,2958.707365,8343.55477
A185-001-19,A1850819_200_EN_2,6213554,4213554,EX004,EX5600FS,DT073,HIT EH5000,A-185-08-19,45.58,199.63,82.358153,82.358153,244.042815,31.741156,74.321793,0,363732.22,6591853.26,198.81,STRAIGHT,199.6,363,14/11/2025,16:41:56,16:47:59,2481.601112,EX5600,250,29.0,8.0,34,244.042815,82.358153,55.621713,74.321793,31.741156,2944.793322,8250.662164
A185-001-19,A1850819_200_EN_2,6213555,4213555,EX004,EX5600FS,DT026,CAT 793,A-185-08-19,39.33,193.32,79.493402,79.493402,260.45763,46.94306,80.807679,0,363733.28,6591851.59,199.1,LEFT,193.3,365,14/11/2025,16:47:59,16:54:04,2170.953881,EX5600,225,29.0,8.0,34,260.45763,79.493402,53.213488,80.807679,46.94306,2672.013514,7525.302088
A185-001-19,A1850819_200_EN_1,6213556,4213556,EX004,EX5600FS,DT089,HIT EH5000,A-185-08-19,39.14,209.21,78.259264,78.259264,255.980504,44.211322,74.063529,0,363739.78,6591845.79,199.47,RIGHT,209.2,436,14/11/2025,16:54:04,17:01:20,2304.14022,EX5600,250,29.0,8.0,34,255.980504,78.259264,59.446389,74.063529,44.211322,2942.216008,8185.428884
A185-001-19,A1850819_200_EN_1,6213557,4213557,EX004,EX5600FS,DT015,CAT 793,A-185-08-19,44.86,198.35,78.524345,78.524345,249.808283,42.334379,74.93295,0,363738.28,6591848.99,198.88,RIGHT,198.3,399,14/11/2025,17:01:20,17:07:59,2205.273597,EX5600,225,29.0,8.0,34,249.808283,78.524345,54.016609,74.93295,42.334379,2858.376758,7658.719337
A185-001-19,A1850819_200_EN_1,6213558,4213558,EX004,EX5600FS,DT067,HIT EH5000,A-185-08-19,46.44,189.82,73.686477,73.686477,245.336647,41.54765,76.982789,0,363737.29,6591846.08,199.88,RIGHT,189.8,421,14/11/2025,17:07:59,17:15:00,2228.292268,EX5600,250,29.0,8.0,34,245.336647,73.686477,53.119732,76.982789,41.54765,2785.39489,7854.813591
A185-001-19,A1850819_200_EN_1,6213559,4213559,EX004,EX5600FS,DT018,CAT 793,A-185-08-19,53.79,207.05,74.823109,74.823109,257.846506,42.840342,69.33101,0,363735.78,6591843.1,199.92,LEFT,207.1,404,14/11/2025,17:15:00,17:21:44,2349.951587,EX5600,225,29.0,8.0,34,257.846506,74.823109,70.852045,69.33101,42.840342,2890.797243,8152.048225
A185-001-19,A1850819_200_EN_1,6213560,4213560,EX004,EX5600FS,DT001,CAT 793,A-185-08-19,56.69,204.99,91.42533,91.42533,260.925817,44.333458,64.74851,0,363740.97,6591848.32,198.84,RIGHT,205.0,446,14/11/2025,17:21:44,17:29:10,2431.899495,EX5600,225,29.0,8.0,34,260.925817,91.42533,60.418519,64.74851,44.333458,2828.218996,7954.465963
A185-001-19,A1850819_200_EN_1,6213561,4213561,EX004,EX5600FS,DT057,HIT EH5000,A-185-08-19,46.73,202.1,70.888445,70.888445,222.706107,38.068661,60.242258,0,363738.15,6591847.83,198.88,RIGHT,202.1,370,14/11/2025,17:29:10,17:35:20,2400.505784,EX5600,250,29.0,8.0,34,222.706107,70.888445,53.506743,60.242258,38.068661,3266.832847,9139.199051
A185-001-19,A1850819_200_EN_1,6213562,4213562,EX004,EX5600FS,DT013,CAT 793,A-185-08-19,42.53,180.23,81.085038,81.085038,241.982164,43.089168,68.289759,0,363739.56,6591849.77,198.92,STRAIGHT,180.2,392,14/11/2025,17:35:20,17:41:52,2045.412183,EX5600,225,29.0,8.0,34,241.982164,81.085038,49.518199,68.289759,43.089168,2681.29665,7374.37029
A185-001-19,A1850819_200_EN_1,6213563,4213563,EX004,EX5600FS,DT081,HIT EH5000,A-185-08-19,44.3,184.82,77.756495,77.756495,242.050148,40.542442,70.156283,0,363737.63,6591843.23,199.2,LEFT,184.8,395,14/11/2025,17:41:52,17:48:27,2069.656552,EX5600,250,29.0,8.0,34,242.050148,77.756495,53.594929,70.156283,40.542442,2748.745776,7751.463088
A185-001-19,A1850819_200_EN_1,6213564,4213564,EX004,EX5600FS,DT011,CAT 793,A-185-08-19,45.07,192.44,64.829395,64.829395,229.648571,41.155931,71.235331,0,363736.64,6591846.04,198.98,STRAIGHT,192.4,426,14/11/2025,17:48:27,17:55:33,2298.858616,EX5600,225,29.0,8.0,34,229.648571,64.829395,52.427914,71.235331,41.155931,3016.726839,8507.169687
A185-001-19,A1850819_200_EN_1,6213565,4213565,EX004,EX5600FS,DT079,HIT EH5000,A-185-08-19,43.94,192.58,70.92354,70.92354,225.469216,38.578151,61.275998,0,363738.27,6591848.18,198.97,LEFT,192.6,351,14/11/2025,17:55:33,18:01:24,2455.662438,EX5600,250,29.0,8.0,34,225.469216,70.92354,54.691526,61.275998,38.578151,3074.940702,8671.332778
A185-001-19,A1850819_200_EN_1,6213566,4213566,EX004,EX5600FS,DT022,CAT 793,A-185-08-19,34.74,193.68,84.185681,84.185681,251.623877,50.359881,69.302863,0,363736.83,6591850.29,198.64,RIGHT,193.7,676,14/11/2025,18:01:24,18:12:40,2370.767653,EX5600,225,29.0,8.0,34,251.623877,84.185681,47.775453,69.302863,50.359881,2770.974748,7814.148788
A185-001-19,A1850819_200_EN_2,6213567,4213567,EX004,EX5600FS,DT082,HIT EH5000,A-185-08-19,51.51,202.11,86.558294,86.558294,243.568682,37.718897,74.302378,0,363699.71,6591856.01,198.49,STRAIGHT,202.1,409,14/11/2025,18:12:40,18:19:29,2402.551113,EX5600,250,29.0,8.0,34,243.568682,86.558294,44.989113,74.302378,37.718897,2987.229534,8192.201961
A185-001-19,A1850819_200_EN_2,6213568,4213568,EX004,EX5600FS,DT011,CAT 793,A-185-08-19,46.91,191.07,82.400009,82.400009,266.537099,40.172503,84.200117,0,363705.8,6591854.89,198.65,STRAIGHT,191.1,413,14/11/2025,18:19:29,18:26:22,1983.235373,EX5600,225,29.0,8.0,34,266.537099,82.400009,59.764471,84.200117,40.172503,2580.685816,7244.909052
A185-001-19,A1850819_200_EN_2,6213569,4213569,EX004,EX5600FS,DT081,HIT EH5000,A-185-08-19,51.5,192.01,88.449161,88.449161,250.126641,38.743681,70.533079,0,363704.13,6591856.9,200.14,LEFT,192.0,395,14/11/2025,18:26:22,18:32:57,2289.928118,EX5600,250,29.0,8.0,34,250.126641,88.449161,52.40072,70.533079,38.743681,2763.573053,7325.141428
A185-001-19,A1850819_200_EN_2,6213570,4213570,EX004,EX5600FS,DT031,CAT 793,A-185-08-19,48.01,182.77,90.29639,90.29639,252.476952,37.386176,69.442814,0,363703.25,6591856.55,199.31,STRAIGHT,182.8,395,14/11/2025,18:32:57,18:39:32,2204.170437,EX5600,225,29.0,8.0,34,252.476952,90.29639,55.351571,69.442814,37.386176,2606.135193,7211.156451
A185-001-19,A1850819_200_EN_2,6213571,4213571,EX004,EX5600FS,DT052,HIT EH5000,A-185-08-19,54.31,197.77,83.450798,83.450798,262.760825,51.429278,70.276181,0,363703.62,6591855.25,199.21,LEFT,197.8,471,14/11/2025,18:39:32,18:47:23,2183.467845,EX5600,250,29.0,8.0,34,262.760825,83.450798,57.604568,70.276181,51.429278,2709.58673,7641.034578
A185-001-19,A1850819_200_EN_2,6213572,4213572,EX004,EX5600FS,DT021,CAT 793,A-185-08-19,61.76,200.13,69.200787,69.200787,232.446246,38.566608,79.225985,0,363704.07,6591854.41,199.22,LEFT,200.1,321,14/11/2025,18:47:23,18:52:44,2395.132806,EX5600,225,29.0,8.0,34,232.446246,69.200787,45.452866,79.225985,38.566608,3099.457921,8294.655459
A185-001-19,A1850819_200_EN_2,6213573,4213573,EX004,EX5600FS,DT028,CAT 793,A-185-08-19,34.74,189.45,87.829404,87.829404,246.668886,47.433378,57.563792,0,363702.84,6591856.17,199.15,RIGHT,189.5,376,14/11/2025,18:52:44,18:59:00,2151.933777,EX5600,225,29.0,8.0,34,246.668886,87.829404,53.842313,57.563792,47.433378,2764.984489,7323.515257
A185-001-19,A1850819_200_EN_2,6213574,4213574,EX004,EX5600FS,DT012,CAT 793,A-185-08-19,43.41,182.2,99.159226,99.159226,267.165208,37.595735,72.767391,0,363703.73,6591857.13,198.09,RIGHT,182.2,438,14/11/2025,18:59:00,19:06:18,2050.060633,EX5600,225,29.0,8.0,34,267.165208,99.159226,57.642857,72.767391,37.595735,2455.080945,6561.439279
A185-001-19,A1850819_200_EN_2,6213575,4213575,EX004,EX5600FS,DT007,CAT 793,A-185-08-19,49.06,193.82,92.754701,92.754701,260.369835,45.317384,74.447836,0,363702.76,6591859.24,198.35,STRAIGHT,193.8,435,14/11/2025,19:06:18,19:13:33,1992.949838,EX5600,225,29.0,8.0,34,260.369835,92.754701,47.849913,74.447836,45.317384,2679.872693,7426.593559
A185-001-19,A1850819_200_EN_2,6213576,4213576,EX004,EX5600FS,DT050,HIT EH5000,A-185-08-19,47.06,205.99,97.721864,97.721864,255.160089,34.676267,81.170819,0,363702.2,6591856.35,198.15,LEFT,206.0,381,14/11/2025,19:13:33,19:19:54,2241.286145,EX5600,250,29.0,8.0,34,255.160089,97.721864,41.59114,81.170819,34.676267,2906.32948,8121.646021
A185-001-19,A1850819_200_EN_2,6213577,4213577,EX004,EX5600FS,DT039,CAT 793,A-185-08-19,47.68,193.49,82.430053,82.430053,250.837064,38.753791,74.177614,0,363700.02,6591859.14,198.67,LEFT,193.5,373,14/11/2025,19:19:54,19:26:07,2108.524832,EX5600,225,29.0,8.0,34,250.837064,82.430053,55.475606,74.177614,38.753791,2776.964864,7488.453236
A185-001-19,A1850819_200_EN_2,6213578,4213578,EX004,EX5600FS,DT031,CAT 793,A-185-08-19,52.75,198.07,91.671087,91.671087,255.073685,36.741653,69.334958,0,363711.84,6591853.53,198.4,STRAIGHT,198.1,393,14/11/2025,19:26:07,19:32:40,2291.822569,EX5600,225,29.0,8.0,34,255.073685,91.671087,57.325988,69.334958,36.741653,2795.476033,7836.79323
A185-001-19,A1850819_200_EN_2,6213579,4213579,EX004,EX5600FS,DT038,CAT 793,A-185-08-19,60.09,202.41,87.839755,87.839755,255.15812,45.015203,62.796226,0,363708.69,6591853.15,198.96,RIGHT,202.4,397,14/11/2025,19:32:40,19:39:17,2333.665927,EX5600,225,29.0,8.0,34,255.15812,87.839755,59.506936,62.796226,45.015203,2855.841199,7829.686898
A185-001-19,A1850819_200_EN_2,6213580,4213580,EX004,EX5600FS,DT003,CAT 793,A-185-08-19,42.34,175.0,91.371872,91.371872,265.493726,39.894439,75.322027,0,363713.38,6591851.79,199.31,LEFT,175.0,424,14/11/2025,19:39:17,19:46:21,2009.737708,EX5600,225,29.0,8.0,34,265.493726,91.371872,58.905388,75.322027,39.894439,2372.950931,6315.613403
A185-001-19,A1850819_200_EN_2,6213581,4213581,EX004,EX5600FS,DT031,CAT 793,A-185-08-19,47.1,172.8,97.252214,97.252214,279.593503,43.797461,76.934744,0,363713.15,6591851.48,199.32,STRAIGHT,172.8,457,14/11/2025,19:46:21,19:53:58,1770.463553,EX5600,225,29.0,8.0,34,279.593503,97.252214,61.609084,76.934744,43.797461,2224.885285,6156.696236
A185-001-19,A1850819_200_EN_2,6213582,4213582,EX004,EX5600FS,DT036,CAT 793,A-185-08-19,43.09,170.94,88.232103,88.232103,244.466966,34.549416,69.613289,0,363708.4,6591851.96,199.95,LEFT,170.9,405,14/11/2025,19:53:58,20:00:43,1947.837134,EX5600,225,29.0,8.0,34,244.466966,88.232103,52.072159,69.613289,34.549416,2517.268202,6652.399388
A185-001-19,A1850819_200_EN_2,6213583,4213583,EX004,EX5600FS,DT083,HIT EH5000,A-185-08-19,38.47,175.81,101.634956,101.634956,274.552553,42.057343,74.725437,0,363707.28,6591856.49,199.37,LEFT,175.8,488,14/11/2025,20:00:43,20:08:51,1793.232438,EX5600,250,29.0,8.0,34,274.552553,101.634956,56.134817,74.725437,42.057343,2305.283618,6357.230901
A185-001-19,A1850819_200_EN_2,6213584,4213584,EX004,EX5600FS,DT059,HIT EH5000,A-185-08-19,49.4,185.15,100.035484,100.035484,276.563907,43.543471,78.96836,0,363706.92,6591851.2,199.0,LEFT,185.2,374,14/11/2025,20:08:51,20:15:05,1859.845169,EX5600,250,29.0,8.0,34,276.563907,100.035484,54.016591,78.96836,43.543471,2410.114329,6756.748612
A185-001-19,A1850819_200_EN_2,6213585,4213585,EX004,EX5600FS,DT008,CAT 793,A-185-08-19,50.15,182.15,89.730603,89.730603,278.689854,50.59568,82.253635,0,363708.17,6591852.34,198.59,LEFT,182.1,409,14/11/2025,20:15:05,20:21:54,1929.692989,EX5600,225,29.0,8.0,34,278.689854,89.730603,56.109935,82.253635,50.59568,2352.933359,6566.76036
A185-001-19,A1850819_200_EN_2,6213586,4213586,EX004,EX5600FS,DT019,CAT 793,A-185-08-19,55.97,210.23,86.260917,86.260917,271.200631,43.491857,80.625196,0,363710.13,6591852.18,198.76,RIGHT,210.2,398,14/11/2025,20:21:54,20:28:32,2265.39614,EX5600,225,29.0,8.0,34,271.200631,86.260917,60.822661,80.625196,43.491857,2790.619128,7647.498828
A185-001-19,A1850819_200_EN_2,6213587,4213587,EX004,EX5600FS,DT037,CAT 793,A-185-08-19,47.55,212.86,97.722069,97.722069,277.384987,43.584586,79.68375,0,363707.6,6591854.41,199.36,LEFT,212.9,462,14/11/2025,20:28:32,20:36:14,2164.282978,EX5600,225,29.0,8.0,34,277.384987,97.722069,56.394583,79.68375,43.584586,2762.575548,7574.39444
A185-001-19,A1850819_200_EN_2,6213588,4213588,EX004,EX5600FS,DT072,HIT EH5000,A-185-08-19,40.25,189.56,84.895037,84.895037,269.450846,46.025417,80.14021,0,363712.53,6591851.97,199.62,RIGHT,189.6,409,14/11/2025,20:36:14,20:43:03,1985.510408,EX5600,250,29.0,8.0,34,269.450846,84.895037,58.390181,80.14021,46.025417,2532.632553,6893.752563
A185-001-19,A1850819_200_EN_2,6213589,4213589,EX004,EX5600FS,DT027,CAT 793,A-185-08-19,35.0,179.18,88.17372,88.17372,249.360467,40.669217,69.66722,0,363712.81,6591855.34,199.16,RIGHT,179.2,415,14/11/2025,20:43:03,20:49:58,2137.195138,EX5600,225,29.0,8.0,34,249.360467,88.17372,50.850311,69.66722,40.669217,2586.812887,7239.248613
A185-001-19,A1850819_200_EN_1,6213590,4213590,EX004,EX5600FS,DT016,CAT 793,A-185-08-19,49.38,196.11,97.449998,97.449998,257.77684,37.789997,75.211103,0,363717.85,6591845.38,199.17,RIGHT,196.1,439,14/11/2025,20:49:58,20:57:17,2104.233622,EX5600,225,29.0,8.0,34,257.77684,97.449998,47.325742,75.211103,37.789997,2738.826281,7723.490111
A185-001-19,A1850819_200_EN_1,6213591,4213591,EX004,EX5600FS,DT012,CAT 793,A-185-08-19,43.52,184.57,93.70078,93.70078,265.960936,37.313883,81.401614,0,363719.26,6591849.97,198.59,STRAIGHT,184.6,447,14/11/2025,20:57:17,21:04:44,1984.214538,EX5600,225,29.0,8.0,34,265.960936,93.70078,53.544659,81.401614,37.313883,2498.371866,7008.538937
A185-001-19,A1850819_200_EN_1,6213592,4213592,EX004,EX5600FS,DT063,HIT EH5000,A-185-08-19,36.33,196.58,72.841727,72.841727,250.481595,36.877059,83.171688,0,363717.72,6591846.13,199.7,LEFT,196.6,444,14/11/2025,21:04:44,21:12:08,2159.295979,EX5600,250,29.0,8.0,34,250.481595,72.841727,57.591122,83.171688,36.877059,2825.259582,7967.232021
A185-001-19,A1850819_200_EN_1,6213593,4213593,EX004,EX5600FS,DT011,CAT 793,A-185-08-19,57.29,187.16,64.201261,64.201261,218.406005,36.30635,72.408791,0,363717.61,6591848.34,199.47,STRAIGHT,187.2,372,14/11/2025,21:12:08,21:18:20,2532.980454,EX5600,225,29.0,8.0,34,218.406005,64.201261,45.489602,72.408791,36.30635,3084.935386,8521.675793
A185-001-19,A1850819_200_EN_1,6213594,4213594,EX004,EX5600FS,DT075,HIT EH5000,A-185-08-19,38.56,176.54,70.687762,70.687762,243.72268,38.499837,76.870341,0,363714.59,6591847.74,198.16,RIGHT,176.5,471,14/11/2025,21:18:20,21:26:11,2053.823945,EX5600,250,29.0,8.0,34,243.72268,70.687762,57.664741,76.870341,38.499837,2607.581943,7155.601148
A185-001-19,A1850819_200_EN_1,6213595,4213595,EX004,EX5600FS,DT037,CAT 793,A-185-08-19,59.97,179.9,68.673851,68.673851,230.582305,37.602516,71.838986,0,363717.36,6591849.15,198.63,RIGHT,179.9,362,14/11/2025,21:26:11,21:32:13,2174.47077,EX5600,225,29.0,8.0,34,230.582305,68.673851,52.466951,71.838986,37.602516,2808.678349,7920.472944
A185-001-19,A1850819_200_EN_1,6213596,4213596,EX004,EX5600FS,DT053,HIT EH5000,A-185-08-19,40.72,185.31,81.120639,81.120639,244.813472,43.674732,61.316581,0,363715.99,6591845.32,199.25,STRAIGHT,185.3,432,14/11/2025,21:32:13,21:39:25,2203.655925,EX5600,250,29.0,8.0,34,244.813472,81.120639,58.701519,61.316581,43.674732,2724.992868,7585.363028
A185-001-19,A1850819_200_EN_1,6213597,4213597,EX004,EX5600FS,DT005,CAT 793,A-185-08-19,48.24,206.92,89.884404,89.884404,259.236336,33.921208,85.099288,0,363719.97,6591849.07,198.63,LEFT,206.9,370,14/11/2025,21:39:25,21:45:35,2265.929839,EX5600,225,29.0,8.0,34,259.236336,89.884404,50.331436,85.099288,33.921208,2873.437479,8103.093692
A185-001-19,A1850819_200_EN_1,6213598,4213598,EX004,EX5600FS,DT056,HIT EH5000,A-185-08-19,68.74,213.6,85.025071,85.025071,252.948898,35.601823,75.41528,0,363714.69,6591848.03,199.03,RIGHT,213.6,461,14/11/2025,21:45:35,21:53:16,2509.905857,EX5600,250,29.0,8.0,34,252.948898,85.025071,56.906725,75.41528,35.601823,3040.040736,8496.987333
A185-001-19,A1850819_200_EN_1,6213599,4213599,EX004,EX5600FS,DT054,HIT EH5000,A-185-08-19,42.13,176.85,80.523313,80.523313,246.46144,36.253067,77.507243,0,363717.7,6591850.81,198.28,STRAIGHT,176.9,450,14/11/2025,21:53:16,22:00:46,2128.186249,EX5600,250,29.0,8.0,34,246.46144,80.523313,52.177816,77.507243,36.253067,2583.259143,7031.873084
A185-001-19,A1850819_200_EN_1,6213600,4213600,EX004,EX5600FS,DT027,CAT 793,A-185-08-19,55.56,183.82,87.871678,87.871678,249.13641,42.773856,66.422545,0,363718.3,6591846.85,199.18,LEFT,183.8,404,14/11/2025,22:00:46,22:07:30,2059.954313,EX5600,225,29.0,8.0,34,249.13641,87.871678,52.068331,66.422545,42.773856,2656.127871,7310.678361
A185-001-19,A1850819_200_EN_1,6213601,4213601,EX004,EX5600FS,DT027,CAT 793,A-185-08-19,52.15,189.08,86.509967,86.509967,246.916846,49.096153,62.024218,0,363729.09,6591844.37,199.64,STRAIGHT,189.1,362,14/11/2025,22:07:30,22:13:32,2171.364884,EX5600,225,29.0,8.0,34,246.916846,86.509967,49.286508,62.024218,49.096153,2756.747346,7772.415994
A185-001-19,A1850819_200_EN_1,6213602,4213602,EX004,EX5600FS,DT083,HIT EH5000,A-185-08-19,31.08,177.14,74.358791,74.358791,235.548446,33.454947,73.907024,0,363721.92,6591845.29,199.09,RIGHT,177.1,307,14/11/2025,22:13:32,22:18:39,1986.607308,EX5600,250,29.0,8.0,34,235.548446,74.358791,53.827684,73.907024,33.454947,2707.376893,7634.802838
A185-001-19,A1850819_200_EN_1,6213603,4213603,EX004,EX5600FS,DT031,CAT 793,A-185-08-19,60.36,181.07,91.439827,91.439827,266.129508,39.989307,73.488064,0,363722.69,6591842.31,198.82,RIGHT,181.1,475,14/11/2025,22:18:39,22:26:34,2082.368483,EX5600,225,29.0,8.0,34,266.129508,91.439827,61.21231,73.488064,39.989307,2449.415705,6864.129557
A185-001-19,A1850819_200_EN_1,6213604,4213604,EX004,EX5600FS,DT015,CAT 793,A-185-08-19,50.61,188.14,75.600181,75.600181,235.457597,37.834085,70.086336,0,363723.8,6591844.95,198.38,STRAIGHT,188.1,423,14/11/2025,22:26:34,22:33:37,2290.15735,EX5600,225,29.0,8.0,34,235.457597,75.600181,51.936995,70.086336,37.834085,2876.500252,7941.270602
A185-001-19,A1850819_200_EN_1,6213605,4213605,EX004,EX5600FS,DT040,CAT 793,A-185-08-19,51.39,193.68,78.97955,78.97955,233.097728,40.76769,64.035226,0,363724.28,6591841.36,198.47,RIGHT,193.7,350,14/11/2025,22:33:37,22:39:27,2246.722331,EX5600,225,29.0,8.0,34,233.097728,78.97955,49.315262,64.035226,40.76769,2991.189618,8435.154722
A185-001-19,A1850819_200_EN_1,6213606,4213606,EX004,EX5600FS,DT022,CAT 793,A-185-08-19,59.81,216.35,82.127737,82.127737,252.825418,35.731757,85.716126,0,363720.04,6591845.5,199.36,LEFT,216.4,395,14/11/2025,22:39:27,22:46:02,2524.858744,EX5600,225,29.0,8.0,34,252.825418,82.127737,49.249798,85.716126,35.731757,3080.673166,8687.49833
A185-001-19,A1850819_200_EN_1,6213607,4213607,EX004,EX5600FS,DT085,HIT EH5000,A-185-08-19,53.66,226.5,101.225465,101.225465,277.360221,48.254227,81.311131,0,363724.78,6591846.0,200.08,STRAIGHT,226.5,417,14/11/2025,22:46:02,22:52:59,2371.911613,EX5600,250,29.0,8.0,34,277.360221,101.225465,46.569398,81.311131,48.254227,2939.832448,8290.327504
A185-001-19,A1850819_200_EN_1,6213608,4213608,EX004,EX5600FS,DT039,CAT 793,A-185-08-19,46.22,206.73,83.956142,83.956142,243.121809,34.87534,70.827744,0,363726.45,6591843.61,198.82,LEFT,206.7,427,14/11/2025,22:52:59,23:00:06,2471.474993,EX5600,225,29.0,8.0,34,243.121809,83.956142,53.462583,70.827744,34.87534,3061.17851,8632.523397
A185-001-19,A1850819_200_EN_1,6213609,4213609,EX004,EX5600FS,DT037,CAT 793,A-185-08-19,44.87,209.6,84.683158,84.683158,234.062428,33.119641,66.245425,0,363725.04,6591844.88,198.53,LEFT,209.6,371,14/11/2025,23:00:06,23:06:17,2495.984913,EX5600,225,29.0,8.0,34,234.062428,84.683158,50.014204,66.245425,33.119641,3223.818866,9091.169201
A185-001-19,A1850819_200_EN_1,6213610,4213610,EX004,EX5600FS,DT083,HIT EH5000,A-185-08-19,59.58,208.52,83.718647,83.718647,250.101594,38.784441,70.177419,0,363723.74,6591842.44,198.9,RIGHT,208.5,405,14/11/2025,23:06:17,23:13:02,2537.748448,EX5600,250,29.0,8.0,34,250.101594,83.718647,57.421087,70.177419,38.784441,3001.531298,8260.771331
A185-001-19,A1850819_200_EN_1,6213611,4213611,EX004,EX5600FS,DT037,CAT 793,A-185-08-19,54.19,214.58,69.94242,69.94242,244.77032,41.803345,71.844896,0,363725.19,6591844.12,199.5,LEFT,214.6,399,14/11/2025,23:13:02,23:19:41,2401.807557,EX5600,225,29.0,8.0,34,244.77032,69.94242,61.179658,71.844896,41.803345,3156.040824,8699.28216
A185-001-19,A1850819_200_EN_1,6213612,4213612,EX004,EX5600FS,DT022,CAT 793,A-185-08-19,45.75,204.66,86.046719,86.046719,242.21046,42.749787,65.115855,0,363730.67,6591845.89,198.86,STRAIGHT,204.7,346,14/11/2025,23:19:41,23:25:27,2324.230194,EX5600,225,29.0,8.0,34,242.21046,86.046719,48.298099,65.115855,42.749787,3041.943956,8578.281955
A185-001-19,A1850819_200_EN_1,6213613,4213613,EX004,EX5600FS,DT085,HIT EH5000,A-185-08-19,44.1,214.86,79.752656,79.752656,248.051465,38.905118,84.622467,0,363731.55,6591842.08,198.6,RIGHT,214.9,370,14/11/2025,23:25:27,23:31:37,2461.518759,EX5600,250,29.0,8.0,34,248.051465,79.752656,44.771224,84.622467,38.905118,3118.244106,8793.448378
A185-001-19,A1850819_200_EN_1,6213614,4213614,EX004,EX5600FS,DT002,CAT 793,A-185-08-19,49.79,211.03,84.974266,84.974266,270.476064,42.437189,81.28397,0,363733.86,6591840.84,198.88,STRAIGHT,211.0,395,14/11/2025,23:31:37,23:38:12,2289.63536,EX5600,225,29.0,8.0,34,270.476064,84.974266,61.780639,81.28397,42.437189,2808.747809,7920.66882
A185-001-19,A1850819_200_EN_1,6213615,4213615,EX004,EX5600FS,DT019,CAT 793,A-185-08-19,67.87,203.61,87.628012,87.628012,247.324875,41.748514,66.077691,0,363730.66,6591842.35,199.02,STRAIGHT,203.6,468,14/11/2025,23:38:12,23:46:00,2289.704114,EX5600,225,29.0,8.0,34,247.324875,87.628012,51.870658,66.077691,41.748514,2963.629683,8147.430545
A185-001-19,A1850819_200_EN_1,6213616,4213616,EX004,EX5600FS,DT005,CAT 793,A-185-08-19,41.71,197.54,82.221564,82.221564,241.361694,41.336288,72.402096,0,363731.71,6591842.04,198.42,LEFT,197.5,442,14/11/2025,23:46:00,23:53:22,2255.202187,EX5600,225,29.0,8.0,34,241.361694,82.221564,45.401746,72.402096,41.336288,2946.425697,8308.920466
A185-001-19,A1850819_200_EN_1,6213617,4213617,EX004,EX5600FS,DT016,CAT 793,A-185-08-19,57.37,211.25,81.995594,81.995594,239.271717,34.513831,73.817585,0,363733.54,6591840.11,199.75,STRAIGHT,211.2,449,14/11/2025,23:53:22,00:00:51,2632.723362,EX5600,225,29.0,8.0,34,239.271717,81.995594,48.944707,73.817585,34.513831,3178.372303,8961.466517
A185-001-19,A1850819_200_EN_1,6213618,4213618,EX004,EX5600FS,DT015,CAT 793,A-185-08-19,36.33,202.57,83.50389,83.50389,245.316579,39.960458,74.723743,0,363729.36,6591841.3,199.62,STRAIGHT,202.6,787,15/11/2025,00:00:51,00:13:58,2472.129547,EX5600,225,29.0,8.0,34,245.316579,83.50389,47.128489,74.723743,39.960458,2972.669367,8372.051614
A185-001-19,A1850819_200_EN_1,6213619,4213619,EX004,EX5600FS,DT079,HIT EH5000,A-185-08-19,34.81,181.56,70.74283,70.74283,250.780248,41.822397,81.234858,0,363728.04,6591841.69,198.59,RIGHT,181.6,425,15/11/2025,00:13:58,00:21:03,2086.561323,EX5600,250,29.0,8.0,34,250.780248,70.74283,56.980163,81.234858,41.822397,2606.290541,7349.739325
A185-001-19,A1850819_200_EN_1,6213620,4213620,EX004,EX5600FS,DT041,CAT 793,A-185-08-19,47.82,188.27,82.493478,82.493478,230.697532,37.39928,57.879011,0,363734.61,6591842.64,198.77,STRAIGHT,188.3,433,15/11/2025,00:21:03,00:28:16,2508.358124,EX5600,225,29.0,8.0,34,230.697532,82.493478,52.925764,57.879011,37.39928,2937.852309,8272.309879
A185-001-19,A1850819_200_EN_1,6213621,4213621,EX004,EX5600FS,DT019,CAT 793,A-185-08-19,43.07,177.86,84.098322,84.098322,251.866804,38.662765,68.496699,0,363732.97,6591843.09,199.41,STRAIGHT,177.9,366,15/11/2025,00:28:16,00:34:22,1973.191805,EX5600,225,29.0,8.0,34,251.866804,84.098322,60.609019,68.496699,38.662765,2542.157534,7133.930208
A185-001-19,A1850819_200_EN_1,6213622,4213622,EX004,EX5600FS,DT027,CAT 793,A-185-08-19,40.71,177.49,85.545055,85.545055,264.097234,46.646493,78.035365,0,363732.07,6591842.04,199.2,STRAIGHT,177.5,473,15/11/2025,00:34:22,00:42:15,1885.557939,EX5600,225,29.0,8.0,34,264.097234,85.545055,53.870321,78.035365,46.646493,2419.384324,6822.663794
A185-001-19,A1850819_200_EN_1,6213623,4213623,EX004,EX5600FS,DT007,CAT 793,A-185-08-19,41.84,216.24,77.74154,77.74154,257.89042,40.06549,80.050426,0,363703.45,6591850.07,198.86,RIGHT,216.2,426,15/11/2025,00:42:15,00:49:21,2324.633292,EX5600,225,29.0,8.0,34,257.89042,77.74154,60.032964,80.050426,40.06549,3018.648437,8512.588592
A185-001-19,A1850819_200_EN_1,6213624,4213624,EX004,EX5600FS,DT049,HIT EH5000,A-185-08-19,47.8,220.99,88.55459,88.55459,251.996668,33.221149,74.769585,0,363702.79,6591844.58,198.87,LEFT,221.0,402,15/11/2025,00:49:21,00:56:03,2424.987379,EX5600,250,29.0,8.0,34,251.996668,88.55459,55.451344,74.769585,33.221149,3157.088453,8724.719164
A185-001-19,A1850819_200_EN_1,6213625,4213625,EX004,EX5600FS,DT055,HIT EH5000,A-185-08-19,49.43,219.27,71.015775,71.015775,262.171268,47.511742,79.829515,0,363708.17,6591847.74,198.62,STRAIGHT,219.3,534,15/11/2025,00:56:03,01:04:57,2397.089531,EX5600,250,29.0,8.0,34,262.171268,71.015775,63.814236,79.829515,47.511742,3010.94256,8490.858019
A185-001-19,A1850819_200_EN_1,6213626,4213626,EX004,EX5600FS,DT038,CAT 793,A-185-08-19,41.83,191.2,77.354279,77.354279,229.24599,33.79394,65.316301,0,363705.76,6591842.67,198.47,STRAIGHT,191.2,399,15/11/2025,01:04:57,01:11:36,2399.005095,EX5600,225,29.0,8.0,34,229.24599,77.354279,52.78147,65.316301,33.79394,3002.517855,8430.411813
A185-001-19,A1850819_200_EN_1,6213627,4213627,EX004,EX5600FS,DT075,HIT EH5000,A-185-08-19,44.37,203.92,71.787911,71.787911,235.458807,36.223185,76.875647,0,363703.77,6591848.15,198.42,LEFT,203.9,453,15/11/2025,01:11:36,01:19:09,2616.095724,EX5600,250,29.0,8.0,34,235.458807,71.787911,50.572065,76.875647,36.223185,3117.866998,8737.681361
A185-001-19,A1850819_200_EN_1,6213628,4213628,EX004,EX5600FS,DT086,HIT EH5000,A-185-08-19,45.0,197.48,80.93991,80.93991,249.519472,47.235896,59.821171,0,363704.4,6591849.6,198.92,LEFT,197.5,370,15/11/2025,01:19:09,01:25:19,2355.225512,EX5600,250,29.0,8.0,34,249.519472,80.93991,61.522496,59.821171,47.235896,2849.15805,7730.964413
A185-001-19,A1850819_200_EN_1,6213629,4213629,EX004,EX5600FS,DT021,CAT 793,A-185-08-19,36.6,193.42,85.603394,85.603394,249.534362,43.564881,71.466633,0,363700.56,6591849.11,198.64,RIGHT,193.4,441,15/11/2025,01:25:19,01:32:40,2266.893622,EX5600,225,29.0,8.0,34,249.534362,85.603394,48.899453,71.466633,43.564881,2790.407356,7868.948743
A185-001-19,A1850819_200_EN_1,6213630,4213630,EX004,EX5600FS,DT040,CAT 793,A-185-08-19,53.86,207.18,86.697473,86.697473,273.756745,49.14795,89.708258,0,363706.0,6591850.77,198.25,RIGHT,207.2,450,15/11/2025,01:32:40,01:40:10,2315.007407,EX5600,225,29.0,8.0,34,273.756745,86.697473,48.203063,89.708258,49.14795,2724.556495,7683.249316
A185-001-19,A1850819_200_EN_1,6213631,4213631,EX004,EX5600FS,DT043,CAT 793,A-185-08-19,40.1,207.87,79.833113,79.833113,245.922225,37.076386,76.373092,0,363703.86,6591846.73,198.27,STRAIGHT,207.9,404,15/11/2025,01:40:10,01:46:54,2350.404972,EX5600,225,29.0,8.0,34,245.922225,79.833113,52.639634,76.373092,37.076386,3042.915462,8581.021602
A185-001-19,A1850819_200_EN_1,6213632,4213632,EX004,EX5600FS,DT047,HIT EH5000,A-185-08-19,49.02,188.59,88.381134,88.381134,239.682754,34.446304,68.49541,0,363703.67,6591849.42,198.46,RIGHT,188.6,442,15/11/2025,01:46:54,01:54:16,2354.378783,EX5600,250,29.0,8.0,34,239.682754,88.381134,48.359906,68.49541,34.446304,2832.593092,7987.91252
A185-001-19,A1850819_200_EN_1,6213633,4213633,EX004,EX5600FS,DT077,HIT EH5000,A-185-08-19,32.09,177.48,71.511008,71.511008,234.173659,40.713558,67.357828,0,363708.87,6591842.62,197.97,RIGHT,177.5,369,15/11/2025,01:54:16,02:00:25,2142.357528,EX5600,250,29.0,8.0,34,234.173659,71.511008,54.591265,67.357828,40.713558,2728.483705,7694.324047
A185-001-19,A1850819_200_EN_1,6213634,4213634,EX004,EX5600FS,DT045,CAT 793,A-185-08-19,37.69,180.38,71.501419,71.501419,231.943137,41.066402,71.131152,0,363714.96,6591840.24,199.03,RIGHT,180.4,337,15/11/2025,02:00:25,02:06:02,2074.57826,EX5600,225,29.0,8.0,34,231.943137,71.501419,48.244165,71.131152,41.066402,2799.722061,7506.735206
A185-001-19,A1850819_200_EN_1,6213635,4213635,EX004,EX5600FS,DT049,HIT EH5000,A-185-08-19,36.79,189.9,73.371938,73.371938,232.326691,38.428703,66.306193,0,363708.61,6591843.57,198.07,LEFT,189.9,454,15/11/2025,02:06:02,02:13:36,2330.109998,EX5600,250,29.0,8.0,34,232.326691,73.371938,54.219858,66.306193,38.428703,2942.607806,8298.154014
A185-001-19,A1850819_200_EN_1,6213636,4213636,EX004,EX5600FS,DT043,CAT 793,A-185-08-19,45.62,191.88,79.004057,79.004057,262.776037,47.401932,71.34921,0,363710.84,6591844.9,198.69,STRAIGHT,191.9,434,15/11/2025,02:13:36,02:20:50,2151.709572,EX5600,225,29.0,8.0,34,262.776037,79.004057,65.020838,71.34921,47.401932,2628.754018,7249.421111
A185-001-19,A1850819_200_EN_1,6213637,4213637,EX004,EX5600FS,DT022,CAT 793,A-185-08-19,39.83,189.51,82.194522,82.194522,253.177254,40.240295,69.523214,0,363713.03,6591844.85,199.53,RIGHT,189.5,317,15/11/2025,02:20:50,02:26:07,2120.733104,EX5600,225,29.0,8.0,34,253.177254,82.194522,61.219223,69.523214,40.240295,2694.66808,6940.813053
A185-001-19,A1850819_200_EN_1,6213638,4213638,EX004,EX5600FS,DT047,HIT EH5000,A-185-08-19,45.6,201.85,88.296467,88.296467,238.740097,29.393751,73.465265,0,363710.42,6591841.55,198.19,STRAIGHT,201.8,445,15/11/2025,02:26:07,02:33:32,2105.74059,EX5600,250,29.0,8.0,34,238.740097,88.296467,47.584614,73.465265,29.393751,3043.691649,8398.295395
A185-001-19,A1850819_200_EN_1,6213639,4213639,EX004,EX5600FS,DT076,HIT EH5000,A-185-08-19,45.67,197.41,82.620676,82.620676,254.368047,48.238806,71.210429,0,363706.51,6591847.2,198.63,STRAIGHT,197.4,394,15/11/2025,02:33:32,02:40:06,2085.205649,EX5600,250,29.0,8.0,34,254.368047,82.620676,52.298137,71.210429,48.238806,2793.917464,7781.597079
A185-001-19,A1850819_200_EN_1,6213640,4213640,EX004,EX5600FS,DT020,CAT 793,A-185-08-19,42.6,200.33,72.377429,72.377429,230.514455,35.712632,74.612016,0,363711.4,6591843.59,199.16,LEFT,200.3,454,15/11/2025,02:40:06,02:47:40,2482.642305,EX5600,225,29.0,8.0,34,230.514455,72.377429,47.812378,74.612016,35.712632,3128.676521,8784.436058
A185-001-19,A1850819_200_EN_1,6213641,4213641,EX004,EX5600FS,DT029,CAT 793,A-185-08-19,44.8,210.03,79.657428,79.657428,245.303282,37.954558,74.661062,0,363709.77,6591845.14,198.16,LEFT,210.0,379,15/11/2025,02:47:40,02:53:59,2569.886597,EX5600,225,29.0,8.0,34,245.303282,79.657428,53.030234,74.661062,37.954558,3082.278788,8228.191561
A185-001-19,A1850819_200_EN_1,6213642,4213642,EX004,EX5600FS,DT020,CAT 793,A-185-08-19,53.73,204.06,83.471651,83.471651,266.827245,48.659315,73.406336,0,363708.53,6591844.6,198.27,RIGHT,204.1,408,15/11/2025,02:53:59,03:00:47,2177.73332,EX5600,225,29.0,8.0,34,266.827245,83.471651,61.289943,73.406336,48.659315,2753.127559,7763.819717
A185-001-19,A1850819_200_EN_1,6213643,4213643,EX004,EX5600FS,DT090,HIT EH5000,A-185-08-19,65.12,195.35,85.368003,85.368003,265.836678,41.801447,77.694718,0,363712.22,6591840.61,199.18,RIGHT,195.3,423,15/11/2025,03:00:47,03:07:50,2031.24595,EX5600,250,29.0,8.0,34,265.836678,85.368003,60.972511,77.694718,41.801447,2645.399405,7460.026323
A185-001-19,A1850819_200_EN_1,6213644,4213644,EX004,EX5600FS,DT053,HIT EH5000,A-185-08-19,50.34,208.23,99.531642,99.531642,269.505822,38.017755,80.033919,0,363717.78,6591841.9,198.36,STRAIGHT,208.2,388,15/11/2025,03:07:50,03:14:18,2174.914218,EX5600,250,29.0,8.0,34,269.505822,99.531642,51.922505,80.033919,38.017755,2781.466716,7677.636155
A185-001-19,A1850819_200_EN_1,6213645,4213645,EX004,EX5600FS,DT042,CAT 793,A-185-08-19,66.65,199.94,84.498886,84.498886,245.430768,38.618554,68.14435,0,363720.26,6591844.39,198.89,RIGHT,199.9,368,15/11/2025,03:14:18,03:20:26,2346.105028,EX5600,225,29.0,8.0,34,245.430768,84.498886,54.168977,68.14435,38.618554,2932.786564,7970.069371
A185-001-19,A1850819_200_EN_1,6213646,4213646,EX004,EX5600FS,DT059,HIT EH5000,A-185-08-19,45.74,181.01,82.844747,82.844747,269.384679,45.267473,78.951571,0,363717.85,6591840.88,198.63,LEFT,181.0,467,15/11/2025,03:20:26,03:28:13,1967.761656,EX5600,250,29.0,8.0,34,269.384679,82.844747,62.320888,78.951571,45.267473,2419.032133,6821.670616
A185-001-19,A1850819_200_EN_1,6213647,4213647,EX004,EX5600FS,DT013,CAT 793,A-185-08-19,49.12,184.08,86.867344,86.867344,269.226356,38.344656,85.079918,0,363719.1,6591846.21,199.34,LEFT,184.1,380,15/11/2025,03:28:13,03:34:33,1847.459229,EX5600,225,29.0,8.0,34,269.226356,86.867344,58.934438,85.079918,38.344656,2461.477888,6935.392887
A185-001-19,A1850819_200_EN_1,6213648,4213648,EX004,EX5600FS,DT016,CAT 793,A-185-08-19,42.2,176.46,82.420919,82.420919,245.284713,34.777588,75.953536,0,363716.6,6591844.69,198.8,RIGHT,176.5,409,15/11/2025,03:34:33,03:41:22,1948.733195,EX5600,225,29.0,8.0,34,245.284713,82.420919,52.13267,75.953536,34.777588,2589.843555,6942.310822
A185-001-19,A1850819_200_EN_1,6213649,4213649,EX004,EX5600FS,DT016,CAT 793,A-185-08-19,35.33,176.42,93.217041,93.217041,257.491076,35.853998,73.546955,0,363716.89,6591842.7,199.3,LEFT,176.4,435,15/11/2025,03:41:22,03:48:37,2084.917802,EX5600,225,29.0,8.0,34,257.491076,93.217041,54.873081,73.546955,35.853998,2466.555137,6955.685488
A185-001-19,A1850819_200_EN_1,6213650,4213650,EX004,EX5600FS,DT046,CAT 793,A-185-08-19,53.1,212.36,106.323096,106.323096,289.326746,54.209227,73.886473,0,363715.74,6591840.54,199.24,RIGHT,212.4,463,15/11/2025,03:48:37,03:56:20,2080.789469,EX5600,225,29.0,8.0,34,289.326746,106.323096,54.90795,73.886473,54.209227,2642.365574,7376.379168
A185-001-19,A1850819_200_EN_1,6213651,4213651,EX004,EX5600FS,DT013,CAT 793,A-185-08-19,43.17,198.51,98.606392,98.606392,282.745825,44.643733,82.097966,0,363719.09,6591842.36,199.53,RIGHT,198.5,429,15/11/2025,03:56:20,04:03:29,1940.133847,EX5600,225,29.0,8.0,34,282.745825,98.606392,57.397734,82.097966,44.643733,2527.5442,6946.203477
A185-001-19,A1850819_200_EN_1,6213652,4213652,EX004,EX5600FS,DT083,HIT EH5000,A-185-08-19,69.29,207.87,83.012725,83.012725,253.343014,35.255543,86.441627,0,363719.39,6591838.58,199.75,STRAIGHT,207.9,386,15/11/2025,04:03:29,04:09:55,2468.519652,EX5600,250,29.0,8.0,34,253.343014,83.012725,48.633118,86.441627,35.255543,2953.77544,8305.358606
A185-001-19,A1850819_200_EN_1,6213653,4213653,EX004,EX5600FS,DT008,CAT 793,A-185-08-19,44.7,198.0,95.853245,95.853245,268.789322,41.175987,79.018308,0,363717.54,6591839.89,198.33,LEFT,198.0,430,15/11/2025,04:09:55,04:17:05,1954.713406,EX5600,225,29.0,8.0,34,268.789322,95.853245,52.741782,79.018308,41.175987,2651.934142,7210.725248
A185-001-19,A1850819_200_EN_1,6213654,4213654,EX004,EX5600FS,DT077,HIT EH5000,A-185-08-19,47.4,196.27,99.62116,99.62116,253.805188,38.724764,67.052089,0,363720.09,6591838.42,198.23,LEFT,196.3,378,15/11/2025,04:17:05,04:23:23,2224.342864,EX5600,250,29.0,8.0,34,253.805188,99.62116,48.407175,67.052089,38.724764,2783.844744,7827.77193
A185-001-19,A1850819_200_EN_1,6213655,4213655,EX004,EX5600FS,DT030,CAT 793,A-185-08-19,43.2,205.84,88.77003,88.77003,262.286987,39.035864,76.452222,0,363711.93,6591845.92,198.49,RIGHT,205.8,430,15/11/2025,04:23:23,04:30:33,2175.276917,EX5600,225,29.0,8.0,34,262.286987,88.77003,58.02887,76.452222,39.035864,2825.304219,7829.171662
A185-001-19,A1850819_200_EN_1,6213656,4213656,EX004,EX5600FS,DT016,CAT 793,A-185-08-19,44.89,186.8,85.926268,85.926268,240.180207,38.091403,69.076295,0,363702.57,6591840.2,198.58,STRAIGHT,186.8,417,15/11/2025,04:30:33,04:37:30,2034.393896,EX5600,225,29.0,8.0,34,240.180207,85.926268,47.08624,69.076295,38.091403,2799.874319,7895.645579
A185-001-19,A1850819_200_EN_1,6213657,4213657,EX004,EX5600FS,DT011,CAT 793,A-185-08-19,60.29,180.87,78.311208,78.311208,256.167991,42.836167,75.410827,0,363704.64,6591840.89,199.29,STRAIGHT,180.9,377,15/11/2025,04:37:30,04:43:47,1930.154895,EX5600,225,29.0,8.0,34,256.167991,78.311208,59.609789,75.410827,42.836167,2541.83255,7167.967791
A185-001-19,A1850819_200_EN_1,6213658,4213658,EX004,EX5600FS,DT044,CAT 793,A-185-08-19,54.45,180.04,88.141067,88.141067,255.626922,41.668022,70.948571,0,363702.18,6591839.8,199.21,RIGHT,180.0,430,15/11/2025,04:43:47,04:50:57,1965.758284,EX5600,225,29.0,8.0,34,255.626922,88.141067,54.869261,70.948571,41.668022,2535.547144,6834.536799
A185-001-19,A1850819_200_EN_1,6213659,4213659,EX004,EX5600FS,DT022,CAT 793,A-185-08-19,37.95,185.07,86.628023,86.628023,241.252091,41.810787,66.965279,0,363707.09,6591839.59,198.71,RIGHT,185.1,410,15/11/2025,04:50:57,04:57:47,2141.759984,EX5600,225,29.0,8.0,34,241.252091,86.628023,45.848001,66.965279,41.810787,2761.708092,7788.016818
A185-001-19,A1850819_200_EN_1,6213660,4213660,EX004,EX5600FS,DT061,HIT EH5000,A-185-08-19,52.76,185.5,93.665694,93.665694,256.840931,43.155583,69.003393,0,363708.34,6591838.55,199.1,STRAIGHT,185.5,482,15/11/2025,04:57:47,05:05:49,2122.579518,EX5600,250,29.0,8.0,34,256.840931,93.665694,51.01626,69.003393,43.155583,2599.984222,7105.322432
A185-001-19,A1850819_200_EN_1,6213661,4213661,EX004,EX5600FS,DT078,HIT EH5000,A-185-08-19,57.31,203.35,87.604043,87.604043,263.820862,45.087224,78.734165,0,363704.51,6591841.14,198.89,STRAIGHT,203.4,441,15/11/2025,05:05:49,05:13:10,2107.822482,EX5600,250,29.0,8.0,34,263.820862,87.604043,52.395431,78.734165,45.087224,2774.870215,7825.134005
A185-001-19,A1850819_200_EN_1,6213662,4213662,EX004,EX5600FS,DT082,HIT EH5000,A-185-08-19,50.2,213.61,97.933542,97.933542,261.188345,41.627534,78.666966,0,363705.13,6591836.9,198.87,RIGHT,213.6,410,15/11/2025,05:13:10,05:20:00,2355.495277,EX5600,250,29.0,8.0,34,261.188345,97.933542,42.960303,78.666966,41.627534,2944.204966,8190.054273
A185-001-19,A1850819_200_EN_1,6213663,4213663,EX004,EX5600FS,DT054,HIT EH5000,A-185-08-19,37.43,194.1,96.860067,96.860067,262.44188,36.87569,67.721451,0,363703.61,6591844.14,198.33,LEFT,194.1,444,15/11/2025,05:20:00,05:27:24,2155.453201,EX5600,250,29.0,8.0,34,262.44188,96.860067,60.984673,67.721451,36.87569,2662.498313,7225.979591
A185-001-19,A1850819_200_EN_1,6213664,4213664,EX004,EX5600FS,DT076,HIT EH5000,A-185-08-19,65.33,195.99,88.770917,88.770917,268.940109,46.331531,77.12513,0,363702.54,6591838.82,199.8,STRAIGHT,196.0,400,15/11/2025,05:27:24,05:34:04,2265.600798,EX5600,250,29.0,8.0,34,268.940109,88.770917,56.71253,77.12513,46.331531,2623.545481,7152.859049
A185-001-19,A1850819_200_EN_1,6213665,4213665,EX004,EX5600FS,DT023,CAT 793,A-185-08-19,43.32,190.62,80.11766,80.11766,261.306734,42.339947,79.633458,0,363703.24,6591840.13,199.9,RIGHT,190.6,429,15/11/2025,05:34:04,05:41:13,2128.813954,EX5600,225,29.0,8.0,34,261.306734,80.11766,59.215669,79.633458,42.339947,2626.113406,7199.621872
A185-001-19,A1850819_200_EN_1,6213666,4213666,EX004,EX5600FS,DT026,CAT 793,A-185-08-19,42.82,186.46,101.42704,101.42704,280.128244,44.765131,75.424143,0,363708.29,6591841.49,199.3,STRAIGHT,186.5,441,15/11/2025,05:41:13,05:48:34,1766.785031,EX5600,225,29.0,8.0,34,280.128244,101.42704,58.51193,75.424143,44.765131,2396.276901,6757.500861
