pattern_id,block_name,haul_cycle_rec_ident,load_rec_ident,loading_unit_ident,load_desc,hauling_unit_ident,haul_desc,DrillPattern,bucket_tonnes,actual_tonnes,digging_time,dig_duration,total_time,spotting_time,loading_time,other_time,bucket_easting,bucket_northing,bucket_elevation,turnout,report_tonnes,calc_duration,date,start_time,end_time,tph,loader_type,truck_payload_t,bucket_nominal_t,passes,base_cycle_s,calc_total_time_s,digging_time_s,swing_time_s,loading_time_s,spotting_time_s,tph_recalc,digability
A185-001-03,A1850803_200_CS_1,6500001,4500001,EX004,EX5600FS,DT015,CAT 793,A-185-08-03,36.44,196.75,88.382683,88.382683,246.05884,37.955077,65.766346,0,363532.99,6591756.1,196.4,LEFT,196.8,430,5/10/2025,17:18:11,17:25:21,1647.219302,EX5600,225,29.0,8.0,34,246.05884,88.382683,51.766695,65.766346,37.955077,2878.597244,9018.772311
A185-001-03,A1850803_200_CS_1,6500002,4500002,EX004,EX5600FS,DT022,CAT 793,A-185-08-03,39.22,206.34,101.821506,101.821506,262.891779,30.275588,72.24892,0,363532.95,6591759.48,196.73,LEFT,206.3,407,5/10/2025,17:25:21,17:32:08,1825.15969,EX5600,225,29.0,8.0,34,262.891779,101.821506,56.617464,72.24892,30.275588,2825.649383,9284.226777
A185-001-03,A1850803_200_CS_1,6500003,4500003,EX004,EX5600FS,DT015,CAT 793,A-185-08-03,54.18,195.73,97.153512,97.153512,284.490982,42.810908,69.934655,0,363546.31,6591747.56,188.23,STRAIGHT,195.7,420,5/10/2025,17:32:08,17:39:08,1677.723205,EX5600,225,29.0,8.0,34,284.490982,97.153512,70.168752,69.934655,42.810908,2476.857936,9099.507885
A185-001-03,A1850803_200_CS_1,6500004,4500004,EX004,EX5600FS,DT010,CAT 793,A-185-08-03,47.17,186.1,86.052264,86.052264,249.123646,39.436188,81.081654,0,363503.49,6591780.19,193.91,LEFT,186.1,417,5/10/2025,17:39:08,17:46:05,1606.609382,EX5600,225,29.0,8.0,34,249.123646,86.052264,38.0,81.081654,39.436188,2689.251398,9119.43733
A185-001-03,A1850803_200_CS_1,6500005,4500005,EX004,EX5600FS,DT040,HIT EH5000,A-185-08-03,46.48,223.79,94.943076,94.943076,263.668625,31.47909,84.022843,0,363502.62,6591773.67,189.14,LEFT,223.8,396,5/10/2025,17:46:05,17:52:41,2034.468126,EX5600,250,29.0,8.0,34,263.668625,94.943076,50.715076,84.022843,31.47909,3055.537527,9446.08237
A185-001-03,A1850803_200_CS_1,6500006,4500006,EX004,EX5600FS,DT010,CAT 793,A-185-08-03,43.13,209.34,96.020011,96.020011,245.913097,48.290782,52.0,0,363496.41,6591722.41,185.87,LEFT,209.3,407,5/10/2025,17:52:41,17:59:28,1851.691215,EX5600,225,29.0,8.0,34,245.913097,96.020011,47.457488,52.0,48.290782,3064.653055,9030.192297
A185-001-03,A1850803_200_CS_1,6500007,4500007,EX004,EX5600FS,DT015,CAT 793,A-185-08-03,36.88,203.57,88.358353,88.358353,242.934832,35.329213,69.554443,0,363522.88,6591723.29,191.58,RIGHT,203.6,424,5/10/2025,17:59:28,18:06:32,1728.414934,EX5600,225,29.0,8.0,34,242.934832,88.358353,44.998495,69.554443,35.329213,3016.644117,9086.467424
A185-001-03,A1850803_200_CS_1,6500008,4500008,EX004,EX5600FS,DT061,HIT EH5000,A-185-08-03,52.98,214.27,88.878209,88.878209,265.782129,44.805698,69.750362,0,363518.31,6591704.75,195.25,STRAIGHT,214.3,370,5/10/2025,18:06:32,18:12:42,2084.780023,EX5600,250,29.0,8.0,34,265.782129,88.878209,57.313772,69.750362,44.805698,2902.259118,8756.546963
A185-001-03,A1850803_200_CS_1,6500009,4500009,EX004,EX5600FS,DT015,CAT 793,A-185-08-03,43.57,202.14,91.921489,91.921489,249.944463,41.356456,67.957593,0,363550.35,6591766.03,188.03,STRAIGHT,202.1,445,5/10/2025,18:12:42,18:20:07,1635.320696,EX5600,225,29.0,8.0,34,249.944463,91.921489,46.610339,67.957593,41.356456,2911.51763,9292.577193
A185-001-03,A1850803_200_CS_1,6500010,4500010,EX004,EX5600FS,DT018,CAT 793,A-185-08-03,45.12,203.88,88.705718,88.705718,282.797826,49.24951,79.405862,0,363533.63,6591759.54,187.6,STRAIGHT,203.9,459,5/10/2025,18:20:07,18:27:46,1599.05372,EX5600,225,29.0,8.0,34,282.797826,88.705718,60.171912,79.405862,49.24951,2595.372349,8848.712339
A185-001-03,A1850803_200_CS_1,6500011,4500011,EX004,EX5600FS,DT061,HIT EH5000,A-185-08-03,50.5,217.41,90.373884,90.373884,262.919359,33.352687,67.91252,0,363522.86,6591730.0,194.7,RIGHT,217.4,411,5/10/2025,18:27:46,18:34:37,1904.29216,EX5600,250,29.0,8.0,34,262.919359,90.373884,66.467569,67.91252,33.352687,2976.821789,9343.327721
A185-001-03,A1850803_200_CS_1,6500012,4500012,EX004,EX5600FS,DT061,HIT EH5000,A-185-08-03,42.64,201.4,88.517137,88.517137,270.282377,44.151053,76.85743,0,363546.12,6591763.43,198.45,LEFT,201.4,415,5/10/2025,18:34:37,18:41:32,1747.042585,EX5600,250,29.0,8.0,34,270.282377,88.517137,59.355289,76.85743,44.151053,2682.463725,9291.706082
A185-001-03,A1850803_200_CS_1,6500013,4500013,EX004,EX5600FS,DT061,HIT EH5000,A-185-08-03,49.14,245.73,99.219765,99.219765,274.097996,41.621899,69.602802,0,363536.23,6591736.49,199.63,LEFT,245.7,514,5/10/2025,18:41:32,18:50:06,1721.063316,EX5600,250,29.0,8.0,34,274.097996,99.219765,60.593588,69.602802,41.621899,3227.409753,9474.800737
A185-001-03,A1850803_200_CS_1,6500014,4500014,EX004,EX5600FS,DT015,CAT 793,A-185-08-03,50.96,203.38,93.192109,93.192109,286.369766,48.781279,84.5004,0,363531.1,6591713.66,198.1,LEFT,203.4,451,5/10/2025,18:50:06,18:57:37,1623.436233,EX5600,225,29.0,8.0,34,286.369766,93.192109,55.937231,84.5004,48.781279,2556.728495,8837.056927
A185-001-03,A1850803_200_CS_1,6500015,4500015,EX004,EX5600FS,DT030,CAT 793,A-185-08-03,45.33,185.62,87.827878,87.827878,261.360652,42.504911,66.662534,0,363529.2,6591774.84,189.59,LEFT,185.6,465,5/10/2025,18:57:37,19:05:22,1437.082915,EX5600,225,29.0,8.0,34,261.360652,87.827878,59.131153,66.662534,42.504911,2556.787145,9516.365014
A185-001-03,A1850803_200_CS_1,6500016,4500016,EX004,EX5600FS,DT010,CAT 793,A-185-08-03,48.1,200.71,76.416249,76.416249,217.31177,32.780401,66.148794,0,363497.61,6591710.42,198.99,RIGHT,200.7,451,5/10/2025,19:05:22,19:12:53,1602.099876,EX5600,225,29.0,8.0,34,217.31177,76.416249,38.99679,66.148794,32.780401,3324.932855,8867.127929
A185-001-03,A1850803_200_CS_1,6500017,4500017,EX004,EX5600FS,DT040,HIT EH5000,A-185-08-03,47.42,218.12,97.995552,97.995552,262.947997,43.035383,60.588082,0,363549.76,6591722.74,184.91,STRAIGHT,218.1,411,5/10/2025,19:12:53,19:19:44,1910.521141,EX5600,250,29.0,8.0,34,262.947997,97.995552,57.445197,60.588082,43.035383,2986.233771,8962.405085
A185-001-03,A1850803_200_CS_1,6500018,4500018,EX004,EX5600FS,DT018,CAT 793,A-185-08-03,42.22,182.91,84.497258,84.497258,248.442457,40.151889,65.92257,0,363543.51,6591711.5,184.91,LEFT,182.9,409,5/10/2025,19:19:44,19:26:33,1609.971659,EX5600,225,29.0,8.0,34,248.442457,84.497258,52.674921,65.92257,40.151889,2650.426243,9086.500127
A185-001-03,A1850803_200_CS_1,6500019,4500019,EX004,EX5600FS,DT018,CAT 793,A-185-08-03,44.19,197.95,88.077603,88.077603,270.21518,38.838331,79.139476,0,363506.11,6591747.81,195.55,RIGHT,198.0,419,5/10/2025,19:26:33,19:33:32,1700.775995,EX5600,225,29.0,8.0,34,270.21518,88.077603,61.211727,79.139476,38.838331,2637.25059,9345.446963
A185-001-03,A1850803_200_CS_1,6500020,4500020,EX004,EX5600FS,DT030,CAT 793,A-185-08-03,43.78,201.09,86.907028,86.907028,242.52522,39.672927,66.765461,0,363523.62,6591741.67,195.09,RIGHT,201.1,438,5/10/2025,19:33:32,19:40:50,1652.777364,EX5600,225,29.0,8.0,34,242.52522,86.907028,44.696139,66.765461,39.672927,2984.912186,9435.729045
A185-001-03,A1850803_200_CS_1,6500021,4500021,EX004,EX5600FS,DT040,HIT EH5000,A-185-08-03,32.21,217.73,86.999097,86.999097,253.966252,36.223649,69.188016,0,363518.91,6591700.74,192.43,RIGHT,217.7,496,5/10/2025,19:40:50,19:49:06,1580.304605,EX5600,250,29.0,8.0,34,253.966252,86.999097,55.580917,69.188016,36.223649,3086.359226,9214.788818
A185-001-03,A1850803_200_CS_1,6500022,4500022,EX004,EX5600FS,DT010,CAT 793,A-185-08-03,36.33,220.37,89.740937,89.740937,252.544575,34.43567,75.500556,0,363544.16,6591773.48,191.9,LEFT,220.4,434,5/10/2025,19:49:06,19:56:20,1827.978878,EX5600,225,29.0,8.0,34,252.544575,89.740937,49.6662,75.500556,34.43567,3141.397245,9079.484098
A185-001-03,A1850803_200_CS_1,6500023,4500023,EX004,EX5600FS,DT040,HIT EH5000,A-185-08-03,47.99,209.31,91.528312,91.528312,242.982428,29.579332,66.759208,0,363546.47,6591704.98,190.09,LEFT,209.3,498,5/10/2025,19:56:20,20:04:38,1513.088435,EX5600,250,29.0,8.0,34,242.982428,91.528312,54.220356,66.759208,29.579332,3101.121543,8997.67195
A185-001-03,A1850803_200_CS_1,6500024,4500024,EX004,EX5600FS,DT010,CAT 793,A-185-08-03,43.78,197.15,82.99206,82.99206,235.744594,43.348327,66.266113,0,363514.62,6591730.18,199.6,STRAIGHT,197.1,411,5/10/2025,20:04:38,20:11:29,1726.835476,EX5600,225,29.0,8.0,34,235.744594,82.99206,42.659985,66.266113,43.348327,3010.586029,9309.984539
A185-001-03,A1850803_200_CS_1,6500025,4500025,EX004,EX5600FS,DT010,CAT 793,A-185-08-03,48.48,210.28,101.286244,101.286244,269.098914,37.410861,64.606112,0,363551.58,6591774.4,187.02,RIGHT,210.3,424,5/10/2025,20:11:29,20:18:33,1785.390318,EX5600,225,29.0,8.0,34,269.098914,101.286244,65.419809,64.606112,37.410861,2813.112406,9021.740789
A185-001-03,A1850803_200_CS_1,6500026,4500026,EX004,EX5600FS,DT054,HIT EH5000,A-185-08-03,50.29,216.52,83.46541,83.46541,248.362521,43.952478,80.78282,0,363536.4,6591699.24,187.27,STRAIGHT,216.5,478,5/10/2025,20:18:33,20:26:31,1630.663685,EX5600,250,29.0,8.0,34,248.362521,83.46541,38.0,80.78282,43.952478,3138.385123,9441.648423
A185-001-03,A1850803_200_CS_1,6500027,4500027,EX004,EX5600FS,DT015,CAT 793,A-185-08-03,46.16,177.22,80.094345,80.094345,247.698966,35.941886,71.668509,0,363516.14,6591713.7,189.16,STRAIGHT,177.2,467,5/10/2025,20:26:31,20:34:18,1366.128671,EX5600,225,29.0,8.0,34,247.698966,80.094345,54.384807,71.668509,35.941886,2575.634848,8310.891581
A185-001-03,A1850803_200_CS_1,6500028,4500028,EX004,EX5600FS,DT015,CAT 793,A-185-08-03,39.48,196.65,82.452397,82.452397,239.124376,29.289142,67.929222,0,363552.86,6591738.68,190.77,RIGHT,196.6,444,5/10/2025,20:34:18,20:41:42,1594.457423,EX5600,225,29.0,8.0,34,239.124376,82.452397,58.229761,67.929222,29.289142,2960.547593,8305.010601
A185-001-03,A1850803_200_CS_1,6500029,4500029,EX004,EX5600FS,DT018,CAT 793,A-185-08-03,37.58,199.49,104.068897,104.068897,260.841561,30.876307,65.233953,0,363508.11,6591757.2,186.2,STRAIGHT,199.5,496,5/10/2025,20:41:42,20:49:58,1447.927169,EX5600,225,29.0,8.0,34,260.841561,104.068897,54.795582,65.233953,30.876307,2753.287756,9800.516248
A185-001-03,A1850803_200_CS_1,6500030,4500030,EX004,EX5600FS,DT018,CAT 793,A-185-08-03,51.57,200.75,94.401428,94.401428,258.702722,34.460274,65.88588,0,363509.26,6591782.9,194.09,RIGHT,200.7,370,5/10/2025,20:49:58,20:56:08,1953.198297,EX5600,225,29.0,8.0,34,258.702722,94.401428,62.04794,65.88588,34.460274,2793.48963,8914.882615
A185-001-03,A1850803_200_CS_1,6500031,4500031,EX004,EX5600FS,DT030,CAT 793,A-185-08-03,50.45,206.59,85.924782,85.924782,249.76956,37.199742,64.261586,0,363554.29,6591696.71,186.0,RIGHT,206.6,408,5/10/2025,20:56:08,21:02:56,1822.886932,EX5600,225,29.0,8.0,34,249.76956,85.924782,61.66497,64.261586,37.199742,2977.696194,8303.402356
A185-001-03,A1850803_200_CS_1,6500032,4500032,EX004,EX5600FS,DT022,CAT 793,A-185-08-03,53.46,176.4,79.695645,79.695645,225.062742,33.145435,66.967271,0,363556.9,6591731.12,187.6,LEFT,176.4,511,5/10/2025,21:02:56,21:11:27,1242.740435,EX5600,225,29.0,8.0,34,225.062742,79.695645,42.421625,66.967271,33.145435,2821.614797,9212.358932
A185-001-03,A1850803_200_CS_1,6500033,4500033,EX004,EX5600FS,DT022,CAT 793,A-185-08-03,35.73,192.27,83.024415,83.024415,250.981555,45.44391,60.314796,0,363538.98,6591743.17,192.68,RIGHT,192.3,378,5/10/2025,21:11:27,21:17:45,1831.179824,EX5600,225,29.0,8.0,34,250.981555,83.024415,56.477774,60.314796,45.44391,2757.915711,8979.938024
A185-001-03,A1850803_200_CS_1,6500034,4500034,EX004,EX5600FS,DT061,HIT EH5000,A-185-08-03,48.19,226.75,82.003938,82.003938,269.822742,41.563879,73.54983,0,363520.68,6591747.06,192.93,LEFT,226.7,360,5/10/2025,21:17:45,21:23:45,2267.498405,EX5600,250,29.0,8.0,34,269.822742,82.003938,67.749821,73.54983,41.563879,3025.317363,9132.458144
A185-001-03,A1850803_200_CS_1,6500035,4500035,EX004,EX5600FS,DT061,HIT EH5000,A-185-08-03,47.59,201.48,95.92244,95.92244,267.09837,36.861114,70.42669,0,363564.74,6591774.16,199.51,LEFT,201.5,459,5/10/2025,21:23:45,21:31:24,1580.244265,EX5600,250,29.0,8.0,34,267.09837,95.92244,62.158591,70.42669,36.861114,2715.599193,9221.715072
A185-001-03,A1850803_200_CS_1,6500036,4500036,EX004,EX5600FS,DT061,HIT EH5000,A-185-08-03,55.73,218.04,99.028826,99.028826,252.142071,31.736139,71.888079,0,363520.52,6591729.58,199.43,STRAIGHT,218.0,440,5/10/2025,21:31:24,21:38:44,1783.944998,EX5600,250,29.0,8.0,34,252.142071,99.028826,45.174199,71.888079,31.736139,3113.069528,8751.542929
A185-001-03,A1850803_200_CS_1,6500037,4500037,EX004,EX5600FS,DT018,CAT 793,A-185-08-03,42.62,209.78,70.103693,70.103693,241.308183,32.047951,74.724995,0,363553.24,6591730.33,195.6,RIGHT,209.8,379,5/10/2025,21:38:44,21:45:03,1992.634748,EX5600,225,29.0,8.0,34,241.308183,70.103693,59.065572,74.724995,32.047951,3129.643435,8871.977335
A185-001-03,A1850803_200_CS_1,6500038,4500038,EX004,EX5600FS,DT040,HIT EH5000,A-185-08-03,47.01,212.58,83.453094,83.453094,257.576362,32.808951,76.847139,0,363554.09,6591737.87,187.24,STRAIGHT,212.6,414,5/10/2025,21:45:03,21:51:57,1848.521566,EX5600,250,29.0,8.0,34,257.576362,83.453094,62.298352,76.847139,32.808951,2971.110862,9279.348271
A185-001-03,A1850803_200_CS_1,6500039,4500039,EX004,EX5600FS,DT061,HIT EH5000,A-185-08-03,51.01,224.02,94.196689,94.196689,258.088327,41.610132,60.064257,0,363544.73,6591708.68,187.0,RIGHT,224.0,463,5/10/2025,21:51:57,21:59:40,1741.813704,EX5600,250,29.0,8.0,34,258.088327,94.196689,61.27284,60.064257,41.610132,3124.743203,9143.733194
A185-001-03,A1850803_200_CS_1,6500040,4500040,EX004,EX5600FS,DT022,CAT 793,A-185-08-03,39.98,212.35,91.202445,91.202445,248.808057,28.228018,79.717504,0,363504.8,6591724.1,196.45,STRAIGHT,212.3,442,5/10/2025,21:59:40,22:07:02,1729.508353,EX5600,225,29.0,8.0,34,248.808057,91.202445,48.526196,79.717504,28.228018,3072.41936,8530.786532
A185-001-03,A1850803_200_CS_1,6500041,4500041,EX004,EX5600FS,DT054,HIT EH5000,A-185-08-03,55.16,227.66,91.375849,91.375849,237.783577,38.814906,57.77347,0,363527.68,6591759.76,193.93,LEFT,227.7,375,5/10/2025,22:07:02,22:13:17,2185.503838,EX5600,250,29.0,8.0,34,237.783577,91.375849,46.360938,57.77347,38.814906,3446.680165,9003.635527
A185-001-03,A1850803_200_CS_1,6500042,4500042,EX004,EX5600FS,DT061,HIT EH5000,A-185-08-03,47.12,225.04,84.015563,84.015563,254.315871,38.875098,77.920614,0,363545.36,6591751.29,191.93,LEFT,225.0,405,5/10/2025,22:13:17,22:20:02,2000.382681,EX5600,250,29.0,8.0,34,254.315871,84.015563,47.889058,77.920614,38.875098,3185.624959,9017.026547
A185-001-03,A1850803_200_CS_1,6500043,4500043,EX004,EX5600FS,DT040,HIT EH5000,A-185-08-03,43.18,229.75,96.04601,96.04601,256.763017,34.202891,62.58097,0,363506.49,6591732.1,199.36,STRAIGHT,229.7,471,5/10/2025,22:20:02,22:27:53,1756.049592,EX5600,250,29.0,8.0,34,256.763017,96.04601,58.817729,62.58097,34.202891,3221.255806,8971.88249
A185-001-03,A1850803_200_CS_1,6500044,4500044,EX004,EX5600FS,DT030,CAT 793,A-185-08-03,43.27,192.54,96.397939,96.397939,253.81252,33.579407,58.491838,0,363536.39,6591708.0,192.94,RIGHT,192.5,485,5/10/2025,22:27:53,22:35:58,1429.13005,EX5600,225,29.0,8.0,34,253.81252,96.397939,60.212927,58.491838,33.579407,2730.866371,10226.832248
A185-001-03,A1850803_200_CS_1,6500045,4500045,EX004,EX5600FS,DT015,CAT 793,A-185-08-03,31.91,216.23,77.426157,77.426157,243.904172,36.091073,68.859788,0,363503.13,6591724.96,192.78,STRAIGHT,216.2,376,5/10/2025,22:35:58,22:42:14,2070.304945,EX5600,225,29.0,8.0,34,243.904172,77.426157,60.47549,68.859788,36.091073,3191.55943,9414.805356
A185-001-03,A1850803_200_CS_1,6500046,4500046,EX004,EX5600FS,DT010,CAT 793,A-185-08-03,54.67,189.93,83.400565,83.400565,241.553991,45.914324,65.188116,0,363558.34,6591714.19,184.4,LEFT,189.9,360,5/10/2025,22:42:14,22:48:14,1899.263255,EX5600,225,29.0,8.0,34,241.553991,83.400565,43.338708,65.188116,45.914324,2830.567062,9274.819094
A185-001-03,A1850803_200_CS_1,6500047,4500047,EX004,EX5600FS,DT010,CAT 793,A-185-08-03,44.63,204.87,99.829502,99.829502,282.871803,46.196209,80.157656,0,363509.63,6591778.18,196.33,STRAIGHT,204.9,390,5/10/2025,22:48:14,22:54:44,1891.083631,EX5600,225,29.0,8.0,34,282.871803,99.829502,52.665935,80.157656,46.196209,2607.268061,9481.033248
A185-001-03,A1850803_200_CS_1,6500048,4500048,EX004,EX5600FS,DT015,CAT 793,A-185-08-03,50.2,183.81,89.875188,89.875188,250.09681,41.364738,70.003304,0,363544.55,6591750.25,195.31,STRAIGHT,183.8,399,5/10/2025,22:54:44,23:01:23,1658.42346,EX5600,225,29.0,8.0,34,250.09681,89.875188,45.524524,70.003304,41.364738,2645.819276,8984.699161
A185-001-03,A1850803_200_CS_1,6500049,4500049,EX004,EX5600FS,DT022,CAT 793,A-185-08-03,39.41,205.38,97.967528,97.967528,256.072833,37.591845,62.341926,0,363506.74,6591724.1,184.52,LEFT,205.4,512,5/10/2025,23:01:23,23:09:55,1444.062752,EX5600,225,29.0,8.0,34,256.072833,97.967528,55.163324,62.341926,37.591845,2887.304051,9191.945601
A185-001-03,A1850803_200_CS_1,6500050,4500050,EX004,EX5600FS,DT015,CAT 793,A-185-08-03,42.2,204.98,97.574578,97.574578,254.576018,43.762502,58.963433,0,363519.11,6591767.15,185.5,LEFT,205.0,489,5/10/2025,23:09:55,23:18:04,1509.091936,EX5600,225,29.0,8.0,34,254.576018,97.574578,53.608134,58.963433,43.762502,2898.725346,10188.784628
A185-001-03,A1850803_200_CS_1,6500051,4500051,EX004,EX5600FS,DT015,CAT 793,A-185-08-03,41.59,214.71,85.695924,85.695924,270.199251,45.614665,80.596761,0,363528.99,6591742.66,196.52,STRAIGHT,214.7,421,5/10/2025,23:18:04,23:25:05,1836.003804,EX5600,225,29.0,8.0,34,270.199251,85.695924,56.614373,80.596761,45.614665,2860.694835,8820.022421
A185-001-03,A1850803_200_CS_1,6500052,4500052,EX004,EX5600FS,DT015,CAT 793,A-185-08-03,45.1,202.77,99.556779,99.556779,269.398456,31.939992,75.417843,0,363507.51,6591772.91,194.62,RIGHT,202.8,510,5/10/2025,23:25:05,23:33:35,1431.291361,EX5600,225,29.0,8.0,34,269.398456,99.556779,56.985878,75.417843,31.939992,2709.587146,9054.030939
A185-001-03,A1850803_200_CS_1,6500053,4500053,EX004,EX5600FS,DT061,HIT EH5000,A-185-08-03,57.97,217.97,108.691369,108.691369,260.099674,38.500176,54.167248,0,363555.86,6591743.71,186.13,STRAIGHT,218.0,538,5/10/2025,23:33:35,23:42:33,1458.533777,EX5600,250,29.0,8.0,34,260.099674,108.691369,58.716356,54.167248,38.500176,3016.886409,9280.60157
A185-001-03,A1850803_200_CS_1,6500054,4500054,EX004,EX5600FS,DT022,CAT 793,A-185-08-03,52.29,200.25,91.242175,91.242175,253.89666,33.653683,62.336489,0,363545.41,6591751.41,191.15,LEFT,200.2,407,5/10/2025,23:42:33,23:49:20,1771.222488,EX5600,225,29.0,8.0,34,253.89666,91.242175,61.705435,62.336489,33.653683,2839.295143,8973.365217
A185-001-03,A1850803_200_CS_1,6500055,4500055,EX004,EX5600FS,DT022,CAT 793,A-185-08-03,36.64,196.04,97.525524,97.525524,269.411635,35.976979,82.183301,0,363552.7,6591764.3,185.44,RIGHT,196.0,498,5/10/2025,23:49:20,23:57:38,1417.127063,EX5600,225,29.0,8.0,34,269.411635,97.525524,53.077472,82.183301,35.976979,2619.520411,9344.68
A185-001-03,A1850803_200_CS_1,6500056,4500056,EX004,EX5600FS,DT010,CAT 793,A-185-08-03,40.03,221.28,102.394723,102.394723,272.902103,36.111779,72.695119,0,363511.89,6591706.55,193.85,STRAIGHT,221.3,429,5/10/2025,23:57:38,00:04:47,1856.905393,EX5600,225,29.0,8.0,34,272.902103,102.394723,59.954664,72.695119,36.111779,2919.040953,9314.710945
A185-001-03,A1850803_200_CS_1,6500057,4500057,EX004,EX5600FS,DT010,CAT 793,A-185-08-03,41.35,200.28,83.505603,83.505603,244.226661,36.87549,62.391761,0,363522.43,6591700.14,193.39,RIGHT,200.3,370,6/10/2025,00:04:47,00:10:57,1948.624424,EX5600,225,29.0,8.0,34,244.226661,83.505603,58.616398,62.391761,36.87549,2952.138944,9394.023197
A185-001-03,A1850803_200_CS_1,6500058,4500058,EX004,EX5600FS,DT054,HIT EH5000,A-185-08-03,43.51,226.28,96.978298,96.978298,269.975398,36.753057,71.931191,0,363504.34,6591708.81,188.17,RIGHT,226.3,360,6/10/2025,00:10:57,00:16:57,2262.835063,EX5600,250,29.0,8.0,34,269.975398,96.978298,60.340283,71.931191,36.753057,3017.388358,9738.471491
A185-001-03,A1850803_200_CS_1,6500059,4500059,EX004,EX5600FS,DT040,HIT EH5000,A-185-08-03,36.78,222.82,94.331478,94.331478,264.763411,43.588063,70.729488,0,363520.7,6591777.52,194.51,RIGHT,222.8,437,6/10/2025,00:16:57,00:24:14,1835.619461,EX5600,250,29.0,8.0,34,264.763411,94.331478,54.394787,70.729488,43.588063,3029.745319,8975.949933
A185-001-03,A1850803_200_CS_1,6500060,4500060,EX004,EX5600FS,DT018,CAT 793,A-185-08-03,43.5,206.74,94.733264,94.733264,261.426267,34.708532,74.64257,0,363549.4,6591750.61,198.05,LEFT,206.7,391,6/10/2025,00:24:14,00:30:45,1903.489588,EX5600,225,29.0,8.0,34,261.426267,94.733264,55.687954,74.64257,34.708532,2846.938216,8841.157494
A185-001-03,A1850803_200_CS_1,6500061,4500061,EX004,EX5600FS,DT022,CAT 793,A-185-08-03,45.96,209.23,73.146708,73.146708,250.69532,40.773283,73.760151,0,363510.98,6591776.04,194.21,RIGHT,209.2,470,6/10/2025,00:30:45,00:38:35,1602.647079,EX5600,225,29.0,8.0,34,250.69532,73.146708,57.843713,73.760151,40.773283,3004.61982,9145.369126
A185-001-03,A1850803_200_CS_1,6500062,4500062,EX004,EX5600FS,DT022,CAT 793,A-185-08-03,44.42,209.05,85.032835,85.032835,251.884926,40.422936,64.867615,0,363523.1,6591744.35,199.57,RIGHT,209.1,478,6/10/2025,00:38:35,00:46:33,1574.445138,EX5600,225,29.0,8.0,34,251.884926,85.032835,56.309771,64.867615,40.422936,2987.81189,9109.470752
A185-001-03,A1850803_200_CS_1,6500063,4500063,EX004,EX5600FS,DT040,HIT EH5000,A-185-08-03,43.77,208.29,77.07343,77.07343,235.618625,37.285241,63.911954,0,363519.35,6591719.11,193.92,LEFT,208.3,527,6/10/2025,00:46:33,00:55:20,1422.834537,EX5600,250,29.0,8.0,34,235.618625,77.07343,54.615187,63.911954,37.285241,3182.404623,8508.985442
A185-001-03,A1850803_200_CS_1,6500064,4500064,EX004,EX5600FS,DT030,CAT 793,A-185-08-03,44.9,201.58,81.269733,81.269733,230.492935,34.444438,62.110021,0,363537.39,6591723.67,198.63,LEFT,201.6,489,6/10/2025,00:55:20,01:03:29,1484.024417,EX5600,225,29.0,8.0,34,230.492935,81.269733,49.179774,62.110021,34.444438,3148.417285,8784.019365
A185-001-03,A1850803_200_CS_1,6500065,4500065,EX004,EX5600FS,DT061,HIT EH5000,A-185-08-03,27.79,213.0,65.8414,65.8414,228.778683,39.622908,64.172328,0,363533.76,6591749.87,199.6,RIGHT,213.0,441,6/10/2025,01:03:29,01:10:50,1738.78595,EX5600,250,29.0,8.0,34,228.778683,65.8414,58.867941,64.172328,39.622908,3351.730996,9444.077462
A185-001-03,A1850803_200_CS_1,6500066,4500066,EX004,EX5600FS,DT022,CAT 793,A-185-08-03,50.64,188.53,89.534934,89.534934,260.959711,39.932341,64.633874,0,363536.81,6591720.56,195.45,LEFT,188.5,390,6/10/2025,01:10:50,01:17:20,1740.288639,EX5600,225,29.0,8.0,34,260.959711,89.534934,63.093546,64.633874,39.932341,2600.83278,9278.046431
A185-001-03,A1850803_200_CS_1,6500067,4500067,EX004,EX5600FS,DT010,CAT 793,A-185-08-03,47.06,200.06,92.873362,92.873362,246.644277,33.63909,59.308766,0,363521.0,6591737.15,187.23,RIGHT,200.1,408,6/10/2025,01:17:20,01:24:08,1765.234947,EX5600,225,29.0,8.0,34,246.644277,92.873362,58.562803,59.308766,33.63909,2920.059076,8706.46108
A185-001-03,A1850803_200_CS_1,6500068,4500068,EX004,EX5600FS,DT061,HIT EH5000,A-185-08-03,36.19,227.84,67.582609,67.582609,224.449485,43.395268,70.090329,0,363530.02,6591750.6,184.75,LEFT,227.8,488,6/10/2025,01:24:08,01:32:16,1680.768062,EX5600,250,29.0,8.0,34,224.449485,67.582609,38.919916,70.090329,43.395268,3654.340369,9067.330506
A185-001-03,A1850803_200_CS_1,6500069,4500069,EX004,EX5600FS,DT022,CAT 793,A-185-08-03,43.26,191.22,91.511321,91.511321,247.256327,39.752621,63.651394,0,363526.48,6591729.52,197.79,LEFT,191.2,490,6/10/2025,01:32:16,01:40:26,1404.915156,EX5600,225,29.0,8.0,34,247.256327,91.511321,47.960241,63.651394,39.752621,2784.189322,8742.296596
A185-001-03,A1850803_200_CS_1,6500070,4500070,EX004,EX5600FS,DT022,CAT 793,A-185-08-03,40.32,184.86,78.933281,78.933281,236.730983,27.129343,73.109827,0,363523.4,6591700.57,187.59,STRAIGHT,184.9,427,6/10/2025,01:40:26,01:47:33,1558.576311,EX5600,225,29.0,8.0,34,236.730983,78.933281,54.476697,73.109827,27.129343,2811.258908,8976.603718
A185-001-03,A1850803_200_CS_1,6500071,4500071,EX004,EX5600FS,DT018,CAT 793,A-185-08-03,40.13,204.84,80.348664,80.348664,252.031717,34.072661,75.80818,0,363507.25,6591749.53,184.39,LEFT,204.8,502,6/10/2025,01:47:33,01:55:55,1469.004967,EX5600,225,29.0,8.0,34,252.031717,80.348664,60.437918,75.80818,34.072661,2925.982893,8991.564422
A185-001-03,A1850803_200_CS_1,6500072,4500072,EX004,EX5600FS,DT022,CAT 793,A-185-08-03,40.89,173.33,88.709431,88.709431,235.560262,32.865484,58.108327,0,363507.91,6591762.2,187.46,STRAIGHT,173.3,427,6/10/2025,01:55:55,02:03:02,1461.308692,EX5600,225,29.0,8.0,34,235.560262,88.709431,52.591235,58.108327,32.865484,2648.913724,9462.390622
A185-001-03,A1850803_200_CS_1,6500073,4500073,EX004,EX5600FS,DT040,HIT EH5000,A-185-08-03,50.6,216.99,91.077694,91.077694,289.380162,40.397757,86.053989,0,363536.81,6591754.73,195.01,RIGHT,217.0,485,6/10/2025,02:03:02,02:11:07,1610.636526,EX5600,250,29.0,8.0,34,289.380162,91.077694,66.535476,86.053989,40.397757,2699.420409,9041.385365
A185-001-03,A1850803_200_CS_1,6500074,4500074,EX004,EX5600FS,DT061,HIT EH5000,A-185-08-03,52.92,217.92,91.567509,91.567509,246.654439,35.801482,69.929832,0,363545.37,6591732.0,186.18,RIGHT,217.9,426,6/10/2025,02:11:07,02:18:13,1841.543217,EX5600,250,29.0,8.0,34,246.654439,91.567509,45.595837,69.929832,35.801482,3180.552567,9308.27222
A185-001-03,A1850803_200_CS_1,6500075,4500075,EX004,EX5600FS,DT054,HIT EH5000,A-185-08-03,42.1,233.57,75.793009,75.793009,234.001286,34.094624,73.073774,0,363553.77,6591751.38,189.1,RIGHT,233.6,417,6/10/2025,02:18:13,02:25:10,2016.404001,EX5600,250,29.0,8.0,34,234.001286,75.793009,47.021848,73.073774,34.094624,3593.315589,9250.365173
A185-001-03,A1850803_200_CS_1,6500076,4500076,EX004,EX5600FS,DT040,HIT EH5000,A-185-08-03,59.77,236.36,89.09019,89.09019,255.872283,35.340613,75.997788,0,363514.44,6591773.1,192.41,STRAIGHT,236.4,469,6/10/2025,02:25:10,02:32:59,1814.273037,EX5600,250,29.0,8.0,34,255.872283,89.09019,51.644422,75.997788,35.340613,3325.463953,8785.413359
A185-001-03,A1850803_200_CS_1,6500077,4500077,EX004,EX5600FS,DT054,HIT EH5000,A-185-08-03,43.79,218.61,102.106347,102.106347,256.086778,33.146068,68.057756,0,363517.66,6591758.56,196.46,RIGHT,218.6,447,6/10/2025,02:32:59,02:40:26,1760.60853,EX5600,250,29.0,8.0,34,256.086778,102.106347,50.611803,68.057756,33.146068,3073.14582,8829.117066
A185-001-03,A1850803_200_CS_1,6500078,4500078,EX004,EX5600FS,DT061,HIT EH5000,A-185-08-03,39.61,214.17,89.208785,89.208785,250.838544,38.11986,63.87074,0,363504.51,6591723.06,198.86,LEFT,214.2,490,6/10/2025,02:40:26,02:48:36,1573.488158,EX5600,250,29.0,8.0,34,250.838544,89.208785,58.795806,63.87074,38.11986,3073.726966,9120.710254
A185-001-03,A1850803_200_CS_1,6500079,4500079,EX004,EX5600FS,DT018,CAT 793,A-185-08-03,42.57,188.68,94.27273,94.27273,256.302339,38.814231,64.417673,0,363496.15,6591702.88,198.32,RIGHT,188.7,465,6/10/2025,02:48:36,02:56:21,1460.7744,EX5600,225,29.0,8.0,34,256.302339,94.27273,57.47966,64.417673,38.814231,2650.229796,9079.750934
A185-001-03,A1850803_200_CS_1,6500080,4500080,EX004,EX5600FS,DT054,HIT EH5000,A-185-08-03,39.29,220.18,78.388002,78.388002,223.3271,36.157196,58.886349,0,363528.06,6591752.78,199.77,LEFT,220.2,459,6/10/2025,02:56:21,03:04:00,1726.916711,EX5600,250,29.0,8.0,34,223.3271,78.388002,44.702039,58.886349,36.157196,3549.29953,9354.932923
A185-001-03,A1850803_200_CS_1,6500081,4500081,EX004,EX5600FS,DT061,HIT EH5000,A-185-08-03,48.6,210.03,83.834453,83.834453,232.703915,30.735215,70.996983,0,363509.49,6591751.03,188.96,RIGHT,210.0,504,6/10/2025,03:04:00,03:12:24,1500.232471,EX5600,250,29.0,8.0,34,232.703915,83.834453,41.503081,70.996983,30.735215,3249.267065,8584.841289
A185-001-03,A1850803_200_CS_1,6500082,4500082,EX004,EX5600FS,DT010,CAT 793,A-185-08-03,54.67,179.53,86.820145,86.820145,227.811828,36.069204,60.767288,0,363523.56,6591768.22,193.83,STRAIGHT,179.5,417,6/10/2025,03:12:24,03:19:21,1549.923043,EX5600,225,29.0,8.0,34,227.811828,86.820145,42.679541,60.767288,36.069204,2837.069154,9028.583418
A185-001-03,A1850803_200_CS_1,6500083,4500083,EX004,EX5600FS,DT018,CAT 793,A-185-08-03,52.66,190.72,94.281846,94.281846,263.786267,42.972361,69.141089,0,363497.95,6591725.41,195.77,LEFT,190.7,430,6/10/2025,03:19:21,03:26:31,1596.734715,EX5600,225,29.0,8.0,34,263.786267,94.281846,53.220544,69.141089,42.972361,2602.849406,9198.627485
A185-001-03,A1850803_200_CS_1,6500084,4500084,EX004,EX5600FS,DT040,HIT EH5000,A-185-08-03,40.18,214.86,83.156869,83.156869,254.35984,43.930277,84.679333,0,363528.59,6591701.43,189.26,LEFT,214.9,451,6/10/2025,03:26:31,03:34:02,1715.073789,EX5600,250,29.0,8.0,34,254.35984,83.156869,38.354883,84.679333,43.930277,3040.960712,8423.55239
A185-001-03,A1850803_200_CS_1,6500085,4500085,EX004,EX5600FS,DT030,CAT 793,A-185-08-03,37.89,213.57,85.556043,85.556043,258.009086,37.758858,70.333002,0,363529.52,6591751.84,194.45,LEFT,213.6,360,6/10/2025,03:34:02,03:40:02,2135.736468,EX5600,225,29.0,8.0,34,258.009086,85.556043,63.335313,70.333002,37.758858,2979.992455,9949.801841
A185-001-03,A1850803_200_CS_1,6500086,4500086,EX004,EX5600FS,DT030,CAT 793,A-185-08-03,48.24,181.78,112.41048,112.41048,273.829955,31.471667,74.620717,0,363537.7,6591711.28,197.72,RIGHT,181.8,550,6/10/2025,03:40:02,03:49:12,1189.82656,EX5600,225,29.0,8.0,34,273.829955,112.41048,51.106736,74.620717,31.471667,2389.821116,9549.841955
A185-001-03,A1850803_200_CS_1,6500087,4500087,EX004,EX5600FS,DT061,HIT EH5000,A-185-08-03,55.34,234.58,87.101069,87.101069,227.500391,30.634357,61.038925,0,363535.5,6591759.3,187.04,RIGHT,234.6,433,6/10/2025,03:49:12,03:56:25,1950.310609,EX5600,250,29.0,8.0,34,227.500391,87.101069,48.334634,61.038925,30.634357,3712.013376,9051.766886
A185-001-03,A1850803_200_CS_1,6500088,4500088,EX004,EX5600FS,DT061,HIT EH5000,A-185-08-03,49.51,205.89,88.933543,88.933543,270.972169,35.687681,82.800056,0,363552.47,6591746.39,186.87,LEFT,205.9,375,6/10/2025,03:56:25,04:02:40,1976.540365,EX5600,250,29.0,8.0,34,270.972169,88.933543,63.110523,82.800056,35.687681,2735.345993,8880.66488
A185-001-03,A1850803_200_CS_1,6500089,4500089,EX004,EX5600FS,DT030,CAT 793,A-185-08-03,53.69,187.99,88.75182,88.75182,238.72925,44.564272,61.502404,0,363552.89,6591704.54,189.9,LEFT,188.0,486,6/10/2025,04:02:40,04:10:46,1392.481483,EX5600,225,29.0,8.0,34,238.72925,88.75182,42.721345,61.502404,44.564272,2834.784594,9001.95178
A185-001-03,A1850803_200_CS_1,6500090,4500090,EX004,EX5600FS,DT022,CAT 793,A-185-08-03,47.38,183.68,76.778879,76.778879,268.434469,42.933039,80.324793,0,363511.01,6591749.32,191.03,STRAIGHT,183.7,454,6/10/2025,04:10:46,04:18:20,1456.507815,EX5600,225,29.0,8.0,34,268.434469,76.778879,64.724247,80.324793,42.933039,2463.374206,9297.835641
A185-001-03,A1850803_200_CS_1,6500091,4500091,EX004,EX5600FS,DT010,CAT 793,A-185-08-03,53.17,210.61,69.540595,69.540595,231.601876,34.913928,66.802461,0,363522.93,6591725.3,198.94,RIGHT,210.6,396,6/10/2025,04:18:20,04:24:56,1914.639612,EX5600,225,29.0,8.0,34,231.601876,69.540595,59.515333,66.802461,34.913928,3273.709611,9688.874771
A185-001-03,A1850803_200_CS_1,6500092,4500092,EX004,EX5600FS,DT040,HIT EH5000,A-185-08-03,39.3,214.38,89.289833,89.289833,260.491761,39.700008,64.858933,0,363527.68,6591737.23,197.43,STRAIGHT,214.4,360,6/10/2025,04:24:56,04:30:56,2143.78959,EX5600,250,29.0,8.0,34,260.491761,89.289833,62.364611,64.858933,39.700008,2962.720389,9126.591087
A185-001-03,A1850803_200_CS_1,6500093,4500093,EX004,EX5600FS,DT030,CAT 793,A-185-08-03,50.09,187.17,85.514694,85.514694,250.76936,43.369425,59.584209,0,363536.29,6591749.44,198.82,LEFT,187.2,429,6/10/2025,04:30:56,04:38:05,1570.654446,EX5600,225,29.0,8.0,34,250.76936,85.514694,58.329203,59.584209,43.369425,2686.974027,9809.257706
A185-001-03,A1850803_200_CS_1,6500094,4500094,EX004,EX5600FS,DT022,CAT 793,A-185-08-03,40.11,196.15,97.395565,97.395565,287.475221,42.797414,76.021141,0,363523.44,6591766.9,197.07,LEFT,196.2,469,6/10/2025,04:38:05,04:45:54,1505.665311,EX5600,225,29.0,8.0,34,287.475221,97.395565,71.134163,76.021141,42.797414,2456.410082,9565.811948
A185-001-03,A1850803_200_CS_1,6500095,4500095,EX004,EX5600FS,DT015,CAT 793,A-185-08-03,44.49,180.86,80.351859,80.351859,275.02281,44.491887,84.165,0,363505.46,6591736.79,195.14,STRAIGHT,180.9,468,6/10/2025,04:45:54,04:53:42,1391.24904,EX5600,225,29.0,8.0,34,275.02281,80.351859,61.634831,84.165,44.491887,2367.45654,8875.94279
A185-001-03,A1850803_200_CS_1,6500096,4500096,EX004,EX5600FS,DT061,HIT EH5000,A-185-08-03,37.03,214.73,77.099547,77.099547,225.108261,29.692217,69.773128,0,363538.97,6591718.53,196.84,STRAIGHT,214.7,490,6/10/2025,04:53:42,05:01:52,1577.578189,EX5600,250,29.0,8.0,34,225.108261,77.099547,46.917618,69.773128,29.692217,3433.962434,9202.752805
A185-001-03,A1850803_200_CS_1,6500097,4500097,EX004,EX5600FS,DT022,CAT 793,A-185-08-03,36.95,187.18,89.456996,89.456996,258.179092,40.119536,70.897033,0,363510.84,6591774.22,191.46,LEFT,187.2,372,6/10/2025,05:01:52,05:08:04,1811.39001,EX5600,225,29.0,8.0,34,258.179092,89.456996,56.016377,70.897033,40.119536,2609.959923,8839.743736
A185-001-03,A1850803_200_CS_1,6500098,4500098,EX004,EX5600FS,DT010,CAT 793,A-185-08-03,47.23,218.76,86.727073,86.727073,251.032289,42.676948,54.244143,0,363537.7,6591751.54,198.3,RIGHT,218.8,388,6/10/2025,05:08:04,05:14:32,2029.698588,EX5600,225,29.0,8.0,34,251.032289,86.727073,61.56417,54.244143,42.676948,3137.138472,8982.360547
A185-001-03,A1850803_200_CS_1,6500099,4500099,EX004,EX5600FS,DT010,CAT 793,A-185-08-03,36.68,208.54,91.406075,91.406075,260.370054,31.84591,69.280111,0,363533.03,6591724.3,187.44,RIGHT,208.5,377,6/10/2025,05:14:32,05:20:49,1991.390745,EX5600,225,29.0,8.0,34,260.370054,91.406075,62.415183,69.280111,31.84591,2883.412659,9549.338952
A185-001-03,A1850803_200_CS_1,6500100,4500100,EX004,EX5600FS,DT030,CAT 793,A-185-08-03,44.82,195.57,84.099251,84.099251,247.783903,34.944203,71.468726,0,363525.86,6591732.36,199.41,STRAIGHT,195.6,390,6/10/2025,05:20:49,05:27:19,1805.302749,EX5600,225,29.0,8.0,34,247.783903,84.099251,55.940616,71.468726,34.944203,2841.460097,8942.637095
A185-001-03,A1850803_200_CS_1,6500101,4500101,EX004,EX5600FS,DT061,HIT EH5000,A-185-08-03,50.35,223.99,86.763688,86.763688,231.614811,37.367473,60.887108,0,363504.35,6591782.25,188.87,STRAIGHT,224.0,432,6/10/2025,05:27:19,05:34:31,1866.588529,EX5600,250,29.0,8.0,34,231.614811,86.763688,45.489968,60.887108,37.367473,3481.496889,8742.026543
A185-001-03,A1850803_200_CS_1,6500102,4500102,EX004,EX5600FS,DT030,CAT 793,A-185-08-03,52.13,196.81,97.007992,97.007992,256.669682,40.794127,68.490407,0,363529.01,6591770.54,193.56,LEFT,196.8,464,6/10/2025,05:34:31,05:42:15,1526.966779,EX5600,225,29.0,8.0,34,256.669682,97.007992,45.184607,68.490407,40.794127,2760.406211,9777.978378
A185-001-03,A1850803_200_CS_1,6500103,4500103,EX004,EX5600FS,DT022,CAT 793,A-185-08-03,47.06,211.49,92.410787,92.410787,262.412647,37.009123,78.352916,0,363546.68,6591765.12,191.76,RIGHT,211.5,475,6/10/2025,05:42:15,05:50:10,1602.843594,EX5600,225,29.0,8.0,34,262.412647,92.410787,51.883774,78.352916,37.009123,2901.349141,9853.488359
A185-001-03,A1850803_200_CS_1,6500104,4500104,EX004,EX5600FS,DT040,HIT EH5000,A-185-08-03,41.8,208.12,89.421288,89.421288,272.506371,39.664922,76.12757,0,363546.38,6591723.88,195.92,STRAIGHT,208.1,453,6/10/2025,05:50:10,05:57:43,1653.925175,EX5600,250,29.0,8.0,34,272.506371,89.421288,63.392456,76.12757,39.664922,2749.396649,8702.64868
A185-001-03,A1850803_200_CS_1,6500105,4500105,EX004,EX5600FS,DT061,HIT EH5000,A-185-08-03,47.55,221.48,86.861057,86.861057,254.724804,46.183194,72.981305,0,363504.41,6591759.47,185.9,LEFT,221.5,385,6/10/2025,05:57:43,06:04:08,2070.988739,EX5600,250,29.0,8.0,34,254.724804,86.861057,48.49148,72.981305,46.183194,3130.164988,9229.258606
A185-001-03,A1850803_200_CS_1,6500106,4500106,EX004,EX5600FS,DT030,CAT 793,A-185-08-03,53.22,199.67,83.989825,83.989825,255.664177,46.10647,73.653511,0,363497.12,6591723.43,191.05,STRAIGHT,199.7,418,6/10/2025,06:04:08,06:11:06,1719.620305,EX5600,225,29.0,8.0,34,255.664177,83.989825,47.111625,73.653511,46.10647,2811.505688,8724.634819
A185-001-03,A1850803_200_CS_1,6500107,4500107,EX004,EX5600FS,DT040,HIT EH5000,A-185-08-03,46.02,227.4,89.223574,89.223574,269.520804,42.325371,74.058227,0,363560.75,6591765.7,195.56,RIGHT,227.4,363,6/10/2025,06:11:06,06:17:09,2255.246494,EX5600,250,29.0,8.0,34,269.520804,89.223574,58.856082,74.058227,42.325371,3037.444477,8985.070854
A185-001-03,A1850803_200_CS_1,6500108,4500108,EX004,EX5600FS,DT061,HIT EH5000,A-185-08-03,48.48,223.96,88.814015,88.814015,273.978711,46.166714,72.28375,0,363546.48,6591723.18,188.95,STRAIGHT,224.0,391,6/10/2025,06:17:09,06:23:40,2062.061261,EX5600,250,29.0,8.0,34,273.978711,88.814015,62.211281,72.28375,46.166714,2942.80512,9100.677681
A185-001-03,A1850803_200_CS_1,6500109,4500109,EX004,EX5600FS,DT018,CAT 793,A-185-08-03,42.91,196.3,102.065667,102.065667,264.474768,45.706262,61.619302,0,363563.04,6591749.42,187.48,LEFT,196.3,469,6/10/2025,06:23:40,06:31:29,1506.811245,EX5600,225,29.0,8.0,34,264.474768,102.065667,54.791615,61.619302,45.706262,2672.067654,8687.917264
A185-001-03,A1850803_200_CS_1,6500110,4500110,EX004,EX5600FS,DT040,HIT EH5000,A-185-08-03,46.18,227.59,75.510199,75.510199,241.859926,35.63673,68.861815,0,363554.03,6591773.72,196.77,RIGHT,227.6,399,6/10/2025,06:31:29,06:38:08,2053.463231,EX5600,250,29.0,8.0,34,241.859926,75.510199,60.816866,68.861815,35.63673,3387.62954,9387.710087
A185-001-03,A1850803_200_CS_1,6500111,4500111,EX004,EX5600FS,DT030,CAT 793,A-185-08-03,57.62,189.67,90.151759,90.151759,268.841638,36.008499,82.310204,0,363511.45,6591764.73,186.62,STRAIGHT,189.7,405,6/10/2025,06:38:08,06:44:53,1685.9421,EX5600,225,29.0,8.0,34,268.841638,90.151759,57.102892,82.310204,36.008499,2539.809513,9131.258988
A185-001-03,A1850803_200_CS_1,6500112,4500112,EX004,EX5600FS,DT040,HIT EH5000,A-185-08-03,50.02,207.2,92.162554,92.162554,253.544143,33.290595,70.502271,0,363537.92,6591701.2,184.8,RIGHT,207.2,440,6/10/2025,06:44:53,06:52:13,1695.290162,EX5600,250,29.0,8.0,34,253.544143,92.162554,52.931935,70.502271,33.290595,2942.00316,9324.43958
A185-001-03,A1850803_200_CS_1,6500113,4500113,EX004,EX5600FS,DT040,HIT EH5000,A-185-08-03,45.14,211.0,86.093383,86.093383,271.46613,51.123202,80.712879,0,363538.18,6591708.91,191.29,LEFT,211.0,399,6/10/2025,06:52:13,06:58:52,1903.733143,EX5600,250,29.0,8.0,34,271.46613,86.093383,50.912149,80.712879,51.123202,2798.100538,9013.957996
A185-001-03,A1850803_200_CS_1,6500114,4500114,EX004,EX5600FS,DT010,CAT 793,A-185-08-03,42.9,201.04,103.624652,103.624652,279.166032,42.527023,74.272873,0,363537.39,6591734.19,191.53,STRAIGHT,201.0,519,6/10/2025,06:58:52,07:07:31,1394.513165,EX5600,225,29.0,8.0,34,279.166032,103.624652,55.484348,74.272873,42.527023,2592.551566,8791.100282
A185-001-03,A1850803_200_CS_1,6500115,4500115,EX004,EX5600FS,DT018,CAT 793,A-185-08-03,44.27,208.17,95.644592,95.644592,258.355525,38.252523,67.440139,0,363527.36,6591709.01,191.82,LEFT,208.2,467,6/10/2025,07:07:31,07:15:18,1604.742317,EX5600,225,29.0,8.0,34,258.355525,95.644592,53.723586,67.440139,38.252523,2900.710803,8723.4444
A185-001-03,A1850803_200_CS_1,6500116,4500116,EX004,EX5600FS,DT018,CAT 793,A-185-08-03,42.05,211.76,89.599849,89.599849,247.505848,33.216878,66.603982,0,363553.79,6591772.83,194.89,RIGHT,211.8,386,6/10/2025,07:15:18,07:21:44,1975.006149,EX5600,225,29.0,8.0,34,247.505848,89.599849,53.926106,66.603982,33.216878,3080.138832,10153.570934
A185-001-03,A1850803_200_CS_1,6500117,4500117,EX004,EX5600FS,DT015,CAT 793,A-185-08-03,46.32,184.1,92.076081,92.076081,249.260805,35.319437,63.835555,0,363539.68,6591731.19,198.8,LEFT,184.1,434,6/10/2025,07:21:44,07:28:58,1527.065883,EX5600,225,29.0,8.0,34,249.260805,92.076081,55.987092,63.835555,35.319437,2658.848002,8560.305051
A185-001-03,A1850803_200_CS_1,6500118,4500118,EX004,EX5600FS,DT030,CAT 793,A-185-08-03,44.73,185.23,96.596225,96.596225,281.497078,50.671583,59.947559,0,363513.75,6591772.02,188.98,LEFT,185.2,434,6/10/2025,07:28:58,07:36:12,1536.441314,EX5600,225,29.0,8.0,34,281.497078,96.596225,69.350996,59.947559,50.671583,2368.818656,9160.63829
A185-001-03,A1850803_200_CS_1,6500119,4500119,EX004,EX5600FS,DT010,CAT 793,A-185-08-03,39.68,183.59,91.970982,91.970982,259.495373,34.1999,70.160632,0,363553.8,6591706.47,189.85,LEFT,183.6,401,6/10/2025,07:36:12,07:42:53,1648.185034,EX5600,225,29.0,8.0,34,259.495373,91.970982,59.076673,70.160632,34.1999,2546.951762,8795.06775
A185-001-03,A1850803_200_CS_1,6500120,4500120,EX004,EX5600FS,DT040,HIT EH5000,A-185-08-03,54.02,211.27,102.662322,102.662322,278.493844,42.458353,70.433057,0,363543.47,6591761.71,191.15,STRAIGHT,211.3,425,6/10/2025,07:42:53,07:49:58,1789.539313,EX5600,250,29.0,8.0,34,278.493844,102.662322,57.942622,70.433057,42.458353,2730.955186,9640.119516
A185-001-03,A1850803_200_CS_1,6500121,4500121,EX004,EX5600FS,DT010,CAT 793,A-185-08-03,39.51,205.67,77.590436,77.590436,237.105249,42.767518,66.153214,0,363527.89,6591761.89,184.5,STRAIGHT,205.7,469,6/10/2025,07:49:58,07:57:47,1578.7261,EX5600,225,29.0,8.0,34,237.105249,77.590436,47.328536,66.153214,42.767518,3122.758958,9476.020829
A185-001-03,A1850803_200_CS_1,6500122,4500122,EX004,EX5600FS,DT015,CAT 793,A-185-08-03,48.53,200.15,86.564371,86.564371,251.864409,40.398854,77.485118,0,363519.66,6591716.18,192.77,RIGHT,200.1,380,6/10/2025,07:57:47,08:04:07,1896.146349,EX5600,225,29.0,8.0,34,251.864409,86.564371,42.218227,77.485118,40.398854,2860.80759,9315.830556
A185-001-03,A1850803_200_CS_1,6500123,4500123,EX004,EX5600FS,DT022,CAT 793,A-185-08-03,46.18,206.58,86.487071,86.487071,248.913927,35.416464,71.396591,0,363559.18,6591775.27,185.29,RIGHT,206.6,445,6/10/2025,08:04:07,08:11:32,1671.222158,EX5600,225,29.0,8.0,34,248.913927,86.487071,52.897154,71.396591,35.416464,2987.755125,9886.932477
A185-001-03,A1850803_200_CS_1,6500124,4500124,EX004,EX5600FS,DT015,CAT 793,A-185-08-03,48.05,180.91,81.951151,81.951151,250.275223,41.072391,68.988922,0,363515.64,6591738.86,187.35,RIGHT,180.9,383,6/10/2025,08:11:32,08:17:55,1700.428308,EX5600,225,29.0,8.0,34,250.275223,81.951151,54.941014,68.988922,41.072391,2602.191436,9318.391837
A185-001-03,A1850803_200_CS_1,6500125,4500125,EX004,EX5600FS,DT018,CAT 793,A-185-08-03,45.95,179.02,94.940617,94.940617,274.016279,41.632796,65.76087,0,363528.48,6591707.25,191.26,STRAIGHT,179.0,397,6/10/2025,08:17:55,08:24:32,1623.385913,EX5600,225,29.0,8.0,34,274.016279,94.940617,66.698358,65.76087,41.632796,2351.992408,9213.42321
A185-001-03,A1850803_200_CS_1,6500126,4500126,EX004,EX5600FS,DT054,HIT EH5000,A-185-08-03,40.9,212.83,82.27378,82.27378,260.785239,33.237878,83.293664,0,363508.44,6591763.86,189.24,RIGHT,212.8,396,6/10/2025,08:24:32,08:31:08,1934.827906,EX5600,250,29.0,8.0,34,260.785239,82.27378,59.232929,83.293664,33.237878,2938.018476,8568.775978
A185-001-03,A1850803_200_CS_1,6500127,4500127,EX004,EX5600FS,DT022,CAT 793,A-185-08-03,50.43,198.08,84.897626,84.897626,268.045878,41.072796,78.673189,0,363531.95,6591701.43,194.91,STRAIGHT,198.1,463,6/10/2025,08:31:08,08:38:51,1540.170567,EX5600,225,29.0,8.0,34,268.045878,84.897626,62.390843,78.673189,41.072796,2660.361645,8848.474644
A185-001-03,A1850803_200_CS_1,6500128,4500128,EX004,EX5600FS,DT061,HIT EH5000,A-185-08-03,50.27,210.24,91.858347,91.858347,260.964662,42.243216,71.841166,0,363560.73,6591763.88,199.7,RIGHT,210.2,421,6/10/2025,08:38:51,08:45:52,1797.800284,EX5600,250,29.0,8.0,34,260.964662,91.858347,54.280233,71.841166,42.243216,2900.292757,8871.023964
A185-001-03,A1850803_200_CS_1,6500129,4500129,EX004,EX5600FS,DT030,CAT 793,A-185-08-03,35.35,211.36,102.57216,102.57216,269.5734,35.783978,65.512519,0,363501.91,6591730.77,189.25,STRAIGHT,211.4,442,6/10/2025,08:45:52,08:53:14,1721.500641,EX5600,225,29.0,8.0,34,269.5734,102.57216,60.707456,65.512519,35.783978,2822.620044,9417.992426
A185-001-03,A1850803_200_CS_1,6500130,4500130,EX004,EX5600FS,DT054,HIT EH5000,A-185-08-03,40.32,214.31,96.62018,96.62018,269.228737,37.465002,63.072385,0,363529.02,6591708.84,184.15,LEFT,214.3,360,6/10/2025,08:53:14,08:59:14,2143.07211,EX5600,250,29.0,8.0,34,269.228737,96.62018,69.060487,63.072385,37.465002,2865.615194,9098.986321
A185-001-03,A1850803_200_CS_1,6500131,4500131,EX004,EX5600FS,DT040,HIT EH5000,A-185-08-03,43.59,226.42,86.712152,86.712152,266.004673,41.609898,85.752142,0,363551.63,6591724.67,196.65,STRAIGHT,226.4,494,6/10/2025,08:59:14,09:07:28,1650.028453,EX5600,250,29.0,8.0,34,266.004673,86.712152,47.058118,85.752142,41.609898,3064.28472,9495.925889
A185-001-03,A1850803_200_CS_1,6500132,4500132,EX004,EX5600FS,DT022,CAT 793,A-185-08-03,41.2,211.67,96.849478,96.849478,263.228896,31.912901,77.355462,0,363560.68,6591763.37,193.24,STRAIGHT,211.7,435,6/10/2025,09:07:28,09:14:43,1751.728709,EX5600,225,29.0,8.0,34,263.228896,96.849478,52.268128,77.355462,31.912901,2894.826522,9621.664604
A185-001-03,A1850803_200_CS_1,6500133,4500133,EX004,EX5600FS,DT030,CAT 793,A-185-08-03,42.5,201.83,75.303628,75.303628,244.499651,40.166832,71.373143,0,363537.91,6591751.17,183.99,LEFT,201.8,467,6/10/2025,09:14:43,09:22:30,1555.888022,EX5600,225,29.0,8.0,34,244.499651,75.303628,53.534749,71.373143,40.166832,2971.782186,8903.247355
A185-001-03,A1850803_200_CS_1,6500134,4500134,EX004,EX5600FS,DT040,HIT EH5000,A-185-08-03,42.91,216.12,85.100996,85.100996,274.046905,43.369169,82.262028,0,363543.96,6591771.21,197.72,STRAIGHT,216.1,434,6/10/2025,09:22:30,09:29:44,1792.705868,EX5600,250,29.0,8.0,34,274.046905,85.100996,60.600412,82.262028,43.369169,2839.0554,8926.235139
A185-001-03,A1850803_200_CS_1,6500135,4500135,EX004,EX5600FS,DT018,CAT 793,A-185-08-03,49.1,206.31,84.468225,84.468225,257.126332,38.183636,65.310214,0,363528.91,6591730.57,192.88,STRAIGHT,206.3,406,6/10/2025,09:29:44,09:36:30,1829.383967,EX5600,225,29.0,8.0,34,257.126332,84.468225,63.238646,65.310214,38.183636,2888.579656,8611.164016
A185-001-03,A1850803_200_CS_1,6500136,4500136,EX004,EX5600FS,DT054,HIT EH5000,A-185-08-03,35.09,215.16,101.124824,101.124824,254.912782,43.549477,57.28553,0,363549.77,6591768.5,184.65,RIGHT,215.2,503,6/10/2025,09:36:30,09:44:53,1539.940981,EX5600,250,29.0,8.0,34,254.912782,101.124824,50.307137,57.28553,43.549477,3038.648383,9452.478655
A185-001-03,A1850803_200_CS_1,6500137,4500137,EX004,EX5600FS,DT010,CAT 793,A-185-08-03,52.24,191.45,93.507711,93.507711,267.112946,39.882541,70.758257,0,363527.8,6591756.69,199.85,LEFT,191.5,427,6/10/2025,09:44:53,09:52:00,1614.139227,EX5600,225,29.0,8.0,34,267.112946,93.507711,60.255302,70.758257,39.882541,2580.322147,8838.995697
A185-001-03,A1850803_200_CS_1,6500138,4500138,EX004,EX5600FS,DT022,CAT 793,A-185-08-03,50.12,189.14,75.04584,75.04584,237.600911,28.701677,69.699773,0,363550.0,6591711.37,192.23,RIGHT,189.1,477,6/10/2025,09:52:00,09:59:57,1427.449659,EX5600,225,29.0,8.0,34,237.600911,75.04584,60.489362,69.699773,28.701677,2865.70234,9204.826313
A185-001-03,A1850803_200_CS_1,6500139,4500139,EX004,EX5600FS,DT015,CAT 793,A-185-08-03,35.58,199.33,88.426777,88.426777,265.194435,32.613537,82.159778,0,363503.31,6591721.76,197.86,RIGHT,199.3,366,6/10/2025,09:59:57,10:06:03,1960.652674,EX5600,225,29.0,8.0,34,265.194435,88.426777,56.758615,82.159778,32.613537,2705.934902,8503.095199
A185-001-03,A1850803_200_CS_1,6500140,4500140,EX004,EX5600FS,DT010,CAT 793,A-185-08-03,43.89,188.45,79.761009,79.761009,255.992353,47.784139,71.780683,0,363526.48,6591736.69,186.61,STRAIGHT,188.5,428,6/10/2025,10:06:03,10:13:11,1585.103853,EX5600,225,29.0,8.0,34,255.992353,79.761009,53.052198,71.780683,47.784139,2650.17467,9412.513074
A185-001-03,A1850803_200_CS_1,6500141,4500141,EX004,EX5600FS,DT022,CAT 793,A-185-08-03,45.84,203.26,93.422205,93.422205,275.422575,43.790623,75.48552,0,363546.2,6591716.66,184.76,LEFT,203.3,397,6/10/2025,10:13:11,10:19:48,1843.122612,EX5600,225,29.0,8.0,34,275.422575,93.422205,58.799098,75.48552,43.790623,2656.716416,9375.078094
A185-001-03,A1850803_200_CS_1,6500142,4500142,EX004,EX5600FS,DT015,CAT 793,A-185-08-03,51.68,209.14,104.300635,104.300635,264.43157,39.617524,66.63616,0,363561.87,6591764.41,194.8,RIGHT,209.1,360,6/10/2025,10:19:48,10:25:48,2091.408805,EX5600,225,29.0,8.0,34,264.43157,104.300635,52.91481,66.63616,39.617524,2847.266569,9283.712982
A185-001-03,A1850803_200_CS_1,6500143,4500143,EX004,EX5600FS,DT022,CAT 793,A-185-08-03,41.81,193.95,96.77014,96.77014,261.001888,49.980639,60.957687,0,363535.82,6591771.63,187.65,RIGHT,194.0,472,6/10/2025,10:25:48,10:33:40,1479.303544,EX5600,225,29.0,8.0,34,261.001888,96.77014,49.131044,60.957687,49.980639,2675.196258,9707.594961
A185-001-03,A1850803_200_CS_1,6500144,4500144,EX004,EX5600FS,DT054,HIT EH5000,A-185-08-03,48.11,193.11,92.728284,92.728284,261.406351,39.329189,67.218781,0,363521.94,6591763.39,189.95,LEFT,193.1,479,6/10/2025,10:33:40,10:41:39,1451.378243,EX5600,250,29.0,8.0,34,261.406351,92.728284,61.321595,67.218781,39.329189,2659.499952,9236.514881
A185-001-03,A1850803_200_CS_1,6500145,4500145,EX004,EX5600FS,DT018,CAT 793,A-185-08-03,41.08,193.72,93.45776,93.45776,256.955357,41.625261,69.72465,0,363523.35,6591707.61,187.36,LEFT,193.7,461,6/10/2025,10:41:39,10:49:20,1512.790999,EX5600,225,29.0,8.0,34,256.955357,93.45776,52.051257,69.72465,41.625261,2714.077098,9406.278202
A185-001-03,A1850803_200_CS_1,6500146,4500146,EX004,EX5600FS,DT022,CAT 793,A-185-08-03,38.98,208.85,87.473477,87.473477,254.842498,36.045043,79.533559,0,363522.97,6591771.57,185.87,LEFT,208.9,443,6/10/2025,10:49:20,10:56:43,1697.211251,EX5600,225,29.0,8.0,34,254.842498,87.473477,51.526268,79.533559,36.045043,2950.310843,9488.693279
A185-001-03,A1850803_200_CS_1,6500147,4500147,EX004,EX5600FS,DT061,HIT EH5000,A-185-08-03,48.81,239.84,76.81712,76.81712,246.876769,36.889508,70.83978,0,363545.24,6591723.15,195.49,RIGHT,239.8,553,6/10/2025,10:56:43,11:05:56,1561.324619,EX5600,250,29.0,8.0,34,246.876769,76.81712,58.943258,70.83978,36.889508,3497.342089,8840.729001
A185-001-03,A1850803_200_CS_1,6500148,4500148,EX004,EX5600FS,DT030,CAT 793,A-185-08-03,45.52,213.64,103.510659,103.510659,275.281133,38.616988,72.668271,0,363538.37,6591748.31,187.02,RIGHT,213.6,386,6/10/2025,11:05:56,11:12:22,1992.49153,EX5600,225,29.0,8.0,34,275.281133,103.510659,55.665007,72.668271,38.616988,2793.877384,8812.019256
A185-001-03,A1850803_200_CS_1,6500149,4500149,EX004,EX5600FS,DT030,CAT 793,A-185-08-03,50.13,182.19,86.446258,86.446258,255.542439,33.592843,75.628785,0,363532.56,6591731.03,188.24,STRAIGHT,182.2,410,6/10/2025,11:12:22,11:19:12,1599.676396,EX5600,225,29.0,8.0,34,255.542439,86.446258,55.95113,75.628785,33.592843,2566.569081,9249.419977
A185-001-03,A1850803_200_CS_1,6500150,4500150,EX004,EX5600FS,DT010,CAT 793,A-185-08-03,28.19,191.58,81.677206,81.677206,247.375746,34.972273,65.692363,0,363521.24,6591718.31,189.78,LEFT,191.6,499,6/10/2025,11:19:12,11:27:31,1382.152199,EX5600,225,29.0,8.0,34,247.375746,81.677206,61.474203,65.692363,34.972273,2788.041914,8694.5077
A185-001-03,A1850803_200_CS_1,6500151,4500151,EX004,EX5600FS,DT054,HIT EH5000,A-185-08-03,45.05,228.44,85.96576,85.96576,257.691065,32.112888,82.491207,0,363542.88,6591752.7,199.43,LEFT,228.4,465,6/10/2025,11:27:31,11:35:16,1768.541274,EX5600,250,29.0,8.0,34,257.691065,85.96576,52.130721,82.491207,32.112888,3191.308519,9131.75457
A185-001-03,A1850803_200_CS_1,6500152,4500152,EX004,EX5600FS,DT040,HIT EH5000,A-185-08-03,42.26,204.83,88.372914,88.372914,254.276648,34.312107,67.295947,0,363515.31,6591769.57,191.97,STRAIGHT,204.8,456,6/10/2025,11:35:16,11:42:52,1617.111738,EX5600,250,29.0,8.0,34,254.276648,88.372914,62.50671,67.295947,34.312107,2900.002649,9899.31882
A185-001-03,A1850803_200_CS_1,6500153,4500153,EX004,EX5600FS,DT030,CAT 793,A-185-08-03,41.96,207.55,94.343247,94.343247,240.848844,30.994021,52.0,0,363506.17,6591734.4,198.27,LEFT,207.6,423,6/10/2025,11:42:52,11:49:55,1766.392222,EX5600,225,29.0,8.0,34,240.848844,94.343247,59.751741,52.0,30.994021,3102.293947,9314.031275
A185-001-03,A1850803_200_CS_1,6500154,4500154,EX004,EX5600FS,DT010,CAT 793,A-185-08-03,40.33,219.42,96.732065,96.732065,262.356002,45.780556,66.573632,0,363548.14,6591729.97,192.59,STRAIGHT,219.4,414,6/10/2025,11:49:55,11:56:49,1907.993264,EX5600,225,29.0,8.0,34,262.356002,96.732065,50.410911,66.573632,45.780556,3010.829584,8529.163693
A185-001-03,A1850803_200_CS_1,6500155,4500155,EX004,EX5600FS,DT015,CAT 793,A-185-08-03,48.44,199.14,77.863445,77.863445,234.564159,30.790318,75.492201,0,363543.54,6591707.62,186.26,RIGHT,199.1,361,6/10/2025,11:56:49,12:02:50,1985.912562,EX5600,225,29.0,8.0,34,234.564159,77.863445,48.701604,75.492201,30.790318,3056.368193,8505.841977
A185-001-03,A1850803_200_CS_1,6500156,4500156,EX004,EX5600FS,DT010,CAT 793,A-185-08-03,51.62,206.72,82.39957,82.39957,245.901753,46.085234,58.527606,0,363504.91,6591736.31,193.01,RIGHT,206.7,464,6/10/2025,12:02:50,12:10:34,1603.853156,EX5600,225,29.0,8.0,34,245.901753,82.39957,58.344745,58.527606,46.085234,3026.362588,9595.919576
A185-001-03,A1850803_200_CS_1,6500157,4500157,EX004,EX5600FS,DT010,CAT 793,A-185-08-03,48.49,190.44,90.774341,90.774341,271.70992,34.438568,82.239827,0,363546.24,6591729.12,187.99,STRAIGHT,190.4,374,6/10/2025,12:10:34,12:16:48,1833.125747,EX5600,225,29.0,8.0,34,271.70992,90.774341,61.404525,82.239827,34.438568,2523.23886,8797.222153
A185-001-03,A1850803_200_CS_1,6500158,4500158,EX004,EX5600FS,DT054,HIT EH5000,A-185-08-03,46.62,201.97,100.426176,100.426176,283.98301,46.246271,72.07379,0,363531.19,6591736.93,193.17,RIGHT,202.0,460,6/10/2025,12:16:48,12:24:28,1580.658398,EX5600,250,29.0,8.0,34,283.98301,100.426176,62.097097,72.07379,46.246271,2560.374523,9054.17291
A185-001-03,A1850803_200_CS_1,6500159,4500159,EX004,EX5600FS,DT030,CAT 793,A-185-08-03,36.97,186.73,101.655316,101.655316,275.24525,42.653336,68.19483,0,363496.92,6591704.61,196.27,STRAIGHT,186.7,507,6/10/2025,12:24:28,12:32:55,1325.859368,EX5600,225,29.0,8.0,34,275.24525,101.655316,56.80542,68.19483,42.653336,2442.224519,9254.916343
A185-001-03,A1850803_200_CS_1,6500160,4500160,EX004,EX5600FS,DT040,HIT EH5000,A-185-08-03,50.67,209.87,89.413772,89.413772,243.537607,37.766463,61.160312,0,363530.18,6591762.62,187.92,LEFT,209.9,403,6/10/2025,12:32:55,12:39:38,1874.801353,EX5600,250,29.0,8.0,34,243.537607,89.413772,52.664024,61.160312,37.766463,3102.374844,9382.411135
A185-001-03,A1850803_200_CS_1,6500161,4500161,EX004,EX5600FS,DT015,CAT 793,A-185-08-03,38.86,194.39,101.283092,101.283092,265.377425,32.967455,68.419681,0,363544.45,6591747.46,191.89,RIGHT,194.4,430,6/10/2025,12:39:38,12:46:48,1627.434552,EX5600,225,29.0,8.0,34,265.377425,101.283092,58.683994,68.419681,32.967455,2636.987142,9621.81669
A185-001-03,A1850803_200_CS_1,6500162,4500162,EX004,EX5600FS,DT015,CAT 793,A-185-08-03,48.51,206.25,91.002178,91.002178,259.363986,33.910389,65.880189,0,363520.27,6591774.38,198.18,RIGHT,206.2,431,6/10/2025,12:46:48,12:53:59,1722.727735,EX5600,225,29.0,8.0,34,259.363986,91.002178,66.089924,65.880189,33.910389,2862.755409,8763.273052
A185-001-03,A1850803_200_CS_1,6500163,4500163,EX004,EX5600FS,DT054,HIT EH5000,A-185-08-03,34.58,214.42,80.627591,80.627591,237.285999,36.186815,67.208663,0,363522.76,6591780.46,185.34,LEFT,214.4,406,6/10/2025,12:53:59,13:00:45,1901.28485,EX5600,250,29.0,8.0,34,237.285999,80.627591,52.266479,67.208663,36.186815,3253.127667,9066.255857
A185-001-03,A1850803_200_CS_1,6500164,4500164,EX004,EX5600FS,DT022,CAT 793,A-185-08-03,48.2,181.12,70.460161,70.460161,238.309242,35.534646,68.812315,0,363527.92,6591715.42,196.46,LEFT,181.1,392,6/10/2025,13:00:45,13:07:17,1663.320935,EX5600,225,29.0,8.0,34,238.309242,70.460161,58.730825,68.812315,35.534646,2736.032397,9342.028853
A185-001-03,A1850803_200_CS_1,6500165,4500165,EX004,EX5600FS,DT010,CAT 793,A-185-08-03,52.62,192.11,79.537778,79.537778,243.892226,37.304226,70.812217,0,363505.5,6591698.99,189.89,LEFT,192.1,440,6/10/2025,13:07:17,13:14:37,1571.787261,EX5600,225,29.0,8.0,34,243.892226,79.537778,51.619849,70.812217,37.304226,2835.62295,8536.509212
A185-001-03,A1850803_200_CS_1,6500166,4500166,EX004,EX5600FS,DT010,CAT 793,A-185-08-03,42.17,205.23,91.767403,91.767403,256.028906,37.720258,86.278396,0,363510.61,6591771.63,185.41,RIGHT,205.2,527,6/10/2025,13:14:37,13:23:24,1401.966095,EX5600,225,29.0,8.0,34,256.028906,91.767403,39.504447,86.278396,37.720258,2885.752793,9245.852624
A185-001-03,A1850803_200_CS_1,6500167,4500167,EX004,EX5600FS,DT010,CAT 793,A-185-08-03,53.47,183.83,84.155781,84.155781,228.456017,28.421498,66.674821,0,363523.36,6591732.66,192.69,STRAIGHT,183.8,422,6/10/2025,13:23:24,13:30:26,1568.227492,EX5600,225,29.0,8.0,34,228.456017,84.155781,45.289563,66.674821,28.421498,2896.802676,8591.925451
A185-001-03,A1850803_200_CS_1,6500168,4500168,EX004,EX5600FS,DT018,CAT 793,A-185-08-03,51.04,206.17,84.360325,84.360325,238.922674,35.968171,60.042443,0,363516.58,6591707.86,199.4,LEFT,206.2,458,6/10/2025,13:30:26,13:38:04,1620.514448,EX5600,225,29.0,8.0,34,238.922674,84.360325,55.591578,60.042443,35.968171,3106.426041,8135.657679
A185-001-03,A1850803_200_CS_1,6500169,4500169,EX004,EX5600FS,DT010,CAT 793,A-185-08-03,41.49,201.55,86.114168,86.114168,257.756635,30.824535,68.725936,0,363496.21,6591724.54,192.54,RIGHT,201.5,430,6/10/2025,13:38:04,13:45:14,1687.394998,EX5600,225,29.0,8.0,34,257.756635,86.114168,67.503827,68.725936,30.824535,2814.980292,8988.703843
A185-001-03,A1850803_200_CS_1,6500170,4500170,EX004,EX5600FS,DT054,HIT EH5000,A-185-08-03,43.14,215.63,93.93814,93.93814,255.901252,29.827134,67.656639,0,363512.3,6591744.8,186.8,LEFT,215.6,474,6/10/2025,13:45:14,13:53:08,1637.661743,EX5600,250,29.0,8.0,34,255.901252,93.93814,59.492767,67.656639,29.827134,3033.403156,9016.300298
A185-001-03,A1850803_200_CS_1,6500171,4500171,EX004,EX5600FS,DT010,CAT 793,A-185-08-03,41.59,213.03,98.534053,98.534053,284.101917,45.576748,75.915611,0,363512.94,6591772.96,189.77,STRAIGHT,213.0,436,6/10/2025,13:53:08,14:00:24,1758.962912,EX5600,225,29.0,8.0,34,284.101917,98.534053,62.953422,75.915611,45.576748,2699.410964,9681.686294
A185-001-03,A1850803_200_CS_1,6500172,4500172,EX004,EX5600FS,DT054,HIT EH5000,A-185-08-03,37.84,206.57,79.838181,79.838181,242.110033,40.725873,66.656476,0,363544.22,6591743.31,191.82,STRAIGHT,206.6,406,6/10/2025,14:00:24,14:07:10,1831.655641,EX5600,250,29.0,8.0,34,242.110033,79.838181,51.859265,66.656476,40.725873,3071.546361,9723.494104
A185-001-03,A1850803_200_CS_1,6500173,4500173,EX004,EX5600FS,DT015,CAT 793,A-185-08-03,38.98,210.86,87.911987,87.911987,233.965956,27.428902,64.261906,0,363535.67,6591752.24,189.19,RIGHT,210.9,433,6/10/2025,14:07:10,14:14:23,1753.091098,EX5600,225,29.0,8.0,34,233.965956,87.911987,49.258381,64.261906,27.428902,3244.439733,9228.036607
A185-001-03,A1850803_200_CS_1,6500174,4500174,EX004,EX5600FS,DT061,HIT EH5000,A-185-08-03,45.04,221.61,97.343619,97.343619,253.783905,40.084408,65.228438,0,363520.69,6591782.95,187.78,RIGHT,221.6,420,6/10/2025,14:14:23,14:21:23,1899.480911,EX5600,250,29.0,8.0,34,253.783905,97.343619,49.054489,65.228438,40.084408,3143.548382,9089.472815
A185-001-03,A1850803_200_CS_1,6500175,4500175,EX004,EX5600FS,DT022,CAT 793,A-185-08-03,51.17,215.79,92.794795,92.794795,262.963244,41.139982,70.168852,0,363553.63,6591739.2,186.33,LEFT,215.8,397,6/10/2025,14:21:23,14:28:00,1956.768026,EX5600,225,29.0,8.0,34,262.963244,92.794795,54.261746,70.168852,41.139982,2954.165364,8999.673421
A185-001-03,A1850803_200_CS_1,6500176,4500176,EX004,EX5600FS,DT054,HIT EH5000,A-185-08-03,51.78,200.01,79.345733,79.345733,237.636356,39.019691,69.950003,0,363493.59,6591705.65,195.32,STRAIGHT,200.0,492,6/10/2025,14:28:00,14:36:12,1463.461075,EX5600,250,29.0,8.0,34,237.636356,79.345733,48.433297,69.950003,39.019691,3029.935579,8968.825746
A185-001-03,A1850803_200_CS_1,6500177,4500177,EX004,EX5600FS,DT018,CAT 793,A-185-08-03,35.93,205.42,86.853354,86.853354,265.088839,42.909491,68.059536,0,363518.75,6591744.51,185.2,RIGHT,205.4,472,6/10/2025,14:36:12,14:44:04,1566.770424,EX5600,225,29.0,8.0,34,265.088839,86.853354,63.98293,68.059536,42.909491,2789.68984,8607.285281
A185-001-03,A1850803_200_CS_1,6500178,4500178,EX004,EX5600FS,DT010,CAT 793,A-185-08-03,40.89,190.95,81.194584,81.194584,233.302586,36.132882,70.056112,0,363511.82,6591750.42,184.01,RIGHT,191.0,453,6/10/2025,14:44:04,14:51:37,1517.492952,EX5600,225,29.0,8.0,34,233.302586,81.194584,43.986684,70.056112,36.132882,2946.492451,8848.857692
A185-001-03,A1850803_200_CS_1,6500179,4500179,EX004,EX5600FS,DT022,CAT 793,A-185-08-03,36.47,187.41,77.745704,77.745704,250.73247,38.617519,70.49602,0,363536.67,6591726.63,192.7,RIGHT,187.4,430,6/10/2025,14:51:37,14:58:47,1569.00601,EX5600,225,29.0,8.0,34,250.73247,77.745704,63.503517,70.49602,38.617519,2690.806592,9433.970149
A185-001-03,A1850803_200_CS_1,6500180,4500180,EX004,EX5600FS,DT030,CAT 793,A-185-08-03,42.39,211.54,92.049998,92.049998,258.811062,36.911649,68.818172,0,363514.69,6591708.55,195.98,LEFT,211.5,411,6/10/2025,14:58:47,15:05:38,1852.943998,EX5600,225,29.0,8.0,34,258.811062,92.049998,55.946461,68.818172,36.911649,2942.53258,9066.641389
A185-001-03,A1850803_200_CS_1,6500181,4500181,EX004,EX5600FS,DT054,HIT EH5000,A-185-08-03,50.15,222.06,82.915016,82.915016,238.736853,29.739229,62.974047,0,363553.83,6591703.82,195.75,STRAIGHT,222.1,360,6/10/2025,15:05:38,15:11:38,2220.590162,EX5600,250,29.0,8.0,34,238.736853,82.915016,58.353103,62.974047,29.739229,3348.508822,8764.857078
A185-001-03,A1850803_200_CS_1,6500182,4500182,EX004,EX5600FS,DT022,CAT 793,A-185-08-03,36.6,200.16,99.789906,99.789906,265.966532,42.532743,60.297853,0,363535.23,6591726.78,197.75,LEFT,200.2,477,6/10/2025,15:11:38,15:19:35,1510.675907,EX5600,225,29.0,8.0,34,265.966532,99.789906,60.28487,60.297853,42.532743,2709.3349,9288.045902
A185-001-03,A1850803_200_CS_1,6500183,4500183,EX004,EX5600FS,DT061,HIT EH5000,A-185-08-03,45.12,251.16,81.92049,81.92049,221.113208,27.35547,70.235544,0,363524.77,6591717.38,198.24,STRAIGHT,251.2,369,6/10/2025,15:19:35,15:25:44,2450.382807,EX5600,250,29.0,8.0,34,221.113208,81.92049,40.284236,70.235544,27.35547,4089.268406,8777.257103
A185-001-03,A1850803_200_CS_1,6500184,4500184,EX004,EX5600FS,DT015,CAT 793,A-185-08-03,45.66,190.22,94.377338,94.377338,254.357239,32.178703,62.435965,0,363519.66,6591743.1,198.26,LEFT,190.2,422,6/10/2025,15:25:44,15:32:46,1622.720117,EX5600,225,29.0,8.0,34,254.357239,94.377338,60.008406,62.435965,32.178703,2692.228824,9095.040065
A185-001-03,A1850803_200_CS_1,6500185,4500185,EX004,EX5600FS,DT030,CAT 793,A-185-08-03,51.31,203.58,92.767,92.767,276.43522,39.628537,86.196505,0,363506.63,6591752.18,196.85,LEFT,203.6,435,6/10/2025,15:32:46,15:40:01,1684.782113,EX5600,225,29.0,8.0,34,276.43522,92.767,52.557617,86.196505,39.628537,2651.182507,8725.515215
A185-001-03,A1850803_200_CS_1,6500186,4500186,EX004,EX5600FS,DT030,CAT 793,A-185-08-03,49.97,204.44,88.693976,88.693976,238.631132,35.344544,63.24653,0,363514.42,6591725.41,190.87,STRAIGHT,204.4,421,6/10/2025,15:40:01,15:47:02,1748.217055,EX5600,225,29.0,8.0,34,238.631132,88.693976,48.927178,63.24653,35.344544,3084.255495,8765.010461
A185-001-03,A1850803_200_CS_1,6500187,4500187,EX004,EX5600FS,DT018,CAT 793,A-185-08-03,45.59,193.62,91.341473,91.341473,245.915297,34.227143,69.059216,0,363504.0,6591757.19,191.11,RIGHT,193.6,435,6/10/2025,15:47:02,15:54:17,1602.390648,EX5600,225,29.0,8.0,34,245.915297,91.341473,47.116013,69.059216,34.227143,2834.471625,8639.499193
A185-001-03,A1850803_200_CS_1,6500188,4500188,EX004,EX5600FS,DT054,HIT EH5000,A-185-08-03,49.9,204.9,93.240089,93.240089,274.409063,35.782184,77.447401,0,363548.17,6591694.21,197.66,LEFT,204.9,487,6/10/2025,15:54:17,16:02:24,1514.682141,EX5600,250,29.0,8.0,34,274.409063,93.240089,63.198215,77.447401,35.782184,2688.140821,8994.270143
A185-001-03,A1850803_200_CS_1,6500189,4500189,EX004,EX5600FS,DT022,CAT 793,A-185-08-03,49.18,198.27,74.98562,74.98562,243.431569,40.889051,74.930115,0,363538.22,6591754.96,187.63,LEFT,198.3,404,6/10/2025,16:02:24,16:09:08,1766.782219,EX5600,225,29.0,8.0,34,243.431569,74.98562,47.770899,74.930115,40.889051,2932.158792,8720.214888
A185-001-03,A1850803_200_CS_1,6500190,4500190,EX004,EX5600FS,DT054,HIT EH5000,A-185-08-03,35.78,207.99,86.62104,86.62104,262.453879,39.444107,75.662897,0,363511.38,6591707.46,193.64,RIGHT,208.0,372,6/10/2025,16:09:08,16:15:20,2012.823508,EX5600,250,29.0,8.0,34,262.453879,86.62104,59.578341,75.662897,39.444107,2852.959723,9145.185708
A185-001-03,A1850803_200_CS_1,6500191,4500191,EX004,EX5600FS,DT061,HIT EH5000,A-185-08-03,51.93,211.78,76.660416,76.660416,238.341494,44.585835,63.071044,0,363536.05,6591715.14,186.6,STRAIGHT,211.8,523,6/10/2025,16:15:20,16:24:03,1457.729955,EX5600,250,29.0,8.0,34,238.341494,76.660416,48.115467,63.071044,44.585835,3198.741246,9346.945868
A185-001-03,A1850803_200_CS_1,6500192,4500192,EX004,EX5600FS,DT010,CAT 793,A-185-08-03,41.93,188.78,81.808919,81.808919,250.29843,44.300218,71.24799,0,363530.86,6591733.36,195.91,LEFT,188.8,360,6/10/2025,16:24:03,16:30:03,1887.812457,EX5600,225,29.0,8.0,34,250.29843,81.808919,51.492621,71.24799,44.300218,2715.208738,9072.95158
A185-001-03,A1850803_200_CS_1,6500193,4500193,EX004,EX5600FS,DT022,CAT 793,A-185-08-03,50.09,182.12,84.086083,84.086083,244.2924,43.702977,57.057982,0,363496.17,6591715.44,187.56,RIGHT,182.1,453,6/10/2025,16:30:03,16:37:36,1447.336234,EX5600,225,29.0,8.0,34,244.2924,84.086083,54.230521,57.057982,43.702977,2683.846548,8733.116662
A185-001-03,A1850803_200_CS_1,6500194,4500194,EX004,EX5600FS,DT018,CAT 793,A-185-08-03,45.72,207.56,91.263805,91.263805,274.771087,44.319519,75.839382,0,363517.28,6591720.63,185.4,LEFT,207.6,443,6/10/2025,16:37:36,16:44:59,1686.733961,EX5600,225,29.0,8.0,34,274.771087,91.263805,60.927612,75.839382,44.319519,2719.438764,8779.541096
A185-001-03,A1850803_200_CS_1,6500195,4500195,EX004,EX5600FS,DT015,CAT 793,A-185-08-03,40.4,200.42,71.861281,71.861281,227.008719,44.443798,61.190709,0,363505.57,6591744.58,192.45,LEFT,200.4,460,6/10/2025,16:44:59,16:52:39,1568.465811,EX5600,225,29.0,8.0,34,227.008719,71.861281,43.529802,61.190709,44.443798,3178.266799,9118.664199
A185-001-03,A1850803_200_CS_1,6500196,4500196,EX004,EX5600FS,DT022,CAT 793,A-185-08-03,49.46,191.53,75.388199,75.388199,263.516771,44.700531,80.754835,0,363509.5,6591725.39,192.1,RIGHT,191.5,524,6/10/2025,16:52:39,17:01:23,1315.836658,EX5600,225,29.0,8.0,34,263.516771,75.388199,60.773058,80.754835,44.700531,2616.525716,8545.59058
A185-001-03,A1850803_200_CS_1,6500197,4500197,EX004,EX5600FS,DT010,CAT 793,A-185-08-03,42.3,190.6,86.245638,86.245638,277.632928,36.761453,75.473489,0,363526.02,6591729.99,199.79,STRAIGHT,190.6,534,6/10/2025,17:01:23,17:10:17,1284.956916,EX5600,225,29.0,8.0,34,277.632928,86.245638,73.219237,75.473489,36.761453,2471.489952,8953.054907
A185-001-03,A1850803_200_CS_1,6500198,4500198,EX004,EX5600FS,DT018,CAT 793,A-185-08-03,40.91,188.84,88.340599,88.340599,265.073797,40.493137,73.562203,0,363550.99,6591701.86,186.24,STRAIGHT,188.8,387,6/10/2025,17:10:17,17:16:44,1756.621277,EX5600,225,29.0,8.0,34,265.073797,88.340599,60.615164,73.562203,40.493137,2564.615744,9181.480477
A185-001-03,A1850803_200_CS_1,6500199,4500199,EX004,EX5600FS,DT010,CAT 793,A-185-08-03,45.18,195.06,96.757595,96.757595,248.074543,34.107639,58.409063,0,363508.16,6591713.63,184.46,LEFT,195.1,435,6/10/2025,17:16:44,17:23:59,1614.258696,EX5600,225,29.0,8.0,34,248.074543,96.757595,58.713684,58.409063,34.107639,2830.611008,8149.853158
A185-001-03,A1850803_200_CS_1,6500200,4500200,EX004,EX5600FS,DT022,CAT 793,A-185-08-03,35.74,207.27,96.567638,96.567638,277.839509,48.451643,74.306591,0,363530.61,6591749.4,197.36,LEFT,207.3,370,6/10/2025,17:23:59,17:30:09,2016.713619,EX5600,225,29.0,8.0,34,277.839509,96.567638,55.672084,74.306591,48.451643,2685.665694,8800.424043
A185-001-03,A1850803_200_CS_1,6500201,4500201,EX004,EX5600FS,DT061,HIT EH5000,A-185-08-03,41.67,212.59,67.878879,67.878879,248.147285,41.394167,79.466593,0,363521.01,6591723.33,192.7,LEFT,212.6,515,6/10/2025,17:30:09,17:38:44,1486.097647,EX5600,250,29.0,8.0,34,248.147285,67.878879,58.583696,79.466593,41.394167,3084.21786,8741.120219
A185-001-03,A1850803_200_CS_1,6500202,4500202,EX004,EX5600FS,DT030,CAT 793,A-185-08-03,51.77,198.84,78.513813,78.513813,248.017802,44.017195,66.892351,0,363537.33,6591740.9,192.25,STRAIGHT,198.8,413,6/10/2025,17:38:44,17:45:37,1733.22416,EX5600,225,29.0,8.0,34,248.017802,78.513813,53.964315,66.892351,44.017195,2886.170153,8878.951916
A185-001-03,A1850803_200_CS_1,6500203,4500203,EX004,EX5600FS,DT022,CAT 793,A-185-08-03,37.84,181.95,91.248714,91.248714,241.95802,44.551281,63.640499,0,363523.23,6591733.34,193.83,RIGHT,181.9,411,6/10/2025,17:45:37,17:52:28,1593.714567,EX5600,225,29.0,8.0,34,241.95802,91.248714,40.658142,63.640499,44.551281,2707.150135,9362.84662
A185-001-03,A1850803_200_CS_1,6500204,4500204,EX004,EX5600FS,DT030,CAT 793,A-185-08-03,52.59,198.27,95.630565,95.630565,251.419256,37.741616,73.178724,0,363503.19,6591761.34,188.6,STRAIGHT,198.3,384,6/10/2025,17:52:28,17:58:52,1858.742016,EX5600,225,29.0,8.0,34,251.419256,95.630565,43.805622,73.178724,37.741616,2838.911174,9058.696143
A185-001-03,A1850803_200_CS_1,6500205,4500205,EX004,EX5600FS,DT040,HIT EH5000,A-185-08-03,39.05,192.44,86.941641,86.941641,263.330105,36.953046,77.414591,0,363493.07,6591715.81,196.53,LEFT,192.4,385,6/10/2025,17:58:52,18:05:17,1799.483368,EX5600,250,29.0,8.0,34,263.330105,86.941641,56.283871,77.414591,36.953046,2630.922494,8819.824043
A185-001-03,A1850803_200_CS_1,6500206,4500206,EX004,EX5600FS,DT030,CAT 793,A-185-08-03,52.99,204.51,99.78305,99.78305,261.380583,40.478141,65.247018,0,363534.98,6591726.79,184.37,STRAIGHT,204.5,385,6/10/2025,18:05:17,18:11:42,1912.281409,EX5600,225,29.0,8.0,34,261.380583,99.78305,50.12649,65.247018,40.478141,2816.691031,8628.467118
A185-001-03,A1850803_200_CS_1,6500207,4500207,EX004,EX5600FS,DT054,HIT EH5000,A-185-08-03,31.82,235.3,91.550881,91.550881,253.189487,27.011932,75.59797,0,363504.11,6591778.83,190.99,LEFT,235.3,401,6/10/2025,18:11:42,18:18:23,2112.458757,EX5600,250,29.0,8.0,34,253.189487,91.550881,58.060259,75.59797,27.011932,3345.69958,8939.534122
A185-001-03,A1850803_200_CS_1,6500208,4500208,EX004,EX5600FS,DT040,HIT EH5000,A-185-08-03,55.27,215.18,102.726165,102.726165,285.531456,40.41381,79.17305,0,363510.78,6591765.75,185.27,STRAIGHT,215.2,383,6/10/2025,18:18:23,18:24:46,2022.542704,EX5600,250,29.0,8.0,34,285.531456,102.726165,59.749125,79.17305,40.41381,2712.954529,9166.611284
A185-001-03,A1850803_200_CS_1,6500209,4500209,EX004,EX5600FS,DT015,CAT 793,A-185-08-03,45.08,195.37,81.871372,81.871372,252.226128,37.374115,75.472751,0,363522.96,6591722.94,196.63,RIGHT,195.4,454,6/10/2025,18:24:46,18:32:20,1549.188425,EX5600,225,29.0,8.0,34,252.226128,81.871372,52.491984,75.472751,37.374115,2788.495988,9109.610384
A185-001-03,A1850803_200_CS_1,6500210,4500210,EX004,EX5600FS,DT018,CAT 793,A-185-08-03,46.26,182.03,79.703569,79.703569,236.046256,29.528002,65.880569,0,363550.94,6591739.37,184.03,RIGHT,182.0,360,6/10/2025,18:32:20,18:38:20,1820.320564,EX5600,225,29.0,8.0,34,236.046256,79.703569,56.350281,65.880569,29.528002,2776.216041,9256.441074
A185-001-03,A1850803_200_CS_1,6500211,4500211,EX004,EX5600FS,DT022,CAT 793,A-185-08-03,44.89,192.08,99.313983,99.313983,266.402327,30.540835,78.016205,0,363513.54,6591716.05,185.76,RIGHT,192.1,360,6/10/2025,18:38:20,18:44:20,1920.808102,EX5600,225,29.0,8.0,34,266.402327,99.313983,53.480338,78.016205,30.540835,2595.66395,8892.056801
A185-001-03,A1850803_200_CS_1,6500212,4500212,EX004,EX5600FS,DT054,HIT EH5000,A-185-08-03,49.17,227.94,81.531769,81.531769,256.562038,36.963626,80.285928,0,363505.14,6591746.87,192.79,LEFT,227.9,496,6/10/2025,18:44:20,18:52:36,1654.386798,EX5600,250,29.0,8.0,34,256.562038,81.531769,51.835196,80.285928,36.963626,3198.352568,9643.072887
A185-001-03,A1850803_200_CS_1,6500213,4500213,EX004,EX5600FS,DT030,CAT 793,A-185-08-03,35.37,191.08,87.255054,87.255054,238.592817,31.150434,78.611883,0,363550.22,6591764.25,192.96,STRAIGHT,191.1,427,6/10/2025,18:52:36,18:59:43,1610.949156,EX5600,225,29.0,8.0,34,238.592817,87.255054,40.114554,78.611883,31.150434,2883.05112,10567.50505
A185-001-03,A1850803_200_CS_1,6500214,4500214,EX004,EX5600FS,DT010,CAT 793,A-185-08-03,52.85,190.05,106.628568,106.628568,280.866361,33.882927,83.239161,0,363524.85,6591737.66,192.77,RIGHT,190.1,410,6/10/2025,18:59:43,19:06:33,1668.76622,EX5600,225,29.0,8.0,34,280.866361,106.628568,55.662852,83.239161,33.882927,2436.013155,9340.41955
A185-001-03,A1850803_200_CS_1,6500215,4500215,EX004,EX5600FS,DT015,CAT 793,A-185-08-03,48.83,213.88,103.982759,103.982759,247.463439,42.678798,60.428625,0,363553.73,6591765.29,196.84,STRAIGHT,213.9,360,6/10/2025,19:06:33,19:12:33,2138.752325,EX5600,225,29.0,8.0,34,247.463439,103.982759,38.0,60.428625,42.678798,3111.372084,9231.567445
A185-001-03,A1850803_200_CS_1,6500216,4500216,EX004,EX5600FS,DT010,CAT 793,A-185-08-03,56.15,192.34,94.393736,94.393736,270.55084,38.804381,71.305896,0,363561.9,6591765.69,191.14,LEFT,192.3,496,6/10/2025,19:12:33,19:20:49,1396.028315,EX5600,225,29.0,8.0,34,270.55084,94.393736,60.959223,71.305896,38.804381,2559.334294,9519.0161
A185-001-03,A1850803_200_CS_1,6500217,4500217,EX004,EX5600FS,DT018,CAT 793,A-185-08-03,45.57,194.6,81.396302,81.396302,247.174464,39.02299,65.048698,0,363554.39,6591723.6,185.66,STRAIGHT,194.6,415,6/10/2025,19:20:49,19:27:44,1688.129764,EX5600,225,29.0,8.0,34,247.174464,81.396302,58.853858,65.048698,39.02299,2834.329412,9173.608158
A185-001-03,A1850803_200_CS_1,6500218,4500218,EX004,EX5600FS,DT061,HIT EH5000,A-185-08-03,39.98,225.63,84.976811,84.976811,247.657052,40.005145,68.565476,0,363503.72,6591712.41,197.54,STRAIGHT,225.6,464,6/10/2025,19:27:44,19:35:28,1750.581861,EX5600,250,29.0,8.0,34,247.657052,84.976811,52.087465,68.565476,40.005145,3279.817709,8625.427895
A185-001-03,A1850803_200_CS_1,6500219,4500219,EX004,EX5600FS,DT040,HIT EH5000,A-185-08-03,40.03,221.12,81.955209,81.955209,229.19009,37.516994,64.010631,0,363521.79,6591715.11,184.81,RIGHT,221.1,455,6/10/2025,19:35:28,19:43:03,1749.492895,EX5600,250,29.0,8.0,34,229.19009,81.955209,43.966159,64.010631,37.516994,3473.183618,8829.367065
A185-001-03,A1850803_200_CS_1,6500220,4500220,EX004,EX5600FS,DT030,CAT 793,A-185-08-03,50.65,189.14,91.901394,91.901394,260.56564,36.836538,75.448863,0,363504.09,6591780.67,195.66,STRAIGHT,189.1,393,6/10/2025,19:43:03,19:49:36,1732.613777,EX5600,225,29.0,8.0,34,260.56564,91.901394,55.389115,75.448863,36.836538,2613.22719,8683.903971
A185-001-03,A1850803_200_CS_1,6500221,4500221,EX004,EX5600FS,DT061,HIT EH5000,A-185-08-03,56.52,237.46,87.040092,87.040092,269.145214,40.394286,78.848906,0,363503.75,6591745.47,193.88,RIGHT,237.5,463,6/10/2025,19:49:36,19:57:19,1846.304279,EX5600,250,29.0,8.0,34,269.145214,87.040092,58.766133,78.848906,40.394286,3176.125146,9245.836016
A185-001-03,A1850803_200_CS_1,6500222,4500222,EX004,EX5600FS,DT040,HIT EH5000,A-185-08-03,39.31,234.22,90.26582,90.26582,265.235118,45.248353,57.397542,0,363513.53,6591745.65,193.97,STRAIGHT,234.2,372,6/10/2025,19:57:19,20:03:31,2266.680052,EX5600,250,29.0,8.0,34,265.235118,90.26582,67.644969,57.397542,45.248353,3179.084976,9064.823205
A185-001-03,A1850803_200_CS_1,6500223,4500223,EX004,EX5600FS,DT030,CAT 793,A-185-08-03,52.99,198.11,89.501036,89.501036,239.984244,37.704718,65.628644,0,363500.82,6591713.44,198.59,LEFT,198.1,479,6/10/2025,20:03:31,20:11:30,1488.945926,EX5600,225,29.0,8.0,34,239.984244,89.501036,45.145048,65.628644,37.704718,2971.883017,9491.258152
A185-001-03,A1850803_200_CS_1,6500224,4500224,EX004,EX5600FS,DT010,CAT 793,A-185-08-03,33.6,221.21,84.473536,84.473536,248.191913,38.632979,77.593641,0,363529.22,6591762.37,183.85,STRAIGHT,221.2,512,6/10/2025,20:11:30,20:20:02,1555.383733,EX5600,225,29.0,8.0,34,248.191913,84.473536,46.58302,77.593641,38.632979,3208.631828,9679.940045
A185-001-03,A1850803_200_CS_1,6500225,4500225,EX004,EX5600FS,DT022,CAT 793,A-185-08-03,36.89,205.22,86.828781,86.828781,272.430718,42.866112,70.076833,0,363510.33,6591766.45,186.74,STRAIGHT,205.2,432,6/10/2025,20:20:02,20:27:14,1710.140846,EX5600,225,29.0,8.0,34,272.430718,86.828781,67.970859,70.076833,42.866112,2711.811836,9359.693503
A185-001-03,A1850803_200_CS_1,6500226,4500226,EX004,EX5600FS,DT040,HIT EH5000,A-185-08-03,46.16,231.82,96.354977,96.354977,287.701218,46.876561,68.379823,0,363560.6,6591771.94,187.22,RIGHT,231.8,416,6/10/2025,20:27:14,20:34:10,2006.139432,EX5600,250,29.0,8.0,34,287.701218,96.354977,70.596649,68.379823,46.876561,2900.766322,9372.164545
A185-001-03,A1850803_200_CS_1,6500227,4500227,EX004,EX5600FS,DT018,CAT 793,A-185-08-03,46.34,213.25,74.999691,74.999691,255.243828,44.921154,79.502691,0,363546.3,6591729.09,190.12,STRAIGHT,213.3,436,6/10/2025,20:34:10,20:41:26,1760.786754,EX5600,225,29.0,8.0,34,255.243828,74.999691,51.702695,79.502691,44.921154,3007.72415,9214.220129
A185-001-03,A1850803_200_CS_1,6500228,4500228,EX004,EX5600FS,DT010,CAT 793,A-185-08-03,47.89,200.28,93.607033,93.607033,251.078528,36.51045,61.354852,0,363507.81,6591767.53,189.32,LEFT,200.3,490,6/10/2025,20:41:26,20:49:36,1471.461783,EX5600,225,29.0,8.0,34,251.078528,93.607033,54.318338,61.354852,36.51045,2871.676362,9529.034404
A185-001-03,A1850803_200_CS_1,6500229,4500229,EX004,EX5600FS,DT015,CAT 793,A-185-08-03,50.2,186.11,91.081939,91.081939,272.980694,33.740153,84.871115,0,363543.82,6591765.82,186.9,STRAIGHT,186.1,406,6/10/2025,20:49:36,20:56:22,1650.234545,EX5600,225,29.0,8.0,34,272.980694,91.081939,58.963294,84.871115,33.740153,2454.368536,9267.462188
A185-001-03,A1850803_200_CS_1,6500230,4500230,EX004,EX5600FS,DT015,CAT 793,A-185-08-03,43.8,193.89,91.543564,91.543564,250.196215,36.019957,55.361265,0,363531.38,6591733.67,192.99,RIGHT,193.9,468,6/10/2025,20:56:22,21:04:10,1491.439117,EX5600,225,29.0,8.0,34,250.196215,91.543564,66.892265,55.361265,36.019957,2789.784441,8579.247589
A185-001-03,A1850803_200_CS_1,6500231,4500231,EX004,EX5600FS,DT054,HIT EH5000,A-185-08-03,40.87,215.02,74.105482,74.105482,257.028272,38.400391,86.986822,0,363545.15,6591733.93,184.44,STRAIGHT,215.0,406,6/10/2025,21:04:10,21:10:56,1906.555198,EX5600,250,29.0,8.0,34,257.028272,74.105482,51.666324,86.986822,38.400391,3011.5808,9395.211806
A185-001-03,A1850803_200_CS_1,6500232,4500232,EX004,EX5600FS,DT040,HIT EH5000,A-185-08-03,48.28,210.56,75.711134,75.711134,250.785019,36.767689,79.698139,0,363542.53,6591774.79,195.28,RIGHT,210.6,429,6/10/2025,21:10:56,21:18:05,1766.963394,EX5600,250,29.0,8.0,34,250.785019,75.711134,54.933908,79.698139,36.767689,3022.617937,9834.722254
A185-001-03,A1850803_200_CS_1,6500233,4500233,EX004,EX5600FS,DT018,CAT 793,A-185-08-03,35.78,189.83,87.652923,87.652923,257.624209,39.090214,74.392339,0,363513.39,6591779.73,185.19,LEFT,189.8,432,6/10/2025,21:18:05,21:25:17,1581.901768,EX5600,225,29.0,8.0,34,257.624209,87.652923,51.830189,74.392339,39.090214,2652.629449,9548.572806
A185-001-03,A1850803_200_CS_1,6500234,4500234,EX004,EX5600FS,DT018,CAT 793,A-185-08-03,47.2,213.08,95.60348,95.60348,258.317258,30.999172,76.206938,0,363545.73,6591707.1,183.98,STRAIGHT,213.1,531,6/10/2025,21:25:17,21:34:08,1444.592512,EX5600,225,29.0,8.0,34,258.317258,95.60348,53.935872,76.206938,30.999172,2969.521391,9731.808478
A185-001-03,A1850803_200_CS_1,6500235,4500235,EX004,EX5600FS,DT061,HIT EH5000,A-185-08-03,36.29,203.71,95.139852,95.139852,261.162329,39.79154,69.505451,0,363504.43,6591766.17,196.02,STRAIGHT,203.7,398,6/10/2025,21:34:08,21:40:46,1842.614711,EX5600,250,29.0,8.0,34,261.162329,95.139852,53.127301,69.505451,39.79154,2808.064462,9251.806882
A185-001-03,A1850803_200_CS_1,6500236,4500236,EX004,EX5600FS,DT015,CAT 793,A-185-08-03,43.33,198.31,83.6018,83.6018,274.002306,37.577384,84.932959,0,363510.51,6591741.74,199.41,LEFT,198.3,489,6/10/2025,21:40:46,21:48:55,1459.940494,EX5600,225,29.0,8.0,34,274.002306,83.6018,63.005496,84.932959,37.577384,2605.492307,8698.918287
A185-001-03,A1850803_200_CS_1,6500237,4500237,EX004,EX5600FS,DT015,CAT 793,A-185-08-03,40.61,198.05,106.586502,106.586502,263.165885,32.609028,77.58944,0,363562.41,6591769.77,185.34,RIGHT,198.0,470,6/10/2025,21:48:55,21:56:45,1516.955314,EX5600,225,29.0,8.0,34,263.165885,106.586502,42.764697,77.58944,32.609028,2709.199932,9500.338295
A185-001-03,A1850803_200_CS_1,6500238,4500238,EX004,EX5600FS,DT030,CAT 793,A-185-08-03,46.35,225.34,88.082294,88.082294,271.907857,37.516865,89.425728,0,363530.4,6591740.83,198.51,STRAIGHT,225.3,449,6/10/2025,21:56:45,22:04:14,1806.703397,EX5600,225,29.0,8.0,34,271.907857,88.082294,56.797515,89.425728,37.516865,2983.39972,8587.540282
A185-001-03,A1850803_200_CS_1,6500239,4500239,EX004,EX5600FS,DT054,HIT EH5000,A-185-08-03,37.34,209.57,91.830937,91.830937,264.355233,35.733704,74.282791,0,363507.72,6591710.98,196.24,RIGHT,209.6,402,6/10/2025,22:04:14,22:10:56,1876.75155,EX5600,250,29.0,8.0,34,264.355233,91.830937,58.964928,74.282791,35.733704,2853.940566,9374.046924
A185-001-03,A1850803_200_CS_1,6500240,4500240,EX004,EX5600FS,DT018,CAT 793,A-185-08-03,45.6,209.37,90.125528,90.125528,256.922617,36.578397,70.389919,0,363504.82,6591773.2,195.11,RIGHT,209.4,411,6/10/2025,22:10:56,22:17:47,1833.859959,EX5600,225,29.0,8.0,34,256.922617,90.125528,54.66462,70.389919,36.578397,2933.632127,8395.15001
A185-001-03,A1850803_200_CS_1,6500241,4500241,EX004,EX5600FS,DT022,CAT 793,A-185-08-03,49.44,205.1,87.559399,87.559399,266.671456,44.680169,65.308883,0,363530.95,6591729.87,193.45,RIGHT,205.1,468,6/10/2025,22:17:47,22:25:35,1577.689077,EX5600,225,29.0,8.0,34,266.671456,87.559399,64.369726,65.308883,44.680169,2768.794598,8816.415435
A185-001-03,A1850803_200_CS_1,6500242,4500242,EX004,EX5600FS,DT061,HIT EH5000,A-185-08-03,53.56,202.1,82.168993,82.168993,245.89781,37.111759,74.148834,0,363545.55,6591732.06,189.53,RIGHT,202.1,448,6/10/2025,22:25:35,22:33:03,1623.987603,EX5600,250,29.0,8.0,34,245.89781,82.168993,47.571715,74.148834,37.111759,2958.73496,9271.852249
A185-001-03,A1850803_200_CS_1,6500243,4500243,EX004,EX5600FS,DT061,HIT EH5000,A-185-08-03,45.33,213.35,77.162656,77.162656,224.180776,31.995606,65.089852,0,363506.02,6591737.97,199.18,LEFT,213.3,464,6/10/2025,22:33:03,22:40:47,1655.278354,EX5600,250,29.0,8.0,34,224.180776,77.162656,48.840307,65.089852,31.995606,3426.025954,9280.011257
A185-001-03,A1850803_200_CS_1,6500244,4500244,EX004,EX5600FS,DT018,CAT 793,A-185-08-03,35.37,193.37,80.819991,80.819991,265.132857,34.197186,82.35416,0,363551.86,6591743.89,189.28,STRAIGHT,193.4,360,6/10/2025,22:40:47,22:46:47,1933.689315,EX5600,225,29.0,8.0,34,265.132857,80.819991,66.94372,82.35416,34.197186,2625.582367,9194.113121
A185-001-03,A1850803_200_CS_1,6500245,4500245,EX004,EX5600FS,DT061,HIT EH5000,A-185-08-03,45.27,234.33,87.037749,87.037749,256.461247,37.36872,64.756198,0,363506.0,6591769.41,199.41,RIGHT,234.3,433,6/10/2025,22:46:47,22:54:00,1948.215885,EX5600,250,29.0,8.0,34,256.461247,87.037749,61.474201,64.756198,37.36872,3289.298039,9469.933373
A185-001-03,A1850803_200_CS_1,6500246,4500246,EX004,EX5600FS,DT040,HIT EH5000,A-185-08-03,48.32,201.5,86.357384,86.357384,286.97463,48.732249,74.20768,0,363562.13,6591769.83,191.45,STRAIGHT,201.5,383,6/10/2025,22:54:00,23:00:23,1893.977467,EX5600,250,29.0,8.0,34,286.97463,86.357384,72.405017,74.20768,48.732249,2527.726473,9060.8203
A185-001-03,A1850803_200_CS_1,6500247,4500247,EX004,EX5600FS,DT018,CAT 793,A-185-08-03,50.24,198.15,93.318256,93.318256,264.471172,38.807385,68.736982,0,363543.97,6591741.58,191.14,STRAIGHT,198.1,464,6/10/2025,23:00:23,23:08:07,1537.341623,EX5600,225,29.0,8.0,34,264.471172,93.318256,60.673381,68.736982,38.807385,2697.180596,8889.605933
A185-001-03,A1850803_200_CS_1,6500248,4500248,EX004,EX5600FS,DT054,HIT EH5000,A-185-08-03,52.37,220.42,84.729484,84.729484,263.552388,25.0,79.875901,0,363555.35,6591722.93,190.47,LEFT,220.4,391,6/10/2025,23:08:07,23:14:38,2029.450633,EX5600,250,29.0,8.0,34,263.552388,84.729484,71.511093,79.875901,25.0,3010.844273,8932.855139
A185-001-03,A1850803_200_CS_1,6500249,4500249,EX004,EX5600FS,DT022,CAT 793,A-185-08-03,46.66,182.29,77.93647,77.93647,249.955312,39.617087,74.23519,0,363513.27,6591764.28,197.8,STRAIGHT,182.3,466,6/10/2025,23:14:38,23:22:24,1408.229039,EX5600,225,29.0,8.0,34,249.955312,77.93647,57.201457,74.23519,39.617087,2625.408229,9396.388031
A185-001-03,A1850803_200_CS_1,6500250,4500250,EX004,EX5600FS,DT061,HIT EH5000,A-185-08-03,50.93,224.81,94.955713,94.955713,251.365053,34.360008,58.511947,0,363543.93,6591724.87,187.58,RIGHT,224.8,383,6/10/2025,23:22:24,23:28:47,2113.106751,EX5600,250,29.0,8.0,34,251.365053,94.955713,63.298365,58.511947,34.360008,3219.699297,9417.682275
A185-001-03,A1850803_200_CS_1,6500251,4500251,EX004,EX5600FS,DT022,CAT 793,A-185-08-03,44.82,179.93,96.852591,96.852591,245.106673,35.8387,62.761011,0,363521.49,6591722.63,196.32,RIGHT,179.9,437,6/10/2025,23:28:47,23:36:04,1482.276085,EX5600,225,29.0,8.0,34,245.106673,96.852591,49.198276,62.761011,35.8387,2642.745876,9018.140486
A185-001-03,A1850803_200_CS_1,6500252,4500252,EX004,EX5600FS,DT018,CAT 793,A-185-08-03,55.67,162.14,98.864591,98.864591,253.836325,37.192621,66.21876,0,363552.34,6591763.82,192.44,LEFT,162.1,479,6/10/2025,23:36:04,23:44:03,1218.58299,EX5600,225,29.0,8.0,34,253.836325,98.864591,48.759176,66.21876,37.192621,2299.518208,9550.001543
A185-001-03,A1850803_200_CS_1,6500253,4500253,EX004,EX5600FS,DT054,HIT EH5000,A-185-08-03,44.83,227.84,81.710228,81.710228,242.514271,39.351899,61.099871,0,363520.08,6591702.7,195.81,LEFT,227.8,382,6/10/2025,23:44:03,23:50:25,2147.218791,EX5600,250,29.0,8.0,34,242.514271,81.710228,60.214864,61.099871,39.351899,3382.223958,9800.074484
A185-001-03,A1850803_200_CS_1,6500254,4500254,EX004,EX5600FS,DT010,CAT 793,A-185-08-03,52.4,190.07,81.270119,81.270119,252.326185,25.459098,73.491003,0,363532.51,6591703.07,186.59,RIGHT,190.1,470,6/10/2025,23:50:25,23:58:15,1455.85307,EX5600,225,29.0,8.0,34,252.326185,81.270119,66.689714,73.491003,25.459098,2711.77144,8811.17888
A185-001-03,A1850803_200_CS_1,6500255,4500255,EX004,EX5600FS,DT015,CAT 793,A-185-08-03,48.87,199.39,78.856119,78.856119,235.509897,27.071469,66.986333,0,363538.23,6591717.11,187.67,STRAIGHT,199.4,484,6/10/2025,23:58:15,00:06:19,1483.052436,EX5600,225,29.0,8.0,34,235.509897,78.856119,58.601562,66.986333,27.071469,3047.843795,9135.940001
A185-001-03,A1850803_200_CS_1,6500256,4500256,EX004,EX5600FS,DT030,CAT 793,A-185-08-03,45.34,202.48,82.094547,82.094547,243.189771,36.650759,66.616688,0,363519.85,6591752.04,192.36,LEFT,202.5,451,7/10/2025,00:06:19,00:13:50,1616.258336,EX5600,225,29.0,8.0,34,243.189771,82.094547,52.232319,66.616688,36.650759,2997.381453,9422.191461
A185-001-03,A1850803_200_CS_1,6500257,4500257,EX004,EX5600FS,DT030,CAT 793,A-185-08-03,47.99,192.35,82.148624,82.148624,260.985774,40.811247,79.770576,0,363523.32,6591780.78,185.5,RIGHT,192.4,428,7/10/2025,00:13:50,00:20:58,1617.915269,EX5600,225,29.0,8.0,34,260.985774,82.148624,57.195518,79.770576,40.811247,2653.277706,9272.243752
A185-001-03,A1850803_200_CS_1,6500258,4500258,EX004,EX5600FS,DT054,HIT EH5000,A-185-08-03,41.45,191.66,87.686532,87.686532,277.98326,47.009121,73.681709,0,363529.22,6591772.13,192.04,STRAIGHT,191.7,439,7/10/2025,00:20:58,00:28:17,1571.711566,EX5600,250,29.0,8.0,34,277.98326,87.686532,65.011255,73.681709,47.009121,2482.096859,9682.458935
A185-001-03,A1850803_200_CS_1,6500259,4500259,EX004,EX5600FS,DT030,CAT 793,A-185-08-03,51.94,208.21,78.630319,78.630319,260.843324,43.875673,79.985396,0,363531.68,6591753.98,198.77,LEFT,208.2,428,7/10/2025,00:28:17,00:35:25,1751.281823,EX5600,225,29.0,8.0,34,260.843324,78.630319,54.624116,79.985396,43.875673,2873.558772,8947.933751
A185-001-03,A1850803_200_CS_1,6500260,4500260,EX004,EX5600FS,DT061,HIT EH5000,A-185-08-03,38.18,216.64,104.50256,104.50256,264.597363,41.676627,67.849247,0,363506.89,6591730.51,185.58,LEFT,216.6,373,7/10/2025,00:35:25,00:41:38,2090.928763,EX5600,250,29.0,8.0,34,264.597363,104.50256,44.912076,67.849247,41.676627,2947.559337,9194.974888
A185-001-03,A1850803_200_CS_1,6500261,4500261,EX004,EX5600FS,DT030,CAT 793,A-185-08-03,52.22,212.91,83.049213,83.049213,255.781699,29.978545,67.573725,0,363547.67,6591724.4,198.44,RIGHT,212.9,429,7/10/2025,00:41:38,00:48:47,1786.630938,EX5600,225,29.0,8.0,34,255.781699,83.049213,74.343726,67.573725,29.978545,2996.557904,8617.154377
A185-001-03,A1850803_200_CS_1,6500262,4500262,EX004,EX5600FS,DT030,CAT 793,A-185-08-03,54.54,206.83,85.118189,85.118189,258.53492,42.821534,74.24438,0,363531.6,6591708.19,197.6,LEFT,206.8,446,7/10/2025,00:48:47,00:56:13,1669.507312,EX5600,225,29.0,8.0,34,258.53492,85.118189,53.328902,74.24438,42.821534,2880.076161,8704.798578
A185-001-03,A1850803_200_CS_1,6500263,4500263,EX004,EX5600FS,DT061,HIT EH5000,A-185-08-03,37.67,223.72,85.586972,85.586972,245.948076,42.741556,56.417768,0,363536.48,6591709.76,193.99,LEFT,223.7,413,7/10/2025,00:56:13,01:03:06,1950.070716,EX5600,250,29.0,8.0,34,245.948076,85.586972,59.267649,56.417768,42.741556,3274.590384,8951.419871
A185-001-03,A1850803_200_CS_1,6500264,4500264,EX004,EX5600FS,DT018,CAT 793,A-185-08-03,51.16,184.49,91.470793,91.470793,256.605421,40.873223,68.336092,0,363513.94,6591715.81,198.64,RIGHT,184.5,464,7/10/2025,01:03:06,01:10:50,1431.390544,EX5600,225,29.0,8.0,34,256.605421,91.470793,50.320131,68.336092,40.873223,2588.27428,8887.62264
A185-001-03,A1850803_200_CS_1,6500265,4500265,EX004,EX5600FS,DT054,HIT EH5000,A-185-08-03,45.97,218.26,85.999586,85.999586,255.966444,37.334915,81.332298,0,363526.08,6591735.91,184.21,RIGHT,218.3,546,7/10/2025,01:10:50,01:19:56,1439.076295,EX5600,250,29.0,8.0,34,255.966444,85.999586,50.475451,81.332298,37.334915,3069.682275,8928.540569
A185-001-03,A1850803_200_CS_1,6500266,4500266,EX004,EX5600FS,DT010,CAT 793,A-185-08-03,42.94,184.67,98.106377,98.106377,266.080392,41.216606,66.383206,0,363520.17,6591761.5,196.51,RIGHT,184.7,360,7/10/2025,01:19:56,01:25:56,1846.718797,EX5600,225,29.0,8.0,34,266.080392,98.106377,55.415329,66.383206,41.216606,2498.563543,8778.715415
A185-001-03,A1850803_200_CS_1,6500267,4500267,EX004,EX5600FS,DT030,CAT 793,A-185-08-03,40.84,196.85,87.85601,87.85601,242.737333,33.999961,63.623379,0,363530.5,6591709.96,194.77,STRAIGHT,196.8,438,7/10/2025,01:25:56,01:33:14,1617.941466,EX5600,225,29.0,8.0,34,242.737333,87.85601,55.800012,63.623379,33.999961,2919.445286,8507.992242
A185-001-03,A1850803_200_CS_1,6500268,4500268,EX004,EX5600FS,DT018,CAT 793,A-185-08-03,40.81,201.73,78.720412,78.720412,244.532611,36.226407,78.579978,0,363514.37,6591776.67,184.17,LEFT,201.7,492,7/10/2025,01:33:14,01:41:26,1476.074975,EX5600,225,29.0,8.0,34,244.532611,78.720412,50.066222,78.579978,36.226407,2969.865181,9237.454064
A185-001-03,A1850803_200_CS_1,6500269,4500269,EX004,EX5600FS,DT018,CAT 793,A-185-08-03,47.99,193.63,82.011136,82.011136,255.775526,43.531458,71.431599,0,363499.48,6591701.98,186.61,RIGHT,193.6,483,7/10/2025,01:41:26,01:49:29,1443.191455,EX5600,225,29.0,8.0,34,255.775526,82.011136,58.223415,71.431599,43.531458,2725.286044,9195.745265
A185-001-03,A1850803_200_CS_1,6500270,4500270,EX004,EX5600FS,DT022,CAT 793,A-185-08-03,43.26,210.0,81.221712,81.221712,266.126295,43.41375,75.112607,0,363562.56,6591751.89,191.78,RIGHT,210.0,371,7/10/2025,01:49:29,01:55:40,2037.734257,EX5600,225,29.0,8.0,34,266.126295,81.221712,65.789495,75.112607,43.41375,2840.754275,9127.374907
A185-001-03,A1850803_200_CS_1,6500271,4500271,EX004,EX5600FS,DT022,CAT 793,A-185-08-03,43.56,202.21,83.735985,83.735985,261.428923,40.571568,78.702865,0,363522.14,6591759.37,199.75,RIGHT,202.2,415,7/10/2025,01:55:40,02:02:35,1754.142426,EX5600,225,29.0,8.0,34,261.428923,83.735985,54.853728,78.702865,40.571568,2784.577542,9106.066861
A185-001-03,A1850803_200_CS_1,6500272,4500272,EX004,EX5600FS,DT015,CAT 793,A-185-08-03,43.89,191.27,97.253147,97.253147,271.581958,26.489925,86.36799,0,363551.5,6591695.13,195.89,RIGHT,191.3,448,7/10/2025,02:02:35,02:10:03,1536.994545,EX5600,225,29.0,8.0,34,271.581958,97.253147,60.044757,86.36799,26.489925,2535.417161,8880.294609
A185-001-03,A1850803_200_CS_1,6500273,4500273,EX004,EX5600FS,DT022,CAT 793,A-185-08-03,45.15,181.96,87.544699,87.544699,242.239194,34.097557,69.788278,0,363545.64,6591744.39,194.98,LEFT,182.0,443,7/10/2025,02:10:03,02:17:26,1478.650772,EX5600,225,29.0,8.0,34,242.239194,87.544699,49.895336,69.788278,34.097557,2704.11357,9238.294583
A185-001-03,A1850803_200_CS_1,6500274,4500274,EX004,EX5600FS,DT018,CAT 793,A-185-08-03,40.54,208.9,81.341042,81.341042,250.324922,31.684916,74.343057,0,363554.79,6591773.88,187.22,STRAIGHT,208.9,443,7/10/2025,02:17:26,02:24:49,1697.567875,EX5600,225,29.0,8.0,34,250.324922,81.341042,59.227576,74.343057,31.684916,3004.185773,8907.578745
A185-001-03,A1850803_200_CS_1,6500275,4500275,EX004,EX5600FS,DT010,CAT 793,A-185-08-03,46.97,203.79,101.413838,101.413838,246.761739,40.597763,52.0,0,363542.54,6591772.78,189.56,RIGHT,203.8,409,7/10/2025,02:24:49,02:31:38,1793.766159,EX5600,225,29.0,8.0,34,246.761739,101.413838,49.981053,52.0,40.597763,2973.112294,8651.714132
A185-001-03,A1850803_200_CS_1,6500276,4500276,EX004,EX5600FS,DT018,CAT 793,A-185-08-03,38.98,198.11,104.794586,104.794586,255.886782,30.404702,61.709981,0,363534.19,6591756.43,188.55,STRAIGHT,198.1,379,7/10/2025,02:31:38,02:37:57,1881.745072,EX5600,225,29.0,8.0,34,255.886782,104.794586,54.332505,61.709981,30.404702,2787.097388,9809.497707
A185-001-03,A1850803_200_CS_1,6500277,4500277,EX004,EX5600FS,DT018,CAT 793,A-185-08-03,46.67,199.87,85.723413,85.723413,258.840926,41.338243,75.355767,0,363546.77,6591752.39,186.74,STRAIGHT,199.9,433,7/10/2025,02:37:57,02:45:10,1661.708314,EX5600,225,29.0,8.0,34,258.840926,85.723413,55.464453,75.355767,41.338243,2779.775641,9023.056779
A185-001-03,A1850803_200_CS_1,6500278,4500278,EX004,EX5600FS,DT015,CAT 793,A-185-08-03,34.58,189.04,93.586182,93.586182,259.621715,32.453322,67.836469,0,363531.18,6591736.91,194.76,STRAIGHT,189.0,551,7/10/2025,02:45:10,02:54:21,1235.089468,EX5600,225,29.0,8.0,34,259.621715,93.586182,63.881304,67.836469,32.453322,2621.253374,9355.5641
A185-001-03,A1850803_200_CS_1,6500279,4500279,EX004,EX5600FS,DT010,CAT 793,A-185-08-03,50.16,185.05,100.377128,100.377128,286.012601,41.711546,76.286829,0,363506.53,6591764.15,189.74,STRAIGHT,185.1,404,7/10/2025,02:54:21,03:01:05,1648.988979,EX5600,225,29.0,8.0,34,286.012601,100.377128,61.741843,76.286829,41.711546,2329.238449,8976.324138
A185-001-03,A1850803_200_CS_1,6500280,4500280,EX004,EX5600FS,DT061,HIT EH5000,A-185-08-03,42.75,214.58,71.480885,71.480885,249.032182,39.2714,67.979491,0,363509.88,6591701.55,188.9,LEFT,214.6,446,7/10/2025,03:01:05,03:08:31,1732.057351,EX5600,250,29.0,8.0,34,249.032182,71.480885,64.416042,67.979491,39.2714,3101.998992,8766.689961
A185-001-03,A1850803_200_CS_1,6500281,4500281,EX004,EX5600FS,DT010,CAT 793,A-185-08-03,40.6,201.41,92.849143,92.849143,244.48612,27.838678,65.113188,0,363533.68,6591722.87,191.2,RIGHT,201.4,426,7/10/2025,03:08:31,03:15:37,1702.016469,EX5600,225,29.0,8.0,34,244.48612,92.849143,54.648799,65.113188,27.838678,2965.644906,8724.059778
A185-001-03,A1850803_200_CS_1,6500282,4500282,EX004,EX5600FS,DT054,HIT EH5000,A-185-08-03,37.43,224.87,80.425562,80.425562,247.947498,34.817345,75.531483,0,363530.96,6591727.7,193.7,RIGHT,224.9,435,7/10/2025,03:15:37,03:22:52,1860.993128,EX5600,250,29.0,8.0,34,247.947498,80.425562,52.591751,75.531483,34.817345,3264.933175,9047.208375
A185-001-03,A1850803_200_CS_1,6500283,4500283,EX004,EX5600FS,DT010,CAT 793,A-185-08-03,41.58,199.59,85.695975,85.695975,260.44311,44.252609,78.091249,0,363532.08,6591737.76,186.63,STRAIGHT,199.6,382,7/10/2025,03:22:52,03:29:14,1880.924351,EX5600,225,29.0,8.0,34,260.44311,85.695975,49.274463,78.091249,44.252609,2758.810181,9546.363046
A185-001-03,A1850803_200_CS_1,6500284,4500284,EX004,EX5600FS,DT040,HIT EH5000,A-185-08-03,48.85,234.11,93.386539,93.386539,237.192396,36.567665,60.651139,0,363517.12,6591779.04,189.29,RIGHT,234.1,496,7/10/2025,03:29:14,03:37:30,1699.166134,EX5600,250,29.0,8.0,34,237.192396,93.386539,46.222157,60.651139,36.567665,3553.176309,8853.513453
A185-001-03,A1850803_200_CS_1,6500285,4500285,EX004,EX5600FS,DT054,HIT EH5000,A-185-08-03,34.76,218.49,79.914645,79.914645,221.807209,27.829344,62.279574,0,363505.07,6591768.89,186.4,LEFT,218.5,491,7/10/2025,03:37:30,03:45:41,1601.977424,EX5600,250,29.0,8.0,34,221.807209,79.914645,47.147445,62.279574,27.829344,3546.191841,9614.639312
A185-001-03,A1850803_200_CS_1,6500286,4500286,EX004,EX5600FS,DT040,HIT EH5000,A-185-08-03,58.71,232.89,88.870659,88.870659,245.311777,35.14389,65.896053,0,363513.51,6591738.44,196.68,LEFT,232.9,467,7/10/2025,03:45:41,03:53:28,1795.278925,EX5600,250,29.0,8.0,34,245.311777,88.870659,54.970691,65.896053,35.14389,3417.672266,9034.342865
A185-001-03,A1850803_200_CS_1,6500287,4500287,EX004,EX5600FS,DT010,CAT 793,A-185-08-03,41.05,208.04,93.126682,93.126682,259.979879,39.965069,64.262422,0,363510.86,6591765.19,184.92,RIGHT,208.0,474,7/10/2025,03:53:28,04:01:22,1580.060469,EX5600,225,29.0,8.0,34,259.979879,93.126682,58.143992,64.262422,39.965069,2880.794719,9009.441716
A185-001-03,A1850803_200_CS_1,6500288,4500288,EX004,EX5600FS,DT015,CAT 793,A-185-08-03,36.38,215.11,90.661446,90.661446,242.782228,41.986772,54.077464,0,363534.97,6591757.38,192.19,RIGHT,215.1,378,7/10/2025,04:01:22,04:07:40,2048.690843,EX5600,225,29.0,8.0,34,242.782228,90.661446,53.258953,54.077464,41.986772,3189.710979,9034.019502
A185-001-03,A1850803_200_CS_1,6500289,4500289,EX004,EX5600FS,DT018,CAT 793,A-185-08-03,47.45,200.78,104.703133,104.703133,268.772159,42.710285,55.317523,0,363505.14,6591740.49,197.6,LEFT,200.8,479,7/10/2025,04:07:40,04:15:39,1508.969797,EX5600,225,29.0,8.0,34,268.772159,104.703133,61.374134,55.317523,42.710285,2689.253738,9282.634056
A185-001-03,A1850803_200_CS_1,6500290,4500290,EX004,EX5600FS,DT018,CAT 793,A-185-08-03,55.34,207.11,74.988617,74.988617,250.964577,43.001674,73.466637,0,363527.12,6591717.03,197.76,LEFT,207.1,469,7/10/2025,04:15:39,04:23:28,1589.745484,EX5600,225,29.0,8.0,34,250.964577,74.988617,55.069886,73.466637,43.001674,2970.899883,8906.806181
A185-001-03,A1850803_200_CS_1,6500291,4500291,EX004,EX5600FS,DT030,CAT 793,A-185-08-03,37.84,195.77,82.398528,82.398528,241.622066,46.604536,62.898525,0,363524.65,6591721.13,185.26,RIGHT,195.8,380,7/10/2025,04:23:28,04:29:48,1854.624165,EX5600,225,29.0,8.0,34,241.622066,82.398528,47.316392,62.898525,46.604536,2916.774925,8880.426529
A185-001-03,A1850803_200_CS_1,6500292,4500292,EX004,EX5600FS,DT054,HIT EH5000,A-185-08-03,37.28,216.28,70.261098,70.261098,225.04539,40.737436,52.78238,0,363557.25,6591715.25,196.1,RIGHT,216.3,449,7/10/2025,04:29:48,04:37:17,1734.099861,EX5600,250,29.0,8.0,34,225.04539,70.261098,57.149896,52.78238,40.737436,3459.794653,9190.51348
A185-001-03,A1850803_200_CS_1,6500293,4500293,EX004,EX5600FS,DT010,CAT 793,A-185-08-03,48.16,194.56,91.517921,91.517921,283.842277,48.410366,70.28403,0,363553.98,6591716.55,185.68,LEFT,194.6,492,7/10/2025,04:37:17,04:45:29,1423.632839,EX5600,225,29.0,8.0,34,283.842277,91.517921,70.877212,70.28403,48.410366,2467.663957,9080.510196
A185-001-03,A1850803_200_CS_1,6500294,4500294,EX004,EX5600FS,DT022,CAT 793,A-185-08-03,49.58,193.0,104.854027,104.854027,286.682279,35.923249,79.867894,0,363521.67,6591773.16,198.11,LEFT,193.0,457,7/10/2025,04:45:29,04:53:06,1520.33219,EX5600,225,29.0,8.0,34,286.682279,104.854027,64.516126,79.867894,35.923249,2423.560369,9543.097202
A185-001-03,A1850803_200_CS_1,6500295,4500295,EX004,EX5600FS,DT022,CAT 793,A-185-08-03,35.32,198.73,88.564807,88.564807,267.206221,39.71093,70.781415,0,363514.54,6591751.2,193.33,LEFT,198.7,493,7/10/2025,04:53:06,05:01:19,1451.207038,EX5600,225,29.0,8.0,34,267.206221,88.564807,63.768862,70.781415,39.71093,2677.501551,9156.975515
A185-001-03,A1850803_200_CS_1,6500296,4500296,EX004,EX5600FS,DT022,CAT 793,A-185-08-03,37.29,192.19,90.787898,90.787898,268.012101,32.880256,84.564774,0,363547.01,6591731.19,192.46,LEFT,192.2,384,7/10/2025,05:01:19,05:07:43,1801.774084,EX5600,225,29.0,8.0,34,268.012101,90.787898,58.168279,84.564774,32.880256,2581.529888,8581.243587
A185-001-03,A1850803_200_CS_1,6500297,4500297,EX004,EX5600FS,DT030,CAT 793,A-185-08-03,47.01,188.13,81.512782,81.512782,247.055023,36.433512,72.617341,0,363511.8,6591715.21,185.93,RIGHT,188.1,449,7/10/2025,05:07:43,05:15:12,1508.372938,EX5600,225,29.0,8.0,34,247.055023,81.512782,54.072181,72.617341,36.433512,2741.330415,8822.793519
A185-001-03,A1850803_200_CS_1,6500298,4500298,EX004,EX5600FS,DT022,CAT 793,A-185-08-03,50.13,203.39,65.78364,65.78364,210.313731,42.690464,52.395791,0,363497.5,6591715.87,197.61,STRAIGHT,203.4,430,7/10/2025,05:15:12,05:22:22,1702.840392,EX5600,225,29.0,8.0,34,210.313731,65.78364,48.73898,52.395791,42.690464,3481.567104,9019.267118
A185-001-03,A1850803_200_CS_1,6500299,4500299,EX004,EX5600FS,DT030,CAT 793,A-185-08-03,41.77,194.93,79.788831,79.788831,250.381634,48.797661,59.544563,0,363549.24,6591755.29,197.81,RIGHT,194.9,407,7/10/2025,05:22:22,05:29:09,1724.235704,EX5600,225,29.0,8.0,34,250.381634,79.788831,58.191279,59.544563,48.797661,2802.777189,9095.761745
A185-001-03,A1850803_200_CS_1,6500300,4500300,EX004,EX5600FS,DT054,HIT EH5000,A-185-08-03,51.99,223.62,96.035752,96.035752,259.421264,37.269425,65.577676,0,363530.41,6591723.94,186.58,STRAIGHT,223.6,467,7/10/2025,05:29:09,05:36:56,1723.824272,EX5600,250,29.0,8.0,34,259.421264,96.035752,59.02519,65.577676,37.269425,3103.160945,9172.784218
A185-001-03,A1850803_200_CS_1,6500301,4500301,EX004,EX5600FS,DT010,CAT 793,A-185-08-03,43.77,195.6,92.581369,92.581369,261.99471,38.386461,86.139568,0,363515.0,6591779.6,191.51,LEFT,195.6,517,7/10/2025,05:36:56,05:45:33,1361.997675,EX5600,225,29.0,8.0,34,261.99471,92.581369,39.752885,86.139568,38.386461,2687.660366,9615.500593
A185-001-03,A1850803_200_CS_1,6500302,4500302,EX004,EX5600FS,DT061,HIT EH5000,A-185-08-03,50.34,225.56,98.519902,98.519902,265.713718,31.256472,71.744269,0,363511.62,6591718.52,198.73,STRAIGHT,225.6,404,7/10/2025,05:45:33,05:52:17,2009.904464,EX5600,250,29.0,8.0,34,265.713718,98.519902,63.516621,71.744269,31.256472,3055.925791,8961.411826
A185-001-03,A1850803_200_CS_1,6500303,4500303,EX004,EX5600FS,DT022,CAT 793,A-185-08-03,39.3,217.83,77.871016,77.871016,241.210592,43.142056,66.82493,0,363507.96,6591758.37,195.59,RIGHT,217.8,532,7/10/2025,05:52:17,06:01:09,1474.037272,EX5600,225,29.0,8.0,34,241.210592,77.871016,49.768616,66.82493,43.142056,3251.050547,9025.45807
A185-001-03,A1850803_200_CS_1,6500304,4500304,EX004,EX5600FS,DT015,CAT 793,A-185-08-03,41.59,186.14,93.593728,93.593728,265.959741,38.080413,75.772857,0,363522.05,6591761.89,195.24,STRAIGHT,186.1,505,7/10/2025,06:01:09,06:09:34,1326.948196,EX5600,225,29.0,8.0,34,265.959741,93.593728,54.421472,75.772857,38.080413,2519.587498,9860.772627
A185-001-03,A1850803_200_CS_1,6500305,4500305,EX004,EX5600FS,DT061,HIT EH5000,A-185-08-03,39.49,201.56,86.837402,86.837402,248.845853,34.711636,71.259877,0,363552.62,6591763.37,198.32,STRAIGHT,201.6,431,7/10/2025,06:09:34,06:16:45,1683.524952,EX5600,250,29.0,8.0,34,248.845853,86.837402,54.359854,71.259877,34.711636,2915.85834,9122.109453
A185-001-03,A1850803_200_CS_1,6500306,4500306,EX004,EX5600FS,DT018,CAT 793,A-185-08-03,46.15,204.77,75.276494,75.276494,239.90786,43.110596,65.328924,0,363548.79,6591720.67,190.08,LEFT,204.8,360,7/10/2025,06:16:45,06:22:45,2047.69041,EX5600,225,29.0,8.0,34,239.90786,75.276494,53.61746,65.328924,43.110596,3072.715285,8680.252453
A185-001-03,A1850803_200_CS_1,6500307,4500307,EX004,EX5600FS,DT030,CAT 793,A-185-08-03,47.1,182.86,94.145719,94.145719,276.733414,37.84343,66.706431,0,363544.03,6591748.87,185.09,LEFT,182.9,370,7/10/2025,06:22:45,06:28:55,1779.215699,EX5600,225,29.0,8.0,34,276.733414,94.145719,75.0,66.706431,37.84343,2378.859134,8770.839484
A185-001-03,A1850803_200_CS_1,6500308,4500308,EX004,EX5600FS,DT061,HIT EH5000,A-185-08-03,51.8,210.05,87.122367,87.122367,255.850234,43.387203,65.679628,0,363541.97,6591737.69,190.66,STRAIGHT,210.1,434,7/10/2025,06:28:55,06:36:09,1742.350843,EX5600,250,29.0,8.0,34,255.850234,87.122367,56.294589,65.679628,43.387203,2955.558239,9085.899262
A185-001-03,A1850803_200_CS_1,6500309,4500309,EX004,EX5600FS,DT061,HIT EH5000,A-185-08-03,54.09,220.86,69.598565,69.598565,235.237622,35.778881,83.934461,0,363527.47,6591716.34,191.69,STRAIGHT,220.9,460,7/10/2025,06:36:09,06:43:49,1728.442206,EX5600,250,29.0,8.0,34,235.237622,69.598565,44.726393,83.934461,35.778881,3379.916054,9136.141581
A185-001-03,A1850803_200_CS_1,6500310,4500310,EX004,EX5600FS,DT030,CAT 793,A-185-08-03,42.11,217.13,75.520688,75.520688,240.013516,30.839366,79.978146,0,363538.17,6591760.18,190.5,STRAIGHT,217.1,486,7/10/2025,06:43:49,06:51:55,1608.34511,EX5600,225,29.0,8.0,34,240.013516,75.520688,52.044114,79.978146,30.839366,3256.715443,8622.591574
A185-001-03,A1850803_200_CS_1,6500311,4500311,EX004,EX5600FS,DT054,HIT EH5000,A-185-08-03,57.31,222.26,81.303477,81.303477,248.767543,36.645713,74.336924,0,363494.97,6591705.92,193.51,LEFT,222.3,360,7/10/2025,06:51:55,06:57:55,2222.570867,EX5600,250,29.0,8.0,34,248.767543,81.303477,54.435012,74.336924,36.645713,3216.35814,8987.285226
A185-001-03,A1850803_200_CS_1,6500312,4500312,EX004,EX5600FS,DT040,HIT EH5000,A-185-08-03,42.89,229.77,99.869646,99.869646,275.006594,50.417862,66.479645,0,363518.62,6591779.42,196.02,STRAIGHT,229.8,410,7/10/2025,06:57:55,07:04:45,2017.453618,EX5600,250,29.0,8.0,34,275.006594,99.869646,57.838195,66.479645,50.417862,3007.767819,9374.184849
A185-001-03,A1850803_200_CS_1,6500313,4500313,EX004,EX5600FS,DT040,HIT EH5000,A-185-08-03,45.51,210.96,84.055191,84.055191,273.010841,42.53008,81.308956,0,363537.47,6591737.01,187.26,RIGHT,211.0,474,7/10/2025,07:04:45,07:12:39,1602.207536,EX5600,250,29.0,8.0,34,273.010841,84.055191,60.784139,81.308956,42.53008,2781.744378,8746.950879
A185-001-03,A1850803_200_CS_1,6500314,4500314,EX004,EX5600FS,DT015,CAT 793,A-185-08-03,46.78,207.09,89.503795,89.503795,253.663206,32.391468,78.944388,0,363512.93,6591758.14,184.19,LEFT,207.1,443,7/10/2025,07:12:39,07:20:02,1682.911694,EX5600,225,29.0,8.0,34,253.663206,89.503795,50.589953,78.944388,32.391468,2939.054077,8838.64839
A185-001-03,A1850803_200_CS_1,6500315,4500315,EX004,EX5600FS,DT030,CAT 793,A-185-08-03,51.02,187.27,88.262602,88.262602,247.704964,36.276034,63.256974,0,363527.45,6591773.05,194.16,RIGHT,187.3,451,7/10/2025,07:20:02,07:27:33,1494.867033,EX5600,225,29.0,8.0,34,247.704964,88.262602,56.397362,63.256974,36.276034,2721.725959,9668.189628
A185-001-03,A1850803_200_CS_1,6500316,4500316,EX004,EX5600FS,DT040,HIT EH5000,A-185-08-03,39.04,223.55,92.085163,92.085163,255.082656,38.466845,70.279294,0,363552.59,6591703.97,199.77,RIGHT,223.5,377,7/10/2025,07:27:33,07:33:50,2134.652305,EX5600,250,29.0,8.0,34,255.082656,92.085163,49.002952,70.279294,38.466845,3154.9143,8599.731432
A185-001-03,A1850803_200_CS_1,6500317,4500317,EX004,EX5600FS,DT040,HIT EH5000,A-185-08-03,47.63,213.71,104.131704,104.131704,246.353902,33.320844,65.136745,0,363517.96,6591723.7,195.71,LEFT,213.7,489,7/10/2025,07:33:50,07:41:59,1573.359422,EX5600,250,29.0,8.0,34,246.353902,104.131704,43.486318,65.136745,33.320844,3123.038645,8932.879606
A185-001-03,A1850803_200_CS_1,6500318,4500318,EX004,EX5600FS,DT018,CAT 793,A-185-08-03,45.56,197.84,91.220976,91.220976,256.521568,47.190576,63.70387,0,363505.56,6591766.1,191.37,LEFT,197.8,360,7/10/2025,07:41:59,07:47:59,1978.420188,EX5600,225,29.0,8.0,34,256.521568,91.220976,53.202887,63.70387,47.190576,2776.496621,9172.791631
A185-001-03,A1850803_200_CS_1,6500319,4500319,EX004,EX5600FS,DT054,HIT EH5000,A-185-08-03,43.73,212.01,78.146019,78.146019,251.684499,38.186839,73.349259,0,363511.57,6591701.85,192.97,STRAIGHT,212.0,382,7/10/2025,07:47:59,07:54:21,1998.03858,EX5600,250,29.0,8.0,34,251.684499,78.146019,61.328904,73.349259,38.186839,3032.569507,8200.404978
A185-001-03,A1850803_200_CS_1,6500320,4500320,EX004,EX5600FS,DT018,CAT 793,A-185-08-03,45.16,190.5,97.303739,97.303739,264.07733,29.074695,72.785719,0,363553.4,6591694.92,189.93,STRAIGHT,190.5,428,7/10/2025,07:54:21,08:01:29,1602.357671,EX5600,225,29.0,8.0,34,264.07733,97.303739,61.696315,72.785719,29.074695,2597.000978,9180.724593
A185-001-03,A1850803_200_CS_1,6500321,4500321,EX004,EX5600FS,DT030,CAT 793,A-185-08-03,45.4,180.32,94.335018,94.335018,261.154548,33.144159,72.694549,0,363518.45,6591713.99,192.53,STRAIGHT,180.3,459,7/10/2025,08:01:29,08:09:08,1414.297714,EX5600,225,29.0,8.0,34,261.154548,94.335018,60.38661,72.694549,33.144159,2485.741316,8542.455851
A185-001-03,A1850803_200_CS_1,6500322,4500322,EX004,EX5600FS,DT061,HIT EH5000,A-185-08-03,40.86,216.91,74.040304,74.040304,225.623224,36.998206,69.515059,0,363527.91,6591730.35,185.43,STRAIGHT,216.9,423,7/10/2025,08:09:08,08:16:11,1846.017996,EX5600,250,29.0,8.0,34,225.623224,74.040304,44.08828,69.515059,36.998206,3460.927466,9201.385914
A185-001-03,A1850803_200_CS_1,6500323,4500323,EX004,EX5600FS,DT010,CAT 793,A-185-08-03,50.72,199.82,88.516065,88.516065,261.915124,37.648709,82.572496,0,363522.41,6591715.57,185.08,RIGHT,199.8,392,7/10/2025,08:16:11,08:22:43,1835.051052,EX5600,225,29.0,8.0,34,261.915124,88.516065,52.975205,82.572496,37.648709,2746.462294,9029.880135
A185-001-03,A1850803_200_CS_1,6500324,4500324,EX004,EX5600FS,DT015,CAT 793,A-185-08-03,43.14,186.58,82.638493,82.638493,234.692326,29.995218,64.529627,0,363505.6,6591704.07,198.16,LEFT,186.6,395,7/10/2025,08:22:43,08:29:18,1700.50837,EX5600,225,29.0,8.0,34,234.692326,82.638493,54.006519,64.529627,29.995218,2862.048447,9294.740057
A185-001-03,A1850803_200_CS_1,6500325,4500325,EX004,EX5600FS,DT040,HIT EH5000,A-185-08-03,47.2,232.49,103.490779,103.490779,261.872463,28.743198,74.156957,0,363547.46,6591766.07,187.51,RIGHT,232.5,405,7/10/2025,08:29:18,08:36:03,2066.574274,EX5600,250,29.0,8.0,34,261.872463,103.490779,53.322209,74.156957,28.743198,3196.069459,9974.508916
A185-001-03,A1850803_200_CS_1,6500326,4500326,EX004,EX5600FS,DT018,CAT 793,A-185-08-03,51.85,187.24,95.59558,95.59558,270.772211,43.336235,77.768404,0,363514.81,6591734.43,198.39,RIGHT,187.2,451,7/10/2025,08:36:03,08:43:34,1494.596218,EX5600,225,29.0,8.0,34,270.772211,95.59558,49.759092,77.768404,43.336235,2489.409426,8909.945148
A185-001-03,A1850803_200_CS_1,6500327,4500327,EX004,EX5600FS,DT018,CAT 793,A-185-08-03,47.26,202.04,93.938028,93.938028,271.488552,35.846635,75.122705,0,363513.23,6591782.33,185.66,LEFT,202.0,379,7/10/2025,08:43:34,08:49:53,1919.07061,EX5600,225,29.0,8.0,34,271.488552,93.938028,63.523413,75.122705,35.846635,2679.036576,9047.563748
A185-001-03,A1850803_200_CS_1,6500328,4500328,EX004,EX5600FS,DT054,HIT EH5000,A-185-08-03,42.86,227.02,79.195074,79.195074,242.956445,38.70403,77.853049,0,363506.13,6591739.44,196.24,LEFT,227.0,466,7/10/2025,08:49:53,08:57:39,1753.823057,EX5600,250,29.0,8.0,34,242.956445,79.195074,44.218021,77.853049,38.70403,3363.90148,9539.764684
A185-001-03,A1850803_200_CS_1,6500329,4500329,EX004,EX5600FS,DT030,CAT 793,A-185-08-03,46.25,204.28,84.144812,84.144812,269.126536,49.090867,70.429868,0,363521.9,6591743.62,188.02,RIGHT,204.3,360,7/10/2025,08:57:39,09:03:39,2042.838032,EX5600,225,29.0,8.0,34,269.126536,84.144812,61.593546,70.429868,49.090867,2732.624228,9548.674511
A185-001-03,A1850803_200_CS_1,6500330,4500330,EX004,EX5600FS,DT030,CAT 793,A-185-08-03,52.84,215.66,100.317012,100.317012,251.215091,40.07368,64.333947,0,363513.75,6591741.2,188.39,STRAIGHT,215.7,446,7/10/2025,09:03:39,09:11:05,1740.719494,EX5600,225,29.0,8.0,34,251.215091,100.317012,42.410239,64.333947,40.07368,3090.423003,9279.526389
A185-001-03,A1850803_200_CS_1,6500331,4500331,EX004,EX5600FS,DT022,CAT 793,A-185-08-03,38.47,184.41,80.119533,80.119533,262.445626,39.836538,78.835184,0,363530.61,6591722.33,185.05,LEFT,184.4,378,7/10/2025,09:11:05,09:17:23,1756.301258,EX5600,225,29.0,8.0,34,262.445626,80.119533,61.704646,78.835184,39.836538,2529.597786,8529.748785
A185-001-03,A1850803_200_CS_1,6500332,4500332,EX004,EX5600FS,DT015,CAT 793,A-185-08-03,32.99,188.75,88.594525,88.594525,248.625738,41.326752,67.668239,0,363513.49,6591718.41,199.38,STRAIGHT,188.8,507,7/10/2025,09:17:23,09:25:50,1340.262811,EX5600,225,29.0,8.0,34,248.625738,88.594525,50.898554,67.668239,41.326752,2733.076836,9597.209502
A185-001-03,A1850803_200_CS_1,6500333,4500333,EX004,EX5600FS,DT018,CAT 793,A-185-08-03,43.77,188.96,97.433004,97.433004,267.731984,43.010055,71.811543,0,363554.06,6591751.55,189.07,LEFT,189.0,462,7/10/2025,09:25:50,09:33:32,1472.447626,EX5600,225,29.0,8.0,34,267.731984,97.433004,50.936063,71.811543,43.010055,2540.864908,9685.736498
A185-001-03,A1850803_200_CS_1,6500334,4500334,EX004,EX5600FS,DT054,HIT EH5000,A-185-08-03,46.78,208.77,103.278078,103.278078,282.896864,39.227484,79.733257,0,363527.49,6591757.69,195.49,STRAIGHT,208.8,469,7/10/2025,09:33:32,09:41:21,1602.464323,EX5600,250,29.0,8.0,34,282.896864,103.278078,56.671781,79.733257,39.227484,2656.642269,9143.410578
A185-001-03,A1850803_200_CS_1,6500335,4500335,EX004,EX5600FS,DT054,HIT EH5000,A-185-08-03,33.38,221.71,74.13694,74.13694,252.286242,35.369307,81.032544,0,363499.05,6591714.71,184.34,RIGHT,221.7,417,7/10/2025,09:41:21,09:48:18,1914.057947,EX5600,250,29.0,8.0,34,252.286242,74.13694,59.77197,81.032544,35.369307,3163.716574,8539.338953
A185-001-03,A1850803_200_CS_1,6500336,4500336,EX004,EX5600FS,DT054,HIT EH5000,A-185-08-03,39.94,249.93,82.896169,82.896169,256.083472,37.345695,79.165495,0,363507.79,6591736.63,186.79,RIGHT,249.9,397,7/10/2025,09:48:18,09:54:55,2266.404337,EX5600,250,29.0,8.0,34,256.083472,82.896169,54.716057,79.165495,37.345695,3513.551717,8504.037328
A185-001-03,A1850803_200_CS_1,6500337,4500337,EX004,EX5600FS,DT022,CAT 793,A-185-08-03,49.19,203.72,85.757804,85.757804,253.91142,35.426286,76.08499,0,363545.58,6591728.26,197.56,STRAIGHT,203.7,426,7/10/2025,09:54:55,10:02:01,1721.55083,EX5600,225,29.0,8.0,34,253.91142,85.757804,50.757209,76.08499,35.426286,2888.332683,9183.80988
A185-001-03,A1850803_200_CS_1,6500338,4500338,EX004,EX5600FS,DT030,CAT 793,A-185-08-03,40.34,192.15,78.875103,78.875103,229.365741,26.210991,77.780794,0,363555.96,6591701.56,191.35,STRAIGHT,192.1,389,7/10/2025,10:02:01,10:08:30,1778.23941,EX5600,225,29.0,8.0,34,229.365741,78.875103,45.664839,77.780794,26.210991,3015.860729,8227.71871
A185-001-03,A1850803_200_CS_1,6500339,4500339,EX004,EX5600FS,DT054,HIT EH5000,A-185-08-03,34.42,224.2,98.536303,98.536303,262.659645,40.60574,67.916905,0,363537.35,6591709.27,184.56,LEFT,224.2,365,7/10/2025,10:08:30,10:14:35,2211.297474,EX5600,250,29.0,8.0,34,262.659645,98.536303,51.812087,67.916905,40.60574,3072.887647,9495.152681
A185-001-03,A1850803_200_CS_1,6500340,4500340,EX004,EX5600FS,DT022,CAT 793,A-185-08-03,44.81,189.95,89.988187,89.988187,248.16438,41.552646,64.213373,0,363539.73,6591738.91,193.82,LEFT,189.9,393,7/10/2025,10:14:35,10:21:08,1739.954283,EX5600,225,29.0,8.0,34,248.16438,89.988187,46.929533,64.213373,41.552646,2755.43989,9056.189532
A185-001-03,A1850803_200_CS_1,6500341,4500341,EX004,EX5600FS,DT018,CAT 793,A-185-08-03,44.51,191.34,85.594804,85.594804,269.551473,38.468789,82.942692,0,363523.97,6591711.69,198.46,STRAIGHT,191.3,393,7/10/2025,10:21:08,10:27:41,1752.718925,EX5600,225,29.0,8.0,34,269.551473,85.594804,60.555738,82.942692,38.468789,2555.424867,8460.537437
A185-001-03,A1850803_200_CS_1,6500342,4500342,EX004,EX5600FS,DT015,CAT 793,A-185-08-03,44.75,213.77,81.522886,81.522886,242.596717,32.479046,78.79813,0,363512.92,6591749.15,196.23,STRAIGHT,213.8,448,7/10/2025,10:27:41,10:35:09,1717.766081,EX5600,225,29.0,8.0,34,242.596717,81.522886,46.114553,78.79813,32.479046,3172.174848,9329.612637
A185-001-03,A1850803_200_CS_1,6500343,4500343,EX004,EX5600FS,DT030,CAT 793,A-185-08-03,42.19,207.84,83.457063,83.457063,256.934721,36.457437,77.909868,0,363555.28,6591709.76,188.28,RIGHT,207.8,502,7/10/2025,10:35:09,10:43:31,1490.488723,EX5600,225,29.0,8.0,34,256.934721,83.457063,56.112058,77.909868,36.457437,2912.122335,9998.09206
A185-001-03,A1850803_200_CS_1,6500344,4500344,EX004,EX5600FS,DT015,CAT 793,A-185-08-03,45.5,203.42,67.298387,67.298387,228.875168,40.203134,66.958034,0,363545.34,6591752.67,197.7,STRAIGHT,203.4,406,7/10/2025,10:43:31,10:50:17,1803.699281,EX5600,225,29.0,8.0,34,228.875168,67.298387,50.564152,66.958034,40.203134,3199.569063,8663.296405
A185-001-03,A1850803_200_CS_1,6500345,4500345,EX004,EX5600FS,DT015,CAT 793,A-185-08-03,45.81,200.86,99.369568,99.369568,280.281422,40.595576,64.350397,0,363542.82,6591706.7,199.34,RIGHT,200.9,501,7/10/2025,10:50:17,10:58:38,1443.293175,EX5600,225,29.0,8.0,34,280.281422,99.369568,75.0,64.350397,40.595576,2579.87089,8583.670113
A185-001-03,A1850803_200_CS_1,6500346,4500346,EX004,EX5600FS,DT030,CAT 793,A-185-08-03,50.7,207.94,84.771703,84.771703,253.27167,41.708002,62.131108,0,363552.53,6591746.97,198.04,STRAIGHT,207.9,489,7/10/2025,10:58:38,11:06:47,1530.872082,EX5600,225,29.0,8.0,34,253.27167,84.771703,64.183302,62.131108,41.708002,2955.705426,8712.37004
A185-001-03,A1850803_200_CS_1,6500347,4500347,EX004,EX5600FS,DT054,HIT EH5000,A-185-08-03,39.46,208.32,89.700371,89.700371,269.080986,45.691237,73.38538,0,363497.07,6591702.7,183.99,STRAIGHT,208.3,360,7/10/2025,11:06:47,11:12:47,2083.241811,EX5600,250,29.0,8.0,34,269.080986,89.700371,57.558076,73.38538,45.691237,2787.142502,9278.835783
A185-001-03,A1850803_200_CS_1,6500348,4500348,EX004,EX5600FS,DT054,HIT EH5000,A-185-08-03,51.53,224.35,84.39825,84.39825,242.497981,36.578667,60.427748,0,363512.88,6591722.98,193.77,STRAIGHT,224.4,360,7/10/2025,11:12:47,11:18:47,2243.546074,EX5600,250,29.0,8.0,34,242.497981,84.39825,60.834818,60.427748,36.578667,3330.652833,9007.791803
A185-001-03,A1850803_200_CS_1,6500349,4500349,EX004,EX5600FS,DT018,CAT 793,A-185-08-03,52.22,192.2,95.393602,95.393602,249.570365,38.167995,62.696794,0,363496.97,6591707.5,197.56,LEFT,192.2,360,7/10/2025,11:18:47,11:24:47,1921.991121,EX5600,225,29.0,8.0,34,249.570365,95.393602,48.004311,62.696794,38.167995,2772.431751,8497.491128
A185-001-03,A1850803_200_CS_1,6500350,4500350,EX004,EX5600FS,DT061,HIT EH5000,A-185-08-03,54.9,220.02,92.12352,92.12352,249.911013,29.606374,68.638113,0,363523.14,6591760.58,188.94,STRAIGHT,220.0,360,7/10/2025,11:24:47,11:30:47,2200.221851,EX5600,250,29.0,8.0,34,249.911013,92.12352,58.702115,68.638113,29.606374,3169.44762,9327.365723
A185-001-03,A1850803_200_CS_1,6500351,4500351,EX004,EX5600FS,DT022,CAT 793,A-185-08-03,44.27,173.17,86.643831,86.643831,238.202356,39.861143,60.047193,0,363512.5,6591732.15,194.74,LEFT,173.2,453,7/10/2025,11:30:47,11:38:20,1376.148329,EX5600,225,29.0,8.0,34,238.202356,86.643831,45.997558,60.047193,39.861143,2617.082401,8761.978245
A185-001-03,A1850803_200_CS_1,6500352,4500352,EX004,EX5600FS,DT022,CAT 793,A-185-08-03,39.15,195.62,104.440931,104.440931,275.858893,46.258591,77.353505,0,363506.69,6591707.77,192.68,LEFT,195.6,440,7/10/2025,11:38:20,11:45:40,1600.537443,EX5600,225,29.0,8.0,34,275.858893,104.440931,47.57492,77.353505,46.258591,2552.886614,9549.385331
A185-001-03,A1850803_200_CS_1,6500353,4500353,EX004,EX5600FS,DT010,CAT 793,A-185-08-03,38.31,201.65,81.794885,81.794885,251.806052,33.966854,85.129074,0,363522.42,6591715.98,193.68,STRAIGHT,201.6,415,7/10/2025,11:45:40,11:52:35,1749.217669,EX5600,225,29.0,8.0,34,251.806052,81.794885,47.911154,85.129074,33.966854,2882.874844,8737.676971
A185-001-03,A1850803_200_CS_1,6500354,4500354,EX004,EX5600FS,DT030,CAT 793,A-185-08-03,50.12,208.51,85.690327,85.690327,247.040813,35.213561,75.051225,0,363526.03,6591722.56,184.98,LEFT,208.5,528,7/10/2025,11:52:35,12:01:23,1421.673836,EX5600,225,29.0,8.0,34,247.040813,85.690327,45.462132,75.051225,35.213561,3038.541596,9225.45577
A185-001-03,A1850803_200_CS_1,6500355,4500355,EX004,EX5600FS,DT010,CAT 793,A-185-08-03,40.3,181.29,92.199471,92.199471,256.954007,41.437447,66.859677,0,363511.42,6591743.9,185.52,RIGHT,181.3,447,7/10/2025,12:01:23,12:08:50,1460.082281,EX5600,225,29.0,8.0,34,256.954007,92.199471,52.673026,66.859677,41.437447,2539.975103,8336.897939
A185-001-03,A1850803_200_CS_1,6500356,4500356,EX004,EX5600FS,DT030,CAT 793,A-185-08-03,43.23,188.54,99.120856,99.120856,248.83802,36.215132,65.562926,0,363511.82,6591762.91,186.82,LEFT,188.5,501,7/10/2025,12:08:50,12:17:11,1354.802452,EX5600,225,29.0,8.0,34,248.83802,99.120856,47.173047,65.562926,36.215132,2727.702258,8969.957735
A185-001-03,A1850803_200_CS_1,6500357,4500357,EX004,EX5600FS,DT061,HIT EH5000,A-185-08-03,39.94,232.27,83.05745,83.05745,255.89575,40.437879,75.539989,0,363515.48,6591722.5,194.72,RIGHT,232.3,366,7/10/2025,12:17:11,12:23:17,2284.615736,EX5600,250,29.0,8.0,34,255.89575,83.05745,53.848515,75.539989,40.437879,3267.617226,8416.270218
A185-001-03,A1850803_200_CS_1,6500358,4500358,EX004,EX5600FS,DT018,CAT 793,A-185-08-03,47.84,209.67,103.891161,103.891161,258.382678,29.309941,76.861345,0,363505.81,6591734.72,196.31,LEFT,209.7,455,7/10/2025,12:23:17,12:30:52,1658.930256,EX5600,225,29.0,8.0,34,258.382678,103.891161,43.742087,76.861345,29.309941,2921.299803,9199.314836
A185-001-03,A1850803_200_CS_1,6500359,4500359,EX004,EX5600FS,DT054,HIT EH5000,A-185-08-03,47.16,225.78,80.988105,80.988105,259.16847,34.302477,70.082574,0,363544.16,6591729.28,194.2,STRAIGHT,225.8,430,7/10/2025,12:30:52,12:38:02,1890.284579,EX5600,250,29.0,8.0,34,259.16847,80.988105,70.255817,70.082574,34.302477,3136.27028,8612.015858
A185-001-03,A1850803_200_CS_1,6500360,4500360,EX004,EX5600FS,DT015,CAT 793,A-185-08-03,36.13,202.37,87.16699,87.16699,253.9439,36.544439,72.339466,0,363504.11,6591722.34,187.83,STRAIGHT,202.4,390,7/10/2025,12:38:02,12:44:32,1868.000462,EX5600,225,29.0,8.0,34,253.9439,87.16699,54.233663,72.339466,36.544439,2868.823311,9103.996165
A185-001-03,A1850803_200_CS_1,6500361,4500361,EX004,EX5600FS,DT054,HIT EH5000,A-185-08-03,49.82,235.18,80.387142,80.387142,252.35081,31.743033,70.53564,0,363541.35,6591733.06,191.3,STRAIGHT,235.2,425,7/10/2025,12:44:32,12:51:37,1992.10398,EX5600,250,29.0,8.0,34,252.35081,80.387142,64.010871,70.53564,31.743033,3355.028632,9092.778024
A185-001-03,A1850803_200_CS_1,6500362,4500362,EX004,EX5600FS,DT054,HIT EH5000,A-185-08-03,45.44,216.96,81.087425,81.087425,256.209105,46.307827,70.373164,0,363544.08,6591728.7,196.8,LEFT,217.0,428,7/10/2025,12:51:37,12:58:45,1824.888077,EX5600,250,29.0,8.0,34,256.209105,81.087425,56.93588,70.373164,46.307827,3048.494694,9195.672038
A185-001-03,A1850803_200_CS_1,6500363,4500363,EX004,EX5600FS,DT040,HIT EH5000,A-185-08-03,48.85,217.68,79.644972,79.644972,238.165822,33.554113,62.510918,0,363539.89,6591734.89,198.09,LEFT,217.7,400,7/10/2025,12:58:45,13:05:25,1959.128799,EX5600,250,29.0,8.0,34,238.165822,79.644972,57.974359,62.510918,33.554113,3290.360951,9250.746923
A185-001-03,A1850803_200_CS_1,6500364,4500364,EX004,EX5600FS,DT022,CAT 793,A-185-08-03,31.91,200.8,86.307365,86.307365,236.552623,31.16528,73.041547,0,363552.38,6591719.18,186.11,RIGHT,200.8,469,7/10/2025,13:05:25,13:13:14,1541.295564,EX5600,225,29.0,8.0,34,236.552623,86.307365,40.966855,73.041547,31.16528,3055.84275,9292.390126
A185-001-03,A1850803_200_CS_1,6500365,4500365,EX004,EX5600FS,DT022,CAT 793,A-185-08-03,43.44,208.47,94.489082,94.489082,265.146275,39.004983,73.461105,0,363539.18,6591749.37,196.57,STRAIGHT,208.5,419,7/10/2025,13:13:14,13:20:13,1791.114081,EX5600,225,29.0,8.0,34,265.146275,94.489082,57.9692,73.461105,39.004983,2830.425585,8819.106984
A185-001-03,A1850803_200_CS_1,6500366,4500366,EX004,EX5600FS,DT040,HIT EH5000,A-185-08-03,51.27,227.88,77.199147,77.199147,254.24498,50.20818,72.249531,0,363538.18,6591700.51,189.13,RIGHT,227.9,405,7/10/2025,13:20:13,13:26:58,2025.624154,EX5600,250,29.0,8.0,34,254.24498,77.199147,49.321968,72.249531,50.20818,3226.721651,8742.62107
A185-001-03,A1850803_200_CS_1,6500367,4500367,EX004,EX5600FS,DT040,HIT EH5000,A-185-08-03,45.21,207.14,85.306562,85.306562,256.047403,43.345552,61.304302,0,363543.84,6591761.41,189.57,STRAIGHT,207.1,425,7/10/2025,13:26:58,13:34:03,1754.580558,EX5600,250,29.0,8.0,34,256.047403,85.306562,65.360563,61.304302,43.345552,2912.338609,9120.033474
A185-001-03,A1850803_200_CS_1,6500368,4500368,EX004,EX5600FS,DT018,CAT 793,A-185-08-03,51.02,187.32,84.041804,84.041804,254.56988,46.809021,67.083925,0,363545.5,6591742.19,190.82,RIGHT,187.3,360,7/10/2025,13:34:03,13:40:03,1873.173042,EX5600,225,29.0,8.0,34,254.56988,84.041804,54.253488,67.083925,46.809021,2648.947685,8898.982717
A185-001-03,A1850803_200_CS_1,6500369,4500369,EX004,EX5600FS,DT061,HIT EH5000,A-185-08-03,38.58,211.69,91.905901,91.905901,263.48564,31.843588,85.736729,0,363554.88,6591760.66,194.94,RIGHT,211.7,511,7/10/2025,13:40:03,13:48:34,1491.381254,EX5600,250,29.0,8.0,34,263.48564,91.905901,51.209044,85.736729,31.843588,2892.361882,9297.504361
A185-001-03,A1850803_200_CS_1,6500370,4500370,EX004,EX5600FS,DT061,HIT EH5000,A-185-08-03,50.29,225.01,88.911385,88.911385,240.198219,40.245767,66.260415,0,363509.66,6591718.87,199.13,STRAIGHT,225.0,396,7/10/2025,13:48:34,13:55:10,2045.524028,EX5600,250,29.0,8.0,34,240.198219,88.911385,42.006171,66.260415,40.245767,3372.329392,8452.293462
A185-001-03,A1850803_200_CS_1,6500371,4500371,EX004,EX5600FS,DT022,CAT 793,A-185-08-03,44.1,180.08,90.992267,90.992267,280.892323,34.838364,74.282171,0,363529.32,6591736.22,198.49,RIGHT,180.1,427,7/10/2025,13:55:10,14:02:17,1518.246953,EX5600,225,29.0,8.0,34,280.892323,90.992267,75.0,74.282171,34.838364,2307.971403,8629.14739
A185-001-03,A1850803_200_CS_1,6500372,4500372,EX004,EX5600FS,DT061,HIT EH5000,A-185-08-03,43.75,236.21,92.064667,92.064667,253.055216,35.071383,67.645832,0,363513.24,6591770.59,195.48,STRAIGHT,236.2,408,7/10/2025,14:02:17,14:09:05,2084.230329,EX5600,250,29.0,8.0,34,253.055216,92.064667,57.741214,67.645832,35.071383,3360.396948,9455.835925
A185-001-03,A1850803_200_CS_1,6500373,4500373,EX004,EX5600FS,DT022,CAT 793,A-185-08-03,44.47,222.58,84.830749,84.830749,264.894929,40.553673,76.001709,0,363518.94,6591742.16,187.63,STRAIGHT,222.6,461,7/10/2025,14:09:05,14:16:46,1738.113866,EX5600,225,29.0,8.0,34,264.894929,84.830749,59.227944,76.001709,40.553673,3024.861579,8426.836859
A185-001-03,A1850803_200_CS_1,6500374,4500374,EX004,EX5600FS,DT030,CAT 793,A-185-08-03,47.01,202.37,83.13513,83.13513,264.471125,44.769982,73.457462,0,363539.15,6591701.88,187.39,RIGHT,202.4,445,7/10/2025,14:16:46,14:24:11,1637.127592,EX5600,225,29.0,8.0,34,264.471125,83.13513,62.865929,73.457462,44.769982,2754.63636,8798.463292
A185-001-03,A1850803_200_CS_1,6500375,4500375,EX004,EX5600FS,DT010,CAT 793,A-185-08-03,41.09,214.19,91.681457,91.681457,273.483047,42.425882,80.637011,0,363543.8,6591765.43,184.54,LEFT,214.2,417,7/10/2025,14:24:11,14:31:08,1849.113114,EX5600,225,29.0,8.0,34,273.483047,91.681457,58.727641,80.637011,42.425882,2819.480685,10013.269826
A185-001-03,A1850803_200_CS_1,6500376,4500376,EX004,EX5600FS,DT054,HIT EH5000,A-185-08-03,48.23,218.24,97.491488,97.491488,277.96669,41.28365,74.399497,0,363545.14,6591755.99,192.8,RIGHT,218.2,360,7/10/2025,14:31:08,14:37:08,2182.362679,EX5600,250,29.0,8.0,34,277.96669,97.491488,60.311975,74.399497,41.28365,2826.419827,9545.690732
A185-001-03,A1850803_200_CS_1,6500377,4500377,EX004,EX5600FS,DT018,CAT 793,A-185-08-03,51.64,196.82,84.168859,84.168859,264.270633,49.54409,70.35326,0,363554.6,6591761.87,193.71,RIGHT,196.8,412,7/10/2025,14:37:08,14:44:00,1719.785058,EX5600,225,29.0,8.0,34,264.270633,84.168859,56.014437,70.35326,49.54409,2681.158458,8861.036491
A185-001-03,A1850803_200_CS_1,6500378,4500378,EX004,EX5600FS,DT030,CAT 793,A-185-08-03,46.02,194.46,71.093573,71.093573,230.409499,33.574934,62.350597,0,363522.44,6591714.84,194.8,RIGHT,194.5,369,7/10/2025,14:44:00,14:50:09,1897.125468,EX5600,225,29.0,8.0,34,230.409499,71.093573,60.256484,62.350597,33.574934,3038.23975,8718.907733
A185-001-03,A1850803_200_CS_1,6500379,4500379,EX004,EX5600FS,DT030,CAT 793,A-185-08-03,38.56,208.73,89.873869,89.873869,266.835719,42.648358,71.198263,0,363515.31,6591701.69,187.32,RIGHT,208.7,450,7/10/2025,14:50:09,14:57:39,1669.861138,EX5600,225,29.0,8.0,34,266.835719,89.873869,62.717363,71.198263,42.648358,2816.105416,8802.933131
A185-001-03,A1850803_200_CS_1,6500380,4500380,EX004,EX5600FS,DT018,CAT 793,A-185-08-03,47.31,203.08,80.014672,80.014672,248.766705,42.932438,63.586543,0,363555.27,6591751.4,195.25,STRAIGHT,203.1,437,7/10/2025,14:57:39,15:04:56,1673.004738,EX5600,225,29.0,8.0,34,248.766705,80.014672,61.582274,63.586543,42.932438,2938.910452,9665.935118
A185-001-03,A1850803_200_CS_1,6500381,4500381,EX004,EX5600FS,DT015,CAT 793,A-185-08-03,36.16,212.15,100.275016,100.275016,260.771654,38.438678,77.182129,0,363521.57,6591752.75,192.31,STRAIGHT,212.2,479,7/10/2025,15:04:56,15:12:55,1594.454429,EX5600,225,29.0,8.0,34,260.771654,100.275016,44.810072,77.182129,38.438678,2928.78332,8076.241523
A185-001-03,A1850803_200_CS_1,6500382,4500382,EX004,EX5600FS,DT010,CAT 793,A-185-08-03,43.02,191.19,95.404648,95.404648,267.706168,36.045363,71.016962,0,363514.59,6591710.89,196.02,STRAIGHT,191.2,407,7/10/2025,15:12:55,15:19:42,1691.106624,EX5600,225,29.0,8.0,34,267.706168,95.404648,59.76409,71.016962,36.045363,2571.029279,8953.395532
A185-001-03,A1850803_200_CS_1,6500383,4500383,EX004,EX5600FS,DT040,HIT EH5000,A-185-08-03,48.58,208.67,75.291734,75.291734,235.987715,40.450926,61.52439,0,363512.54,6591702.19,199.36,RIGHT,208.7,463,7/10/2025,15:19:42,15:27:25,1622.514708,EX5600,250,29.0,8.0,34,235.987715,75.291734,57.141003,61.52439,40.450926,3183.319563,8968.373818
A185-001-03,A1850803_200_CS_1,6500384,4500384,EX004,EX5600FS,DT022,CAT 793,A-185-08-03,38.11,205.37,90.461028,90.461028,255.343997,38.735109,68.139076,0,363522.3,6591769.93,198.02,RIGHT,205.4,400,7/10/2025,15:27:25,15:34:05,1848.356222,EX5600,225,29.0,8.0,34,255.343997,90.461028,57.809573,68.139076,38.735109,2895.476291,9092.936882
A185-001-03,A1850803_200_CS_1,6500385,4500385,EX004,EX5600FS,DT061,HIT EH5000,A-185-08-03,48.02,214.44,88.574364,88.574364,272.204743,50.534749,74.896624,0,363543.8,6591735.91,199.05,LEFT,214.4,534,7/10/2025,15:34:05,15:42:59,1445.668684,EX5600,250,29.0,8.0,34,272.204743,88.574364,52.525807,74.896624,50.534749,2836.052996,9346.101976
A185-001-03,A1850803_200_CS_1,6500386,4500386,EX004,EX5600FS,DT054,HIT EH5000,A-185-08-03,38.08,225.19,77.400664,77.400664,225.637423,26.986496,70.616478,0,363536.62,6591726.93,195.43,RIGHT,225.2,483,7/10/2025,15:42:59,15:51:02,1678.47201,EX5600,250,29.0,8.0,34,225.637423,77.400664,48.764096,70.616478,26.986496,3592.941144,9251.337026
A185-001-03,A1850803_200_CS_1,6500387,4500387,EX004,EX5600FS,DT040,HIT EH5000,A-185-08-03,57.26,216.37,81.893344,81.893344,243.577014,35.167381,69.649494,0,363548.52,6591731.58,184.78,LEFT,216.4,418,7/10/2025,15:51:02,15:58:00,1863.507067,EX5600,250,29.0,8.0,34,243.577014,81.893344,54.699373,69.649494,35.167381,3197.945241,9170.939991
A185-001-03,A1850803_200_CS_1,6500388,4500388,EX004,EX5600FS,DT022,CAT 793,A-185-08-03,52.44,209.76,92.673037,92.673037,269.67574,41.543328,80.856372,0,363509.19,6591778.07,185.61,STRAIGHT,209.8,439,7/10/2025,15:58:00,16:05:19,1720.119935,EX5600,225,29.0,8.0,34,269.67574,92.673037,53.664661,80.856372,41.543328,2800.150477,8900.695013
A185-001-03,A1850803_200_CS_1,6500389,4500389,EX004,EX5600FS,DT022,CAT 793,A-185-08-03,44.92,218.37,76.724863,76.724863,234.80464,36.870077,73.31537,0,363552.31,6591761.62,189.95,LEFT,218.4,398,7/10/2025,16:05:19,16:11:57,1975.238382,EX5600,225,29.0,8.0,34,234.80464,76.724863,47.161094,73.31537,36.870077,3348.080666,8490.649251
A185-001-03,A1850803_200_CS_1,6500390,4500390,EX004,EX5600FS,DT022,CAT 793,A-185-08-03,42.39,168.08,87.417732,87.417732,258.38724,41.78114,67.092295,0,363506.19,6591741.64,191.68,STRAIGHT,168.1,461,7/10/2025,16:11:57,16:19:38,1312.561968,EX5600,225,29.0,8.0,34,258.38724,87.417732,57.384262,67.092295,41.78114,2341.799333,9635.905961
A185-001-03,A1850803_200_CS_1,6500391,4500391,EX004,EX5600FS,DT022,CAT 793,A-185-08-03,36.48,191.72,88.207459,88.207459,251.649318,36.834876,68.920125,0,363502.94,6591738.06,194.69,STRAIGHT,191.7,517,7/10/2025,16:19:38,16:28:15,1334.971983,EX5600,225,29.0,8.0,34,251.649318,88.207459,56.486275,68.920125,36.834876,2742.628198,8752.786885
A185-001-03,A1850803_200_CS_1,6500392,4500392,EX004,EX5600FS,DT022,CAT 793,A-185-08-03,44.62,208.4,89.686534,89.686534,268.997215,43.875095,80.349535,0,363538.12,6591717.91,191.44,RIGHT,208.4,362,7/10/2025,16:28:15,16:34:17,2072.511507,EX5600,225,29.0,8.0,34,268.997215,89.686534,52.63023,80.349535,43.875095,2789.059233,9069.820858
A185-001-03,A1850803_200_CS_1,6500393,4500393,EX004,EX5600FS,DT054,HIT EH5000,A-185-08-03,47.85,222.72,95.727842,95.727842,268.685128,37.740369,76.995694,0,363514.35,6591741.35,184.88,STRAIGHT,222.7,395,7/10/2025,16:34:17,16:40:52,2029.825223,EX5600,250,29.0,8.0,34,268.685128,95.727842,53.548704,76.995694,37.740369,2984.091337,9250.711229
A185-001-03,A1850803_200_CS_1,6500394,4500394,EX004,EX5600FS,DT054,HIT EH5000,A-185-08-03,56.82,224.45,92.025443,92.025443,240.424971,29.975436,59.383248,0,363542.89,6591723.11,185.17,RIGHT,224.4,443,7/10/2025,16:40:52,16:48:15,1823.952248,EX5600,250,29.0,8.0,34,240.424971,92.025443,56.89324,59.383248,29.975436,3360.760924,8749.45462
A185-001-03,A1850803_200_CS_1,6500395,4500395,EX004,EX5600FS,DT022,CAT 793,A-185-08-03,52.16,197.2,83.51173,83.51173,244.861805,41.770722,62.609859,0,363532.26,6591703.69,198.86,LEFT,197.2,398,7/10/2025,16:48:15,16:54:53,1783.72476,EX5600,225,29.0,8.0,34,244.861805,83.51173,56.305125,62.609859,41.770722,2899.278044,8908.568272
A185-001-03,A1850803_200_CS_1,6500396,4500396,EX004,EX5600FS,DT022,CAT 793,A-185-08-03,51.2,189.72,86.228197,86.228197,257.153901,41.554981,69.58901,0,363541.89,6591708.01,192.52,RIGHT,189.7,398,7/10/2025,16:54:53,17:01:31,1716.097749,EX5600,225,29.0,8.0,34,257.153901,86.228197,56.609449,69.58901,41.554981,2656.023894,9203.450149
A185-001-03,A1850803_200_CS_1,6500397,4500397,EX004,EX5600FS,DT040,HIT EH5000,A-185-08-03,51.01,223.87,90.532001,90.532001,263.562967,38.098935,69.555489,0,363536.58,6591740.42,197.7,STRAIGHT,223.9,425,7/10/2025,17:01:31,17:08:36,1896.309027,EX5600,250,29.0,8.0,34,263.562967,90.532001,63.507273,69.555489,38.098935,3057.83223,8740.280419
A185-001-03,A1850803_200_CS_1,6500398,4500398,EX004,EX5600FS,DT061,HIT EH5000,A-185-08-03,63.52,197.9,103.692116,103.692116,278.332976,41.701844,68.347109,0,363520.54,6591729.74,187.33,LEFT,197.9,534,7/10/2025,17:08:36,17:17:30,1334.138782,EX5600,250,29.0,8.0,34,278.332976,103.692116,60.691016,68.347109,41.701844,2559.63242,9389.224674
A185-001-03,A1850803_200_CS_1,6500399,4500399,EX004,EX5600FS,DT040,HIT EH5000,A-185-08-03,44.72,214.41,95.41479,95.41479,250.755624,37.286496,60.764042,0,363551.51,6591696.65,192.53,LEFT,214.4,445,7/10/2025,17:17:30,17:24:55,1734.513273,EX5600,250,29.0,8.0,34,250.755624,95.41479,52.710618,60.764042,37.286496,3078.129993,9288.450411
A185-001-03,A1850803_200_CS_1,6500400,4500400,EX004,EX5600FS,DT040,HIT EH5000,A-185-08-03,58.2,207.76,81.213473,81.213473,253.633455,34.445542,65.796126,0,363554.05,6591739.85,194.51,RIGHT,207.8,404,7/10/2025,17:24:55,17:31:39,1851.355349,EX5600,250,29.0,8.0,34,253.633455,81.213473,69.126296,65.796126,34.445542,2948.931015,9213.523493
A185-001-03,A1850803_200_CS_1,6500401,4500401,EX004,EX5600FS,DT018,CAT 793,A-185-08-03,57.51,195.08,81.701338,81.701338,256.880381,48.377623,65.47011,0,363543.18,6591750.35,196.92,STRAIGHT,195.1,558,7/10/2025,17:31:39,17:40:57,1258.556569,EX5600,225,29.0,8.0,34,256.880381,81.701338,56.452391,65.47011,48.377623,2733.858315,9225.399892
A185-001-03,A1850803_200_CS_1,6500402,4500402,EX004,EX5600FS,DT054,HIT EH5000,A-185-08-03,43.04,217.1,92.055588,92.055588,253.535839,34.691301,71.66389,0,363528.37,6591717.47,194.57,RIGHT,217.1,493,7/10/2025,17:40:57,17:49:10,1585.328332,EX5600,250,29.0,8.0,34,253.535839,92.055588,51.101705,71.66389,34.691301,3082.668192,9083.899167
A185-001-03,A1850803_200_CS_1,6500403,4500403,EX004,EX5600FS,DT022,CAT 793,A-185-08-03,44.13,194.03,85.543058,85.543058,259.186746,39.553683,82.626819,0,363496.61,6591725.46,190.23,RIGHT,194.0,479,7/10/2025,17:49:10,17:57:09,1458.294189,EX5600,225,29.0,8.0,34,259.186746,85.543058,47.737421,82.626819,39.553683,2695.056472,9374.60198
A185-001-03,A1850803_200_CS_1,6500404,4500404,EX004,EX5600FS,DT061,HIT EH5000,A-185-08-03,46.68,208.18,88.624449,88.624449,261.903662,34.668461,80.838195,0,363528.74,6591722.22,192.62,LEFT,208.2,463,7/10/2025,17:57:09,18:04:52,1618.689497,EX5600,250,29.0,8.0,34,261.903662,88.624449,55.542434,80.838195,34.668461,2861.560741,9518.959908
A185-001-03,A1850803_200_CS_1,6500405,4500405,EX004,EX5600FS,DT030,CAT 793,A-185-08-03,44.8,200.96,88.17057,88.17057,264.852469,34.57891,71.984682,0,363524.04,6591756.68,185.41,STRAIGHT,201.0,465,7/10/2025,18:04:52,18:12:37,1555.801052,EX5600,225,29.0,8.0,34,264.852469,88.17057,64.336442,71.984682,34.57891,2731.511217,8704.161892
A185-001-03,A1850803_200_CS_1,6500406,4500406,EX004,EX5600FS,DT054,HIT EH5000,A-185-08-03,44.63,205.9,70.700921,70.700921,218.828419,34.529703,62.963867,0,363533.57,6591738.09,195.98,RIGHT,205.9,467,7/10/2025,18:12:37,18:20:24,1587.275653,EX5600,250,29.0,8.0,34,218.828419,70.700921,45.030636,62.963867,34.529703,3387.392427,9224.777454
A185-001-03,A1850803_200_CS_1,6500407,4500407,EX004,EX5600FS,DT054,HIT EH5000,A-185-08-03,38.5,221.49,94.46693,94.46693,257.245999,40.693981,66.299931,0,363505.34,6591701.07,193.65,RIGHT,221.5,439,7/10/2025,18:20:24,18:27:43,1816.342373,EX5600,250,29.0,8.0,34,257.245999,94.46693,50.878438,66.299931,40.693981,3099.656771,9658.22902
A185-001-03,A1850803_200_CS_1,6500408,4500408,EX004,EX5600FS,DT022,CAT 793,A-185-08-03,34.39,207.72,100.928668,100.928668,260.022469,35.13077,65.941686,0,363504.59,6591765.0,193.16,LEFT,207.7,463,7/10/2025,18:27:43,18:35:26,1615.099859,EX5600,225,29.0,8.0,34,260.022469,100.928668,54.861273,65.941686,35.13077,2875.871605,9498.242506
A185-001-03,A1850803_200_CS_1,6500409,4500409,EX004,EX5600FS,DT010,CAT 793,A-185-08-03,42.56,189.85,95.074626,95.074626,249.855918,36.106518,65.312992,0,363512.93,6591708.32,187.34,RIGHT,189.8,556,7/10/2025,18:35:26,18:44:42,1229.21267,EX5600,225,29.0,8.0,34,249.855918,95.074626,51.029121,65.312992,36.106518,2735.345434,8931.913792
A185-001-03,A1850803_200_CS_1,6500410,4500410,EX004,EX5600FS,DT015,CAT 793,A-185-08-03,34.0,197.16,99.815232,99.815232,293.865774,41.211095,83.994438,0,363555.88,6591692.91,196.4,LEFT,197.2,364,7/10/2025,18:44:42,18:50:46,1949.915748,EX5600,225,29.0,8.0,34,293.865774,99.815232,64.967162,83.994438,41.211095,2415.284102,9126.283593
A185-001-03,A1850803_200_CS_1,6500411,4500411,EX004,EX5600FS,DT018,CAT 793,A-185-08-03,38.16,206.34,78.402969,78.402969,231.368904,32.241893,73.757052,0,363543.55,6591731.09,192.51,LEFT,206.3,506,7/10/2025,18:50:46,18:59:12,1468.041261,EX5600,225,29.0,8.0,34,231.368904,78.402969,42.319642,73.757052,32.241893,3210.582169,8968.926248
A185-001-03,A1850803_200_CS_1,6500412,4500412,EX004,EX5600FS,DT010,CAT 793,A-185-08-03,45.29,208.87,85.176432,85.176432,242.854232,27.131355,79.462566,0,363564.57,6591753.42,194.2,LEFT,208.9,412,7/10/2025,18:59:12,19:06:04,1825.042696,EX5600,225,29.0,8.0,34,242.854232,85.176432,50.544106,79.462566,27.131355,3096.168371,8970.338535
A185-001-03,A1850803_200_CS_1,6500413,4500413,EX004,EX5600FS,DT010,CAT 793,A-185-08-03,49.98,213.13,84.832735,84.832735,241.661028,33.702285,62.371143,0,363505.49,6591779.67,191.22,LEFT,213.1,379,7/10/2025,19:06:04,19:12:23,2024.433901,EX5600,225,29.0,8.0,34,241.661028,84.832735,59.320922,62.371143,33.702285,3174.944902,9701.514063
A185-001-03,A1850803_200_CS_1,6500414,4500414,EX004,EX5600FS,DT030,CAT 793,A-185-08-03,45.09,178.32,79.225008,79.225008,237.311007,31.279367,59.584441,0,363515.51,6591732.0,194.11,STRAIGHT,178.3,436,7/10/2025,19:12:23,19:19:39,1472.342018,EX5600,225,29.0,8.0,34,237.311007,79.225008,62.839152,59.584441,31.279367,2705.062558,8917.017879
A185-001-03,A1850803_200_CS_1,6500415,4500415,EX004,EX5600FS,DT040,HIT EH5000,A-185-08-03,52.7,227.57,105.926065,105.926065,288.130496,43.311923,76.269917,0,363537.76,6591724.66,198.24,LEFT,227.6,399,7/10/2025,19:19:39,19:26:18,2053.238714,EX5600,250,29.0,8.0,34,288.130496,105.926065,59.217961,76.269917,43.311923,2843.302802,8782.248605
A185-001-03,A1850803_200_CS_1,6500416,4500416,EX004,EX5600FS,DT040,HIT EH5000,A-185-08-03,49.98,204.95,97.022126,97.022126,259.757726,35.925102,67.10546,0,363517.52,6591748.63,188.29,LEFT,204.9,511,7/10/2025,19:26:18,19:34:49,1443.861915,EX5600,250,29.0,8.0,34,259.757726,97.022126,54.659084,67.10546,35.925102,2840.390735,8830.907374
A185-001-03,A1850803_200_CS_1,6500417,4500417,EX004,EX5600FS,DT030,CAT 793,A-185-08-03,60.92,201.91,96.22909,96.22909,254.749415,40.858668,61.33483,0,363506.41,6591748.53,194.72,RIGHT,201.9,398,7/10/2025,19:34:49,19:41:27,1826.315372,EX5600,225,29.0,8.0,34,254.749415,96.22909,53.21485,61.33483,40.858668,2853.288271,9849.400647
A185-001-03,A1850803_200_CS_1,6500418,4500418,EX004,EX5600FS,DT054,HIT EH5000,A-185-08-03,45.85,215.91,83.713763,83.713763,251.256346,51.230307,68.670255,0,363514.22,6591771.93,191.14,LEFT,215.9,361,7/10/2025,19:41:27,19:47:28,2153.117644,EX5600,250,29.0,8.0,34,251.256346,83.713763,45.031088,68.670255,51.230307,3093.555577,8813.409993
A185-001-03,A1850803_200_CS_1,6500419,4500419,EX004,EX5600FS,DT030,CAT 793,A-185-08-03,37.13,195.19,80.552705,80.552705,261.489617,43.259138,75.220411,0,363546.11,6591715.11,197.28,STRAIGHT,195.2,374,7/10/2025,19:47:28,19:53:42,1878.839005,EX5600,225,29.0,8.0,34,261.489617,80.552705,62.105193,75.220411,43.259138,2687.24164,9026.773891
A185-001-03,A1850803_200_CS_1,6500420,4500420,EX004,EX5600FS,DT015,CAT 793,A-185-08-03,54.14,172.09,88.987392,88.987392,247.587711,50.838791,53.852738,0,363554.81,6591703.34,184.69,LEFT,172.1,539,7/10/2025,19:53:42,20:02:41,1149.411455,EX5600,225,29.0,8.0,34,247.587711,88.987392,51.74211,53.852738,50.838791,2502.275952,9108.376082
A185-001-03,A1850803_200_CS_1,6500421,4500421,EX004,EX5600FS,DT061,HIT EH5000,A-185-08-03,52.97,233.94,89.787047,89.787047,258.573652,37.668147,73.851233,0,363529.47,6591710.11,191.76,LEFT,233.9,449,7/10/2025,20:02:41,20:10:10,1875.673207,EX5600,250,29.0,8.0,34,258.573652,89.787047,55.629616,73.851233,37.668147,3257.011154,9134.099595
A185-001-03,A1850803_200_CS_1,6500422,4500422,EX004,EX5600FS,DT040,HIT EH5000,A-185-08-03,45.77,218.91,91.493636,91.493636,257.835695,38.437827,78.427244,0,363553.0,6591755.03,189.33,LEFT,218.9,468,7/10/2025,20:10:10,20:17:58,1683.886354,EX5600,250,29.0,8.0,34,257.835695,91.493636,44.360998,78.427244,38.437827,3056.437989,9212.053448
A185-001-03,A1850803_200_CS_1,6500423,4500423,EX004,EX5600FS,DT010,CAT 793,A-185-08-03,49.48,191.37,94.466896,94.466896,263.896236,37.229628,77.67823,0,363511.92,6591780.61,184.81,LEFT,191.4,558,7/10/2025,20:17:58,20:27:16,1234.642386,EX5600,225,29.0,8.0,34,263.896236,94.466896,51.969917,77.67823,37.229628,2610.611132,9491.099589
A185-001-03,A1850803_200_CS_1,6500424,4500424,EX004,EX5600FS,DT018,CAT 793,A-185-08-03,40.21,197.7,89.932269,89.932269,267.754298,44.919468,70.86382,0,363505.42,6591771.11,188.53,RIGHT,197.7,402,7/10/2025,20:27:16,20:33:58,1770.455022,EX5600,225,29.0,8.0,34,267.754298,89.932269,57.578365,70.86382,44.919468,2658.119491,9070.523674
A185-001-03,A1850803_200_CS_1,6500425,4500425,EX004,EX5600FS,DT015,CAT 793,A-185-08-03,44.72,197.84,90.194121,90.194121,249.578889,38.638071,72.646688,0,363504.3,6591716.83,193.48,STRAIGHT,197.8,445,7/10/2025,20:33:58,20:41:23,1600.530279,EX5600,225,29.0,8.0,34,249.578889,90.194121,44.565707,72.646688,38.638071,2853.750882,8885.178963
A185-001-03,A1850803_200_CS_1,6500426,4500426,EX004,EX5600FS,DT015,CAT 793,A-185-08-03,46.45,195.01,86.367661,86.367661,240.350643,36.593101,52.212101,0,363499.07,6591707.47,194.88,RIGHT,195.0,500,7/10/2025,20:41:23,20:49:43,1404.049469,EX5600,225,29.0,8.0,34,240.350643,86.367661,59.503571,52.212101,36.593101,2920.835679,9442.489536
A185-001-03,A1850803_200_CS_1,6500427,4500427,EX004,EX5600FS,DT018,CAT 793,A-185-08-03,41.61,200.67,82.656781,82.656781,233.376613,31.279205,67.835691,0,363558.68,6591762.17,190.58,STRAIGHT,200.7,481,7/10/2025,20:49:43,20:57:44,1501.913731,EX5600,225,29.0,8.0,34,233.376613,82.656781,50.897944,67.835691,31.279205,3095.513714,8768.481025
A185-001-03,A1850803_200_CS_1,6500428,4500428,EX004,EX5600FS,DT054,HIT EH5000,A-185-08-03,38.02,229.38,98.292224,98.292224,271.733435,41.952699,70.962641,0,363520.99,6591742.7,187.04,LEFT,229.4,419,7/10/2025,20:57:44,21:04:43,1970.77387,EX5600,250,29.0,8.0,34,271.733435,98.292224,57.822328,70.962641,41.952699,3038.839335,9302.748609
A185-001-03,A1850803_200_CS_1,6500429,4500429,EX004,EX5600FS,DT018,CAT 793,A-185-08-03,48.58,225.27,82.211915,82.211915,240.342079,40.506483,62.081345,0,363515.68,6591732.67,191.47,LEFT,225.3,533,7/10/2025,21:04:43,21:13:36,1521.491439,EX5600,225,29.0,8.0,34,240.342079,82.211915,49.555848,62.081345,40.506483,3374.169605,9159.385584
A185-001-03,A1850803_200_CS_1,6500430,4500430,EX004,EX5600FS,DT054,HIT EH5000,A-185-08-03,36.5,231.83,78.43676,78.43676,241.93274,40.923188,65.730275,0,363520.14,6591708.48,189.91,RIGHT,231.8,407,7/10/2025,21:13:36,21:20:23,2050.567772,EX5600,250,29.0,8.0,34,241.93274,78.43676,55.842923,65.730275,40.923188,3449.640929,8409.581239
A185-001-03,A1850803_200_CS_1,6500431,4500431,EX004,EX5600FS,DT010,CAT 793,A-185-08-03,50.26,184.64,96.909699,96.909699,272.004615,34.623977,74.831291,0,363550.65,6591694.05,194.8,LEFT,184.6,471,7/10/2025,21:20:23,21:28:14,1411.230502,EX5600,225,29.0,8.0,34,272.004615,96.909699,62.961398,74.831291,34.623977,2443.670179,8956.681164
A185-001-03,A1850803_200_CS_1,6500432,4500432,EX004,EX5600FS,DT010,CAT 793,A-185-08-03,47.37,211.55,81.586616,81.586616,256.005516,41.118637,77.116656,0,363547.73,6591726.89,187.73,STRAIGHT,211.6,478,7/10/2025,21:28:14,21:36:12,1593.272101,EX5600,225,29.0,8.0,34,256.005516,81.586616,55.002026,77.116656,41.118637,2974.873655,9203.518624
A185-001-03,A1850803_200_CS_1,6500433,4500433,EX004,EX5600FS,DT040,HIT EH5000,A-185-08-03,49.44,221.9,101.022424,101.022424,273.048513,31.690196,78.394191,0,363499.71,6591697.98,194.55,LEFT,221.9,475,7/10/2025,21:36:12,21:44:07,1681.764114,EX5600,250,29.0,8.0,34,273.048513,101.022424,57.137859,78.394191,31.690196,2925.626454,8733.840852
A185-001-03,A1850803_200_CS_1,6500434,4500434,EX004,EX5600FS,DT010,CAT 793,A-185-08-03,48.06,195.01,109.922435,109.922435,273.929672,46.106064,66.228643,0,363529.51,6591749.55,195.6,STRAIGHT,195.0,423,7/10/2025,21:44:07,21:51:10,1659.686972,EX5600,225,29.0,8.0,34,273.929672,109.922435,48.027402,66.228643,46.106064,2562.875296,8707.099005
A185-001-03,A1850803_200_CS_1,6500435,4500435,EX004,EX5600FS,DT010,CAT 793,A-185-08-03,47.82,206.69,83.240616,83.240616,239.870797,43.005696,67.415333,0,363539.66,6591758.93,186.58,LEFT,206.7,471,7/10/2025,21:51:10,21:59:01,1579.792891,EX5600,225,29.0,8.0,34,239.870797,83.240616,45.352296,67.415333,43.005696,3102.013506,9118.213967
A185-001-03,A1850803_200_CS_1,6500436,4500436,EX004,EX5600FS,DT040,HIT EH5000,A-185-08-03,46.01,241.23,86.264263,86.264263,260.359259,42.744328,69.1968,0,363518.68,6591738.94,197.52,STRAIGHT,241.2,484,7/10/2025,21:59:01,22:07:05,1794.296183,EX5600,250,29.0,8.0,34,260.359259,86.264263,59.552706,69.1968,42.744328,3335.542419,9027.508523
A185-001-03,A1850803_200_CS_1,6500437,4500437,EX004,EX5600FS,DT030,CAT 793,A-185-08-03,49.62,199.02,73.200927,73.200927,237.354106,38.025295,73.675199,0,363553.7,6591699.92,183.98,LEFT,199.0,419,7/10/2025,22:07:05,22:14:04,1709.920927,EX5600,225,29.0,8.0,34,237.354106,73.200927,50.359126,73.675199,38.025295,3018.514743,8893.897919
A185-001-03,A1850803_200_CS_1,6500438,4500438,EX004,EX5600FS,DT030,CAT 793,A-185-08-03,53.77,191.05,83.465331,83.465331,241.103694,28.203924,78.861666,0,363532.57,6591701.98,197.69,LEFT,191.1,468,7/10/2025,22:14:04,22:21:52,1469.636678,EX5600,225,29.0,8.0,34,241.103694,83.465331,48.044284,78.861666,28.203924,2852.672863,8996.15726
A185-001-03,A1850803_200_CS_1,6500439,4500439,EX004,EX5600FS,DT054,HIT EH5000,A-185-08-03,41.05,219.98,102.342983,102.342983,273.290205,30.168476,77.188115,0,363513.8,6591710.54,199.05,STRAIGHT,220.0,399,7/10/2025,22:21:52,22:28:31,1984.761047,EX5600,250,29.0,8.0,34,273.290205,102.342983,63.263979,77.188115,30.168476,2897.724261,8799.81788
A185-001-03,A1850803_200_CS_1,6500440,4500440,EX004,EX5600FS,DT054,HIT EH5000,A-185-08-03,38.06,242.15,100.092733,100.092733,264.333074,43.840228,65.711527,0,363551.99,6591768.12,192.42,LEFT,242.2,434,7/10/2025,22:28:31,22:35:45,2008.624442,EX5600,250,29.0,8.0,34,264.333074,100.092733,53.855305,65.711527,43.840228,3297.896083,9389.591757
A185-001-03,A1850803_200_CS_1,6500441,4500441,EX004,EX5600FS,DT018,CAT 793,A-185-08-03,36.81,203.02,83.843096,83.843096,245.343028,38.366042,63.197995,0,363501.36,6591711.14,197.99,STRAIGHT,203.0,544,7/10/2025,22:35:45,22:44:49,1343.50557,EX5600,225,29.0,8.0,34,245.343028,83.843096,54.339961,63.197995,38.366042,2978.959852,8895.320542
A185-001-03,A1850803_200_CS_1,6500442,4500442,EX004,EX5600FS,DT030,CAT 793,A-185-08-03,45.09,210.23,84.114125,84.114125,251.598905,38.17176,74.553768,0,363553.35,6591697.18,197.89,STRAIGHT,210.2,437,7/10/2025,22:44:49,22:52:06,1731.836987,EX5600,225,29.0,8.0,34,251.598905,84.114125,52.669676,74.553768,38.17176,3008.012945,9067.081741
A185-001-03,A1850803_200_CS_1,6500443,4500443,EX004,EX5600FS,DT022,CAT 793,A-185-08-03,39.49,213.05,93.830398,93.830398,245.635412,39.055954,58.465811,0,363504.11,6591716.52,194.25,LEFT,213.1,410,7/10/2025,22:52:06,22:58:56,1870.718509,EX5600,225,29.0,8.0,34,245.635412,93.830398,52.471384,58.465811,39.055954,3122.491923,9159.504669
A185-001-03,A1850803_200_CS_1,6500444,4500444,EX004,EX5600FS,DT030,CAT 793,A-185-08-03,39.4,189.08,101.283424,101.283424,268.589614,44.470568,58.931959,0,363543.53,6591765.92,195.5,STRAIGHT,189.1,497,7/10/2025,22:58:56,23:07:13,1369.564849,EX5600,225,29.0,8.0,34,268.589614,101.283424,60.72627,58.931959,44.470568,2534.251863,8903.932364
A185-001-03,A1850803_200_CS_1,6500445,4500445,EX004,EX5600FS,DT022,CAT 793,A-185-08-03,53.85,185.49,98.613421,98.613421,260.731203,29.923843,66.873572,0,363542.92,6591751.53,188.81,RIGHT,185.5,419,7/10/2025,23:07:13,23:14:12,1593.673996,EX5600,225,29.0,8.0,34,260.731203,98.613421,62.527803,66.873572,29.923843,2561.064411,9522.892547
A185-001-03,A1850803_200_CS_1,6500446,4500446,EX004,EX5600FS,DT030,CAT 793,A-185-08-03,43.27,209.0,76.164163,76.164163,259.783263,47.165368,71.233731,0,363517.44,6591747.35,199.75,STRAIGHT,209.0,397,7/10/2025,23:14:12,23:20:49,1895.242397,EX5600,225,29.0,8.0,34,259.783263,76.164163,61.523514,71.233731,47.165368,2896.303718,8663.844425
A185-001-03,A1850803_200_CS_1,6500447,4500447,EX004,EX5600FS,DT040,HIT EH5000,A-185-08-03,39.69,224.63,89.776734,89.776734,256.581245,32.97862,77.410091,0,363505.31,6591778.89,189.13,RIGHT,224.6,390,7/10/2025,23:20:49,23:27:19,2073.52423,EX5600,250,29.0,8.0,34,256.581245,89.776734,53.942912,77.410091,32.97862,3151.728601,9285.768596
A185-001-03,A1850803_200_CS_1,6500448,4500448,EX004,EX5600FS,DT022,CAT 793,A-185-08-03,41.95,191.59,97.210945,97.210945,260.320297,33.944014,64.568831,0,363513.61,6591716.93,186.54,STRAIGHT,191.6,480,7/10/2025,23:27:19,23:35:19,1436.962373,EX5600,225,29.0,8.0,34,260.320297,97.210945,58.971088,64.568831,33.944014,2649.589556,8727.763277
A185-001-03,A1850803_200_CS_1,6500449,4500449,EX004,EX5600FS,DT040,HIT EH5000,A-185-08-03,50.79,225.16,92.190502,92.190502,254.008823,46.685163,61.323478,0,363513.96,6591702.71,183.85,STRAIGHT,225.2,360,7/10/2025,23:35:19,23:41:19,2251.553134,EX5600,250,29.0,8.0,34,254.008823,92.190502,51.073832,61.323478,46.685163,3191.066822,9232.505169
A185-001-03,A1850803_200_CS_1,6500450,4500450,EX004,EX5600FS,DT010,CAT 793,A-185-08-03,50.86,191.06,90.006566,90.006566,254.137427,35.260115,66.996344,0,363534.73,6591733.77,198.28,STRAIGHT,191.1,477,7/10/2025,23:41:19,23:49:16,1441.990843,EX5600,225,29.0,8.0,34,254.137427,90.006566,57.818414,66.996344,35.260115,2706.52631,8930.034015
A185-001-03,A1850803_200_CS_1,6500451,4500451,EX004,EX5600FS,DT018,CAT 793,A-185-08-03,43.78,190.23,80.700915,80.700915,233.383393,34.943341,56.162813,0,363514.34,6591700.57,196.58,STRAIGHT,190.2,397,7/10/2025,23:49:16,23:55:53,1725.042238,EX5600,225,29.0,8.0,34,233.383393,80.700915,59.398448,56.162813,34.943341,2934.406603,8757.264268
A185-001-03,A1850803_200_CS_1,6500452,4500452,EX004,EX5600FS,DT040,HIT EH5000,A-185-08-03,46.32,218.12,87.517851,87.517851,248.980291,37.554023,64.984446,0,363514.05,6591741.19,194.34,RIGHT,218.1,556,7/10/2025,23:55:53,00:05:09,1412.285616,EX5600,250,29.0,8.0,34,248.980291,87.517851,54.071215,64.984446,37.554023,3153.786995,8842.504832
A185-001-03,A1850803_200_CS_1,6500453,4500453,EX004,EX5600FS,DT010,CAT 793,A-185-08-03,39.09,189.33,62.589231,62.589231,230.521739,33.476478,66.59179,0,363536.08,6591769.82,191.0,STRAIGHT,189.3,429,8/10/2025,00:05:09,00:12:18,1588.753114,EX5600,225,29.0,8.0,34,230.521739,62.589231,64.736707,66.59179,33.476478,2956.662952,9188.186768
A185-001-03,A1850803_200_CS_1,6500454,4500454,EX004,EX5600FS,DT018,CAT 793,A-185-08-03,36.81,201.14,100.002389,100.002389,261.756429,41.210874,67.546277,0,363494.61,6591703.12,198.65,RIGHT,201.1,491,8/10/2025,00:12:18,00:20:29,1474.767328,EX5600,225,29.0,8.0,34,261.756429,100.002389,49.296457,67.546277,41.210874,2766.35329,9316.544938
A185-001-03,A1850803_200_CS_1,6500455,4500455,EX004,EX5600FS,DT054,HIT EH5000,A-185-08-03,52.24,223.32,95.686485,95.686485,267.833697,29.871109,77.324056,0,363536.01,6591716.11,195.31,RIGHT,223.3,412,8/10/2025,00:20:29,00:27:21,1951.333735,EX5600,250,29.0,8.0,34,267.833697,95.686485,59.489678,77.324056,29.871109,3001.674207,9115.411111
A185-001-03,A1850803_200_CS_1,6500456,4500456,EX004,EX5600FS,DT030,CAT 793,A-185-08-03,41.42,195.35,81.058032,81.058032,241.505677,35.616325,70.638474,0,363558.93,6591747.99,199.83,STRAIGHT,195.4,392,8/10/2025,00:27:21,00:33:53,1794.033268,EX5600,225,29.0,8.0,34,241.505677,81.058032,49.862951,70.638474,35.616325,2911.985542,8991.04809
A185-001-03,A1850803_200_CS_1,6500457,4500457,EX004,EX5600FS,DT061,HIT EH5000,A-185-08-03,38.86,203.32,100.344461,100.344461,268.585484,33.256066,71.695097,0,363523.07,6591757.69,185.15,STRAIGHT,203.3,464,8/10/2025,00:33:53,00:41:37,1577.501442,EX5600,250,29.0,8.0,34,268.585484,100.344461,57.802393,71.695097,33.256066,2725.242848,9202.783379
A185-001-03,A1850803_200_CS_1,6500458,4500458,EX004,EX5600FS,DT018,CAT 793,A-185-08-03,44.4,196.38,92.9937,92.9937,275.857776,40.261354,78.453358,0,363520.75,6591751.44,197.19,LEFT,196.4,360,8/10/2025,00:41:37,00:47:37,1963.758495,EX5600,225,29.0,8.0,34,275.857776,92.9937,62.355708,78.453358,40.261354,2562.744713,8388.221609
A185-001-03,A1850803_200_CS_1,6500459,4500459,EX004,EX5600FS,DT040,HIT EH5000,A-185-08-03,44.15,232.49,94.644827,94.644827,247.984362,37.217075,59.792593,0,363511.92,6591725.6,192.74,LEFT,232.5,395,8/10/2025,00:47:37,00:54:12,2118.885688,EX5600,250,29.0,8.0,34,247.984362,94.644827,53.380131,59.792593,37.217075,3375.050914,8351.204323
A185-001-03,A1850803_200_CS_1,6500460,4500460,EX004,EX5600FS,DT054,HIT EH5000,A-185-08-03,46.42,210.39,99.815066,99.815066,239.98161,28.205016,59.659347,0,363555.93,6591696.87,195.52,RIGHT,210.4,408,8/10/2025,00:54:12,01:01:00,1856.414746,EX5600,250,29.0,8.0,34,239.98161,99.815066,47.667001,59.659347,28.205016,3156.146906,8513.900188
A185-001-03,A1850803_200_CS_1,6500461,4500461,EX004,EX5600FS,DT061,HIT EH5000,A-185-08-03,40.4,211.05,101.051471,101.051471,257.848607,36.488405,57.777175,0,363521.67,6591781.37,197.38,RIGHT,211.1,360,8/10/2025,01:01:00,01:07:00,2110.539571,EX5600,250,29.0,8.0,34,257.848607,101.051471,62.497934,57.777175,36.488405,2946.668021,9258.850043
A185-001-03,A1850803_200_CS_1,6500462,4500462,EX004,EX5600FS,DT061,HIT EH5000,A-185-08-03,38.97,216.2,79.820589,79.820589,256.936804,43.442216,73.02852,0,363522.9,6591766.31,197.39,RIGHT,216.2,396,8/10/2025,01:07:00,01:13:36,1965.485531,EX5600,250,29.0,8.0,34,256.936804,79.820589,58.200203,73.02852,43.442216,3029.275127,8638.782362
A185-001-03,A1850803_200_CS_1,6500463,4500463,EX004,EX5600FS,DT010,CAT 793,A-185-08-03,42.9,203.53,93.365877,93.365877,263.372189,40.246032,72.587728,0,363513.08,6591763.17,194.16,STRAIGHT,203.5,360,8/10/2025,01:13:36,01:19:36,2035.258986,EX5600,225,29.0,8.0,34,263.372189,93.365877,54.404449,72.587728,40.246032,2781.968885,9143.255712
A185-001-03,A1850803_200_CS_1,6500464,4500464,EX004,EX5600FS,DT018,CAT 793,A-185-08-03,46.05,195.98,69.187746,69.187746,253.773244,52.595882,78.042838,0,363551.36,6591752.28,199.65,LEFT,196.0,378,8/10/2025,01:19:36,01:25:54,1866.508311,EX5600,225,29.0,8.0,34,253.773244,69.187746,53.255788,78.042838,52.595882,2780.199088,7991.274341
A185-001-03,A1850803_200_CS_1,6500465,4500465,EX004,EX5600FS,DT015,CAT 793,A-185-08-03,56.01,185.97,85.126611,85.126611,247.43322,32.952381,78.770588,0,363511.69,6591703.94,189.38,STRAIGHT,186.0,368,8/10/2025,01:25:54,01:32:02,1819.277307,EX5600,225,29.0,8.0,34,247.43322,85.126611,49.122424,78.770588,32.952381,2705.756524,9323.93058
A185-001-03,A1850803_200_CS_1,6500466,4500466,EX004,EX5600FS,DT015,CAT 793,A-185-08-03,43.22,198.42,85.467635,85.467635,244.681623,37.556601,68.125178,0,363521.17,6591751.1,199.18,LEFT,198.4,431,8/10/2025,01:32:02,01:39:13,1657.363156,EX5600,225,29.0,8.0,34,244.681623,85.467635,52.090927,68.125178,37.556601,2919.399962,9198.63909
A185-001-03,A1850803_200_CS_1,6500467,4500467,EX004,EX5600FS,DT018,CAT 793,A-185-08-03,48.45,201.39,87.168151,87.168151,253.483266,56.0,63.988815,0,363537.9,6591702.98,190.41,LEFT,201.4,442,8/10/2025,01:39:13,01:46:35,1640.298107,EX5600,225,29.0,8.0,34,253.483266,87.168151,43.235217,63.988815,56.0,2860.195762,8957.231597
A185-001-03,A1850803_200_CS_1,6500468,4500468,EX004,EX5600FS,DT061,HIT EH5000,A-185-08-03,50.72,214.49,86.386386,86.386386,263.268511,38.795931,79.469563,0,363500.98,6591706.79,192.11,LEFT,214.5,506,8/10/2025,01:46:35,01:55:01,1526.01419,EX5600,250,29.0,8.0,34,263.268511,86.386386,55.490335,79.469563,38.795931,2932.987227,8871.383508
A185-001-03,A1850803_200_CS_1,6500469,4500469,EX004,EX5600FS,DT061,HIT EH5000,A-185-08-03,41.9,225.01,92.201833,92.201833,262.32728,35.622062,68.946775,0,363563.09,6591772.33,195.22,RIGHT,225.0,412,8/10/2025,01:55:01,02:01:53,1966.093713,EX5600,250,29.0,8.0,34,262.32728,92.201833,64.879503,68.946775,35.622062,3087.862648,9599.657113
A185-001-03,A1850803_200_CS_1,6500470,4500470,EX004,EX5600FS,DT015,CAT 793,A-185-08-03,55.71,206.72,80.250317,80.250317,262.082718,38.487792,88.687218,0,363528.5,6591707.55,184.47,RIGHT,206.7,438,8/10/2025,02:01:53,02:09:11,1699.071926,EX5600,225,29.0,8.0,34,262.082718,80.250317,49.596243,88.687218,38.487792,2839.536723,9990.998585
A185-001-03,A1850803_200_CS_1,6500471,4500471,EX004,EX5600FS,DT022,CAT 793,A-185-08-03,39.99,188.89,89.311675,89.311675,235.497617,36.321747,63.49362,0,363537.18,6591722.7,191.76,STRAIGHT,188.9,456,8/10/2025,02:09:11,02:16:47,1491.27144,EX5600,225,29.0,8.0,34,235.497617,89.311675,42.814326,63.49362,36.321747,2887.586658,9041.604872
A185-001-03,A1850803_200_CS_1,6500472,4500472,EX004,EX5600FS,DT040,HIT EH5000,A-185-08-03,44.58,215.57,91.708822,91.708822,228.50333,43.617529,53.263091,0,363502.96,6591780.82,187.78,LEFT,215.6,411,8/10/2025,02:16:47,02:23:38,1888.197357,EX5600,250,29.0,8.0,34,228.50333,91.708822,39.758405,53.263091,43.617529,3396.226712,9345.274625
A185-001-03,A1850803_200_CS_1,6500473,4500473,EX004,EX5600FS,DT040,HIT EH5000,A-185-08-03,44.2,222.04,105.913485,105.913485,257.67601,36.165984,59.279128,0,363511.6,6591717.76,190.43,STRAIGHT,222.0,425,8/10/2025,02:23:38,02:30:43,1880.800727,EX5600,250,29.0,8.0,34,257.67601,105.913485,50.802237,59.279128,36.165984,3102.113814,8766.934224
A185-001-03,A1850803_200_CS_1,6500474,4500474,EX004,EX5600FS,DT010,CAT 793,A-185-08-03,47.96,202.94,87.0792,87.0792,239.748501,42.093058,60.567065,0,363504.71,6591723.68,193.33,LEFT,202.9,504,8/10/2025,02:30:43,02:39:07,1449.545346,EX5600,225,29.0,8.0,34,239.748501,87.0792,46.139332,60.567065,42.093058,3047.238468,8936.503915
A185-001-03,A1850803_200_CS_1,6500475,4500475,EX004,EX5600FS,DT061,HIT EH5000,A-185-08-03,49.21,239.71,91.888344,91.888344,271.140425,40.795002,70.668379,0,363523.02,6591736.7,193.36,LEFT,239.7,383,8/10/2025,02:39:07,02:45:30,2253.167929,EX5600,250,29.0,8.0,34,271.140425,91.888344,61.927141,70.668379,40.795002,3182.717288,8812.732525
A185-001-03,A1850803_200_CS_1,6500476,4500476,EX004,EX5600FS,DT022,CAT 793,A-185-08-03,40.27,211.03,76.551431,76.551431,233.429402,34.575281,74.27099,0,363547.05,6591771.68,192.14,LEFT,211.0,463,8/10/2025,02:45:30,02:53:13,1640.801001,EX5600,225,29.0,8.0,34,233.429402,76.551431,47.762778,74.27099,34.575281,3254.478047,9700.33962
A185-001-03,A1850803_200_CS_1,6500477,4500477,EX004,EX5600FS,DT018,CAT 793,A-185-08-03,42.59,190.9,90.412676,90.412676,243.747004,36.141119,68.689076,0,363507.75,6591723.72,199.24,STRAIGHT,190.9,393,8/10/2025,02:53:13,02:59:46,1748.666845,EX5600,225,29.0,8.0,34,243.747004,90.412676,42.978117,68.689076,36.141119,2819.423662,8575.765016
A185-001-03,A1850803_200_CS_1,6500478,4500478,EX004,EX5600FS,DT015,CAT 793,A-185-08-03,51.03,202.41,93.394728,93.394728,271.417904,32.033479,81.727084,0,363514.52,6591711.38,194.32,STRAIGHT,202.4,377,8/10/2025,02:59:46,03:06:03,1932.865958,EX5600,225,29.0,8.0,34,271.417904,93.394728,58.984607,81.727084,32.033479,2684.754604,9117.002335
A185-001-03,A1850803_200_CS_1,6500479,4500479,EX004,EX5600FS,DT022,CAT 793,A-185-08-03,33.61,183.73,93.403938,93.403938,256.043581,40.942066,61.526288,0,363494.56,6591711.26,192.12,RIGHT,183.7,418,8/10/2025,03:06:03,03:13:01,1582.395971,EX5600,225,29.0,8.0,34,256.043581,93.403938,55.30209,61.526288,40.942066,2583.316143,8729.315049
A185-001-03,A1850803_200_CS_1,6500480,4500480,EX004,EX5600FS,DT022,CAT 793,A-185-08-03,40.27,213.0,80.551729,80.551729,219.397806,33.397945,52.0,0,363514.2,6591761.39,196.23,LEFT,213.0,467,8/10/2025,03:13:01,03:20:48,1641.979197,EX5600,225,29.0,8.0,34,219.397806,80.551729,48.878186,52.0,33.397945,3495.040812,9479.453601
A185-001-03,A1850803_200_CS_1,6500481,4500481,EX004,EX5600FS,DT030,CAT 793,A-185-08-03,41.19,196.29,81.256406,81.256406,232.781328,32.855383,66.653394,0,363512.19,6591752.45,194.76,RIGHT,196.3,438,8/10/2025,03:20:48,03:28:06,1613.312203,EX5600,225,29.0,8.0,34,232.781328,81.256406,51.487952,66.653394,32.855383,3035.598908,9551.318082
A185-001-03,A1850803_200_CS_1,6500482,4500482,EX004,EX5600FS,DT040,HIT EH5000,A-185-08-03,46.38,223.17,82.947603,82.947603,212.124076,25.0,52.068906,0,363521.2,6591780.65,195.3,STRAIGHT,223.2,392,8/10/2025,03:28:06,03:34:38,2049.489439,EX5600,250,29.0,8.0,34,212.124076,82.947603,51.844699,52.068906,25.0,3787.405356,9659.913221
A185-001-03,A1850803_200_CS_1,6500483,4500483,EX004,EX5600FS,DT015,CAT 793,A-185-08-03,44.07,196.86,72.200254,72.200254,241.086853,42.405758,65.575228,0,363522.36,6591715.82,195.08,RIGHT,196.9,368,8/10/2025,03:34:38,03:40:46,1925.76181,EX5600,225,29.0,8.0,34,241.086853,72.200254,60.326435,65.575228,42.405758,2939.522984,9007.84896
A185-001-03,A1850803_200_CS_1,6500484,4500484,EX004,EX5600FS,DT018,CAT 793,A-185-08-03,42.99,195.89,92.110536,92.110536,258.191551,42.11626,66.176696,0,363552.83,6591702.12,195.54,RIGHT,195.9,394,8/10/2025,03:40:46,03:47:20,1789.821754,EX5600,225,29.0,8.0,34,258.191551,92.110536,53.688047,66.176696,42.11626,2731.26587,8876.131836
A185-001-03,A1850803_200_CS_1,6500485,4500485,EX004,EX5600FS,DT018,CAT 793,A-185-08-03,27.36,203.01,93.07165,93.07165,259.092295,37.867455,69.269905,0,363513.52,6591774.15,199.22,RIGHT,203.0,431,8/10/2025,03:47:20,03:54:31,1695.680163,EX5600,225,29.0,8.0,34,259.092295,93.07165,56.603639,69.269905,37.867455,2820.763738,9371.089359
A185-001-03,A1850803_200_CS_1,6500486,4500486,EX004,EX5600FS,DT010,CAT 793,A-185-08-03,54.49,198.29,90.060676,90.060676,261.886495,49.554589,71.348039,0,363525.31,6591734.34,198.3,RIGHT,198.3,467,8/10/2025,03:54:31,04:02:18,1528.550385,EX5600,225,29.0,8.0,34,261.886495,90.060676,50.809421,71.348039,49.554589,2725.734404,8495.439305
A185-001-03,A1850803_200_CS_1,6500487,4500487,EX004,EX5600FS,DT018,CAT 793,A-185-08-03,44.71,212.26,91.813619,91.813619,262.269562,38.689203,70.7699,0,363509.14,6591760.23,185.19,RIGHT,212.3,465,8/10/2025,04:02:18,04:10:03,1643.276002,EX5600,225,29.0,8.0,34,262.269562,91.813619,56.046311,70.7699,38.689203,2913.503706,9005.796136
A185-001-03,A1850803_200_CS_1,6500488,4500488,EX004,EX5600FS,DT018,CAT 793,A-185-08-03,44.69,209.81,97.802964,97.802964,252.603556,39.249527,60.564133,0,363517.98,6591753.37,194.76,STRAIGHT,209.8,410,8/10/2025,04:10:03,04:16:53,1842.227921,EX5600,225,29.0,8.0,34,252.603556,97.802964,50.93579,60.564133,39.249527,2990.11407,8756.488272
A185-001-03,A1850803_200_CS_1,6500489,4500489,EX004,EX5600FS,DT030,CAT 793,A-185-08-03,36.89,195.06,73.802757,73.802757,243.127699,41.223366,73.849873,0,363529.55,6591716.4,195.3,STRAIGHT,195.1,404,8/10/2025,04:16:53,04:23:37,1738.151424,EX5600,225,29.0,8.0,34,243.127699,73.802757,54.221343,73.849873,41.223366,2888.248354,9275.825057
A185-001-03,A1850803_200_CS_1,6500490,4500490,EX004,EX5600FS,DT040,HIT EH5000,A-185-08-03,54.41,224.93,92.555133,92.555133,253.637902,44.528446,58.452905,0,363512.34,6591708.72,190.85,RIGHT,224.9,461,8/10/2025,04:23:37,04:31:18,1756.512915,EX5600,250,29.0,8.0,34,253.637902,92.555133,54.959643,58.452905,44.528446,3192.55303,9080.200405
A185-001-03,A1850803_200_CS_1,6500491,4500491,EX004,EX5600FS,DT030,CAT 793,A-185-08-03,32.85,194.42,81.17951,81.17951,247.183188,38.299449,68.020321,0,363544.16,6591704.19,199.27,LEFT,194.4,373,8/10/2025,04:31:18,04:37:31,1876.429556,EX5600,225,29.0,8.0,34,247.183188,81.17951,54.617457,68.020321,38.299449,2831.536517,9133.14609
A185-001-03,A1850803_200_CS_1,6500492,4500492,EX004,EX5600FS,DT061,HIT EH5000,A-185-08-03,47.61,234.52,83.971392,83.971392,244.384829,28.589258,62.317876,0,363534.68,6591732.98,188.36,STRAIGHT,234.5,484,8/10/2025,04:37:31,04:45:35,1744.360407,EX5600,250,29.0,8.0,34,244.384829,83.971392,63.556313,62.317876,28.589258,3454.676134,9698.710591
A185-001-03,A1850803_200_CS_1,6500493,4500493,EX004,EX5600FS,DT010,CAT 793,A-185-08-03,41.72,198.36,83.392844,83.392844,251.730147,36.669525,67.482813,0,363551.15,6591727.17,190.51,STRAIGHT,198.4,448,8/10/2025,04:45:35,04:53:03,1593.961131,EX5600,225,29.0,8.0,34,251.730147,83.392844,62.577386,67.482813,36.669525,2836.74639,9269.181704
A185-001-03,A1850803_200_CS_1,6500494,4500494,EX004,EX5600FS,DT022,CAT 793,A-185-08-03,43.58,178.18,86.739458,86.739458,257.752274,37.035353,72.698106,0,363549.75,6591694.77,193.79,RIGHT,178.2,407,8/10/2025,04:53:03,04:59:50,1576.049648,EX5600,225,29.0,8.0,34,257.752274,86.739458,55.360702,72.698106,37.035353,2488.638398,9117.758534
A185-001-03,A1850803_200_CS_1,6500495,4500495,EX004,EX5600FS,DT030,CAT 793,A-185-08-03,40.43,201.06,77.554648,77.554648,238.690944,32.447241,68.666636,0,363531.02,6591758.49,188.56,LEFT,201.1,425,8/10/2025,04:59:50,05:06:55,1703.081767,EX5600,225,29.0,8.0,34,238.690944,77.554648,58.199965,68.666636,32.447241,3032.413965,9970.287802
A185-001-03,A1850803_200_CS_1,6500496,4500496,EX004,EX5600FS,DT061,HIT EH5000,A-185-08-03,49.38,216.69,78.300708,78.300708,251.549925,32.88259,78.176512,0,363545.75,6591762.28,186.8,RIGHT,216.7,413,8/10/2025,05:06:55,05:13:48,1888.811387,EX5600,250,29.0,8.0,34,251.549925,78.300708,58.283649,78.176512,32.88259,3101.090577,9162.550511
A185-001-03,A1850803_200_CS_1,6500497,4500497,EX004,EX5600FS,DT010,CAT 793,A-185-08-03,50.32,199.07,94.325982,94.325982,258.562148,30.630031,66.141045,0,363547.49,6591711.46,184.21,LEFT,199.1,387,8/10/2025,05:13:48,05:20:15,1851.846099,EX5600,225,29.0,8.0,34,258.562148,94.325982,63.460831,66.141045,30.630031,2771.729915,9815.273338
A185-001-03,A1850803_200_CS_1,6500498,4500498,EX004,EX5600FS,DT061,HIT EH5000,A-185-08-03,46.31,224.59,101.174248,101.174248,266.735908,44.1748,63.934084,0,363502.98,6591765.7,196.92,RIGHT,224.6,447,8/10/2025,05:20:15,05:27:42,1808.800821,EX5600,250,29.0,8.0,34,266.735908,101.174248,53.980226,63.934084,44.1748,3031.215308,9532.131995
A185-001-03,A1850803_200_CS_1,6500499,4500499,EX004,EX5600FS,DT018,CAT 793,A-185-08-03,40.44,207.61,87.833142,87.833142,259.704577,38.838829,83.93717,0,363509.35,6591729.06,198.33,LEFT,207.6,401,8/10/2025,05:27:42,05:34:23,1863.873411,EX5600,225,29.0,8.0,34,259.704577,87.833142,48.646617,83.93717,38.838829,2877.936333,9061.895192
A185-001-03,A1850803_200_CS_1,6500500,4500500,EX004,EX5600FS,DT054,HIT EH5000,A-185-08-03,45.71,252.56,75.826075,75.826075,216.989851,35.759846,62.654723,0,363552.42,6591699.42,189.45,STRAIGHT,252.6,482,8/10/2025,05:34:23,05:42:25,1886.370057,EX5600,250,29.0,8.0,34,216.989851,75.826075,38.831708,62.654723,35.759846,4190.19766,9065.643775
A185-001-03,A1850803_200_CS_1,6500501,4500501,EX004,EX5600FS,DT040,HIT EH5000,A-185-08-03,45.72,215.94,92.754696,92.754696,261.048164,40.021333,64.920702,0,363513.36,6591774.24,186.02,LEFT,215.9,415,8/10/2025,05:42:25,05:49:20,1873.180212,EX5600,250,29.0,8.0,34,261.048164,92.754696,61.12787,64.920702,40.021333,2977.878779,9560.042927
A185-001-03,A1850803_200_CS_1,6500502,4500502,EX004,EX5600FS,DT015,CAT 793,A-185-08-03,38.61,215.89,82.846827,82.846827,266.148556,38.561325,84.186296,0,363520.85,6591752.53,194.82,LEFT,215.9,533,8/10/2025,05:49:20,05:58:13,1458.165984,EX5600,225,29.0,8.0,34,266.148556,82.846827,59.056016,84.186296,38.561325,2920.182925,8876.612702
A185-001-03,A1850803_200_CS_1,6500503,4500503,EX004,EX5600FS,DT018,CAT 793,A-185-08-03,47.04,197.21,89.760222,89.760222,248.328123,28.778143,81.587679,0,363537.41,6591738.34,198.08,RIGHT,197.2,503,8/10/2025,05:58:13,06:06:36,1411.422101,EX5600,225,29.0,8.0,34,248.328123,89.760222,48.160618,81.587679,28.778143,2858.900186,9281.221267
A185-001-03,A1850803_200_CS_1,6500504,4500504,EX004,EX5600FS,DT030,CAT 793,A-185-08-03,48.41,193.72,92.873435,92.873435,264.913032,37.640659,82.355626,0,363522.3,6591707.43,197.95,STRAIGHT,193.7,422,8/10/2025,06:06:36,06:13:38,1652.618287,EX5600,225,29.0,8.0,34,264.913032,92.873435,46.237584,82.355626,37.640659,2632.580635,9359.087787
A185-001-03,A1850803_200_CS_1,6500505,4500505,EX004,EX5600FS,DT030,CAT 793,A-185-08-03,45.85,197.87,85.247254,85.247254,261.122735,42.040201,82.123863,0,363529.16,6591744.35,190.35,STRAIGHT,197.9,441,8/10/2025,06:13:38,06:20:59,1615.304919,EX5600,225,29.0,8.0,34,261.122735,85.247254,48.334212,82.123863,42.040201,2728.025458,9010.62064
A185-001-03,A1850803_200_CS_1,6500506,4500506,EX004,EX5600FS,DT010,CAT 793,A-185-08-03,49.4,197.87,80.508684,80.508684,245.377349,34.163697,64.406092,0,363544.22,6591702.26,195.16,RIGHT,197.9,402,8/10/2025,06:20:59,06:27:41,1771.929905,EX5600,225,29.0,8.0,34,245.377349,80.508684,66.023162,64.406092,34.163697,2902.940406,8888.528939
A185-001-03,A1850803_200_CS_1,6500507,4500507,EX004,EX5600FS,DT018,CAT 793,A-185-08-03,44.27,190.75,85.668759,85.668759,263.110305,45.14003,79.441706,0,363547.42,6591736.27,196.67,STRAIGHT,190.8,438,8/10/2025,06:27:41,06:34:59,1567.813544,EX5600,225,29.0,8.0,34,263.110305,85.668759,49.868178,79.441706,45.14003,2609.940849,9455.74924
A185-001-03,A1850803_200_CS_1,6500508,4500508,EX004,EX5600FS,DT030,CAT 793,A-185-08-03,43.46,175.17,96.027289,96.027289,258.10222,28.007618,77.287125,0,363529.02,6591731.0,189.65,RIGHT,175.2,397,8/10/2025,06:34:59,06:41:36,1588.399111,EX5600,225,29.0,8.0,34,258.10222,96.027289,52.957307,77.287125,28.007618,2443.196522,9228.399932
A185-001-03,A1850803_200_CS_1,6500509,4500509,EX004,EX5600FS,DT061,HIT EH5000,A-185-08-03,55.42,211.73,91.283055,91.283055,236.111549,33.679362,52.0,0,363539.6,6591719.94,193.71,RIGHT,211.7,360,8/10/2025,06:41:36,06:47:36,2117.345099,EX5600,250,29.0,8.0,34,236.111549,91.283055,54.61481,52.0,33.679362,3228.322547,8984.004225
A185-001-03,A1850803_200_CS_1,6500510,4500510,EX004,EX5600FS,DT030,CAT 793,A-185-08-03,49.46,202.34,75.485972,75.485972,248.789737,37.223026,80.12094,0,363522.11,6591701.17,190.79,LEFT,202.3,360,8/10/2025,06:47:36,06:53:36,2023.373702,EX5600,225,29.0,8.0,34,248.789737,75.485972,53.125892,80.12094,37.223026,2927.831921,9182.913971
A185-001-03,A1850803_200_CS_1,6500511,4500511,EX004,EX5600FS,DT022,CAT 793,A-185-08-03,33.26,210.38,97.416276,97.416276,226.540523,34.527903,55.185713,0,363542.64,6591773.61,192.84,STRAIGHT,210.4,360,8/10/2025,06:53:36,06:59:36,2103.769052,EX5600,225,29.0,8.0,34,226.540523,97.416276,38.0,55.185713,34.527903,3343.140773,9727.664821
A185-001-03,A1850803_200_CS_1,6500512,4500512,EX004,EX5600FS,DT054,HIT EH5000,A-185-08-03,44.84,218.36,86.484168,86.484168,267.113503,38.440069,70.663936,0,363534.89,6591756.12,198.37,RIGHT,218.4,522,8/10/2025,06:59:36,07:08:18,1505.931621,EX5600,250,29.0,8.0,34,267.113503,86.484168,67.866768,70.663936,38.440069,2942.929867,8700.433967
A185-001-03,A1850803_200_CS_1,6500513,4500513,EX004,EX5600FS,DT018,CAT 793,A-185-08-03,47.94,173.14,89.304903,89.304903,250.508775,40.915848,65.356982,0,363505.57,6591703.35,198.11,LEFT,173.1,401,8/10/2025,07:08:18,07:14:59,1554.348523,EX5600,225,29.0,8.0,34,250.508775,89.304903,50.45236,65.356982,40.915848,2488.111476,9554.837647
A185-001-03,A1850803_200_CS_1,6500514,4500514,EX004,EX5600FS,DT018,CAT 793,A-185-08-03,43.83,186.15,90.914047,90.914047,260.762031,43.468101,73.898562,0,363544.29,6591772.28,198.57,LEFT,186.1,498,8/10/2025,07:14:59,07:23:17,1345.649681,EX5600,225,29.0,8.0,34,260.762031,90.914047,51.089375,73.898562,43.468101,2569.904591,9095.59307
A185-001-03,A1850803_200_CS_1,6500515,4500515,EX004,EX5600FS,DT018,CAT 793,A-185-08-03,55.45,186.03,86.028067,86.028067,242.361211,38.562219,57.004354,0,363554.67,6591694.35,196.52,RIGHT,186.0,444,8/10/2025,07:23:17,07:30:41,1508.311015,EX5600,225,29.0,8.0,34,242.361211,86.028067,57.487009,57.004354,38.562219,2763.190065,9044.120631
A185-001-03,A1850803_200_CS_1,6500516,4500516,EX004,EX5600FS,DT040,HIT EH5000,A-185-08-03,41.93,227.12,86.638081,86.638081,252.497418,35.783094,59.156842,0,363509.67,6591703.96,184.47,RIGHT,227.1,406,8/10/2025,07:30:41,07:37:27,2013.855354,EX5600,250,29.0,8.0,34,252.497418,86.638081,69.500461,59.156842,35.783094,3238.153002,8343.219233
A185-001-03,A1850803_200_CS_1,6500517,4500517,EX004,EX5600FS,DT040,HIT EH5000,A-185-08-03,47.29,206.14,87.1141,87.1141,248.080639,36.593592,65.359,0,363514.25,6591742.99,187.07,LEFT,206.1,381,8/10/2025,07:37:27,07:43:48,1947.79683,EX5600,250,29.0,8.0,34,248.080639,87.1141,54.105508,65.359,36.593592,2991.408736,8563.328655
A185-001-03,A1850803_200_CS_1,6500518,4500518,EX004,EX5600FS,DT054,HIT EH5000,A-185-08-03,36.39,209.01,89.500952,89.500952,254.728613,36.23692,73.217613,0,363512.49,6591737.33,184.35,LEFT,209.0,462,8/10/2025,07:43:48,07:51:30,1628.635489,EX5600,250,29.0,8.0,34,254.728613,89.500952,55.219668,73.217613,36.23692,2953.847973,9205.001995
A185-001-03,A1850803_200_CS_1,6500519,4500519,EX004,EX5600FS,DT061,HIT EH5000,A-185-08-03,54.8,219.19,102.446564,102.446564,272.940453,37.445767,74.877263,0,363506.39,6591758.54,188.62,RIGHT,219.2,485,8/10/2025,07:51:30,07:59:35,1626.976284,EX5600,250,29.0,8.0,34,272.940453,102.446564,56.443134,74.877263,37.445767,2891.046337,8988.060253
A185-001-03,A1850803_200_CS_1,6500520,4500520,EX004,EX5600FS,DT061,HIT EH5000,A-185-08-03,37.33,211.14,88.469561,88.469561,250.868511,42.63862,62.412262,0,363543.62,6591701.12,194.25,LEFT,211.1,418,8/10/2025,07:59:35,08:06:33,1818.468073,EX5600,250,29.0,8.0,34,250.868511,88.469561,55.070583,62.412262,42.63862,3029.952432,8443.25223
A185-001-03,A1850803_200_CS_1,6500521,4500521,EX004,EX5600FS,DT015,CAT 793,A-185-08-03,47.78,201.79,98.436419,98.436419,264.079371,43.968651,62.271198,0,363546.82,6591764.32,195.35,RIGHT,201.8,417,8/10/2025,08:06:33,08:13:30,1742.09668,EX5600,225,29.0,8.0,34,264.079371,98.436419,58.585326,62.271198,43.968651,2750.893845,8445.682751
A185-001-03,A1850803_200_CS_1,6500522,4500522,EX004,EX5600FS,DT018,CAT 793,A-185-08-03,48.98,207.04,87.084073,87.084073,253.241761,33.936404,70.122912,0,363504.26,6591779.54,188.53,STRAIGHT,207.0,424,8/10/2025,08:13:30,08:20:34,1757.909675,EX5600,225,29.0,8.0,34,253.241761,87.084073,58.553404,70.122912,33.936404,2943.249567,8853.421622
A185-001-03,A1850803_200_CS_1,6500523,4500523,EX004,EX5600FS,DT030,CAT 793,A-185-08-03,37.91,206.45,96.568401,96.568401,239.629527,30.218547,73.695687,0,363552.28,6591738.76,198.77,RIGHT,206.5,415,8/10/2025,08:20:34,08:27:29,1790.920879,EX5600,225,29.0,8.0,34,239.629527,96.568401,38.00907,73.695687,30.218547,3101.588418,8862.882558
A185-001-03,A1850803_200_CS_1,6500524,4500524,EX004,EX5600FS,DT022,CAT 793,A-185-08-03,43.17,191.11,96.99777,96.99777,263.380078,39.914686,68.036436,0,363554.37,6591704.81,189.19,LEFT,191.1,471,8/10/2025,08:27:29,08:35:20,1460.693472,EX5600,225,29.0,8.0,34,263.380078,96.99777,53.684008,68.036436,39.914686,2612.143753,9080.853214
A185-001-03,A1850803_200_CS_1,6500525,4500525,EX004,EX5600FS,DT022,CAT 793,A-185-08-03,45.16,178.01,72.281386,72.281386,234.000282,37.15902,72.432657,0,363530.67,6591727.92,190.69,RIGHT,178.0,418,8/10/2025,08:35:20,08:42:18,1533.142279,EX5600,225,29.0,8.0,34,234.000282,72.281386,46.374582,72.432657,37.15902,2738.686755,8972.748589
A185-001-03,A1850803_200_CS_1,6500526,4500526,EX004,EX5600FS,DT054,HIT EH5000,A-185-08-03,47.63,234.34,103.091185,103.091185,259.115249,36.937536,62.947111,0,363543.66,6591769.78,193.62,LEFT,234.3,509,8/10/2025,08:42:18,08:50:47,1657.434044,EX5600,250,29.0,8.0,34,259.115249,103.091185,51.360497,62.947111,36.937536,3255.82509,9271.049283
A185-001-03,A1850803_200_CS_1,6500527,4500527,EX004,EX5600FS,DT022,CAT 793,A-185-08-03,40.31,185.76,106.813036,106.813036,282.55206,33.058691,74.588265,0,363529.99,6591777.1,194.03,STRAIGHT,185.8,393,8/10/2025,08:50:47,08:57:20,1701.607858,EX5600,225,29.0,8.0,34,282.55206,106.813036,65.109642,74.588265,33.058691,2366.756373,8652.854056
A185-001-03,A1850803_200_CS_1,6500528,4500528,EX004,EX5600FS,DT040,HIT EH5000,A-185-08-03,48.42,231.95,83.965425,83.965425,251.985144,40.198965,69.058935,0,363554.09,6591709.88,186.46,STRAIGHT,232.0,454,8/10/2025,08:57:20,09:04:54,1839.254119,EX5600,250,29.0,8.0,34,251.985144,83.965425,58.104161,69.058935,40.198965,3313.772225,8725.612456
A185-001-03,A1850803_200_CS_1,6500529,4500529,EX004,EX5600FS,DT054,HIT EH5000,A-185-08-03,49.83,209.2,94.08011,94.08011,268.830529,45.145169,67.388975,0,363502.1,6591727.25,195.2,RIGHT,209.2,389,8/10/2025,09:04:54,09:11:23,1936.010283,EX5600,250,29.0,8.0,34,268.830529,94.08011,59.403663,67.388975,45.145169,2801.422897,9090.820306
A185-001-03,A1850803_200_CS_1,6500530,4500530,EX004,EX5600FS,DT054,HIT EH5000,A-185-08-03,29.04,232.66,78.319577,78.319577,239.721208,42.615682,66.728152,0,363536.35,6591701.74,186.71,STRAIGHT,232.7,450,8/10/2025,09:11:23,09:18:53,1861.254436,EX5600,250,29.0,8.0,34,239.721208,78.319577,46.727932,66.728152,42.615682,3493.910705,8251.675904
A185-001-03,A1850803_200_CS_1,6500531,4500531,EX004,EX5600FS,DT040,HIT EH5000,A-185-08-03,49.11,220.91,88.028287,88.028287,248.473793,33.164678,78.070311,0,363562.13,6591750.78,187.56,LEFT,220.9,442,8/10/2025,09:18:53,09:26:15,1799.240019,EX5600,250,29.0,8.0,34,248.473793,88.028287,45.917077,78.070311,33.164678,3200.595441,8563.758227
A185-001-03,A1850803_200_CS_1,6500532,4500532,EX004,EX5600FS,DT015,CAT 793,A-185-08-03,47.07,197.15,99.803807,99.803807,254.857613,36.156519,63.032134,0,363507.65,6591742.04,189.48,RIGHT,197.1,410,8/10/2025,09:26:15,09:33:05,1731.064143,EX5600,225,29.0,8.0,34,254.857613,99.803807,55.791606,63.032134,36.156519,2784.834599,9086.005336
A185-001-03,A1850803_200_CS_1,6500533,4500533,EX004,EX5600FS,DT022,CAT 793,A-185-08-03,39.72,170.86,76.719106,76.719106,237.412525,39.845377,68.162669,0,363554.7,6591695.34,199.12,LEFT,170.9,415,8/10/2025,09:33:05,09:40:00,1482.169887,EX5600,225,29.0,8.0,34,237.412525,76.719106,50.78907,68.162669,39.845377,2590.851111,7948.088551
A185-001-03,A1850803_200_CS_1,6500534,4500534,EX004,EX5600FS,DT015,CAT 793,A-185-08-03,38.07,188.14,92.096096,92.096096,261.198913,47.294374,66.206339,0,363502.76,6591721.34,196.06,STRAIGHT,188.1,449,8/10/2025,09:40:00,09:47:29,1508.474679,EX5600,225,29.0,8.0,34,261.198913,92.096096,53.149412,66.206339,47.294374,2593.062592,8698.810127
A185-001-03,A1850803_200_CS_1,6500535,4500535,EX004,EX5600FS,DT040,HIT EH5000,A-185-08-03,44.25,215.64,90.201801,90.201801,265.732276,40.774373,63.548835,0,363519.53,6591730.34,185.68,RIGHT,215.6,384,8/10/2025,09:47:29,09:53:53,2021.623282,EX5600,250,29.0,8.0,34,265.732276,90.201801,70.345046,63.548835,40.774373,2921.373922,9027.19319
A185-001-03,A1850803_200_CS_1,6500536,4500536,EX004,EX5600FS,DT022,CAT 793,A-185-08-03,37.93,203.87,95.124361,95.124361,274.819987,43.903572,70.543913,0,363503.52,6591786.09,187.24,STRAIGHT,203.9,395,8/10/2025,09:53:53,10:00:28,1858.095484,EX5600,225,29.0,8.0,34,274.819987,95.124361,59.407471,70.543913,43.903572,2670.648976,9213.063477
A185-001-03,A1850803_200_CS_1,6500537,4500537,EX004,EX5600FS,DT030,CAT 793,A-185-08-03,52.82,199.4,74.013171,74.013171,245.685576,36.163382,75.051443,0,363551.3,6591697.5,189.2,LEFT,199.4,477,8/10/2025,10:00:28,10:08:25,1504.868278,EX5600,225,29.0,8.0,34,245.685576,74.013171,58.699913,75.051443,36.163382,2921.710669,9018.430632
A185-001-03,A1850803_200_CS_1,6500538,4500538,EX004,EX5600FS,DT015,CAT 793,A-185-08-03,50.69,212.4,91.54728,91.54728,254.992318,43.191862,67.926544,0,363537.49,6591702.39,194.4,STRAIGHT,212.4,396,8/10/2025,10:08:25,10:15:01,1930.866019,EX5600,225,29.0,8.0,34,254.992318,91.54728,48.687324,67.926544,43.191862,2998.611687,9277.685455
A185-001-03,A1850803_200_CS_1,6500539,4500539,EX004,EX5600FS,DT030,CAT 793,A-185-08-03,40.97,192.97,81.96273,81.96273,272.809807,43.942561,73.794045,0,363531.42,6591772.49,194.5,STRAIGHT,193.0,387,8/10/2025,10:15:01,10:21:28,1795.072206,EX5600,225,29.0,8.0,34,272.809807,81.96273,69.711935,73.794045,43.942561,2546.436845,9437.687237
A185-001-03,A1850803_200_CS_1,6500540,4500540,EX004,EX5600FS,DT010,CAT 793,A-185-08-03,46.73,193.19,75.046403,75.046403,238.936313,37.662719,75.848355,0,363519.09,6591775.08,195.82,LEFT,193.2,445,8/10/2025,10:21:28,10:28:53,1562.886389,EX5600,225,29.0,8.0,34,238.936313,75.046403,44.835391,75.848355,37.662719,2910.752385,9294.891158
A185-001-03,A1850803_200_CS_1,6500541,4500541,EX004,EX5600FS,DT015,CAT 793,A-185-08-03,48.96,227.64,81.782489,81.782489,239.037329,33.837255,69.088332,0,363564.45,6591750.37,195.72,RIGHT,227.6,437,8/10/2025,10:28:53,10:36:10,1875.327705,EX5600,225,29.0,8.0,34,239.037329,81.782489,51.093609,69.088332,33.837255,3428.41099,9105.925396
A185-001-03,A1850803_200_CS_1,6500542,4500542,EX004,EX5600FS,DT054,HIT EH5000,A-185-08-03,44.38,218.97,101.299291,101.299291,287.053965,46.539785,78.900258,0,363563.52,6591764.54,192.98,RIGHT,219.0,466,8/10/2025,10:36:10,10:43:56,1691.597383,EX5600,250,29.0,8.0,34,287.053965,101.299291,55.7937,78.900258,46.539785,2746.119111,9460.061373
A185-001-03,A1850803_200_CS_1,6500543,4500543,EX004,EX5600FS,DT054,HIT EH5000,A-185-08-03,52.21,231.91,110.293043,110.293043,284.341245,37.069537,69.445514,0,363522.21,6591709.7,194.11,STRAIGHT,231.9,402,8/10/2025,10:43:56,10:50:38,2076.774506,EX5600,250,29.0,8.0,34,284.341245,110.293043,64.932322,69.445514,37.069537,2936.13173,8917.478792
A185-001-03,A1850803_200_CS_1,6500544,4500544,EX004,EX5600FS,DT010,CAT 793,A-185-08-03,49.09,182.1,85.145641,85.145641,255.188992,35.868853,69.47686,0,363563.99,6591774.35,189.97,LEFT,182.1,384,8/10/2025,10:50:38,10:57:02,1707.174417,EX5600,225,29.0,8.0,34,255.188992,85.145641,62.41856,69.47686,35.868853,2568.899899,8953.419389
A185-001-03,A1850803_200_CS_1,6500545,4500545,EX004,EX5600FS,DT018,CAT 793,A-185-08-03,52.64,196.67,88.538138,88.538138,246.824897,26.480785,71.715039,0,363506.04,6591731.02,191.31,LEFT,196.7,368,8/10/2025,10:57:02,11:03:10,1923.951964,EX5600,225,29.0,8.0,34,246.824897,88.538138,54.950193,71.715039,26.480785,2868.488271,8560.514124
A185-001-03,A1850803_200_CS_1,6500546,4500546,EX004,EX5600FS,DT022,CAT 793,A-185-08-03,40.07,198.38,95.008684,95.008684,275.439432,44.840399,73.768208,0,363552.12,6591745.31,188.94,RIGHT,198.4,450,8/10/2025,11:03:10,11:10:40,1587.076834,EX5600,225,29.0,8.0,34,275.439432,95.008684,58.70898,73.768208,44.840399,2592.89155,8737.754099
A185-001-03,A1850803_200_CS_1,6500547,4500547,EX004,EX5600FS,DT010,CAT 793,A-185-08-03,38.27,209.05,95.904731,95.904731,244.616088,29.071528,53.240336,0,363508.53,6591778.55,184.73,STRAIGHT,209.0,394,8/10/2025,11:10:40,11:17:14,1910.073824,EX5600,225,29.0,8.0,34,244.616088,95.904731,63.99708,53.240336,29.071528,3076.531443,9508.704636
A185-001-03,A1850803_200_CS_1,6500548,4500548,EX004,EX5600FS,DT010,CAT 793,A-185-08-03,42.25,201.72,83.095612,83.095612,238.14022,26.657277,73.021565,0,363535.37,6591726.22,187.01,LEFT,201.7,543,8/10/2025,11:17:14,11:26:17,1337.389764,EX5600,225,29.0,8.0,34,238.14022,83.095612,50.341785,73.021565,26.657277,3049.474974,9107.389007
A185-001-03,A1850803_200_CS_1,6500549,4500549,EX004,EX5600FS,DT015,CAT 793,A-185-08-03,46.69,208.41,90.549643,90.549643,243.365625,36.33936,59.85662,0,363530.11,6591713.15,190.81,RIGHT,208.4,360,8/10/2025,11:26:17,11:32:17,2084.131262,EX5600,225,29.0,8.0,34,243.365625,90.549643,52.534729,59.85662,36.33936,3082.963153,9056.700248
A185-001-03,A1850803_200_CS_1,6500550,4500550,EX004,EX5600FS,DT015,CAT 793,A-185-08-03,46.56,183.7,81.377689,81.377689,257.355025,43.352344,75.431066,0,363507.24,6591772.5,190.09,RIGHT,183.7,454,8/10/2025,11:32:17,11:39:51,1456.642711,EX5600,225,29.0,8.0,34,257.355025,81.377689,52.593337,75.431066,43.352344,2569.663409,9126.946866
A185-001-03,A1850803_200_CS_1,6500551,4500551,EX004,EX5600FS,DT030,CAT 793,A-185-08-03,48.43,189.53,96.148455,96.148455,235.901572,30.576114,59.251987,0,363542.55,6591737.98,199.33,STRAIGHT,189.5,512,8/10/2025,11:39:51,11:48:23,1332.609777,EX5600,225,29.0,8.0,34,235.901572,96.148455,48.935664,59.251987,30.576114,2892.291899,9613.203636
A185-001-03,A1850803_200_CS_1,6500552,4500552,EX004,EX5600FS,DT061,HIT EH5000,A-185-08-03,39.07,207.66,79.803558,79.803558,242.048056,38.780825,70.060029,0,363522.33,6591718.93,195.68,STRAIGHT,207.7,460,8/10/2025,11:48:23,11:56:03,1625.178039,EX5600,250,29.0,8.0,34,242.048056,79.803558,52.119278,70.060029,38.780825,3088.568079,8775.918577
A185-001-03,A1850803_200_CS_1,6500553,4500553,EX004,EX5600FS,DT061,HIT EH5000,A-185-08-03,45.16,214.5,82.534137,82.534137,248.66248,43.667109,55.510387,0,363552.35,6591738.11,196.83,RIGHT,214.5,444,8/10/2025,11:56:03,12:03:27,1739.178782,EX5600,250,29.0,8.0,34,248.66248,82.534137,61.973426,55.510387,43.667109,3105.395637,9141.789049
A185-001-03,A1850803_200_CS_1,6500554,4500554,EX004,EX5600FS,DT010,CAT 793,A-185-08-03,42.51,194.85,79.515653,79.515653,231.949811,32.281649,72.738886,0,363549.88,6591715.49,193.88,STRAIGHT,194.9,404,8/10/2025,12:03:27,12:10:11,1736.314296,EX5600,225,29.0,8.0,34,231.949811,79.515653,44.042223,72.738886,32.281649,3024.236032,9084.851711
A185-001-03,A1850803_200_CS_1,6500555,4500555,EX004,EX5600FS,DT018,CAT 793,A-185-08-03,42.83,202.15,98.326843,98.326843,286.342098,48.343573,69.909089,0,363522.18,6591773.79,192.92,STRAIGHT,202.2,434,8/10/2025,12:10:11,12:17:25,1676.841613,EX5600,225,29.0,8.0,34,286.342098,98.326843,64.868369,69.909089,48.343573,2541.537784,9743.08947
A185-001-03,A1850803_200_CS_1,6500556,4500556,EX004,EX5600FS,DT054,HIT EH5000,A-185-08-03,36.76,243.87,85.813799,85.813799,257.569479,41.332461,72.993106,0,363537.03,6591770.48,195.4,RIGHT,243.9,434,8/10/2025,12:17:25,12:24:39,2022.867752,EX5600,250,29.0,8.0,34,257.569479,85.813799,56.835918,72.993106,41.332461,3408.496258,10189.546877
A185-001-03,A1850803_200_CS_1,6500557,4500557,EX004,EX5600FS,DT054,HIT EH5000,A-185-08-03,35.69,214.68,76.737572,76.737572,256.477327,44.922838,73.458073,0,363505.32,6591735.71,188.21,STRAIGHT,214.7,425,8/10/2025,12:24:39,12:31:44,1818.456351,EX5600,250,29.0,8.0,34,256.477327,76.737572,58.05692,73.458073,44.922838,3013.303201,9149.060922
A185-001-03,A1850803_200_CS_1,6500558,4500558,EX004,EX5600FS,DT040,HIT EH5000,A-185-08-03,42.88,223.12,99.629473,99.629473,288.766933,36.558941,82.464579,0,363538.29,6591707.26,195.14,STRAIGHT,223.1,385,8/10/2025,12:31:44,12:38:09,2086.321083,EX5600,250,29.0,8.0,34,288.766933,99.629473,66.56402,82.464579,36.558941,2781.598328,9549.221784
A185-001-03,A1850803_200_CS_1,6500559,4500559,EX004,EX5600FS,DT061,HIT EH5000,A-185-08-03,41.66,205.85,87.536584,87.536584,259.176997,29.515761,85.449674,0,363509.06,6591711.05,199.5,LEFT,205.9,360,8/10/2025,12:38:09,12:44:09,2058.5438,EX5600,250,29.0,8.0,34,259.176997,87.536584,55.432721,85.449674,29.515761,2859.342369,8933.234763
A185-001-03,A1850803_200_CS_1,6500560,4500560,EX004,EX5600FS,DT054,HIT EH5000,A-185-08-03,51.83,225.12,82.752294,82.752294,256.258607,32.754103,84.079003,0,363514.85,6591726.26,194.53,RIGHT,225.1,441,8/10/2025,12:44:09,12:51:30,1837.714476,EX5600,250,29.0,8.0,34,256.258607,82.752294,56.346532,84.079003,32.754103,3162.555564,9150.11378
A185-001-03,A1850803_200_CS_1,6500561,4500561,EX004,EX5600FS,DT054,HIT EH5000,A-185-08-03,38.9,211.55,85.81539,85.81539,256.627222,40.459294,76.127758,0,363564.48,6591752.7,197.8,RIGHT,211.6,381,8/10/2025,12:51:30,12:57:51,1998.944332,EX5600,250,29.0,8.0,34,256.627222,85.81539,54.091325,76.127758,40.459294,2967.7202,8810.190048
A185-001-03,A1850803_200_CS_1,6500562,4500562,EX004,EX5600FS,DT054,HIT EH5000,A-185-08-03,34.42,212.16,83.254064,83.254064,248.110585,40.926645,74.317775,0,363514.37,6591709.47,185.25,STRAIGHT,212.2,481,8/10/2025,12:57:51,13:05:52,1587.899888,EX5600,250,29.0,8.0,34,248.110585,83.254064,47.92403,74.317775,40.926645,3078.384774,8893.715888
A185-001-03,A1850803_200_CS_1,6500563,4500563,EX004,EX5600FS,DT061,HIT EH5000,A-185-08-03,60.46,236.7,89.731015,89.731015,264.04627,38.838217,67.395772,0,363553.23,6591729.63,197.8,STRAIGHT,236.7,484,8/10/2025,13:05:52,13:13:56,1760.575949,EX5600,250,29.0,8.0,34,264.04627,89.731015,63.051517,67.395772,38.838217,3227.156962,9193.086518
A185-001-03,A1850803_200_CS_1,6500564,4500564,EX004,EX5600FS,DT054,HIT EH5000,A-185-08-03,53.45,234.36,103.556849,103.556849,280.232466,42.282945,70.306816,0,363513.61,6591763.89,195.55,STRAIGHT,234.4,529,8/10/2025,13:13:56,13:22:45,1594.908878,EX5600,250,29.0,8.0,34,280.232466,103.556849,64.043746,70.306816,42.282945,3010.738933,9174.971467
A185-001-03,A1850803_200_CS_1,6500565,4500565,EX004,EX5600FS,DT018,CAT 793,A-185-08-03,47.51,211.98,82.044194,82.044194,247.146903,42.94284,60.64755,0,363502.06,6591752.73,190.52,LEFT,212.0,412,8/10/2025,13:22:45,13:29:37,1852.228723,EX5600,225,29.0,8.0,34,247.146903,82.044194,61.021943,60.64755,42.94284,3087.711097,8742.893669
A185-001-03,A1850803_200_CS_1,6500566,4500566,EX004,EX5600FS,DT061,HIT EH5000,A-185-08-03,45.67,234.77,78.574559,78.574559,237.195458,37.347324,59.412811,0,363545.28,6591713.34,188.43,RIGHT,234.8,399,8/10/2025,13:29:37,13:36:16,2118.254731,EX5600,250,29.0,8.0,34,237.195458,78.574559,61.407959,59.412811,37.347324,3563.237025,9211.686544
A185-001-03,A1850803_200_CS_1,6500567,4500567,EX004,EX5600FS,DT040,HIT EH5000,A-185-08-03,49.38,212.7,90.649627,90.649627,266.891775,42.94252,69.717828,0,363521.69,6591735.8,190.89,RIGHT,212.7,506,8/10/2025,13:36:16,13:44:42,1513.25058,EX5600,250,29.0,8.0,34,266.891775,90.649627,58.727604,69.717828,42.94252,2868.971121,9661.283718
A185-001-03,A1850803_200_CS_1,6500568,4500568,EX004,EX5600FS,DT022,CAT 793,A-185-08-03,46.04,203.25,82.229515,82.229515,252.415942,38.75021,70.096462,0,363532.11,6591725.29,188.84,STRAIGHT,203.3,420,8/10/2025,13:44:42,13:51:42,1742.155772,EX5600,225,29.0,8.0,34,252.415942,82.229515,59.329752,70.096462,38.75021,2898.808289,8897.623644
A185-001-03,A1850803_200_CS_1,6500569,4500569,EX004,EX5600FS,DT040,HIT EH5000,A-185-08-03,51.68,222.12,82.681328,82.681328,258.430304,38.259018,76.475927,0,363508.02,6591754.92,187.17,RIGHT,222.1,416,8/10/2025,13:51:42,13:58:38,1922.220846,EX5600,250,29.0,8.0,34,258.430304,82.681328,57.119013,76.475927,38.259018,3094.234153,9155.526294
A185-001-03,A1850803_200_CS_1,6500570,4500570,EX004,EX5600FS,DT022,CAT 793,A-185-08-03,56.91,200.93,97.691588,97.691588,273.779642,39.507695,69.00408,0,363558.77,6591769.06,186.23,STRAIGHT,200.9,448,8/10/2025,13:58:38,14:06:06,1614.65616,EX5600,225,29.0,8.0,34,273.779642,97.691588,61.645306,69.00408,39.507695,2642.146637,8972.696022
A185-001-03,A1850803_200_CS_1,6500571,4500571,EX004,EX5600FS,DT022,CAT 793,A-185-08-03,36.43,202.64,88.859952,88.859952,255.541399,42.954425,72.146128,0,363516.11,6591724.21,196.91,RIGHT,202.6,489,8/10/2025,14:06:06,14:14:15,1491.819771,EX5600,225,29.0,8.0,34,255.541399,88.859952,45.793557,72.146128,42.954425,2854.722833,9314.621656
A185-001-03,A1850803_200_CS_1,6500572,4500572,EX004,EX5600FS,DT010,CAT 793,A-185-08-03,42.58,190.65,93.196045,93.196045,260.862854,38.034634,80.686846,0,363539.07,6591719.16,191.82,STRAIGHT,190.6,437,8/10/2025,14:14:15,14:21:32,1570.556716,EX5600,225,29.0,8.0,34,260.862854,93.196045,47.080667,80.686846,38.034634,2631.011944,9251.83152
A185-001-03,A1850803_200_CS_1,6500573,4500573,EX004,EX5600FS,DT010,CAT 793,A-185-08-03,45.23,207.92,83.79438,83.79438,264.686181,43.79115,76.209138,0,363522.87,6591714.56,195.25,STRAIGHT,207.9,416,8/10/2025,14:21:32,14:28:28,1799.339188,EX5600,225,29.0,8.0,34,264.686181,83.79438,56.240519,76.209138,43.79115,2827.971977,8567.563892
A185-001-03,A1850803_200_CS_1,6500574,4500574,EX004,EX5600FS,DT040,HIT EH5000,A-185-08-03,59.2,223.71,88.351636,88.351636,250.542484,35.415722,66.177188,0,363542.77,6591747.75,198.23,STRAIGHT,223.7,375,8/10/2025,14:28:28,14:34:43,2147.651793,EX5600,250,29.0,8.0,34,250.542484,88.351636,54.627066,66.177188,35.415722,3214.502424,10006.694938
A185-001-03,A1850803_200_CS_1,6500575,4500575,EX004,EX5600FS,DT010,CAT 793,A-185-08-03,37.71,196.2,95.936212,95.936212,259.502647,25.135681,69.936611,0,363511.32,6591771.52,183.91,RIGHT,196.2,360,8/10/2025,14:34:43,14:40:43,1961.973831,EX5600,225,29.0,8.0,34,259.502647,95.936212,62.527221,69.936611,25.135681,2721.785647,9561.525908
A185-001-03,A1850803_200_CS_1,6500576,4500576,EX004,EX5600FS,DT061,HIT EH5000,A-185-08-03,51.93,223.93,91.241164,91.241164,258.648402,43.535586,72.338748,0,363526.46,6591758.05,198.03,RIGHT,223.9,526,8/10/2025,14:40:43,14:49:29,1532.61758,EX5600,250,29.0,8.0,34,258.648402,91.241164,51.10938,72.338748,43.535586,3116.805826,8963.506504
A185-001-03,A1850803_200_CS_1,6500577,4500577,EX004,EX5600FS,DT022,CAT 793,A-185-08-03,56.87,205.11,78.979242,78.979242,260.124825,42.237588,83.840284,0,363507.29,6591739.56,186.46,LEFT,205.1,446,8/10/2025,14:49:29,14:56:55,1655.558241,EX5600,225,29.0,8.0,34,260.124825,78.979242,49.115704,83.840284,42.237588,2838.556351,9281.591808
A185-001-03,A1850803_200_CS_1,6500578,4500578,EX004,EX5600FS,DT030,CAT 793,A-185-08-03,51.62,209.69,99.519527,99.519527,274.752814,49.936278,65.77335,0,363545.21,6591711.63,186.71,RIGHT,209.7,413,8/10/2025,14:56:55,15:03:48,1827.81354,EX5600,225,29.0,8.0,34,274.752814,99.519527,59.149801,65.77335,49.936278,2747.513231,9348.736436
A185-001-03,A1850803_200_CS_1,6500579,4500579,EX004,EX5600FS,DT061,HIT EH5000,A-185-08-03,40.5,224.93,92.221582,92.221582,251.763432,35.842608,60.994371,0,363553.83,6591743.26,184.64,STRAIGHT,224.9,399,8/10/2025,15:03:48,15:10:27,2029.410662,EX5600,250,29.0,8.0,34,251.763432,92.221582,58.706466,60.994371,35.842608,3216.252848,8837.374352
A185-001-03,A1850803_200_CS_1,6500580,4500580,EX004,EX5600FS,DT022,CAT 793,A-185-08-03,47.93,207.92,85.898302,85.898302,262.564875,40.977037,75.386035,0,363553.67,6591693.82,194.15,RIGHT,207.9,499,8/10/2025,15:10:27,15:18:46,1500.030435,EX5600,225,29.0,8.0,34,262.564875,85.898302,58.99876,75.386035,40.977037,2850.781871,9183.23245
A185-001-03,A1850803_200_CS_1,6500581,4500581,EX004,EX5600FS,DT018,CAT 793,A-185-08-03,40.78,196.45,100.208974,100.208974,263.224721,44.551918,69.39948,0,363505.05,6591775.74,187.81,LEFT,196.5,421,8/10/2025,15:18:46,15:25:47,1679.878283,EX5600,225,29.0,8.0,34,263.224721,100.208974,45.493458,69.39948,44.551918,2686.786995,9767.127967
A185-001-03,A1850803_200_CS_1,6500582,4500582,EX004,EX5600FS,DT018,CAT 793,A-185-08-03,39.06,202.48,87.817676,87.817676,257.439487,33.945103,78.492778,0,363539.28,6591765.69,197.65,STRAIGHT,202.5,398,8/10/2025,15:25:47,15:32:25,1831.515616,EX5600,225,29.0,8.0,34,257.439487,87.817676,56.043941,78.492778,33.945103,2831.512846,9009.688936
A185-001-03,A1850803_200_CS_1,6500583,4500583,EX004,EX5600FS,DT040,HIT EH5000,A-185-08-03,54.47,233.43,90.761195,90.761195,251.653805,31.231356,67.164377,0,363551.1,6591736.35,188.89,LEFT,233.4,402,8/10/2025,15:32:25,15:39:07,2090.431569,EX5600,250,29.0,8.0,34,251.653805,90.761195,58.200684,67.164377,31.231356,3339.323604,9703.496535
A185-001-03,A1850803_200_CS_1,6500584,4500584,EX004,EX5600FS,DT040,HIT EH5000,A-185-08-03,46.44,238.97,88.690329,88.690329,256.453209,41.571967,63.864253,0,363524.48,6591764.98,196.41,LEFT,239.0,360,8/10/2025,15:39:07,15:45:07,2389.749508,EX5600,250,29.0,8.0,34,256.453209,88.690329,58.40833,63.864253,41.571967,3354.646356,9699.641379
A185-001-03,A1850803_200_CS_1,6500585,4500585,EX004,EX5600FS,DT061,HIT EH5000,A-185-08-03,40.53,221.28,82.812512,82.812512,258.742964,35.828024,75.609864,0,363536.77,6591738.05,198.82,STRAIGHT,221.3,475,8/10/2025,15:45:07,15:53:02,1677.039766,EX5600,250,29.0,8.0,34,258.742964,82.812512,61.538093,75.609864,35.828024,3078.707439,9223.085191
A185-001-03,A1850803_200_CS_1,6500586,4500586,EX004,EX5600FS,DT022,CAT 793,A-185-08-03,54.14,218.98,69.00174,69.00174,249.696643,36.979303,79.661364,0,363523.1,6591722.91,188.39,LEFT,219.0,435,8/10/2025,15:53:02,16:00:17,1812.265589,EX5600,225,29.0,8.0,34,249.696643,69.00174,60.626442,79.661364,36.979303,3157.17313,8442.906605
A185-001-03,A1850803_200_CS_1,6500587,4500587,EX004,EX5600FS,DT022,CAT 793,A-185-08-03,42.85,192.05,85.91936,85.91936,255.671799,51.55146,56.05645,0,363552.59,6591702.53,196.94,STRAIGHT,192.0,443,8/10/2025,16:00:17,16:07:40,1560.642197,EX5600,225,29.0,8.0,34,255.671799,85.91936,56.412793,56.05645,51.55146,2704.109311,8762.519687
A185-001-03,A1850803_200_CS_1,6500588,4500588,EX004,EX5600FS,DT015,CAT 793,A-185-08-03,51.2,202.11,87.412737,87.412737,257.184999,45.404208,59.10023,0,363515.37,6591751.95,192.41,LEFT,202.1,475,8/10/2025,16:07:40,16:15:35,1531.792568,EX5600,225,29.0,8.0,34,257.184999,87.412737,59.480806,59.10023,45.404208,2829.097623,8346.534935
A185-001-03,A1850803_200_CS_1,6500589,4500589,EX004,EX5600FS,DT030,CAT 793,A-185-08-03,39.75,192.01,85.106757,85.106757,256.673062,46.608131,63.509907,0,363546.19,6591772.88,199.79,STRAIGHT,192.0,434,8/10/2025,16:15:35,16:22:49,1592.718336,EX5600,225,29.0,8.0,34,256.673062,85.106757,57.158465,63.509907,46.608131,2693.074814,9478.37685
A185-001-03,A1850803_200_CS_1,6500590,4500590,EX004,EX5600FS,DT010,CAT 793,A-185-08-03,48.22,177.3,92.983997,92.983997,230.873979,33.135032,66.473454,0,363534.58,6591714.07,183.95,LEFT,177.3,456,8/10/2025,16:22:49,16:30:25,1399.774997,EX5600,225,29.0,8.0,34,230.873979,92.983997,38.0,66.473454,33.135032,2764.700467,9491.63864
A185-001-03,A1850803_200_CS_1,6500591,4500591,EX004,EX5600FS,DT030,CAT 793,A-185-08-03,42.4,217.83,82.185101,82.185101,256.98022,37.257374,69.385858,0,363545.67,6591714.66,187.71,STRAIGHT,217.8,480,8/10/2025,16:30:25,16:38:25,1633.712654,EX5600,225,29.0,8.0,34,256.98022,82.185101,63.853485,69.385858,37.257374,3051.526977,8865.133798
A185-001-03,A1850803_200_CS_1,6500592,4500592,EX004,EX5600FS,DT015,CAT 793,A-185-08-03,55.74,200.57,82.951936,82.951936,253.282749,35.691576,76.035706,0,363563.46,6591749.91,192.63,RIGHT,200.6,414,8/10/2025,16:38:25,16:45:19,1744.061878,EX5600,225,29.0,8.0,34,253.282749,82.951936,57.529864,76.035706,35.691576,2850.733497,8942.593739
A185-001-03,A1850803_200_CS_1,6500593,4500593,EX004,EX5600FS,DT054,HIT EH5000,A-185-08-03,40.32,210.71,110.686557,110.686557,292.256169,32.652047,79.820116,0,363548.81,6591765.14,194.36,STRAIGHT,210.7,388,8/10/2025,16:45:19,16:51:47,1955.076066,EX5600,250,29.0,8.0,34,292.256169,110.686557,63.746205,79.820116,32.652047,2595.563733,9001.681726
A185-001-03,A1850803_200_CS_1,6500594,4500594,EX004,EX5600FS,DT054,HIT EH5000,A-185-08-03,53.93,218.88,85.466258,85.466258,238.199042,27.434579,69.204602,0,363549.05,6591723.89,196.32,RIGHT,218.9,406,8/10/2025,16:51:47,16:58:33,1940.778458,EX5600,250,29.0,8.0,34,238.199042,85.466258,54.444814,69.204602,27.434579,3307.973224,8921.482276
A185-001-03,A1850803_200_CS_1,6500595,4500595,EX004,EX5600FS,DT015,CAT 793,A-185-08-03,46.81,194.93,90.997237,90.997237,275.070837,47.581535,77.715442,0,363555.76,6591772.16,199.13,LEFT,194.9,378,8/10/2025,16:58:33,17:04:51,1856.483373,EX5600,225,29.0,8.0,34,275.070837,90.997237,56.799518,77.715442,47.581535,2551.163634,9566.229345
A185-001-03,A1850803_200_CS_1,6500596,4500596,EX004,EX5600FS,DT010,CAT 793,A-185-08-03,40.2,174.4,77.239406,77.239406,249.419779,40.850434,67.886614,0,363507.88,6591701.09,197.03,STRAIGHT,174.4,482,8/10/2025,17:04:51,17:12:53,1302.583567,EX5600,225,29.0,8.0,34,249.419779,77.239406,57.615738,67.886614,40.850434,2517.223301,9144.372356
A185-001-03,A1850803_200_CS_1,6500597,4500597,EX004,EX5600FS,DT040,HIT EH5000,A-185-08-03,37.42,219.2,92.76078,92.76078,236.208009,40.541966,54.862885,0,363493.63,6591701.7,197.85,LEFT,219.2,467,8/10/2025,17:12:53,17:20:40,1689.773358,EX5600,250,29.0,8.0,34,236.208009,92.76078,43.36718,54.862885,40.541966,3340.801872,9578.087068
A185-001-03,A1850803_200_CS_1,6500598,4500598,EX004,EX5600FS,DT010,CAT 793,A-185-08-03,39.29,202.76,76.317318,76.317318,240.791201,32.610271,72.170055,0,363553.56,6591697.03,197.88,RIGHT,202.8,458,8/10/2025,17:20:40,17:28:18,1593.726953,EX5600,225,29.0,8.0,34,240.791201,76.317318,59.382525,72.170055,32.610271,3031.368843,8895.516568
A185-001-03,A1850803_200_CS_1,6500599,4500599,EX004,EX5600FS,DT054,HIT EH5000,A-185-08-03,47.82,235.68,93.631683,93.631683,244.948092,36.549351,65.622379,0,363557.39,6591704.94,185.49,RIGHT,235.7,439,8/10/2025,17:28:18,17:35:37,1932.701016,EX5600,250,29.0,8.0,34,244.948092,93.631683,48.365875,65.622379,36.549351,3463.818557,8700.019425
A185-001-03,A1850803_200_CS_1,6500600,4500600,EX004,EX5600FS,DT054,HIT EH5000,A-185-08-03,47.48,229.05,87.419364,87.419364,256.246465,41.065304,66.104038,0,363548.73,6591701.84,192.63,RIGHT,229.0,482,8/10/2025,17:35:37,17:43:39,1710.742779,EX5600,250,29.0,8.0,34,256.246465,87.419364,57.889373,66.104038,41.065304,3217.909836,8805.844748
A185-001-03,A1850803_200_CS_1,6500601,4500601,EX004,EX5600FS,DT018,CAT 793,A-185-08-03,44.36,206.11,75.46367,75.46367,241.197266,37.796709,76.115922,0,363545.15,6591750.52,196.47,RIGHT,206.1,494,8/10/2025,17:43:39,17:51:53,1502.030336,EX5600,225,29.0,8.0,34,241.197266,75.46367,51.553514,76.115922,37.796709,3076.33249,9101.043332
A185-001-03,A1850803_200_CS_1,6500602,4500602,EX004,EX5600FS,DT030,CAT 793,A-185-08-03,46.7,213.59,89.974726,89.974726,241.812415,40.511357,61.104962,0,363544.65,6591741.78,191.7,LEFT,213.6,463,8/10/2025,17:51:53,17:59:36,1660.763481,EX5600,225,29.0,8.0,34,241.812415,89.974726,46.06091,61.104962,40.511357,3179.875981,9156.404799
A185-001-03,A1850803_200_CS_1,6500603,4500603,EX004,EX5600FS,DT040,HIT EH5000,A-185-08-03,39.04,225.24,93.085715,93.085715,263.803647,38.337397,65.133156,0,363498.49,6591705.92,190.64,RIGHT,225.2,360,8/10/2025,17:59:36,18:05:36,2252.436596,EX5600,250,29.0,8.0,34,263.803647,93.085715,63.09583,65.133156,38.337397,3073.79062,8992.577384
A185-001-03,A1850803_200_CS_1,6500604,4500604,EX004,EX5600FS,DT022,CAT 793,A-185-08-03,48.22,207.78,80.385028,80.385028,251.073315,40.140993,73.516364,0,363529.96,6591731.53,183.83,LEFT,207.8,360,8/10/2025,18:05:36,18:11:36,2077.780865,EX5600,225,29.0,8.0,34,251.073315,80.385028,52.319485,73.516364,40.140993,2979.21391,8973.681017
A185-001-03,A1850803_200_CS_1,6500605,4500605,EX004,EX5600FS,DT018,CAT 793,A-185-08-03,42.78,199.25,91.806072,91.806072,261.711865,36.964858,68.690368,0,363534.92,6591750.58,184.75,STRAIGHT,199.3,433,8/10/2025,18:11:36,18:18:49,1656.583894,EX5600,225,29.0,8.0,34,261.711865,91.806072,59.810226,68.690368,36.964858,2740.803613,8982.428559
A185-001-03,A1850803_200_CS_1,6500606,4500606,EX004,EX5600FS,DT054,HIT EH5000,A-185-08-03,37.07,226.81,95.112254,95.112254,261.459888,38.334567,65.520553,0,363547.44,6591725.81,198.1,RIGHT,226.8,441,8/10/2025,18:18:49,18:26:10,1851.549674,EX5600,250,29.0,8.0,34,261.459888,95.112254,61.187856,65.520553,38.334567,3122.977719,9489.482437
A185-001-03,A1850803_200_CS_1,6500607,4500607,EX004,EX5600FS,DT018,CAT 793,A-185-08-03,53.99,180.82,72.036195,72.036195,250.794452,33.934716,74.9426,0,363507.8,6591725.36,185.42,LEFT,180.8,513,8/10/2025,18:26:10,18:34:43,1268.937151,EX5600,225,29.0,8.0,34,250.794452,72.036195,65.360063,74.9426,33.934716,2595.610684,9606.750853
A185-001-03,A1850803_200_CS_1,6500608,4500608,EX004,EX5600FS,DT054,HIT EH5000,A-185-08-03,34.56,212.06,80.606492,80.606492,238.771188,35.426763,74.18713,0,363499.56,6591710.89,193.23,LEFT,212.1,402,8/10/2025,18:34:43,18:41:25,1899.050306,EX5600,250,29.0,8.0,34,238.771188,80.606492,48.243885,74.18713,35.426763,3197.279489,8957.40608
A185-001-03,A1850803_200_CS_1,6500609,4500609,EX004,EX5600FS,DT040,HIT EH5000,A-185-08-03,38.76,222.17,80.021438,80.021438,235.14733,29.265535,68.860953,0,363549.01,6591726.81,196.69,LEFT,222.2,403,8/10/2025,18:41:25,18:48:08,1984.616432,EX5600,250,29.0,8.0,34,235.14733,80.021438,55.438005,68.860953,29.265535,3401.273669,8449.735303
A185-001-03,A1850803_200_CS_1,6500610,4500610,EX004,EX5600FS,DT061,HIT EH5000,A-185-08-03,47.96,235.48,94.942821,94.942821,267.422978,37.598035,83.046396,0,363554.91,6591743.63,187.92,LEFT,235.5,377,8/10/2025,18:48:08,18:54:25,2248.588614,EX5600,250,29.0,8.0,34,267.422978,94.942821,49.577912,83.046396,37.598035,3169.951641,8992.58182
A185-001-03,A1850803_200_CS_1,6500611,4500611,EX004,EX5600FS,DT015,CAT 793,A-185-08-03,57.49,181.9,70.113762,70.113762,225.318646,26.314716,74.352128,0,363558.77,6591757.64,191.07,RIGHT,181.9,392,8/10/2025,18:54:25,19:00:57,1670.501679,EX5600,225,29.0,8.0,34,225.318646,70.113762,49.592363,74.352128,26.314716,2906.269275,8440.548448
A185-001-03,A1850803_200_CS_1,6500612,4500612,EX004,EX5600FS,DT054,HIT EH5000,A-185-08-03,45.2,221.12,80.657166,80.657166,242.930531,37.227525,68.479391,0,363539.07,6591707.84,193.83,RIGHT,221.1,429,8/10/2025,19:00:57,19:08:06,1855.581822,EX5600,250,29.0,8.0,34,242.930531,80.657166,56.540915,68.479391,37.227525,3276.840501,9419.43922
A185-001-03,A1850803_200_CS_1,6500613,4500613,EX004,EX5600FS,DT061,HIT EH5000,A-185-08-03,29.47,203.74,91.197571,91.197571,248.656027,33.450874,73.491328,0,363533.65,6591735.61,187.9,LEFT,203.7,474,8/10/2025,19:08:06,19:16:00,1547.38731,EX5600,250,29.0,8.0,34,248.656027,91.197571,44.807102,73.491328,33.450874,2949.703631,9021.598871
A185-001-03,A1850803_200_CS_1,6500614,4500614,EX004,EX5600FS,DT061,HIT EH5000,A-185-08-03,46.53,232.69,94.303472,94.303472,273.237277,43.490065,82.566007,0,363543.9,6591749.84,196.57,RIGHT,232.7,510,8/10/2025,19:16:00,19:24:30,1642.486049,EX5600,250,29.0,8.0,34,273.237277,94.303472,50.843218,82.566007,43.490065,3065.715973,9311.829889
A185-001-03,A1850803_200_CS_1,6500615,4500615,EX004,EX5600FS,DT010,CAT 793,A-185-08-03,49.26,188.12,72.315781,72.315781,230.869643,29.48114,78.119322,0,363513.69,6591717.53,188.8,STRAIGHT,188.1,374,8/10/2025,19:24:30,19:30:44,1810.809584,EX5600,225,29.0,8.0,34,230.869643,72.315781,48.996433,78.119322,29.48114,2933.442335,9157.692092
A185-001-03,A1850803_200_CS_1,6500616,4500616,EX004,EX5600FS,DT022,CAT 793,A-185-08-03,39.04,206.77,92.945707,92.945707,237.099454,29.240195,52.798451,0,363552.59,6591727.19,186.13,LEFT,206.8,429,8/10/2025,19:30:44,19:37:53,1735.105327,EX5600,225,29.0,8.0,34,237.099454,92.945707,57.325951,52.798451,29.240195,3139.442852,9143.624495
A185-001-03,A1850803_200_CS_1,6500617,4500617,EX004,EX5600FS,DT040,HIT EH5000,A-185-08-03,52.6,205.8,87.214779,87.214779,248.592405,36.33077,70.376595,0,363523.86,6591749.31,196.87,STRAIGHT,205.8,438,8/10/2025,19:37:53,19:45:11,1691.498857,EX5600,250,29.0,8.0,34,248.592405,87.214779,49.345186,70.376595,36.33077,2980.286137,9018.420757
A185-001-03,A1850803_200_CS_1,6500618,4500618,EX004,EX5600FS,DT015,CAT 793,A-185-08-03,46.28,192.37,91.114692,91.114692,263.947686,36.733206,72.650296,0,363543.83,6591773.68,187.85,RIGHT,192.4,473,8/10/2025,19:45:11,19:53:04,1464.139185,EX5600,225,29.0,8.0,34,263.947686,91.114692,59.379454,72.650296,36.733206,2623.769298,9611.809059
A185-001-03,A1850803_200_CS_1,6500619,4500619,EX004,EX5600FS,DT054,HIT EH5000,A-185-08-03,33.63,215.28,106.584197,106.584197,272.053617,34.541357,68.537637,0,363530.5,6591723.38,189.23,RIGHT,215.3,482,8/10/2025,19:53:04,20:01:06,1607.871074,EX5600,250,29.0,8.0,34,272.053617,106.584197,56.903299,68.537637,34.541357,2848.680589,8895.751992
A185-001-03,A1850803_200_CS_1,6500620,4500620,EX004,EX5600FS,DT061,HIT EH5000,A-185-08-03,50.84,204.05,90.364175,90.364175,249.13961,40.357879,62.047653,0,363517.25,6591704.57,190.03,STRAIGHT,204.0,409,8/10/2025,20:01:06,20:07:55,1796.029731,EX5600,250,29.0,8.0,34,249.13961,90.364175,55.497334,62.047653,40.357879,2948.45191,8760.473837
A185-001-03,A1850803_200_CS_1,6500621,4500621,EX004,EX5600FS,DT018,CAT 793,A-185-08-03,50.75,194.63,87.496944,87.496944,264.798341,39.998703,74.715186,0,363506.87,6591715.26,198.58,LEFT,194.6,445,8/10/2025,20:07:55,20:15:20,1574.521357,EX5600,225,29.0,8.0,34,264.798341,87.496944,61.602033,74.715186,39.998703,2646.021121,9209.240882
A185-001-03,A1850803_200_CS_1,6500622,4500622,EX004,EX5600FS,DT010,CAT 793,A-185-08-03,32.41,187.7,82.870332,82.870332,261.00259,49.961047,65.643044,0,363550.08,6591735.74,195.23,LEFT,187.7,470,8/10/2025,20:15:20,20:23:10,1437.698383,EX5600,225,29.0,8.0,34,261.00259,82.870332,59.235617,65.643044,49.961047,2588.933079,9087.492298
A185-001-03,A1850803_200_CS_1,6500623,4500623,EX004,EX5600FS,DT030,CAT 793,A-185-08-03,46.15,186.81,88.568034,88.568034,261.638613,39.849282,75.835341,0,363564.34,6591772.97,197.24,RIGHT,186.8,438,8/10/2025,20:23:10,20:30:28,1535.461986,EX5600,225,29.0,8.0,34,261.638613,88.568034,52.286262,75.835341,39.849282,2570.462905,8927.066964
A185-001-03,A1850803_200_CS_1,6500624,4500624,EX004,EX5600FS,DT061,HIT EH5000,A-185-08-03,44.03,222.06,85.279704,85.279704,246.88986,38.104693,69.071662,0,363496.4,6591713.25,188.95,RIGHT,222.1,390,8/10/2025,20:30:28,20:36:58,2049.798624,EX5600,250,29.0,8.0,34,246.88986,85.279704,53.723139,69.071662,38.104693,3237.967985,8696.952003
A185-001-03,A1850803_200_CS_1,6500625,4500625,EX004,EX5600FS,DT040,HIT EH5000,A-185-08-03,51.79,224.91,90.765449,90.765449,255.387082,37.355689,69.10062,0,363504.74,6591768.49,198.43,LEFT,224.9,403,8/10/2025,20:36:58,20:43:41,2009.117352,EX5600,250,29.0,8.0,34,255.387082,90.765449,56.396582,69.10062,37.355689,3170.380761,9593.999709
A185-001-03,A1850803_200_CS_1,6500626,4500626,EX004,EX5600FS,DT054,HIT EH5000,A-185-08-03,42.4,211.72,93.152492,93.152492,279.980148,40.403189,84.324542,0,363506.91,6591780.72,193.98,RIGHT,211.7,360,8/10/2025,20:43:41,20:49:41,2117.225186,EX5600,250,29.0,8.0,34,279.980148,93.152492,61.386764,84.324542,40.403189,2722.339685,8197.324297
A185-001-03,A1850803_200_CS_1,6500627,4500627,EX004,EX5600FS,DT030,CAT 793,A-185-08-03,49.19,191.76,100.839808,100.839808,282.732387,32.501893,85.597707,0,363565.77,6591766.3,197.53,STRAIGHT,191.8,450,8/10/2025,20:49:41,20:57:11,1534.093159,EX5600,225,29.0,8.0,34,282.732387,100.839808,58.775082,85.597707,32.501893,2441.679667,8837.505524
A185-001-03,A1850803_200_CS_1,6500628,4500628,EX004,EX5600FS,DT054,HIT EH5000,A-185-08-03,36.49,207.37,83.052254,83.052254,230.565326,30.853714,63.535874,0,363545.54,6591767.45,197.6,RIGHT,207.4,424,8/10/2025,20:57:11,21:04:15,1760.675854,EX5600,250,29.0,8.0,34,230.565326,83.052254,49.668797,63.535874,30.853714,3237.809325,8960.03462
A185-001-03,A1850803_200_CS_1,6500629,4500629,EX004,EX5600FS,DT010,CAT 793,A-185-08-03,41.04,192.65,97.036776,97.036776,279.5993,46.099371,59.566678,0,363513.26,6591750.28,185.07,LEFT,192.7,474,8/10/2025,21:04:15,21:12:09,1463.194476,EX5600,225,29.0,8.0,34,279.5993,97.036776,72.019012,59.566678,46.099371,2480.529034,8664.309227
A185-001-03,A1850803_200_CS_1,6500630,4500630,EX004,EX5600FS,DT010,CAT 793,A-185-08-03,50.73,197.66,101.032735,101.032735,253.371685,39.695278,62.5797,0,363513.23,6591734.19,191.66,LEFT,197.7,414,8/10/2025,21:12:09,21:19:03,1718.789148,EX5600,225,29.0,8.0,34,253.371685,101.032735,48.085266,62.5797,39.695278,2808.438155,8805.845527
A185-001-03,A1850803_200_CS_1,6500631,4500631,EX004,EX5600FS,DT030,CAT 793,A-185-08-03,41.74,193.16,77.724796,77.724796,243.911039,43.210056,63.099712,0,363538.26,6591722.9,186.05,LEFT,193.2,403,8/10/2025,21:19:03,21:25:46,1725.483652,EX5600,225,29.0,8.0,34,243.911039,77.724796,57.828062,63.099712,43.210056,2850.916117,8546.297608
A185-001-03,A1850803_200_CS_1,6500632,4500632,EX004,EX5600FS,DT018,CAT 793,A-185-08-03,39.73,199.08,92.788872,92.788872,285.209826,45.243585,88.942103,0,363504.6,6591762.9,199.58,LEFT,199.1,397,8/10/2025,21:25:46,21:32:23,1805.267182,EX5600,225,29.0,8.0,34,285.209826,92.788872,58.113959,88.942103,45.243585,2512.855466,9096.086239
A185-001-03,A1850803_200_CS_1,6500633,4500633,EX004,EX5600FS,DT010,CAT 793,A-185-08-03,58.95,205.41,85.714583,85.714583,246.669714,41.974678,72.874181,0,363553.82,6591752.45,187.34,LEFT,205.4,432,8/10/2025,21:32:23,21:39:35,1711.742283,EX5600,225,29.0,8.0,34,246.669714,85.714583,41.702373,72.874181,41.974678,2997.825129,9408.830693
A185-001-03,A1850803_200_CS_1,6500634,4500634,EX004,EX5600FS,DT040,HIT EH5000,A-185-08-03,41.29,214.72,88.600404,88.600404,255.833561,37.349664,76.991767,0,363524.26,6591701.65,184.14,RIGHT,214.7,487,8/10/2025,21:39:35,21:47:42,1587.218155,EX5600,250,29.0,8.0,34,255.833561,88.600404,51.454584,76.991767,37.349664,3021.398908,8467.390579
A185-001-03,A1850803_200_CS_1,6500635,4500635,EX004,EX5600FS,DT061,HIT EH5000,A-185-08-03,47.33,224.13,90.039103,90.039103,250.94377,38.217953,66.284255,0,363530.63,6591723.09,184.76,RIGHT,224.1,375,8/10/2025,21:47:42,21:53:57,2151.606499,EX5600,250,29.0,8.0,34,250.94377,90.039103,51.617557,66.284255,38.217953,3215.271836,9590.028885
A185-001-03,A1850803_200_CS_1,6500636,4500636,EX004,EX5600FS,DT061,HIT EH5000,A-185-08-03,39.71,217.56,99.527994,99.527994,246.633588,32.619457,60.352297,0,363528.39,6591735.66,191.84,LEFT,217.6,457,8/10/2025,21:53:57,22:01:34,1713.827063,EX5600,250,29.0,8.0,34,246.633588,99.527994,49.911149,60.352297,32.619457,3175.637898,9863.557159
A185-001-03,A1850803_200_CS_1,6500637,4500637,EX004,EX5600FS,DT061,HIT EH5000,A-185-08-03,41.63,227.71,88.154523,88.154523,251.165571,38.144744,63.272911,0,363522.36,6591701.02,187.83,RIGHT,227.7,415,8/10/2025,22:01:34,22:08:29,1975.300814,EX5600,250,29.0,8.0,34,251.165571,88.154523,56.704847,63.272911,38.144744,3263.782672,8998.582412
A185-001-03,A1850803_200_CS_1,6500638,4500638,EX004,EX5600FS,DT015,CAT 793,A-185-08-03,52.1,215.2,104.050795,104.050795,267.717518,39.16908,64.003461,0,363541.86,6591773.32,184.93,LEFT,215.2,501,8/10/2025,22:08:29,22:16:50,1546.324775,EX5600,225,29.0,8.0,34,267.717518,104.050795,58.53855,64.003461,39.16908,2893.754273,8231.305674
A185-001-03,A1850803_200_CS_1,6500639,4500639,EX004,EX5600FS,DT018,CAT 793,A-185-08-03,43.29,195.65,80.856017,80.856017,256.142821,34.8582,79.308495,0,363506.37,6591718.78,192.67,LEFT,195.7,413,8/10/2025,22:16:50,22:23:43,1705.452316,EX5600,225,29.0,8.0,34,256.142821,80.856017,61.015345,79.308495,34.8582,2749.840128,9018.893599
A185-001-03,A1850803_200_CS_1,6500640,4500640,EX004,EX5600FS,DT040,HIT EH5000,A-185-08-03,41.47,220.9,90.296774,90.296774,268.747034,37.895108,77.725482,0,363549.41,6591775.36,194.28,STRAIGHT,220.9,397,8/10/2025,22:23:43,22:30:20,2003.160333,EX5600,250,29.0,8.0,34,268.747034,90.296774,61.475162,77.725482,37.895108,2959.119738,9682.908729
A185-001-03,A1850803_200_CS_1,6500641,4500641,EX004,EX5600FS,DT054,HIT EH5000,A-185-08-03,45.35,216.73,100.344298,100.344298,266.439846,33.747895,62.568403,0,363525.45,6591738.89,191.62,RIGHT,216.7,429,8/10/2025,22:30:20,22:37:29,1818.752664,EX5600,250,29.0,8.0,34,266.439846,100.344298,67.276667,62.568403,33.747895,2928.409181,9082.687902
A185-001-03,A1850803_200_CS_1,6500642,4500642,EX004,EX5600FS,DT010,CAT 793,A-185-08-03,51.54,198.66,79.014013,79.014013,259.480414,39.394216,73.764598,0,363547.84,6591722.18,193.77,RIGHT,198.7,409,8/10/2025,22:37:29,22:44:18,1748.639187,EX5600,225,29.0,8.0,34,259.480414,79.014013,65.262982,73.764598,39.394216,2756.252063,9310.746673
A185-001-03,A1850803_200_CS_1,6500643,4500643,EX004,EX5600FS,DT010,CAT 793,A-185-08-03,44.28,219.54,94.579277,94.579277,254.863737,45.42789,59.232776,0,363541.57,6591763.78,195.2,LEFT,219.5,473,8/10/2025,22:44:18,22:52:11,1670.912504,EX5600,225,29.0,8.0,34,254.863737,94.579277,54.181395,59.232776,45.42789,3101.035962,9445.71242
A185-001-03,A1850803_200_CS_1,6500644,4500644,EX004,EX5600FS,DT061,HIT EH5000,A-185-08-03,42.21,222.97,86.744969,86.744969,240.153821,37.243561,75.00639,0,363522.44,6591728.93,187.51,LEFT,223.0,461,8/10/2025,22:52:11,22:59:52,1741.158486,EX5600,250,29.0,8.0,34,240.153821,86.744969,39.921549,75.00639,37.243561,3342.333083,9156.691268
A185-001-03,A1850803_200_CS_1,6500645,4500645,EX004,EX5600FS,DT022,CAT 793,A-185-08-03,51.55,206.05,95.011781,95.011781,261.482829,36.87547,67.742678,0,363553.19,6591696.77,197.93,LEFT,206.0,404,8/10/2025,22:59:52,23:06:36,1836.079617,EX5600,225,29.0,8.0,34,261.482829,95.011781,58.78396,67.742678,36.87547,2836.806412,8826.038019
A185-001-03,A1850803_200_CS_1,6500646,4500646,EX004,EX5600FS,DT018,CAT 793,A-185-08-03,39.35,187.25,89.926357,89.926357,261.861244,36.908138,76.002326,0,363551.89,6591739.88,185.33,STRAIGHT,187.2,360,8/10/2025,23:06:36,23:12:36,1872.49998,EX5600,225,29.0,8.0,34,261.861244,89.926357,56.363491,76.002326,36.908138,2574.264076,8991.569061
A185-001-03,A1850803_200_CS_1,6500647,4500647,EX004,EX5600FS,DT030,CAT 793,A-185-08-03,49.24,196.7,87.403697,87.403697,243.228283,34.329617,66.982999,0,363538.26,6591702.18,187.94,RIGHT,196.7,391,8/10/2025,23:12:36,23:19:07,1811.069937,EX5600,225,29.0,8.0,34,243.228283,87.403697,50.852774,66.982999,34.329617,2911.373371,9823.592552
A185-001-03,A1850803_200_CS_1,6500648,4500648,EX004,EX5600FS,DT022,CAT 793,A-185-08-03,48.03,193.3,110.035375,110.035375,309.490604,48.084804,85.545621,0,363520.97,6591766.92,199.39,RIGHT,193.3,360,8/10/2025,23:19:07,23:25:07,1932.997472,EX5600,225,29.0,8.0,34,309.490604,110.035375,59.905539,85.545621,48.084804,2248.465965,8757.224592
A185-001-03,A1850803_200_CS_1,6500649,4500649,EX004,EX5600FS,DT061,HIT EH5000,A-185-08-03,43.15,210.72,89.939987,89.939987,266.870659,44.886688,72.645567,0,363537.26,6591726.61,197.85,RIGHT,210.7,435,8/10/2025,23:25:07,23:32:22,1743.851229,EX5600,250,29.0,8.0,34,266.870659,89.939987,55.302895,72.645567,44.886688,2842.482895,8731.9244
A185-001-03,A1850803_200_CS_1,6500650,4500650,EX004,EX5600FS,DT054,HIT EH5000,A-185-08-03,56.64,229.7,84.177132,84.177132,250.151838,32.748635,86.391488,0,363512.54,6591710.44,186.05,STRAIGHT,229.7,400,8/10/2025,23:32:22,23:39:02,2067.270507,EX5600,250,29.0,8.0,34,250.151838,84.177132,46.336674,86.391488,32.748635,3305.625139,9227.148968
A185-001-03,A1850803_200_CS_1,6500651,4500651,EX004,EX5600FS,DT022,CAT 793,A-185-08-03,47.65,199.9,80.973158,80.973158,256.35661,32.369067,82.511084,0,363531.31,6591719.67,184.2,STRAIGHT,199.9,422,8/10/2025,23:39:02,23:46:04,1705.288293,EX5600,225,29.0,8.0,34,256.35661,80.973158,59.67522,82.511084,32.369067,2807.150786,9020.375186
A185-001-03,A1850803_200_CS_1,6500652,4500652,EX004,EX5600FS,DT030,CAT 793,A-185-08-03,38.6,177.57,94.010836,94.010836,274.379226,36.18171,86.636376,0,363540.47,6591752.22,196.02,STRAIGHT,177.6,365,8/10/2025,23:46:04,23:52:09,1751.358767,EX5600,225,29.0,8.0,34,274.379226,94.010836,51.712127,86.636376,36.18171,2329.789899,9247.277408
A185-001-03,A1850803_200_CS_1,6500653,4500653,EX004,EX5600FS,DT054,HIT EH5000,A-185-08-03,43.94,228.25,93.799787,93.799787,257.946215,41.60818,71.877335,0,363497.54,6591714.74,193.41,STRAIGHT,228.3,440,8/10/2025,23:52:09,23:59:29,1867.537092,EX5600,250,29.0,8.0,34,257.946215,93.799787,49.172103,71.877335,41.60818,3185.611074,8356.152785
A185-001-03,A1850803_200_CS_1,6500654,4500654,EX004,EX5600FS,DT010,CAT 793,A-185-08-03,48.81,207.03,102.649089,102.649089,275.456114,38.940118,79.285828,0,363525.77,6591714.5,197.12,LEFT,207.0,441,8/10/2025,23:59:29,00:06:50,1690.033448,EX5600,225,29.0,8.0,34,275.456114,102.649089,54.455046,79.285828,38.940118,2705.711412,8893.927742
A185-001-03,A1850803_200_CS_1,6500655,4500655,EX004,EX5600FS,DT018,CAT 793,A-185-08-03,46.83,195.11,97.386555,97.386555,248.984217,37.493633,58.585868,0,363532.04,6591762.66,195.4,RIGHT,195.1,439,9/10/2025,00:06:50,00:14:09,1599.967813,EX5600,225,29.0,8.0,34,248.984217,97.386555,53.446847,58.585868,37.493633,2821.005595,9099.999954
A185-001-03,A1850803_200_CS_1,6500656,4500656,EX004,EX5600FS,DT018,CAT 793,A-185-08-03,37.75,208.04,86.497418,86.497418,222.270128,36.413608,53.37541,0,363561.14,6591750.76,184.53,STRAIGHT,208.0,381,9/10/2025,00:14:09,00:20:30,1965.699601,EX5600,225,29.0,8.0,34,222.270128,86.497418,40.63339,53.37541,36.413608,3369.465586,9351.842229
A185-001-03,A1850803_200_CS_1,6500657,4500657,EX004,EX5600FS,DT022,CAT 793,A-185-08-03,37.71,189.35,70.212378,70.212378,242.644683,36.532489,76.901734,0,363526.59,6591725.9,196.66,LEFT,189.3,401,9/10/2025,00:20:30,00:27:11,1699.885331,EX5600,225,29.0,8.0,34,242.644683,70.212378,55.817324,76.901734,36.532489,2809.268308,8671.651266
A185-001-03,A1850803_200_CS_1,6500658,4500658,EX004,EX5600FS,DT018,CAT 793,A-185-08-03,50.07,189.32,81.335143,81.335143,257.284016,32.100136,74.405158,0,363513.24,6591753.02,188.89,RIGHT,189.3,461,9/10/2025,00:27:11,00:34:52,1478.397568,EX5600,225,29.0,8.0,34,257.284016,81.335143,67.052983,74.405158,32.100136,2648.984144,9126.125947
A185-001-03,A1850803_200_CS_1,6500659,4500659,EX004,EX5600FS,DT018,CAT 793,A-185-08-03,46.32,207.88,72.384505,72.384505,238.078765,41.475688,64.868848,0,363520.16,6591741.03,192.53,STRAIGHT,207.9,360,9/10/2025,00:34:52,00:40:52,2078.78136,EX5600,225,29.0,8.0,34,238.078765,72.384505,57.195728,64.868848,41.475688,3143.334899,8814.454067
A185-001-03,A1850803_200_CS_1,6500660,4500660,EX004,EX5600FS,DT054,HIT EH5000,A-185-08-03,51.88,221.83,94.189775,94.189775,264.059501,40.617408,76.926944,0,363521.72,6591707.94,198.82,RIGHT,221.8,381,9/10/2025,00:40:52,00:47:13,2096.017165,EX5600,250,29.0,8.0,34,264.059501,94.189775,47.2771,76.926944,40.617408,3024.252251,9439.63075
A185-001-03,A1850803_200_CS_1,6500661,4500661,EX004,EX5600FS,DT022,CAT 793,A-185-08-03,44.91,188.82,88.545779,88.545779,240.98679,39.791976,69.861862,0,363561.92,6591752.11,184.9,LEFT,188.8,409,9/10/2025,00:47:13,00:54:02,1661.959093,EX5600,225,29.0,8.0,34,240.98679,88.545779,41.674474,69.861862,39.791976,2820.657797,9180.680836
A185-001-03,A1850803_200_CS_1,6500662,4500662,EX004,EX5600FS,DT018,CAT 793,A-185-08-03,45.98,186.61,93.133473,93.133473,260.991614,36.32767,70.470704,0,363520.26,6591773.52,190.26,RIGHT,186.6,461,9/10/2025,00:54:02,01:01:43,1457.244708,EX5600,225,29.0,8.0,34,260.991614,93.133473,57.54478,70.470704,36.32767,2573.990022,9542.085086
A185-001-03,A1850803_200_CS_1,6500663,4500663,EX004,EX5600FS,DT061,HIT EH5000,A-185-08-03,44.06,231.16,84.04281,84.04281,265.57929,44.586176,73.722244,0,363518.49,6591760.29,189.76,RIGHT,231.2,459,9/10/2025,01:01:43,01:09:22,1813.024912,EX5600,250,29.0,8.0,34,265.57929,84.04281,60.675867,73.722244,44.586176,3133.446265,9190.078351
A185-001-03,A1850803_200_CS_1,6500664,4500664,EX004,EX5600FS,DT061,HIT EH5000,A-185-08-03,41.0,206.74,95.66669,95.66669,240.487699,29.169226,63.50894,0,363545.89,6591736.38,187.77,LEFT,206.7,459,9/10/2025,01:09:22,01:17:01,1621.471572,EX5600,250,29.0,8.0,34,240.487699,95.66669,50.806799,63.50894,29.169226,3094.775549,9151.595826
A185-001-03,A1850803_200_CS_1,6500665,4500665,EX004,EX5600FS,DT054,HIT EH5000,A-185-08-03,51.2,222.62,91.164314,91.164314,277.454644,30.798786,81.593164,0,363535.2,6591746.59,192.18,RIGHT,222.6,480,9/10/2025,01:17:01,01:25:01,1669.684158,EX5600,250,29.0,8.0,34,277.454644,91.164314,68.407084,81.593164,30.798786,2888.57445,9028.934462
A185-001-03,A1850803_200_CS_1,6500666,4500666,EX004,EX5600FS,DT022,CAT 793,A-185-08-03,47.08,225.39,81.428864,81.428864,239.900573,39.427139,72.958392,0,363532.93,6591720.16,185.28,RIGHT,225.4,450,9/10/2025,01:25:01,01:32:31,1803.148578,EX5600,225,29.0,8.0,34,239.900573,81.428864,45.920862,72.958392,39.427139,3382.304806,8747.093648
A185-001-03,A1850803_200_CS_1,6500667,4500667,EX004,EX5600FS,DT010,CAT 793,A-185-08-03,57.44,213.12,87.598788,87.598788,270.155117,44.707052,78.804663,0,363553.83,6591769.36,189.78,LEFT,213.1,391,9/10/2025,01:32:31,01:39:02,1962.188704,EX5600,225,29.0,8.0,34,270.155117,87.598788,56.463996,78.804663,44.707052,2839.908394,9342.947855
A185-001-03,A1850803_200_CS_1,6500668,4500668,EX004,EX5600FS,DT030,CAT 793,A-185-08-03,53.18,208.89,109.573231,109.573231,289.752252,34.931615,70.588121,0,363494.77,6591715.6,196.7,STRAIGHT,208.9,484,9/10/2025,01:39:02,01:47:06,1553.738485,EX5600,225,29.0,8.0,34,289.752252,109.573231,69.555054,70.588121,34.931615,2595.353172,9217.98573
A185-001-03,A1850803_200_CS_1,6500669,4500669,EX004,EX5600FS,DT054,HIT EH5000,A-185-08-03,43.44,219.86,86.164126,86.164126,242.324462,33.111058,70.647741,0,363522.37,6591728.41,190.98,RIGHT,219.9,440,9/10/2025,01:47:06,01:54:26,1798.821689,EX5600,250,29.0,8.0,34,242.324462,86.164126,50.501037,70.647741,33.111058,3266.205714,9142.922513
A185-001-03,A1850803_200_CS_1,6500670,4500670,EX004,EX5600FS,DT018,CAT 793,A-185-08-03,56.94,194.15,86.220506,86.220506,265.020171,35.55887,82.933655,0,363516.19,6591773.25,197.81,STRAIGHT,194.2,434,9/10/2025,01:54:26,02:01:40,1610.491826,EX5600,225,29.0,8.0,34,265.020171,86.220506,55.712697,82.933655,35.55887,2637.359447,9257.674494
A185-001-03,A1850803_200_CS_1,6500671,4500671,EX004,EX5600FS,DT018,CAT 793,A-185-08-03,44.73,189.52,75.995239,75.995239,255.469746,33.049376,77.19019,0,363528.25,6591722.96,189.55,STRAIGHT,189.5,459,9/10/2025,02:01:40,02:09:19,1486.414791,EX5600,225,29.0,8.0,34,255.469746,75.995239,66.798249,77.19019,33.049376,2670.626952,8679.442043
A185-001-03,A1850803_200_CS_1,6500672,4500672,EX004,EX5600FS,DT022,CAT 793,A-185-08-03,37.6,184.32,91.902066,91.902066,247.700253,36.007073,70.469793,0,363533.39,6591738.59,184.9,LEFT,184.3,544,9/10/2025,02:09:19,02:18:23,1219.734926,EX5600,225,29.0,8.0,34,247.700253,91.902066,45.232837,70.469793,36.007073,2678.785312,9008.266133
A185-001-03,A1850803_200_CS_1,6500673,4500673,EX004,EX5600FS,DT010,CAT 793,A-185-08-03,40.89,210.51,95.570344,95.570344,268.373508,38.932761,64.793195,0,363507.0,6591743.32,195.23,LEFT,210.5,433,9/10/2025,02:18:23,02:25:36,1750.17493,EX5600,225,29.0,8.0,34,268.373508,95.570344,63.263463,64.793195,38.932761,2823.772547,9090.076364
A185-001-03,A1850803_200_CS_1,6500674,4500674,EX004,EX5600FS,DT030,CAT 793,A-185-08-03,43.57,191.45,91.020162,91.020162,250.193787,32.055645,68.292568,0,363497.0,6591702.15,187.04,STRAIGHT,191.5,492,9/10/2025,02:25:36,02:33:48,1400.886673,EX5600,225,29.0,8.0,34,250.193787,91.020162,58.514081,68.292568,32.055645,2754.809587,9151.493401
A185-001-03,A1850803_200_CS_1,6500675,4500675,EX004,EX5600FS,DT022,CAT 793,A-185-08-03,44.48,207.85,90.1231,90.1231,248.753191,28.571904,71.255335,0,363516.26,6591710.52,189.36,RIGHT,207.9,398,9/10/2025,02:33:48,02:40:26,1880.053268,EX5600,225,29.0,8.0,34,248.753191,90.1231,57.301681,71.255335,28.571904,3008.04664,9392.670375
A185-001-03,A1850803_200_CS_1,6500676,4500676,EX004,EX5600FS,DT022,CAT 793,A-185-08-03,37.93,185.93,92.330976,92.330976,239.12143,38.611868,68.428158,0,363543.76,6591700.09,184.26,RIGHT,185.9,457,9/10/2025,02:40:26,02:48:03,1464.649944,EX5600,225,29.0,8.0,34,239.12143,92.330976,38.0,68.428158,38.611868,2799.1846,9246.903031
A185-001-03,A1850803_200_CS_1,6500677,4500677,EX004,EX5600FS,DT010,CAT 793,A-185-08-03,35.55,182.55,88.311974,88.311974,248.848654,33.406749,64.715683,0,363494.99,6591725.17,186.86,LEFT,182.5,360,9/10/2025,02:48:03,02:54:03,1825.497247,EX5600,225,29.0,8.0,34,248.848654,88.311974,59.365254,64.715683,33.406749,2640.878297,9437.549838
A185-001-03,A1850803_200_CS_1,6500678,4500678,EX004,EX5600FS,DT030,CAT 793,A-185-08-03,39.33,217.58,81.414358,81.414358,244.218007,31.785534,81.88584,0,363498.82,6591719.35,191.96,RIGHT,217.6,414,9/10/2025,02:54:03,03:00:57,1891.99631,EX5600,225,29.0,8.0,34,244.218007,81.414358,47.031857,81.88584,31.785534,3207.324802,8795.748213
A185-001-03,A1850803_200_CS_1,6500679,4500679,EX004,EX5600FS,DT061,HIT EH5000,A-185-08-03,42.58,223.98,80.68108,80.68108,241.86308,34.320293,70.954714,0,363537.01,6591752.54,197.27,STRAIGHT,224.0,419,9/10/2025,03:00:57,03:07:56,1924.442444,EX5600,250,29.0,8.0,34,241.86308,80.68108,54.146138,70.954714,34.320293,3333.875453,8971.082389
A185-001-03,A1850803_200_CS_1,6500680,4500680,EX004,EX5600FS,DT018,CAT 793,A-185-08-03,55.8,182.61,90.731045,90.731045,249.87197,30.187575,62.113677,0,363539.29,6591701.72,192.68,RIGHT,182.6,396,9/10/2025,03:07:56,03:14:32,1660.054286,EX5600,225,29.0,8.0,34,249.87197,90.731045,62.276479,62.113677,30.187575,2630.873312,9155.451902
A185-001-03,A1850803_200_CS_1,6500681,4500681,EX004,EX5600FS,DT015,CAT 793,A-185-08-03,43.19,199.77,94.398275,94.398275,269.476514,39.682433,72.344716,0,363519.87,6591737.61,197.3,LEFT,199.8,450,9/10/2025,03:14:32,03:22:02,1598.136466,EX5600,225,29.0,8.0,34,269.476514,94.398275,57.576341,72.344716,39.682433,2668.735015,9148.81234
A185-001-03,A1850803_200_CS_1,6500682,4500682,EX004,EX5600FS,DT061,HIT EH5000,A-185-08-03,39.99,210.52,98.971314,98.971314,265.035567,41.255018,61.383481,0,363513.6,6591766.53,186.64,STRAIGHT,210.5,488,9/10/2025,03:22:02,03:30:10,1552.985096,EX5600,250,29.0,8.0,34,265.035567,98.971314,59.048741,61.383481,41.255018,2859.452927,9368.634176
A185-001-03,A1850803_200_CS_1,6500683,4500683,EX004,EX5600FS,DT015,CAT 793,A-185-08-03,34.29,207.16,94.96225,94.96225,247.741454,32.386968,65.77026,0,363530.52,6591727.61,194.38,STRAIGHT,207.2,491,9/10/2025,03:30:10,03:38:21,1518.905334,EX5600,225,29.0,8.0,34,247.741454,94.96225,53.593022,65.77026,32.386968,3010.325912,8541.939668
A185-001-03,A1850803_200_CS_1,6500684,4500684,EX004,EX5600FS,DT030,CAT 793,A-185-08-03,47.87,217.25,98.573258,98.573258,267.53026,38.944083,69.147509,0,363538.38,6591710.22,199.62,LEFT,217.3,380,9/10/2025,03:38:21,03:44:41,2058.190051,EX5600,225,29.0,8.0,34,267.53026,98.573258,57.548101,69.147509,38.944083,2923.453286,9323.86974
A185-001-03,A1850803_200_CS_1,6500685,4500685,EX004,EX5600FS,DT018,CAT 793,A-185-08-03,51.05,201.52,84.185808,84.185808,242.137152,38.679664,57.779556,0,363538.69,6591758.38,192.41,STRAIGHT,201.5,459,9/10/2025,03:44:41,03:52:20,1580.581144,EX5600,225,29.0,8.0,34,242.137152,84.185808,59.771326,57.779556,38.679664,2996.181046,8834.800498
A185-001-03,A1850803_200_CS_1,6500686,4500686,EX004,EX5600FS,DT030,CAT 793,A-185-08-03,47.3,206.54,87.996958,87.996958,243.764017,42.692369,67.754189,0,363511.18,6591766.65,198.94,RIGHT,206.5,419,9/10/2025,03:52:20,03:59:19,1774.543072,EX5600,225,29.0,8.0,34,243.764017,87.996958,40.052448,67.754189,42.692369,3050.218636,9466.750082
A185-001-03,A1850803_200_CS_1,6500687,4500687,EX004,EX5600FS,DT061,HIT EH5000,A-185-08-03,52.68,223.15,77.687668,77.687668,243.894963,42.522373,76.928175,0,363531.66,6591743.79,184.93,RIGHT,223.1,429,9/10/2025,03:59:19,04:06:28,1872.566397,EX5600,250,29.0,8.0,34,243.894963,77.687668,43.322459,76.928175,42.522373,3293.758,8914.124199
A185-001-03,A1850803_200_CS_1,6500688,4500688,EX004,EX5600FS,DT061,HIT EH5000,A-185-08-03,49.99,223.04,90.650289,90.650289,253.12546,43.106722,67.86387,0,363504.38,6591774.25,189.22,LEFT,223.0,440,9/10/2025,04:06:28,04:13:48,1824.853186,EX5600,250,29.0,8.0,34,253.12546,90.650289,51.117516,67.86387,43.106722,3172.084717,8683.047843
A185-001-03,A1850803_200_CS_1,6500689,4500689,EX004,EX5600FS,DT061,HIT EH5000,A-185-08-03,49.03,225.31,91.714849,91.714849,235.172345,25.0,65.709843,0,363514.48,6591780.88,184.42,LEFT,225.3,424,9/10/2025,04:13:48,04:20:52,1913.034006,EX5600,250,29.0,8.0,34,235.172345,91.714849,49.709066,65.709843,25.0,3449.072292,9169.835087
A185-001-03,A1850803_200_CS_1,6500690,4500690,EX004,EX5600FS,DT040,HIT EH5000,A-185-08-03,46.13,215.17,72.356129,72.356129,241.160977,42.092105,67.4395,0,363540.77,6591760.16,193.58,STRAIGHT,215.2,388,9/10/2025,04:20:52,04:27:20,1996.387364,EX5600,250,29.0,8.0,34,241.160977,72.356129,55.803274,67.4395,42.092105,3211.955382,9049.119551
A185-001-03,A1850803_200_CS_1,6500691,4500691,EX004,EX5600FS,DT010,CAT 793,A-185-08-03,43.07,193.21,85.780694,85.780694,252.528511,45.974064,61.506017,0,363543.7,6591728.17,184.25,LEFT,193.2,471,9/10/2025,04:27:20,04:35:11,1476.739438,EX5600,225,29.0,8.0,34,252.528511,85.780694,56.093836,61.506017,45.974064,2754.319788,8488.666171
A185-001-03,A1850803_200_CS_1,6500692,4500692,EX004,EX5600FS,DT030,CAT 793,A-185-08-03,41.7,199.03,88.901122,88.901122,253.283827,36.515763,72.318451,0,363554.16,6591721.52,191.41,STRAIGHT,199.0,423,9/10/2025,04:35:11,04:42:14,1693.878152,EX5600,225,29.0,8.0,34,253.283827,88.901122,55.416827,72.318451,36.515763,2828.883577,8970.827953
A185-001-03,A1850803_200_CS_1,6500693,4500693,EX004,EX5600FS,DT018,CAT 793,A-185-08-03,36.98,188.75,86.151506,86.151506,243.881407,33.178447,77.812346,0,363522.61,6591737.84,198.12,STRAIGHT,188.7,415,9/10/2025,04:42:14,04:49:09,1637.307193,EX5600,225,29.0,8.0,34,243.881407,86.151506,44.249662,77.812346,33.178447,2786.118439,9012.157849
A185-001-03,A1850803_200_CS_1,6500694,4500694,EX004,EX5600FS,DT040,HIT EH5000,A-185-08-03,50.38,215.2,104.065475,104.065475,273.441931,39.359476,70.601136,0,363511.52,6591756.37,193.31,STRAIGHT,215.2,410,9/10/2025,04:49:09,04:55:59,1889.566698,EX5600,250,29.0,8.0,34,273.441931,104.065475,56.618744,70.601136,39.359476,2833.224385,8864.527391
A185-001-03,A1850803_200_CS_1,6500695,4500695,EX004,EX5600FS,DT054,HIT EH5000,A-185-08-03,43.83,204.22,86.458256,86.458256,247.478551,33.107156,72.055076,0,363495.06,6591705.58,188.95,LEFT,204.2,465,9/10/2025,04:55:59,05:03:44,1581.044203,EX5600,250,29.0,8.0,34,247.478551,86.458256,53.016487,72.055076,33.107156,2970.704139,8350.100291
A185-001-03,A1850803_200_CS_1,6500696,4500696,EX004,EX5600FS,DT015,CAT 793,A-185-08-03,49.09,221.35,84.342343,84.342343,239.762825,40.453244,60.080073,0,363537.08,6591712.03,192.92,LEFT,221.3,548,9/10/2025,05:03:44,05:12:52,1454.123637,EX5600,225,29.0,8.0,34,239.762825,84.342343,48.907052,60.080073,40.453244,3323.533377,9643.265319
A185-001-03,A1850803_200_CS_1,6500697,4500697,EX004,EX5600FS,DT018,CAT 793,A-185-08-03,46.48,193.48,84.996121,84.996121,249.936864,37.380604,67.914734,0,363530.21,6591748.74,191.21,LEFT,193.5,401,9/10/2025,05:12:52,05:19:33,1737.006163,EX5600,225,29.0,8.0,34,249.936864,84.996121,59.146646,67.914734,37.380604,2786.861694,8931.901662
A185-001-03,A1850803_200_CS_1,6500698,4500698,EX004,EX5600FS,DT061,HIT EH5000,A-185-08-03,51.54,206.55,79.49426,79.49426,270.563646,39.39599,88.775829,0,363503.13,6591712.3,193.75,STRAIGHT,206.6,487,9/10/2025,05:19:33,05:27:40,1526.870614,EX5600,250,29.0,8.0,34,270.563646,79.49426,58.35662,88.775829,39.39599,2748.284923,8773.243735
A185-001-03,A1850803_200_CS_1,6500699,4500699,EX004,EX5600FS,DT015,CAT 793,A-185-08-03,34.63,205.8,90.431371,90.431371,249.771231,40.795825,58.033631,0,363514.81,6591776.87,198.2,STRAIGHT,205.8,424,9/10/2025,05:27:40,05:34:44,1747.389922,EX5600,225,29.0,8.0,34,249.771231,90.431371,57.692644,58.033631,40.795825,2966.287693,9638.648415
A185-001-03,A1850803_200_CS_1,6500700,4500700,EX004,EX5600FS,DT030,CAT 793,A-185-08-03,52.83,179.78,96.399564,96.399564,241.412031,28.671205,62.027804,0,363564.76,6591749.82,186.83,STRAIGHT,179.8,482,9/10/2025,05:34:44,05:42:46,1342.789958,EX5600,225,29.0,8.0,34,241.412031,96.399564,52.545389,62.027804,28.671205,2680.996285,8789.813721
A185-001-03,A1850803_200_CS_1,6500701,4500701,EX004,EX5600FS,DT015,CAT 793,A-185-08-03,48.68,200.49,94.700053,94.700053,248.168843,40.826838,67.267457,0,363544.03,6591745.23,189.44,RIGHT,200.5,465,9/10/2025,05:42:46,05:50:31,1552.142988,EX5600,225,29.0,8.0,34,248.168843,94.700053,45.294769,67.267457,40.826838,2908.288081,9228.729161
A185-001-03,A1850803_200_CS_1,6500702,4500702,EX004,EX5600FS,DT010,CAT 793,A-185-08-03,31.77,200.12,94.907511,94.907511,265.26329,40.229004,65.590326,0,363519.66,6591777.11,199.41,LEFT,200.1,488,9/10/2025,05:50:31,05:58:39,1476.319949,EX5600,225,29.0,8.0,34,265.26329,94.907511,61.353501,65.590326,40.229004,2715.95868,9028.082673
A185-001-03,A1850803_200_CS_1,6500703,4500703,EX004,EX5600FS,DT061,HIT EH5000,A-185-08-03,42.44,237.23,99.281828,99.281828,268.744285,33.033039,70.94044,0,363524.23,6591730.79,196.03,STRAIGHT,237.2,470,9/10/2025,05:58:39,06:06:29,1817.108487,EX5600,250,29.0,8.0,34,268.744285,99.281828,62.308596,70.94044,33.033039,3177.894514,9210.027983
A185-001-03,A1850803_200_CS_1,6500704,4500704,EX004,EX5600FS,DT018,CAT 793,A-185-08-03,44.14,204.69,76.171972,76.171972,247.562229,41.451518,73.828083,0,363495.18,6591723.33,197.74,STRAIGHT,204.7,412,9/10/2025,06:06:29,06:13:21,1788.558381,EX5600,225,29.0,8.0,34,247.562229,76.171972,52.200304,73.828083,41.451518,2976.568986,9350.030392
A185-001-03,A1850803_200_CS_1,6500705,4500705,EX004,EX5600FS,DT030,CAT 793,A-185-08-03,42.21,184.25,86.370092,86.370092,285.828277,46.314891,78.400366,0,363553.59,6591694.88,191.41,STRAIGHT,184.3,360,9/10/2025,06:13:21,06:19:21,1842.502656,EX5600,225,29.0,8.0,34,285.828277,86.370092,72.765858,78.400366,46.314891,2320.627487,9364.166165
A185-001-03,A1850803_200_CS_1,6500706,4500706,EX004,EX5600FS,DT030,CAT 793,A-185-08-03,47.54,189.38,85.941916,85.941916,256.161916,32.892689,73.492115,0,363527.49,6591760.02,197.09,STRAIGHT,189.4,490,9/10/2025,06:19:21,06:27:31,1391.340958,EX5600,225,29.0,8.0,34,256.161916,85.941916,58.015286,73.492115,32.892689,2661.430237,9265.662816
A185-001-03,A1850803_200_CS_1,6500707,4500707,EX004,EX5600FS,DT040,HIT EH5000,A-185-08-03,42.49,229.73,84.749542,84.749542,262.732898,42.058528,77.785225,0,363540.83,6591705.43,191.15,STRAIGHT,229.7,417,9/10/2025,06:27:31,06:34:28,1983.252204,EX5600,250,29.0,8.0,34,262.732898,84.749542,55.823238,77.785225,42.058528,3147.745014,8759.621377
A185-001-03,A1850803_200_CS_1,6500708,4500708,EX004,EX5600FS,DT010,CAT 793,A-185-08-03,48.99,188.94,80.800754,80.800754,236.19264,35.601799,63.244514,0,363504.28,6591699.94,190.77,RIGHT,188.9,413,9/10/2025,06:34:28,06:41:21,1646.900625,EX5600,225,29.0,8.0,34,236.19264,80.800754,51.880316,63.244514,35.601799,2879.72546,9083.802102
A185-001-03,A1850803_200_CS_1,6500709,4500709,EX004,EX5600FS,DT010,CAT 793,A-185-08-03,44.47,185.63,98.004129,98.004129,240.004818,34.128114,53.73004,0,363500.59,6591749.53,188.39,RIGHT,185.6,443,9/10/2025,06:41:21,06:48:44,1508.505953,EX5600,225,29.0,8.0,34,240.004818,98.004129,53.409931,53.73004,34.128114,2784.394673,8974.672254
A185-001-03,A1850803_200_CS_1,6500710,4500710,EX004,EX5600FS,DT061,HIT EH5000,A-185-08-03,42.8,230.48,99.457121,99.457121,272.913955,40.969917,71.493804,0,363553.3,6591765.2,194.64,LEFT,230.5,447,9/10/2025,06:48:44,06:56:11,1856.193211,EX5600,250,29.0,8.0,34,272.913955,99.457121,59.137517,71.493804,40.969917,3040.219634,8797.11904
A185-001-03,A1850803_200_CS_1,6500711,4500711,EX004,EX5600FS,DT030,CAT 793,A-185-08-03,47.02,182.07,82.866707,82.866707,231.511024,32.514216,73.312874,0,363553.05,6591723.98,199.74,RIGHT,182.1,472,9/10/2025,06:56:11,07:04:03,1388.678609,EX5600,225,29.0,8.0,34,231.511024,82.866707,38.477056,73.312874,32.514216,2831.209907,8789.456782
A185-001-03,A1850803_200_CS_1,6500712,4500712,EX004,EX5600FS,DT030,CAT 793,A-185-08-03,45.0,213.12,85.284741,85.284741,241.920463,40.799172,69.202582,0,363551.78,6591727.86,194.42,RIGHT,213.1,360,9/10/2025,07:04:03,07:10:03,2131.234839,EX5600,225,29.0,8.0,34,241.920463,85.284741,44.182542,69.202582,40.799172,3171.474344,9123.912595
A185-001-03,A1850803_200_CS_1,6500713,4500713,EX004,EX5600FS,DT061,HIT EH5000,A-185-08-03,48.45,224.48,92.956452,92.956452,246.724364,38.220009,61.493184,0,363537.85,6591750.39,190.66,LEFT,224.5,494,9/10/2025,07:10:03,07:18:17,1635.868121,EX5600,250,29.0,8.0,34,246.724364,92.956452,53.409241,61.493184,38.220009,3275.391361,9529.825129
A185-001-03,A1850803_200_CS_1,6500714,4500714,EX004,EX5600FS,DT018,CAT 793,A-185-08-03,56.98,170.61,106.669706,106.669706,266.109708,35.846388,69.331441,0,363530.94,6591754.03,189.16,RIGHT,170.6,453,9/10/2025,07:18:17,07:25:50,1355.880221,EX5600,225,29.0,8.0,34,266.109708,106.669706,52.610979,69.331441,35.846388,2308.12226,9485.665347
A185-001-03,A1850803_200_CS_1,6500715,4500715,EX004,EX5600FS,DT030,CAT 793,A-185-08-03,44.73,200.74,80.990732,80.990732,230.502539,34.259101,68.085872,0,363547.17,6591772.15,192.98,LEFT,200.7,439,9/10/2025,07:25:50,07:33:09,1646.139286,EX5600,225,29.0,8.0,34,230.502539,80.990732,41.612787,68.085872,34.259101,3135.128795,9138.965827
A185-001-03,A1850803_200_CS_1,6500716,4500716,EX004,EX5600FS,DT054,HIT EH5000,A-185-08-03,41.75,212.21,98.74839,98.74839,277.770254,42.898447,77.704561,0,363546.6,6591752.3,199.67,STRAIGHT,212.2,442,9/10/2025,07:33:09,07:40:31,1728.435679,EX5600,250,29.0,8.0,34,277.770254,98.74839,57.251368,77.704561,42.898447,2750.361344,9037.445607
A185-001-03,A1850803_200_CS_1,6500717,4500717,EX004,EX5600FS,DT018,CAT 793,A-185-08-03,46.27,211.1,89.100988,89.100988,245.818656,45.676429,57.611191,0,363514.81,6591718.04,185.94,RIGHT,211.1,431,9/10/2025,07:40:31,07:47:42,1763.222466,EX5600,225,29.0,8.0,34,245.818656,89.100988,53.219471,57.611191,45.676429,3091.50206,8508.12116
A185-001-03,A1850803_200_CS_1,6500718,4500718,EX004,EX5600FS,DT022,CAT 793,A-185-08-03,53.68,195.78,89.68199,89.68199,270.434254,40.237058,86.035816,0,363503.99,6591760.82,186.08,STRAIGHT,195.8,517,9/10/2025,07:47:42,07:56:19,1363.28718,EX5600,225,29.0,8.0,34,270.434254,89.68199,48.719439,86.035816,40.237058,2606.250726,9198.037707
A185-001-03,A1850803_200_CS_1,6500719,4500719,EX004,EX5600FS,DT040,HIT EH5000,A-185-08-03,41.45,221.36,94.897986,94.897986,271.961087,39.82972,77.510784,0,363510.73,6591752.56,188.94,LEFT,221.4,541,9/10/2025,07:56:19,08:05:20,1472.987502,EX5600,250,29.0,8.0,34,271.961087,94.897986,59.040427,77.510784,39.82972,2930.148016,8820.340339
A185-001-03,A1850803_200_CS_1,6500720,4500720,EX004,EX5600FS,DT040,HIT EH5000,A-185-08-03,46.14,230.08,94.963762,94.963762,262.361978,37.531076,72.082202,0,363531.41,6591724.38,191.82,RIGHT,230.1,448,9/10/2025,08:05:20,08:12:48,1848.887161,EX5600,250,29.0,8.0,34,262.361978,94.963762,55.106676,72.082202,37.531076,3157.094077,8809.99433
A185-001-03,A1850803_200_CS_1,6500721,4500721,EX004,EX5600FS,DT018,CAT 793,A-185-08-03,42.43,217.58,82.811297,82.811297,251.575095,35.329101,61.797677,0,363537.85,6591749.85,192.94,STRAIGHT,217.6,454,9/10/2025,08:12:48,08:20:22,1725.312327,EX5600,225,29.0,8.0,34,251.575095,82.811297,66.176825,61.797677,35.329101,3113.550636,9514.780844
A185-001-03,A1850803_200_CS_1,6500722,4500722,EX004,EX5600FS,DT022,CAT 793,A-185-08-03,35.61,209.27,83.642976,83.642976,260.049386,40.232897,82.272947,0,363555.03,6591723.83,199.46,LEFT,209.3,441,9/10/2025,08:20:22,08:27:43,1708.35788,EX5600,225,29.0,8.0,34,260.049386,83.642976,49.361187,82.272947,40.232897,2897.087499,9047.305262
A185-001-03,A1850803_200_CS_1,6500723,4500723,EX004,EX5600FS,DT054,HIT EH5000,A-185-08-03,43.87,210.13,77.276819,77.276819,227.443195,40.309211,60.912555,0,363497.42,6591722.23,193.25,STRAIGHT,210.1,484,9/10/2025,08:27:43,08:35:47,1562.927175,EX5600,250,29.0,8.0,34,227.443195,77.276819,47.09874,60.912555,40.309211,3325.915082,8917.9541
A185-001-03,A1850803_200_CS_1,6500724,4500724,EX004,EX5600FS,DT018,CAT 793,A-185-08-03,47.25,205.62,80.921401,80.921401,243.310609,36.589676,68.178861,0,363512.21,6591773.47,192.71,RIGHT,205.6,431,9/10/2025,08:35:47,08:42:58,1717.453498,EX5600,225,29.0,8.0,34,243.310609,80.921401,51.810557,68.178861,36.589676,3042.294215,9954.152011
A185-001-03,A1850803_200_CS_1,6500725,4500725,EX004,EX5600FS,DT040,HIT EH5000,A-185-08-03,50.39,227.91,89.07572,89.07572,277.174722,37.833192,89.618718,0,363525.89,6591732.87,198.76,RIGHT,227.9,438,9/10/2025,08:42:58,08:50:16,1873.193901,EX5600,250,29.0,8.0,34,277.174722,89.07572,60.113191,89.618718,37.833192,2960.078476,9440.157327
A185-001-03,A1850803_200_CS_1,6500726,4500726,EX004,EX5600FS,DT015,CAT 793,A-185-08-03,45.85,190.94,64.773093,64.773093,213.563014,35.366297,67.989845,0,363556.66,6591751.67,187.62,STRAIGHT,190.9,453,9/10/2025,08:50:16,08:57:49,1517.402126,EX5600,225,29.0,8.0,34,213.563014,64.773093,43.714907,67.989845,35.366297,3218.643297,9242.518797
A185-001-03,A1850803_200_CS_1,6500727,4500727,EX004,EX5600FS,DT010,CAT 793,A-185-08-03,48.77,222.19,85.570966,85.570966,244.955762,39.795827,66.702801,0,363505.55,6591776.48,198.24,LEFT,222.2,360,9/10/2025,08:57:49,09:03:49,2221.940493,EX5600,225,29.0,8.0,34,244.955762,85.570966,50.946917,66.702801,39.795827,3265.48178,8940.493892
A185-001-03,A1850803_200_CS_1,6500728,4500728,EX004,EX5600FS,DT018,CAT 793,A-185-08-03,42.31,202.64,90.465026,90.465026,268.705844,41.457779,81.420357,0,363503.57,6591711.05,197.94,LEFT,202.6,415,9/10/2025,09:03:49,09:10:44,1757.839522,EX5600,225,29.0,8.0,34,268.705844,90.465026,54.767795,81.420357,41.457779,2714.877324,8673.481563
A185-001-03,A1850803_200_CS_1,6500729,4500729,EX004,EX5600FS,DT018,CAT 793,A-185-08-03,48.43,188.11,95.264706,95.264706,245.120294,39.223944,63.75449,0,363547.47,6591740.19,195.59,RIGHT,188.1,384,9/10/2025,09:10:44,09:17:08,1763.56067,EX5600,225,29.0,8.0,34,245.120294,95.264706,44.757608,63.75449,39.223944,2762.754917,9722.664953
A185-001-03,A1850803_200_CS_1,6500730,4500730,EX004,EX5600FS,DT018,CAT 793,A-185-08-03,45.32,194.92,87.77603,87.77603,251.679752,35.924771,64.474513,0,363520.71,6591764.57,188.12,RIGHT,194.9,474,9/10/2025,09:17:08,09:25:02,1480.413046,EX5600,225,29.0,8.0,34,251.679752,87.77603,58.807209,64.474513,35.924771,2788.129668,8866.273797
A185-001-03,A1850803_200_CS_1,6500731,4500731,EX004,EX5600FS,DT040,HIT EH5000,A-185-08-03,44.18,205.56,84.784758,84.784758,262.524972,36.373236,74.74699,0,363537.61,6591747.78,189.09,LEFT,205.6,395,9/10/2025,09:25:02,09:31:37,1873.431484,EX5600,250,29.0,8.0,34,262.524972,84.784758,62.686105,74.74699,36.373236,2818.800167,8484.560737
A185-001-03,A1850803_200_CS_1,6500732,4500732,EX004,EX5600FS,DT040,HIT EH5000,A-185-08-03,52.98,213.03,87.304393,87.304393,234.389608,32.847878,64.86819,0,363533.05,6591739.46,191.38,STRAIGHT,213.0,424,9/10/2025,09:31:37,09:38:41,1808.711948,EX5600,250,29.0,8.0,34,234.389608,87.304393,48.945778,64.86819,32.847878,3271.87657,9594.163003
A185-001-03,A1850803_200_CS_1,6500733,4500733,EX004,EX5600FS,DT010,CAT 793,A-185-08-03,51.86,215.85,100.992859,100.992859,284.44278,32.269143,88.700528,0,363539.15,6591772.12,186.23,RIGHT,215.9,492,9/10/2025,09:38:41,09:46:53,1579.421386,EX5600,225,29.0,8.0,34,284.44278,100.992859,61.097778,88.700528,32.269143,2731.921414,8781.392667
A185-001-03,A1850803_200_CS_1,6500734,4500734,EX004,EX5600FS,DT010,CAT 793,A-185-08-03,39.57,215.54,76.369384,76.369384,242.721155,32.367174,70.585235,0,363542.01,6591711.52,198.24,STRAIGHT,215.5,417,9/10/2025,09:46:53,09:53:50,1860.814714,EX5600,225,29.0,8.0,34,242.721155,76.369384,60.99312,70.585235,32.367174,3196.918444,9011.797233
A185-001-03,A1850803_200_CS_1,6500735,4500735,EX004,EX5600FS,DT054,HIT EH5000,A-185-08-03,43.13,214.54,98.075186,98.075186,265.395535,32.371883,79.923084,0,363537.39,6591745.68,193.3,LEFT,214.5,428,9/10/2025,09:53:50,10:00:58,1804.504968,EX5600,250,29.0,8.0,34,265.395535,98.075186,49.286346,79.923084,32.371883,2910.102188,9941.314786
A185-001-03,A1850803_200_CS_1,6500736,4500736,EX004,EX5600FS,DT018,CAT 793,A-185-08-03,49.94,194.83,97.127583,97.127583,269.24193,41.934163,73.746538,0,363537.14,6591706.15,186.95,STRAIGHT,194.8,451,9/10/2025,10:00:58,10:08:29,1555.200242,EX5600,225,29.0,8.0,34,269.24193,97.127583,50.810658,73.746538,41.934163,2605.074588,8454.841108
A185-001-03,A1850803_200_CS_1,6500737,4500737,EX004,EX5600FS,DT018,CAT 793,A-185-08-03,45.67,184.71,79.622289,79.622289,264.632885,32.351972,87.88752,0,363514.3,6591751.86,187.25,LEFT,184.7,473,9/10/2025,10:08:29,10:16:22,1405.826809,EX5600,225,29.0,8.0,34,264.632885,79.622289,60.942006,87.88752,32.351972,2512.749237,9413.835552
A185-001-03,A1850803_200_CS_1,6500738,4500738,EX004,EX5600FS,DT061,HIT EH5000,A-185-08-03,44.32,221.42,79.607861,79.607861,254.279469,42.119993,76.44109,0,363510.37,6591779.0,189.99,STRAIGHT,221.4,396,9/10/2025,10:16:22,10:22:58,2012.872946,EX5600,250,29.0,8.0,34,254.279469,79.607861,53.235895,76.44109,42.119993,3134.730807,8451.378245
A185-001-03,A1850803_200_CS_1,6500739,4500739,EX004,EX5600FS,DT022,CAT 793,A-185-08-03,45.75,172.81,83.336833,83.336833,253.457751,44.572567,64.509741,0,363514.12,6591767.18,193.84,STRAIGHT,172.8,409,9/10/2025,10:22:58,10:29:47,1521.07615,EX5600,225,29.0,8.0,34,253.457751,83.336833,55.68886,64.509741,44.572567,2454.531935,9161.514153
A185-001-03,A1850803_200_CS_1,6500740,4500740,EX004,EX5600FS,DT015,CAT 793,A-185-08-03,38.44,198.0,79.753857,79.753857,247.862485,40.680539,68.0608,0,363538.55,6591724.92,184.19,LEFT,198.0,418,9/10/2025,10:29:47,10:36:45,1705.245457,EX5600,225,29.0,8.0,34,247.862485,79.753857,59.138296,68.0608,40.680539,2875.758315,8548.648632
A185-001-03,A1850803_200_CS_1,6500741,4500741,EX004,EX5600FS,DT061,HIT EH5000,A-185-08-03,43.44,219.85,92.878624,92.878624,247.823423,33.49385,73.997423,0,363553.96,6591703.75,187.49,LEFT,219.8,370,9/10/2025,10:36:45,10:42:55,2139.080176,EX5600,250,29.0,8.0,34,247.823423,92.878624,43.399819,73.997423,33.49385,3193.643502,8492.499419
A185-001-03,A1850803_200_CS_1,6500742,4500742,EX004,EX5600FS,DT018,CAT 793,A-185-08-03,45.8,201.55,79.36381,79.36381,238.718755,37.088813,68.938159,0,363548.11,6591716.95,187.51,STRAIGHT,201.6,441,9/10/2025,10:42:55,10:50:16,1645.312748,EX5600,225,29.0,8.0,34,238.718755,79.36381,49.880453,68.938159,37.088813,3039.488545,9235.477368
A185-001-03,A1850803_200_CS_1,6500743,4500743,EX004,EX5600FS,DT030,CAT 793,A-185-08-03,40.35,185.28,90.436869,90.436869,246.256102,34.442789,72.723453,0,363510.79,6591738.84,193.25,LEFT,185.3,460,9/10/2025,10:50:16,10:57:56,1450.00534,EX5600,225,29.0,8.0,34,246.256102,90.436869,48.516259,72.723453,34.442789,2708.572305,9379.102636
A185-001-03,A1850803_200_CS_1,6500744,4500744,EX004,EX5600FS,DT010,CAT 793,A-185-08-03,47.13,200.34,96.099707,96.099707,255.727111,49.482988,62.243565,0,363504.8,6591763.55,184.6,STRAIGHT,200.3,471,9/10/2025,10:57:56,11:05:47,1531.2723,EX5600,225,29.0,8.0,34,255.727111,96.099707,47.888482,62.243565,49.482988,2820.308141,8880.757244
A185-001-03,A1850803_200_CS_1,6500745,4500745,EX004,EX5600FS,DT054,HIT EH5000,A-185-08-03,40.31,223.66,95.903722,95.903722,260.187213,41.065478,66.128985,0,363540.64,6591717.61,191.89,LEFT,223.7,432,9/10/2025,11:05:47,11:12:59,1863.852426,EX5600,250,29.0,8.0,34,260.187213,95.903722,57.052274,66.128985,41.065478,3094.634199,9170.036248
A185-001-03,A1850803_200_CS_1,6500746,4500746,EX004,EX5600FS,DT061,HIT EH5000,A-185-08-03,48.51,233.94,85.629562,85.629562,244.93867,34.946896,60.147075,0,363535.39,6591718.82,188.04,RIGHT,233.9,436,9/10/2025,11:12:59,11:20:15,1931.62826,EX5600,250,29.0,8.0,34,244.93867,85.629562,63.262624,60.147075,34.946896,3438.370594,8990.888432
A185-001-03,A1850803_200_CS_1,6500747,4500747,EX004,EX5600FS,DT022,CAT 793,A-185-08-03,35.1,195.05,91.544635,91.544635,256.491461,34.455122,68.025823,0,363543.3,6591769.4,191.11,STRAIGHT,195.0,375,9/10/2025,11:20:15,11:26:30,1872.449074,EX5600,225,29.0,8.0,34,256.491461,91.544635,57.423007,68.025823,34.455122,2737.589778,9555.726747
A185-001-03,A1850803_200_CS_1,6500748,4500748,EX004,EX5600FS,DT018,CAT 793,A-185-08-03,36.58,206.96,91.458223,91.458223,248.935711,41.950915,67.959328,0,363545.66,6591730.83,189.97,RIGHT,207.0,433,9/10/2025,11:26:30,11:33:43,1720.720757,EX5600,225,29.0,8.0,34,248.935711,91.458223,46.451037,67.959328,41.950915,2993.030149,9805.400232
A185-001-03,A1850803_200_CS_1,6500749,4500749,EX004,EX5600FS,DT018,CAT 793,A-185-08-03,49.57,202.33,83.599359,83.599359,247.628737,34.97727,71.541867,0,363497.04,6591712.26,184.95,RIGHT,202.3,367,9/10/2025,11:33:43,11:39:50,1984.68325,EX5600,225,29.0,8.0,34,247.628737,83.599359,56.550467,71.541867,34.97727,2941.414482,9445.820364
A185-001-03,A1850803_200_CS_1,6500750,4500750,EX004,EX5600FS,DT054,HIT EH5000,A-185-08-03,44.41,216.51,86.465179,86.465179,253.215731,39.327847,70.854915,0,363504.78,6591766.6,190.97,STRAIGHT,216.5,454,9/10/2025,11:39:50,11:47:24,1716.802274,EX5600,250,29.0,8.0,34,253.215731,86.465179,55.128102,70.854915,39.327847,3078.119313,8802.169636
A185-001-03,A1850803_200_CS_1,6500751,4500751,EX004,EX5600FS,DT061,HIT EH5000,A-185-08-03,39.45,209.83,90.20145,90.20145,268.259653,42.022427,71.779648,0,363546.44,6591771.95,191.18,RIGHT,209.8,448,9/10/2025,11:47:24,11:54:52,1686.155905,EX5600,250,29.0,8.0,34,268.259653,90.20145,63.391834,71.779648,42.022427,2815.920459,8365.217186
A185-001-03,A1850803_200_CS_1,6500752,4500752,EX004,EX5600FS,DT030,CAT 793,A-185-08-03,50.16,189.21,88.627466,88.627466,266.02039,46.648132,63.577823,0,363522.61,6591704.64,190.86,RIGHT,189.2,442,9/10/2025,11:54:52,12:02:14,1541.115129,EX5600,225,29.0,8.0,34,266.02039,88.627466,66.827684,63.577823,46.648132,2560.604045,9139.500021
A185-001-03,A1850803_200_CS_1,6500753,4500753,EX004,EX5600FS,DT054,HIT EH5000,A-185-08-03,43.75,212.16,90.702963,90.702963,256.301494,40.881109,67.914381,0,363522.55,6591765.97,190.7,STRAIGHT,212.2,414,9/10/2025,12:02:14,12:09:08,1844.850657,EX5600,250,29.0,8.0,34,256.301494,90.702963,51.933245,67.914381,40.881109,2979.959894,9217.935847
A185-001-03,A1850803_200_CS_1,6500754,4500754,EX004,EX5600FS,DT010,CAT 793,A-185-08-03,53.4,199.87,87.156292,87.156292,242.561842,30.265672,74.657078,0,363524.09,6591729.55,185.14,STRAIGHT,199.9,360,9/10/2025,12:09:08,12:15:08,1998.689542,EX5600,225,29.0,8.0,34,242.561842,87.156292,49.606735,74.657078,30.265672,2966.370261,8441.513447
A185-001-03,A1850803_200_CS_1,6500755,4500755,EX004,EX5600FS,DT054,HIT EH5000,A-185-08-03,34.07,227.85,74.777425,74.777425,262.583873,45.124898,74.326921,0,363544.91,6591751.98,194.67,STRAIGHT,227.9,505,9/10/2025,12:15:08,12:23:33,1624.281366,EX5600,250,29.0,8.0,34,262.583873,74.777425,62.859418,74.326921,45.124898,3123.809857,8733.753617
A185-001-03,A1850803_200_CS_1,6500756,4500756,EX004,EX5600FS,DT054,HIT EH5000,A-185-08-03,45.56,214.91,76.059557,76.059557,231.817871,37.663712,70.24156,0,363495.35,6591705.02,199.15,STRAIGHT,214.9,446,9/10/2025,12:23:33,12:30:59,1734.66967,EX5600,250,29.0,8.0,34,231.817871,76.059557,46.081336,70.24156,37.663712,3337.372865,9556.48313
A185-001-03,A1850803_200_CS_1,6500757,4500757,EX004,EX5600FS,DT054,HIT EH5000,A-185-08-03,37.51,220.66,82.782943,82.782943,209.511952,32.075616,52.0,0,363505.8,6591701.04,188.82,STRAIGHT,220.7,419,9/10/2025,12:30:59,12:37:58,1895.883431,EX5600,250,29.0,8.0,34,209.511952,82.782943,41.06518,52.0,32.075616,3791.550557,8498.959584
A185-001-03,A1850803_200_CS_1,6500758,4500758,EX004,EX5600FS,DT015,CAT 793,A-185-08-03,36.81,213.95,98.399566,98.399566,274.113293,32.146038,80.013142,0,363523.56,6591763.37,192.41,LEFT,213.9,370,9/10/2025,12:37:58,12:44:08,2081.656566,EX5600,225,29.0,8.0,34,274.113293,98.399566,59.252028,80.013142,32.146038,2809.834287,9195.142664
A185-001-03,A1850803_200_CS_1,6500759,4500759,EX004,EX5600FS,DT010,CAT 793,A-185-08-03,33.12,198.3,85.722368,85.722368,256.167582,36.731289,67.268005,0,363559.71,6591749.79,194.45,STRAIGHT,198.3,395,9/10/2025,12:44:08,12:50:43,1807.32657,EX5600,225,29.0,8.0,34,256.167582,85.722368,62.013103,67.268005,36.731289,2786.824111,8888.870825
A185-001-03,A1850803_200_CS_1,6500760,4500760,EX004,EX5600FS,DT022,CAT 793,A-185-08-03,50.87,175.7,98.929611,98.929611,255.626612,35.881025,58.223792,0,363515.65,6591701.35,187.97,RIGHT,175.7,416,9/10/2025,12:50:43,12:57:39,1520.494537,EX5600,225,29.0,8.0,34,255.626612,98.929611,56.597115,58.223792,35.881025,2474.41267,8793.08875
A185-001-03,A1850803_200_CS_1,6500761,4500761,EX004,EX5600FS,DT015,CAT 793,A-185-08-03,43.4,206.55,75.508607,75.508607,247.239511,39.241333,66.662083,0,363497.67,6591725.53,186.8,RIGHT,206.5,414,9/10/2025,12:57:39,13:04:33,1796.059895,EX5600,225,29.0,8.0,34,247.239511,75.508607,60.112851,66.662083,39.241333,3007.483693,8423.667269
A185-001-03,A1850803_200_CS_1,6500762,4500762,EX004,EX5600FS,DT015,CAT 793,A-185-08-03,42.33,193.78,79.256498,79.256498,237.849684,35.315823,66.714368,0,363541.42,6591773.3,196.62,RIGHT,193.8,499,9/10/2025,13:04:33,13:12:52,1398.036298,EX5600,225,29.0,8.0,34,237.849684,79.256498,55.314422,66.714368,35.315823,2933.029384,9566.774069
A185-001-03,A1850803_200_CS_1,6500763,4500763,EX004,EX5600FS,DT015,CAT 793,A-185-08-03,47.55,216.83,86.736086,86.736086,235.61507,33.766586,64.465264,0,363530.45,6591736.99,189.41,STRAIGHT,216.8,372,9/10/2025,13:12:52,13:19:04,2098.371137,EX5600,225,29.0,8.0,34,235.61507,86.736086,49.350053,64.465264,33.766586,3313.005669,9736.625276
A185-001-03,A1850803_200_CS_1,6500764,4500764,EX004,EX5600FS,DT061,HIT EH5000,A-185-08-03,53.09,211.5,83.103815,83.103815,264.038652,43.652968,77.782642,0,363539.17,6591725.27,199.61,RIGHT,211.5,368,9/10/2025,13:19:04,13:25:12,2069.050662,EX5600,250,29.0,8.0,34,264.038652,83.103815,55.224123,77.782642,43.652968,2883.709026,8860.522073
A185-001-03,A1850803_200_CS_1,6500765,4500765,EX004,EX5600FS,DT040,HIT EH5000,A-185-08-03,49.53,235.69,91.569047,91.569047,279.299238,49.647531,83.554829,0,363527.85,6591732.78,186.12,LEFT,235.7,392,9/10/2025,13:25:12,13:31:44,2164.477698,EX5600,250,29.0,8.0,34,279.299238,91.569047,53.690552,83.554829,49.647531,3037.871729,9233.910532
A185-001-03,A1850803_200_CS_1,6500766,4500766,EX004,EX5600FS,DT022,CAT 793,A-185-08-03,53.01,181.18,88.825089,88.825089,246.141216,38.289644,60.035264,0,363502.97,6591721.58,190.81,LEFT,181.2,518,9/10/2025,13:31:44,13:40:22,1259.191811,EX5600,225,29.0,8.0,34,246.141216,88.825089,55.342673,60.035264,38.289644,2649.947737,8746.462666
A185-001-03,A1850803_200_CS_1,6500767,4500767,EX004,EX5600FS,DT061,HIT EH5000,A-185-08-03,48.58,215.91,87.863523,87.863523,240.481427,36.637613,61.23239,0,363562.93,6591775.64,196.03,LEFT,215.9,418,9/10/2025,13:40:22,13:47:20,1859.539327,EX5600,250,29.0,8.0,34,240.481427,87.863523,53.689124,61.23239,36.637613,3232.214017,9328.116982
A185-001-03,A1850803_200_CS_1,6500768,4500768,EX004,EX5600FS,DT061,HIT EH5000,A-185-08-03,41.54,237.57,81.710013,81.710013,250.546903,37.188631,65.801795,0,363522.42,6591749.31,189.15,LEFT,237.6,436,9/10/2025,13:47:20,13:54:36,1961.571461,EX5600,250,29.0,8.0,34,250.546903,81.710013,61.594111,65.801795,37.188631,3413.51318,9795.061142
A185-001-03,A1850803_200_CS_1,6500769,4500769,EX004,EX5600FS,DT054,HIT EH5000,A-185-08-03,59.4,209.06,86.5588,86.5588,264.033202,47.045425,63.058113,0,363550.97,6591710.84,186.54,LEFT,209.1,441,9/10/2025,13:54:36,14:01:57,1706.644028,EX5600,250,29.0,8.0,34,264.033202,86.5588,62.701958,63.058113,47.045425,2850.512782,8516.951444
A185-001-03,A1850803_200_CS_1,6500770,4500770,EX004,EX5600FS,DT018,CAT 793,A-185-08-03,44.34,187.93,82.247524,82.247524,256.042287,34.943102,89.301581,0,363511.15,6591734.65,193.02,LEFT,187.9,417,9/10/2025,14:01:57,14:08:54,1622.450631,EX5600,225,29.0,8.0,34,256.042287,82.247524,49.422239,89.301581,34.943102,2642.383491,9387.152111
A185-001-03,A1850803_200_CS_1,6500771,4500771,EX004,EX5600FS,DT030,CAT 793,A-185-08-03,40.19,200.76,84.001268,84.001268,264.909693,34.736483,75.84339,0,363506.15,6591780.64,184.94,RIGHT,200.8,482,9/10/2025,14:08:54,14:16:56,1499.416242,EX5600,225,29.0,8.0,34,264.909693,84.001268,67.352774,75.84339,34.736483,2728.169814,8969.151977
A185-001-03,A1850803_200_CS_1,6500772,4500772,EX004,EX5600FS,DT054,HIT EH5000,A-185-08-03,40.73,204.52,88.208534,88.208534,251.648235,33.279961,64.569376,0,363513.67,6591714.41,197.4,LEFT,204.5,501,9/10/2025,14:16:56,14:25:17,1469.610679,EX5600,250,29.0,8.0,34,251.648235,88.208534,61.422149,64.569376,33.279961,2925.810107,8977.535081
A185-001-03,A1850803_200_CS_1,6500773,4500773,EX004,EX5600FS,DT030,CAT 793,A-185-08-03,46.42,183.3,94.089436,94.089436,257.97209,37.545523,71.751011,0,363545.28,6591732.03,189.69,RIGHT,183.3,416,9/10/2025,14:25:17,14:32:13,1586.213802,EX5600,225,29.0,8.0,34,257.97209,94.089436,52.780389,71.751011,37.545523,2557.892764,9466.569361
A185-001-03,A1850803_200_CS_1,6500774,4500774,EX004,EX5600FS,DT015,CAT 793,A-185-08-03,45.28,187.94,73.576049,73.576049,262.976591,37.426257,86.899381,0,363510.01,6591715.37,194.45,STRAIGHT,187.9,431,9/10/2025,14:32:13,14:39:24,1569.83586,EX5600,225,29.0,8.0,34,262.976591,73.576049,60.409385,86.899381,37.426257,2572.849744,8366.978287
A185-001-03,A1850803_200_CS_1,6500775,4500775,EX004,EX5600FS,DT010,CAT 793,A-185-08-03,46.73,187.77,82.213016,82.213016,241.809968,40.030415,66.261827,0,363546.85,6591764.64,184.48,STRAIGHT,187.8,373,9/10/2025,14:39:24,14:45:37,1812.224011,EX5600,225,29.0,8.0,34,241.809968,82.213016,50.874469,66.261827,40.030415,2795.416425,9788.197946
A185-001-03,A1850803_200_CS_1,6500776,4500776,EX004,EX5600FS,DT054,HIT EH5000,A-185-08-03,48.24,215.0,87.433587,87.433587,252.604339,34.505378,65.013638,0,363554.16,6591773.87,185.68,LEFT,215.0,382,9/10/2025,14:45:37,14:51:59,2026.190403,EX5600,250,29.0,8.0,34,252.604339,87.433587,63.671965,65.013638,34.505378,3064.099129,9801.756766
A185-001-03,A1850803_200_CS_1,6500777,4500777,EX004,EX5600FS,DT015,CAT 793,A-185-08-03,43.49,209.71,88.275019,88.275019,244.638492,42.515227,65.825264,0,363521.01,6591701.39,191.19,RIGHT,209.7,392,9/10/2025,14:51:59,14:58:31,1925.880122,EX5600,225,29.0,8.0,34,244.638492,88.275019,47.020464,65.825264,42.515227,3085.961665,8907.468954
A185-001-03,A1850803_200_CS_1,6500778,4500778,EX004,EX5600FS,DT054,HIT EH5000,A-185-08-03,50.69,221.96,97.983439,97.983439,270.592742,41.53778,74.25064,0,363512.99,6591701.96,198.76,LEFT,222.0,418,9/10/2025,14:58:31,15:05:29,1911.606738,EX5600,250,29.0,8.0,34,270.592742,97.983439,56.028162,74.25064,41.53778,2952.967667,8507.988687
A185-001-03,A1850803_200_CS_1,6500779,4500779,EX004,EX5600FS,DT018,CAT 793,A-185-08-03,50.72,200.47,95.228574,95.228574,268.034385,34.035426,75.430977,0,363564.56,6591762.04,187.91,RIGHT,200.5,395,9/10/2025,15:05:29,15:12:04,1827.044997,EX5600,225,29.0,8.0,34,268.034385,95.228574,62.437597,75.430977,34.035426,2692.500718,9610.980407
A185-001-03,A1850803_200_CS_1,6500780,4500780,EX004,EX5600FS,DT054,HIT EH5000,A-185-08-03,34.09,212.68,87.789793,87.789793,234.386664,44.88452,58.385292,0,363495.67,6591722.88,193.47,STRAIGHT,212.7,464,9/10/2025,15:12:04,15:19:48,1650.116027,EX5600,250,29.0,8.0,34,234.386664,87.789793,38.0,58.385292,44.88452,3266.627138,8772.91294
A185-001-03,A1850803_200_CS_1,6500781,4500781,EX004,EX5600FS,DT030,CAT 793,A-185-08-03,42.17,195.99,82.373227,82.373227,243.0023,33.68199,69.585463,0,363537.95,6591759.38,185.83,LEFT,196.0,381,9/10/2025,15:19:48,15:26:09,1851.848285,EX5600,225,29.0,8.0,34,243.0023,82.373227,55.195318,69.585463,33.68199,2903.48773,8923.317373
A185-001-03,A1850803_200_CS_1,6500782,4500782,EX004,EX5600FS,DT054,HIT EH5000,A-185-08-03,44.76,228.89,82.941232,82.941232,235.571014,37.425516,56.462893,0,363543.87,6591719.82,199.82,RIGHT,228.9,498,9/10/2025,15:26:09,15:34:27,1654.60108,EX5600,250,29.0,8.0,34,235.571014,82.941232,57.81262,56.462893,37.425516,3497.846892,8688.423847
A185-001-03,A1850803_200_CS_1,6500783,4500783,EX004,EX5600FS,DT061,HIT EH5000,A-185-08-03,46.84,224.36,67.440717,67.440717,244.184394,39.929967,84.698364,0,363521.18,6591777.65,194.14,RIGHT,224.4,523,9/10/2025,15:34:27,15:43:10,1544.319944,EX5600,250,29.0,8.0,34,244.184394,67.440717,48.895291,84.698364,39.929967,3307.661549,9427.43722
A185-001-03,A1850803_200_CS_1,6500784,4500784,EX004,EX5600FS,DT040,HIT EH5000,A-185-08-03,39.79,216.23,80.922901,80.922901,258.575203,30.663127,78.633095,0,363528.79,6591743.75,199.68,LEFT,216.2,494,9/10/2025,15:43:10,15:51:24,1575.732919,EX5600,250,29.0,8.0,34,258.575203,80.922901,64.580594,78.633095,30.663127,3010.389444,9131.098097
A185-001-03,A1850803_200_CS_1,6500785,4500785,EX004,EX5600FS,DT054,HIT EH5000,A-185-08-03,42.86,213.08,91.157426,91.157426,271.277523,27.80473,81.978989,0,363553.39,6591726.61,188.75,LEFT,213.1,436,9/10/2025,15:51:24,15:58:40,1759.359388,EX5600,250,29.0,8.0,34,271.277523,91.157426,65.448097,81.978989,27.80473,2827.660345,9239.548533
A185-001-03,A1850803_200_CS_1,6500786,4500786,EX004,EX5600FS,DT040,HIT EH5000,A-185-08-03,54.64,219.13,79.720733,79.720733,248.16923,41.285154,69.105006,0,363528.67,6591729.18,187.94,LEFT,219.1,491,9/10/2025,15:58:40,16:06:51,1606.651746,EX5600,250,29.0,8.0,34,248.16923,79.720733,55.43821,69.105006,41.285154,3178.742211,8914.544182
A185-001-03,A1850803_200_CS_1,6500787,4500787,EX004,EX5600FS,DT061,HIT EH5000,A-185-08-03,45.73,207.57,93.61742,93.61742,259.23061,46.341264,55.610474,0,363535.58,6591761.44,194.92,LEFT,207.6,424,9/10/2025,16:06:51,16:13:55,1762.388782,EX5600,250,29.0,8.0,34,259.23061,93.61742,58.649087,55.610474,46.341264,2882.579508,8775.226162
A185-001-03,A1850803_200_CS_1,6500788,4500788,EX004,EX5600FS,DT015,CAT 793,A-185-08-03,36.52,199.45,98.009782,98.009782,261.067192,35.605179,68.2392,0,363506.25,6591767.55,195.8,RIGHT,199.4,440,9/10/2025,16:13:55,16:21:15,1631.849484,EX5600,225,29.0,8.0,34,261.067192,98.009782,58.785095,68.2392,35.605179,2750.302583,8647.934591
A185-001-03,A1850803_200_CS_1,6500789,4500789,EX004,EX5600FS,DT030,CAT 793,A-185-08-03,38.37,179.79,86.213004,86.213004,240.627489,36.620628,53.230329,0,363536.17,6591765.46,191.68,RIGHT,179.8,395,9/10/2025,16:21:15,16:27:50,1638.629207,EX5600,225,29.0,8.0,34,240.627489,86.213004,59.127038,53.230329,36.620628,2689.87778,9582.895665
A185-001-03,A1850803_200_CS_1,6500790,4500790,EX004,EX5600FS,DT040,HIT EH5000,A-185-08-03,41.75,242.33,92.063271,92.063271,281.974162,45.96868,77.692308,0,363531.83,6591748.74,199.43,LEFT,242.3,444,9/10/2025,16:27:50,16:35:14,1964.850341,EX5600,250,29.0,8.0,34,281.974162,92.063271,63.573669,77.692308,45.96868,3093.877628,9104.704782
A185-001-03,A1850803_200_CS_1,6500791,4500791,EX004,EX5600FS,DT030,CAT 793,A-185-08-03,36.42,196.57,87.615553,87.615553,247.590364,28.816494,72.693817,0,363504.51,6591779.07,196.89,STRAIGHT,196.6,425,9/10/2025,16:35:14,16:42:19,1665.029956,EX5600,225,29.0,8.0,34,247.590364,87.615553,58.306681,72.693817,28.816494,2858.098838,9780.039909
A185-001-03,A1850803_200_CS_1,6500792,4500792,EX004,EX5600FS,DT061,HIT EH5000,A-185-08-03,37.11,203.42,93.327055,93.327055,261.665528,37.943515,65.804028,0,363564.95,6591772.44,185.87,LEFT,203.4,383,9/10/2025,16:42:19,16:48:42,1912.011962,EX5600,250,29.0,8.0,34,261.665528,93.327055,61.722198,65.804028,37.943515,2798.613124,8751.90239
A185-001-03,A1850803_200_CS_1,6500793,4500793,EX004,EX5600FS,DT054,HIT EH5000,A-185-08-03,32.56,214.72,75.079246,75.079246,263.299693,44.537298,70.463441,0,363553.84,6591736.4,186.78,RIGHT,214.7,507,9/10/2025,16:48:42,16:57:09,1524.655623,EX5600,250,29.0,8.0,34,263.299693,75.079246,70.76321,70.463441,44.537298,2935.81961,9043.913657
A185-001-03,A1850803_200_CS_1,6500794,4500794,EX004,EX5600FS,DT040,HIT EH5000,A-185-08-03,48.74,212.31,103.125767,103.125767,269.640824,47.494979,66.190437,0,363546.19,6591704.07,191.69,STRAIGHT,212.3,451,9/10/2025,16:57:09,17:04:40,1694.69736,EX5600,250,29.0,8.0,34,269.640824,103.125767,48.527776,66.190437,47.494979,2834.542996,9041.363955
A185-001-03,A1850803_200_CS_1,6500795,4500795,EX004,EX5600FS,DT054,HIT EH5000,A-185-08-03,37.97,241.43,81.843393,81.843393,253.679235,38.771733,67.138585,0,363511.85,6591725.34,198.78,STRAIGHT,241.4,366,9/10/2025,17:04:40,17:10:46,2374.752904,EX5600,250,29.0,8.0,34,253.679235,81.843393,63.815174,67.138585,38.771733,3426.214854,8751.122969
A185-001-03,A1850803_200_CS_1,6500796,4500796,EX004,EX5600FS,DT030,CAT 793,A-185-08-03,44.65,209.67,90.32039,90.32039,264.446043,42.718274,73.468642,0,363546.66,6591770.62,199.16,STRAIGHT,209.7,484,9/10/2025,17:10:46,17:18:50,1559.499788,EX5600,225,29.0,8.0,34,264.446043,90.32039,54.151857,73.468642,42.718274,2854.260513,8982.769287
A185-001-03,A1850803_200_CS_1,6500797,4500797,EX004,EX5600FS,DT018,CAT 793,A-185-08-03,45.26,195.29,90.348625,90.348625,251.173787,33.881752,75.470493,0,363546.93,6591743.8,188.95,LEFT,195.3,428,9/10/2025,17:18:50,17:25:58,1642.652717,EX5600,225,29.0,8.0,34,251.173787,90.348625,48.926303,75.470493,33.881752,2799.079359,9313.873969
A185-001-03,A1850803_200_CS_1,6500798,4500798,EX004,EX5600FS,DT040,HIT EH5000,A-185-08-03,52.79,219.58,81.69067,81.69067,226.88768,33.369066,68.841881,0,363506.17,6591777.75,199.51,STRAIGHT,219.6,379,9/10/2025,17:25:58,17:32:17,2085.696549,EX5600,250,29.0,8.0,34,226.88768,81.69067,40.51587,68.841881,33.369066,3484.010206,9553.175518
A185-001-03,A1850803_200_CS_1,6500799,4500799,EX004,EX5600FS,DT054,HIT EH5000,A-185-08-03,41.97,217.43,90.11291,90.11291,281.12274,46.383209,72.619924,0,363555.04,6591770.73,194.22,STRAIGHT,217.4,449,9/10/2025,17:32:17,17:39:46,1743.278272,EX5600,250,29.0,8.0,34,281.12274,90.11291,67.076107,72.619924,46.383209,2784.306754,9439.100921
A185-001-03,A1850803_200_CS_1,6500800,4500800,EX004,EX5600FS,DT054,HIT EH5000,A-185-08-03,43.84,226.38,71.655475,71.655475,250.93813,39.604824,75.426928,0,363546.96,6591744.96,193.35,RIGHT,226.4,423,9/10/2025,17:39:46,17:46:49,1926.650329,EX5600,250,29.0,8.0,34,250.93813,71.655475,63.583579,75.426928,39.604824,3247.705283,8767.578129
A185-001-03,A1850803_200_CS_1,6500801,4500801,EX004,EX5600FS,DT040,HIT EH5000,A-185-08-03,44.49,203.12,89.503333,89.503333,262.551717,37.508068,76.646874,0,363535.5,6591752.48,188.78,LEFT,203.1,481,9/10/2025,17:46:49,17:54:50,1520.248589,EX5600,250,29.0,8.0,34,262.551717,89.503333,54.963481,76.646874,37.508068,2785.125842,9798.388843
A185-001-03,A1850803_200_CS_1,6500802,4500802,EX004,EX5600FS,DT030,CAT 793,A-185-08-03,47.6,187.95,91.420349,91.420349,261.53029,42.480067,70.16037,0,363562.7,6591751.66,191.67,STRAIGHT,187.9,452,9/10/2025,17:54:50,18:02:22,1496.929114,EX5600,225,29.0,8.0,34,261.53029,91.420349,53.806864,70.16037,42.480067,2587.126562,8719.150643
A185-001-03,A1850803_200_CS_1,6500803,4500803,EX004,EX5600FS,DT015,CAT 793,A-185-08-03,47.72,203.61,93.079813,93.079813,282.896546,38.19631,87.313049,0,363516.14,6591729.87,194.18,RIGHT,203.6,449,9/10/2025,18:02:22,18:09:51,1632.536033,EX5600,225,29.0,8.0,34,282.896546,93.079813,63.414719,87.313049,38.19631,2591.083874,8779.923772
A185-001-03,A1850803_200_CS_1,6500804,4500804,EX004,EX5600FS,DT054,HIT EH5000,A-185-08-03,54.63,231.56,78.016737,78.016737,251.81898,42.650258,77.719474,0,363539.49,6591751.88,195.04,RIGHT,231.6,441,9/10/2025,18:09:51,18:17:12,1890.269444,EX5600,250,29.0,8.0,34,251.81898,78.016737,51.00922,77.719474,42.650258,3310.349455,9366.049607
A185-001-03,A1850803_200_CS_1,6500805,4500805,EX004,EX5600FS,DT010,CAT 793,A-185-08-03,54.11,186.33,95.798964,95.798964,244.93425,35.305654,63.434614,0,363498.41,6591707.63,198.23,STRAIGHT,186.3,437,9/10/2025,18:17:12,18:24:29,1535.006699,EX5600,225,29.0,8.0,34,244.93425,95.798964,46.56412,63.434614,35.305654,2738.685695,9083.47796
A185-001-03,A1850803_200_CS_1,6500806,4500806,EX004,EX5600FS,DT054,HIT EH5000,A-185-08-03,40.12,221.35,92.073493,92.073493,256.622181,41.70713,59.045441,0,363559.61,6591750.91,196.36,STRAIGHT,221.4,426,9/10/2025,18:24:29,18:31:35,1870.599565,EX5600,250,29.0,8.0,34,256.622181,92.073493,63.511255,59.045441,41.70713,3105.247607,9671.887542
A185-001-03,A1850803_200_CS_1,6500807,4500807,EX004,EX5600FS,DT030,CAT 793,A-185-08-03,44.0,221.12,81.882208,81.882208,252.921355,40.23199,62.138012,0,363548.73,6591764.38,199.46,RIGHT,221.1,494,9/10/2025,18:31:35,18:39:49,1611.366649,EX5600,225,29.0,8.0,34,252.921355,81.882208,65.080113,62.138012,40.23199,3147.283178,9083.528887
A185-001-03,A1850803_200_CS_1,6500808,4500808,EX004,EX5600FS,DT061,HIT EH5000,A-185-08-03,46.01,211.65,103.953698,103.953698,279.5697,35.223317,81.901357,0,363546.04,6591727.98,193.13,STRAIGHT,211.6,523,9/10/2025,18:39:49,18:48:32,1456.834646,EX5600,250,29.0,8.0,34,279.5697,103.953698,57.793172,81.901357,35.223317,2725.347272,8961.528122
A185-001-03,A1850803_200_CS_1,6500809,4500809,EX004,EX5600FS,DT030,CAT 793,A-185-08-03,50.1,206.33,82.567844,82.567844,244.70333,29.398588,80.794487,0,363552.67,6591719.46,199.19,LEFT,206.3,466,9/10/2025,18:48:32,18:56:18,1593.928387,EX5600,225,29.0,8.0,34,244.70333,82.567844,50.817756,80.794487,29.398588,3035.392402,9061.105762
A185-001-03,A1850803_200_CS_1,6500810,4500810,EX004,EX5600FS,DT010,CAT 793,A-185-08-03,46.63,205.18,100.307333,100.307333,269.414141,32.940197,79.166772,0,363554.12,6591717.95,198.19,STRAIGHT,205.2,395,9/10/2025,18:56:18,19:02:53,1869.952888,EX5600,225,29.0,8.0,34,269.414141,100.307333,53.057104,79.166772,32.940197,2741.62072,8883.952318
A185-001-03,A1850803_200_CS_1,6500811,4500811,EX004,EX5600FS,DT015,CAT 793,A-185-08-03,41.17,218.14,83.157855,83.157855,258.595852,41.063509,78.977185,0,363504.07,6591735.9,197.92,LEFT,218.1,397,9/10/2025,19:02:53,19:09:30,1978.060099,EX5600,225,29.0,8.0,34,258.595852,83.157855,50.192138,78.977185,41.063509,3036.745767,9228.54881
A185-001-03,A1850803_200_CS_1,6500812,4500812,EX004,EX5600FS,DT054,HIT EH5000,A-185-08-03,30.87,200.67,86.809783,86.809783,256.481233,36.953113,72.976123,0,363533.04,6591742.86,192.57,RIGHT,200.7,384,9/10/2025,19:09:30,19:15:54,1881.271334,EX5600,250,29.0,8.0,34,256.481233,86.809783,54.160837,72.976123,36.953113,2816.612283,9291.028274
A185-001-03,A1850803_200_CS_1,6500813,4500813,EX004,EX5600FS,DT022,CAT 793,A-185-08-03,45.37,201.25,77.410963,77.410963,245.455221,42.100123,72.035892,0,363511.74,6591743.94,190.56,LEFT,201.3,461,9/10/2025,19:15:54,19:23:35,1571.60008,EX5600,225,29.0,8.0,34,245.455221,77.410963,48.144582,72.035892,42.100123,2951.689662,9416.892456
A185-001-03,A1850803_200_CS_1,6500814,4500814,EX004,EX5600FS,DT022,CAT 793,A-185-08-03,58.64,204.43,95.472499,95.472499,269.096509,46.52925,70.735126,0,363504.57,6591729.84,196.43,LEFT,204.4,414,9/10/2025,19:23:35,19:30:29,1777.618027,EX5600,225,29.0,8.0,34,269.096509,95.472499,53.284015,70.735126,46.52925,2734.832442,9731.177779
A185-001-03,A1850803_200_CS_1,6500815,4500815,EX004,EX5600FS,DT040,HIT EH5000,A-185-08-03,45.72,202.78,95.407896,95.407896,276.268584,35.633104,78.501615,0,363504.35,6591771.84,188.92,LEFT,202.8,474,9/10/2025,19:30:29,19:38:23,1540.13325,EX5600,250,29.0,8.0,34,276.268584,95.407896,61.310697,78.501615,35.633104,2642.440013,9597.464262
A185-001-03,A1850803_200_CS_1,6500816,4500816,EX004,EX5600FS,DT040,HIT EH5000,A-185-08-03,44.12,224.15,102.654317,102.654317,269.652613,30.75008,74.94566,0,363548.12,6591767.61,189.99,RIGHT,224.2,360,9/10/2025,19:38:23,19:44:23,2241.53067,EX5600,250,29.0,8.0,34,269.652613,102.654317,55.452399,74.94566,30.75008,2992.557836,9334.05901
A185-001-03,A1850803_200_CS_1,6500817,4500817,EX004,EX5600FS,DT030,CAT 793,A-185-08-03,41.31,200.96,99.205779,99.205779,268.829537,40.765647,73.380058,0,363494.32,6591698.82,190.66,LEFT,201.0,462,9/10/2025,19:44:23,19:52:05,1565.944893,EX5600,225,29.0,8.0,34,268.829537,99.205779,53.884841,73.380058,40.765647,2691.172065,8917.741803
A185-001-03,A1850803_200_CS_1,6500818,4500818,EX004,EX5600FS,DT010,CAT 793,A-185-08-03,47.78,216.18,77.481388,77.481388,260.564195,30.730251,87.700031,0,363555.06,6591742.38,185.3,LEFT,216.2,436,9/10/2025,19:52:05,19:59:21,1784.979371,EX5600,225,29.0,8.0,34,260.564195,77.481388,60.026447,87.700031,30.730251,2986.791824,9021.276547
A185-001-03,A1850803_200_CS_1,6500819,4500819,EX004,EX5600FS,DT022,CAT 793,A-185-08-03,47.85,207.13,88.935825,88.935825,265.642331,39.279177,73.788511,0,363502.03,6591726.54,194.15,LEFT,207.1,431,9/10/2025,19:59:21,20:06:32,1730.119955,EX5600,225,29.0,8.0,34,265.642331,88.935825,59.136686,73.788511,39.279177,2807.089132,10042.389902
A185-001-03,A1850803_200_CS_1,6500820,4500820,EX004,EX5600FS,DT030,CAT 793,A-185-08-03,33.14,196.83,98.968156,98.968156,267.774067,36.27057,69.763656,0,363544.08,6591715.77,199.83,STRAIGHT,196.8,360,9/10/2025,20:06:32,20:12:32,1968.299384,EX5600,225,29.0,8.0,34,267.774067,98.968156,61.460049,69.763656,36.27057,2646.215092,8595.393348
A185-001-03,A1850803_200_CS_1,6500821,4500821,EX004,EX5600FS,DT010,CAT 793,A-185-08-03,46.92,199.74,80.779348,80.779348,250.832933,36.924865,80.472987,0,363512.04,6591742.69,196.26,RIGHT,199.7,392,9/10/2025,20:12:32,20:19:04,1834.352343,EX5600,225,29.0,8.0,34,250.832933,80.779348,51.004548,80.472987,36.924865,2866.713354,9224.940822
A185-001-03,A1850803_200_CS_1,6500822,4500822,EX004,EX5600FS,DT010,CAT 793,A-185-08-03,38.25,212.43,82.794766,82.794766,237.790527,41.331389,60.660487,0,363549.69,6591772.58,197.47,STRAIGHT,212.4,493,9/10/2025,20:19:04,20:27:17,1551.241675,EX5600,225,29.0,8.0,34,237.790527,82.794766,49.991899,60.660487,41.331389,3216.116957,8770.7791
A185-001-03,A1850803_200_CS_1,6500823,4500823,EX004,EX5600FS,DT061,HIT EH5000,A-185-08-03,43.35,223.91,83.753754,83.753754,255.36328,37.715509,65.968279,0,363528.84,6591741.77,188.41,LEFT,223.9,526,9/10/2025,20:27:17,20:36:03,1532.44743,EX5600,250,29.0,8.0,34,255.36328,83.753754,66.203784,65.968279,37.715509,3156.551514,8842.682595
A185-001-03,A1850803_200_CS_1,6500824,4500824,EX004,EX5600FS,DT018,CAT 793,A-185-08-03,54.3,194.22,97.260682,97.260682,277.95642,42.564475,77.839457,0,363533.12,6591753.7,189.18,RIGHT,194.2,428,9/10/2025,20:36:03,20:43:11,1633.644002,EX5600,225,29.0,8.0,34,277.95642,97.260682,59.419947,77.839457,42.564475,2515.500926,9327.598565
A185-001-03,A1850803_200_CS_1,6500825,4500825,EX004,EX5600FS,DT061,HIT EH5000,A-185-08-03,45.09,215.62,80.544205,80.544205,256.957458,43.706482,72.235274,0,363554.75,6591708.11,195.35,LEFT,215.6,360,9/10/2025,20:43:11,20:49:11,2156.169937,EX5600,250,29.0,8.0,34,256.957458,80.544205,60.442715,72.235274,43.706482,3020.815915,9448.933057
A185-001-03,A1850803_200_CS_1,6500826,4500826,EX004,EX5600FS,DT015,CAT 793,A-185-08-03,35.88,204.73,78.209616,78.209616,222.733141,39.957922,55.260219,0,363496.58,6591714.21,193.66,LEFT,204.7,447,9/10/2025,20:49:11,20:56:38,1648.809015,EX5600,225,29.0,8.0,34,222.733141,78.209616,48.001678,55.260219,39.957922,3308.971557,8623.916685
A185-001-03,A1850803_200_CS_1,6500827,4500827,EX004,EX5600FS,DT054,HIT EH5000,A-185-08-03,38.75,225.5,91.816193,91.816193,271.11805,49.607987,73.169966,0,363504.79,6591766.96,198.99,LEFT,225.5,376,9/10/2025,20:56:38,21:02:54,2159.014094,EX5600,250,29.0,8.0,34,271.11805,91.816193,54.390809,73.169966,49.607987,2994.228155,9046.594729
A185-001-03,A1850803_200_CS_1,6500828,4500828,EX004,EX5600FS,DT054,HIT EH5000,A-185-08-03,44.39,229.82,89.56207,89.56207,245.549992,40.588872,63.293401,0,363545.78,6591708.6,191.34,LEFT,229.8,387,9/10/2025,21:02:54,21:09:21,2137.874909,EX5600,250,29.0,8.0,34,245.549992,89.56207,51.49813,63.293401,40.588872,3369.405889,9265.562781
A185-001-03,A1850803_200_CS_1,6500829,4500829,EX004,EX5600FS,DT015,CAT 793,A-185-08-03,44.85,194.4,83.766994,83.766994,241.146871,37.290013,52.0,0,363538.29,6591736.99,195.35,STRAIGHT,194.4,396,9/10/2025,21:09:21,21:15:57,1767.236935,EX5600,225,29.0,8.0,34,241.146871,83.766994,62.439226,52.0,37.290013,2902.073018,8779.927341
A185-001-03,A1850803_200_CS_1,6500830,4500830,EX004,EX5600FS,DT022,CAT 793,A-185-08-03,48.49,210.37,103.642511,103.642511,284.693426,40.635052,81.823376,0,363544.55,6591764.67,185.69,RIGHT,210.4,384,9/10/2025,21:15:57,21:22:21,1972.234415,EX5600,225,29.0,8.0,34,284.693426,103.642511,56.839457,81.823376,40.635052,2660.187932,9038.605878
A185-001-03,A1850803_200_CS_1,6500831,4500831,EX004,EX5600FS,DT040,HIT EH5000,A-185-08-03,53.98,233.14,86.883152,86.883152,248.682801,44.649524,75.402178,0,363528.04,6591757.19,190.03,STRAIGHT,233.1,524,9/10/2025,21:22:21,21:31:05,1601.700696,EX5600,250,29.0,8.0,34,248.682801,86.883152,38.0,75.402178,44.649524,3374.946565,9656.060095
A185-001-03,A1850803_200_CS_1,6500832,4500832,EX004,EX5600FS,DT054,HIT EH5000,A-185-08-03,44.09,221.26,83.327241,83.327241,259.178441,50.272847,65.019554,0,363555.74,6591698.38,187.52,STRAIGHT,221.3,450,9/10/2025,21:31:05,21:38:35,1770.10628,EX5600,250,29.0,8.0,34,259.178441,83.327241,58.861946,65.019554,50.272847,3073.356804,9317.25167
A185-001-03,A1850803_200_CS_1,6500833,4500833,EX004,EX5600FS,DT018,CAT 793,A-185-08-03,40.1,197.27,93.503827,93.503827,269.303617,32.274765,81.570392,0,363524.46,6591741.28,185.18,RIGHT,197.3,409,9/10/2025,21:38:35,21:45:24,1736.339281,EX5600,225,29.0,8.0,34,269.303617,93.503827,61.219252,81.570392,32.274765,2637.033896,8699.009575
A185-001-03,A1850803_200_CS_1,6500834,4500834,EX004,EX5600FS,DT061,HIT EH5000,A-185-08-03,45.05,195.06,84.418449,84.418449,247.48644,32.383668,62.288537,0,363506.29,6591737.98,185.69,RIGHT,195.1,360,9/10/2025,21:45:24,21:51:24,1950.565778,EX5600,250,29.0,8.0,34,247.48644,84.418449,64.601637,62.288537,32.383668,2837.342033,8488.50477
A185-001-03,A1850803_200_CS_1,6500835,4500835,EX004,EX5600FS,DT015,CAT 793,A-185-08-03,35.53,202.21,81.317132,81.317132,225.492217,32.399126,59.927321,0,363530.05,6591701.78,195.62,RIGHT,202.2,425,9/10/2025,21:51:24,21:58:29,1712.805293,EX5600,225,29.0,8.0,34,225.492217,81.317132,47.681287,59.927321,32.399126,3228.236696,8857.098055
A185-001-03,A1850803_200_CS_1,6500836,4500836,EX004,EX5600FS,DT054,HIT EH5000,A-185-08-03,42.22,222.69,103.51424,103.51424,267.332279,38.299394,68.47658,0,363505.84,6591761.26,186.78,LEFT,222.7,424,9/10/2025,21:58:29,22:05:33,1890.732293,EX5600,250,29.0,8.0,34,267.332279,103.51424,56.371643,68.47658,38.299394,2998.779248,9944.97005
A185-001-03,A1850803_200_CS_1,6500837,4500837,EX004,EX5600FS,DT030,CAT 793,A-185-08-03,29.39,202.37,88.884757,88.884757,273.220773,49.738828,73.513167,0,363505.87,6591726.45,196.22,STRAIGHT,202.4,483,9/10/2025,22:05:33,22:13:36,1508.36157,EX5600,225,29.0,8.0,34,273.220773,88.884757,56.975996,73.513167,49.738828,2666.483341,9238.899058
A185-001-03,A1850803_200_CS_1,6500838,4500838,EX004,EX5600FS,DT040,HIT EH5000,A-185-08-03,40.3,222.87,83.529848,83.529848,235.888553,43.369195,52.597126,0,363537.92,6591703.66,186.37,STRAIGHT,222.9,421,9/10/2025,22:13:36,22:20:37,1905.805536,EX5600,250,29.0,8.0,34,235.888553,83.529848,52.177576,52.597126,43.369195,3401.3695,8730.696859
A185-001-03,A1850803_200_CS_1,6500839,4500839,EX004,EX5600FS,DT015,CAT 793,A-185-08-03,34.11,202.12,73.449701,73.449701,237.825975,39.040183,67.262165,0,363529.02,6591711.15,187.2,RIGHT,202.1,453,9/10/2025,22:20:37,22:28:10,1606.265806,EX5600,225,29.0,8.0,34,237.825975,73.449701,56.197815,67.262165,39.040183,3059.541375,9018.284083
A185-001-03,A1850803_200_CS_1,6500840,4500840,EX004,EX5600FS,DT022,CAT 793,A-185-08-03,43.93,193.07,97.409935,97.409935,273.130771,33.888729,83.755183,0,363508.22,6591702.96,193.95,RIGHT,193.1,482,9/10/2025,22:28:10,22:36:12,1441.999552,EX5600,225,29.0,8.0,34,273.130771,97.409935,54.26814,83.755183,33.888729,2544.728969,9421.56839
A185-001-03,A1850803_200_CS_1,6500841,4500841,EX004,EX5600FS,DT018,CAT 793,A-185-08-03,48.16,214.41,87.583297,87.583297,242.780541,32.089406,76.887773,0,363542.74,6591769.16,188.46,LEFT,214.4,465,9/10/2025,22:36:12,22:43:57,1659.954196,EX5600,225,29.0,8.0,34,242.780541,87.583297,44.401509,76.887773,32.089406,3179.326881,8720.282584
A185-001-03,A1850803_200_CS_1,6500842,4500842,EX004,EX5600FS,DT030,CAT 793,A-185-08-03,38.85,198.58,93.718882,93.718882,291.264449,50.02135,72.189992,0,363539.11,6591756.74,186.9,LEFT,198.6,510,9/10/2025,22:43:57,22:52:27,1401.720332,EX5600,225,29.0,8.0,34,291.264449,93.718882,71.999972,72.189992,50.02135,2454.392812,9511.458606
A185-001-03,A1850803_200_CS_1,6500843,4500843,EX004,EX5600FS,DT054,HIT EH5000,A-185-08-03,48.93,202.33,91.474648,91.474648,240.437178,44.337456,63.648594,0,363523.88,6591744.91,199.89,LEFT,202.3,430,9/10/2025,22:52:27,22:59:37,1693.942864,EX5600,250,29.0,8.0,34,240.437178,91.474648,38.0,63.648594,44.337456,3029.462566,9404.696113
A185-001-03,A1850803_200_CS_1,6500844,4500844,EX004,EX5600FS,DT040,HIT EH5000,A-185-08-03,43.87,233.76,82.823965,82.823965,244.778826,40.275724,67.970639,0,363519.95,6591751.18,198.82,LEFT,233.8,381,9/10/2025,22:59:37,23:05:58,2208.789985,EX5600,250,29.0,8.0,34,244.778826,82.823965,51.9868,67.970639,40.275724,3437.997474,8547.26638
A185-001-03,A1850803_200_CS_1,6500845,4500845,EX004,EX5600FS,DT054,HIT EH5000,A-185-08-03,56.87,213.33,81.205639,81.205639,253.410777,32.565343,71.952014,0,363501.03,6591702.99,198.88,RIGHT,213.3,393,9/10/2025,23:05:58,23:12:31,1954.209733,EX5600,250,29.0,8.0,34,253.410777,81.205639,66.612884,71.952014,32.565343,3030.669947,9407.301039
A185-001-03,A1850803_200_CS_1,6500846,4500846,EX004,EX5600FS,DT061,HIT EH5000,A-185-08-03,39.37,203.46,71.879079,71.879079,227.178153,34.454022,67.701988,0,363543.3,6591713.62,195.09,RIGHT,203.5,427,9/10/2025,23:12:31,23:19:38,1715.374999,EX5600,250,29.0,8.0,34,227.178153,71.879079,48.327469,67.701988,34.454022,3224.188214,8627.332766
A185-001-03,A1850803_200_CS_1,6500847,4500847,EX004,EX5600FS,DT018,CAT 793,A-185-08-03,50.67,196.54,88.914856,88.914856,262.606342,34.63616,80.392145,0,363556.39,6591695.13,185.36,LEFT,196.5,475,9/10/2025,23:19:38,23:27:33,1489.601147,EX5600,225,29.0,8.0,34,262.606342,88.914856,57.382454,80.392145,34.63616,2694.377214,8350.750144
A185-001-03,A1850803_200_CS_1,6500848,4500848,EX004,EX5600FS,DT030,CAT 793,A-185-08-03,41.35,192.9,98.762566,98.762566,277.244182,32.297812,86.006247,0,363547.74,6591766.67,191.22,STRAIGHT,192.9,495,9/10/2025,23:27:33,23:35:48,1402.919583,EX5600,225,29.0,8.0,34,277.244182,98.762566,56.310605,86.006247,32.297812,2504.814307,9354.734443
A185-001-03,A1850803_200_CS_1,6500849,4500849,EX004,EX5600FS,DT054,HIT EH5000,A-185-08-03,38.83,227.52,74.939377,74.939377,248.655117,34.228562,70.604501,0,363499.16,6591723.42,188.08,LEFT,227.5,399,9/10/2025,23:35:48,23:42:27,2052.825553,EX5600,250,29.0,8.0,34,248.655117,74.939377,66.127938,70.604501,34.228562,3294.029919,9661.211245
A185-001-03,A1850803_200_CS_1,6500850,4500850,EX004,EX5600FS,DT030,CAT 793,A-185-08-03,47.97,212.85,80.579504,80.579504,241.956697,45.001727,73.182283,0,363535.55,6591767.78,191.81,RIGHT,212.9,399,9/10/2025,23:42:27,23:49:06,1920.472118,EX5600,225,29.0,8.0,34,241.956697,80.579504,43.138087,73.182283,45.001727,3166.96494,9042.415095
A185-001-03,A1850803_200_CS_1,6500851,4500851,EX004,EX5600FS,DT022,CAT 793,A-185-08-03,36.2,194.14,91.530004,91.530004,253.955313,41.067091,67.728064,0,363563.19,6591751.88,184.0,RIGHT,194.1,375,9/10/2025,23:49:06,23:55:21,1863.772873,EX5600,225,29.0,8.0,34,253.955313,91.530004,52.493556,67.728064,41.067091,2752.117366,8916.847266
A185-001-03,A1850803_200_CS_1,6500852,4500852,EX004,EX5600FS,DT040,HIT EH5000,A-185-08-03,50.41,214.97,81.39603,81.39603,255.686431,37.318707,75.310874,0,363515.57,6591723.76,199.88,RIGHT,215.0,360,9/10/2025,23:55:21,00:01:21,2149.743202,EX5600,250,29.0,8.0,34,255.686431,81.39603,58.498369,75.310874,37.318707,3026.78382,8816.989825
A185-001-03,A1850803_200_CS_1,6500853,4500853,EX004,EX5600FS,DT015,CAT 793,A-185-08-03,43.21,195.44,93.22625,93.22625,253.132263,34.314808,61.583727,0,363544.92,6591741.33,196.76,STRAIGHT,195.4,400,10/10/2025,00:01:21,00:08:01,1758.994686,EX5600,225,29.0,8.0,34,253.132263,93.22625,58.799654,61.583727,34.314808,2779.566169,9183.975913
A185-001-03,A1850803_200_CS_1,6500854,4500854,EX004,EX5600FS,DT018,CAT 793,A-185-08-03,47.81,203.15,73.809067,73.809067,220.68337,37.198152,53.588183,0,363515.07,6591704.25,188.23,STRAIGHT,203.2,404,10/10/2025,00:08:01,00:14:45,1810.272245,EX5600,225,29.0,8.0,34,220.68337,73.809067,54.252317,53.588183,37.198152,3314.024006,8850.494545
A185-001-03,A1850803_200_CS_1,6500855,4500855,EX004,EX5600FS,DT018,CAT 793,A-185-08-03,47.43,186.01,94.368786,94.368786,261.644743,42.097295,74.270645,0,363532.32,6591742.07,189.31,LEFT,186.0,471,10/10/2025,00:14:45,00:22:36,1421.703715,EX5600,225,29.0,8.0,34,261.644743,94.368786,48.162382,74.270645,42.097295,2559.28112,8566.615212
A185-001-03,A1850803_200_CS_1,6500856,4500856,EX004,EX5600FS,DT040,HIT EH5000,A-185-08-03,50.12,221.84,89.742691,89.742691,263.17014,31.890143,81.95443,0,363534.15,6591734.31,198.49,RIGHT,221.8,444,10/10/2025,00:22:36,00:30:00,1798.734132,EX5600,250,29.0,8.0,34,263.17014,89.742691,59.470269,81.95443,31.890143,3034.683018,8692.056022
A185-001-03,A1850803_200_CS_1,6500857,4500857,EX004,EX5600FS,DT018,CAT 793,A-185-08-03,55.01,198.02,75.290589,75.290589,245.346023,40.714502,74.116979,0,363538.36,6591706.97,196.14,LEFT,198.0,360,10/10/2025,00:30:00,00:36:00,1980.215525,EX5600,225,29.0,8.0,34,245.346023,75.290589,50.304109,74.116979,40.714502,2905.600753,9038.799531
A185-001-03,A1850803_200_CS_1,6500858,4500858,EX004,EX5600FS,DT018,CAT 793,A-185-08-03,45.68,191.35,95.901513,95.901513,252.485211,33.601561,80.036177,0,363511.86,6591767.22,195.57,LEFT,191.3,504,10/10/2025,00:36:00,00:44:24,1366.782238,EX5600,225,29.0,8.0,34,252.485211,95.901513,40.265544,80.036177,33.601561,2728.311269,9361.435252
A185-001-03,A1850803_200_CS_1,6500859,4500859,EX004,EX5600FS,DT061,HIT EH5000,A-185-08-03,46.31,217.49,74.327191,74.327191,237.475907,35.328457,66.588892,0,363546.37,6591721.57,194.38,LEFT,217.5,360,10/10/2025,00:44:24,00:50:24,2174.895596,EX5600,250,29.0,8.0,34,237.475907,74.327191,57.303759,66.588892,35.328457,3297.01831,8847.683812
A185-001-03,A1850803_200_CS_1,6500860,4500860,EX004,EX5600FS,DT022,CAT 793,A-185-08-03,37.06,184.31,95.613951,95.613951,256.566954,34.378243,75.237373,0,363536.62,6591753.23,193.78,STRAIGHT,184.3,452,10/10/2025,00:50:24,00:57:56,1467.929721,EX5600,225,29.0,8.0,34,256.566954,95.613951,50.146428,75.237373,34.378243,2586.086097,8859.100334
A185-001-03,A1850803_200_CS_1,6500861,4500861,EX004,EX5600FS,DT018,CAT 793,A-185-08-03,50.32,200.07,85.250766,85.250766,222.661179,25.0,54.012257,0,363510.94,6591757.0,184.55,STRAIGHT,200.1,421,10/10/2025,00:57:56,01:04:57,1710.853354,EX5600,225,29.0,8.0,34,222.661179,85.250766,56.238619,54.012257,25.0,3234.821917,9269.19533
A185-001-03,A1850803_200_CS_1,6500862,4500862,EX004,EX5600FS,DT040,HIT EH5000,A-185-08-03,44.04,228.31,69.315912,69.315912,238.036535,39.699249,72.734584,0,363546.74,6591732.7,194.86,RIGHT,228.3,426,10/10/2025,01:04:57,01:12:03,1929.411091,EX5600,250,29.0,8.0,34,238.036535,69.315912,55.864032,72.734584,39.699249,3452.953659,9273.306206
A185-001-03,A1850803_200_CS_1,6500863,4500863,EX004,EX5600FS,DT040,HIT EH5000,A-185-08-03,48.41,240.88,92.773722,92.773722,266.845003,30.663959,71.245714,0,363530.89,6591732.49,198.13,LEFT,240.9,452,10/10/2025,01:12:03,01:19:35,1918.508885,EX5600,250,29.0,8.0,34,266.845003,92.773722,67.176264,71.245714,30.663959,3249.699284,9142.423562
A185-001-03,A1850803_200_CS_1,6500864,4500864,EX004,EX5600FS,DT015,CAT 793,A-185-08-03,58.6,199.34,99.455806,99.455806,248.530564,44.370251,52.0,0,363527.85,6591714.45,185.98,LEFT,199.3,402,10/10/2025,01:19:35,01:26:17,1785.172135,EX5600,225,29.0,8.0,34,248.530564,99.455806,47.234235,52.0,44.370251,2887.528949,9075.171814
A185-001-03,A1850803_200_CS_1,6500865,4500865,EX004,EX5600FS,DT018,CAT 793,A-185-08-03,39.34,195.92,82.806707,82.806707,252.53346,45.289459,70.195403,0,363531.13,6591735.34,184.61,RIGHT,195.9,445,10/10/2025,01:26:17,01:33:42,1584.95883,EX5600,225,29.0,8.0,34,252.53346,82.806707,50.598817,70.195403,45.289459,2792.923679,9446.492019
A185-001-03,A1850803_200_CS_1,6500866,4500866,EX004,EX5600FS,DT022,CAT 793,A-185-08-03,47.7,224.25,68.928131,68.928131,216.721145,33.53623,60.384043,0,363538.51,6591716.2,199.87,LEFT,224.2,425,10/10/2025,01:33:42,01:40:47,1899.512413,EX5600,225,29.0,8.0,34,216.721145,68.928131,51.89701,60.384043,33.53623,3725.03004,9225.657409
A185-001-03,A1850803_200_CS_1,6500867,4500867,EX004,EX5600FS,DT061,HIT EH5000,A-185-08-03,50.76,227.23,96.343005,96.343005,265.17911,39.960954,75.255635,0,363507.83,6591754.73,198.75,LEFT,227.2,417,10/10/2025,01:40:47,01:47:44,1961.682092,EX5600,250,29.0,8.0,34,265.17911,96.343005,52.951046,75.255635,39.960954,3084.788367,9317.557347
A185-001-03,A1850803_200_CS_1,6500868,4500868,EX004,EX5600FS,DT018,CAT 793,A-185-08-03,45.34,222.49,82.144904,82.144904,237.854759,35.001807,63.341608,0,363543.0,6591717.36,185.04,RIGHT,222.5,397,10/10/2025,01:47:44,01:54:21,2017.524323,EX5600,225,29.0,8.0,34,237.854759,82.144904,52.455742,63.341608,35.001807,3367.421198,8954.914904
A185-001-03,A1850803_200_CS_1,6500869,4500869,EX004,EX5600FS,DT015,CAT 793,A-185-08-03,46.54,179.83,98.904451,98.904451,265.292864,32.384528,71.510965,0,363522.29,6591751.91,198.61,STRAIGHT,179.8,473,10/10/2025,01:54:21,02:02:14,1368.696083,EX5600,225,29.0,8.0,34,265.292864,98.904451,57.497393,71.510965,32.384528,2440.296497,9075.068885
A185-001-03,A1850803_200_CS_1,6500870,4500870,EX004,EX5600FS,DT018,CAT 793,A-185-08-03,42.01,205.54,93.035996,93.035996,257.383212,37.710576,62.758975,0,363540.04,6591715.31,187.03,RIGHT,205.5,445,10/10/2025,02:02:14,02:09:39,1662.812484,EX5600,225,29.0,8.0,34,257.383212,93.035996,61.132875,62.758975,37.710576,2874.902175,8725.082526
A185-001-03,A1850803_200_CS_1,6500871,4500871,EX004,EX5600FS,DT010,CAT 793,A-185-08-03,43.11,212.11,106.838558,106.838558,260.495715,30.10799,67.778507,0,363546.45,6591758.21,186.28,STRAIGHT,212.1,459,10/10/2025,02:09:39,02:17:18,1663.601384,EX5600,225,29.0,8.0,34,260.495715,106.838558,53.303343,67.778507,30.10799,2931.307466,9599.159002
A185-001-03,A1850803_200_CS_1,6500872,4500872,EX004,EX5600FS,DT022,CAT 793,A-185-08-03,35.46,188.76,92.590557,92.590557,272.660746,40.74002,84.734322,0,363528.25,6591704.04,194.28,LEFT,188.8,454,10/10/2025,02:17:18,02:24:52,1496.772016,EX5600,225,29.0,8.0,34,272.660746,92.590557,52.890102,84.734322,40.74002,2492.234415,9038.76472
A185-001-03,A1850803_200_CS_1,6500873,4500873,EX004,EX5600FS,DT054,HIT EH5000,A-185-08-03,46.78,215.26,93.449891,93.449891,240.505862,27.608773,53.236113,0,363546.0,6591772.15,192.3,LEFT,215.3,401,10/10/2025,02:24:52,02:31:33,1932.495371,EX5600,250,29.0,8.0,34,240.505862,93.449891,61.346222,53.236113,27.608773,3222.086299,9065.111221
A185-001-03,A1850803_200_CS_1,6500874,4500874,EX004,EX5600FS,DT061,HIT EH5000,A-185-08-03,56.08,225.44,70.500134,70.500134,251.644209,36.083584,87.503084,0,363548.58,6591704.1,187.41,LEFT,225.4,404,10/10/2025,02:31:33,02:38:17,2008.892139,EX5600,250,29.0,8.0,34,251.644209,70.500134,57.13485,87.503084,36.083584,3225.15836,8941.170069
A185-001-03,A1850803_200_CS_1,6500875,4500875,EX004,EX5600FS,DT018,CAT 793,A-185-08-03,43.75,187.54,89.157095,89.157095,249.300541,30.692455,65.098998,0,363535.42,6591711.18,196.31,STRAIGHT,187.5,371,10/10/2025,02:38:17,02:44:28,1819.799736,EX5600,225,29.0,8.0,34,249.300541,89.157095,63.268151,65.098998,30.692455,2708.159799,9309.406028
A185-001-03,A1850803_200_CS_1,6500876,4500876,EX004,EX5600FS,DT022,CAT 793,A-185-08-03,52.0,189.91,79.870765,79.870765,235.308816,35.286224,60.795673,0,363530.05,6591741.37,186.19,RIGHT,189.9,409,10/10/2025,02:44:28,02:51:17,1671.542394,EX5600,225,29.0,8.0,34,235.308816,79.870765,58.173724,60.795673,35.286224,2905.377079,8912.049344
A185-001-03,A1850803_200_CS_1,6500877,4500877,EX004,EX5600FS,DT040,HIT EH5000,A-185-08-03,51.5,230.94,83.732155,83.732155,242.92251,38.93061,58.263752,0,363553.45,6591755.24,192.95,RIGHT,230.9,402,10/10/2025,02:51:17,02:57:59,2068.111432,EX5600,250,29.0,8.0,34,242.92251,83.732155,61.09993,58.263752,38.93061,3422.411515,9996.091443
A185-001-03,A1850803_200_CS_1,6500878,4500878,EX004,EX5600FS,DT061,HIT EH5000,A-185-08-03,57.69,232.51,99.444077,99.444077,277.083726,38.197891,74.601281,0,363526.48,6591757.22,191.54,STRAIGHT,232.5,471,10/10/2025,02:57:59,03:05:50,1777.119212,EX5600,250,29.0,8.0,34,277.083726,99.444077,59.124286,74.601281,38.197891,3020.831142,9084.902209
A185-001-03,A1850803_200_CS_1,6500879,4500879,EX004,EX5600FS,DT054,HIT EH5000,A-185-08-03,47.82,213.25,83.97758,83.97758,229.452397,35.911155,66.02402,0,363520.78,6591742.57,187.28,STRAIGHT,213.2,360,10/10/2025,03:05:50,03:11:50,2132.496665,EX5600,250,29.0,8.0,34,229.452397,83.97758,40.536777,66.02402,35.911155,3345.786797,8854.689502
A185-001-03,A1850803_200_CS_1,6500880,4500880,EX004,EX5600FS,DT054,HIT EH5000,A-185-08-03,55.02,221.51,87.546473,87.546473,250.017291,36.895297,67.616028,0,363531.17,6591744.34,188.25,STRAIGHT,221.5,473,10/10/2025,03:11:50,03:19:43,1685.947051,EX5600,250,29.0,8.0,34,250.017291,87.546473,53.484722,67.616028,36.895297,3189.591215,9140.350014
A185-001-03,A1850803_200_CS_1,6500881,4500881,EX004,EX5600FS,DT061,HIT EH5000,A-185-08-03,44.77,214.15,81.03416,81.03416,256.751803,45.38349,67.787562,0,363555.01,6591744.17,199.24,RIGHT,214.1,468,10/10/2025,03:19:43,03:27:31,1647.286562,EX5600,250,29.0,8.0,34,256.751803,81.03416,58.09003,67.787562,45.38349,3002.627834,8978.507416
A185-001-03,A1850803_200_CS_1,6500882,4500882,EX004,EX5600FS,DT022,CAT 793,A-185-08-03,47.87,215.94,87.048723,87.048723,272.763218,43.412574,78.802343,0,363520.77,6591724.29,185.11,STRAIGHT,215.9,402,10/10/2025,03:27:31,03:34:13,1933.757283,EX5600,225,29.0,8.0,34,272.763218,87.048723,58.54448,78.802343,43.412574,2849.982607,9104.831959
A185-001-03,A1850803_200_CS_1,6500883,4500883,EX004,EX5600FS,DT022,CAT 793,A-185-08-03,44.61,206.6,90.150377,90.150377,247.499829,37.363423,60.081973,0,363562.71,6591761.57,190.39,LEFT,206.6,566,10/10/2025,03:34:13,03:43:39,1314.085742,EX5600,225,29.0,8.0,34,247.499829,90.150377,55.049373,60.081973,37.363423,3005.143606,9407.64125
A185-001-03,A1850803_200_CS_1,6500884,4500884,EX004,EX5600FS,DT010,CAT 793,A-185-08-03,39.15,193.19,85.371063,85.371063,257.526536,38.647841,79.860296,0,363509.16,6591700.98,194.53,LEFT,193.2,407,10/10/2025,03:43:39,03:50:26,1708.763626,EX5600,225,29.0,8.0,34,257.526536,85.371063,48.915813,79.860296,38.647841,2700.563627,8668.457031
A185-001-03,A1850803_200_CS_1,6500885,4500885,EX004,EX5600FS,DT030,CAT 793,A-185-08-03,41.34,192.37,92.375267,92.375267,262.871772,36.213875,62.708986,0,363534.4,6591769.35,195.12,LEFT,192.4,473,10/10/2025,03:50:26,03:58:19,1464.140273,EX5600,225,29.0,8.0,34,262.871772,92.375267,67.930921,62.708986,36.213875,2634.510137,8601.298659
A185-001-03,A1850803_200_CS_1,6500886,4500886,EX004,EX5600FS,DT015,CAT 793,A-185-08-03,48.09,208.53,93.052643,93.052643,252.049287,35.447362,68.623579,0,363537.53,6591737.44,184.75,RIGHT,208.5,538,10/10/2025,03:58:19,04:07:17,1395.342353,EX5600,225,29.0,8.0,34,252.049287,93.052643,53.045169,68.623579,35.447362,2978.362666,9437.01757
A185-001-03,A1850803_200_CS_1,6500887,4500887,EX004,EX5600FS,DT010,CAT 793,A-185-08-03,45.25,204.75,76.381575,76.381575,241.130518,35.991658,70.009341,0,363543.42,6591738.35,190.51,RIGHT,204.8,444,10/10/2025,04:07:17,04:14:41,1660.139,EX5600,225,29.0,8.0,34,241.130518,76.381575,55.528957,70.009341,35.991658,3056.857847,9656.79659
A185-001-03,A1850803_200_CS_1,6500888,4500888,EX004,EX5600FS,DT015,CAT 793,A-185-08-03,47.13,196.76,97.662824,97.662824,270.554187,42.232939,73.397721,0,363519.59,6591746.09,190.34,RIGHT,196.8,455,10/10/2025,04:14:41,04:22:16,1556.757167,EX5600,225,29.0,8.0,34,270.554187,97.662824,56.882006,73.397721,42.232939,2618.050448,8579.30684
A185-001-03,A1850803_200_CS_1,6500889,4500889,EX004,EX5600FS,DT054,HIT EH5000,A-185-08-03,41.94,224.81,75.506833,75.506833,220.140812,32.917336,56.603051,0,363530.26,6591724.52,196.25,LEFT,224.8,407,10/10/2025,04:22:16,04:29:03,1988.486511,EX5600,250,29.0,8.0,34,220.140812,75.506833,50.605342,56.603051,32.917336,3676.346984,9090.100913
A185-001-03,A1850803_200_CS_1,6500890,4500890,EX004,EX5600FS,DT010,CAT 793,A-185-08-03,45.17,218.56,106.862411,106.862411,286.150437,37.437614,89.678905,0,363494.66,6591701.87,186.61,RIGHT,218.6,396,10/10/2025,04:29:03,04:35:39,1986.950907,EX5600,225,29.0,8.0,34,286.150437,106.862411,52.103295,89.678905,37.437614,2749.716432,9567.566307
A185-001-03,A1850803_200_CS_1,6500891,4500891,EX004,EX5600FS,DT010,CAT 793,A-185-08-03,37.23,186.4,112.939304,112.939304,275.535323,37.913335,77.184326,0,363552.23,6591773.64,187.65,RIGHT,186.4,379,10/10/2025,04:35:39,04:41:58,1770.543557,EX5600,225,29.0,8.0,34,275.535323,112.939304,43.020868,77.184326,37.913335,2435.390137,9600.04226
A185-001-03,A1850803_200_CS_1,6500892,4500892,EX004,EX5600FS,DT040,HIT EH5000,A-185-08-03,50.18,216.69,79.720071,79.720071,248.89566,41.764374,71.07463,0,363534.42,6591744.83,190.19,RIGHT,216.7,461,10/10/2025,04:41:58,04:49:39,1692.157985,EX5600,250,29.0,8.0,34,248.89566,79.720071,52.593025,71.07463,41.764374,3134.184143,9381.754024
A185-001-03,A1850803_200_CS_1,6500893,4500893,EX004,EX5600FS,DT040,HIT EH5000,A-185-08-03,48.51,209.19,104.506143,104.506143,256.280562,30.608605,62.63295,0,363545.39,6591754.2,185.45,LEFT,209.2,397,10/10/2025,04:49:39,04:56:16,1896.960283,EX5600,250,29.0,8.0,34,256.280562,104.506143,58.13933,62.63295,30.608605,2938.549947,8751.067073
A185-001-03,A1850803_200_CS_1,6500894,4500894,EX004,EX5600FS,DT061,HIT EH5000,A-185-08-03,45.31,224.36,87.214385,87.214385,247.273388,31.722048,70.604096,0,363503.37,6591701.62,194.65,LEFT,224.4,401,10/10/2025,04:56:16,05:02:57,2014.217923,EX5600,250,29.0,8.0,34,247.273388,87.214385,57.227927,70.604096,31.722048,3266.43071,9468.664129
A185-001-03,A1850803_200_CS_1,6500895,4500895,EX004,EX5600FS,DT015,CAT 793,A-185-08-03,53.78,203.52,82.447123,82.447123,251.335897,47.957995,68.601523,0,363556.6,6591720.67,188.03,LEFT,203.5,445,10/10/2025,05:02:57,05:10:22,1646.447754,EX5600,225,29.0,8.0,34,251.335897,82.447123,48.668597,68.601523,47.957995,2915.099911,9007.489865
A185-001-03,A1850803_200_CS_1,6500896,4500896,EX004,EX5600FS,DT061,HIT EH5000,A-185-08-03,31.47,204.14,80.970321,80.970321,254.723039,39.928614,74.94188,0,363554.8,6591730.1,185.39,LEFT,204.1,455,10/10/2025,05:10:22,05:17:57,1615.162357,EX5600,250,29.0,8.0,34,254.723039,80.970321,58.214279,74.94188,39.928614,2885.089919,8570.927134
A185-001-03,A1850803_200_CS_1,6500897,4500897,EX004,EX5600FS,DT010,CAT 793,A-185-08-03,45.26,204.14,89.441225,89.441225,251.17496,37.283979,64.665441,0,363553.62,6591707.35,192.85,STRAIGHT,204.1,423,10/10/2025,05:17:57,05:25:00,1737.359469,EX5600,225,29.0,8.0,34,251.17496,89.441225,58.462385,64.665441,37.283979,2925.861147,8971.663528
A185-001-03,A1850803_200_CS_1,6500898,4500898,EX004,EX5600FS,DT010,CAT 793,A-185-08-03,48.61,194.54,78.41213,78.41213,252.816282,39.582447,75.016898,0,363501.11,6591717.25,191.08,LEFT,194.5,446,10/10/2025,05:25:00,05:32:26,1570.270202,EX5600,225,29.0,8.0,34,252.816282,78.41213,57.912231,75.016898,39.582447,2770.155882,8215.250811
A185-001-03,A1850803_200_CS_1,6500899,4500899,EX004,EX5600FS,DT054,HIT EH5000,A-185-08-03,45.25,237.13,88.582483,88.582483,253.326511,37.131864,66.670324,0,363525.3,6591757.39,184.47,RIGHT,237.1,425,10/10/2025,05:32:26,05:39:31,2008.616492,EX5600,250,29.0,8.0,34,253.326511,88.582483,58.370427,66.670324,37.131864,3369.809213,9308.329258
A185-001-03,A1850803_200_CS_1,6500900,4500900,EX004,EX5600FS,DT022,CAT 793,A-185-08-03,57.6,215.03,76.52649,76.52649,261.985566,33.017475,80.933273,0,363551.05,6591732.23,194.08,RIGHT,215.0,423,10/10/2025,05:39:31,05:46:34,1830.019071,EX5600,225,29.0,8.0,34,261.985566,76.52649,69.168043,80.933273,33.017475,2954.735552,8051.1311
A185-001-03,A1850803_200_CS_1,6500901,4500901,EX004,EX5600FS,DT054,HIT EH5000,A-185-08-03,46.94,213.1,74.307708,74.307708,248.455995,39.097339,70.082075,0,363546.3,6591712.08,199.62,LEFT,213.1,458,10/10/2025,05:46:34,05:54:12,1675.017761,EX5600,250,29.0,8.0,34,248.455995,74.307708,63.049172,70.082075,39.097339,3087.702249,9390.29955
A185-001-03,A1850803_200_CS_1,6500902,4500902,EX004,EX5600FS,DT030,CAT 793,A-185-08-03,45.58,190.34,72.840109,72.840109,238.293257,29.460971,77.466817,0,363545.85,6591724.0,194.87,RIGHT,190.3,443,10/10/2025,05:54:12,06:01:35,1546.789501,EX5600,225,29.0,8.0,34,238.293257,72.840109,52.821268,77.466817,29.460971,2875.565003,9093.005121
A185-001-03,A1850803_200_CS_1,6500903,4500903,EX004,EX5600FS,DT010,CAT 793,A-185-08-03,55.61,200.38,90.139553,90.139553,246.079707,31.250979,65.637306,0,363520.42,6591746.31,197.85,STRAIGHT,200.4,428,10/10/2025,06:01:35,06:08:43,1685.418459,EX5600,225,29.0,8.0,34,246.079707,90.139553,57.217654,65.637306,31.250979,2931.404252,9473.012953
A185-001-03,A1850803_200_CS_1,6500904,4500904,EX004,EX5600FS,DT022,CAT 793,A-185-08-03,45.68,192.46,93.802551,93.802551,246.495042,37.135569,62.693545,0,363554.1,6591706.38,198.21,STRAIGHT,192.5,481,10/10/2025,06:08:43,06:16:44,1440.469847,EX5600,225,29.0,8.0,34,246.495042,93.802551,47.088146,62.693545,37.135569,2810.871943,8784.655168
A185-001-03,A1850803_200_CS_1,6500905,4500905,EX004,EX5600FS,DT040,HIT EH5000,A-185-08-03,55.44,195.15,84.391483,84.391483,264.736809,42.194898,80.362225,0,363513.83,6591739.02,198.32,LEFT,195.1,435,10/10/2025,06:16:44,06:23:59,1615.010131,EX5600,250,29.0,8.0,34,264.736809,84.391483,52.135639,80.362225,42.194898,2653.689943,8620.007677
A185-001-03,A1850803_200_CS_1,6500906,4500906,EX004,EX5600FS,DT022,CAT 793,A-185-08-03,49.18,199.65,100.205991,100.205991,269.450999,43.851515,65.186193,0,363513.83,6591765.24,192.2,LEFT,199.7,435,10/10/2025,06:23:59,06:31:14,1652.296185,EX5600,225,29.0,8.0,34,269.450999,100.205991,58.361492,65.186193,43.851515,2667.45658,8726.942243
A185-001-03,A1850803_200_CS_1,6500907,4500907,EX004,EX5600FS,DT018,CAT 793,A-185-08-03,42.87,195.05,89.782044,89.782044,236.06619,37.740512,57.709847,0,363537.4,6591724.18,184.25,STRAIGHT,195.0,500,10/10/2025,06:31:14,06:39:34,1404.338806,EX5600,225,29.0,8.0,34,236.06619,89.782044,49.490049,57.709847,37.740512,2974.45984,9408.383485
A185-001-03,A1850803_200_CS_1,6500908,4500908,EX004,EX5600FS,DT010,CAT 793,A-185-08-03,41.23,181.45,93.281738,93.281738,245.324877,30.085755,74.415015,0,363513.26,6591776.91,188.11,LEFT,181.5,418,10/10/2025,06:39:34,06:46:32,1562.728427,EX5600,225,29.0,8.0,34,245.324877,93.281738,43.98385,74.415015,30.085755,2662.675271,9896.240119
A185-001-03,A1850803_200_CS_1,6500909,4500909,EX004,EX5600FS,DT040,HIT EH5000,A-185-08-03,55.07,219.62,100.402141,100.402141,238.905658,30.401247,57.357523,0,363556.41,6591773.04,194.91,LEFT,219.6,451,10/10/2025,06:46:32,06:54:03,1753.040753,EX5600,250,29.0,8.0,34,238.905658,100.402141,46.369241,57.357523,30.401247,3309.345562,9530.899034
A185-001-03,A1850803_200_CS_1,6500910,4500910,EX004,EX5600FS,DT015,CAT 793,A-185-08-03,42.58,176.11,90.497906,90.497906,261.07759,39.896144,67.510284,0,363510.59,6591709.78,195.1,STRAIGHT,176.1,396,10/10/2025,06:54:03,07:00:39,1601.024634,EX5600,225,29.0,8.0,34,261.07759,90.497906,60.838042,67.510284,39.896144,2428.418901,9544.761002
A185-001-03,A1850803_200_CS_1,6500911,4500911,EX004,EX5600FS,DT040,HIT EH5000,A-185-08-03,59.95,241.37,86.693152,86.693152,248.006975,34.093976,66.752209,0,363506.51,6591726.75,196.62,STRAIGHT,241.4,459,10/10/2025,07:00:39,07:08:18,1893.083943,EX5600,250,29.0,8.0,34,248.006975,86.693152,57.312692,66.752209,34.093976,3503.633429,9315.419394
A185-001-03,A1850803_200_CS_1,6500912,4500912,EX004,EX5600FS,DT018,CAT 793,A-185-08-03,47.21,196.39,91.360436,91.360436,256.464438,28.634451,81.907648,0,363511.92,6591744.13,194.74,STRAIGHT,196.4,483,10/10/2025,07:08:18,07:16:21,1463.779892,EX5600,225,29.0,8.0,34,256.464438,91.360436,52.368804,81.907648,28.634451,2756.73966,8494.565052
A185-001-03,A1850803_200_CS_1,6500913,4500913,EX004,EX5600FS,DT054,HIT EH5000,A-185-08-03,38.2,222.12,94.40046,94.40046,251.035882,32.491245,74.48838,0,363518.9,6591727.69,198.4,RIGHT,222.1,414,10/10/2025,07:16:21,07:23:15,1931.492735,EX5600,250,29.0,8.0,34,251.035882,94.40046,46.092998,74.48838,32.491245,3185.353368,8917.06974
A185-001-03,A1850803_200_CS_1,6500914,4500914,EX004,EX5600FS,DT010,CAT 793,A-185-08-03,42.02,214.31,83.02368,83.02368,244.215203,35.241832,77.029179,0,363532.07,6591772.04,189.84,RIGHT,214.3,465,10/10/2025,07:23:15,07:31:00,1659.207668,EX5600,225,29.0,8.0,34,244.215203,83.02368,46.292757,77.029179,35.241832,3159.228235,9045.348565
A185-001-03,A1850803_200_CS_1,6500915,4500915,EX004,EX5600FS,DT054,HIT EH5000,A-185-08-03,51.81,211.2,98.030787,98.030787,267.374246,38.560595,70.82056,0,363530.27,6591769.35,191.87,LEFT,211.2,480,10/10/2025,07:31:00,07:39:00,1584.030566,EX5600,250,29.0,8.0,34,267.374246,98.030787,57.827862,70.82056,38.560595,2843.709459,9260.047899
A185-001-03,A1850803_200_CS_1,6500916,4500916,EX004,EX5600FS,DT030,CAT 793,A-185-08-03,33.72,206.0,88.538625,88.538625,237.013285,34.184446,58.367788,0,363545.48,6591724.01,199.21,STRAIGHT,206.0,483,10/10/2025,07:39:00,07:47:03,1535.377484,EX5600,225,29.0,8.0,34,237.013285,88.538625,51.722515,58.367788,34.184446,3128.885048,8167.96113
A185-001-03,A1850803_200_CS_1,6500917,4500917,EX004,EX5600FS,DT018,CAT 793,A-185-08-03,47.23,182.74,85.96099,85.96099,242.175312,38.485262,73.763944,0,363510.33,6591771.44,192.04,LEFT,182.7,419,10/10/2025,07:47:03,07:54:02,1570.112003,EX5600,225,29.0,8.0,34,242.175312,85.96099,41.517373,73.763944,38.485262,2716.531774,9162.788792
A185-001-03,A1850803_200_CS_1,6500918,4500918,EX004,EX5600FS,DT030,CAT 793,A-185-08-03,36.83,184.13,83.58926,83.58926,258.301176,29.258029,79.078297,0,363513.65,6591716.95,189.87,STRAIGHT,184.1,360,10/10/2025,07:54:02,08:00:02,1841.315267,EX5600,225,29.0,8.0,34,258.301176,83.58926,61.766118,79.078297,29.258029,2566.281367,8670.706391
A185-001-03,A1850803_200_CS_1,6500919,4500919,EX004,EX5600FS,DT040,HIT EH5000,A-185-08-03,31.71,205.24,86.673142,86.673142,234.435632,33.416148,61.501788,0,363544.47,6591699.42,186.48,LEFT,205.2,483,10/10/2025,08:00:02,08:08:05,1529.765474,EX5600,250,29.0,8.0,34,234.435632,86.673142,48.678125,61.501788,33.416148,3151.72535,9363.914933
A185-001-03,A1850803_200_CS_1,6500920,4500920,EX004,EX5600FS,DT030,CAT 793,A-185-08-03,48.31,200.19,87.937549,87.937549,234.060467,31.461425,70.838885,0,363553.6,6591744.5,189.26,LEFT,200.2,457,10/10/2025,08:08:05,08:15:42,1577.02746,EX5600,225,29.0,8.0,34,234.060467,87.937549,42.41313,70.838885,31.461425,3079.125492,9138.310979
A185-001-03,A1850803_200_CS_1,6500921,4500921,EX004,EX5600FS,DT061,HIT EH5000,A-185-08-03,52.02,218.55,87.741871,87.741871,237.091859,31.264171,70.679207,0,363563.39,6591757.43,192.79,STRAIGHT,218.5,487,10/10/2025,08:15:42,08:23:49,1615.555975,EX5600,250,29.0,8.0,34,237.091859,87.741871,45.621477,70.679207,31.264171,3318.442751,8949.668362
A185-001-03,A1850803_200_CS_1,6500922,4500922,EX004,EX5600FS,DT022,CAT 793,A-185-08-03,39.29,200.3,96.703269,96.703269,262.214619,38.785807,64.335432,0,363540.52,6591729.04,194.05,STRAIGHT,200.3,440,10/10/2025,08:23:49,08:31:09,1638.834246,EX5600,225,29.0,8.0,34,262.214619,96.703269,61.065293,64.335432,38.785807,2749.98805,9820.727212
A185-001-03,A1850803_200_CS_1,6500923,4500923,EX004,EX5600FS,DT061,HIT EH5000,A-185-08-03,42.1,229.09,93.327499,93.327499,262.963651,48.897338,60.433072,0,363505.94,6591732.7,186.3,STRAIGHT,229.1,360,10/10/2025,08:31:09,08:37:09,2290.925136,EX5600,250,29.0,8.0,34,262.963651,93.327499,58.117122,60.433072,48.897338,3136.30057,9130.616989
A185-001-03,A1850803_200_CS_1,6500924,4500924,EX004,EX5600FS,DT040,HIT EH5000,A-185-08-03,44.72,203.56,78.392694,78.392694,264.534247,37.855868,81.766424,0,363523.84,6591712.86,188.6,RIGHT,203.6,459,10/10/2025,08:37:09,08:44:48,1596.574183,EX5600,250,29.0,8.0,34,264.534247,78.392694,61.08348,81.766424,37.855868,2770.255865,9206.587967
A185-001-03,A1850803_200_CS_1,6500925,4500925,EX004,EX5600FS,DT022,CAT 793,A-185-08-03,42.21,201.51,85.162708,85.162708,241.792206,39.467944,62.323248,0,363556.62,6591715.14,184.06,STRAIGHT,201.5,449,10/10/2025,08:44:48,08:52:17,1615.693752,EX5600,225,29.0,8.0,34,241.792206,85.162708,49.738176,62.323248,39.467944,3000.28899,8954.374436
A185-001-03,A1850803_200_CS_1,6500926,4500926,EX004,EX5600FS,DT010,CAT 793,A-185-08-03,36.15,182.82,82.058954,82.058954,245.804186,37.256361,66.149931,0,363544.63,6591739.79,193.87,RIGHT,182.8,360,10/10/2025,08:52:17,08:58:17,1828.167061,EX5600,225,29.0,8.0,34,245.804186,82.058954,56.530321,66.149931,37.256361,2677.4977,8294.004358
A185-001-03,A1850803_200_CS_1,6500927,4500927,EX004,EX5600FS,DT040,HIT EH5000,A-185-08-03,39.78,233.1,84.883216,84.883216,251.581681,38.147762,72.733528,0,363536.03,6591735.96,196.94,STRAIGHT,233.1,437,10/10/2025,08:58:17,09:05:34,1920.266606,EX5600,250,29.0,8.0,34,251.581681,84.883216,55.435763,72.733528,38.147762,3335.523096,9021.171851
A185-001-03,A1850803_200_CS_1,6500928,4500928,EX004,EX5600FS,DT010,CAT 793,A-185-08-03,51.15,213.6,94.842791,94.842791,266.889412,39.465809,82.091928,0,363511.02,6591738.71,189.3,LEFT,213.6,487,10/10/2025,09:05:34,09:13:41,1579.001539,EX5600,225,29.0,8.0,34,266.889412,94.842791,47.997607,82.091928,39.465809,2881.244871,9464.751098
A185-001-03,A1850803_200_CS_1,6500929,4500929,EX004,EX5600FS,DT040,HIT EH5000,A-185-08-03,47.06,194.74,91.648229,91.648229,256.885247,37.300888,71.469566,0,363537.2,6591757.21,195.67,STRAIGHT,194.7,449,10/10/2025,09:13:41,09:21:10,1561.377018,EX5600,250,29.0,8.0,34,256.885247,91.648229,50.65135,71.469566,37.300888,2729.071795,9428.087757
A185-001-03,A1850803_200_CS_1,6500930,4500930,EX004,EX5600FS,DT040,HIT EH5000,A-185-08-03,53.09,213.19,89.364258,89.364258,269.620549,56.0,55.014036,0,363545.47,6591747.01,189.62,STRAIGHT,213.2,472,10/10/2025,09:21:10,09:29:02,1626.014565,EX5600,250,29.0,8.0,34,269.620549,89.364258,65.429091,55.014036,56.0,2846.514774,9512.263224
A185-001-03,A1850803_200_CS_1,6500931,4500931,EX004,EX5600FS,DT030,CAT 793,A-185-08-03,45.02,191.88,83.662982,83.662982,250.033037,28.947666,80.932027,0,363538.46,6591775.38,197.21,STRAIGHT,191.9,438,10/10/2025,09:29:02,09:36:20,1577.130457,EX5600,225,29.0,8.0,34,250.033037,83.662982,50.85514,80.932027,28.947666,2762.767463,8333.254976
A185-001-03,A1850803_200_CS_1,6500932,4500932,EX004,EX5600FS,DT022,CAT 793,A-185-08-03,48.77,187.36,81.606015,81.606015,271.288046,38.682955,77.646561,0,363500.64,6591702.72,187.36,RIGHT,187.4,408,10/10/2025,09:36:20,09:43:08,1653.143683,EX5600,225,29.0,8.0,34,271.288046,81.606015,72.230917,77.646561,38.682955,2486.223159,8975.579189
A185-001-03,A1850803_200_CS_1,6500933,4500933,EX004,EX5600FS,DT018,CAT 793,A-185-08-03,37.99,178.01,88.544555,88.544555,252.720026,35.838056,73.436649,0,363552.45,6591694.71,189.73,STRAIGHT,178.0,491,10/10/2025,09:43:08,09:51:19,1305.139404,EX5600,225,29.0,8.0,34,252.720026,88.544555,49.042527,73.436649,35.838056,2535.705057,8981.038822
A185-001-03,A1850803_200_CS_1,6500934,4500934,EX004,EX5600FS,DT054,HIT EH5000,A-185-08-03,43.35,220.49,93.448805,93.448805,253.372651,44.976084,58.682609,0,363521.98,6591780.35,198.49,RIGHT,220.5,375,10/10/2025,09:51:19,09:57:34,2116.681673,EX5600,250,29.0,8.0,34,253.372651,93.448805,50.562736,58.682609,44.976084,3132.759688,8295.901589
A185-001-03,A1850803_200_CS_1,6500935,4500935,EX004,EX5600FS,DT022,CAT 793,A-185-08-03,39.54,184.64,76.223039,76.223039,225.66901,31.257221,56.93776,0,363552.38,6591724.21,196.59,RIGHT,184.6,409,10/10/2025,09:57:34,10:04:23,1625.162464,EX5600,225,29.0,8.0,34,225.66901,76.223039,58.177393,56.93776,31.257221,2945.426348,8882.047603
A185-001-03,A1850803_200_CS_1,6500936,4500936,EX004,EX5600FS,DT015,CAT 793,A-185-08-03,37.75,181.32,102.312271,102.312271,256.31291,25.0,68.690459,0,363537.73,6591753.22,194.56,LEFT,181.3,461,10/10/2025,10:04:23,10:12:04,1415.982302,EX5600,225,29.0,8.0,34,256.31291,102.312271,55.034261,68.690459,25.0,2546.761466,9357.71019
A185-001-03,A1850803_200_CS_1,6500937,4500937,EX004,EX5600FS,DT030,CAT 793,A-185-08-03,47.07,206.4,93.072046,93.072046,252.495135,38.702729,63.179626,0,363540.17,6591710.75,197.45,STRAIGHT,206.4,452,10/10/2025,10:12:04,10:19:36,1643.926526,EX5600,225,29.0,8.0,34,252.495135,93.072046,52.863816,63.179626,38.702729,2942.84795,9486.980416
A185-001-03,A1850803_200_CS_1,6500938,4500938,EX004,EX5600FS,DT010,CAT 793,A-185-08-03,34.04,207.23,79.380587,79.380587,240.038688,40.967462,66.079126,0,363551.2,6591710.18,194.42,RIGHT,207.2,403,10/10/2025,10:19:36,10:26:19,1851.172632,EX5600,225,29.0,8.0,34,240.038688,79.380587,52.639815,66.079126,40.967462,3107.926384,9439.177259
A185-001-03,A1850803_200_CS_1,6500939,4500939,EX004,EX5600FS,DT010,CAT 793,A-185-08-03,47.1,204.47,81.516142,81.516142,254.524133,39.655096,79.821522,0,363560.03,6591750.52,187.13,LEFT,204.5,386,10/10/2025,10:26:19,10:32:45,1906.976786,EX5600,225,29.0,8.0,34,254.524133,81.516142,49.959675,79.821522,39.655096,2892.036328,8545.620283
A185-001-03,A1850803_200_CS_1,6500940,4500940,EX004,EX5600FS,DT018,CAT 793,A-185-08-03,42.72,185.11,103.19556,103.19556,284.852467,28.865619,84.107322,0,363507.28,6591737.35,196.07,LEFT,185.1,530,10/10/2025,10:32:45,10:41:35,1257.350215,EX5600,225,29.0,8.0,34,284.852467,103.19556,64.085599,84.107322,28.865619,2339.441258,9323.202372
A185-001-03,A1850803_200_CS_1,6500941,4500941,EX004,EX5600FS,DT061,HIT EH5000,A-185-08-03,52.69,222.81,94.568363,94.568363,263.480763,43.508978,68.60021,0,363507.96,6591779.77,196.39,STRAIGHT,222.8,399,10/10/2025,10:41:35,10:48:14,2010.308367,EX5600,250,29.0,8.0,34,263.480763,94.568363,54.963004,68.60021,43.508978,3044.294506,8771.998723
A185-001-03,A1850803_200_CS_1,6500942,4500942,EX004,EX5600FS,DT010,CAT 793,A-185-08-03,40.4,200.1,80.817392,80.817392,260.689577,44.269961,74.075358,0,363530.04,6591744.08,184.65,RIGHT,200.1,464,10/10/2025,10:48:14,10:55:58,1552.533862,EX5600,225,29.0,8.0,34,260.689577,80.817392,59.635706,74.075358,44.269961,2763.346812,9063.531195
A185-001-03,A1850803_200_CS_1,6500943,4500943,EX004,EX5600FS,DT015,CAT 793,A-185-08-03,41.71,193.33,78.80471,78.80471,233.906237,39.386407,67.862398,0,363553.41,6591706.71,196.36,STRAIGHT,193.3,408,10/10/2025,10:55:58,11:02:46,1705.828635,EX5600,225,29.0,8.0,34,233.906237,78.80471,42.867368,67.862398,39.386407,2975.457565,9488.058339
A185-001-03,A1850803_200_CS_1,6500944,4500944,EX004,EX5600FS,DT054,HIT EH5000,A-185-08-03,43.7,219.86,86.435659,86.435659,243.586629,38.009573,58.372773,0,363522.34,6591766.54,189.85,LEFT,219.9,432,10/10/2025,11:02:46,11:09:58,1832.140375,EX5600,250,29.0,8.0,34,243.586629,86.435659,58.668293,58.372773,38.009573,3249.294287,9153.106122
A185-001-03,A1850803_200_CS_1,6500945,4500945,EX004,EX5600FS,DT030,CAT 793,A-185-08-03,27.1,191.17,81.747619,81.747619,236.760602,31.43491,71.893066,0,363499.27,6591709.25,199.57,STRAIGHT,191.2,425,10/10/2025,11:09:58,11:17:03,1619.334443,EX5600,225,29.0,8.0,34,236.760602,81.747619,51.230253,71.893066,31.43491,2906.805996,8416.109902
A185-001-03,A1850803_200_CS_1,6500946,4500946,EX004,EX5600FS,DT018,CAT 793,A-185-08-03,51.17,198.91,95.075519,95.075519,269.490993,32.491395,71.177828,0,363520.21,6591735.55,193.56,RIGHT,198.9,380,10/10/2025,11:17:03,11:23:23,1884.368244,EX5600,225,29.0,8.0,34,269.490993,95.075519,65.006578,71.177828,32.491395,2657.08299,8850.377203
A185-001-03,A1850803_200_CS_1,6500947,4500947,EX004,EX5600FS,DT010,CAT 793,A-185-08-03,38.41,192.47,79.898836,79.898836,241.024799,37.811903,68.728241,0,363520.39,6591729.57,192.63,LEFT,192.5,464,10/10/2025,11:23:23,11:31:07,1493.297549,EX5600,225,29.0,8.0,34,241.024799,79.898836,52.00084,68.728241,37.811903,2874.766691,8723.224024
A185-001-03,A1850803_200_CS_1,6500948,4500948,EX004,EX5600FS,DT040,HIT EH5000,A-185-08-03,40.79,212.95,84.64039,84.64039,253.936873,38.138164,61.117493,0,363553.11,6591744.93,198.4,RIGHT,212.9,388,10/10/2025,11:31:07,11:37:35,1975.795686,EX5600,250,29.0,8.0,34,253.936873,84.64039,65.961108,61.117493,38.138164,3018.894876,9102.949354
A185-001-03,A1850803_200_CS_1,6500949,4500949,EX004,EX5600FS,DT061,HIT EH5000,A-185-08-03,40.57,234.07,98.111649,98.111649,262.205758,33.436898,72.555282,0,363532.53,6591722.65,185.84,STRAIGHT,234.1,401,10/10/2025,11:37:35,11:44:16,2101.350768,EX5600,250,29.0,8.0,34,262.205758,98.111649,55.256383,72.555282,33.436898,3213.665722,9172.864087
A185-001-03,A1850803_200_CS_1,6500950,4500950,EX004,EX5600FS,DT010,CAT 793,A-185-08-03,43.72,191.24,89.941928,89.941928,258.511856,37.077148,79.119832,0,363515.15,6591758.54,190.61,RIGHT,191.2,444,10/10/2025,11:44:16,11:51:40,1550.627027,EX5600,225,29.0,8.0,34,258.511856,89.941928,52.183892,79.119832,37.077148,2663.237231,8779.992607
A185-001-03,A1850803_200_CS_1,6500951,4500951,EX004,EX5600FS,DT061,HIT EH5000,A-185-08-03,43.19,234.34,83.907463,83.907463,240.887385,42.594015,64.847111,0,363553.64,6591693.87,190.97,LEFT,234.3,431,10/10/2025,11:51:40,11:58:51,1957.364817,EX5600,250,29.0,8.0,34,240.887385,83.907463,48.718036,64.847111,42.594015,3502.151989,9270.293652
A185-001-03,A1850803_200_CS_1,6500952,4500952,EX004,EX5600FS,DT010,CAT 793,A-185-08-03,45.04,190.17,102.392309,102.392309,279.857954,35.143293,90.386722,0,363558.23,6591758.25,194.8,RIGHT,190.2,437,10/10/2025,11:58:51,12:06:08,1566.600824,EX5600,225,29.0,8.0,34,279.857954,102.392309,49.865602,90.386722,35.143293,2446.257292,9198.928354
A185-001-03,A1850803_200_CS_1,6500953,4500953,EX004,EX5600FS,DT015,CAT 793,A-185-08-03,45.01,182.27,79.604429,79.604429,242.480425,41.101969,67.033454,0,363538.23,6591734.5,188.74,LEFT,182.3,400,10/10/2025,12:06:08,12:12:48,1640.449039,EX5600,225,29.0,8.0,34,242.480425,79.604429,50.491558,67.033454,41.101969,2706.113765,9276.072354
A185-001-03,A1850803_200_CS_1,6500954,4500954,EX004,EX5600FS,DT015,CAT 793,A-185-08-03,50.62,196.18,84.659882,84.659882,243.657196,31.505403,59.469411,0,363537.9,6591721.79,191.84,STRAIGHT,196.2,510,10/10/2025,12:12:48,12:21:18,1384.772353,EX5600,225,29.0,8.0,34,243.657196,84.659882,65.648845,59.469411,31.505403,2898.47339,9295.235437
A185-001-03,A1850803_200_CS_1,6500955,4500955,EX004,EX5600FS,DT030,CAT 793,A-185-08-03,32.17,187.15,93.54118,93.54118,240.840109,27.839292,69.378489,0,363519.66,6591761.44,183.81,RIGHT,187.2,381,10/10/2025,12:21:18,12:27:39,1768.37402,EX5600,225,29.0,8.0,34,240.840109,93.54118,47.931634,69.378489,27.839292,2797.501234,9188.788971
A185-001-03,A1850803_200_CS_1,6500956,4500956,EX004,EX5600FS,DT015,CAT 793,A-185-08-03,41.75,185.86,93.453811,93.453811,243.827353,46.683394,61.44306,0,363509.8,6591699.31,187.81,LEFT,185.9,450,10/10/2025,12:27:39,12:35:09,1486.870393,EX5600,225,29.0,8.0,34,243.827353,93.453811,38.600983,61.44306,46.683394,2744.120657,8988.034946
A185-001-03,A1850803_200_CS_1,6500957,4500957,EX004,EX5600FS,DT030,CAT 793,A-185-08-03,44.04,205.06,98.251369,98.251369,273.890263,39.474346,75.98402,0,363504.78,6591729.96,194.21,RIGHT,205.1,528,10/10/2025,12:35:09,12:43:57,1398.116036,EX5600,225,29.0,8.0,34,273.890263,98.251369,54.72498,75.98402,39.474346,2695.259258,9979.436026
A185-001-03,A1850803_200_CS_1,6500958,4500958,EX004,EX5600FS,DT061,HIT EH5000,A-185-08-03,48.11,217.51,97.836166,97.836166,258.547221,38.245457,57.597123,0,363523.68,6591772.93,193.43,RIGHT,217.5,412,10/10/2025,12:43:57,12:50:49,1900.600421,EX5600,250,29.0,8.0,34,258.547221,97.836166,60.879434,57.597123,38.245457,3028.643551,9315.171713
A185-001-03,A1850803_200_CS_1,6500959,4500959,EX004,EX5600FS,DT010,CAT 793,A-185-08-03,45.47,198.65,97.351867,97.351867,253.078313,43.699133,52.0,0,363522.44,6591701.8,190.41,STRAIGHT,198.6,411,10/10/2025,12:50:49,12:57:40,1739.97624,EX5600,225,29.0,8.0,34,253.078313,97.351867,57.368577,52.0,43.699133,2825.727046,9212.830035
A185-001-03,A1850803_200_CS_1,6500960,4500960,EX004,EX5600FS,DT022,CAT 793,A-185-08-03,44.72,187.33,78.200493,78.200493,237.619785,36.577524,63.482486,0,363537.34,6591760.63,187.15,STRAIGHT,187.3,455,10/10/2025,12:57:40,13:05:15,1482.151127,EX5600,225,29.0,8.0,34,237.619785,78.200493,54.929574,63.482486,36.577524,2838.058129,8688.045752
A185-001-03,A1850803_200_CS_1,6500961,4500961,EX004,EX5600FS,DT030,CAT 793,A-185-08-03,47.04,203.86,86.379189,86.379189,253.757313,30.752528,72.169093,0,363497.27,6591710.3,190.2,STRAIGHT,203.9,522,10/10/2025,13:05:15,13:13:57,1405.923847,EX5600,225,29.0,8.0,34,253.757313,86.379189,62.694551,72.169093,30.752528,2892.102849,8567.081078
A185-001-03,A1850803_200_CS_1,6500962,4500962,EX004,EX5600FS,DT061,HIT EH5000,A-185-08-03,47.76,199.11,94.840173,94.840173,267.03866,37.926834,75.080305,0,363532.19,6591757.72,186.7,LEFT,199.1,360,10/10/2025,13:13:57,13:19:57,1991.128878,EX5600,250,29.0,8.0,34,267.03866,94.840173,55.235368,75.080305,37.926834,2684.27948,9718.392072
A185-001-03,A1850803_200_CS_1,6500963,4500963,EX004,EX5600FS,DT061,HIT EH5000,A-185-08-03,40.95,203.96,82.323746,82.323746,231.82513,32.575443,65.867325,0,363520.57,6591703.88,194.49,RIGHT,204.0,484,10/10/2025,13:19:57,13:28:01,1517.056732,EX5600,250,29.0,8.0,34,231.82513,82.323746,47.090906,65.867325,32.575443,3167.28156,9051.338022
A185-001-03,A1850803_200_CS_1,6500964,4500964,EX004,EX5600FS,DT018,CAT 793,A-185-08-03,51.19,207.49,88.066574,88.066574,248.363359,36.928941,68.171305,0,363535.36,6591710.89,187.27,STRAIGHT,207.5,475,10/10/2025,13:28:01,13:35:56,1572.576612,EX5600,225,29.0,8.0,34,248.363359,88.066574,54.894347,68.171305,36.928941,3007.584916,10297.44959
A185-001-03,A1850803_200_CS_1,6500965,4500965,EX004,EX5600FS,DT061,HIT EH5000,A-185-08-03,42.31,236.1,85.169113,85.169113,245.064022,35.885252,64.143292,0,363502.95,6591717.74,198.92,LEFT,236.1,423,10/10/2025,13:35:56,13:42:59,2009.391894,EX5600,250,29.0,8.0,34,245.064022,85.169113,55.962101,64.143292,35.885252,3468.370279,8607.341084
A185-001-03,A1850803_200_CS_1,6500966,4500966,EX004,EX5600FS,DT015,CAT 793,A-185-08-03,37.67,185.28,95.343451,95.343451,245.179249,39.186123,69.197914,0,363540.71,6591750.42,195.09,STRAIGHT,185.3,441,10/10/2025,13:42:59,13:50:20,1512.500659,EX5600,225,29.0,8.0,34,245.179249,95.343451,38.0,69.197914,39.186123,2720.510787,8564.511868
A185-001-03,A1850803_200_CS_1,6500967,4500967,EX004,EX5600FS,DT061,HIT EH5000,A-185-08-03,54.61,229.43,85.317461,85.317461,240.40526,35.48948,62.825753,0,363521.33,6591708.26,190.76,STRAIGHT,229.4,398,10/10/2025,13:50:20,13:56:58,2075.244996,EX5600,250,29.0,8.0,34,240.40526,85.317461,51.405876,62.825753,35.48948,3435.646573,9476.772798
A185-001-03,A1850803_200_CS_1,6500968,4500968,EX004,EX5600FS,DT061,HIT EH5000,A-185-08-03,38.43,214.5,85.504524,85.504524,236.643259,33.267993,69.458347,0,363522.91,6591763.69,190.47,LEFT,214.5,481,10/10/2025,13:56:58,14:04:59,1605.417421,EX5600,250,29.0,8.0,34,236.643259,85.504524,44.432804,69.458347,33.267993,3263.16407,9120.19047
A185-001-03,A1850803_200_CS_1,6500969,4500969,EX004,EX5600FS,DT040,HIT EH5000,A-185-08-03,45.8,215.48,79.530001,79.530001,256.59733,48.818215,81.035174,0,363537.08,6591766.16,187.33,STRAIGHT,215.5,406,10/10/2025,14:04:59,14:11:45,1910.621827,EX5600,250,29.0,8.0,34,256.59733,79.530001,46.153024,81.035174,48.818215,3023.073004,9251.763354
A185-001-03,A1850803_200_CS_1,6500970,4500970,EX004,EX5600FS,DT018,CAT 793,A-185-08-03,40.8,195.06,87.710092,87.710092,226.346063,27.397533,58.012332,0,363511.95,6591779.35,187.39,LEFT,195.1,461,10/10/2025,14:11:45,14:19:26,1523.230253,EX5600,225,29.0,8.0,34,226.346063,87.710092,49.024499,58.012332,27.397533,3102.369612,9586.181204
A185-001-03,A1850803_200_CS_1,6500971,4500971,EX004,EX5600FS,DT030,CAT 793,A-185-08-03,34.78,174.78,83.383015,83.383015,244.162429,27.659231,69.593938,0,363511.26,6591724.22,187.74,STRAIGHT,174.8,461,10/10/2025,14:19:26,14:27:07,1364.840639,EX5600,225,29.0,8.0,34,244.162429,83.383015,62.05466,69.593938,27.659231,2576.938379,8547.425107
A185-001-03,A1850803_200_CS_1,6500972,4500972,EX004,EX5600FS,DT022,CAT 793,A-185-08-03,45.19,185.75,70.802801,70.802801,230.240768,32.021254,58.023479,0,363528.66,6591724.48,187.44,LEFT,185.8,470,10/10/2025,14:27:07,14:34:57,1422.785071,EX5600,225,29.0,8.0,34,230.240768,70.802801,67.140437,58.023479,32.021254,2904.389992,9319.184097
A185-001-03,A1850803_200_CS_1,6500973,4500973,EX004,EX5600FS,DT015,CAT 793,A-185-08-03,51.28,203.41,88.973212,88.973212,273.524863,40.473815,84.16711,0,363548.66,6591765.32,190.12,LEFT,203.4,360,10/10/2025,14:34:57,14:40:57,2034.125489,EX5600,225,29.0,8.0,34,273.524863,88.973212,59.081392,84.16711,40.473815,2677.216135,8347.484198
A185-001-03,A1850803_200_CS_1,6500974,4500974,EX004,EX5600FS,DT054,HIT EH5000,A-185-08-03,48.69,237.12,89.068006,89.068006,256.216914,41.656706,60.637033,0,363542.45,6591724.1,195.03,LEFT,237.1,491,10/10/2025,14:40:57,14:49:08,1738.56022,EX5600,250,29.0,8.0,34,256.216914,89.068006,61.229853,60.637033,41.656706,3331.681164,9403.458093
A185-001-03,A1850803_200_CS_1,6500975,4500975,EX004,EX5600FS,DT040,HIT EH5000,A-185-08-03,37.25,234.83,94.469116,94.469116,279.920304,44.193681,72.697314,0,363508.49,6591723.13,192.4,RIGHT,234.8,364,10/10/2025,14:49:08,14:55:12,2322.466441,EX5600,250,29.0,8.0,34,279.920304,94.469116,63.44836,72.697314,44.193681,3020.065974,9621.187514
A185-001-03,A1850803_200_CS_1,6500976,4500976,EX004,EX5600FS,DT010,CAT 793,A-185-08-03,29.55,181.71,84.584478,84.584478,251.302468,42.97796,67.981295,0,363523.47,6591721.15,196.47,RIGHT,181.7,431,10/10/2025,14:55:12,15:02:23,1517.766407,EX5600,225,29.0,8.0,34,251.302468,84.584478,50.741245,67.981295,42.97796,2603.067642,9789.073415
A185-001-03,A1850803_200_CS_1,6500977,4500977,EX004,EX5600FS,DT061,HIT EH5000,A-185-08-03,39.39,211.6,96.953729,96.953729,274.671965,40.722327,72.61715,0,363512.18,6591771.78,184.26,RIGHT,211.6,482,10/10/2025,15:02:23,15:10:25,1580.424404,EX5600,250,29.0,8.0,34,274.671965,96.953729,59.9037,72.61715,40.722327,2773.361173,9253.946689
A185-001-03,A1850803_200_CS_1,6500978,4500978,EX004,EX5600FS,DT015,CAT 793,A-185-08-03,40.35,190.99,89.917097,89.917097,245.140594,34.953155,65.990254,0,363528.99,6591745.22,187.34,LEFT,191.0,469,10/10/2025,15:10:25,15:18:14,1465.996047,EX5600,225,29.0,8.0,34,245.140594,89.917097,50.949519,65.990254,34.953155,2804.725785,9447.928949
A185-001-03,A1850803_200_CS_1,6500979,4500979,EX004,EX5600FS,DT015,CAT 793,A-185-08-03,47.08,207.12,80.471855,80.471855,249.170222,35.553341,78.425268,0,363527.47,6591751.68,187.75,STRAIGHT,207.1,403,10/10/2025,15:18:14,15:24:57,1850.242113,EX5600,225,29.0,8.0,34,249.170222,80.471855,54.346905,78.425268,35.553341,2992.522808,8678.501948
A185-001-03,A1850803_200_CS_1,6500980,4500980,EX004,EX5600FS,DT061,HIT EH5000,A-185-08-03,55.52,222.32,86.057562,86.057562,236.623525,30.718169,58.300241,0,363498.41,6591723.83,185.05,RIGHT,222.3,378,10/10/2025,15:24:57,15:31:15,2117.360352,EX5600,250,29.0,8.0,34,236.623525,86.057562,60.171413,58.300241,30.718169,3382.428746,8744.504196
A185-001-03,A1850803_200_CS_1,6500981,4500981,EX004,EX5600FS,DT040,HIT EH5000,A-185-08-03,45.49,222.03,77.340798,77.340798,242.263673,41.151204,61.420293,0,363502.41,6591712.43,190.27,RIGHT,222.0,426,10/10/2025,15:31:15,15:38:21,1876.302084,EX5600,250,29.0,8.0,34,242.263673,77.340798,57.198678,61.420293,41.151204,3299.317142,8307.956936
A185-001-03,A1850803_200_CS_1,6500982,4500982,EX004,EX5600FS,DT040,HIT EH5000,A-185-08-03,47.18,211.24,93.555853,93.555853,263.479828,43.100104,70.207481,0,363521.55,6591750.63,196.71,STRAIGHT,211.2,451,10/10/2025,15:38:21,15:45:52,1686.147554,EX5600,250,29.0,8.0,34,263.479828,93.555853,55.974026,70.207481,43.100104,2886.188873,8789.90527
A185-001-03,A1850803_200_CS_1,6500983,4500983,EX004,EX5600FS,DT022,CAT 793,A-185-08-03,42.04,212.53,84.594099,84.594099,248.187599,31.463984,69.659019,0,363548.5,6591731.35,192.72,LEFT,212.5,394,10/10/2025,15:45:52,15:52:26,1941.893594,EX5600,225,29.0,8.0,34,248.187599,84.594099,60.927003,69.659019,31.463984,3082.773186,9493.160696
A185-001-03,A1850803_200_CS_1,6500984,4500984,EX004,EX5600FS,DT018,CAT 793,A-185-08-03,44.49,191.71,86.612138,86.612138,257.379619,43.552189,72.041856,0,363541.8,6591751.08,191.01,STRAIGHT,191.7,387,10/10/2025,15:52:26,15:58:53,1783.37777,EX5600,225,29.0,8.0,34,257.379619,86.612138,51.969978,72.041856,43.552189,2681.514569,9057.998302
A185-001-03,A1850803_200_CS_1,6500985,4500985,EX004,EX5600FS,DT015,CAT 793,A-185-08-03,44.47,185.46,87.182278,87.182278,284.238615,47.078704,92.067632,0,363543.7,6591722.6,186.66,STRAIGHT,185.5,392,10/10/2025,15:58:53,16:05:25,1703.232458,EX5600,225,29.0,8.0,34,284.238615,87.182278,57.407558,92.067632,47.078704,2348.966992,9125.855117
A185-001-03,A1850803_200_CS_1,6500986,4500986,EX004,EX5600FS,DT015,CAT 793,A-185-08-03,43.63,193.07,76.359392,76.359392,254.297379,43.590493,78.667751,0,363508.8,6591716.68,185.22,STRAIGHT,193.1,460,10/10/2025,16:05:25,16:13:05,1511.010059,EX5600,225,29.0,8.0,34,254.297379,76.359392,54.018618,78.667751,43.590493,2733.274841,9175.461845
A185-001-03,A1850803_200_CS_1,6500987,4500987,EX004,EX5600FS,DT022,CAT 793,A-185-08-03,52.02,189.52,97.700189,97.700189,268.526815,37.061415,76.620519,0,363518.96,6591738.03,186.97,RIGHT,189.5,474,10/10/2025,16:13:05,16:20:59,1439.414572,EX5600,225,29.0,8.0,34,268.526815,97.700189,56.84388,76.620519,37.061415,2540.835664,9329.568845
A185-001-03,A1850803_200_CS_1,6500988,4500988,EX004,EX5600FS,DT022,CAT 793,A-185-08-03,37.42,193.48,86.781697,86.781697,261.117855,39.538977,78.61685,0,363511.52,6591763.56,185.24,STRAIGHT,193.5,490,10/10/2025,16:20:59,16:29:09,1421.460434,EX5600,225,29.0,8.0,34,261.117855,86.781697,51.321571,78.61685,39.538977,2667.437707,9353.613175
A185-001-03,A1850803_200_CS_1,6500989,4500989,EX004,EX5600FS,DT010,CAT 793,A-185-08-03,43.55,206.57,88.798413,88.798413,239.516029,36.410287,62.874388,0,363543.61,6591720.78,186.52,RIGHT,206.6,436,10/10/2025,16:29:09,16:36:25,1705.628396,EX5600,225,29.0,8.0,34,239.516029,88.798413,50.258886,62.874388,36.410287,3104.819266,8944.545853
A185-001-03,A1850803_200_CS_1,6500990,4500990,EX004,EX5600FS,DT015,CAT 793,A-185-08-03,45.27,192.33,78.564529,78.564529,250.638013,35.858996,79.433908,0,363516.3,6591744.85,188.6,RIGHT,192.3,384,10/10/2025,16:36:25,16:42:49,1803.080086,EX5600,225,29.0,8.0,34,250.638013,78.564529,52.955548,79.433908,35.858996,2762.481012,9056.146221
A185-001-03,A1850803_200_CS_1,6500991,4500991,EX004,EX5600FS,DT015,CAT 793,A-185-08-03,50.01,193.63,85.32816,85.32816,245.260642,39.459823,58.712104,0,363531.67,6591711.1,188.97,RIGHT,193.6,396,10/10/2025,16:42:49,16:49:25,1760.293194,EX5600,225,29.0,8.0,34,245.260642,85.32816,57.527924,58.712104,39.459823,2842.184943,8884.16464
A185-001-03,A1850803_200_CS_1,6500992,4500992,EX004,EX5600FS,DT022,CAT 793,A-185-08-03,44.32,198.31,83.935536,83.935536,256.268563,48.556055,71.549827,0,363555.78,6591762.73,187.55,LEFT,198.3,470,10/10/2025,16:49:25,16:57:15,1518.996369,EX5600,225,29.0,8.0,34,256.268563,83.935536,51.763322,71.549827,48.556055,2785.859826,9182.23133
A185-001-03,A1850803_200_CS_1,6500993,4500993,EX004,EX5600FS,DT010,CAT 793,A-185-08-03,41.76,209.31,83.504893,83.504893,254.390375,40.503066,73.383144,0,363513.14,6591743.73,190.86,STRAIGHT,209.3,393,10/10/2025,16:57:15,17:03:48,1917.33196,EX5600,225,29.0,8.0,34,254.390375,83.504893,56.137092,73.383144,40.503066,2962.028185,9223.126907
A185-001-03,A1850803_200_CS_1,6500994,4500994,EX004,EX5600FS,DT018,CAT 793,A-185-08-03,55.66,216.12,92.300138,92.300138,265.230123,30.95303,75.785805,0,363524.26,6591731.12,187.97,RIGHT,216.1,381,10/10/2025,17:03:48,17:10:09,2042.059223,EX5600,225,29.0,8.0,34,265.230123,92.300138,65.147519,75.785805,30.95303,2933.394429,9175.693054
A185-001-03,A1850803_200_CS_1,6500995,4500995,EX004,EX5600FS,DT054,HIT EH5000,A-185-08-03,45.59,213.71,98.134721,98.134721,258.362597,32.24171,75.389453,0,363505.31,6591728.55,186.77,RIGHT,213.7,507,10/10/2025,17:10:09,17:18:36,1517.438362,EX5600,250,29.0,8.0,34,258.362597,98.134721,50.278587,75.389453,32.24171,2977.757847,9721.56286
A185-001-03,A1850803_200_CS_1,6500996,4500996,EX004,EX5600FS,DT040,HIT EH5000,A-185-08-03,43.42,234.37,94.755086,94.755086,256.484698,37.002618,65.970678,0,363536.31,6591739.16,199.59,STRAIGHT,234.4,487,10/10/2025,17:18:36,17:26:43,1732.503382,EX5600,250,29.0,8.0,34,256.484698,94.755086,54.171293,65.970678,37.002618,3289.588632,8965.404878
A185-001-03,A1850803_200_CS_1,6500997,4500997,EX004,EX5600FS,DT010,CAT 793,A-185-08-03,40.08,197.59,82.82642,82.82642,246.315516,35.301167,75.620332,0,363554.27,6591705.46,194.65,LEFT,197.6,406,10/10/2025,17:26:43,17:33:29,1751.991586,EX5600,225,29.0,8.0,34,246.315516,82.82642,49.663301,75.620332,35.301167,2887.794464,8577.97112
A185-001-03,A1850803_200_CS_1,6500998,4500998,EX004,EX5600FS,DT015,CAT 793,A-185-08-03,50.52,194.52,83.131034,83.131034,243.653147,36.513773,66.313502,0,363531.23,6591723.66,198.12,LEFT,194.5,376,10/10/2025,17:33:29,17:39:45,1862.403605,EX5600,225,29.0,8.0,34,243.653147,83.131034,55.202051,66.313502,36.513773,2874.01893,8884.566383
A185-001-03,A1850803_200_CS_1,6500999,4500999,EX004,EX5600FS,DT022,CAT 793,A-185-08-03,44.8,212.32,80.696064,80.696064,252.134963,35.896829,76.368883,0,363522.22,6591701.94,185.34,LEFT,212.3,398,10/10/2025,17:39:45,17:46:23,1920.461058,EX5600,225,29.0,8.0,34,252.134963,80.696064,58.662578,76.368883,35.896829,3031.485564,9485.403735
A185-001-03,A1850803_200_CS_1,6501000,4501000,EX004,EX5600FS,DT054,HIT EH5000,A-185-08-03,41.46,222.92,81.712005,81.712005,222.691262,27.189779,60.944444,0,363551.92,6591744.46,186.64,STRAIGHT,222.9,454,10/10/2025,17:46:23,17:53:57,1767.619969,EX5600,250,29.0,8.0,34,222.691262,81.712005,49.159129,60.944444,27.189779,3603.641467,9038.481672
A185-001-03,A1850803_200_CS_1,6501001,4501001,EX004,EX5600FS,DT018,CAT 793,A-185-08-03,41.76,191.67,85.419885,85.419885,267.727171,43.205599,81.103543,0,363562.83,6591754.04,185.12,STRAIGHT,191.7,507,10/10/2025,17:53:57,18:02:24,1360.98505,EX5600,225,29.0,8.0,34,267.727171,85.419885,57.116211,81.103543,43.205599,2577.323094,9125.032369
A185-001-03,A1850803_200_CS_1,6501002,4501002,EX004,EX5600FS,DT018,CAT 793,A-185-08-03,49.72,178.61,83.633122,83.633122,236.220033,32.701955,74.597691,0,363545.15,6591739.66,192.41,LEFT,178.6,481,10/10/2025,18:02:24,18:10:25,1336.805022,EX5600,225,29.0,8.0,34,236.220033,83.633122,44.128335,74.597691,32.701955,2722.052004,9577.41043
A185-001-03,A1850803_200_CS_1,6501003,4501003,EX004,EX5600FS,DT018,CAT 793,A-185-08-03,53.08,192.47,81.347754,81.347754,265.06375,38.575569,71.554151,0,363547.41,6591764.46,193.05,LEFT,192.5,378,10/10/2025,18:10:25,18:16:43,1833.074035,EX5600,225,29.0,8.0,34,265.06375,81.347754,67.599159,71.554151,38.575569,2614.095606,9345.174483
A185-001-03,A1850803_200_CS_1,6501004,4501004,EX004,EX5600FS,DT061,HIT EH5000,A-185-08-03,42.68,212.85,90.827718,90.827718,247.133461,34.340658,69.881935,0,363553.03,6591716.47,185.21,STRAIGHT,212.8,417,10/10/2025,18:16:43,18:23:40,1837.526151,EX5600,250,29.0,8.0,34,247.133461,90.827718,47.849767,69.881935,34.340658,3100.544952,8571.37864
A185-001-03,A1850803_200_CS_1,6501005,4501005,EX004,EX5600FS,DT061,HIT EH5000,A-185-08-03,50.51,221.79,89.184921,89.184921,266.761895,35.898648,81.784409,0,363547.32,6591730.09,194.48,RIGHT,221.8,388,10/10/2025,18:23:40,18:30:08,2057.853671,EX5600,250,29.0,8.0,34,266.761895,89.184921,55.09502,81.784409,35.898648,2993.108234,9192.481351
A185-001-03,A1850803_200_CS_1,6501006,4501006,EX004,EX5600FS,DT018,CAT 793,A-185-08-03,36.68,208.04,85.608276,85.608276,249.729918,40.681847,68.639125,0,363528.95,6591702.61,199.32,LEFT,208.0,405,10/10/2025,18:30:08,18:36:53,1849.275006,EX5600,225,29.0,8.0,34,249.729918,85.608276,50.919939,68.639125,40.681847,2999.065489,8611.008584
A185-001-03,A1850803_200_CS_1,6501007,4501007,EX004,EX5600FS,DT054,HIT EH5000,A-185-08-03,43.32,223.16,94.105976,94.105976,274.353253,35.990398,78.551162,0,363524.44,6591777.5,198.14,STRAIGHT,223.2,512,10/10/2025,18:36:53,18:45:25,1569.124624,EX5600,250,29.0,8.0,34,274.353253,94.105976,63.879751,78.551162,35.990398,2928.311575,9111.503134
A185-001-03,A1850803_200_CS_1,6501008,4501008,EX004,EX5600FS,DT018,CAT 793,A-185-08-03,35.77,196.59,101.569025,101.569025,261.091398,38.443764,60.874077,0,363531.61,6591766.19,187.02,STRAIGHT,196.6,410,10/10/2025,18:45:25,18:52:15,1726.130454,EX5600,225,29.0,8.0,34,261.091398,101.569025,57.097483,60.874077,38.443764,2710.596719,9335.183573
A185-001-03,A1850803_200_CS_1,6501009,4501009,EX004,EX5600FS,DT022,CAT 793,A-185-08-03,52.98,209.44,82.418988,82.418988,254.770455,34.044452,77.191994,0,363529.88,6591723.53,193.2,RIGHT,209.4,403,10/10/2025,18:52:15,18:58:58,1870.922461,EX5600,225,29.0,8.0,34,254.770455,82.418988,61.074432,77.191994,34.044452,2959.455218,9012.582553
A185-001-03,A1850803_200_CS_1,6501010,4501010,EX004,EX5600FS,DT018,CAT 793,A-185-08-03,49.15,173.0,96.193876,96.193876,269.108324,43.708277,71.553481,0,363553.29,6591716.49,193.05,LEFT,173.0,422,10/10/2025,18:58:58,19:06:00,1475.863722,EX5600,225,29.0,8.0,34,269.108324,96.193876,51.938206,71.553481,43.708277,2314.363534,9279.236201
A185-001-03,A1850803_200_CS_1,6501011,4501011,EX004,EX5600FS,DT061,HIT EH5000,A-185-08-03,50.39,227.54,102.067367,102.067367,253.840703,37.405478,61.30664,0,363522.07,6591766.4,196.61,LEFT,227.5,489,10/10/2025,19:06:00,19:14:09,1675.117632,EX5600,250,29.0,8.0,34,253.840703,102.067367,51.723169,61.30664,37.405478,3226.954985,9385.050447
A185-001-03,A1850803_200_CS_1,6501012,4501012,EX004,EX5600FS,DT030,CAT 793,A-185-08-03,42.01,195.44,90.459433,90.459433,253.01696,31.323592,65.934857,0,363516.34,6591711.39,185.31,LEFT,195.4,425,10/10/2025,19:14:09,19:21:14,1655.473458,EX5600,225,29.0,8.0,34,253.01696,90.459433,61.17093,65.934857,31.323592,2780.747264,8853.525835
A185-001-03,A1850803_200_CS_1,6501013,4501013,EX004,EX5600FS,DT015,CAT 793,A-185-08-03,58.64,186.78,95.486057,95.486057,264.081237,43.454021,67.295852,0,363505.23,6591745.53,192.97,STRAIGHT,186.8,474,10/10/2025,19:21:14,19:29:08,1418.551402,EX5600,225,29.0,8.0,34,264.081237,95.486057,57.640497,67.295852,43.454021,2546.161065,9536.093012
A185-001-03,A1850803_200_CS_1,6501014,4501014,EX004,EX5600FS,DT054,HIT EH5000,A-185-08-03,49.67,201.22,90.150338,90.150338,275.542161,45.561467,79.734561,0,363519.38,6591755.36,192.87,STRAIGHT,201.2,445,10/10/2025,19:29:08,19:36:33,1627.823332,EX5600,250,29.0,8.0,34,275.542161,90.150338,56.384829,79.734561,45.561467,2628.931197,9266.470074
A185-001-03,A1850803_200_CS_1,6501015,4501015,EX004,EX5600FS,DT054,HIT EH5000,A-185-08-03,53.4,207.07,78.896913,78.896913,232.58295,39.932866,63.252319,0,363528.12,6591751.09,197.15,RIGHT,207.1,399,10/10/2025,19:36:33,19:43:12,1868.320225,EX5600,250,29.0,8.0,34,232.58295,78.896913,48.537026,63.252319,39.932866,3205.135067,9780.361792
A185-001-03,A1850803_200_CS_1,6501016,4501016,EX004,EX5600FS,DT040,HIT EH5000,A-185-08-03,48.97,219.0,97.517758,97.517758,287.532991,42.79493,86.397925,0,363523.89,6591728.21,188.11,STRAIGHT,219.0,435,10/10/2025,19:43:12,19:50:27,1812.386523,EX5600,250,29.0,8.0,34,287.532991,97.517758,56.6269,86.397925,42.79493,2741.904968,9033.1544
A185-001-03,A1850803_200_CS_1,6501017,4501017,EX004,EX5600FS,DT030,CAT 793,A-185-08-03,39.45,185.39,85.513998,85.513998,259.634697,38.548238,74.95754,0,363546.9,6591709.81,199.9,STRAIGHT,185.4,491,10/10/2025,19:50:27,19:58:38,1359.29301,EX5600,225,29.0,8.0,34,259.634697,85.513998,57.640259,74.95754,38.548238,2570.584271,8859.067032
A185-001-03,A1850803_200_CS_1,6501018,4501018,EX004,EX5600FS,DT015,CAT 793,A-185-08-03,46.77,200.92,82.751934,82.751934,257.62727,38.400174,75.539326,0,363524.76,6591753.17,189.59,STRAIGHT,200.9,399,10/10/2025,19:58:38,20:05:17,1812.848255,EX5600,225,29.0,8.0,34,257.62727,82.751934,57.500472,75.539326,38.400174,2807.647082,9060.529446
A185-001-03,A1850803_200_CS_1,6501019,4501019,EX004,EX5600FS,DT030,CAT 793,A-185-08-03,43.8,195.79,77.363997,77.363997,223.707092,39.928441,66.40128,0,363522.57,6591744.63,196.64,RIGHT,195.8,372,10/10/2025,20:05:17,20:11:29,1894.721748,EX5600,225,29.0,8.0,34,223.707092,77.363997,38.0,66.40128,39.928441,3150.711431,9504.527478
A185-001-03,A1850803_200_CS_1,6501020,4501020,EX004,EX5600FS,DT018,CAT 793,A-185-08-03,44.76,209.0,96.891447,96.891447,270.972212,41.448481,79.062776,0,363527.98,6591739.04,195.21,STRAIGHT,209.0,530,10/10/2025,20:11:29,20:20:19,1419.618915,EX5600,225,29.0,8.0,34,270.972212,96.891447,52.725804,79.062776,41.448481,2776.661194,9022.507119
A185-001-03,A1850803_200_CS_1,6501021,4501021,EX004,EX5600FS,DT010,CAT 793,A-185-08-03,51.54,197.3,97.546312,97.546312,235.958719,33.792745,55.206908,0,363516.1,6591779.35,198.8,STRAIGHT,197.3,446,10/10/2025,20:20:19,20:27:45,1592.583898,EX5600,225,29.0,8.0,34,235.958719,97.546312,44.652681,55.206908,33.792745,3010.240183,9541.011219
A185-001-03,A1850803_200_CS_1,6501022,4501022,EX004,EX5600FS,DT010,CAT 793,A-185-08-03,47.25,195.1,88.50108,88.50108,239.058601,37.900696,56.35128,0,363529.31,6591738.02,184.2,STRAIGHT,195.1,532,10/10/2025,20:27:45,20:36:37,1320.223714,EX5600,225,29.0,8.0,34,239.058601,88.50108,51.121408,56.35128,37.900696,2938.020272,9608.069124
A185-001-03,A1850803_200_CS_1,6501023,4501023,EX004,EX5600FS,DT010,CAT 793,A-185-08-03,44.41,199.15,100.138532,100.138532,266.747436,31.302023,76.838253,0,363530.39,6591751.34,186.62,STRAIGHT,199.2,397,10/10/2025,20:36:37,20:43:14,1805.929992,EX5600,225,29.0,8.0,34,266.747436,100.138532,57.039141,76.838253,31.302023,2687.76419,9445.909151
A185-001-03,A1850803_200_CS_1,6501024,4501024,EX004,EX5600FS,DT022,CAT 793,A-185-08-03,49.86,186.28,77.550656,77.550656,218.053059,33.549841,59.995993,0,363553.16,6591706.95,187.01,STRAIGHT,186.3,471,10/10/2025,20:43:14,20:51:05,1423.825324,EX5600,225,29.0,8.0,34,218.053059,77.550656,46.397353,59.995993,33.549841,3075.497915,9529.210619
A185-001-03,A1850803_200_CS_1,6501025,4501025,EX004,EX5600FS,DT022,CAT 793,A-185-08-03,40.88,200.0,87.582459,87.582459,263.42163,38.470707,76.220847,0,363529.9,6591738.42,191.59,STRAIGHT,200.0,360,10/10/2025,20:51:05,20:57:05,1999.995131,EX5600,225,29.0,8.0,34,263.42163,87.582459,58.227607,76.220847,38.470707,2733.254093,9584.05003
A185-001-03,A1850803_200_CS_1,6501026,4501026,EX004,EX5600FS,DT015,CAT 793,A-185-08-03,42.47,203.14,98.753597,98.753597,288.179808,46.120022,69.322396,0,363561.07,6591767.68,197.86,STRAIGHT,203.1,376,10/10/2025,20:57:05,21:03:21,1944.910054,EX5600,225,29.0,8.0,34,288.179808,98.753597,69.256334,69.322396,46.120022,2537.603812,8981.158517
A185-001-03,A1850803_200_CS_1,6501027,4501027,EX004,EX5600FS,DT040,HIT EH5000,A-185-08-03,41.33,217.13,102.328455,102.328455,267.281953,43.123397,62.810549,0,363513.84,6591741.23,184.39,RIGHT,217.1,407,10/10/2025,21:03:21,21:10:08,1920.549878,EX5600,250,29.0,8.0,34,267.281953,102.328455,53.827155,62.810549,43.123397,2924.491503,9143.647259
A185-001-03,A1850803_200_CS_1,6501028,4501028,EX004,EX5600FS,DT061,HIT EH5000,A-185-08-03,39.36,218.42,98.728419,98.728419,269.876562,37.240462,64.734788,0,363506.48,6591773.8,190.61,RIGHT,218.4,447,10/10/2025,21:10:08,21:17:35,1759.068203,EX5600,250,29.0,8.0,34,269.876562,98.728419,63.776833,64.734788,37.240462,2913.56716,9622.242517
A185-001-03,A1850803_200_CS_1,6501029,4501029,EX004,EX5600FS,DT022,CAT 793,A-185-08-03,38.72,198.52,81.007341,81.007341,247.412034,44.591549,67.955843,0,363504.18,6591764.5,184.47,LEFT,198.5,381,10/10/2025,21:17:35,21:23:56,1875.739854,EX5600,225,29.0,8.0,34,247.412034,81.007341,49.186979,67.955843,44.591549,2888.529197,8893.333787
A185-001-03,A1850803_200_CS_1,6501030,4501030,EX004,EX5600FS,DT015,CAT 793,A-185-08-03,40.75,201.12,81.992053,81.992053,246.555486,39.892282,72.892134,0,363521.01,6591729.6,189.09,RIGHT,201.1,393,10/10/2025,21:23:56,21:30:29,1842.313904,EX5600,225,29.0,8.0,34,246.555486,81.992053,49.481973,72.892134,39.892282,2936.577789,9523.965841
A185-001-03,A1850803_200_CS_1,6501031,4501031,EX004,EX5600FS,DT061,HIT EH5000,A-185-08-03,56.92,229.67,86.54467,86.54467,273.337809,33.131516,82.904618,0,363503.49,6591700.95,186.61,LEFT,229.7,431,10/10/2025,21:30:29,21:37:40,1918.340485,EX5600,250,29.0,8.0,34,273.337809,86.54467,65.461085,82.904618,33.131516,3024.845891,8870.458442
A185-001-03,A1850803_200_CS_1,6501032,4501032,EX004,EX5600FS,DT010,CAT 793,A-185-08-03,52.35,192.21,86.251071,86.251071,272.462276,38.163746,84.689992,0,363551.87,6591722.74,184.6,STRAIGHT,192.2,394,10/10/2025,21:37:40,21:44:14,1756.260343,EX5600,225,29.0,8.0,34,272.462276,86.251071,62.546851,84.689992,38.163746,2539.678466,8894.305462
A185-001-03,A1850803_200_CS_1,6501033,4501033,EX004,EX5600FS,DT054,HIT EH5000,A-185-08-03,47.29,232.28,85.159233,85.159233,232.114059,39.346995,64.846015,0,363502.63,6591760.91,199.48,LEFT,232.3,402,10/10/2025,21:44:14,21:50:56,2080.092615,EX5600,250,29.0,8.0,34,232.114059,85.159233,41.289199,64.846015,39.346995,3602.527283,9396.672012
A185-001-03,A1850803_200_CS_1,6501034,4501034,EX004,EX5600FS,DT061,HIT EH5000,A-185-08-03,40.35,222.85,99.310408,99.310408,277.448208,39.756774,74.040534,0,363512.23,6591723.08,199.09,RIGHT,222.8,382,10/10/2025,21:50:56,21:57:18,2100.157041,EX5600,250,29.0,8.0,34,277.448208,99.310408,60.275894,74.040534,39.756774,2891.566664,9068.946772
A185-001-03,A1850803_200_CS_1,6501035,4501035,EX004,EX5600FS,DT030,CAT 793,A-185-08-03,50.86,197.98,85.929209,85.929209,258.934386,39.742599,62.370551,0,363505.13,6591752.7,189.04,RIGHT,198.0,451,10/10/2025,21:57:18,22:04:49,1580.327397,EX5600,225,29.0,8.0,34,258.934386,85.929209,70.285181,62.370551,39.742599,2752.541544,9416.012341
A185-001-03,A1850803_200_CS_1,6501036,4501036,EX004,EX5600FS,DT022,CAT 793,A-185-08-03,48.34,200.1,86.490761,86.490761,264.328731,37.656305,68.745344,0,363546.48,6591730.59,183.82,LEFT,200.1,426,10/10/2025,22:04:49,22:11:55,1691.023655,EX5600,225,29.0,8.0,34,264.328731,86.490761,70.964136,68.745344,37.656305,2725.303731,9009.559535
A185-001-03,A1850803_200_CS_1,6501037,4501037,EX004,EX5600FS,DT054,HIT EH5000,A-185-08-03,50.1,233.72,97.526434,97.526434,252.067763,38.250473,59.575817,0,363496.16,6591722.37,191.71,STRAIGHT,233.7,437,10/10/2025,22:11:55,22:19:12,1925.367209,EX5600,250,29.0,8.0,34,252.067763,97.526434,53.985867,59.575817,38.250473,3337.933655,9393.43131
A185-001-03,A1850803_200_CS_1,6501038,4501038,EX004,EX5600FS,DT030,CAT 793,A-185-08-03,35.52,210.02,79.800876,79.800876,238.680283,37.531776,64.423915,0,363506.97,6591762.82,198.41,LEFT,210.0,522,10/10/2025,22:19:12,22:27:54,1448.40291,EX5600,225,29.0,8.0,34,238.680283,79.800876,55.435344,64.423915,37.531776,3167.694914,9351.48275
A185-001-03,A1850803_200_CS_1,6501039,4501039,EX004,EX5600FS,DT054,HIT EH5000,A-185-08-03,44.05,211.88,95.827377,95.827377,270.068525,41.695787,76.504342,0,363552.95,6591770.08,197.64,STRAIGHT,211.9,454,10/10/2025,22:27:54,22:35:28,1680.122411,EX5600,250,29.0,8.0,34,270.068525,95.827377,54.062724,76.504342,41.695787,2824.377903,9142.191273
A185-001-03,A1850803_200_CS_1,6501040,4501040,EX004,EX5600FS,DT015,CAT 793,A-185-08-03,41.1,198.22,88.184716,88.184716,257.37652,25.43651,82.142442,0,363536.08,6591710.07,196.18,RIGHT,198.2,464,10/10/2025,22:35:28,22:43:12,1537.94042,EX5600,225,29.0,8.0,34,257.37652,88.184716,57.257192,82.142442,25.43651,2772.608608,9223.035871
A185-001-03,A1850803_200_CS_1,6501041,4501041,EX004,EX5600FS,DT010,CAT 793,A-185-08-03,42.97,201.66,97.649256,97.649256,270.607445,42.184235,69.666549,0,363538.94,6591745.04,184.62,LEFT,201.7,458,10/10/2025,22:43:12,22:50:50,1585.066577,EX5600,225,29.0,8.0,34,270.607445,97.649256,56.894183,69.666549,42.184235,2682.707021,9295.000593
A185-001-03,A1850803_200_CS_1,6501042,4501042,EX004,EX5600FS,DT010,CAT 793,A-185-08-03,44.88,202.48,98.727837,98.727837,252.906479,36.649819,60.940453,0,363521.44,6591770.94,187.14,LEFT,202.5,438,10/10/2025,22:50:50,22:58:08,1664.230459,EX5600,225,29.0,8.0,34,252.906479,98.727837,55.167084,60.940453,36.649819,2882.223279,9257.550035
A185-001-03,A1850803_200_CS_1,6501043,4501043,EX004,EX5600FS,DT010,CAT 793,A-185-08-03,39.23,182.27,94.356801,94.356801,259.224332,31.528063,74.80884,0,363514.14,6591735.69,196.86,RIGHT,182.3,360,10/10/2025,22:58:08,23:04:08,1822.748211,EX5600,225,29.0,8.0,34,259.224332,94.356801,54.75527,74.80884,31.528063,2531.357113,9623.818745
A185-001-03,A1850803_200_CS_1,6501044,4501044,EX004,EX5600FS,DT061,HIT EH5000,A-185-08-03,44.53,203.71,80.786543,80.786543,249.369273,41.94996,64.152634,0,363512.87,6591743.38,194.02,LEFT,203.7,397,10/10/2025,23:04:08,23:10:45,1847.231836,EX5600,250,29.0,8.0,34,249.369273,80.786543,57.652064,64.152634,41.94996,2940.823585,8874.982635
A185-001-03,A1850803_200_CS_1,6501045,4501045,EX004,EX5600FS,DT054,HIT EH5000,A-185-08-03,42.82,211.86,82.674768,82.674768,249.398865,43.020599,72.905216,0,363529.61,6591762.1,199.63,STRAIGHT,211.9,384,10/10/2025,23:10:45,23:17:09,1986.170536,EX5600,250,29.0,8.0,34,249.398865,82.674768,48.4493,72.905216,43.020599,3058.111295,8779.164868
A185-001-03,A1850803_200_CS_1,6501046,4501046,EX004,EX5600FS,DT010,CAT 793,A-185-08-03,39.36,203.59,97.640098,97.640098,285.110753,31.554648,81.860176,0,363515.07,6591760.7,196.36,STRAIGHT,203.6,427,10/10/2025,23:17:09,23:24:16,1716.457755,EX5600,225,29.0,8.0,34,285.110753,97.640098,71.253486,81.860176,31.554648,2570.676316,9871.061934
A185-001-03,A1850803_200_CS_1,6501047,4501047,EX004,EX5600FS,DT010,CAT 793,A-185-08-03,43.79,208.44,72.624607,72.624607,237.364017,34.216197,74.053838,0,363498.02,6591711.93,187.45,LEFT,208.4,438,10/10/2025,23:24:16,23:31:34,1713.213227,EX5600,225,29.0,8.0,34,237.364017,72.624607,53.204249,74.053838,34.216197,3161.335924,9433.330933
A185-001-03,A1850803_200_CS_1,6501048,4501048,EX004,EX5600FS,DT061,HIT EH5000,A-185-08-03,47.16,210.98,90.151655,90.151655,251.990682,42.77656,52.0,0,363517.96,6591764.77,186.18,RIGHT,211.0,465,10/10/2025,23:31:34,23:39:19,1633.371152,EX5600,250,29.0,8.0,34,251.990682,90.151655,63.656131,52.0,42.77656,3014.070126,9794.805256
A185-001-03,A1850803_200_CS_1,6501049,4501049,EX004,EX5600FS,DT054,HIT EH5000,A-185-08-03,49.79,220.02,84.971868,84.971868,229.733286,28.397055,56.103061,0,363513.49,6591746.66,186.26,RIGHT,220.0,446,10/10/2025,23:39:19,23:46:45,1775.92297,EX5600,250,29.0,8.0,34,229.733286,84.971868,55.162905,56.103061,28.397055,3447.744373,8349.040843
A185-001-03,A1850803_200_CS_1,6501050,4501050,EX004,EX5600FS,DT030,CAT 793,A-185-08-03,37.74,193.72,89.816481,89.816481,245.634573,34.99055,56.360925,0,363523.55,6591782.49,196.92,RIGHT,193.7,418,10/10/2025,23:46:45,23:53:43,1668.382319,EX5600,225,29.0,8.0,34,245.634573,89.816481,63.108293,56.360925,34.99055,2839.110961,8778.060275
A185-001-03,A1850803_200_CS_1,6501051,4501051,EX004,EX5600FS,DT061,HIT EH5000,A-185-08-03,47.5,225.33,88.692874,88.692874,251.765175,37.016847,73.952185,0,363504.03,6591701.87,191.87,STRAIGHT,225.3,440,10/10/2025,23:53:43,00:01:03,1843.583938,EX5600,250,29.0,8.0,34,251.765175,88.692874,46.84139,73.952185,37.016847,3221.958448,9674.930264
A185-001-03,A1850803_200_CS_1,6501052,4501052,EX004,EX5600FS,DT010,CAT 793,A-185-08-03,49.67,203.72,98.230803,98.230803,259.328718,47.630651,72.504665,0,363524.73,6591753.74,184.48,LEFT,203.7,478,11/10/2025,00:01:03,00:09:01,1534.300431,EX5600,225,29.0,8.0,34,259.328718,98.230803,40.909282,72.504665,47.630651,2828.053956,9717.829973
A185-001-03,A1850803_200_CS_1,6501053,4501053,EX004,EX5600FS,DT054,HIT EH5000,A-185-08-03,50.71,203.34,78.733547,78.733547,272.183606,48.298427,78.160361,0,363549.4,6591754.71,188.35,RIGHT,203.3,422,11/10/2025,00:09:01,00:16:03,1734.649648,EX5600,250,29.0,8.0,34,272.183606,78.733547,62.469953,78.160361,48.298427,2689.442476,8742.057191
A185-001-03,A1850803_200_CS_1,6501054,4501054,EX004,EX5600FS,DT010,CAT 793,A-185-08-03,39.32,226.7,102.76457,102.76457,278.863483,37.95685,70.607198,0,363526.02,6591729.39,199.69,LEFT,226.7,388,11/10/2025,00:16:03,00:22:31,2103.398914,EX5600,225,29.0,8.0,34,278.863483,102.76457,63.84681,70.607198,37.95685,2926.588918,8974.691381
A185-001-03,A1850803_200_CS_1,6501055,4501055,EX004,EX5600FS,DT015,CAT 793,A-185-08-03,44.85,186.04,91.148661,91.148661,252.869359,27.751804,72.683763,0,363538.81,6591768.26,186.96,LEFT,186.0,375,11/10/2025,00:22:31,00:28:46,1786.022947,EX5600,225,29.0,8.0,34,252.869359,91.148661,60.757692,72.683763,27.751804,2648.634879,9165.115846
