polygon_id,hole_id,x,y,rl_top_m,rl_floor_m,sample_index,depth_m,pen,torque,rpm,wob,mse
pattern_10,10-H-001,363638.736,6591825.929,199.979,199.229,0,0.75,0.913034,32.561299,69.016582,14.959868,0.423859
pattern_10,10-H-001,363638.736,6591825.929,199.229,198.479,1,1.5,0.888773,33.090469,72.585726,15.126141,0.465231
pattern_10,10-H-001,363638.736,6591825.929,198.479,197.729,2,2.25,0.831193,31.901142,69.702845,15.245989,0.460566
pattern_10,10-H-001,363638.736,6591825.929,197.729,196.979,3,3,0.835908,33.166175,70.729117,12.666943,0.482735
pattern_10,10-H-001,363638.736,6591825.929,196.979,196.229,4,3.75,0.860864,30.264508,70.564304,14.215138,0.427101
pattern_10,10-H-001,363638.736,6591825.929,196.229,195.479,5,4.5,0.886054,32.748019,69.851538,13.843006,0.444359
pattern_10,10-H-001,363638.736,6591825.929,195.479,194.729,6,5.25,0.879951,32.845239,71.052025,14.098769,0.456468
pattern_10,10-H-001,363638.736,6591825.929,194.729,193.979,7,6,0.851879,34.319581,70.373925,14.761595,0.487935
pattern_10,10-H-001,363638.736,6591825.929,193.979,193.229,8,6.75,0.865009,33.055441,70.878973,13.577635,0.466086
pattern_10,10-H-001,363638.736,6591825.929,193.229,192.479,9,7.5,0.80633,33.987772,71.323135,14.811697,0.517298
pattern_10,10-H-001,363638.736,6591825.929,192.479,191.729,10,8.25,0.768343,34.237266,70.591724,14.543353,0.541134
pattern_10,10-H-001,363638.736,6591825.929,191.729,190.979,11,9,0.819348,35.160098,69.881782,15.499253,0.516083
pattern_10,10-H-001,363638.736,6591825.929,190.979,190.229,12,9.75,0.767526,36.811254,70.355174,16.4807,0.580592
pattern_10,10-H-001,363638.736,6591825.929,190.229,189.479,13,10.5,0.754884,36.163813,68.887742,14.711127,0.567665
pattern_10,10-H-001,363638.736,6591825.929,189.479,188.729,14,11.25,0.755835,35.196824,69.230726,16.313133,0.554774
pattern_10,10-H-001,363638.736,6591825.929,188.729,187.979,15,12,0.767317,37.711531,69.878938,15.553281,0.590778
pattern_10,10-H-001,363638.736,6591825.929,187.979,187.229,16,12.75,0.791053,36.812662,69.979477,15.774705,0.560321
pattern_10,10-H-001,363638.736,6591825.929,187.229,186.479,17,13.5,0.779552,36.860951,69.723015,15.382584,0.567176
pattern_10,10-H-001,363638.736,6591825.929,186.479,185.729,18,14.25,0.790208,35.711277,69.797616,16.358047,0.542855
pattern_10,10-H-001,363638.736,6591825.929,185.729,184.979,19,15,0.790422,36.972793,70.612023,15.857515,0.568281
pattern_10,10-H-001,363638.736,6591825.929,184.979,184.229,20,15.75,0.815279,34.443232,71.168371,15.688258,0.517457
pattern_10,10-H-001,363638.736,6591825.929,184.229,183.479,21,16.5,0.810607,35.712903,71.335386,15.193607,0.540744
pattern_10,10-H-001,363638.736,6591825.929,183.479,182.901,22,17.078,0.775474,34.546141,70.170953,15.529282,0.537901
pattern_10,10-H-002,363639.067,6591817.818,200.053,199.303,0,0.75,0.851499,34.394901,71.11806,15.152651,0.494421
pattern_10,10-H-002,363639.067,6591817.818,199.303,198.553,1,1.5,0.807241,34.790971,70.237937,15.281272,0.520922
pattern_10,10-H-002,363639.067,6591817.818,198.553,197.803,2,2.25,0.778934,36.548116,68.9885,15.931812,0.55698
pattern_10,10-H-002,363639.067,6591817.818,197.803,197.053,3,3,0.784103,36.109387,68.639368,15.04551,0.543838
pattern_10,10-H-002,363639.067,6591817.818,197.053,196.303,4,3.75,0.794376,35.055325,69.707809,15.116881,0.529305
pattern_10,10-H-002,363639.067,6591817.818,196.303,195.553,5,4.5,0.756894,36.630597,70.564933,14.796975,0.587376
pattern_10,10-H-002,363639.067,6591817.818,195.553,194.803,6,5.25,0.796775,34.493641,69.150243,15.744581,0.515227
pattern_10,10-H-002,363639.067,6591817.818,194.803,194.053,7,6,0.779173,36.339999,70.967467,16.292265,0.569521
pattern_10,10-H-002,363639.067,6591817.818,194.053,193.303,8,6.75,0.754607,37.271206,69.711624,15.443452,0.592274
pattern_10,10-H-002,363639.067,6591817.818,193.303,192.553,9,7.5,0.776251,37.177933,70.020954,16.296658,0.57702
pattern_10,10-H-002,363639.067,6591817.818,192.553,191.803,10,8.25,0.776012,36.639853,69.524389,16.259268,0.564847
pattern_10,10-H-002,363639.067,6591817.818,191.803,191.053,11,9,0.761731,38.601871,70.004786,16.890115,0.610357
pattern_10,10-H-002,363639.067,6591817.818,191.053,190.303,12,9.75,0.730566,39.850518,69.059133,16.31701,0.647908
pattern_10,10-H-002,363639.067,6591817.818,190.303,189.553,13,10.5,0.66423,40.005529,68.66336,16.466344,0.71111
pattern_10,10-H-002,363639.067,6591817.818,189.553,188.803,14,11.25,0.70493,41.852602,68.495877,17.167861,0.699399
pattern_10,10-H-002,363639.067,6591817.818,188.803,188.053,15,12,0.682839,40.03332,68.522275,16.541042,0.690856
pattern_10,10-H-002,363639.067,6591817.818,188.053,187.303,16,12.75,0.663808,40.162735,68.117239,17.012904,0.708751
pattern_10,10-H-002,363639.067,6591817.818,187.303,186.553,17,13.5,0.686283,39.859727,67.214082,17.782778,0.671549
pattern_10,10-H-002,363639.067,6591817.818,186.553,185.803,18,14.25,0.719624,40.092863,68.603664,16.843098,0.65743
pattern_10,10-H-002,363639.067,6591817.818,185.803,185.053,19,15,0.731889,40.397074,69.005321,16.476736,0.655094
pattern_10,10-H-002,363639.067,6591817.818,185.053,184.303,20,15.75,0.724726,40.045191,67.684618,17.340679,0.643395
pattern_10,10-H-002,363639.067,6591817.818,184.303,183.553,21,16.5,0.712169,38.998982,68.900607,16.288811,0.648943
pattern_10,10-H-002,363639.067,6591817.818,183.553,183.277,22,16.776,0.711257,38.411062,69.375278,15.655322,0.644326
pattern_10,10-H-003,363639.369,6591809.924,199.986,199.236,0,0.75,0.782685,37.474182,68.595989,17.130472,0.56524
pattern_10,10-H-003,363639.369,6591809.924,199.236,198.486,1,1.5,0.725448,37.088671,70.822355,16.183428,0.622824
pattern_10,10-H-003,363639.369,6591809.924,198.486,197.736,2,2.25,0.746431,38.350294,68.151053,16.741727,0.602431
pattern_10,10-H-003,363639.369,6591809.924,197.736,196.986,3,3,0.739286,38.181545,70.495599,17.686111,0.626443
pattern_10,10-H-003,363639.369,6591809.924,196.986,196.236,4,3.75,0.720644,38.388662,70.901438,18.28459,0.649847
pattern_10,10-H-003,363639.369,6591809.924,196.236,195.486,5,4.5,0.710481,37.427114,67.584328,16.468908,0.612475
pattern_10,10-H-003,363639.369,6591809.924,195.486,194.736,6,5.25,0.705499,37.82023,68.488182,18.216437,0.631763
pattern_10,10-H-003,363639.369,6591809.924,194.736,193.986,7,6,0.732994,40.586212,68.428493,16.530914,0.651692
pattern_10,10-H-003,363639.369,6591809.924,193.986,193.236,8,6.75,0.683579,42.087126,68.618056,18.352295,0.726643
pattern_10,10-H-003,363639.369,6591809.924,193.236,192.486,9,7.5,0.676091,40.857083,67.773978,18.072204,0.704479
pattern_10,10-H-003,363639.369,6591809.924,192.486,191.736,10,8.25,0.665169,40.91243,67.853488,18.942249,0.717921
pattern_10,10-H-003,363639.369,6591809.924,191.736,190.986,11,9,0.63959,42.150264,66.846458,17.66859,0.757524
pattern_10,10-H-003,363639.369,6591809.924,190.986,190.236,12,9.75,0.613597,43.417938,66.910722,18.50358,0.814084
pattern_10,10-H-003,363639.369,6591809.924,190.236,189.486,13,10.5,0.600429,45.199791,67.189595,18.556948,0.869543
pattern_10,10-H-003,363639.369,6591809.924,189.486,188.736,14,11.25,0.601158,43.395635,66.202554,18.85453,0.821734
pattern_10,10-H-003,363639.369,6591809.924,188.736,187.986,15,12,0.605437,43.675162,66.318562,18.071001,0.822524
pattern_10,10-H-003,363639.369,6591809.924,187.986,187.236,16,12.75,0.591672,44.405459,67.261308,18.84405,0.86787
pattern_10,10-H-003,363639.369,6591809.924,187.236,186.486,17,13.5,0.59576,43.511364,66.095746,18.517349,0.829986
pattern_10,10-H-003,363639.369,6591809.924,186.486,185.736,18,14.25,0.576601,43.852522,67.57902,19.47695,0.883655
pattern_10,10-H-003,363639.369,6591809.924,185.736,185.714,19,14.272,0.610025,41.479882,66.925204,18.073031,0.782505
pattern_10,10-H-004,363639.204,6591802.147,199.996,199.246,0,0.75,0.777272,36.310365,70.250865,17.239839,0.564819
pattern_10,10-H-004,363639.204,6591802.147,199.246,198.496,1,1.5,0.756927,37.488177,69.861701,16.314377,0.595271
pattern_10,10-H-004,363639.204,6591802.147,198.496,197.746,2,2.25,0.779653,36.587538,69.518942,17.012091,0.561466
pattern_10,10-H-004,363639.204,6591802.147,197.746,196.996,3,3,0.769361,35.38761,69.476603,16.610833,0.549975
pattern_10,10-H-004,363639.204,6591802.147,196.996,196.246,4,3.75,0.757119,38.500702,69.229169,15.530958,0.60553
pattern_10,10-H-004,363639.204,6591802.147,196.246,195.496,5,4.5,0.729523,38.154675,70.484793,16.946375,0.634167
pattern_10,10-H-004,363639.204,6591802.147,195.496,194.746,6,5.25,0.696835,39.004724,69.707772,17.895695,0.67122
pattern_10,10-H-004,363639.204,6591802.147,194.746,193.996,7,6,0.691013,38.797969,69.032403,17.080212,0.666678
pattern_10,10-H-004,363639.204,6591802.147,193.996,193.246,8,6.75,0.7158,38.719015,68.340226,16.890632,0.635916
pattern_10,10-H-004,363639.204,6591802.147,193.246,192.496,9,7.5,0.700208,39.388422,68.650152,16.53863,0.66418
pattern_10,10-H-004,363639.204,6591802.147,192.496,191.746,10,8.25,0.647081,41.72026,68.295692,17.785062,0.757199
pattern_10,10-H-004,363639.204,6591802.147,191.746,190.996,11,9,0.621769,43.56313,67.08821,18.143314,0.808183
pattern_10,10-H-004,363639.204,6591802.147,190.996,190.246,12,9.75,0.62737,42.575144,66.090174,18.472481,0.771297
pattern_10,10-H-004,363639.204,6591802.147,190.246,189.496,13,10.5,0.628626,41.824122,66.793611,18.257575,0.764221
pattern_10,10-H-004,363639.204,6591802.147,189.496,188.746,14,11.25,0.631532,43.887538,65.819876,18.716605,0.786588
pattern_10,10-H-004,363639.204,6591802.147,188.746,187.996,15,12,0.646563,41.851542,68.160724,17.63469,0.758665
pattern_10,10-H-004,363639.204,6591802.147,187.996,187.246,16,12.75,0.634452,41.639913,68.23836,18.330983,0.770166
pattern_10,10-H-004,363639.204,6591802.147,187.246,186.496,17,13.5,0.619764,41.935285,67.426339,17.191506,0.784383
pattern_10,10-H-004,363639.204,6591802.147,186.496,185.746,18,14.25,0.67168,41.552158,67.784485,18.126612,0.721235
pattern_10,10-H-004,363639.204,6591802.147,185.746,184.996,19,15,0.67314,42.31559,68.83763,19.01946,0.744318
pattern_10,10-H-004,363639.204,6591802.147,184.996,184.268,20,15.728,0.698926,41.525349,67.421703,16.663002,0.688885
pattern_10,10-H-005,363638.819,6591793.885,199.977,199.227,0,0.75,0.790481,34.393544,69.830908,16.943713,0.523037
pattern_10,10-H-005,363638.819,6591793.885,199.227,198.477,1,1.5,0.815919,36.530156,69.65343,15.864691,0.536657
pattern_10,10-H-005,363638.819,6591793.885,198.477,197.727,2,2.25,0.765275,37.317315,70.62496,16.225979,0.592496
pattern_10,10-H-005,363638.819,6591793.885,197.727,196.977,3,3,0.770325,35.431002,71.17668,16.611741,0.563368
pattern_10,10-H-005,363638.819,6591793.885,196.977,196.227,4,3.75,0.778017,37.196722,69.438975,15.330435,0.571116
pattern_10,10-H-005,363638.819,6591793.885,196.227,195.477,5,4.5,0.748657,36.477868,69.193118,16.112001,0.580049
pattern_10,10-H-005,363638.819,6591793.885,195.477,194.727,6,5.25,0.756044,37.362451,70.097755,17.268106,0.596088
pattern_10,10-H-005,363638.819,6591793.885,194.727,193.977,7,6,0.726803,38.712853,69.436931,16.33288,0.636169
pattern_10,10-H-005,363638.819,6591793.885,193.977,193.227,8,6.75,0.713706,38.685758,70.13858,17.01182,0.653959
pattern_10,10-H-005,363638.819,6591793.885,193.227,192.477,9,7.5,0.683827,40.417053,67.789362,16.987799,0.68908
pattern_10,10-H-005,363638.819,6591793.885,192.477,191.727,10,8.25,0.666892,39.835747,68.698816,17.860722,0.705815
pattern_10,10-H-005,363638.819,6591793.885,191.727,190.977,11,9,0.692694,39.985771,67.492873,17.673168,0.670198
pattern_10,10-H-005,363638.819,6591793.885,190.977,190.227,12,9.75,0.662511,40.293099,68.216543,17.789601,0.713562
pattern_10,10-H-005,363638.819,6591793.885,190.227,189.477,13,10.5,0.667388,39.043686,67.21397,17.699384,0.676397
pattern_10,10-H-005,363638.819,6591793.885,189.477,188.727,14,11.25,0.647766,41.374075,68.474945,17.928055,0.752122
pattern_10,10-H-005,363638.819,6591793.885,188.727,187.977,15,12,0.672268,40.981505,66.866235,17.099297,0.701017
pattern_10,10-H-005,363638.819,6591793.885,187.977,187.227,16,12.75,0.671278,39.3319,69.694688,17.850967,0.702381
pattern_10,10-H-005,363638.819,6591793.885,187.227,186.477,17,13.5,0.635952,40.189991,68.551317,17.367919,0.744953
pattern_10,10-H-005,363638.819,6591793.885,186.477,185.727,18,14.25,0.661675,40.450051,67.323389,17.429542,0.70783
pattern_10,10-H-005,363638.819,6591793.885,185.727,184.977,19,15,0.707327,39.281764,69.101645,16.682259,0.660058
pattern_10,10-H-005,363638.819,6591793.885,184.977,184.227,20,15.75,0.686691,38.885282,68.107645,16.894707,0.663365
pattern_10,10-H-005,363638.819,6591793.885,184.227,183.477,21,16.5,0.7027,39.415712,68.150716,17.902204,0.657651
pattern_10,10-H-005,363638.819,6591793.885,183.477,182.727,22,17.25,0.72491,40.220513,68.056098,16.190558,0.649434
pattern_10,10-H-005,363638.819,6591793.885,182.727,182.391,23,17.586,0.712091,39.017087,68.342344,17.737764,0.644245
pattern_10,10-H-006,363638.808,6591786.145,200.024,199.274,0,0.75,0.856416,33.296197,70.124127,14.248447,0.469212
pattern_10,10-H-006,363638.808,6591786.145,199.274,198.524,1,1.5,0.823332,33.263607,70.120968,15.356005,0.487633
pattern_10,10-H-006,363638.808,6591786.145,198.524,197.774,2,2.25,0.844991,32.666155,71.018735,15.354703,0.472632
pattern_10,10-H-006,363638.808,6591786.145,197.774,197.024,3,3,0.819882,35.09641,70.258284,16.183891,0.517665
pattern_10,10-H-006,363638.808,6591786.145,197.024,196.274,4,3.75,0.823545,33.655926,71.893535,15.101612,0.505626
pattern_10,10-H-006,363638.808,6591786.145,196.274,195.524,5,4.5,0.81883,32.935026,69.479408,14.871818,0.480996
pattern_10,10-H-006,363638.808,6591786.145,195.524,194.774,6,5.25,0.849243,35.433101,70.122306,16.219145,0.503643
pattern_10,10-H-006,363638.808,6591786.145,194.774,194.024,7,6,0.788917,36.034909,68.954707,15.726822,0.541972
pattern_10,10-H-006,363638.808,6591786.145,194.024,193.274,8,6.75,0.781625,35.534727,69.178541,16.250987,0.541253
pattern_10,10-H-006,363638.808,6591786.145,193.274,192.524,9,7.5,0.784454,35.707954,70.317333,15.886397,0.550771
pattern_10,10-H-006,363638.808,6591786.145,192.524,191.774,10,8.25,0.774448,37.812589,69.315359,16.446434,0.582309
pattern_10,10-H-006,363638.808,6591786.145,191.774,191.024,11,9,0.714197,36.713701,70.141435,16.910382,0.620316
pattern_10,10-H-006,363638.808,6591786.145,191.024,190.274,12,9.75,0.722401,40.077322,68.896857,17.262483,0.657498
pattern_10,10-H-006,363638.808,6591786.145,190.274,189.524,13,10.5,0.714571,37.60926,68.797254,16.826706,0.622924
pattern_10,10-H-006,363638.808,6591786.145,189.524,188.774,14,11.25,0.718411,38.147638,69.328054,16.588832,0.63325
pattern_10,10-H-006,363638.808,6591786.145,188.774,188.024,15,12,0.74407,38.286254,69.953546,16.915808,0.619255
pattern_10,10-H-006,363638.808,6591786.145,188.024,187.274,16,12.75,0.709,40.09659,68.346582,17.093104,0.66485
pattern_10,10-H-006,363638.808,6591786.145,187.274,186.524,17,13.5,0.720105,37.426899,69.753965,16.619665,0.623666
pattern_10,10-H-006,363638.808,6591786.145,186.524,185.774,18,14.25,0.729169,40.149159,68.570837,16.689604,0.649431
pattern_10,10-H-006,363638.808,6591786.145,185.774,185.024,19,15,0.731905,37.628432,69.47636,16.789164,0.614511
pattern_10,10-H-006,363638.808,6591786.145,185.024,184.274,20,15.75,0.689092,39.38731,68.738201,16.99755,0.675762
pattern_10,10-H-006,363638.808,6591786.145,184.274,183.86,21,16.164,0.735245,39.505428,69.020207,16.766072,0.637935
pattern_10,10-H-007,363638.812,6591777.846,200.013,199.263,0,0.75,0.870209,31.793169,70.822995,14.439765,0.445436
pattern_10,10-H-007,363638.812,6591777.846,199.263,198.513,1,1.5,0.881357,33.067493,70.511303,13.972939,0.45532
pattern_10,10-H-007,363638.812,6591777.846,198.513,197.763,2,2.25,0.86277,31.998236,70.804881,14.055072,0.451986
pattern_10,10-H-007,363638.812,6591777.846,197.763,197.013,3,3,0.819428,32.121339,70.165785,14.364347,0.473368
pattern_10,10-H-007,363638.812,6591777.846,197.013,196.263,4,3.75,0.851625,35.155245,72.385475,14.433865,0.51412
pattern_10,10-H-007,363638.812,6591777.846,196.263,195.513,5,4.5,0.818966,34.67059,70.497522,15.966772,0.513687
pattern_10,10-H-007,363638.812,6591777.846,195.513,194.763,6,5.25,0.79539,34.929225,70.923753,15.830691,0.53598
pattern_10,10-H-007,363638.812,6591777.846,194.763,194.013,7,6,0.810926,33.34968,69.915736,16.227255,0.495
pattern_10,10-H-007,363638.812,6591777.846,194.013,193.263,8,6.75,0.78781,35.82751,69.414143,15.361466,0.543156
pattern_10,10-H-007,363638.812,6591777.846,193.263,192.513,9,7.5,0.803745,35.899149,69.956169,16.637485,0.537792
pattern_10,10-H-007,363638.812,6591777.846,192.513,191.763,10,8.25,0.762643,34.708766,70.044083,15.687029,0.548514
pattern_10,10-H-007,363638.812,6591777.846,191.763,191.013,11,9,0.753073,35.93165,69.523629,15.316701,0.570661
pattern_10,10-H-007,363638.812,6591777.846,191.013,190.263,12,9.75,0.761252,37.409531,69.061859,16.223754,0.583912
pattern_10,10-H-007,363638.812,6591777.846,190.263,189.513,13,10.5,0.741371,37.225417,67.974371,14.823062,0.587044
pattern_10,10-H-007,363638.812,6591777.846,189.513,188.763,14,11.25,0.744114,39.208702,70.249412,17.570794,0.636841
pattern_10,10-H-007,363638.812,6591777.846,188.763,188.013,15,12,0.711609,38.718766,69.031502,17.258007,0.646139
pattern_10,10-H-007,363638.812,6591777.846,188.013,187.263,16,12.75,0.717276,38.696463,68.451893,15.730544,0.635135
pattern_10,10-H-007,363638.812,6591777.846,187.263,186.513,17,13.5,0.754573,38.617758,68.703973,16.204489,0.604881
pattern_10,10-H-007,363638.812,6591777.846,186.513,185.763,18,14.25,0.741435,37.700764,68.93631,17.126086,0.603133
pattern_10,10-H-007,363638.812,6591777.846,185.763,185.013,19,15,0.762848,37.602779,69.096509,16.57743,0.58603
pattern_10,10-H-007,363638.812,6591777.846,185.013,184.263,20,15.75,0.741546,39.738472,69.06602,15.150386,0.636476
pattern_10,10-H-007,363638.812,6591777.846,184.263,183.612,21,16.401,0.762875,37.198378,69.978445,16.764523,0.587126
pattern_10,10-H-008,363632.402,6591821.824,199.99,199.24,0,0.75,0.878255,32.175391,70.584887,14.710626,0.445193
pattern_10,10-H-008,363632.402,6591821.824,199.24,198.49,1,1.5,0.861946,33.532759,71.305642,14.556475,0.477432
pattern_10,10-H-008,363632.402,6591821.824,198.49,197.74,2,2.25,0.832308,34.858383,71.059259,15.499254,0.512189
pattern_10,10-H-008,363632.402,6591821.824,197.74,196.99,3,3,0.82196,33.990722,70.273274,15.411934,0.500168
pattern_10,10-H-008,363632.402,6591821.824,196.99,196.24,4,3.75,0.844974,33.454957,70.886907,14.886874,0.483058
pattern_10,10-H-008,363632.402,6591821.824,196.24,195.49,5,4.5,0.844101,33.503428,70.268949,15.450009,0.480116
pattern_10,10-H-008,363632.402,6591821.824,195.49,194.74,6,5.25,0.839815,33.86195,71.520553,14.471731,0.496235
pattern_10,10-H-008,363632.402,6591821.824,194.74,193.99,7,6,0.799654,35.226548,70.415114,14.623733,0.533665
pattern_10,10-H-008,363632.402,6591821.824,193.99,193.24,8,6.75,0.81483,33.194109,70.886954,15.783674,0.497079
pattern_10,10-H-008,363632.402,6591821.824,193.24,192.49,9,7.5,0.799636,35.193221,70.899366,14.89564,0.536861
pattern_10,10-H-008,363632.402,6591821.824,192.49,191.74,10,8.25,0.78631,35.724027,69.676538,15.491216,0.544682
pattern_10,10-H-008,363632.402,6591821.824,191.74,190.99,11,9,0.75977,36.117051,69.825391,16.469391,0.571156
pattern_10,10-H-008,363632.402,6591821.824,190.99,190.24,12,9.75,0.749683,35.788612,69.264495,16.199155,0.568944
pattern_10,10-H-008,363632.402,6591821.824,190.24,189.49,13,10.5,0.739159,36.562043,68.504806,15.979755,0.582974
pattern_10,10-H-008,363632.402,6591821.824,189.49,188.74,14,11.25,0.789181,34.574158,70.277442,14.885602,0.52974
pattern_10,10-H-008,363632.402,6591821.824,188.74,187.99,15,12,0.756049,36.206294,68.903368,16.309993,0.56778
pattern_10,10-H-008,363632.402,6591821.824,187.99,187.24,16,12.75,0.751272,35.67593,70.047511,16.039813,0.57232
pattern_10,10-H-008,363632.402,6591821.824,187.24,186.49,17,13.5,0.779975,36.084396,72.220714,15.084767,0.574745
pattern_10,10-H-008,363632.402,6591821.824,186.49,185.74,18,14.25,0.758777,36.213316,70.00801,16.249573,0.574887
pattern_10,10-H-008,363632.402,6591821.824,185.74,184.99,19,15,0.796922,36.120751,70.661365,15.710226,0.551082
pattern_10,10-H-008,363632.402,6591821.824,184.99,184.24,20,15.75,0.754438,35.712631,69.276306,13.897029,0.563991
pattern_10,10-H-008,363632.402,6591821.824,184.24,183.62,21,16.37,0.784072,35.987569,70.43935,14.066564,0.556078
pattern_10,10-H-009,363632.189,6591813.772,200.021,199.271,0,0.75,0.824677,33.83786,70.693977,15.834732,0.499304
pattern_10,10-H-009,363632.189,6591813.772,199.271,198.521,1,1.5,0.767698,36.904828,67.666805,16.410604,0.559764
pattern_10,10-H-009,363632.189,6591813.772,198.521,197.771,2,2.25,0.783436,37.121889,69.000328,15.952157,0.562553
pattern_10,10-H-009,363632.189,6591813.772,197.771,197.021,3,3,0.781686,37.289787,70.063915,15.623623,0.57501
pattern_10,10-H-009,363632.189,6591813.772,197.021,196.271,4,3.75,0.768921,36.640755,68.833113,15.698097,0.564335
pattern_10,10-H-009,363632.189,6591813.772,196.271,195.521,5,4.5,0.788103,35.418895,70.587146,15.878332,0.545886
pattern_10,10-H-009,363632.189,6591813.772,195.521,194.771,6,5.25,0.755563,37.49479,69.425419,15.943679,0.59269
pattern_10,10-H-009,363632.189,6591813.772,194.771,194.021,7,6,0.709504,37.418636,69.535544,18.182498,0.631029
pattern_10,10-H-009,363632.189,6591813.772,194.021,193.271,8,6.75,0.714422,37.95854,68.861796,17.851841,0.629533
pattern_10,10-H-009,363632.189,6591813.772,193.271,192.521,9,7.5,0.731373,36.649511,68.358971,16.729448,0.589402
pattern_10,10-H-009,363632.189,6591813.772,192.521,191.771,10,8.25,0.705864,37.728895,67.875835,17.249081,0.624188
pattern_10,10-H-009,363632.189,6591813.772,191.771,191.021,11,9,0.721596,39.689819,68.207102,17.540448,0.645413
pattern_10,10-H-009,363632.189,6591813.772,191.021,190.271,12,9.75,0.677298,39.129578,68.027597,16.722463,0.675935
pattern_10,10-H-009,363632.189,6591813.772,190.271,189.521,13,10.5,0.668364,39.057297,68.304024,16.632,0.68644
pattern_10,10-H-009,363632.189,6591813.772,189.521,188.771,14,11.25,0.700422,41.277197,67.779507,16.672467,0.686939
pattern_10,10-H-009,363632.189,6591813.772,188.771,188.021,15,12,0.651526,40.910711,67.866928,16.945933,0.732778
pattern_10,10-H-009,363632.189,6591813.772,188.021,187.271,16,12.75,0.674273,38.261682,68.981686,16.710274,0.673225
pattern_10,10-H-009,363632.189,6591813.772,187.271,186.521,17,13.5,0.683296,42.718893,68.224907,17.231647,0.73347
pattern_10,10-H-009,363632.189,6591813.772,186.521,185.771,18,14.25,0.684121,40.649007,67.910153,18.062238,0.694087
pattern_10,10-H-009,363632.189,6591813.772,185.771,185.021,19,15,0.695647,39.51151,68.12862,17.834396,0.665683
pattern_10,10-H-009,363632.189,6591813.772,185.021,184.271,20,15.75,0.705531,38.983339,68.569385,16.740164,0.651685
pattern_10,10-H-009,363632.189,6591813.772,184.271,183.521,21,16.5,0.705647,39.440997,68.918027,16.535667,0.66252
pattern_10,10-H-009,363632.189,6591813.772,183.521,183.169,22,16.852,0.709649,37.865392,69.580791,16.976617,0.638675
pattern_10,10-H-010,363632.325,6591806.576,199.949,199.199,0,0.75,0.696165,39.18845,70.06804,16.352241,0.678307
pattern_10,10-H-010,363632.325,6591806.576,199.199,198.449,1,1.5,0.665394,39.280421,68.450251,17.012454,0.694949
pattern_10,10-H-010,363632.325,6591806.576,198.449,197.699,2,2.25,0.721226,39.617649,68.746357,16.99018,0.649585
pattern_10,10-H-010,363632.325,6591806.576,197.699,196.949,3,3,0.70634,38.521921,67.218052,17.2407,0.630684
pattern_10,10-H-010,363632.325,6591806.576,196.949,196.199,4,3.75,0.693958,39.865842,69.35983,16.143193,0.685185
pattern_10,10-H-010,363632.325,6591806.576,196.199,195.449,5,4.5,0.702695,39.843525,68.849046,18.339337,0.671613
pattern_10,10-H-010,363632.325,6591806.576,195.449,194.699,6,5.25,0.658591,40.937806,68.319946,18.824575,0.730475
pattern_10,10-H-010,363632.325,6591806.576,194.699,193.949,7,6,0.627843,42.30912,67.759902,18.094431,0.785164
pattern_10,10-H-010,363632.325,6591806.576,193.949,193.199,8,6.75,0.632905,42.241886,66.247044,17.851259,0.760324
pattern_10,10-H-010,363632.325,6591806.576,193.199,192.449,9,7.5,0.641084,39.065659,66.651857,17.852683,0.698603
pattern_10,10-H-010,363632.325,6591806.576,192.449,191.699,10,8.25,0.643423,42.669972,66.236359,18.207621,0.75541
pattern_10,10-H-010,363632.325,6591806.576,191.699,190.949,11,9,0.620967,42.093504,66.764444,17.325728,0.778136
pattern_10,10-H-010,363632.325,6591806.576,190.949,190.199,12,9.75,0.5739,42.534065,67.02415,18.526081,0.854015
pattern_10,10-H-010,363632.325,6591806.576,190.199,189.449,13,10.5,0.558955,44.572173,65.703393,18.706099,0.900656
pattern_10,10-H-010,363632.325,6591806.576,189.449,188.699,14,11.25,0.577431,44.99693,65.806751,19.432731,0.881667
pattern_10,10-H-010,363632.325,6591806.576,188.699,187.949,15,12,0.581206,46.991269,66.187359,18.292051,0.919814
pattern_10,10-H-010,363632.325,6591806.576,187.949,187.199,16,12.75,0.601085,43.080388,67.062306,19.084176,0.826474
pattern_10,10-H-010,363632.325,6591806.576,187.199,186.449,17,13.5,0.611218,43.46579,66.112817,19.218493,0.808501
pattern_10,10-H-010,363632.325,6591806.576,186.449,185.699,18,14.25,0.579336,44.152233,66.543719,18.617586,0.871855
pattern_10,10-H-010,363632.325,6591806.576,185.699,184.949,19,15,0.60252,45.121666,65.978579,18.523442,0.849486
pattern_10,10-H-010,363632.325,6591806.576,184.949,184.199,20,15.75,0.615723,43.712737,66.875029,18.577633,0.816349
pattern_10,10-H-010,363632.325,6591806.576,184.199,183.557,21,16.392,0.5833,42.737689,67.982637,18.168724,0.856298
pattern_10,10-H-011,363632.078,6591797.603,200.005,199.255,0,0.75,0.842611,32.379518,71.228606,14.925657,0.47115
pattern_10,10-H-011,363632.078,6591797.603,199.255,198.505,1,1.5,0.822478,34.03431,71.223273,14.744233,0.507152
pattern_10,10-H-011,363632.078,6591797.603,198.505,197.755,2,2.25,0.815626,36.23819,70.319378,14.15647,0.537439
pattern_10,10-H-011,363632.078,6591797.603,197.755,197.005,3,3,0.837601,35.328322,70.29254,15.307595,0.510232
pattern_10,10-H-011,363632.078,6591797.603,197.005,196.255,4,3.75,0.778954,35.640673,71.110622,15.202756,0.559746
pattern_10,10-H-011,363632.078,6591797.603,196.255,195.505,5,4.5,0.799968,36.176544,69.063373,15.128685,0.537375
pattern_10,10-H-011,363632.078,6591797.603,195.505,194.755,6,5.25,0.771538,36.288185,69.4113,15.766779,0.561706
pattern_10,10-H-011,363632.078,6591797.603,194.755,194.005,7,6,0.726925,37.619648,69.578209,15.455317,0.619305
pattern_10,10-H-011,363632.078,6591797.603,194.005,193.255,8,6.75,0.748463,37.177517,70.546314,15.971794,0.602798
pattern_10,10-H-011,363632.078,6591797.603,193.255,192.505,9,7.5,0.747934,37.031097,69.981988,16.565935,0.596136
pattern_10,10-H-011,363632.078,6591797.603,192.505,191.755,10,8.25,0.725454,38.812846,70.010347,16.437155,0.644263
pattern_10,10-H-011,363632.078,6591797.603,191.755,191.005,11,9,0.687943,39.585983,68.604196,16.560311,0.678915
pattern_10,10-H-011,363632.078,6591797.603,191.005,190.255,12,9.75,0.731714,38.637481,67.599373,16.822195,0.614108
pattern_10,10-H-011,363632.078,6591797.603,190.255,189.505,13,10.5,0.693815,40.778694,67.211359,18.459073,0.679602
pattern_10,10-H-011,363632.078,6591797.603,189.505,188.755,14,11.25,0.665079,40.807044,68.442196,16.923967,0.722124
pattern_10,10-H-011,363632.078,6591797.603,188.755,188.005,15,12,0.679822,40.844103,68.764386,17.839297,0.710578
pattern_10,10-H-011,363632.078,6591797.603,188.005,187.255,16,12.75,0.684658,39.578215,66.588786,17.10731,0.662119
pattern_10,10-H-011,363632.078,6591797.603,187.255,186.505,17,13.5,0.68586,39.246437,68.035216,17.240104,0.669647
pattern_10,10-H-011,363632.078,6591797.603,186.505,185.755,18,14.25,0.707099,39.635645,66.718848,18.071231,0.643466
pattern_10,10-H-011,363632.078,6591797.603,185.755,185.005,19,15,0.684174,38.784912,67.720567,17.178495,0.660357
pattern_10,10-H-011,363632.078,6591797.603,185.005,184.255,20,15.75,0.743301,38.517374,68.44189,17.321261,0.61024
pattern_10,10-H-011,363632.078,6591797.603,184.255,183.838,21,16.167,0.708291,37.916968,67.997978,15.58206,0.626066
pattern_10,10-H-012,363632.294,6591789.993,199.943,199.193,0,0.75,0.869214,33.215833,71.609673,14.036844,0.470926
pattern_10,10-H-012,363632.294,6591789.993,199.193,198.443,1,1.5,0.889247,33.285606,70.522298,15.928476,0.454569
pattern_10,10-H-012,363632.294,6591789.993,198.443,197.693,2,2.25,0.840279,33.803898,71.979433,16.419272,0.498516
pattern_10,10-H-012,363632.294,6591789.993,197.693,196.943,3,3,0.823657,34.038832,69.851216,15.345432,0.496846
pattern_10,10-H-012,363632.294,6591789.993,196.943,196.193,4,3.75,0.810378,34.675376,69.264602,15.073019,0.510028
pattern_10,10-H-012,363632.294,6591789.993,196.193,195.443,5,4.5,0.806879,35.285729,69.366952,15.922087,0.522086
pattern_10,10-H-012,363632.294,6591789.993,195.443,194.693,6,5.25,0.797788,35.599332,69.178904,15.780337,0.531233
pattern_10,10-H-012,363632.294,6591789.993,194.693,193.943,7,6,0.750499,36.088067,68.282334,15.050422,0.564829
pattern_10,10-H-012,363632.294,6591789.993,193.943,193.193,8,6.75,0.779778,34.600659,69.460176,15.421482,0.530363
pattern_10,10-H-012,363632.294,6591789.993,193.193,192.443,9,7.5,0.77825,35.131003,68.283283,15.546339,0.530422
pattern_10,10-H-012,363632.294,6591789.993,192.443,191.693,10,8.25,0.773795,37.08584,69.796823,16.248196,0.575568
pattern_10,10-H-012,363632.294,6591789.993,191.693,190.943,11,9,0.756833,36.949731,69.728466,17.234677,0.585818
pattern_10,10-H-012,363632.294,6591789.993,190.943,190.193,12,9.75,0.706561,39.494663,68.049908,17.318881,0.654338
pattern_10,10-H-012,363632.294,6591789.993,190.193,189.443,13,10.5,0.73644,39.123191,68.163016,16.775938,0.622954
pattern_10,10-H-012,363632.294,6591789.993,189.443,188.693,14,11.25,0.689415,38.67817,69.258533,17.11203,0.668341
pattern_10,10-H-012,363632.294,6591789.993,188.693,187.943,15,12,0.683921,37.924461,69.547206,17.377954,0.663384
pattern_10,10-H-012,363632.294,6591789.993,187.943,187.193,16,12.75,0.687912,37.977106,69.365766,16.119496,0.658589
pattern_10,10-H-012,363632.294,6591789.993,187.193,186.443,17,13.5,0.738417,38.397038,69.681193,15.4148,0.623169
pattern_10,10-H-012,363632.294,6591789.993,186.443,185.693,18,14.25,0.700682,37.687809,68.472683,15.82275,0.633438
pattern_10,10-H-012,363632.294,6591789.993,185.693,184.943,19,15,0.727993,37.323627,68.529945,16.443183,0.604451
pattern_10,10-H-012,363632.294,6591789.993,184.943,184.193,20,15.75,0.72999,37.148391,69.222739,17.413616,0.606146
pattern_10,10-H-012,363632.294,6591789.993,184.193,183.955,21,15.988,0.739691,37.058108,69.486824,16.443578,0.598926
pattern_10,10-H-013,363632.361,6591782.05,199.897,199.147,0,0.75,0.825349,35.522839,70.218092,14.638815,0.519989
pattern_10,10-H-013,363632.361,6591782.05,199.147,198.397,1,1.5,0.821101,35.079427,68.663826,14.865466,0.504809
pattern_10,10-H-013,363632.361,6591782.05,198.397,197.647,2,2.25,0.81152,36.14531,70.52587,16.187296,0.540594
pattern_10,10-H-013,363632.361,6591782.05,197.647,196.897,3,3,0.813119,34.613199,69.216378,16.070207,0.507175
pattern_10,10-H-013,363632.361,6591782.05,196.897,196.147,4,3.75,0.807163,35.820151,68.405624,16.389276,0.52252
pattern_10,10-H-013,363632.361,6591782.05,196.147,195.397,5,4.5,0.788351,37.383563,70.311578,15.566,0.5736
pattern_10,10-H-013,363632.361,6591782.05,195.397,194.647,6,5.25,0.774164,36.870027,69.634598,17.433807,0.570778
pattern_10,10-H-013,363632.361,6591782.05,194.647,193.897,7,6,0.773815,35.940362,70.00161,17.126552,0.559575
pattern_10,10-H-013,363632.361,6591782.05,193.897,193.147,8,6.75,0.755746,37.913447,69.693072,16.145304,0.601468
pattern_10,10-H-013,363632.361,6591782.05,193.147,192.397,9,7.5,0.74836,37.082626,70.143238,16.123737,0.597941
pattern_10,10-H-013,363632.361,6591782.05,192.397,191.647,10,8.25,0.753564,38.336361,69.141613,15.631185,0.605038
pattern_10,10-H-013,363632.361,6591782.05,191.647,190.897,11,9,0.709789,38.441627,69.290884,16.717444,0.645511
pattern_10,10-H-013,363632.361,6591782.05,190.897,190.147,12,9.75,0.724388,40.167458,68.234578,17.328713,0.650881
pattern_10,10-H-013,363632.361,6591782.05,190.147,189.397,13,10.5,0.724353,39.317626,67.573223,17.324567,0.63103
pattern_10,10-H-013,363632.361,6591782.05,189.397,188.647,14,11.25,0.688361,39.319148,68.711787,17.994827,0.675172
pattern_10,10-H-013,363632.361,6591782.05,188.647,187.897,15,12,0.671398,41.435204,68.378354,17.497858,0.72572
pattern_10,10-H-013,363632.361,6591782.05,187.897,187.147,16,12.75,0.699018,39.691319,68.061841,16.853334,0.664719
pattern_10,10-H-013,363632.361,6591782.05,187.147,186.397,17,13.5,0.729332,38.601952,69.103602,16.980352,0.629213
pattern_10,10-H-013,363632.361,6591782.05,186.397,185.647,18,14.25,0.685533,38.896368,69.635486,16.882282,0.679534
pattern_10,10-H-013,363632.361,6591782.05,185.647,184.897,19,15,0.748942,37.877974,68.392495,16.497926,0.595113
pattern_10,10-H-013,363632.361,6591782.05,184.897,184.147,20,15.75,0.711715,37.830955,68.739357,15.771804,0.628434
pattern_10,10-H-013,363632.361,6591782.05,184.147,183.397,21,16.5,0.739172,37.171677,69.220669,16.708194,0.598913
pattern_10,10-H-013,363632.361,6591782.05,183.397,182.647,22,17.25,0.765448,38.274477,68.540072,16.163826,0.589622
pattern_10,10-H-013,363632.361,6591782.05,182.647,181.897,23,18,0.705277,37.815553,69.049554,17.393254,0.636945
pattern_10,10-H-013,363632.361,6591782.05,181.897,181.523,24,18.374,0.673056,39.062438,69.222148,16.600227,0.690892
pattern_10,10-H-014,363631.895,6591773.712,200.053,199.303,0,0.75,0.905127,32.676758,72.025513,14.10167,0.447577
pattern_10,10-H-014,363631.895,6591773.712,199.303,198.553,1,1.5,0.900379,31.852084,70.871466,14.249902,0.431634
pattern_10,10-H-014,363631.895,6591773.712,198.553,197.803,2,2.25,0.862789,33.602341,71.490092,14.32555,0.479157
pattern_10,10-H-014,363631.895,6591773.712,197.803,197.053,3,3,0.838525,34.219663,70.202389,15.09461,0.493079
pattern_10,10-H-014,363631.895,6591773.712,197.053,196.303,4,3.75,0.847314,31.706133,70.277805,14.652625,0.452705
pattern_10,10-H-014,363631.895,6591773.712,196.303,195.553,5,4.5,0.809659,34.066921,71.032848,14.64627,0.514259
pattern_10,10-H-014,363631.895,6591773.712,195.553,194.803,6,5.25,0.836205,34.132235,70.403876,14.936364,0.494575
pattern_10,10-H-014,363631.895,6591773.712,194.803,194.053,7,6,0.846987,34.172759,70.097738,15.076411,0.486778
pattern_10,10-H-014,363631.895,6591773.712,194.053,193.303,8,6.75,0.840959,33.858676,69.92555,16.0829,0.484699
pattern_10,10-H-014,363631.895,6591773.712,193.303,192.553,9,7.5,0.790349,33.522293,70.87446,15.94194,0.517393
pattern_10,10-H-014,363631.895,6591773.712,192.553,191.803,10,8.25,0.782628,34.671576,69.270269,16.111245,0.528159
pattern_10,10-H-014,363631.895,6591773.712,191.803,191.053,11,9,0.788773,34.699157,69.944787,16.01714,0.529551
pattern_10,10-H-014,363631.895,6591773.712,191.053,190.303,12,9.75,0.762375,34.897355,69.355213,15.581192,0.546258
pattern_10,10-H-014,363631.895,6591773.712,190.303,189.553,13,10.5,0.750382,37.084973,70.691878,17.634973,0.601204
pattern_10,10-H-014,363631.895,6591773.712,189.553,188.803,14,11.25,0.74047,37.638491,69.419486,16.00959,0.606997
pattern_10,10-H-014,363631.895,6591773.712,188.803,188.053,15,12,0.772596,36.697268,68.932314,15.766085,0.563339
pattern_10,10-H-014,363631.895,6591773.712,188.053,187.303,16,12.75,0.77269,37.841854,69.759285,15.637775,0.587709
pattern_10,10-H-014,363631.895,6591773.712,187.303,186.553,17,13.5,0.773802,37.31501,68.58427,17.126121,0.569187
pattern_10,10-H-014,363631.895,6591773.712,186.553,185.803,18,14.25,0.773312,35.739238,70.412555,14.40095,0.559741
pattern_10,10-H-014,363631.895,6591773.712,185.803,185.053,19,15,0.810913,36.109403,69.816575,15.348743,0.534944
pattern_10,10-H-014,363631.895,6591773.712,185.053,184.303,20,15.75,0.771509,33.735306,68.930618,15.772841,0.51874
pattern_10,10-H-014,363631.895,6591773.712,184.303,183.923,21,16.13,0.793786,35.132666,70.099951,15.487941,0.533882
pattern_10,10-H-015,363624.951,6591825.69,199.94,199.19,0,0.75,0.912006,30.771966,71.483551,13.889383,0.415259
pattern_10,10-H-015,363624.951,6591825.69,199.19,198.44,1,1.5,0.879953,32.584004,70.531225,14.430163,0.449583
pattern_10,10-H-015,363624.951,6591825.69,198.44,197.69,2,2.25,0.852541,31.915248,70.170093,14.769,0.452219
pattern_10,10-H-015,363624.951,6591825.69,197.69,196.94,3,3,0.819886,33.335772,71.937286,14.971205,0.50335
pattern_10,10-H-015,363624.951,6591825.69,196.94,196.19,4,3.75,0.847085,32.607244,70.211236,14.921688,0.465239
pattern_10,10-H-015,363624.951,6591825.69,196.19,195.44,5,4.5,0.846061,33.344614,70.258309,15.109948,0.476633
pattern_10,10-H-015,363624.951,6591825.69,195.44,194.69,6,5.25,0.861525,33.618033,72.09481,13.986237,0.484086
pattern_10,10-H-015,363624.951,6591825.69,194.69,193.94,7,6,0.816468,33.384666,70.971738,14.415559,0.499351
pattern_10,10-H-015,363624.951,6591825.69,193.94,193.19,8,6.75,0.852392,34.205533,69.384634,13.922659,0.479119
pattern_10,10-H-015,363624.951,6591825.69,193.19,192.44,9,7.5,0.824832,34.898322,70.443592,15.668545,0.512958
pattern_10,10-H-015,363624.951,6591825.69,192.44,191.69,10,8.25,0.791098,36.898744,69.466536,16.556133,0.557588
pattern_10,10-H-015,363624.951,6591825.69,191.69,190.94,11,9,0.78299,36.942475,69.080808,15.606009,0.56077
pattern_10,10-H-015,363624.951,6591825.69,190.94,190.19,12,9.75,0.771653,36.774434,69.80397,16.108189,0.572372
pattern_10,10-H-015,363624.951,6591825.69,190.19,189.44,13,10.5,0.750888,34.16419,68.796103,14.94019,0.538534
pattern_10,10-H-015,363624.951,6591825.69,189.44,188.69,14,11.25,0.733439,37.778259,69.621971,16.219349,0.61688
pattern_10,10-H-015,363624.951,6591825.69,188.69,187.94,15,12,0.758156,37.16398,68.808731,16.277966,0.580332
pattern_10,10-H-015,363624.951,6591825.69,187.94,187.19,16,12.75,0.747685,37.311015,68.632809,15.752092,0.589183
pattern_10,10-H-015,363624.951,6591825.69,187.19,186.44,17,13.5,0.774689,34.519659,70.17235,15.09199,0.537991
pattern_10,10-H-015,363624.951,6591825.69,186.44,185.69,18,14.25,0.79761,36.294151,69.035457,15.345902,0.540512
pattern_10,10-H-015,363624.951,6591825.69,185.69,184.94,19,15,0.767534,35.544505,69.362959,16.390453,0.552785
pattern_10,10-H-015,363624.951,6591825.69,184.94,184.19,20,15.75,0.779111,35.625155,70.855088,15.575309,0.557432
pattern_10,10-H-015,363624.951,6591825.69,184.19,183.449,21,16.491,0.799895,35.308731,68.635105,15.617559,0.521393
pattern_10,10-H-016,363625.154,6591817.886,199.969,199.219,0,0.75,0.842896,33.189199,69.657992,14.807417,0.472105
pattern_10,10-H-016,363625.154,6591817.886,199.219,198.469,1,1.5,0.799743,34.548185,70.633586,14.913322,0.525018
pattern_10,10-H-016,363625.154,6591817.886,198.469,197.719,2,2.25,0.798532,34.760436,69.833603,15.897924,0.523179
pattern_10,10-H-016,363625.154,6591817.886,197.719,196.969,3,3,0.808341,34.502945,69.655561,15.810524,0.511726
pattern_10,10-H-016,363625.154,6591817.886,196.969,196.219,4,3.75,0.80792,34.939136,71.308031,15.478253,0.530653
pattern_10,10-H-016,363625.154,6591817.886,196.219,195.469,5,4.5,0.780764,34.004134,70.262362,16.582835,0.526727
pattern_10,10-H-016,363625.154,6591817.886,195.469,194.719,6,5.25,0.782141,34.962557,68.889936,15.932507,0.529969
pattern_10,10-H-016,363625.154,6591817.886,194.719,193.969,7,6,0.758727,36.186172,69.792745,15.96221,0.5727
pattern_10,10-H-016,363625.154,6591817.886,193.969,193.219,8,6.75,0.784277,35.731415,70.056595,15.495843,0.549171
pattern_10,10-H-016,363625.154,6591817.886,193.219,192.469,9,7.5,0.81043,36.087478,70.047621,15.682672,0.536742
pattern_10,10-H-016,363625.154,6591817.886,192.469,191.719,10,8.25,0.767623,37.422244,69.795956,15.504719,0.585327
pattern_10,10-H-016,363625.154,6591817.886,191.719,190.969,11,9,0.751683,36.51636,69.619678,15.954803,0.581863
pattern_10,10-H-016,363625.154,6591817.886,190.969,190.219,12,9.75,0.745652,39.282709,68.393367,17.550463,0.619958
pattern_10,10-H-016,363625.154,6591817.886,190.219,189.469,13,10.5,0.718767,39.570921,69.556726,16.626212,0.65864
pattern_10,10-H-016,363625.154,6591817.886,189.469,188.719,14,11.25,0.691152,39.333902,68.247137,17.480827,0.66811
pattern_10,10-H-016,363625.154,6591817.886,188.719,187.969,15,12,0.721031,38.134247,68.985544,16.750425,0.627649
pattern_10,10-H-016,363625.154,6591817.886,187.969,187.219,16,12.75,0.727951,38.54802,69.289762,18.069252,0.631347
pattern_10,10-H-016,363625.154,6591817.886,187.219,186.469,17,13.5,0.709322,38.172254,67.256261,17.080398,0.622692
pattern_10,10-H-016,363625.154,6591817.886,186.469,185.719,18,14.25,0.750418,38.614789,69.133746,15.92777,0.611932
pattern_10,10-H-016,363625.154,6591817.886,185.719,184.969,19,15,0.738584,38.134621,69.232903,16.313226,0.614924
pattern_10,10-H-016,363625.154,6591817.886,184.969,184.219,20,15.75,0.733777,38.735547,68.442656,16.963931,0.621587
pattern_10,10-H-016,363625.154,6591817.886,184.219,183.469,21,16.5,0.733145,36.015269,69.734439,16.515567,0.589402
pattern_10,10-H-016,363625.154,6591817.886,183.469,183.02,22,16.949,0.747357,37.129002,69.780504,15.846569,0.596363
pattern_10,10-H-017,363625.24,6591810.158,199.966,199.216,0,0.75,0.74974,36.906318,69.41596,16.592981,0.587933
pattern_10,10-H-017,363625.24,6591810.158,199.216,198.466,1,1.5,0.749966,38.921829,67.522382,18.200445,0.603089
pattern_10,10-H-017,363625.24,6591810.158,198.466,197.716,2,2.25,0.723427,39.675294,68.547367,16.198162,0.646587
pattern_10,10-H-017,363625.24,6591810.158,197.716,196.966,3,3,0.722538,41.074349,68.79866,16.281161,0.672599
pattern_10,10-H-017,363625.24,6591810.158,196.966,196.216,4,3.75,0.69743,40.634226,67.944928,16.790786,0.68083
pattern_10,10-H-017,363625.24,6591810.158,196.216,195.466,5,4.5,0.699754,40.760685,68.283056,16.321412,0.684001
pattern_10,10-H-017,363625.24,6591810.158,195.466,194.716,6,5.25,0.666944,40.716747,69.273101,17.129813,0.727244
pattern_10,10-H-017,363625.24,6591810.158,194.716,193.966,7,6,0.677839,41.262712,68.390158,16.830047,0.715902
pattern_10,10-H-017,363625.24,6591810.158,193.966,193.216,8,6.75,0.684322,39.878582,68.173697,17.662254,0.683359
pattern_10,10-H-017,363625.24,6591810.158,193.216,192.466,9,7.5,0.635075,43.210787,67.235524,17.853162,0.786597
pattern_10,10-H-017,363625.24,6591810.158,192.466,191.716,10,8.25,0.667211,40.838691,67.502428,18.011039,0.710648
pattern_10,10-H-017,363625.24,6591810.158,191.716,190.966,11,9,0.601162,42.128104,66.719513,17.645449,0.80386
pattern_10,10-H-017,363625.24,6591810.158,190.966,190.216,12,9.75,0.646781,41.813359,66.407921,18.391349,0.738381
pattern_10,10-H-017,363625.24,6591810.158,190.216,189.466,13,10.5,0.622604,43.993026,67.579207,18.119876,0.820991
pattern_10,10-H-017,363625.24,6591810.158,189.466,188.716,14,11.25,0.628139,43.833867,67.598729,19.243874,0.811209
pattern_10,10-H-017,363625.24,6591810.158,188.716,187.966,15,12,0.58268,45.959165,68.568571,18.53929,0.929626
pattern_10,10-H-017,363625.24,6591810.158,187.966,187.216,16,12.75,0.620297,43.939744,67.683935,18.57724,0.824368
pattern_10,10-H-017,363625.24,6591810.158,187.216,186.466,17,13.5,0.615692,42.594786,67.16892,18.103609,0.798998
pattern_10,10-H-017,363625.24,6591810.158,186.466,185.716,18,14.25,0.639607,41.158221,67.854318,17.681011,0.750849
pattern_10,10-H-017,363625.24,6591810.158,185.716,184.966,19,15,0.63975,39.903778,69.420368,18.197641,0.744679
pattern_10,10-H-017,363625.24,6591810.158,184.966,184.216,20,15.75,0.645474,41.072279,67.925868,18.887365,0.743421
pattern_10,10-H-017,363625.24,6591810.158,184.216,183.779,21,16.187,0.63224,42.420272,68.238406,17.788565,0.78723
pattern_10,10-H-018,363625.481,6591801.52,199.97,199.22,0,0.75,0.786563,36.311827,69.824893,16.185179,0.554694
pattern_10,10-H-018,363625.481,6591801.52,199.22,198.47,1,1.5,0.751209,37.434393,69.395376,16.339804,0.594948
pattern_10,10-H-018,363625.481,6591801.52,198.47,197.72,2,2.25,0.733615,37.823399,68.986187,16.064943,0.611828
pattern_10,10-H-018,363625.481,6591801.52,197.72,196.97,3,3,0.71055,38.436342,69.671022,15.952238,0.648167
pattern_10,10-H-018,363625.481,6591801.52,196.97,196.22,4,3.75,0.713465,40.278497,67.608504,16.119623,0.656427
pattern_10,10-H-018,363625.481,6591801.52,196.22,195.47,5,4.5,0.717793,42.313372,69.205506,17.987612,0.701715
pattern_10,10-H-018,363625.481,6591801.52,195.47,194.72,6,5.25,0.667594,41.69755,68.367372,16.590327,0.734223
pattern_10,10-H-018,363625.481,6591801.52,194.72,193.97,7,6,0.704916,39.688729,67.691663,17.430128,0.655628
pattern_10,10-H-018,363625.481,6591801.52,193.97,193.22,8,6.75,0.687307,40.800306,69.148574,17.107368,0.705933
pattern_10,10-H-018,363625.481,6591801.52,193.22,192.47,9,7.5,0.671313,41.304621,68.595817,17.33683,0.725806
pattern_10,10-H-018,363625.481,6591801.52,192.47,191.72,10,8.25,0.622068,41.283323,67.680051,17.805586,0.772329
pattern_10,10-H-018,363625.481,6591801.52,191.72,190.97,11,9,0.583596,42.964385,68.066418,18.283846,0.861466
pattern_10,10-H-018,363625.481,6591801.52,190.97,190.22,12,9.75,0.600817,43.938346,67.890416,18.534484,0.85358
pattern_10,10-H-018,363625.481,6591801.52,190.22,189.47,13,10.5,0.594374,42.422853,68.382317,18.679028,0.839165
pattern_10,10-H-018,363625.481,6591801.52,189.47,188.72,14,11.25,0.609274,43.42341,67.77397,18.00506,0.830437
pattern_10,10-H-018,363625.481,6591801.52,188.72,187.97,15,12,0.609592,42.697886,66.424875,19.891073,0.8002
pattern_10,10-H-018,363625.481,6591801.52,187.97,187.22,16,12.75,0.608994,43.512103,66.786085,18.471354,0.820464
pattern_10,10-H-018,363625.481,6591801.52,187.22,186.47,17,13.5,0.60534,40.772362,68.009075,17.875456,0.787625
pattern_10,10-H-018,363625.481,6591801.52,186.47,185.72,18,14.25,0.637225,40.095822,68.306576,17.939902,0.73916
pattern_10,10-H-018,363625.481,6591801.52,185.72,184.97,19,15,0.627945,40.770225,68.258821,18.259808,0.762138
pattern_10,10-H-018,363625.481,6591801.52,184.97,184.22,20,15.75,0.629396,40.218047,67.443498,17.408327,0.74108
pattern_10,10-H-018,363625.481,6591801.52,184.22,183.74,21,16.23,0.657878,40.285666,68.618083,17.746568,0.72265
pattern_10,10-H-019,363625.178,6591793.636,199.968,199.218,0,0.75,0.821434,33.810238,69.447009,15.325297,0.491997
pattern_10,10-H-019,363625.178,6591793.636,199.218,198.468,1,1.5,0.832813,37.019595,70.473298,15.049442,0.538978
pattern_10,10-H-019,363625.178,6591793.636,198.468,197.718,2,2.25,0.815665,34.714334,70.056468,15.541635,0.513136
pattern_10,10-H-019,363625.178,6591793.636,197.718,196.968,3,3,0.802513,34.833811,68.99022,14.978688,0.5153
pattern_10,10-H-019,363625.178,6591793.636,196.968,196.218,4,3.75,0.767347,36.450087,70.365112,16.323862,0.57511
pattern_10,10-H-019,363625.178,6591793.636,196.218,195.468,5,4.5,0.782992,36.35825,69.780255,15.596754,0.557498
pattern_10,10-H-019,363625.178,6591793.636,195.468,194.718,6,5.25,0.774005,36.96994,70.348594,16.791267,0.578205
pattern_10,10-H-019,363625.178,6591793.636,194.718,193.968,7,6,0.74045,39.225954,69.111886,16.681847,0.629821
pattern_10,10-H-019,363625.178,6591793.636,193.968,193.218,8,6.75,0.719062,38.235623,69.646399,16.1945,0.636988
pattern_10,10-H-019,363625.178,6591793.636,193.218,192.468,9,7.5,0.722281,38.460994,68.230434,16.138567,0.624948
pattern_10,10-H-019,363625.178,6591793.636,192.468,191.718,10,8.25,0.714319,39.250008,68.097839,17.348367,0.643713
pattern_10,10-H-019,363625.178,6591793.636,191.718,190.968,11,9,0.677886,39.861976,68.710521,16.948616,0.694866
pattern_10,10-H-019,363625.178,6591793.636,190.968,190.218,12,9.75,0.697355,41.25551,68.348361,17.108334,0.695414
pattern_10,10-H-019,363625.178,6591793.636,190.218,189.468,13,10.5,0.685689,40.546491,67.941441,17.613195,0.691027
pattern_10,10-H-019,363625.178,6591793.636,189.468,188.718,14,11.25,0.66902,39.830899,68.801806,19.06544,0.70469
pattern_10,10-H-019,363625.178,6591793.636,188.718,187.968,15,12,0.679773,40.599221,67.692565,16.619841,0.695256
pattern_10,10-H-019,363625.178,6591793.636,187.968,187.218,16,12.75,0.689843,39.65843,68.726726,16.69555,0.679511
pattern_10,10-H-019,363625.178,6591793.636,187.218,186.468,17,13.5,0.699233,39.920482,67.652834,17.092742,0.664364
pattern_10,10-H-019,363625.178,6591793.636,186.468,185.718,18,14.25,0.720823,39.349547,69.462397,16.725882,0.652234
pattern_10,10-H-019,363625.178,6591793.636,185.718,184.968,19,15,0.708089,38.920359,69.430444,17.149076,0.656458
pattern_10,10-H-019,363625.178,6591793.636,184.968,184.223,20,15.745,0.686038,39.792896,67.890067,17.800981,0.67739
pattern_10,10-H-020,363625.058,6591785.716,200.019,199.269,0,0.75,0.802773,35.469906,70.761251,15.17315,0.537948
pattern_10,10-H-020,363625.058,6591785.716,199.269,198.519,1,1.5,0.81177,34.019543,70.489887,15.350117,0.5084
pattern_10,10-H-020,363625.058,6591785.716,198.519,197.769,2,2.25,0.805179,35.835374,70.441487,15.236313,0.539421
pattern_10,10-H-020,363625.058,6591785.716,197.769,197.019,3,3,0.798508,35.320177,70.490857,14.591365,0.536415
pattern_10,10-H-020,363625.058,6591785.716,197.019,196.269,4,3.75,0.790444,35.093201,69.600236,15.704568,0.531754
pattern_10,10-H-020,363625.058,6591785.716,196.269,195.519,5,4.5,0.799571,34.33236,70.498916,14.917577,0.520871
pattern_10,10-H-020,363625.058,6591785.716,195.519,194.769,6,5.25,0.806948,35.318841,69.206065,15.404072,0.52126
pattern_10,10-H-020,363625.058,6591785.716,194.769,194.019,7,6,0.773245,36.597053,69.360184,15.596936,0.564788
pattern_10,10-H-020,363625.058,6591785.716,194.019,193.269,8,6.75,0.769993,35.186161,70.476637,15.858442,0.554153
pattern_10,10-H-020,363625.058,6591785.716,193.269,192.519,9,7.5,0.757959,38.406024,69.921657,16.472171,0.60951
pattern_10,10-H-020,363625.058,6591785.716,192.519,191.769,10,8.25,0.796582,37.095373,69.945154,15.122174,0.560351
pattern_10,10-H-020,363625.058,6591785.716,191.769,191.019,11,9,0.729362,36.721978,69.453015,17.732605,0.601753
pattern_10,10-H-020,363625.058,6591785.716,191.019,190.269,12,9.75,0.75162,37.918772,68.825692,17.280269,0.597478
pattern_10,10-H-020,363625.058,6591785.716,190.269,189.519,13,10.5,0.676343,41.227972,68.671998,16.685044,0.719808
pattern_10,10-H-020,363625.058,6591785.716,189.519,188.769,14,11.25,0.705119,41.375247,68.641964,17.539601,0.692776
pattern_10,10-H-020,363625.058,6591785.716,188.769,188.019,15,12,0.6822,39.824457,69.200728,17.402655,0.6948
pattern_10,10-H-020,363625.058,6591785.716,188.019,187.269,16,12.75,0.733893,41.104594,67.799447,17.528289,0.653264
pattern_10,10-H-020,363625.058,6591785.716,187.269,186.519,17,13.5,0.649473,40.107644,68.422045,17.218854,0.72661
pattern_10,10-H-020,363625.058,6591785.716,186.519,185.769,18,14.25,0.694278,38.987819,68.167107,17.993001,0.658569
pattern_10,10-H-020,363625.058,6591785.716,185.769,185.019,19,15,0.741477,37.542658,68.990108,17.282537,0.601064
pattern_10,10-H-020,363625.058,6591785.716,185.019,184.269,20,15.75,0.737067,37.988321,68.939973,16.507956,0.611263
pattern_10,10-H-020,363625.058,6591785.716,184.269,183.909,21,16.11,0.726135,37.329971,69.48066,16.325409,0.614462
pattern_10,10-H-021,363625.069,6591777.405,199.959,199.209,0,0.75,0.839486,33.484205,70.442218,14.175854,0.483499
pattern_10,10-H-021,363625.069,6591777.405,199.209,198.459,1,1.5,0.898621,32.226425,70.277157,14.878536,0.43396
pattern_10,10-H-021,363625.069,6591777.405,198.459,197.709,2,2.25,0.837306,32.808433,70.522869,15.039313,0.475652
pattern_10,10-H-021,363625.069,6591777.405,197.709,196.959,3,3,0.804432,33.396815,69.447738,13.882472,0.496067
pattern_10,10-H-021,363625.069,6591777.405,196.959,196.209,4,3.75,0.816946,34.586118,69.460962,15.262981,0.506093
pattern_10,10-H-021,363625.069,6591777.405,196.209,195.459,5,4.5,0.807221,35.368652,68.521164,15.182325,0.516643
pattern_10,10-H-021,363625.069,6591777.405,195.459,194.709,6,5.25,0.811955,32.902763,71.561904,14.547618,0.499011
pattern_10,10-H-021,363625.069,6591777.405,194.709,193.959,7,6,0.754411,33.961218,69.692119,15.713175,0.539864
pattern_10,10-H-021,363625.069,6591777.405,193.959,193.209,8,6.75,0.808332,34.392684,70.551029,15.121143,0.516552
pattern_10,10-H-021,363625.069,6591777.405,193.209,192.459,9,7.5,0.803889,35.503579,68.491097,16.261789,0.520652
pattern_10,10-H-021,363625.069,6591777.405,192.459,191.709,10,8.25,0.782415,37.656167,68.810722,16.889224,0.569913
pattern_10,10-H-021,363625.069,6591777.405,191.709,190.959,11,9,0.761244,35.602268,70.679506,15.904,0.568738
pattern_10,10-H-021,363625.069,6591777.405,190.959,190.209,12,9.75,0.751722,36.252098,68.678182,16.746463,0.569947
pattern_10,10-H-021,363625.069,6591777.405,190.209,189.459,13,10.5,0.723566,36.632268,69.267157,16.628749,0.603332
pattern_10,10-H-021,363625.069,6591777.405,189.459,188.709,14,11.25,0.730982,39.695355,68.637438,16.649469,0.641141
pattern_10,10-H-021,363625.069,6591777.405,188.709,187.959,15,12,0.712747,39.240901,68.87762,16.462014,0.652233
pattern_10,10-H-021,363625.069,6591777.405,187.959,187.209,16,12.75,0.724267,38.009061,69.305257,17.232501,0.625744
pattern_10,10-H-021,363625.069,6591777.405,187.209,186.459,17,13.5,0.73205,36.980294,70.223395,16.808809,0.610315
pattern_10,10-H-021,363625.069,6591777.405,186.459,185.709,18,14.25,0.731139,36.308549,68.221711,16.296113,0.582903
pattern_10,10-H-021,363625.069,6591777.405,185.709,184.959,19,15,0.754206,38.617241,68.111118,16.51112,0.599999
pattern_10,10-H-021,363625.069,6591777.405,184.959,184.209,20,15.75,0.759065,36.575305,69.650805,16.419533,0.577464
pattern_10,10-H-021,363625.069,6591777.405,184.209,183.459,21,16.5,0.757988,35.459696,69.370357,15.332587,0.558322
pattern_10,10-H-021,363625.069,6591777.405,183.459,183.359,22,16.6,0.776398,36.026951,69.513643,15.508479,0.55498
pattern_10,10-H-022,363617.96,6591821.956,200.021,199.271,0,0.75,0.867602,30.973106,70.456284,14.512685,0.433054
pattern_10,10-H-022,363617.96,6591821.956,199.271,198.521,1,1.5,0.86959,30.956214,70.919372,14.064077,0.434606
pattern_10,10-H-022,363617.96,6591821.956,198.521,197.771,2,2.25,0.83793,32.239347,70.810996,14.323779,0.468901
pattern_10,10-H-022,363617.96,6591821.956,197.771,197.021,3,3,0.829914,32.412167,70.0932,14.932287,0.471208
pattern_10,10-H-022,363617.96,6591821.956,197.021,196.271,4,3.75,0.862319,34.742408,70.68455,14.03587,0.490024
pattern_10,10-H-022,363617.96,6591821.956,196.271,195.521,5,4.5,0.809281,34.66193,71.596989,15.419206,0.527691
pattern_10,10-H-022,363617.96,6591821.956,195.521,194.771,6,5.25,0.790211,35.529151,70.140328,15.846406,0.542675
pattern_10,10-H-022,363617.96,6591821.956,194.771,194.021,7,6,0.807295,36.010799,69.864026,15.180174,0.536213
pattern_10,10-H-022,363617.96,6591821.956,194.021,193.271,8,6.75,0.763042,35.971179,71.111597,14.308256,0.576561
pattern_10,10-H-022,363617.96,6591821.956,193.271,192.521,9,7.5,0.789473,36.324534,69.32502,15.708341,0.548848
pattern_10,10-H-022,363617.96,6591821.956,192.521,191.771,10,8.25,0.718438,36.380617,70.043908,15.808826,0.610109
pattern_10,10-H-022,363617.96,6591821.956,191.771,191.021,11,9,0.75501,38.243728,68.736487,16.053676,0.59896
pattern_10,10-H-022,363617.96,6591821.956,191.021,190.271,12,9.75,0.730408,38.658131,70.453017,16.189177,0.641351
pattern_10,10-H-022,363617.96,6591821.956,190.271,189.521,13,10.5,0.762763,37.044712,68.931651,17.367823,0.57615
pattern_10,10-H-022,363617.96,6591821.956,189.521,188.771,14,11.25,0.706082,38.116561,68.471554,16.913151,0.63586
pattern_10,10-H-022,363617.96,6591821.956,188.771,188.021,15,12,0.741852,37.712823,69.157977,16.612408,0.604856
pattern_10,10-H-022,363617.96,6591821.956,188.021,187.271,16,12.75,0.714903,38.448694,68.145059,16.98144,0.630492
pattern_10,10-H-022,363617.96,6591821.956,187.271,186.521,17,13.5,0.743254,37.103357,69.018408,17.130489,0.592864
pattern_10,10-H-022,363617.96,6591821.956,186.521,185.771,18,14.25,0.706236,36.773394,69.268229,17.041174,0.620521
pattern_10,10-H-022,363617.96,6591821.956,185.771,185.021,19,15,0.754232,36.584356,69.049808,15.457749,0.576179
pattern_10,10-H-022,363617.96,6591821.956,185.021,184.271,20,15.75,0.758383,36.874253,68.745953,16.353741,0.575137
pattern_10,10-H-022,363617.96,6591821.956,184.271,183.521,21,16.5,0.739565,35.24033,69.532221,15.19847,0.569962
pattern_10,10-H-022,363617.96,6591821.956,183.521,182.771,22,17.25,0.78559,34.730109,68.766804,15.770264,0.523202
pattern_10,10-H-022,363617.96,6591821.956,182.771,182.222,23,17.799,0.808261,34.991482,70.137498,15.311083,0.522513
pattern_10,10-H-023,363618.271,6591813.804,199.961,199.211,0,0.75,0.751277,37.947006,68.806762,16.822788,0.597974
pattern_10,10-H-023,363618.271,6591813.804,199.211,198.461,1,1.5,0.756347,36.744507,68.900157,16.576738,0.575969
pattern_10,10-H-023,363618.271,6591813.804,198.461,197.711,2,2.25,0.73287,39.511039,68.251506,17.204368,0.633034
pattern_10,10-H-023,363618.271,6591813.804,197.711,196.961,3,3,0.71576,39.593533,68.861073,17.011862,0.655224
pattern_10,10-H-023,363618.271,6591813.804,196.961,196.211,4,3.75,0.70898,38.560492,69.791231,16.061924,0.652825
pattern_10,10-H-023,363618.271,6591813.804,196.211,195.461,5,4.5,0.73274,38.692186,68.030464,16.841436,0.618022
pattern_10,10-H-023,363618.271,6591813.804,195.461,194.711,6,5.25,0.71344,39.176117,68.95952,17.634933,0.651442
pattern_10,10-H-023,363618.271,6591813.804,194.711,193.961,7,6,0.716075,39.702326,68.055583,17.472881,0.649129
pattern_10,10-H-023,363618.271,6591813.804,193.961,193.211,8,6.75,0.660748,41.090385,67.983928,17.426341,0.727049
pattern_10,10-H-023,363618.271,6591813.804,193.211,192.461,9,7.5,0.684515,40.838883,67.945935,17.965018,0.697273
pattern_10,10-H-023,363618.271,6591813.804,192.461,191.711,10,8.25,0.648017,41.079655,68.389569,18.963288,0.745695
pattern_10,10-H-023,363618.271,6591813.804,191.711,190.961,11,9,0.60603,42.878785,66.877884,17.781185,0.813529
pattern_10,10-H-023,363618.271,6591813.804,190.961,190.211,12,9.75,0.621568,41.530888,67.623983,17.807117,0.776929
pattern_10,10-H-023,363618.271,6591813.804,190.211,189.461,13,10.5,0.612961,43.119645,68.275678,17.831954,0.825727
pattern_10,10-H-023,363618.271,6591813.804,189.461,188.711,14,11.25,0.597615,42.131792,66.263699,17.788968,0.803196
pattern_10,10-H-023,363618.271,6591813.804,188.711,187.961,15,12,0.601631,44.339813,67.972433,18.53686,0.861233
pattern_10,10-H-023,363618.271,6591813.804,187.961,187.211,16,12.75,0.626612,42.457197,66.710545,18.724546,0.777332
pattern_10,10-H-023,363618.271,6591813.804,187.211,186.461,17,13.5,0.651611,41.923182,68.226175,19.580369,0.755047
pattern_10,10-H-023,363618.271,6591813.804,186.461,185.711,18,14.25,0.63703,40.936178,67.8447,18.318049,0.749793
pattern_10,10-H-023,363618.271,6591813.804,185.711,184.961,19,15,0.643436,41.791062,67.629854,18.415183,0.755425
pattern_10,10-H-023,363618.271,6591813.804,184.961,184.211,20,15.75,0.645809,42.667374,67.790428,18.69409,0.770247
pattern_10,10-H-023,363618.271,6591813.804,184.211,183.461,21,16.5,0.67428,40.949465,69.118363,17.760001,0.721919
pattern_10,10-H-023,363618.271,6591813.804,183.461,183.244,22,16.717,0.671963,42.357663,67.528813,18.488794,0.732146
pattern_10,10-H-024,363618.21,6591805.437,199.987,199.237,0,0.75,0.724591,36.500324,69.853834,16.271765,0.605343
pattern_10,10-H-024,363618.21,6591805.437,199.237,198.487,1,1.5,0.74501,38.621276,68.848176,17.285246,0.614089
pattern_10,10-H-024,363618.21,6591805.437,198.487,197.737,2,2.25,0.724318,38.396568,68.767198,17.623483,0.627215
pattern_10,10-H-024,363618.21,6591805.437,197.737,196.987,3,3,0.748672,39.254238,68.079752,15.770543,0.613984
pattern_10,10-H-024,363618.21,6591805.437,196.987,196.237,4,3.75,0.694697,39.02176,67.617514,17.522768,0.653394
pattern_10,10-H-024,363618.21,6591805.437,196.237,195.487,5,4.5,0.690989,41.306109,69.02542,17.177348,0.709608
pattern_10,10-H-024,363618.21,6591805.437,195.487,194.737,6,5.25,0.689707,39.184798,68.208779,18.180335,0.666686
pattern_10,10-H-024,363618.21,6591805.437,194.737,193.987,7,6,0.693695,39.230068,68.638227,17.436826,0.667703
pattern_10,10-H-024,363618.21,6591805.437,193.987,193.237,8,6.75,0.705107,38.076185,69.947591,17.715935,0.649829
pattern_10,10-H-024,363618.21,6591805.437,193.237,192.487,9,7.5,0.694099,41.096886,69.539605,17.283281,0.708103
pattern_10,10-H-024,363618.21,6591805.437,192.487,191.737,10,8.25,0.674952,40.299723,69.247736,17.61098,0.7111
pattern_10,10-H-024,363618.21,6591805.437,191.737,190.987,11,9,0.634799,41.347372,67.781383,17.786728,0.759184
pattern_10,10-H-024,363618.21,6591805.437,190.987,190.237,12,9.75,0.606938,43.669208,67.503372,18.570245,0.835062
pattern_10,10-H-024,363618.21,6591805.437,190.237,189.487,13,10.5,0.592496,43.823797,67.820279,18.623098,0.862407
pattern_10,10-H-024,363618.21,6591805.437,189.487,188.737,14,11.25,0.623555,43.912031,67.399168,18.440449,0.816101
pattern_10,10-H-024,363618.21,6591805.437,188.737,187.987,15,12,0.584246,44.322123,66.531127,18.573767,0.867697
pattern_10,10-H-024,363618.21,6591805.437,187.987,187.237,16,12.75,0.627125,43.944589,67.104351,18.355067,0.808516
pattern_10,10-H-024,363618.21,6591805.437,187.237,186.487,17,13.5,0.593821,41.014899,66.763906,17.683363,0.792855
pattern_10,10-H-024,363618.21,6591805.437,186.487,185.737,18,14.25,0.643963,42.032755,66.478683,16.558299,0.746052
pattern_10,10-H-024,363618.21,6591805.437,185.737,184.987,19,15,0.645342,41.612268,67.605888,16.880589,0.749538
pattern_10,10-H-024,363618.21,6591805.437,184.987,184.237,20,15.75,0.641939,42.806148,68.784487,17.088247,0.788561
pattern_10,10-H-024,363618.21,6591805.437,184.237,184.04,21,15.947,0.659683,40.932371,68.191891,17.527946,0.727653
pattern_10,10-H-025,363617.997,6591797.621,200.003,199.253,0,0.75,0.76588,37.007671,70.787154,15.359076,0.588372
pattern_10,10-H-025,363617.997,6591797.621,199.253,198.503,1,1.5,0.753409,37.504559,68.080056,16.372751,0.583101
pattern_10,10-H-025,363617.997,6591797.621,198.503,197.753,2,2.25,0.733579,35.688076,69.632041,16.199873,0.582829
pattern_10,10-H-025,363617.997,6591797.621,197.753,197.003,3,3,0.741316,39.881202,69.377545,16.983391,0.64205
pattern_10,10-H-025,363617.997,6591797.621,197.003,196.253,4,3.75,0.732803,39.312976,67.835734,16.054108,0.625964
pattern_10,10-H-025,363617.997,6591797.621,196.253,195.503,5,4.5,0.73997,38.08577,69.811443,16.752146,0.618151
pattern_10,10-H-025,363617.997,6591797.621,195.503,194.753,6,5.25,0.708095,40.130852,67.48494,16.829245,0.657858
pattern_10,10-H-025,363617.997,6591797.621,194.753,194.003,7,6,0.696472,38.936474,67.300783,16.173073,0.647114
pattern_10,10-H-025,363617.997,6591797.621,194.003,193.253,8,6.75,0.675864,40.790106,69.338387,17.894567,0.719731
pattern_10,10-H-025,363617.997,6591797.621,193.253,192.503,9,7.5,0.649854,40.69196,67.84478,18.141376,0.730648
pattern_10,10-H-025,363617.997,6591797.621,192.503,191.753,10,8.25,0.672827,41.902952,67.567984,17.471973,0.723678
pattern_10,10-H-025,363617.997,6591797.621,191.753,191.003,11,9,0.637946,41.535539,67.823941,17.540777,0.759324
pattern_10,10-H-025,363617.997,6591797.621,191.003,190.253,12,9.75,0.62044,41.560003,66.238421,18.033956,0.762994
pattern_10,10-H-025,363617.997,6591797.621,190.253,189.503,13,10.5,0.590923,43.854309,67.133132,18.251689,0.856508
pattern_10,10-H-025,363617.997,6591797.621,189.503,188.753,14,11.25,0.590102,44.599075,67.454716,19.13109,0.8765
pattern_10,10-H-025,363617.997,6591797.621,188.753,188.003,15,12,0.583217,44.975185,66.202016,20.122147,0.877833
pattern_10,10-H-025,363617.997,6591797.621,188.003,187.253,16,12.75,0.579639,45.792667,67.238427,19.764924,0.913243
pattern_10,10-H-025,363617.997,6591797.621,187.253,186.503,17,13.5,0.60867,43.941073,66.602693,18.712231,0.82673
pattern_10,10-H-025,363617.997,6591797.621,186.503,185.753,18,14.25,0.632419,43.752227,66.75435,18.894629,0.79418
pattern_10,10-H-025,363617.997,6591797.621,185.753,185.003,19,15,0.643989,42.902069,68.269773,18.199167,0.782069
pattern_10,10-H-025,363617.997,6591797.621,185.003,184.253,20,15.75,0.609877,43.239934,67.657808,19.004676,0.824832
pattern_10,10-H-025,363617.997,6591797.621,184.253,183.894,21,16.109,0.643104,40.921715,67.730398,18.034186,0.741189
pattern_10,10-H-026,363618.28,6591789.392,200.038,199.288,0,0.75,0.770159,36.68933,69.168891,15.959305,0.56695
pattern_10,10-H-026,363618.28,6591789.392,199.288,198.538,1,1.5,0.779577,36.356689,69.626491,15.457689,0.558662
pattern_10,10-H-026,363618.28,6591789.392,198.538,197.788,2,2.25,0.74428,36.536391,69.353914,16.605097,0.585795
pattern_10,10-H-026,363618.28,6591789.392,197.788,197.038,3,3,0.788234,37.768802,69.831185,16.153008,0.575702
pattern_10,10-H-026,363618.28,6591789.392,197.038,196.288,4,3.75,0.771536,36.923399,69.306753,16.641115,0.570754
pattern_10,10-H-026,363618.28,6591789.392,196.288,195.538,5,4.5,0.762083,36.171102,69.80944,17.375053,0.570258
pattern_10,10-H-026,363618.28,6591789.392,195.538,194.788,6,5.25,0.751561,35.187961,68.494104,15.973068,0.551823
pattern_10,10-H-026,363618.28,6591789.392,194.788,194.038,7,6,0.732249,39.29557,68.265736,17.579223,0.630302
pattern_10,10-H-026,363618.28,6591789.392,194.038,193.288,8,6.75,0.723038,39.835745,67.821567,16.652357,0.64274
pattern_10,10-H-026,363618.28,6591789.392,193.288,192.538,9,7.5,0.691891,40.801353,67.890005,17.561735,0.688617
pattern_10,10-H-026,363618.28,6591789.392,192.538,191.788,10,8.25,0.680415,40.682456,67.8506,17.818954,0.697788
pattern_10,10-H-026,363618.28,6591789.392,191.788,191.038,11,9,0.674592,41.301642,67.377825,17.674132,0.709491
pattern_10,10-H-026,363618.28,6591789.392,191.038,190.288,12,9.75,0.674218,41.00157,67.311362,17.001251,0.703966
pattern_10,10-H-026,363618.28,6591789.392,190.288,189.538,13,10.5,0.646594,42.563319,68.432342,17.360299,0.774528
pattern_10,10-H-026,363618.28,6591789.392,189.538,188.788,14,11.25,0.644546,43.110411,67.696834,17.290523,0.778497
pattern_10,10-H-026,363618.28,6591789.392,188.788,188.038,15,12,0.637872,41.062314,69.157829,17.53732,0.765506
pattern_10,10-H-026,363618.28,6591789.392,188.038,187.288,16,12.75,0.657532,40.353801,68.905468,18.493506,0.727365
pattern_10,10-H-026,363618.28,6591789.392,187.288,186.538,17,13.5,0.704397,39.504219,68.238551,18.035422,0.658401
pattern_10,10-H-026,363618.28,6591789.392,186.538,185.788,18,14.25,0.687073,39.92523,68.235673,17.445997,0.682016
pattern_10,10-H-026,363618.28,6591789.392,185.788,185.038,19,15,0.680702,41.211024,68.627486,17.832296,0.714595
pattern_10,10-H-026,363618.28,6591789.392,185.038,184.288,20,15.75,0.698932,39.896048,69.917839,17.497043,0.686463
pattern_10,10-H-026,363618.28,6591789.392,184.288,183.538,21,16.5,0.694292,38.89604,68.156735,18.122032,0.656927
pattern_10,10-H-026,363618.28,6591789.392,183.538,183.28,22,16.758,0.677598,38.899435,69.115229,16.222684,0.682321
pattern_10,10-H-027,363618.063,6591781.919,200.032,199.282,0,0.75,0.870096,33.55872,70.113836,14.012508,0.465394
pattern_10,10-H-027,363618.063,6591781.919,199.282,198.532,1,1.5,0.849607,33.081803,72.09954,15.228369,0.483233
pattern_10,10-H-027,363618.063,6591781.919,198.532,197.782,2,2.25,0.853553,33.701764,70.884574,15.298202,0.48177
pattern_10,10-H-027,363618.063,6591781.919,197.782,197.032,3,3,0.820214,35.274319,69.391123,15.205715,0.513555
pattern_10,10-H-027,363618.063,6591781.919,197.032,196.282,4,3.75,0.799876,34.326866,68.945002,14.589314,0.509115
pattern_10,10-H-027,363618.063,6591781.919,196.282,195.532,5,4.5,0.812163,35.978527,69.399654,14.955204,0.528979
pattern_10,10-H-027,363618.063,6591781.919,195.532,194.782,6,5.25,0.789924,34.148384,70.586956,16.060879,0.525185
pattern_10,10-H-027,363618.063,6591781.919,194.782,194.032,7,6,0.780635,34.005911,70.245218,15.651094,0.5266
pattern_10,10-H-027,363618.063,6591781.919,194.032,193.282,8,6.75,0.799668,35.947183,69.742192,14.27181,0.539307
pattern_10,10-H-027,363618.063,6591781.919,193.282,192.532,9,7.5,0.809675,35.238445,71.04735,16.122485,0.53216
pattern_10,10-H-027,363618.063,6591781.919,192.532,191.782,10,8.25,0.737152,37.943521,68.664413,16.436487,0.608034
pattern_10,10-H-027,363618.063,6591781.919,191.782,191.032,11,9,0.710221,39.155683,67.672488,16.978896,0.641798
pattern_10,10-H-027,363618.063,6591781.919,191.032,190.282,12,9.75,0.740554,38.450409,69.109761,17.433463,0.617395
pattern_10,10-H-027,363618.063,6591781.919,190.282,189.532,13,10.5,0.718649,39.533746,69.050754,16.466519,0.653339
pattern_10,10-H-027,363618.063,6591781.919,189.532,188.782,14,11.25,0.724752,38.754418,70.130914,16.831603,0.64507
pattern_10,10-H-027,363618.063,6591781.919,188.782,188.032,15,12,0.713673,38.778347,70.908464,17.115841,0.662735
pattern_10,10-H-027,363618.063,6591781.919,188.032,187.282,16,12.75,0.724297,38.650033,68.421695,16.479384,0.628059
pattern_10,10-H-027,363618.063,6591781.919,187.282,186.532,17,13.5,0.746848,37.086811,68.983148,16.664371,0.589402
pattern_10,10-H-027,363618.063,6591781.919,186.532,185.782,18,14.25,0.756425,37.831424,67.973959,16.162669,0.584893
pattern_10,10-H-027,363618.063,6591781.919,185.782,185.032,19,15,0.745981,38.497134,67.697399,15.677565,0.60095
pattern_10,10-H-027,363618.063,6591781.919,185.032,184.282,20,15.75,0.732133,38.296523,69.751989,16.274251,0.627601
pattern_10,10-H-027,363618.063,6591781.919,184.282,183.789,21,16.243,0.752818,36.613181,69.572878,15.78314,0.582113
pattern_10,10-H-028,363618.516,6591773.367,199.868,199.118,0,0.75,0.904795,30.595355,70.287086,13.197373,0.409141
pattern_10,10-H-028,363618.516,6591773.367,199.118,198.368,1,1.5,0.885499,33.804671,70.445775,14.279551,0.462872
pattern_10,10-H-028,363618.516,6591773.367,198.368,197.618,2,2.25,0.912292,30.479556,70.894807,15.911512,0.408073
pattern_10,10-H-028,363618.516,6591773.367,197.618,196.868,3,3,0.845955,33.781679,71.54249,14.779075,0.49167
pattern_10,10-H-028,363618.516,6591773.367,196.868,196.118,4,3.75,0.845857,32.34813,70.646005,14.156177,0.464982
pattern_10,10-H-028,363618.516,6591773.367,196.118,195.368,5,4.5,0.84967,33.788338,70.415299,14.833269,0.481945
pattern_10,10-H-028,363618.516,6591773.367,195.368,194.618,6,5.25,0.841303,32.759562,69.795834,14.606614,0.467792
pattern_10,10-H-028,363618.516,6591773.367,194.618,193.868,7,6,0.828924,33.166359,70.632936,15.454984,0.48647
pattern_10,10-H-028,363618.516,6591773.367,193.868,193.118,8,6.75,0.804224,34.451326,69.757789,14.971191,0.514218
pattern_10,10-H-028,363618.516,6591773.367,193.118,192.368,9,7.5,0.786633,34.428647,68.545709,15.449186,0.516293
pattern_10,10-H-028,363618.516,6591773.367,192.368,191.618,10,8.25,0.784819,37.002594,69.805706,15.431617,0.566215
pattern_10,10-H-028,363618.516,6591773.367,191.618,190.868,11,9,0.759921,37.544416,70.649236,15.411135,0.600382
pattern_10,10-H-028,363618.516,6591773.367,190.868,190.118,12,9.75,0.756457,37.297134,68.887826,15.917082,0.584333
pattern_10,10-H-028,363618.516,6591773.367,190.118,189.368,13,10.5,0.746723,36.084299,69.270359,16.175613,0.575941
pattern_10,10-H-028,363618.516,6591773.367,189.368,188.618,14,11.25,0.772525,37.617722,69.085437,15.867398,0.578765
pattern_10,10-H-028,363618.516,6591773.367,188.618,187.868,15,12,0.781305,36.868697,68.286329,16.923139,0.554588
pattern_10,10-H-028,363618.516,6591773.367,187.868,187.118,16,12.75,0.768247,36.144383,70.901275,15.504022,0.573864
pattern_10,10-H-028,363618.516,6591773.367,187.118,186.368,17,13.5,0.789671,34.721668,71.226024,14.781496,0.538803
pattern_10,10-H-028,363618.516,6591773.367,186.368,185.618,18,14.25,0.779057,35.539145,69.292782,14.714919,0.543804
pattern_10,10-H-028,363618.516,6591773.367,185.618,184.868,19,15,0.81787,36.541667,70.427561,16.337151,0.541537
pattern_10,10-H-028,363618.516,6591773.367,184.868,184.118,20,15.75,0.771526,35.031403,71.511292,15.527318,0.558647
pattern_10,10-H-028,363618.516,6591773.367,184.118,183.397,21,16.471,0.817856,33.036172,71.210884,15.179232,0.49507
pattern_10,10-H-029,363610.981,6591825.556,199.979,199.229,0,0.75,0.839853,32.305355,71.30937,14.816563,0.472132
pattern_10,10-H-029,363610.981,6591825.556,199.229,198.479,1,1.5,0.810981,34.24595,70.275097,15.612148,0.510743
pattern_10,10-H-029,363610.981,6591825.556,198.479,197.729,2,2.25,0.799631,34.577254,70.878485,14.731261,0.527325
pattern_10,10-H-029,363610.981,6591825.556,197.729,196.979,3,3,0.807761,35.317029,69.942665,16.533112,0.52637
pattern_10,10-H-029,363610.981,6591825.556,196.979,196.229,4,3.75,0.787979,35.796288,68.989101,15.30131,0.539251
pattern_10,10-H-029,363610.981,6591825.556,196.229,195.479,5,4.5,0.780424,36.232402,68.55797,16.466476,0.547772
pattern_10,10-H-029,363610.981,6591825.556,195.479,194.729,6,5.25,0.759023,37.886966,68.771275,16.386305,0.590602
pattern_10,10-H-029,363610.981,6591825.556,194.729,193.979,7,6,0.752004,36.683901,69.526437,16.288656,0.583536
pattern_10,10-H-029,363610.981,6591825.556,193.979,193.229,8,6.75,0.746961,36.765735,68.865684,16.118521,0.583171
pattern_10,10-H-029,363610.981,6591825.556,193.229,192.479,9,7.5,0.729657,36.858114,70.821452,15.767459,0.615348
pattern_10,10-H-029,363610.981,6591825.556,192.479,191.729,10,8.25,0.735834,38.589117,68.531633,16.349237,0.618245
pattern_10,10-H-029,363610.981,6591825.556,191.729,190.979,11,9,0.72506,39.179977,67.935346,15.967743,0.631407
pattern_10,10-H-029,363610.981,6591825.556,190.979,190.229,12,9.75,0.749051,38.322389,68.782228,16.415065,0.605393
pattern_10,10-H-029,363610.981,6591825.556,190.229,189.479,13,10.5,0.729842,38.271355,68.629912,16.860594,0.619134
pattern_10,10-H-029,363610.981,6591825.556,189.479,188.729,14,11.25,0.727239,39.241058,69.479965,16.78937,0.64489
pattern_10,10-H-029,363610.981,6591825.556,188.729,187.979,15,12,0.673144,38.801182,67.921628,16.222122,0.673295
pattern_10,10-H-029,363610.981,6591825.556,187.979,187.229,16,12.75,0.709339,38.434564,68.858242,16.818394,0.641794
pattern_10,10-H-029,363610.981,6591825.556,187.229,186.479,17,13.5,0.726403,38.173236,69.322171,18.05697,0.626849
pattern_10,10-H-029,363610.981,6591825.556,186.479,185.729,18,14.25,0.745869,38.015205,69.599405,16.185017,0.610224
pattern_10,10-H-029,363610.981,6591825.556,185.729,184.979,19,15,0.766396,36.145804,69.823742,15.719169,0.56658
pattern_10,10-H-029,363610.981,6591825.556,184.979,184.229,20,15.75,0.790496,35.439486,70.031179,15.004472,0.540174
pattern_10,10-H-029,363610.981,6591825.556,184.229,183.479,21,16.5,0.769674,36.008394,68.938433,15.876471,0.554955
pattern_10,10-H-029,363610.981,6591825.556,183.479,183.244,22,16.735,0.771565,35.66513,68.886996,14.678253,0.547787
pattern_10,10-H-030,363610.703,6591817.909,200.046,199.296,0,0.75,0.785489,36.029441,69.602374,15.122298,0.549267
pattern_10,10-H-030,363610.703,6591817.909,199.296,198.546,1,1.5,0.811068,36.291911,70.078056,14.813349,0.539477
pattern_10,10-H-030,363610.703,6591817.909,198.546,197.796,2,2.25,0.759503,36.357256,70.485666,16.168369,0.580525
pattern_10,10-H-030,363610.703,6591817.909,197.796,197.046,3,3,0.750991,36.368331,68.804557,16.083306,0.573292
pattern_10,10-H-030,363610.703,6591817.909,197.046,196.296,4,3.75,0.738364,35.536845,69.850611,15.87088,0.578384
pattern_10,10-H-030,363610.703,6591817.909,196.296,195.546,5,4.5,0.751834,37.889328,68.620738,16.286814,0.594955
pattern_10,10-H-030,363610.703,6591817.909,195.546,194.796,6,5.25,0.752238,36.782153,69.443207,16.469704,0.584236
pattern_10,10-H-030,363610.703,6591817.909,194.796,194.046,7,6,0.737611,37.839674,70.580562,15.649226,0.622759
pattern_10,10-H-030,363610.703,6591817.909,194.046,193.296,8,6.75,0.687057,39.205951,68.107366,17.02397,0.668477
pattern_10,10-H-030,363610.703,6591817.909,193.296,192.546,9,7.5,0.658586,38.549734,67.973436,17.313214,0.68434
pattern_10,10-H-030,363610.703,6591817.909,192.546,191.796,10,8.25,0.688693,40.21013,69.710978,17.718962,0.700061
pattern_10,10-H-030,363610.703,6591817.909,191.796,191.046,11,9,0.67902,41.674166,67.99531,18.176721,0.717775
pattern_10,10-H-030,363610.703,6591817.909,191.046,190.296,12,9.75,0.660924,41.369735,67.323307,17.88121,0.724749
pattern_10,10-H-030,363610.703,6591817.909,190.296,189.546,13,10.5,0.666747,40.881689,67.956674,17.657472,0.71662
pattern_10,10-H-030,363610.703,6591817.909,189.546,188.796,14,11.25,0.647735,40.79162,67.252433,17.639959,0.728364
pattern_10,10-H-030,363610.703,6591817.909,188.796,188.046,15,12,0.672582,39.646049,68.723681,17.845316,0.696789
pattern_10,10-H-030,363610.703,6591817.909,188.046,187.296,16,12.75,0.666571,41.239252,69.656902,18.126399,0.741153
pattern_10,10-H-030,363610.703,6591817.909,187.296,186.546,17,13.5,0.661024,41.12053,67.742271,17.388743,0.724696
pattern_10,10-H-030,363610.703,6591817.909,186.546,185.796,18,14.25,0.677566,40.559213,68.396645,16.64783,0.704059
pattern_10,10-H-030,363610.703,6591817.909,185.796,185.046,19,15,0.662988,40.049523,68.665415,16.58948,0.713257
pattern_10,10-H-030,363610.703,6591817.909,185.046,184.296,20,15.75,0.6472,40.438434,67.173709,17.426644,0.721802
pattern_10,10-H-030,363610.703,6591817.909,184.296,183.546,21,16.5,0.695108,40.169355,69.087332,16.764412,0.686622
pattern_10,10-H-030,363610.703,6591817.909,183.546,183.369,22,16.677,0.690344,40.636957,69.07914,16.802299,0.699293
pattern_10,10-H-031,363610.831,6591809.625,200.063,199.313,0,0.75,0.711671,39.482986,69.035985,17.075113,0.658814
pattern_10,10-H-031,363610.831,6591809.625,199.313,198.563,1,1.5,0.687495,40.938252,68.794402,16.943323,0.704484
pattern_10,10-H-031,363610.831,6591809.625,198.563,197.813,2,2.25,0.687608,41.054635,68.060097,17.850113,0.698957
pattern_10,10-H-031,363610.831,6591809.625,197.813,197.063,3,3,0.667299,42.239111,68.494905,17.720839,0.745583
pattern_10,10-H-031,363610.831,6591809.625,197.063,196.313,4,3.75,0.672617,43.021739,67.633167,17.974455,0.74395
pattern_10,10-H-031,363610.831,6591809.625,196.313,195.563,5,4.5,0.661453,41.823111,67.833616,17.688336,0.737593
pattern_10,10-H-031,363610.831,6591809.625,195.563,194.813,6,5.25,0.669567,41.853355,67.211197,18.420619,0.722623
pattern_10,10-H-031,363610.831,6591809.625,194.813,194.063,7,6,0.64612,42.352422,67.796489,18.631153,0.764272
pattern_10,10-H-031,363610.831,6591809.625,194.063,193.313,8,6.75,0.637194,42.49302,67.146321,18.307318,0.770036
pattern_10,10-H-031,363610.831,6591809.625,193.313,192.563,9,7.5,0.621073,43.608535,67.454368,18.167441,0.814338
pattern_10,10-H-031,363610.831,6591809.625,192.563,191.813,10,8.25,0.627465,43.209345,67.808587,18.951123,0.802984
pattern_10,10-H-031,363610.831,6591809.625,191.813,191.063,11,9,0.582123,45.160518,66.155879,19.55937,0.88241
pattern_10,10-H-031,363610.831,6591809.625,191.063,190.313,12,9.75,0.591354,43.591616,66.098451,18.904146,0.837772
pattern_10,10-H-031,363610.831,6591809.625,190.313,189.563,13,10.5,0.577228,43.870241,66.344917,18.578297,0.866861
pattern_10,10-H-031,363610.831,6591809.625,189.563,188.813,14,11.25,0.58719,45.740543,64.144681,19.218103,0.859117
pattern_10,10-H-031,363610.831,6591809.625,188.813,188.063,15,12,0.550611,45.985199,66.220209,19.224833,0.950648
pattern_10,10-H-031,363610.831,6591809.625,188.063,187.313,16,12.75,0.565939,43.81426,67.125207,18.901007,0.89338
pattern_10,10-H-031,363610.831,6591809.625,187.313,186.563,17,13.5,0.565156,43.409046,66.413222,18.670831,0.876958
pattern_10,10-H-031,363610.831,6591809.625,186.563,185.813,18,14.25,0.562668,44.679358,66.452779,19.962015,0.907231
pattern_10,10-H-031,363610.831,6591809.625,185.813,185.063,19,15,0.611198,43.356194,66.726317,19.279996,0.813963
pattern_10,10-H-031,363610.831,6591809.625,185.063,184.313,20,15.75,0.551394,45.703888,67.304819,17.508744,0.958715
pattern_10,10-H-031,363610.831,6591809.625,184.313,183.91,21,16.153,0.611624,43.582335,67.076084,19.078465,0.821879
pattern_10,10-H-032,363611.097,6591801.399,199.937,199.187,0,0.75,0.746246,37.822157,68.203001,16.927218,0.594783
pattern_10,10-H-032,363611.097,6591801.399,199.187,198.437,1,1.5,0.72851,39.545226,67.853435,16.28559,0.633543
pattern_10,10-H-032,363611.097,6591801.399,198.437,197.687,2,2.25,0.719146,39.064156,67.959242,17.364902,0.635099
pattern_10,10-H-032,363611.097,6591801.399,197.687,196.937,3,3,0.689363,38.728435,68.499723,16.313622,0.661851
pattern_10,10-H-032,363611.097,6591801.399,196.937,196.187,4,3.75,0.705297,37.984374,69.612872,17.680917,0.644998
pattern_10,10-H-032,363611.097,6591801.399,196.187,195.437,5,4.5,0.680552,40.795355,67.807014,17.620234,0.699105
pattern_10,10-H-032,363611.097,6591801.399,195.437,194.687,6,5.25,0.703894,40.129877,68.416222,17.322304,0.670921
pattern_10,10-H-032,363611.097,6591801.399,194.687,193.937,7,6,0.670851,40.071283,68.491716,17.273645,0.703606
pattern_10,10-H-032,363611.097,6591801.399,193.937,193.187,8,6.75,0.620099,42.399483,67.942329,18.804842,0.79886
pattern_10,10-H-032,363611.097,6591801.399,193.187,192.437,9,7.5,0.650468,40.922678,67.85179,17.402412,0.734072
pattern_10,10-H-032,363611.097,6591801.399,192.437,191.687,10,8.25,0.626488,43.210621,67.499047,17.701882,0.800444
pattern_10,10-H-032,363611.097,6591801.399,191.687,190.937,11,9,0.623415,43.165565,67.925074,19.868608,0.808863
pattern_10,10-H-032,363611.097,6591801.399,190.937,190.187,12,9.75,0.614131,44.315838,67.210675,18.555113,0.833872
pattern_10,10-H-032,363611.097,6591801.399,190.187,189.437,13,10.5,0.59812,46.674147,66.634965,18.53696,0.893867
pattern_10,10-H-032,363611.097,6591801.399,189.437,188.687,14,11.25,0.543227,45.347172,67.061918,18.649921,0.962179
pattern_10,10-H-032,363611.097,6591801.399,188.687,187.937,15,12,0.620199,43.945257,67.439834,18.372506,0.821611
pattern_10,10-H-032,363611.097,6591801.399,187.937,187.187,16,12.75,0.607004,43.727276,67.278442,19.56759,0.833422
pattern_10,10-H-032,363611.097,6591801.399,187.187,186.437,17,13.5,0.588277,45.922118,67.518208,18.10484,0.905949
pattern_10,10-H-032,363611.097,6591801.399,186.437,185.687,18,14.25,0.594499,45.086505,67.605324,18.598671,0.881411
pattern_10,10-H-032,363611.097,6591801.399,185.687,184.937,19,15,0.603834,43.89959,66.578723,18.798495,0.83226
pattern_10,10-H-032,363611.097,6591801.399,184.937,184.187,20,15.75,0.640584,43.22666,67.375391,18.367859,0.781817
pattern_10,10-H-032,363611.097,6591801.399,184.187,183.437,21,16.5,0.635831,45.156972,66.428637,18.410949,0.811195
pattern_10,10-H-032,363611.097,6591801.399,183.437,183.052,22,16.885,0.594273,43.444877,67.025178,18.37332,0.842423
pattern_10,10-H-033,363611.807,6591794.217,200.076,199.326,0,0.75,0.745397,37.602955,69.275396,14.433957,0.600993
pattern_10,10-H-033,363611.807,6591794.217,199.326,198.576,1,1.5,0.715329,38.291378,68.388445,16.906256,0.629772
pattern_10,10-H-033,363611.807,6591794.217,198.576,197.826,2,2.25,0.703399,37.862499,69.231431,17.16323,0.641081
pattern_10,10-H-033,363611.807,6591794.217,197.826,197.076,3,3,0.710824,40.429885,69.459247,16.593573,0.679435
pattern_10,10-H-033,363611.807,6591794.217,197.076,196.326,4,3.75,0.696208,42.103986,67.369078,17.148729,0.700689
pattern_10,10-H-033,363611.807,6591794.217,196.326,195.576,5,4.5,0.699461,40.823229,68.24771,17.605331,0.685136
pattern_10,10-H-033,363611.807,6591794.217,195.576,194.826,6,5.25,0.706822,39.177132,67.652422,18.507014,0.645221
pattern_10,10-H-033,363611.807,6591794.217,194.826,194.076,7,6,0.661343,40.474666,69.086937,17.650608,0.727147
pattern_10,10-H-033,363611.807,6591794.217,194.076,193.326,8,6.75,0.652184,41.778008,69.543227,18.739059,0.766147
pattern_10,10-H-033,363611.807,6591794.217,193.326,192.576,9,7.5,0.649229,39.711024,67.998188,18.412542,0.715414
pattern_10,10-H-033,363611.807,6591794.217,192.576,191.826,10,8.25,0.634614,42.851042,68.809708,18.274122,0.798909
pattern_10,10-H-033,363611.807,6591794.217,191.826,191.076,11,9,0.624905,42.212374,69.256476,18.16789,0.80439
pattern_10,10-H-033,363611.807,6591794.217,191.076,190.326,12,9.75,0.622905,42.929212,67.890117,18.634659,0.804541
pattern_10,10-H-033,363611.807,6591794.217,190.326,189.576,13,10.5,0.592628,41.55182,68.265916,18.128032,0.82293
pattern_10,10-H-033,363611.807,6591794.217,189.576,188.826,14,11.25,0.642119,42.031406,66.819174,17.92987,0.752153
pattern_10,10-H-033,363611.807,6591794.217,188.826,188.076,15,12,0.611199,44.208939,67.835358,17.447297,0.843459
pattern_10,10-H-033,363611.807,6591794.217,188.076,187.326,16,12.75,0.639548,42.502937,68.046022,18.7188,0.777692
pattern_10,10-H-033,363611.807,6591794.217,187.326,186.576,17,13.5,0.62057,40.849836,66.614745,18.620062,0.754156
pattern_10,10-H-033,363611.807,6591794.217,186.576,185.826,18,14.25,0.650854,42.202168,69.11568,18.16276,0.770655
pattern_10,10-H-033,363611.807,6591794.217,185.826,185.076,19,15,0.62478,42.155505,68.492738,18.206745,0.794638
pattern_10,10-H-033,363611.807,6591794.217,185.076,184.326,20,15.75,0.650687,41.490089,67.314648,18.62215,0.738247
pattern_10,10-H-033,363611.807,6591794.217,184.326,184.04,21,16.036,0.63491,43.352415,67.707881,17.506354,0.794861
pattern_10,10-H-034,363610.995,6591785.562,199.924,199.174,0,0.75,0.830987,34.182478,69.584168,16.559087,0.492814
pattern_10,10-H-034,363610.995,6591785.562,199.174,198.424,1,1.5,0.790276,35.231353,68.334121,14.533685,0.524132
pattern_10,10-H-034,363610.995,6591785.562,198.424,197.674,2,2.25,0.78309,35.478914,69.287781,15.520692,0.540158
pattern_10,10-H-034,363610.995,6591785.562,197.674,196.924,3,3,0.78931,36.40392,68.500741,17.585041,0.543866
pattern_10,10-H-034,363610.995,6591785.562,196.924,196.174,4,3.75,0.753258,36.835436,68.38277,16.404626,0.57539
pattern_10,10-H-034,363610.995,6591785.562,196.174,195.424,5,4.5,0.786521,37.259105,69.31563,15.539886,0.564929
pattern_10,10-H-034,363610.995,6591785.562,195.424,194.674,6,5.25,0.753788,35.754335,70.043541,16.604452,0.571702
pattern_10,10-H-034,363610.995,6591785.562,194.674,193.924,7,6,0.74123,38.90373,67.122149,16.3326,0.60606
pattern_10,10-H-034,363610.995,6591785.562,193.924,193.174,8,6.75,0.758542,36.977964,67.597173,16.141652,0.567001
pattern_10,10-H-034,363610.995,6591785.562,193.174,192.424,9,7.5,0.731121,38.056579,68.693648,16.497923,0.615122
pattern_10,10-H-034,363610.995,6591785.562,192.424,191.674,10,8.25,0.747105,38.272055,68.217064,16.013738,0.601157
pattern_10,10-H-034,363610.995,6591785.562,191.674,190.924,11,9,0.727309,37.216463,69.392989,16.964091,0.610922
pattern_10,10-H-034,363610.995,6591785.562,190.924,190.174,12,9.75,0.693604,37.769702,68.935255,16.525566,0.645673
pattern_10,10-H-034,363610.995,6591785.562,190.174,189.424,13,10.5,0.678944,40.43766,67.019113,18.100298,0.686642
pattern_10,10-H-034,363610.995,6591785.562,189.424,188.674,14,11.25,0.675801,40.84282,68.099273,17.186831,0.707798
pattern_10,10-H-034,363610.995,6591785.562,188.674,187.924,15,12,0.695625,41.115569,68.301726,17.077807,0.694304
pattern_10,10-H-034,363610.995,6591785.562,187.924,187.174,16,12.75,0.693139,39.062227,68.523342,16.892671,0.664211
pattern_10,10-H-034,363610.995,6591785.562,187.174,186.424,17,13.5,0.699056,39.138962,67.600623,16.883474,0.651037
pattern_10,10-H-034,363610.995,6591785.562,186.424,185.674,18,14.25,0.672283,37.745737,68.276763,17.165405,0.659404
pattern_10,10-H-034,363610.995,6591785.562,185.674,184.924,19,15,0.714483,39.507876,68.901354,16.766243,0.655328
pattern_10,10-H-034,363610.995,6591785.562,184.924,184.174,20,15.75,0.727127,39.21233,68.466308,15.386547,0.634975
pattern_10,10-H-034,363610.995,6591785.562,184.174,183.424,21,16.5,0.728505,39.000065,67.797237,16.776941,0.624384
pattern_10,10-H-034,363610.995,6591785.562,183.424,183.088,22,16.836,0.725525,36.826796,71.198779,17.509524,0.621813
pattern_10,10-H-035,363610.98,6591777.72,199.937,199.187,0,0.75,0.928256,30.268532,71.41974,13.493939,0.400966
pattern_10,10-H-035,363610.98,6591777.72,199.187,198.437,1,1.5,0.896084,31.992312,71.679803,13.50049,0.440454
pattern_10,10-H-035,363610.98,6591777.72,198.437,197.687,2,2.25,0.898055,30.465626,70.495313,12.931491,0.411638
pattern_10,10-H-035,363610.98,6591777.72,197.687,196.937,3,3,0.875412,33.692294,70.708599,13.705194,0.4683
pattern_10,10-H-035,363610.98,6591777.72,196.937,196.187,4,3.75,0.88335,32.178345,70.005982,14.414414,0.439024
pattern_10,10-H-035,363610.98,6591777.72,196.187,195.437,5,4.5,0.856322,31.618556,71.426837,15.376841,0.454092
pattern_10,10-H-035,363610.98,6591777.72,195.437,194.687,6,5.25,0.870368,31.69061,70.830035,14.549665,0.443981
pattern_10,10-H-035,363610.98,6591777.72,194.687,193.937,7,6,0.865073,32.080852,70.104361,14.001439,0.447485
pattern_10,10-H-035,363610.98,6591777.72,193.937,193.187,8,6.75,0.845776,31.086699,71.012796,15.27526,0.449407
pattern_10,10-H-035,363610.98,6591777.72,193.187,192.437,9,7.5,0.833125,33.242902,72.066862,14.633698,0.494851
pattern_10,10-H-035,363610.98,6591777.72,192.437,191.687,10,8.25,0.842393,34.905124,70.100689,14.624865,0.499839
pattern_10,10-H-035,363610.98,6591777.72,191.687,190.937,11,9,0.757414,36.682905,68.872459,16.26607,0.573932
pattern_10,10-H-035,363610.98,6591777.72,190.937,190.187,12,9.75,0.752133,35.956802,69.512573,16.291388,0.571798
pattern_10,10-H-035,363610.98,6591777.72,190.187,189.437,13,10.5,0.746311,37.927926,68.900271,17.16659,0.602494
pattern_10,10-H-035,363610.98,6591777.72,189.437,188.687,14,11.25,0.715239,37.994508,68.220543,16.580188,0.623415
pattern_10,10-H-035,363610.98,6591777.72,188.687,187.937,15,12,0.739724,36.019936,69.011515,15.591686,0.578105
pattern_10,10-H-035,363610.98,6591777.72,187.937,187.187,16,12.75,0.77697,35.543634,69.116449,15.38086,0.544027
pattern_10,10-H-035,363610.98,6591777.72,187.187,186.437,17,13.5,0.819602,35.181732,70.658431,16.057007,0.522024
pattern_10,10-H-035,363610.98,6591777.72,186.437,185.687,18,14.25,0.788677,33.041217,70.526353,14.270083,0.508369
pattern_10,10-H-035,363610.98,6591777.72,185.687,184.937,19,15,0.818063,32.818514,70.560684,14.476173,0.487139
pattern_10,10-H-035,363610.98,6591777.72,184.937,184.721,20,15.216,0.82043,33.498429,70.329768,13.877321,0.494075
pattern_10,10-H-036,363604.176,6591822.306,199.898,199.148,0,0.75,0.79703,34.274461,69.440023,15.908737,0.51396
pattern_10,10-H-036,363604.176,6591822.306,199.148,198.398,1,1.5,0.791435,36.811472,69.412126,15.33979,0.555456
pattern_10,10-H-036,363604.176,6591822.306,198.398,197.648,2,2.25,0.79032,37.948454,68.953431,15.372111,0.569588
pattern_10,10-H-036,363604.176,6591822.306,197.648,196.898,3,3,0.771151,35.644854,69.026753,16.044595,0.549043
pattern_10,10-H-036,363604.176,6591822.306,196.898,196.148,4,3.75,0.749695,36.752928,68.878659,16.196825,0.580969
pattern_10,10-H-036,363604.176,6591822.306,196.148,195.398,5,4.5,0.776706,37.688888,70.556088,16.953835,0.589113
pattern_10,10-H-036,363604.176,6591822.306,195.398,194.648,6,5.25,0.730749,38.081715,68.290951,17.272001,0.612335
pattern_10,10-H-036,363604.176,6591822.306,194.648,193.898,7,6,0.733746,38.971849,69.15406,16.970934,0.631873
pattern_10,10-H-036,363604.176,6591822.306,193.898,193.148,8,6.75,0.725402,36.825539,68.587614,17.678789,0.599187
pattern_10,10-H-036,363604.176,6591822.306,193.148,192.398,9,7.5,0.752803,39.369092,68.575445,17.351718,0.617043
pattern_10,10-H-036,363604.176,6591822.306,192.398,191.648,10,8.25,0.699722,40.479241,68.753513,17.061208,0.68408
pattern_10,10-H-036,363604.176,6591822.306,191.648,190.898,11,9,0.687792,40.915127,69.235514,17.963475,0.708407
pattern_10,10-H-036,363604.176,6591822.306,190.898,190.148,12,9.75,0.68231,40.494793,69.676996,18.552661,0.711332
pattern_10,10-H-036,363604.176,6591822.306,190.148,189.398,13,10.5,0.655994,42.917456,68.940259,18.019783,0.775571
pattern_10,10-H-036,363604.176,6591822.306,189.398,188.648,14,11.25,0.659596,42.06454,68.339748,18.34667,0.749535
pattern_10,10-H-036,363604.176,6591822.306,188.648,187.898,15,12,0.643017,42.558338,68.112533,18.051329,0.775188
pattern_10,10-H-036,363604.176,6591822.306,187.898,187.148,16,12.75,0.668825,40.160333,68.815164,17.619515,0.710667
pattern_10,10-H-036,363604.176,6591822.306,187.148,186.398,17,13.5,0.683606,39.977084,69.47396,17.642148,0.698793
pattern_10,10-H-036,363604.176,6591822.306,186.398,185.648,18,14.25,0.702715,40.591028,68.703129,16.365385,0.682467
pattern_10,10-H-036,363604.176,6591822.306,185.648,184.898,19,15,0.68635,39.427092,69.615965,17.810665,0.687881
pattern_10,10-H-036,363604.176,6591822.306,184.898,184.148,20,15.75,0.669439,39.936403,68.776096,17.345303,0.705638
pattern_10,10-H-036,363604.176,6591822.306,184.148,183.741,21,16.157,0.690377,41.061253,67.976331,17.432183,0.695369
pattern_10,10-H-037,363604.169,6591813.706,200.072,199.322,0,0.75,0.771635,37.418149,68.418667,16.957987,0.570955
pattern_10,10-H-037,363604.169,6591813.706,199.322,198.572,1,1.5,0.729323,37.221297,68.67523,16.631378,0.602999
pattern_10,10-H-037,363604.169,6591813.706,198.572,197.822,2,2.25,0.714764,38.232165,68.753912,15.491177,0.632477
pattern_10,10-H-037,363604.169,6591813.706,197.822,197.072,3,3,0.745388,39.382859,69.852555,17.365089,0.63495
pattern_10,10-H-037,363604.169,6591813.706,197.072,196.322,4,3.75,0.737386,39.398408,66.960907,16.5691,0.615481
pattern_10,10-H-037,363604.169,6591813.706,196.322,195.572,5,4.5,0.693556,39.116937,68.271566,16.981128,0.662316
pattern_10,10-H-037,363604.169,6591813.706,195.572,194.822,6,5.25,0.677031,40.007571,67.896259,17.902207,0.69014
pattern_10,10-H-037,363604.169,6591813.706,194.822,194.072,7,6,0.700956,39.740858,67.54596,16.988966,0.658712
pattern_10,10-H-037,363604.169,6591813.706,194.072,193.322,8,6.75,0.635999,41.051125,67.579916,17.792469,0.750114
pattern_10,10-H-037,363604.169,6591813.706,193.322,192.572,9,7.5,0.619076,43.03659,67.599247,18.457808,0.808034
pattern_10,10-H-037,363604.169,6591813.706,192.572,191.822,10,8.25,0.608886,42.793177,66.563935,17.846979,0.804335
pattern_10,10-H-037,363604.169,6591813.706,191.822,191.072,11,9,0.59513,44.941177,67.259854,18.515593,0.873164
pattern_10,10-H-037,363604.169,6591813.706,191.072,190.322,12,9.75,0.571034,45.297326,67.484957,20.416785,0.920401
pattern_10,10-H-037,363604.169,6591813.706,190.322,189.572,13,10.5,0.598435,44.102244,67.040746,18.545558,0.849421
pattern_10,10-H-037,363604.169,6591813.706,189.572,188.822,14,11.25,0.588695,45.990853,66.476686,18.845738,0.892797
pattern_10,10-H-037,363604.169,6591813.706,188.822,188.072,15,12,0.581624,45.955414,66.352731,18.54514,0.901214
pattern_10,10-H-037,363604.169,6591813.706,188.072,187.322,16,12.75,0.59514,44.100906,65.750224,17.919962,0.837612
pattern_10,10-H-037,363604.169,6591813.706,187.322,186.572,17,13.5,0.579221,43.19426,68.023869,18.052534,0.872015
pattern_10,10-H-037,363604.169,6591813.706,186.572,185.822,18,14.25,0.612523,43.335527,66.806789,17.394671,0.812569
pattern_10,10-H-037,363604.169,6591813.706,185.822,185.072,19,15,0.659122,41.145389,67.72522,18.14429,0.727129
pattern_10,10-H-037,363604.169,6591813.706,185.072,184.322,20,15.75,0.620317,42.243872,66.826646,17.939706,0.782524
pattern_10,10-H-037,363604.169,6591813.706,184.322,183.602,21,16.47,0.612579,41.712469,67.945543,18.588795,0.795585
pattern_10,10-H-038,363604.049,6591805.926,199.997,199.247,0,0.75,0.722367,38.647777,67.470295,17.029754,0.621034
pattern_10,10-H-038,363604.049,6591805.926,199.247,198.497,1,1.5,0.673281,39.733731,69.254959,18.218881,0.703024
pattern_10,10-H-038,363604.049,6591805.926,198.497,197.747,2,2.25,0.693309,40.047739,67.7861,17.422136,0.673513
pattern_10,10-H-038,363604.049,6591805.926,197.747,196.997,3,3,0.659995,40.56994,69.167362,17.483163,0.731165
pattern_10,10-H-038,363604.049,6591805.926,196.997,196.247,4,3.75,0.682351,40.138894,68.354791,17.685718,0.691615
pattern_10,10-H-038,363604.049,6591805.926,196.247,195.497,5,4.5,0.66341,39.833318,68.19854,17.115565,0.704224
pattern_10,10-H-038,363604.049,6591805.926,195.497,194.747,6,5.25,0.684051,42.060935,68.156308,17.635616,0.720737
pattern_10,10-H-038,363604.049,6591805.926,194.747,193.997,7,6,0.663828,40.524139,69.058084,17.5984,0.725008
pattern_10,10-H-038,363604.049,6591805.926,193.997,193.247,8,6.75,0.636491,41.029833,67.823577,18.075773,0.751875
pattern_10,10-H-038,363604.049,6591805.926,193.247,192.497,9,7.5,0.627697,42.787302,67.60911,18.262158,0.792456
pattern_10,10-H-038,363604.049,6591805.926,192.497,191.747,10,8.25,0.611866,43.00112,66.825341,19.468074,0.807654
pattern_10,10-H-038,363604.049,6591805.926,191.747,190.997,11,9,0.62673,44.032069,66.67134,18.882072,0.805477
pattern_10,10-H-038,363604.049,6591805.926,190.997,190.247,12,9.75,0.577313,43.634515,66.713707,19.34592,0.866963
pattern_10,10-H-038,363604.049,6591805.926,190.247,189.497,13,10.5,0.577144,46.837672,68.051508,18.282417,0.949191
pattern_10,10-H-038,363604.049,6591805.926,189.497,188.747,14,11.25,0.592174,44.921458,65.455715,18.998315,0.853719
pattern_10,10-H-038,363604.049,6591805.926,188.747,187.997,15,12,0.544553,46.555745,67.150527,19.547497,0.98677
pattern_10,10-H-038,363604.049,6591805.926,187.997,187.247,16,12.75,0.562789,44.29274,67.010698,19.211219,0.906646
pattern_10,10-H-038,363604.049,6591805.926,187.247,186.497,17,13.5,0.572171,43.473749,65.748943,18.556908,0.858853
pattern_10,10-H-038,363604.049,6591805.926,186.497,185.747,18,14.25,0.582898,43.557045,67.544723,19.51755,0.867827
pattern_10,10-H-038,363604.049,6591805.926,185.747,184.997,19,15,0.619953,43.0358,67.036577,18.40621,0.800176
pattern_10,10-H-038,363604.049,6591805.926,184.997,184.247,20,15.75,0.634249,42.106845,66.728702,18.38382,0.761847
pattern_10,10-H-038,363604.049,6591805.926,184.247,184.196,21,15.801,0.601714,42.911936,67.422457,18.861143,0.826771
pattern_10,10-H-039,363603.515,6591798.502,199.961,199.211,0,0.75,0.740501,37.976655,69.081356,15.808798,0.60941
pattern_10,10-H-039,363603.515,6591798.502,199.211,198.461,1,1.5,0.730918,38.021092,69.190801,16.878748,0.619201
pattern_10,10-H-039,363603.515,6591798.502,198.461,197.711,2,2.25,0.712319,38.010723,67.516533,17.362813,0.619882
pattern_10,10-H-039,363603.515,6591798.502,197.711,196.961,3,3,0.715792,40.061973,68.645083,17.062605,0.660855
pattern_10,10-H-039,363603.515,6591798.502,196.961,196.211,4,3.75,0.668867,39.797685,68.001204,16.855191,0.695828
pattern_10,10-H-039,363603.515,6591798.502,196.211,195.461,5,4.5,0.696965,39.865602,68.852207,16.991701,0.677358
pattern_10,10-H-039,363603.515,6591798.502,195.461,194.711,6,5.25,0.686336,38.594785,69.348229,16.536904,0.670683
pattern_10,10-H-039,363603.515,6591798.502,194.711,193.961,7,6,0.666996,40.784384,68.011354,17.772185,0.715241
pattern_10,10-H-039,363603.515,6591798.502,193.961,193.211,8,6.75,0.655136,42.737585,66.338173,17.861114,0.744213
pattern_10,10-H-039,363603.515,6591798.502,193.211,192.461,9,7.5,0.608416,41.977915,68.108069,18.762228,0.80804
pattern_10,10-H-039,363603.515,6591798.502,192.461,191.711,10,8.25,0.607743,44.008556,68.679315,19.124498,0.855091
pattern_10,10-H-039,363603.515,6591798.502,191.711,190.961,11,9,0.596232,44.185873,67.630958,18.578519,0.861668
pattern_10,10-H-039,363603.515,6591798.502,190.961,190.211,12,9.75,0.583767,43.536967,65.957865,18.833997,0.845763
pattern_10,10-H-039,363603.515,6591798.502,190.211,189.461,13,10.5,0.557053,43.077816,67.870728,19.408325,0.902326
pattern_10,10-H-039,363603.515,6591798.502,189.461,188.711,14,11.25,0.542936,45.078376,65.857837,19.845814,0.940003
pattern_10,10-H-039,363603.515,6591798.502,188.711,187.961,15,12,0.569411,44.600704,66.288759,18.727663,0.892589
pattern_10,10-H-039,363603.515,6591798.502,187.961,187.211,16,12.75,0.582064,43.396281,67.500518,18.568037,0.865186
pattern_10,10-H-039,363603.515,6591798.502,187.211,186.461,17,13.5,0.577862,42.52403,66.038711,19.523338,0.835662
pattern_10,10-H-039,363603.515,6591798.502,186.461,185.711,18,14.25,0.587906,44.031923,68.641835,17.546355,0.88366
pattern_10,10-H-039,363603.515,6591798.502,185.711,184.961,19,15,0.614184,42.925821,66.970248,19.312424,0.804927
pattern_10,10-H-039,363603.515,6591798.502,184.961,184.211,20,15.75,0.575584,45.133743,65.818764,18.643424,0.887237
pattern_10,10-H-039,363603.515,6591798.502,184.211,183.581,21,16.38,0.599479,43.130187,67.357304,18.951771,0.83326
pattern_10,10-H-040,363604.37,6591789.437,200.046,199.296,0,0.75,0.776216,38.450256,69.048526,17.015813,0.588554
pattern_10,10-H-040,363604.37,6591789.437,199.296,198.546,1,1.5,0.765132,35.971789,69.161976,16.566957,0.559558
pattern_10,10-H-040,363604.37,6591789.437,198.546,197.796,2,2.25,0.701423,38.172207,68.954205,16.364009,0.645438
pattern_10,10-H-040,363604.37,6591789.437,197.796,197.046,3,3,0.732136,39.712185,69.183465,17.147682,0.645543
pattern_10,10-H-040,363604.37,6591789.437,197.046,196.296,4,3.75,0.713752,39.047991,68.073598,16.761692,0.640619
pattern_10,10-H-040,363604.37,6591789.437,196.296,195.546,5,4.5,0.732831,39.503224,69.311394,16.758941,0.642685
pattern_10,10-H-040,363604.37,6591789.437,195.546,194.796,6,5.25,0.730202,38.216003,68.310489,15.383723,0.614892
pattern_10,10-H-040,363604.37,6591789.437,194.796,194.046,7,6,0.75135,37.978487,68.114604,16.423359,0.592363
pattern_10,10-H-040,363604.37,6591789.437,194.046,193.296,8,6.75,0.735482,39.614695,69.282929,17.436645,0.641996
pattern_10,10-H-040,363604.37,6591789.437,193.296,192.546,9,7.5,0.66933,38.641526,67.945006,17.497787,0.674728
pattern_10,10-H-040,363604.37,6591789.437,192.546,191.796,10,8.25,0.678937,40.225502,68.366347,16.578177,0.696561
pattern_10,10-H-040,363604.37,6591789.437,191.796,191.046,11,9,0.683214,41.715542,68.148002,17.912631,0.715655
pattern_10,10-H-040,363604.37,6591789.437,191.046,190.296,12,9.75,0.642737,42.719462,68.345179,17.738755,0.781066
pattern_10,10-H-040,363604.37,6591789.437,190.296,189.546,13,10.5,0.606269,42.142677,67.197521,18.298587,0.803158
pattern_10,10-H-040,363604.37,6591789.437,189.546,188.796,14,11.25,0.628678,42.978511,68.045646,18.687585,0.799917
pattern_10,10-H-040,363604.37,6591789.437,188.796,188.046,15,12,0.633736,43.714789,66.74856,17.478705,0.791618
pattern_10,10-H-040,363604.37,6591789.437,188.046,187.296,16,12.75,0.59358,43.866328,67.225211,18.84285,0.854156
pattern_10,10-H-040,363604.37,6591789.437,187.296,186.546,17,13.5,0.648571,40.743725,67.280723,18.886622,0.727032
pattern_10,10-H-040,363604.37,6591789.437,186.546,185.796,18,14.25,0.649284,40.832734,67.073203,16.796838,0.725326
pattern_10,10-H-040,363604.37,6591789.437,185.796,185.046,19,15,0.675346,40.785298,67.532631,18.169884,0.70153
pattern_10,10-H-040,363604.37,6591789.437,185.046,184.296,20,15.75,0.670821,41.477459,68.04519,18.201405,0.723635
pattern_10,10-H-040,363604.37,6591789.437,184.296,183.546,21,16.5,0.653926,41.579299,67.322057,17.425261,0.736112
pattern_10,10-H-040,363604.37,6591789.437,183.546,183.521,22,16.525,0.672563,40.778401,66.497963,18.198797,0.693553
pattern_10,10-H-041,363604.604,6591781.59,199.97,199.22,0,0.75,0.88066,31.369701,70.394397,13.711033,0.431624
pattern_10,10-H-041,363604.604,6591781.59,199.22,198.47,1,1.5,0.859766,33.507064,71.918514,13.596255,0.482252
pattern_10,10-H-041,363604.604,6591781.59,198.47,197.72,2,2.25,0.863857,32.53861,72.187859,14.28167,0.467974
pattern_10,10-H-041,363604.604,6591781.59,197.72,196.97,3,3,0.872121,32.874403,71.000296,14.742498,0.460702
pattern_10,10-H-041,363604.604,6591781.59,196.97,196.22,4,3.75,0.824148,33.305666,70.397923,13.957902,0.489516
pattern_10,10-H-041,363604.604,6591781.59,196.22,195.47,5,4.5,0.850301,30.607267,71.44871,14.95313,0.442811
pattern_10,10-H-041,363604.604,6591781.59,195.47,194.72,6,5.25,0.834255,33.90463,70.98246,15.528354,0.496537
pattern_10,10-H-041,363604.604,6591781.59,194.72,193.97,7,6,0.841066,33.029997,69.847597,14.466894,0.472103
pattern_10,10-H-041,363604.604,6591781.59,193.97,193.22,8,6.75,0.819332,33.954833,70.494656,15.223469,0.502789
pattern_10,10-H-041,363604.604,6591781.59,193.22,192.47,9,7.5,0.791054,35.965341,69.857613,15.086667,0.546434
pattern_10,10-H-041,363604.604,6591781.59,192.47,191.72,10,8.25,0.782811,38.703915,68.51904,15.945848,0.582831
pattern_10,10-H-041,363604.604,6591781.59,191.72,190.97,11,9,0.755609,36.726953,69.613981,15.69418,0.582098
pattern_10,10-H-041,363604.604,6591781.59,190.97,190.22,12,9.75,0.772601,38.561828,69.94085,17.222569,0.600669
pattern_10,10-H-041,363604.604,6591781.59,190.22,189.47,13,10.5,0.678529,39.590047,68.842005,17.467109,0.690867
pattern_10,10-H-041,363604.604,6591781.59,189.47,188.72,14,11.25,0.707371,38.76117,68.837011,16.43878,0.648781
pattern_10,10-H-041,363604.604,6591781.59,188.72,187.97,15,12,0.723696,36.217368,68.193489,17.886718,0.587354
pattern_10,10-H-041,363604.604,6591781.59,187.97,187.22,16,12.75,0.744573,36.569121,69.676432,16.545964,0.588796
pattern_10,10-H-041,363604.604,6591781.59,187.22,186.47,17,13.5,0.769185,36.894112,68.071841,16.417768,0.561856
pattern_10,10-H-041,363604.604,6591781.59,186.47,185.72,18,14.25,0.783955,36.351949,70.159253,16.350585,0.559825
pattern_10,10-H-041,363604.604,6591781.59,185.72,184.97,19,15,0.772004,35.936538,70.347961,14.556325,0.563275
pattern_10,10-H-041,363604.604,6591781.59,184.97,184.22,20,15.75,0.785275,35.182946,68.657111,16.550369,0.529462
pattern_10,10-H-041,363604.604,6591781.59,184.22,183.47,21,16.5,0.784852,35.21103,69.917132,15.519315,0.539736
pattern_10,10-H-041,363604.604,6591781.59,183.47,183.064,22,16.906,0.792174,35.259886,68.961644,14.959518,0.528143
pattern_10,10-H-042,363604.039,6591773.511,199.972,199.222,0,0.75,0.900216,30.913567,70.912349,13.629713,0.419208
pattern_10,10-H-042,363604.039,6591773.511,199.222,198.472,1,1.5,0.869263,32.829781,70.980872,14.77816,0.461464
pattern_10,10-H-042,363604.039,6591773.511,198.472,197.722,2,2.25,0.860806,32.427136,70.318817,14.273389,0.455949
pattern_10,10-H-042,363604.039,6591773.511,197.722,196.972,3,3,0.833087,33.675759,70.409965,14.345842,0.489775
pattern_10,10-H-042,363604.039,6591773.511,196.972,196.222,4,3.75,0.847926,33.009587,71.292036,14.909781,0.477705
pattern_10,10-H-042,363604.039,6591773.511,196.222,195.472,5,4.5,0.830663,33.965912,70.940595,15.3061,0.499253
pattern_10,10-H-042,363604.039,6591773.511,195.472,194.722,6,5.25,0.844587,33.262801,69.098276,15.077858,0.468457
pattern_10,10-H-042,363604.039,6591773.511,194.722,193.972,7,6,0.787412,32.681756,70.457621,14.194554,0.503164
pattern_10,10-H-042,363604.039,6591773.511,193.972,193.222,8,6.75,0.79938,34.004374,69.300452,15.660883,0.507383
pattern_10,10-H-042,363604.039,6591773.511,193.222,192.472,9,7.5,0.796422,34.211597,69.695,15.718302,0.515266
pattern_10,10-H-042,363604.039,6591773.511,192.472,191.722,10,8.25,0.763806,35.722618,70.431237,16.554267,0.566834
pattern_10,10-H-042,363604.039,6591773.511,191.722,190.972,11,9,0.789178,35.611419,70.132215,16.346056,0.544634
pattern_10,10-H-042,363604.039,6591773.511,190.972,190.222,12,9.75,0.74083,37.757213,67.743729,15.755151,0.593936
pattern_10,10-H-042,363604.039,6591773.511,190.222,189.472,13,10.5,0.7615,38.004193,69.661961,15.875577,0.598063
pattern_10,10-H-042,363604.039,6591773.511,189.472,188.722,14,11.25,0.753689,37.568532,69.469916,15.762016,0.595681
pattern_10,10-H-042,363604.039,6591773.511,188.722,187.972,15,12,0.76531,37.308118,70.520803,15.826368,0.591404
pattern_10,10-H-042,363604.039,6591773.511,187.972,187.222,16,12.75,0.744373,36.489228,69.735163,15.512118,0.58804
pattern_10,10-H-042,363604.039,6591773.511,187.222,186.472,17,13.5,0.763635,36.086593,68.940833,15.3814,0.560498
pattern_10,10-H-042,363604.039,6591773.511,186.472,185.722,18,14.25,0.771835,35.124446,69.605836,15.433938,0.545022
pattern_10,10-H-042,363604.039,6591773.511,185.722,184.972,19,15,0.786218,36.442132,68.836586,16.384985,0.549091
pattern_10,10-H-042,363604.039,6591773.511,184.972,184.222,20,15.75,0.784159,33.584879,70.666968,15.725136,0.520881
pattern_10,10-H-042,363604.039,6591773.511,184.222,183.472,21,16.5,0.785929,34.318086,70.135978,14.798548,0.526929
pattern_10,10-H-042,363604.039,6591773.511,183.472,182.722,22,17.25,0.80408,36.659691,69.754079,16.067214,0.547265
pattern_10,10-H-042,363604.039,6591773.511,182.722,182.703,23,17.269,0.834481,35.634891,68.660517,15.288256,0.504608
pattern_10,10-H-043,363596.449,6591826.038,199.987,199.237,0,0.75,0.784662,36.257258,69.78706,15.796686,0.554855
pattern_10,10-H-043,363596.449,6591826.038,199.237,198.487,1,1.5,0.775365,34.154771,68.747822,15.776461,0.521184
pattern_10,10-H-043,363596.449,6591826.038,198.487,197.737,2,2.25,0.774067,35.799372,69.643192,16.254277,0.554258
pattern_10,10-H-043,363596.449,6591826.038,197.737,196.987,3,3,0.730314,36.917709,69.248014,17.347705,0.60234
pattern_10,10-H-043,363596.449,6591826.038,196.987,196.237,4,3.75,0.751237,37.290039,67.829919,16.787945,0.57937
pattern_10,10-H-043,363596.449,6591826.038,196.237,195.487,5,4.5,0.726969,39.624933,69.658543,17.813852,0.653214
pattern_10,10-H-043,363596.449,6591826.038,195.487,194.737,6,5.25,0.726856,39.519099,69.128005,16.997749,0.64653
pattern_10,10-H-043,363596.449,6591826.038,194.737,193.987,7,6,0.736513,39.317064,68.333714,16.883014,0.627545
pattern_10,10-H-043,363596.449,6591826.038,193.987,193.237,8,6.75,0.714597,39.298233,68.805614,16.742857,0.650852
pattern_10,10-H-043,363596.449,6591826.038,193.237,192.487,9,7.5,0.704059,39.372612,68.090434,17.353951,0.655026
pattern_10,10-H-043,363596.449,6591826.038,192.487,191.737,10,8.25,0.708342,38.542126,67.642182,17.212319,0.63319
pattern_10,10-H-043,363596.449,6591826.038,191.737,190.987,11,9,0.707569,40.239877,68.352609,17.148255,0.668629
pattern_10,10-H-043,363596.449,6591826.038,190.987,190.237,12,9.75,0.706306,39.863974,68.11811,17.063854,0.661303
pattern_10,10-H-043,363596.449,6591826.038,190.237,189.487,13,10.5,0.653627,40.344404,68.360293,16.930292,0.725566
pattern_10,10-H-043,363596.449,6591826.038,189.487,188.737,14,11.25,0.668325,39.020224,67.988357,17.144458,0.682733
pattern_10,10-H-043,363596.449,6591826.038,188.737,187.987,15,12,0.646471,41.279577,68.272701,17.042418,0.749587
pattern_10,10-H-043,363596.449,6591826.038,187.987,187.237,16,12.75,0.624193,41.792013,68.597187,17.89031,0.789705
pattern_10,10-H-043,363596.449,6591826.038,187.237,186.487,17,13.5,0.655068,41.379586,67.914006,17.599392,0.737746
pattern_10,10-H-043,363596.449,6591826.038,186.487,185.737,18,14.25,0.684634,39.917365,70.365372,18.041618,0.705669
pattern_10,10-H-043,363596.449,6591826.038,185.737,184.987,19,15,0.707814,40.222305,66.984631,16.27854,0.654673
pattern_10,10-H-043,363596.449,6591826.038,184.987,184.569,20,15.418,0.694463,39.45264,68.301167,17.972045,0.667521
pattern_10,10-H-044,363596.756,6591817.499,200.04,199.29,0,0.75,0.733001,36.359991,68.660588,17.295879,0.586102
pattern_10,10-H-044,363596.756,6591817.499,199.29,198.54,1,1.5,0.715833,38.212817,68.587778,18.239957,0.63003
pattern_10,10-H-044,363596.756,6591817.499,198.54,197.79,2,2.25,0.687478,40.42993,68.963081,16.443974,0.697419
pattern_10,10-H-044,363596.756,6591817.499,197.79,197.04,3,3,0.720986,39.826442,68.803381,17.295718,0.653792
pattern_10,10-H-044,363596.756,6591817.499,197.04,196.29,4,3.75,0.682293,39.961902,68.780224,17.445884,0.692877
pattern_10,10-H-044,363596.756,6591817.499,196.29,195.54,5,4.5,0.683337,39.061148,68.960525,17.103552,0.678002
pattern_10,10-H-044,363596.756,6591817.499,195.54,194.79,6,5.25,0.712236,40.695729,69.658012,18.094644,0.684668
pattern_10,10-H-044,363596.756,6591817.499,194.79,194.04,7,6,0.675592,40.005367,67.580347,18.037692,0.688376
pattern_10,10-H-044,363596.756,6591817.499,194.04,193.29,8,6.75,0.644751,40.173368,66.431298,17.506241,0.711878
pattern_10,10-H-044,363596.756,6591817.499,193.29,192.54,9,7.5,0.667887,40.236876,67.763017,18.021005,0.702194
pattern_10,10-H-044,363596.756,6591817.499,192.54,191.79,10,8.25,0.596811,44.514778,67.654986,18.82757,0.867564
pattern_10,10-H-044,363596.756,6591817.499,191.79,191.04,11,9,0.6197,44.805107,66.892819,18.141661,0.831506
pattern_10,10-H-044,363596.756,6591817.499,191.04,190.29,12,9.75,0.602455,44.173499,67.628405,19.83545,0.852673
pattern_10,10-H-044,363596.756,6591817.499,190.29,189.54,13,10.5,0.626728,43.183615,65.994274,18.415909,0.781948
pattern_10,10-H-044,363596.756,6591817.499,189.54,188.79,14,11.25,0.567283,46.262951,66.927999,18.976593,0.938203
pattern_10,10-H-044,363596.756,6591817.499,188.79,188.04,15,12,0.596608,44.86753,66.840936,18.917985,0.864229
pattern_10,10-H-044,363596.756,6591817.499,188.04,187.29,16,12.75,0.611901,43.119094,66.160665,17.853706,0.80159
pattern_10,10-H-044,363596.756,6591817.499,187.29,186.54,17,13.5,0.599694,43.051707,67.184539,19.162726,0.82935
pattern_10,10-H-044,363596.756,6591817.499,186.54,185.79,18,14.25,0.628213,41.264778,68.012934,18.330615,0.768267
pattern_10,10-H-044,363596.756,6591817.499,185.79,185.097,19,14.943,0.61709,43.10076,67.18367,18.457327,0.806856
pattern_10,10-H-045,363596.489,6591809.479,199.937,199.187,0,0.75,0.701636,40.523395,69.297111,17.379345,0.688383
pattern_10,10-H-045,363596.489,6591809.479,199.187,198.437,1,1.5,0.725451,38.872622,68.571586,17.305789,0.63214
pattern_10,10-H-045,363596.489,6591809.479,198.437,197.687,2,2.25,0.699484,39.162799,68.272461,16.636516,0.657455
pattern_10,10-H-045,363596.489,6591809.479,197.687,196.937,3,3,0.697017,40.291881,68.805284,17.119099,0.684077
pattern_10,10-H-045,363596.489,6591809.479,196.937,196.187,4,3.75,0.679276,40.276029,68.217138,18.492537,0.695802
pattern_10,10-H-045,363596.489,6591809.479,196.187,195.437,5,4.5,0.674654,40.697043,68.457664,17.598972,0.710232
pattern_10,10-H-045,363596.489,6591809.479,195.437,194.687,6,5.25,0.695007,42.211217,68.332796,17.744979,0.713787
pattern_10,10-H-045,363596.489,6591809.479,194.687,193.937,7,6,0.667217,40.411904,66.912896,16.57625,0.69694
pattern_10,10-H-045,363596.489,6591809.479,193.937,193.187,8,6.75,0.657384,41.302986,68.609099,16.404087,0.74114
pattern_10,10-H-045,363596.489,6591809.479,193.187,192.437,9,7.5,0.615297,43.16088,67.95832,17.862882,0.819571
pattern_10,10-H-045,363596.489,6591809.479,192.437,191.687,10,8.25,0.594697,42.02921,68.663711,17.762716,0.834247
pattern_10,10-H-045,363596.489,6591809.479,191.687,190.937,11,9,0.583838,42.907016,66.842493,18.97847,0.844623
pattern_10,10-H-045,363596.489,6591809.479,190.937,190.187,12,9.75,0.579423,45.377189,67.533734,18.758186,0.909159
pattern_10,10-H-045,363596.489,6591809.479,190.187,189.437,13,10.5,0.577426,45.546611,65.665198,20.222319,0.890598
pattern_10,10-H-045,363596.489,6591809.479,189.437,188.687,14,11.25,0.564097,46.036198,67.444529,20.079259,0.946238
pattern_10,10-H-045,363596.489,6591809.479,188.687,187.937,15,12,0.558768,46.648798,65.833443,19.655549,0.944804
pattern_10,10-H-045,363596.489,6591809.479,187.937,187.187,16,12.75,0.575371,44.783749,67.648862,20.168348,0.90531
pattern_10,10-H-045,363596.489,6591809.479,187.187,186.437,17,13.5,0.602951,43.920214,67.115298,20.139974,0.840731
pattern_10,10-H-045,363596.489,6591809.479,186.437,185.687,18,14.25,0.613609,42.210548,67.768945,18.339817,0.801597
pattern_10,10-H-045,363596.489,6591809.479,185.687,184.937,19,15,0.610181,44.877326,66.78191,19.491106,0.844566
pattern_10,10-H-045,363596.489,6591809.479,184.937,184.858,20,15.079,0.592686,43.625089,66.63818,18.690385,0.843321
pattern_10,10-H-046,363596.866,6591801.25,199.946,199.196,0,0.75,0.676565,41.038218,67.745493,17.968839,0.70679
pattern_10,10-H-046,363596.866,6591801.25,199.196,198.446,1,1.5,0.653644,41.179593,67.811397,19.341045,0.734889
pattern_10,10-H-046,363596.866,6591801.25,198.446,197.696,2,2.25,0.664573,41.6618,67.539976,18.284281,0.728233
pattern_10,10-H-046,363596.866,6591801.25,197.696,196.946,3,3,0.641551,43.389031,68.186352,18.103208,0.792939
pattern_10,10-H-046,363596.866,6591801.25,196.946,196.196,4,3.75,0.625228,43.000737,67.082314,18.351998,0.793332
pattern_10,10-H-046,363596.866,6591801.25,196.196,195.446,5,4.5,0.616746,43.112247,68.322761,18.482797,0.821175
pattern_10,10-H-046,363596.866,6591801.25,195.446,194.696,6,5.25,0.656873,42.371893,68.130355,17.068088,0.755645
pattern_10,10-H-046,363596.866,6591801.25,194.696,193.946,7,6,0.656088,42.014125,67.450057,17.65776,0.742777
pattern_10,10-H-046,363596.866,6591801.25,193.946,193.196,8,6.75,0.621417,43.504611,66.730316,19.428989,0.803416
pattern_10,10-H-046,363596.866,6591801.25,193.196,192.446,9,7.5,0.57678,45.024361,66.24276,18.512029,0.888921
pattern_10,10-H-046,363596.866,6591801.25,192.446,191.696,10,8.25,0.570845,44.337615,67.128638,19.861322,0.896437
pattern_10,10-H-046,363596.866,6591801.25,191.696,190.946,11,9,0.542089,45.502883,65.792566,20.415539,0.949442
pattern_10,10-H-046,363596.866,6591801.25,190.946,190.196,12,9.75,0.496965,47.97879,65.671468,20.323321,1.089614
pattern_10,10-H-046,363596.866,6591801.25,190.196,189.446,13,10.5,0.486306,47.999413,65.246749,19.796903,1.106669
pattern_10,10-H-046,363596.866,6591801.25,189.446,188.696,14,11.25,0.506998,47.48291,66.623331,20.433395,1.072387
pattern_10,10-H-046,363596.866,6591801.25,188.696,187.946,15,12,0.518922,47.915124,64.363161,20.478963,1.021537
pattern_10,10-H-046,363596.866,6591801.25,187.946,187.196,16,12.75,0.49911,47.986747,65.685418,19.54824,1.085258
pattern_10,10-H-046,363596.866,6591801.25,187.196,186.446,17,13.5,0.554913,47.727905,65.912103,20.48098,0.974563
pattern_10,10-H-046,363596.866,6591801.25,186.446,185.696,18,14.25,0.563364,46.590125,66.177298,19.644431,0.940815
pattern_10,10-H-046,363596.866,6591801.25,185.696,184.946,19,15,0.570613,46.522505,66.012174,18.915231,0.925151
pattern_10,10-H-046,363596.866,6591801.25,184.946,184.196,20,15.75,0.532572,45.902298,66.859993,19.965259,0.990545
pattern_10,10-H-046,363596.866,6591801.25,184.196,183.744,21,16.202,0.536181,46.392358,64.736877,19.89509,0.962866
pattern_10,10-H-047,363597.259,6591794.007,199.967,199.217,0,0.75,0.787271,35.16865,69.271409,17.009667,0.532672
pattern_10,10-H-047,363597.259,6591794.007,199.217,198.467,1,1.5,0.770598,36.184237,70.015549,16.52104,0.565739
pattern_10,10-H-047,363597.259,6591794.007,198.467,197.717,2,2.25,0.725306,38.121295,68.717442,15.125655,0.621137
pattern_10,10-H-047,363597.259,6591794.007,197.717,196.967,3,3,0.77196,37.735739,69.031791,16.680404,0.580647
pattern_10,10-H-047,363597.259,6591794.007,196.967,196.217,4,3.75,0.735858,39.443992,68.944825,16.687099,0.635716
pattern_10,10-H-047,363597.259,6591794.007,196.217,195.467,5,4.5,0.722627,39.393174,68.164113,15.636068,0.639061
pattern_10,10-H-047,363597.259,6591794.007,195.467,194.717,6,5.25,0.723176,39.040001,68.523297,17.494664,0.63642
pattern_10,10-H-047,363597.259,6591794.007,194.717,193.967,7,6,0.70848,39.441742,68.105072,17.0266,0.652191
pattern_10,10-H-047,363597.259,6591794.007,193.967,193.217,8,6.75,0.673526,38.722264,69.479795,17.024038,0.687007
pattern_10,10-H-047,363597.259,6591794.007,193.217,192.467,9,7.5,0.691759,39.511179,67.874632,16.450405,0.666751
pattern_10,10-H-047,363597.259,6591794.007,192.467,191.717,10,8.25,0.67313,42.013318,67.578736,17.60061,0.725383
pattern_10,10-H-047,363597.259,6591794.007,191.717,190.967,11,9,0.6476,41.994186,68.43702,17.866971,0.763129
pattern_10,10-H-047,363597.259,6591794.007,190.967,190.217,12,9.75,0.669285,42.435869,67.952208,18.65877,0.741043
pattern_10,10-H-047,363597.259,6591794.007,190.217,189.467,13,10.5,0.623335,42.409674,67.955876,17.907903,0.794965
pattern_10,10-H-047,363597.259,6591794.007,189.467,188.717,14,11.25,0.599459,43.275882,68.073002,19.097821,0.844973
pattern_10,10-H-047,363597.259,6591794.007,188.717,187.967,15,12,0.663865,42.581236,67.748969,18.029357,0.747313
pattern_10,10-H-047,363597.259,6591794.007,187.967,187.217,16,12.75,0.652846,42.277121,67.12589,19.190476,0.747702
pattern_10,10-H-047,363597.259,6591794.007,187.217,186.467,17,13.5,0.642056,42.128828,68.878911,17.538463,0.777092
pattern_10,10-H-047,363597.259,6591794.007,186.467,185.717,18,14.25,0.662895,41.223513,66.755534,17.185699,0.713915
pattern_10,10-H-047,363597.259,6591794.007,185.717,184.967,19,15,0.631986,41.236512,66.959746,17.673745,0.751309
pattern_10,10-H-047,363597.259,6591794.007,184.967,184.217,20,15.75,0.70838,39.442216,70.632209,18.296034,0.676572
pattern_10,10-H-047,363597.259,6591794.007,184.217,183.625,21,16.342,0.663352,40.349458,69.366422,17.220277,0.725578
pattern_10,10-H-048,363597.005,6591785.915,199.94,199.19,0,0.75,0.837951,32.963108,71.501216,15.016305,0.484116
pattern_10,10-H-048,363597.005,6591785.915,199.19,198.44,1,1.5,0.819465,32.143565,71.731502,14.680877,0.484243
pattern_10,10-H-048,363597.005,6591785.915,198.44,197.69,2,2.25,0.840721,32.933222,69.640529,14.455626,0.469525
pattern_10,10-H-048,363597.005,6591785.915,197.69,196.94,3,3,0.777911,34.453492,69.307661,14.860401,0.528152
pattern_10,10-H-048,363597.005,6591785.915,196.94,196.19,4,3.75,0.763563,36.346633,69.306286,15.642573,0.567591
pattern_10,10-H-048,363597.005,6591785.915,196.19,195.44,5,4.5,0.785308,35.702819,70.731896,15.35296,0.553263
pattern_10,10-H-048,363597.005,6591785.915,195.44,194.69,6,5.25,0.761289,36.367649,69.522907,16.723189,0.571514
pattern_10,10-H-048,363597.005,6591785.915,194.69,193.94,7,6,0.800705,35.232934,68.147522,15.471489,0.516057
pattern_10,10-H-048,363597.005,6591785.915,193.94,193.19,8,6.75,0.742567,36.518486,68.557783,16.335346,0.580108
pattern_10,10-H-048,363597.005,6591785.915,193.19,192.44,9,7.5,0.728009,37.495755,68.040916,17.108106,0.602978
pattern_10,10-H-048,363597.005,6591785.915,192.44,191.69,10,8.25,0.735396,37.717531,69.399369,17.67136,0.612476
pattern_10,10-H-048,363597.005,6591785.915,191.69,190.94,11,9,0.726334,38.442138,70.582404,17.76021,0.64271
pattern_10,10-H-048,363597.005,6591785.915,190.94,190.19,12,9.75,0.692501,38.744384,67.762236,17.294819,0.652176
pattern_10,10-H-048,363597.005,6591785.915,190.19,189.44,13,10.5,0.67874,39.650352,68.139097,17.12546,0.684619
pattern_10,10-H-048,363597.005,6591785.915,189.44,188.69,14,11.25,0.682159,40.026071,68.226828,16.589578,0.688451
pattern_10,10-H-048,363597.005,6591785.915,188.69,187.94,15,12,0.677876,39.806971,68.823386,16.880292,0.695048
pattern_10,10-H-048,363597.005,6591785.915,187.94,187.19,16,12.75,0.696547,38.334543,69.056421,17.060624,0.653748
pattern_10,10-H-048,363597.005,6591785.915,187.19,186.44,17,13.5,0.706979,39.159036,69.433947,16.113738,0.661412
pattern_10,10-H-048,363597.005,6591785.915,186.44,185.69,18,14.25,0.734973,38.917615,69.045154,17.019318,0.628963
pattern_10,10-H-048,363597.005,6591785.915,185.69,184.94,19,15,0.747347,37.478104,68.38508,17.39828,0.590149
pattern_10,10-H-048,363597.005,6591785.915,184.94,184.19,20,15.75,0.741882,38.248643,69.791952,16.20919,0.618953
pattern_10,10-H-048,363597.005,6591785.915,184.19,183.44,21,16.5,0.736074,36.783269,70.264709,16.225893,0.60405
pattern_10,10-H-048,363597.005,6591785.915,183.44,183.099,22,16.841,0.7295,37.499375,69.412171,17.03136,0.613885
pattern_10,10-H-049,363596.963,6591778.038,200.09,199.34,0,0.75,0.911553,30.558619,71.457792,13.612077,0.412414
pattern_10,10-H-049,363596.963,6591778.038,199.34,198.59,1,1.5,0.897909,31.789872,71.04552,12.962376,0.432875
pattern_10,10-H-049,363596.963,6591778.038,198.59,197.84,2,2.25,0.882051,30.800834,71.703836,13.254215,0.430947
pattern_10,10-H-049,363596.963,6591778.038,197.84,197.09,3,3,0.90498,31.698103,70.286257,14.129603,0.423852
pattern_10,10-H-049,363596.963,6591778.038,197.09,196.34,4,3.75,0.89492,33.049111,71.186591,14.54941,0.452543
pattern_10,10-H-049,363596.963,6591778.038,196.34,195.59,5,4.5,0.8683,31.38294,71.826493,13.77224,0.446812
pattern_10,10-H-049,363596.963,6591778.038,195.59,194.84,6,5.25,0.838667,33.821511,69.486934,14.289323,0.482236
pattern_10,10-H-049,363596.963,6591778.038,194.84,194.09,7,6,0.821495,34.166852,69.870922,15.362041,0.500157
pattern_10,10-H-049,363596.963,6591778.038,194.09,193.34,8,6.75,0.817258,33.645349,70.055213,15.346443,0.496395
pattern_10,10-H-049,363596.963,6591778.038,193.34,192.59,9,7.5,0.847041,34.604568,68.852887,15.632058,0.484222
pattern_10,10-H-049,363596.963,6591778.038,192.59,191.84,10,8.25,0.827372,34.378612,70.034007,14.717416,0.500768
pattern_10,10-H-049,363596.963,6591778.038,191.84,191.09,11,9,0.764367,35.689478,68.998717,15.988534,0.554358
pattern_10,10-H-049,363596.963,6591778.038,191.09,190.34,12,9.75,0.766497,35.82219,69.670882,16.12753,0.560275
pattern_10,10-H-049,363596.963,6591778.038,190.34,189.59,13,10.5,0.766797,35.561967,69.101162,16.316681,0.551495
pattern_10,10-H-049,363596.963,6591778.038,189.59,188.84,14,11.25,0.752956,35.755982,68.726526,16.462032,0.561616
pattern_10,10-H-049,363596.963,6591778.038,188.84,188.09,15,12,0.756794,36.080024,70.131623,15.825881,0.575233
pattern_10,10-H-049,363596.963,6591778.038,188.09,187.34,16,12.75,0.787692,36.871601,67.789527,15.685756,0.546014
pattern_10,10-H-049,363596.963,6591778.038,187.34,186.59,17,13.5,0.740284,37.264902,70.944995,15.669598,0.614268
pattern_10,10-H-049,363596.963,6591778.038,186.59,185.84,18,14.25,0.787459,36.272126,68.371435,16.554145,0.542027
pattern_10,10-H-049,363596.963,6591778.038,185.84,185.09,19,15,0.802557,34.860135,70.182224,14.145381,0.524436
pattern_10,10-H-049,363596.963,6591778.038,185.09,184.34,20,15.75,0.80247,34.625737,71.052283,15.300694,0.527555
pattern_10,10-H-049,363596.963,6591778.038,184.34,183.59,21,16.5,0.805973,34.540349,70.178168,14.856222,0.517503
pattern_10,10-H-049,363596.963,6591778.038,183.59,183.366,22,16.724,0.77693,34.464018,70.397616,14.985656,0.537283
pattern_10,10-H-050,363589.496,6591821.912,200.037,199.287,0,0.75,0.778956,37.246797,69.514937,16.108641,0.571912
pattern_10,10-H-050,363589.496,6591821.912,199.287,198.537,1,1.5,0.776299,36.691105,68.906381,16.330416,0.560426
pattern_10,10-H-050,363589.496,6591821.912,198.537,197.787,2,2.25,0.727323,38.175856,69.715119,16.960936,0.629506
pattern_10,10-H-050,363589.496,6591821.912,197.787,197.037,3,3,0.726075,38.335821,69.269837,15.53401,0.629013
pattern_10,10-H-050,363589.496,6591821.912,197.037,196.287,4,3.75,0.769723,37.878254,69.334341,16.677176,0.587073
pattern_10,10-H-050,363589.496,6591821.912,196.287,195.537,5,4.5,0.742773,38.253873,68.881586,16.715339,0.610319
pattern_10,10-H-050,363589.496,6591821.912,195.537,194.787,6,5.25,0.731893,39.365297,68.452316,17.253655,0.633404
pattern_10,10-H-050,363589.496,6591821.912,194.787,194.037,7,6,0.715919,37.777522,70.44786,18.261557,0.639637
pattern_10,10-H-050,363589.496,6591821.912,194.037,193.287,8,6.75,0.695163,39.260583,67.371713,17.088884,0.654507
pattern_10,10-H-050,363589.496,6591821.912,193.287,192.537,9,7.5,0.672267,39.465138,67.377766,17.243038,0.680322
pattern_10,10-H-050,363589.496,6591821.912,192.537,191.787,10,8.25,0.696901,39.234336,67.951799,17.313488,0.658073
pattern_10,10-H-050,363589.496,6591821.912,191.787,191.037,11,9,0.657855,40.939175,68.068174,17.571113,0.728475
pattern_10,10-H-050,363589.496,6591821.912,191.037,190.287,12,9.75,0.656425,40.982334,66.936856,17.578654,0.718714
pattern_10,10-H-050,363589.496,6591821.912,190.287,189.537,13,10.5,0.626648,41.038853,67.492885,19.078308,0.760226
pattern_10,10-H-050,363589.496,6591821.912,189.537,188.787,14,11.25,0.620064,42.162128,66.804098,19.873351,0.781305
pattern_10,10-H-050,363589.496,6591821.912,188.787,188.037,15,12,0.626811,43.065166,68.339891,18.460905,0.807345
pattern_10,10-H-050,363589.496,6591821.912,188.037,187.287,16,12.75,0.606292,42.183161,67.339696,17.930885,0.805549
pattern_10,10-H-050,363589.496,6591821.912,187.287,186.537,17,13.5,0.646998,40.79105,66.889785,18.343993,0.725346
pattern_10,10-H-050,363589.496,6591821.912,186.537,185.787,18,14.25,0.674657,42.321897,68.416934,18.564992,0.738179
pattern_10,10-H-050,363589.496,6591821.912,185.787,185.037,19,15,0.631732,41.183482,69.081725,17.903465,0.774394
pattern_10,10-H-050,363589.496,6591821.912,185.037,184.287,20,15.75,0.670606,38.293389,67.257939,18.197096,0.660758
pattern_10,10-H-050,363589.496,6591821.912,184.287,183.657,21,16.38,0.682123,41.067615,68.851426,17.536371,0.712913
pattern_10,10-H-051,363590.355,6591813.891,199.995,199.245,0,0.75,0.773624,38.141599,69.198535,16.615819,0.587015
pattern_10,10-H-051,363590.355,6591813.891,199.245,198.495,1,1.5,0.71971,39.099646,70.249582,16.744172,0.656439
pattern_10,10-H-051,363590.355,6591813.891,198.495,197.745,2,2.25,0.720222,38.21861,70.065266,17.008809,0.639593
pattern_10,10-H-051,363590.355,6591813.891,197.745,196.995,3,3,0.741704,38.21616,69.199843,16.56279,0.613389
pattern_10,10-H-051,363590.355,6591813.891,196.995,196.245,4,3.75,0.747257,37.76878,69.656162,17.227366,0.605777
pattern_10,10-H-051,363590.355,6591813.891,196.245,195.495,5,4.5,0.700986,39.166552,67.523648,17.649766,0.649062
pattern_10,10-H-051,363590.355,6591813.891,195.495,194.745,6,5.25,0.671736,40.801541,69.424182,17.33508,0.725168
pattern_10,10-H-051,363590.355,6591813.891,194.745,193.995,7,6,0.707788,39.089488,69.37098,17.455786,0.659055
pattern_10,10-H-051,363590.355,6591813.891,193.995,193.245,8,6.75,0.715667,38.70007,68.416835,16.359248,0.636369
pattern_10,10-H-051,363590.355,6591813.891,193.245,192.495,9,7.5,0.663419,41.030075,67.571094,17.4374,0.718695
pattern_10,10-H-051,363590.355,6591813.891,192.495,191.745,10,8.25,0.648041,43.181645,67.358843,16.879174,0.771675
pattern_10,10-H-051,363590.355,6591813.891,191.745,190.995,11,9,0.623739,43.646333,66.698066,18.079546,0.802483
pattern_10,10-H-051,363590.355,6591813.891,190.995,190.245,12,9.75,0.614233,43.661096,66.998797,19.432921,0.818973
pattern_10,10-H-051,363590.355,6591813.891,190.245,189.495,13,10.5,0.616807,43.207656,66.984567,18.188982,0.806797
pattern_10,10-H-051,363590.355,6591813.891,189.495,188.745,14,11.25,0.591503,43.975062,66.750153,18.162971,0.853127
pattern_10,10-H-051,363590.355,6591813.891,188.745,187.995,15,12,0.5945,44.497666,67.655727,19.058437,0.870631
pattern_10,10-H-051,363590.355,6591813.891,187.995,187.245,16,12.75,0.630406,43.862636,67.386126,18.066754,0.80615
pattern_10,10-H-051,363590.355,6591813.891,187.245,186.495,17,13.5,0.606124,43.298555,67.421558,18.202156,0.828056
pattern_10,10-H-051,363590.355,6591813.891,186.495,185.745,18,14.25,0.634667,43.122441,67.100601,19.024222,0.784067
pattern_10,10-H-051,363590.355,6591813.891,185.745,184.995,19,15,0.63413,43.443734,67.949313,19.288603,0.80056
pattern_10,10-H-051,363590.355,6591813.891,184.995,184.245,20,15.75,0.603519,42.735473,67.925909,18.345761,0.826975
pattern_10,10-H-051,363590.355,6591813.891,184.245,183.916,21,16.079,0.624089,43.58837,66.909429,18.669333,0.803574
pattern_10,10-H-052,363590.673,6591805.864,200.078,199.328,0,0.75,0.68782,39.841327,68.294901,18.959882,0.680622
pattern_10,10-H-052,363590.673,6591805.864,199.328,198.578,1,1.5,0.674692,41.733669,68.635804,17.559998,0.730112
pattern_10,10-H-052,363590.673,6591805.864,198.578,197.828,2,2.25,0.649612,41.401481,68.619095,18.732356,0.752159
pattern_10,10-H-052,363590.673,6591805.864,197.828,197.078,3,3,0.642173,43.19808,67.872956,17.493577,0.785008
pattern_10,10-H-052,363590.673,6591805.864,197.078,196.328,4,3.75,0.627357,42.822489,68.049799,17.448251,0.798593
pattern_10,10-H-052,363590.673,6591805.864,196.328,195.578,5,4.5,0.657404,42.047943,66.589551,17.718266,0.73246
pattern_10,10-H-052,363590.673,6591805.864,195.578,194.828,6,5.25,0.615235,42.876607,67.775126,17.971409,0.812094
pattern_10,10-H-052,363590.673,6591805.864,194.828,194.078,7,6,0.620016,43.478456,67.648371,18.218408,0.815635
pattern_10,10-H-052,363590.673,6591805.864,194.078,193.328,8,6.75,0.596399,43.580811,67.474137,19.731608,0.847838
pattern_10,10-H-052,363590.673,6591805.864,193.328,192.578,9,7.5,0.626215,43.683621,67.672668,19.468472,0.811825
pattern_10,10-H-052,363590.673,6591805.864,192.578,191.828,10,8.25,0.583513,44.262429,66.720771,18.618323,0.870089
pattern_10,10-H-052,363590.673,6591805.864,191.828,191.078,11,9,0.593369,44.872793,66.77523,19.641369,0.868272
pattern_10,10-H-052,363590.673,6591805.864,191.078,190.328,12,9.75,0.549354,46.830064,66.736074,21.795577,0.978133
pattern_10,10-H-052,363590.673,6591805.864,190.328,189.578,13,10.5,0.524639,46.704621,66.278656,20.598103,1.014222
pattern_10,10-H-052,363590.673,6591805.864,189.578,188.828,14,11.25,0.528921,47.078199,65.289084,21.186852,0.999028
pattern_10,10-H-052,363590.673,6591805.864,188.828,188.078,15,12,0.520738,46.319623,64.83176,19.784697,0.991233
pattern_10,10-H-052,363590.673,6591805.864,188.078,187.328,16,12.75,0.536646,45.933049,66.292522,19.668346,0.975337
pattern_10,10-H-052,363590.673,6591805.864,187.328,186.578,17,13.5,0.560915,46.266479,66.252193,19.103228,0.939358
pattern_10,10-H-052,363590.673,6591805.864,186.578,185.828,18,14.25,0.531844,44.846742,66.017974,19.512796,0.956915
pattern_10,10-H-052,363590.673,6591805.864,185.828,185.078,19,15,0.566956,45.85873,67.515848,19.544062,0.938784
pattern_10,10-H-052,363590.673,6591805.864,185.078,184.328,20,15.75,0.566654,46.016553,66.43219,19.412494,0.927401
pattern_10,10-H-052,363590.673,6591805.864,184.328,183.578,21,16.5,0.572672,44.980235,66.837766,19.490196,0.902539
pattern_10,10-H-052,363590.673,6591805.864,183.578,183.405,22,16.673,0.575274,44.750371,66.178797,18.269723,0.884951
pattern_10,10-H-053,363590.205,6591799.133,200.058,199.308,0,0.75,0.703248,38.728031,68.596659,16.994562,0.649814
pattern_10,10-H-053,363590.205,6591799.133,199.308,198.558,1,1.5,0.699657,39.511686,69.433791,17.170025,0.67444
pattern_10,10-H-053,363590.205,6591799.133,198.558,197.808,2,2.25,0.630348,39.869886,68.545098,18.442752,0.74565
pattern_10,10-H-053,363590.205,6591799.133,197.808,197.058,3,3,0.687404,40.094784,68.433697,17.955735,0.686617
pattern_10,10-H-053,363590.205,6591799.133,197.058,196.308,4,3.75,0.649767,40.983068,68.069823,17.985021,0.738373
pattern_10,10-H-053,363590.205,6591799.133,196.308,195.558,5,4.5,0.652665,42.003516,67.800078,19.212137,0.750525
pattern_10,10-H-053,363590.205,6591799.133,195.558,194.808,6,5.25,0.60456,41.595104,67.708954,18.252333,0.801014
pattern_10,10-H-053,363590.205,6591799.133,194.808,194.058,7,6,0.667694,41.824961,66.876273,18.246311,0.720535
pattern_10,10-H-053,363590.205,6591799.133,194.058,193.308,8,6.75,0.627511,42.104901,66.760235,18.442097,0.770338
pattern_10,10-H-053,363590.205,6591799.133,193.308,192.558,9,7.5,0.616505,41.885376,68.294433,19.289351,0.79795
pattern_10,10-H-053,363590.205,6591799.133,192.558,191.808,10,8.25,0.584563,44.553244,68.821072,19.066432,0.901723
pattern_10,10-H-053,363590.205,6591799.133,191.808,191.058,11,9,0.553748,44.577006,66.717766,19.384486,0.923287
pattern_10,10-H-053,363590.205,6591799.133,191.058,190.308,12,9.75,0.553797,44.337848,67.345124,19.74169,0.926921
pattern_10,10-H-053,363590.205,6591799.133,190.308,189.558,13,10.5,0.569319,46.948325,65.681267,18.954997,0.931041
pattern_10,10-H-053,363590.205,6591799.133,189.558,188.808,14,11.25,0.57536,44.573344,66.740883,20.408117,0.889052
pattern_10,10-H-053,363590.205,6591799.133,188.808,188.058,15,12,0.569524,46.010182,66.164831,19.958493,0.918974
pattern_10,10-H-053,363590.205,6591799.133,188.058,187.308,16,12.75,0.558663,43.801166,66.175472,18.887394,0.891946
pattern_10,10-H-053,363590.205,6591799.133,187.308,186.558,17,13.5,0.561589,45.485233,67.286879,19.586244,0.936858
pattern_10,10-H-053,363590.205,6591799.133,186.558,185.808,18,14.25,0.604186,43.113296,66.663372,19.346962,0.818021
pattern_10,10-H-053,363590.205,6591799.133,185.808,185.058,19,15,0.573031,43.170509,66.159856,18.660575,0.856921
pattern_10,10-H-053,363590.205,6591799.133,185.058,184.838,20,15.22,0.647993,43.343217,67.692161,17.562048,0.778517
pattern_10,10-H-054,363590.264,6591789.982,199.936,199.186,0,0.75,0.791046,35.55064,69.553776,16.861462,0.538034
pattern_10,10-H-054,363590.264,6591789.982,199.186,198.436,1,1.5,0.733614,36.582211,69.436796,16.320991,0.595699
pattern_10,10-H-054,363590.264,6591789.982,198.436,197.686,2,2.25,0.721722,37.816418,68.775146,16.519903,0.619922
pattern_10,10-H-054,363590.264,6591789.982,197.686,196.936,3,3,0.754026,38.168823,68.719299,17.131659,0.598551
pattern_10,10-H-054,363590.264,6591789.982,196.936,196.186,4,3.75,0.716432,37.195125,68.865169,16.287178,0.615032
pattern_10,10-H-054,363590.264,6591789.982,196.186,195.436,5,4.5,0.72463,38.768765,69.311458,15.786532,0.637772
pattern_10,10-H-054,363590.264,6591789.982,195.436,194.686,6,5.25,0.722816,40.577493,68.652158,16.616016,0.662863
pattern_10,10-H-054,363590.264,6591789.982,194.686,193.936,7,6,0.724484,39.204161,67.974302,17.546562,0.63285
pattern_10,10-H-054,363590.264,6591789.982,193.936,193.186,8,6.75,0.661957,39.856448,68.662659,18.566128,0.711142
pattern_10,10-H-054,363590.264,6591789.982,193.186,192.436,9,7.5,0.664788,39.821769,68.766979,17.717391,0.708477
pattern_10,10-H-054,363590.264,6591789.982,192.436,191.686,10,8.25,0.658036,38.819909,67.795979,17.445188,0.687917
pattern_10,10-H-054,363590.264,6591789.982,191.686,190.936,11,9,0.667872,42.882812,67.290123,17.168848,0.742932
pattern_10,10-H-054,363590.264,6591789.982,190.936,190.186,12,9.75,0.652097,43.204659,66.633752,17.856966,0.759176
pattern_10,10-H-054,363590.264,6591789.982,190.186,189.436,13,10.5,0.662801,43.126925,67.102798,17.92185,0.750852
pattern_10,10-H-054,363590.264,6591789.982,189.436,188.686,14,11.25,0.628155,42.973976,67.513959,17.832361,0.794156
pattern_10,10-H-054,363590.264,6591789.982,188.686,187.936,15,12,0.653193,43.316414,67.132934,18.589137,0.765626
pattern_10,10-H-054,363590.264,6591789.982,187.936,187.186,16,12.75,0.627148,42.148997,67.916422,18.630114,0.784934
pattern_10,10-H-054,363590.264,6591789.982,187.186,186.436,17,13.5,0.689616,40.246943,66.671096,19.194958,0.669523
pattern_10,10-H-054,363590.264,6591789.982,186.436,185.686,18,14.25,0.670347,40.238685,68.159436,16.63499,0.703568
pattern_10,10-H-054,363590.264,6591789.982,185.686,184.936,19,15,0.632499,38.983307,68.185876,16.854404,0.722657
pattern_10,10-H-054,363590.264,6591789.982,184.936,184.186,20,15.75,0.653436,40.705162,67.53729,17.096355,0.723478
pattern_10,10-H-054,363590.264,6591789.982,184.186,183.436,21,16.5,0.637114,40.215731,68.571598,19.359233,0.744534
pattern_10,10-H-054,363590.264,6591789.982,183.436,183.433,22,16.503,0.671201,39.879429,67.717119,15.96989,0.691833
pattern_10,10-H-055,363590.112,6591782.153,199.951,199.201,0,0.75,0.893438,31.424185,71.210592,13.563004,0.431116
pattern_10,10-H-055,363590.112,6591782.153,199.201,198.451,1,1.5,0.875194,30.813868,70.971651,13.490847,0.430102
pattern_10,10-H-055,363590.112,6591782.153,198.451,197.701,2,2.25,0.877707,32.539379,71.574278,14.790903,0.456789
pattern_10,10-H-055,363590.112,6591782.153,197.701,196.951,3,3,0.874128,32.197176,71.079313,14.994093,0.450746
pattern_10,10-H-055,363590.112,6591782.153,196.951,196.201,4,3.75,0.835826,32.041256,70.645307,14.254219,0.466101
pattern_10,10-H-055,363590.112,6591782.153,196.201,195.451,5,4.5,0.857894,33.41892,71.101128,14.214745,0.476649
pattern_10,10-H-055,363590.112,6591782.153,195.451,194.701,6,5.25,0.851397,32.296818,70.36563,15.293635,0.459552
pattern_10,10-H-055,363590.112,6591782.153,194.701,193.951,7,6,0.836347,34.199188,70.24785,14.140977,0.494267
pattern_10,10-H-055,363590.112,6591782.153,193.951,193.201,8,6.75,0.832931,32.374681,70.992254,13.985494,0.474844
pattern_10,10-H-055,363590.112,6591782.153,193.201,192.451,9,7.5,0.806458,33.064904,70.505782,15.238719,0.497526
pattern_10,10-H-055,363590.112,6591782.153,192.451,191.701,10,8.25,0.80859,36.308798,70.00877,14.98009,0.540862
pattern_10,10-H-055,363590.112,6591782.153,191.701,190.951,11,9,0.807811,35.33416,69.166523,15.812272,0.520682
pattern_10,10-H-055,363590.112,6591782.153,190.951,190.201,12,9.75,0.760884,36.97145,69.043276,16.645033,0.577272
pattern_10,10-H-055,363590.112,6591782.153,190.201,189.451,13,10.5,0.75745,38.260999,69.857925,16.471924,0.60707
pattern_10,10-H-055,363590.112,6591782.153,189.451,188.701,14,11.25,0.733382,37.505821,68.977789,16.098543,0.60683
pattern_10,10-H-055,363590.112,6591782.153,188.701,187.951,15,12,0.723913,37.486534,69.108707,16.378048,0.615623
pattern_10,10-H-055,363590.112,6591782.153,187.951,187.201,16,12.75,0.75344,35.948492,69.112547,16.86702,0.567475
pattern_10,10-H-055,363590.112,6591782.153,187.201,186.451,17,13.5,0.736233,36.620943,70.061227,16.226738,0.599528
pattern_10,10-H-055,363590.112,6591782.153,186.451,185.981,18,13.97,0.748936,37.021466,68.791133,15.870146,0.585008
pattern_10,10-H-056,363583.174,6591826.056,199.992,199.242,0,0.75,0.849823,33.497985,70.798832,14.90271,0.480334
pattern_10,10-H-056,363583.174,6591826.056,199.242,198.492,1,1.5,0.808044,34.406223,68.324666,14.370653,0.500592
pattern_10,10-H-056,363583.174,6591826.056,198.492,197.742,2,2.25,0.807649,34.460739,69.786764,14.9003,0.512388
pattern_10,10-H-056,363583.174,6591826.056,197.742,196.992,3,3,0.803437,35.845789,69.655799,16.270972,0.534858
pattern_10,10-H-056,363583.174,6591826.056,196.992,196.242,4,3.75,0.79199,35.408379,68.672413,15.005019,0.528271
pattern_10,10-H-056,363583.174,6591826.056,196.242,195.492,5,4.5,0.795252,33.983823,69.827572,15.261653,0.513514
pattern_10,10-H-056,363583.174,6591826.056,195.492,194.742,6,5.25,0.768553,35.880884,68.974143,15.708764,0.554066
pattern_10,10-H-056,363583.174,6591826.056,194.742,193.992,7,6,0.750674,35.524144,69.751721,16.882904,0.568048
pattern_10,10-H-056,363583.174,6591826.056,193.992,193.242,8,6.75,0.712725,37.692713,69.089382,16.316331,0.628501
pattern_10,10-H-056,363583.174,6591826.056,193.242,192.492,9,7.5,0.726308,37.715258,70.015756,16.411233,0.625411
pattern_10,10-H-056,363583.174,6591826.056,192.492,191.742,10,8.25,0.710033,40.077536,69.835692,17.316315,0.678011
pattern_10,10-H-056,363583.174,6591826.056,191.742,190.992,11,9,0.701985,38.922155,67.832451,15.800606,0.646822
pattern_10,10-H-056,363583.174,6591826.056,190.992,190.242,12,9.75,0.635183,41.014042,67.885278,16.777115,0.753655
pattern_10,10-H-056,363583.174,6591826.056,190.242,189.492,13,10.5,0.688857,41.15658,67.821227,17.523999,0.696934
pattern_10,10-H-056,363583.174,6591826.056,189.492,188.742,14,11.25,0.677013,40.794544,65.855769,18.778982,0.682716
pattern_10,10-H-056,363583.174,6591826.056,188.742,187.992,15,12,0.69315,39.144909,66.235599,17.156645,0.64348
pattern_10,10-H-056,363583.174,6591826.056,187.992,187.242,16,12.75,0.681586,39.32427,67.81581,16.954804,0.67296
pattern_10,10-H-056,363583.174,6591826.056,187.242,186.492,17,13.5,0.731437,40.633208,68.423194,16.785324,0.653809
pattern_10,10-H-056,363583.174,6591826.056,186.492,185.742,18,14.25,0.734159,38.490161,68.695967,15.611869,0.619455
pattern_10,10-H-056,363583.174,6591826.056,185.742,184.992,19,15,0.715963,38.033549,68.769136,16.616088,0.628426
pattern_10,10-H-056,363583.174,6591826.056,184.992,184.242,20,15.75,0.761896,37.592055,68.808385,16.559234,0.584154
pattern_10,10-H-056,363583.174,6591826.056,184.242,183.492,21,16.5,0.737797,38.606432,69.355964,16.132336,0.624251
pattern_10,10-H-056,363583.174,6591826.056,183.492,183.401,22,16.591,0.746746,35.995684,68.56641,15.76498,0.568645
pattern_10,10-H-057,363583.147,6591817.682,199.909,199.159,0,0.75,0.788216,35.464094,69.126343,15.817235,0.535224
pattern_10,10-H-057,363583.147,6591817.682,199.159,198.409,1,1.5,0.76698,38.194945,70.365172,14.957647,0.602668
pattern_10,10-H-057,363583.147,6591817.682,198.409,197.659,2,2.25,0.741338,36.58994,69.923124,16.009832,0.593715
pattern_10,10-H-057,363583.147,6591817.682,197.659,196.909,3,3,0.753753,37.203526,69.708929,16.895922,0.592023
pattern_10,10-H-057,363583.147,6591817.682,196.909,196.159,4,3.75,0.729703,37.981794,69.67657,16.283142,0.623853
pattern_10,10-H-057,363583.147,6591817.682,196.159,195.409,5,4.5,0.731517,38.436096,67.615913,16.647802,0.61121
pattern_10,10-H-057,363583.147,6591817.682,195.409,194.659,6,5.25,0.726748,39.536255,69.329112,17.905874,0.648892
pattern_10,10-H-057,363583.147,6591817.682,194.659,193.909,7,6,0.711886,37.602172,68.480862,16.007053,0.622183
pattern_10,10-H-057,363583.147,6591817.682,193.909,193.159,8,6.75,0.710178,40.508788,69.179498,17.348215,0.678731
pattern_10,10-H-057,363583.147,6591817.682,193.159,192.409,9,7.5,0.698603,39.928903,67.795486,16.452526,0.666422
pattern_10,10-H-057,363583.147,6591817.682,192.409,191.659,10,8.25,0.672325,43.279239,68.523072,17.436927,0.758471
pattern_10,10-H-057,363583.147,6591817.682,191.659,190.909,11,9,0.665257,41.77742,67.626652,17.615355,0.730351
pattern_10,10-H-057,363583.147,6591817.682,190.909,190.159,12,9.75,0.637998,42.432812,68.25896,18.735351,0.780723
pattern_10,10-H-057,363583.147,6591817.682,190.159,189.409,13,10.5,0.618427,42.637828,68.655763,17.631411,0.813795
pattern_10,10-H-057,363583.147,6591817.682,189.409,188.659,14,11.25,0.632359,43.662728,66.379908,17.994508,0.788092
pattern_10,10-H-057,363583.147,6591817.682,188.659,187.909,15,12,0.624903,42.84881,67.782896,18.346893,0.799184
pattern_10,10-H-057,363583.147,6591817.682,187.909,187.159,16,12.75,0.646375,42.078387,66.81468,19.169555,0.748148
pattern_10,10-H-057,363583.147,6591817.682,187.159,186.409,17,13.5,0.627373,41.462265,68.841663,17.731345,0.782282
pattern_10,10-H-057,363583.147,6591817.682,186.409,185.659,18,14.25,0.65588,40.948335,67.857201,17.827682,0.728598
pattern_10,10-H-057,363583.147,6591817.682,185.659,184.909,19,15,0.647001,41.99308,69.244873,17.666352,0.772779
pattern_10,10-H-057,363583.147,6591817.682,184.909,184.159,20,15.75,0.688741,39.853074,68.007132,17.21669,0.676849
pattern_10,10-H-057,363583.147,6591817.682,184.159,183.681,21,16.228,0.678884,40.78603,67.340134,17.781054,0.695868
pattern_10,10-H-058,363582.959,6591809.254,200.013,199.263,0,0.75,0.731524,35.477664,68.333136,16.529588,0.570265
pattern_10,10-H-058,363582.959,6591809.254,199.263,198.513,1,1.5,0.735831,38.315921,69.050643,16.854297,0.61858
pattern_10,10-H-058,363582.959,6591809.254,198.513,197.763,2,2.25,0.72958,37.923679,70.590559,16.833008,0.63122
pattern_10,10-H-058,363582.959,6591809.254,197.763,197.013,3,3,0.729303,41.461949,69.122123,17.547319,0.675954
pattern_10,10-H-058,363582.959,6591809.254,197.013,196.263,4,3.75,0.704536,39.186567,68.801233,16.268873,0.658148
pattern_10,10-H-058,363582.959,6591809.254,196.263,195.513,5,4.5,0.698282,40.767446,68.070006,17.785984,0.683598
pattern_10,10-H-058,363582.959,6591809.254,195.513,194.763,6,5.25,0.692653,39.21193,69.470122,17.035536,0.676423
pattern_10,10-H-058,363582.959,6591809.254,194.763,194.013,7,6,0.681968,40.047663,67.589247,18.833515,0.682865
pattern_10,10-H-058,363582.959,6591809.254,194.013,193.263,8,6.75,0.650444,41.205651,68.472918,18.176986,0.746003
pattern_10,10-H-058,363582.959,6591809.254,193.263,192.513,9,7.5,0.645562,40.812648,66.834987,17.982602,0.7267
pattern_10,10-H-058,363582.959,6591809.254,192.513,191.763,10,8.25,0.642611,43.033079,65.313344,18.647723,0.752234
pattern_10,10-H-058,363582.959,6591809.254,191.763,191.013,11,9,0.616577,41.924533,69.381469,18.497871,0.811179
pattern_10,10-H-058,363582.959,6591809.254,191.013,190.263,12,9.75,0.578691,43.474854,66.792639,18.478624,0.862659
pattern_10,10-H-058,363582.959,6591809.254,190.263,189.513,13,10.5,0.588304,44.418182,67.527276,18.360986,0.87646
pattern_10,10-H-058,363582.959,6591809.254,189.513,188.763,14,11.25,0.572039,43.605161,67.199061,19.784982,0.880743
pattern_10,10-H-058,363582.959,6591809.254,188.763,188.013,15,12,0.594287,43.075667,67.692166,19.057173,0.843636
pattern_10,10-H-058,363582.959,6591809.254,188.013,187.263,16,12.75,0.620495,42.935259,67.59854,18.468222,0.804292
pattern_10,10-H-058,363582.959,6591809.254,187.263,186.513,17,13.5,0.613058,44.487503,68.002096,18.85959,0.848439
pattern_10,10-H-058,363582.959,6591809.254,186.513,185.763,18,14.25,0.60862,43.125566,66.842465,18.658568,0.814402
pattern_10,10-H-058,363582.959,6591809.254,185.763,185.013,19,15,0.644925,42.843077,67.18134,18.838841,0.767545
pattern_10,10-H-058,363582.959,6591809.254,185.013,184.263,20,15.75,0.607924,43.46128,67.931401,18.391616,0.834977
pattern_10,10-H-058,363582.959,6591809.254,184.263,183.833,21,16.18,0.610021,42.858673,66.485869,18.943066,0.80326
pattern_10,10-H-059,363583.082,6591801.417,200.023,199.273,0,0.75,0.690826,39.170321,67.967988,17.027155,0.662884
pattern_10,10-H-059,363583.082,6591801.417,199.273,198.523,1,1.5,0.689707,41.161996,67.436718,18.197821,0.692316
pattern_10,10-H-059,363583.082,6591801.417,198.523,197.773,2,2.25,0.655662,41.413417,67.383945,18.063346,0.731996
pattern_10,10-H-059,363583.082,6591801.417,197.773,197.023,3,3,0.656304,43.220215,69.018954,18.779521,0.78164
pattern_10,10-H-059,363583.082,6591801.417,197.023,196.273,4,3.75,0.603601,43.037404,68.322479,18.183037,0.837518
pattern_10,10-H-059,363583.082,6591801.417,196.273,195.523,5,4.5,0.601767,42.867591,68.281438,19.189512,0.836379
pattern_10,10-H-059,363583.082,6591801.417,195.523,194.773,6,5.25,0.607424,43.649571,66.843025,18.70217,0.8259
pattern_10,10-H-059,363583.082,6591801.417,194.773,194.023,7,6,0.632869,44.375631,66.612131,19.026571,0.803198
pattern_10,10-H-059,363583.082,6591801.417,194.023,193.273,8,6.75,0.625248,43.982579,66.411906,18.458757,0.803296
pattern_10,10-H-059,363583.082,6591801.417,193.273,192.523,9,7.5,0.598624,43.122003,67.476519,19.233214,0.835797
pattern_10,10-H-059,363583.082,6591801.417,192.523,191.773,10,8.25,0.553924,44.969232,67.008579,20.772892,0.935311
pattern_10,10-H-059,363583.082,6591801.417,191.773,191.023,11,9,0.550562,46.845728,66.01779,19.263609,0.965531
pattern_10,10-H-059,363583.082,6591801.417,191.023,190.273,12,9.75,0.519519,46.416605,65.147659,20.064332,1.0005
pattern_10,10-H-059,363583.082,6591801.417,190.273,189.523,13,10.5,0.55676,47.038976,67.809491,20.502942,0.984843
pattern_10,10-H-059,363583.082,6591801.417,189.523,188.773,14,11.25,0.495997,48.399511,64.908539,19.800983,1.088459
pattern_10,10-H-059,363583.082,6591801.417,188.773,188.023,15,12,0.54171,47.268441,67.404993,19.825762,1.010927
pattern_10,10-H-059,363583.082,6591801.417,188.023,187.273,16,12.75,0.53717,47.613518,65.384669,20.228582,0.996219
pattern_10,10-H-059,363583.082,6591801.417,187.273,186.523,17,13.5,0.532461,46.166161,65.824,20.70157,0.981121
pattern_10,10-H-059,363583.082,6591801.417,186.523,185.773,18,14.25,0.55443,46.359836,66.614355,19.640232,0.95749
pattern_10,10-H-059,363583.082,6591801.417,185.773,185.023,19,15,0.557116,46.111482,65.056706,20.589439,0.925801
pattern_10,10-H-059,363583.082,6591801.417,185.023,184.273,20,15.75,0.561713,44.671266,66.585905,18.424288,0.910232
pattern_10,10-H-059,363583.082,6591801.417,184.273,183.683,21,16.34,0.587159,46.393762,67.309338,18.732075,0.914216
pattern_10,10-H-060,363582.855,6591794.014,199.9,199.15,0,0.75,0.785569,36.128502,71.225613,16.089273,0.563635
pattern_10,10-H-060,363582.855,6591794.014,199.15,198.4,1,1.5,0.800259,36.607501,69.571359,16.807109,0.547746
pattern_10,10-H-060,363582.855,6591794.014,198.4,197.65,2,2.25,0.783451,36.965014,70.12712,17.029457,0.56942
pattern_10,10-H-060,363582.855,6591794.014,197.65,196.9,3,3,0.771042,36.685327,68.291036,16.029927,0.559089
pattern_10,10-H-060,363582.855,6591794.014,196.9,196.15,4,3.75,0.750803,36.737121,69.705236,16.771526,0.58687
pattern_10,10-H-060,363582.855,6591794.014,196.15,195.4,5,4.5,0.754237,38.780972,68.674401,16.627011,0.60749
pattern_10,10-H-060,363582.855,6591794.014,195.4,194.65,6,5.25,0.748589,37.977877,67.907971,16.799971,0.592779
pattern_10,10-H-060,363582.855,6591794.014,194.65,193.9,7,6,0.750888,38.909789,69.213758,16.347265,0.616969
pattern_10,10-H-060,363582.855,6591794.014,193.9,193.15,8,6.75,0.725775,37.419193,69.645911,16.859315,0.617757
pattern_10,10-H-060,363582.855,6591794.014,193.15,192.4,9,7.5,0.721804,39.853124,69.25157,16.959312,0.657692
pattern_10,10-H-060,363582.855,6591794.014,192.4,191.65,10,8.25,0.677699,41.29361,68.513538,17.203554,0.717919
pattern_10,10-H-060,363582.855,6591794.014,191.65,190.9,11,9,0.656375,42.121169,66.912795,17.434304,0.738401
pattern_10,10-H-060,363582.855,6591794.014,190.9,190.15,12,9.75,0.656406,40.098035,68.201218,18.882887,0.716674
pattern_10,10-H-060,363582.855,6591794.014,190.15,189.4,13,10.5,0.636449,41.938552,68.544937,17.449528,0.776604
pattern_10,10-H-060,363582.855,6591794.014,189.4,188.65,14,11.25,0.594434,44.596833,67.341808,18.223497,0.868522
pattern_10,10-H-060,363582.855,6591794.014,188.65,187.9,15,12,0.621646,44.747657,67.346312,18.509766,0.833492
pattern_10,10-H-060,363582.855,6591794.014,187.9,187.15,16,12.75,0.652808,41.904662,67.373435,18.043372,0.743763
pattern_10,10-H-060,363582.855,6591794.014,187.15,186.4,17,13.5,0.655236,41.483693,68.39852,17.333166,0.744635
pattern_10,10-H-060,363582.855,6591794.014,186.4,185.65,18,14.25,0.674762,41.722855,67.41574,17.908837,0.716955
pattern_10,10-H-060,363582.855,6591794.014,185.65,184.9,19,15,0.68953,40.908875,67.103984,17.511882,0.68478
pattern_10,10-H-060,363582.855,6591794.014,184.9,184.15,20,15.75,0.708107,39.109556,68.067185,16.759726,0.646663
pattern_10,10-H-060,363582.855,6591794.014,184.15,183.4,21,16.5,0.675998,38.965187,68.805738,17.946298,0.682234
pattern_10,10-H-060,363582.855,6591794.014,183.4,183.14,22,16.76,0.711933,39.903688,69.292977,16.217271,0.667933
pattern_10,10-H-061,363583.397,6591785.824,200.13,199.38,0,0.75,0.895051,31.878607,71.780178,13.882116,0.440059
pattern_10,10-H-061,363583.397,6591785.824,199.38,198.63,1,1.5,0.844304,34.732027,70.383285,15.309526,0.498324
pattern_10,10-H-061,363583.397,6591785.824,198.63,197.88,2,2.25,0.836006,31.997259,70.793861,14.975371,0.466427
pattern_10,10-H-061,363583.397,6591785.824,197.88,197.13,3,3,0.844621,34.266076,68.9236,14.337639,0.481207
pattern_10,10-H-061,363583.397,6591785.824,197.13,196.38,4,3.75,0.848082,32.989803,70.294949,15.228515,0.470721
pattern_10,10-H-061,363583.397,6591785.824,196.38,195.63,5,4.5,0.845083,33.821282,71.237945,15.133765,0.490703
pattern_10,10-H-061,363583.397,6591785.824,195.63,194.88,6,5.25,0.827481,34.975708,70.526693,15.113972,0.512987
pattern_10,10-H-061,363583.397,6591785.824,194.88,194.13,7,6,0.807723,33.994569,69.804758,15.054833,0.505584
pattern_10,10-H-061,363583.397,6591785.824,194.13,193.38,8,6.75,0.811005,35.474944,70.46239,15.38501,0.530366
pattern_10,10-H-061,363583.397,6591785.824,193.38,192.63,9,7.5,0.774084,34.124699,71.116333,16.210635,0.539542
pattern_10,10-H-061,363583.397,6591785.824,192.63,191.88,10,8.25,0.777004,36.343822,69.155797,15.210938,0.556503
pattern_10,10-H-061,363583.397,6591785.824,191.88,191.13,11,9,0.752067,35.707635,68.869154,15.537415,0.562569
pattern_10,10-H-061,363583.397,6591785.824,191.13,190.38,12,9.75,0.712132,37.056028,70.060489,16.540441,0.627123
pattern_10,10-H-061,363583.397,6591785.824,190.38,189.63,13,10.5,0.726933,37.595613,67.870579,16.593612,0.603898
pattern_10,10-H-061,363583.397,6591785.824,189.63,188.88,14,11.25,0.713669,39.392566,68.926885,17.966897,0.654551
pattern_10,10-H-061,363583.397,6591785.824,188.88,188.13,15,12,0.705723,40.173198,67.746774,16.646447,0.663291
pattern_10,10-H-061,363583.397,6591785.824,188.13,187.38,16,12.75,0.717631,37.716526,71.01785,16.724343,0.64204
pattern_10,10-H-061,363583.397,6591785.824,187.38,186.63,17,13.5,0.739838,37.69686,70.00807,15.740689,0.613563
pattern_10,10-H-061,363583.397,6591785.824,186.63,185.88,18,14.25,0.745131,36.114969,69.707315,16.425883,0.581318
pattern_10,10-H-061,363583.397,6591785.824,185.88,185.13,19,15,0.738745,38.279875,70.244309,16.488748,0.626132
pattern_10,10-H-061,363583.397,6591785.824,185.13,184.945,20,15.185,0.76904,38.604683,68.865366,15.554253,0.594649
pattern_10,10-H-062,363582.686,6591778.25,200.032,199.282,0,0.75,0.857263,32.093911,70.990643,13.693605,0.457382
pattern_10,10-H-062,363582.686,6591778.25,199.282,198.532,1,1.5,0.83694,33.581479,71.010228,15.517855,0.49044
pattern_10,10-H-062,363582.686,6591778.25,198.532,197.782,2,2.25,0.823167,34.352793,70.717681,15.44685,0.507922
pattern_10,10-H-062,363582.686,6591778.25,197.782,197.032,3,3,0.838763,34.412349,71.553564,14.982148,0.505197
pattern_10,10-H-062,363582.686,6591778.25,197.032,196.282,4,3.75,0.832897,33.784035,69.808679,14.946709,0.487346
pattern_10,10-H-062,363582.686,6591778.25,196.282,195.532,5,4.5,0.834486,34.465027,69.414288,14.721448,0.49337
pattern_10,10-H-062,363582.686,6591778.25,195.532,194.782,6,5.25,0.82576,34.908048,69.601717,15.409034,0.506392
pattern_10,10-H-062,363582.686,6591778.25,194.782,194.032,7,6,0.836723,35.161853,69.830422,15.747701,0.505091
pattern_10,10-H-062,363582.686,6591778.25,194.032,193.282,8,6.75,0.799516,34.244787,69.873393,15.567137,0.515067
pattern_10,10-H-062,363582.686,6591778.25,193.282,192.532,9,7.5,0.772234,34.677415,69.675943,15.128925,0.538335
pattern_10,10-H-062,363582.686,6591778.25,192.532,191.782,10,8.25,0.781109,34.68926,71.647242,16.994166,0.547659
pattern_10,10-H-062,363582.686,6591778.25,191.782,191.032,11,9,0.773112,37.873558,69.618634,16.700851,0.586827
pattern_10,10-H-062,363582.686,6591778.25,191.032,190.282,12,9.75,0.781835,36.516517,69.112278,16.785562,0.555538
pattern_10,10-H-062,363582.686,6591778.25,190.282,189.532,13,10.5,0.713058,35.413076,69.515176,17.04228,0.594048
pattern_10,10-H-062,363582.686,6591778.25,189.532,188.782,14,11.25,0.748953,36.969658,69.683577,16.787894,0.591844
pattern_10,10-H-062,363582.686,6591778.25,188.782,188.032,15,12,0.70916,38.425686,69.434701,17.315659,0.647224
pattern_10,10-H-062,363582.686,6591778.25,188.032,187.282,16,12.75,0.745222,37.851616,68.269836,16.251609,0.59656
pattern_10,10-H-062,363582.686,6591778.25,187.282,186.532,17,13.5,0.777274,37.097413,68.702969,15.940404,0.56419
pattern_10,10-H-062,363582.686,6591778.25,186.532,185.782,18,14.25,0.764221,35.846253,69.649129,15.655479,0.562082
pattern_10,10-H-062,363582.686,6591778.25,185.782,185.032,19,15,0.778096,37.465233,69.875622,16.039267,0.578858
pattern_10,10-H-062,363582.686,6591778.25,185.032,184.282,20,15.75,0.758181,36.526524,69.56,16.057935,0.576572
pattern_10,10-H-062,363582.686,6591778.25,184.282,183.812,21,16.22,0.72076,37.568699,68.678407,16.172657,0.615787
pattern_10,10-H-063,363576.11,6591821.395,199.936,199.186,0,0.75,0.83319,34.458025,71.865486,14.431376,0.511381
pattern_10,10-H-063,363576.11,6591821.395,199.186,198.436,1,1.5,0.813758,35.419222,69.277511,16.594589,0.519054
pattern_10,10-H-063,363576.11,6591821.395,198.436,197.686,2,2.25,0.781994,35.380068,69.527013,15.487728,0.541263
pattern_10,10-H-063,363576.11,6591821.395,197.686,196.936,3,3,0.797846,36.192358,67.600659,16.099327,0.527774
pattern_10,10-H-063,363576.11,6591821.395,196.936,196.186,4,3.75,0.801407,36.75015,69.896593,15.514262,0.551488
pattern_10,10-H-063,363576.11,6591821.395,196.186,195.436,5,4.5,0.78402,35.122597,68.497801,15.638834,0.528066
pattern_10,10-H-063,363576.11,6591821.395,195.436,194.686,6,5.25,0.769242,35.173713,69.250825,14.776432,0.544754
pattern_10,10-H-063,363576.11,6591821.395,194.686,193.936,7,6,0.751546,37.326166,68.614659,15.667265,0.586238
pattern_10,10-H-063,363576.11,6591821.395,193.936,193.186,8,6.75,0.764185,35.802256,69.55603,15.683861,0.560676
pattern_10,10-H-063,363576.11,6591821.395,193.186,192.436,9,7.5,0.726934,38.610033,69.524219,16.638649,0.635204
pattern_10,10-H-063,363576.11,6591821.395,192.436,191.686,10,8.25,0.719591,40.387179,68.987411,15.776213,0.665835
pattern_10,10-H-063,363576.11,6591821.395,191.686,190.936,11,9,0.691523,42.395904,68.025067,17.194552,0.7172
pattern_10,10-H-063,363576.11,6591821.395,190.936,190.186,12,9.75,0.681447,42.186952,67.169003,18.16325,0.715228
pattern_10,10-H-063,363576.11,6591821.395,190.186,189.436,13,10.5,0.638146,41.879472,68.379105,17.941387,0.77165
pattern_10,10-H-063,363576.11,6591821.395,189.436,188.686,14,11.25,0.687159,43.025663,67.196145,18.757895,0.723721
pattern_10,10-H-063,363576.11,6591821.395,188.686,187.936,15,12,0.67197,41.0015,68.446563,18.163478,0.718331
pattern_10,10-H-063,363576.11,6591821.395,187.936,187.186,16,12.75,0.680292,39.762021,68.283881,17.660745,0.686496
pattern_10,10-H-063,363576.11,6591821.395,187.186,186.436,17,13.5,0.718351,37.849979,68.281387,16.270372,0.618881
pattern_10,10-H-063,363576.11,6591821.395,186.436,185.686,18,14.25,0.703099,38.831582,68.370222,16.757372,0.64951
pattern_10,10-H-063,363576.11,6591821.395,185.686,184.936,19,15,0.72114,37.484353,68.337393,17.19212,0.611171
pattern_10,10-H-063,363576.11,6591821.395,184.936,184.186,20,15.75,0.741246,37.398699,70.048917,16.557538,0.608025
pattern_10,10-H-063,363576.11,6591821.395,184.186,183.944,21,15.992,0.712034,38.584903,69.270483,17.341853,0.64576
pattern_10,10-H-065,363576.065,6591805.982,199.998,199.248,0,0.75,0.648615,41.961978,68.253402,17.980559,0.759332
pattern_10,10-H-065,363576.065,6591805.982,199.248,198.498,1,1.5,0.663327,41.919997,67.848439,19.33705,0.737574
pattern_10,10-H-065,363576.065,6591805.982,198.498,197.748,2,2.25,0.633731,42.661806,67.489907,17.765084,0.7812
pattern_10,10-H-065,363576.065,6591805.982,197.748,196.998,3,3,0.632688,42.05588,68.058879,18.620434,0.777989
pattern_10,10-H-065,363576.065,6591805.982,196.998,196.248,4,3.75,0.634799,41.990597,67.705471,18.475509,0.770184
pattern_10,10-H-065,363576.065,6591805.982,196.248,195.498,5,4.5,0.605737,43.349941,67.247462,18.358325,0.827445
pattern_10,10-H-065,363576.065,6591805.982,195.498,194.748,6,5.25,0.625056,43.60544,67.287592,19.190836,0.807235
pattern_10,10-H-065,363576.065,6591805.982,194.748,193.998,7,6,0.603997,43.745864,64.791152,19.761152,0.807047
pattern_10,10-H-065,363576.065,6591805.982,193.998,193.248,8,6.75,0.585397,44.589618,67.008775,18.590114,0.877448
pattern_10,10-H-065,363576.065,6591805.982,193.248,192.498,9,7.5,0.521007,45.461887,68.315928,19.994704,1.024576
pattern_10,10-H-065,363576.065,6591805.982,192.498,191.748,10,8.25,0.571751,47.22237,66.89583,20.707339,0.949903
pattern_10,10-H-065,363576.065,6591805.982,191.748,190.998,11,9,0.530924,47.88231,65.211768,20.019238,1.010886
pattern_10,10-H-065,363576.065,6591805.982,190.998,190.248,12,9.75,0.49403,48.343903,65.244863,21.269671,1.097352
pattern_10,10-H-065,363576.065,6591805.982,190.248,189.498,13,10.5,0.496326,49.05704,64.843295,20.507248,1.101465
pattern_10,10-H-065,363576.065,6591805.982,189.498,188.748,14,11.25,0.477936,48.400302,65.852873,20.599705,1.146013
pattern_10,10-H-065,363576.065,6591805.982,188.748,187.998,15,12,0.513807,49.449956,65.728619,20.236699,1.087155
pattern_10,10-H-065,363576.065,6591805.982,187.998,187.248,16,12.75,0.507772,49.364429,66.378274,20.105583,1.108961
pattern_10,10-H-065,363576.065,6591805.982,187.248,186.498,17,13.5,0.48542,47.813152,65.207763,20.620855,1.103832
pattern_10,10-H-065,363576.065,6591805.982,186.498,185.748,18,14.25,0.501973,47.107308,65.368887,19.720061,1.054277
pattern_10,10-H-065,363576.065,6591805.982,185.748,184.998,19,15,0.533983,47.839856,66.977658,20.213848,1.031371
pattern_10,10-H-065,363576.065,6591805.982,184.998,184.248,20,15.75,0.542209,45.926619,64.373114,19.785177,0.937356
pattern_10,10-H-065,363576.065,6591805.982,184.248,184.155,21,15.843,0.547581,47.535115,66.977104,20.471461,0.999452
pattern_10,10-H-066,363576.272,6591797.618,199.927,199.177,0,0.75,0.737393,36.908152,68.910388,16.612226,0.593436
pattern_10,10-H-066,363576.272,6591797.618,199.177,198.427,1,1.5,0.702337,35.971757,68.539137,17.683912,0.604073
pattern_10,10-H-066,363576.272,6591797.618,198.427,197.677,2,2.25,0.701299,39.377764,68.269971,17.326135,0.659406
pattern_10,10-H-066,363576.272,6591797.618,197.677,196.927,3,3,0.719251,39.377046,69.017128,15.553485,0.649787
pattern_10,10-H-066,363576.272,6591797.618,196.927,196.177,4,3.75,0.700767,41.176071,67.559759,17.265774,0.682783
pattern_10,10-H-066,363576.272,6591797.618,196.177,195.427,5,4.5,0.655575,40.048292,68.394973,17.455536,0.718549
pattern_10,10-H-066,363576.272,6591797.618,195.427,194.677,6,5.25,0.668577,41.199817,66.780841,16.386359,0.707631
pattern_10,10-H-066,363576.272,6591797.618,194.677,193.927,7,6,0.690174,40.976639,67.472248,17.131369,0.688975
pattern_10,10-H-066,363576.272,6591797.618,193.927,193.177,8,6.75,0.661456,42.251077,68.952578,17.833575,0.757388
pattern_10,10-H-066,363576.272,6591797.618,193.177,192.427,9,7.5,0.662815,43.342023,67.500316,18.497294,0.759097
pattern_10,10-H-066,363576.272,6591797.618,192.427,191.677,10,8.25,0.634486,41.799565,67.324715,19.699154,0.762914
pattern_10,10-H-066,363576.272,6591797.618,191.677,190.927,11,9,0.587928,42.921374,67.111218,19.358252,0.842454
pattern_10,10-H-066,363576.272,6591797.618,190.927,190.177,12,9.75,0.567218,43.632559,67.38354,17.98764,0.890981
pattern_10,10-H-066,363576.272,6591797.618,190.177,189.427,13,10.5,0.594345,45.26028,66.775188,20.429025,0.87441
pattern_10,10-H-066,363576.272,6591797.618,189.427,188.677,14,11.25,0.587994,45.462546,66.706722,18.994801,0.886685
pattern_10,10-H-066,363576.272,6591797.618,188.677,187.927,15,12,0.602976,42.39446,65.022189,19.786086,0.786299
pattern_10,10-H-066,363576.272,6591797.618,187.927,187.177,16,12.75,0.585549,42.380428,67.899009,19.331638,0.845009
pattern_10,10-H-066,363576.272,6591797.618,187.177,186.427,17,13.5,0.615359,43.138247,68.068403,18.467064,0.820457
pattern_10,10-H-066,363576.272,6591797.618,186.427,185.677,18,14.25,0.639427,39.73518,66.618036,18.130877,0.712047
pattern_10,10-H-066,363576.272,6591797.618,185.677,184.927,19,15,0.657957,41.615583,67.12819,17.218693,0.730124
pattern_10,10-H-066,363576.272,6591797.618,184.927,184.177,20,15.75,0.643652,43.00183,68.149678,16.288112,0.782684
pattern_10,10-H-066,363576.272,6591797.618,184.177,183.892,21,16.035,0.654133,42.580745,67.622937,17.528377,0.756923
pattern_10,10-H-067,363575.894,6591789.582,200,199.25,0,0.75,0.817248,36.657468,70.819956,15.813724,0.546613
pattern_10,10-H-067,363575.894,6591789.582,199.25,198.5,1,1.5,0.773761,35.538113,68.699819,15.956812,0.542979
pattern_10,10-H-067,363575.894,6591789.582,198.5,197.75,2,2.25,0.779128,37.361874,69.385037,16.160188,0.572486
pattern_10,10-H-067,363575.894,6591789.582,197.75,197,3,3,0.738899,37.517607,69.046385,16.066369,0.603095
pattern_10,10-H-067,363575.894,6591789.582,197,196.25,4,3.75,0.716312,37.97969,69.575802,16.381912,0.634539
pattern_10,10-H-067,363575.894,6591789.582,196.25,195.5,5,4.5,0.746332,39.343568,69.096323,16.930924,0.626631
pattern_10,10-H-067,363575.894,6591789.582,195.5,194.75,6,5.25,0.731716,39.541175,67.321965,16.559319,0.62582
pattern_10,10-H-067,363575.894,6591789.582,194.75,194,7,6,0.735876,39.0021,68.400119,16.618931,0.623642
pattern_10,10-H-067,363575.894,6591789.582,194,193.25,8,6.75,0.723672,38.407758,68.157555,16.357037,0.622254
pattern_10,10-H-067,363575.894,6591789.582,193.25,192.5,9,7.5,0.721071,40.258272,68.334231,17.540904,0.656318
pattern_10,10-H-067,363575.894,6591789.582,192.5,191.75,10,8.25,0.680034,39.330863,70.264631,17.122554,0.69891
pattern_10,10-H-067,363575.894,6591789.582,191.75,191,11,9,0.704651,41.159302,68.926386,17.136705,0.692427
pattern_10,10-H-067,363575.894,6591789.582,191,190.25,12,9.75,0.647437,41.127022,67.27265,17.974687,0.734933
pattern_10,10-H-067,363575.894,6591789.582,190.25,189.5,13,10.5,0.665069,42.653662,68.65898,18.067194,0.757243
pattern_10,10-H-067,363575.894,6591789.582,189.5,188.75,14,11.25,0.639796,40.420724,67.670836,18.729718,0.735356
pattern_10,10-H-067,363575.894,6591789.582,188.75,188,15,12,0.666308,41.490418,67.790479,18.273831,0.726037
pattern_10,10-H-067,363575.894,6591789.582,188,187.25,16,12.75,0.694086,39.720504,67.494628,17.763203,0.664463
pattern_10,10-H-067,363575.894,6591789.582,187.25,186.5,17,13.5,0.687054,39.52146,67.218177,16.317232,0.664986
pattern_10,10-H-067,363575.894,6591789.582,186.5,185.75,18,14.25,0.703009,39.831784,68.24349,16.081474,0.664959
pattern_10,10-H-067,363575.894,6591789.582,185.75,185,19,15,0.710015,38.27717,69.144526,16.622726,0.641191
pattern_10,10-H-067,363575.894,6591789.582,185,184.25,20,15.75,0.687611,39.165387,69.088291,16.049777,0.676713
pattern_10,10-H-067,363575.894,6591789.582,184.25,183.5,21,16.5,0.749145,37.862213,69.023195,16.190586,0.600133
pattern_10,10-H-067,363575.894,6591789.582,183.5,183.2,22,16.8,0.725407,37.436886,69.85956,16.049254,0.620153
pattern_10,10-H-068,363576.451,6591781.867,200.022,199.272,0,0.75,0.867667,31.223722,70.997924,14.423974,0.439843
pattern_10,10-H-068,363576.451,6591781.867,199.272,198.522,1,1.5,0.866979,31.883661,71.028789,14.860696,0.449705
pattern_10,10-H-068,363576.451,6591781.867,198.522,197.772,2,2.25,0.849015,32.300073,70.209622,14.211922,0.459733
pattern_10,10-H-068,363576.451,6591781.867,197.772,197.022,3,3,0.846167,34.274414,69.856025,14.332221,0.486923
pattern_10,10-H-068,363576.451,6591781.867,197.022,196.272,4,3.75,0.85629,33.610708,69.966301,14.551282,0.472672
pattern_10,10-H-068,363576.451,6591781.867,196.272,195.522,5,4.5,0.849913,33.241344,70.212392,15.204164,0.472721
pattern_10,10-H-068,363576.451,6591781.867,195.522,194.772,6,5.25,0.834769,31.734745,70.051806,14.918222,0.458453
pattern_10,10-H-068,363576.451,6591781.867,194.772,194.022,7,6,0.849024,32.694758,71.044616,15.420909,0.470985
pattern_10,10-H-068,363576.451,6591781.867,194.022,193.272,8,6.75,0.84241,32.027248,69.190261,14.194723,0.452778
pattern_10,10-H-068,363576.451,6591781.867,193.272,192.522,9,7.5,0.819141,35.359691,68.743121,14.420426,0.510574
pattern_10,10-H-068,363576.451,6591781.867,192.522,191.772,10,8.25,0.766397,35.315831,69.562438,15.076988,0.55147
pattern_10,10-H-068,363576.451,6591781.867,191.772,191.022,11,9,0.777962,36.144706,68.808678,16.816751,0.550215
pattern_10,10-H-068,363576.451,6591781.867,191.022,190.272,12,9.75,0.776206,37.773239,69.585709,16.228097,0.582621
pattern_10,10-H-068,363576.451,6591781.867,190.272,189.522,13,10.5,0.771596,38.556155,69.46046,16.648308,0.597175
pattern_10,10-H-068,363576.451,6591781.867,189.522,188.772,14,11.25,0.743842,38.108487,68.732727,16.405052,0.605791
pattern_10,10-H-068,363576.451,6591781.867,188.772,188.022,15,12,0.737102,37.963814,68.550009,15.898309,0.607324
pattern_10,10-H-068,363576.451,6591781.867,188.022,187.272,16,12.75,0.750509,38.777772,68.538051,15.893061,0.60915
pattern_10,10-H-068,363576.451,6591781.867,187.272,186.522,17,13.5,0.748454,36.005195,69.792138,16.852833,0.577744
pattern_10,10-H-068,363576.451,6591781.867,186.522,185.772,18,14.25,0.803167,37.414015,69.714914,16.250411,0.558828
pattern_10,10-H-068,363576.451,6591781.867,185.772,185.022,19,15,0.79728,36.321381,70.049633,16.786836,0.549237
pattern_10,10-H-068,363576.451,6591781.867,185.022,184.272,20,15.75,0.772883,35.297554,70.374039,14.458936,0.552857
pattern_10,10-H-068,363576.451,6591781.867,184.272,183.738,21,16.284,0.796168,35.293531,68.951865,16.003749,0.526055
pattern_10,10-H-069,363568.966,6591826.102,199.915,199.165,0,0.75,0.859699,31.270239,71.667263,13.737634,0.448654
pattern_10,10-H-069,363568.966,6591826.102,199.165,198.415,1,1.5,0.886757,31.287825,70.742493,14.381773,0.429741
pattern_10,10-H-069,363568.966,6591826.102,198.415,197.665,2,2.25,0.87855,33.234162,71.327843,15.752407,0.464576
pattern_10,10-H-069,363568.966,6591826.102,197.665,196.915,3,3,0.878019,32.617312,70.703478,13.99463,0.452073
pattern_10,10-H-069,363568.966,6591826.102,196.915,196.165,4,3.75,0.885304,33.867425,71.066706,14.497116,0.467929
pattern_10,10-H-069,363568.966,6591826.102,196.165,195.415,5,4.5,0.86642,31.645423,71.834945,14.099097,0.451602
pattern_10,10-H-069,363568.966,6591826.102,195.415,194.665,6,5.25,0.858988,32.310682,70.275197,14.923291,0.455073
pattern_10,10-H-069,363568.966,6591826.102,194.665,193.915,7,6,0.795309,34.390026,71.537058,15.15162,0.532254
pattern_10,10-H-069,363568.966,6591826.102,193.915,193.165,8,6.75,0.785279,34.697262,69.928179,15.152629,0.531639
pattern_10,10-H-069,363568.966,6591826.102,193.165,192.415,9,7.5,0.793007,34.018942,70.066961,15.127575,0.517237
pattern_10,10-H-069,363568.966,6591826.102,192.415,191.665,10,8.25,0.769224,36.554346,70.35526,15.793575,0.575202
pattern_10,10-H-069,363568.966,6591826.102,191.665,190.915,11,9,0.784606,37.262783,69.386616,16.399269,0.567041
pattern_10,10-H-069,363568.966,6591826.102,190.915,190.165,12,9.75,0.721014,38.594895,70.189631,17.373302,0.646348
pattern_10,10-H-069,363568.966,6591826.102,190.165,189.415,13,10.5,0.751737,37.720028,68.723566,17.314256,0.593391
pattern_10,10-H-069,363568.966,6591826.102,189.415,188.665,14,11.25,0.724077,37.453271,69.412769,17.991921,0.617832
pattern_10,10-H-069,363568.966,6591826.102,188.665,187.915,15,12,0.74562,36.891988,69.186744,15.467878,0.588861
pattern_10,10-H-069,363568.966,6591826.102,187.915,187.165,16,12.75,0.726931,36.272715,70.19549,15.723346,0.602507
pattern_10,10-H-069,363568.966,6591826.102,187.165,186.415,17,13.5,0.762081,36.012527,69.449109,15.884909,0.564667
pattern_10,10-H-069,363568.966,6591826.102,186.415,185.665,18,14.25,0.752376,36.518871,69.639021,16.061247,0.581543
pattern_10,10-H-069,363568.966,6591826.102,185.665,184.915,19,15,0.777819,34.355029,68.858876,15.219766,0.523354
pattern_10,10-H-069,363568.966,6591826.102,184.915,184.165,20,15.75,0.805143,36.829733,70.422595,15.525982,0.554249
pattern_10,10-H-069,363568.966,6591826.102,184.165,183.415,21,16.5,0.79422,34.497512,69.012116,15.608886,0.515892
pattern_10,10-H-069,363568.966,6591826.102,183.415,182.665,22,17.25,0.788969,34.584358,69.638479,15.15809,0.525268
pattern_10,10-H-069,363568.966,6591826.102,182.665,182.303,23,17.612,0.807061,36.081898,70.170349,15.24916,0.53978
pattern_10,10-H-070,363568.947,6591817.537,200.005,199.255,0,0.75,0.775125,35.632481,70.118044,16.15772,0.554665
pattern_10,10-H-070,363568.947,6591817.537,199.255,198.505,1,1.5,0.745975,36.08232,68.043576,15.502946,0.566228
pattern_10,10-H-070,363568.947,6591817.537,198.505,197.755,2,2.25,0.770097,37.818989,70.123554,17.305506,0.592596
pattern_10,10-H-070,363568.947,6591817.537,197.755,197.005,3,3,0.751902,36.826657,69.421185,16.601323,0.585033
pattern_10,10-H-070,363568.947,6591817.537,197.005,196.255,4,3.75,0.757918,37.568752,69.274263,16.28848,0.590773
pattern_10,10-H-070,363568.947,6591817.537,196.255,195.505,5,4.5,0.793382,37.075632,69.194678,16.863092,0.556503
pattern_10,10-H-070,363568.947,6591817.537,195.505,194.755,6,5.25,0.753122,37.056815,69.155431,16.572699,0.58548
pattern_10,10-H-070,363568.947,6591817.537,194.755,194.005,7,6,0.704645,37.086694,69.588141,17.648363,0.630159
pattern_10,10-H-070,363568.947,6591817.537,194.005,193.255,8,6.75,0.739047,39.432754,69.689332,16.38454,0.639576
pattern_10,10-H-070,363568.947,6591817.537,193.255,192.505,9,7.5,0.691549,40.126371,69.09668,16.881435,0.689516
pattern_10,10-H-070,363568.947,6591817.537,192.505,191.755,10,8.25,0.680812,40.558472,66.543499,18.278286,0.681967
pattern_10,10-H-070,363568.947,6591817.537,191.755,191.005,11,9,0.629932,43.349699,67.320456,18.826039,0.796664
pattern_10,10-H-070,363568.947,6591817.537,191.005,190.255,12,9.75,0.648493,43.031323,67.178417,18.562911,0.766613
pattern_10,10-H-070,363568.947,6591817.537,190.255,189.505,13,10.5,0.611396,42.871085,66.809594,18.6356,0.805546
pattern_10,10-H-070,363568.947,6591817.537,189.505,188.755,14,11.25,0.610191,42.310273,69.452483,18.786467,0.828045
pattern_10,10-H-070,363568.947,6591817.537,188.755,188.005,15,12,0.601999,42.937739,66.372593,18.206952,0.813956
pattern_10,10-H-070,363568.947,6591817.537,188.005,187.255,16,12.75,0.653085,41.508321,68.123787,18.616183,0.744684
pattern_10,10-H-070,363568.947,6591817.537,187.255,186.505,17,13.5,0.673367,40.741849,68.261678,18.521565,0.710445
pattern_10,10-H-070,363568.947,6591817.537,186.505,185.755,18,14.25,0.674893,42.236301,67.331974,17.812594,0.7247
pattern_10,10-H-070,363568.947,6591817.537,185.755,185.005,19,15,0.632564,40.842121,68.402085,16.81149,0.759329
pattern_10,10-H-070,363568.947,6591817.537,185.005,184.255,20,15.75,0.667387,42.040464,69.039674,18.311769,0.747944
pattern_10,10-H-070,363568.947,6591817.537,184.255,183.628,21,16.377,0.663796,38.941226,68.082875,15.816608,0.686778
pattern_10,10-H-071,363568.988,6591810.189,199.982,199.232,0,0.75,0.681307,40.605636,68.56734,17.241331,0.70282
pattern_10,10-H-071,363568.988,6591810.189,199.232,198.482,1,1.5,0.706073,39.276976,69.427329,17.424924,0.664342
pattern_10,10-H-071,363568.988,6591810.189,198.482,197.732,2,2.25,0.687068,40.134983,68.697029,17.55328,0.690228
pattern_10,10-H-071,363568.988,6591810.189,197.732,196.982,3,3,0.692215,39.725385,68.726881,17.916859,0.678479
pattern_10,10-H-071,363568.988,6591810.189,196.982,196.232,4,3.75,0.69005,39.581782,67.421142,17.186791,0.665217
pattern_10,10-H-071,363568.988,6591810.189,196.232,195.482,5,4.5,0.679985,40.725235,67.457445,16.969373,0.694819
pattern_10,10-H-071,363568.988,6591810.189,195.482,194.732,6,5.25,0.646793,42.092512,67.247939,17.671569,0.752569
pattern_10,10-H-071,363568.988,6591810.189,194.732,193.982,7,6,0.63904,42.455079,67.609338,16.368955,0.772174
pattern_10,10-H-071,363568.988,6591810.189,193.982,193.232,8,6.75,0.61709,42.676867,67.125919,19.243918,0.798354
pattern_10,10-H-071,363568.988,6591810.189,193.232,192.482,9,7.5,0.60036,42.62404,67.16098,18.694249,0.819883
pattern_10,10-H-071,363568.988,6591810.189,192.482,191.732,10,8.25,0.570948,43.772021,68.254778,18.198522,0.899475
pattern_10,10-H-071,363568.988,6591810.189,191.732,190.982,11,9,0.572107,43.662955,65.492256,19.549776,0.859439
pattern_10,10-H-071,363568.988,6591810.189,190.982,190.232,12,9.75,0.579029,44.978508,65.864292,18.701591,0.879559
pattern_10,10-H-071,363568.988,6591810.189,190.232,189.482,13,10.5,0.551559,46.636396,65.836373,19.940996,0.956944
pattern_10,10-H-071,363568.988,6591810.189,189.482,188.732,14,11.25,0.537511,46.693802,65.527425,19.993765,0.978501
pattern_10,10-H-071,363568.988,6591810.189,188.732,187.982,15,12,0.56645,45.825602,66.34422,18.791117,0.922599
pattern_10,10-H-071,363568.988,6591810.189,187.982,187.232,16,12.75,0.566792,45.895237,65.782575,18.730452,0.915636
pattern_10,10-H-071,363568.988,6591810.189,187.232,186.482,17,13.5,0.584229,45.581918,66.300836,20.090972,0.889425
pattern_10,10-H-071,363568.988,6591810.189,186.482,185.732,18,14.25,0.588507,44.379954,68.007849,19.169849,0.881719
pattern_10,10-H-071,363568.988,6591810.189,185.732,184.982,19,15,0.609647,44.724625,67.197009,19.55117,0.847664
pattern_10,10-H-071,363568.988,6591810.189,184.982,184.232,20,15.75,0.602387,42.60538,66.877285,19.62825,0.813448
pattern_10,10-H-071,363568.988,6591810.189,184.232,183.69,21,16.292,0.585572,45.023633,67.277221,18.507889,0.889232
pattern_10,10-H-072,363568.828,6591802.05,200.002,199.252,0,0.75,0.740867,36.767472,68.17732,16.111351,0.582121
pattern_10,10-H-072,363568.828,6591802.05,199.252,198.502,1,1.5,0.72113,37.069987,69.065846,16.355558,0.610766
pattern_10,10-H-072,363568.828,6591802.05,198.502,197.752,2,2.25,0.748343,39.069809,67.305839,16.324531,0.604516
pattern_10,10-H-072,363568.828,6591802.05,197.752,197.002,3,3,0.732817,38.947704,68.554413,16.80497,0.626795
pattern_10,10-H-072,363568.828,6591802.05,197.002,196.252,4,3.75,0.736678,39.324255,69.173463,16.684512,0.635181
pattern_10,10-H-072,363568.828,6591802.05,196.252,195.502,5,4.5,0.709093,40.246937,67.885934,18.296612,0.662911
pattern_10,10-H-072,363568.828,6591802.05,195.502,194.752,6,5.25,0.712576,36.597952,67.598269,16.708553,0.597347
pattern_10,10-H-072,363568.828,6591802.05,194.752,194.002,7,6,0.688154,39.145018,68.705085,16.415816,0.672137
pattern_10,10-H-072,363568.828,6591802.05,194.002,193.252,8,6.75,0.675566,41.618647,67.740272,16.931194,0.717631
pattern_10,10-H-072,363568.828,6591802.05,193.252,192.502,9,7.5,0.635216,42.973961,67.995394,17.645343,0.790915
pattern_10,10-H-072,363568.828,6591802.05,192.502,191.752,10,8.25,0.630321,40.31164,67.644218,18.48172,0.744045
pattern_10,10-H-072,363568.828,6591802.05,191.752,191.002,11,9,0.637487,42.783288,67.322093,18.961753,0.777028
pattern_10,10-H-072,363568.828,6591802.05,191.002,190.252,12,9.75,0.575575,43.005097,67.314987,19.691401,0.864809
pattern_10,10-H-072,363568.828,6591802.05,190.252,189.502,13,10.5,0.588549,44.964282,67.462698,18.568635,0.886019
pattern_10,10-H-072,363568.828,6591802.05,189.502,188.752,14,11.25,0.609562,45.14364,65.69133,18.690015,0.836478
pattern_10,10-H-072,363568.828,6591802.05,188.752,188.002,15,12,0.596413,43.423451,68.273254,18.114116,0.854545
pattern_10,10-H-072,363568.828,6591802.05,188.002,187.252,16,12.75,0.612101,43.993232,67.408807,18.168937,0.83295
pattern_10,10-H-072,363568.828,6591802.05,187.252,186.502,17,13.5,0.598927,43.895233,68.047517,18.338383,0.857379
pattern_10,10-H-072,363568.828,6591802.05,186.502,185.752,18,14.25,0.621592,41.766176,66.534544,18.529721,0.768824
pattern_10,10-H-072,363568.828,6591802.05,185.752,185.002,19,15,0.603233,42.044357,68.64043,18.102453,0.822531
pattern_10,10-H-072,363568.828,6591802.05,185.002,184.252,20,15.75,0.650246,42.152237,67.038154,17.792068,0.747326
pattern_10,10-H-072,363568.828,6591802.05,184.252,184.133,21,15.869,0.647362,42.054613,68.685306,18.806581,0.767384
pattern_10,10-H-073,363569.154,6591793.73,200.101,199.351,0,0.75,0.779706,36.463842,69.732828,16.532711,0.561194
pattern_10,10-H-073,363569.154,6591793.73,199.351,198.601,1,1.5,0.769151,36.306166,69.665997,15.772663,0.565783
pattern_10,10-H-073,363569.154,6591793.73,198.601,197.851,2,2.25,0.731501,36.309246,70.162692,16.317098,0.599149
pattern_10,10-H-073,363569.154,6591793.73,197.851,197.101,3,3,0.744835,36.969739,67.774635,16.188633,0.578787
pattern_10,10-H-073,363569.154,6591793.73,197.101,196.351,4,3.75,0.715705,35.439397,68.283544,15.597777,0.581664
pattern_10,10-H-073,363569.154,6591793.73,196.351,195.601,5,4.5,0.747146,38.519096,70.305376,17.00715,0.623573
pattern_10,10-H-073,363569.154,6591793.73,195.601,194.851,6,5.25,0.705533,38.093618,69.595445,16.202318,0.64629
pattern_10,10-H-073,363569.154,6591793.73,194.851,194.101,7,6,0.693222,39.753992,69.146176,18.464221,0.682173
pattern_10,10-H-073,363569.154,6591793.73,194.101,193.351,8,6.75,0.700495,39.507047,68.732239,17.882526,0.66686
pattern_10,10-H-073,363569.154,6591793.73,193.351,192.601,9,7.5,0.69295,42.385546,67.981368,18.135652,0.715209
pattern_10,10-H-073,363569.154,6591793.73,192.601,191.851,10,8.25,0.664048,41.303808,66.743191,17.047983,0.713915
pattern_10,10-H-073,363569.154,6591793.73,191.851,191.101,11,9,0.667151,41.162445,68.733092,17.097915,0.729237
pattern_10,10-H-073,363569.154,6591793.73,191.101,190.351,12,9.75,0.64768,43.324966,67.026657,17.000161,0.770864
pattern_10,10-H-073,363569.154,6591793.73,190.351,189.601,13,10.5,0.614484,42.219677,67.342749,18.447313,0.795623
pattern_10,10-H-073,363569.154,6591793.73,189.601,188.851,14,11.25,0.64157,41.512755,67.016936,18.149626,0.745753
pattern_10,10-H-073,363569.154,6591793.73,188.851,188.101,15,12,0.619773,42.581863,68.043263,18.689822,0.803883
pattern_10,10-H-073,363569.154,6591793.73,188.101,187.351,16,12.75,0.644858,41.21568,68.791122,16.91628,0.755963
pattern_10,10-H-073,363569.154,6591793.73,187.351,186.601,17,13.5,0.649035,41.831373,68.155064,17.504967,0.755342
pattern_10,10-H-073,363569.154,6591793.73,186.601,185.851,18,14.25,0.688788,39.37312,68.352643,17.896051,0.672146
pattern_10,10-H-073,363569.154,6591793.73,185.851,185.101,19,15,0.654304,41.238924,67.41209,16.806782,0.730581
pattern_10,10-H-073,363569.154,6591793.73,185.101,184.351,20,15.75,0.709199,38.682579,68.33647,17.201067,0.641217
pattern_10,10-H-073,363569.154,6591793.73,184.351,183.601,21,16.5,0.678741,40.671636,68.343844,17.876293,0.704393
pattern_10,10-H-073,363569.154,6591793.73,183.601,183.419,22,16.682,0.666621,41.539217,68.345582,18.395908,0.732494
pattern_10,10-H-074,363568.928,6591785.803,200.037,199.287,0,0.75,0.854601,32.011387,70.942477,13.530853,0.457297
pattern_10,10-H-074,363568.928,6591785.803,199.287,198.537,1,1.5,0.885938,33.133083,71.113235,14.062832,0.457741
pattern_10,10-H-074,363568.928,6591785.803,198.537,197.787,2,2.25,0.881107,31.576153,69.354203,14.700216,0.427963
pattern_10,10-H-074,363568.928,6591785.803,197.787,197.037,3,3,0.814999,32.260022,70.359554,14.485348,0.479308
pattern_10,10-H-074,363568.928,6591785.803,197.037,196.287,4,3.75,0.873698,32.989255,69.679122,13.920966,0.45282
pattern_10,10-H-074,363568.928,6591785.803,196.287,195.537,5,4.5,0.848278,33.604216,70.092362,15.029242,0.477942
pattern_10,10-H-074,363568.928,6591785.803,195.537,194.787,6,5.25,0.830411,33.432088,71.597521,15.562829,0.496151
pattern_10,10-H-074,363568.928,6591785.803,194.787,194.037,7,6,0.800669,35.011074,70.36473,15.232403,0.529438
pattern_10,10-H-074,363568.928,6591785.803,194.037,193.287,8,6.75,0.796447,34.614113,69.230272,14.341314,0.517659
pattern_10,10-H-074,363568.928,6591785.803,193.287,192.537,9,7.5,0.76699,34.605601,70.050047,16.105435,0.543898
pattern_10,10-H-074,363568.928,6591785.803,192.537,191.787,10,8.25,0.805358,36.3851,69.780469,16.261043,0.54255
pattern_10,10-H-074,363568.928,6591785.803,191.787,191.037,11,9,0.799091,35.921333,70.309217,15.929139,0.54388
pattern_10,10-H-074,363568.928,6591785.803,191.037,190.287,12,9.75,0.775002,36.472845,70.72324,17.255423,0.572807
pattern_10,10-H-074,363568.928,6591785.803,190.287,189.537,13,10.5,0.758848,35.617174,69.671331,16.076345,0.562672
pattern_10,10-H-074,363568.928,6591785.803,189.537,188.787,14,11.25,0.800618,35.675552,69.705848,16.238744,0.534573
pattern_10,10-H-074,363568.928,6591785.803,188.787,188.037,15,12,0.762673,37.768891,70.518125,15.888527,0.600733
pattern_10,10-H-074,363568.928,6591785.803,188.037,187.287,16,12.75,0.786594,38.641485,69.241036,16.175861,0.585214
pattern_10,10-H-074,363568.928,6591785.803,187.287,186.537,17,13.5,0.777088,37.045164,70.183095,16.098985,0.57565
pattern_10,10-H-074,363568.928,6591785.803,186.537,185.787,18,14.25,0.776063,35.979293,70.304404,16.177249,0.560854
pattern_10,10-H-074,363568.928,6591785.803,185.787,185.037,19,15,0.759193,35.456365,69.474319,14.62005,0.558133
pattern_10,10-H-074,363568.928,6591785.803,185.037,184.287,20,15.75,0.79932,35.999451,70.973747,14.497263,0.549862
pattern_10,10-H-074,363568.928,6591785.803,184.287,183.537,21,16.5,0.805907,34.895269,70.52034,15.169405,0.525423
pattern_10,10-H-074,363568.928,6591785.803,183.537,182.787,22,17.25,0.823324,34.649608,70.544228,15.639435,0.510968
pattern_10,10-H-074,363568.928,6591785.803,182.787,182.729,23,17.308,0.791476,34.853921,69.54647,15.836401,0.527065
pattern_10,10-H-075,363569.013,6591777.986,200.088,199.338,0,0.75,0.84726,32.685424,71.617344,15.13142,0.475581
pattern_10,10-H-075,363569.013,6591777.986,199.338,198.588,1,1.5,0.814436,34.762113,70.450311,14.771483,0.517402
pattern_10,10-H-075,363569.013,6591777.986,198.588,197.838,2,2.25,0.799856,34.621223,68.443587,15.835175,0.509908
pattern_10,10-H-075,363569.013,6591777.986,197.838,197.088,3,3,0.775672,35.935211,69.413562,15.350854,0.553274
pattern_10,10-H-075,363569.013,6591777.986,197.088,196.338,4,3.75,0.782817,37.297307,70.601404,14.39625,0.578539
pattern_10,10-H-075,363569.013,6591777.986,196.338,195.588,5,4.5,0.76375,37.14988,68.728875,15.214943,0.575083
pattern_10,10-H-075,363569.013,6591777.986,195.588,194.838,6,5.25,0.766415,38.016448,69.886008,16.645584,0.59643
pattern_10,10-H-075,363569.013,6591777.986,194.838,194.088,7,6,0.783628,37.834176,70.71409,16.229785,0.587392
pattern_10,10-H-075,363569.013,6591777.986,194.088,193.338,8,6.75,0.764692,37.982467,68.815194,15.732837,0.588006
pattern_10,10-H-075,363569.013,6591777.986,193.338,192.588,9,7.5,0.729889,37.213792,68.487864,17.209215,0.600844
pattern_10,10-H-075,363569.013,6591777.986,192.588,191.838,10,8.25,0.745689,38.234665,69.3999,16.611453,0.61218
pattern_10,10-H-075,363569.013,6591777.986,191.838,191.088,11,9,0.695919,37.502841,68.939292,16.838947,0.639075
pattern_10,10-H-075,363569.013,6591777.986,191.088,190.338,12,9.75,0.673609,40.145848,68.102612,16.5263,0.697967
pattern_10,10-H-075,363569.013,6591777.986,190.338,189.588,13,10.5,0.672799,41.354173,68.791014,16.42694,0.727021
pattern_10,10-H-075,363569.013,6591777.986,189.588,188.838,14,11.25,0.674549,41.052787,68.814166,17.958533,0.720297
pattern_10,10-H-075,363569.013,6591777.986,188.838,188.088,15,12,0.676111,42.175421,68.637339,17.66375,0.736303
pattern_10,10-H-075,363569.013,6591777.986,188.088,187.338,16,12.75,0.733262,39.249184,68.364139,17.614896,0.629601
pattern_10,10-H-075,363569.013,6591777.986,187.338,186.588,17,13.5,0.707411,39.377444,68.35602,16.701319,0.654467
pattern_10,10-H-075,363569.013,6591777.986,186.588,185.838,18,14.25,0.743069,37.956626,69.739519,16.322247,0.612819
pattern_10,10-H-075,363569.013,6591777.986,185.838,185.088,19,15,0.73678,37.367359,69.542899,15.439438,0.606652
pattern_10,10-H-075,363569.013,6591777.986,185.088,184.338,20,15.75,0.740766,38.250242,68.911309,16.966778,0.612203
pattern_10,10-H-075,363569.013,6591777.986,184.338,183.952,21,16.136,0.724556,37.444076,69.34114,17.194761,0.616543
pattern_10,10-H-ADD-001,363576.114,6591813.008,199.94,199.19,0,0.75,0.720086,38.542087,69.649538,16.287577,0.641207
pattern_10,10-H-ADD-001,363576.114,6591813.008,199.19,198.44,1,1.5,0.707374,38.918112,67.682669,16.719011,0.64054
pattern_10,10-H-ADD-001,363576.114,6591813.008,198.44,197.69,2,2.25,0.688757,40.578694,68.395629,16.631539,0.692972
pattern_10,10-H-ADD-001,363576.114,6591813.008,197.69,196.94,3,3,0.683522,38.605661,69.003749,18.099927,0.670479
pattern_10,10-H-ADD-001,363576.114,6591813.008,196.94,196.19,4,3.75,0.66409,42.442954,67.467145,18.206531,0.741575
pattern_10,10-H-ADD-001,363576.114,6591813.008,196.19,195.44,5,4.5,0.641686,42.133335,69.377514,18.093232,0.783303
pattern_10,10-H-ADD-001,363576.114,6591813.008,195.44,194.69,6,5.25,0.67816,41.188716,68.042049,19.10373,0.710936
pattern_10,10-H-ADD-001,363576.114,6591813.008,194.69,193.94,7,6,0.69697,40.269477,68.200446,17.731855,0.677826
pattern_10,10-H-ADD-001,363576.114,6591813.008,193.94,193.19,8,6.75,0.628963,41.460046,68.280367,17.441089,0.773889
pattern_10,10-H-ADD-001,363576.114,6591813.008,193.19,192.44,9,7.5,0.638738,43.357678,66.904809,17.702645,0.780882
pattern_10,10-H-ADD-001,363576.114,6591813.008,192.44,191.69,10,8.25,0.633336,42.192633,67.688208,18.419865,0.775457
pattern_10,10-H-ADD-001,363576.114,6591813.008,191.69,190.94,11,9,0.598016,42.99707,67.093946,18.685511,0.829444
pattern_10,10-H-ADD-001,363576.114,6591813.008,190.94,190.19,12,9.75,0.583875,42.746011,67.21122,18.874299,0.846026
pattern_10,10-H-ADD-001,363576.114,6591813.008,190.19,189.44,13,10.5,0.582349,44.709766,67.752955,19.022179,0.894249
pattern_10,10-H-ADD-001,363576.114,6591813.008,189.44,188.69,14,11.25,0.6118,44.589679,67.460694,19.724241,0.845465
pattern_10,10-H-ADD-001,363576.114,6591813.008,188.69,187.94,15,12,0.558333,45.103103,66.060925,19.375686,0.917404
pattern_10,10-H-ADD-001,363576.114,6591813.008,187.94,187.19,16,12.75,0.627274,43.829669,67.779001,18.39865,0.814305
pattern_10,10-H-ADD-001,363576.114,6591813.008,187.19,186.44,17,13.5,0.594354,45.03531,67.173821,19.444628,0.875124
pattern_10,10-H-ADD-001,363576.114,6591813.008,186.44,185.69,18,14.25,0.606819,43.423591,67.560686,18.389207,0.831221
pattern_10,10-H-ADD-001,363576.114,6591813.008,185.69,184.94,19,15,0.633914,43.146701,66.917876,18.673566,0.783261
pattern_10,10-H-ADD-001,363576.114,6591813.008,184.94,184.19,20,15.75,0.622061,43.361696,67.042082,18.721954,0.803598
pattern_10,10-H-ADD-001,363576.114,6591813.008,184.19,184.029,21,15.911,0.654092,43.181619,66.174866,18.156528,0.751307
