polygon_id,hole_id,x,y,rl_top_m,rl_floor_m,sample_index,depth_m,pen,torque,rpm,wob,mse
pattern_8,8-H-001,363564.181,6591825.544,199.975,199.225,0,0.75,0.691739,39.716705,67.493926,17.749453,0.666637
pattern_8,8-H-001,363564.181,6591825.544,199.225,198.475,1,1.5,0.682918,39.958016,68.077992,18.380434,0.685246
pattern_8,8-H-001,363564.181,6591825.544,198.475,197.725,2,2.25,0.659247,41.078817,67.495372,17.870458,0.723329
pattern_8,8-H-001,363564.181,6591825.544,197.725,196.975,3,3,0.64998,41.679669,69.29446,17.846519,0.764089
pattern_8,8-H-001,363564.181,6591825.544,196.975,196.225,4,3.75,0.661787,40.340438,68.990627,17.976385,0.72329
pattern_8,8-H-001,363564.181,6591825.544,196.225,195.475,5,4.5,0.661781,43.710204,68.515248,19.047204,0.778281
pattern_8,8-H-001,363564.181,6591825.544,195.475,194.725,6,5.25,0.684277,42.75587,68.553802,18.521367,0.736734
pattern_8,8-H-001,363564.181,6591825.544,194.725,193.975,7,6,0.652504,43.954801,68.585938,18.580826,0.794476
pattern_8,8-H-001,363564.181,6591825.544,193.975,193.225,8,6.75,0.629783,42.086107,67.079669,19.057404,0.77096
pattern_8,8-H-001,363564.181,6591825.544,193.225,192.475,9,7.5,0.581125,43.974648,66.527042,19.108102,0.865535
pattern_8,8-H-001,363564.181,6591825.544,192.475,191.725,10,8.25,0.533909,43.69304,66.479709,19.411916,0.935229
pattern_8,8-H-001,363564.181,6591825.544,191.725,190.975,11,9,0.564919,47.585691,67.120508,20.913113,0.972007
pattern_8,8-H-001,363564.181,6591825.544,190.975,190.225,12,9.75,0.551743,46.414154,67.068722,19.809669,0.969839
pattern_8,8-H-001,363564.181,6591825.544,190.225,189.475,13,10.5,0.541619,47.718285,65.621556,20.076717,0.993783
pattern_8,8-H-001,363564.181,6591825.544,189.475,188.725,14,11.25,0.539772,45.972523,66.931535,19.996811,0.979904
pattern_8,8-H-001,363564.181,6591825.544,188.725,187.975,15,12,0.543814,45.290539,66.069491,19.207738,0.94584
pattern_8,8-H-001,363564.181,6591825.544,187.975,187.225,16,12.75,0.554624,44.836536,67.113195,19.93797,0.932735
pattern_8,8-H-001,363564.181,6591825.544,187.225,186.475,17,13.5,0.55546,45.738248,67.366036,19.878201,0.953578
pattern_8,8-H-001,363564.181,6591825.544,186.475,185.725,18,14.25,0.575313,45.258693,67.741485,19.407291,0.916134
pattern_8,8-H-001,363564.181,6591825.544,185.725,184.975,19,15,0.613333,43.878744,68.55232,19.991314,0.843373
pattern_8,8-H-001,363564.181,6591825.544,184.975,184.545,20,15.43,0.558597,43.479558,67.182062,18.059704,0.898852
pattern_8,8-H-002,363563.884,6591817.708,200.02,199.27,0,0.75,0.658328,40.33464,68.485324,17.825614,0.721648
pattern_8,8-H-002,363563.884,6591817.708,199.27,198.52,1,1.5,0.664141,40.240923,69.609231,18.273097,0.725426
pattern_8,8-H-002,363563.884,6591817.708,198.52,197.77,2,2.25,0.69484,40.650323,69.842547,18.771983,0.702907
pattern_8,8-H-002,363563.884,6591817.708,197.77,197.02,3,3,0.679888,41.973833,68.014975,17.463668,0.722122
pattern_8,8-H-002,363563.884,6591817.708,197.02,196.27,4,3.75,0.651867,42.618279,67.520659,18.835135,0.759227
pattern_8,8-H-002,363563.884,6591817.708,196.27,195.52,5,4.5,0.65326,42.168732,68.644004,18.342705,0.76202
pattern_8,8-H-002,363563.884,6591817.708,195.52,194.77,6,5.25,0.655979,43.358499,67.432661,18.288829,0.766482
pattern_8,8-H-002,363563.884,6591817.708,194.77,194.02,7,6,0.671716,42.579861,69.346782,17.870026,0.755929
pattern_8,8-H-002,363563.884,6591817.708,194.02,193.27,8,6.75,0.633777,41.396752,68.101872,19.068325,0.765055
pattern_8,8-H-002,363563.884,6591817.708,193.27,192.52,9,7.5,0.621411,42.279482,68.054491,18.305713,0.796177
pattern_8,8-H-002,363563.884,6591817.708,192.52,191.77,10,8.25,0.628414,43.123424,67.686772,18.695695,0.798721
pattern_8,8-H-002,363563.884,6591817.708,191.77,191.02,11,9,0.580252,44.355738,67.889414,19.067597,0.892179
pattern_8,8-H-002,363563.884,6591817.708,191.02,190.27,12,9.75,0.565443,45.143271,67.199599,19.37357,0.92229
pattern_8,8-H-002,363563.884,6591817.708,190.27,189.52,13,10.5,0.564136,45.831742,65.359494,19.514368,0.912868
pattern_8,8-H-002,363563.884,6591817.708,189.52,188.77,14,11.25,0.548177,44.966244,67.192885,19.863309,0.947509
pattern_8,8-H-002,363563.884,6591817.708,188.77,188.02,15,12,0.563218,46.487606,67.495809,19.5609,0.957643
pattern_8,8-H-002,363563.884,6591817.708,188.02,187.27,16,12.75,0.604296,44.372178,68.193419,18.704369,0.860872
pattern_8,8-H-002,363563.884,6591817.708,187.27,186.52,17,13.5,0.58509,44.015744,68.13633,18.705599,0.881197
pattern_8,8-H-002,363563.884,6591817.708,186.52,185.77,18,14.25,0.602325,44.429798,67.739614,19.409153,0.859146
pattern_8,8-H-002,363563.884,6591817.708,185.77,185.02,19,15,0.595121,44.967513,67.165712,18.970397,0.872524
pattern_8,8-H-002,363563.884,6591817.708,185.02,184.27,20,15.75,0.615214,41.827893,68.772858,19.240487,0.804097
pattern_8,8-H-002,363563.884,6591817.708,184.27,183.645,21,16.375,0.597804,43.670086,67.632022,18.680362,0.849428
pattern_8,8-H-003,363562.626,6591809.457,200.033,199.283,0,0.75,0.701027,38.481734,68.060274,16.656518,0.642644
pattern_8,8-H-003,363562.626,6591809.457,199.283,198.533,1,1.5,0.670575,39.966271,67.754812,18.011576,0.694615
pattern_8,8-H-003,363562.626,6591809.457,198.533,197.783,2,2.25,0.687698,40.961256,68.584342,18.593959,0.702726
pattern_8,8-H-003,363562.626,6591809.457,197.783,197.033,3,3,0.647991,40.117301,69.82138,17.798619,0.743367
pattern_8,8-H-003,363562.626,6591809.457,197.033,196.283,4,3.75,0.66576,42.372551,68.705052,18.459943,0.752037
pattern_8,8-H-003,363562.626,6591809.457,196.283,195.533,5,4.5,0.659977,42.296411,69.853393,18.644088,0.769891
pattern_8,8-H-003,363562.626,6591809.457,195.533,194.783,6,5.25,0.640147,41.687468,67.164176,18.955854,0.752284
pattern_8,8-H-003,363562.626,6591809.457,194.783,194.033,7,6,0.635328,43.013411,69.036358,18.838532,0.803729
pattern_8,8-H-003,363562.626,6591809.457,194.033,193.283,8,6.75,0.651711,42.260619,68.161189,19.41539,0.760246
pattern_8,8-H-003,363562.626,6591809.457,193.283,192.533,9,7.5,0.631374,43.780133,67.011144,18.594115,0.799014
pattern_8,8-H-003,363562.626,6591809.457,192.533,191.783,10,8.25,0.612424,41.958635,67.103175,18.663276,0.790582
pattern_8,8-H-003,363562.626,6591809.457,191.783,191.033,11,9,0.602516,44.160708,66.715406,19.540522,0.84083
pattern_8,8-H-003,363562.626,6591809.457,191.033,190.283,12,9.75,0.600716,45.930002,65.530194,20.74069,0.861644
pattern_8,8-H-003,363562.626,6591809.457,190.283,189.533,13,10.5,0.573978,45.424444,66.595525,19.492034,0.906073
pattern_8,8-H-003,363562.626,6591809.457,189.533,188.783,14,11.25,0.577848,45.914315,67.713733,19.621381,0.924952
pattern_8,8-H-003,363562.626,6591809.457,188.783,188.033,15,12,0.546109,45.742348,66.331237,20.180184,0.955126
pattern_8,8-H-003,363562.626,6591809.457,188.033,187.283,16,12.75,0.521947,44.851569,66.947022,19.313718,0.988784
pattern_8,8-H-003,363562.626,6591809.457,187.283,186.533,17,13.5,0.555144,44.436484,66.620663,19.771842,0.91679
pattern_8,8-H-003,363562.626,6591809.457,186.533,185.783,18,14.25,0.556496,44.521761,66.119894,19.266987,0.909388
pattern_8,8-H-003,363562.626,6591809.457,185.783,185.033,19,15,0.580809,45.612253,68.307192,18.796406,0.922102
pattern_8,8-H-003,363562.626,6591809.457,185.033,184.283,20,15.75,0.575501,45.537034,66.512767,19.356087,0.904776
pattern_8,8-H-003,363562.626,6591809.457,184.283,183.533,21,16.5,0.608618,43.733076,67.986557,20.193508,0.840128
pattern_8,8-H-003,363562.626,6591809.457,183.533,183.235,22,16.798,0.58124,43.787698,67.834656,17.580783,0.8784
pattern_8,8-H-004,363561.078,6591801.611,200.031,199.281,0,0.75,0.763785,37.895884,68.689014,16.332872,0.586364
pattern_8,8-H-004,363561.078,6591801.611,199.281,198.531,1,1.5,0.73546,38.366185,68.427182,16.633389,0.614097
pattern_8,8-H-004,363561.078,6591801.611,198.531,197.781,2,2.25,0.705465,39.723766,68.546278,16.819049,0.663872
pattern_8,8-H-004,363561.078,6591801.611,197.781,197.031,3,3,0.705926,39.307725,69.831447,17.160061,0.668825
pattern_8,8-H-004,363561.078,6591801.611,197.031,196.281,4,3.75,0.72658,39.264422,69.674391,17.452963,0.647739
pattern_8,8-H-004,363561.078,6591801.611,196.281,195.531,5,4.5,0.740723,39.600657,69.327969,16.51697,0.637545
pattern_8,8-H-004,363561.078,6591801.611,195.531,194.781,6,5.25,0.710735,40.895206,68.933349,17.703516,0.682264
pattern_8,8-H-004,363561.078,6591801.611,194.781,194.031,7,6,0.677214,39.910751,68.621849,16.852649,0.695495
pattern_8,8-H-004,363561.078,6591801.611,194.031,193.281,8,6.75,0.684089,40.567092,68.432295,18.132336,0.698043
pattern_8,8-H-004,363561.078,6591801.611,193.281,192.531,9,7.5,0.6461,41.009306,69.142575,18.126762,0.754717
pattern_8,8-H-004,363561.078,6591801.611,192.531,191.781,10,8.25,0.684316,41.219331,68.132205,18.003485,0.705881
pattern_8,8-H-004,363561.078,6591801.611,191.781,191.031,11,9,0.634703,43.629273,66.965866,18.31128,0.791535
pattern_8,8-H-004,363561.078,6591801.611,191.031,190.281,12,9.75,0.632417,41.995526,66.909361,17.466321,0.763979
pattern_8,8-H-004,363561.078,6591801.611,190.281,189.531,13,10.5,0.551853,45.439051,68.265012,19.710443,0.966205
pattern_8,8-H-004,363561.078,6591801.611,189.531,188.781,14,11.25,0.589779,44.240098,67.473585,18.703971,0.870129
pattern_8,8-H-004,363561.078,6591801.611,188.781,188.031,15,12,0.607341,43.953814,68.726145,18.256336,0.855069
pattern_8,8-H-004,363561.078,6591801.611,188.031,187.281,16,12.75,0.634153,42.537576,66.601591,18.118246,0.768239
pattern_8,8-H-004,363561.078,6591801.611,187.281,186.531,17,13.5,0.643614,41.57558,69.685846,18.010275,0.774059
pattern_8,8-H-004,363561.078,6591801.611,186.531,185.781,18,14.25,0.62456,41.939509,67.904631,18.123371,0.784074
pattern_8,8-H-004,363561.078,6591801.611,185.781,185.031,19,15,0.669034,41.452715,68.675993,17.070547,0.731694
pattern_8,8-H-004,363561.078,6591801.611,185.031,184.281,20,15.75,0.650431,40.374585,69.142165,17.851347,0.738099
pattern_8,8-H-004,363561.078,6591801.611,184.281,183.531,21,16.5,0.656562,41.424948,68.240579,17.794897,0.740433
pattern_8,8-H-004,363561.078,6591801.611,183.531,183.429,22,16.602,0.65326,40.69729,67.466697,17.967156,0.722885
pattern_8,8-H-005,363560.681,6591793.385,199.972,199.222,0,0.75,0.886679,32.645148,72.088442,14.964242,0.456916
pattern_8,8-H-005,363560.681,6591793.385,199.222,198.472,1,1.5,0.836659,34.424364,71.347509,15.431758,0.50524
pattern_8,8-H-005,363560.681,6591793.385,198.472,197.722,2,2.25,0.817468,34.888518,70.042418,14.569831,0.514348
pattern_8,8-H-005,363560.681,6591793.385,197.722,196.972,3,3,0.843779,33.611412,70.636793,15.658687,0.484378
pattern_8,8-H-005,363560.681,6591793.385,196.972,196.222,4,3.75,0.81741,34.463649,70.579015,15.313966,0.512111
pattern_8,8-H-005,363560.681,6591793.385,196.222,195.472,5,4.5,0.828018,34.357545,69.201422,15.42709,0.494236
pattern_8,8-H-005,363560.681,6591793.385,195.472,194.722,6,5.25,0.787582,36.236501,70.769053,15.356067,0.560183
pattern_8,8-H-005,363560.681,6591793.385,194.722,193.972,7,6,0.732126,36.393571,69.491667,16.110203,0.59428
pattern_8,8-H-005,363560.681,6591793.385,193.972,193.222,8,6.75,0.781353,37.487661,69.762527,16.337939,0.575903
pattern_8,8-H-005,363560.681,6591793.385,193.222,192.472,9,7.5,0.733325,37.675897,70.054065,16.131155,0.619105
pattern_8,8-H-005,363560.681,6591793.385,192.472,191.722,10,8.25,0.755135,37.732996,69.214319,16.086154,0.594988
pattern_8,8-H-005,363560.681,6591793.385,191.722,190.972,11,9,0.752348,37.280047,69.915211,16.426436,0.596036
pattern_8,8-H-005,363560.681,6591793.385,190.972,190.222,12,9.75,0.748891,37.557363,70.839555,16.227008,0.611143
pattern_8,8-H-005,363560.681,6591793.385,190.222,189.472,13,10.5,0.755413,38.775695,69.679959,16.156059,0.615258
pattern_8,8-H-005,363560.681,6591793.385,189.472,188.722,14,11.25,0.738587,37.620568,69.134938,16.488559,0.605824
pattern_8,8-H-005,363560.681,6591793.385,188.722,187.972,15,12,0.714104,39.004359,69.894712,16.781963,0.65665
pattern_8,8-H-005,363560.681,6591793.385,187.972,187.222,16,12.75,0.701646,36.132577,71.015415,17.919412,0.629253
pattern_8,8-H-005,363560.681,6591793.385,187.222,186.472,17,13.5,0.741718,39.002691,69.989213,15.819222,0.632987
pattern_8,8-H-005,363560.681,6591793.385,186.472,185.722,18,14.25,0.766871,36.106202,71.684658,16.555411,0.580737
pattern_8,8-H-005,363560.681,6591793.385,185.722,184.972,19,15,0.775931,35.557847,69.241587,16.401126,0.546077
pattern_8,8-H-005,363560.681,6591793.385,184.972,184.222,20,15.75,0.780326,36.926483,69.097267,14.999755,0.562495
pattern_8,8-H-005,363560.681,6591793.385,184.222,183.472,21,16.5,0.779961,36.27917,69.842791,15.418552,0.558921
pattern_8,8-H-005,363560.681,6591793.385,183.472,183.293,22,16.679,0.775485,36.1109,70.631421,15.400578,0.565833
pattern_8,8-H-006,363559.384,6591785.785,200.033,199.283,0,0.75,0.864691,32.198244,72.271061,15.351341,0.463313
pattern_8,8-H-006,363559.384,6591785.785,199.283,198.533,1,1.5,0.884328,32.912679,70.899922,14.04429,0.454169
pattern_8,8-H-006,363559.384,6591785.785,198.533,197.783,2,2.25,0.863511,32.377901,71.348461,16.111426,0.460682
pattern_8,8-H-006,363559.384,6591785.785,197.783,197.033,3,3,0.831418,33.58616,71.657587,15.361369,0.498218
pattern_8,8-H-006,363559.384,6591785.785,197.033,196.283,4,3.75,0.819724,33.872578,69.94185,14.550929,0.497337
pattern_8,8-H-006,363559.384,6591785.785,196.283,195.533,5,4.5,0.839389,34.016215,71.238843,15.279023,0.49688
pattern_8,8-H-006,363559.384,6591785.785,195.533,194.783,6,5.25,0.812011,33.826013,69.479008,14.536831,0.498049
pattern_8,8-H-006,363559.384,6591785.785,194.783,194.033,7,6,0.841752,35.709069,68.889449,14.364102,0.502856
pattern_8,8-H-006,363559.384,6591785.785,194.033,193.283,8,6.75,0.783683,36.785468,71.607918,16.241053,0.57832
pattern_8,8-H-006,363559.384,6591785.785,193.283,192.533,9,7.5,0.745117,37.369388,69.560042,16.608501,0.600207
pattern_8,8-H-006,363559.384,6591785.785,192.533,191.783,10,8.25,0.771801,36.915804,68.744594,15.443941,0.565686
pattern_8,8-H-006,363559.384,6591785.785,191.783,191.033,11,9,0.733981,37.834163,69.495712,18.249973,0.616466
pattern_8,8-H-006,363559.384,6591785.785,191.033,190.283,12,9.75,0.721993,39.392404,69.851209,17.294686,0.655593
pattern_8,8-H-006,363559.384,6591785.785,190.283,189.533,13,10.5,0.750924,37.269248,68.888482,16.45299,0.588256
pattern_8,8-H-006,363559.384,6591785.785,189.533,188.783,14,11.25,0.750954,38.337647,69.890978,15.574745,0.613707
pattern_8,8-H-006,363559.384,6591785.785,188.783,188.033,15,12,0.76318,37.51154,71.39269,17.608705,0.603837
pattern_8,8-H-006,363559.384,6591785.785,188.033,187.283,16,12.75,0.783163,35.519707,70.145385,15.796068,0.54743
pattern_8,8-H-006,363559.384,6591785.785,187.283,186.533,17,13.5,0.772942,37.227944,69.450059,16.424956,0.575559
pattern_8,8-H-006,363559.384,6591785.785,186.533,185.783,18,14.25,0.792618,36.321934,69.12805,16.110122,0.54514
pattern_8,8-H-006,363559.384,6591785.785,185.783,185.033,19,15,0.765852,35.309701,69.66514,15.330673,0.552609
pattern_8,8-H-006,363559.384,6591785.785,185.033,184.283,20,15.75,0.776861,35.670947,71.553328,16.554207,0.565373
pattern_8,8-H-006,363559.384,6591785.785,184.283,183.63,21,16.403,0.74636,36.120232,69.123328,16.052062,0.575556
pattern_8,8-H-007,363558.502,6591778.401,200.056,199.306,0,0.75,0.871536,31.865986,70.675994,13.459816,0.444734
pattern_8,8-H-007,363558.502,6591778.401,199.306,198.556,1,1.5,0.850956,33.339705,71.56586,15.154845,0.482622
pattern_8,8-H-007,363558.502,6591778.401,198.556,197.806,2,2.25,0.857533,33.48481,71.727411,15.321583,0.482113
pattern_8,8-H-007,363558.502,6591778.401,197.806,197.056,3,3,0.793058,34.661833,71.537656,15.654974,0.53803
pattern_8,8-H-007,363558.502,6591778.401,197.056,196.306,4,3.75,0.813795,35.854121,70.664627,15.719927,0.535752
pattern_8,8-H-007,363558.502,6591778.401,196.306,195.556,5,4.5,0.829414,34.99534,71.568661,16.370186,0.519772
pattern_8,8-H-007,363558.502,6591778.401,195.556,194.806,6,5.25,0.840435,34.203139,71.085242,14.820156,0.497854
pattern_8,8-H-007,363558.502,6591778.401,194.806,194.056,7,6,0.794519,34.767462,71.663908,15.271835,0.539575
pattern_8,8-H-007,363558.502,6591778.401,194.056,193.306,8,6.75,0.800533,35.048805,70.312567,16.940321,0.529912
pattern_8,8-H-007,363558.502,6591778.401,193.306,192.556,9,7.5,0.813416,36.230873,70.545513,16.463321,0.540794
pattern_8,8-H-007,363558.502,6591778.401,192.556,191.806,10,8.25,0.771543,36.10155,68.781744,16.219792,0.553826
pattern_8,8-H-007,363558.502,6591778.401,191.806,191.056,11,9,0.758211,36.538289,69.865949,17.292778,0.579413
pattern_8,8-H-007,363558.502,6591778.401,191.056,190.306,12,9.75,0.744213,40.961323,70.587423,17.247082,0.668275
pattern_8,8-H-007,363558.502,6591778.401,190.306,189.556,13,10.5,0.710581,39.531202,70.089114,16.85222,0.670644
pattern_8,8-H-007,363558.502,6591778.401,189.556,188.806,14,11.25,0.699967,39.255743,68.246975,16.333664,0.658275
pattern_8,8-H-007,363558.502,6591778.401,188.806,188.056,15,12,0.711613,40.222841,68.953899,16.907611,0.67036
pattern_8,8-H-007,363558.502,6591778.401,188.056,187.306,16,12.75,0.72837,37.536484,69.610891,16.473629,0.61713
pattern_8,8-H-007,363558.502,6591778.401,187.306,186.556,17,13.5,0.760008,37.968,68.754204,15.025175,0.590785
pattern_8,8-H-007,363558.502,6591778.401,186.556,185.806,18,14.25,0.739027,36.031198,70.4454,16.48462,0.590925
pattern_8,8-H-007,363558.502,6591778.401,185.806,185.056,19,15,0.738179,39.253075,70.303142,16.098647,0.642979
pattern_8,8-H-007,363558.502,6591778.401,185.056,184.375,20,15.681,0.756164,35.673221,69.329588,15.609171,0.562727
pattern_8,8-H-008,363556.927,6591822.46,200.034,199.284,0,0.75,0.678121,40.72671,68.41762,16.478539,0.706577
pattern_8,8-H-008,363556.927,6591822.46,199.284,198.534,1,1.5,0.634475,43.616964,67.986941,17.823753,0.803573
pattern_8,8-H-008,363556.927,6591822.46,198.534,197.784,2,2.25,0.641879,44.306153,66.940565,18.125984,0.794498
pattern_8,8-H-008,363556.927,6591822.46,197.784,197.034,3,3,0.652555,43.265909,67.963947,19.321521,0.775018
pattern_8,8-H-008,363556.927,6591822.46,197.034,196.284,4,3.75,0.607954,43.356724,66.379061,19.230902,0.814052
pattern_8,8-H-008,363556.927,6591822.46,196.284,195.534,5,4.5,0.60274,46.269767,66.585391,19.098916,0.878783
pattern_8,8-H-008,363556.927,6591822.46,195.534,194.784,6,5.25,0.604558,44.690599,66.724686,18.816799,0.848055
pattern_8,8-H-008,363556.927,6591822.46,194.784,194.034,7,6,0.577805,45.347327,67.282949,18.458476,0.907689
pattern_8,8-H-008,363556.927,6591822.46,194.034,193.284,8,6.75,0.623989,45.451253,66.226144,19.344692,0.829503
pattern_8,8-H-008,363556.927,6591822.46,193.284,192.534,9,7.5,0.574416,45.510142,67.152742,19.087741,0.914609
pattern_8,8-H-008,363556.927,6591822.46,192.534,191.784,10,8.25,0.5559,46.074782,64.513902,20.779686,0.919392
pattern_8,8-H-008,363556.927,6591822.46,191.784,191.034,11,9,0.527469,48.64595,66.153897,20.645726,1.048654
pattern_8,8-H-008,363556.927,6591822.46,191.034,190.284,12,9.75,0.540505,47.874668,67.017016,20.558301,1.020335
pattern_8,8-H-008,363556.927,6591822.46,190.284,189.534,13,10.5,0.517484,48.764444,65.748347,20.600742,1.06488
pattern_8,8-H-008,363556.927,6591822.46,189.534,188.784,14,11.25,0.506075,48.577375,66.632718,20.354871,1.099189
pattern_8,8-H-008,363556.927,6591822.46,188.784,188.034,15,12,0.526468,49.821321,66.265203,20.739015,1.077786
pattern_8,8-H-008,363556.927,6591822.46,188.034,187.284,16,12.75,0.514179,48.029089,66.529703,20.993055,1.068147
pattern_8,8-H-008,363556.927,6591822.46,187.284,186.534,17,13.5,0.558688,46.547953,66.268567,19.621668,0.949113
pattern_8,8-H-008,363556.927,6591822.46,186.534,185.784,18,14.25,0.570536,44.753034,66.039914,19.719319,0.890642
pattern_8,8-H-008,363556.927,6591822.46,185.784,185.034,19,15,0.552418,46.609349,67.239518,19.539728,0.975159
pattern_8,8-H-008,363556.927,6591822.46,185.034,184.284,20,15.75,0.578232,45.03651,67.182774,19.438994,0.899599
pattern_8,8-H-008,363556.927,6591822.46,184.284,184.134,21,15.9,0.551341,45.437466,65.913589,20.017748,0.933875
pattern_8,8-H-009,363555.838,6591814.405,200.011,199.261,0,0.75,0.686944,41.506747,68.296658,17.81954,0.709758
pattern_8,8-H-009,363555.838,6591814.405,199.261,198.511,1,1.5,0.670995,40.263339,67.825491,17.406414,0.699978
pattern_8,8-H-009,363555.838,6591814.405,198.511,197.761,2,2.25,0.696058,39.635708,68.530116,16.577747,0.671142
pattern_8,8-H-009,363555.838,6591814.405,197.761,197.011,3,3,0.667841,42.005768,68.59212,18.420269,0.742009
pattern_8,8-H-009,363555.838,6591814.405,197.011,196.261,4,3.75,0.665993,43.069208,67.915818,17.649073,0.755249
pattern_8,8-H-009,363555.838,6591814.405,196.261,195.511,5,4.5,0.625698,43.327506,69.382639,18.904444,0.826125
pattern_8,8-H-009,363555.838,6591814.405,195.511,194.761,6,5.25,0.664896,43.358234,68.448065,18.603852,0.767621
pattern_8,8-H-009,363555.838,6591814.405,194.761,194.011,7,6,0.618817,43.028386,67.466995,18.797849,0.806682
pattern_8,8-H-009,363555.838,6591814.405,194.011,193.261,8,6.75,0.601921,42.555402,66.940157,18.252573,0.813719
pattern_8,8-H-009,363555.838,6591814.405,193.261,192.511,9,7.5,0.607086,44.991536,66.571881,18.48668,0.848224
pattern_8,8-H-009,363555.838,6591814.405,192.511,191.761,10,8.25,0.57052,46.480332,67.63712,19.055541,0.947182
pattern_8,8-H-009,363555.838,6591814.405,191.761,191.011,11,9,0.5567,45.736514,67.014344,19.571868,0.946432
pattern_8,8-H-009,363555.838,6591814.405,191.011,190.261,12,9.75,0.558768,46.113673,65.955084,19.282486,0.935669
pattern_8,8-H-009,363555.838,6591814.405,190.261,189.511,13,10.5,0.552509,45.58939,67.585828,19.175229,0.95857
pattern_8,8-H-009,363555.838,6591814.405,189.511,188.761,14,11.25,0.518783,47.180513,67.15856,20.234184,1.049745
pattern_8,8-H-009,363555.838,6591814.405,188.761,188.011,15,12,0.538432,47.107732,65.173448,20.011953,0.980161
pattern_8,8-H-009,363555.838,6591814.405,188.011,187.261,16,12.75,0.560267,44.809984,66.569865,19.549832,0.91532
pattern_8,8-H-009,363555.838,6591814.405,187.261,186.511,17,13.5,0.5746,45.463571,66.999733,19.274402,0.91133
pattern_8,8-H-009,363555.838,6591814.405,186.511,185.761,18,14.25,0.565443,44.68199,67.525671,19.098784,0.917275
pattern_8,8-H-009,363555.838,6591814.405,185.761,185.011,19,15,0.585116,42.326769,68.679782,20.213716,0.854357
pattern_8,8-H-009,363555.838,6591814.405,185.011,184.261,20,15.75,0.580277,43.943368,67.484091,18.610818,0.878548
pattern_8,8-H-009,363555.838,6591814.405,184.261,183.995,21,16.016,0.590744,46.016577,67.033014,19.880789,0.897762
pattern_8,8-H-010,363555.451,6591806.364,200.126,199.376,0,0.75,0.776208,36.976711,69.965425,16.639994,0.573527
pattern_8,8-H-010,363555.451,6591806.364,199.376,198.626,1,1.5,0.779714,37.051742,69.98004,16.403863,0.572202
pattern_8,8-H-010,363555.451,6591806.364,198.626,197.876,2,2.25,0.746352,37.355871,69.579506,17.171465,0.599236
pattern_8,8-H-010,363555.451,6591806.364,197.876,197.126,3,3,0.736003,36.180259,68.84817,16.271634,0.582302
pattern_8,8-H-010,363555.451,6591806.364,197.126,196.376,4,3.75,0.759703,39.478904,70.052171,15.904432,0.626141
pattern_8,8-H-010,363555.451,6591806.364,196.376,195.626,5,4.5,0.728351,39.044314,70.116523,16.531937,0.646511
pattern_8,8-H-010,363555.451,6591806.364,195.626,194.876,6,5.25,0.731021,37.428373,68.564229,16.175631,0.603909
pattern_8,8-H-010,363555.451,6591806.364,194.876,194.126,7,6,0.720696,39.391227,69.119464,16.88595,0.649842
pattern_8,8-H-010,363555.451,6591806.364,194.126,193.376,8,6.75,0.690362,39.69995,68.140108,16.771332,0.673935
pattern_8,8-H-010,363555.451,6591806.364,193.376,192.626,9,7.5,0.689676,41.258427,68.535088,18.181867,0.705229
pattern_8,8-H-010,363555.451,6591806.364,192.626,191.876,10,8.25,0.664575,41.559984,66.644088,18.198548,0.716839
pattern_8,8-H-010,363555.451,6591806.364,191.876,191.126,11,9,0.62107,42.633919,68.117075,19.31344,0.804132
pattern_8,8-H-010,363555.451,6591806.364,191.126,190.376,12,9.75,0.645312,45.029691,69.498878,18.153139,0.833767
pattern_8,8-H-010,363555.451,6591806.364,190.376,189.626,13,10.5,0.611808,43.761376,68.751951,18.631917,0.845497
pattern_8,8-H-010,363555.451,6591806.364,189.626,188.876,14,11.25,0.598238,43.637831,68.446075,19.63345,0.858486
pattern_8,8-H-010,363555.451,6591806.364,188.876,188.126,15,12,0.632723,42.829567,68.44478,19.101332,0.796753
pattern_8,8-H-010,363555.451,6591806.364,188.126,187.376,16,12.75,0.633562,42.687845,67.891234,18.110999,0.786561
pattern_8,8-H-010,363555.451,6591806.364,187.376,186.626,17,13.5,0.59811,42.073086,66.687796,18.159854,0.806579
pattern_8,8-H-010,363555.451,6591806.364,186.626,185.876,18,14.25,0.635401,41.903629,67.693502,18.3439,0.767716
pattern_8,8-H-010,363555.451,6591806.364,185.876,185.126,19,15,0.688635,40.648777,67.82075,18.094141,0.688647
pattern_8,8-H-010,363555.451,6591806.364,185.126,184.376,20,15.75,0.648216,41.182109,68.014299,17.786086,0.743089
pattern_8,8-H-010,363555.451,6591806.364,184.376,184.133,21,15.993,0.642901,41.28506,68.642841,17.594983,0.75798
pattern_8,8-H-011,363554.098,6591798.232,200.053,199.303,0,0.75,0.793341,36.592555,69.991449,15.897317,0.555492
pattern_8,8-H-011,363554.098,6591798.232,199.303,198.553,1,1.5,0.769894,36.895055,70.590104,15.614369,0.58195
pattern_8,8-H-011,363554.098,6591798.232,198.553,197.803,2,2.25,0.771624,36.849601,68.333035,15.300756,0.561416
pattern_8,8-H-011,363554.098,6591798.232,197.803,197.053,3,3,0.739125,37.540085,68.734824,16.087615,0.60056
pattern_8,8-H-011,363554.098,6591798.232,197.053,196.303,4,3.75,0.753431,38.533978,70.64901,17.31511,0.621678
pattern_8,8-H-011,363554.098,6591798.232,196.303,195.553,5,4.5,0.74837,36.684819,70.78397,17.406026,0.59708
pattern_8,8-H-011,363554.098,6591798.232,195.553,194.803,6,5.25,0.74955,38.532996,70.87749,16.690745,0.626808
pattern_8,8-H-011,363554.098,6591798.232,194.803,194.053,7,6,0.751758,37.542982,68.233387,16.102465,0.586254
pattern_8,8-H-011,363554.098,6591798.232,194.053,193.303,8,6.75,0.745303,39.42967,70.098262,17.441468,0.638013
pattern_8,8-H-011,363554.098,6591798.232,193.303,192.553,9,7.5,0.710399,38.706045,69.900556,17.772748,0.655205
pattern_8,8-H-011,363554.098,6591798.232,192.553,191.803,10,8.25,0.702843,40.205197,67.902425,17.978162,0.668218
pattern_8,8-H-011,363554.098,6591798.232,191.803,191.053,11,9,0.67158,41.412194,68.700162,17.4719,0.728521
pattern_8,8-H-011,363554.098,6591798.232,191.053,190.303,12,9.75,0.655442,40.781662,68.584924,17.142258,0.733805
pattern_8,8-H-011,363554.098,6591798.232,190.303,189.553,13,10.5,0.644973,41.739711,67.918324,17.670837,0.755818
pattern_8,8-H-011,363554.098,6591798.232,189.553,188.803,14,11.25,0.658378,42.125515,68.440805,17.994388,0.753069
pattern_8,8-H-011,363554.098,6591798.232,188.803,188.053,15,12,0.667903,41.112452,69.230013,19.174956,0.733034
pattern_8,8-H-011,363554.098,6591798.232,188.053,187.303,16,12.75,0.648167,39.927036,67.405499,18.363696,0.714203
pattern_8,8-H-011,363554.098,6591798.232,187.303,186.553,17,13.5,0.673993,40.230774,68.366913,17.935638,0.701918
pattern_8,8-H-011,363554.098,6591798.232,186.553,185.803,18,14.25,0.741036,36.685083,68.610522,17.552829,0.584541
pattern_8,8-H-011,363554.098,6591798.232,185.803,185.053,19,15,0.724361,36.798486,68.819025,17.325141,0.601579
pattern_8,8-H-011,363554.098,6591798.232,185.053,184.303,20,15.75,0.736343,38.028313,69.520658,17.288585,0.617742
pattern_8,8-H-011,363554.098,6591798.232,184.303,184.246,21,15.807,0.722639,39.322124,70.576896,16.810714,0.660556
pattern_8,8-H-012,363552.92,6591790.553,200.003,199.253,0,0.75,0.842014,34.385047,70.912089,15.542815,0.498432
pattern_8,8-H-012,363552.92,6591790.553,199.253,198.503,1,1.5,0.861838,32.813531,71.140463,14.930165,0.466255
pattern_8,8-H-012,363552.92,6591790.553,198.503,197.753,2,2.25,0.834537,34.087002,70.940485,14.452625,0.498605
pattern_8,8-H-012,363552.92,6591790.553,197.753,197.003,3,3,0.822255,35.044668,70.374636,15.955352,0.516241
pattern_8,8-H-012,363552.92,6591790.553,197.003,196.253,4,3.75,0.774486,34.332437,70.344858,15.480091,0.536581
pattern_8,8-H-012,363552.92,6591790.553,196.253,195.503,5,4.5,0.810624,36.673261,70.184564,16.255415,0.546426
pattern_8,8-H-012,363552.92,6591790.553,195.503,194.753,6,5.25,0.815825,34.680498,70.347633,15.488815,0.514654
pattern_8,8-H-012,363552.92,6591790.553,194.753,194.003,7,6,0.804716,35.969473,70.547616,15.199636,0.542552
pattern_8,8-H-012,363552.92,6591790.553,194.003,193.253,8,6.75,0.776296,35.533249,70.46944,17.229942,0.555182
pattern_8,8-H-012,363552.92,6591790.553,193.253,192.503,9,7.5,0.789413,35.956592,69.731134,15.915897,0.546547
pattern_8,8-H-012,363552.92,6591790.553,192.503,191.753,10,8.25,0.747385,37.667537,69.941383,16.572304,0.606441
pattern_8,8-H-012,363552.92,6591790.553,191.753,191.003,11,9,0.71593,38.295087,69.737947,17.222276,0.641722
pattern_8,8-H-012,363552.92,6591790.553,191.003,190.253,12,9.75,0.677684,40.888609,69.524786,17.823171,0.721451
pattern_8,8-H-012,363552.92,6591790.553,190.253,189.503,13,10.5,0.710042,38.502507,68.447895,17.25136,0.638528
pattern_8,8-H-012,363552.92,6591790.553,189.503,188.753,14,11.25,0.74209,38.028581,68.960966,18.243732,0.608176
pattern_8,8-H-012,363552.92,6591790.553,188.753,188.003,15,12,0.74682,38.188502,69.888881,16.876921,0.614841
pattern_8,8-H-012,363552.92,6591790.553,188.003,187.253,16,12.75,0.712932,39.059306,70.26871,17.067314,0.662197
pattern_8,8-H-012,363552.92,6591790.553,187.253,186.503,17,13.5,0.726736,37.522419,70.123577,16.018766,0.622766
pattern_8,8-H-012,363552.92,6591790.553,186.503,185.753,18,14.25,0.73643,37.343728,68.600588,16.284969,0.598465
pattern_8,8-H-012,363552.92,6591790.553,185.753,185.003,19,15,0.73667,37.10046,70.180508,16.415184,0.608046
pattern_8,8-H-012,363552.92,6591790.553,185.003,184.253,20,15.75,0.729278,37.948865,68.581997,16.825333,0.613976
pattern_8,8-H-012,363552.92,6591790.553,184.253,183.751,21,16.252,0.729224,35.519849,69.551864,16.552116,0.582917
pattern_8,8-H-013,363551.999,6591783.045,200.084,199.334,0,0.75,0.875569,33.278703,71.534656,14.482532,0.467967
pattern_8,8-H-013,363551.999,6591783.045,199.334,198.584,1,1.5,0.864143,33.690726,69.933974,15.297642,0.469378
pattern_8,8-H-013,363551.999,6591783.045,198.584,197.834,2,2.25,0.868059,33.275841,71.311456,13.631528,0.470389
pattern_8,8-H-013,363551.999,6591783.045,197.834,197.084,3,3,0.875968,34.71095,70.267824,14.861953,0.479248
pattern_8,8-H-013,363551.999,6591783.045,197.084,196.334,4,3.75,0.837077,34.824901,70.428805,15.179626,0.504258
pattern_8,8-H-013,363551.999,6591783.045,196.334,195.584,5,4.5,0.818049,35.997043,70.538977,16.119515,0.534194
pattern_8,8-H-013,363551.999,6591783.045,195.584,194.834,6,5.25,0.83267,34.559585,71.551752,15.449749,0.511094
pattern_8,8-H-013,363551.999,6591783.045,194.834,194.084,7,6,0.800478,35.30433,70.963301,15.61145,0.538557
pattern_8,8-H-013,363551.999,6591783.045,194.084,193.334,8,6.75,0.809439,36.454124,70.450659,15.556778,0.545935
pattern_8,8-H-013,363551.999,6591783.045,193.334,192.584,9,7.5,0.749751,36.35529,69.693659,17.196574,0.581559
pattern_8,8-H-013,363551.999,6591783.045,192.584,191.834,10,8.25,0.783065,37.154526,70.008698,15.705574,0.571486
pattern_8,8-H-013,363551.999,6591783.045,191.834,191.084,11,9,0.773953,37.371449,70.419733,16.682965,0.585078
pattern_8,8-H-013,363551.999,6591783.045,191.084,190.334,12,9.75,0.749471,37.616449,69.026521,16.926966,0.59611
pattern_8,8-H-013,363551.999,6591783.045,190.334,189.584,13,10.5,0.73698,37.977289,69.422341,17.06311,0.615488
pattern_8,8-H-013,363551.999,6591783.045,189.584,188.834,14,11.25,0.732271,36.588527,70.185659,15.849024,0.603249
pattern_8,8-H-013,363551.999,6591783.045,188.834,188.084,15,12,0.732127,37.394998,70.981455,15.525917,0.623555
pattern_8,8-H-013,363551.999,6591783.045,188.084,187.334,16,12.75,0.775859,37.903257,70.087278,15.211966,0.588959
pattern_8,8-H-013,363551.999,6591783.045,187.334,186.584,17,13.5,0.752152,35.70338,69.801379,16.043292,0.570088
pattern_8,8-H-013,363551.999,6591783.045,186.584,185.834,18,14.25,0.774801,36.056032,71.849947,16.423837,0.575321
pattern_8,8-H-013,363551.999,6591783.045,185.834,185.084,19,15,0.770854,35.286592,69.965522,15.252882,0.551025
pattern_8,8-H-013,363551.999,6591783.045,185.084,184.334,20,15.75,0.754481,36.267526,70.574507,16.205123,0.583676
pattern_8,8-H-013,363551.999,6591783.045,184.334,184.135,21,15.949,0.815194,35.854254,71.519253,16.07792,0.541327
pattern_8,8-H-014,363550.525,6591827.351,200.067,199.317,0,0.75,0.661512,41.73362,68.544546,17.857481,0.743665
pattern_8,8-H-014,363550.525,6591827.351,199.317,198.567,1,1.5,0.64898,41.594056,67.085083,18.275739,0.739467
pattern_8,8-H-014,363550.525,6591827.351,198.567,197.817,2,2.25,0.627846,42.758999,68.581469,18.331124,0.803108
pattern_8,8-H-014,363550.525,6591827.351,197.817,197.067,3,3,0.629664,43.727808,67.377513,18.246366,0.804544
pattern_8,8-H-014,363550.525,6591827.351,197.067,196.317,4,3.75,0.628442,42.651338,66.586086,19.094092,0.777207
pattern_8,8-H-014,363550.525,6591827.351,196.317,195.567,5,4.5,0.633229,43.815391,68.420249,18.515839,0.814028
pattern_8,8-H-014,363550.525,6591827.351,195.567,194.817,6,5.25,0.5658,44.66956,67.603511,19.366811,0.91753
pattern_8,8-H-014,363550.525,6591827.351,194.817,194.067,7,6,0.613458,44.851842,66.693204,19.096058,0.838431
pattern_8,8-H-014,363550.525,6591827.351,194.067,193.317,8,6.75,0.54769,45.697616,67.585759,19.401844,0.969301
pattern_8,8-H-014,363550.525,6591827.351,193.317,192.567,9,7.5,0.53014,47.734549,67.578428,20.209849,1.045823
pattern_8,8-H-014,363550.525,6591827.351,192.567,191.817,10,8.25,0.532512,47.916673,65.132217,20.285298,1.007405
pattern_8,8-H-014,363550.525,6591827.351,191.817,191.067,11,9,0.51474,48.636293,66.837268,21.165225,1.085447
pattern_8,8-H-014,363550.525,6591827.351,191.067,190.317,12,9.75,0.525441,49.412689,66.061896,20.854571,1.067786
pattern_8,8-H-014,363550.525,6591827.351,190.317,189.567,13,10.5,0.470783,50.160584,66.193897,20.206759,1.211791
pattern_8,8-H-014,363550.525,6591827.351,189.567,188.817,14,11.25,0.48855,47.927466,65.292941,21.180713,1.100893
pattern_8,8-H-014,363550.525,6591827.351,188.817,188.067,15,12,0.484337,49.904325,66.570394,20.864879,1.178676
pattern_8,8-H-014,363550.525,6591827.351,188.067,187.317,16,12.75,0.486084,47.512356,67.632077,20.980885,1.136086
pattern_8,8-H-014,363550.525,6591827.351,187.317,186.567,17,13.5,0.54663,45.897956,66.959942,19.940404,0.966478
pattern_8,8-H-014,363550.525,6591827.351,186.567,185.817,18,14.25,0.525028,45.386673,68.157031,19.384485,1.012639
pattern_8,8-H-014,363550.525,6591827.351,185.817,185.403,19,14.664,0.561444,44.411053,67.840473,19.49723,0.922523
pattern_8,8-H-015,363549.453,6591819.957,200.011,199.261,0,0.75,0.657265,42.169568,68.359943,17.294329,0.754152
pattern_8,8-H-015,363549.453,6591819.957,199.261,198.511,1,1.5,0.673636,42.051057,68.231256,17.47019,0.732458
pattern_8,8-H-015,363549.453,6591819.957,198.511,197.761,2,2.25,0.674815,43.262959,68.419344,18.371224,0.75437
pattern_8,8-H-015,363549.453,6591819.957,197.761,197.011,3,3,0.659441,43.71999,67.995776,19.007481,0.775298
pattern_8,8-H-015,363549.453,6591819.957,197.011,196.261,4,3.75,0.585825,43.260143,68.22465,19.532289,0.866244
pattern_8,8-H-015,363549.453,6591819.957,196.261,195.511,5,4.5,0.611405,45.647944,66.858373,18.976274,0.858229
pattern_8,8-H-015,363549.453,6591819.957,195.511,194.761,6,5.25,0.623074,44.924949,67.904292,18.607604,0.841783
pattern_8,8-H-015,363549.453,6591819.957,194.761,194.011,7,6,0.623511,43.222836,67.01404,19.329357,0.798915
pattern_8,8-H-015,363549.453,6591819.957,194.011,193.261,8,6.75,0.603368,43.724253,68.788753,19.286629,0.857104
pattern_8,8-H-015,363549.453,6591819.957,193.261,192.511,9,7.5,0.565101,46.233056,67.882837,19.476133,0.954665
pattern_8,8-H-015,363549.453,6591819.957,192.511,191.761,10,8.25,0.527342,47.018702,67.044536,20.012188,1.027444
pattern_8,8-H-015,363549.453,6591819.957,191.761,191.011,11,9,0.542044,47.049165,66.261723,20.636943,0.988713
pattern_8,8-H-015,363549.453,6591819.957,191.011,190.261,12,9.75,0.572961,45.651467,67.285484,19.967824,0.921686
pattern_8,8-H-015,363549.453,6591819.957,190.261,189.511,13,10.5,0.545306,46.486918,65.967825,20.417491,0.966775
pattern_8,8-H-015,363549.453,6591819.957,189.511,188.761,14,11.25,0.507568,46.879254,67.356024,19.838857,1.069129
pattern_8,8-H-015,363549.453,6591819.957,188.761,188.011,15,12,0.536754,47.39636,65.548655,19.743986,0.994877
pattern_8,8-H-015,363549.453,6591819.957,188.011,187.261,16,12.75,0.564757,46.98833,67.078184,19.51126,0.959338
pattern_8,8-H-015,363549.453,6591819.957,187.261,186.511,17,13.5,0.545767,46.055197,67.471283,20.212806,0.978743
pattern_8,8-H-015,363549.453,6591819.957,186.511,185.761,18,14.25,0.589522,44.564711,67.611189,20.53564,0.878884
pattern_8,8-H-015,363549.453,6591819.957,185.761,185.011,19,15,0.586569,43.639541,67.083436,19.521301,0.858154
pattern_8,8-H-015,363549.453,6591819.957,185.011,184.261,20,15.75,0.564577,45.402615,67.483192,19.87066,0.932966
pattern_8,8-H-015,363549.453,6591819.957,184.261,183.599,21,16.412,0.557268,46.038002,67.581443,19.350263,0.959693
pattern_8,8-H-016,363548.504,6591811.172,199.963,199.213,0,0.75,0.691248,40.315898,68.225996,17.457448,0.684428
pattern_8,8-H-016,363548.504,6591811.172,199.213,198.463,1,1.5,0.690792,41.167269,70.481851,17.492254,0.722352
pattern_8,8-H-016,363548.504,6591811.172,198.463,197.713,2,2.25,0.667517,40.711192,69.301573,17.238655,0.726834
pattern_8,8-H-016,363548.504,6591811.172,197.713,196.963,3,3,0.634728,41.812041,67.979538,18.006652,0.770043
pattern_8,8-H-016,363548.504,6591811.172,196.963,196.213,4,3.75,0.646842,42.292089,68.645329,18.538194,0.771841
pattern_8,8-H-016,363548.504,6591811.172,196.213,195.463,5,4.5,0.658829,41.632113,68.217437,18.016197,0.741348
pattern_8,8-H-016,363548.504,6591811.172,195.463,194.713,6,5.25,0.596392,43.406459,66.746559,18.086088,0.835185
pattern_8,8-H-016,363548.504,6591811.172,194.713,193.963,7,6,0.612536,40.646522,67.97985,18.351454,0.775728
pattern_8,8-H-016,363548.504,6591811.172,193.963,193.213,8,6.75,0.626089,41.385398,67.867016,19.968371,0.771656
pattern_8,8-H-016,363548.504,6591811.172,193.213,192.463,9,7.5,0.561512,45.184198,68.777672,20.180391,0.951443
pattern_8,8-H-016,363548.504,6591811.172,192.463,191.713,10,8.25,0.568538,45.153901,66.600721,18.965008,0.909292
pattern_8,8-H-016,363548.504,6591811.172,191.713,190.963,11,9,0.535983,46.970783,67.549067,19.943411,1.017463
pattern_8,8-H-016,363548.504,6591811.172,190.963,190.213,12,9.75,0.557821,47.678844,67.016257,20.643109,0.984705
pattern_8,8-H-016,363548.504,6591811.172,190.213,189.463,13,10.5,0.517466,47.231791,67.880138,20.0297,1.06482
pattern_8,8-H-016,363548.504,6591811.172,189.463,188.713,14,11.25,0.539173,46.867597,67.810996,19.225978,1.013058
pattern_8,8-H-016,363548.504,6591811.172,188.713,187.963,15,12,0.53267,47.227491,66.135319,19.952297,1.007868
pattern_8,8-H-016,363548.504,6591811.172,187.963,187.213,16,12.75,0.554312,47.981778,65.645048,20.309476,0.97681
pattern_8,8-H-016,363548.504,6591811.172,187.213,186.463,17,13.5,0.513441,45.754961,66.346822,18.602824,1.016066
pattern_8,8-H-016,363548.504,6591811.172,186.463,185.713,18,14.25,0.547,44.896559,67.639074,20.185685,0.954395
pattern_8,8-H-016,363548.504,6591811.172,185.713,184.963,19,15,0.559248,45.610116,66.72013,19.572358,0.935419
pattern_8,8-H-016,363548.504,6591811.172,184.963,184.213,20,15.75,0.592451,45.232531,66.616227,19.545986,0.874473
pattern_8,8-H-016,363548.504,6591811.172,184.213,183.463,21,16.5,0.534028,44.809279,67.378646,20.681741,0.971936
pattern_8,8-H-016,363548.504,6591811.172,183.463,183.432,22,16.531,0.564862,45.369323,67.42231,19.326065,0.930909
pattern_8,8-H-017,363547.614,6591803.332,199.919,199.169,0,0.75,0.755654,36.373059,70.081254,15.895085,0.580354
pattern_8,8-H-017,363547.614,6591803.332,199.169,198.419,1,1.5,0.761121,37.776896,69.803617,16.271496,0.596047
pattern_8,8-H-017,363547.614,6591803.332,198.419,197.669,2,2.25,0.769197,39.601509,69.196979,16.914956,0.612924
pattern_8,8-H-017,363547.614,6591803.332,197.669,196.919,3,3,0.728306,38.291595,68.151327,17.482892,0.616523
pattern_8,8-H-017,363547.614,6591803.332,196.919,196.169,4,3.75,0.715,38.991519,69.438402,17.064879,0.651381
pattern_8,8-H-017,363547.614,6591803.332,196.169,195.419,5,4.5,0.707175,40.134529,68.550426,16.705672,0.669126
pattern_8,8-H-017,363547.614,6591803.332,195.419,194.669,6,5.25,0.726189,40.058912,70.238219,16.9906,0.666434
pattern_8,8-H-017,363547.614,6591803.332,194.669,193.919,7,6,0.724188,41.425926,68.938801,17.097233,0.678272
pattern_8,8-H-017,363547.614,6591803.332,193.919,193.169,8,6.75,0.715896,41.041793,68.743059,17.413515,0.677876
pattern_8,8-H-017,363547.614,6591803.332,193.169,192.419,9,7.5,0.678768,41.390262,68.61047,17.568179,0.719522
pattern_8,8-H-017,363547.614,6591803.332,192.419,191.669,10,8.25,0.642693,42.440972,68.845428,17.366397,0.78166
pattern_8,8-H-017,363547.614,6591803.332,191.669,190.919,11,9,0.606693,42.132198,69.561943,18.31744,0.830557
pattern_8,8-H-017,363547.614,6591803.332,190.919,190.169,12,9.75,0.657958,42.110093,67.519084,18.237623,0.743187
pattern_8,8-H-017,363547.614,6591803.332,190.169,189.419,13,10.5,0.615832,43.353048,68.467631,18.333749,0.828703
pattern_8,8-H-017,363547.614,6591803.332,189.419,188.669,14,11.25,0.612475,42.174958,67.411517,19.295755,0.798298
pattern_8,8-H-017,363547.614,6591803.332,188.669,187.919,15,12,0.626897,43.256387,68.432688,19.062127,0.811979
pattern_8,8-H-017,363547.614,6591803.332,187.919,187.169,16,12.75,0.632024,42.920618,68.654378,17.746402,0.801599
pattern_8,8-H-017,363547.614,6591803.332,187.169,186.419,17,13.5,0.651743,41.111951,67.940031,18.719041,0.737133
pattern_8,8-H-017,363547.614,6591803.332,186.419,185.669,18,14.25,0.680728,40.34061,69.650876,17.456885,0.709875
pattern_8,8-H-017,363547.614,6591803.332,185.669,184.919,19,15,0.702219,40.294845,70.954584,18.038591,0.700334
pattern_8,8-H-017,363547.614,6591803.332,184.919,184.262,20,15.657,0.666154,41.211109,68.960733,17.337342,0.73363
pattern_8,8-H-018,363546.282,6591795.212,199.997,199.247,0,0.75,0.867006,32.368559,71.892406,15.511157,0.46211
pattern_8,8-H-018,363546.282,6591795.212,199.247,198.497,1,1.5,0.877601,32.682693,71.497193,15.015075,0.458383
pattern_8,8-H-018,363546.282,6591795.212,198.497,197.747,2,2.25,0.833674,34.688444,70.635544,15.251142,0.505816
pattern_8,8-H-018,363546.282,6591795.212,197.747,196.997,3,3,0.817369,33.365923,70.451683,15.037073,0.494959
pattern_8,8-H-018,363546.282,6591795.212,196.997,196.247,4,3.75,0.819788,33.782948,70.661495,15.795965,0.501224
pattern_8,8-H-018,363546.282,6591795.212,196.247,195.497,5,4.5,0.781315,36.143572,70.4795,15.809437,0.560976
pattern_8,8-H-018,363546.282,6591795.212,195.497,194.747,6,5.25,0.799528,35.236673,71.520645,15.919538,0.542414
pattern_8,8-H-018,363546.282,6591795.212,194.747,193.997,7,6,0.785817,35.858465,69.384529,15.32229,0.544761
pattern_8,8-H-018,363546.282,6591795.212,193.997,193.247,8,6.75,0.819553,36.25191,70.596973,16.057957,0.53741
pattern_8,8-H-018,363546.282,6591795.212,193.247,192.497,9,7.5,0.766722,35.872891,69.013982,16.438538,0.555669
pattern_8,8-H-018,363546.282,6591795.212,192.497,191.747,10,8.25,0.722015,37.409256,68.729398,16.528612,0.612616
pattern_8,8-H-018,363546.282,6591795.212,191.747,190.997,11,9,0.737708,37.16652,69.380378,17.033033,0.601434
pattern_8,8-H-018,363546.282,6591795.212,190.997,190.247,12,9.75,0.7358,38.266179,67.536706,17.176743,0.604344
pattern_8,8-H-018,363546.282,6591795.212,190.247,189.497,13,10.5,0.72935,40.783154,69.257441,16.749346,0.666081
pattern_8,8-H-018,363546.282,6591795.212,189.497,188.747,14,11.25,0.744396,39.349768,68.656536,16.936931,0.624368
pattern_8,8-H-018,363546.282,6591795.212,188.747,187.997,15,12,0.726301,39.576439,69.135212,17.720221,0.648114
pattern_8,8-H-018,363546.282,6591795.212,187.997,187.247,16,12.75,0.739786,37.097833,69.081923,16.02352,0.595956
pattern_8,8-H-018,363546.282,6591795.212,187.247,186.497,17,13.5,0.781517,36.167856,71.066477,16.415648,0.565938
pattern_8,8-H-018,363546.282,6591795.212,186.497,185.747,18,14.25,0.786747,36.788924,71.029897,16.49467,0.571525
pattern_8,8-H-018,363546.282,6591795.212,185.747,184.997,19,15,0.768688,37.43336,69.698944,15.24179,0.58385
pattern_8,8-H-018,363546.282,6591795.212,184.997,184.247,20,15.75,0.799064,37.139453,71.102604,15.82194,0.568587
pattern_8,8-H-018,363546.282,6591795.212,184.247,183.894,21,16.103,0.769062,35.437433,69.467334,16.340339,0.550854
pattern_8,8-H-019,363545.322,6591787.473,200.062,199.312,0,0.75,0.85035,32.379709,71.708227,14.30701,0.469938
pattern_8,8-H-019,363545.322,6591787.473,199.312,198.562,1,1.5,0.896799,32.389705,71.07324,14.31521,0.441893
pattern_8,8-H-019,363545.322,6591787.473,198.562,197.812,2,2.25,0.880385,30.892228,69.571409,14.587846,0.420367
pattern_8,8-H-019,363545.322,6591787.473,197.812,197.062,3,3,0.855306,33.639791,71.799921,14.165546,0.485941
pattern_8,8-H-019,363545.322,6591787.473,197.062,196.312,4,3.75,0.861982,31.111799,71.004242,14.757003,0.441231
pattern_8,8-H-019,363545.322,6591787.473,196.312,195.562,5,4.5,0.875034,32.336704,71.55524,14.894175,0.455228
pattern_8,8-H-019,363545.322,6591787.473,195.562,194.812,6,5.25,0.869546,31.47757,70.300655,15.75597,0.438284
pattern_8,8-H-019,363545.322,6591787.473,194.812,194.062,7,6,0.83056,35.695877,69.220868,15.200341,0.511965
pattern_8,8-H-019,363545.322,6591787.473,194.062,193.312,8,6.75,0.795923,34.995271,70.659594,15.276331,0.534573
pattern_8,8-H-019,363545.322,6591787.473,193.312,192.562,9,7.5,0.800428,35.03665,70.562626,16.504593,0.531622
pattern_8,8-H-019,363545.322,6591787.473,192.562,191.812,10,8.25,0.787821,35.920857,68.981163,16.601451,0.541325
pattern_8,8-H-019,363545.322,6591787.473,191.812,191.062,11,9,0.769461,38.518844,72.407478,16.514021,0.623529
pattern_8,8-H-019,363545.322,6591787.473,191.062,190.312,12,9.75,0.75882,36.739854,69.630824,16.833564,0.580124
pattern_8,8-H-019,363545.322,6591787.473,190.312,189.562,13,10.5,0.727276,36.604515,70.283244,16.932618,0.608618
pattern_8,8-H-019,363545.322,6591787.473,189.562,188.812,14,11.25,0.704916,38.987993,69.849672,17.456357,0.664558
pattern_8,8-H-019,363545.322,6591787.473,188.812,188.062,15,12,0.741836,37.93641,68.893336,16.976461,0.606167
pattern_8,8-H-019,363545.322,6591787.473,188.062,187.312,16,12.75,0.7646,36.022305,69.905565,17.32185,0.566827
pattern_8,8-H-019,363545.322,6591787.473,187.312,186.562,17,13.5,0.746915,37.350092,70.316662,17.049313,0.604999
pattern_8,8-H-019,363545.322,6591787.473,186.562,185.812,18,14.25,0.809181,34.255949,69.876,16.426967,0.509226
pattern_8,8-H-019,363545.322,6591787.473,185.812,185.062,19,15,0.804292,35.911357,70.748867,16.027821,0.543604
pattern_8,8-H-019,363545.322,6591787.473,185.062,184.312,20,15.75,0.804116,36.320403,70.547474,15.831615,0.54831
pattern_8,8-H-019,363545.322,6591787.473,184.312,183.562,21,16.5,0.800022,35.251169,71.598975,16.141824,0.542921
pattern_8,8-H-019,363545.322,6591787.473,183.562,183.172,22,16.89,0.774591,36.927464,70.021958,16.304323,0.574379
pattern_8,8-H-020,363544.6,6591779.467,199.937,199.187,0,0.75,0.917741,31.404328,71.904223,14.082665,0.423612
pattern_8,8-H-020,363544.6,6591779.467,199.187,198.437,1,1.5,0.927295,31.94013,73.059516,14.102672,0.433215
pattern_8,8-H-020,363544.6,6591779.467,198.437,197.687,2,2.25,0.863877,32.916742,71.911933,15.544883,0.471731
pattern_8,8-H-020,363544.6,6591779.467,197.687,196.937,3,3,0.88259,32.853598,70.780623,14.449886,0.453533
pattern_8,8-H-020,363544.6,6591779.467,196.937,196.187,4,3.75,0.861881,34.062246,71.325101,14.136144,0.48506
pattern_8,8-H-020,363544.6,6591779.467,196.187,195.437,5,4.5,0.852396,33.179474,71.992906,13.866453,0.482197
pattern_8,8-H-020,363544.6,6591779.467,195.437,194.687,6,5.25,0.862396,31.96369,71.409785,14.068965,0.455541
pattern_8,8-H-020,363544.6,6591779.467,194.687,193.937,7,6,0.868305,33.046456,69.951913,14.882324,0.458306
pattern_8,8-H-020,363544.6,6591779.467,193.937,193.187,8,6.75,0.830117,34.637237,70.370607,14.863902,0.505286
pattern_8,8-H-020,363544.6,6591779.467,193.187,192.437,9,7.5,0.820502,35.75915,70.280091,14.788812,0.526999
pattern_8,8-H-020,363544.6,6591779.467,192.437,191.687,10,8.25,0.812505,35.349625,70.771766,16.276353,0.529943
pattern_8,8-H-020,363544.6,6591779.467,191.687,190.937,11,9,0.731694,38.071197,71.200139,17.105465,0.637313
pattern_8,8-H-020,363544.6,6591779.467,190.937,190.187,12,9.75,0.731388,38.102828,69.3418,16.497996,0.621433
pattern_8,8-H-020,363544.6,6591779.467,190.187,189.437,13,10.5,0.716172,38.314711,69.446352,16.952333,0.639126
pattern_8,8-H-020,363544.6,6591779.467,189.437,188.687,14,11.25,0.738099,37.308834,69.186638,16.865843,0.601711
pattern_8,8-H-020,363544.6,6591779.467,188.687,187.937,15,12,0.748074,38.271905,69.629286,17.745151,0.612978
pattern_8,8-H-020,363544.6,6591779.467,187.937,187.187,16,12.75,0.744435,37.600293,69.377663,16.713075,0.602887
pattern_8,8-H-020,363544.6,6591779.467,187.187,186.437,17,13.5,0.76397,36.911291,68.942224,15.526615,0.573043
pattern_8,8-H-020,363544.6,6591779.467,186.437,185.687,18,14.25,0.817451,36.290672,69.909292,15.030541,0.534002
pattern_8,8-H-020,363544.6,6591779.467,185.687,184.937,19,15,0.787928,35.008518,70.109809,15.359178,0.536003
pattern_8,8-H-020,363544.6,6591779.467,184.937,184.187,20,15.75,0.753748,36.162574,69.337427,15.457446,0.572289
pattern_8,8-H-020,363544.6,6591779.467,184.187,183.827,21,16.11,0.807958,37.263825,70.182339,15.987069,0.556968
pattern_8,8-H-021,363543.706,6591824.051,199.996,199.246,0,0.75,0.685572,41.708074,67.996591,17.78793,0.71148
pattern_8,8-H-021,363543.706,6591824.051,199.246,198.496,1,1.5,0.642229,41.91747,68.804811,18.037315,0.772227
pattern_8,8-H-021,363543.706,6591824.051,198.496,197.746,2,2.25,0.630595,43.85273,67.425574,18.659123,0.80627
pattern_8,8-H-021,363543.706,6591824.051,197.746,196.996,3,3,0.603015,43.029396,69.634098,18.961182,0.854317
pattern_8,8-H-021,363543.706,6591824.051,196.996,196.246,4,3.75,0.632271,44.709771,68.613371,18.826383,0.834233
pattern_8,8-H-021,363543.706,6591824.051,196.246,195.496,5,4.5,0.608933,45.046894,65.445117,18.572342,0.832412
pattern_8,8-H-021,363543.706,6591824.051,195.496,194.746,6,5.25,0.592846,43.702975,67.318953,18.787139,0.853212
pattern_8,8-H-021,363543.706,6591824.051,194.746,193.996,7,6,0.590304,45.356166,66.551578,19.928983,0.879232
pattern_8,8-H-021,363543.706,6591824.051,193.996,193.246,8,6.75,0.568483,46.264092,65.753489,19.792536,0.91996
pattern_8,8-H-021,363543.706,6591824.051,193.246,192.496,9,7.5,0.541064,47.952218,67.345344,19.884017,1.025838
pattern_8,8-H-021,363543.706,6591824.051,192.496,191.746,10,8.25,0.48612,45.54572,66.467325,20.456992,1.070308
pattern_8,8-H-021,363543.706,6591824.051,191.746,190.996,11,9,0.48156,49.083039,65.510947,20.885024,1.147475
pattern_8,8-H-021,363543.706,6591824.051,190.996,190.246,12,9.75,0.504006,49.388498,65.98226,19.769045,1.111077
pattern_8,8-H-021,363543.706,6591824.051,190.246,189.496,13,10.5,0.483611,50.600023,65.740071,20.354332,1.181902
pattern_8,8-H-021,363543.706,6591824.051,189.496,188.746,14,11.25,0.502167,47.807854,66.793072,20.458525,1.092846
pattern_8,8-H-021,363543.706,6591824.051,188.746,187.996,15,12,0.533062,46.950463,66.425958,20.415382,1.005679
pattern_8,8-H-021,363543.706,6591824.051,187.996,187.246,16,12.75,0.534613,47.06893,66.348427,21.05225,1.0042
pattern_8,8-H-021,363543.706,6591824.051,187.246,186.496,17,13.5,0.51366,46.488199,65.931829,20.615813,1.025678
pattern_8,8-H-021,363543.706,6591824.051,186.496,185.746,18,14.25,0.550461,45.158072,67.002271,20.094743,0.944951
pattern_8,8-H-021,363543.706,6591824.051,185.746,184.996,19,15,0.582433,45.621328,66.590747,18.556503,0.896637
pattern_8,8-H-021,363543.706,6591824.051,184.996,184.246,20,15.75,0.5921,44.584509,67.838335,18.406004,0.87813
pattern_8,8-H-021,363543.706,6591824.051,184.246,184.168,21,15.828,0.565673,45.490822,68.034252,19.651076,0.940539
pattern_8,8-H-022,363541.808,6591816.176,200.061,199.311,0,0.75,0.732253,38.747322,70.214776,16.920787,0.639138
pattern_8,8-H-022,363541.808,6591816.176,199.311,198.561,1,1.5,0.696688,40.680529,68.008354,16.398001,0.682915
pattern_8,8-H-022,363541.808,6591816.176,198.561,197.811,2,2.25,0.701481,42.475175,69.324781,17.352782,0.72188
pattern_8,8-H-022,363541.808,6591816.176,197.811,197.061,3,3,0.662045,42.682044,68.022109,18.095343,0.754159
pattern_8,8-H-022,363541.808,6591816.176,197.061,196.311,4,3.75,0.668431,42.544737,69.353545,18.11899,0.759112
pattern_8,8-H-022,363541.808,6591816.176,196.311,195.561,5,4.5,0.638603,42.397819,69.714232,18.429192,0.795875
pattern_8,8-H-022,363541.808,6591816.176,195.561,194.811,6,5.25,0.66478,43.43842,69.172092,18.699875,0.777294
pattern_8,8-H-022,363541.808,6591816.176,194.811,194.061,7,6,0.611671,43.063289,66.922402,19.150995,0.810209
pattern_8,8-H-022,363541.808,6591816.176,194.061,193.311,8,6.75,0.620789,42.285553,67.623908,19.289125,0.792177
pattern_8,8-H-022,363541.808,6591816.176,193.311,192.561,9,7.5,0.620874,44.85647,68.237719,18.528558,0.847595
pattern_8,8-H-022,363541.808,6591816.176,192.561,191.811,10,8.25,0.563548,45.737489,67.875863,18.180402,0.946801
pattern_8,8-H-022,363541.808,6591816.176,191.811,191.061,11,9,0.577293,44.856719,66.423278,19.276113,0.887332
pattern_8,8-H-022,363541.808,6591816.176,191.061,190.311,12,9.75,0.57612,45.02517,67.127408,19.032673,0.901871
pattern_8,8-H-022,363541.808,6591816.176,190.311,189.561,13,10.5,0.567509,45.434306,67.45166,19.694165,0.92835
pattern_8,8-H-022,363541.808,6591816.176,189.561,188.811,14,11.25,0.575587,45.637299,65.736812,19.777064,0.89613
pattern_8,8-H-022,363541.808,6591816.176,188.811,188.061,15,12,0.554858,44.566675,66.86217,20.057944,0.923302
pattern_8,8-H-022,363541.808,6591816.176,188.061,187.311,16,12.75,0.552936,44.918231,66.931559,18.900735,0.934619
pattern_8,8-H-022,363541.808,6591816.176,187.311,186.561,17,13.5,0.572325,43.773159,67.132999,19.501478,0.882786
pattern_8,8-H-022,363541.808,6591816.176,186.561,185.811,18,14.25,0.609301,45.350371,67.72162,18.613889,0.866559
pattern_8,8-H-022,363541.808,6591816.176,185.811,185.061,19,15,0.606678,45.818415,66.105896,18.902416,0.858367
pattern_8,8-H-022,363541.808,6591816.176,185.061,184.311,20,15.75,0.591118,45.778055,67.488177,18.835889,0.898475
pattern_8,8-H-022,363541.808,6591816.176,184.311,183.905,21,16.156,0.572078,42.5731,66.995167,18.997338,0.857199
pattern_8,8-H-023,363540.938,6591807.985,200.082,199.332,0,0.75,0.73168,39.295798,69.727522,17.879292,0.644292
pattern_8,8-H-023,363540.938,6591807.985,199.332,198.582,1,1.5,0.701774,39.916735,68.322524,18.203407,0.668572
pattern_8,8-H-023,363540.938,6591807.985,198.582,197.832,2,2.25,0.688953,41.244072,68.42249,18.056125,0.704551
pattern_8,8-H-023,363540.938,6591807.985,197.832,197.082,3,3,0.702289,40.088696,69.559781,17.827948,0.683016
pattern_8,8-H-023,363540.938,6591807.985,197.082,196.332,4,3.75,0.714679,39.383932,68.273793,17.21374,0.647224
pattern_8,8-H-023,363540.938,6591807.985,196.332,195.582,5,4.5,0.68037,39.668476,69.58144,17.966492,0.697816
pattern_8,8-H-023,363540.938,6591807.985,195.582,194.832,6,5.25,0.703617,40.31214,69.580648,17.57089,0.685692
pattern_8,8-H-023,363540.938,6591807.985,194.832,194.082,7,6,0.671606,41.481507,67.810748,17.261665,0.720264
pattern_8,8-H-023,363540.938,6591807.985,194.082,193.332,8,6.75,0.677926,40.962128,67.865348,18.355436,0.70536
pattern_8,8-H-023,363540.938,6591807.985,193.332,192.582,9,7.5,0.628844,41.370841,68.188223,19.399564,0.771572
pattern_8,8-H-023,363540.938,6591807.985,192.582,191.832,10,8.25,0.633279,43.284271,68.675934,18.462167,0.807115
pattern_8,8-H-023,363540.938,6591807.985,191.832,191.082,11,9,0.592809,46.745806,67.775533,19.979867,0.918834
pattern_8,8-H-023,363540.938,6591807.985,191.082,190.332,12,9.75,0.584442,45.390585,66.885988,19.649111,0.893119
pattern_8,8-H-023,363540.938,6591807.985,190.332,189.582,13,10.5,0.583878,43.412115,66.482744,19.917938,0.850008
pattern_8,8-H-023,363540.938,6591807.985,189.582,188.832,14,11.25,0.562469,44.2541,68.270287,19.218622,0.923365
pattern_8,8-H-023,363540.938,6591807.985,188.832,188.082,15,12,0.636879,43.699151,67.746726,18.951316,0.799363
pattern_8,8-H-023,363540.938,6591807.985,188.082,187.332,16,12.75,0.644692,43.660852,68.062825,18.417412,0.79262
pattern_8,8-H-023,363540.938,6591807.985,187.332,186.582,17,13.5,0.638682,43.639537,68.192652,19.431685,0.801311
pattern_8,8-H-023,363540.938,6591807.985,186.582,185.832,18,14.25,0.648941,44.440667,69.676059,19.007789,0.820484
pattern_8,8-H-023,363540.938,6591807.985,185.832,185.082,19,15,0.616709,43.637197,68.062985,19.145118,0.828126
pattern_8,8-H-023,363540.938,6591807.985,185.082,184.332,20,15.75,0.627876,42.972777,68.288947,18.329851,0.803641
pattern_8,8-H-023,363540.938,6591807.985,184.332,183.593,21,16.489,0.611763,42.112502,67.818073,18.823126,0.802785
pattern_8,8-H-024,363540.156,6591800.445,200.058,199.308,0,0.75,0.779221,35.167048,70.221034,15.587604,0.545306
pattern_8,8-H-024,363540.156,6591800.445,199.308,198.558,1,1.5,0.782411,36.581484,69.479843,15.853116,0.558948
pattern_8,8-H-024,363540.156,6591800.445,198.558,197.808,2,2.25,0.762292,36.377376,70.062008,15.818011,0.575218
pattern_8,8-H-024,363540.156,6591800.445,197.808,197.058,3,3,0.750124,36.690306,70.345266,16.947654,0.592043
pattern_8,8-H-024,363540.156,6591800.445,197.058,196.308,4,3.75,0.763366,37.312056,69.845187,17.200347,0.587472
pattern_8,8-H-024,363540.156,6591800.445,196.308,195.558,5,4.5,0.752633,38.216725,69.801434,16.219195,0.609716
pattern_8,8-H-024,363540.156,6591800.445,195.558,194.808,6,5.25,0.717614,39.428483,68.498532,16.334876,0.647323
pattern_8,8-H-024,363540.156,6591800.445,194.808,194.058,7,6,0.717455,38.837712,69.601936,18.708397,0.648325
pattern_8,8-H-024,363540.156,6591800.445,194.058,193.308,8,6.75,0.703729,39.12171,68.865441,16.699287,0.658478
pattern_8,8-H-024,363540.156,6591800.445,193.308,192.558,9,7.5,0.710074,39.768453,68.908854,16.503848,0.66376
pattern_8,8-H-024,363540.156,6591800.445,192.558,191.808,10,8.25,0.65721,42.168664,68.437176,17.065525,0.755021
pattern_8,8-H-024,363540.156,6591800.445,191.808,191.058,11,9,0.631646,41.757739,68.738713,17.834453,0.781372
pattern_8,8-H-024,363540.156,6591800.445,191.058,190.308,12,9.75,0.659812,43.185276,68.546641,17.497947,0.771413
pattern_8,8-H-024,363540.156,6591800.445,190.308,189.558,13,10.5,0.612688,43.513502,67.990405,18.264142,0.830199
pattern_8,8-H-024,363540.156,6591800.445,189.558,188.808,14,11.25,0.622437,44.3746,68.166408,17.999508,0.835478
pattern_8,8-H-024,363540.156,6591800.445,188.808,188.058,15,12,0.62158,41.226226,67.698054,18.615646,0.772171
pattern_8,8-H-024,363540.156,6591800.445,188.058,187.308,16,12.75,0.650475,41.024348,70.790246,18.756721,0.767825
pattern_8,8-H-024,363540.156,6591800.445,187.308,186.558,17,13.5,0.65088,40.981724,68.557106,18.637847,0.74243
pattern_8,8-H-024,363540.156,6591800.445,186.558,185.808,18,14.25,0.714283,40.037078,68.243179,18.050462,0.658094
pattern_8,8-H-024,363540.156,6591800.445,185.808,185.058,19,15,0.661803,39.847444,68.379511,17.19263,0.708056
pattern_8,8-H-024,363540.156,6591800.445,185.058,184.308,20,15.75,0.700084,38.734086,69.383042,18.145035,0.660444
pattern_8,8-H-024,363540.156,6591800.445,184.308,183.761,21,16.297,0.67663,40.357082,68.239252,17.156185,0.699979
pattern_8,8-H-025,363539.259,6591792.345,199.937,199.187,0,0.75,0.803571,34.187114,70.804822,15.033145,0.518347
pattern_8,8-H-025,363539.259,6591792.345,199.187,198.437,1,1.5,0.854918,34.905498,69.775652,15.193508,0.490341
pattern_8,8-H-025,363539.259,6591792.345,198.437,197.687,2,2.25,0.808249,35.489767,70.209343,16.218563,0.530586
pattern_8,8-H-025,363539.259,6591792.345,197.687,196.937,3,3,0.768227,35.601565,71.981129,15.218827,0.573835
pattern_8,8-H-025,363539.259,6591792.345,196.937,196.187,4,3.75,0.778035,36.834201,70.676804,15.587115,0.575635
pattern_8,8-H-025,363539.259,6591792.345,196.187,195.437,5,4.5,0.792838,35.607374,70.470197,15.95524,0.544623
pattern_8,8-H-025,363539.259,6591792.345,195.437,194.687,6,5.25,0.772317,36.326098,69.861598,15.800554,0.565361
pattern_8,8-H-025,363539.259,6591792.345,194.687,193.937,7,6,0.751009,39.370724,69.138137,16.592347,0.623504
pattern_8,8-H-025,363539.259,6591792.345,193.937,193.187,8,6.75,0.738831,38.002275,70.228083,17.117217,0.621467
pattern_8,8-H-025,363539.259,6591792.345,193.187,192.437,9,7.5,0.726372,36.974199,69.50442,17.395037,0.608765
pattern_8,8-H-025,363539.259,6591792.345,192.437,191.687,10,8.25,0.740094,37.579563,70.279084,15.323494,0.613759
pattern_8,8-H-025,363539.259,6591792.345,191.687,190.937,11,9,0.718661,34.915615,69.245729,17.194857,0.578956
pattern_8,8-H-025,363539.259,6591792.345,190.937,190.187,12,9.75,0.700362,37.640351,68.207286,18.233963,0.630778
pattern_8,8-H-025,363539.259,6591792.345,190.187,189.437,13,10.5,0.710666,39.454848,69.300162,16.679175,0.661741
pattern_8,8-H-025,363539.259,6591792.345,189.437,188.687,14,11.25,0.728523,38.121548,70.925592,16.278175,0.638359
pattern_8,8-H-025,363539.259,6591792.345,188.687,187.937,15,12,0.736859,40.440185,69.355059,16.654234,0.654693
pattern_8,8-H-025,363539.259,6591792.345,187.937,187.187,16,12.75,0.715877,39.773643,69.328083,16.920991,0.662526
pattern_8,8-H-025,363539.259,6591792.345,187.187,186.437,17,13.5,0.716319,39.084045,69.961854,17.230134,0.656641
pattern_8,8-H-025,363539.259,6591792.345,186.437,185.687,18,14.25,0.759872,38.091327,69.413917,16.810879,0.598692
pattern_8,8-H-025,363539.259,6591792.345,185.687,184.937,19,15,0.752686,36.619529,70.146189,15.726565,0.587091
pattern_8,8-H-025,363539.259,6591792.345,184.937,184.187,20,15.75,0.707294,37.881906,68.684985,17.250645,0.63288
pattern_8,8-H-025,363539.259,6591792.345,184.187,183.866,21,16.071,0.736524,36.932253,69.896113,16.856036,0.603026
pattern_8,8-H-026,363538.164,6591784.135,199.988,199.238,0,0.75,0.819363,33.39138,72.026333,14.703569,0.505097
pattern_8,8-H-026,363538.164,6591784.135,199.238,198.488,1,1.5,0.830442,33.992384,69.827027,15.561928,0.491988
pattern_8,8-H-026,363538.164,6591784.135,198.488,197.738,2,2.25,0.804341,34.938259,71.319089,15.202702,0.533042
pattern_8,8-H-026,363538.164,6591784.135,197.738,196.988,3,3,0.795883,36.862132,71.145559,15.883236,0.566952
pattern_8,8-H-026,363538.164,6591784.135,196.988,196.238,4,3.75,0.749181,36.657879,70.812662,15.352065,0.595991
pattern_8,8-H-026,363538.164,6591784.135,196.238,195.488,5,4.5,0.78583,35.977586,69.998098,15.93015,0.551446
pattern_8,8-H-026,363538.164,6591784.135,195.488,194.738,6,5.25,0.76218,34.961993,70.359497,16.527595,0.555419
pattern_8,8-H-026,363538.164,6591784.135,194.738,193.988,7,6,0.826956,36.167981,70.117382,15.643531,0.527742
pattern_8,8-H-026,363538.164,6591784.135,193.988,193.238,8,6.75,0.762656,37.108287,69.522883,16.748943,0.582074
pattern_8,8-H-026,363538.164,6591784.135,193.238,192.488,9,7.5,0.732777,37.095873,69.698899,17.075084,0.60709
pattern_8,8-H-026,363538.164,6591784.135,192.488,191.738,10,8.25,0.748304,36.323842,69.832619,18.606633,0.583505
pattern_8,8-H-026,363538.164,6591784.135,191.738,190.988,11,9,0.744354,37.403631,69.419647,17.772981,0.6003
pattern_8,8-H-026,363538.164,6591784.135,190.988,190.238,12,9.75,0.694193,41.342377,68.79483,16.844512,0.704566
pattern_8,8-H-026,363538.164,6591784.135,190.238,189.488,13,10.5,0.708438,40.051338,70.229062,17.109407,0.682878
pattern_8,8-H-026,363538.164,6591784.135,189.488,188.738,14,11.25,0.702542,39.948476,70.129318,17.111512,0.685856
pattern_8,8-H-026,363538.164,6591784.135,188.738,187.988,15,12,0.700774,41.536347,69.36781,16.594497,0.707027
pattern_8,8-H-026,363538.164,6591784.135,187.988,187.238,16,12.75,0.681723,39.709959,68.403238,18.967595,0.685515
pattern_8,8-H-026,363538.164,6591784.135,187.238,186.488,17,13.5,0.701979,38.677996,68.877474,17.222258,0.652828
pattern_8,8-H-026,363538.164,6591784.135,186.488,185.738,18,14.25,0.717675,37.370545,69.793409,16.421104,0.62516
pattern_8,8-H-026,363538.164,6591784.135,185.738,184.988,19,15,0.712489,38.36424,69.796889,17.084081,0.646499
pattern_8,8-H-026,363538.164,6591784.135,184.988,184.238,20,15.75,0.709446,38.221418,69.7272,16.068439,0.646087
pattern_8,8-H-026,363538.164,6591784.135,184.238,183.953,21,16.035,0.72948,36.929101,70.966237,16.738802,0.618052
pattern_8,8-H-027,363536.245,6591828.854,200.013,199.263,0,0.75,0.649963,43.100015,68.47996,18.534651,0.780897
pattern_8,8-H-027,363536.245,6591828.854,199.263,198.513,1,1.5,0.623143,43.094044,68.037005,18.820355,0.809079
pattern_8,8-H-027,363536.245,6591828.854,198.513,197.763,2,2.25,0.611319,42.896568,69.188181,18.993215,0.834787
pattern_8,8-H-027,363536.245,6591828.854,197.763,197.013,3,3,0.5941,43.509801,68.147186,19.303171,0.858126
pattern_8,8-H-027,363536.245,6591828.854,197.013,196.263,4,3.75,0.599209,46.683831,66.973953,18.754419,0.896987
pattern_8,8-H-027,363536.245,6591828.854,196.263,195.513,5,4.5,0.589043,43.331154,67.186594,18.818398,0.849753
pattern_8,8-H-027,363536.245,6591828.854,195.513,194.763,6,5.25,0.5667,46.078489,67.464735,20.03705,0.943043
pattern_8,8-H-027,363536.245,6591828.854,194.763,194.013,7,6,0.54974,45.276731,67.121303,19.616047,0.950289
pattern_8,8-H-027,363536.245,6591828.854,194.013,193.263,8,6.75,0.551201,47.066842,66.408236,20.352522,0.974803
pattern_8,8-H-027,363536.245,6591828.854,193.263,192.513,9,7.5,0.537206,46.595413,67.233835,19.491691,1.002316
pattern_8,8-H-027,363536.245,6591828.854,192.513,191.763,10,8.25,0.540749,48.947446,65.478962,21.085347,1.018865
pattern_8,8-H-027,363536.245,6591828.854,191.763,191.013,11,9,0.520277,47.979445,67.174209,20.440205,1.064693
pattern_8,8-H-027,363536.245,6591828.854,191.013,190.263,12,9.75,0.500011,49.334168,64.916915,19.621358,1.100665
pattern_8,8-H-027,363536.245,6591828.854,190.263,189.513,13,10.5,0.506246,48.77377,66.116485,20.589908,1.09475
pattern_8,8-H-027,363536.245,6591828.854,189.513,188.763,14,11.25,0.513772,47.978591,66.764157,20.674276,1.071585
pattern_8,8-H-027,363536.245,6591828.854,188.763,188.013,15,12,0.565923,47.932766,66.557963,20.326306,0.969104
pattern_8,8-H-027,363536.245,6591828.854,188.013,187.263,16,12.75,0.5275,47.498649,64.562382,19.608422,0.999224
pattern_8,8-H-027,363536.245,6591828.854,187.263,186.513,17,13.5,0.557085,46.238953,67.733903,20.386314,0.966483
pattern_8,8-H-027,363536.245,6591828.854,186.513,185.763,18,14.25,0.545525,45.703436,66.449514,20.194407,0.957035
pattern_8,8-H-027,363536.245,6591828.854,185.763,185.013,19,15,0.539854,45.730087,66.538829,20.152509,0.968918
pattern_8,8-H-027,363536.245,6591828.854,185.013,184.263,20,15.75,0.551887,46.692394,66.979775,20.104298,0.97413
pattern_8,8-H-027,363536.245,6591828.854,184.263,183.513,21,16.5,0.534878,46.032767,66.623341,20.032624,0.985598
pattern_8,8-H-027,363536.245,6591828.854,183.513,182.763,22,17.25,0.569099,45.440165,67.490226,19.830302,0.926426
pattern_8,8-H-027,363536.245,6591828.854,182.763,182.245,23,17.768,0.541903,44.305762,65.674171,19.018123,0.923016
pattern_8,8-H-028,363535.57,6591820.953,199.999,199.249,0,0.75,0.715287,39.784268,68.754858,18.339789,0.657953
pattern_8,8-H-028,363535.57,6591820.953,199.249,198.499,1,1.5,0.69547,41.666753,68.693644,17.147973,0.707775
pattern_8,8-H-028,363535.57,6591820.953,198.499,197.749,2,2.25,0.668403,39.83651,68.658654,17.961899,0.703839
pattern_8,8-H-028,363535.57,6591820.953,197.749,196.999,3,3,0.638812,42.75626,67.885502,18.560086,0.781351
pattern_8,8-H-028,363535.57,6591820.953,196.999,196.249,4,3.75,0.635499,42.227292,66.670407,19.193629,0.761956
pattern_8,8-H-028,363535.57,6591820.953,196.249,195.499,5,4.5,0.615622,42.582761,68.789366,18.804006,0.818168
pattern_8,8-H-028,363535.57,6591820.953,195.499,194.749,6,5.25,0.634255,44.395765,69.339535,19.124729,0.834559
pattern_8,8-H-028,363535.57,6591820.953,194.749,193.999,7,6,0.610306,44.825546,68.062589,19.575732,0.859561
pattern_8,8-H-028,363535.57,6591820.953,193.999,193.249,8,6.75,0.581829,45.438841,67.072693,19.755452,0.900583
pattern_8,8-H-028,363535.57,6591820.953,193.249,192.499,9,7.5,0.579819,44.295037,67.391936,20.582338,0.885291
pattern_8,8-H-028,363535.57,6591820.953,192.499,191.749,10,8.25,0.562049,45.594019,66.117088,20.254735,0.922137
pattern_8,8-H-028,363535.57,6591820.953,191.749,190.999,11,9,0.553553,46.319197,67.860145,19.842517,0.976063
pattern_8,8-H-028,363535.57,6591820.953,190.999,190.249,12,9.75,0.537622,47.163437,66.50864,20.190425,1.0029
pattern_8,8-H-028,363535.57,6591820.953,190.249,189.499,13,10.5,0.544026,47.607374,66.796982,20.123702,1.004746
pattern_8,8-H-028,363535.57,6591820.953,189.499,188.749,14,11.25,0.50576,46.980837,66.937695,21.426529,1.068793
pattern_8,8-H-028,363535.57,6591820.953,188.749,187.999,15,12,0.566132,47.702537,65.814096,20.495997,0.953379
pattern_8,8-H-028,363535.57,6591820.953,187.999,187.249,16,12.75,0.581578,45.165298,67.042826,20.048946,0.895199
pattern_8,8-H-028,363535.57,6591820.953,187.249,186.499,17,13.5,0.615194,44.503922,66.489246,18.655894,0.827021
pattern_8,8-H-028,363535.57,6591820.953,186.499,185.749,18,14.25,0.585421,43.634628,67.012893,19.68033,0.858854
pattern_8,8-H-028,363535.57,6591820.953,185.749,184.999,19,15,0.594162,45.099176,67.111495,19.726118,0.875867
pattern_8,8-H-028,363535.57,6591820.953,184.999,184.249,20,15.75,0.578367,44.544509,67.781324,19.28031,0.897476
pattern_8,8-H-028,363535.57,6591820.953,184.249,183.809,21,16.19,0.577355,45.776462,67.25134,20.196427,0.916751
pattern_8,8-H-029,363534.451,6591813.132,200.018,199.268,0,0.75,0.690626,39.989015,69.003928,17.06987,0.687181
pattern_8,8-H-029,363534.451,6591813.132,199.268,198.518,1,1.5,0.680101,39.663833,69.248012,18.121835,0.694695
pattern_8,8-H-029,363534.451,6591813.132,198.518,197.768,2,2.25,0.652741,41.066288,69.266116,18.178362,0.749436
pattern_8,8-H-029,363534.451,6591813.132,197.768,197.018,3,3,0.711743,41.006062,68.090961,18.48701,0.674915
pattern_8,8-H-029,363534.451,6591813.132,197.018,196.268,4,3.75,0.705989,41.514283,67.665208,18.616045,0.684525
pattern_8,8-H-029,363534.451,6591813.132,196.268,195.518,5,4.5,0.663432,41.82294,67.884963,17.971097,0.735985
pattern_8,8-H-029,363534.451,6591813.132,195.518,194.768,6,5.25,0.63183,41.634802,67.194526,17.780067,0.761397
pattern_8,8-H-029,363534.451,6591813.132,194.768,194.018,7,6,0.63353,43.096534,67.481531,19.458061,0.789496
pattern_8,8-H-029,363534.451,6591813.132,194.018,193.268,8,6.75,0.628218,44.514183,68.93889,18.655764,0.839872
pattern_8,8-H-029,363534.451,6591813.132,193.268,192.518,9,7.5,0.621975,44.817174,68.786132,18.968692,0.852189
pattern_8,8-H-029,363534.451,6591813.132,192.518,191.768,10,8.25,0.570203,44.554043,68.314373,20.199006,0.917741
pattern_8,8-H-029,363534.451,6591813.132,191.768,191.018,11,9,0.58942,46.269034,67.485068,19.155796,0.910693
pattern_8,8-H-029,363534.451,6591813.132,191.018,190.268,12,9.75,0.546138,47.132822,67.799115,19.637449,1.005689
pattern_8,8-H-029,363534.451,6591813.132,190.268,189.518,13,10.5,0.574681,44.735413,66.615855,19.323665,0.891528
pattern_8,8-H-029,363534.451,6591813.132,189.518,188.768,14,11.25,0.543064,46.575958,67.133192,19.973737,0.989694
pattern_8,8-H-029,363534.451,6591813.132,188.768,188.018,15,12,0.547671,45.52098,67.984587,19.198309,0.971256
pattern_8,8-H-029,363534.451,6591813.132,188.018,187.268,16,12.75,0.600241,45.175441,66.005342,19.569213,0.854188
pattern_8,8-H-029,363534.451,6591813.132,187.268,186.518,17,13.5,0.572389,45.465011,65.818482,19.54271,0.898814
pattern_8,8-H-029,363534.451,6591813.132,186.518,185.768,18,14.25,0.62077,45.175485,66.479885,19.199015,0.831895
pattern_8,8-H-029,363534.451,6591813.132,185.768,185.018,19,15,0.587319,46.885235,67.861661,20.839473,0.931442
pattern_8,8-H-029,363534.451,6591813.132,185.018,184.268,20,15.75,0.587958,45.040899,67.07737,20.350542,0.883569
pattern_8,8-H-029,363534.451,6591813.132,184.268,183.572,21,16.446,0.583592,44.082248,67.761881,19.460866,0.880026
pattern_8,8-H-030,363534.2,6591805.837,200.079,199.329,0,0.75,0.744778,38.18921,70.012713,15.80017,0.61749
pattern_8,8-H-030,363534.2,6591805.837,199.329,198.579,1,1.5,0.736821,38.796712,68.79698,15.848902,0.623066
pattern_8,8-H-030,363534.2,6591805.837,198.579,197.829,2,2.25,0.750996,39.435725,70.626066,17.910516,0.638098
pattern_8,8-H-030,363534.2,6591805.837,197.829,197.079,3,3,0.747168,38.756599,70.000122,16.223829,0.624577
pattern_8,8-H-030,363534.2,6591805.837,197.079,196.329,4,3.75,0.760902,37.937616,69.303075,17.240298,0.594584
pattern_8,8-H-030,363534.2,6591805.837,196.329,195.579,5,4.5,0.713723,39.664002,68.61263,16.888073,0.655872
pattern_8,8-H-030,363534.2,6591805.837,195.579,194.829,6,5.25,0.746765,39.771356,67.683774,16.840298,0.620145
pattern_8,8-H-030,363534.2,6591805.837,194.829,194.079,7,6,0.6925,40.226229,68.352923,17.310566,0.682925
pattern_8,8-H-030,363534.2,6591805.837,194.079,193.329,8,6.75,0.666949,40.368664,69.353528,17.325899,0.721897
pattern_8,8-H-030,363534.2,6591805.837,193.329,192.579,9,7.5,0.665827,42.532657,67.840927,17.919486,0.745264
pattern_8,8-H-030,363534.2,6591805.837,192.579,191.829,10,8.25,0.683374,41.683139,69.630839,18.493059,0.730513
pattern_8,8-H-030,363534.2,6591805.837,191.829,191.079,11,9,0.644851,40.12259,68.363744,19.024054,0.731672
pattern_8,8-H-030,363534.2,6591805.837,191.079,190.329,12,9.75,0.641316,42.197639,67.977225,18.73536,0.769226
pattern_8,8-H-030,363534.2,6591805.837,190.329,189.579,13,10.5,0.651621,42.025198,68.445665,18.540022,0.759168
pattern_8,8-H-030,363534.2,6591805.837,189.579,188.829,14,11.25,0.63071,41.756979,68.373712,17.919783,0.778381
pattern_8,8-H-030,363534.2,6591805.837,188.829,188.079,15,12,0.65433,42.671704,66.501352,18.157124,0.745842
pattern_8,8-H-030,363534.2,6591805.837,188.079,187.329,16,12.75,0.634259,42.803266,67.00304,18.431287,0.777579
pattern_8,8-H-030,363534.2,6591805.837,187.329,186.579,17,13.5,0.633228,40.712713,67.391904,17.307199,0.745062
pattern_8,8-H-030,363534.2,6591805.837,186.579,185.829,18,14.25,0.628328,42.152248,69.101612,17.937679,0.797074
pattern_8,8-H-030,363534.2,6591805.837,185.829,185.079,19,15,0.639614,40.720591,68.236465,18.259515,0.747122
pattern_8,8-H-030,363534.2,6591805.837,185.079,184.329,20,15.75,0.673516,41.173232,68.008356,18.49238,0.715126
pattern_8,8-H-030,363534.2,6591805.837,184.329,183.579,21,16.5,0.673335,41.396574,68.618181,17.281867,0.725468
pattern_8,8-H-030,363534.2,6591805.837,183.579,183.476,22,16.603,0.664644,42.03755,68.839401,17.104787,0.748651
pattern_8,8-H-031,363532.573,6591797.532,199.949,199.199,0,0.75,0.754274,37.874929,69.158362,16.063828,0.597414
pattern_8,8-H-031,363532.573,6591797.532,199.199,198.449,1,1.5,0.755183,35.797225,70.928577,15.737592,0.57842
pattern_8,8-H-031,363532.573,6591797.532,198.449,197.699,2,2.25,0.778592,35.87857,70.104783,16.42323,0.555931
pattern_8,8-H-031,363532.573,6591797.532,197.699,196.949,3,3,0.748791,36.548766,69.839093,16.582831,0.586532
pattern_8,8-H-031,363532.573,6591797.532,196.949,196.199,4,3.75,0.726764,38.38726,69.975462,16.488013,0.635765
pattern_8,8-H-031,363532.573,6591797.532,196.199,195.449,5,4.5,0.752874,38.863963,70.051394,17.804202,0.622215
pattern_8,8-H-031,363532.573,6591797.532,195.449,194.699,6,5.25,0.743814,38.5578,68.785641,16.094858,0.613366
pattern_8,8-H-031,363532.573,6591797.532,194.699,193.949,7,6,0.730186,39.115061,68.670781,16.497553,0.632772
pattern_8,8-H-031,363532.573,6591797.532,193.949,193.199,8,6.75,0.719261,41.350631,69.309196,16.927613,0.685297
pattern_8,8-H-031,363532.573,6591797.532,193.199,192.449,9,7.5,0.684734,40.691324,68.304771,17.991901,0.6982
pattern_8,8-H-031,363532.573,6591797.532,192.449,191.699,10,8.25,0.651958,42.17531,68.101782,18.305101,0.757636
pattern_8,8-H-031,363532.573,6591797.532,191.699,190.949,11,9,0.648735,41.411325,67.1003,17.857736,0.736621
pattern_8,8-H-031,363532.573,6591797.532,190.949,190.199,12,9.75,0.627577,43.268789,67.682681,19.057009,0.802467
pattern_8,8-H-031,363532.573,6591797.532,190.199,189.449,13,10.5,0.616038,43.180232,67.56438,18.914901,0.814347
pattern_8,8-H-031,363532.573,6591797.532,189.449,188.699,14,11.25,0.629973,43.30429,68.330691,18.75107,0.807678
pattern_8,8-H-031,363532.573,6591797.532,188.699,187.949,15,12,0.609463,43.855024,68.584413,18.905762,0.848519
pattern_8,8-H-031,363532.573,6591797.532,187.949,187.199,16,12.75,0.642942,39.83094,69.16407,18.236716,0.736927
pattern_8,8-H-031,363532.573,6591797.532,187.199,186.449,17,13.5,0.644466,40.697248,68.560908,16.677063,0.744411
pattern_8,8-H-031,363532.573,6591797.532,186.449,185.699,18,14.25,0.668827,40.212739,68.571164,17.730148,0.709088
pattern_8,8-H-031,363532.573,6591797.532,185.699,184.949,19,15,0.650264,40.492579,69.818653,17.285273,0.747594
pattern_8,8-H-031,363532.573,6591797.532,184.949,184.199,20,15.75,0.694391,39.414022,68.76419,17.57981,0.671398
pattern_8,8-H-031,363532.573,6591797.532,184.199,183.449,21,16.5,0.666062,39.353214,69.119582,17.388894,0.702363
pattern_8,8-H-031,363532.573,6591797.532,183.449,183.262,22,16.687,0.655541,40.702796,69.288265,17.626042,0.739827
pattern_8,8-H-032,363531.91,6591789.502,200.087,199.337,0,0.75,0.855514,36.131313,71.22271,15.730072,0.517688
pattern_8,8-H-032,363531.91,6591789.502,199.337,198.587,1,1.5,0.847665,35.255267,70.790854,15.589805,0.506746
pattern_8,8-H-032,363531.91,6591789.502,198.587,197.837,2,2.25,0.84286,32.987315,70.387257,15.754049,0.474273
pattern_8,8-H-032,363531.91,6591789.502,197.837,197.087,3,3,0.793276,35.066862,70.080147,14.841308,0.532999
pattern_8,8-H-032,363531.91,6591789.502,197.087,196.337,4,3.75,0.784627,37.574321,70.650829,16.275996,0.582116
pattern_8,8-H-032,363531.91,6591789.502,196.337,195.587,5,4.5,0.770523,35.513515,70.835668,15.694149,0.561725
pattern_8,8-H-032,363531.91,6591789.502,195.587,194.837,6,5.25,0.759145,35.319645,70.633467,15.865694,0.565421
pattern_8,8-H-032,363531.91,6591789.502,194.837,194.087,7,6,0.782757,36.405625,70.743186,16.09677,0.566129
pattern_8,8-H-032,363531.91,6591789.502,194.087,193.337,8,6.75,0.778674,35.909432,69.221021,16.201323,0.549334
pattern_8,8-H-032,363531.91,6591789.502,193.337,192.587,9,7.5,0.735911,36.587102,70.370983,17.141123,0.601989
pattern_8,8-H-032,363531.91,6591789.502,192.587,191.837,10,8.25,0.748925,37.290365,68.951287,16.251358,0.590665
pattern_8,8-H-032,363531.91,6591789.502,191.837,191.087,11,9,0.713527,39.545962,69.527654,16.38003,0.662739
pattern_8,8-H-032,363531.91,6591789.502,191.087,190.337,12,9.75,0.666051,40.508103,67.389697,17.207402,0.704864
pattern_8,8-H-032,363531.91,6591789.502,190.337,189.587,13,10.5,0.671413,40.925538,69.626743,17.463536,0.729847
pattern_8,8-H-032,363531.91,6591789.502,189.587,188.837,14,11.25,0.688002,39.537956,70.140318,17.583845,0.693298
pattern_8,8-H-032,363531.91,6591789.502,188.837,188.087,15,12,0.727299,38.808481,69.075815,17.238523,0.634109
pattern_8,8-H-032,363531.91,6591789.502,188.087,187.337,16,12.75,0.700807,39.403673,67.989812,17.200479,0.657584
pattern_8,8-H-032,363531.91,6591789.502,187.337,186.587,17,13.5,0.735053,37.937005,70.751113,16.307267,0.628111
pattern_8,8-H-032,363531.91,6591789.502,186.587,185.837,18,14.25,0.701809,38.136926,69.337645,16.619696,0.648094
pattern_8,8-H-032,363531.91,6591789.502,185.837,185.087,19,15,0.729636,38.526739,69.657344,16.120153,0.63264
pattern_8,8-H-032,363531.91,6591789.502,185.087,184.337,20,15.75,0.724029,38.786389,68.729763,18.079885,0.633525
pattern_8,8-H-032,363531.91,6591789.502,184.337,183.587,21,16.5,0.715144,37.882829,70.99472,17.50921,0.646982
pattern_8,8-H-032,363531.91,6591789.502,183.587,183.556,22,16.531,0.724755,37.931484,70.236526,15.818131,0.632239
pattern_8,8-H-033,363531.086,6591781.642,200.068,199.318,0,0.75,0.87905,32.169666,72.225517,13.771442,0.454895
pattern_8,8-H-033,363531.086,6591781.642,199.318,198.568,1,1.5,0.869637,30.646384,70.527336,14.790771,0.427969
pattern_8,8-H-033,363531.086,6591781.642,198.568,197.818,2,2.25,0.838,34.723537,70.742215,15.496189,0.504509
pattern_8,8-H-033,363531.086,6591781.642,197.818,197.068,3,3,0.844605,33.460389,70.059588,14.328761,0.477658
pattern_8,8-H-033,363531.086,6591781.642,197.068,196.318,4,3.75,0.848922,33.146787,71.653164,15.882815,0.481658
pattern_8,8-H-033,363531.086,6591781.642,196.318,195.568,5,4.5,0.801048,33.573378,70.945125,14.882689,0.511662
pattern_8,8-H-033,363531.086,6591781.642,195.568,194.818,6,5.25,0.851871,35.148295,70.114145,14.511433,0.49781
pattern_8,8-H-033,363531.086,6591781.642,194.818,194.068,7,6,0.83063,32.821608,71.580535,14.971604,0.48681
pattern_8,8-H-033,363531.086,6591781.642,194.068,193.318,8,6.75,0.805065,35.91209,70.009114,15.317207,0.537351
pattern_8,8-H-033,363531.086,6591781.642,193.318,192.568,9,7.5,0.784719,34.850057,70.022701,16.314504,0.535213
pattern_8,8-H-033,363531.086,6591781.642,192.568,191.818,10,8.25,0.757364,36.849783,70.133337,16.647698,0.587138
pattern_8,8-H-033,363531.086,6591781.642,191.818,191.068,11,9,0.732392,38.55545,69.160193,15.725907,0.626199
pattern_8,8-H-033,363531.086,6591781.642,191.068,190.318,12,9.75,0.742571,37.987124,69.669515,17.50664,0.613249
pattern_8,8-H-033,363531.086,6591781.642,190.318,189.568,13,10.5,0.715593,39.136966,70.539602,17.252359,0.663613
pattern_8,8-H-033,363531.086,6591781.642,189.568,188.818,14,11.25,0.742817,38.393354,68.789938,15.62011,0.611555
pattern_8,8-H-033,363531.086,6591781.642,188.818,188.068,15,12,0.736144,37.990741,69.960649,17.207216,0.621183
pattern_8,8-H-033,363531.086,6591781.642,188.068,187.318,16,12.75,0.742692,37.223817,70.959506,16.106505,0.611788
pattern_8,8-H-033,363531.086,6591781.642,187.318,186.568,17,13.5,0.74139,37.045905,69.157987,16.242672,0.59452
pattern_8,8-H-033,363531.086,6591781.642,186.568,185.818,18,14.25,0.755832,38.604932,70.718964,16.797735,0.621397
pattern_8,8-H-033,363531.086,6591781.642,185.818,185.068,19,15,0.721953,36.680135,70.875316,15.943853,0.61939
pattern_8,8-H-033,363531.086,6591781.642,185.068,184.318,20,15.75,0.782026,35.498538,69.199047,15.834148,0.540536
pattern_8,8-H-033,363531.086,6591781.642,184.318,183.573,21,16.495,0.781031,36.964997,69.813219,16.853078,0.568609
pattern_8,8-H-034,363529.206,6591825.93,200.077,199.327,0,0.75,0.659689,40.855676,68.43498,17.888519,0.728913
pattern_8,8-H-034,363529.206,6591825.93,199.327,198.577,1,1.5,0.675584,40.675045,70.01239,17.908966,0.724963
pattern_8,8-H-034,363529.206,6591825.93,198.577,197.827,2,2.25,0.652805,41.585514,68.877464,18.063254,0.75455
pattern_8,8-H-034,363529.206,6591825.93,197.827,197.077,3,3,0.643169,44.291971,67.862671,18.191641,0.803553
pattern_8,8-H-034,363529.206,6591825.93,197.077,196.327,4,3.75,0.664658,41.714264,69.12025,18.407441,0.746075
pattern_8,8-H-034,363529.206,6591825.93,196.327,195.577,5,4.5,0.636306,42.910503,68.021481,18.315536,0.788784
pattern_8,8-H-034,363529.206,6591825.93,195.577,194.827,6,5.25,0.618628,43.60368,66.730903,19.041279,0.80882
pattern_8,8-H-034,363529.206,6591825.93,194.827,194.077,7,6,0.607779,44.454884,66.164802,19.261649,0.832168
pattern_8,8-H-034,363529.206,6591825.93,194.077,193.327,8,6.75,0.595696,44.095257,66.892857,18.422654,0.851289
pattern_8,8-H-034,363529.206,6591825.93,193.327,192.577,9,7.5,0.564483,46.385004,68.658623,19.294308,0.969751
pattern_8,8-H-034,363529.206,6591825.93,192.577,191.827,10,8.25,0.584739,44.934951,67.277873,19.979322,0.888933
pattern_8,8-H-034,363529.206,6591825.93,191.827,191.077,11,9,0.579991,47.414367,67.426699,19.910063,0.947584
pattern_8,8-H-034,363529.206,6591825.93,191.077,190.327,12,9.75,0.524881,45.573408,67.09422,20.639364,1.001409
pattern_8,8-H-034,363529.206,6591825.93,190.327,189.577,13,10.5,0.543583,47.877071,66.226941,20.298498,1.002659
pattern_8,8-H-034,363529.206,6591825.93,189.577,188.827,14,11.25,0.534801,46.582934,67.748135,19.732011,1.014255
pattern_8,8-H-034,363529.206,6591825.93,188.827,188.077,15,12,0.529795,46.116196,66.49367,20.162523,0.99491
pattern_8,8-H-034,363529.206,6591825.93,188.077,187.327,16,12.75,0.550593,47.129509,67.311074,20.367689,0.990428
pattern_8,8-H-034,363529.206,6591825.93,187.327,186.577,17,13.5,0.574285,44.069387,66.091174,19.58551,0.87202
pattern_8,8-H-034,363529.206,6591825.93,186.577,185.827,18,14.25,0.577396,44.167046,66.252701,18.89983,0.871287
pattern_8,8-H-034,363529.206,6591825.93,185.827,185.077,19,15,0.597643,45.145936,67.245684,18.532481,0.873272
pattern_8,8-H-034,363529.206,6591825.93,185.077,184.327,20,15.75,0.597621,42.232285,68.091052,18.586687,0.827338
pattern_8,8-H-034,363529.206,6591825.93,184.327,183.698,21,16.379,0.641622,43.133665,69.017643,18.887899,0.797875
pattern_8,8-H-035,363527.746,6591817.283,199.933,199.183,0,0.75,0.725623,38.40752,69.07194,16.895419,0.628946
pattern_8,8-H-035,363527.746,6591817.283,199.183,198.433,1,1.5,0.699773,40.609474,69.568685,17.461865,0.694384
pattern_8,8-H-035,363527.746,6591817.283,198.433,197.683,2,2.25,0.675934,41.922296,69.122597,18.515453,0.737352
pattern_8,8-H-035,363527.746,6591817.283,197.683,196.933,3,3,0.694806,41.748666,69.400864,17.917252,0.717218
pattern_8,8-H-035,363527.746,6591817.283,196.933,196.183,4,3.75,0.664677,42.247232,67.669981,18.50848,0.739764
pattern_8,8-H-035,363527.746,6591817.283,196.183,195.433,5,4.5,0.625256,41.458263,68.380952,18.092648,0.779653
pattern_8,8-H-035,363527.746,6591817.283,195.433,194.683,6,5.25,0.635359,42.979313,68.238355,18.713369,0.793783
pattern_8,8-H-035,363527.746,6591817.283,194.683,193.933,7,6,0.608374,44.851335,68.303428,19.273465,0.865786
pattern_8,8-H-035,363527.746,6591817.283,193.933,193.183,8,6.75,0.621787,42.776916,67.876997,18.966801,0.803019
pattern_8,8-H-035,363527.746,6591817.283,193.183,192.433,9,7.5,0.603713,42.186234,67.627658,18.84403,0.812601
pattern_8,8-H-035,363527.746,6591817.283,192.433,191.683,10,8.25,0.58072,44.445633,65.987369,19.062595,0.8683
pattern_8,8-H-035,363527.746,6591817.283,191.683,190.933,11,9,0.540158,46.276726,67.48141,19.547655,0.993693
pattern_8,8-H-035,363527.746,6591817.283,190.933,190.183,12,9.75,0.56375,44.649841,67.128062,19.598243,0.914024
pattern_8,8-H-035,363527.746,6591817.283,190.183,189.433,13,10.5,0.591189,45.787124,66.239378,20.31653,0.88214
pattern_8,8-H-035,363527.746,6591817.283,189.433,188.683,14,11.25,0.578226,45.823348,67.100704,19.780893,0.914211
pattern_8,8-H-035,363527.746,6591817.283,188.683,187.933,15,12,0.585337,44.747189,67.300297,20.168825,0.884645
pattern_8,8-H-035,363527.746,6591817.283,187.933,187.183,16,12.75,0.575222,44.942831,68.249608,18.451354,0.916592
pattern_8,8-H-035,363527.746,6591817.283,187.183,186.433,17,13.5,0.549254,44.955727,68.692778,20.107868,0.966517
pattern_8,8-H-035,363527.746,6591817.283,186.433,185.683,18,14.25,0.590314,45.395311,66.870051,19.471306,0.884118
pattern_8,8-H-035,363527.746,6591817.283,185.683,184.933,19,15,0.596163,44.026145,66.924,18.940054,0.849752
pattern_8,8-H-035,363527.746,6591817.283,184.933,184.296,20,15.637,0.571283,44.131667,66.56927,19.739698,0.884177
pattern_8,8-H-036,363526.682,6591809.779,199.961,199.211,0,0.75,0.705692,39.423519,68.052421,16.803311,0.653927
pattern_8,8-H-036,363526.682,6591809.779,199.211,198.461,1,1.5,0.732471,40.938568,69.402104,17.882528,0.667295
pattern_8,8-H-036,363526.682,6591809.779,198.461,197.711,2,2.25,0.723681,39.873855,68.784718,17.04166,0.65193
pattern_8,8-H-036,363526.682,6591809.779,197.711,196.961,3,3,0.704052,38.081495,69.389771,16.791909,0.645604
pattern_8,8-H-036,363526.682,6591809.779,196.961,196.211,4,3.75,0.711995,41.090983,68.617973,17.209397,0.68113
pattern_8,8-H-036,363526.682,6591809.779,196.211,195.461,5,4.5,0.695568,41.577083,68.561624,18.500983,0.704968
pattern_8,8-H-036,363526.682,6591809.779,195.461,194.711,6,5.25,0.69768,39.526279,68.086895,17.031374,0.663494
pattern_8,8-H-036,363526.682,6591809.779,194.711,193.961,7,6,0.675996,41.875936,68.513075,16.950302,0.729808
pattern_8,8-H-036,363526.682,6591809.779,193.961,193.211,8,6.75,0.690021,41.659673,69.649854,17.459689,0.723163
pattern_8,8-H-036,363526.682,6591809.779,193.211,192.461,9,7.5,0.632389,42.543665,67.696363,19.755259,0.783314
pattern_8,8-H-036,363526.682,6591809.779,192.461,191.711,10,8.25,0.600897,43.186654,67.324118,19.150001,0.832
pattern_8,8-H-036,363526.682,6591809.779,191.711,190.961,11,9,0.606083,43.208834,66.821187,18.428899,0.819088
pattern_8,8-H-036,363526.682,6591809.779,190.961,190.211,12,9.75,0.634135,42.828768,67.501659,18.786123,0.784009
pattern_8,8-H-036,363526.682,6591809.779,190.211,189.461,13,10.5,0.591025,43.805336,67.736265,18.184214,0.863063
pattern_8,8-H-036,363526.682,6591809.779,189.461,188.711,14,11.25,0.63044,43.292951,68.690409,18.597104,0.811088
pattern_8,8-H-036,363526.682,6591809.779,188.711,187.961,15,12,0.622736,43.892145,68.038068,19.071143,0.824601
pattern_8,8-H-036,363526.682,6591809.779,187.961,187.211,16,12.75,0.624047,42.6313,67.832096,19.823861,0.796981
pattern_8,8-H-036,363526.682,6591809.779,187.211,186.461,17,13.5,0.661842,41.990999,68.905154,17.004419,0.751686
pattern_8,8-H-036,363526.682,6591809.779,186.461,185.711,18,14.25,0.635759,42.793489,68.982766,18.79035,0.798466
pattern_8,8-H-036,363526.682,6591809.779,185.711,184.961,19,15,0.646459,41.813668,68.229472,17.063733,0.758795
pattern_8,8-H-036,363526.682,6591809.779,184.961,184.211,20,15.75,0.629691,43.03336,67.683917,18.261465,0.795359
pattern_8,8-H-036,363526.682,6591809.779,184.211,183.582,21,16.379,0.646285,43.188273,69.201107,18.722068,0.795218
pattern_8,8-H-037,363525.911,6591801.913,200.061,199.311,0,0.75,0.785487,35.026884,69.833015,15.710919,0.535871
pattern_8,8-H-037,363525.911,6591801.913,199.311,198.561,1,1.5,0.777667,37.005307,69.386299,16.595234,0.568165
pattern_8,8-H-037,363525.911,6591801.913,198.561,197.811,2,2.25,0.758029,37.68125,70.083549,18.188906,0.599578
pattern_8,8-H-037,363525.911,6591801.913,197.811,197.061,3,3,0.760585,36.403042,70.803611,16.480929,0.583077
pattern_8,8-H-037,363525.911,6591801.913,197.061,196.311,4,3.75,0.74461,37.685382,70.178521,16.532231,0.611034
pattern_8,8-H-037,363525.911,6591801.913,196.311,195.561,5,4.5,0.736074,37.646409,69.140404,16.443625,0.608344
pattern_8,8-H-037,363525.911,6591801.913,195.561,194.811,6,5.25,0.725291,37.235715,70.496365,15.704201,0.622493
pattern_8,8-H-037,363525.911,6591801.913,194.811,194.061,7,6,0.724583,39.424256,68.563024,18.267266,0.641884
pattern_8,8-H-037,363525.911,6591801.913,194.061,193.311,8,6.75,0.730452,40.849346,68.85184,18.67275,0.662499
pattern_8,8-H-037,363525.911,6591801.913,193.311,192.561,9,7.5,0.713156,39.324772,68.890739,18.799171,0.653656
pattern_8,8-H-037,363525.911,6591801.913,192.561,191.811,10,8.25,0.663111,41.533303,69.200918,17.848741,0.745375
pattern_8,8-H-037,363525.911,6591801.913,191.811,191.061,11,9,0.661551,40.696017,69.50203,17.971899,0.7353
pattern_8,8-H-037,363525.911,6591801.913,191.061,190.311,12,9.75,0.668225,40.461822,68.377341,18.105186,0.71214
pattern_8,8-H-037,363525.911,6591801.913,190.311,189.561,13,10.5,0.625385,41.909051,69.000203,18.196236,0.795074
pattern_8,8-H-037,363525.911,6591801.913,189.561,188.811,14,11.25,0.665254,41.499677,68.138602,17.879282,0.731021
pattern_8,8-H-037,363525.911,6591801.913,188.811,188.061,15,12,0.644236,41.605394,69.170772,17.865216,0.768145
pattern_8,8-H-037,363525.911,6591801.913,188.061,187.311,16,12.75,0.680754,39.077035,67.55928,18.906301,0.667269
pattern_8,8-H-037,363525.911,6591801.913,187.311,186.561,17,13.5,0.683124,39.675504,68.62865,17.02064,0.685531
pattern_8,8-H-037,363525.911,6591801.913,186.561,185.811,18,14.25,0.664808,40.66593,69.582786,18.018385,0.732022
pattern_8,8-H-037,363525.911,6591801.913,185.811,185.061,19,15,0.6492,39.701363,68.347506,16.553678,0.71871
pattern_8,8-H-037,363525.911,6591801.913,185.061,184.311,20,15.75,0.661201,41.309011,69.301162,17.856806,0.744571
pattern_8,8-H-037,363525.911,6591801.913,184.311,183.578,21,16.483,0.698944,40.009988,67.947158,16.981103,0.669
pattern_8,8-H-038,363525.355,6591793.913,200.005,199.255,0,0.75,0.831737,34.037687,70.572194,16.144497,0.497177
pattern_8,8-H-038,363525.355,6591793.913,199.255,198.505,1,1.5,0.795493,34.682898,69.734854,16.077733,0.523287
pattern_8,8-H-038,363525.355,6591793.913,198.505,197.755,2,2.25,0.77742,38.72089,70.250932,16.209762,0.601938
pattern_8,8-H-038,363525.355,6591793.913,197.755,197.005,3,3,0.801337,36.68102,71.477426,17.348567,0.563132
pattern_8,8-H-038,363525.355,6591793.913,197.005,196.255,4,3.75,0.769395,38.012178,70.227341,17.280215,0.59703
pattern_8,8-H-038,363525.355,6591793.913,196.255,195.505,5,4.5,0.773258,36.449456,69.729222,17.578337,0.565732
pattern_8,8-H-038,363525.355,6591793.913,195.505,194.755,6,5.25,0.7399,37.444908,69.287525,17.645723,0.603403
pattern_8,8-H-038,363525.355,6591793.913,194.755,194.005,7,6,0.731349,37.279479,70.957139,16.766118,0.622232
pattern_8,8-H-038,363525.355,6591793.913,194.005,193.255,8,6.75,0.71261,40.543856,69.647275,16.482193,0.681463
pattern_8,8-H-038,363525.355,6591793.913,193.255,192.505,9,7.5,0.690075,40.952546,70.077845,17.422325,0.71522
pattern_8,8-H-038,363525.355,6591793.913,192.505,191.755,10,8.25,0.675852,41.316221,68.83386,18.270888,0.723756
pattern_8,8-H-038,363525.355,6591793.913,191.755,191.005,11,9,0.660192,39.863327,68.456309,17.963138,0.71095
pattern_8,8-H-038,363525.355,6591793.913,191.005,190.255,12,9.75,0.677236,40.683912,69.227368,17.890791,0.715269
pattern_8,8-H-038,363525.355,6591793.913,190.255,189.505,13,10.5,0.672384,40.227636,68.247605,17.563283,0.702268
pattern_8,8-H-038,363525.355,6591793.913,189.505,188.755,14,11.25,0.66553,38.661023,70.226629,18.832744,0.701799
pattern_8,8-H-038,363525.355,6591793.913,188.755,188.005,15,12,0.712843,39.860437,69.211853,17.183276,0.665702
pattern_8,8-H-038,363525.355,6591793.913,188.005,187.255,16,12.75,0.718675,39.240077,70.46311,17.492598,0.661825
pattern_8,8-H-038,363525.355,6591793.913,187.255,186.505,17,13.5,0.724645,39.322326,68.538075,16.613679,0.639743
pattern_8,8-H-038,363525.355,6591793.913,186.505,185.755,18,14.25,0.713937,40.510475,69.160216,16.824627,0.674944
pattern_8,8-H-038,363525.355,6591793.913,185.755,185.005,19,15,0.704884,38.26066,69.95364,16.567209,0.65309
pattern_8,8-H-038,363525.355,6591793.913,185.005,184.845,20,15.16,0.735499,37.40014,69.548035,16.413307,0.608399
pattern_8,8-H-039,363524.37,6591786.12,199.985,199.235,0,0.75,0.855657,33.126157,72.19322,14.735436,0.481032
pattern_8,8-H-039,363524.37,6591786.12,199.235,198.485,1,1.5,0.886985,32.28524,71.367754,14.741454,0.447218
pattern_8,8-H-039,363524.37,6591786.12,198.485,197.735,2,2.25,0.852178,32.883832,70.24392,14.974882,0.4666
pattern_8,8-H-039,363524.37,6591786.12,197.735,196.985,3,3,0.836761,34.984276,71.682621,15.443916,0.515769
pattern_8,8-H-039,363524.37,6591786.12,196.985,196.235,4,3.75,0.817593,34.660462,71.642908,15.318461,0.522644
pattern_8,8-H-039,363524.37,6591786.12,196.235,195.485,5,4.5,0.76021,35.456998,69.387541,13.895755,0.556616
pattern_8,8-H-039,363524.37,6591786.12,195.485,194.735,6,5.25,0.805318,37.116112,69.945201,15.246432,0.554617
pattern_8,8-H-039,363524.37,6591786.12,194.735,193.985,7,6,0.762321,35.851828,69.524684,16.348055,0.562646
pattern_8,8-H-039,363524.37,6591786.12,193.985,193.235,8,6.75,0.762106,37.510582,70.055916,16.202794,0.593218
pattern_8,8-H-039,363524.37,6591786.12,193.235,192.485,9,7.5,0.778912,38.472961,70.040908,16.103047,0.595163
pattern_8,8-H-039,363524.37,6591786.12,192.485,191.735,10,8.25,0.772613,38.48281,70.175111,15.284563,0.601199
pattern_8,8-H-039,363524.37,6591786.12,191.735,190.985,11,9,0.725161,37.749082,68.201157,17.771854,0.610926
pattern_8,8-H-039,363524.37,6591786.12,190.985,190.235,12,9.75,0.725195,38.584673,67.235796,17.074842,0.61548
pattern_8,8-H-039,363524.37,6591786.12,190.235,189.485,13,10.5,0.727093,39.039175,69.851295,15.558647,0.644981
pattern_8,8-H-039,363524.37,6591786.12,189.485,188.735,14,11.25,0.750617,36.831855,69.810201,16.11059,0.589326
pattern_8,8-H-039,363524.37,6591786.12,188.735,187.985,15,12,0.743139,37.582524,69.43262,16.587454,0.604112
pattern_8,8-H-039,363524.37,6591786.12,187.985,187.235,16,12.75,0.756996,37.326045,70.197313,15.587541,0.595401
pattern_8,8-H-039,363524.37,6591786.12,187.235,186.485,17,13.5,0.790319,37.006706,70.082594,16.195684,0.564665
pattern_8,8-H-039,363524.37,6591786.12,186.485,185.735,18,14.25,0.795225,35.706409,71.08624,15.480612,0.549184
pattern_8,8-H-039,363524.37,6591786.12,185.735,184.985,19,15,0.765545,35.45089,70.522257,16.820302,0.56202
pattern_8,8-H-039,363524.37,6591786.12,184.985,184.235,20,15.75,0.786677,35.420448,70.056825,16.754086,0.542908
pattern_8,8-H-039,363524.37,6591786.12,184.235,183.503,21,16.482,0.760824,34.67894,70.914094,16.104675,0.556201
pattern_8,8-H-040,363522.696,6591830.294,200.013,199.263,0,0.75,0.684141,39.471892,69.139898,17.706416,0.686155
pattern_8,8-H-040,363522.696,6591830.294,199.263,198.513,1,1.5,0.65762,40.395649,69.600683,18.820356,0.735381
pattern_8,8-H-040,363522.696,6591830.294,198.513,197.763,2,2.25,0.611957,41.977169,68.860694,18.590295,0.812194
pattern_8,8-H-040,363522.696,6591830.294,197.763,197.013,3,3,0.63667,42.368068,67.871056,18.669065,0.776723
pattern_8,8-H-040,363522.696,6591830.294,197.013,196.263,4,3.75,0.653449,44.975202,67.979661,17.835852,0.80445
pattern_8,8-H-040,363522.696,6591830.294,196.263,195.513,5,4.5,0.617702,44.38468,69.153813,19.293983,0.854379
pattern_8,8-H-040,363522.696,6591830.294,195.513,194.763,6,5.25,0.587856,43.420764,66.636998,18.35684,0.846204
pattern_8,8-H-040,363522.696,6591830.294,194.763,194.013,7,6,0.59018,44.089703,66.875875,18.58258,0.85892
pattern_8,8-H-040,363522.696,6591830.294,194.013,193.263,8,6.75,0.590634,44.237008,67.456497,18.731246,0.868595
pattern_8,8-H-040,363522.696,6591830.294,193.263,192.513,9,7.5,0.575614,44.866842,67.818077,19.275036,0.908756
pattern_8,8-H-040,363522.696,6591830.294,192.513,191.763,10,8.25,0.560185,46.726872,66.76464,20.158694,0.957374
pattern_8,8-H-040,363522.696,6591830.294,191.763,191.013,11,9,0.551654,47.747858,68.033166,19.653625,1.012095
pattern_8,8-H-040,363522.696,6591830.294,191.013,190.263,12,9.75,0.533189,46.203183,67.29725,21.165321,1.002514
pattern_8,8-H-040,363522.696,6591830.294,190.263,189.513,13,10.5,0.534758,47.997918,66.254407,20.277423,1.022152
pattern_8,8-H-040,363522.696,6591830.294,189.513,188.763,14,11.25,0.544571,46.608064,64.828604,20.582988,0.953894
pattern_8,8-H-040,363522.696,6591830.294,188.763,188.013,15,12,0.531706,46.71758,66.412494,20.442179,1.003049
pattern_8,8-H-040,363522.696,6591830.294,188.013,187.263,16,12.75,0.57613,46.38734,67.363051,20.208208,0.932466
pattern_8,8-H-040,363522.696,6591830.294,187.263,186.513,17,13.5,0.563926,46.125855,68.577691,18.412667,0.964054
pattern_8,8-H-040,363522.696,6591830.294,186.513,185.763,18,14.25,0.563011,45.232428,66.055083,18.827551,0.912257
pattern_8,8-H-040,363522.696,6591830.294,185.763,185.013,19,15,0.621044,43.100059,69.317085,18.754601,0.827144
pattern_8,8-H-040,363522.696,6591830.294,185.013,184.263,20,15.75,0.617846,42.722913,67.588731,18.085913,0.803584
pattern_8,8-H-040,363522.696,6591830.294,184.263,183.513,21,16.5,0.61541,43.056732,69.38475,18.900927,0.834688
pattern_8,8-H-040,363522.696,6591830.294,183.513,183.413,22,16.6,0.600455,43.734973,68.447506,19.496048,0.857225
pattern_8,8-H-041,363521.648,6591822.79,199.861,199.111,0,0.75,0.663896,42.872216,67.167751,18.66053,0.746011
pattern_8,8-H-041,363521.648,6591822.79,199.111,198.361,1,1.5,0.616416,42.890732,68.583602,18.124146,0.820472
pattern_8,8-H-041,363521.648,6591822.79,198.361,197.611,2,2.25,0.637374,43.242365,66.57885,19.107727,0.776851
pattern_8,8-H-041,363521.648,6591822.79,197.611,196.861,3,3,0.643064,43.038209,66.698134,18.940567,0.767723
pattern_8,8-H-041,363521.648,6591822.79,196.861,196.111,4,3.75,0.629436,44.318417,68.700585,18.657407,0.831697
pattern_8,8-H-041,363521.648,6591822.79,196.111,195.361,5,4.5,0.628019,44.195135,67.357114,19.865,0.815193
pattern_8,8-H-041,363521.648,6591822.79,195.361,194.611,6,5.25,0.580757,43.334297,68.911356,18.524983,0.883939
pattern_8,8-H-041,363521.648,6591822.79,194.611,193.861,7,6,0.610704,45.527813,68.120743,19.299386,0.873133
pattern_8,8-H-041,363521.648,6591822.79,193.861,193.111,8,6.75,0.58927,43.277276,67.364028,19.102093,0.850642
pattern_8,8-H-041,363521.648,6591822.79,193.111,192.361,9,7.5,0.548487,46.40507,66.393162,19.950543,0.965609
pattern_8,8-H-041,363521.648,6591822.79,192.361,191.611,10,8.25,0.556401,47.917172,67.615532,19.661139,1.000863
pattern_8,8-H-041,363521.648,6591822.79,191.611,190.861,11,9,0.534098,46.404699,66.185824,19.83524,0.988447
pattern_8,8-H-041,363521.648,6591822.79,190.861,190.111,12,9.75,0.52564,46.240906,66.038457,20.061887,0.998582
pattern_8,8-H-041,363521.648,6591822.79,190.111,189.361,13,10.5,0.511032,46.907861,66.759528,20.48251,1.053236
pattern_8,8-H-041,363521.648,6591822.79,189.361,188.611,14,11.25,0.493637,48.521309,66.733931,20.193798,1.127212
pattern_8,8-H-041,363521.648,6591822.79,188.611,187.861,15,12,0.521766,48.380883,65.700613,20.504839,1.047102
pattern_8,8-H-041,363521.648,6591822.79,187.861,187.111,16,12.75,0.534828,48.332967,66.15865,19.409999,1.027546
pattern_8,8-H-041,363521.648,6591822.79,187.111,186.361,17,13.5,0.588974,45.753135,66.961266,19.934454,0.894362
pattern_8,8-H-041,363521.648,6591822.79,186.361,185.611,18,14.25,0.561128,44.62775,66.818539,19.579336,0.913607
pattern_8,8-H-041,363521.648,6591822.79,185.611,184.861,19,15,0.564654,44.555893,66.941879,18.939801,0.90805
pattern_8,8-H-041,363521.648,6591822.79,184.861,184.111,20,15.75,0.594174,45.160254,66.246001,19.346075,0.865705
pattern_8,8-H-041,363521.648,6591822.79,184.111,183.361,21,16.5,0.573218,44.895056,67.440632,18.766114,0.907986
pattern_8,8-H-041,363521.648,6591822.79,183.361,182.954,22,16.907,0.5754,45.024626,66.511974,19.755729,0.894815
pattern_8,8-H-042,363520.192,6591815.071,200.091,199.341,0,0.75,0.679459,42.456326,69.284453,18.228676,0.744553
pattern_8,8-H-042,363520.192,6591815.071,199.341,198.591,1,1.5,0.655685,42.618825,68.535397,18.726365,0.766126
pattern_8,8-H-042,363520.192,6591815.071,198.591,197.841,2,2.25,0.641986,42.654656,69.17047,18.679732,0.79031
pattern_8,8-H-042,363520.192,6591815.071,197.841,197.091,3,3,0.651696,43.572664,68.530293,18.510062,0.787917
pattern_8,8-H-042,363520.192,6591815.071,197.091,196.341,4,3.75,0.61207,43.153852,68.834514,17.989679,0.834356
pattern_8,8-H-042,363520.192,6591815.071,196.341,195.591,5,4.5,0.659593,42.801108,68.921384,18.99157,0.769174
pattern_8,8-H-042,363520.192,6591815.071,195.591,194.841,6,5.25,0.637018,43.91693,68.038866,19.354978,0.806663
pattern_8,8-H-042,363520.192,6591815.071,194.841,194.091,7,6,0.605452,45.176687,66.711744,18.893487,0.855836
pattern_8,8-H-042,363520.192,6591815.071,194.091,193.341,8,6.75,0.579004,45.558367,67.554637,18.806077,0.913727
pattern_8,8-H-042,363520.192,6591815.071,193.341,192.591,9,7.5,0.583974,46.773757,68.239225,20.016877,0.939627
pattern_8,8-H-042,363520.192,6591815.071,192.591,191.841,10,8.25,0.588453,46.42802,67.781887,20.35762,0.919473
pattern_8,8-H-042,363520.192,6591815.071,191.841,191.091,11,9,0.528022,47.95824,66.39157,19.558725,1.036355
pattern_8,8-H-042,363520.192,6591815.071,191.091,190.341,12,9.75,0.517084,47.705255,67.268857,20.836554,1.06669
pattern_8,8-H-042,363520.192,6591815.071,190.341,189.591,13,10.5,0.499062,49.150115,66.52588,20.596604,1.125937
pattern_8,8-H-042,363520.192,6591815.071,189.591,188.841,14,11.25,0.519298,47.427107,66.153527,19.581845,1.038356
pattern_8,8-H-042,363520.192,6591815.071,188.841,188.091,15,12,0.573425,46.542511,67.830368,18.86945,0.94632
pattern_8,8-H-042,363520.192,6591815.071,188.091,187.341,16,12.75,0.543354,46.467511,66.046738,20.22101,0.970969
pattern_8,8-H-042,363520.192,6591815.071,187.341,186.591,17,13.5,0.572215,46.600067,66.272681,19.247615,0.92778
pattern_8,8-H-042,363520.192,6591815.071,186.591,185.841,18,14.25,0.569071,43.994347,67.731895,19.655439,0.900252
pattern_8,8-H-042,363520.192,6591815.071,185.841,185.091,19,15,0.572629,41.841504,67.949911,18.32208,0.85358
pattern_8,8-H-042,363520.192,6591815.071,185.091,184.341,20,15.75,0.572311,43.271512,67.149857,18.752577,0.872845
pattern_8,8-H-042,363520.192,6591815.071,184.341,183.591,21,16.5,0.568809,45.243023,68.114021,18.587975,0.931244
pattern_8,8-H-042,363520.192,6591815.071,183.591,183.209,22,16.882,0.53187,44.802327,67.492534,19.365157,0.977204
pattern_8,8-H-043,363519.742,6591806.588,199.974,199.224,0,0.75,0.755686,37.435646,69.929982,16.171412,0.595975
pattern_8,8-H-043,363519.742,6591806.588,199.224,198.474,1,1.5,0.780401,39.162773,68.980703,16.975264,0.59563
pattern_8,8-H-043,363519.742,6591806.588,198.474,197.724,2,2.25,0.708167,39.165019,69.571895,17.362747,0.661865
pattern_8,8-H-043,363519.742,6591806.588,197.724,196.974,3,3,0.695301,40.453729,68.378204,18.246276,0.684383
pattern_8,8-H-043,363519.742,6591806.588,196.974,196.224,4,3.75,0.711344,38.505898,69.741357,16.694502,0.649358
pattern_8,8-H-043,363519.742,6591806.588,196.224,195.474,5,4.5,0.662727,41.658222,68.916556,18.387688,0.745042
pattern_8,8-H-043,363519.742,6591806.588,195.474,194.724,6,5.25,0.666146,40.843457,68.307719,17.92728,0.72032
pattern_8,8-H-043,363519.742,6591806.588,194.724,193.974,7,6,0.672881,40.958278,69.132291,18.01778,0.723747
pattern_8,8-H-043,363519.742,6591806.588,193.974,193.224,8,6.75,0.650835,43.070051,67.869199,18.917509,0.772429
pattern_8,8-H-043,363519.742,6591806.588,193.224,192.474,9,7.5,0.638791,41.527147,68.296244,18.196644,0.763513
pattern_8,8-H-043,363519.742,6591806.588,192.474,191.724,10,8.25,0.605295,43.745677,68.08551,18.677405,0.846012
pattern_8,8-H-043,363519.742,6591806.588,191.724,190.974,11,9,0.605085,45.434393,67.940824,18.592603,0.877013
pattern_8,8-H-043,363519.742,6591806.588,190.974,190.224,12,9.75,0.585173,44.187488,68.344069,18.32789,0.887145
pattern_8,8-H-043,363519.742,6591806.588,190.224,189.474,13,10.5,0.577783,45.142308,65.960231,18.746974,0.885944
pattern_8,8-H-043,363519.742,6591806.588,189.474,188.724,14,11.25,0.581716,45.61204,66.01797,18.522016,0.889852
pattern_8,8-H-043,363519.742,6591806.588,188.724,187.974,15,12,0.588563,44.744019,67.556526,19.24259,0.882974
pattern_8,8-H-043,363519.742,6591806.588,187.974,187.224,16,12.75,0.598897,44.017138,66.690829,18.6246,0.842734
pattern_8,8-H-043,363519.742,6591806.588,187.224,186.474,17,13.5,0.602539,43.467705,67.939405,19.100198,0.842729
pattern_8,8-H-043,363519.742,6591806.588,186.474,185.724,18,14.25,0.664467,42.861969,68.616567,18.184896,0.761162
pattern_8,8-H-043,363519.742,6591806.588,185.724,184.974,19,15,0.61684,42.348431,68.230433,18.638923,0.805476
pattern_8,8-H-043,363519.742,6591806.588,184.974,184.224,20,15.75,0.637194,40.904811,69.105582,18.466023,0.762925
pattern_8,8-H-043,363519.742,6591806.588,184.224,183.918,21,16.056,0.636394,41.129117,68.106761,18.30387,0.756969
pattern_8,8-H-044,363519.775,6591798.243,199.933,199.183,0,0.75,0.787019,36.978724,70.07703,15.930501,0.56652
pattern_8,8-H-044,363519.775,6591798.243,199.183,198.433,1,1.5,0.773162,36.786392,69.084126,15.375672,0.565482
pattern_8,8-H-044,363519.775,6591798.243,198.433,197.683,2,2.25,0.773169,36.86171,70.157033,16.594816,0.57555
pattern_8,8-H-044,363519.775,6591798.243,197.683,196.933,3,3,0.765734,36.834493,69.299442,16.030156,0.573549
pattern_8,8-H-044,363519.775,6591798.243,196.933,196.183,4,3.75,0.759289,38.162967,69.515118,16.838617,0.601149
pattern_8,8-H-044,363519.775,6591798.243,196.183,195.433,5,4.5,0.758829,35.719944,69.558226,16.473716,0.56344
pattern_8,8-H-044,363519.775,6591798.243,195.433,194.683,6,5.25,0.734963,39.358589,69.331262,16.657859,0.638659
pattern_8,8-H-044,363519.775,6591798.243,194.683,193.933,7,6,0.708421,38.041361,68.807479,16.396416,0.635551
pattern_8,8-H-044,363519.775,6591798.243,193.933,193.183,8,6.75,0.716371,38.722309,68.100782,16.67443,0.633219
pattern_8,8-H-044,363519.775,6591798.243,193.183,192.433,9,7.5,0.698995,39.321568,68.303287,17.602181,0.660987
pattern_8,8-H-044,363519.775,6591798.243,192.433,191.683,10,8.25,0.685583,41.10177,70.010151,18.196237,0.721905
pattern_8,8-H-044,363519.775,6591798.243,191.683,190.933,11,9,0.670028,40.652107,68.776743,18.2296,0.717729
pattern_8,8-H-044,363519.775,6591798.243,190.933,190.183,12,9.75,0.648358,43.903852,67.525636,18.238556,0.786266
pattern_8,8-H-044,363519.775,6591798.243,190.183,189.433,13,10.5,0.634168,44.144303,68.34397,18.820038,0.818037
pattern_8,8-H-044,363519.775,6591798.243,189.433,188.683,14,11.25,0.628948,42.228152,67.764461,18.930747,0.782447
pattern_8,8-H-044,363519.775,6591798.243,188.683,187.933,15,12,0.653979,40.870393,66.698981,18.617523,0.717007
pattern_8,8-H-044,363519.775,6591798.243,187.933,187.183,16,12.75,0.68971,40.591963,68.314497,17.462683,0.691525
pattern_8,8-H-044,363519.775,6591798.243,187.183,186.433,17,13.5,0.707491,39.271907,69.338859,17.69011,0.66212
pattern_8,8-H-044,363519.775,6591798.243,186.433,185.683,18,14.25,0.71371,41.646776,68.775417,18.283914,0.690367
pattern_8,8-H-044,363519.775,6591798.243,185.683,184.933,19,15,0.671583,40.139875,69.780271,18.197551,0.717359
pattern_8,8-H-044,363519.775,6591798.243,184.933,184.183,20,15.75,0.685611,38.841559,69.213848,16.965529,0.674417
pattern_8,8-H-044,363519.775,6591798.243,184.183,183.81,21,16.123,0.690341,39.805703,68.719512,16.652508,0.681459
pattern_8,8-H-045,363517.639,6591791.29,200.019,199.269,0,0.75,0.852796,33.173403,70.854282,15.034646,0.474431
pattern_8,8-H-045,363517.639,6591791.29,199.269,198.519,1,1.5,0.827325,34.940107,71.096371,15.111691,0.516688
pattern_8,8-H-045,363517.639,6591791.29,198.519,197.769,2,2.25,0.830143,34.030951,69.793655,15.681194,0.492501
pattern_8,8-H-045,363517.639,6591791.29,197.769,197.019,3,3,0.84046,35.740252,70.858684,16.01004,0.518623
pattern_8,8-H-045,363517.639,6591791.29,197.019,196.269,4,3.75,0.778137,37.472909,69.830369,16.641512,0.578646
pattern_8,8-H-045,363517.639,6591791.29,196.269,195.519,5,4.5,0.761761,37.387722,71.30523,15.577535,0.601985
pattern_8,8-H-045,363517.639,6591791.29,195.519,194.769,6,5.25,0.786518,36.103619,69.70006,15.466571,0.550487
pattern_8,8-H-045,363517.639,6591791.29,194.769,194.019,7,6,0.74095,36.747186,68.119559,16.346238,0.581273
pattern_8,8-H-045,363517.639,6591791.29,194.019,193.269,8,6.75,0.770178,38.202161,70.704825,16.857277,0.603405
pattern_8,8-H-045,363517.639,6591791.29,193.269,192.519,9,7.5,0.744241,38.83904,68.734616,17.113307,0.617139
pattern_8,8-H-045,363517.639,6591791.29,192.519,191.769,10,8.25,0.712023,37.816908,70.371016,17.284957,0.642974
pattern_8,8-H-045,363517.639,6591791.29,191.769,191.019,11,9,0.715933,38.189262,69.44832,16.377011,0.6372
pattern_8,8-H-045,363517.639,6591791.29,191.019,190.269,12,9.75,0.712991,39.086766,68.742285,17.284595,0.648285
pattern_8,8-H-045,363517.639,6591791.29,190.269,189.519,13,10.5,0.689549,39.916849,67.549699,17.249258,0.6726
pattern_8,8-H-045,363517.639,6591791.29,189.519,188.769,14,11.25,0.695889,39.416353,70.212371,17.442447,0.684045
pattern_8,8-H-045,363517.639,6591791.29,188.769,188.019,15,12,0.702544,38.935081,71.063655,16.707342,0.677338
pattern_8,8-H-045,363517.639,6591791.29,188.019,187.269,16,12.75,0.740832,37.614283,69.471061,16.585657,0.606832
pattern_8,8-H-045,363517.639,6591791.29,187.269,186.519,17,13.5,0.756615,37.248746,70.646272,15.11034,0.598202
pattern_8,8-H-045,363517.639,6591791.29,186.519,185.769,18,14.25,0.783479,37.216687,69.828646,16.181609,0.570729
pattern_8,8-H-045,363517.639,6591791.29,185.769,185.019,19,15,0.698731,39.42348,70.005706,17.384934,0.679388
pattern_8,8-H-045,363517.639,6591791.29,185.019,184.269,20,15.75,0.730648,37.7833,69.741564,16.032532,0.620349
pattern_8,8-H-045,363517.639,6591791.29,184.269,183.854,21,16.165,0.721157,36.839397,70.673406,16.737108,0.621083
pattern_8,8-H-046,363516.775,6591782.98,200.058,199.308,0,0.75,0.821393,33.537085,71.831654,15.4014,0.504766
pattern_8,8-H-046,363516.775,6591782.98,199.308,198.558,1,1.5,0.844696,33.953793,71.948361,15.18598,0.497747
pattern_8,8-H-046,363516.775,6591782.98,198.558,197.808,2,2.25,0.809554,34.456892,71.20859,16.011279,0.521641
pattern_8,8-H-046,363516.775,6591782.98,197.808,197.058,3,3,0.804125,36.044278,69.999222,15.977918,0.539955
pattern_8,8-H-046,363516.775,6591782.98,197.058,196.308,4,3.75,0.812567,35.791641,69.801251,15.141793,0.529036
pattern_8,8-H-046,363516.775,6591782.98,196.308,195.558,5,4.5,0.786438,35.520781,70.249933,15.679674,0.54597
pattern_8,8-H-046,363516.775,6591782.98,195.558,194.808,6,5.25,0.781479,37.03308,71.091345,16.356399,0.579653
pattern_8,8-H-046,363516.775,6591782.98,194.808,194.058,7,6,0.778124,37.370836,70.111522,16.820765,0.579422
pattern_8,8-H-046,363516.775,6591782.98,194.058,193.308,8,6.75,0.775054,36.384044,70.033591,16.730535,0.565764
pattern_8,8-H-046,363516.775,6591782.98,193.308,192.558,9,7.5,0.733458,38.040914,69.763445,17.30299,0.622529
pattern_8,8-H-046,363516.775,6591782.98,192.558,191.808,10,8.25,0.731939,39.496348,68.660618,16.838102,0.637343
pattern_8,8-H-046,363516.775,6591782.98,191.808,191.058,11,9,0.735304,39.260875,68.583677,16.758025,0.629951
pattern_8,8-H-046,363516.775,6591782.98,191.058,190.308,12,9.75,0.697899,39.339898,69.998396,17.771694,0.678734
pattern_8,8-H-046,363516.775,6591782.98,190.308,189.558,13,10.5,0.701512,39.771732,69.484282,17.562578,0.677615
pattern_8,8-H-046,363516.775,6591782.98,189.558,188.808,14,11.25,0.686107,41.817256,68.084101,17.107745,0.713614
pattern_8,8-H-046,363516.775,6591782.98,188.808,188.058,15,12,0.700932,39.373636,68.679499,16.542601,0.663531
pattern_8,8-H-046,363516.775,6591782.98,188.058,187.308,16,12.75,0.675798,40.848692,69.328663,16.681229,0.720584
pattern_8,8-H-046,363516.775,6591782.98,187.308,186.558,17,13.5,0.713071,38.231827,69.33081,16.525541,0.639398
pattern_8,8-H-046,363516.775,6591782.98,186.558,185.808,18,14.25,0.700877,38.352052,69.48506,17.388773,0.654079
pattern_8,8-H-046,363516.775,6591782.98,185.808,185.058,19,15,0.744014,39.070301,69.379004,17.010331,0.62678
pattern_8,8-H-046,363516.775,6591782.98,185.058,184.308,20,15.75,0.730519,38.374012,69.303309,17.019341,0.626301
pattern_8,8-H-046,363516.775,6591782.98,184.308,184.116,21,15.942,0.710388,39.66539,69.662147,17.020666,0.669028
pattern_8,8-H-047,363515.272,6591826.97,200.028,199.278,0,0.75,0.660579,41.841103,67.767466,17.828013,0.738181
pattern_8,8-H-047,363515.272,6591826.97,199.278,198.528,1,1.5,0.661403,43.48644,67.265817,19.338733,0.760699
pattern_8,8-H-047,363515.272,6591826.97,198.528,197.778,2,2.25,0.638889,43.879421,67.854319,18.652063,0.801364
pattern_8,8-H-047,363515.272,6591826.97,197.778,197.028,3,3,0.629365,43.576734,68.714642,19.067285,0.818125
pattern_8,8-H-047,363515.272,6591826.97,197.028,196.278,4,3.75,0.589176,46.012563,67.960624,19.248789,0.912411
pattern_8,8-H-047,363515.272,6591826.97,196.278,195.528,5,4.5,0.625023,43.856539,67.339362,18.848796,0.812494
pattern_8,8-H-047,363515.272,6591826.97,195.528,194.778,6,5.25,0.591675,44.866914,65.526641,19.431857,0.854377
pattern_8,8-H-047,363515.272,6591826.97,194.778,194.028,7,6,0.592809,47.290422,66.755577,18.251006,0.915349
pattern_8,8-H-047,363515.272,6591826.97,194.028,193.278,8,6.75,0.605987,47.009012,67.906654,20.34803,0.905741
pattern_8,8-H-047,363515.272,6591826.97,193.278,192.528,9,7.5,0.532646,48.156113,66.2486,20.470335,1.029502
pattern_8,8-H-047,363515.272,6591826.97,192.528,191.778,10,8.25,0.527072,48.301296,66.539616,21.413595,1.04818
pattern_8,8-H-047,363515.272,6591826.97,191.778,191.028,11,9,0.506785,48.961671,66.154668,20.688519,1.098437
pattern_8,8-H-047,363515.272,6591826.97,191.028,190.278,12,9.75,0.506662,49.086066,65.688055,20.314622,1.093691
pattern_8,8-H-047,363515.272,6591826.97,190.278,189.528,13,10.5,0.535301,47.613159,66.719799,21.076561,1.020146
pattern_8,8-H-047,363515.272,6591826.97,189.528,188.778,14,11.25,0.556231,45.972097,66.464278,20.278554,0.944386
pattern_8,8-H-047,363515.272,6591826.97,188.778,188.028,15,12,0.554125,47.361207,68.900232,21.129265,1.012338
pattern_8,8-H-047,363515.272,6591826.97,188.028,187.278,16,12.75,0.558893,46.4671,66.083408,19.268123,0.944439
pattern_8,8-H-047,363515.272,6591826.97,187.278,186.528,17,13.5,0.575105,45.942733,67.552918,19.644616,0.927726
pattern_8,8-H-047,363515.272,6591826.97,186.528,185.778,18,14.25,0.538528,44.203266,67.572046,19.413739,0.953403
pattern_8,8-H-047,363515.272,6591826.97,185.778,185.028,19,15,0.563399,45.930661,67.112036,20.007074,0.940584
pattern_8,8-H-047,363515.272,6591826.97,185.028,184.278,20,15.75,0.562461,47.013276,67.306594,20.284149,0.967122
pattern_8,8-H-047,363515.272,6591826.97,184.278,183.528,21,16.5,0.552012,46.276967,67.400504,20.18598,0.971324
pattern_8,8-H-047,363515.272,6591826.97,183.528,183.255,22,16.773,0.539466,45.563016,66.955723,19.642743,0.972055
pattern_8,8-H-048,363514.107,6591819.4,199.949,199.199,0,0.75,0.662289,41.349403,68.832385,17.324424,0.738993
pattern_8,8-H-048,363514.107,6591819.4,199.199,198.449,1,1.5,0.654431,42.557394,67.465406,17.946453,0.75446
pattern_8,8-H-048,363514.107,6591819.4,198.449,197.699,2,2.25,0.630846,42.839431,68.07569,19.293507,0.795027
pattern_8,8-H-048,363514.107,6591819.4,197.699,196.949,3,3,0.619518,44.341275,67.77421,18.011171,0.833964
pattern_8,8-H-048,363514.107,6591819.4,196.949,196.199,4,3.75,0.615378,43.418406,67.504637,18.868867,0.818973
pattern_8,8-H-048,363514.107,6591819.4,196.199,195.449,5,4.5,0.594242,43.735391,67.95407,18.516891,0.859825
pattern_8,8-H-048,363514.107,6591819.4,195.449,194.699,6,5.25,0.579879,45.105651,67.208129,19.590624,0.898781
pattern_8,8-H-048,363514.107,6591819.4,194.699,193.949,7,6,0.603975,44.423252,68.095032,19.314314,0.861151
pattern_8,8-H-048,363514.107,6591819.4,193.949,193.199,8,6.75,0.608285,46.493298,66.535049,19.326995,0.874357
pattern_8,8-H-048,363514.107,6591819.4,193.199,192.449,9,7.5,0.568523,47.358953,65.960681,20.039468,0.944599
pattern_8,8-H-048,363514.107,6591819.4,192.449,191.699,10,8.25,0.547011,46.885942,66.997476,20.491886,0.987163
pattern_8,8-H-048,363514.107,6591819.4,191.699,190.949,11,9,0.524133,48.018457,67.379975,19.804958,1.060892
pattern_8,8-H-048,363514.107,6591819.4,190.949,190.199,12,9.75,0.530539,46.569473,66.176986,20.292258,0.998509
pattern_8,8-H-048,363514.107,6591819.4,190.199,189.449,13,10.5,0.525412,46.641109,66.339749,20.558925,1.012286
pattern_8,8-H-048,363514.107,6591819.4,189.449,188.699,14,11.25,0.502125,48.37881,65.718428,20.437209,1.088203
pattern_8,8-H-048,363514.107,6591819.4,188.699,187.949,15,12,0.510767,47.815936,65.77357,20.954965,1.058362
pattern_8,8-H-048,363514.107,6591819.4,187.949,187.199,16,12.75,0.53423,47.306723,66.702702,19.271805,1.015145
pattern_8,8-H-048,363514.107,6591819.4,187.199,186.449,17,13.5,0.563407,44.431464,66.86662,20.550822,0.906697
pattern_8,8-H-048,363514.107,6591819.4,186.449,185.699,18,14.25,0.541959,48.469757,66.428271,19.110503,1.021018
pattern_8,8-H-048,363514.107,6591819.4,185.699,184.949,19,15,0.539968,46.677228,66.575704,20.058526,0.989262
pattern_8,8-H-048,363514.107,6591819.4,184.949,184.199,20,15.75,0.537671,47.452332,66.924444,19.682394,1.015165
pattern_8,8-H-048,363514.107,6591819.4,184.199,183.449,21,16.5,0.55323,46.240452,66.264206,19.699053,0.952085
pattern_8,8-H-048,363514.107,6591819.4,183.449,183.206,22,16.743,0.559693,45.486081,68.255625,19.541544,0.953536
pattern_8,8-H-049,363513.146,6591811.847,200.079,199.329,0,0.75,0.728292,38.778967,67.936038,17.681949,0.622414
pattern_8,8-H-049,363513.146,6591811.847,199.329,198.579,1,1.5,0.709931,39.368844,68.663503,16.805913,0.654946
pattern_8,8-H-049,363513.146,6591811.847,198.579,197.829,2,2.25,0.694543,40.710223,69.160955,17.210901,0.697199
pattern_8,8-H-049,363513.146,6591811.847,197.829,197.079,3,3,0.705469,40.574576,68.29192,18.337933,0.675719
pattern_8,8-H-049,363513.146,6591811.847,197.079,196.329,4,3.75,0.702554,40.9303,68.976172,17.305582,0.691154
pattern_8,8-H-049,363513.146,6591811.847,196.329,195.579,5,4.5,0.665381,38.666636,68.495234,17.676369,0.684664
pattern_8,8-H-049,363513.146,6591811.847,195.579,194.829,6,5.25,0.685094,40.650881,68.870166,17.76042,0.702867
pattern_8,8-H-049,363513.146,6591811.847,194.829,194.079,7,6,0.655646,41.5333,68.034885,18.493292,0.741249
pattern_8,8-H-049,363513.146,6591811.847,194.079,193.329,8,6.75,0.624836,41.886086,69.017538,18.630953,0.795586
pattern_8,8-H-049,363513.146,6591811.847,193.329,192.579,9,7.5,0.603759,42.104673,67.497847,18.244284,0.809346
pattern_8,8-H-049,363513.146,6591811.847,192.579,191.829,10,8.25,0.570088,44.961646,67.322383,19.135167,0.912756
pattern_8,8-H-049,363513.146,6591811.847,191.829,191.079,11,9,0.587647,44.758677,66.494862,19.768039,0.870834
pattern_8,8-H-049,363513.146,6591811.847,191.079,190.329,12,9.75,0.563264,44.685916,67.461815,20.034547,0.920141
pattern_8,8-H-049,363513.146,6591811.847,190.329,189.579,13,10.5,0.573,45.708946,66.738504,19.132107,0.915196
pattern_8,8-H-049,363513.146,6591811.847,189.579,188.829,14,11.25,0.596946,43.258592,67.755517,18.743078,0.844195
pattern_8,8-H-049,363513.146,6591811.847,188.829,188.079,15,12,0.645926,42.0126,67.891695,17.111716,0.759262
pattern_8,8-H-049,363513.146,6591811.847,188.079,187.329,16,12.75,0.628848,44.520357,66.420255,17.989195,0.808493
pattern_8,8-H-049,363513.146,6591811.847,187.329,186.579,17,13.5,0.625319,45.5009,67.673994,19.366769,0.846712
pattern_8,8-H-049,363513.146,6591811.847,186.579,185.829,18,14.25,0.617398,44.209787,67.399869,18.543173,0.829812
pattern_8,8-H-049,363513.146,6591811.847,185.829,185.079,19,15,0.611048,42.677607,67.399585,18.178118,0.809387
pattern_8,8-H-049,363513.146,6591811.847,185.079,184.329,20,15.75,0.590061,42.796782,69.000527,18.909826,0.860429
pattern_8,8-H-049,363513.146,6591811.847,184.329,183.579,21,16.5,0.603,43.660716,68.421633,18.53902,0.851735
pattern_8,8-H-049,363513.146,6591811.847,183.579,183.568,22,16.511,0.617668,41.688374,68.013549,17.760544,0.78928
pattern_8,8-H-050,363512.478,6591804.094,199.946,199.196,0,0.75,0.767411,36.913617,70.188309,17.450899,0.581029
pattern_8,8-H-050,363512.478,6591804.094,199.196,198.446,1,1.5,0.752668,37.095278,68.839998,17.365244,0.583869
pattern_8,8-H-050,363512.478,6591804.094,198.446,197.696,2,2.25,0.71696,38.52191,70.474122,18.689699,0.651547
pattern_8,8-H-050,363512.478,6591804.094,197.696,196.946,3,3,0.714219,39.483025,68.316661,17.444223,0.649698
pattern_8,8-H-050,363512.478,6591804.094,196.946,196.196,4,3.75,0.716804,41.02348,67.849979,17.134965,0.66792
pattern_8,8-H-050,363512.478,6591804.094,196.196,195.446,5,4.5,0.702007,38.86295,67.859052,17.778489,0.646313
pattern_8,8-H-050,363512.478,6591804.094,195.446,194.696,6,5.25,0.715026,39.717797,68.933241,17.0039,0.658633
pattern_8,8-H-050,363512.478,6591804.094,194.696,193.946,7,6,0.659528,39.063954,68.235118,17.977885,0.695192
pattern_8,8-H-050,363512.478,6591804.094,193.946,193.196,8,6.75,0.667169,41.924486,67.201613,18.222237,0.726314
pattern_8,8-H-050,363512.478,6591804.094,193.196,192.446,9,7.5,0.63732,42.783873,66.47985,17.809677,0.767407
pattern_8,8-H-050,363512.478,6591804.094,192.446,191.696,10,8.25,0.660967,41.722701,67.403237,18.032371,0.73175
pattern_8,8-H-050,363512.478,6591804.094,191.696,190.946,11,9,0.650272,43.233028,68.802442,19.570741,0.786731
pattern_8,8-H-050,363512.478,6591804.094,190.946,190.196,12,9.75,0.620906,43.643858,68.282609,19.004954,0.825299
pattern_8,8-H-050,363512.478,6591804.094,190.196,189.446,13,10.5,0.626034,42.078753,67.619496,19.525571,0.781707
pattern_8,8-H-050,363512.478,6591804.094,189.446,188.696,14,11.25,0.600725,41.610936,66.406159,18.677898,0.790998
pattern_8,8-H-050,363512.478,6591804.094,188.696,187.946,15,12,0.669946,41.733233,68.250787,17.604529,0.731154
pattern_8,8-H-050,363512.478,6591804.094,187.946,187.196,16,12.75,0.664702,40.668063,68.50411,18.632491,0.720934
pattern_8,8-H-050,363512.478,6591804.094,187.196,186.446,17,13.5,0.690779,41.472032,68.653595,16.882024,0.708802
pattern_8,8-H-050,363512.478,6591804.094,186.446,185.696,18,14.25,0.682842,40.692521,69.058235,17.454396,0.707783
pattern_8,8-H-050,363512.478,6591804.094,185.696,184.946,19,15,0.692785,40.543371,69.39291,16.841186,0.698389
pattern_8,8-H-050,363512.478,6591804.094,184.946,184.196,20,15.75,0.689244,39.268555,68.273183,17.102639,0.669052
pattern_8,8-H-050,363512.478,6591804.094,184.196,183.446,21,16.5,0.672754,40.500977,68.473014,17.683732,0.708979
pattern_8,8-H-050,363512.478,6591804.094,183.446,183.244,22,16.702,0.681862,39.084132,68.841011,18.722141,0.678885
pattern_8,8-H-051,363511.177,6591795.468,200.128,199.378,0,0.75,0.838607,35.261493,69.632905,15.881555,0.503975
pattern_8,8-H-051,363511.177,6591795.468,199.378,198.628,1,1.5,0.777015,36.037444,69.408241,15.695345,0.553886
pattern_8,8-H-051,363511.177,6591795.468,198.628,197.878,2,2.25,0.774096,36.735088,70.589708,15.870174,0.576328
pattern_8,8-H-051,363511.177,6591795.468,197.878,197.128,3,3,0.756177,35.394505,68.575995,16.40963,0.552385
pattern_8,8-H-051,363511.177,6591795.468,197.128,196.378,4,3.75,0.769788,37.369288,70.237131,16.299282,0.586632
pattern_8,8-H-051,363511.177,6591795.468,196.378,195.628,5,4.5,0.736401,37.448587,69.619534,16.250464,0.609045
pattern_8,8-H-051,363511.177,6591795.468,195.628,194.878,6,5.25,0.791726,38.597711,71.373261,16.37913,0.598625
pattern_8,8-H-051,363511.177,6591795.468,194.878,194.128,7,6,0.724289,38.062126,70.077649,16.413935,0.633457
pattern_8,8-H-051,363511.177,6591795.468,194.128,193.378,8,6.75,0.723479,38.463053,69.497447,15.904687,0.635472
pattern_8,8-H-051,363511.177,6591795.468,193.378,192.628,9,7.5,0.706219,40.700102,70.817092,17.772025,0.701971
pattern_8,8-H-051,363511.177,6591795.468,192.628,191.878,10,8.25,0.688064,40.845428,69.525987,17.485621,0.709824
pattern_8,8-H-051,363511.177,6591795.468,191.878,191.128,11,9,0.691987,41.259148,68.407665,18.222294,0.701596
pattern_8,8-H-051,363511.177,6591795.468,191.128,190.378,12,9.75,0.665362,42.961344,68.532232,18.732356,0.761032
pattern_8,8-H-051,363511.177,6591795.468,190.378,189.628,13,10.5,0.683856,42.222823,68.129858,17.204807,0.723375
pattern_8,8-H-051,363511.177,6591795.468,189.628,188.878,14,11.25,0.66323,39.446745,67.98199,18.008421,0.695498
pattern_8,8-H-051,363511.177,6591795.468,188.878,188.128,15,12,0.671094,40.137964,68.015806,18.176794,0.699748
pattern_8,8-H-051,363511.177,6591795.468,188.128,187.378,16,12.75,0.675114,39.593744,69.02585,17.121863,0.696222
pattern_8,8-H-051,363511.177,6591795.468,187.378,186.628,17,13.5,0.706894,39.936883,69.019108,16.599572,0.670632
pattern_8,8-H-051,363511.177,6591795.468,186.628,185.878,18,14.25,0.713229,39.633174,67.840498,16.890308,0.648458
pattern_8,8-H-051,363511.177,6591795.468,185.878,185.128,19,15,0.717945,38.783895,69.720976,16.86739,0.647868
pattern_8,8-H-051,363511.177,6591795.468,185.128,184.378,20,15.75,0.686424,37.356655,68.651422,16.851071,0.642684
pattern_8,8-H-051,363511.177,6591795.468,184.378,183.879,21,16.249,0.720314,37.994486,69.33996,18.315579,0.629372
pattern_8,8-H-052,363510.511,6591787.736,200.03,199.28,0,0.75,0.827705,34.248866,71.317814,16.066235,0.507958
pattern_8,8-H-052,363510.511,6591787.736,199.28,198.53,1,1.5,0.796753,36.24421,70.564151,17.255626,0.552506
pattern_8,8-H-052,363510.511,6591787.736,198.53,197.78,2,2.25,0.772697,35.815793,69.411618,16.17674,0.553642
pattern_8,8-H-052,363510.511,6591787.736,197.78,197.03,3,3,0.8113,37.658537,71.055305,16.653956,0.567566
pattern_8,8-H-052,363510.511,6591787.736,197.03,196.28,4,3.75,0.799709,37.264655,69.836494,17.295041,0.560101
pattern_8,8-H-052,363510.511,6591787.736,196.28,195.53,5,4.5,0.775848,36.536119,70.045553,16.473715,0.567606
pattern_8,8-H-052,363510.511,6591787.736,195.53,194.78,6,5.25,0.795291,36.285701,69.832631,16.347833,0.548316
pattern_8,8-H-052,363510.511,6591787.736,194.78,194.03,7,6,0.779964,35.70159,69.639121,16.018133,0.548525
pattern_8,8-H-052,363510.511,6591787.736,194.03,193.28,8,6.75,0.763901,36.517986,69.696572,15.416534,0.573178
pattern_8,8-H-052,363510.511,6591787.736,193.28,192.53,9,7.5,0.728951,38.84064,68.002209,16.290018,0.623275
pattern_8,8-H-052,363510.511,6591787.736,192.53,191.78,10,8.25,0.715521,39.590391,68.905784,17.811635,0.655912
pattern_8,8-H-052,363510.511,6591787.736,191.78,191.03,11,9,0.735775,38.97995,69.258368,16.878577,0.631202
pattern_8,8-H-052,363510.511,6591787.736,191.03,190.28,12,9.75,0.715163,39.713103,69.184708,17.189547,0.660847
pattern_8,8-H-052,363510.511,6591787.736,190.28,189.53,13,10.5,0.707602,37.794305,67.876883,17.758156,0.623807
pattern_8,8-H-052,363510.511,6591787.736,189.53,188.78,14,11.25,0.715288,40.323378,69.603444,17.228397,0.674905
pattern_8,8-H-052,363510.511,6591787.736,188.78,188.03,15,12,0.709487,37.059117,69.774928,17.297553,0.62704
pattern_8,8-H-052,363510.511,6591787.736,188.03,187.28,16,12.75,0.728638,38.303423,69.30633,16.661434,0.626745
pattern_8,8-H-052,363510.511,6591787.736,187.28,186.53,17,13.5,0.735324,37.115859,70.254883,16.710163,0.610087
pattern_8,8-H-052,363510.511,6591787.736,186.53,185.78,18,14.25,0.759263,35.891775,71.236137,15.453474,0.579295
pattern_8,8-H-052,363510.511,6591787.736,185.78,185.03,19,15,0.771427,37.390924,69.378306,16.433486,0.578606
pattern_8,8-H-052,363510.511,6591787.736,185.03,184.28,20,15.75,0.754133,36.555393,69.278807,16.293919,0.577805
pattern_8,8-H-052,363510.511,6591787.736,184.28,183.997,21,16.033,0.775505,37.388103,71.453471,16.91901,0.592745
pattern_8,8-H-053,363508.64,6591832.802,199.845,199.095,0,0.75,0.725531,41.163216,69.441843,17.576774,0.677692
pattern_8,8-H-053,363508.64,6591832.802,199.095,198.345,1,1.5,0.700353,41.110107,70.153168,17.609731,0.708239
pattern_8,8-H-053,363508.64,6591832.802,198.345,197.595,2,2.25,0.67175,40.408667,69.106884,18.886975,0.715106
pattern_8,8-H-053,363508.64,6591832.802,197.595,196.845,3,3,0.663999,42.330686,68.886957,17.67043,0.755177
pattern_8,8-H-053,363508.64,6591832.802,196.845,196.095,4,3.75,0.683537,40.67385,68.560317,18.910066,0.701838
pattern_8,8-H-053,363508.64,6591832.802,196.095,195.345,5,4.5,0.670813,43.029044,69.18222,17.782189,0.763085
pattern_8,8-H-053,363508.64,6591832.802,195.345,194.595,6,5.25,0.639339,41.224849,68.736852,18.462573,0.762227
pattern_8,8-H-053,363508.64,6591832.802,194.595,193.845,7,6,0.631328,43.104962,67.312414,18.237011,0.790267
pattern_8,8-H-053,363508.64,6591832.802,193.845,193.095,8,6.75,0.646392,43.477371,66.674085,18.439857,0.771214
pattern_8,8-H-053,363508.64,6591832.802,193.095,192.345,9,7.5,0.621055,42.896366,67.491045,18.565441,0.801581
pattern_8,8-H-053,363508.64,6591832.802,192.345,191.595,10,8.25,0.576706,44.60893,68.08997,19.921524,0.905523
pattern_8,8-H-053,363508.64,6591832.802,191.595,190.845,11,9,0.548157,45.280022,66.595384,19.655758,0.945652
pattern_8,8-H-053,363508.64,6591832.802,190.845,190.095,12,9.75,0.563682,47.431119,68.919543,20.079279,0.996835
pattern_8,8-H-053,363508.64,6591832.802,190.095,189.345,13,10.5,0.563802,44.812163,66.896793,20.07463,0.914159
pattern_8,8-H-053,363508.64,6591832.802,189.345,188.595,14,11.25,0.582889,45.054771,67.13922,19.183868,0.892184
pattern_8,8-H-053,363508.64,6591832.802,188.595,187.845,15,12,0.61996,42.531998,67.699331,18.352561,0.798616
pattern_8,8-H-053,363508.64,6591832.802,187.845,187.095,16,12.75,0.634113,45.124243,68.294891,18.067833,0.835528
pattern_8,8-H-053,363508.64,6591832.802,187.095,186.345,17,13.5,0.656621,41.795288,66.470695,18.194001,0.727698
pattern_8,8-H-053,363508.64,6591832.802,186.345,185.595,18,14.25,0.641403,43.186116,68.255665,18.829684,0.79031
pattern_8,8-H-053,363508.64,6591832.802,185.595,184.845,19,15,0.637265,42.557807,68.15587,18.671175,0.782726
pattern_8,8-H-053,363508.64,6591832.802,184.845,184.095,20,15.75,0.644304,42.814515,68.04816,18.671015,0.777629
pattern_8,8-H-053,363508.64,6591832.802,184.095,183.554,21,16.291,0.632526,44.065417,67.030645,18.706937,0.802991
pattern_8,8-H-054,363507.767,6591824.572,200.029,199.279,0,0.75,0.667119,42.888127,67.788966,17.489852,0.749399
pattern_8,8-H-054,363507.767,6591824.572,199.279,198.529,1,1.5,0.671684,41.050957,68.57931,18.545335,0.720938
pattern_8,8-H-054,363507.767,6591824.572,198.529,197.779,2,2.25,0.665384,41.759205,67.233557,18.701485,0.725796
pattern_8,8-H-054,363507.767,6591824.572,197.779,197.029,3,3,0.660845,40.795538,68.711536,18.428819,0.729566
pattern_8,8-H-054,363507.767,6591824.572,197.029,196.279,4,3.75,0.637311,40.138183,67.507613,19.121915,0.731354
pattern_8,8-H-054,363507.767,6591824.572,196.279,195.529,5,4.5,0.630471,44.19593,68.098649,18.280706,0.820766
pattern_8,8-H-054,363507.767,6591824.572,195.529,194.779,6,5.25,0.600978,44.981751,66.945247,19.107569,0.861503
pattern_8,8-H-054,363507.767,6591824.572,194.779,194.029,7,6,0.612175,45.955155,67.607009,18.410268,0.872473
pattern_8,8-H-054,363507.767,6591824.572,194.029,193.279,8,6.75,0.609586,45.739169,69.473525,18.44283,0.896081
pattern_8,8-H-054,363507.767,6591824.572,193.279,192.529,9,7.5,0.533535,45.926054,65.845202,20.004512,0.974298
pattern_8,8-H-054,363507.767,6591824.572,192.529,191.779,10,8.25,0.547332,47.168055,67.374997,19.876499,0.998011
pattern_8,8-H-054,363507.767,6591824.572,191.779,191.029,11,9,0.519806,47.232185,65.243969,21.59478,1.019163
pattern_8,8-H-054,363507.767,6591824.572,191.029,190.279,12,9.75,0.49744,50.085085,66.991972,21.280876,1.159172
pattern_8,8-H-054,363507.767,6591824.572,190.279,189.529,13,10.5,0.481945,48.694877,66.333202,21.289903,1.15181
pattern_8,8-H-054,363507.767,6591824.572,189.529,188.779,14,11.25,0.498735,48.736442,66.575001,20.041412,1.117968
pattern_8,8-H-054,363507.767,6591824.572,188.779,188.029,15,12,0.513096,48.548219,65.283097,21.253338,1.061746
pattern_8,8-H-054,363507.767,6591824.572,188.029,187.279,16,12.75,0.531011,47.699251,66.12854,19.622992,1.020939
pattern_8,8-H-054,363507.767,6591824.572,187.279,186.529,17,13.5,0.563796,47.818527,65.744773,19.863136,0.958556
pattern_8,8-H-054,363507.767,6591824.572,186.529,185.779,18,14.25,0.57842,46.990045,67.73591,20.477231,0.946046
pattern_8,8-H-054,363507.767,6591824.572,185.779,185.029,19,15,0.565604,44.93123,67.648835,20.464158,0.923961
pattern_8,8-H-054,363507.767,6591824.572,185.029,184.279,20,15.75,0.569029,45.56899,67.273516,19.660429,0.926165
pattern_8,8-H-054,363507.767,6591824.572,184.279,183.734,21,16.295,0.568883,46.913084,65.983443,19.347354,0.935375
pattern_8,8-H-055,363507.058,6591816.572,200.079,199.329,0,0.75,0.680329,39.67331,67.81691,16.936807,0.680175
pattern_8,8-H-055,363507.058,6591816.572,199.329,198.579,1,1.5,0.66571,41.669475,67.650741,18.241023,0.72831
pattern_8,8-H-055,363507.058,6591816.572,198.579,197.829,2,2.25,0.654315,40.303372,70.203102,17.636236,0.743621
pattern_8,8-H-055,363507.058,6591816.572,197.829,197.079,3,3,0.614831,42.529591,67.346674,17.983622,0.800986
pattern_8,8-H-055,363507.058,6591816.572,197.079,196.329,4,3.75,0.619172,43.859203,67.868566,19.328038,0.826686
pattern_8,8-H-055,363507.058,6591816.572,196.329,195.579,5,4.5,0.594614,43.467204,68.679593,19.255681,0.863216
pattern_8,8-H-055,363507.058,6591816.572,195.579,194.829,6,5.25,0.591657,43.352353,67.902065,18.777288,0.855407
pattern_8,8-H-055,363507.058,6591816.572,194.829,194.079,7,6,0.589344,45.6898,67.720092,20.213973,0.90269
pattern_8,8-H-055,363507.058,6591816.572,194.079,193.329,8,6.75,0.58282,46.664101,65.395055,19.679928,0.900193
pattern_8,8-H-055,363507.058,6591816.572,193.329,192.579,9,7.5,0.563523,45.998277,66.154925,20.245386,0.928391
pattern_8,8-H-055,363507.058,6591816.572,192.579,191.829,10,8.25,0.523169,47.042045,65.522611,20.349788,1.012709
pattern_8,8-H-055,363507.058,6591816.572,191.829,191.079,11,9,0.52977,47.113901,68.297266,21.200256,1.044058
pattern_8,8-H-055,363507.058,6591816.572,191.079,190.329,12,9.75,0.492687,48.102856,66.20605,20.526392,1.110863
pattern_8,8-H-055,363507.058,6591816.572,190.329,189.579,13,10.5,0.503908,46.016427,65.519814,20.953552,1.028486
pattern_8,8-H-055,363507.058,6591816.572,189.579,188.829,14,11.25,0.51903,47.85608,66.807782,20.526052,1.058724
pattern_8,8-H-055,363507.058,6591816.572,188.829,188.079,15,12,0.555938,45.984333,66.539565,19.345318,0.946086
pattern_8,8-H-055,363507.058,6591816.572,188.079,187.329,16,12.75,0.542588,45.929663,65.930875,19.35178,0.959323
pattern_8,8-H-055,363507.058,6591816.572,187.329,186.579,17,13.5,0.561355,46.114024,67.705985,19.921962,0.956117
pattern_8,8-H-055,363507.058,6591816.572,186.579,186.351,18,13.728,0.547249,46.867631,67.942185,19.81783,1.000142
pattern_8,8-H-056,363505.379,6591808.307,200.09,199.34,0,0.75,0.701504,38.959856,70.331387,17.654257,0.671912
pattern_8,8-H-056,363505.379,6591808.307,199.34,198.59,1,1.5,0.696072,39.51996,67.913053,17.069236,0.663227
pattern_8,8-H-056,363505.379,6591808.307,198.59,197.84,2,2.25,0.707718,40.270436,66.632314,17.672134,0.652274
pattern_8,8-H-056,363505.379,6591808.307,197.84,197.09,3,3,0.709322,41.269262,69.734777,17.512681,0.697824
pattern_8,8-H-056,363505.379,6591808.307,197.09,196.34,4,3.75,0.697175,41.462883,67.626064,17.346214,0.691742
pattern_8,8-H-056,363505.379,6591808.307,196.34,195.59,5,4.5,0.682566,41.653721,68.788989,17.746909,0.721961
pattern_8,8-H-056,363505.379,6591808.307,195.59,194.84,6,5.25,0.686854,40.06475,68.469577,18.13245,0.687032
pattern_8,8-H-056,363505.379,6591808.307,194.84,194.09,7,6,0.658204,43.208644,67.771388,17.900511,0.765032
pattern_8,8-H-056,363505.379,6591808.307,194.09,193.34,8,6.75,0.620588,43.519217,68.423686,18.226232,0.824971
pattern_8,8-H-056,363505.379,6591808.307,193.34,192.59,9,7.5,0.635684,42.836585,67.258379,18.495585,0.7794
pattern_8,8-H-056,363505.379,6591808.307,192.59,191.84,10,8.25,0.60888,44.02136,66.645057,17.880051,0.828376
pattern_8,8-H-056,363505.379,6591808.307,191.84,191.09,11,9,0.546411,46.128951,66.250493,19.688935,0.961419
pattern_8,8-H-056,363505.379,6591808.307,191.09,190.34,12,9.75,0.598954,46.206552,68.018849,20.458821,0.902245
pattern_8,8-H-056,363505.379,6591808.307,190.34,189.59,13,10.5,0.568226,45.480842,66.695479,19.288588,0.917701
pattern_8,8-H-056,363505.379,6591808.307,189.59,188.84,14,11.25,0.578853,45.403931,67.366484,19.264993,0.9084
pattern_8,8-H-056,363505.379,6591808.307,188.84,188.09,15,12,0.583309,44.993595,67.374787,19.010221,0.893431
pattern_8,8-H-056,363505.379,6591808.307,188.09,187.34,16,12.75,0.614352,43.797322,68.183234,18.835961,0.835768
pattern_8,8-H-056,363505.379,6591808.307,187.34,186.59,17,13.5,0.60349,41.785004,68.80485,19.18001,0.819207
pattern_8,8-H-056,363505.379,6591808.307,186.59,185.84,18,14.25,0.653746,43.130397,67.951789,18.464789,0.770953
pattern_8,8-H-056,363505.379,6591808.307,185.84,185.09,19,15,0.619311,42.769776,68.894279,18.935702,0.818129
pattern_8,8-H-056,363505.379,6591808.307,185.09,184.34,20,15.75,0.628134,42.888938,70.126836,19.004357,0.823349
pattern_8,8-H-056,363505.379,6591808.307,184.34,183.59,21,16.5,0.624626,43.457628,69.296942,18.49252,0.828946
pattern_8,8-H-056,363505.379,6591808.307,183.59,183.054,22,17.036,0.619695,43.428734,67.772868,17.835804,0.816576
pattern_8,8-H-057,363505.525,6591800.623,200.013,199.263,0,0.75,0.786084,37.281711,69.643769,16.373198,0.568354
pattern_8,8-H-057,363505.525,6591800.623,199.263,198.513,1,1.5,0.757975,37.381109,69.486705,16.382804,0.589596
pattern_8,8-H-057,363505.525,6591800.623,198.513,197.763,2,2.25,0.750096,37.297498,70.279374,16.749645,0.601243
pattern_8,8-H-057,363505.525,6591800.623,197.763,197.013,3,3,0.748361,37.95315,68.839322,15.931648,0.600568
pattern_8,8-H-057,363505.525,6591800.623,197.013,196.263,4,3.75,0.730283,38.783622,68.438226,16.429671,0.625219
pattern_8,8-H-057,363505.525,6591800.623,196.263,195.513,5,4.5,0.727022,38.664392,70.155366,16.846072,0.641798
pattern_8,8-H-057,363505.525,6591800.623,195.513,194.763,6,5.25,0.696085,39.713968,68.609527,15.49721,0.673084
pattern_8,8-H-057,363505.525,6591800.623,194.763,194.013,7,6,0.708328,39.506765,70.107921,17.09136,0.672564
pattern_8,8-H-057,363505.525,6591800.623,194.013,193.263,8,6.75,0.73651,39.139644,69.607698,17.740884,0.636437
pattern_8,8-H-057,363505.525,6591800.623,193.263,192.513,9,7.5,0.700482,40.951588,69.02916,18.619751,0.694241
pattern_8,8-H-057,363505.525,6591800.623,192.513,191.763,10,8.25,0.658435,42.105417,67.674438,16.920867,0.744112
pattern_8,8-H-057,363505.525,6591800.623,191.763,191.013,11,9,0.676975,42.283326,67.307788,17.656351,0.723002
pattern_8,8-H-057,363505.525,6591800.623,191.013,190.263,12,9.75,0.652298,41.000007,68.536333,18.429284,0.740901
pattern_8,8-H-057,363505.525,6591800.623,190.263,189.513,13,10.5,0.648799,43.580547,68.802266,18.855487,0.794741
pattern_8,8-H-057,363505.525,6591800.623,189.513,188.763,14,11.25,0.632691,43.294712,68.042661,18.648768,0.800649
pattern_8,8-H-057,363505.525,6591800.623,188.763,188.013,15,12,0.661409,41.745761,68.357665,18.366687,0.742035
pattern_8,8-H-057,363505.525,6591800.623,188.013,187.263,16,12.75,0.703933,40.078941,68.124598,17.668169,0.66723
pattern_8,8-H-057,363505.525,6591800.623,187.263,186.513,17,13.5,0.703559,40.71371,69.38722,18.958941,0.690807
pattern_8,8-H-057,363505.525,6591800.623,186.513,185.763,18,14.25,0.663046,40.1547,69.626557,17.942661,0.725207
pattern_8,8-H-057,363505.525,6591800.623,185.763,185.013,19,15,0.654279,40.890266,69.094872,16.369479,0.742429
pattern_8,8-H-057,363505.525,6591800.623,185.013,184.263,20,15.75,0.659631,41.492216,68.054031,17.494225,0.736143
pattern_8,8-H-057,363505.525,6591800.623,184.263,183.951,21,16.062,0.658942,40.467581,68.837834,17.269695,0.726992
pattern_8,8-H-058,363504.077,6591792.367,200.047,199.297,0,0.75,0.841387,34.142936,70.769884,15.487462,0.494307
pattern_8,8-H-058,363504.077,6591792.367,199.297,198.547,1,1.5,0.800581,36.333829,69.535412,15.83192,0.54305
pattern_8,8-H-058,363504.077,6591792.367,198.547,197.797,2,2.25,0.779926,34.790599,69.472152,15.687436,0.533287
pattern_8,8-H-058,363504.077,6591792.367,197.797,197.047,3,3,0.79301,34.29954,69.847365,15.002484,0.519843
pattern_8,8-H-058,363504.077,6591792.367,197.047,196.297,4,3.75,0.772112,35.969269,70.478266,14.994097,0.564803
pattern_8,8-H-058,363504.077,6591792.367,196.297,195.547,5,4.5,0.839761,35.301865,70.272967,16.068599,0.508496
pattern_8,8-H-058,363504.077,6591792.367,195.547,194.797,6,5.25,0.783367,36.842376,68.922155,16.987902,0.557876
pattern_8,8-H-058,363504.077,6591792.367,194.797,194.047,7,6,0.774819,36.791453,69.520277,17.616532,0.568177
pattern_8,8-H-058,363504.077,6591792.367,194.047,193.297,8,6.75,0.751489,38.179018,68.995465,16.549176,0.603059
pattern_8,8-H-058,363504.077,6591792.367,193.297,192.547,9,7.5,0.724177,36.963623,68.027288,16.3558,0.597375
pattern_8,8-H-058,363504.077,6591792.367,192.547,191.797,10,8.25,0.71953,40.967896,69.657325,18.005344,0.68225
pattern_8,8-H-058,363504.077,6591792.367,191.797,191.047,11,9,0.693941,39.679235,68.781766,18.18968,0.676585
pattern_8,8-H-058,363504.077,6591792.367,191.047,190.297,12,9.75,0.711561,40.758084,70.055904,17.236477,0.690165
pattern_8,8-H-058,363504.077,6591792.367,190.297,189.547,13,10.5,0.69409,41.167372,69.791817,18.070766,0.711984
pattern_8,8-H-058,363504.077,6591792.367,189.547,188.797,14,11.25,0.68797,39.257996,68.017475,15.806968,0.667448
pattern_8,8-H-058,363504.077,6591792.367,188.797,188.047,15,12,0.733544,37.58535,70.538054,16.693446,0.621759
pattern_8,8-H-058,363504.077,6591792.367,188.047,187.297,16,12.75,0.727429,38.236441,68.563024,18.073658,0.62016
pattern_8,8-H-058,363504.077,6591792.367,187.297,186.547,17,13.5,0.695279,39.128752,69.290757,16.405077,0.670644
pattern_8,8-H-058,363504.077,6591792.367,186.547,185.797,18,14.25,0.730737,37.86198,68.790374,15.704404,0.613071
pattern_8,8-H-058,363504.077,6591792.367,185.797,185.103,19,14.944,0.71332,37.642639,69.063043,16.600783,0.626943
pattern_8,8-H-059,363502.958,6591784.626,199.97,199.22,0,0.75,0.862047,34.05489,69.727862,15.623637,0.474224
pattern_8,8-H-059,363502.958,6591784.626,199.22,198.47,1,1.5,0.77584,36.300628,69.482363,15.757907,0.559361
pattern_8,8-H-059,363502.958,6591784.626,198.47,197.72,2,2.25,0.81516,35.280835,70.43686,15.396123,0.524607
pattern_8,8-H-059,363502.958,6591784.626,197.72,196.97,3,3,0.82461,36.768904,69.881784,15.448098,0.536174
pattern_8,8-H-059,363502.958,6591784.626,196.97,196.22,4,3.75,0.779693,34.883096,70.20962,15.957132,0.540549
pattern_8,8-H-059,363502.958,6591784.626,196.22,195.47,5,4.5,0.784126,36.516468,69.509766,16.56035,0.557067
pattern_8,8-H-059,363502.958,6591784.626,195.47,194.72,6,5.25,0.732235,37.615752,69.519738,17.330132,0.614476
pattern_8,8-H-059,363502.958,6591784.626,194.72,193.97,7,6,0.721825,38.320909,68.948036,17.093162,0.62972
pattern_8,8-H-059,363502.958,6591784.626,193.97,193.22,8,6.75,0.737673,39.225228,68.866346,16.82432,0.629951
pattern_8,8-H-059,363502.958,6591784.626,193.22,192.47,9,7.5,0.704308,39.169245,70.925157,17.837844,0.678515
pattern_8,8-H-059,363502.958,6591784.626,192.47,191.72,10,8.25,0.656265,39.936903,68.169826,16.757807,0.713371
pattern_8,8-H-059,363502.958,6591784.626,191.72,190.97,11,9,0.70831,40.495238,68.677242,17.628204,0.675398
pattern_8,8-H-059,363502.958,6591784.626,190.97,190.22,12,9.75,0.704631,41.327668,68.471733,18.477702,0.690861
pattern_8,8-H-059,363502.958,6591784.626,190.22,189.47,13,10.5,0.657951,39.091041,67.963768,16.952979,0.694445
pattern_8,8-H-059,363502.958,6591784.626,189.47,188.72,14,11.25,0.653205,40.924452,69.756027,17.548461,0.751513
pattern_8,8-H-059,363502.958,6591784.626,188.72,187.97,15,12,0.664834,40.539126,68.036488,17.79213,0.713523
pattern_8,8-H-059,363502.958,6591784.626,187.97,187.22,16,12.75,0.720145,41.565178,68.06366,16.44615,0.675613
pattern_8,8-H-059,363502.958,6591784.626,187.22,186.47,17,13.5,0.673856,40.12252,68.976431,17.462796,0.706343
pattern_8,8-H-059,363502.958,6591784.626,186.47,185.72,18,14.25,0.708876,40.238109,68.392947,17.435498,0.667798
pattern_8,8-H-059,363502.958,6591784.626,185.72,184.97,19,15,0.716845,38.21847,69.492308,17.351238,0.637398
pattern_8,8-H-059,363502.958,6591784.626,184.97,184.22,20,15.75,0.726296,38.404551,69.937001,17.102119,0.636185
pattern_8,8-H-059,363502.958,6591784.626,184.22,183.891,21,16.079,0.735468,39.718116,70.244375,16.835993,0.652509
pattern_8,8-H-060,363501.04,6591828.814,200.068,199.318,0,0.75,0.699584,40.785085,68.59811,17.5861,0.687879
pattern_8,8-H-060,363501.04,6591828.814,199.318,198.568,1,1.5,0.724878,40.82289,68.483599,17.341246,0.663428
pattern_8,8-H-060,363501.04,6591828.814,198.568,197.818,2,2.25,0.673291,39.545559,68.508291,16.700524,0.691991
pattern_8,8-H-060,363501.04,6591828.814,197.818,197.068,3,3,0.694376,41.215667,69.051229,17.367443,0.704901
pattern_8,8-H-060,363501.04,6591828.814,197.068,196.318,4,3.75,0.690314,41.71419,68.106962,19.148034,0.708019
pattern_8,8-H-060,363501.04,6591828.814,196.318,195.568,5,4.5,0.657292,41.756054,67.165684,18.695852,0.733908
pattern_8,8-H-060,363501.04,6591828.814,195.568,194.818,6,5.25,0.63833,43.83517,67.79171,18.760903,0.800534
pattern_8,8-H-060,363501.04,6591828.814,194.818,194.068,7,6,0.642211,43.211938,67.86265,18.103395,0.785167
pattern_8,8-H-060,363501.04,6591828.814,194.068,193.318,8,6.75,0.640151,45.320173,67.098883,19.428167,0.816899
pattern_8,8-H-060,363501.04,6591828.814,193.318,192.568,9,7.5,0.620249,43.192192,68.671206,19.749439,0.822375
pattern_8,8-H-060,363501.04,6591828.814,192.568,191.818,10,8.25,0.570739,44.84166,68.211485,18.703245,0.921216
pattern_8,8-H-060,363501.04,6591828.814,191.818,191.068,11,9,0.590821,45.079518,66.798051,18.934332,0.876225
pattern_8,8-H-060,363501.04,6591828.814,191.068,190.318,12,9.75,0.553278,44.312253,66.653454,19.689885,0.917749
pattern_8,8-H-060,363501.04,6591828.814,190.318,189.568,13,10.5,0.560252,44.641463,66.982948,19.244442,0.917519
pattern_8,8-H-060,363501.04,6591828.814,189.568,188.818,14,11.25,0.591666,46.363044,66.876878,19.531319,0.900957
pattern_8,8-H-060,363501.04,6591828.814,188.818,188.068,15,12,0.57842,45.24659,67.485149,19.253253,0.907525
pattern_8,8-H-060,363501.04,6591828.814,188.068,187.318,16,12.75,0.609908,43.227705,68.007213,17.965719,0.828678
pattern_8,8-H-060,363501.04,6591828.814,187.318,186.568,17,13.5,0.643688,42.616818,67.128649,19.379062,0.764434
pattern_8,8-H-060,363501.04,6591828.814,186.568,185.818,18,14.25,0.628225,42.004568,68.428936,18.450013,0.786769
pattern_8,8-H-060,363501.04,6591828.814,185.818,185.068,19,15,0.625313,43.823552,67.204906,19.042931,0.809918
pattern_8,8-H-060,363501.04,6591828.814,185.068,184.318,20,15.75,0.639167,42.662988,66.78805,19.051707,0.766718
pattern_8,8-H-060,363501.04,6591828.814,184.318,183.568,21,16.5,0.616376,43.609378,67.617207,18.179971,0.82252
pattern_8,8-H-060,363501.04,6591828.814,183.568,183.529,22,16.539,0.599766,42.878401,67.431396,19.069688,0.828938
pattern_8,8-H-061,363500.773,6591821.278,199.932,199.182,0,0.75,0.676777,39.839456,68.757868,18.460207,0.696271
pattern_8,8-H-061,363500.773,6591821.278,199.182,198.432,1,1.5,0.705277,43.580552,69.283353,18.391265,0.736324
pattern_8,8-H-061,363500.773,6591821.278,198.432,197.682,2,2.25,0.631469,43.08826,68.62908,17.689529,0.805124
pattern_8,8-H-061,363500.773,6591821.278,197.682,196.932,3,3,0.676644,42.214419,67.555163,18.562232,0.724935
pattern_8,8-H-061,363500.773,6591821.278,196.932,196.182,4,3.75,0.653776,42.500327,67.561929,18.629788,0.755363
pattern_8,8-H-061,363500.773,6591821.278,196.182,195.432,5,4.5,0.63793,43.416547,68.769169,18.447679,0.804775
pattern_8,8-H-061,363500.773,6591821.278,195.432,194.682,6,5.25,0.60215,44.284816,67.804531,18.61778,0.857321
pattern_8,8-H-061,363500.773,6591821.278,194.682,193.932,7,6,0.581827,45.570775,67.127076,19.777719,0.903927
pattern_8,8-H-061,363500.773,6591821.278,193.932,193.182,8,6.75,0.562654,45.689129,66.656794,20.646163,0.930627
pattern_8,8-H-061,363500.773,6591821.278,193.182,192.432,9,7.5,0.566184,46.451903,66.426616,19.533297,0.936865
pattern_8,8-H-061,363500.773,6591821.278,192.432,191.682,10,8.25,0.539056,47.58203,67.364269,19.79884,1.021997
pattern_8,8-H-061,363500.773,6591821.278,191.682,190.932,11,9,0.538175,46.019521,64.918597,21.309948,0.954453
pattern_8,8-H-061,363500.773,6591821.278,190.932,190.182,12,9.75,0.525277,49.650222,65.610876,20.761461,1.06592
pattern_8,8-H-061,363500.773,6591821.278,190.182,189.432,13,10.5,0.507421,48.078916,66.168864,21.40612,1.077647
pattern_8,8-H-061,363500.773,6591821.278,189.432,188.682,14,11.25,0.577796,46.615729,66.072607,20.530157,0.916536
pattern_8,8-H-061,363500.773,6591821.278,188.682,187.932,15,12,0.562431,46.438426,66.841478,19.873826,0.948741
pattern_8,8-H-061,363500.773,6591821.278,187.932,187.182,16,12.75,0.587314,45.209822,66.799087,19.390624,0.884054
pattern_8,8-H-061,363500.773,6591821.278,187.182,186.432,17,13.5,0.599407,44.212416,67.020465,18.223081,0.849865
pattern_8,8-H-061,363500.773,6591821.278,186.432,185.682,18,14.25,0.58899,45.432272,67.105354,18.456417,0.889809
pattern_8,8-H-061,363500.773,6591821.278,185.682,184.932,19,15,0.564589,44.111598,68.082533,20.332935,0.914572
pattern_8,8-H-061,363500.773,6591821.278,184.932,184.182,20,15.75,0.577831,44.123891,68.38609,18.877349,0.897715
pattern_8,8-H-061,363500.773,6591821.278,184.182,183.432,21,16.5,0.579982,45.998376,67.506964,19.601119,0.920427
pattern_8,8-H-061,363500.773,6591821.278,183.432,182.943,22,16.989,0.562196,44.996201,68.726071,20.767749,0.945708
pattern_8,8-H-062,363498.798,6591813.308,199.982,199.232,0,0.75,0.68448,41.332313,68.791445,17.934899,0.714458
pattern_8,8-H-062,363498.798,6591813.308,199.232,198.482,1,1.5,0.689632,40.899388,68.432271,17.953974,0.698082
pattern_8,8-H-062,363498.798,6591813.308,198.482,197.732,2,2.25,0.661956,41.151865,68.845808,17.93598,0.736059
pattern_8,8-H-062,363498.798,6591813.308,197.732,196.982,3,3,0.63395,41.983843,67.22168,18.399735,0.765585
pattern_8,8-H-062,363498.798,6591813.308,196.982,196.232,4,3.75,0.609707,42.800532,67.939738,19.204643,0.820118
pattern_8,8-H-062,363498.798,6591813.308,196.232,195.482,5,4.5,0.612818,43.287863,67.948829,18.298214,0.825231
pattern_8,8-H-062,363498.798,6591813.308,195.482,194.732,6,5.25,0.590667,45.901241,67.746483,18.471272,0.904969
pattern_8,8-H-062,363498.798,6591813.308,194.732,193.982,7,6,0.594788,44.654653,65.948106,19.268948,0.851314
pattern_8,8-H-062,363498.798,6591813.308,193.982,193.232,8,6.75,0.553336,45.157746,67.066726,19.777613,0.940911
pattern_8,8-H-062,363498.798,6591813.308,193.232,192.482,9,7.5,0.554246,47.343279,65.982765,19.783307,0.968841
pattern_8,8-H-062,363498.798,6591813.308,192.482,191.732,10,8.25,0.531349,47.062156,67.159004,20.539534,1.022456
pattern_8,8-H-062,363498.798,6591813.308,191.732,190.982,11,9,0.512514,48.096436,64.66884,20.541268,1.04311
pattern_8,8-H-062,363498.798,6591813.308,190.982,190.232,12,9.75,0.527952,48.444944,64.76375,20.733463,1.021517
pattern_8,8-H-062,363498.798,6591813.308,190.232,189.482,13,10.5,0.525839,48.266644,65.839606,20.610195,1.038763
pattern_8,8-H-062,363498.798,6591813.308,189.482,188.732,14,11.25,0.563577,46.338863,67.97696,19.431594,0.960748
pattern_8,8-H-062,363498.798,6591813.308,188.732,187.982,15,12,0.549495,46.564765,65.874228,19.53917,0.95956
pattern_8,8-H-062,363498.798,6591813.308,187.982,187.232,16,12.75,0.560726,46.212423,66.783512,19.922519,0.946187
pattern_8,8-H-062,363498.798,6591813.308,187.232,186.482,17,13.5,0.559427,45.564083,66.908887,19.858811,0.93685
pattern_8,8-H-062,363498.798,6591813.308,186.482,185.732,18,14.25,0.556851,42.841033,66.955552,18.301433,0.885496
pattern_8,8-H-062,363498.798,6591813.308,185.732,184.982,19,15,0.55348,45.670643,67.83037,19.256294,0.962065
pattern_8,8-H-062,363498.798,6591813.308,184.982,184.232,20,15.75,0.501031,45.041842,67.220525,19.8421,1.038603
pattern_8,8-H-062,363498.798,6591813.308,184.232,183.984,21,15.998,0.568658,46.1571,66.432367,19.813663,0.927008
pattern_8,8-H-063,363498.204,6591805.094,200.001,199.251,0,0.75,0.794144,38.110938,70.353686,15.15285,0.580769
pattern_8,8-H-063,363498.204,6591805.094,199.251,198.501,1,1.5,0.748881,38.574605,69.384384,16.796136,0.614867
pattern_8,8-H-063,363498.204,6591805.094,198.501,197.751,2,2.25,0.762235,38.59046,70.101667,16.602538,0.610581
pattern_8,8-H-063,363498.204,6591805.094,197.751,197.001,3,3,0.740979,38.937302,70.168596,17.271099,0.63435
pattern_8,8-H-063,363498.204,6591805.094,197.001,196.251,4,3.75,0.717574,38.567879,70.208673,17.288927,0.649148
pattern_8,8-H-063,363498.204,6591805.094,196.251,195.501,5,4.5,0.683292,40.538725,67.699838,16.502649,0.690718
pattern_8,8-H-063,363498.204,6591805.094,195.501,194.751,6,5.25,0.728209,40.850103,69.742623,15.871518,0.672774
pattern_8,8-H-063,363498.204,6591805.094,194.751,194.001,7,6,0.682962,40.472707,69.462938,17.625977,0.70798
pattern_8,8-H-063,363498.204,6591805.094,194.001,193.251,8,6.75,0.671656,41.211297,67.892704,18.138478,0.716502
pattern_8,8-H-063,363498.204,6591805.094,193.251,192.501,9,7.5,0.637134,41.138628,67.573193,18.564258,0.750391
pattern_8,8-H-063,363498.204,6591805.094,192.501,191.751,10,8.25,0.621283,41.735345,67.221524,19.83041,0.77671
pattern_8,8-H-063,363498.204,6591805.094,191.751,191.001,11,9,0.609927,45.446698,66.97334,18.264765,0.857903
pattern_8,8-H-063,363498.204,6591805.094,191.001,190.251,12,9.75,0.614843,44.020677,66.736888,19.993244,0.821733
pattern_8,8-H-063,363498.204,6591805.094,190.251,189.501,13,10.5,0.630511,44.11643,67.03707,19.60934,0.806667
pattern_8,8-H-063,363498.204,6591805.094,189.501,188.751,14,11.25,0.609173,43.039884,68.153453,19.322794,0.828015
pattern_8,8-H-063,363498.204,6591805.094,188.751,188.001,15,12,0.646083,41.098812,67.260983,17.845892,0.735822
pattern_8,8-H-063,363498.204,6591805.094,188.001,187.251,16,12.75,0.630907,41.718353,69.392801,17.761774,0.788956
pattern_8,8-H-063,363498.204,6591805.094,187.251,186.501,17,13.5,0.660803,42.343698,69.755385,18.056484,0.76864
pattern_8,8-H-063,363498.204,6591805.094,186.501,185.751,18,14.25,0.687419,41.982402,69.303676,18.622842,0.728016
pattern_8,8-H-063,363498.204,6591805.094,185.751,185.001,19,15,0.658237,41.086094,68.14289,17.612644,0.731464
pattern_8,8-H-063,363498.204,6591805.094,185.001,184.251,20,15.75,0.643923,41.145033,67.968781,18.026022,0.746887
pattern_8,8-H-063,363498.204,6591805.094,184.251,184.218,21,15.783,0.639216,43.333138,68.44213,17.885646,0.797751
pattern_8,8-H-064,363497.332,6591797.272,200.034,199.284,0,0.75,0.796885,34.763637,69.719401,15.001749,0.523342
pattern_8,8-H-064,363497.332,6591797.272,199.284,198.534,1,1.5,0.773053,37.354577,69.710221,16.246729,0.579562
pattern_8,8-H-064,363497.332,6591797.272,198.534,197.784,2,2.25,0.78784,34.689843,70.739721,16.36972,0.536079
pattern_8,8-H-064,363497.332,6591797.272,197.784,197.034,3,3,0.746232,36.697157,71.03266,17.218744,0.60106
pattern_8,8-H-064,363497.332,6591797.272,197.034,196.284,4,3.75,0.771886,36.55956,68.664953,16.292753,0.55964
pattern_8,8-H-064,363497.332,6591797.272,196.284,195.534,5,4.5,0.748883,37.085151,69.410712,15.47576,0.591266
pattern_8,8-H-064,363497.332,6591797.272,195.534,194.784,6,5.25,0.736308,39.389266,69.918611,17.19925,0.643444
pattern_8,8-H-064,363497.332,6591797.272,194.784,194.034,7,6,0.731247,37.324579,70.055967,15.629378,0.615043
pattern_8,8-H-064,363497.332,6591797.272,194.034,193.284,8,6.75,0.683318,39.369543,68.538522,17.203728,0.6792
pattern_8,8-H-064,363497.332,6591797.272,193.284,192.534,9,7.5,0.652488,39.160534,67.407858,17.535505,0.695833
pattern_8,8-H-064,363497.332,6591797.272,192.534,191.784,10,8.25,0.689962,41.291549,69.882796,17.698194,0.719272
pattern_8,8-H-064,363497.332,6591797.272,191.784,191.034,11,9,0.666305,41.517058,67.054457,18.038352,0.718612
pattern_8,8-H-064,363497.332,6591797.272,191.034,190.284,12,9.75,0.668549,41.677104,68.434562,17.937283,0.7337
pattern_8,8-H-064,363497.332,6591797.272,190.284,189.534,13,10.5,0.649901,41.64796,67.90223,17.810685,0.7483
pattern_8,8-H-064,363497.332,6591797.272,189.534,188.784,14,11.25,0.652897,41.585855,67.799123,17.502245,0.742604
pattern_8,8-H-064,363497.332,6591797.272,188.784,188.034,15,12,0.693531,41.880454,69.018043,17.352626,0.716762
pattern_8,8-H-064,363497.332,6591797.272,188.034,187.284,16,12.75,0.692044,40.776268,68.494265,16.973042,0.694076
pattern_8,8-H-064,363497.332,6591797.272,187.284,186.534,17,13.5,0.697077,40.677055,70.012733,16.658269,0.702564
pattern_8,8-H-064,363497.332,6591797.272,186.534,185.784,18,14.25,0.682492,38.247664,69.250286,17.017111,0.667518
pattern_8,8-H-064,363497.332,6591797.272,185.784,185.034,19,15,0.691991,39.77481,68.960923,16.695043,0.681698
pattern_8,8-H-064,363497.332,6591797.272,185.034,184.284,20,15.75,0.684916,40.206659,69.355557,16.897502,0.700171
pattern_8,8-H-064,363497.332,6591797.272,184.284,183.534,21,16.5,0.697875,39.881755,68.951647,17.258743,0.677757
pattern_8,8-H-064,363497.332,6591797.272,183.534,183.378,22,16.656,0.688938,41.75708,68.027726,16.47928,0.709008
pattern_8,8-H-065,363496.815,6591789.286,199.932,199.182,0,0.75,0.791555,36.200533,71.043678,15.176795,0.558961
pattern_8,8-H-065,363496.815,6591789.286,199.182,198.432,1,1.5,0.813778,36.445914,69.903497,15.55657,0.53871
pattern_8,8-H-065,363496.815,6591789.286,198.432,197.682,2,2.25,0.781851,36.126115,69.691136,16.338061,0.554141
pattern_8,8-H-065,363496.815,6591789.286,197.682,196.932,3,3,0.777158,38.256569,69.716944,16.758432,0.590503
pattern_8,8-H-065,363496.815,6591789.286,196.932,196.182,4,3.75,0.76658,36.765528,69.633741,16.811993,0.574693
pattern_8,8-H-065,363496.815,6591789.286,196.182,195.432,5,4.5,0.764094,37.321363,70.120883,16.119877,0.589238
pattern_8,8-H-065,363496.815,6591789.286,195.432,194.682,6,5.25,0.749311,37.645846,68.310434,15.843275,0.590401
pattern_8,8-H-065,363496.815,6591789.286,194.682,193.932,7,6,0.714363,37.440113,69.358944,17.110313,0.625394
pattern_8,8-H-065,363496.815,6591789.286,193.932,193.182,8,6.75,0.727039,38.760296,69.691691,16.644169,0.639107
pattern_8,8-H-065,363496.815,6591789.286,193.182,192.432,9,7.5,0.71222,40.284369,69.071307,16.936194,0.671953
pattern_8,8-H-065,363496.815,6591789.286,192.432,191.682,10,8.25,0.68127,39.498801,67.690905,17.337158,0.675055
pattern_8,8-H-065,363496.815,6591789.286,191.682,190.932,11,9,0.654278,39.582779,67.71724,17.538244,0.704605
pattern_8,8-H-065,363496.815,6591789.286,190.932,190.182,12,9.75,0.676545,41.348167,67.776457,17.797053,0.712435
pattern_8,8-H-065,363496.815,6591789.286,190.182,189.432,13,10.5,0.690525,39.831754,67.406818,17.445854,0.668836
pattern_8,8-H-065,363496.815,6591789.286,189.432,188.682,14,11.25,0.671638,40.308889,68.44898,17.807564,0.706564
pattern_8,8-H-065,363496.815,6591789.286,188.682,187.932,15,12,0.684366,42.107707,69.468075,18.164269,0.735108
pattern_8,8-H-065,363496.815,6591789.286,187.932,187.182,16,12.75,0.682863,41.805976,68.445218,17.311665,0.720617
pattern_8,8-H-065,363496.815,6591789.286,187.182,186.432,17,13.5,0.69121,38.809158,68.437092,17.128748,0.660955
pattern_8,8-H-065,363496.815,6591789.286,186.432,185.682,18,14.25,0.683219,39.844116,68.961005,17.687116,0.691745
pattern_8,8-H-065,363496.815,6591789.286,185.682,184.932,19,15,0.680762,39.172351,68.686134,17.427083,0.679822
pattern_8,8-H-065,363496.815,6591789.286,184.932,184.678,20,15.254,0.715828,39.770443,68.913946,16.118392,0.658475
pattern_8,8-H-066,363494.846,6591834.073,199.979,199.229,0,0.75,0.725053,38.741273,70.637071,17.371308,0.649288
pattern_8,8-H-066,363494.846,6591834.073,199.229,198.479,1,1.5,0.74677,38.304313,68.843015,16.823477,0.607534
pattern_8,8-H-066,363494.846,6591834.073,198.479,197.729,2,2.25,0.714552,41.302075,70.261835,17.671726,0.698524
pattern_8,8-H-066,363494.846,6591834.073,197.729,196.979,3,3,0.706896,38.51378,68.65,16.826003,0.643384
pattern_8,8-H-066,363494.846,6591834.073,196.979,196.229,4,3.75,0.70225,40.789768,69.38561,16.939567,0.693118
pattern_8,8-H-066,363494.846,6591834.073,196.229,195.479,5,4.5,0.705002,40.196715,69.248784,16.825516,0.679061
pattern_8,8-H-066,363494.846,6591834.073,195.479,194.729,6,5.25,0.650622,42.119234,67.708325,16.843661,0.753636
pattern_8,8-H-066,363494.846,6591834.073,194.729,193.979,7,6,0.622473,41.977447,68.873473,18.236243,0.798621
pattern_8,8-H-066,363494.846,6591834.073,193.979,193.229,8,6.75,0.639275,42.458023,68.088897,18.231744,0.777633
pattern_8,8-H-066,363494.846,6591834.073,193.229,192.479,9,7.5,0.633749,41.974193,68.837964,18.596605,0.784031
pattern_8,8-H-066,363494.846,6591834.073,192.479,191.729,10,8.25,0.599993,44.060398,66.892144,20.056812,0.844732
pattern_8,8-H-066,363494.846,6591834.073,191.729,190.979,11,9,0.601004,43.480787,66.582903,19.387806,0.828336
pattern_8,8-H-066,363494.846,6591834.073,190.979,190.229,12,9.75,0.582473,45.328992,66.755143,19.236924,0.893121
pattern_8,8-H-066,363494.846,6591834.073,190.229,189.479,13,10.5,0.565267,45.281201,68.54038,19.54822,0.943826
pattern_8,8-H-066,363494.846,6591834.073,189.479,188.729,14,11.25,0.610147,43.721533,67.587279,18.115917,0.83265
pattern_8,8-H-066,363494.846,6591834.073,188.729,187.979,15,12,0.591515,44.572725,68.186538,18.459401,0.883269
pattern_8,8-H-066,363494.846,6591834.073,187.979,187.229,16,12.75,0.583669,44.278886,67.641313,18.52419,0.882143
pattern_8,8-H-066,363494.846,6591834.073,187.229,186.479,17,13.5,0.609956,44.175342,67.33376,19.459597,0.838548
pattern_8,8-H-066,363494.846,6591834.073,186.479,185.729,18,14.25,0.607424,43.180426,68.647364,17.722326,0.838923
pattern_8,8-H-066,363494.846,6591834.073,185.729,184.979,19,15,0.634665,41.980008,68.063135,19.279226,0.774307
pattern_8,8-H-066,363494.846,6591834.073,184.979,184.229,20,15.75,0.657747,42.431832,68.437924,18.485183,0.759282
pattern_8,8-H-066,363494.846,6591834.073,184.229,183.479,21,16.5,0.649658,43.195265,67.319624,17.651116,0.769648
pattern_8,8-H-066,363494.846,6591834.073,183.479,183.376,22,16.603,0.632829,43.65155,68.821685,18.904647,0.816299
pattern_8,8-H-067,363493.67,6591826.129,200.136,199.386,0,0.75,0.699758,38.27053,68.829139,16.556204,0.647481
pattern_8,8-H-067,363493.67,6591826.129,199.386,198.636,1,1.5,0.713596,40.986768,68.058372,17.473575,0.672409
pattern_8,8-H-067,363493.67,6591826.129,198.636,197.886,2,2.25,0.645659,41.029403,68.092187,16.92903,0.74401
pattern_8,8-H-067,363493.67,6591826.129,197.886,197.136,3,3,0.650732,43.079604,68.197744,17.958589,0.776334
pattern_8,8-H-067,363493.67,6591826.129,197.136,196.386,4,3.75,0.620949,41.0596,67.867442,18.552482,0.771752
pattern_8,8-H-067,363493.67,6591826.129,196.386,195.636,5,4.5,0.637274,41.527599,67.224758,18.910385,0.753448
pattern_8,8-H-067,363493.67,6591826.129,195.636,194.886,6,5.25,0.662488,41.844772,67.18859,18.83732,0.729978
pattern_8,8-H-067,363493.67,6591826.129,194.886,194.136,7,6,0.609125,42.869032,68.733248,19.387034,0.831807
pattern_8,8-H-067,363493.67,6591826.129,194.136,193.386,8,6.75,0.586464,43.308017,68.202189,18.472273,0.865843
pattern_8,8-H-067,363493.67,6591826.129,193.386,192.636,9,7.5,0.607993,44.858909,67.247895,18.910428,0.853075
pattern_8,8-H-067,363493.67,6591826.129,192.636,191.886,10,8.25,0.588632,45.386396,66.309836,20.103632,0.879134
pattern_8,8-H-067,363493.67,6591826.129,191.886,191.136,11,9,0.572541,45.032977,67.209555,21.212813,0.909024
pattern_8,8-H-067,363493.67,6591826.129,191.136,190.386,12,9.75,0.58574,47.390854,67.162414,20.020917,0.93419
pattern_8,8-H-067,363493.67,6591826.129,190.386,189.636,13,10.5,0.569129,46.259436,66.538021,20.163745,0.929806
pattern_8,8-H-067,363493.67,6591826.129,189.636,188.886,14,11.25,0.586611,45.281883,66.808634,19.017853,0.886598
pattern_8,8-H-067,363493.67,6591826.129,188.886,188.136,15,12,0.577972,46.564961,66.715825,19.487155,0.924023
pattern_8,8-H-067,363493.67,6591826.129,188.136,187.386,16,12.75,0.573126,44.315111,67.982365,19.219362,0.903667
pattern_8,8-H-067,363493.67,6591826.129,187.386,186.636,17,13.5,0.59944,46.689187,67.49134,18.233936,0.90359
pattern_8,8-H-067,363493.67,6591826.129,186.636,185.886,18,14.25,0.628228,43.858403,69.83469,18.75598,0.838255
pattern_8,8-H-067,363493.67,6591826.129,185.886,185.136,19,15,0.620296,44.510632,69.009427,18.10183,0.851302
pattern_8,8-H-067,363493.67,6591826.129,185.136,184.386,20,15.75,0.582686,43.926067,67.162803,18.559485,0.870422
pattern_8,8-H-067,363493.67,6591826.129,184.386,183.838,21,16.298,0.605739,43.879626,67.352807,18.612665,0.838866
pattern_8,8-H-068,363492.941,6591817.804,199.984,199.234,0,0.75,0.665956,41.121798,68.237996,18.107115,0.724703
pattern_8,8-H-068,363492.941,6591817.804,199.234,198.484,1,1.5,0.665437,41.748168,67.866309,18.640946,0.732347
pattern_8,8-H-068,363492.941,6591817.804,198.484,197.734,2,2.25,0.627816,43.58574,67.887149,18.121264,0.810342
pattern_8,8-H-068,363492.941,6591817.804,197.734,196.984,3,3,0.628425,42.684013,68.385913,17.318276,0.798567
pattern_8,8-H-068,363492.941,6591817.804,196.984,196.234,4,3.75,0.598915,43.12368,66.361735,19.500499,0.821693
pattern_8,8-H-068,363492.941,6591817.804,196.234,195.484,5,4.5,0.626162,43.80415,68.342225,19.688311,0.822186
pattern_8,8-H-068,363492.941,6591817.804,195.484,194.734,6,5.25,0.632184,42.763541,68.291036,19.096985,0.794422
pattern_8,8-H-068,363492.941,6591817.804,194.734,193.984,7,6,0.6214,44.567257,67.515082,19.913175,0.832715
pattern_8,8-H-068,363492.941,6591817.804,193.984,193.234,8,6.75,0.57901,45.382977,67.142736,18.983447,0.904693
pattern_8,8-H-068,363492.941,6591817.804,193.234,192.484,9,7.5,0.591347,46.333194,67.358508,19.825731,0.907368
pattern_8,8-H-068,363492.941,6591817.804,192.484,191.734,10,8.25,0.565331,46.002618,67.63166,19.200429,0.945995
pattern_8,8-H-068,363492.941,6591817.804,191.734,190.984,11,9,0.532509,46.035452,66.794634,18.988958,0.992441
pattern_8,8-H-068,363492.941,6591817.804,190.984,190.234,12,9.75,0.504609,47.39993,66.352984,20.831856,1.071266
pattern_8,8-H-068,363492.941,6591817.804,190.234,189.484,13,10.5,0.515882,47.588074,64.344278,19.603811,1.02014
pattern_8,8-H-068,363492.941,6591817.804,189.484,188.734,14,11.25,0.53624,46.920786,67.382532,20.196824,1.01343
pattern_8,8-H-068,363492.941,6591817.804,188.734,187.984,15,12,0.553356,45.663028,68.50092,19.58469,0.971647
pattern_8,8-H-068,363492.941,6591817.804,187.984,187.234,16,12.75,0.551428,46.563313,67.134043,19.120732,0.974366
pattern_8,8-H-068,363492.941,6591817.804,187.234,186.484,17,13.5,0.569063,43.790034,68.317784,19.132478,0.903762
pattern_8,8-H-068,363492.941,6591817.804,186.484,185.734,18,14.25,0.596018,45.406846,67.608156,18.771121,0.885459
pattern_8,8-H-068,363492.941,6591817.804,185.734,184.984,19,15,0.562149,46.037093,66.56143,19.526685,0.937059
pattern_8,8-H-068,363492.941,6591817.804,184.984,184.234,20,15.75,0.566742,44.696866,66.889286,19.185658,0.906887
pattern_8,8-H-068,363492.941,6591817.804,184.234,183.755,21,16.229,0.558827,44.436916,66.217542,20.281248,0.905338
pattern_8,8-H-069,363491.821,6591810.625,200.072,199.322,0,0.75,0.72945,38.90316,69.098041,17.401062,0.634005
pattern_8,8-H-069,363491.821,6591810.625,199.322,198.572,1,1.5,0.730198,38.515635,70.349876,18.211078,0.63849
pattern_8,8-H-069,363491.821,6591810.625,198.572,197.822,2,2.25,0.709448,38.892116,70.236351,17.97398,0.662405
pattern_8,8-H-069,363491.821,6591810.625,197.822,197.072,3,3,0.708264,40.813315,68.882495,17.403202,0.682731
pattern_8,8-H-069,363491.821,6591810.625,197.072,196.322,4,3.75,0.667373,40.879476,69.829842,17.737405,0.735595
pattern_8,8-H-069,363491.821,6591810.625,196.322,195.572,5,4.5,0.670384,40.383772,68.216482,18.35302,0.706857
pattern_8,8-H-069,363491.821,6591810.625,195.572,194.822,6,5.25,0.651242,40.593392,68.811805,17.781725,0.737627
pattern_8,8-H-069,363491.821,6591810.625,194.822,194.072,7,6,0.652931,42.078395,68.522826,18.311793,0.759431
pattern_8,8-H-069,363491.821,6591810.625,194.072,193.322,8,6.75,0.636863,42.446761,67.663983,18.670917,0.77556
pattern_8,8-H-069,363491.821,6591810.625,193.322,192.572,9,7.5,0.658289,42.688886,67.225099,17.621607,0.74965
pattern_8,8-H-069,363491.821,6591810.625,192.572,191.822,10,8.25,0.666143,42.092323,69.197027,17.600792,0.751877
pattern_8,8-H-069,363491.821,6591810.625,191.822,191.072,11,9,0.617477,44.773587,68.955158,18.992413,0.859651
pattern_8,8-H-069,363491.821,6591810.625,191.072,190.322,12,9.75,0.628708,42.576986,67.512465,18.319602,0.786191
pattern_8,8-H-069,363491.821,6591810.625,190.322,189.572,13,10.5,0.638677,43.387166,68.147287,18.660646,0.796076
pattern_8,8-H-069,363491.821,6591810.625,189.572,188.822,14,11.25,0.617615,43.431757,69.695732,19.015589,0.842704
pattern_8,8-H-069,363491.821,6591810.625,188.822,188.072,15,12,0.615405,43.286957,67.681283,17.629384,0.818445
pattern_8,8-H-069,363491.821,6591810.625,188.072,187.322,16,12.75,0.637459,43.79006,67.708822,17.92964,0.799724
pattern_8,8-H-069,363491.821,6591810.625,187.322,186.572,17,13.5,0.66719,41.138715,69.269463,18.503451,0.734618
pattern_8,8-H-069,363491.821,6591810.625,186.572,185.822,18,14.25,0.648408,42.301403,67.94818,18.481299,0.762346
pattern_8,8-H-069,363491.821,6591810.625,185.822,185.072,19,15,0.650142,41.792534,69.325303,17.555954,0.766266
pattern_8,8-H-069,363491.821,6591810.625,185.072,184.322,20,15.75,0.641787,42.072349,67.963915,18.745513,0.766238
pattern_8,8-H-069,363491.821,6591810.625,184.322,183.772,21,16.3,0.659749,41.190498,68.409817,18.515494,0.734609
pattern_8,8-H-070,363490.989,6591802.508,199.985,199.235,0,0.75,0.774382,37.74999,69.298125,16.45711,0.581255
pattern_8,8-H-070,363490.989,6591802.508,199.235,198.485,1,1.5,0.755581,39.068037,68.225742,16.560249,0.606901
pattern_8,8-H-070,363490.989,6591802.508,198.485,197.735,2,2.25,0.702302,40.381295,69.324154,17.375435,0.685595
pattern_8,8-H-070,363490.989,6591802.508,197.735,196.985,3,3,0.723771,39.288283,69.71557,16.885173,0.650953
pattern_8,8-H-070,363490.989,6591802.508,196.985,196.235,4,3.75,0.695851,40.604684,70.047425,17.973992,0.703056
pattern_8,8-H-070,363490.989,6591802.508,196.235,195.485,5,4.5,0.71591,40.286774,69.670356,16.346282,0.674249
pattern_8,8-H-070,363490.989,6591802.508,195.485,194.735,6,5.25,0.695967,40.990236,67.950121,17.67222,0.688375
pattern_8,8-H-070,363490.989,6591802.508,194.735,193.985,7,6,0.686305,42.029204,69.417447,18.323673,0.731163
pattern_8,8-H-070,363490.989,6591802.508,193.985,193.235,8,6.75,0.688664,39.561827,67.525629,18.25079,0.667374
pattern_8,8-H-070,363490.989,6591802.508,193.235,192.485,9,7.5,0.647696,42.431037,68.349578,18.263921,0.769996
pattern_8,8-H-070,363490.989,6591802.508,192.485,191.735,10,8.25,0.658474,42.673817,68.041024,17.999996,0.75829
pattern_8,8-H-070,363490.989,6591802.508,191.735,190.985,11,9,0.622926,42.933303,66.704758,18.646197,0.790584
pattern_8,8-H-070,363490.989,6591802.508,190.985,190.235,12,9.75,0.591174,42.577482,68.421773,19.247241,0.847317
pattern_8,8-H-070,363490.989,6591802.508,190.235,189.485,13,10.5,0.601947,43.441817,69.112208,18.813281,0.857534
pattern_8,8-H-070,363490.989,6591802.508,189.485,188.735,14,11.25,0.636015,42.919126,67.504541,19.036167,0.783407
pattern_8,8-H-070,363490.989,6591802.508,188.735,187.985,15,12,0.642612,43.310341,66.722591,17.986713,0.773272
pattern_8,8-H-070,363490.989,6591802.508,187.985,187.235,16,12.75,0.645114,41.348081,67.512747,17.701524,0.74413
pattern_8,8-H-070,363490.989,6591802.508,187.235,186.485,17,13.5,0.670324,42.7746,68.185473,18.757676,0.748349
pattern_8,8-H-070,363490.989,6591802.508,186.485,185.735,18,14.25,0.649173,41.822641,67.916471,18.558673,0.752517
pattern_8,8-H-070,363490.989,6591802.508,185.735,184.985,19,15,0.627848,41.176586,68.599642,18.382785,0.773677
pattern_8,8-H-070,363490.989,6591802.508,184.985,184.235,20,15.75,0.676709,41.290698,68.987399,18.390342,0.724017
pattern_8,8-H-070,363490.989,6591802.508,184.235,183.738,21,16.247,0.695106,40.390297,68.603071,17.675655,0.685676
pattern_8,8-H-071,363490.014,6591794.271,199.891,199.141,0,0.75,0.837977,35.555563,70.144486,15.147504,0.512176
pattern_8,8-H-071,363490.014,6591794.271,199.141,198.391,1,1.5,0.805914,35.852061,69.280084,15.883715,0.5304
pattern_8,8-H-071,363490.014,6591794.271,198.391,197.641,2,2.25,0.773659,36.946928,69.698292,15.835512,0.572663
pattern_8,8-H-071,363490.014,6591794.271,197.641,196.891,3,3,0.776931,37.860459,69.748219,16.357077,0.584793
pattern_8,8-H-071,363490.014,6591794.271,196.891,196.141,4,3.75,0.774893,37.248915,70.453615,16.607252,0.582731
pattern_8,8-H-071,363490.014,6591794.271,196.141,195.391,5,4.5,0.782714,37.999262,71.08226,16.996075,0.59379
pattern_8,8-H-071,363490.014,6591794.271,195.391,194.641,6,5.25,0.748329,37.635735,70.147927,16.318485,0.606918
pattern_8,8-H-071,363490.014,6591794.271,194.641,193.891,7,6,0.742711,37.498362,70.221649,17.67434,0.610073
pattern_8,8-H-071,363490.014,6591794.271,193.891,193.141,8,6.75,0.741696,37.542924,68.304911,16.302283,0.594826
pattern_8,8-H-071,363490.014,6591794.271,193.141,192.391,9,7.5,0.725911,39.761795,70.897548,17.31094,0.667991
pattern_8,8-H-071,363490.014,6591794.271,192.391,191.641,10,8.25,0.686217,40.702822,69.438172,17.556225,0.708367
pattern_8,8-H-071,363490.014,6591794.271,191.641,190.891,11,9,0.708958,40.067481,68.260468,17.846161,0.663665
pattern_8,8-H-071,363490.014,6591794.271,190.891,190.141,12,9.75,0.696928,38.894768,68.527375,18.33216,0.658001
pattern_8,8-H-071,363490.014,6591794.271,190.141,189.391,13,10.5,0.665101,40.037963,68.954935,17.961977,0.713947
pattern_8,8-H-071,363490.014,6591794.271,189.391,188.641,14,11.25,0.661032,39.552787,68.060676,16.846057,0.70034
pattern_8,8-H-071,363490.014,6591794.271,188.641,187.891,15,12,0.71498,39.951748,68.633397,18.562596,0.659859
pattern_8,8-H-071,363490.014,6591794.271,187.891,187.141,16,12.75,0.710023,39.598096,69.980272,15.987762,0.671156
pattern_8,8-H-071,363490.014,6591794.271,187.141,186.391,17,13.5,0.735714,38.617478,69.775838,15.075209,0.629842
pattern_8,8-H-071,363490.014,6591794.271,186.391,185.641,18,14.25,0.705488,36.655789,69.942488,16.986174,0.625197
pattern_8,8-H-071,363490.014,6591794.271,185.641,184.891,19,15,0.72247,37.065916,69.013173,17.189837,0.609207
pattern_8,8-H-071,363490.014,6591794.271,184.891,184.141,20,15.75,0.734669,38.712101,70.607059,16.414563,0.639949
pattern_8,8-H-071,363490.014,6591794.271,184.141,183.603,21,16.288,0.709697,39.265155,69.766867,16.338569,0.663852
pattern_8,8-H-072,363488.926,6591786.343,199.994,199.244,0,0.75,0.847926,33.376919,71.153631,14.288382,0.481991
pattern_8,8-H-072,363488.926,6591786.343,199.244,198.494,1,1.5,0.838163,35.442433,71.102924,14.599214,0.517322
pattern_8,8-H-072,363488.926,6591786.343,198.494,197.744,2,2.25,0.822028,35.723195,70.727167,16.222477,0.529002
pattern_8,8-H-072,363488.926,6591786.343,197.744,196.994,3,3,0.810313,35.365223,71.512276,15.308728,0.537029
pattern_8,8-H-072,363488.926,6591786.343,196.994,196.244,4,3.75,0.790427,36.250534,69.438298,16.117948,0.548016
pattern_8,8-H-072,363488.926,6591786.343,196.244,195.494,5,4.5,0.771698,35.644442,70.013869,15.886373,0.556448
pattern_8,8-H-072,363488.926,6591786.343,195.494,194.744,6,5.25,0.78127,36.661353,71.615332,16.605669,0.578253
pattern_8,8-H-072,363488.926,6591786.343,194.744,193.994,7,6,0.766535,37.840696,70.105061,17.412221,0.595537
pattern_8,8-H-072,363488.926,6591786.343,193.994,193.244,8,6.75,0.75388,36.844794,70.270394,17.615657,0.591028
pattern_8,8-H-072,363488.926,6591786.343,193.244,192.494,9,7.5,0.733585,38.70986,70.017741,16.983187,0.635592
pattern_8,8-H-072,363488.926,6591786.343,192.494,191.744,10,8.25,0.730154,39.931182,70.108785,16.815636,0.659485
pattern_8,8-H-072,363488.926,6591786.343,191.744,190.994,11,9,0.681932,39.040944,67.773784,16.943201,0.667374
pattern_8,8-H-072,363488.926,6591786.343,190.994,190.244,12,9.75,0.688206,39.163956,68.979057,17.628402,0.675231
pattern_8,8-H-072,363488.926,6591786.343,190.244,189.494,13,10.5,0.685176,38.062572,69.262248,15.622979,0.661648
pattern_8,8-H-072,363488.926,6591786.343,189.494,188.744,14,11.25,0.691702,38.388659,70.777363,16.862843,0.675592
pattern_8,8-H-072,363488.926,6591786.343,188.744,187.994,15,12,0.711487,39.450212,69.580837,17.412445,0.663659
pattern_8,8-H-072,363488.926,6591786.343,187.994,187.244,16,12.75,0.765141,37.33831,70.403429,16.351269,0.591093
pattern_8,8-H-072,363488.926,6591786.343,187.244,186.494,17,13.5,0.778157,38.074236,70.42381,15.970126,0.592781
pattern_8,8-H-072,363488.926,6591786.343,186.494,185.744,18,14.25,0.748448,37.748065,68.859496,16.38437,0.597493
pattern_8,8-H-072,363488.926,6591786.343,185.744,184.994,19,15,0.76915,36.848197,70.496641,16.264806,0.581086
pattern_8,8-H-072,363488.926,6591786.343,184.994,184.46,20,15.534,0.752083,37.453602,70.091894,16.403981,0.600518
pattern_8,8-H-073,363487.62,6591830.749,200.082,199.332,0,0.75,0.717733,39.211474,69.731873,18.664497,0.655501
pattern_8,8-H-073,363487.62,6591830.749,199.332,198.582,1,1.5,0.707602,39.374002,68.357066,17.564691,0.654349
pattern_8,8-H-073,363487.62,6591830.749,198.582,197.832,2,2.25,0.70997,39.010741,68.864729,17.918522,0.651003
pattern_8,8-H-073,363487.62,6591830.749,197.832,197.082,3,3,0.690239,40.094513,70.019277,18.094674,0.699612
pattern_8,8-H-073,363487.62,6591830.749,197.082,196.332,4,3.75,0.656764,40.773342,68.656186,16.92872,0.732916
pattern_8,8-H-073,363487.62,6591830.749,196.332,195.582,5,4.5,0.653535,42.008712,69.421567,19.12614,0.767483
pattern_8,8-H-073,363487.62,6591830.749,195.582,194.832,6,5.25,0.638638,41.633906,68.63746,17.852884,0.769426
pattern_8,8-H-073,363487.62,6591830.749,194.832,194.082,7,6,0.628605,42.653885,66.505421,17.374524,0.775905
pattern_8,8-H-073,363487.62,6591830.749,194.082,193.332,8,6.75,0.596456,42.126878,67.626124,19.010405,0.821307
pattern_8,8-H-073,363487.62,6591830.749,193.332,192.582,9,7.5,0.58825,45.923421,67.608898,20.248632,0.90749
pattern_8,8-H-073,363487.62,6591830.749,192.582,191.832,10,8.25,0.573776,46.590436,66.550265,19.943501,0.929021
pattern_8,8-H-073,363487.62,6591830.749,191.832,191.082,11,9,0.585363,45.847435,67.142819,19.901997,0.904148
pattern_8,8-H-073,363487.62,6591830.749,191.082,190.332,12,9.75,0.572395,45.486989,67.674795,19.83467,0.924568
pattern_8,8-H-073,363487.62,6591830.749,190.332,189.582,13,10.5,0.602054,44.247418,67.582529,19.197323,0.854008
pattern_8,8-H-073,363487.62,6591830.749,189.582,188.832,14,11.25,0.602535,44.049502,68.671291,18.42822,0.863076
pattern_8,8-H-073,363487.62,6591830.749,188.832,188.082,15,12,0.602815,43.697347,68.440289,19.033307,0.853
pattern_8,8-H-073,363487.62,6591830.749,188.082,187.332,16,12.75,0.641221,42.415871,68.631617,18.723389,0.780727
pattern_8,8-H-073,363487.62,6591830.749,187.332,186.582,17,13.5,0.646888,43.882388,68.174731,18.39565,0.795233
pattern_8,8-H-073,363487.62,6591830.749,186.582,185.832,18,14.25,0.593827,42.613756,67.620364,17.898408,0.834234
pattern_8,8-H-073,363487.62,6591830.749,185.832,185.082,19,15,0.627071,43.127303,68.689771,16.572463,0.812069
pattern_8,8-H-073,363487.62,6591830.749,185.082,184.332,20,15.75,0.620682,41.915823,68.178476,18.44478,0.791725
pattern_8,8-H-073,363487.62,6591830.749,184.332,183.892,21,16.19,0.626696,42.638842,67.619527,19.258469,0.791213
pattern_8,8-H-074,363486.41,6591822.696,199.978,199.228,0,0.75,0.627741,42.41011,66.925828,18.861923,0.777592
pattern_8,8-H-074,363486.41,6591822.696,199.228,198.478,1,1.5,0.652453,42.001585,67.659117,17.552355,0.748976
pattern_8,8-H-074,363486.41,6591822.696,198.478,197.728,2,2.25,0.619297,43.376951,67.96582,18.13223,0.818481
pattern_8,8-H-074,363486.41,6591822.696,197.728,196.978,3,3,0.604345,44.461062,67.289324,18.894804,0.851141
pattern_8,8-H-074,363486.41,6591822.696,196.978,196.228,4,3.75,0.62234,45.323554,66.3995,19.240514,0.831516
pattern_8,8-H-074,363486.41,6591822.696,196.228,195.478,5,4.5,0.570784,46.314055,66.031491,18.628834,0.920976
pattern_8,8-H-074,363486.41,6591822.696,195.478,194.728,6,5.25,0.579228,44.91828,67.101645,19.422987,0.894625
pattern_8,8-H-074,363486.41,6591822.696,194.728,193.978,7,6,0.553237,46.212306,66.631515,19.319527,0.956709
pattern_8,8-H-074,363486.41,6591822.696,193.978,193.228,8,6.75,0.516838,47.132584,66.750167,20.172684,1.046225
pattern_8,8-H-074,363486.41,6591822.696,193.228,192.478,9,7.5,0.504144,46.910322,65.786722,21.341964,1.052231
pattern_8,8-H-074,363486.41,6591822.696,192.478,191.728,10,8.25,0.48023,48.316029,65.571851,21.109183,1.133784
pattern_8,8-H-074,363486.41,6591822.696,191.728,190.978,11,9,0.474456,50.72407,66.679923,21.740148,1.225006
pattern_8,8-H-074,363486.41,6591822.696,190.978,190.228,12,9.75,0.47987,50.513819,65.017916,21.337761,1.176157
pattern_8,8-H-074,363486.41,6591822.696,190.228,189.478,13,10.5,0.494768,50.048742,66.421049,20.861171,1.15462
pattern_8,8-H-074,363486.41,6591822.696,189.478,188.728,14,11.25,0.470035,48.884954,66.971826,21.356902,1.196924
pattern_8,8-H-074,363486.41,6591822.696,188.728,187.978,15,12,0.519851,48.311407,65.725658,21.67847,1.049986
pattern_8,8-H-074,363486.41,6591822.696,187.978,187.228,16,12.75,0.544163,46.885698,66.756542,20.769207,0.988785
pattern_8,8-H-074,363486.41,6591822.696,187.228,186.478,17,13.5,0.598863,46.148952,66.90643,20.254814,0.886536
pattern_8,8-H-074,363486.41,6591822.696,186.478,185.728,18,14.25,0.542394,46.593902,67.22837,20.469529,0.992758
pattern_8,8-H-074,363486.41,6591822.696,185.728,184.978,19,15,0.542553,46.792857,66.459589,19.410312,0.985197
pattern_8,8-H-074,363486.41,6591822.696,184.978,184.308,20,15.67,0.529698,45.74416,66.849003,19.511507,0.992266
pattern_8,8-H-075,363485.361,6591814.851,200.007,199.257,0,0.75,0.683912,41.951549,69.076371,18.172865,0.728756
pattern_8,8-H-075,363485.361,6591814.851,199.257,198.507,1,1.5,0.666343,43.321164,68.72232,18.046376,0.768296
pattern_8,8-H-075,363485.361,6591814.851,198.507,197.757,2,2.25,0.650833,42.863676,67.43617,17.939714,0.763732
pattern_8,8-H-075,363485.361,6591814.851,197.757,197.007,3,3,0.663736,43.403577,68.307975,18.494553,0.768177
pattern_8,8-H-075,363485.361,6591814.851,197.007,196.257,4,3.75,0.620442,42.321118,68.291722,19.217679,0.801085
pattern_8,8-H-075,363485.361,6591814.851,196.257,195.507,5,4.5,0.635457,44.803452,68.183065,17.426129,0.826424
pattern_8,8-H-075,363485.361,6591814.851,195.507,194.757,6,5.25,0.65283,43.193134,66.940607,17.341665,0.761543
pattern_8,8-H-075,363485.361,6591814.851,194.757,194.007,7,6,0.619359,45.285372,68.128196,20.037859,0.856575
pattern_8,8-H-075,363485.361,6591814.851,194.007,193.257,8,6.75,0.61702,44.08374,67.684042,19.152537,0.831514
pattern_8,8-H-075,363485.361,6591814.851,193.257,192.507,9,7.5,0.580242,44.933387,67.023492,19.673687,0.892358
pattern_8,8-H-075,363485.361,6591814.851,192.507,191.757,10,8.25,0.560594,45.533232,66.881637,18.455278,0.933723
pattern_8,8-H-075,363485.361,6591814.851,191.757,191.007,11,9,0.534847,47.401895,66.263445,21.325431,1.009587
pattern_8,8-H-075,363485.361,6591814.851,191.007,190.257,12,9.75,0.556489,47.604905,67.443119,20.169104,0.991732
pattern_8,8-H-075,363485.361,6591814.851,190.257,189.507,13,10.5,0.544979,48.458127,66.549601,20.70499,1.017174
pattern_8,8-H-075,363485.361,6591814.851,189.507,188.757,14,11.25,0.524647,45.726096,67.170959,20.282484,1.006307
pattern_8,8-H-075,363485.361,6591814.851,188.757,188.007,15,12,0.566457,47.869771,66.523957,19.973196,0.966388
pattern_8,8-H-075,363485.361,6591814.851,188.007,187.257,16,12.75,0.563947,46.131414,66.425927,19.782649,0.934119
pattern_8,8-H-075,363485.361,6591814.851,187.257,186.507,17,13.5,0.524698,46.021834,67.282049,20.451834,1.014392
pattern_8,8-H-075,363485.361,6591814.851,186.507,185.757,18,14.25,0.563608,45.823261,65.875482,19.519863,0.920746
pattern_8,8-H-075,363485.361,6591814.851,185.757,185.007,19,15,0.579659,47.020912,66.596544,19.725232,0.928709
pattern_8,8-H-075,363485.361,6591814.851,185.007,184.531,20,15.476,0.59191,44.214291,67.223736,20.235693,0.863486
pattern_8,8-H-076,363484.624,6591806.855,199.986,199.236,0,0.75,0.787457,37.699042,70.133399,17.213317,0.577817
pattern_8,8-H-076,363484.624,6591806.855,199.236,198.486,1,1.5,0.735535,37.6108,69.36422,16.876169,0.61023
pattern_8,8-H-076,363484.624,6591806.855,198.486,197.736,2,2.25,0.736823,36.735756,70.05016,17.263672,0.600953
pattern_8,8-H-076,363484.624,6591806.855,197.736,196.986,3,3,0.713354,37.963074,69.762041,17.744896,0.638749
pattern_8,8-H-076,363484.624,6591806.855,196.986,196.236,4,3.75,0.7175,40.526985,70.534241,17.284657,0.685239
pattern_8,8-H-076,363484.624,6591806.855,196.236,195.486,5,4.5,0.67579,37.844652,69.645964,16.623195,0.670788
pattern_8,8-H-076,363484.624,6591806.855,195.486,194.736,6,5.25,0.695951,40.865308,68.523848,19.212042,0.692264
pattern_8,8-H-076,363484.624,6591806.855,194.736,193.986,7,6,0.702801,38.396992,69.309609,17.297532,0.651401
pattern_8,8-H-076,363484.624,6591806.855,193.986,193.236,8,6.75,0.657765,41.35803,69.061977,18.537792,0.746839
pattern_8,8-H-076,363484.624,6591806.855,193.236,192.486,9,7.5,0.655107,43.463351,67.756394,19.54716,0.773187
pattern_8,8-H-076,363484.624,6591806.855,192.486,191.736,10,8.25,0.600157,43.901759,68.044146,18.000935,0.855671
pattern_8,8-H-076,363484.624,6591806.855,191.736,190.986,11,9,0.614669,45.119118,67.469353,18.686062,0.851476
pattern_8,8-H-076,363484.624,6591806.855,190.986,190.236,12,9.75,0.573832,44.774678,68.156099,18.842346,0.914173
pattern_8,8-H-076,363484.624,6591806.855,190.236,189.486,13,10.5,0.616311,45.170387,67.740019,19.503686,0.853677
pattern_8,8-H-076,363484.624,6591806.855,189.486,188.736,14,11.25,0.55397,44.143459,66.150687,17.983234,0.906047
pattern_8,8-H-076,363484.624,6591806.855,188.736,187.986,15,12,0.582244,44.428138,67.859643,19.036869,0.890188
pattern_8,8-H-076,363484.624,6591806.855,187.986,187.236,16,12.75,0.62099,44.280891,68.51851,19.409777,0.840132
pattern_8,8-H-076,363484.624,6591806.855,187.236,186.486,17,13.5,0.610959,42.62782,68.188337,18.072002,0.817985
pattern_8,8-H-076,363484.624,6591806.855,186.486,185.736,18,14.25,0.636918,41.897761,68.084373,18.688073,0.770237
pattern_8,8-H-076,363484.624,6591806.855,185.736,184.986,19,15,0.620178,43.648916,69.533264,18.419751,0.841383
pattern_8,8-H-076,363484.624,6591806.855,184.986,184.236,20,15.75,0.609298,42.312389,69.602206,18.407238,0.831033
pattern_8,8-H-076,363484.624,6591806.855,184.236,184.126,21,15.86,0.644839,42.244205,69.463748,18.219246,0.782512
pattern_8,8-H-077,363483.681,6591799.169,200.173,199.423,0,0.75,0.824926,35.132716,71.810525,15.085044,0.526244
pattern_8,8-H-077,363483.681,6591799.169,199.423,198.673,1,1.5,0.784827,36.268881,69.10015,15.399467,0.549424
pattern_8,8-H-077,363483.681,6591799.169,198.673,197.923,2,2.25,0.765139,37.974999,69.721569,16.147615,0.595313
pattern_8,8-H-077,363483.681,6591799.169,197.923,197.173,3,3,0.786118,36.246916,71.090914,16.568137,0.564075
pattern_8,8-H-077,363483.681,6591799.169,197.173,196.423,4,3.75,0.758618,36.984078,69.430393,15.732818,0.582313
pattern_8,8-H-077,363483.681,6591799.169,196.423,195.673,5,4.5,0.769408,38.551346,68.83036,16.636385,0.593379
pattern_8,8-H-077,363483.681,6591799.169,195.673,194.923,6,5.25,0.744415,36.681132,69.564629,16.170937,0.589729
pattern_8,8-H-077,363483.681,6591799.169,194.923,194.173,7,6,0.731264,40.074974,71.044842,17.112731,0.669683
pattern_8,8-H-077,363483.681,6591799.169,194.173,193.423,8,6.75,0.721998,39.130373,69.288533,16.032098,0.645859
pattern_8,8-H-077,363483.681,6591799.169,193.423,192.673,9,7.5,0.655091,40.855539,68.617506,17.233786,0.735884
pattern_8,8-H-077,363483.681,6591799.169,192.673,191.923,10,8.25,0.676428,40.541705,67.918896,18.231574,0.700219
pattern_8,8-H-077,363483.681,6591799.169,191.923,191.173,11,9,0.670061,39.350804,68.272095,18.491768,0.689741
pattern_8,8-H-077,363483.681,6591799.169,191.173,190.423,12,9.75,0.670024,40.864396,67.268759,18.592545,0.705745
pattern_8,8-H-077,363483.681,6591799.169,190.423,189.673,13,10.5,0.68322,40.673016,68.906057,17.244888,0.705475
pattern_8,8-H-077,363483.681,6591799.169,189.673,188.923,14,11.25,0.694259,39.25625,69.472986,16.829107,0.675626
pattern_8,8-H-077,363483.681,6591799.169,188.923,188.173,15,12,0.681217,38.732968,68.331997,17.42059,0.668319
pattern_8,8-H-077,363483.681,6591799.169,188.173,187.423,16,12.75,0.725754,38.828754,69.179112,17.22159,0.63673
pattern_8,8-H-077,363483.681,6591799.169,187.423,186.673,17,13.5,0.726008,39.908126,69.635127,17.264409,0.658447
pattern_8,8-H-077,363483.681,6591799.169,186.673,185.923,18,14.25,0.724435,38.438874,68.765072,16.088503,0.627597
pattern_8,8-H-077,363483.681,6591799.169,185.923,185.173,19,15,0.731926,38.8828,69.995273,16.911817,0.639651
pattern_8,8-H-077,363483.681,6591799.169,185.173,184.423,20,15.75,0.693505,39.535382,68.369843,17.2998,0.670427
pattern_8,8-H-077,363483.681,6591799.169,184.423,184.274,21,15.899,0.692521,39.251544,68.52813,16.853205,0.668056
pattern_8,8-H-078,363481.912,6591791.708,199.915,199.165,0,0.75,0.86937,33.294865,71.559971,14.975433,0.471745
pattern_8,8-H-078,363481.912,6591791.708,199.165,198.415,1,1.5,0.826054,33.77902,69.605351,15.645121,0.489955
pattern_8,8-H-078,363481.912,6591791.708,198.415,197.665,2,2.25,0.82045,34.429736,70.520742,15.477141,0.509321
pattern_8,8-H-078,363481.912,6591791.708,197.665,196.915,3,3,0.82016,34.598213,71.633297,15.982033,0.520093
pattern_8,8-H-078,363481.912,6591791.708,196.915,196.165,4,3.75,0.803433,34.764055,69.589427,14.121888,0.518026
pattern_8,8-H-078,363481.912,6591791.708,196.165,195.415,5,4.5,0.789823,37.214508,70.081279,15.911747,0.568135
pattern_8,8-H-078,363481.912,6591791.708,195.415,194.665,6,5.25,0.810757,35.436062,71.508297,16.439479,0.537915
pattern_8,8-H-078,363481.912,6591791.708,194.665,193.915,7,6,0.763227,35.584734,69.331939,15.085901,0.556114
pattern_8,8-H-078,363481.912,6591791.708,193.915,193.165,8,6.75,0.783165,36.068589,70.018886,15.342401,0.554804
pattern_8,8-H-078,363481.912,6591791.708,193.165,192.415,9,7.5,0.771397,37.337171,70.448326,16.826719,0.586728
pattern_8,8-H-078,363481.912,6591791.708,192.415,191.665,10,8.25,0.724568,36.745191,69.778397,16.141272,0.608738
pattern_8,8-H-078,363481.912,6591791.708,191.665,190.915,11,9,0.695707,39.232573,67.340318,17.41184,0.653268
pattern_8,8-H-078,363481.912,6591791.708,190.915,190.165,12,9.75,0.698011,39.708755,68.695239,17.084704,0.672173
pattern_8,8-H-078,363481.912,6591791.708,190.165,189.415,13,10.5,0.716564,40.246685,70.917791,16.64434,0.685017
pattern_8,8-H-078,363481.912,6591791.708,189.415,188.665,14,11.25,0.670559,38.599353,68.25581,17.645814,0.675849
pattern_8,8-H-078,363481.912,6591791.708,188.665,187.915,15,12,0.708182,37.618041,69.597052,17.170824,0.635998
pattern_8,8-H-078,363481.912,6591791.708,187.915,187.165,16,12.75,0.695619,40.610386,71.06635,17.461794,0.713526
pattern_8,8-H-078,363481.912,6591791.708,187.165,186.415,17,13.5,0.735928,39.078074,69.577089,16.784593,0.635546
pattern_8,8-H-078,363481.912,6591791.708,186.415,185.665,18,14.25,0.726777,37.165049,69.478552,16.302774,0.611196
pattern_8,8-H-078,363481.912,6591791.708,185.665,184.915,19,15,0.755086,37.073014,69.182415,17.350519,0.584538
pattern_8,8-H-078,363481.912,6591791.708,184.915,184.165,20,15.75,0.73481,37.937273,70.521249,16.159795,0.62627
pattern_8,8-H-078,363481.912,6591791.708,184.165,184.156,21,15.759,0.74589,37.713352,71.454074,17.389105,0.621602
pattern_8,8-H-079,363480.798,6591835.828,199.957,199.207,0,0.75,0.764108,36.655413,69.672018,16.402302,0.57509
pattern_8,8-H-079,363480.798,6591835.828,199.207,198.457,1,1.5,0.738722,40.347084,69.750846,16.605562,0.65525
pattern_8,8-H-079,363480.798,6591835.828,198.457,197.707,2,2.25,0.712775,39.524785,68.868649,16.494553,0.65683
pattern_8,8-H-079,363480.798,6591835.828,197.707,196.957,3,3,0.687034,39.4235,68.854026,16.317441,0.679458
pattern_8,8-H-079,363480.798,6591835.828,196.957,196.207,4,3.75,0.704057,40.335762,69.202032,17.051514,0.681883
pattern_8,8-H-079,363480.798,6591835.828,196.207,195.457,5,4.5,0.699089,40.982024,68.875343,17.904459,0.694503
pattern_8,8-H-079,363480.798,6591835.828,195.457,194.707,6,5.25,0.700356,40.918126,68.084297,16.169551,0.684037
pattern_8,8-H-079,363480.798,6591835.828,194.707,193.957,7,6,0.673906,39.880993,67.366812,19.198903,0.685928
pattern_8,8-H-079,363480.798,6591835.828,193.957,193.207,8,6.75,0.632125,42.544237,68.282825,18.182963,0.790228
pattern_8,8-H-079,363480.798,6591835.828,193.207,192.457,9,7.5,0.62193,42.502535,66.903594,17.820031,0.786153
pattern_8,8-H-079,363480.798,6591835.828,192.457,191.707,10,8.25,0.611868,42.85291,68.767141,19.602566,0.828211
pattern_8,8-H-079,363480.798,6591835.828,191.707,190.957,11,9,0.574794,44.359803,66.210922,18.503596,0.87843
pattern_8,8-H-079,363480.798,6591835.828,190.957,190.207,12,9.75,0.571603,43.747515,69.276577,19.914317,0.911564
pattern_8,8-H-079,363480.798,6591835.828,190.207,189.457,13,10.5,0.630382,45.590979,67.374651,19.546703,0.837899
pattern_8,8-H-079,363480.798,6591835.828,189.457,188.707,14,11.25,0.588789,44.191472,68.108617,19.413328,0.878891
pattern_8,8-H-079,363480.798,6591835.828,188.707,187.957,15,12,0.631161,43.009129,67.964239,18.196629,0.796334
pattern_8,8-H-079,363480.798,6591835.828,187.957,187.207,16,12.75,0.602529,45.505254,66.551517,19.127922,0.864168
pattern_8,8-H-079,363480.798,6591835.828,187.207,186.457,17,13.5,0.640461,43.732036,67.338758,18.456868,0.790665
pattern_8,8-H-079,363480.798,6591835.828,186.457,185.707,18,14.25,0.628834,44.047568,69.188096,18.187597,0.833216
pattern_8,8-H-079,363480.798,6591835.828,185.707,184.957,19,15,0.61327,43.77476,67.782097,19.621032,0.831994
pattern_8,8-H-079,363480.798,6591835.828,184.957,184.31,20,15.647,0.607477,43.857734,68.501262,20.037501,0.850446
pattern_8,8-H-080,363480.109,6591827.63,200.073,199.323,0,0.75,0.70959,40.587301,68.93386,16.791877,0.678127
pattern_8,8-H-080,363480.109,6591827.63,199.323,198.573,1,1.5,0.701883,41.026176,71.001589,17.883122,0.713798
pattern_8,8-H-080,363480.109,6591827.63,198.573,197.823,2,2.25,0.690197,41.007455,69.081557,17.596034,0.705921
pattern_8,8-H-080,363480.109,6591827.63,197.823,197.073,3,3,0.690557,41.026435,69.940373,18.730471,0.714767
pattern_8,8-H-080,363480.109,6591827.63,197.073,196.323,4,3.75,0.672556,41.230311,67.441124,17.908398,0.7111
pattern_8,8-H-080,363480.109,6591827.63,196.323,195.573,5,4.5,0.662284,41.665857,67.667847,17.852213,0.73214
pattern_8,8-H-080,363480.109,6591827.63,195.573,194.823,6,5.25,0.651945,42.617218,68.453232,18.292651,0.769504
pattern_8,8-H-080,363480.109,6591827.63,194.823,194.073,7,6,0.648692,43.84414,68.532258,17.647003,0.79639
pattern_8,8-H-080,363480.109,6591827.63,194.073,193.323,8,6.75,0.62233,43.282949,68.600778,18.415876,0.820349
pattern_8,8-H-080,363480.109,6591827.63,193.323,192.573,9,7.5,0.61918,45.559604,68.478487,18.189882,0.866192
pattern_8,8-H-080,363480.109,6591827.63,192.573,191.823,10,8.25,0.581675,45.49561,67.843397,18.458239,0.912122
pattern_8,8-H-080,363480.109,6591827.63,191.823,191.073,11,9,0.589459,44.63625,67.237329,20.975728,0.875583
pattern_8,8-H-080,363480.109,6591827.63,191.073,190.323,12,9.75,0.558931,44.225331,65.895983,20.06819,0.896483
pattern_8,8-H-080,363480.109,6591827.63,190.323,189.573,13,10.5,0.56628,44.476823,67.008844,19.263706,0.904787
pattern_8,8-H-080,363480.109,6591827.63,189.573,188.823,14,11.25,0.609416,44.887925,67.784226,18.861617,0.858406
pattern_8,8-H-080,363480.109,6591827.63,188.823,188.073,15,12,0.625458,44.745972,67.179902,19.292815,0.826448
pattern_8,8-H-080,363480.109,6591827.63,188.073,187.323,16,12.75,0.638073,43.043455,67.183817,19.216425,0.779456
pattern_8,8-H-080,363480.109,6591827.63,187.323,186.573,17,13.5,0.617162,44.596358,66.426642,19.455856,0.825421
pattern_8,8-H-080,363480.109,6591827.63,186.573,185.823,18,14.25,0.616293,42.365655,67.788532,19.060612,0.801358
pattern_8,8-H-080,363480.109,6591827.63,185.823,185.073,19,15,0.62526,43.742746,68.564315,18.583617,0.824748
pattern_8,8-H-080,363480.109,6591827.63,185.073,184.323,20,15.75,0.605832,43.420792,67.715234,18.60057,0.834444
pattern_8,8-H-080,363480.109,6591827.63,184.323,183.818,21,16.255,0.616587,44.0422,68.656017,19.196478,0.843225
pattern_8,8-H-081,363478.998,6591819.828,199.996,199.246,0,0.75,0.672395,40.655158,70.233761,17.525516,0.730285
pattern_8,8-H-081,363478.998,6591819.828,199.246,198.496,1,1.5,0.689075,42.636375,67.571471,18.095849,0.719107
pattern_8,8-H-081,363478.998,6591819.828,198.496,197.746,2,2.25,0.661818,42.086827,68.876677,17.567315,0.753181
pattern_8,8-H-081,363478.998,6591819.828,197.746,196.996,3,3,0.679381,42.733684,67.972825,18.255597,0.735346
pattern_8,8-H-081,363478.998,6591819.828,196.996,196.246,4,3.75,0.643574,43.698009,67.185155,17.895929,0.784385
pattern_8,8-H-081,363478.998,6591819.828,196.246,195.496,5,4.5,0.628083,41.746289,66.777296,18.588201,0.763314
pattern_8,8-H-081,363478.998,6591819.828,195.496,194.746,6,5.25,0.626751,44.594307,68.623943,19.182165,0.839565
pattern_8,8-H-081,363478.998,6591819.828,194.746,193.996,7,6,0.631812,44.178988,67.86653,19.645651,0.816098
pattern_8,8-H-081,363478.998,6591819.828,193.996,193.246,8,6.75,0.555035,45.349599,66.928415,18.981847,0.939978
pattern_8,8-H-081,363478.998,6591819.828,193.246,192.496,9,7.5,0.564347,47.575345,66.918585,19.158908,0.969647
pattern_8,8-H-081,363478.998,6591819.828,192.496,191.746,10,8.25,0.548888,46.919714,65.860987,19.625243,0.967739
pattern_8,8-H-081,363478.998,6591819.828,191.746,190.996,11,9,0.550847,47.718645,65.164309,21.231103,0.970532
pattern_8,8-H-081,363478.998,6591819.828,190.996,190.246,12,9.75,0.562081,46.738985,66.808862,19.657865,0.954969
pattern_8,8-H-081,363478.998,6591819.828,190.246,189.496,13,10.5,0.528689,46.542071,67.466508,18.972699,1.020712
pattern_8,8-H-081,363478.998,6591819.828,189.496,188.746,14,11.25,0.585964,46.418581,67.259491,19.686589,0.916004
pattern_8,8-H-081,363478.998,6591819.828,188.746,187.996,15,12,0.536126,45.638369,67.331057,19.37912,0.985156
pattern_8,8-H-081,363478.998,6591819.828,187.996,187.246,16,12.75,0.585307,46.789465,66.765486,18.847148,0.917463
pattern_8,8-H-081,363478.998,6591819.828,187.246,186.496,17,13.5,0.569438,43.893014,69.244959,19.340636,0.917567
pattern_8,8-H-081,363478.998,6591819.828,186.496,185.746,18,14.25,0.591159,44.773965,67.219679,19.827986,0.875391
pattern_8,8-H-081,363478.998,6591819.828,185.746,184.996,19,15,0.576705,45.28256,67.831052,19.277131,0.915599
pattern_8,8-H-081,363478.998,6591819.828,184.996,184.246,20,15.75,0.589788,45.677699,68.493062,18.29616,0.911805
pattern_8,8-H-081,363478.998,6591819.828,184.246,183.783,21,16.213,0.587823,44.783942,67.458784,20.366008,0.883729
pattern_8,8-H-082,363477.746,6591812.25,200.002,199.252,0,0.75,0.709535,38.626126,69.443533,16.643821,0.650248
pattern_8,8-H-082,363477.746,6591812.25,199.252,198.502,1,1.5,0.745396,39.833271,68.701025,17.218193,0.631611
pattern_8,8-H-082,363477.746,6591812.25,198.502,197.752,2,2.25,0.68818,38.712766,69.582969,16.48446,0.673187
pattern_8,8-H-082,363477.746,6591812.25,197.752,197.002,3,3,0.725495,39.68703,69.850634,17.65006,0.657341
pattern_8,8-H-082,363477.746,6591812.25,197.002,196.252,4,3.75,0.719386,40.631843,69.020341,16.286484,0.670428
pattern_8,8-H-082,363477.746,6591812.25,196.252,195.502,5,4.5,0.702876,41.675392,69.621175,17.34377,0.709938
pattern_8,8-H-082,363477.746,6591812.25,195.502,194.752,6,5.25,0.657233,40.949307,67.613946,18.518919,0.724605
pattern_8,8-H-082,363477.746,6591812.25,194.752,194.002,7,6,0.651235,42.499531,66.348348,18.144218,0.744648
pattern_8,8-H-082,363477.746,6591812.25,194.002,193.252,8,6.75,0.629347,42.475418,67.054677,18.092402,0.778202
pattern_8,8-H-082,363477.746,6591812.25,193.252,192.502,9,7.5,0.604772,43.311587,68.21062,18.921732,0.839928
pattern_8,8-H-082,363477.746,6591812.25,192.502,191.752,10,8.25,0.61321,44.58465,67.113795,18.973432,0.839015
pattern_8,8-H-082,363477.746,6591812.25,191.752,191.002,11,9,0.587612,46.045644,66.877471,19.314076,0.900943
pattern_8,8-H-082,363477.746,6591812.25,191.002,190.252,12,9.75,0.564717,44.457215,67.281866,20.314102,0.910699
pattern_8,8-H-082,363477.746,6591812.25,190.252,189.502,13,10.5,0.556335,45.896835,68.394831,20.105237,0.969956
pattern_8,8-H-082,363477.746,6591812.25,189.502,188.752,14,11.25,0.592233,45.103468,67.209084,20.052666,0.880109
pattern_8,8-H-082,363477.746,6591812.25,188.752,188.002,15,12,0.595507,43.115437,66.899502,19.405485,0.832888
pattern_8,8-H-082,363477.746,6591812.25,188.002,187.252,16,12.75,0.617419,43.187562,67.181124,18.860675,0.808065
pattern_8,8-H-082,363477.746,6591812.25,187.252,186.502,17,13.5,0.64385,40.253863,68.024175,17.412276,0.731361
pattern_8,8-H-082,363477.746,6591812.25,186.502,185.752,18,14.25,0.644969,41.888492,69.262644,17.79643,0.773496
pattern_8,8-H-082,363477.746,6591812.25,185.752,185.002,19,15,0.671519,41.780118,68.377698,17.004946,0.731545
pattern_8,8-H-082,363477.746,6591812.25,185.002,184.252,20,15.75,0.668079,41.913267,68.894406,17.293564,0.743232
pattern_8,8-H-082,363477.746,6591812.25,184.252,183.502,21,16.5,0.641582,42.459512,68.034707,18.698202,0.774313
pattern_8,8-H-082,363477.746,6591812.25,183.502,183.128,22,16.874,0.632582,43.190355,67.517329,18.842405,0.792736
pattern_8,8-H-083,363477.261,6591804.165,199.996,199.246,0,0.75,0.772006,36.199319,70.175458,15.507266,0.566109
pattern_8,8-H-083,363477.261,6591804.165,199.246,198.496,1,1.5,0.753946,37.094428,70.938751,16.781963,0.600504
pattern_8,8-H-083,363477.261,6591804.165,198.496,197.746,2,2.25,0.738151,38.425651,69.498481,16.069787,0.622305
pattern_8,8-H-083,363477.261,6591804.165,197.746,196.996,3,3,0.73661,37.948239,69.299123,17.349635,0.614273
pattern_8,8-H-083,363477.261,6591804.165,196.996,196.246,4,3.75,0.731849,37.757802,69.575001,16.346082,0.617482
pattern_8,8-H-083,363477.261,6591804.165,196.246,195.496,5,4.5,0.756742,38.778786,68.249738,16.812295,0.601743
pattern_8,8-H-083,363477.261,6591804.165,195.496,194.746,6,5.25,0.720697,38.64032,69.000109,16.001707,0.636288
pattern_8,8-H-083,363477.261,6591804.165,194.746,193.996,7,6,0.716426,40.573057,68.708623,17.348213,0.669321
pattern_8,8-H-083,363477.261,6591804.165,193.996,193.246,8,6.75,0.673214,40.141881,69.011504,17.833004,0.707757
pattern_8,8-H-083,363477.261,6591804.165,193.246,192.496,9,7.5,0.674074,40.749189,67.592646,18.352948,0.702874
pattern_8,8-H-083,363477.261,6591804.165,192.496,191.746,10,8.25,0.660169,41.868561,67.379038,17.945239,0.734912
pattern_8,8-H-083,363477.261,6591804.165,191.746,190.996,11,9,0.584981,42.568407,68.676782,17.859962,0.859094
pattern_8,8-H-083,363477.261,6591804.165,190.996,190.246,12,9.75,0.621096,43.636321,68.448216,18.903055,0.826887
pattern_8,8-H-083,363477.261,6591804.165,190.246,189.496,13,10.5,0.63761,43.034234,68.155277,19.435345,0.791122
pattern_8,8-H-083,363477.261,6591804.165,189.496,188.746,14,11.25,0.654248,43.096793,67.426417,18.298875,0.76381
pattern_8,8-H-083,363477.261,6591804.165,188.746,187.996,15,12,0.664959,42.006723,67.86694,18.543093,0.737392
pattern_8,8-H-083,363477.261,6591804.165,187.996,187.246,16,12.75,0.654222,44.282824,67.990193,18.01239,0.79131
pattern_8,8-H-083,363477.261,6591804.165,187.246,186.496,17,13.5,0.641437,42.370345,68.082911,18.982597,0.773446
pattern_8,8-H-083,363477.261,6591804.165,186.496,185.746,18,14.25,0.650198,41.901067,67.484491,17.928384,0.747889
pattern_8,8-H-083,363477.261,6591804.165,185.746,184.996,19,15,0.666359,41.168486,69.100296,17.666957,0.734167
pattern_8,8-H-083,363477.261,6591804.165,184.996,184.246,20,15.75,0.631768,39.724794,69.222184,17.697811,0.74849
pattern_8,8-H-083,363477.261,6591804.165,184.246,183.781,21,16.215,0.651413,40.435104,69.191827,16.948141,0.73851
pattern_8,8-H-084,363476.117,6591795.834,200.149,199.399,0,0.75,0.84061,34.451192,70.023382,15.713598,0.493993
pattern_8,8-H-084,363476.117,6591795.834,199.399,198.649,1,1.5,0.838909,35.624232,71.099417,15.729253,0.519617
pattern_8,8-H-084,363476.117,6591795.834,198.649,197.899,2,2.25,0.791369,34.409942,70.469748,15.819423,0.527327
pattern_8,8-H-084,363476.117,6591795.834,197.899,197.149,3,3,0.797752,36.706321,70.337443,16.946206,0.556999
pattern_8,8-H-084,363476.117,6591795.834,197.149,196.399,4,3.75,0.807392,37.238115,71.095435,16.321484,0.564236
pattern_8,8-H-084,363476.117,6591795.834,196.399,195.649,5,4.5,0.780583,37.885049,70.017112,16.403252,0.584686
pattern_8,8-H-084,363476.117,6591795.834,195.649,194.899,6,5.25,0.76271,35.591854,70.319305,17.251542,0.564764
pattern_8,8-H-084,363476.117,6591795.834,194.899,194.149,7,6,0.773665,37.88995,71.049027,16.031663,0.598593
pattern_8,8-H-084,363476.117,6591795.834,194.149,193.399,8,6.75,0.727029,37.64449,70.304347,16.809797,0.626235
pattern_8,8-H-084,363476.117,6591795.834,193.399,192.649,9,7.5,0.716544,39.627003,67.398065,16.933866,0.641178
pattern_8,8-H-084,363476.117,6591795.834,192.649,191.899,10,8.25,0.733847,39.624778,69.349212,16.471167,0.644082
pattern_8,8-H-084,363476.117,6591795.834,191.899,191.149,11,9,0.737005,38.310486,69.668616,18.098722,0.62317
pattern_8,8-H-084,363476.117,6591795.834,191.149,190.399,12,9.75,0.693871,41.408792,68.381407,18.202682,0.701955
pattern_8,8-H-084,363476.117,6591795.834,190.399,189.649,13,10.5,0.708452,39.395608,67.683864,17.32557,0.647476
pattern_8,8-H-084,363476.117,6591795.834,189.649,188.899,14,11.25,0.703895,39.62517,68.332459,16.757207,0.661631
pattern_8,8-H-084,363476.117,6591795.834,188.899,188.149,15,12,0.715995,39.855604,69.1535,16.491374,0.662059
pattern_8,8-H-084,363476.117,6591795.834,188.149,187.399,16,12.75,0.743746,38.462557,70.505749,17.19129,0.627297
pattern_8,8-H-084,363476.117,6591795.834,187.399,186.649,17,13.5,0.74516,37.333912,70.135779,15.879272,0.604462
pattern_8,8-H-084,363476.117,6591795.834,186.649,185.899,18,14.25,0.741827,37.44665,69.066174,16.753692,0.599845
pattern_8,8-H-084,363476.117,6591795.834,185.899,185.149,19,15,0.74201,37.571572,69.435883,16.786771,0.604905
pattern_8,8-H-084,363476.117,6591795.834,185.149,184.399,20,15.75,0.743777,37.682711,69.537946,16.567538,0.606112
pattern_8,8-H-084,363476.117,6591795.834,184.399,184.161,21,15.988,0.724274,38.723367,69.184599,16.481881,0.636261
pattern_8,8-H-085,363473.569,6591832.566,199.98,199.23,0,0.75,0.730251,38.688892,70.074857,16.950689,0.638655
pattern_8,8-H-085,363473.569,6591832.566,199.23,198.48,1,1.5,0.706419,39.781104,69.43346,17.577771,0.672591
pattern_8,8-H-085,363473.569,6591832.566,198.48,197.73,2,2.25,0.669499,38.767421,68.583275,16.821978,0.683005
pattern_8,8-H-085,363473.569,6591832.566,197.73,196.98,3,3,0.722228,41.660241,68.742884,17.569186,0.682062
pattern_8,8-H-085,363473.569,6591832.566,196.98,196.23,4,3.75,0.664074,40.932013,69.682086,18.101914,0.738669
pattern_8,8-H-085,363473.569,6591832.566,196.23,195.48,5,4.5,0.684489,40.905344,68.004107,17.82815,0.69901
pattern_8,8-H-085,363473.569,6591832.566,195.48,194.73,6,5.25,0.646776,42.388436,68.488051,17.376909,0.771766
pattern_8,8-H-085,363473.569,6591832.566,194.73,193.98,7,6,0.646553,41.479256,68.724046,18.638337,0.758266
pattern_8,8-H-085,363473.569,6591832.566,193.98,193.23,8,6.75,0.666865,43.074151,67.707365,18.605316,0.752158
pattern_8,8-H-085,363473.569,6591832.566,193.23,192.48,9,7.5,0.633742,42.039759,66.981761,18.13623,0.764092
pattern_8,8-H-085,363473.569,6591832.566,192.48,191.73,10,8.25,0.600804,45.49691,68.092032,18.775444,0.886445
pattern_8,8-H-085,363473.569,6591832.566,191.73,190.98,11,9,0.583115,43.5509,66.488814,18.600823,0.853749
pattern_8,8-H-085,363473.569,6591832.566,190.98,190.23,12,9.75,0.595144,43.620521,67.576437,19.397525,0.851637
pattern_8,8-H-085,363473.569,6591832.566,190.23,189.48,13,10.5,0.603521,44.247593,67.624138,18.856949,0.852423
pattern_8,8-H-085,363473.569,6591832.566,189.48,188.73,14,11.25,0.616519,42.55112,68.410022,20.084823,0.812041
pattern_8,8-H-085,363473.569,6591832.566,188.73,187.98,15,12,0.643559,42.470227,67.622987,17.98946,0.767391
pattern_8,8-H-085,363473.569,6591832.566,187.98,187.23,16,12.75,0.654421,41.875345,69.074543,18.319993,0.760115
pattern_8,8-H-085,363473.569,6591832.566,187.23,186.48,17,13.5,0.671069,40.540788,66.964032,17.935754,0.695851
pattern_8,8-H-085,363473.569,6591832.566,186.48,185.73,18,14.25,0.644815,43.145725,67.752783,18.210832,0.779563
pattern_8,8-H-085,363473.569,6591832.566,185.73,184.98,19,15,0.666708,41.45815,69.010823,17.67678,0.73798
pattern_8,8-H-085,363473.569,6591832.566,184.98,184.23,20,15.75,0.640823,41.66972,68.491769,18.718526,0.765948
pattern_8,8-H-085,363473.569,6591832.566,184.23,183.989,21,15.991,0.653138,41.73619,68.158645,17.849365,0.748988
pattern_8,8-H-086,363472.512,6591825.296,200.065,199.315,0,0.75,0.705839,42.499781,67.936391,18.080989,0.703605
pattern_8,8-H-086,363472.512,6591825.296,199.315,198.565,1,1.5,0.655982,43.717538,69.387413,18.480827,0.795169
pattern_8,8-H-086,363472.512,6591825.296,198.565,197.815,2,2.25,0.645465,44.103246,68.615829,19.807592,0.80632
pattern_8,8-H-086,363472.512,6591825.296,197.815,197.065,3,3,0.605366,44.183318,68.346474,19.202661,0.857683
pattern_8,8-H-086,363472.512,6591825.296,197.065,196.315,4,3.75,0.630328,43.46307,66.607689,19.78408,0.78993
pattern_8,8-H-086,363472.512,6591825.296,196.315,195.565,5,4.5,0.612469,44.652263,67.244534,19.245253,0.842966
pattern_8,8-H-086,363472.512,6591825.296,195.565,194.815,6,5.25,0.585186,44.113934,67.850948,18.715398,0.879326
pattern_8,8-H-086,363472.512,6591825.296,194.815,194.065,7,6,0.583673,44.731654,68.028945,18.603078,0.896237
pattern_8,8-H-086,363472.512,6591825.296,194.065,193.315,8,6.75,0.606237,46.119749,67.162892,18.770275,0.878395
pattern_8,8-H-086,363472.512,6591825.296,193.315,192.565,9,7.5,0.558188,44.976081,66.482194,20.40052,0.921009
pattern_8,8-H-086,363472.512,6591825.296,192.565,191.815,10,8.25,0.546651,47.515216,66.690061,20.496167,0.996456
pattern_8,8-H-086,363472.512,6591825.296,191.815,191.065,11,9,0.527073,47.975773,66.142122,20.83571,1.034858
pattern_8,8-H-086,363472.512,6591825.296,191.065,190.315,12,9.75,0.524702,47.175366,65.923769,20.424077,1.018804
pattern_8,8-H-086,363472.512,6591825.296,190.315,189.565,13,10.5,0.511016,49.704431,67.556631,21.074224,1.12928
pattern_8,8-H-086,363472.512,6591825.296,189.565,188.815,14,11.25,0.539523,45.151521,67.216988,20.322845,0.967028
pattern_8,8-H-086,363472.512,6591825.296,188.815,188.065,15,12,0.532242,46.239838,66.798625,21.128471,0.997655
pattern_8,8-H-086,363472.512,6591825.296,188.065,187.315,16,12.75,0.530243,46.410754,66.465073,20.650318,1.000035
pattern_8,8-H-086,363472.512,6591825.296,187.315,186.565,17,13.5,0.564567,46.477298,67.817958,19.669963,0.959709
pattern_8,8-H-086,363472.512,6591825.296,186.565,185.815,18,14.25,0.54926,45.499423,66.716223,18.209217,0.94986
pattern_8,8-H-086,363472.512,6591825.296,185.815,185.065,19,15,0.594779,44.869662,66.37497,19.104543,0.860916
pattern_8,8-H-086,363472.512,6591825.296,185.065,184.315,20,15.75,0.547386,46.102135,66.20749,19.391229,0.958497
pattern_8,8-H-086,363472.512,6591825.296,184.315,183.565,21,16.5,0.563945,45.725832,66.437196,20.524916,0.926178
pattern_8,8-H-086,363472.512,6591825.296,183.565,183.247,22,16.818,0.53534,45.879697,67.742156,19.360982,0.997843
pattern_8,8-H-087,363471.743,6591816.513,200.03,199.28,0,0.75,0.678301,42.171441,69.000833,17.922817,0.73777
pattern_8,8-H-087,363471.743,6591816.513,199.28,198.53,1,1.5,0.623643,41.504243,68.751879,17.895467,0.786738
pattern_8,8-H-087,363471.743,6591816.513,198.53,197.78,2,2.25,0.636825,43.308847,68.422396,17.940805,0.800068
pattern_8,8-H-087,363471.743,6591816.513,197.78,197.03,3,3,0.648296,42.440836,67.419546,18.499528,0.759051
pattern_8,8-H-087,363471.743,6591816.513,197.03,196.28,4,3.75,0.594642,41.930722,67.633451,18.46514,0.820002
pattern_8,8-H-087,363471.743,6591816.513,196.28,195.53,5,4.5,0.589773,42.944119,67.657013,18.743054,0.847009
pattern_8,8-H-087,363471.743,6591816.513,195.53,194.78,6,5.25,0.617175,42.533339,67.111176,18.987186,0.795362
pattern_8,8-H-087,363471.743,6591816.513,194.78,194.03,7,6,0.630651,45.049368,68.266449,19.495885,0.838537
pattern_8,8-H-087,363471.743,6591816.513,194.03,193.28,8,6.75,0.576413,44.878153,67.768168,19.283898,0.907063
pattern_8,8-H-087,363471.743,6591816.513,193.28,192.53,9,7.5,0.581967,45.886896,67.142927,19.849451,0.910186
pattern_8,8-H-087,363471.743,6591816.513,192.53,191.78,10,8.25,0.579693,46.396933,68.357072,19.998288,0.940557
pattern_8,8-H-087,363471.743,6591816.513,191.78,191.03,11,9,0.574598,47.166515,68.033287,19.618944,0.959971
pattern_8,8-H-087,363471.743,6591816.513,191.03,190.28,12,9.75,0.544071,46.28787,66.281033,20.331891,0.969384
pattern_8,8-H-087,363471.743,6591816.513,190.28,189.53,13,10.5,0.543428,46.037815,64.792476,19.630932,0.94359
pattern_8,8-H-087,363471.743,6591816.513,189.53,188.78,14,11.25,0.523248,48.005646,67.164677,20.036776,1.059039
pattern_8,8-H-087,363471.743,6591816.513,188.78,188.03,15,12,0.550058,45.100549,67.270838,19.582572,0.948154
pattern_8,8-H-087,363471.743,6591816.513,188.03,187.28,16,12.75,0.555386,46.501382,67.715242,20.4592,0.974661
pattern_8,8-H-087,363471.743,6591816.513,187.28,186.53,17,13.5,0.562017,46.47602,67.417187,18.945123,0.958257
pattern_8,8-H-087,363471.743,6591816.513,186.53,185.78,18,14.25,0.568339,46.247778,67.805108,18.708826,0.948364
pattern_8,8-H-087,363471.743,6591816.513,185.78,185.706,19,14.324,0.578825,45.527816,66.764687,19.425306,0.902818
pattern_8,8-H-088,363470.563,6591808.687,200.039,199.289,0,0.75,0.757329,38.31396,70.399435,16.45907,0.612701
pattern_8,8-H-088,363470.563,6591808.687,199.289,198.539,1,1.5,0.794962,35.873926,68.787544,16.696501,0.534295
pattern_8,8-H-088,363470.563,6591808.687,198.539,197.789,2,2.25,0.726053,38.672774,70.259746,17.476124,0.643821
pattern_8,8-H-088,363470.563,6591808.687,197.789,197.039,3,3,0.711763,40.431378,67.872299,17.163966,0.663179
pattern_8,8-H-088,363470.563,6591808.687,197.039,196.289,4,3.75,0.677016,40.280972,69.328805,17.309538,0.7094
pattern_8,8-H-088,363470.563,6591808.687,196.289,195.539,5,4.5,0.701363,40.035338,68.024369,18.359376,0.668043
pattern_8,8-H-088,363470.563,6591808.687,195.539,194.789,6,5.25,0.687274,39.115487,69.143104,17.447043,0.676888
pattern_8,8-H-088,363470.563,6591808.687,194.789,194.039,7,6,0.716774,41.272948,69.627294,18.549873,0.689717
pattern_8,8-H-088,363470.563,6591808.687,194.039,193.289,8,6.75,0.64388,42.088291,69.223633,18.014588,0.778074
pattern_8,8-H-088,363470.563,6591808.687,193.289,192.539,9,7.5,0.633164,41.512032,67.325142,17.203457,0.758961
pattern_8,8-H-088,363470.563,6591808.687,192.539,191.789,10,8.25,0.641985,43.036907,68.243506,18.521979,0.786699
pattern_8,8-H-088,363470.563,6591808.687,191.789,191.039,11,9,0.592062,44.031492,68.601433,18.774302,0.877096
pattern_8,8-H-088,363470.563,6591808.687,191.039,190.289,12,9.75,0.609602,44.490902,68.92181,19.129788,0.864844
pattern_8,8-H-088,363470.563,6591808.687,190.289,189.539,13,10.5,0.597559,42.878171,68.449266,18.896524,0.844489
pattern_8,8-H-088,363470.563,6591808.687,189.539,188.789,14,11.25,0.626229,42.372825,67.659338,19.312331,0.787345
pattern_8,8-H-088,363470.563,6591808.687,188.789,188.039,15,12,0.661599,41.563467,67.943414,18.441696,0.73414
pattern_8,8-H-088,363470.563,6591808.687,188.039,187.289,16,12.75,0.658116,41.521911,68.375058,19.177196,0.742036
pattern_8,8-H-088,363470.563,6591808.687,187.289,186.539,17,13.5,0.687529,41.878148,69.693518,17.926991,0.730085
pattern_8,8-H-088,363470.563,6591808.687,186.539,185.789,18,14.25,0.658047,42.712506,69.358052,17.540331,0.774069
pattern_8,8-H-088,363470.563,6591808.687,185.789,185.039,19,15,0.685097,41.698448,67.390045,19.196529,0.705648
pattern_8,8-H-088,363470.563,6591808.687,185.039,184.289,20,15.75,0.647631,40.794112,69.568454,16.754148,0.753432
pattern_8,8-H-088,363470.563,6591808.687,184.289,183.55,21,16.489,0.638001,41.800149,68.334452,18.600648,0.769945
pattern_8,8-H-089,363469.366,6591800.662,199.974,199.224,0,0.75,0.812443,35.717768,70.056879,16.362598,0.530103
pattern_8,8-H-089,363469.366,6591800.662,199.224,198.474,1,1.5,0.778396,36.011428,70.462081,16.346611,0.560948
pattern_8,8-H-089,363469.366,6591800.662,198.474,197.724,2,2.25,0.808177,38.289523,70.516911,16.66229,0.574891
pattern_8,8-H-089,363469.366,6591800.662,197.724,196.974,3,3,0.754499,37.030829,69.983122,16.517123,0.590966
pattern_8,8-H-089,363469.366,6591800.662,196.974,196.224,4,3.75,0.73447,38.954855,69.77024,16.423176,0.636514
pattern_8,8-H-089,363469.366,6591800.662,196.224,195.474,5,4.5,0.778008,37.883837,70.60103,15.521745,0.591364
pattern_8,8-H-089,363469.366,6591800.662,195.474,194.724,6,5.25,0.733061,38.781795,69.351621,16.896291,0.63117
pattern_8,8-H-089,363469.366,6591800.662,194.724,193.974,7,6,0.705138,39.412253,68.459812,18.568576,0.658371
pattern_8,8-H-089,363469.366,6591800.662,193.974,193.224,8,6.75,0.679224,41.388088,68.717228,18.21491,0.720197
pattern_8,8-H-089,363469.366,6591800.662,193.224,192.474,9,7.5,0.713713,39.976632,69.957321,17.882451,0.674069
pattern_8,8-H-089,363469.366,6591800.662,192.474,191.724,10,8.25,0.674839,40.652702,70.22727,18.268742,0.727627
pattern_8,8-H-089,363469.366,6591800.662,191.724,190.974,11,9,0.637213,40.554835,68.713798,18.654289,0.752142
pattern_8,8-H-089,363469.366,6591800.662,190.974,190.224,12,9.75,0.653072,42.037962,67.965438,18.641495,0.752428
pattern_8,8-H-089,363469.366,6591800.662,190.224,189.474,13,10.5,0.674794,41.981707,68.401295,17.775259,0.731853
pattern_8,8-H-089,363469.366,6591800.662,189.474,188.724,14,11.25,0.680592,39.992245,67.797475,18.368745,0.68534
pattern_8,8-H-089,363469.366,6591800.662,188.724,187.974,15,12,0.690828,41.394805,69.592255,17.916671,0.717206
pattern_8,8-H-089,363469.366,6591800.662,187.974,187.224,16,12.75,0.688053,40.053992,69.81822,16.601142,0.698931
pattern_8,8-H-089,363469.366,6591800.662,187.224,186.474,17,13.5,0.658251,40.765108,69.28621,18.924521,0.738051
pattern_8,8-H-089,363469.366,6591800.662,186.474,185.724,18,14.25,0.69581,40.448025,69.21859,17.59695,0.692086
pattern_8,8-H-089,363469.366,6591800.662,185.724,184.974,19,15,0.705546,39.237589,70.158354,16.965008,0.671088
pattern_8,8-H-089,363469.366,6591800.662,184.974,184.224,20,15.75,0.690332,39.64595,69.525656,18.14983,0.686862
pattern_8,8-H-089,363469.366,6591800.662,184.224,184.162,21,15.812,0.696567,39.010537,68.375537,17.946521,0.658789
pattern_8,8-H-090,363468.547,6591792.992,199.955,199.205,0,0.75,0.815459,35.626959,70.450097,15.295401,0.529629
pattern_8,8-H-090,363468.547,6591792.992,199.205,198.455,1,1.5,0.802787,36.352373,68.924381,16.003638,0.537115
pattern_8,8-H-090,363468.547,6591792.992,198.455,197.705,2,2.25,0.783597,34.087997,70.528206,15.676804,0.527993
pattern_8,8-H-090,363468.547,6591792.992,197.705,196.955,3,3,0.830766,36.288221,70.967293,16.044652,0.533484
pattern_8,8-H-090,363468.547,6591792.992,196.955,196.205,4,3.75,0.791237,35.640213,69.550726,15.733063,0.539094
pattern_8,8-H-090,363468.547,6591792.992,196.205,195.455,5,4.5,0.74502,37.831092,68.473714,17.84465,0.598368
pattern_8,8-H-090,363468.547,6591792.992,195.455,194.705,6,5.25,0.746057,37.638654,69.946839,15.66265,0.606989
pattern_8,8-H-090,363468.547,6591792.992,194.705,193.955,7,6,0.760652,38.669462,69.102976,17.0135,0.604441
pattern_8,8-H-090,363468.547,6591792.992,193.955,193.205,8,6.75,0.726624,36.969861,70.549044,17.563568,0.617617
pattern_8,8-H-090,363468.547,6591792.992,193.205,192.455,9,7.5,0.720133,38.829079,69.207066,18.014988,0.642044
pattern_8,8-H-090,363468.547,6591792.992,192.455,191.705,10,8.25,0.659765,39.497975,67.096745,18.164028,0.690976
pattern_8,8-H-090,363468.547,6591792.992,191.705,190.955,11,9,0.688484,42.700958,67.948598,17.642516,0.724766
pattern_8,8-H-090,363468.547,6591792.992,190.955,190.205,12,9.75,0.64986,40.005667,69.344094,16.818912,0.734022
pattern_8,8-H-090,363468.547,6591792.992,190.205,189.455,13,10.5,0.717291,39.805378,70.14568,16.890519,0.669526
pattern_8,8-H-090,363468.547,6591792.992,189.455,188.705,14,11.25,0.725499,38.153729,68.307004,16.701481,0.617988
pattern_8,8-H-090,363468.547,6591792.992,188.705,187.955,15,12,0.704428,38.431061,69.79194,17.117258,0.654967
pattern_8,8-H-090,363468.547,6591792.992,187.955,187.205,16,12.75,0.719246,39.014082,69.245848,17.985493,0.646242
pattern_8,8-H-090,363468.547,6591792.992,187.205,186.455,17,13.5,0.715983,39.749212,69.403463,16.253575,0.662659
pattern_8,8-H-090,363468.547,6591792.992,186.455,185.705,18,14.25,0.719851,37.418069,70.077351,17.388601,0.626714
pattern_8,8-H-090,363468.547,6591792.992,185.705,184.955,19,15,0.704353,37.276358,71.041758,16.764783,0.646716
pattern_8,8-H-090,363468.547,6591792.992,184.955,184.394,20,15.561,0.720947,38.402238,69.393525,16.727058,0.635842
pattern_8,8-H-091,363467.234,6591837.145,199.977,199.227,0,0.75,0.770194,38.044391,69.299533,16.62444,0.588979
pattern_8,8-H-091,363467.234,6591837.145,199.227,198.477,1,1.5,0.766577,37.30609,69.783309,16.471231,0.584322
pattern_8,8-H-091,363467.234,6591837.145,198.477,197.727,2,2.25,0.725906,38.848124,68.64501,17.398858,0.632034
pattern_8,8-H-091,363467.234,6591837.145,197.727,196.977,3,3,0.718067,39.350344,69.470347,17.12905,0.654866
pattern_8,8-H-091,363467.234,6591837.145,196.977,196.227,4,3.75,0.696357,40.127534,68.576324,17.627716,0.679739
pattern_8,8-H-091,363467.234,6591837.145,196.227,195.477,5,4.5,0.710039,39.897791,68.979703,16.373182,0.666612
pattern_8,8-H-091,363467.234,6591837.145,195.477,194.727,6,5.25,0.701749,40.361887,67.752092,18.365282,0.67042
pattern_8,8-H-091,363467.234,6591837.145,194.727,193.977,7,6,0.654341,41.220305,69.284351,17.12597,0.750473
pattern_8,8-H-091,363467.234,6591837.145,193.977,193.227,8,6.75,0.655883,41.764552,67.626605,18.781773,0.740672
pattern_8,8-H-091,363467.234,6591837.145,193.227,192.477,9,7.5,0.618291,43.122148,67.952248,18.074494,0.814837
pattern_8,8-H-091,363467.234,6591837.145,192.477,191.727,10,8.25,0.624847,42.511661,66.725545,18.071852,0.780616
pattern_8,8-H-091,363467.234,6591837.145,191.727,190.977,11,9,0.638382,43.347535,68.568095,18.068189,0.800544
pattern_8,8-H-091,363467.234,6591837.145,190.977,190.227,12,9.75,0.646733,43.41136,67.121564,18.870998,0.774844
pattern_8,8-H-091,363467.234,6591837.145,190.227,189.477,13,10.5,0.610208,42.907132,69.067726,18.766301,0.835029
pattern_8,8-H-091,363467.234,6591837.145,189.477,188.727,14,11.25,0.652191,42.696813,68.346291,18.633653,0.769489
pattern_8,8-H-091,363467.234,6591837.145,188.727,187.977,15,12,0.664446,40.636161,67.088723,17.463512,0.705663
pattern_8,8-H-091,363467.234,6591837.145,187.977,187.227,16,12.75,0.685639,40.441118,69.101255,17.877943,0.701049
pattern_8,8-H-091,363467.234,6591837.145,187.227,186.477,17,13.5,0.667901,41.034558,67.051909,18.02832,0.708566
pattern_8,8-H-091,363467.234,6591837.145,186.477,185.727,18,14.25,0.646336,40.005035,67.107706,18.391117,0.714457
pattern_8,8-H-091,363467.234,6591837.145,185.727,184.977,19,15,0.668536,39.484144,68.836762,18.154403,0.699322
pattern_8,8-H-091,363467.234,6591837.145,184.977,184.227,20,15.75,0.653833,39.685655,68.161879,17.030027,0.711476
pattern_8,8-H-091,363467.234,6591837.145,184.227,183.775,21,16.202,0.652983,42.453663,68.488987,17.480818,0.765645
pattern_8,8-H-092,363466.236,6591829.384,200.029,199.279,0,0.75,0.709467,39.438119,69.497579,18.139,0.664635
pattern_8,8-H-092,363466.236,6591829.384,199.279,198.529,1,1.5,0.714511,41.094367,68.483986,17.855669,0.677551
pattern_8,8-H-092,363466.236,6591829.384,198.529,197.779,2,2.25,0.684862,42.135667,68.898217,18.518238,0.729095
pattern_8,8-H-092,363466.236,6591829.384,197.779,197.029,3,3,0.707351,39.724057,70.163592,17.422781,0.67776
pattern_8,8-H-092,363466.236,6591829.384,197.029,196.279,4,3.75,0.689945,40.960198,69.661473,18.225024,0.711346
pattern_8,8-H-092,363466.236,6591829.384,196.279,195.529,5,4.5,0.658342,42.595139,68.553134,16.931326,0.762599
pattern_8,8-H-092,363466.236,6591829.384,195.529,194.779,6,5.25,0.680147,41.922965,68.424771,19.25655,0.725525
pattern_8,8-H-092,363466.236,6591829.384,194.779,194.029,7,6,0.642195,42.522367,68.248061,18.143057,0.777073
pattern_8,8-H-092,363466.236,6591829.384,194.029,193.279,8,6.75,0.59314,44.108105,67.356835,19.592211,0.861256
pattern_8,8-H-092,363466.236,6591829.384,193.279,192.529,9,7.5,0.626373,46.119833,67.76358,18.293567,0.857758
pattern_8,8-H-092,363466.236,6591829.384,192.529,191.779,10,8.25,0.585428,44.109195,68.321414,18.351576,0.884902
pattern_8,8-H-092,363466.236,6591829.384,191.779,191.029,11,9,0.574796,46.833515,66.859658,18.945022,0.936403
pattern_8,8-H-092,363466.236,6591829.384,191.029,190.279,12,9.75,0.592541,45.953012,67.844991,19.66166,0.904584
pattern_8,8-H-092,363466.236,6591829.384,190.279,189.529,13,10.5,0.566549,46.776117,65.520436,19.549851,0.929954
pattern_8,8-H-092,363466.236,6591829.384,189.529,188.779,14,11.25,0.595633,45.581087,67.357845,19.694294,0.886249
pattern_8,8-H-092,363466.236,6591829.384,188.779,188.029,15,12,0.572196,42.569721,68.976973,18.611081,0.88219
pattern_8,8-H-092,363466.236,6591829.384,188.029,187.279,16,12.75,0.607151,44.607139,67.658363,18.186536,0.854556
pattern_8,8-H-092,363466.236,6591829.384,187.279,186.529,17,13.5,0.63374,43.653997,67.962975,19.363741,0.805088
pattern_8,8-H-092,363466.236,6591829.384,186.529,185.779,18,14.25,0.61487,43.336636,68.116695,17.890327,0.825388
pattern_8,8-H-092,363466.236,6591829.384,185.779,185.029,19,15,0.589219,44.355485,67.187785,18.560123,0.869513
pattern_8,8-H-092,363466.236,6591829.384,185.029,184.279,20,15.75,0.612071,45.13401,66.429356,17.977322,0.842126
pattern_8,8-H-092,363466.236,6591829.384,184.279,183.953,21,16.076,0.590437,43.219141,67.108984,19.256082,0.844647
pattern_8,8-H-093,363465.164,6591821.777,200.027,199.277,0,0.75,0.692696,43.549427,69.438507,17.440687,0.750681
pattern_8,8-H-093,363465.164,6591821.777,199.277,198.527,1,1.5,0.621923,43.254499,69.852622,18.419624,0.835275
pattern_8,8-H-093,363465.164,6591821.777,198.527,197.777,2,2.25,0.633161,45.259064,66.915928,18.523219,0.822428
pattern_8,8-H-093,363465.164,6591821.777,197.777,197.027,3,3,0.604991,43.770597,67.297062,19.901071,0.837284
pattern_8,8-H-093,363465.164,6591821.777,197.027,196.277,4,3.75,0.590552,45.279585,67.414521,19.841683,0.888719
pattern_8,8-H-093,363465.164,6591821.777,196.277,195.527,5,4.5,0.59224,47.414708,67.733211,19.601915,0.932214
pattern_8,8-H-093,363465.164,6591821.777,195.527,194.777,6,5.25,0.613547,46.69597,66.58,20.712818,0.871402
pattern_8,8-H-093,363465.164,6591821.777,194.777,194.027,7,6,0.545127,48.014198,66.500107,18.736076,1.006618
pattern_8,8-H-093,363465.164,6591821.777,194.027,193.277,8,6.75,0.563438,46.260272,64.918343,19.585669,0.916318
pattern_8,8-H-093,363465.164,6591821.777,193.277,192.527,9,7.5,0.541959,45.264356,66.150384,19.657309,0.949736
pattern_8,8-H-093,363465.164,6591821.777,192.527,191.777,10,8.25,0.553711,46.568134,65.704962,20.992318,0.950077
pattern_8,8-H-093,363465.164,6591821.777,191.777,191.027,11,9,0.516586,48.249337,65.942315,20.600786,1.058591
pattern_8,8-H-093,363465.164,6591821.777,191.027,190.277,12,9.75,0.503301,47.807525,66.597625,20.401054,1.087191
pattern_8,8-H-093,363465.164,6591821.777,190.277,189.527,13,10.5,0.523837,47.604407,66.946278,20.315649,1.04566
pattern_8,8-H-093,363465.164,6591821.777,189.527,188.777,14,11.25,0.516679,47.979824,66.118215,20.676264,1.055313
pattern_8,8-H-093,363465.164,6591821.777,188.777,188.027,15,12,0.548244,47.739922,66.225861,21.468351,0.991441
pattern_8,8-H-093,363465.164,6591821.777,188.027,187.277,16,12.75,0.551462,47.160365,67.265494,18.802839,0.988658
pattern_8,8-H-093,363465.164,6591821.777,187.277,186.527,17,13.5,0.537508,46.881951,65.73646,20.705987,0.985654
pattern_8,8-H-093,363465.164,6591821.777,186.527,185.777,18,14.25,0.564967,46.423138,66.472252,18.72296,0.938841
pattern_8,8-H-093,363465.164,6591821.777,185.777,185.027,19,15,0.574747,45.830482,67.405584,18.869347,0.923932
pattern_8,8-H-093,363465.164,6591821.777,185.027,184.277,20,15.75,0.558446,47.07226,65.693353,20.202474,0.951949
pattern_8,8-H-093,363465.164,6591821.777,184.277,183.928,21,16.099,0.571664,47.15215,67.011082,20.781021,0.950277
pattern_8,8-H-094,363464.425,6591813.744,200.024,199.274,0,0.75,0.720457,41.43243,68.473004,18.061321,0.677404
pattern_8,8-H-094,363464.425,6591813.744,199.274,198.524,1,1.5,0.702352,42.655126,69.160731,18.666563,0.722484
pattern_8,8-H-094,363464.425,6591813.744,198.524,197.774,2,2.25,0.681289,42.461348,68.599976,17.983481,0.735302
pattern_8,8-H-094,363464.425,6591813.744,197.774,197.024,3,3,0.689134,41.676555,69.257764,17.69058,0.720346
pattern_8,8-H-094,363464.425,6591813.744,197.024,196.274,4,3.75,0.675543,40.623279,68.781126,18.552755,0.71147
pattern_8,8-H-094,363464.425,6591813.744,196.274,195.524,5,4.5,0.644596,43.555471,68.548679,17.465325,0.796343
pattern_8,8-H-094,363464.425,6591813.744,195.524,194.774,6,5.25,0.622608,41.748254,68.573768,17.979258,0.790625
pattern_8,8-H-094,363464.425,6591813.744,194.774,194.024,7,6,0.628142,44.845037,67.764553,18.328816,0.831784
pattern_8,8-H-094,363464.425,6591813.744,194.024,193.274,8,6.75,0.626132,41.871146,68.486748,19.717541,0.787708
pattern_8,8-H-094,363464.425,6591813.744,193.274,192.524,9,7.5,0.585303,45.379409,68.002283,19.940382,0.906464
pattern_8,8-H-094,363464.425,6591813.744,192.524,191.774,10,8.25,0.589365,45.486567,66.749006,19.247768,0.885685
pattern_8,8-H-094,363464.425,6591813.744,191.774,191.024,11,9,0.572535,47.166602,65.588281,19.126892,0.928825
pattern_8,8-H-094,363464.425,6591813.744,191.024,190.274,12,9.75,0.57262,45.648036,67.910062,20.25607,0.930736
pattern_8,8-H-094,363464.425,6591813.744,190.274,189.524,13,10.5,0.573731,45.076302,67.644455,18.654891,0.913562
pattern_8,8-H-094,363464.425,6591813.744,189.524,188.774,14,11.25,0.555954,45.116148,68.434088,18.955676,0.954558
pattern_8,8-H-094,363464.425,6591813.744,188.774,188.024,15,12,0.546903,44.402062,67.493473,19.949845,0.942021
pattern_8,8-H-094,363464.425,6591813.744,188.024,187.274,16,12.75,0.576899,44.366477,66.14035,19.46711,0.874551
pattern_8,8-H-094,363464.425,6591813.744,187.274,186.524,17,13.5,0.582023,44.915924,67.211248,19.612638,0.891766
pattern_8,8-H-094,363464.425,6591813.744,186.524,185.774,18,14.25,0.584692,43.645256,67.421141,19.215682,0.865299
pattern_8,8-H-094,363464.425,6591813.744,185.774,185.024,19,15,0.585633,45.027369,69.21131,19.013818,0.914774
pattern_8,8-H-094,363464.425,6591813.744,185.024,184.274,20,15.75,0.593561,44.68573,67.973118,18.427354,0.8797
pattern_8,8-H-094,363464.425,6591813.744,184.274,183.914,21,16.11,0.613748,43.053887,67.998514,19.315869,0.820263
pattern_8,8-H-095,363463.127,6591805.746,200.021,199.271,0,0.75,0.763243,37.781803,68.727464,16.086712,0.585315
pattern_8,8-H-095,363463.127,6591805.746,199.271,198.521,1,1.5,0.766526,38.384077,70.07339,16.71498,0.603709
pattern_8,8-H-095,363463.127,6591805.746,198.521,197.771,2,2.25,0.72713,38.591108,69.047849,17.058586,0.630438
pattern_8,8-H-095,363463.127,6591805.746,197.771,197.021,3,3,0.722671,39.994863,67.519112,16.66444,0.642758
pattern_8,8-H-095,363463.127,6591805.746,197.021,196.271,4,3.75,0.711967,41.800639,69.41785,17.369715,0.700956
pattern_8,8-H-095,363463.127,6591805.746,196.271,195.521,5,4.5,0.703465,39.292832,69.317411,17.501007,0.666022
pattern_8,8-H-095,363463.127,6591805.746,195.521,194.771,6,5.25,0.695042,40.20218,68.708781,17.044613,0.683527
pattern_8,8-H-095,363463.127,6591805.746,194.771,194.021,7,6,0.66696,38.365807,67.706187,17.998391,0.670007
pattern_8,8-H-095,363463.127,6591805.746,194.021,193.271,8,6.75,0.687102,40.430954,67.790649,18.355421,0.68622
pattern_8,8-H-095,363463.127,6591805.746,193.271,192.521,9,7.5,0.668467,42.72266,67.836246,17.583381,0.745544
pattern_8,8-H-095,363463.127,6591805.746,192.521,191.771,10,8.25,0.672179,41.242466,67.895978,18.198014,0.716527
pattern_8,8-H-095,363463.127,6591805.746,191.771,191.021,11,9,0.647419,41.208599,68.690434,19.83625,0.752106
pattern_8,8-H-095,363463.127,6591805.746,191.021,190.271,12,9.75,0.649364,43.18421,69.520025,19.14386,0.795071
pattern_8,8-H-095,363463.127,6591805.746,190.271,189.521,13,10.5,0.618007,42.243514,69.451628,18.47899,0.816267
pattern_8,8-H-095,363463.127,6591805.746,189.521,188.771,14,11.25,0.664275,42.24099,68.629206,18.256991,0.75053
pattern_8,8-H-095,363463.127,6591805.746,188.771,188.021,15,12,0.64481,40.312176,68.642551,17.384566,0.737955
pattern_8,8-H-095,363463.127,6591805.746,188.021,187.271,16,12.75,0.677448,41.481902,68.669559,18.28588,0.723219
pattern_8,8-H-095,363463.127,6591805.746,187.271,186.521,17,13.5,0.656652,40.951134,67.32415,18.383997,0.72216
pattern_8,8-H-095,363463.127,6591805.746,186.521,185.771,18,14.25,0.646377,40.421675,66.723852,18.667328,0.717747
pattern_8,8-H-095,363463.127,6591805.746,185.771,185.021,19,15,0.690768,40.880621,68.919409,17.013616,0.701448
pattern_8,8-H-095,363463.127,6591805.746,185.021,184.271,20,15.75,0.665104,41.939442,69.427268,18.883629,0.752966
pattern_8,8-H-095,363463.127,6591805.746,184.271,184.233,21,15.788,0.697834,41.245448,68.634428,17.307954,0.697693
pattern_8,8-H-096,363462.266,6591797.688,200.104,199.354,0,0.75,0.818868,35.951968,71.185952,16.927867,0.537964
pattern_8,8-H-096,363462.266,6591797.688,199.354,198.604,1,1.5,0.783972,37.061685,69.466191,15.066585,0.56493
pattern_8,8-H-096,363462.266,6591797.688,198.604,197.854,2,2.25,0.754359,37.074763,69.138422,17.170472,0.584735
pattern_8,8-H-096,363462.266,6591797.688,197.854,197.104,3,3,0.74653,35.882054,69.114383,16.350038,0.571606
pattern_8,8-H-096,363462.266,6591797.688,197.104,196.354,4,3.75,0.75651,38.335502,68.470086,16.642674,0.596963
pattern_8,8-H-096,363462.266,6591797.688,196.354,195.604,5,4.5,0.737068,37.973718,68.528103,16.961569,0.607445
pattern_8,8-H-096,363462.266,6591797.688,195.604,194.854,6,5.25,0.743788,40.036788,68.941986,16.202372,0.638296
pattern_8,8-H-096,363462.266,6591797.688,194.854,194.104,7,6,0.692356,39.418923,67.797305,17.528336,0.664003
pattern_8,8-H-096,363462.266,6591797.688,194.104,193.354,8,6.75,0.653806,41.654321,70.391697,17.815099,0.771153
pattern_8,8-H-096,363462.266,6591797.688,193.354,192.604,9,7.5,0.678196,41.191332,68.745382,18.146605,0.718152
pattern_8,8-H-096,363462.266,6591797.688,192.604,191.854,10,8.25,0.65944,40.68088,68.999549,17.443743,0.731994
pattern_8,8-H-096,363462.266,6591797.688,191.854,191.104,11,9,0.639935,42.217662,67.840757,17.687701,0.769575
pattern_8,8-H-096,363462.266,6591797.688,191.104,190.354,12,9.75,0.697799,39.856222,67.529672,17.247145,0.66347
pattern_8,8-H-096,363462.266,6591797.688,190.354,189.604,13,10.5,0.689711,41.660205,68.053205,17.666473,0.706985
pattern_8,8-H-096,363462.266,6591797.688,189.604,188.854,14,11.25,0.692493,39.019204,68.874879,17.250817,0.667538
pattern_8,8-H-096,363462.266,6591797.688,188.854,188.104,15,12,0.678227,38.987452,68.716538,18.546948,0.679579
pattern_8,8-H-096,363462.266,6591797.688,188.104,187.354,16,12.75,0.668827,41.146764,68.927234,17.239394,0.729204
pattern_8,8-H-096,363462.266,6591797.688,187.354,186.604,17,13.5,0.68436,40.636732,68.392394,16.291014,0.698332
pattern_8,8-H-096,363462.266,6591797.688,186.604,185.854,18,14.25,0.69286,40.234675,70.254613,17.315172,0.701651
pattern_8,8-H-096,363462.266,6591797.688,185.854,185.104,19,15,0.681952,40.973379,69.362665,17.075904,0.716671
pattern_8,8-H-096,363462.266,6591797.688,185.104,184.354,20,15.75,0.733522,39.407148,69.466188,17.521122,0.642044
pattern_8,8-H-096,363462.266,6591797.688,184.354,183.932,21,16.172,0.725087,39.313098,69.707022,17.018881,0.650121
pattern_8,8-H-097,363459.963,6591834.291,199.968,199.218,0,0.75,0.766507,36.539877,68.809002,15.882431,0.564379
pattern_8,8-H-097,363459.963,6591834.291,199.218,198.468,1,1.5,0.734621,39.24319,69.047822,17.244786,0.634562
pattern_8,8-H-097,363459.963,6591834.291,198.468,197.718,2,2.25,0.743889,39.906799,69.469221,16.910432,0.64108
pattern_8,8-H-097,363459.963,6591834.291,197.718,196.968,3,3,0.697293,41.380867,68.708632,17.252359,0.701266
pattern_8,8-H-097,363459.963,6591834.291,196.968,196.218,4,3.75,0.707308,38.931196,69.424827,17.647986,0.65737
pattern_8,8-H-097,363459.963,6591834.291,196.218,195.468,5,4.5,0.708298,39.824367,68.402467,18.643469,0.66173
pattern_8,8-H-097,363459.963,6591834.291,195.468,194.718,6,5.25,0.690006,41.836011,68.094578,17.923587,0.710118
pattern_8,8-H-097,363459.963,6591834.291,194.718,193.968,7,6,0.676482,42.642817,67.859399,17.455021,0.735598
pattern_8,8-H-097,363459.963,6591834.291,193.968,193.218,8,6.75,0.638238,41.9596,69.086801,18.220471,0.781022
pattern_8,8-H-097,363459.963,6591834.291,193.218,192.468,9,7.5,0.64976,41.783671,67.987961,19.468663,0.75204
pattern_8,8-H-097,363459.963,6591834.291,192.468,191.718,10,8.25,0.629282,43.438462,67.610303,18.409735,0.802493
pattern_8,8-H-097,363459.963,6591834.291,191.718,190.968,11,9,0.627942,41.707912,68.056179,18.813466,0.777379
pattern_8,8-H-097,363459.963,6591834.291,190.968,190.218,12,9.75,0.64261,41.503773,69.26751,19.834016,0.769518
pattern_8,8-H-097,363459.963,6591834.291,190.218,189.468,13,10.5,0.612746,42.443496,68.15979,19.64264,0.81194
pattern_8,8-H-097,363459.963,6591834.291,189.468,188.718,14,11.25,0.64411,42.596086,67.250575,18.108726,0.764793
pattern_8,8-H-097,363459.963,6591834.291,188.718,187.968,15,12,0.660608,42.423242,69.741771,18.478409,0.770208
pattern_8,8-H-097,363459.963,6591834.291,187.968,187.218,16,12.75,0.707552,43.356226,68.732352,17.50488,0.7243
pattern_8,8-H-097,363459.963,6591834.291,187.218,186.468,17,13.5,0.668653,40.696797,68.010853,18.456675,0.712024
pattern_8,8-H-097,363459.963,6591834.291,186.468,185.718,18,14.25,0.64943,41.839451,68.592556,18.227616,0.75995
pattern_8,8-H-097,363459.963,6591834.291,185.718,184.968,19,15,0.635238,41.07059,68.042868,18.584335,0.756592
pattern_8,8-H-097,363459.963,6591834.291,184.968,184.218,20,15.75,0.646363,40.878866,69.260258,16.979654,0.753155
pattern_8,8-H-097,363459.963,6591834.291,184.218,183.709,21,16.259,0.637153,41.164146,68.676311,19.30501,0.763144
pattern_8,8-H-098,363458.464,6591826.206,199.936,199.186,0,0.75,0.658933,41.361506,69.051663,17.601898,0.745357
pattern_8,8-H-098,363458.464,6591826.206,199.186,198.436,1,1.5,0.684933,41.874773,67.767389,17.657025,0.71256
pattern_8,8-H-098,363458.464,6591826.206,198.436,197.686,2,2.25,0.646724,42.097097,67.52597,17.696205,0.755837
pattern_8,8-H-098,363458.464,6591826.206,197.686,196.936,3,3,0.622043,42.010617,67.603003,18.155694,0.78508
pattern_8,8-H-098,363458.464,6591826.206,196.936,196.186,4,3.75,0.615267,43.98761,66.826376,18.368895,0.821454
pattern_8,8-H-098,363458.464,6591826.206,196.186,195.436,5,4.5,0.612195,43.204546,67.426705,18.130789,0.818144
pattern_8,8-H-098,363458.464,6591826.206,195.436,194.686,6,5.25,0.624053,45.899625,67.565993,18.87654,0.854418
pattern_8,8-H-098,363458.464,6591826.206,194.686,193.936,7,6,0.61499,45.217929,68.460392,19.194007,0.865448
pattern_8,8-H-098,363458.464,6591826.206,193.936,193.186,8,6.75,0.587853,44.775889,67.457962,19.174193,0.88337
pattern_8,8-H-098,363458.464,6591826.206,193.186,192.436,9,7.5,0.561331,44.773193,66.288183,19.479134,0.908981
pattern_8,8-H-098,363458.464,6591826.206,192.436,191.686,10,8.25,0.549945,45.877682,65.111898,19.344101,0.933736
pattern_8,8-H-098,363458.464,6591826.206,191.686,190.936,11,9,0.56472,46.55549,66.326091,19.70374,0.939975
pattern_8,8-H-098,363458.464,6591826.206,190.936,190.186,12,9.75,0.532736,47.718877,68.033839,21.254173,1.04752
pattern_8,8-H-098,363458.464,6591826.206,190.186,189.436,13,10.5,0.558639,45.18559,66.653779,18.81778,0.92673
pattern_8,8-H-098,363458.464,6591826.206,189.436,188.686,14,11.25,0.558924,45.447802,66.350046,20.187392,0.927553
pattern_8,8-H-098,363458.464,6591826.206,188.686,187.936,15,12,0.548266,45.83426,67.248653,20.217773,0.966439
pattern_8,8-H-098,363458.464,6591826.206,187.936,187.186,16,12.75,0.555278,46.222054,66.891725,19.488246,0.957136
pattern_8,8-H-098,363458.464,6591826.206,187.186,186.436,17,13.5,0.584796,46.101606,65.80006,19.412537,0.891815
pattern_8,8-H-098,363458.464,6591826.206,186.436,185.686,18,14.25,0.561443,44.86423,69.048327,20.268313,0.948559
pattern_8,8-H-098,363458.464,6591826.206,185.686,184.936,19,15,0.588585,43.925772,67.354561,20.123783,0.86436
pattern_8,8-H-098,363458.464,6591826.206,184.936,184.294,20,15.642,0.590574,44.959365,66.564382,20.386248,0.871386
pattern_8,8-H-100,363456.508,6591810.377,199.927,199.177,0,0.75,0.754669,38.704975,68.529962,16.964215,0.604728
pattern_8,8-H-100,363456.508,6591810.377,199.177,198.427,1,1.5,0.70633,41.383482,69.338813,17.245338,0.698694
pattern_8,8-H-100,363456.508,6591810.377,198.427,197.677,2,2.25,0.700923,38.808927,68.427726,17.60198,0.65179
pattern_8,8-H-100,363456.508,6591810.377,197.677,196.927,3,3,0.699549,39.586904,68.373695,17.371767,0.665562
pattern_8,8-H-100,363456.508,6591810.377,196.927,196.177,4,3.75,0.692663,41.158995,68.290483,18.129908,0.698011
pattern_8,8-H-100,363456.508,6591810.377,196.177,195.427,5,4.5,0.643607,41.973887,67.92481,17.547278,0.761712
pattern_8,8-H-100,363456.508,6591810.377,195.427,194.677,6,5.25,0.663511,41.634807,67.279535,17.81331,0.726064
pattern_8,8-H-100,363456.508,6591810.377,194.677,193.927,7,6,0.618107,42.736955,68.720431,18.614469,0.81699
pattern_8,8-H-100,363456.508,6591810.377,193.927,193.177,8,6.75,0.596807,43.283182,67.550683,20.804088,0.842571
pattern_8,8-H-100,363456.508,6591810.377,193.177,192.427,9,7.5,0.59928,44.36174,66.629074,19.392772,0.848081
pattern_8,8-H-100,363456.508,6591810.377,192.427,191.677,10,8.25,0.590595,45.98262,67.273832,19.145471,0.900452
pattern_8,8-H-100,363456.508,6591810.377,191.677,190.927,11,9,0.584367,45.195711,66.701065,19.189123,0.886899
pattern_8,8-H-100,363456.508,6591810.377,190.927,190.177,12,9.75,0.591677,46.039146,67.072706,19.05861,0.897218
pattern_8,8-H-100,363456.508,6591810.377,190.177,189.427,13,10.5,0.597348,43.896747,67.6635,19.657022,0.85499
pattern_8,8-H-100,363456.508,6591810.377,189.427,188.677,14,11.25,0.619119,45.215635,66.850782,19.087766,0.839479
pattern_8,8-H-100,363456.508,6591810.377,188.677,187.927,15,12,0.608824,43.871719,67.076259,18.907373,0.831096
pattern_8,8-H-100,363456.508,6591810.377,187.927,187.177,16,12.75,0.619098,41.621411,68.578087,19.081619,0.792869
pattern_8,8-H-100,363456.508,6591810.377,187.177,186.427,17,13.5,0.615398,42.134106,68.599073,17.837563,0.807514
pattern_8,8-H-100,363456.508,6591810.377,186.427,185.677,18,14.25,0.626733,44.861876,68.36493,17.451523,0.841224
pattern_8,8-H-100,363456.508,6591810.377,185.677,184.927,19,15,0.639323,43.422425,68.605105,17.651142,0.801127
pattern_8,8-H-100,363456.508,6591810.377,184.927,184.177,20,15.75,0.62978,43.556035,68.222234,18.480137,0.811291
pattern_8,8-H-100,363456.508,6591810.377,184.177,183.628,21,16.299,0.608689,43.844311,68.492542,18.974182,0.848262
pattern_8,8-H-101,363455.764,6591802.041,200.007,199.257,0,0.75,0.813727,35.661871,71.058309,15.20729,0.53583
pattern_8,8-H-101,363455.764,6591802.041,199.257,198.507,1,1.5,0.788817,34.430228,71.290581,15.54895,0.535448
pattern_8,8-H-101,363455.764,6591802.041,198.507,197.757,2,2.25,0.762226,36.320336,70.328354,15.404867,0.576495
pattern_8,8-H-101,363455.764,6591802.041,197.757,197.007,3,3,0.743898,37.413737,69.971683,16.932106,0.605487
pattern_8,8-H-101,363455.764,6591802.041,197.007,196.257,4,3.75,0.749582,35.551672,70.108695,16.914087,0.572219
pattern_8,8-H-101,363455.764,6591802.041,196.257,195.507,5,4.5,0.755427,36.751252,68.366585,16.260002,0.572285
pattern_8,8-H-101,363455.764,6591802.041,195.507,194.757,6,5.25,0.694649,38.969152,69.009466,16.324649,0.665805
pattern_8,8-H-101,363455.764,6591802.041,194.757,194.007,7,6,0.721827,39.672976,68.626665,16.983385,0.648821
pattern_8,8-H-101,363455.764,6591802.041,194.007,193.257,8,6.75,0.673193,37.862699,69.680488,18.010015,0.67419
pattern_8,8-H-101,363455.764,6591802.041,193.257,192.507,9,7.5,0.676983,38.854493,68.164613,18.057298,0.673019
pattern_8,8-H-101,363455.764,6591802.041,192.507,191.757,10,8.25,0.698844,40.822608,67.523078,16.954256,0.678391
pattern_8,8-H-101,363455.764,6591802.041,191.757,191.007,11,9,0.679951,40.805164,68.762626,17.474331,0.709705
pattern_8,8-H-101,363455.764,6591802.041,191.007,190.257,12,9.75,0.712021,39.520315,68.404794,16.709566,0.653061
pattern_8,8-H-101,363455.764,6591802.041,190.257,189.507,13,10.5,0.686816,39.89497,69.307929,16.647678,0.692338
pattern_8,8-H-101,363455.764,6591802.041,189.507,188.757,14,11.25,0.694882,40.5199,69.551968,18.065989,0.697626
pattern_8,8-H-101,363455.764,6591802.041,188.757,188.007,15,12,0.70884,40.339244,68.868168,16.273468,0.674001
pattern_8,8-H-101,363455.764,6591802.041,188.007,187.257,16,12.75,0.739047,37.25588,68.835503,17.375451,0.597118
pattern_8,8-H-101,363455.764,6591802.041,187.257,186.507,17,13.5,0.723372,38.164815,70.218561,17.003997,0.637309
pattern_8,8-H-101,363455.764,6591802.041,186.507,185.757,18,14.25,0.719022,38.274858,69.262175,16.264598,0.634176
pattern_8,8-H-101,363455.764,6591802.041,185.757,185.007,19,15,0.70787,40.611744,68.634045,15.718819,0.677098
pattern_8,8-H-101,363455.764,6591802.041,185.007,184.257,20,15.75,0.748079,39.222539,68.642472,16.559531,0.619129
pattern_8,8-H-101,363455.764,6591802.041,184.257,183.747,21,16.26,0.675004,39.188017,70.639091,18.174958,0.705408
pattern_8,8-H-102,363454.703,6591794.642,200.039,199.289,0,0.75,0.822392,35.249567,71.077291,15.316554,0.524248
pattern_8,8-H-102,363454.703,6591794.642,199.289,198.539,1,1.5,0.822565,36.87572,68.851431,15.69702,0.531169
pattern_8,8-H-102,363454.703,6591794.642,198.539,197.789,2,2.25,0.799315,35.852978,70.473527,15.473714,0.543906
pattern_8,8-H-102,363454.703,6591794.642,197.789,197.039,3,3,0.800395,35.655115,70.030651,16.427338,0.53692
pattern_8,8-H-102,363454.703,6591794.642,197.039,196.289,4,3.75,0.743698,35.915033,69.256747,16.255694,0.575468
pattern_8,8-H-102,363454.703,6591794.642,196.289,195.539,5,4.5,0.785462,38.492635,69.413562,16.271928,0.585266
pattern_8,8-H-102,363454.703,6591794.642,195.539,194.789,6,5.25,0.766461,36.556364,69.910806,15.635499,0.573647
pattern_8,8-H-102,363454.703,6591794.642,194.789,194.039,7,6,0.775762,37.545731,68.752118,17.393827,0.572678
pattern_8,8-H-102,363454.703,6591794.642,194.039,193.289,8,6.75,0.70795,37.419594,69.472185,16.453935,0.631642
pattern_8,8-H-102,363454.703,6591794.642,193.289,192.539,9,7.5,0.734917,38.584147,68.698868,16.472711,0.620455
pattern_8,8-H-102,363454.703,6591794.642,192.539,191.789,10,8.25,0.722782,37.863322,67.939453,17.049115,0.612339
pattern_8,8-H-102,363454.703,6591794.642,191.789,191.039,11,9,0.728165,39.023236,69.430793,17.056072,0.640089
pattern_8,8-H-102,363454.703,6591794.642,191.039,190.289,12,9.75,0.735353,38.383479,68.802207,16.786853,0.617837
pattern_8,8-H-102,363454.703,6591794.642,190.289,189.539,13,10.5,0.696709,40.906307,69.357493,17.18896,0.700351
pattern_8,8-H-102,363454.703,6591794.642,189.539,188.789,14,11.25,0.717501,39.091567,67.028317,17.336615,0.628296
pattern_8,8-H-102,363454.703,6591794.642,188.789,188.039,15,12,0.703734,37.742447,68.563487,17.511885,0.632651
pattern_8,8-H-102,363454.703,6591794.642,188.039,187.289,16,12.75,0.707336,39.340404,70.138772,17.658311,0.67104
pattern_8,8-H-102,363454.703,6591794.642,187.289,186.539,17,13.5,0.714385,39.031898,69.219019,17.195683,0.650574
pattern_8,8-H-102,363454.703,6591794.642,186.539,185.789,18,14.25,0.701309,39.231013,68.398225,17.429483,0.65819
pattern_8,8-H-102,363454.703,6591794.642,185.789,185.039,19,15,0.703802,37.533759,69.352174,16.862166,0.636238
pattern_8,8-H-102,363454.703,6591794.642,185.039,184.289,20,15.75,0.712681,38.27179,69.626031,17.026544,0.643193
pattern_8,8-H-102,363454.703,6591794.642,184.289,183.828,21,16.211,0.71951,39.101407,70.317711,17.125473,0.657331
pattern_8,8-H-ADD-001,363457.364,6591817.707,200.004,199.254,0,0.75,0.700198,41.476211,68.975304,19.309619,0.702928
pattern_8,8-H-ADD-001,363457.364,6591817.707,199.254,198.504,1,1.5,0.66169,41.96516,68.968767,18.192276,0.752232
pattern_8,8-H-ADD-001,363457.364,6591817.707,198.504,197.754,2,2.25,0.626109,42.531393,67.431075,17.748999,0.787585
pattern_8,8-H-ADD-001,363457.364,6591817.707,197.754,197.004,3,3,0.653095,42.857954,66.674551,18.83446,0.752532
pattern_8,8-H-ADD-001,363457.364,6591817.707,197.004,196.254,4,3.75,0.646224,42.141591,68.987081,18.816362,0.773691
pattern_8,8-H-ADD-001,363457.364,6591817.707,196.254,195.504,5,4.5,0.587648,45.365845,68.493142,18.779565,0.908945
pattern_8,8-H-ADD-001,363457.364,6591817.707,195.504,194.754,6,5.25,0.606128,43.109542,67.333746,19.560456,0.823539
pattern_8,8-H-ADD-001,363457.364,6591817.707,194.754,194.004,7,6,0.589582,44.335642,67.533114,18.337676,0.873017
pattern_8,8-H-ADD-001,363457.364,6591817.707,194.004,193.254,8,6.75,0.569955,47.004931,68.559948,18.578406,0.971787
pattern_8,8-H-ADD-001,363457.364,6591817.707,193.254,192.504,9,7.5,0.5669,45.989219,66.237491,19.915709,0.923804
pattern_8,8-H-ADD-001,363457.364,6591817.707,192.504,191.754,10,8.25,0.578343,43.726056,67.456633,19.731359,0.876911
pattern_8,8-H-ADD-001,363457.364,6591817.707,191.754,191.004,11,9,0.561824,45.926472,67.581414,20.106486,0.94972
pattern_8,8-H-ADD-001,363457.364,6591817.707,191.004,190.254,12,9.75,0.569072,46.699992,66.92993,20.337222,0.944267
pattern_8,8-H-ADD-001,363457.364,6591817.707,190.254,189.504,13,10.5,0.555022,46.994764,66.634056,19.135715,0.969762
pattern_8,8-H-ADD-001,363457.364,6591817.707,189.504,188.754,14,11.25,0.580021,45.58476,66.314552,19.678444,0.89605
pattern_8,8-H-ADD-001,363457.364,6591817.707,188.754,188.004,15,12,0.578408,44.104908,67.519013,19.303725,0.885152
pattern_8,8-H-ADD-001,363457.364,6591817.707,188.004,187.254,16,12.75,0.607974,44.61097,66.666218,19.23767,0.84112
pattern_8,8-H-ADD-001,363457.364,6591817.707,187.254,186.504,17,13.5,0.542909,44.25273,67.66997,19.950325,0.948217
pattern_8,8-H-ADD-001,363457.364,6591817.707,186.504,185.754,18,14.25,0.607548,43.328869,68.558257,18.54097,0.840638
pattern_8,8-H-ADD-001,363457.364,6591817.707,185.754,185.004,19,15,0.598629,45.000112,67.080995,19.192719,0.866985
pattern_8,8-H-ADD-001,363457.364,6591817.707,185.004,184.254,20,15.75,0.580124,46.205026,66.952668,19.864124,0.916787
pattern_8,8-H-ADD-001,363457.364,6591817.707,184.254,183.504,21,16.5,0.565298,43.718562,67.676233,20.402613,0.899932
pattern_8,8-H-ADD-001,363457.364,6591817.707,183.504,182.871,22,17.133,0.58336,45.812614,67.818984,19.757236,0.915645
